Date,spread,regime,z_score,signal
2016-07-06,-0.011072777167740355,1,-0.04219500813308365,0
2016-07-07,0.28021143871390575,0,1.0730814460370115,0
2016-07-08,-0.024922418325399542,1,-0.09522286834545575,0
2016-07-11,0.09671300749039938,1,0.37049796034659305,0
2016-07-12,0.31839692379721357,0,1.21928700776158,0
2016-07-13,-0.1579570012168782,1,-0.604589081135686,0
2016-07-14,0.1219102003358033,1,0.46697361662822434,0
2016-07-15,0.031072596929280254,1,0.1191722779051539,0
2016-07-18,0.15835520180656965,1,0.6065151701913446,0
2016-07-19,-0.18122713287094633,1,-0.6936863562512227,0
2016-07-20,0.22477259358296253,1,0.8608157781779406,0
2016-07-21,-0.09547139343630132,1,-0.36534258825156474,0
2016-07-22,-0.14909906186534325,1,-0.5706735764409596,0
2016-07-25,0.128333773974616,1,0.49156835963313344,0
2016-07-26,0.24547330040266613,1,0.9400751737851314,0
2016-07-27,0.17563191387797228,1,0.6726646871515792,0
2016-07-28,-0.11933446932171446,1,-0.45671014340219873,0
2016-07-29,-0.09012072626970236,1,-0.34485581698266243,0
2016-08-01,-0.052425631470623596,1,-0.20052787411807577,0
2016-08-02,0.047239437713534005,1,0.1810722913007342,0
2016-08-03,0.18598643207907412,1,0.7123103312144103,0
2016-08-04,0.13841009777956834,1,0.5301488458783034,0
2016-08-05,0.19740098307186088,1,0.7560146559360476,0
2016-08-08,0.03543444144277573,1,0.13587301971475854,0
2016-08-09,0.003510697688889095,1,0.013642573310701228,0
2016-08-10,-0.14797939119777456,1,-0.5663865527579749,0
2016-08-11,0.12561195364781144,1,0.4811469843664417,0
2016-08-12,0.07225876366000653,1,0.2768669262515185,0
2016-08-15,0.24561390995558358,1,0.9406135432368559,0
2016-08-16,0.19721827401017272,1,0.755315094808619,0
2016-08-17,-0.13936986911018578,1,-0.533422194435701,0
2016-08-18,0.09143783144744044,1,0.3503002314222604,0
2016-08-19,0.23393926100303264,1,0.895913348795932,0
2016-08-22,-0.10973328153607012,1,-0.41994887009741555,0
2016-08-23,0.10341439665259652,1,0.39615641053143213,0
2016-08-24,-0.08670475438764116,1,-0.33177665649111726,0
2016-08-25,-0.022866275841121088,1,-0.08735025742421614,0
2016-08-26,0.31392991879822607,0,1.2021836247960742,0
2016-08-29,-0.1994981024919424,1,-0.7636427119414109,0
2016-08-30,0.053812262564265814,1,0.2062384911623284,0
2016-08-31,-0.1006567288526736,1,-0.38519633308751583,0
2016-09-01,0.13401098294537894,1,0.5133054025117898,0
2016-09-02,-0.16852560753913398,1,-0.6450544312712193,0
2016-09-06,0.005296752591749762,1,0.0204810659938232,0
2016-09-07,-0.009000578770827836,1,-0.03426092192298643,0
2016-09-08,0.12864928989959473,1,0.4927764150747213,0
2016-09-09,0.4154566699975113,0,1.5909118459193081,0
2016-09-12,-0.12216326448827852,1,-0.4675411066708056,0
2016-09-13,0.24782313079083707,1,0.9490722644626615,0
2016-09-14,0.03376039897170574,1,0.12946340309473653,0
2016-09-15,0.11213924875503456,1,0.4295623473636542,0
2016-09-16,0.016010342289441898,1,0.06150153218458405,0
2016-09-19,-0.2507910602241213,1,-0.9600345001139797,0
2016-09-20,0.0034991809331203078,1,0.01359847766171977,0
2016-09-21,-0.11774693742471687,1,-0.45063176068033917,0
2016-09-22,-0.18744062734494216,1,-0.7174767427779654,0
2016-09-23,-0.04210008391407871,1,-0.16099315359993016,0
2016-09-26,-0.07409666616695304,1,-0.28350248591145827,0
2016-09-27,0.24824114661833233,1,0.9506727741520203,0
2016-09-28,0.02620992706804215,1,0.1005539631975524,0
2016-09-29,0.3165924292567399,0,1.2123779129224472,0
2016-09-30,0.17331303864412773,1,0.6637861183604855,0
2016-10-03,0.27812009368039753,0,1.0650740506951197,0
2016-10-04,0.289212725953614,0,1.1075458047915117,0
2016-10-05,0.2686530445472586,1,1.0288263708930965,-1
2016-10-06,-0.03581195289620044,1,-0.13691699676544594,0
2016-10-07,0.07608720812446501,1,0.29152537231384573,0
2016-10-10,-0.0023894519462799163,1,-0.00894807048462878,0
2016-10-11,0.0009535814376854246,1,0.0038518212203032722,0
2016-10-12,-0.33376088407248605,0,-1.2777114832784915,0
2016-10-13,-0.16776349631047552,1,-0.6421364403110541,0
2016-10-14,0.054971186084567664,1,0.21067580717158907,0
2016-10-17,-0.07928073279048307,1,-0.30335137276093077,0
2016-10-18,0.08689270605819295,1,0.3328977391089177,0
2016-10-19,0.07316266897817193,1,0.28032782204739165,0
2016-10-20,0.13814447272044977,1,0.5291318138596758,0
2016-10-21,0.07652058024351209,1,0.2931846785649726,0
2016-10-24,0.11300835068003445,1,0.43288998703782083,0
2016-10-25,0.06241160647798094,1,0.23916387903220956,0
2016-10-26,-0.03377482622462673,1,-0.12911719407414188,0
2016-10-27,0.28772256830897036,0,1.1018402510970131,0
2016-10-28,-0.20583758689202797,1,-0.7879154919188431,0
2016-10-31,-0.37250634747768446,0,-1.42606110432107,0
2016-11-01,0.29000242158885725,0,1.110569411632967,0
2016-11-02,0.009224986003450897,1,0.035521586529047265,0
2016-11-03,-0.13021784925603397,1,-0.49838070679264923,0
2016-11-04,-0.084990570555549,1,-0.3252133456015624,0
2016-11-07,-0.0528951726026089,1,-0.20232566521081508,0
2016-11-08,-0.141063964146858,1,-0.5399085888316633,0
2016-11-09,0.1439841766366869,1,0.5514910215407073,0
2016-11-10,-0.25047174715090137,1,-0.9588119060541095,0
2016-11-11,0.17021754670923894,1,0.6519340196856379,0
2016-11-14,-0.2919741109501853,0,-1.1177172178220143,0
2016-11-15,0.23910798451586554,1,0.91570348955083,0
2016-11-16,0.20067004724974424,1,0.7685313324532731,0
2016-11-17,0.13953914970173725,1,0.5344717887487888,0
2016-11-18,0.031399141792957413,1,0.12042256122925028,0
2016-11-21,0.08851186436879915,1,0.33909721385191804,0
2016-11-22,-0.15571582348904714,1,-0.5960080025424126,0
2016-11-23,0.13424010250436685,1,0.5141826613380384,0
2016-11-25,-0.17772265804420864,1,-0.6802683334219992,0
2016-11-28,-0.1288050578743188,1,-0.4929713750239771,0
2016-11-29,-0.17401676471024444,1,-0.6660791142618524,0
2016-11-30,0.30881741821761105,0,1.1826087518417236,0
2016-12-01,-0.453615396130871,0,-1.7366135038365682,0
2016-12-02,-0.029324416380131006,1,-0.11207735106050735,0
2016-12-05,0.0928348447248335,1,0.3556491515816436,0
2016-12-06,0.0010672731022615956,1,0.00428712677283183,0
2016-12-07,-0.14743219989248746,1,-0.564291452696112,0
2016-12-08,-0.00934331184614498,1,-0.03557318708575731,0
2016-12-09,-0.14568247143840665,1,-0.5575920476489787,0
2016-12-12,-0.2153359041266934,1,-0.8242828918275447,0
2016-12-13,0.07580346499388413,1,0.2904389693599076,0
2016-12-14,0.28772445765899674,0,1.1018474850887066,0
2016-12-15,0.07239294365290061,1,0.27738067803941585,0
2016-12-16,-0.2683244665805985,1,-1.0271668547168145,1
2016-12-19,-0.09326852078970982,1,-0.3569081731328372,0
2016-12-20,-0.011089859541428798,1,-0.042260413562273794,0
2016-12-21,0.12490744726807028,1,0.4784495523248195,0
2016-12-22,-0.02231108975439905,1,-0.08522454673876137,0
2016-12-23,0.05523046283266779,1,0.2116685326146572,0
2016-12-27,0.05786152455191222,1,0.22174240900394254,0
2016-12-28,0.027043001425100077,1,0.10374365959832514,0
2016-12-29,-0.18525751715751101,1,-0.7091179946682151,0
2016-12-30,-0.19019247764372607,1,-0.7280130975692654,0
2017-01-03,0.13342988402891934,1,0.5110804761212212,0
2017-01-04,-0.1280758163080824,1,-0.4901792362678007,0
2017-01-05,0.011024251675419011,1,0.042410660942739216,0
2017-01-06,0.05854679399386695,1,0.22436618616626197,0
2017-01-09,0.33743977208657017,0,1.292198752234827,0
2017-01-10,0.09448110766092768,1,0.3619524052078023,0
2017-01-11,-0.01527036695044795,1,-0.058266847229304745,0
2017-01-12,-0.07388365506829787,1,-0.2826869035700397,0
2017-01-13,0.08121530294194104,1,0.31115995288104864,0
2017-01-17,-0.20208949700694964,1,-0.7735647095247864,0
2017-01-18,0.019004320211689296,1,0.07296495141202468,0
2017-01-19,0.13609899540483592,1,0.5213000380089372,0
2017-01-20,0.017027514740458938,1,0.06539610807506323,0
2017-01-23,-0.02964287615092201,1,-0.11329667797421807,0
2017-01-24,0.12385496715014788,1,0.4744197895364439,0
2017-01-25,0.12219041067783315,1,0.46804649315102165,0
2017-01-26,-0.10725344533461356,1,-0.41045400983761055,0
2017-01-27,0.20811828473714333,1,0.7970493346032367,0
2017-01-30,-0.03741345111601846,1,-0.1430488541012519,0
2017-01-31,-0.17296992878416442,1,-0.6620709620995301,0
2017-02-01,0.3237383874394305,0,1.239738540340986,0
2017-02-02,-0.13844506159577824,1,-0.5298812677763678,0
2017-02-03,-0.06376414348674514,1,-0.24394105886147144,0
2017-02-06,0.0995233290336566,1,0.3812581913338954,0
2017-02-07,0.0220081580015519,1,0.08446612235271618,0
2017-02-08,-0.03736257544055671,1,-0.14285406001410664,0
2017-02-09,0.006449214919543089,1,0.024893643223988675,0
2017-02-10,-0.11513439410170853,1,-0.44062878800009486,0
2017-02-13,-0.060081779848337485,1,-0.2298419308013473,0
2017-02-14,0.07171846713729353,1,0.27479822510948126,0
2017-02-15,0.0729303729881991,1,0.27943840122096386,0
2017-02-16,-0.22042321786106142,1,-0.8437613287409342,0
2017-02-17,0.022660176586807912,1,0.08696258778465292,0
2017-02-21,-0.07610841391775247,1,-0.29120511714193964,0
2017-02-22,-0.05733640114362114,1,-0.21933035461489775,0
2017-02-23,-0.2747311964552989,0,-1.05169710588698,0
2017-02-24,-0.16104627161484972,1,-0.6164173586308944,0
2017-02-27,0.009655319398590878,1,0.03716925803637571,0
2017-02-28,-0.08341116695112097,1,-0.31916608469414104,0
2017-03-01,-0.007322214731935284,1,-0.027834758773578955,0
2017-03-02,-0.02754183121675191,1,-0.10525214340463682,0
2017-03-03,0.05819108118578786,1,0.22300422387078858,0
2017-03-06,0.06810692914056363,1,0.26097027607728895,0
2017-03-07,0.04243353902653321,1,0.16267134351674312,0
2017-03-08,0.13777802303025297,1,0.5277287419153982,0
2017-03-09,0.1150297852686891,1,0.4406297074807835,0
2017-03-10,-0.0008129316075547732,1,-0.0029118490986583686,0
2017-03-13,0.01563350039339806,1,0.060058670296821215,0
2017-03-14,-0.04083168918474994,1,-0.1561366914262688,0
2017-03-15,-0.19399223472175942,1,-0.7425617046328854,0
2017-03-16,0.14096507217716836,1,0.5399313971848545,0
2017-03-17,-0.05801568055822622,1,-0.2219311970073304,0
2017-03-20,0.16912844926117232,1,0.6477640555272677,0
2017-03-21,-0.17727223121174396,1,-0.6785437276480345,0
2017-03-22,0.07750821994829525,1,0.2969661787214923,0
2017-03-23,-0.06880945907243216,1,-0.2632586921892603,0
2017-03-24,0.10200841261648239,1,0.3907731429016672,0
2017-03-27,0.19075169776477813,1,0.7305557023240135,0
2017-03-28,-0.03259754828698641,1,-0.12460960220243653,0
2017-03-29,0.15225571612371663,1,0.583161303439438,0
2017-03-30,-0.03604163353969346,1,-0.13779640388639505,0
2017-03-31,-0.058263970463950515,1,-0.2228818557473664,0
2017-04-03,0.009293846217084734,1,0.035785240275826816,0
2017-04-04,-0.014975043769595409,1,-0.057136106282774074,0
2017-04-05,-0.13590971580575154,1,-0.5201738709844147,0
2017-04-06,-0.023359438267024385,1,-0.08923849033112666,0
2017-04-07,0.03178033542415357,1,0.12188208515184215,0
2017-04-10,-0.1142099850088352,1,-0.4370893868273198,0
2017-04-11,-0.1632786933677035,1,-0.6249649121232765,0
2017-04-12,-0.04672035946501346,1,-0.1786833827739991,0
2017-04-13,0.015398569743305113,1,0.05915916181635485,0
2017-04-17,-0.17157529725135262,1,-0.656731161224703,0
2017-04-18,0.014579899094069905,1,0.05602461470040965,0
2017-04-19,0.07874221712837412,1,0.30169093867900904,0
2017-04-20,0.07913262853865649,1,0.3031857558698732,0
2017-04-21,-0.06412921095754147,1,-0.24533883852876384,0
2017-04-24,0.09244003657996169,1,0.35413750006095496,0
2017-04-25,0.046931445324439075,1,0.17989304216572188,0
2017-04-26,-0.0323075699902273,1,-0.12349932588479631,0
2017-04-27,0.11563581046612828,1,0.4429500722533544,0
2017-04-28,0.09058220222275282,1,0.3470241763675586,0
2017-05-01,0.13579415818494742,1,0.520132869466463,0
2017-05-02,-0.1548840725531173,1,-0.5928233732902962,0
2017-05-03,0.028545413145667956,1,0.10949613201207022,0
2017-05-04,-0.10759044206509803,1,-0.4117443115366025,0
2017-05-05,-0.0016503440348379361,1,-0.006118155213637896,0
2017-05-08,0.05385915883813938,1,0.2064180488149159,0
2017-05-09,0.22948716564260438,1,0.8788670522357949,0
2017-05-10,0.10746796221660068,1,0.41167680601625123,0
2017-05-11,0.05285719343813092,1,0.2025816980701965,0
2017-05-12,0.0795603899129958,1,0.30482357955819106,0
2017-05-15,0.02813201353149891,1,0.10791329699833549,0
2017-05-16,0.2562614935118217,1,0.9813812834253804,0
2017-05-17,-0.4766592315390731,0,-1.824844330099332,0
2017-05-18,-0.02376966416820918,1,-0.09080917375143256,0
2017-05-19,0.02672810810906645,1,0.10253798801778696,0
2017-05-22,0.04437856640738044,1,0.17011851408865095,0
2017-05-23,0.002560169622406072,1,0.010003167143883456,0
2017-05-24,0.012002805561833266,1,0.046157373085555405,0
2017-05-25,-0.07863012174976466,1,-0.3008602965715118,0
2017-05-26,0.07168362994309438,1,0.27466483956951276,0
2017-05-30,0.030928699607366647,1,0.11862132015942561,0
2017-05-31,-0.08173331478419502,1,-0.3127418814132083,0
2017-06-01,-0.0492364282256062,1,-0.18831697118272422,0
2017-06-02,0.004867856164304116,1,0.018838896385147394,0
2017-06-05,0.08544113511521254,1,0.32733992716444443,0
2017-06-06,0.2735580620306328,1,1.0476068272592,-1
2017-06-07,-0.10350593268628377,1,-0.39610543758237704,0
2017-06-08,0.15513532963110693,1,0.5941868412708716,0
2017-06-09,-0.6524265793297914,0,-2.497826845851453,0
2017-06-12,-0.1522728216744367,1,-0.5828253491539429,0
2017-06-13,0.018888021756383044,1,0.07251966491249077,0
2017-06-14,-0.2690623382665832,1,-1.0299920366961632,1
2017-06-15,-0.23626321180158688,1,-0.9044099025834764,0
2017-06-16,-0.038911904899491756,1,-0.1487861722642412,0
2017-06-19,0.18114216225860852,1,0.6937624670534244,0
2017-06-20,-0.08464050337599666,1,-0.32387299943295605,0
2017-06-21,0.35770067889584384,0,1.3697742303159972,0
2017-06-22,0.1535573250945481,1,0.5881449371502833,0
2017-06-23,0.14088962706630165,1,0.5396425310151679,0
2017-06-26,-0.26139356581053674,1,-1.0006296446189626,1
2017-06-27,-0.19580706772979095,1,-0.749510383660968,0
2017-06-28,0.1531990683468502,1,0.5867732345537465,0
2017-06-29,-0.0797753643145862,1,-0.305245230588595,0
2017-06-30,-0.11766862174538156,1,-0.450331903604697,0
2017-07-03,-0.2793171933361816,0,-1.0692560880126167,0
2017-07-05,0.28595700835783594,0,1.0950802300091351,0
2017-07-06,0.11117536887027268,1,0.4258718194135922,0
2017-07-07,0.04284136110513498,1,0.1642328231196752,0
2017-07-10,0.28748019386979146,0,1.10091224164655,0
2017-07-11,0.2228784732389991,1,0.8535635217705927,0
2017-07-12,0.013493194310480794,1,0.05186381163697352,0
2017-07-13,0.02110660366614302,1,0.08101422805973796,0
2017-07-14,0.041794762685277737,1,0.16022558032725184,0
2017-07-17,-0.1037687877954892,1,-0.3971118639459471,0
2017-07-18,0.13650960841975426,1,0.522872203620205,0
2017-07-19,0.07002129897347253,1,0.2683000642457092,0
2017-07-20,0.03681085139790963,1,0.1411430533470302,0
2017-07-21,-0.19320047383005723,1,-0.7395301902846897,0
2017-07-24,0.1607275059126338,1,0.6155983088146176,0
2017-07-25,-0.007464498848495399,1,-0.028379539837398653,0
2017-07-26,0.047310637683678214,1,0.18134490356707036,0
2017-07-27,-0.18872486258746538,1,-0.722393855513602,0
2017-07-28,-0.1162297382155375,1,-0.4448226695520689,0
2017-07-31,-0.16615544296185936,1,-0.6359794845304853,0
2017-08-01,-0.022598371530865403,1,-0.08632449855055217,0
2017-08-02,-0.19001323045874519,1,-0.727326791363897,0
2017-08-03,-0.05961561237632022,1,-0.22805705686416114,0
2017-08-04,-0.00618907611567468,1,-0.023496168664254857,0
2017-08-07,0.16467796787921352,1,0.6307239386091652,0
2017-08-08,-0.013034149353935431,1,-0.04970476011365887,0
2017-08-09,-0.10744571121952498,1,-0.411190162374173,0
2017-08-10,-0.213796800649941,1,-0.8183899330794787,0
2017-08-11,0.22417458993894976,1,0.8585261265342472,0
2017-08-14,-0.05471091061285083,1,-0.2092778093345025,0
2017-08-15,0.024292439911311567,1,0.09321223933997097,0
2017-08-16,-0.014313895678149863,1,-0.054604685564089074,0
2017-08-17,-0.13404699970142586,1,-0.5130418559328269,0
2017-08-18,0.13458479936324164,1,0.5155024454855104,0
2017-08-21,-0.18064058291289178,1,-0.6914405587732072,0
2017-08-22,0.15395832935257986,1,0.589680312507479,0
2017-08-23,-0.0031620312228121394,1,-0.011906141774170452,0
2017-08-24,0.05370561367952409,1,0.20583015118532025,0
2017-08-25,-0.15452524150634173,1,-0.5914494718027654,0
2017-08-28,0.10517597961167835,1,0.40290120441044386,0
2017-08-29,0.07801855211343554,1,0.29892015156503926,0
2017-08-30,0.19604519043218893,1,0.7508235624084202,0
2017-08-31,0.031516856746210825,1,0.12087327125234541,0
2017-09-01,0.07531755632201911,1,0.28857850981194394,0
2017-09-05,-0.0013816689667674464,1,-0.005089445242743638,0
2017-09-06,0.05620340875036916,1,0.21539377282346464,0
2017-09-07,0.006653994205366678,1,0.025677707389942704,0
2017-09-08,-0.4659928700638737,0,-1.78400469253452,0
2017-09-11,0.05594077285189314,1,0.21438818577954075,0
2017-09-12,0.14782181158043545,1,0.5661846563451493,0
2017-09-13,0.18506173624395067,1,0.7087698321555758,0
2017-09-14,-0.11663479689064561,1,-0.44637356856504173,0
2017-09-15,0.034641547070018874,1,0.13283716546531651,0
2017-09-18,0.09871398308909304,1,0.3781593468856382,0
2017-09-19,0.12291959751711548,1,0.47083842236723683,0
2017-09-20,-0.13008048733803756,1,-0.4978547719685554,0
2017-09-21,-0.03655893531778483,1,-0.13977706216222846,0
2017-09-22,0.13018507275400834,1,0.49865665973906514,0
2017-09-25,-0.37391918052409223,0,-1.4314705956165827,0
2017-09-26,-0.015508821043084771,1,-0.05917984635668073,0
2017-09-27,0.34287218504181577,0,1.3129985138696139,0
2017-09-28,-0.07661844303928782,1,-0.2931579296843829,0
2017-09-29,0.0532970171967915,1,0.20426570652404988,0
2017-10-02,-0.020728897623402243,1,-0.07916660904950833,0
2017-10-03,0.007955963319449158,1,0.03066272002647665,0
2017-10-04,-0.06030238180829628,1,-0.23068657722663036,0
2017-10-05,0.029865191012614062,1,0.11454933125695443,0
2017-10-06,0.06685661563609313,1,0.25618304375971834,0
2017-10-09,-0.0024894816786180107,1,-0.009331066881656153,0
2017-10-10,-0.05399474792546848,1,-0.2065357473241214,0
2017-10-11,-0.018298698332534717,1,-0.06986179986222757,0
2017-10-12,-0.16241047370993172,1,-0.6216406504964334,0
2017-10-13,0.051259127814140444,1,0.19646298354506964,0
2017-10-16,-0.012543581859484622,1,-0.047826462746648396,0
2017-10-17,-0.015903392832325728,1,-0.060690592912886185,0
2017-10-18,0.0057473130180050735,1,0.022206183275109617,0
2017-10-19,-0.1920476571411442,1,-0.7351162562676077,0
2017-10-20,-0.014208559939120902,1,-0.05420137339296429,0
2017-10-23,-0.022805841552162483,1,-0.08711886507329167,0
2017-10-24,0.12006563782785001,1,0.45991110853063105,0
2017-10-25,-0.04519421566843884,1,-0.17284004438078862,0
2017-10-26,0.049957435556829605,1,0.19147903094482244,0
2017-10-27,0.20195784400580616,1,0.7734620816030178,0
2017-10-30,0.06019710884756735,1,0.23068495387816254,0
2017-10-31,0.06650570959396057,1,0.2548394857326144,0
2017-11-01,0.01066287077176465,1,0.04102699649798886,0
2017-11-02,-0.2434179211536442,1,-0.9318040367030619,0
2017-11-03,0.14077720849164657,1,0.5392120999018833,0
2017-11-06,0.08308134566169452,1,0.31830470496285107,0
2017-11-07,-0.13786270003576356,1,-0.5276515069438686,0
2017-11-08,0.03765543318660594,1,0.1443768096963155,0
2017-11-09,-0.09482489977829167,1,-0.3628672768023463,0
2017-11-10,0.18684598764945134,1,0.7156014195618887,0
2017-11-13,-0.13443350109008131,1,-0.5145217023329031,0
2017-11-14,-0.22152882914754857,1,-0.8479945215061229,0
2017-11-15,0.08949196364418588,1,0.342849843019549,0
2017-11-16,0.15005439343328347,1,0.5747328228324833,0
2017-11-17,0.08560290382623817,1,0.3279593113417925,0
2017-11-20,0.007563136473236615,1,0.029158654552758165,0
2017-11-21,0.034597716294690356,1,0.13266934507194586,0
2017-11-22,0.05764528359203186,1,0.2209144600872745,0
2017-11-24,0.07380849546160956,1,0.2828005790015485,0
2017-11-27,-0.19548495516410302,1,-0.7482770708327506,0
2017-11-28,-0.21949255877374624,1,-0.8401979974296221,0
2017-11-29,-0.7470994125612522,0,-2.860312610598562,0
2017-11-30,-0.04922685278075667,1,-0.1882803084746315,0
2017-12-01,0.0006100699661351905,1,0.0025365757141308366,0
2017-12-04,-0.4270205560277247,0,-1.634786499995381,0
2017-12-05,0.26501869604076544,1,1.0149110843978373,-1
2017-12-06,0.025512889828999158,1,0.09788512919282813,0
2017-12-07,0.11732467094293025,1,0.4494164244326329,0
2017-12-08,-0.05718623444191334,1,-0.21875539250749973,0
2017-12-11,0.12302002110753403,1,0.47122292677815397,0
2017-12-12,0.01699378358146819,1,0.06526695735098302,0
2017-12-13,0.06919091783841068,1,0.2651206797221831,0
2017-12-14,0.12712720658269905,1,0.4869486235499357,0
2017-12-15,-0.033635451044948195,1,-0.12858355082223855,0
2017-12-18,0.1774627308083614,1,0.6796745658303079,0
2017-12-19,0.3100010418801487,0,1.1871406403871818,0
2017-12-20,0.15729488194545727,1,0.6024553903937738,0
2017-12-21,0.01818599775211707,1,0.06983173745356462,0
2017-12-22,-0.11575765391870277,1,-0.44301514112472307,0
2017-12-26,-0.050358580001876437,1,-0.1926134945981497,0
2017-12-27,-0.05499452680451593,1,-0.21036372626147393,0
2017-12-28,-0.12292786561579871,1,-0.4704686310194015,0
2017-12-29,-0.08759815612741198,1,-0.33519733591744716,0
2018-01-02,0.5510319090363746,0,2.110005787933534,0
2018-01-03,0.18719936744891366,1,0.7169544491743131,0
2018-01-04,0.1645957922745411,1,0.6304093025526905,0
2018-01-05,0.10326952325564051,1,0.39560171556462237,0
2018-01-08,0.03555188890394648,1,0.13632270555732756,0
2018-01-09,0.026199333023896196,1,0.10051340045042702,0
2018-01-10,0.21313063258787157,1,0.8162407402244003,0
2018-01-11,0.1567724741206935,1,0.600455181955875,0
2018-01-12,0.16702315186288336,1,0.6397032390143287,0
2018-01-16,-0.044851403580450255,1,-0.1715274766922809,0
2018-01-17,0.10832072864745856,1,0.41494189993273345,0
2018-01-18,0.1520154420902392,1,0.5822413360760339,0
2018-01-19,-0.11095710275298779,1,-0.42463466806697203,0
2018-01-22,0.031725065662825555,1,0.12167046687637136,0
2018-01-23,-0.06818948970284783,1,-0.2608849376138149,0
2018-01-24,-0.21225998854692274,1,-0.8125057476017585,0
2018-01-25,-0.269140250303865,1,-1.0302903482967893,1
2018-01-26,0.16966034405088837,1,0.6498005878991662,0
2018-01-29,0.2200600642644181,1,0.8427723254194349,0
2018-01-30,-0.09056793564106103,1,-0.3465681036592711,0
2018-01-31,-0.10886900146759222,1,-0.4166396924707996,0
2018-02-01,0.22996723335901853,1,0.8807051477841696,0
2018-02-02,-0.1539252415096789,1,-0.589152176472997,0
2018-02-05,0.26993557591873585,1,1.033736959803703,-1
2018-02-06,0.45926155604612623,0,1.7586331137530407,0
2018-02-07,-0.20085976817521423,1,-0.7688562923285526,0
2018-02-08,0.13723145568626105,1,0.5256360308924977,0
2018-02-09,-0.31415359486504746,0,-1.2026385929848242,0
2018-02-12,0.09757992723740633,1,0.37381724484186,0
2018-02-13,-0.1375630232246046,1,-0.5265040967062944,0
2018-02-14,0.24994110746406034,1,0.9571816277076894,0
2018-02-15,-0.18896438223395862,1,-0.7233109344608306,0
2018-02-16,-0.2060547177153025,1,-0.7887468479672294,0
2018-02-20,0.45217648392410426,0,1.7315056084405018,0
2018-02-21,0.0871755472177857,1,0.3339806885732722,0
2018-02-22,-0.10003976621139357,1,-0.38283409075028674,0
2018-02-23,-0.07389570190283368,1,-0.2827330287981589,0
2018-02-26,0.08633527190867923,1,0.33076342098316114,0
2018-02-27,0.30649092484558027,0,1.1737010145283397,0
2018-02-28,0.12918725119509372,1,0.49483617503908767,0
2018-03-01,-0.0015822059778562436,1,-0.005857266478714273,0
2018-03-02,0.23280206477121873,1,0.8915592227844206,0
2018-03-05,-0.2010620365187778,1,-0.7696307425345744,0
2018-03-06,0.12591349152209722,1,0.48230152029010487,0
2018-03-07,0.06977996452471125,1,0.2673760367371505,0
2018-03-08,-0.06774427480150774,1,-0.25918028741501387,0
2018-03-09,-0.05578599372544013,1,-0.21339411504683786,0
2018-03-12,0.1453828627944892,1,0.5568463468673785,0
2018-03-13,-0.15105184122415485,1,-0.5781504279843226,0
2018-03-14,0.0760906849230133,1,0.2915386843690323,0
2018-03-15,-0.08520390116740445,1,-0.3260301513032924,0
2018-03-16,-0.14279736247353234,1,-0.5465454686694065,0
2018-03-19,-0.14263588464064142,1,-0.5459271982136986,0
2018-03-20,0.08760537435837917,1,0.3356264217202476,0
2018-03-21,0.14410786267166897,1,0.5519645937942111,0
2018-03-22,-0.013418090969790297,1,-0.05117480559018046,0
2018-03-23,0.00016199489651369525,1,0.0008209744298768084,0
2018-03-26,0.04565156128388126,1,0.1749925894234346,0
2018-03-27,-0.5103773357682064,0,-1.9539450697744438,0
2018-03-28,-0.5517459647631301,0,-2.1123383343036934,0
2018-03-29,0.17363804871299277,1,0.6650305252229591,0
2018-04-02,-0.06733631912823945,1,-0.2576182963014064,0
2018-04-03,-0.08889824846711114,1,-0.3401751627122314,0
2018-04-04,-0.06014411021838334,1,-0.23008058291602312,0
2018-04-05,-0.07733833682596913,1,-0.2959142774231675,0
2018-04-06,-0.028601647277696762,1,-0.1093099942392435,0
2018-04-09,0.08046692424287138,1,0.30829454138132645,0
2018-04-10,0.3887235906304733,0,1.4885555480496282,0
2018-04-11,0.13670680430055246,1,0.5236272322510832,0
2018-04-12,0.33118646858750445,0,1.2682559438949437,0
2018-04-13,-0.08152007617320293,1,-0.3119254279667365,0
2018-04-16,-0.19842590464294307,1,-0.7595374534000877,0
2018-04-17,0.18462072219965897,1,0.7070812663056613,0
2018-04-18,0.049620305247641494,1,0.19018821779627423,0
2018-04-19,-0.16790494929462235,1,-0.642678039113837,0
2018-04-20,0.01543336104006815,1,0.05929237162304628,0
2018-04-23,-0.15551049902078087,1,-0.5952218509679812,0
2018-04-24,-0.09756521944830598,1,-0.3733594828273646,0
2018-04-25,-0.16420580410512906,1,-0.6285146574217967,0
2018-04-26,0.17508125849759362,1,0.6705563237504264,0
2018-04-27,-0.38162855951435376,0,-1.4609884630303318,0
2018-04-30,0.12804249918160726,1,0.49045311925750007,0
2018-05-01,0.0667250525500871,1,0.2556793116518306,0
2018-05-02,0.2429983593243463,1,0.930599056097965,0
2018-05-03,-0.047718335839108665,1,-0.18250446023429878,0
2018-05-04,0.019235597508574176,1,0.07385047184030843,0
2018-05-07,0.1274142304813013,1,0.4880475879923662,0
2018-05-08,0.2358877966218203,1,0.9033739517989751,0
2018-05-09,0.1873887782060757,1,0.7176796699247404,0
2018-05-10,-0.04261280423930125,1,-0.16295627029186746,0
2018-05-11,-0.12412691021923128,1,-0.47505956365768565,0
2018-05-14,0.22947797064533929,1,0.8788318461951418,0
2018-05-15,0.19201603862033276,1,0.7353966429221072,0
2018-05-16,0.21122423450111225,1,0.8089414744814825,0
2018-05-17,0.07802261392332678,1,0.298935703526615,0
2018-05-18,-0.13898288969938236,1,-0.5319405177722013,0
2018-05-21,-0.07947832904756236,1,-0.304107934362752,0
2018-05-22,0.03842275469375289,1,0.14731474990398888,0
2018-05-23,-0.09816695921583914,1,-0.3756634394363289,0
2018-05-24,-0.06255773495433772,1,-0.239321931023626,0
2018-05-25,-0.06495741607848898,1,-0.24850989147380623,0
2018-05-29,0.12271047890679937,1,0.47003774368470536,0
2018-05-30,-0.25228563584360153,1,-0.9657569694635043,0
2018-05-31,0.13368429204731846,1,0.5120545600475124,0
2018-06-01,0.23962420604663887,1,0.9176800117481092,0
2018-06-04,-0.047143777081393626,1,-0.18030457497076918,0
2018-06-05,0.13667066631338878,1,0.5234888662017497,0
2018-06-06,0.11314604211262594,1,0.4334171835158223,0
2018-06-07,-0.2676563474749787,1,-1.0246087432008038,1
2018-06-08,-0.1509227314561895,1,-0.5776560892032826,0
2018-06-11,0.1538304638068232,1,0.5891907376362475,0
2018-06-12,-0.03382548383744351,1,-0.129311153237456,0
2018-06-13,0.31898312813110913,0,1.2215314819049776,0
2018-06-14,-0.00263416995276837,1,-0.009885053045533875,0
2018-06-15,-0.22134914341181333,1,-0.8473065361664119,0
2018-06-18,0.07308479754231852,1,0.2800296659025526,0
2018-06-19,-0.12803566219523854,1,-0.4900254931737669,0
2018-06-20,0.06813107812798974,1,0.26106273833785765,0
2018-06-21,-0.15245690382511573,1,-0.5835301675996108,0
2018-06-22,-0.21938773580381057,1,-0.8397966485619137,0
2018-06-25,-0.5482083886127214,0,-2.0987935722799675,0
2018-06-26,0.16251953466725114,1,0.6224596743341024,0
2018-06-27,-0.08382991975439558,1,-0.32076941613520904,0
2018-06-28,-0.02947660872095459,1,-0.11266006898674932,0
2018-06-29,0.01768184005308806,1,0.06790140556375124,0
2018-07-02,0.05580650334468713,1,0.21387409125695692,0
2018-07-03,-0.28285012060607395,0,-1.0827830502837457,0
2018-07-05,0.06366877769871238,1,0.24397736834915812,0
2018-07-06,0.1247697653495698,1,0.4779223922746129,0
2018-07-09,0.20824580469603216,1,0.7975375862826315,0
2018-07-10,-0.05926392739873676,1,-0.22671051642908469,0
2018-07-11,-0.18017622322427668,1,-0.6896626065233379,0
2018-07-12,0.17905985440912175,1,0.685789673512803,0
2018-07-13,-0.03922554429330852,1,-0.1499870427953315,0
2018-07-16,-0.009226843634074389,1,-0.03512725061718327,0
2018-07-17,0.11744540871045056,1,0.4498787082842893,0
2018-07-18,0.013954897980965483,1,0.053631594456708266,0
2018-07-19,-0.2578392774346534,1,-0.9870208943989927,0
2018-07-20,0.01660729896486876,1,0.0637871751681838,0
2018-07-23,0.08769500694206897,1,0.3359696092486658,0
2018-07-24,-0.064104938503766,1,-0.2452459035370796,0
2018-07-25,0.020075165772205417,1,0.07706503227662417,0
2018-07-26,-0.1867543924244056,1,-0.7148492689665638,0
2018-07-27,-0.16877888057299523,1,-0.6460241695396891,0
2018-07-30,-0.2338472415054117,1,-0.895159573734922,0
2018-07-31,-0.24595138172594533,1,-0.9415042153251806,0
2018-08-01,0.08804407697093858,1,0.33730613750124006,0
2018-08-02,0.23294211022190958,1,0.8920954323871153,0
2018-08-03,-0.21110575353203853,1,-0.8080863830619303,0
2018-08-06,0.08428492691263394,1,0.32291300763311565,0
2018-08-07,0.10155669291828269,1,0.3890435869703165,0
2018-08-08,-0.0030278931978583445,1,-0.011392550674196008,0
2018-08-09,-0.10337820648344556,1,-0.3956163962308749,0
2018-08-10,-0.014864068321391477,1,-0.05671120064894768,0
2018-08-13,0.010759231898461119,1,0.041395946443925996,0
2018-08-14,-0.1054037138778059,1,-0.4033717107364689,0
2018-08-15,-0.47864261372440253,0,-1.8324383545274088,0
2018-08-16,-0.17820996353798893,1,-0.6821341411574301,0
2018-08-17,-0.22076669424308598,1,-0.8450764398954335,0
2018-08-20,0.033647844118410375,1,0.1290324501943092,0
2018-08-21,0.22341666756797124,1,0.85562417397948,0
2018-08-22,0.3178255630695364,0,1.217099367197236,0
2018-08-23,0.051390373358046845,1,0.19696549983964645,0
2018-08-24,0.14601677529120632,1,0.5592734872445284,0
2018-08-27,0.1538444237818369,1,0.5892441879455493,0
2018-08-28,-0.0007808967662434885,1,-0.0027891932790856796,0
2018-08-29,0.022813853681775104,1,0.08755099057552646,0
2018-08-30,0.0329062466864567,1,0.12619300298352384,0
2018-08-31,-0.0477867761352324,1,-0.18276650619017798,0
2018-09-04,-0.11056298209266752,1,-0.42312564880471387,0
2018-09-05,-0.5170579319496752,0,-1.979523907262975,0
2018-09-06,-0.3820952013638614,0,-1.4627751532761832,0
2018-09-07,0.2020096890558163,1,0.7736605872562217,0
2018-09-10,0.0007739411756507997,1,0.00316400999146014,0
2018-09-11,-0.09124661597530968,1,-0.34916665227751603,0
2018-09-12,0.03520516226676591,1,0.134995149742775,0
2018-09-13,-0.0033350842944664116,1,-0.012568731800044837,0
2018-09-14,0.12160753061376094,1,0.4658147470569283,0
2018-09-17,-0.30134367315469734,0,-1.1535916371788815,0
2018-09-18,0.12762011054415498,1,0.48883586684156094,0
2018-09-19,0.17207449887217632,1,0.659043965611049,0
2018-09-20,0.06887350440807671,1,0.2639053590635702,0
2018-09-21,-0.0639095226272598,1,-0.24449769023215087,0
2018-09-24,0.4401915886395734,0,1.6856175349104123,0
2018-09-25,0.09810772658371653,1,0.37583809647532207,0
2018-09-26,0.16569331772640333,1,0.6346115360675051,0
2018-09-27,0.060292954753210934,1,0.23105193113255773,0
2018-09-28,-0.18462841081105769,1,-0.7067092562020928,0
2018-10-01,0.040396957249426525,1,0.15487362713130784,0
2018-10-02,-0.13919801691221917,1,-0.5327642023457094,0
2018-10-03,0.2307981489091995,1,0.8838865784899693,0
2018-10-04,-0.4574265509215517,0,-1.7512057507538226,0
2018-10-05,-0.36738504831221597,0,-1.4064525431200445,0
2018-10-08,-0.4418394149249111,0,-1.6915253258726342,0
2018-10-09,0.034549156784795365,1,0.13248341917874906,0
2018-10-10,-0.2800985161631937,0,-1.0722476368318163,0
2018-10-11,0.6035123587883123,0,2.3109442759166074,0
2018-10-12,0.4426968756383371,0,1.695209841833747,0
2018-10-15,-0.24975573374848994,1,-0.9560704156298423,0
2018-10-16,0.08056251051236252,1,0.30866052453418197,0
2018-10-17,0.049597645194225104,1,0.19010145640431536,0
2018-10-18,-0.2524668484128041,1,-0.9664508007822373,0
2018-10-19,-0.4115379445438315,0,-1.575506281241387,0
2018-10-22,0.29100689156929815,0,1.1144153519792905,0
2018-10-23,0.01215904319003519,1,0.04675557971155325,0
2018-10-24,-0.9581630594150696,0,-3.668438498761961,0
2018-10-25,0.3493970600544252,0,1.337981122164884,0
2018-10-26,-0.0472727809269079,1,-0.18079850819321996,0
2018-10-29,-0.6182325110888128,0,-2.3669037229969554,0
2018-10-30,0.020953189171238784,1,0.08042683071870038,0
2018-10-31,0.44843483404185275,0,1.7171794836939451,0
2018-11-01,0.4484646808094035,0,1.7172937617607524,0
2018-11-02,-0.08977972419961504,1,-0.3435501795369789,0
2018-11-05,-0.3765674479937164,0,-1.4416103498228885,0
2018-11-06,-0.05533148815448352,1,-0.21165389249463817,0
2018-11-07,0.0027620894954232256,1,0.010776283116966419,0
2018-11-08,-0.16919189207474944,1,-0.6476055185386855,0
2018-11-09,-0.46890203178877343,0,-1.7951433653367286,0
2018-11-12,-0.5997570629540334,0,-2.296164454744492,0
2018-11-13,-0.01790402527573745,1,-0.068350665570213,0
2018-11-14,0.0696188206133499,1,0.26675904480873375,0
2018-11-15,0.3475934367980741,0,1.331075363320679,0
2018-11-16,-0.32457288334606094,0,-1.2425322311516158,0
2018-11-19,-0.7676706221093061,0,-2.9390761837406973,0
2018-11-20,0.15458652948235363,1,0.5920855812280058,0
2018-11-21,0.32107282916638613,0,1.2295325826644032,0
2018-11-23,-0.08909180904449684,1,-0.3409162724004459,0
2018-11-26,0.23240468285691795,1,0.8900377167495286,0
2018-11-27,-0.08945626138467203,1,-0.3423116968398866,0
2018-11-28,0.18587342518446126,1,0.7118776475266275,0
2018-11-29,0.030315052949749982,1,0.11627177414523952,0
2018-11-30,-0.14627923214717112,1,-0.5598769403104105,0
2018-12-03,0.2851968942758313,0,1.092169885775147,0
2018-12-04,-0.21258399281530527,1,-0.8137463034296255,0
2018-12-06,-0.033885887544539195,1,-0.12954242849576172,0
2018-12-07,-0.32696969507693385,0,-1.251709205195439,0
2018-12-10,0.24015207728734075,1,0.9197011386526566,0
2018-12-11,0.052758736080783755,1,0.20220472202274148,0
2018-12-12,0.31165411147494637,0,1.193469955522237,0
2018-12-13,-0.17202616625407757,1,-0.6584574599914669,0
2018-12-14,-0.17847084139819602,1,-0.6831329969794753,0
2018-12-17,0.3292291598554833,0,1.2607617501716157,0
2018-12-18,0.10876477523453468,1,0.41664207686000576,0
2018-12-19,-0.2214663287754518,1,-0.8477552184832473,0
2018-12-20,-0.12596154877260024,1,-0.4820840746642019,0
2018-12-21,-0.18581626305589993,1,-0.7112573352516076,0
2018-12-24,0.5934150386695558,0,2.272283398448249,0
2018-12-26,0.12401333829952899,1,0.4750261650428887,0
2018-12-27,-0.11336638910739477,1,-0.43385940526836986,0
2018-12-28,0.08353856601971649,1,0.3200553219611862,0
2018-12-31,-0.06170071913745273,1,-0.23604056694926248,0
2019-01-02,0.5629669265257948,0,2.155702888086284,0
2019-01-03,-0.5555475140898684,0,-2.1268938035749847,0
2019-01-04,0.2467449244288089,1,0.9449440003730103,0
2019-01-07,0.3142339146588354,0,1.203347571920626,0
2019-01-08,-0.208143054012547,1,-0.7967427233827785,0
2019-01-09,0.26945993761517717,1,1.0319158237045332,-1
2019-01-10,-0.206207681046565,1,-0.7893325178813788,0
2019-01-11,0.0433208203506117,1,0.16606858893896564,0
2019-01-14,-0.12118347660385476,1,-0.46378966976485614,0
2019-01-15,-0.07569738707189051,1,-0.2896313670441729,0
2019-01-16,-0.16797057879508118,1,-0.6429293230233999,0
2019-01-17,-0.05777138977332025,1,-0.22099585020334478,0
2019-01-18,0.052487354237009565,1,0.20116564827981817,0
2019-01-22,-0.3064483856016573,0,-1.173136690727944,0
2019-01-23,-0.16715937441446638,1,-0.6398233629476677,0
2019-01-24,0.4009842146954039,0,1.5354993389847482,0
2019-01-25,0.30620745024082624,0,1.172615639712954,0
2019-01-28,-0.25888780572551956,1,-0.9910355263308834,0
2019-01-29,-0.34857099121719826,0,-1.3344168002220813,0
2019-01-30,0.2580155458925925,1,0.9880972440335911,0
2019-01-31,-0.07090378383627408,1,-0.27127749639884813,0
2019-02-01,0.14869182835579714,1,0.5695157988217747,0
2019-02-04,-0.011251298802713139,1,-0.04287853633402809,0
2019-02-05,0.02181728496695881,1,0.08373530279706899,0
2019-02-06,0.13796666065941982,1,0.528451002493588,0
2019-02-07,-0.4904276856867688,0,-1.8775613394119304,0
2019-02-08,0.010226956884761086,1,0.03935795826071487,0
2019-02-11,0.005588099983206085,1,0.021596584336249076,0
2019-02-12,0.11119813338077789,1,0.4259589807535238,0
2019-02-13,0.0152382879291314,1,0.0585454707076947,0
2019-02-14,0.1784739275173531,1,0.6835462616469155,0
2019-02-15,-0.1323878786997021,1,-0.5066893710161932,0
2019-02-19,-0.014305835891268298,1,-0.05457382604598086,0
2019-02-20,0.03380918013729453,1,0.12965017766892167,0
2019-02-21,-0.19414053474655724,1,-0.743129519559998,0
2019-02-22,-0.02118187203712682,1,-0.08090096906774492,0
2019-02-25,0.25309646979244593,1,0.969262959676098,0
2019-02-26,0.007055887129301303,1,0.027216485293871353,0
2019-02-27,-0.14843975930165768,1,-0.5681492219261538,0
2019-02-28,-0.044503645976345554,1,-0.17019597348520646,0
2019-03-01,0.11165893412876972,1,0.4277233064405293,0
2019-03-04,-0.07939283065966744,1,-0.3037805759489084,0
2019-03-05,-0.08473783384456182,1,-0.324245660819827,0
2019-03-06,-0.098476229491891,1,-0.37684758137759866,0
2019-03-07,-0.11918280509754298,1,-0.45612944754249873,0
2019-03-08,-0.050050575857482404,1,-0.1914342004541476,0
2019-03-11,0.06275495289307087,1,0.24047849256598613,0
2019-03-12,-0.06113324549350059,1,-0.2338678093504811,0
2019-03-13,-0.019144760977548803,1,-0.07310122615204918,0
2019-03-14,-0.038955488538068406,1,-0.14895304641409676,0
2019-03-15,0.12734397318992519,1,0.4877785850786025,0
2019-03-18,-0.03436515277929761,1,-0.1313774514818529,0
2019-03-19,0.28930820866109597,0,1.1079113914234984,0
2019-03-20,0.10605445927653057,1,0.4062647498147544,0
2019-03-21,0.10990580130847316,1,0.4210108666689764,0
2019-03-22,-0.3077879729875993,0,-1.178265737165707,0
2019-03-25,-0.15282005281861216,1,-0.5849206017519601,0
2019-03-26,-0.08340619914931352,1,-0.31914706384754943,0
2019-03-27,-0.18419006097620694,1,-0.7050308911454122,0
2019-03-28,-0.042063807749942395,1,-0.16085425849507048,0
2019-03-29,0.07771901613130866,1,0.29777328053726426,0
2019-04-01,0.2666559166304534,1,1.0211797164568548,-1
2019-04-02,-0.00705659835243215,1,-0.02681775998768484,0
2019-04-03,0.17045294259246152,1,0.6528353094626074,0
2019-04-04,-0.0730547853675704,1,-0.27951330606494196,0
2019-04-05,-0.03568437424376447,1,-0.13642852035869688,0
2019-04-08,0.1572949546176593,1,0.6024556686429593,0
2019-04-09,0.056227693530553624,1,0.21548675501081885,0
2019-04-10,0.11057436796791786,1,0.4235706917905161,0
2019-04-11,-0.13380848827478758,1,-0.5121286372835601,0
2019-04-12,-0.053864055252046794,1,-0.20603534787419386,0
2019-04-15,-0.034148082468829596,1,-0.13054632712644762,0
2019-04-16,0.40565389821607467,0,1.5533787426567491,0
2019-04-17,0.13950941721612647,1,0.5343579482475954,0
2019-04-18,-0.1798568741669383,1,-0.6884398746865548,0
2019-04-22,0.20850123273719162,1,0.7985155756981503,0
2019-04-23,-0.11060782109452433,1,-0.4232973295215973,0
2019-04-24,-0.10742565135323941,1,-0.4111133566451898,0
2019-04-25,-0.10895685666949073,1,-0.4169760747143661,0
2019-04-26,-0.205352336945623,1,-0.7860575545157651,0
2019-04-29,0.07125306107093161,1,0.27301626646173816,0
2019-04-30,-0.35176293155141564,0,-1.3466381829945515,0
2019-05-01,0.08111192435355252,1,0.3107641342983421,0
2019-05-02,-0.14499112302688083,1,-0.5549449951725207,0
2019-05-03,-0.01205652488392256,1,-0.045961606544126316,0
2019-05-06,-0.10007702867227758,1,-0.3829767622133544,0
2019-05-07,-0.05840072642298322,1,-0.22340547046028514,0
2019-05-08,0.04656471232489423,1,0.1784888854793681,0
2019-05-09,-0.1690236806725039,1,-0.6469614664204493,0
2019-05-10,-0.32891062109059266,0,-1.25914067234778,0
2019-05-13,-0.5870627822131532,0,-2.2475602680395004,0
2019-05-14,0.2810484818484028,0,1.0762863381943284,0
2019-05-15,0.13967683098597275,1,0.5349989463705053,0
2019-05-16,-0.1918536637177739,1,-0.7343734892876193,0
2019-05-17,-0.3102558429747397,0,-1.1877147808781512,0
2019-05-20,-0.339995041961969,0,-1.3015809864188337,0
2019-05-21,0.07307157996809693,1,0.2799790581163876,0
2019-05-22,-0.22309075449489985,1,-0.8539748612159138,0
2019-05-23,-0.3453070163396341,0,-1.3219196097480561,0
2019-05-24,-0.12292755307273584,1,-0.4704674343465303,0
2019-05-28,0.23573480079922976,1,0.902788157481198,0
2019-05-29,0.09021495350867775,1,0.3456180451002242,0
2019-05-30,-0.10322380719449017,1,-0.3950252282851922,0
2019-05-31,-0.38310341529693537,0,-1.4666354285640846,0
2019-06-03,-0.46814841578738464,0,-1.7922579011199644,0
2019-06-04,0.4239695097190641,0,1.6235060243262471,0
2019-06-05,-0.5403453928211162,0,-2.0686875329291126,0
2019-06-06,0.06643097181242288,1,0.25455332780354983,0
2019-06-07,0.1541383994661613,1,0.5903697695629163,0
2019-06-10,0.30919696149397163,0,1.18406195684352,0
2019-06-11,0.1452770877618715,1,0.5564413527177281,0
2019-06-12,-0.38384281779862645,0,-1.469466471769754,0
2019-06-13,0.04107350895144779,1,0.15746402558804948,0
2019-06-14,-0.3969427730842511,0,-1.5196239155451305,0
2019-06-17,0.13259626046243506,1,0.507888676893353,0
2019-06-18,0.41165089083720263,0,1.5763401813530822,0
2019-06-19,-0.06900246054000451,1,-0.26399766114352446,0
2019-06-20,0.04178887570166251,1,0.16020304009385034,0
2019-06-21,0.1020597016864315,1,0.39096951980419653,0
2019-06-24,-0.0017635005280638716,1,-0.006551411688415853,0
2019-06-25,-0.11711864220645096,1,-0.4482261278825622,0
2019-06-26,0.7675993599076436,0,2.9392047816562292,0
2019-06-27,-0.060535412431856894,1,-0.23157881083692433,0
2019-06-28,-0.09650544005314399,1,-0.36930177237964484,0
2019-07-01,0.21615199012977276,1,0.8278089912396932,0
2019-07-02,-0.35880243058652694,0,-1.3735911969065815,0
2019-07-03,-0.23247337631821832,1,-0.8898992835752131,0
2019-07-05,0.02466973340823328,1,0.09465683032872285,0
2019-07-08,-0.12987330059372693,1,-0.4970614900639852,0
2019-07-09,0.058410500824587985,1,0.2238443433945863,0
2019-07-10,0.1162225092043811,1,0.44519643938479736,0
2019-07-11,0.029167396382996903,1,0.11187759733583263,0
2019-07-12,0.1312835523063508,1,0.5028625463381957,0
2019-07-15,0.011021135944372554,1,0.042398731352036464,0
2019-07-16,-0.1738964155985991,1,-0.6656183185057485,0
2019-07-17,0.100954660586558,1,0.38673851018409444,0
2019-07-18,-0.03129293010120612,1,-0.11961444673244682,0
2019-07-19,0.25287264180454405,1,0.968405961352534,0
2019-07-22,0.19915940209853916,1,0.7627473356697679,0
2019-07-23,-0.029975727690099985,1,-0.11457110845873943,0
2019-07-24,0.2999744416041116,0,1.1487505368609983,0
2019-07-25,-0.2587022155071693,1,-0.9903249337571532,0
2019-07-26,-0.012349483346810894,1,-0.04708329339804764,0
2019-07-29,-0.07610379010422175,1,-0.2911874133664581,0
2019-07-30,-0.05445423875091203,1,-0.20829505754617816,0
2019-07-31,-0.07804748894062208,1,-0.2986294971734156,0
2019-08-01,-0.1670181073243776,1,-0.6392824759008079,0
2019-08-02,-0.44745092051791946,0,-1.7130108019784487,0
2019-08-05,-0.10632742083188162,1,-0.40690842354226137,0
2019-08-06,-0.28261585399902006,0,-1.0818860843082474,0
2019-08-07,-0.05388736518410418,1,-0.20612459753811135,0
2019-08-08,0.07119487027726168,1,0.27279346406294314,0
2019-08-09,-0.2637139787840835,1,-1.0095141011471496,1
2019-08-12,-0.049041560810743956,1,-0.18757085784176256,0
2019-08-13,0.18983257938947123,1,0.7270365583859453,0
2019-08-14,-0.12030430511617163,1,-0.46042347549160006,0
2019-08-15,-0.38334852009011283,0,-1.467573892063755,0
2019-08-16,0.08293622589719585,1,0.3177490666976941,0
2019-08-19,0.07477576999652968,1,0.2865041044749407,0
2019-08-20,0.08248962817882205,1,0.3160391219336745,0
2019-08-21,-0.044204298456812174,1,-0.1690498240478286,0
2019-08-22,-0.04385574304432659,1,-0.16771526617162472,0
2019-08-23,-0.08763196670389761,1,-0.33532679071726257,0
2019-08-26,-0.05621439559616065,1,-0.21503439108407824,0
2019-08-27,-0.09341273326128516,1,-0.35746033753164896,0
2019-08-28,-0.043061770066952776,1,-0.16467528213324437,0
2019-08-29,0.046278564087857466,1,0.17739327379233094,0
2019-08-30,-0.022918299757994073,1,-0.08754944792743831,0
2019-09-03,-0.2980116156906161,0,-1.140833770356666,0
2019-09-04,0.10557997483368281,1,0.40444803164697996,0
2019-09-05,0.4130047040581213,0,1.5815236960315713,0
2019-09-06,-0.054809596789713685,1,-0.20965566149197035,0
2019-09-09,0.27162947114987407,1,1.0402225891791272,-1
2019-09-10,0.23983963881743037,1,0.9185048662497277,0
2019-09-11,0.09384928774562995,1,0.3595332769599002,0
2019-09-12,-0.09608205106342511,1,-0.3676806897893675,0
2019-09-13,0.0973966203172386,1,0.3731153946185971,0
2019-09-16,0.04135083314825813,1,0.158525851564229,0
2019-09-17,-0.30674169423462117,0,-1.1742597183220045,0
2019-09-18,-0.10615980031176116,1,-0.4062666338086149,0
2019-09-19,-0.08113316195499544,1,-0.310444000914315,0
2019-09-20,-0.09074740316113414,1,-0.34725525348927483,0
2019-09-23,-0.026953309234442332,1,-0.1029987953897273,0
2019-09-24,-0.3268273352381456,0,-1.251164134204416,0
2019-09-25,0.19424297763254672,1,0.7439232039569289,0
2019-09-26,-0.2099639294308396,1,-0.8037145377457785,0
2019-09-27,-0.1728041712152666,1,-0.6614363052811622,0
2019-09-30,0.020671451907585403,1,0.07934810787934612,0
2019-10-01,0.06525021804265685,1,0.25003242757692135,0
2019-10-02,0.03239761112119599,1,0.12424552612497941,0
2019-10-03,0.07521718471894903,1,0.288194204451516,0
2019-10-04,-0.10800822006381511,1,-0.413343910621054,0
2019-10-07,0.030890048680622395,1,0.11847333250276786,0
2019-10-08,-0.12362132819731053,1,-0.4731237782839631,0
2019-10-09,0.053992041428527704,1,0.20692683307492346,0
2019-10-10,-0.006936555635585873,1,-0.026358137363822313,0
2019-10-11,0.2677002917372192,1,1.0251784465712614,-1
2019-10-14,0.06381860710666504,1,0.24455103901760158,0
2019-10-15,0.17668636407662364,1,0.6767019930354267,0
2019-10-16,-0.2802418719175222,0,-1.0727965210097263,0
2019-10-17,-0.026388687591786558,1,-0.1008369576064377,0
2019-10-18,-0.3541201845726214,0,-1.355663693639249,0
2019-10-21,0.14985296598924575,1,0.5739615922840686,0
2019-10-22,-0.025366005643039757,1,-0.09692128681016796,0
2019-10-23,-0.07460891010318071,1,-0.28546377859303035,0
2019-10-24,0.21575301142135822,1,0.826281371358667,0
2019-10-25,0.41605630436298935,0,1.5932077413110468,0
2019-10-28,0.32597929418084204,0,1.248318581374527,0
2019-10-29,-0.2513293974090367,1,-0.9620956992933556,0
2019-10-30,-0.18096756694277405,1,-0.6926925235880996,0
2019-10-31,-0.0640489804887564,1,-0.24503165005831348,0
2019-11-01,0.23333308052508916,1,0.8935923894813956,0
2019-11-04,0.5299047885009444,0,2.0291137285877827,0
2019-11-05,0.25828030521945045,1,0.9891109613144017,0
2019-11-06,-0.3802172467498555,0,-1.4555847926290693,0
2019-11-07,0.3408577807257769,0,1.3052857111142129,0
2019-11-08,0.14972922653119183,1,0.5734878154829413,0
2019-11-11,-0.03489835759904114,1,-0.13341899973021937,0
2019-11-12,0.02515513189344252,1,0.09651533646097292,0
2019-11-13,-0.2620937779684531,1,-1.0033106348342549,1
2019-11-14,-0.19749396468587777,1,-0.7559692178619233,0
2019-11-15,0.14199694875349408,1,0.5438822726063135,0
2019-11-18,-0.10243785909531139,1,-0.3920159701056484,0
2019-11-19,-0.05630155783953096,1,-0.21536812011031237,0
2019-11-20,-0.10133967358548857,1,-0.387811209344036,0
2019-11-21,0.15026125066857843,1,0.5755248431045084,0
2019-11-22,0.01608000910392121,1,0.06176827426530628,0
2019-11-25,0.2837217923430322,0,1.0865219777751471,0
2019-11-26,-0.3339591150819875,0,-1.2784704752366178,0
2019-11-27,0.12673443264690937,1,0.48544476066099723,0
2019-11-29,-0.037311326157381586,1,-0.1426578354481949,0
2019-12-02,0.098607035150924,1,0.3777498618852205,0
2019-12-03,-0.19042512110650667,1,-0.7289038488084648,0
2019-12-04,0.012620389395083587,1,0.04852199385848481,0
2019-12-05,-0.1098098744747656,1,-0.420242131099644,0
2019-12-06,0.1557611898872278,1,0.5965831510233235,0
2019-12-09,-0.05035831987240383,1,-0.19261249860777324,0
2019-12-10,0.10281491639898753,1,0.39386110520715845,0
2019-12-11,0.24757529892988678,1,0.9481233594961688,0
2019-12-12,0.44972859405743987,0,1.722133065124246,0
2019-12-13,-0.0898830412049348,1,-0.34394576232885704,0
2019-12-16,0.07601793711691537,1,0.291260145708817,0
2019-12-17,0.08185272272430962,1,0.3136005220431853,0
2019-12-18,-0.0013877021649332105,1,-0.005112545306155083,0
2019-12-19,0.08192655231496249,1,0.3138832026677668,0
2019-12-20,-0.050288505833685215,1,-0.19234519283111892,0
2019-12-23,0.24284209148707828,1,0.9300007338067224,0
2019-12-24,-0.021368099283202345,1,-0.08161400070951903,0
2019-12-26,0.016579144986893835,1,0.06367937849739057,0
2019-12-27,-0.11172075319775639,1,-0.4275585524171388,0
2019-12-30,-0.10889961884427105,1,-0.4167569210655417,0
2019-12-31,-0.07895008828178621,1,-0.30208539261115125,0
2020-01-02,0.4259796477122515,0,1.6312024920756207,0
2020-01-03,-0.2917849178770229,0,-1.1169928305456511,0
2020-01-06,-0.011125851891951616,1,-0.042398221994312715,0
2020-01-07,0.36545120676211307,0,1.3994496495984188,0
2020-01-08,-0.046308665234959315,1,-0.1771070773785717,0
2020-01-09,-0.04989520068183491,1,-0.19083929600854385,0
2020-01-10,-0.15286716685012264,1,-0.5851009931605561,0
2020-01-13,0.016300868995642093,1,0.06261390826631559,0
2020-01-14,0.08037468159601942,1,0.3079413603763312,0
2020-01-15,-0.30761015781379925,0,-1.1775849138813657,0
2020-01-16,-0.02513963116007084,1,-0.09605453840117505,0
2020-01-17,-0.15496895498198549,1,-0.5931483733044676,0
2020-01-21,-0.25311584320314384,1,-0.9689356886308775,0
2020-01-22,0.036548912171669515,1,0.1401401337395777,0
2020-01-23,-0.1113954515135559,1,-0.4263130290104119,0
2020-01-24,-0.17444496049840902,1,-0.6677186012449329,0
2020-01-27,-0.37079797163039263,0,-1.419520031192234,0
2020-01-28,0.08609336709291537,1,0.3298372096388382,0
2020-01-29,-0.16219635075591926,1,-0.6208208110547916,0
2020-01-30,-0.1447509441743967,1,-0.5540253922405377,0
2020-01-31,-0.1363267481173719,1,-0.5217706149630424,0
2020-02-03,-0.0008018497675393588,1,-0.002869418666234617,0
2020-02-04,0.39558581294334866,0,1.5148298003144343,0
2020-02-05,-0.048727559364010076,1,-0.18636860107320516,0
2020-02-06,0.08041746324187543,1,0.3081051638359503,0
2020-02-07,-0.22476032142419633,1,-0.8603673417671497,0
2020-02-10,-0.05855994191789632,1,-0.2240150788184935,0
2020-02-11,0.10821347812645343,1,0.4145312563954156,0
2020-02-12,0.1479023462925559,1,0.5664930097102618,0
2020-02-13,-0.24957047968029553,1,-0.9553611101164244,0
2020-02-14,-0.25436942018343905,1,-0.9737354162281359,0
2020-02-18,-0.06400642817807342,1,-0.2448687246830692,0
2020-02-19,0.44628142823774075,0,1.7089344684866152,0
2020-02-20,-0.20676132428533203,1,-0.7914523212711314,0
2020-02-21,-0.4058106888293622,0,-1.5535776181106868,0
2020-02-24,-0.3694890459381426,0,-1.414508383031326,0
2020-02-25,0.06548367826215151,1,0.25092630603511273,0
2020-02-26,0.06756848796679249,1,0.2589086787427233,0
2020-02-27,0.5141759541421371,0,1.968890765394175,0
2020-02-28,1.1300916446432394,0,4.327124510709442,0
2020-03-02,-0.8252612637518275,0,-3.1595807051066935,0
2020-03-03,-0.23354808172632913,1,-0.894014143122983,0
2020-03-04,-0.7224073920600724,0,-2.7657711711062123,0
2020-03-05,0.0948338815692562,1,0.3633031149687604,0
2020-03-06,-0.11191100048106939,1,-0.42828697608028377,0
2020-03-09,0.008740521040874416,1,0.03366665469212451,0
2020-03-10,-0.026554479541779363,1,-0.10147174606402118,0
2020-03-11,0.27500741005552953,1,1.0531561280380726,-1
2020-03-12,0.8226392061272678,0,3.149942752280877,0
2020-03-13,-0.12921389238621916,1,-0.49453673105741164,0
2020-03-16,1.9094150013923006,0,7.3110177070376094,0
2020-03-17,-1.1487003157845614,0,-4.397972418160492,0
2020-03-18,0.9202639119965408,0,3.52373072246571,0
2020-03-19,0.9899922196360396,0,3.790708249772097,0
2020-03-20,1.4548401608841923,0,5.570529933807862,0
2020-03-23,2.0517655367357843,0,7.856053076793457,0
2020-03-24,-1.0727075633567393,0,-4.10700942446102,0
2020-03-25,-0.9957301418121165,0,-3.812276304468255,0
2020-03-26,-1.2362626808746482,0,-4.733233440666768,0
2020-03-27,-0.9120834679077485,0,-3.492007780501646,0
2020-03-30,-0.17653783880022655,1,-0.6757318672037345,0
2020-03-31,0.8528754838169045,0,3.265712185468091,0
2020-04-01,0.7774614740704733,0,2.9769650965461043,0
2020-04-02,0.03520440280991283,1,0.1349922419149559,0
2020-04-03,0.4951856996463687,0,1.8961803933826893,0
2020-04-06,-0.8029667810392893,0,-3.074219019606718,0
2020-04-07,-0.10397017275448606,1,-0.39788293182655093,0
2020-04-08,-0.7609396185393429,0,-2.913304345154136,0
2020-04-09,-1.2077523898044695,0,-4.624072509183183,0
2020-04-13,1.1244086910850277,0,4.305365472807468,0
2020-04-14,-0.14262791833873023,1,-0.5458966966332355,0
2020-04-15,0.7042219775014613,0,2.6965438392821013,0
2020-04-16,0.2377674178491924,1,0.9105706936179624,0
2020-04-17,-0.6677623021873385,0,-2.5565446536768173,0
2020-04-20,0.7087290461373963,0,2.7138006189252155,0
2020-04-21,-0.08592717771202008,1,-0.3287994510321561,0
2020-04-22,0.1706028007665873,1,0.65340909027171,0
2020-04-23,0.4060365012714157,0,1.5548436630185472,0
2020-04-24,0.005934295384574018,1,0.022922106141538043,0
2020-04-27,-0.5268077268473532,0,-2.0168541712783314,0
2020-04-28,-0.38191130348200053,0,-1.4620710403636783,0
2020-04-29,0.6830779099836595,0,2.6155868928968955,0
2020-04-30,0.3511466865550952,0,1.344680136850191,0
2020-05-01,-0.10540062128247008,1,-0.4033598697283666,0
2020-05-04,0.2122626714298358,1,0.8129174683479563,0
2020-05-05,-0.03588229476833088,1,-0.13718632352416466,0
2020-05-06,0.7534753690347279,0,2.885126484238711,0
2020-05-07,-0.06259652854825326,1,-0.2394704649279973,0
2020-05-08,-0.005214543959171092,1,-0.019764855023759922,0
2020-05-11,0.23362772008731125,1,0.8947205129714333,0
2020-05-12,0.5117490817444991,0,1.9595986943007628,0
2020-05-13,0.2120225954418673,1,0.8119982592662611,0
2020-05-14,-0.09902277764952794,1,-0.3789402189392927,0
2020-05-15,-0.05701161328471396,1,-0.21808679855559288,0
2020-05-18,-0.6674349644887316,0,-2.5552913347260686,0
2020-05-19,0.403648633048909,0,1.5457009321082504,0
2020-05-20,0.2243832173021686,1,0.859324924317331,0
2020-05-21,-0.3557706970682869,0,-1.3619832180877594,0
2020-05-22,-0.11668439946206775,1,-0.4465634881588857,0
2020-05-26,-0.6409425876115367,0,-2.453856644704482,0
2020-05-27,-0.3766568822383425,0,-1.441952777945628,0
2020-05-28,-0.3756066332567568,0,-1.4379315577891105,0
2020-05-29,0.371328078888741,0,1.4219511678738197,0
2020-06-01,-0.1438148241487065,1,-0.5504411519487341,0
2020-06-02,-0.0674547734453721,1,-0.25807183721982857,0
2020-06-03,-0.43692376587736415,0,-1.6727041631017674,0
2020-06-04,0.14609048824819312,1,0.5595557212991469,0
2020-06-05,-0.2476114734330508,1,-0.9478604169034015,0
2020-06-08,-0.19422018181527978,1,-0.7434344742933708,0
2020-06-09,0.3370183116387392,0,1.2905850536950447,0
2020-06-10,0.4404920522163248,0,1.6867679575362051,0
2020-06-11,0.4462464331875555,0,1.7088004785436106,0
2020-06-12,-0.09834525330727606,1,-0.37634609641276473,0
2020-06-15,-0.02524757213521256,1,-0.09646782556694661,0
2020-06-16,-0.12456545321780232,1,-0.47673866830455797,0
2020-06-17,0.16744951181766626,1,0.6413356969116135,0
2020-06-18,0.18527363700926344,1,0.7095811632243006,0
2020-06-19,0.5428439382055926,0,2.0786554758427718,0
2020-06-22,-0.025859222270256083,1,-0.09880972724445176,0
2020-06-23,0.16162605115357856,1,0.6190386818097664,0
2020-06-24,0.1443589292101095,1,0.5529258837765921,0
2020-06-25,-0.04471037225424129,1,-0.1709874923441927,0
2020-06-26,-0.0008740689039755667,1,-0.0031459331425306024,0
2020-06-29,-0.252401887741885,1,-0.9662020777043188,0
2020-06-30,0.0022032976499372636,1,0.008636766610153817,0
2020-07-01,-0.2948440364157877,0,-1.1287056618313185,0
2020-07-02,0.10783343974679313,1,0.41307615572944506,0
2020-07-06,0.2761785396211217,0,1.0576401788656604,0
2020-07-07,0.11718437279058835,1,0.4488792472793949,0
2020-07-08,0.10088234216931218,1,0.3864616155788959,0
2020-07-09,0.4146648032856558,0,1.5878799264042034,0
2020-07-10,-0.28168559593802345,0,-1.0783242884567585,0
2020-07-13,-0.42174755197566793,0,-1.6145970872453541,0
2020-07-14,-0.12930773566244746,1,-0.4948960405930925,0
2020-07-15,-0.11756836994698028,1,-0.4499480569554484,0
2020-07-16,-0.24852926651981505,1,-0.9513744865428089,0
2020-07-17,-0.23083526446094302,1,-0.8836272390080666,0
2020-07-20,0.6447094777204174,0,2.468680858331669,0
2020-07-21,-0.1620886547447249,1,-0.6204084618132456,0
2020-07-22,-0.491815739908954,0,-1.8828759569116424,0
2020-07-23,-0.22963670976815637,1,-0.879038182152191,0
2020-07-24,-0.14670295153969004,1,-0.5614992879553773,0
2020-07-27,0.3685169253477045,0,1.4111877513121454,0
2020-07-28,-0.3954514419835191,0,-1.5139138688919547,0
2020-07-29,-0.16937235029168107,1,-0.6482964615741542,0
2020-07-30,0.19387243031713053,1,0.7425044429204314,0
2020-07-31,-0.015636024032724377,1,-0.059666884416109046,0
2020-08-03,0.40844659947930145,0,1.5640715086653043,0
2020-08-04,0.17827690514592284,1,0.6827918973531419,0
2020-08-05,-0.0022971986943774447,1,-0.008594848874745003,0
2020-08-06,-0.024196686641903928,1,-0.09244416831806823,0
2020-08-07,-0.6853291803458985,0,-2.6238051659713713,0
2020-08-10,-0.016499347634381545,1,-0.06297239989810406,0
2020-08-11,-0.04251652227626575,1,-0.16258762344977973,0
2020-08-12,0.10590597834396476,1,0.4056962422233539,0
2020-08-13,0.1528263543758958,1,0.585346177771121,0
2020-08-14,-0.002129994108386185,1,-0.007954651680328259,0
2020-08-17,0.0638427564490442,1,0.2446435026372236,0
2020-08-18,0.08745524153688419,1,0.33505158933427476,0
2020-08-19,0.22109293103646543,1,0.846726992127593,0
2020-08-20,0.031673383056522175,1,0.1214725831917857,0
2020-08-21,-0.09100145761103598,1,-0.3482279836634624,0
2020-08-24,-0.1418527829235816,1,-0.5429288383347965,0
2020-08-25,0.15514580685680734,1,0.5942269567405455,0
2020-08-26,0.3987078293647882,0,1.5267834566216427,0
2020-08-27,-0.3776956581519362,0,-1.4459300697260409,0
2020-08-28,0.15740919362900674,1,0.6028930698908018,0
2020-08-31,0.10021041574079953,1,0.3838889264876365,0
2020-09-01,0.13857205178325194,1,0.5307689395089183,0
2020-09-02,-0.2711491425792897,1,-1.0379820464101388,1
2020-09-03,-0.46716176976127655,0,-1.788480205585765,0
2020-09-04,-0.14910483921775414,1,-0.5706956969156026,0
2020-09-08,-0.40343637091574136,0,-1.5444867689695458,0
2020-09-09,-0.06473857089078916,1,-0.24767197142307057,0
2020-09-10,0.013376996823742826,1,0.051418911728475715,0
2020-09-11,-0.19295324348632314,1,-0.7385835884226958,0
2020-09-14,-0.19041015909499803,1,-0.7288465618762082,0
2020-09-15,0.19650764174228125,1,0.7525942078098025,0
2020-09-16,-0.26771575952621995,1,-1.0248362215818165,1
2020-09-17,0.13575477121937618,1,0.5199820636455234,0
2020-09-18,0.21635936958792557,1,0.8286030110119501,0
2020-09-21,0.4948973927658231,0,1.8950765166261871,0
2020-09-22,0.04510425342917557,1,0.17289704311417758,0
2020-09-23,0.07523472743630166,1,0.288261372456299,0
2020-09-24,-0.036806860277819986,1,-0.1407263235888779,0
2020-09-25,-0.14532595825871042,1,-0.5562270208701914,0
2020-09-28,-0.05625510577396864,1,-0.21519026325386575,0
2020-09-29,0.07324347056262037,1,0.2806371972200979,0
2020-09-30,-0.22544600305489787,1,-0.862992697128283,0
2020-10-01,-0.05491631277531768,1,-0.21006425838647577,0
2020-10-02,-0.7277342542808024,0,-2.7861667973896576,0
2020-10-05,0.11529225060765369,1,0.4416346414820887,0
2020-10-06,-0.11634330972973367,1,-0.44525751506975014,0
2020-10-07,0.1625016223204876,1,0.6223910910827791,0
2020-10-08,-0.18967763282701733,1,-0.7260418465700005,0
2020-10-09,0.20976816106311463,1,0.8033664232689545,0
2020-10-12,0.03452832635861561,1,0.13240366311033908,0
2020-10-13,0.32476381529487686,0,1.2436647247350423,0
2020-10-14,0.020446633907008415,1,0.0784873189699361,0
2020-10-15,-0.13817056097409966,1,-0.5288302527768542,0
2020-10-16,-0.12757791581711503,1,-0.48827286213621623,0
2020-10-19,0.2391514405605834,1,0.9158698751660564,0
2020-10-20,-0.1802983743050598,1,-0.6901303017049546,0
2020-10-21,-0.09947149518735987,1,-0.38065828012225933,0
2020-10-22,-0.02016336651051004,1,-0.0770012890633215,0
2020-10-23,-0.13320467315676549,1,-0.509816734519575,0
2020-10-26,-0.06243164847697669,1,-0.2388391678949601,0
2020-10-27,0.3493541702679831,0,1.3378169046538237,0
2020-10-28,0.06114682732813437,1,0.2343212602817233,0
2020-10-29,0.18503206695384278,1,0.7086562336189399,0
2020-10-30,-0.1906867847309207,1,-0.7299057131845982,0
2020-11-02,-0.5991907190082433,0,-2.2939960225629203,0
2020-11-03,-0.3106162517757076,0,-1.1890947233112783,0
2020-11-04,0.7937418745393874,0,3.039299910166137,0
2020-11-05,0.30416117242615703,0,1.1647807988909629,0
2020-11-06,0.1950584573172412,1,0.7470455334262447,0
2020-11-09,-0.589171390993807,0,-2.2556337632579124,0
2020-11-10,-0.8779455224115602,0,-3.3612995418475107,0
2020-11-11,0.4362358910005364,0,1.6704718586392793,0
2020-11-12,0.15821291668345072,1,0.6059703852735868,0
2020-11-13,-0.08550828175646152,1,-0.32719557148596273,0
2020-11-16,-0.07271143151732806,1,-0.2781986640632637,0
2020-11-17,0.24865894600701358,1,0.9522724551349137,0
2020-11-18,0.23290078240997747,1,0.8919371954039998,0
2020-11-19,0.2911299066665096,0,1.1148863553291017,0
2020-11-20,0.012185827725757103,1,0.04685813302683026,0
2020-11-23,0.23363920250079628,1,0.8947644771298006,0
2020-11-24,-0.013042108670195729,1,-0.049735234947283255,0
2020-11-25,0.05813091145935001,1,0.22277384448360868,0
2020-11-27,0.30472921743600756,0,1.1669557441501062,0
2020-11-30,0.17863467807709305,1,0.6841617475005858,0
2020-12-01,-0.03950185356552677,1,-0.15104498280228024,0
2020-12-02,0.2357041815532001,1,0.9026709217290376,0
2020-12-03,0.07735852789924433,1,0.2963930339763242,0
2020-12-04,0.28029326900496815,0,1.0733947599479061,0
2020-12-07,0.09235096541542112,1,0.3537964621085313,0
2020-12-08,0.1992082523561173,1,0.7629343747851287,0
2020-12-09,-0.29312826011530835,0,-1.122136253658082,0
2020-12-10,0.3448605889083741,0,1.3206117654391887,0
2020-12-11,-0.08894406257104101,1,-0.3403505769248664,0
2020-12-14,0.2113593613658798,1,0.8094588516766213,0
2020-12-15,-0.2452435347690729,1,-0.9387939927964166,0
2020-12-16,0.16368518924751332,1,0.6269227623978586,0
2020-12-17,-0.18290469123103945,1,-0.7001094345970409,0
2020-12-18,0.25175731563074344,1,0.9641355719783811,0
2020-12-21,0.02645972994777457,1,0.10151041485115882,0
2020-12-22,0.02204608658393395,1,0.08461134427880894,0
2020-12-23,0.09717554088811994,1,0.3722689200471854,0
2020-12-24,-0.14881740759744466,1,-0.5695951713778736,0
2020-12-28,-0.09239865096932154,1,-0.3535775933211717,0
2020-12-29,0.05287548992819485,1,0.2026517521392112,0
2020-12-30,0.032694437398062326,1,0.12538202216396324,0
2020-12-31,-0.2712953107503493,1,-1.038541698841145,1
2021-01-04,0.5143974913930367,0,1.9697389928853284,0
2021-01-05,0.3379111016227553,0,1.2940033908152977,0
2021-01-06,-0.7384639166484196,0,-2.8272488030300202,0
2021-01-07,0.4673298031023637,0,1.7895250243943814,0
2021-01-08,0.04115453198615687,1,0.15777424865517634,0
2021-01-11,0.13283424929563495,1,0.5087998946234998,0
2021-01-12,0.006654342248969214,1,0.025679039988187886,0
2021-01-13,-0.12626809461040653,1,-0.4832577852066506,0
2021-01-14,0.2631424757165815,1,1.007727364043941,-1
2021-01-15,-0.42160210302930495,0,-1.6140401886002578,0
2021-01-19,0.3809440856743072,0,1.458769180544439,0
2021-01-20,-0.08388678364324886,1,-0.3209871380469119,0
2021-01-21,0.1594236750777458,1,0.6106061679738576,0
2021-01-22,-0.09869609632309206,1,-0.37768941312309623,0
2021-01-25,-0.14623135576742297,1,-0.5596936300033881,0
2021-01-26,0.07563546842304286,1,0.28979573979364537,0
2021-01-27,0.041829172490589484,1,0.1603573294697195,0
2021-01-28,-0.05062968295290149,1,-0.19365150050938357,0
2021-01-29,-0.0020108868864480156,1,-0.007498610903291352,0
2021-02-01,0.11423405242163565,1,0.4375829852083723,0
2021-02-02,0.0037697988872731347,1,0.014634626604527447,0
2021-02-03,0.0681116458021218,1,0.2609883353516722,0
2021-02-04,-0.01665950942222766,1,-0.06358563144689192,0
2021-02-05,-0.08855216373135189,1,-0.3388500646262548,0
2021-02-08,0.2645269331884156,1,1.0130282102139365,-1
2021-02-09,-0.12657098386701643,1,-0.4844174953375125,0
2021-02-10,-0.04538702819329797,1,-0.17357828990636096,0
2021-02-11,0.22542983013223944,1,0.8633322222839487,0
2021-02-12,0.2093048817931341,1,0.8015926077535805,0
2021-02-16,0.2649407863069669,1,1.0146127816168466,-1
2021-02-17,-0.1452558981206697,1,-0.5559587728221596,0
2021-02-18,-0.27814734177573636,0,-1.064776930443815,0
2021-02-19,0.2026261808053823,1,0.7760210266312151,0
2021-02-22,-0.2087305318715601,1,-0.7989920736317112,0
2021-02-23,-0.2552697382280329,1,-0.9771825769792284,0
2021-02-24,0.31081605225040454,0,1.1902611729333743,0
2021-02-25,-0.40006700081863966,0,-1.5315860385839035,0
2021-02-26,0.5365330145609946,0,2.0544920500162744,0
2021-03-01,0.0328012892978069,1,0.12579113945000556,0
2021-03-02,-0.3161808975240357,0,-1.2104007812455322,0
2021-03-03,-0.23189844102294255,1,-0.8876979566150426,0
2021-03-04,-0.24019950625300923,1,-0.9194812874337133,0
2021-03-05,-0.31888844435241226,0,-1.2207675057764562,0
2021-03-08,-0.9658818846297854,0,-3.6979925341214495,0
2021-03-09,0.6341884937761024,0,2.428397845974543,0
2021-03-10,-0.3542346988177062,0,-1.356102148709063,0
2021-03-11,0.5140631692753257,0,1.9684589318121157,0
2021-03-12,-0.5181880882930219,0,-1.9838510787695065,0
2021-03-15,-0.07965452240619575,1,-0.30478254799971205,0
2021-03-16,0.15320867661419463,1,0.586810022933447,0
2021-03-17,0.18886622329680705,1,0.7233365494677481,0
2021-03-18,-0.7762155679815969,0,-2.971793290998565,0
2021-03-19,0.43164569741941716,0,1.6528968080804634,0
2021-03-22,0.182663613438985,1,0.6995878382377408,0
2021-03-23,-0.38554026542434183,0,-1.4759657026443735,0
2021-03-24,-0.3480519665572977,0,-1.3324295453323212,0
2021-03-25,-0.25167508569027364,1,-0.9634192794241194,0
2021-03-26,0.14062138074128483,1,0.538615462626641,0
2021-03-29,-0.20817424692302597,1,-0.7968621555960514,0
2021-03-30,0.012252286874877089,1,0.047112593516401784,0
2021-03-31,0.428337816247406,0,1.6402315080635355,0
2021-04-01,0.20934956496427587,1,0.8017636918218375,0
2021-04-05,0.0014523799513512237,1,0.00576163372415875,0
2021-04-06,-0.12654126064588644,1,-0.4843036903084002,0
2021-04-07,-0.020259599886795376,1,-0.0773697498752178,0
2021-04-08,0.18846259884426247,1,0.7217911418428008,0
2021-04-09,-0.18676273361300597,1,-0.7148812059227685,0
2021-04-12,-0.2758257201126856,0,-1.055887846054348,0
2021-04-13,-0.011963169197685475,1,-0.04560416390547192,0
2021-04-14,-0.030165334651128764,1,-0.11529708043954894,0
2021-04-15,-0.1171290556097552,1,-0.4482659989874137,0
2021-04-16,-0.30640101804051045,0,-1.1729553285985932,0
2021-04-19,-0.2399271459070363,1,-0.9184384671765501,0
2021-04-20,-0.4118238061323156,0,-1.5766007954011156,0
2021-04-21,0.11953900538967288,1,0.4578947247848678,0
2021-04-22,-0.1776885118845123,1,-0.6801375937326054,0
2021-04-23,0.09056510217526892,1,0.3469587032684885,0
2021-04-26,0.3604419648388608,0,1.3802701360317966,0
2021-04-27,-0.11987117125008706,1,-0.4587650814695084,0
2021-04-28,0.06712739524736178,1,0.25721981165942476,0
2021-04-29,-0.3309390571167047,0,-1.2669072000735127,0
2021-04-30,-0.440163311775615,0,-1.6851078192751268,0
2021-05-03,-0.17451430135791005,1,-0.6679840953008993,0
2021-05-04,-0.4233792819201694,0,-1.6208446965816807,0
2021-05-05,0.2980798246159115,0,1.1414963788894974,0
2021-05-06,-0.20194228690096902,1,-0.7730010677067114,0
2021-05-07,0.13802581253073326,1,0.5286774846910401,0
2021-05-10,-0.6762648207746444,0,-2.5890993142610315,0
2021-05-11,0.48394671147514934,0,1.8531482680815703,0
2021-05-12,0.11625437045885945,1,0.44531843057066534,0
2021-05-13,-0.46079792967819455,0,-1.764114171946479,0
2021-05-14,0.33709791902702335,0,1.2908898564989404,0
2021-05-17,0.1091620315220117,1,0.4181631018917026,0
2021-05-18,0.06937958073381156,1,0.26584303704037593,0
2021-05-19,0.24523603650562878,1,0.939166731709101,0
2021-05-20,0.13464454248588448,1,0.5157311914811713,0
2021-05-21,-0.149696085241962,1,-0.5729594748117885,0
2021-05-24,0.1818724907586147,1,0.6965587674894123,0
2021-05-25,0.07114510590893539,1,0.27260292497697525,0
2021-05-26,0.08726674380731234,1,0.33432986440723156,0
2021-05-27,-0.017274641910065808,1,-0.06594086644582406,0
2021-05-28,-0.06360721365584796,1,-0.2433402019120937,0
2021-06-01,0.03134837707591384,1,0.12022819198253386,0
2021-06-02,-0.012606648024992437,1,-0.04806793209380395,0
2021-06-03,-0.20044091980752304,1,-0.7672525949880027,0
2021-06-04,0.303604152115606,0,1.1626480652824087,0
2021-06-07,0.04695466686939051,1,0.17998195341082798,0
2021-06-08,6.552138432318333e-05,1,0.00045159417948628547,0
2021-06-09,-0.026167052131932267,1,-0.0999883540903272,0
2021-06-10,0.12797264003808062,1,0.4901856407824034,0
2021-06-11,-0.07525353994119052,1,-0.2879319538005738,0
2021-06-14,0.15356572547223796,1,0.5881771007311875,0
2021-06-15,-0.18229822195310658,1,-0.6977873695177202,0
2021-06-16,0.17715819767079338,1,0.6785085615659981,0
2021-06-17,0.1611074217342351,1,0.617052940227158,0
2021-06-18,0.24534604572025598,1,0.9395879378031013,0
2021-06-21,-0.31938993055910214,0,-1.2226876089880891,0
2021-06-22,0.11282262541990258,1,0.43217887741266403,0
2021-06-23,0.13335153849331782,1,0.5107805047311436,0
2021-06-24,0.12332258638321075,1,0.4723813964425344,0
2021-06-25,-0.2393205570495205,1,-0.9161159442478646,0
2021-06-28,0.10909655291818576,1,0.41791239573902633,0
2021-06-29,0.18057983794606197,1,0.6916094253464018,0
2021-06-30,0.044119979358349326,1,0.16912842938301448,0
2021-07-01,-0.2545988975177197,1,-0.9746140449135738,0
2021-07-02,0.02227652373682723,1,0.08549364794229442,0
2021-07-06,-0.13649104267568546,1,-0.5223996701690747,0
2021-07-07,-0.4103673860053984,0,-1.5710244167771872,0
2021-07-08,0.12184827496759332,1,0.466736515194934,0
2021-07-09,-0.11469133289084255,1,-0.43893238390645284,0
2021-07-12,-0.07024167887823701,1,-0.2687424120048896,0
2021-07-13,0.2186610538244902,1,0.837415758473069,0
2021-07-14,-0.2509262284418939,1,-0.9605520356425619,0
2021-07-15,-0.45884741157165854,0,-1.7566459783436512,0
2021-07-16,-0.3622278121500626,0,-1.3867063854271704,0
2021-07-19,0.3400561994351232,0,1.3022165961713952,0
2021-07-20,-0.21670047597339992,1,-0.8295075994075584,0
2021-07-21,0.38386323435585534,0,1.4699460916616385,0
2021-07-22,0.08435676229378289,1,0.32318805277735485,0
2021-07-23,-0.203162528725903,1,-0.7776731608087125,0
2021-07-26,0.1371966964705022,1,0.5255029439183754,0
2021-07-27,-0.5298889001522942,0,-2.0286514464166947,0
2021-07-28,0.41360899908973603,0,1.5838374363009917,0
2021-07-29,-0.1323274676695248,1,-0.5064580677190854,0
2021-07-30,0.007730837549091124,1,0.029800752720259015,0
2021-08-02,-0.031234123799480484,1,-0.11938928766066904,0
2021-08-03,-0.12212016163896172,1,-0.46737607337916237,0
2021-08-04,0.12879934438892604,1,0.49335094754050285,0
2021-08-05,-0.09484619618677162,1,-0.36294881703570286,0
2021-08-06,-0.05295526979976892,1,-0.20255576689604138,0
2021-08-09,-0.014537619139673552,1,-0.05546128367438346,0
2021-08-10,-0.09819126202106943,1,-0.37575649063843947,0
2021-08-11,-0.24367586196785018,1,-0.9327916470882751,0
2021-08-12,-0.11415527930944422,1,-0.4368799282466171,0
2021-08-13,-0.07244322346826601,1,-0.27717174222669105,0
2021-08-16,-0.2732807754862855,0,-1.0461436969922373,0
2021-08-17,-0.10266166098525142,1,-0.3928728685046688,0
2021-08-18,0.0843523029107448,1,0.3231709785775481,0
2021-08-19,-0.11144148142559071,1,-0.4264892695146375,0
2021-08-20,-0.07544649987080307,1,-0.2886707637132353,0
2021-08-23,0.5344334273787252,0,2.046453096924447,0
2021-08-24,0.2270503503821543,1,0.869536911655,0
2021-08-25,-0.04586521478555744,1,-0.1754091829584703,0
2021-08-26,-0.011820296323322765,1,-0.04505712859072258,0
2021-08-27,0.20278381829033632,1,0.7766245930645409,0
2021-08-30,-0.06180789041235411,1,-0.23645090706707192,0
2021-08-31,-0.06853785008698436,1,-0.2622187487604889,0
2021-09-01,-0.2802815255564698,0,-1.0729483478765085,0
2021-09-02,-0.07294166545062963,1,-0.2790801896343799,0
2021-09-03,0.14484549027467278,1,0.5547888412224011,0
2021-09-07,0.38127880145498344,0,1.4600507488844792,0
2021-09-08,-0.41214794595287074,0,-1.5778418702346073,0
2021-09-09,0.23918064637596298,1,0.915981699138801,0
2021-09-10,0.23737472978310672,1,0.9090671595091424,0
2021-09-13,0.11823703235305072,1,0.4529096971296136,0
2021-09-14,0.0513300556968212,1,0.1967345540359682,0
2021-09-15,0.10716994899842763,1,0.4105357653860411,0
2021-09-16,0.09177005189661808,1,0.35157224557325095,0
2021-09-17,0.09725093700998899,1,0.3725575986465451,0
2021-09-20,-0.22631218701332878,1,-0.8663091644174352,0
2021-09-21,0.007181756386751864,1,0.02769841672538951,0
2021-09-22,0.07984183949027651,1,0.3059012008966053,0
2021-09-23,0.21174504321132653,1,0.8109355601887036,0
2021-09-24,0.1264570369456279,1,0.48438266090667026,0
2021-09-27,0.2582626940767741,1,0.9890435313209895,0
2021-09-28,-0.1447165174501831,1,-0.5538935783185459,0
2021-09-29,-0.40044677228500913,0,-1.5330401172854409,0
2021-09-30,0.40391755758279657,0,1.546730597240244,0
2021-10-01,0.006393392918292828,1,0.02467991051818231,0
2021-10-04,-0.38943262006125695,0,-1.4908688496092442,0
2021-10-05,0.10874082600009766,1,0.4165503794187896,0
2021-10-06,-0.3271250118515201,0,-1.252303886033566,0
2021-10-07,0.09374535367999665,1,0.3591353315517148,0
2021-10-08,0.11278568557194629,1,0.43203744117822346,0
2021-10-11,0.04321822730885966,1,0.165675778077308,0
2021-10-12,-0.22017696222557692,1,-0.8428184588668105,0
2021-10-13,-0.08027678319812973,1,-0.3071650760316435,0
2021-10-14,-0.11944046604024172,1,-0.45711598634852846,0
2021-10-15,0.010538166061473078,1,0.04054952391441158,0
2021-10-18,0.09912211421685321,1,0.3797220097838906,0
2021-10-19,-0.011085791180923316,1,-0.042244836519538725,0
2021-10-20,-0.3329088115536427,0,-1.2744490462300744,0
2021-10-21,-0.037124536291348015,1,-0.14194264963273875,0
2021-10-22,-0.26395566608735965,1,-1.0104394796740976,1
2021-10-25,0.17096348924889687,1,0.6547901035559096,0
2021-10-26,-0.025410925688094804,1,-0.09709327782732115,0
2021-10-27,0.08924255655267738,1,0.341894906770015,0
2021-10-28,-0.05167281097536569,1,-0.19764545575552722,0
2021-10-29,0.09524708943702712,1,0.3648852158189828,0
2021-11-01,0.24577303173077192,1,0.9412227927585856,0
2021-11-02,-0.029794899183268803,1,-0.11387874764783473,0
2021-11-03,0.17518269731944922,1,0.67094471530543,0
2021-11-04,0.40048123906915106,0,1.533573533045407,0
2021-11-05,0.043500511176772005,1,0.16675659376902616,0
2021-11-08,0.1208480622337703,1,0.4629068751033227,0
2021-11-09,-0.1303086328291675,1,-0.49872830125888146,0
2021-11-10,-0.44295879385671116,0,-1.6958112325502481,0
2021-11-11,0.1831464860666636,1,0.7014366733020891,0
2021-11-12,-0.0020073387908148,1,-0.007485025864002862,0
2021-11-15,-0.15468323654886218,1,-0.5920544072616448,0
2021-11-16,0.09167919834418968,1,0.35122438316850507,0
2021-11-17,-0.18813787972801133,1,-0.7201464005316385,0
2021-11-18,0.06719777875026309,1,0.25748929781510355,0
2021-11-19,-0.09844552533571355,1,-0.3767300205192932,0
2021-11-22,-0.2822213035604297,0,-1.0803754194999589,0
2021-11-23,-0.15804461535939623,1,-0.6049245404049324,0
2021-11-24,-0.03235201307376895,1,-0.12366949069951068,0
2021-11-26,0.1222589614418117,1,0.46830896206904815,0
2021-11-29,0.1468057308899398,1,0.5622942606152718,0
2021-11-30,0.4166777794228823,0,1.5955872609120476,0
2021-12-01,-0.10933554813019963,1,-0.41842601826261355,0
2021-12-02,-0.4715532449081219,0,-1.805294397922022,0
2021-12-03,-0.18112239513230965,1,-0.6932853337192912,0
2021-12-06,-0.24501819581447393,1,-0.937931209244926,0
2021-12-07,0.2771172593616676,0,1.0612343730121805,0
2021-12-08,-0.02931343385353595,1,-0.112035300881847,0
2021-12-09,-0.053385394122959395,1,-0.2042026379033434,0
2021-12-10,0.006287482435202385,1,0.024274397752298196,0
2021-12-13,-0.4296783933565991,0,-1.644962895523494,0
2021-12-14,-0.01564687178461266,1,-0.059708418565925785,0
2021-12-15,-0.021806914029908364,1,-0.08329414583259939,0
2021-12-16,-0.4990862210245324,0,-1.9107133609197868,0
2021-12-17,0.4934708683659139,0,1.8896146035262877,0
2021-12-20,0.07983643835973797,1,0.3058805209098875,0
2021-12-21,0.3459677924712561,0,1.3248510547529537,0
2021-12-22,-0.05592222730348753,1,-0.21391572965408231,0
2021-12-23,0.102722277722409,1,0.39350640787341934,0
2021-12-27,-0.03343649095721857,1,-0.12782176735074885,0
2021-12-28,-0.27610252320995843,0,-1.0569476768312933,0
2021-12-29,-0.13233966464123018,1,-0.5065047677962385,0
2021-12-30,-0.09764228677098336,1,-0.37365456016311327,0
2021-12-31,-0.18466948039011075,1,-0.7068665044565577,0
2022-01-03,0.599607834235725,0,2.295994532467415,0
2022-01-04,-0.20895411349165266,1,-0.7998481286559072,0
2022-01-05,-0.16150921390664347,1,-0.61818988391557,0
2022-01-06,0.018995993138314855,1,0.07293306850055777,0
2022-01-07,-0.05638129140761966,1,-0.21567340603467025,0
2022-01-10,0.10990008901307308,1,0.42098899528628,0
2022-01-11,0.32118444924219797,0,1.2299599564648984,0
2022-01-12,-0.019351310868127546,1,-0.07389206965476572,0
2022-01-13,-0.2897405916603346,0,-1.1091654620519136,0
2022-01-14,0.5646527442258366,0,2.162157590004096,0
2022-01-18,-0.1501991198330085,1,-0.5748855065170395,0
2022-01-19,-0.0241595467182818,1,-0.09230196602880218,0
2022-01-20,-0.08612243434235045,1,-0.3295470546112547,0
2022-01-21,-0.2801122058966728,0,-1.07230005243342,0
2022-01-24,0.057475154759282165,1,0.2202630664620934,0
2022-01-25,-0.12056016891304283,1,-0.46140313333973065,0
2022-01-26,0.3086749358878741,0,1.182063211854224,0
2022-01-27,-0.14512811962704103,1,-0.5554695312583418,0
2022-01-28,-0.2112837783756939,1,-0.8087680091355751,0
2022-01-31,0.29117353229782583,0,1.1150533902618323,0
2022-02-01,0.29939794126190006,0,1.1465432176091006,0
2022-02-02,-0.22762285264637272,1,-0.8713274745081467,0
2022-02-03,-0.4165345970068236,0,-1.594637591960641,0
2022-02-04,0.40165775770156226,0,1.5380782176698349,0
2022-02-07,0.09930323288836201,1,0.38041548158473276,0
2022-02-08,0.07683247578720731,1,0.2943788721981257,0
2022-02-09,0.09130564559356935,1,0.34979411484484624,0
2022-02-10,0.3083181822191051,0,1.1806972642847253,0
2022-02-11,-0.1586884397207169,1,-0.6073896315827316,0
2022-02-14,0.17636743820247344,1,0.6754808814932556,0
2022-02-15,0.4443368072854791,0,1.7014888540588684,0
2022-02-16,-0.05326111562588215,1,-0.2037267972158198,0
2022-02-17,-0.1794549215736636,1,-0.6869008683191311,0
2022-02-18,-0.21825061842561183,1,-0.8354428244671404,0
2022-02-22,-0.11088273223055367,1,-0.42434991630895436,0
2022-02-23,0.15291881876738544,1,0.5857002077976551,0
2022-02-24,0.2808376986381985,0,1.0754792860491798,0
2022-02-25,-0.5399228047246551,0,-2.06706951681942,0
2022-02-28,0.1570441515721624,1,0.6014953875290987,0
2022-03-01,-0.0216265995894086,1,-0.08260375329200959,0
2022-03-02,-0.1511810526529711,1,-0.578645156007028,0
2022-03-03,-0.5475206451610977,0,-2.0961603225661647,0
2022-03-04,-0.4775115300619164,0,-1.8281076324776433,0
2022-03-07,-0.2826406583774661,0,-1.081981055946712,0
2022-03-08,0.5039802427576161,0,1.9298531649315034,0
2022-03-09,0.10280334057241414,1,0.39381678338636983,0
2022-03-10,-0.10156064372358167,1,-0.3886572654591744,0
2022-03-11,-0.15836774538992732,1,-0.6061617489285587,0
2022-03-14,-0.5465979698693003,0,-2.0926275598152846,0
2022-03-15,0.07475229566864161,1,0.2864142253680629,0
2022-03-16,0.39457278227692505,0,1.5109510825947154,0
2022-03-17,0.10383943516655125,1,0.3977838088622836,0
2022-03-18,0.2958543458524213,0,1.1329754088923294,0
2022-03-21,-0.03321080083331247,1,-0.1269576392332354,0
2022-03-22,0.16075058551736177,1,0.6156866765953666,0
2022-03-23,-0.014480666703829748,1,-0.05524322273169909,0
2022-03-24,0.3017578700741577,0,1.1555789733909998,0
2022-03-25,-0.30301329254434073,0,-1.159984318591635,0
2022-03-28,-0.05872999907068835,1,-0.22466619799361975,0
2022-03-29,-0.1235604540864984,1,-0.47289070193187926,0
2022-03-30,-0.19363596140070005,1,-0.7411975962309804,0
2022-03-31,0.19836836451430162,1,0.7597185907396884,0
2022-04-01,-0.38225408254853577,0,-1.463383481618801,0
2022-04-04,0.44252539718220485,0,1.6945532807360475,0
2022-04-05,-0.5565649603356461,0,-2.1307894277778443,0
2022-04-06,-0.6595892615741743,0,-2.525251506785049,0
2022-04-07,-0.0438100301223394,1,-0.16754023936699916,0
2022-04-08,-0.19859444378493973,1,-0.7601827603766637,0
2022-04-11,-0.08956929974102207,1,-0.34274450098917325,0
2022-04-12,0.08133453869204557,1,0.3116164857700155,0
2022-04-13,0.3118141620955107,0,1.1940827614308938,0
2022-04-14,-0.19367965370439288,1,-0.7413648864406114,0
2022-04-18,0.24723976791088886,1,0.9468386697507961,0
2022-04-19,-0.04291837876466509,1,-0.16412626184839918,0
2022-04-20,-0.593058998811692,0,-2.2705187354807,0
2022-04-21,-0.26115548773614206,1,-0.9997180851998473,0
2022-04-22,0.22042540976332758,1,0.8441711696078764,0
2022-04-25,0.25149247856179335,1,0.9631215570366601,0
2022-04-26,-0.17874549727212585,1,-0.6841846064127785,0
2022-04-27,0.008826068088988392,1,0.03399419941745917,0
2022-04-28,0.38761613253650373,0,1.4843152841807263,0
2022-04-29,0.35647351040521635,0,1.3650756162192679,0
2022-05-02,0.6721386811175052,0,2.573702493688128,0
2022-05-03,-0.05193983797615909,1,-0.19866785556428834,0
2022-05-04,-0.026855237740155635,1,-0.10262329674462504,0
2022-05-05,-0.12657449799027143,1,-0.48443095030249056,0
2022-05-06,-0.05612587009075476,1,-0.21469544236530244,0
2022-05-09,-0.4553050189297426,0,-1.7430827748140805,0
2022-05-10,0.7293299308180671,0,2.7926778129739342,0
2022-05-11,-0.28475561136548916,0,-1.0900788420285272,0
2022-05-12,-0.09023281625853846,1,-0.34528498999816115,0
2022-05-13,0.40580158514855935,0,1.5539442101603358,0
2022-05-16,-0.0663396928719813,1,-0.253802388206805,0
2022-05-17,0.22782759883525605,1,0.8725128604071862,0
2022-05-18,0.050665239923231686,1,0.19418909040210441,0
2022-05-19,0.06841856199284771,1,0.2621634639108499,0
2022-05-20,-0.05267738376933853,1,-0.20149178975693086,0
2022-05-23,-0.13419967687383627,1,-0.513626430194646,0
2022-05-24,-0.6705363548311469,0,-2.5671660173744817,0
2022-05-25,0.2587913489993388,1,0.9910676588066927,0
2022-05-26,0.17794145169856745,1,0.6815075046160577,0
2022-05-27,-0.024784843959795744,1,-0.09469612009653021,0
2022-05-31,0.17629751540880373,1,0.6752131593128635,0
2022-06-01,0.12169532647065157,1,0.46615090207881116,0
2022-06-02,0.13823232810456543,1,0.5294681968009198,0
2022-06-03,-0.09405291179822312,1,-0.3599114694838247,0
2022-06-06,0.05327531470923283,1,0.20418261148473288,0
2022-06-07,-0.10117391900664274,1,-0.3871765639740557,0
2022-06-08,0.41478800495156554,0,1.5883516440930172,0
2022-06-09,0.09986535616144432,1,0.38256775354671385,0
2022-06-10,-0.05914116177254103,1,-0.22624046826027772,0
2022-06-13,0.003742625863214055,1,0.014530585835171092,0
2022-06-14,0.4496304885925558,0,1.7217574364116517,0
2022-06-15,0.06640356457505481,1,0.25444839027228694,0
2022-06-16,-0.27377559720418776,0,-1.048038283038783,0
2022-06-17,0.05032123115292716,1,0.19287194082574516,0
2022-06-21,-0.04522715270556299,1,-0.17296615455075956,0
2022-06-22,-0.4720674648584853,0,-1.8072632564170452,0
2022-06-23,-0.4718381979665568,0,-1.8063854334786664,0
2022-06-24,-0.02250864776877881,1,-0.08598096191595679,0
2022-06-27,-0.10507582104686691,1,-0.4021162662808517,0
2022-06-28,-0.02638586528370379,1,-0.10082615148108141,0
2022-06-29,-0.23669289652678302,1,-0.9060550904467368,0
2022-06-30,-0.3266378670459235,0,-1.250438693545162,0
2022-07-01,-0.6568558552511478,0,-2.514785770759758,0
2022-07-05,0.4593762451436204,0,1.7590722383022308,0
2022-07-06,-0.20403857583345464,1,-0.7810273923754278,0
2022-07-07,0.5554752352936321,0,2.1270185091272173,0
2022-07-08,0.1576849186363386,1,0.6039487728494134,0
2022-07-11,-0.3745426212687606,0,-1.433857641481716,0
2022-07-12,0.045292784827140616,1,0.17361889695162558,0
2022-07-13,0.22926580017079926,1,0.8780194824568308,0
2022-07-14,0.2520148292403178,1,0.9651215466715768,0
2022-07-15,0.01271432611158263,1,0.04888166116066366,0
2022-07-18,0.3039862302459932,0,1.1641109757981207,0
2022-07-19,0.03627173879515255,1,0.1390788852279941,0
2022-07-20,0.45432954353560323,0,1.7397492981367024,0
2022-07-21,-0.07447035012346306,1,-0.28493325659958263,0
2022-07-22,-0.534108590290096,0,-2.044807903917627,0
2022-07-25,-0.07165461177444003,1,-0.27415228560785154,0
2022-07-26,-0.2748568051590198,0,-1.0521780397037153,0
2022-07-27,0.48161612179125435,0,1.8442248467045743,0
2022-07-28,-0.4707314750222418,0,-1.8021479843695605,0
2022-07-29,-0.050056120108709745,1,-0.1914554284250184,0
2022-08-01,0.13848922618916487,1,0.5304518147563521,0
2022-08-02,0.22749271720831565,1,0.8712306570707289,0
2022-08-03,0.18965804569639144,1,0.726368299318896,0
2022-08-04,-0.09509274374513971,1,-0.36389280463162804,0
2022-08-05,-0.11050960765290199,1,-0.42292128738490664,0
2022-08-08,-0.18086959149783868,1,-0.6923173926992098,0
2022-08-09,-0.42982836317798884,0,-1.645537103810496,0
2022-08-10,0.08477481844980905,1,0.3247887168776241,0
2022-08-11,0.004305310101778648,1,0.016685005636135185,0
2022-08-12,-0.12556368448074573,1,-0.48056072168979735,0
2022-08-15,-0.08695317071760003,1,-0.33272779928749535,0
2022-08-16,-0.11721320676251418,1,-0.4485881990729188,0
2022-08-17,-0.27806146604589665,0,-1.0644481272534843,0
2022-08-18,0.2685578217000084,1,1.0284617792206103,-1
2022-08-19,-0.10069024167564045,1,-0.38532464784104464,0
2022-08-22,0.06635744392962117,1,0.25427180236570374,0
2022-08-23,0.41051764588036854,0,1.572001184084251,0
2022-08-24,-0.011235243593591543,1,-0.04281706373879702,0
2022-08-25,0.0699418249335193,1,0.26799577200931274,0
2022-08-26,0.06211787655069689,1,0.2380392383756829,0
2022-08-29,-0.06145540850226072,1,-0.23510131531642317,0
2022-08-30,0.04527705549528582,1,0.17355867208360662,0
2022-08-31,0.13562006160515516,1,0.5194662840299464,0
2022-09-01,-0.46812686744364085,0,-1.7921753962704274,0
2022-09-02,0.21877678441653134,1,0.8378588707232127,0
2022-09-06,-0.31876490154538245,0,-1.2202944819177985,0
2022-09-07,-0.4269403085437027,0,-1.634479246376556,0
2022-09-08,0.08485056481117348,1,0.32507873648291963,0
2022-09-09,0.2323085668692022,1,0.8896697053979893,0
2022-09-12,-0.06870703002010431,1,-0.2628665092145034,0
2022-09-13,0.09177164708158081,1,0.35157835325822656,0
2022-09-14,0.29794915601910754,0,1.1409960716247396,0
2022-09-15,0.050292038156093954,1,0.1927601659329787,0
2022-09-16,-0.08483952609509032,1,-0.3246350227090139,0
2022-09-19,-0.12794756287462294,1,-0.4896881762422141,0
2022-09-20,0.3141855444171169,0,1.2031623707022632,0
2022-09-21,0.09438380071127794,1,0.36157983387075615,0
2022-09-22,-0.037066029218069896,1,-0.14171863625449238,0
2022-09-23,-0.21609905776610816,1,-0.8272048739966689,0
2022-09-26,0.3721275913222805,0,1.4250123615236163,0
2022-09-27,0.48488024738700497,0,1.856722614252246,0
2022-09-28,-0.07869012777620554,1,-0.3010900491799573,0
2022-09-29,0.24089757172124482,1,0.9225555068041594,0
2022-09-30,-0.14410965514720286,1,-0.5515700084148739,0
2022-10-03,-0.13986200673408566,1,-0.5353065035544958,0
2022-10-04,0.105303781343425,1,0.403390534948962,0
2022-10-05,0.5128655129968186,0,1.963873314827807,0
2022-10-06,0.6413683773497829,0,2.455888367797607,0
2022-10-07,0.05618710241849523,1,0.215331338723018,0
2022-10-10,-0.4567329176319134,0,-1.7485499498776211,0
2022-10-11,-0.44708511164707515,0,-1.7116101836196944,0
2022-10-12,0.47055948156729627,0,1.8018908998867322,0
2022-10-13,-0.24915598246270843,1,-0.9537740725706559,0
2022-10-14,0.047868852215454005,1,0.18348220964038703,0
2022-10-17,-0.3488816551420658,0,-1.3356062782015734,0
2022-10-18,-0.2863592894722279,0,-1.0962190457711167,0
2022-10-19,0.608253635510051,0,2.32909779746756,0
2022-10-20,0.6377126285329603,0,2.4418911432469326,0
2022-10-21,0.08782139301846548,1,0.33645351948977975,0
2022-10-24,-0.22731450823305133,1,-0.8701468775337745,0
2022-10-25,-0.30540347272383683,0,-1.1691359015819718,0
2022-10-26,-0.083978950067914,1,-0.32134002721044913,0
2022-10-27,-0.3530825519499891,0,-1.3516907793205042,0
2022-10-28,-0.27703730711897046,0,-1.0605268013653937,0
2022-10-31,-0.0495292953450997,1,-0.18943830829871966,0
2022-11-01,0.04431565850894181,1,0.16987765071849692,0
2022-11-02,-0.07667339171385601,1,-0.2933683185746572,0
2022-11-03,-0.23922292513824386,1,-0.9157421286894318,0
2022-11-04,0.08260649567998979,1,0.3164865872105539,0
2022-11-07,0.27659079892107336,0,1.0592186478151606,0
2022-11-08,-0.10045924456553268,1,-0.3844402001990577,0
2022-11-09,-0.1557395596466412,1,-0.5960988841495639,0
2022-11-10,-0.3164114970352876,0,-1.2112837065508526,0
2022-11-11,0.7265753563397365,0,2.782131027774326,0
2022-11-14,0.2872689865660453,0,1.100103565721204,0
2022-11-15,0.0526567803612456,1,0.20181435135667328,0
2022-11-16,-0.5055037465619678,0,-1.935284946799487,0
2022-11-17,0.2338967590673609,1,0.8957506162978189,0
2022-11-18,-0.4220800501391877,0,-1.6158701647161193,0
2022-11-21,-0.4318860801385483,0,-1.653415743126781,0
2022-11-22,0.199716300937966,1,0.7648796041865755,0
2022-11-23,-0.00854598452427141,1,-0.03252035984738265,0
2022-11-25,-0.2841318662436287,0,-1.0876906307562175,0
2022-11-28,0.1723490088371904,1,0.6600950163845645,0
2022-11-29,-0.1165236135579705,1,-0.4459478669778363,0
2022-11-30,0.1219704569044836,1,0.4672043285192028,0
2022-12-01,0.0012280109375703424,1,0.0049025639068746695,0
2022-12-02,-0.059604621631836247,1,-0.22801497522063757,0
2022-12-05,0.10738055952634085,1,0.41134215636081806,0
2022-12-06,-0.27989047134345496,0,-1.0714510695061052,0
2022-12-07,-0.05071806291970912,1,-0.1939898919862528,0
2022-12-08,0.08408766855472244,1,0.3221577397882684,0
2022-12-09,-0.07031401305817192,1,-0.26901936696267514,0
2022-12-12,-0.030470493270042365,1,-0.11646547956282889,0
2022-12-13,0.02039889736248049,1,0.07830454406758071,0
2022-12-14,0.045552656245063605,1,0.17461389928171772,0
2022-12-15,-0.19259037818706382,1,-0.7371942404860957,0
2022-12-16,0.3464246659799466,0,1.3266003437256992,0
2022-12-19,-0.07291693263947208,1,-0.2789854920145794,0
2022-12-20,0.0715587993477604,1,0.2741868849940661,0
2022-12-21,-0.1726244236100729,1,-0.6607480830540868,0
2022-12-22,-0.3303376236437164,0,-1.264604416212934,0
2022-12-23,-0.11901760030952,1,-0.4554969072256796,0
2022-12-27,-0.23582938742931311,1,-0.9027488647336307,0
2022-12-28,0.024063137825181435,1,0.09233428164913293,0
2022-12-29,0.07032484872835099,1,0.2694623033092312,0
2022-12-30,0.29394340872294816,0,1.1256587639466014,0
2023-01-03,-0.22648672480844179,1,-0.8669774391904541,0
2023-01-04,-0.06596768098155592,1,-0.2523780195680618,0
2023-01-05,0.4389250728911524,0,1.6807682670268977,0
2023-01-06,-0.16658155108002726,1,-0.6376109781892988,0
2023-01-09,0.2926666627254487,0,1.1207703262238184,0
2023-01-10,0.06950414815936798,1,0.2663199839846488,0
2023-01-11,-0.32058552298907406,0,-1.227265323856352,0
2023-01-12,0.20725564533524277,1,0.7937464388027653,0
2023-01-13,0.10692250929808442,1,0.4095883619341087,0
2023-01-17,0.15683687385562411,1,0.6007017573077371,0
2023-01-18,0.32168494308288487,0,1.2318762600802033,0
2023-01-19,0.20716443410908236,1,0.7933972069276883,0
2023-01-20,0.08226483654134731,1,0.3151784339639845,0
2023-01-23,0.35212241179370346,0,1.3484160185939564,0
2023-01-24,-0.2525148604824119,1,-0.966634630622064,0
2023-01-25,0.03868037121164333,1,0.14830111861517659,0
2023-01-26,0.243609213260621,1,0.9329379092692645,0
2023-01-27,-0.12423503888405092,1,-0.4754735694544954,0
2023-01-30,-0.2147824205577854,1,-0.8221636997858313,0
2023-01-31,-0.26791733691465913,1,-1.0256080262411897,1
2023-02-01,0.2083931886359222,1,0.7981018936804241,0
2023-02-02,0.02597771941162963,1,0.09966488058491907,0
2023-02-03,0.11992913720995552,1,0.4593884714743916,0
2023-02-06,-0.21245813033453262,1,-0.813264397944825,0
2023-02-07,0.37104086693341154,0,1.4208514833949832,0
2023-02-08,-0.15569217090690624,1,-0.5959174409310934,0
2023-02-09,0.25858778237298385,1,0.990288237702321,0
2023-02-10,-0.3051777727417546,0,-1.1682717357192214,0
2023-02-13,-0.07789864022125026,1,-0.29805958139048755,0
2023-02-14,0.4132885956194737,0,1.582610667301043,0
2023-02-15,-0.11327015966279583,1,-0.433490959510215,0
2023-02-16,-0.1489172920200516,1,-0.5699776114092866,0
2023-02-17,-0.42668287828829277,0,-1.6334935908319168,0
2023-02-21,0.2324892298021729,1,0.890361432255463,0
2023-02-22,0.04947598370309047,1,0.18963563577606404,0
2023-02-23,0.10647633999393713,1,0.4078800574934345,0
2023-02-24,-0.1622029198490673,1,-0.6208459629666144,0
2023-02-27,0.15852486451382997,1,0.6071647791033328,0
2023-02-28,0.10939996641129472,1,0.419074113080001,0
2023-03-01,0.4249414339262477,0,1.6272273525836982,0
2023-03-02,-0.08564917899316798,1,-0.32773504242873497,0
2023-03-03,-0.09921797802990023,1,-0.37968760714711347,0
2023-03-06,-0.05596488032582833,1,-0.21407904063669736,0
2023-03-07,0.367837713799195,0,1.4085871687671547,0
2023-03-08,0.011482281533761435,1,0.04416437737660094,0
2023-03-09,0.14600680783537834,1,0.5592353235947773,0
2023-03-10,0.3659472905303186,0,1.4013490678154377,0
2023-03-13,-0.0657199687236637,1,-0.2514295725408162,0
2023-03-14,-0.03825225689709577,1,-0.1462604951248678,0
2023-03-15,-0.07475219809519784,1,-0.28601240332086986,0
2023-03-16,0.22219644972103647,1,0.8509521726850555,0
2023-03-17,0.4999909694662774,0,1.9145789333442778,0
2023-03-20,-0.20235867081305992,1,-0.7745953290766405,0
2023-03-21,0.23824248291321076,1,0.9123896348829219,0
2023-03-22,0.41190837821494797,0,1.57732605560918,0
2023-03-23,0.5166179820825179,0,1.9782408644171812,0
2023-03-24,-0.6306158833404142,0,-2.414317495327983,0
2023-03-27,-0.13456893991851696,1,-0.5150402739825115,0
2023-03-28,-0.11221736807943197,1,-0.4294600041749927,0
2023-03-29,-0.050898174131275176,1,-0.1946795063987045,0
2023-03-30,0.020979220762761736,1,0.08052650114197495,0
2023-03-31,-0.1419335819586972,1,-0.543238203746552,0
2023-04-03,0.10162937172347823,1,0.38932186143811237,0
2023-04-04,0.02831842853322164,1,0.10862704752373269,0
2023-04-05,-0.2770157678272438,0,-1.0604443311744514,0
2023-04-06,-0.22847060001361036,1,-0.8745733513054977,0
2023-04-10,0.1187595128811752,1,0.45491018393599914,0
2023-04-11,-0.19485487868514584,1,-0.7458646178984905,0
2023-04-12,-0.1561450332554243,1,-0.5976513718712018,0
2023-04-13,0.2449601759524031,1,0.9381105097689052,0
2023-04-14,0.20303584321550394,1,0.7775895525425294,0
2023-04-17,-0.4570164258960752,0,-1.749635453569008,0
2023-04-18,0.021900892869915714,1,0.08405542287384053,0
2023-04-19,-0.3499531069689747,0,-1.3397086803544402,0
2023-04-20,-0.03238115035805499,1,-0.12378105227865195,0
2023-04-21,-0.012704802209615465,1,-0.04844374734578042,0
2023-04-24,-0.024530529745284663,1,-0.09372239532896431,0
2023-04-25,-0.2717961730547801,1,-1.0404594132398546,1
2023-04-26,0.34241441190390776,0,1.311245780373516,0
2023-04-27,-0.3687703308564406,0,-1.411756548348307,0
2023-04-28,0.0014888788890526916,1,0.005901381790141179,0
2023-05-01,0.04255610651540992,1,0.16314063305231646,0
2023-05-02,0.063109779025314,1,0.24183705993434573,0
2023-05-03,-0.10399001990045728,1,-0.3979589230865551,0
2023-05-04,-0.14809486439444575,1,-0.5668286794861442,0
2023-05-05,-0.08819980133634331,1,-0.3375009304780189,0
2023-05-08,0.16614648706853657,1,0.6363466424326173,0
2023-05-09,-0.11868952668332967,1,-0.4542407705365809,0
2023-05-10,-0.02026893107061925,1,-0.07740547735044952,0
2023-05-11,0.06750966500650138,1,0.2586834558882041,0
2023-05-12,-0.004242823291894543,1,-0.016044306085109813,0
2023-05-15,0.3887909362603795,0,1.4888134027195024,0
2023-05-16,0.35324381050105474,0,1.3527096586398484,0
2023-05-17,0.11771096269330089,1,0.4508954681642836,0
2023-05-18,0.3922576334316985,0,1.5020867814956496,0
2023-05-19,0.03053591833072669,1,0.1171174291636519,0
2023-05-22,0.07557745995362142,1,0.2895736354825952,0
2023-05-23,0.03664017435682099,1,0.14048956072774277,0
2023-05-24,0.21117232334797253,1,0.8087427157309257,0
2023-05-25,0.5227917370492285,0,2.001879095302255,0
2023-05-26,0.45348537080409723,0,1.7365171079960473,0
2023-05-30,-0.009815144615842208,1,-0.03737975245956731,0
2023-05-31,-0.05178878220652794,1,-0.19808948937089113,0
2023-06-01,0.07730923483382196,1,0.2962042994269665,0
2023-06-02,-0.4774911493046108,0,-1.828029598112917,0
2023-06-05,-0.05109119772084714,1,-0.19541856005424643,0
2023-06-06,-0.09778201628409933,1,-0.3741895600959425,0
2023-06-07,-0.4779894621026128,0,-1.8299375508962188,0
2023-06-08,0.11897668475706544,1,0.4557416971676902,0
2023-06-09,0.0815010497874644,1,0.31225402770999533,0
2023-06-12,0.3664630905746106,0,1.4033239762144991,0
2023-06-13,0.02755350706500803,1,0.10569829664649845,0
2023-06-14,0.1501773748421937,1,0.5752036971956653,0
2023-06-15,-0.2085219342053642,1,-0.7981933895533482,0
2023-06-16,-0.09404084477899234,1,-0.35986526697202925,0
2023-06-20,0.09304346238906985,1,0.3564479122290153,0
2023-06-21,-0.36158454364880455,0,-1.3842434225405926,0
2023-06-22,0.327767447855835,0,1.2551651098900565,0
2023-06-23,0.04241192243688652,1,0.16258857736554796,0
2023-06-26,-0.3336529848120843,0,-1.2772983558311828,0
2023-06-27,0.12718578441694495,1,0.4871729078595849,0
2023-06-28,0.18662817394026948,1,0.7147674488624784,0
2023-06-29,-0.2036838937902623,1,-0.7796693766989105,0
2023-06-30,-0.03291772178099306,1,-0.12583549066341676,0
2023-07-03,-0.017320914659473427,1,-0.06611803673199226,0
2023-07-05,-0.20089256911070907,1,-0.768981881389125,0
2023-07-06,-0.02893289031805435,1,-0.11057826606235058,0
2023-07-07,0.17642110507477915,1,0.6756863625862505,0
2023-07-10,0.1338464788780384,1,0.5126755451322377,0
2023-07-11,-0.21813105888426482,1,-0.8349850518379847,0
2023-07-12,-0.013351443291298087,1,-0.0509196232545277,0
2023-07-13,0.15300552608954185,1,0.5860321950099127,0
2023-07-14,-0.1542776908716954,1,-0.5905016436027366,0
2023-07-17,0.3201432426697102,0,1.2259733581155579,0
2023-07-18,0.15792830537574098,1,0.6048806582208577,0
2023-07-19,-0.3096660133251227,0,-1.185456426033217,0
2023-07-20,-0.5507018582290786,0,-2.108340632507363,0
2023-07-21,-0.07273852348582298,1,-0.2783023944850033,0
2023-07-24,-0.05494419317598245,1,-0.21017100757746826,0
2023-07-25,0.2510759045030339,1,0.9615265676283042,0
2023-07-26,-0.2250783175586904,1,-0.8615848934983511,0
2023-07-27,0.5663697922050417,0,2.168731867213356,0
2023-07-28,0.23791236186396464,1,0.9111256589680727,0
2023-07-31,0.10428757115216368,1,0.39949964338324134,0
2023-08-01,0.03383193296337633,1,0.12973729427123415,0
2023-08-02,-0.42669462226591937,0,-1.6335385564737577,0
2023-08-03,0.2597177542320943,1,0.9946147028508917,0
2023-08-04,0.12075817165995845,1,0.46256269977572806,0
2023-08-07,-0.04395547427155605,1,-0.1680971196446591,0
2023-08-08,-0.0030470986558104873,1,-0.011466085022704207,0
2023-08-09,-0.11205017688334937,1,-0.42881985824820057,0
2023-08-10,0.10060698334565396,1,0.38540731467369765,0
2023-08-11,-0.24810550397730602,1,-0.9497519736840565,0
2023-08-14,0.39843735029664995,0,1.525747839449159,0
2023-08-15,0.08421670832267247,1,0.3226518105514598,0
2023-08-16,-0.30280465175074256,0,-1.1591854693859713,0
2023-08-17,0.12496982278645036,1,0.47868837730459196,0
2023-08-18,-0.06125710846441057,1,-0.2343420590607901,0
2023-08-21,0.3905039222299454,0,1.495372127202386,0
2023-08-22,0.0071561483405478965,1,0.027600367983262715,0
2023-08-23,-0.05278363144524345,1,-0.20189859357528536,0
2023-08-24,-0.3036547433191198,0,-1.162440321720589,0
2023-08-25,0.047169494832347614,1,0.18080449220874464,0
2023-08-28,0.06519431220985195,1,0.2498183738947149,0
2023-08-29,0.07991505236024143,1,0.30618152020524664,0
2023-08-30,0.08107975168866052,1,0.3106409507763193,0
2023-08-31,0.2737330435312067,1,1.0482768009030337,-1
2023-09-01,0.10405435764148727,1,0.3986067095300818,0
2023-09-05,0.4520286150612885,0,1.7309394443574113,0
2023-09-06,-0.07017883727381904,1,-0.26850180246297706,0
2023-09-07,-0.40267512190238014,0,-1.5415720792813583,0
2023-09-08,0.07122780115181912,1,0.2729195506375211,0
2023-09-11,-0.02109358889198332,1,-0.08056294830413914,0
2023-09-12,-0.16625378910215033,1,-0.6363560347472317,0
2023-09-13,0.01015590955793158,1,0.03908593043900527,0
2023-09-14,-0.1632795498404802,1,-0.6249681914081447,0
2023-09-15,-0.16631731862945648,1,-0.6365992782258892,0
2023-09-18,0.07979865921903714,1,0.3057358711699251,0
2023-09-19,-0.0397480062867214,1,-0.1519874586355393,0
2023-09-20,-0.2164735458751994,1,-0.8286387236447591,0
2023-09-21,0.23501566707024146,1,0.9000347198707438,0
2023-09-22,0.13157617460443333,1,0.5039829460757125,0
2023-09-25,0.09797462556733906,1,0.37532847590030194,0
2023-09-26,0.2920633133893642,0,1.1184602068576266,0
2023-09-27,0.2744580181755301,1,1.0510526023594804,-1
2023-09-28,0.24118433936843064,1,0.9236534901046143,0
2023-09-29,0.015696900900424082,1,0.06030141977933111,0
2023-10-02,0.6100940794308771,0,2.336144536213445,0
2023-10-03,-0.16125511666067283,1,-0.6172169898826998,0
2023-10-04,-0.17566133894645533,1,-0.6723759021507164,0
2023-10-05,-0.10170200095728088,1,-0.38919849765019504,0
2023-10-06,0.05117304480238005,1,0.1961333867084205,0
2023-10-09,-0.22253704256655757,1,-0.851854794825759,0
2023-10-10,0.0042121202129706825,1,0.016328197806916994,0
2023-10-11,-0.1953340969832801,1,-0.7476994611724349,0
2023-10-12,0.3214949322125586,0,1.2311487416011473,0
2023-10-13,-0.30733727797389,0,-1.1765401045725352,0
2023-10-16,-0.07714363620918563,1,-0.2951688027229549,0
2023-10-17,-0.07754638738794001,1,-0.2967108667348838,0
2023-10-18,0.2771899491221712,0,1.06151268942594,0
2023-10-19,0.21168315814863137,1,0.8106986130781989,0
2023-10-20,0.03411437651080351,1,0.13081872134796185,0
2023-10-23,0.13700595650316477,1,0.5247726338540393,0
2023-10-24,-0.10156631018958406,1,-0.3886789613691011,0
2023-10-25,-0.3686650257146604,0,-1.4113533533287108,0
2023-10-26,-0.5154818895811398,0,-1.9734895159414891,0
2023-10-27,0.5170679091780258,0,1.9799635567855072,0
2023-10-30,-0.18426297536274572,1,-0.705310067613079,0
2023-10-31,-0.19365199798229504,1,-0.7412589975046613,0
2023-11-01,-0.03541300813396142,1,-0.1353895068584046,0
2023-11-02,-0.2085897444334125,1,-0.7984530230884688,0
2023-11-03,-0.12957658394333083,1,-0.49592541376563387,0
2023-11-06,0.11961425032813172,1,0.4581828245293206,0
2023-11-07,0.12751364747413102,1,0.48842823831669563,0
2023-11-08,-0.042665265763141585,1,-0.16315713631583625,0
2023-11-09,0.10737572578970406,1,0.41132364882638006,0
2023-11-10,0.12963755121002485,1,0.49656029525083706,0
2023-11-13,0.11870699750969407,1,0.4547091117388064,0
2023-11-14,-0.49474310035524205,0,-1.8940843094436606,0
2023-11-15,0.1164807664721748,1,0.4461852614155992,0
2023-11-16,-0.21613486229454226,1,-0.8273419632906918,0
2023-11-17,0.10429955699196664,1,0.39954553507316776,0
2023-11-20,0.15812191971549328,1,0.6056219737557961,0
2023-11-21,-0.16083940678843384,1,-0.6156253092937914,0
2023-11-22,-0.07439430469057853,1,-0.28464209190160344,0
2023-11-24,-0.07037302043189238,1,-0.2692452959040483,0
2023-11-27,-0.014148108466182946,1,-0.053969915247580276,0
2023-11-28,-0.02374304559172566,1,-0.09070725586513123,0
2023-11-29,0.09268547188931396,1,0.3550772290494071,0
2023-11-30,-0.26844983163352265,1,-1.027646855637149,1
2023-12-01,-0.3594521937690748,0,-1.3760790267949565,0
2023-12-04,-0.24885993869706866,1,-0.9526405726306659,0
2023-12-05,0.0563525301340409,1,0.21596473259043647,0
2023-12-06,-0.20676567674429974,1,-0.7914689860773233,0
2023-12-07,0.23986636405890244,1,0.9186071925376647,0
2023-12-08,0.14621893684496895,1,0.5600475285710297,0
2023-12-11,0.09125413085828488,1,0.3495968739091104,0
2023-12-12,-0.01651143239490318,1,-0.06301867033820761,0
2023-12-13,-0.5094499836768076,0,-1.9503944003736593,0
2023-12-14,0.07048955163055648,1,0.2700929219927987,0
2023-12-15,0.4173197728400639,0,1.5980453417241083,0
2023-12-18,0.03666141719935274,1,0.14057089586642715,0
2023-12-19,0.0283207593638245,1,0.10863597186754637,0
2023-12-20,0.08599924070010223,1,0.3294768160991377,0
2023-12-21,0.09172093092074995,1,0.351384169924779,0
2023-12-22,-0.08932590158278957,1,-0.3418125718970203,0
2023-12-26,-0.01802872669133193,1,-0.06882812553896982,0
2023-12-27,-0.08453484073153705,1,-0.3234684355979592,0
2023-12-28,-0.1765883142322272,1,-0.6759251288284812,0
2023-12-29,-0.033427180536198156,1,-0.12778611937266998,0
2024-01-02,-0.4842253644019758,0,-1.8538137330777158,0
2024-01-03,0.16774237439078632,1,0.642457016620338,0
2024-01-04,-0.18636067844426868,1,-0.7133418068117907,0
2024-01-05,-0.013114211385085742,1,-0.05001130366578616,0
2024-01-08,0.0563512117986994,1,0.2159596849143699,0
2024-01-09,0.12560175116878783,1,0.4811079208538694,0
2024-01-10,-0.04017858277770938,1,-0.15363606091446677,0
2024-01-11,0.30468255322967075,0,1.1667770750436377,0
2024-01-12,-0.14247625176826859,1,-0.5453159917899997,0
2024-01-16,0.14058516366359158,1,0.5384767937534654,0
2024-01-17,0.10172961035768074,1,0.38970565768394,0
2024-01-18,0.3267886931303432,0,1.2514176287694447,0
2024-01-19,0.1360373691450598,1,0.5210640818096668,0
2024-01-22,-0.053437548421442105,1,-0.20440232761500687,0
2024-01-23,0.20304080028153812,1,0.7776085322837177,0
2024-01-24,0.389595354297564,0,1.4918933790699753,0
2024-01-25,-0.20430588297361185,1,-0.7820508647889486,0
2024-01-26,-0.20284048515288494,1,-0.7764401121413936,0
2024-01-29,0.08551015950977381,1,0.3276042095313572,0
2024-01-30,-0.15775603802694663,1,-0.6038196281352644,0
2024-01-31,-0.07813216061874995,1,-0.2989536902597634,0
2024-02-01,-0.23438204565121246,1,-0.8972072455237926,0
2024-02-02,0.2780748869655303,0,1.064900962069259,0
2024-02-05,0.4485839560991345,0,1.7177504460400521,0
2024-02-06,-0.16602715414715782,1,-0.6354882890362943,0
2024-02-07,0.06447426424572611,1,0.24706143583738827,0
2024-02-08,0.0858387389131181,1,0.32886228275295615,0
2024-02-09,0.09210594727191689,1,0.3528583303753454,0
2024-02-12,-0.15589001909403652,1,-0.596674967129136,0
2024-02-13,0.006577934941995323,1,0.025386489737441887,0
2024-02-14,-0.0807481956218864,1,-0.30897003197416767,0
2024-02-15,-0.3036204789102217,0,-1.162309129275628,0
2024-02-16,-0.0463594788780525,1,-0.17730163395459797,0
2024-02-20,-0.10992362536892404,1,-0.42067766343191165,0
2024-02-21,-0.25893773077172344,1,-0.9912266806244177,0
2024-02-22,0.3527297371702435,0,1.3507413615255155,0
2024-02-23,-0.22885133954114087,1,-0.8760311365443627,0
2024-02-26,0.37068699121150356,0,1.4194965549820178,0
2024-02-27,-0.19027503960684755,1,-0.7283292129248494,0
2024-02-28,-0.2019040264786484,1,-0.7728545752233764,0
2024-02-29,0.15489082941699744,1,0.5932506925989962,0
2024-03-01,0.3414670485369237,0,1.3076184912890643,0
2024-03-04,-0.3593862608034227,0,-1.3758265809701018,0
2024-03-05,-0.1908909142624456,1,-0.7306872895546785,0
2024-03-06,-0.06034954376550322,1,-0.23086715213435846,0
2024-03-07,0.12759445868460212,1,0.48873765034576355,0
2024-03-08,-0.34119162973455386,0,-1.3061625122803446,0
2024-03-11,0.006249559447501593,1,0.0241291972472641,0
2024-03-12,0.2386516992842112,1,0.9139564529882434,0
2024-03-13,-0.1347017573279803,1,-0.5155488086761267,0
2024-03-14,0.17179665620127588,1,0.6579801544880155,0
2024-03-15,-0.23836057377878983,1,-0.9124403357532453,0
2024-03-18,0.07588876921387827,1,0.2907655843387277,0
2024-03-19,-0.12850454620977467,1,-0.49182076827841376,0
2024-03-20,0.05771228181398108,1,0.22117098459267917,0
2024-03-21,0.06725742843077709,1,0.2577176860371521,0
2024-03-22,0.1384845344870341,1,0.5304338510472626,0
2024-03-25,0.08847349471285124,1,0.33895030313207763,0
2024-03-26,0.03118822419884909,1,0.11961499455157355,0
2024-03-27,-0.45610947737499624,0,-1.746162905880002,0
2024-03-28,-0.15806486880568602,1,-0.6050020873179858,0
2024-04-01,0.4133461451910558,0,1.5828310145723115,0
2024-04-02,0.021828068011193913,1,0.0837765891925686,0
2024-04-03,0.14832754525398836,1,0.5681210223665188,0
2024-04-04,-0.08824166154920687,1,-0.3376612059314346,0
2024-04-05,0.05274494615711284,1,0.20215192281036937,0
2024-04-08,-0.19479236123147395,1,-0.7456252494732434,0
2024-04-09,0.02601060352185528,1,0.09979078810702767,0
2024-04-10,0.408522833343114,0,1.5643633948324391,0
2024-04-11,0.42747833537815094,0,1.6369407057336238,0
2024-04-12,-0.2733138391104515,0,-1.0462702918419111,0
2024-04-15,0.019458142984283056,1,0.0747025596483929,0
2024-04-16,0.3064530117266535,0,1.17355585180912,0
2024-04-17,-0.3298910102002882,0,-1.2628944112404241,0
2024-04-18,-0.3086399497582037,0,-1.1815278076108184,0
2024-04-19,-0.6006562671703899,0,-2.2996073508415473,0
2024-04-22,-0.07629835078592573,1,-0.29193235227965997,0
2024-04-23,0.06719896555791227,1,0.25749384189457847,0
2024-04-24,0.08426778072802503,1,0.32284735788304153,0
2024-04-25,0.1080059981300509,1,0.41373685167973734,0
2024-04-26,0.3640901308630363,0,1.3942383273920846,0
2024-04-29,-0.1539816592469833,1,-0.5893681901482408,0
2024-04-30,-0.12583654693860546,1,-0.48160546444579205,0
2024-05-01,-0.3646972497063542,0,-1.396161431088465,0
2024-05-02,0.12776936365399472,1,0.4894073309650532,0
2024-05-03,0.0480613353808588,1,0.1842191941060586,0
2024-05-06,0.021939935781993214,1,0.08420491137396566,0
2024-05-07,-0.25378727256649947,1,-0.9715064745463533,0
2024-05-08,0.017254325412132874,1,0.06626452657452364,0
2024-05-09,-0.332595291125128,0,-1.2732486311963744,0
2024-05-10,-0.02602130531903303,1,-0.09943031496621998,0
2024-05-13,0.13867666200324616,1,0.5311694737942108,0
2024-05-14,0.052963834700558876,1,0.20299000886269478,0
2024-05-15,0.0005497202125280265,1,0.0023055070343216133,0
2024-05-16,0.04625467452882717,1,0.17730180483783797,0
2024-05-17,-0.06794438788621057,1,-0.2599464855107977,0
2024-05-20,0.3623449714709001,0,1.3875564164861598,0
2024-05-21,-0.10226200021291476,1,-0.39134263711985656,0
2024-05-22,0.213609250931099,1,0.8180732863756561,0
2024-05-23,0.31817831550016357,0,1.218449994723822,0
2024-05-24,0.012164375033906827,1,0.04677599441170908,0
2024-05-28,0.3989451904488562,0,1.527692270809861,0
2024-05-29,0.10827795148591457,1,0.4147781136427629,0
2024-05-30,-0.6232715399293085,0,-2.386197285473998,0
2024-05-31,-0.3951675335451572,0,-1.5128268330033576,0
2024-06-03,0.1767864876037914,1,0.6770853485564963,0
2024-06-04,-0.1539632186054073,1,-0.5892975841482307,0
2024-06-05,0.37158611894921756,0,1.4229391582556916,0
2024-06-06,0.10043024681024015,1,0.3847306213075912,0
2024-06-07,0.06460218062244212,1,0.24755120533149666,0
2024-06-10,0.13562008607499015,1,0.5194663777206764,0
2024-06-11,0.16707216916324258,1,0.6398909177073611,0
2024-06-12,0.04637220517238971,1,0.17775180917127573,0
2024-06-13,-0.06145786461191154,1,-0.23511071933185917,0
2024-06-14,0.02789932080910723,1,0.10702235715267758,0
2024-06-17,0.12107384976386615,1,0.46377137617214625,0
2024-06-18,-0.05049017134004903,1,-0.19311733487865518,0
2024-06-20,-0.16997673548460135,1,-0.6506105470554867,0
2024-06-21,0.050404056218824676,1,0.19318906355596588,0
2024-06-24,-0.3887645544791793,0,-1.4883109430255403,0
2024-06-25,0.589777215695597,0,2.2583548088231122,0
2024-06-26,0.08085325176879349,1,0.30977372209132337,0
2024-06-27,-0.08397600871747399,1,-0.3213287652926714,0
2024-06-28,0.010480924886726913,1,0.04033035744083454,0
2024-07-01,0.27756787051852816,0,1.0629596845321054,0
2024-07-02,0.02719042083368642,1,0.10430810279956894,0
2024-07-03,0.11760296090604684,1,0.4504819481595413,0
2024-07-05,0.036501850671513875,1,0.1399599434643764,0
2024-07-08,0.06424066707809765,1,0.2461670330286803,0
2024-07-09,-0.06694045707187257,1,-0.25610260953743597,0
2024-07-10,-0.08524265910332723,1,-0.32617854867942925,0
2024-07-11,-0.8565693629506986,0,-3.279453955895916,0
2024-07-12,-0.05169935746475934,1,-0.19774709763293552,0
2024-07-15,0.09097738909721259,1,0.34853727797777817,0
2024-07-16,-0.373806565397245,0,-1.4310394119392387,0
2024-07-17,-0.7351397114416415,0,-2.814521001131356,0
2024-07-18,0.003047627187698354,1,0.011869557134608041,0
2024-07-19,-0.07300326107090632,1,-0.27931602852035137,0
2024-07-22,0.04261695624568684,1,0.16337361605558373,0
2024-07-23,-0.11656174783625814,1,-0.4460938764776722,0
2024-07-24,-0.3700059613683484,0,-1.416487562048496,0
2024-07-25,-0.21575168631416464,1,-0.8258748492988633,0
2024-07-26,-0.27080191962038924,1,-1.0366525902662937,1
2024-07-29,-0.08253013758615556,1,-0.3157927769328389,0
2024-07-30,-0.42116742436763127,0,-1.6123758798253127,0
2024-07-31,0.600671425785004,0,2.300066838988298,0
2024-08-01,-0.9083340969759774,0,-3.477652093203255,0
2024-08-02,-0.7192154519077286,0,-2.7535497890301044,0
2024-08-05,0.25468270581095254,1,0.9753363807052544,0
2024-08-06,-0.11144105399922072,1,-0.4264876329736224,0
2024-08-07,-0.11980745903941925,1,-0.45852113852812426,0
2024-08-08,0.46712917562844525,0,1.7887568567920153,0
2024-08-09,-0.03285601069437007,1,-0.12559920967694602,0
2024-08-12,0.13150840216397852,1,0.5037234572226962,0
2024-08-13,0.14766498696681946,1,0.5655842022543883,0
2024-08-14,-0.18079614744747635,1,-0.6920361882411513,0
2024-08-15,0.5357157988513823,0,2.051363073610362,0
2024-08-16,-0.10944715604063486,1,-0.41885334548400377,0
2024-08-19,0.08358718002059956,1,0.3202414564908715,0
2024-08-20,-0.09803814103775407,1,-0.37517021710207876,0
2024-08-21,0.007653409130984112,1,0.029504292813095783,0
2024-08-22,-0.42315200870285363,0,-1.6199745070756393,0
2024-08-23,-0.006145530412927203,1,-0.023329439764072073,0
2024-08-26,-0.17581697963716755,1,-0.6729718232071894,0
2024-08-27,0.08915260759195348,1,0.34155050788911856,0
2024-08-28,-0.2864892634205297,0,-1.096716693347927,0
2024-08-29,0.005575051007463305,1,0.021546622084250937,0
2024-08-30,-0.018720650977862185,1,-0.07147738294037047,0
2024-09-03,-0.7565768023528403,0,-2.8965998829780752,0
2024-09-04,-0.03962776360073631,1,-0.1515270703647247,0
2024-09-05,0.06573558008546082,1,0.2518907941775583,0
2024-09-06,-0.27858428954648623,0,-1.0664499272416144,0
2024-09-09,-0.14286312454775646,1,-0.5467972601807919,0
2024-09-10,-0.12099616099475073,1,-0.4630724709708881,0
2024-09-11,0.4429695301998437,0,1.6962537885908684,0
2024-09-12,-0.06604098643620415,1,-0.25265869336730606,0
2024-09-13,-0.06723858405438105,1,-0.2572440857514426,0
2024-09-16,-0.21371067388939138,1,-0.8180601687363467,0
2024-09-17,0.20711280965694695,1,0.793199545905268,0
2024-09-18,0.0003017843843133583,1,0.00135620399530856,0
2024-09-19,0.4321883350154617,0,1.6549744727839357,0
2024-09-20,-0.0952711914377557,1,-0.364576049720186,0
2024-09-23,-0.12411256766537185,1,-0.4750046485207165,0
2024-09-24,0.18641637407897257,1,0.7139565041376297,0
2024-09-25,-0.0057965858779027435,1,-0.02199339200554115,0
2024-09-26,0.40769650474445723,0,1.5611995267639278,0
2024-09-27,-0.07702698641932035,1,-0.29472217102467746,0
2024-09-30,-0.22832572801030404,1,-0.8740186616747296,0
2024-10-01,-0.18538603428606873,1,-0.7096100643363368,0
2024-10-02,0.236692124840959,1,0.9064535842518178,0
2024-10-03,0.1916390546681873,1,0.7339532371263099,0
2024-10-04,0.289383335849994,0,1.1081990403254216,0
2024-10-07,0.2471067101232886,1,0.9463292146912236,0
2024-10-08,-0.045779265141107264,1,-0.17508009676198885,0
2024-10-09,0.06534516905265958,1,0.2503959784320035,0
2024-10-10,0.16761913481705767,1,0.6419851537890978,0
2024-10-11,-0.19418902181710346,1,-0.7433151680955639,0
2024-10-14,-0.15447247146152518,1,-0.5912474245057938,0
2024-10-15,-0.5987356116787527,0,-2.2922534959822585,0
2024-10-16,-0.2630599057175027,1,-1.0070097694645816,1
2024-10-17,0.07872863192644203,1,0.30163892331046543,0
2024-10-18,-0.12052864949171144,1,-0.4612824509733567,0
2024-10-21,0.2620384364059797,1,1.003500190100219,-1
2024-10-22,0.16788900618934743,1,0.6430184442001774,0
2024-10-23,-0.37348230747268685,0,-1.4297978849061204,0
2024-10-24,0.15262604760214626,1,0.5845792380737622,0
2024-10-25,0.4842442508049996,0,1.8542874942760526,0
2024-10-28,-0.19925375172933804,1,-0.76270713549328,0
2024-10-29,0.5497696858738377,0,2.105172955612618,0
2024-10-30,-0.2517984367531264,1,-0.9638915691277691,0
2024-10-31,-0.15454014788959486,1,-0.5915065457441349,0
2024-11-01,0.32250329503994757,0,1.2350095869794093,0
2024-11-04,-0.09336288124294823,1,-0.357269462849079,0
2024-11-05,-0.27222333092200307,0,-1.0420949262046932,0
2024-11-06,0.39241507515978935,0,1.502689598410092,0
2024-11-07,0.30814856224359993,0,1.180047818985174,0
2024-11-08,-0.42891468797352633,0,-1.6420388008241436,0
2024-11-11,-0.16248831083778467,1,-0.6219386752819228,0
2024-11-12,0.0963619169386527,1,0.36915369586436053,0
2024-11-13,-0.20294220122515932,1,-0.7768295652398903,0
2024-11-14,0.18710625944007797,1,0.7165979548492264,0
2024-11-15,-0.5068455246323799,0,-1.9404223809859666,0
2024-11-18,0.08536031167684766,1,0.3270304683169041,0
2024-11-19,0.09909260779947618,1,0.3796090348585315,0
2024-11-20,0.059380687781619666,1,0.2275590200242325,0
2024-11-21,-0.11139147955795092,1,-0.42629782108522507,0
2024-11-22,-0.10563652893701214,1,-0.4042631189884507,0
2024-11-25,-0.23282114953470728,1,-0.8912308465593837,0
2024-11-26,-0.16734114442875556,1,-0.6405193286264028,0
2024-11-27,-0.2030000648883865,1,-0.7770511151132812,0
2024-11-29,0.24262570006052434,1,0.929172208779407,0
2024-12-02,0.5495744412300837,0,2.1044253979280296,0
2024-12-03,0.1388789103176984,1,0.5319438473122589,0
2024-12-04,0.23921080497252323,1,0.9160971711444936,0
2024-12-05,-0.148230495296021,1,-0.567347986550301,0
2024-12-06,0.25833731609341376,1,0.9893292460064523,0
2024-12-09,0.07339445893471633,1,0.281215305360089,0
2024-12-10,0.05474966316711338,1,0.20982763456069756,0
2024-12-11,0.4518959193456802,0,1.73043137560834,0
2024-12-12,-0.06942815911969996,1,-0.26562758675096243,0
2024-12-13,0.028143101756987893,1,0.10795575187962371,0
2024-12-16,0.2385441107091672,1,0.9135445151009771,0
2024-12-17,0.06265421202940491,1,0.24009277337114635,0
2024-12-18,0.2005981073909675,1,0.768255887282421,0
2024-12-19,-0.0038766613689757423,1,-0.014642335951544756,0
2024-12-20,-0.21308946754507274,1,-0.8156816780004079,0
2024-12-23,0.1517065540777025,1,0.5810586577550859,0
2024-12-24,-0.010011532087128294,1,-0.038131685831433816,0
2024-12-26,-0.03433455544346142,1,-0.1312602996200016,0
2024-12-27,0.013250194344582744,1,0.050933407153812824,0
2024-12-30,-0.025893067113926582,1,-0.09893931324734083,0
2024-12-31,-0.1149955557042051,1,-0.44009719999350955,0
2025-01-02,0.22780007370430289,1,0.8724074714819501,0
2025-01-03,0.0304082055267062,1,0.11662843911388564,0
2025-01-06,0.5804268203141785,0,2.2225537758886187,0
2025-01-07,-0.08137486376292871,1,-0.3113694349770651,0
2025-01-08,-0.23167611746538733,1,-0.8868467184928595,0
2025-01-10,0.24932509029393402,1,0.9548230054145902,0
2025-01-13,-0.2737011767701476,0,-1.047753340177932,0
2025-01-14,-0.19198832409259547,1,-0.7348890803741244,0
2025-01-15,0.06719986060036953,1,0.25749726885602586,0
2025-01-16,-0.4651342747924709,0,-1.7807172810043106,0
2025-01-17,0.2514027063556683,1,0.9627778349182915,0
2025-01-21,-0.15095346920112274,1,-0.5777737786670751,0
2025-01-22,0.5577380702927642,0,2.1356825096346443,0
2025-01-23,-0.006610656716810048,1,-0.025110327250081537,0
2025-01-24,-0.3030949558216608,0,-1.1602969930360423,0
2025-01-27,-1.103622380305783,0,-4.225376866115518,0
2025-01-28,0.4958349716753037,0,1.8986663427295523,0
2025-01-29,0.3274385497082489,0,1.2539058162523542,0
2025-01-30,-0.23361582462940073,1,-0.8942735188825112,0
2025-01-31,0.017620524891303613,1,0.06766664050442647,0
2025-02-03,-0.12981202538316328,1,-0.49682687797091624,0
2025-02-04,0.30001856640310853,0,1.1489194830197091,0
2025-02-05,-0.09687892097029455,1,-0.37073176566547783,0
2025-02-06,-0.18442256336696541,1,-0.7059211022444459,0
2025-02-07,-0.011391123426137018,1,-0.043413900427636286,0
2025-02-10,0.1626332509256626,1,0.6228950740521364,0
2025-02-11,-0.23451695746732504,1,-0.8977237993351423,0
2025-02-12,0.16693250759175707,1,0.6393561779111839,0
2025-02-13,0.021704376958925242,1,0.08330299772874955,0
2025-02-14,0.21110399468341315,1,0.8084810971928346,0
2025-02-18,0.14079892897342006,1,0.5392952638379102,0
2025-02-19,0.010505336621468714,1,0.040423825715044215,0
2025-02-20,-0.09262923387165681,1,-0.3544604550338476,0
2025-02-21,-0.45523519470669976,0,-1.7428154300434249,0
2025-02-24,-0.2871862783252021,0,-1.099385441838242,0
2025-02-25,-0.5454529180083622,0,-2.0882433559701066,0
2025-02-26,0.2880185019389994,0,1.1029733293469606,0
2025-02-27,-0.5846518133662184,0,-2.238329088867689,0
2025-02-28,-0.12539193576286112,1,-0.47990312580698974,0
2025-03-03,-0.6076905503544376,0,-2.326540394169651,0
2025-03-04,0.43537521924800116,0,1.6671764966250124,0
2025-03-05,0.07917585678440908,1,0.30335126928259626,0
2025-03-06,-0.2053593069631185,1,-0.7860842414969815,0
2025-03-07,-0.020748762776335528,1,-0.07924266925502932,0
2025-03-10,-0.5343740656708829,0,-2.0458243628440305,0
2025-03-11,0.31789639143455894,0,1.21737055665238,0
2025-03-12,0.41544594883864416,0,1.5908707964720878,0
2025-03-13,-0.1436293706648713,1,-0.5497310829076116,0
2025-03-14,0.004142685535433954,1,0.016062344538056484,0
2025-03-17,-0.026278513495165523,1,-0.10041512020804318,0
2025-03-18,-0.10356828487847641,1,-0.3963441732502465,0
2025-03-19,0.17729767358120352,1,0.6790425904983024,0
2025-03-20,-0.0762742267820973,1,-0.291839985676929,0
2025-03-21,0.14170722914121367,1,0.54277298674642,0
2025-03-24,0.10333093598573606,1,0.3958368541959916,0
2025-03-25,0.177763708866808,1,0.6808269583167712,0
2025-03-26,-0.4518218954541111,0,-1.7297465025839458,0
2025-03-27,-0.23261781197928436,1,-0.8904523025276541,0
2025-03-28,-0.3714060672197794,0,-1.4218483231344359,0
2025-03-31,-0.34208911242473217,0,-1.3095988169539483,0
2025-04-01,0.08473502125025956,1,0.3246363403423384,0
2025-04-02,0.013024580952268716,1,0.05006957282818114,0
2025-04-03,-0.8725241754465758,0,-3.3405421499592034,0
2025-04-04,0.16443107187777706,1,0.6297786168855098,0
2025-04-07,0.7984578411088988,0,3.0573565235590388,0
2025-04-08,-0.1643802952546779,1,-0.6291827535970868,0
2025-04-09,0.8516138317461599,0,3.260881539758033,0
2025-04-10,-0.6901450856584792,0,-2.642244427379261,0
2025-04-11,-0.07877699324999643,1,-0.30142264192723706,0
2025-04-14,-0.3958884118353827,0,-1.5155869502344868,0
2025-04-15,0.14358059284027205,1,0.5499457695809893,0
2025-04-16,-0.10243117401820478,1,-0.39199037411147913,0
2025-04-17,-0.13462658487184453,1,-0.5152609864538461,0
2025-04-21,0.21469401845990566,1,0.8222266720284438,0
2025-04-22,-0.30096744973401324,0,-1.1521511433253908,0
2025-04-23,0.42712991077979734,0,1.6356066487219134,0
2025-04-24,0.5782308396156317,0,2.214145748836798,0
2025-04-25,0.326155844433791,0,1.2489945614975684,0
2025-04-28,-0.1297604749262543,1,-0.4966295002633111,0
2025-04-29,-0.21761420674746434,1,-0.8330061151602235,0
2025-04-30,-0.20897433608101376,1,-0.799925557423163,0
2025-05-01,0.19446787768636828,1,0.7447843070338999,0
2025-05-02,-0.017320753434104108,1,-0.06611741942817553,0
2025-05-05,-0.038592336680559114,1,-0.14756260129594176,0
2025-05-06,0.005453219925952435,1,0.021080152124030506,0
2025-05-07,-0.0022854711696508323,1,-0.00854994622818827,0
2025-05-08,0.2507804388765021,1,0.9603952812821143,0
2025-05-09,0.022937320536199925,1,0.08802372362490803,0
2025-05-12,0.7241400037541545,0,2.7728064875204685,0
2025-05-13,0.5993370586092598,0,2.294957779824826,0
2025-05-14,0.2780438242385198,0,1.0647820283057792,0
2025-05-15,-0.5862733777588298,0,-2.2445377760789964,0
2025-05-16,-0.3191391097385505,0,-1.2217272598166444,0
2025-05-19,-0.14122897255603056,1,-0.5405403772481183,0
2025-05-20,0.02086056590212726,1,0.0800721923774649,0
2025-05-21,0.31800353713169727,0,1.2177807988373963,0
2025-05-22,0.09963824039116441,1,0.38169816687790925,0
2025-05-23,-0.1859538671890696,1,-0.7117841974753505,0
2025-05-27,0.05737200045488222,1,0.21986810662365747,0
2025-05-28,0.11901523742792741,1,0.4558893086197134,0
2025-05-29,-0.20891020645998065,1,-0.7996800162902986,0
2025-05-30,-0.28974986217023385,0,-1.1092009572172712,0
2025-06-02,0.20314199295222046,1,0.7779959813688149,0
2025-06-03,0.29310933535914035,0,1.122465242523239,0
2025-06-04,0.1858955066924446,1,0.7119621937690382,0
2025-06-05,0.047016629266988796,1,0.1802191966231872,0
2025-06-06,0.0785030359484003,1,0.30077515566104485,0
2025-06-09,0.2679569240416423,1,1.026161046900758,-1
2025-06-10,0.09024982537013548,1,0.3457515633750788,0
2025-06-11,0.08460617617532898,1,0.3241430150247584,0
2025-06-12,-0.17505631076603387,1,-0.6700593547823975,0
2025-06-13,0.08323776362112967,1,0.3189036020456859,0
2025-06-16,0.4094843634926897,0,1.5680449260563354,0
2025-06-17,0.0883067103742377,1,0.3383117149915668,0
2025-06-18,-0.046165031760230846,1,-0.1765571298576927,0
2025-06-20,-0.13173351500278915,1,-0.5041839265607778,0
2025-06-23,-0.3775294338036672,0,-1.4452936256908808,0
2025-06-24,0.27002117853542684,1,1.0340647172914261,-1
2025-06-25,0.43653481067715094,0,1.6716163699407491,0
2025-06-26,0.07883176543029452,1,0.3020338035072334,0
2025-06-27,-0.07070485419556824,1,-0.27051582950370173,0
2025-06-30,-0.10696131535377493,1,-0.40933549509694617,0
2025-07-01,-0.2954319046920656,0,-1.1309565069198582,0
2025-07-02,0.40058140366026174,0,1.5339570457931513,0
2025-07-03,0.009628678373272775,1,0.0370672541974025,0
2025-07-07,-0.03306798708398284,1,-0.12641083029792455,0
2025-07-08,0.27577851218415256,0,1.0561085435859274,0
2025-07-09,-0.08296999111210446,1,-0.317476899360447,0
2025-07-10,-0.15071789064841784,1,-0.5768717894805206,0
2025-07-11,0.02265432342577947,1,0.08694017705203656,0
2025-07-14,-0.07659241850804152,1,-0.29305828629367614,0
2025-07-15,0.3816187058384324,0,1.461352183479493,0
2025-07-16,-0.23192068508051011,1,-0.8877831252314581,0
2025-07-17,-0.03979401843365532,1,-0.15216363112029238,0
2025-07-18,-0.0587121749138096,1,-0.22459795240598251,0
2025-07-21,0.07234898580062547,1,0.27721237109058255,0
2025-07-22,-0.5709446269819763,0,-2.1858466631344746,0
2025-07-23,0.034823257195211066,1,0.13353290183914562,0
2025-07-24,-0.05701145047365003,1,-0.21808617518042805,0
2025-07-25,-0.0803748365028889,1,-0.3075405050322177,0
2025-07-28,0.5293084734925613,0,2.026830542435368,0
2025-07-29,-0.16734781677210633,1,-0.6405448758652422,0
2025-07-30,0.33155723154705224,0,1.2696755305952065,0
2025-07-31,-0.07932519237432353,1,-0.30352160075241114,0
2025-08-01,-0.26317671532065945,1,-1.007457013060076,1
2025-08-04,-0.057396143629556584,1,-0.2195590981727171,0
2025-08-05,-0.1398405242474891,1,-0.5352242508604882,0
2025-08-06,0.10983951254110758,1,0.420757058541423,0
2025-08-07,-0.1281327435005498,1,-0.49039720055799996,0
2025-08-08,0.1311923755473216,1,0.502513446431752,0
2025-08-11,0.0529543257431542,1,0.20295360072343108,0
2025-08-12,0.24315115138659282,1,0.9311840702529266,0
2025-08-13,-0.2009456067522445,1,-0.7691849532672566,0
2025-08-14,0.02756775748655338,1,0.10575285902490753,0
2025-08-15,-0.06933991762298006,1,-0.26528972545190593,0
2025-08-18,0.16300178390599634,1,0.6243061225509619,0
2025-08-19,-0.5692107464826125,0,-2.179207937141608,0
2025-08-20,-0.10058233563059547,1,-0.3849114944165207,0
2025-08-21,0.11790823625252668,1,0.4516507942123117,0
2025-08-22,-0.02248648056961866,1,-0.08589608757697696,0
2025-08-25,0.3027967091100956,0,1.1595565068558582,0
2025-08-26,0.027620794282732106,1,0.10595592766631577,0
2025-08-27,0.045873235252638506,1,0.17584134038341745,0
2025-08-28,0.2892439499441709,0,1.1076653560049818,0
2025-08-29,-0.24954013453209256,1,-0.9552449238370319,0
2025-09-02,0.1315793367955513,1,0.503995053553925,0
2025-09-03,0.013821843205524584,1,0.05312215093016847,0
2025-09-04,-0.025105799020208208,1,-0.0959250010389504,0
2025-09-05,0.02679323675501208,1,0.10278735424278233,0
2025-09-08,0.1819480853293326,1,0.696848205914799,0
2025-09-09,0.14360909391538706,1,0.550054895226188,0
2025-09-10,0.077099959817475,1,0.2954030218930247,0
2025-09-11,-0.29642762214410656,0,-1.1347689353616337,0
2025-09-12,0.05197863533373531,1,0.19921785233455647,0
2025-09-15,0.32558329448224765,0,1.2468023676024762,0
2025-09-16,0.3295302841372305,0,1.2619147025215915,0
2025-09-17,0.003702217088704482,1,0.014375867686039705,0
2025-09-18,0.2952253955487378,0,1.1305672678867542,0
2025-09-19,0.050858352677370544,1,0.19492848545322014,0
2025-09-22,0.14441795148092307,1,0.5531518697563362,0
2025-09-23,-0.20282407579368186,1,-0.7763772835672746,0
2025-09-24,-0.060975254332899166,1,-0.23326288875479262,0
2025-09-25,0.11436831567360867,1,0.43809705578076014,0
2025-09-26,-0.15940882048340116,1,-0.6101478438676887,0
2025-09-29,-0.07524244451568707,1,-0.2878894713516861,0
2025-09-30,-0.24907372371654143,1,-0.9534591181799008,0
2025-10-01,0.32729995219207486,0,1.2533751505383621,0
2025-10-02,0.16505793110215022,1,0.6321787515131506,0
2025-10-03,-0.30468049825563026,0,-1.1663677584509875,0
2025-10-06,0.2845491544296814,0,1.089689802888911,0
2025-10-07,-0.23409396576208163,1,-0.8961042378778237,0
2025-10-08,0.2566114655438664,1,0.9827212652907764,0
2025-10-09,0.13234560277270657,1,0.5069289523213755,0
2025-10-10,-0.5971349592465693,0,-2.2861248770197755,0
2025-10-13,0.38570845467205883,0,1.477011118392281,0
2025-10-14,-0.45217814467563067,0,-1.7311105187129165,0
2025-10-15,0.22186259064228922,1,0.8496738845072676,0
2025-10-16,0.30823369388648125,0,1.1803737731963315,0
2025-10-17,-0.09484601503540346,1,-0.3629481234387123,0
2025-10-20,0.035628380731840936,1,0.1366155794239355,0
2025-10-21,-0.015618042557170891,1,-0.059598036482707166,0
2025-10-22,-0.132353657514161,1,-0.5065583440659266,0
2025-10-23,0.33453534891012826,0,1.281078222508123,0
2025-10-24,0.07429204571730073,1,0.2846520085853589,0
2025-10-27,0.2600021045553621,1,0.995703430639716,0
2025-10-28,0.43074093213379483,0,1.6494326196192008,0
2025-10-29,0.6529006242273518,0,2.500043329532489,0
2025-10-30,-0.22342213808269704,1,-0.8552436711706515,0
2025-10-31,0.1747595945519846,1,0.6693247286102387,0
2025-11-03,0.2662726310122108,1,1.0197121826807656,-1
2025-11-04,-0.6522742323075174,0,-2.4972435356769185,0
2025-11-05,0.3617139632551569,0,1.385140396094268,0
2025-11-06,-0.038150654467982215,1,-0.14587147714621124,0
2025-11-07,-0.3756341686760055,0,-1.4380369861064357,0
2025-11-10,0.35147833442762866,0,1.345949958705085,0
2025-11-11,-0.2967868264891946,0,-1.1361442661432888,0
2025-11-12,0.0681732317740651,1,0.2612241372958581,0
2025-11-13,-0.17951108786046388,1,-0.6871159192342551,0
2025-11-14,0.015722378718701496,1,0.06039896990144267,0
2025-11-17,-0.03457612406143484,1,-0.1321852237216276,0
2025-11-18,-0.1419493464928918,1,-0.5432985633981896,0
2025-11-19,0.26354367545495677,1,1.0092634878612745,-1
2025-11-20,-0.5678762978896184,0,-2.1740985662456875,0
2025-11-21,-0.1921811212227027,1,-0.735627266955877,0
2025-11-24,0.43591289038072195,0,1.669235145606714,0
2025-11-25,-0.1439457888849771,1,-0.5509425930798545,0
2025-11-26,0.06479191951227548,1,0.24827768244468668,0
2025-11-28,0.16820791169464466,1,0.6442394777535634,0
2025-12-01,0.3805027186341742,0,1.457079263135021,0
2025-12-02,0.2881493204847074,0,1.1034742107399167,0
2025-12-03,0.14284623077087916,1,0.5471340253113914,0
2025-12-04,0.05944175047207666,1,0.2277928184148828,0
2025-12-05,0.28148865992624456,0,1.0779717032745229,0
2025-12-08,0.2563036040007865,1,0.9815425171423323,0
2025-12-09,0.14354957999425388,1,0.5498270268031282,0
2025-12-10,-0.005958443831673654,1,-0.02261311787779437,0
2025-12-11,-0.28611675472781833,0,-1.0952904225398874,0
2025-12-12,-0.48261478944850317,0,-1.8476471225119928,0
2025-12-15,-0.267413365963379,1,-1.0236784093759326,1
2025-12-16,0.1334419432876699,1,0.5111266489194916,0
2025-12-17,-0.3090806482387763,0,-1.183215165222296,0
2025-12-18,0.273269041311406,1,1.0465002173389018,-1
2025-12-19,0.4600360774925637,0,1.7615986212723784,0
2025-12-22,-0.09372186082432143,1,-0.35864393304967535,0
2025-12-23,0.005280244643189935,1,0.020417859938254068,0
2025-12-24,-0.12325141107593628,1,-0.471707430150528,0
2025-12-26,-0.0009375744288804555,1,-0.0033890847201804982,0
2025-12-29,-0.04983222770632523,1,-0.19059818346963608,0
2025-12-30,-0.043210576929992264,1,-0.16524503765557685,0
2025-12-31,0.0719858244900462,1,0.2758218897782715,0
