Date,spread,regime,z_score,gmm_signal,minhash_signal,final_signal,model_signal
2016-07-06,-0.1105065774804633,1,-0.4116126378986236,0,0.0,0,0.0
2016-07-07,0.2423785919851793,1,0.9095814259690512,0,0.0,0,0.0
2016-07-08,-0.1657847739053295,1,-0.6185729504797257,0,0.0,0,0.0
2016-07-11,0.0028892593618694,1,0.0129388011155453,0,0.0,0,0.0
2016-07-12,0.1390177290732405,1,0.5226007015530036,0,0.0,0,0.0
2016-07-13,-0.1980005210137324,1,-0.739187976345323,0,0.0,0,0.0
2016-07-14,0.1405452171946466,1,0.5283195824050555,0,0.0,0,0.0
2016-07-15,-0.1166694879891763,1,-0.43468643494311,0,0.0,0,0.0
2016-07-18,-0.023669444371665,1,-0.0864963827713264,0,0.0,0,0.0
2016-07-19,0.1210375473448621,1,0.4552833093181102,0,0.0,0,0.0
2016-07-20,0.2120252887798874,1,0.7959393477986003,0,0.0,0,0.0
2016-07-21,-0.0757459103500254,1,-0.2814694892410657,0,0.0,0,0.0
2016-07-22,-0.0399909298360834,1,-0.1476036538469152,0,0.0,0,0.0
2016-07-25,0.0535213182069636,1,0.202504080066862,0,0.0,0,0.0
2016-07-26,-0.023265609141824,1,-0.0849844328379969,0,0.0,0,0.0
2016-07-27,0.3051952097003071,1,1.1447654167362014,-1,-0.3879080231089166,-1,-1.0
2016-07-28,-0.0061946776710929,1,-0.0210712529274488,0,0.0,0,0.0
2016-07-29,-0.1745823638440386,1,-0.6515109275020107,0,0.0,0,0.0
2016-08-01,0.1603501326760679,1,0.6024687363892737,0,0.0,0,0.0
2016-08-02,0.0698224632866591,1,0.2635351972037818,0,0.0,0,0.0
2016-08-03,0.1138742978632701,1,0.4284642658671952,0,0.0,0,0.0
2016-08-04,0.1936090838097887,1,0.7269894944445796,0,0.0,0,0.0
2016-08-05,0.2143587264732502,1,0.8046756855527327,0,0.0,0,0.0
2016-08-08,-0.0789204227732651,1,-0.2933547916911783,0,0.0,0,0.0
2016-08-09,0.050400159765799,1,0.1908185337144852,0,0.0,0,0.0
2016-08-10,-0.0827128134086095,1,-0.3075534161413686,0,0.0,0,0.0
2016-08-11,-0.0256819350225437,1,-0.0940311020840036,0,0.0,0,0.0
2016-08-12,-0.0457717802515648,1,-0.1692470265752346,0,0.0,0,0.0
2016-08-15,0.1537671903340712,1,0.577822349695837,0,0.0,0,0.0
2016-08-16,0.1341651258382552,1,0.5044326651969397,0,0.0,0,0.0
2016-08-17,-0.1625470191540727,1,-0.6064508701891389,0,0.0,0,0.0
2016-08-18,-0.1941226218729624,1,-0.7246692099918909,0,0.0,0,0.0
2016-08-19,0.1026806496788612,1,0.3865555011643359,0,0.0,0,0.0
2016-08-22,-0.0322796448538843,1,-0.1187327779223171,0,0.0,0,0.0
2016-08-23,0.092376160636991,1,0.3479757281069311,0,0.0,0,0.0
2016-08-24,0.0245067739934137,1,0.0938742851712151,0,0.0,0,0.0
2016-08-25,0.1451831054363649,1,0.5456837307004303,0,0.0,0,0.0
2016-08-26,0.3591886271657831,1,1.3469155460582596,-1,-0.0422332432884394,-1,-1.0
2016-08-29,-0.1774173229353165,1,-0.6621249499852331,0,0.0,0,0.0
2016-08-30,0.2266115517557837,1,0.850549985267295,0,0.0,0,0.0
2016-08-31,-0.0005475192221331,1,7.158011306595142e-05,0,0.0,0,0.0
2016-09-01,0.1436982198795452,1,0.5401243528830976,0,0.0,0,0.0
2016-09-02,-0.1233169571886609,1,-0.4595744087262001,0,0.0,0,0.0
2016-09-06,-0.0701385857571917,1,-0.2604757932536448,0,0.0,0,0.0
2016-09-07,0.0901754468053515,1,0.3397363054782148,0,0.0,0,0.0
2016-09-08,-0.0032592156067645,1,-0.0100809495945766,0,0.0,0,0.0
2016-09-09,0.6637753458258308,0,2.487281306500817,0,0.0,0,0.0
2016-09-12,-0.2438700998005616,1,-0.91092263806839,0,0.0,0,0.0
2016-09-13,0.2154806951203679,1,0.8088763106984767,0,0.0,0,0.0
2016-09-14,-0.0030007892569957,1,-0.009113407207407,0,0.0,0,0.0
2016-09-15,0.0062512778228357,1,0.0255261219144566,0,0.0,0,0.0
2016-09-16,-0.0966559668468357,1,-0.3597562660998285,0,0.0,0,0.0
2016-09-19,-0.1234495647443116,1,-0.4600708884043203,0,0.0,0,0.0
2016-09-20,0.0949209361936496,1,0.3575033100238022,0,0.0,0,0.0
2016-09-21,-0.2638055463983088,1,-0.9855604975890322,0,0.0,0,0.0
2016-09-22,-0.1608628419541519,1,-0.6001453489840226,0,0.0,0,0.0
2016-09-23,-0.020971962495405,1,-0.076397071860352,0,0.0,0,0.0
2016-09-26,-0.0556470896702043,1,-0.2062199608657853,0,0.0,0,0.0
2016-09-27,0.1971959909577543,1,0.7404187933825678,0,0.0,0,0.0
2016-09-28,-0.1993907434660785,1,-0.7443929376483907,0,0.0,0,0.0
2016-09-29,0.0164805549895388,1,0.0638243034185705,0,0.0,0,0.0
2016-09-30,-0.0027288773200945,1,-0.0080953750881413,0,0.0,0,0.0
2016-10-03,0.1361893656430218,1,0.5120113730750633,0,0.0,0,0.0
2016-10-04,0.4519763113384208,0,1.694310529289067,0,0.0,0,-1.0
2016-10-05,0.018069655228013,1,0.0697738586383097,0,0.0,0,0.0
2016-10-06,-0.1023399161054588,1,-0.3810368430965588,0,0.0,0,0.0
2016-10-07,0.2311479222182447,1,0.8675340533016181,0,0.0,0,0.0
2016-10-10,0.0061171731658049,1,0.0250240371227537,0,0.0,0,0.0
2016-10-11,-0.0184198324269234,1,-0.0668419548181656,0,0.0,0,0.0
2016-10-12,-0.174044858313928,1,-0.6494985189988324,0,0.0,0,0.0
2016-10-13,-0.1693341392116401,1,-0.6318616936147697,0,0.0,0,0.0
2016-10-14,0.1605881997350614,1,0.6033600540539431,0,0.0,0,0.0
2016-10-17,-0.1537123706361889,1,-0.5733741466876662,0,0.0,0,0.0
2016-10-18,0.0955667839940375,1,0.3599213495274928,0,0.0,0,0.0
2016-10-19,0.0382081431335735,1,0.1451719002062989,0,0.0,0,0.0
2016-10-20,0.0195281040868654,1,0.0752342580585749,0,0.0,0,0.0
2016-10-21,0.1860680246727473,1,0.698755940220068,0,0.0,0,0.0
2016-10-24,0.088990809989741,1,0.3353010521322219,0,0.0,0,0.0
2016-10-25,-0.0748548475777656,1,-0.2781333704491487,0,0.0,0,0.0
2016-10-26,-0.2139473275150198,1,-0.7988924578882876,0,0.0,0,0.0
2016-10-27,0.0605591883859286,1,0.2288537062548937,0,0.0,0,0.0
2016-10-28,0.0476526021566957,1,0.1805317403964813,0,0.0,0,0.0
2016-10-31,-0.2970298944928338,0,-1.1099517026510897,0,0.0,0,1.0
2016-11-01,0.1033369976972092,1,0.3890128532457107,0,0.0,0,0.0
2016-11-02,-0.0793527858336953,1,-0.2949735491746427,0,0.0,0,0.0
2016-11-03,0.0421943524591502,1,0.1600961774329695,0,0.0,0,0.0
2016-11-04,0.007744882682387,1,0.0311181446032854,0,0.0,0,0.0
2016-11-07,-0.2119649857996633,1,-0.7914706155058145,0,0.0,0,0.0
2016-11-08,-0.1425073612690903,1,-0.5314228459747193,0,0.0,0,0.0
2016-11-09,0.1037981934434164,1,0.3907395596502123,0,0.0,0,0.0
2016-11-10,0.2273388261632201,1,0.8532728841393638,0,0.0,0,0.0
2016-11-11,0.1284157647957127,1,0.4829071879660843,0,0.0,0,0.0
2016-11-14,-0.4032679477113038,0,-1.5077045622616052,0,0.0,0,1.0
2016-11-15,-0.1390054203449277,1,-0.518311658649888,0,0.0,0,0.0
2016-11-16,0.1690716577919435,1,0.6351219284415671,0,0.0,0,0.0
2016-11-17,0.3572185271448984,1,1.3395395363019982,-1,-0.2262327081294388,-1,-1.0
2016-11-18,0.0453316326738476,1,0.1718420833394836,0,0.0,0,0.0
2016-11-21,-0.1264123587460678,1,-0.4711635218904782,0,0.0,0,0.0
2016-11-22,-0.3946654409726122,0,-1.475496972311732,0,0.0,0,1.0
2016-11-23,0.1164498849903764,1,0.4381072056043896,0,0.0,0,0.0
2016-11-25,-0.2234324210553726,1,-0.8344044327885639,0,0.0,0,0.0
2016-11-28,-0.2773938500826324,1,-1.036434798124089,1,0.150711742447597,1,1.0
2016-11-29,-0.0201830130358422,1,-0.0734432629931662,0,0.0,0,0.0
2016-11-30,0.1549890749128256,1,0.5823970578215036,0,0.0,0,0.0
2016-12-01,-0.2698341487136518,1,-1.008131447806382,1,0.2286878553319896,1,1.0
2016-12-02,-0.1689126580216023,1,-0.6302836776070329,0,0.0,0,0.0
2016-12-05,0.1156489393076645,1,0.435108483150052,0,0.0,0,0.0
2016-12-06,0.0794445458948064,1,0.2995600560641833,0,0.0,0,0.0
2016-12-07,-0.3073727279541908,0,-1.1486750363446223,0,0.0,0,1.0
2016-12-08,0.0674055229463613,1,0.2544862274350633,0,0.0,0,0.0
2016-12-09,-0.2122611907300248,1,-0.7925796000411365,0,0.0,0,0.0
2016-12-12,-0.1514540277509371,1,-0.5649189621904244,0,0.0,0,0.0
2016-12-13,0.0299369923087184,1,0.114204899275939,0,0.0,0,0.0
2016-12-14,0.4111068198650097,0,1.5412960809637783,0,0.0,0,-1.0
2016-12-15,-0.0521644693553209,1,-0.1931811094635107,0,0.0,0,0.0
2016-12-16,-0.2612073243696458,1,-0.9758328132942292,0,0.0,0,0.0
2016-12-19,-0.0661579314354883,1,-0.2455723138353754,0,0.0,0,0.0
2016-12-20,0.0033137007044076,1,0.0145278998670473,0,0.0,0,0.0
2016-12-21,-0.0496133346725277,1,-0.1836297191227461,0,0.0,0,0.0
2016-12-22,-0.1056767358180826,1,-0.393529820353696,0,0.0,0,0.0
2016-12-23,0.0306038088545583,1,0.1167014452866044,0,0.0,0,0.0
2016-12-27,-0.0143570687383568,1,-0.0516310597942706,0,0.0,0,0.0
2016-12-28,0.1620073724803508,1,0.6086734045966096,0,0.0,0,0.0
2016-12-29,-0.233330897079548,1,-0.8714641023243515,0,0.0,0,0.0
2016-12-30,0.0676084592637016,1,0.2552460164004627,0,0.0,0,0.0
2017-01-03,-0.064012854149921,1,-0.2375411931721851,0,0.0,0,0.0
2017-01-04,0.0773496557742501,1,0.2917168350075289,0,0.0,0,0.0
2017-01-05,0.1796053036769998,1,0.6745596595179235,0,0.0,0,0.0
2017-01-06,0.2560992508600836,1,0.9609512613331352,0,0.0,0,0.0
2017-01-09,0.3018808267753117,1,1.1323564423026222,-1,-0.5142201526033618,-1,-1.0
2017-01-10,0.0658979439930225,1,0.2488418860563103,0,0.0,0,0.0
2017-01-11,-0.0679225026895701,1,-0.2521788285542985,0,0.0,0,0.0
2017-01-12,-0.0845742982654896,1,-0.3145227731891971,0,0.0,0,0.0
2017-01-13,0.1188632452365847,1,0.4471427715821067,0,0.0,0,0.0
2017-01-17,-0.359658525435849,0,-1.3444318752108129,0,0.0,0,1.0
2017-01-18,0.0166341081001042,1,0.0643992027788204,0,0.0,0,0.0
2017-01-19,0.1517460605022987,1,0.5702552854860058,0,0.0,0,0.0
2017-01-20,-0.1314735925003668,1,-0.49011266617487,0,0.0,0,0.0
2017-01-23,0.0275639216494509,1,0.1053201765971414,0,0.0,0,0.0
2017-01-24,-0.2123393258280501,1,-0.7928721360744505,0,0.0,0,0.0
2017-01-25,0.0561836932792152,1,0.2124719519005649,0,0.0,0,0.0
2017-01-26,0.0137546928747538,1,0.0536187375387996,0,0.0,0,0.0
2017-01-27,0.1358919595663856,1,0.5108978914753551,0,0.0,0,0.0
2017-01-30,-0.0203130225117716,1,-0.0739300155197873,0,0.0,0,0.0
2017-01-31,-0.0927367403310513,1,-0.3450827709924879,0,0.0,0,0.0
2017-02-01,0.1446818339357006,1,0.5438069815809744,0,0.0,0,0.0
2017-02-02,0.1152269151828296,1,0.4335284344067592,0,0.0,0,0.0
2017-02-03,-0.0199185159994831,1,-0.0724529920932095,0,0.0,0,0.0
2017-02-06,0.0755976228477483,1,0.2851572635024411,0,0.0,0,0.0
2017-02-07,0.0013454259584214,1,0.0071587238985719,0,0.0,0,0.0
2017-02-08,-0.2087668149768825,1,-0.7794967365448734,0,0.0,0,0.0
2017-02-09,0.1284747654391549,1,0.4831280850357976,0,0.0,0,0.0
2017-02-10,-0.1362562782876382,1,-0.5080189331938428,0,0.0,0,0.0
2017-02-13,-0.0147245636339704,1,-0.0530069523411905,0,0.0,0,0.0
2017-02-14,0.140256482210036,1,0.5272385651770544,0,0.0,0,0.0
2017-02-15,0.001164727429551,1,0.0064821927083984,0,0.0,0,0.0
2017-02-16,-0.1113941456634622,1,-0.4149356730276762,0,0.0,0,0.0
2017-02-17,0.0719186539704858,1,0.2713832875397974,0,0.0,0,0.0
2017-02-21,-0.2651508033733262,1,-0.9905971091657128,0,0.0,0,0.0
2017-02-22,0.0665260390538276,1,0.2511934597059962,0,0.0,0,0.0
2017-02-23,0.0516294082841842,1,0.1954208122629656,0,0.0,0,0.0
2017-02-24,-0.1234301256084879,1,-0.4599981087210711,0,0.0,0,0.0
2017-02-27,-0.0071167065408166,1,-0.0245233080853298,0,0.0,0,0.0
2017-02-28,-0.1580232949952634,1,-0.5895141496286125,0,0.0,0,0.0
2017-03-01,0.0389111177229501,1,0.1478038211111663,0,0.0,0,0.0
2017-03-02,-0.1354581116465305,1,-0.5050306154081861,0,0.0,0,0.0
2017-03-03,0.0946003945385071,1,0.3563032093433516,0,0.0,0,0.0
2017-03-06,0.0158155826992728,1,0.0613346622589087,0,0.0,0,0.0
2017-03-07,0.1337937753886586,1,0.5030423375434296,0,0.0,0,0.0
2017-03-08,0.2568400325868442,1,0.9637247313021328,0,0.0,0,0.0
2017-03-09,0.155083398249501,1,0.5827502022528449,0,0.0,0,0.0
2017-03-10,-0.1264734532654584,1,-0.4713922583842102,0,0.0,0,0.0
2017-03-13,0.018937391474049,1,0.0730226434455646,0,0.0,0,0.0
2017-03-14,0.0664662169103565,1,0.2509694869588232,0,0.0,0,0.0
2017-03-15,-0.4253991385242764,0,-1.590563238279921,0,0.0,0,1.0
2017-03-16,0.1495064046465054,1,0.5618700648028543,0,0.0,0,0.0
2017-03-17,-0.0623943420839619,1,-0.2314815207380011,0,0.0,0,0.0
2017-03-20,0.003733414294465,1,0.016099298020583,0,0.0,0,0.0
2017-03-21,-0.1899048323550056,1,-0.7088779017818974,0,0.0,0,0.0
2017-03-22,-0.0176624934471764,1,-0.0640064948698415,0,0.0,0,0.0
2017-03-23,-0.0113638113411367,1,-0.0404243720470253,0,0.0,0,0.0
2017-03-24,0.0983089152844782,1,0.3701878268316029,0,0.0,0,0.0
2017-03-27,0.083348249525641,1,0.3141754338426465,0,0.0,0,0.0
2017-03-28,-0.1175897600842056,1,-0.4381319127764146,0,0.0,0,0.0
2017-03-29,0.003958817084679,1,0.0169432009504253,0,0.0,0,0.0
2017-03-30,0.049513104361771,1,0.1874974184182594,0,0.0,0,0.0
2017-03-31,0.0051889124511718,1,0.0215486500789969,0,0.0,0,0.0
2017-04-03,0.0069225751758011,1,0.028039443965284,0,0.0,0,0.0
2017-04-04,-0.1402623740374373,1,-0.5230176647413735,0,0.0,0,0.0
2017-04-05,-0.0050161583879375,1,-0.016658903484098,0,0.0,0,0.0
2017-04-06,-0.0671317141538011,1,-0.2492181342275444,0,0.0,0,0.0
2017-04-07,0.0586760401011305,1,0.221803241824707,0,0.0,0,0.0
2017-04-10,-0.1350221851989036,1,-0.5033985166839473,0,0.0,0,0.0
2017-04-11,-0.0289123668800361,1,-0.1061257656265685,0,0.0,0,0.0
2017-04-12,0.0409719307347304,1,0.1555194582461252,0,0.0,0,0.0
2017-04-13,0.1228757153840562,1,0.462165368729822,0,0.0,0,0.0
2017-04-17,-0.0213151103398495,1,-0.0776818096003813,0,0.0,0,0.0
2017-04-18,-0.0136920278682044,1,-0.0491411618730706,0,0.0,0,0.0
2017-04-19,0.196031092672435,1,0.736057440645914,0,0.0,0,0.0
2017-04-20,0.1031935544493488,1,0.3884758049819313,0,0.0,0,0.0
2017-04-21,-0.0454836335432204,1,-0.1681682118402199,0,0.0,0,0.0
2017-04-24,0.0022146167141758,1,0.0104129543571948,0,0.0,0,0.0
2017-04-25,0.0033282599343382,1,0.014582409293408,0,0.0,0,0.0
2017-04-26,0.2448706788250316,1,0.9189117425262512,0,0.0,0,0.0
2017-04-27,0.1449647506384476,1,0.5448662152937552,0,0.0,0,0.0
2017-04-28,0.1563459908975174,1,0.5874773204657419,0,0.0,0,0.0
2017-05-01,0.3222880227482404,1,1.208760520775075,-1,-0.1681999358226292,-1,-1.0
2017-05-02,0.0430409333019723,1,0.1632657568908267,0,0.0,0,0.0
2017-05-03,0.0327595563765859,1,0.124772515072884,0,0.0,0,0.0
2017-05-04,0.0323861126240663,1,0.123374350140749,0,0.0,0,0.0
2017-05-05,-0.1394397652168815,1,-0.5199378359907089,0,0.0,0,0.0
2017-05-08,-0.0305344741040961,1,-0.1121988982510714,0,0.0,0,0.0
2017-05-09,0.1071754402641839,1,0.4033838950825306,0,0.0,0,0.0
2017-05-10,-0.0046786814180097,1,-0.0153953973695289,0,0.0,0,0.0
2017-05-11,-0.0100570249939136,1,-0.03553179362751,0,0.0,0,0.0
2017-05-12,0.0934205808556248,1,0.3518860136968068,0,0.0,0,0.0
2017-05-15,0.0356354009546065,1,0.135539611890357,0,0.0,0,0.0
2017-05-16,0.1904369441683404,1,0.715113075635631,0,0.0,0,0.0
2017-05-17,-0.2166705240296671,1,-0.8090880438216528,0,0.0,0,0.0
2017-05-18,0.0379642204295121,1,0.1442586591394205,0,0.0,0,0.0
2017-05-19,-0.1041030564497594,1,-0.3876380005217434,0,0.0,0,0.0
2017-05-22,0.0143674834399228,1,0.0559130115042413,0,0.0,0,0.0
2017-05-23,0.0321871394079401,1,0.1226293989363312,0,0.0,0,0.0
2017-05-24,0.0832591288132988,1,0.3138417679187071,0,0.0,0,0.0
2017-05-25,0.0532025969792844,1,0.2013107950255099,0,0.0,0,0.0
2017-05-26,-0.0228053820994435,1,-0.0832613532386325,0,0.0,0,0.0
2017-05-30,-0.0290062205493623,1,-0.1064771516340161,0,0.0,0,0.0
2017-05-31,-0.0209628757846955,1,-0.0763630514217273,0,0.0,0,0.0
2017-06-01,-0.0651115588031541,1,-0.2416547184529257,0,0.0,0,0.0
2017-06-02,0.096616592566851,1,0.3638518089931,0,0.0,0,0.0
2017-06-05,0.1460538974132831,1,0.5489439560947424,0,0.0,0,0.0
2017-06-06,-0.0064041685890151,1,-0.0218555821686354,0,0.0,0,0.0
2017-06-07,0.1122616600707234,1,0.422426586579319,0,0.0,0,0.0
2017-06-08,0.1637684466780425,1,0.6152668264157922,0,0.0,0,0.0
2017-06-09,-0.5082362109536813,0,-1.9007033570262888,0,0.0,0,0.0
2017-06-12,-0.1771458008120796,1,-0.6611083773194775,0,0.0,0,0.0
2017-06-13,0.0441621714982448,1,0.1674636472451877,0,0.0,0,0.0
2017-06-14,0.0417161865488447,1,0.1583059351193123,0,0.0,0,0.0
2017-06-15,0.0211918138401048,1,0.0814631496079337,0,0.0,0,0.0
2017-06-16,0.1308672560500138,1,0.492085515572514,0,0.0,0,0.0
2017-06-19,0.1691206038248738,1,0.6353051812777666,0,0.0,0,0.0
2017-06-20,0.0590997406119899,1,0.2233895669192209,0,0.0,0,0.0
2017-06-21,0.2850864740322583,1,1.0694787668700696,-1,-0.0401916239724837,-1,-1.0
2017-06-22,0.0273006799637181,1,0.1043346057014323,0,0.0,0,0.0
2017-06-23,-0.047522348484194,1,-0.1758011142997124,0,0.0,0,0.0
2017-06-26,-0.2586800473525206,1,-0.9663707455121484,0,0.0,0,0.0
2017-06-27,0.1154517487325724,1,0.4343702061131992,0,0.0,0,0.0
2017-06-28,0.1448831178212352,1,0.5445605838792044,0,0.0,0,0.0
2017-06-29,0.100557789569995,1,0.3786075611063774,0,0.0,0,0.0
2017-06-30,-0.1659692072189483,1,-0.6192634646192164,0,0.0,0,0.0
2017-07-03,-0.2304078344350392,1,-0.8605202221378128,0,0.0,0,0.0
2017-07-05,0.3449069694121777,1,1.293445343627181,-1,-0.1184131161914722,-1,-1.0
2017-07-06,0.1064045309537614,1,0.4004976281242084,0,0.0,0,0.0
2017-07-07,0.1186651083567128,1,0.4464009516016398,0,0.0,0,0.0
2017-07-10,0.1206139885364025,1,0.4536975147541643,0,0.0,0,0.0
2017-07-11,0.0551722363320503,1,0.2086850800507915,0,0.0,0,0.0
2017-07-12,0.031671470807734,1,0.12069874740301,0,0.0,0,0.0
2017-07-13,-0.0468394797963742,1,-0.1732444694338631,0,0.0,0,0.0
2017-07-14,-0.1691840458447066,1,-0.6312997474561405,0,0.0,0,0.0
2017-07-17,-0.1254302343724283,1,-0.4674864705301244,0,0.0,0,0.0
2017-07-18,0.1898911037133366,1,0.7130694613628582,0,0.0,0,0.0
2017-07-19,-0.0362128375335063,1,-0.1334585620300288,0,0.0,0,0.0
2017-07-20,0.0371118213088336,1,0.1410672961813458,0,0.0,0,0.0
2017-07-21,-0.0296665875000571,1,-0.1089495505068664,0,0.0,0,0.0
2017-07-24,0.3008501078627893,1,1.1284974540918034,-1,-0.3888498183133229,-1,-1.0
2017-07-25,-0.0772056847928353,1,-0.2869348516175765,0,0.0,0,0.0
2017-07-26,0.010003789096873,1,0.0395754389411877,0,0.0,0,0.0
2017-07-27,-0.4182849651085554,0,-1.5639279345055843,0,0.0,0,1.0
2017-07-28,0.1919542580461242,1,0.7207938643505198,0,0.0,0,0.0
2017-07-31,-0.07133360543365,1,-0.2649499197949573,0,0.0,0,0.0
2017-08-01,0.0912113496124992,1,0.3436147020728345,0,0.0,0,0.0
2017-08-02,-0.1506879171613019,1,-0.5620506615337976,0,0.0,0,0.0
2017-08-03,0.0186403133638827,1,0.0719103897448747,0,0.0,0,0.0
2017-08-04,0.015221429525009,1,0.0591101662619414,0,0.0,0,0.0
2017-08-07,-0.0879997104505336,1,-0.3273474386519966,0,0.0,0,0.0
2017-08-08,-0.0378817107809878,1,-0.1397067855846172,0,0.0,0,0.0
2017-08-09,0.0967735398531226,1,0.3644394160701447,0,0.0,0,0.0
2017-08-10,-0.099315067941911,1,-0.3697118802373036,0,0.0,0,0.0
2017-08-11,0.1050275300389914,1,0.395342167957692,0,0.0,0,0.0
2017-08-14,0.074332942842524,1,0.2804223302715413,0,0.0,0,0.0
2017-08-15,0.0839625624680798,1,0.3164754075540275,0,0.0,0,0.0
2017-08-16,-0.0142174923463184,1,-0.0511084889509095,0,0.0,0,0.0
2017-08-17,-0.0035140362651614,1,-0.0110349923551003,0,0.0,0,0.0
2017-08-18,0.0998849551583784,1,0.3760884843428516,0,0.0,0,0.0
2017-08-21,-0.0175232226154832,1,-0.0634850680374767,0,0.0,0,0.0
2017-08-22,0.1315405273408971,1,0.4946062280020968,0,0.0,0,0.0
2017-08-23,-0.0898080083664381,1,-0.3341176650001738,0,0.0,0,0.0
2017-08-24,0.2447816610549935,1,0.9185784620159618,0,0.0,0,0.0
2017-08-25,-0.1155468509652533,1,-0.4304833074097792,0,0.0,0,0.0
2017-08-28,0.0248415506743455,1,0.095127681465081,0,0.0,0,0.0
2017-08-29,-0.0096789835364811,1,-0.0341164149925509,0,0.0,0,0.0
2017-08-30,0.0791194417188538,1,0.2983428734093905,0,0.0,0,0.0
2017-08-31,0.1351554169244291,1,0.5081402925436348,0,0.0,0,0.0
2017-09-01,-0.1510576447167644,1,-0.5634349131085096,0,0.0,0,0.0
2017-09-05,-0.1535050367647662,1,-0.572597893379608,0,0.0,0,0.0
2017-09-06,-0.0258831343699606,1,-0.0947843878734399,0,0.0,0,0.0
2017-09-07,-0.1369892100559129,1,-0.5107630130964662,0,0.0,0,0.0
2017-09-08,0.0658927401230325,1,0.2488224028851977,0,0.0,0,0.0
2017-09-11,-0.0851717621636873,1,-0.3167596644614184,0,0.0,0,0.0
2017-09-12,0.0845606801290302,1,0.3187147464991542,0,0.0,0,0.0
2017-09-13,-0.0555596116896664,1,-0.2058924452924307,0,0.0,0,0.0
2017-09-14,-0.1505394427829854,1,-0.5614947768317987,0,0.0,0,0.0
2017-09-15,-0.151510181908977,1,-0.5651292020834076,0,0.0,0,0.0
2017-09-18,0.122579450513182,1,0.461056159778581,0,0.0,0,0.0
2017-09-19,0.0979020509772046,1,0.3686645361011268,0,0.0,0,0.0
2017-09-20,0.1743838419190545,1,0.6550106252251093,0,0.0,0,0.0
2017-09-21,0.0605607189470021,1,0.2288594366408086,0,0.0,0,0.0
2017-09-22,0.133411339276888,1,0.5016105054223886,0,0.0,0,0.0
2017-09-25,-0.4979452437083511,0,-1.86217420926818,0,0.0,0,1.0
2017-09-26,-0.1025484247966134,1,-0.3818174949030245,0,0.0,0,0.0
2017-09-27,0.2853391962163755,1,1.070424952990526,-1,0.0341338332370037,0,-1.0
2017-09-28,-0.133359235540756,1,-0.4971724709133578,0,0.0,0,0.0
2017-09-29,0.0823093331854476,1,0.3102857546487116,0,0.0,0,0.0
2017-10-02,-0.0349494888586723,1,-0.1287286132698891,0,0.0,0,0.0
2017-10-03,0.0686149301854536,1,0.259014220684275,0,0.0,0,0.0
2017-10-04,-0.1676877094531489,1,-0.6256974979734866,0,0.0,0,0.0
2017-10-05,0.1723543656967255,1,0.6474123123185004,0,0.0,0,0.0
2017-10-06,0.1862923691695612,1,0.6995958809234443,0,0.0,0,0.0
2017-10-09,0.0980871478885619,1,0.3693575347354866,0,0.0,0,0.0
2017-10-10,-0.2036251408848179,1,-0.7602464254619096,0,0.0,0,0.0
2017-10-11,-0.0019226983868361,1,-0.005077059462554,0,0.0,0,0.0
2017-10-12,-0.1034086991231204,1,-0.385038342452951,0,0.0,0,0.0
2017-10-13,0.0166195244298377,1,0.0643446018483967,0,0.0,0,0.0
2017-10-16,-0.030882528475755,1,-0.113502005917611,0,0.0,0,0.0
2017-10-17,-0.0578614265161599,1,-0.2145103877508538,0,0.0,0,0.0
2017-10-18,0.0447485138051531,1,0.1696588995320856,0,0.0,0,0.0
2017-10-19,-0.003281610213984,1,-0.0101647944956416,0,0.0,0,0.0
2017-10-20,-0.0238189314907799,1,-0.0870560591518849,0,0.0,0,0.0
2017-10-23,-0.053831931092765,1,-0.1994240483565609,0,0.0,0,0.0
2017-10-24,-0.0605163016229396,1,-0.224450179884082,0,0.0,0,0.0
2017-10-25,0.0957570248135079,1,0.3606336068370594,0,0.0,0,0.0
2017-10-26,0.1792181522605828,1,0.6731101734033255,0,0.0,0,0.0
2017-10-27,0.1913626965415562,1,0.7185790715060618,0,0.0,0,0.0
2017-10-30,0.0649747478818198,1,0.2453854607728289,0,0.0,0,0.0
2017-10-31,-0.07060823156998,1,-0.2622341365156067,0,0.0,0,0.0
2017-11-01,-0.0782920743851968,1,-0.2910022695899698,0,0.0,0,0.0
2017-11-02,0.1822369562562603,1,0.6844125070352788,0,0.0,0,0.0
2017-11-03,0.1768847046804829,1,0.6643737986334737,0,0.0,0,0.0
2017-11-06,0.1682985185347456,1,0.6322273126131384,0,0.0,0,0.0
2017-11-07,-0.2751902070550981,1,-1.0281844086524363,1,0.1037897270572589,1,1.0
2017-11-08,-0.1016553175101506,1,-0.3784737214963425,0,0.0,0,0.0
2017-11-09,0.0053727756469456,1,0.0222370297102179,0,0.0,0,0.0
2017-11-10,-0.0728117628148073,1,-0.2704841074753422,0,0.0,0,0.0
2017-11-13,-0.0860730800252787,1,-0.3201341780749991,0,0.0,0,0.0
2017-11-14,-0.0172733009044779,1,-0.0625493668247797,0,0.0,0,0.0
2017-11-15,0.2635076246017274,1,0.9886880444492808,0,0.0,0,0.0
2017-11-16,-0.2896484212712943,0,-1.0823156344715634,0,0.0,0,1.0
2017-11-17,0.0894337641850749,1,0.3369594625843434,0,0.0,0,0.0
2017-11-20,0.0568308429807457,1,0.2148948656925798,0,0.0,0,0.0
2017-11-21,0.0468643266872153,1,0.1775804549328644,0,0.0,0,0.0
2017-11-22,-0.1197511175501141,1,-0.4462239860652364,0,0.0,0,0.0
2017-11-24,0.1147083927415179,1,0.4315870981571217,0,0.0,0,0.0
2017-11-27,-0.0859179673712191,1,-0.3195534398193091,0,0.0,0,0.0
2017-11-28,-0.2236854143968792,1,-0.8353516341161311,0,0.0,0,0.0
2017-11-29,-0.6750728884771,0,-2.525336090425438,0,0.0,0,0.0
2017-11-30,-0.0926595719137253,1,-0.3447938541897684,0,0.0,0,0.0
2017-12-01,-0.0120093201534899,1,-0.0428411423872088,0,0.0,0,0.0
2017-12-04,-0.6696404142110393,0,-2.504997030092294,0,0.0,0,0.0
2017-12-05,0.3060669582122962,1,1.148029223376105,-1,-0.0274152643118059,-1,-1.0
2017-12-06,0.1120659570970909,1,0.4216938790885622,0,0.0,0,0.0
2017-12-07,0.0722442592918566,1,0.2726023464716597,0,0.0,0,0.0
2017-12-08,-0.0803986458537953,1,-0.2988892253485238,0,0.0,0,0.0
2017-12-11,-0.0340285229728105,1,-0.1252805378994569,0,0.0,0,0.0
2017-12-12,0.2133394780508237,1,0.8008596425964486,0,0.0,0,0.0
2017-12-13,-0.1668695794246035,1,-0.6226344377184384,0,0.0,0,0.0
2017-12-14,0.1760799482375226,1,0.6613608087792716,0,0.0,0,0.0
2017-12-15,-0.0500989568171439,1,-0.1854478774084036,0,0.0,0,0.0
2017-12-18,-0.0928057755616734,1,-0.3453412373288142,0,0.0,0,0.0
2017-12-19,0.092446946236682,1,0.3482407477853171,0,0.0,0,0.0
2017-12-20,-0.1457785381815347,1,-0.5436700580780983,0,0.0,0,0.0
2017-12-21,-0.0607991469313747,1,-0.2255091462981795,0,0.0,0,0.0
2017-12-22,-0.1741328973645489,1,-0.6498281352058412,0,0.0,0,0.0
2017-12-26,0.0010030311421333,1,0.0058768054788663,0,0.0,0,0.0
2017-12-27,0.0155945358229006,1,0.0605070677716093,0,0.0,0,0.0
2017-12-28,0.0007982440408636,1,0.0051100872204486,0,0.0,0,0.0
2017-12-29,-0.0419927598349615,1,-0.1550984599205025,0,0.0,0,0.0
2018-01-02,-0.0666881599327284,1,-0.2475574772926777,0,0.0,0,0.0
2018-01-03,0.3175769349374359,1,1.191122314954696,-1,0.0081975343002789,0,-1.0
2018-01-04,0.1132395729501648,1,0.4260878702009973,0,0.0,0,0.0
2018-01-05,0.1558872235824225,1,0.5857597060521983,0,0.0,0,0.0
2018-01-08,-0.0645015515683823,1,-0.239370865213309,0,0.0,0,0.0
2018-01-09,0.2173406519140775,1,0.8158399467124825,0,0.0,0,0.0
2018-01-10,0.2896102924194593,1,1.086415840219556,-1,-0.3629562894895415,-1,-1.0
2018-01-11,-0.1140370135151661,1,-0.4248305102704689,0,0.0,0,0.0
2018-01-12,0.0623039286886584,1,0.2353859743421241,0,0.0,0,0.0
2018-01-16,-0.0102637214947266,1,-0.0363056606344741,0,0.0,0,0.0
2018-01-17,-0.0728396729881288,1,-0.2705886025306874,0,0.0,0,0.0
2018-01-18,0.2052122116317947,1,0.7704313416152775,0,0.0,0,0.0
2018-01-19,0.0150272828889419,1,0.0583832856636999,0,0.0,0,0.0
2018-01-22,-0.0243173586443259,1,-0.0889221591002974,0,0.0,0,0.0
2018-01-23,0.0787688651081558,1,0.2970303225371439,0,0.0,0,0.0
2018-01-24,0.0532475260602144,1,0.2014790084846067,0,0.0,0,0.0
2018-01-25,-0.0733459970700822,1,-0.2724842683997945,0,0.0,0,0.0
2018-01-26,0.1018726835832495,1,0.3835304944434672,0,0.0,0,0.0
2018-01-29,0.2115083478747788,1,0.7940039327846056,0,0.0,0,0.0
2018-01-30,0.095417734181485,1,0.3593633104127769,0,0.0,0,0.0
2018-01-31,0.1461909872051144,1,0.5494572171633743,0,0.0,0,0.0
2018-02-01,0.3947160374001358,0,1.479929363491549,0,0.0,0,-1.0
2018-02-02,0.3843358554036308,1,1.4410661977302468,-1,-0.3975278196271232,-1,-1.0
2018-02-05,0.2955018226564414,1,1.1084735956871048,-1,0.1892171503622974,0,-1.0
2018-02-06,-0.0717479035574675,1,-0.2665010425658239,0,0.0,0,0.0
2018-02-07,0.0890297938909542,1,0.3354470069734167,0,0.0,0,0.0
2018-02-08,-0.137948269661057,1,-0.5143537104871511,0,0.0,0,0.0
2018-02-09,-0.0979437518938149,1,-0.3645777040825663,0,0.0,0,0.0
2018-02-12,-0.0242068116959906,1,-0.088508273835183,0,0.0,0,0.0
2018-02-13,0.0407754095325656,1,0.1547836873263173,0,0.0,0,0.0
2018-02-14,0.354233797816841,1,1.3283647774521083,-1,-0.1139607023353916,-1,-1.0
2018-02-15,-0.1107249817709267,1,-0.412430338604268,0,0.0,0,0.0
2018-02-16,-0.1528752885719901,1,-0.5702401304413496,0,0.0,0,0.0
2018-02-20,0.4847189730187389,0,1.8168983113507768,0,0.0,0,0.0
2018-02-21,0.3249525457765502,1,1.218736434507501,-1,-0.1493990925794328,-1,-1.0
2018-02-22,-0.3104199774117073,0,-1.1600838691399793,0,0.0,0,1.0
2018-02-23,-0.1035550538758133,1,-0.3855862913247314,0,0.0,0,0.0
2018-02-26,-0.0104789687436144,1,-0.0371115414481253,0,0.0,0,0.0
2018-02-27,0.4071137467925222,0,1.526346106024483,0,0.0,0,-1.0
2018-02-28,0.2689064711488835,1,1.008901203366206,-1,-0.1593817219576659,-1,-1.0
2018-03-01,-0.1018186684702601,1,-0.3790853037828712,0,0.0,0,0.0
2018-03-02,0.1638951177399665,1,0.6157410799961601,0,0.0,0,0.0
2018-03-05,-0.098389866893553,1,-0.3662479485146253,0,0.0,0,0.0
2018-03-06,0.1117807977241332,1,0.4206262488694218,0,0.0,0,0.0
2018-03-07,0.3596341005552248,1,1.348583388315934,-1,-0.1268372355182723,-1,-1.0
2018-03-08,0.019271861089993,1,0.0742748900950866,0,0.0,0,0.0
2018-03-09,0.0472665550585196,1,0.1790863888243086,0,0.0,0,0.0
2018-03-12,-0.0432419287105301,1,-0.1597753198340789,0,0.0,0,0.0
2018-03-13,-0.1714012424487001,1,-0.6396008812103856,0,0.0,0,0.0
2018-03-14,0.0850174551580736,1,0.3204249018389465,0,0.0,0,0.0
2018-03-15,0.1410964217885524,1,0.5303832798921096,0,0.0,0,0.0
2018-03-16,-0.2015574339168297,1,-0.7525049775114035,0,0.0,0,0.0
2018-03-19,0.0866284356265112,1,0.3264563761429798,0,0.0,0,0.0
2018-03-20,0.3680530659315139,1,1.3801038035714226,-1,-0.0427299549389817,-1,-1.0
2018-03-21,0.0291839065141256,1,0.1113853631562839,0,0.0,0,0.0
2018-03-22,-0.0918511882750623,1,-0.3417672841971937,0,0.0,0,0.0
2018-03-23,0.050536543380112,1,0.1913291508705191,0,0.0,0,0.0
2018-03-26,0.0638441204416032,1,0.2411524173022801,0,0.0,0,0.0
2018-03-27,-0.6030244445936365,0,-2.255588352049589,0,0.0,0,0.0
2018-03-28,-0.2444046537208254,1,-0.9129239958113043,0,0.0,0,0.0
2018-03-29,-0.0167395367648026,1,-0.0605509660024601,0,0.0,0,0.0
2018-04-02,0.1885837531872994,1,0.7081747706706705,0,0.0,0,0.0
2018-04-03,-0.196875892009855,1,-0.7349773908842615,0,0.0,0,0.0
2018-04-04,-0.1828151033922082,1,-0.6823341174844088,0,0.0,0,0.0
2018-04-05,-0.0530193886313092,1,-0.1963819078258566,0,0.0,0,0.0
2018-04-06,-0.0290831265117089,1,-0.1067650858112507,0,0.0,0,0.0
2018-04-09,0.1738101198297437,1,0.6528626227464134,0,0.0,0,0.0
2018-04-10,0.1264341422458141,1,0.4754880381227604,0,0.0,0,0.0
2018-04-11,-0.0059136088443795,1,-0.0200189376205905,0,0.0,0,0.0
2018-04-12,0.3305721367353599,1,1.239776055490685,-1,-0.0557781306687275,-1,-1.0
2018-04-13,-0.2240629032291899,1,-0.8367649437351792,0,0.0,0,0.0
2018-04-16,-0.1819579377233732,1,-0.6791249086782387,0,0.0,0,0.0
2018-04-17,0.1655300769545276,1,0.6218623301813546,0,0.0,0,0.0
2018-04-18,0.023367673350834,1,0.0896095182233632,0,0.0,0,0.0
2018-04-19,0.40266028357169,0,1.5096724408207958,0,0.0,0,-1.0
2018-04-20,0.2940610381483312,1,1.1030793311950315,-1,-0.1153476860617979,-1,-1.0
2018-04-23,-0.1162259787360542,1,-0.4330259463672297,0,0.0,0,0.0
2018-04-24,-0.0480618272462937,1,-0.1778209105386646,0,0.0,0,0.0
2018-04-25,-0.2715267050623884,1,-1.014468340354455,1,0.458839722951208,1,1.0
2018-04-26,0.2747940060666324,1,1.0309440004492412,-1,-0.3624059034605614,-1,-1.0
2018-04-27,-0.2955864056630232,0,-1.1045473132399592,0,0.0,0,1.0
2018-04-30,0.2448214038370346,1,0.9187272580897492,0,0.0,0,0.0
2018-05-01,0.2008603691916821,1,0.7541381423077785,0,0.0,0,0.0
2018-05-02,0.1467292270820893,1,0.5514723750445427,0,0.0,0,0.0
2018-05-03,0.2321128898842878,1,0.8711468703381937,0,0.0,0,0.0
2018-05-04,-0.1663991426426963,1,-0.6208731330860507,0,0.0,0,0.0
2018-05-07,0.2593207930430274,1,0.9730126421359886,0,0.0,0,0.0
2018-05-08,0.237995544819457,1,0.8931713968772274,0,0.0,0,0.0
2018-05-09,0.1873130178888196,1,0.7034171665592794,0,0.0,0,0.0
2018-05-10,-0.087611897393929,1,-0.3258954753715553,0,0.0,0,0.0
2018-05-11,-0.051984146181972,1,-0.1925059835958892,0,0.0,0,0.0
2018-05-14,-0.1191192972220584,1,-0.4438584650995291,0,0.0,0,0.0
2018-05-15,0.0880793515736121,1,0.3318885725126472,0,0.0,0,0.0
2018-05-16,-0.1298622307320933,1,-0.4840797642929064,0,0.0,0,0.0
2018-05-17,0.0055894118132122,1,0.0230481105990066,0,0.0,0,0.0
2018-05-18,0.1696447942586385,1,0.6372677383624828,0,0.0,0,0.0
2018-05-21,-0.061567549352077,1,-0.2283860275182964,0,0.0,0,0.0
2018-05-22,-0.0188724769124756,1,-0.0685366454968912,0,0.0,0,0.0
2018-05-23,0.0322311843301223,1,0.1227943021251469,0,0.0,0,0.0
2018-05-24,-0.0322316998463176,1,-0.1185532729023548,0,0.0,0,0.0
2018-05-25,-0.0987601406668013,1,-0.3676342451163282,0,0.0,0,0.0
2018-05-29,-0.0728484392161783,1,-0.2706214230895085,0,0.0,0,0.0
2018-05-30,-0.1197218721081972,1,-0.4461144917945809,0,0.0,0,0.0
2018-05-31,0.3674160503271689,1,1.377718831609223,-1,-0.2158566079161886,-1,-1.0
2018-06-01,0.2917460819450881,1,1.0944121877203716,-1,-0.1340423997862634,-1,-1.0
2018-06-04,0.1642682727162583,1,0.6171381637566535,0,0.0,0,0.0
2018-06-05,0.0632807594454555,1,0.2390432065211865,0,0.0,0,0.0
2018-06-06,0.2476025812459934,1,0.9291399231752312,0,0.0,0,0.0
2018-06-07,-0.325317903007908,0,-1.2158613643842475,0,0.0,0,1.0
2018-06-08,-0.0281665803611655,1,-0.1033335578295212,0,0.0,0,0.0
2018-06-11,-0.1041143328479703,1,-0.387680219100667,0,0.0,0,0.0
2018-06-12,-0.0432242048512934,1,-0.1597089621074341,0,0.0,0,0.0
2018-06-13,0.2755649112714343,1,1.0338302520362126,-1,-0.3016445857476821,-1,-1.0
2018-06-14,-0.0939213998700933,1,-0.3495181094144923,0,0.0,0,0.0
2018-06-15,-0.1927898159727184,1,-0.7196792149565183,0,0.0,0,0.0
2018-06-18,0.2439355313299985,1,0.9154105715330092,0,0.0,0,0.0
2018-06-19,-0.0751431201607175,1,-0.2792126564558363,0,0.0,0,0.0
2018-06-20,-0.0664462437975663,1,-0.2466517487742082,0,0.0,0,0.0
2018-06-21,-0.0258198621927347,1,-0.0945474982782056,0,0.0,0,0.0
2018-06-22,-0.3176179235834683,0,-1.1870328162112604,0,0.0,0,1.0
2018-06-25,-0.5815543817445549,0,-2.1752049241202545,0,0.0,0,0.0
2018-06-26,0.0258651011743036,1,0.0989598313019844,0,0.0,0,0.0
2018-06-27,-0.2332113456260037,1,-0.8710165043961396,0,0.0,0,0.0
2018-06-28,0.1811551404318587,1,0.6803622131463013,0,0.0,0,0.0
2018-06-29,0.0665901312483496,1,0.2514334194273722,0,0.0,0,0.0
2018-07-02,0.2991169832529236,1,1.122008674894976,-1,-0.015653869722074,-1,-1.0
2018-07-03,-0.2421030469408698,1,-0.9043068322743965,0,0.0,0,0.0
2018-07-05,-0.2088475432008779,1,-0.7797989811829544,0,0.0,0,0.0
2018-07-06,0.0708012385792764,1,0.2671997096808135,0,0.0,0,0.0
2018-07-09,0.3783262815269169,1,1.4185664895551722,-1,0.0701857578594609,0,-1.0
2018-07-10,-0.2466806735217001,1,-0.9214453622793664,0,0.0,0,0.0
2018-07-11,0.2323929262152484,1,0.8721953200043916,0,0.0,0,0.0
2018-07-12,0.2466165619515425,1,0.9254482893197756,0,0.0,0,0.0
2018-07-13,-0.1826242601224032,1,-0.6816196046144652,0,0.0,0,0.0
2018-07-16,0.2421372603163575,1,0.908677885679292,0,0.0,0,0.0
2018-07-17,0.0922621147407675,1,0.3475487428603502,0,0.0,0,0.0
2018-07-18,0.2126445093365996,1,0.7982576955064165,0,0.0,0,0.0
2018-07-19,-0.3933458513722881,0,-1.470556458803245,0,0.0,0,1.0
2018-07-20,0.1964815814042069,1,0.7377440602314229,0,0.0,0,0.0
2018-07-23,0.3015964415529971,1,1.1312917104859164,-1,0.1072353658715146,0,-1.0
2018-07-24,-0.1628946621301866,1,-0.6077524376000971,0,0.0,0,0.0
2018-07-25,0.1046216793267856,1,0.3938226721041409,0,0.0,0,0.0
2018-07-26,-0.4169589822547222,0,-1.558963484801088,0,0.0,0,1.0
2018-07-27,-0.2954430443741995,0,-1.104010571828953,0,0.0,0,1.0
2018-07-30,-0.563395902893213,0,-2.10721999150439,0,0.0,0,0.0
2018-07-31,-0.3790763087555679,0,-1.4171316151696474,0,0.0,0,1.0
2018-08-01,0.5029082465880272,0,1.8849985386915824,0,0.0,0,0.0
2018-08-02,0.1801773760275584,1,0.6767014854121806,0,0.0,0,0.0
2018-08-03,-0.4415245830575935,0,-1.6509365365596618,0,0.0,0,1.0
2018-08-06,0.0834636189882444,1,0.3146073744917079,0,0.0,0,0.0
2018-08-07,0.1418591647992849,1,0.5332389724097703,0,0.0,0,0.0
2018-08-08,0.1458267351193491,1,0.5480934656229138,0,0.0,0,0.0
2018-08-09,0.0254933049903344,1,0.0975678348291018,0,0.0,0,0.0
2018-08-10,0.2196223605211095,1,0.8243826119416596,0,0.0,0,0.0
2018-08-13,-0.0022645090868591,1,-0.0063567909642223,0,0.0,0,0.0
2018-08-14,-0.097054544343704,1,-0.3612485312002606,0,0.0,0,0.0
2018-08-15,-0.1981196207974991,1,-0.7396338832321405,0,0.0,0,0.0
2018-08-16,-0.2486555857375643,1,-0.9288393887843926,0,0.0,0,0.0
2018-08-17,-0.2822467019771402,1,-1.054603765455761,1,0.1294552188735727,1,1.0
2018-08-20,-0.0468236836727637,1,-0.1731853291056425,0,0.0,0,0.0
2018-08-21,0.1460204495869249,1,0.5488187281921342,0,0.0,0,0.0
2018-08-22,0.3575801987604368,1,1.340893626620507,-1,-0.1727356527926738,-1,-1.0
2018-08-23,0.1901906584626645,1,0.7141909875443487,0,0.0,0,0.0
2018-08-24,0.1854921554550709,1,0.6965998989415121,0,0.0,0,0.0
2018-08-27,0.0040287412586211,1,0.0172049954703623,0,0.0,0,0.0
2018-08-28,0.1363983347047943,1,0.5127937484986717,0,0.0,0,0.0
2018-08-29,0.0756051363548578,1,0.2851853939024997,0,0.0,0,0.0
2018-08-30,0.1278885929269853,1,0.4809334684565472,0,0.0,0,0.0
2018-08-31,0.0911388153978009,1,0.343343135619555,0,0.0,0,0.0
2018-09-04,0.2109018414472669,1,0.7917331864879007,0,0.0,0,0.0
2018-09-05,-0.813311155325969,0,-3.042897023452586,0,0.0,0,0.0
2018-09-06,-0.0051418499923362,1,-0.0171294899977253,0,0.0,0,0.0
2018-09-07,0.2533661144751402,1,0.9507184607510192,0,0.0,0,0.0
2018-09-10,-0.1269970890293325,1,-0.4733527387974476,0,0.0,0,0.0
2018-09-11,0.1455630492093288,1,0.5471062315615561,0,0.0,0,0.0
2018-09-12,-0.2423836516353551,1,-0.9053574098807288,0,0.0,0,0.0
2018-09-13,0.0716358995397211,1,0.2703246613696348,0,0.0,0,0.0
2018-09-14,0.1637527282311367,1,0.6152079769073912,0,0.0,0,0.0
2018-09-17,-0.4868208784009477,0,-1.8205248380840848,0,0.0,0,1.0
2018-09-18,0.1870764115823994,1,0.7025313179190846,0,0.0,0,0.0
2018-09-19,0.0208458131153535,1,0.0801677307487976,0,0.0,0,0.0
2018-09-20,-0.0885076462170698,1,-0.3292491386315958,0,0.0,0,0.0
2018-09-21,-0.1523890205054936,1,-0.5684195538388347,0,0.0,0,0.0
2018-09-24,0.4918090336952524,0,1.8434433375768884,0,0.0,0,0.0
2018-09-25,0.3618238742780674,1,1.3567818514256589,-1,-0.0542983538674926,-1,-1.0
2018-09-26,0.083497026484167,1,0.3147324513980808,0,0.0,0,0.0
2018-09-27,0.1138967264252276,1,0.4285482378940281,0,0.0,0,0.0
2018-09-28,-0.1972537929620356,1,-0.7363922434707474,0,0.0,0,0.0
2018-10-01,-0.0309411827250173,1,-0.1137216060953781,0,0.0,0,0.0
2018-10-02,-0.4248136416687412,0,-1.5883711513437726,0,0.0,0,1.0
2018-10-03,0.204750862565202,1,0.7687040611827329,0,0.0,0,0.0
2018-10-04,-0.3533873557454292,0,-1.3209527582475364,0,0.0,0,1.0
2018-10-05,-0.2115686967491633,1,-0.7899869182966369,0,0.0,0,0.0
2018-10-08,-0.6055077626080665,0,-2.264885838323463,0,0.0,0,0.0
2018-10-09,0.3923122209535883,0,1.4709295292831148,0,0.0,0,-1.0
2018-10-10,-0.4582603197646795,0,-1.713594754884156,0,0.0,0,1.0
2018-10-11,0.429818368389086,0,1.6113516938794934,0,0.0,0,-1.0
2018-10-12,0.4595476101783058,0,1.7226573002745738,0,0.0,0,-1.0
2018-10-15,-0.4648953348274973,0,-1.7384361006622788,0,0.0,0,1.0
2018-10-16,0.2823153115403392,1,1.0591035974066425,-1,-0.1701765251481755,-1,-1.0
2018-10-17,0.2433543147681426,1,0.9132345099192312,0,0.0,0,0.0
2018-10-18,-0.1290708466478092,1,-0.4811168402460308,0,0.0,0,0.0
2018-10-19,-0.4054597640156056,0,-1.515910672749946,0,0.0,0,1.0
2018-10-22,0.3037385912393841,1,1.139311870284233,-1,-0.1344580301842682,-1,-1.0
2018-10-23,0.0956111380495949,1,0.3600874101046479,0,0.0,0,0.0
2018-10-24,-0.5415395921408552,0,-2.025390460193146,0,0.0,0,0.0
2018-10-25,0.4314165021442314,0,1.6173350703805855,0,0.0,0,-1.0
2018-10-26,0.1739046435019701,1,0.6532165172295099,0,0.0,0,0.0
2018-10-29,-0.5233760774301671,0,-1.9573866734342047,0,0.0,0,0.0
2018-10-30,-0.3054425901625081,0,-1.1414486442673373,0,0.0,0,1.0
2018-10-31,0.7879475990168472,0,2.9521794036961926,0,0.0,0,0.0
2018-11-01,-0.4338920026829786,0,-1.6223603288992376,0,0.0,0,1.0
2018-11-02,0.2194157719271859,1,0.82360914893564,0,0.0,0,0.0
2018-11-05,-0.4196898792210424,0,-1.5691879010507142,0,0.0,0,1.0
2018-11-06,-0.1859234339490631,1,-0.6939716365291277,0,0.0,0,0.0
2018-11-07,0.2219238955732357,1,0.8329995069312027,0,0.0,0,0.0
2018-11-08,0.0706924806337933,1,0.2667925224017666,0,0.0,0,0.0
2018-11-09,-0.1735547024318565,1,-0.6476633865030595,0,0.0,0,0.0
2018-11-12,-0.413487219311485,0,-1.5459652831517912,0,0.0,0,1.0
2018-11-13,-0.0632445247306081,1,-0.2346645852676132,0,0.0,0,0.0
2018-11-14,-0.1125365835518331,1,-0.4192129345480135,0,0.0,0,0.0
2018-11-15,0.3638118686971524,1,1.364224857402573,-1,-0.2079380444069655,-1,-1.0
2018-11-16,-0.1829182710175664,1,-0.6827203747318102,0,0.0,0,0.0
2018-11-19,-0.7166579083981784,0,-2.681029461016057,0,0.0,0,0.0
2018-11-20,0.1955055370470729,1,0.7340897723148475,0,0.0,0,0.0
2018-11-21,0.2672263332892457,1,1.0026108053594152,-1,-0.4091953389379439,-1,-1.0
2018-11-23,-0.0217719344312127,1,-0.0793921486283849,0,0.0,0,0.0
2018-11-26,0.2617089170096853,1,0.981953724055941,0,0.0,0,0.0
2018-11-27,-0.1566103606670262,1,-0.5842241555777754,0,0.0,0,0.0
2018-11-28,0.4476508664813058,0,1.678116161933077,0,0.0,0,-1.0
2018-11-29,0.0309878777256876,1,0.1181393904216204,0,0.0,0,0.0
2018-11-30,-0.1021842254613392,1,-0.380453940859205,0,0.0,0,0.0
2018-12-03,0.0122574876591262,1,0.0480132351985505,0,0.0,0,0.0
2018-12-04,-0.0301507701306504,1,-0.1107623192846996,0,0.0,0,0.0
2018-12-06,0.0913129011626417,1,0.3439949087713138,0,0.0,0,0.0
2018-12-07,-0.1419690056486982,1,-0.5294072547528244,0,0.0,0,0.0
2018-12-10,0.28361494250395,1,1.0639693862323427,-1,0.2262981229949969,0,-1.0
2018-12-11,-0.1663356335882188,1,-0.6206353566277637,0,0.0,0,0.0
2018-12-12,0.2320943145465295,1,0.8710773246952931,0,0.0,0,0.0
2018-12-13,-0.1429261528865593,1,-0.5329907922838131,0,0.0,0,0.0
2018-12-14,-0.051341319095581,1,-0.1900992535768315,0,0.0,0,0.0
2018-12-17,0.2836265215026958,1,1.0640127377408,-1,-0.3681247551807293,-1,-1.0
2018-12-18,0.2401544408659387,1,0.9012542546675908,0,0.0,0,0.0
2018-12-19,0.1281438165543235,1,0.4818890199236394,0,0.0,0,0.0
2018-12-20,-0.0598043530757513,1,-0.2217846606848798,0,0.0,0,0.0
2018-12-21,-0.159237148922923,1,-0.5940587911788788,0,0.0,0,0.0
2018-12-24,0.6740346577672655,0,2.525691937519727,0,0.0,0,0.0
2018-12-26,0.0122324026173263,1,0.0479193173714907,0,0.0,0,0.0
2018-12-27,0.0356603323946897,1,0.1356329546360763,0,0.0,0,0.0
2018-12-28,0.140695912775008,1,0.5288837832370884,0,0.0,0,0.0
2018-12-31,0.0745369589285553,1,0.281186161866409,0,0.0,0,0.0
2019-01-02,-0.0844982336780335,1,-0.3142379891004532,0,0.0,0,0.0
2019-01-03,-0.3815610451564089,0,-1.4264344118500465,0,0.0,0,1.0
2019-01-04,0.0580347584643301,1,0.2194022979338347,0,0.0,0,0.0
2019-01-07,0.0315477439005939,1,0.1202355166713197,0,0.0,0,0.0
2019-01-08,-0.1950899981764783,1,-0.728291044912488,0,0.0,0,0.0
2019-01-09,0.1412235322369676,1,0.5308591785255266,0,0.0,0,0.0
2019-01-10,-0.2529699852237546,1,-0.9449924025223738,0,0.0,0,0.0
2019-01-11,-0.08038588892243,1,-0.2988414636870786,0,0.0,0,0.0
2019-01-14,0.1507425735950001,1,0.5664982532845692,0,0.0,0,0.0
2019-01-15,0.2650075840339319,1,0.9943038585138724,0,0.0,0,0.0
2019-01-16,0.1412606575160954,1,0.5309981747278248,0,0.0,0,0.0
2019-01-17,-0.1691332655707271,1,-0.6311096272630907,0,0.0,0,0.0
2019-01-18,-0.1423521223456781,1,-0.5308416349694399,0,0.0,0,0.0
2019-01-22,0.1752351832256447,1,0.6581980277512499,0,0.0,0,0.0
2019-01-23,-0.0236728345203235,1,-0.0865090754109462,0,0.0,0,0.0
2019-01-24,0.0328339520550434,1,0.125051050804222,0,0.0,0,0.0
2019-01-25,0.0868455345045891,1,0.327269189414286,0,0.0,0,0.0
2019-01-28,-0.1635372112265731,1,-0.6101581268308884,0,0.0,0,0.0
2019-01-29,-0.5425756468350956,0,-2.029269425449593,0,0.0,0,0.0
2019-01-30,0.2177575661976629,1,0.817400864326132,0,0.0,0,0.0
2019-01-31,-0.1302620241671779,1,-0.485576581838418,0,0.0,0,0.0
2019-02-01,0.2973904081203781,1,1.1155444167925603,-1,-0.1551720806910259,-1,-1.0
2019-02-04,-0.0092192730371787,1,-0.0323952693187452,0,0.0,0,0.0
2019-02-05,0.1524356926998709,1,0.5728372527788337,0,0.0,0,0.0
2019-02-06,-0.1354831933520816,1,-0.5051245207444061,0,0.0,0,0.0
2019-02-07,0.0459497999927346,1,0.1741564877487911,0,0.0,0,0.0
2019-02-08,0.1505352977706847,1,0.5657222173035629,0,0.0,0,0.0
2019-02-11,-0.0511578995012424,1,-0.1894125347793143,0,0.0,0,0.0
2019-02-12,-0.081824640909016,1,-0.3042281184647041,0,0.0,0,0.0
2019-02-13,-0.0331497822826283,1,-0.1219905527031231,0,0.0,0,0.0
2019-02-14,0.1215838489514663,1,0.4573286501320064,0,0.0,0,0.0
2019-02-15,-0.1376897792496962,1,-0.5133859282548355,0,0.0,0,0.0
2019-02-19,-0.1070496861471738,1,-0.3986701152193803,0,0.0,0,0.0
2019-02-20,-0.1878391161311759,1,-0.70114390713233,0,0.0,0,0.0
2019-02-21,-0.0519737182549371,1,-0.1924669416737879,0,0.0,0,0.0
2019-02-22,0.239568932482056,1,0.8990621245695706,0,0.0,0,0.0
2019-02-25,0.1707563775388858,1,0.6414294809304157,0,0.0,0,0.0
2019-02-26,0.0756611256398364,1,0.285395016514484,0,0.0,0,0.0
2019-02-27,0.1187536090991469,1,0.4467322963723166,0,0.0,0,0.0
2019-02-28,0.1062575676281647,1,0.3999474007692913,0,0.0,0,0.0
2019-03-01,0.1444910501754865,1,0.5430926915135881,0,0.0,0,0.0
2019-03-04,-0.2375702259370174,1,-0.88733605333253,0,0.0,0,0.0
2019-03-05,0.028341861132444,1,0.1082327643619806,0,0.0,0,0.0
2019-03-06,-0.0235611958105466,1,-0.0860911026157779,0,0.0,0,0.0
2019-03-07,0.0149335188285766,1,0.0580322351501679,0,0.0,0,0.0
2019-03-08,-0.0503478465306056,1,-0.1863797148457242,0,0.0,0,0.0
2019-03-11,-0.1209416698142454,1,-0.4506813867162086,0,0.0,0,0.0
2019-03-12,0.0560765728041063,1,0.2120708952734281,0,0.0,0,0.0
2019-03-13,-0.0097074098795528,1,-0.0342228425757236,0,0.0,0,0.0
2019-03-14,0.1745132304596309,1,0.6554950529838642,0,0.0,0,0.0
2019-03-15,0.059749294873262,1,0.2258214833283243,0,0.0,0,0.0
2019-03-18,-0.092032178152528,1,-0.3424449061898943,0,0.0,0,0.0
2019-03-19,0.1887749714038055,1,0.7088906873325515,0,0.0,0,0.0
2019-03-20,0.0374098100090492,1,0.1421829591105097,0,0.0,0,0.0
2019-03-21,-0.1992601134855494,1,-0.743903861966634,0,0.0,0,0.0
2019-03-22,-0.166882045210057,1,-0.6226811093361988,0,0.0,0,0.0
2019-03-25,-0.0385341391336168,1,-0.1421494625265179,0,0.0,0,0.0
2019-03-26,-0.1054732849387472,1,-0.3927681048798674,0,0.0,0,0.0
2019-03-27,-0.1127247817724112,1,-0.4199175444136953,0,0.0,0,0.0
2019-03-28,0.1027637202900768,1,0.3868665156469965,0,0.0,0,0.0
2019-03-29,-0.0053618410094584,1,-0.0179531313719611,0,0.0,0,0.0
2019-04-01,0.0658392530217779,1,0.2486221483922752,0,0.0,0,0.0
2019-04-02,0.1509121083664559,1,0.5671329876204034,0,0.0,0,0.0
2019-04-03,0.0867790935347941,1,0.327020435931606,0,0.0,0,0.0
2019-04-04,-0.395151070451939,0,-1.4773151580583794,0,0.0,0,1.0
2019-04-05,-0.242280370177796,1,-0.9049707264481514,0,0.0,0,0.0
2019-04-08,0.0648504106115953,1,0.2449199448556059,0,0.0,0,0.0
2019-04-09,0.2199966207025557,1,0.8257838335651627,0,0.0,0,0.0
2019-04-10,0.0291408120562541,1,0.1112240184842716,0,0.0,0,0.0
2019-04-11,-0.1156385558073624,1,-0.4308266482569048,0,0.0,0,0.0
2019-04-12,-0.0665513723333759,1,-0.2470453476258263,0,0.0,0,0.0
2019-04-15,0.0134560258957647,1,0.0525005351493053,0,0.0,0,0.0
2019-04-16,0.0932103178852931,1,0.3510987939089246,0,0.0,0,0.0
2019-04-17,-0.2066648176077265,1,-0.7716269061107984,0,0.0,0,0.0
2019-04-18,-0.0265904868841332,1,-0.0974326996293628,0,0.0,0,0.0
2019-04-22,0.2168574222145183,1,0.8140307456868091,0,0.0,0,0.0
2019-04-23,0.1747022547409401,1,0.6562027556021712,0,0.0,0,0.0
2019-04-24,-0.0688836251308263,1,-0.25577724915656,0,0.0,0,0.0
2019-04-25,0.545236708099706,0,2.043475337721036,0,0.0,0,0.0
2019-04-26,-0.0128226935690622,1,-0.0458863939912623,0,0.0,0,0.0
2019-04-29,0.1194864426000261,1,0.4494760083640419,0,0.0,0,0.0
2019-04-30,-0.2179752404491366,1,-0.8139728724786462,0,0.0,0,0.0
2019-05-01,0.1257502950175626,1,0.4729277296237483,0,0.0,0,0.0
2019-05-02,0.0020066803643466,1,0.0096344453836589,0,0.0,0,0.0
2019-05-03,-0.0306646853036172,1,-0.1126864060262402,0,0.0,0,0.0
2019-05-06,0.3101013571468505,1,1.1631339214048673,-1,-0.0946025454562711,-1,-1.0
2019-05-07,-0.018398312324083,1,-0.0667613840416447,0,0.0,0,0.0
2019-05-08,0.2303344157649561,1,0.864488303607375,0,0.0,0,0.0
2019-05-09,0.0212159823714359,1,0.0815536360406036,0,0.0,0,0.0
2019-05-10,-0.0905053488029584,1,-0.336728491764644,0,0.0,0,0.0
2019-05-13,-0.1609733866637476,1,-0.600559225867347,0,0.0,0,0.0
2019-05-14,0.2361968708734577,1,0.886437202453908,0,0.0,0,0.0
2019-05-15,0.028767291579608,1,0.1098255662987487,0,0.0,0,0.0
2019-05-16,0.2265822168407597,1,0.8504401560113576,0,0.0,0,0.0
2019-05-17,-0.0409864907592418,1,-0.1513310113436536,0,0.0,0,0.0
2019-05-20,-0.0367470847886236,1,-0.1354587716255962,0,0.0,0,0.0
2019-05-21,-0.0428060090110354,1,-0.1581432463746941,0,0.0,0,0.0
2019-05-22,0.2042038052241301,1,0.7666558909161447,0,0.0,0,0.0
2019-05-23,-0.1362260085323492,1,-0.5079056039171743,0,0.0,0,0.0
2019-05-24,0.1202632462024366,1,0.4523843434177645,0,0.0,0,0.0
2019-05-28,0.5539140956133674,0,2.0759632795925773,0,0.0,0,0.0
2019-05-29,0.2032317330666989,1,0.7630164748250864,0,0.0,0,0.0
2019-05-30,0.1192279138270147,1,0.4485080825065772,0,0.0,0,0.0
2019-05-31,0.0217833340282981,1,0.083677787764823,0,0.0,0,0.0
2019-06-03,-0.9764678284374316,0,-3.6537519038707065,0,0.0,0,0.0
2019-06-04,0.0307396680560461,1,0.1172100990529252,0,0.0,0,0.0
2019-06-05,0.0454732857436643,1,0.1723724292173054,0,0.0,0,0.0
2019-06-06,-0.0239208157257202,1,-0.0874375114146949,0,0.0,0,0.0
2019-06-07,0.1466556301677089,1,0.5511968298677772,0,0.0,0,0.0
2019-06-10,0.1735622241753733,1,0.6519345070437652,0,0.0,0,0.0
2019-06-11,-0.2009261511816119,1,-0.7501414692810778,0,0.0,0,0.0
2019-06-12,-0.0184069100685506,1,-0.0667935738017596,0,0.0,0,0.0
2019-06-13,-0.3086149063845674,0,-1.1533257241900854,0,0.0,0,1.0
2019-06-14,0.0232949065612878,1,0.0893370810151328,0,0.0,0,0.0
2019-06-17,0.0389402268128913,1,0.1479128048831197,0,0.0,0,0.0
2019-06-18,0.0044105150439477,1,0.0186343478562321,0,0.0,0,0.0
2019-06-19,0.0811391559858943,1,0.3059046377769989,0,0.0,0,0.0
2019-06-20,-0.1621020771673896,1,-0.6047850174913296,0,0.0,0,0.0
2019-06-21,-0.0162109233585983,1,-0.058571849409333,0,0.0,0,0.0
2019-06-24,0.0039825881949213,1,0.0170321994475601,0,0.0,0,0.0
2019-06-25,-0.1177024527535019,1,-0.4385538315720982,0,0.0,0,0.0
2019-06-26,0.138076642977355,1,0.5190772965729785,0,0.0,0,0.0
2019-06-27,0.1313190700010162,1,0.4937770967487387,0,0.0,0,0.0
2019-06-28,-0.0995569126571447,1,-0.3706173413611827,0,0.0,0,0.0
2019-07-01,0.1623953008566759,1,0.6101257996314663,0,0.0,0,0.0
2019-07-02,0.0490825704164048,1,0.1858855091000731,0,0.0,0,0.0
2019-07-03,-0.1008500113265657,1,-0.3754586734257215,0,0.0,0,0.0
2019-07-05,0.1011159233110226,1,0.3806972011629616,0,0.0,0,0.0
2019-07-08,-0.0717636359976614,1,-0.2665599444647781,0,0.0,0,0.0
2019-07-09,0.2756833355269464,1,1.0342736297605797,-1,-0.1436776617270624,-1,-1.0
2019-07-10,0.0759578687068983,1,0.2865060158213967,0,0.0,0,0.0
2019-07-11,0.2122203983895698,1,0.7966698337481978,0,0.0,0,0.0
2019-07-12,-0.2239057454153363,1,-0.8361765484476464,0,0.0,0,0.0
2019-07-15,-0.0175415965434273,1,-0.0635538596066052,0,0.0,0,0.0
2019-07-16,-0.246218601520351,1,-0.9197153751955048,0,0.0,0,0.0
2019-07-17,0.3738930067199498,1,1.4019684093147124,-1,-0.132356438406955,-1,-1.0
2019-07-18,0.0080825795536706,1,0.0323824740235388,0,0.0,0,0.0
2019-07-19,-0.0807610320546485,1,-0.30024599105823,0,0.0,0,0.0
2019-07-22,0.1854208421352854,1,0.6963329034910715,0,0.0,0,0.0
2019-07-23,-0.2688564660601253,1,-1.0044710261453031,1,0.3527988168910158,1,1.0
2019-07-24,0.0010047412684834,1,0.0058832081531008,0,0.0,0,0.0
2019-07-25,-0.0129773779671019,1,-0.0464655288661354,0,0.0,0,0.0
2019-07-26,0.1860093553432382,1,0.6985362835821997,0,0.0,0,0.0
2019-07-29,-0.1962499902615164,1,-0.7326340289466614,0,0.0,0,0.0
2019-07-30,-0.0801779840514787,1,-0.2980630725697472,0,0.0,0,0.0
2019-07-31,0.2079213657369159,1,0.7805743530861443,0,0.0,0,0.0
2019-08-01,0.2968034334543153,1,1.113346796967343,-1,-0.1159449550514288,-1,-1.0
2019-08-02,0.0037788671517769,1,0.0162694724865638,0,0.0,0,0.0
2019-08-05,-0.0955549285408383,1,-0.355634003676113,0,0.0,0,0.0
2019-08-06,0.3522012685154809,1,1.3207550338869127,-1,-0.2028597133942388,-1,-1.0
2019-08-07,-0.0939148363680557,1,-0.349493535811857,0,0.0,0,0.0
2019-08-08,0.1309614011030138,1,0.4924379925138215,0,0.0,0,0.0
2019-08-09,0.1694721173471807,1,0.6366212399258088,0,0.0,0,0.0
2019-08-12,-0.1312789940980427,1,-0.4893840941740177,0,0.0,0,0.0
2019-08-13,0.0725385301795806,1,0.2737040899952507,0,0.0,0,0.0
2019-08-14,0.0578290833859698,1,0.2186322551093468,0,0.0,0,0.0
2019-08-15,0.0814507613475151,1,0.3070712811773609,0,0.0,0,0.0
2019-08-16,-0.1698174519152594,1,-0.63367120540576,0,0.0,0,0.0
2019-08-19,-0.1352724584215892,1,-0.5043355339483963,0,0.0,0,0.0
2019-08-20,0.1493415551212421,1,0.5612528719224082,0,0.0,0,0.0
2019-08-21,-0.0513387093597256,1,-0.1900894827850307,0,0.0,0,0.0
2019-08-22,-0.0559683059844279,1,-0.2074225874545202,0,0.0,0,0.0
2019-08-23,0.2885689935642634,1,1.0825172409435355,-1,-0.1709571787720135,-1,-1.0
2019-08-26,0.0041709360003868,1,0.0177373693556648,0,0.0,0,0.0
2019-08-27,0.2957403306499682,1,1.1093665642006576,-1,-0.4927712535242884,-1,-1.0
2019-08-28,-0.3563538574254731,0,-1.3320592731970378,0,0.0,0,1.0
2019-08-29,-0.1320812903697167,1,-0.4923878732027707,0,0.0,0,0.0
2019-08-30,-0.1736585527658107,1,-0.6480521997959466,0,0.0,0,0.0
2019-09-03,-0.2123804848059808,1,-0.7930262343535005,0,0.0,0,0.0
2019-09-04,-0.1784269398109212,1,-0.6659049326488555,0,0.0,0,0.0
2019-09-05,0.1306240788708135,1,0.4911750657337914,0,0.0,0,0.0
2019-09-06,-0.0683102222661011,1,-0.2536304418474662,0,0.0,0,0.0
2019-09-09,-0.7682544982458157,0,-2.874205922145718,0,0.0,0,0.0
2019-09-10,-0.9157178111063576,0,-3.4263052180289315,0,0.0,0,0.0
2019-09-11,-0.2931730294916736,0,-1.095511687638875,0,0.0,0,1.0
2019-09-12,0.2618542165226707,1,0.9824977221342108,0,0.0,0,0.0
2019-09-13,-0.0989890882667161,1,-0.3684914197332219,0,0.0,0,0.0
2019-09-16,0.1185056337772444,1,0.4458038823962366,0,0.0,0,0.0
2019-09-17,0.328367554498619,1,1.2315221496410826,-1,0.0200174377916152,0,-1.0
2019-09-18,0.0458776525287585,1,0.1738863692814362,0,0.0,0,0.0
2019-09-19,0.0952807761005003,1,0.3588505424665645,0,0.0,0,0.0
2019-09-20,-0.120855999221638,1,-0.4503606379622376,0,0.0,0,0.0
2019-09-23,-0.0132870109201556,1,-0.0476247876135966,0,0.0,0,0.0
2019-09-24,-0.142581738361238,1,-0.5317013121193354,0,0.0,0,0.0
2019-09-25,-0.0237018757209313,1,-0.0866178050067769,0,0.0,0,0.0
2019-09-26,-0.0557639106840764,1,-0.2066573360898461,0,0.0,0,0.0
2019-09-27,-0.4848494263890011,0,-1.813143766503979,0,0.0,0,1.0
2019-09-30,0.042035259820024,1,0.1595005382035376,0,0.0,0,0.0
2019-10-01,0.1132377801336839,1,0.4260811579367902,0,0.0,0,0.0
2019-10-02,0.1851356171756709,1,0.6952650277169771,0,0.0,0,0.0
2019-10-03,0.1987279381647607,1,0.7461543689498844,0,0.0,0,0.0
2019-10-04,-0.031800082313303,1,-0.1169373066566109,0,0.0,0,0.0
2019-10-07,0.0961390498257297,1,0.3620638998107222,0,0.0,0,0.0
2019-10-08,0.0497647406532706,1,0.1884395389814056,0,0.0,0,0.0
2019-10-09,0.1075468467674736,1,0.4047744325997949,0,0.0,0,0.0
2019-10-10,-0.098546351744921,1,-0.3668338242458885,0,0.0,0,0.0
2019-10-11,-0.2347925899538954,1,-0.8769366472649894,0,0.0,0,0.0
2019-10-14,0.1400991083857403,1,0.5266493611513299,0,0.0,0,0.0
2019-10-15,0.0281812050472133,1,0.1076312716258236,0,0.0,0,0.0
2019-10-16,-0.2549396238757099,1,-0.9523666849238364,0,0.0,0,0.0
2019-10-17,-0.1605404162785917,1,-0.5989381945738963,0,0.0,0,0.0
2019-10-18,-0.2336589068145603,1,-0.8726921633263063,0,0.0,0,0.0
2019-10-21,-0.1559511634846517,1,-0.5817561362909626,0,0.0,0,0.0
2019-10-22,-0.7600170719406648,0,-2.8433651850515727,0,0.0,0,0.0
2019-10-23,-0.0279502697763024,1,-0.1025236959101163,0,0.0,0,0.0
2019-10-24,0.4069199185045503,0,1.525620417314283,0,0.0,0,-1.0
2019-10-25,-0.0366501429417684,1,-0.1350958235515829,0,0.0,0,0.0
2019-10-28,0.2364273786924296,1,0.887300218495534,0,0.0,0,0.0
2019-10-29,-0.0329529024791091,1,-0.1212534391879849,0,0.0,0,0.0
2019-10-30,0.2575961568629005,1,0.9665556434274132,0,0.0,0,0.0
2019-10-31,0.0089857384024379,1,0.035763880251315,0,0.0,0,0.0
2019-11-01,-0.2743766777165322,1,-1.0251385732762344,1,0.1787074926078088,1,1.0
2019-11-04,-0.3464374318519161,0,-1.2949324009558263,0,0.0,0,1.0
2019-11-05,-0.1411833576057805,1,-0.5264658063146145,0,0.0,0,0.0
2019-11-06,0.0976543852291527,1,0.3677372811625159,0,0.0,0,0.0
2019-11-07,0.2379450302506519,1,0.8929822714783187,0,0.0,0,0.0
2019-11-08,0.041703867368595,1,0.158259812388107,0,0.0,0,0.0
2019-11-11,0.2400309131526186,1,0.9007917697130406,0,0.0,0,0.0
2019-11-12,0.1045356255134749,1,0.3935004885805561,0,0.0,0,0.0
2019-11-13,0.0657617407909297,1,0.2483319443595336,0,0.0,0,0.0
2019-11-14,0.1210905277633968,1,0.4554816668024307,0,0.0,0,0.0
2019-11-15,-0.0290664818618735,1,-0.1067027686201062,0,0.0,0,0.0
2019-11-18,0.1076860786069117,1,0.4052957134460418,0,0.0,0,0.0
2019-11-19,0.3527824814265512,1,1.322931081832232,-1,-0.5291043384590246,-1,-1.0
2019-11-20,0.0672252424792671,1,0.2538112614586894,0,0.0,0,0.0
2019-11-21,-0.0439064503418775,1,-0.1622632737369798,0,0.0,0,0.0
2019-11-22,-0.1389272879623166,1,-0.5180191327830235,0,0.0,0,0.0
2019-11-25,0.0471742277548783,1,0.1787407174953364,0,0.0,0,0.0
2019-11-26,0.0705454776306596,1,0.2662421464950517,0,0.0,0,0.0
2019-11-27,0.0186993792751493,1,0.0721315311758409,0,0.0,0,0.0
2019-11-29,0.0968133471462993,1,0.3645884536721595,0,0.0,0,0.0
2019-12-02,-0.1111801766402197,1,-0.4141345778618249,0,0.0,0,0.0
2019-12-03,0.1026451053066448,1,0.3864224238416269,0,0.0,0,0.0
2019-12-04,-0.1763218570324734,1,-0.6580235505124318,0,0.0,0,0.0
2019-12-05,-0.03574796915959,1,-0.1317181053907541,0,0.0,0,0.0
2019-12-06,-0.0453127232723959,1,-0.1675283276659737,0,0.0,0,0.0
2019-12-09,-0.1201479285116859,1,-0.4477096372976196,0,0.0,0,0.0
2019-12-10,0.0067406182583619,1,0.0273582013968745,0,0.0,0,0.0
2019-12-11,-0.0516128324287276,1,-0.1911157933326886,0,0.0,0,0.0
2019-12-12,-0.1094432553248455,1,-0.4076315838857602,0,0.0,0,0.0
2019-12-13,0.169886441176621,1,0.6381724589379433,0,0.0,0,0.0
2019-12-16,-0.0273632656280824,1,-0.100325965704372,0,0.0,0,0.0
2019-12-17,-0.0174312334161466,1,-0.0631406625633462,0,0.0,0,0.0
2019-12-18,-0.1078624466776288,1,-0.4017130721954673,0,0.0,0,0.0
2019-12-19,0.0214851750992991,1,0.0825614875029583,0,0.0,0,0.0
2019-12-20,-0.1436309023233559,1,-0.5356293581771311,0,0.0,0,0.0
2019-12-23,-0.0300508968156561,1,-0.1103883958605184,0,0.0,0,0.0
2019-12-24,0.0077683871328037,1,0.0312061447320865,0,0.0,0,0.0
2019-12-26,0.0683874150558869,1,0.2581624092038468,0,0.0,0,0.0
2019-12-27,0.0106311369643021,1,0.0419242151158353,0,0.0,0,0.0
2019-12-30,-0.113808347698384,1,-0.4239743906432277,0,0.0,0,0.0
2019-12-31,-0.1207632074027898,1,-0.4500132274988753,0,0.0,0,0.0
2020-01-02,0.5345092782675969,0,2.003312083945874,0,0.0,0,0.0
2020-01-03,0.0603438134152217,1,0.2280473472536509,0,0.0,0,0.0
2020-01-06,0.1040417693339378,1,0.3916515022550703,0,0.0,0,0.0
2020-01-07,0.0660455577379217,1,0.2493945485663315,0,0.0,0,0.0
2020-01-08,0.1662425884058358,1,0.6245299568808036,0,0.0,0,0.0
2020-01-09,0.1721319620502567,1,0.6465796381147585,0,0.0,0,0.0
2020-01-10,-0.0486632215850413,1,-0.1800725172910827,0,0.0,0,0.0
2020-01-13,-0.0560273465678918,1,-0.2076436340587681,0,0.0,0,0.0
2020-01-14,-0.2287481901524211,1,-0.8543065516181721,0,0.0,0,0.0
2020-01-15,0.0117963192618605,1,0.0462866311878649,0,0.0,0,0.0
2020-01-16,-0.0523087268927279,1,-0.1937212064088682,0,0.0,0,0.0
2020-01-17,0.063959105298314,1,0.2415829179956106,0,0.0,0,0.0
2020-01-21,0.1263119157015856,1,0.4750304247157525,0,0.0,0,0.0
2020-01-22,0.1652442019182072,1,0.6207920205348303,0,0.0,0,0.0
2020-01-23,-0.1718825294861612,1,-0.6414028089532631,0,0.0,0,0.0
2020-01-24,0.1009704391299218,1,0.38015251169146,0,0.0,0,0.0
2020-01-27,0.1683629291626268,1,0.6324684645417826,0,0.0,0,0.0
2020-01-28,0.1925498069657641,1,0.7230235859864915,0,0.0,0,0.0
2020-01-29,0.2066464317902159,1,0.7758010293311279,0,0.0,0,0.0
2020-01-30,0.1245632214806523,1,0.4684833532485232,0,0.0,0,0.0
2020-01-31,0.1577872082498944,1,0.5928732055169241,0,0.0,0,0.0
2020-02-03,0.2082238904854943,1,0.7817069988774089,0,0.0,0,0.0
2020-02-04,0.113931049368969,1,0.4286767422162536,0,0.0,0,0.0
2020-02-05,-0.6052916928790706,0,-2.2640768781629577,0,0.0,0,0.0
2020-02-06,0.2036266945341128,1,0.7644952015933264,0,0.0,0,0.0
2020-02-07,0.1062048061422125,1,0.3997498629635898,0,0.0,0,0.0
2020-02-10,0.1289594853654472,1,0.4849428654365308,0,0.0,0,0.0
2020-02-11,-0.075949322583199,1,-0.2822310600245414,0,0.0,0,0.0
2020-02-12,-0.1069450631433084,1,-0.3982784090678855,0,0.0,0,0.0
2020-02-13,0.1740072787863408,1,0.6536007814043385,0,0.0,0,0.0
2020-02-14,0.3128869549946741,1,1.1735631365131134,-1,0.0297546323912424,0,-1.0
2020-02-18,0.0158647885437433,1,0.0615188878236172,0,0.0,0,0.0
2020-02-19,0.1926059753498921,1,0.7232338791416255,0,0.0,0,0.0
2020-02-20,-0.3419584034894752,0,-1.2781630204422938,0,0.0,0,1.0
2020-02-21,-0.258456859368924,1,-0.9655351347680048,0,0.0,0,0.0
2020-02-24,0.0979936844262234,1,0.3690076096541432,0,0.0,0,0.0
2020-02-25,0.3476075442928468,1,1.3035562346764509,-1,0.1285717437511953,0,-1.0
2020-02-26,0.4431214003041667,0,1.6611579433862698,0,0.0,0,-1.0
2020-02-27,0.3458474346278601,1,1.2969664240458207,-1,0.4026912536232856,0,-1.0
2020-02-28,0.3948980627744614,0,1.480610862360987,0,0.0,0,-1.0
2020-03-02,-0.4228726409243635,0,-1.58110408861819,0,0.0,0,1.0
2020-03-03,-0.0630852704886114,1,-0.2340683410007023,0,0.0,0,0.0
2020-03-04,-0.5086363759952599,0,-1.9022015658580784,0,0.0,0,0.0
2020-03-05,-0.0189648391800976,1,-0.0688824477302135,0,0.0,0,0.0
2020-03-06,-0.1917200772560909,1,-0.7156741374848928,0,0.0,0,0.0
2020-03-09,0.4353180479012271,0,1.63194236912838,0,0.0,0,-1.0
2020-03-10,-0.0694685631353151,1,-0.2579672437670771,0,0.0,0,0.0
2020-03-11,0.619248795672136,0,2.320574913493005,0,0.0,0,0.0
2020-03-12,1.2227534443082648,0,4.580082618228754,0,0.0,0,0.0
2020-03-13,-0.5781112797845593,0,-2.1623140285416,0,0.0,0,0.0
2020-03-16,0.1804253209209436,1,0.6776297854645827,0,0.0,0,0.0
2020-03-17,-1.651865996736234,0,-6.182427314216498,0,0.0,0,0.0
2020-03-18,0.3333313796198638,1,1.2501065982145283,-1,-0.0423348642991419,-1,-1.0
2020-03-19,1.488391692113685,0,5.574626187934938,0,0.0,0,0.0
2020-03-20,1.8035861587466,0,6.754707115988475,0,0.0,0,0.0
2020-03-23,0.8450186332049536,0,3.1658520601648474,0,0.0,0,0.0
2020-03-24,-0.679880081575857,0,-2.543334112262289,0,0.0,0,0.0
2020-03-25,-0.6195915350975669,0,-2.317615162817794,0,0.0,0,0.0
2020-03-26,-0.4806825043101468,0,-1.7975429048312763,0,0.0,0,1.0
2020-03-27,-0.0208317829222621,1,-0.0758722427206286,0,0.0,0,0.0
2020-03-30,-0.1958011794796046,1,-0.7309536915673388,0,0.0,0,0.0
2020-03-31,0.0784370770663904,1,0.2957881156404741,0,0.0,0,0.0
2020-04-01,0.2909965153207219,1,1.0916058272941582,-1,-0.0766210597715374,-1,-1.0
2020-04-02,-0.058642778859882,1,-0.2174357531887891,0,0.0,0,0.0
2020-04-03,0.045382131046612,1,0.1720311481007836,0,0.0,0,0.0
2020-04-06,-0.3984095264530172,0,-1.489514743358372,0,0.0,0,1.0
2020-04-07,-0.3530024335248191,0,-1.3195116181914357,0,0.0,0,1.0
2020-04-08,-0.5841796604246252,0,-2.185033907903731,0,0.0,0,0.0
2020-04-09,-0.3218208013634833,0,-1.2027682952129015,0,0.0,0,1.0
2020-04-13,0.4304860279180873,0,1.613851395999979,0,0.0,0,-1.0
2020-04-14,-0.1221149444292017,1,-0.4550741002408778,0,0.0,0,0.0
2020-04-15,0.7284166329104562,0,2.72929681796676,0,0.0,0,0.0
2020-04-16,0.2143754555491844,1,0.8047383188332747,0,0.0,0,0.0
2020-04-17,-0.3952906272334602,0,-1.477837655480409,0,0.0,0,1.0
2020-04-20,0.6063918277801482,0,2.2724387175628857,0,0.0,0,0.0
2020-04-21,-0.2579958793601273,1,-0.9638092360794708,0,0.0,0,0.0
2020-04-22,0.1569924897658732,1,0.5898977975531247,0,0.0,0,0.0
2020-04-23,-0.0907455827353715,1,-0.3376279221542079,0,0.0,0,0.0
2020-04-24,-0.1901606695041988,1,-0.7098357502608876,0,0.0,0,0.0
2020-04-27,-0.3114210783157209,0,-1.1638319681992804,0,0.0,0,1.0
2020-04-28,-0.937023470757638,0,-3.5060731241177057,0,0.0,0,0.0
2020-04-29,0.358600972934195,1,1.3447153819551418,-1,-0.0360158026885011,-1,-1.0
2020-04-30,0.7486828181981585,0,2.8051729556347147,0,0.0,0,0.0
2020-05-01,0.3657050227759106,1,1.3713127832982113,-1,0.0684029940662206,0,-1.0
2020-05-04,0.2389037106433479,1,0.8965715491062062,0,0.0,0,0.0
2020-05-05,0.3572300789012274,1,1.3395827858154652,-1,-0.2630658945666266,-1,-1.0
2020-05-06,0.6270506217552545,0,2.3497847732441324,0,0.0,0,0.0
2020-05-07,0.4388617025749352,0,1.6452097317845935,0,0.0,0,-1.0
2020-05-08,-0.8512496418803573,0,-3.184937855895848,0,0.0,0,0.0
2020-05-11,0.6061650077804436,0,2.2715895086328817,0,0.0,0,0.0
2020-05-12,0.2827947008000617,1,1.060898419912747,-1,-0.0048512149477423,-1,-1.0
2020-05-13,0.3225851702456939,1,1.2098730342601929,-1,-0.0719862571156601,-1,-1.0
2020-05-14,0.0053401658561472,1,0.0221149393937219,0,0.0,0,0.0
2020-05-15,0.2337285814990796,1,0.8771959830672327,0,0.0,0,0.0
2020-05-18,-1.104691408911227,0,-4.133818078446318,0,0.0,0,0.0
2020-05-19,0.4124430335067343,0,1.5462988345058972,0,0.0,0,-1.0
2020-05-20,-0.0502500071429382,1,-0.1860134063992843,0,0.0,0,0.0
2020-05-21,0.0712581666186244,1,0.2689104378877127,0,0.0,0,0.0
2020-05-22,0.0990301953075355,1,0.3728882828646309,0,0.0,0,0.0
2020-05-26,-0.9294213714478324,0,-3.4776110368719984,0,0.0,0,0.0
2020-05-27,-0.7515168156884711,0,-2.811540418602027,0,0.0,0,0.0
2020-05-28,0.291459757053412,1,1.093340193825607,-1,-0.125511848777661,-1,-1.0
2020-05-29,0.2321022370690106,1,0.8711069864396185,0,0.0,0,0.0
2020-06-01,-0.1138670521790525,1,-0.4241941788862392,0,0.0,0,0.0
2020-06-02,-0.3592990450585169,0,-1.3430859888384068,0,0.0,0,1.0
2020-06-03,-0.4950999283233925,0,-1.8515214130565083,0,0.0,0,1.0
2020-06-04,-0.3112236927004335,0,-1.1630929609363636,0,0.0,0,1.0
2020-06-05,-0.3690633601280455,0,-1.3796433628054952,0,0.0,0,1.0
2020-06-08,-0.6849529819570404,0,-2.5623269361329,0,0.0,0,0.0
2020-06-09,0.6376603366515127,0,2.3895073049716364,0,0.0,0,0.0
2020-06-10,0.7479480786828973,0,2.80242210756841,0,0.0,0,0.0
2020-06-11,0.5118702701273512,0,1.9185521513818715,0,0.0,0,0.0
2020-06-12,0.0002774940761309,1,0.0031604111736882,0,0.0,0,0.0
2020-06-15,-0.0074462683825747,1,-0.025757180139708,0,0.0,0,0.0
2020-06-16,-0.3239975605908587,0,-1.2109180323470303,0,0.0,0,1.0
2020-06-17,0.343651554412427,1,1.2887450983664563,-1,-0.0025258657873246,-1,-1.0
2020-06-18,0.1190506314455647,1,0.4478443412947979,0,0.0,0,0.0
2020-06-19,0.3019478047885175,1,1.1326072064636417,-1,-0.1277635103973237,-1,-1.0
2020-06-22,0.2298494901331653,1,0.8626727530499244,0,0.0,0,0.0
2020-06-23,0.1136723508684087,1,0.4277081809026984,0,0.0,0,0.0
2020-06-24,0.1111891722101947,1,0.4184112163753338,0,0.0,0,0.0
2020-06-25,0.3718726396662227,1,1.3944042009285678,-1,-0.0311920545459629,-1,-1.0
2020-06-26,-0.1386576721027299,1,-0.5170096971251013,0,0.0,0,0.0
2020-06-29,-0.7304419748125746,0,-2.732636692768626,0,0.0,0,0.0
2020-06-30,0.1904580593250504,1,0.7151921303030322,0,0.0,0,0.0
2020-07-01,0.2450125691408541,1,0.919442976647733,0,0.0,0,0.0
2020-07-02,-0.265778077476947,1,-0.9929456091703364,0,0.0,0,0.0
2020-07-06,0.1040040636044294,1,0.3915103328597233,0,0.0,0,0.0
2020-07-07,0.1546053129577261,1,0.5809602617731363,0,0.0,0,0.0
2020-07-08,0.473397928850365,0,1.7745125789758844,0,0.0,0,0.0
2020-07-09,0.5796267714309455,0,2.172230954167226,0,0.0,0,0.0
2020-07-10,-0.6051582328072791,0,-2.2635772066837587,0,0.0,0,0.0
2020-07-13,-0.6518376042696703,0,-2.4383437138015647,0,0.0,0,0.0
2020-07-14,-0.3542560704290652,0,-1.324205206302955,0,0.0,0,1.0
2020-07-15,-0.0949309194568064,1,-0.3532977278307129,0,0.0,0,0.0
2020-07-16,-0.325558534208521,0,-1.2167622821369335,0,0.0,0,1.0
2020-07-17,0.0029829634296975,1,0.0132896270183796,0,0.0,0,0.0
2020-07-20,0.934685282466309,0,3.501561959536353,0,0.0,0,0.0
2020-07-21,-0.4883627017524835,0,-1.826297389712328,0,0.0,0,1.0
2020-07-22,-0.2137705620060142,1,-0.7982306518352066,0,0.0,0,0.0
2020-07-23,-0.4259244478900094,0,-1.5925299846205268,0,0.0,0,1.0
2020-07-24,0.0721107084360414,1,0.2721023350991369,0,0.0,0,0.0
2020-07-27,0.0742617465006501,1,0.2801557727837463,0,0.0,0,0.0
2020-07-28,-0.364812402056571,0,-1.3637278722840684,0,0.0,0,1.0
2020-07-29,0.059169491626105,1,0.2236507131326967,0,0.0,0,0.0
2020-07-30,0.1779933685018608,1,0.6685246108136723,0,0.0,0,0.0
2020-07-31,0.1832804386012556,1,0.6883192812475418,0,0.0,0,0.0
2020-08-03,0.0800778644731016,1,0.3019311864447763,0,0.0,0,0.0
2020-08-04,-0.3507802381124497,0,-1.3111917690121058,0,0.0,0,1.0
2020-08-05,0.196470697771405,1,0.7377033121572746,0,0.0,0,0.0
2020-08-06,0.1283784681151916,1,0.4827675500408604,0,0.0,0,0.0
2020-08-07,-0.5273993939699793,0,-1.9724498792286271,0,0.0,0,0.0
2020-08-10,-0.8024362276961137,0,-3.002181541270912,0,0.0,0,0.0
2020-08-11,0.0514215555636834,1,0.1946426163957372,0,0.0,0,0.0
2020-08-12,-0.0369146287373383,1,-0.1360860523662804,0,0.0,0,0.0
2020-08-13,0.4571631835117311,0,1.7137300609622028,0,0.0,0,-1.0
2020-08-14,-0.1777367583972868,1,-0.6633209091035576,0,0.0,0,0.0
2020-08-17,0.1745907844114509,1,0.6557854132189774,0,0.0,0,0.0
2020-08-18,0.2190433592235644,1,0.8222148442271745,0,0.0,0,0.0
2020-08-19,0.0042889453309603,1,0.0181791936104806,0,0.0,0,0.0
2020-08-20,0.4305559417063892,0,1.6141131516363147,0,0.0,0,-1.0
2020-08-21,-0.1362382065156384,1,-0.507951272889711,0,0.0,0,0.0
2020-08-24,-0.4811081016775744,0,-1.7991363317137228,0,0.0,0,1.0
2020-08-25,0.3712586679400509,1,1.3921055047231448,-1,0.0636288867882879,0,-1.0
2020-08-26,0.5272979460220071,0,1.9763130197180463,0,0.0,0,0.0
2020-08-27,0.0055434717176701,1,0.0228761119241522,0,0.0,0,0.0
2020-08-28,-0.0629956225937536,1,-0.2337327013173921,0,0.0,0,0.0
2020-08-31,0.1962456921317222,1,0.7368608961500058,0,0.0,0,0.0
2020-09-01,0.3175138185656655,1,1.1908860086915505,-1,-0.1625797516384894,-1,-1.0
2020-09-02,-0.3897867432410093,0,-1.4572312387526851,0,0.0,0,1.0
2020-09-03,-0.3543894655228344,0,-1.3247046345059137,0,0.0,0,1.0
2020-09-04,-0.4391725944106862,0,-1.6421307444565718,0,0.0,0,1.0
2020-09-08,-0.0626900006920249,1,-0.2325884598550392,0,0.0,0,0.0
2020-09-09,0.0800983405310774,1,0.3020078483410244,0,0.0,0,0.0
2020-09-10,0.177461747154377,1,0.6665342325566757,0,0.0,0,0.0
2020-09-11,-0.3287498525636228,0,-1.228710505614438,0,0.0,0,1.0
2020-09-14,-0.0963606312902286,1,-0.3586505364801076,0,0.0,0,0.0
2020-09-15,0.2345744581593137,1,0.8803629260814653,0,0.0,0,0.0
2020-09-16,-0.4021116078710048,0,-1.503375252148828,0,0.0,0,1.0
2020-09-17,-0.1708946765201782,1,-0.6377043098732164,0,0.0,0,0.0
2020-09-18,0.3279681305357992,1,1.2300267153913436,-1,-1.0100624217825995,-1,-1.0
2020-09-21,0.7958828083139067,0,2.981888647172472,0,0.0,0,0.0
2020-09-22,0.0340510594064761,1,0.1296078730992413,0,0.0,0,0.0
2020-09-23,0.1251787924164653,1,0.4707880368585406,0,0.0,0,0.0
2020-09-24,-0.3199500375243561,0,-1.195764197866176,0,0.0,0,1.0
2020-09-25,0.1417159607850711,1,0.5327028198313326,0,0.0,0,0.0
2020-09-28,-0.1039994718430813,1,-0.3872501821057457,0,0.0,0,0.0
2020-09-29,0.2128763998450354,1,0.7991258883060077,0,0.0,0,0.0
2020-09-30,-0.1046016735418492,1,-0.3895048115957522,0,0.0,0,0.0
2020-10-01,0.2137291289291477,1,0.8023184866396882,0,0.0,0,0.0
2020-10-02,-0.6820942912468002,0,-2.5516240630069977,0,0.0,0,0.0
2020-10-05,-0.207453725881059,1,-0.774580560777673,0,0.0,0,0.0
2020-10-06,-0.1497096730136136,1,-0.5583881376513226,0,0.0,0,0.0
2020-10-07,-0.1175040671359572,1,-0.4378110803234312,0,0.0,0,0.0
2020-10-08,-0.4083218483195332,0,-1.526626251413577,0,0.0,0,1.0
2020-10-09,0.2933590562110547,1,1.1004511267570936,-1,-0.1353360565001952,-1,-1.0
2020-10-12,0.1201426068441089,1,0.4519326723987395,0,0.0,0,0.0
2020-10-13,0.1695845895981712,1,0.6370423334803594,0,0.0,0,0.0
2020-10-14,-0.1660642956791606,1,-0.6196194736557114,0,0.0,0,0.0
2020-10-15,-0.2188551467354886,1,-0.8172672216405805,0,0.0,0,0.0
2020-10-16,0.0499151272088707,1,0.1890025828317471,0,0.0,0,0.0
2020-10-19,-0.0471981816744472,1,-0.1745874411227155,0,0.0,0,0.0
2020-10-20,-0.0209774640932042,1,-0.0764176697176244,0,0.0,0,0.0
2020-10-21,0.0152275477847148,1,0.0591330728873934,0,0.0,0,0.0
2020-10-22,-0.341515890881343,0,-1.2765062632826314,0,0.0,0,1.0
2020-10-23,-0.0441190142275261,1,-0.1630591080995765,0,0.0,0,0.0
2020-10-26,0.0191327455436678,1,0.0737540446476145,0,0.0,0,0.0
2020-10-27,0.3759915406589105,1,1.409825272744757,-1,-0.072439510537338,-1,-1.0
2020-10-28,0.3196118059528425,1,1.198740825844124,-1,0.1543908540662578,0,-1.0
2020-10-29,-0.192814896394324,1,-0.7197731154856758,0,0.0,0,0.0
2020-10-30,-0.31893146225379,0,-1.1919506751751767,0,0.0,0,1.0
2020-11-02,-0.6751225731038898,0,-2.5255221085402813,0,0.0,0,0.0
2020-11-03,-0.1670478467166832,1,-0.6233018664132577,0,0.0,0,0.0
2020-11-04,1.451715986690723,0,5.437313179382181,0,0.0,0,0.0
2020-11-05,-0.1870245713013494,1,-0.6980942697799003,0,0.0,0,0.0
2020-11-06,0.1573376766288198,1,0.5911901693321392,0,0.0,0,0.0
2020-11-09,-0.7427906995051152,0,-2.7788700376973066,0,0.0,0,0.0
2020-11-10,-1.1478738112294924,0,-4.295492012470889,0,0.0,0,0.0
2020-11-11,0.4958339874207078,0,1.858512672957194,0,0.0,0,0.0
2020-11-12,0.2293872889704021,1,0.8609422823886607,0,0.0,0,0.0
2020-11-13,-0.4935393004197432,0,-1.8456784576120224,0,0.0,0,1.0
2020-11-16,-0.5106029036282552,0,-1.909564200675176,0,0.0,0,0.0
2020-11-17,0.3652146071767937,1,1.369476678427716,-1,0.1068222057486862,0,-1.0
2020-11-18,0.2245919087814891,1,0.8429884878181089,0,0.0,0,0.0
2020-11-19,0.2144098956439992,1,0.8048672617664595,0,0.0,0,0.0
2020-11-20,-0.0685869927284807,1,-0.2546666641758332,0,0.0,0,0.0
2020-11-23,-0.4423195100790842,0,-1.6539127252830128,0,0.0,0,1.0
2020-11-24,-0.5103396931827817,0,-1.9085787467422888,0,0.0,0,0.0
2020-11-25,0.3346713296150842,1,1.2551233405793194,-1,0.0162944810272999,0,-1.0
2020-11-27,0.2775059893819124,1,1.0410976044187186,-1,-0.0265237018155608,-1,-1.0
2020-11-30,0.2995644667440844,1,1.123684042927857,-1,-0.014995954785309,-1,-1.0
2020-12-01,0.0762036468094743,1,0.2874262034581959,0,0.0,0,0.0
2020-12-02,-0.0882275668874851,1,-0.3282005279795255,0,0.0,0,0.0
2020-12-03,-0.0109236720534466,1,-0.0387765005452227,0,0.0,0,0.0
2020-12-04,-0.0978168413552076,1,-0.3641025539069323,0,0.0,0,0.0
2020-12-07,0.0671995948445448,1,0.2537152372964991,0,0.0,0,0.0
2020-12-08,0.010575065233412,1,0.0417142838282298,0,0.0,0,0.0
2020-12-09,-0.4615562642421306,0,-1.7259346961886877,0,0.0,0,1.0
2020-12-10,0.3750149655046587,1,1.4061689975358218,-1,-0.4073369493045924,-1,-1.0
2020-12-11,-0.0059268094908133,1,-0.0200683605411795,0,0.0,0,0.0
2020-12-14,0.415560180423505,0,1.5579693618020063,0,0.0,0,-1.0
2020-12-15,-0.1886842025856753,1,-0.7043078916342297,0,0.0,0,0.0
2020-12-16,0.3635821006172502,1,1.3633646109272315,-1,-0.357223389270318,-1,-1.0
2020-12-17,0.1032672035256572,1,0.3887515454517711,0,0.0,0,0.0
2020-12-18,0.2731651682933937,1,1.024845668801399,-1,-0.4628131716691489,-1,-1.0
2020-12-21,0.1481773289860649,1,0.5568940357006283,0,0.0,0,0.0
2020-12-22,0.2852869362457128,1,1.070229292846684,-1,-0.2906604050694594,-1,-1.0
2020-12-23,-0.299240074522925,0,-1.118226566511923,0,0.0,0,1.0
2020-12-24,-0.0323219837999338,1,-0.1188912939752179,0,0.0,0,0.0
2020-12-28,0.0457473893896331,1,0.173398667045568,0,0.0,0,0.0
2020-12-29,0.0876036699130025,1,0.3301076311734578,0,0.0,0,0.0
2020-12-30,-0.1344233916374374,1,-0.5011566471826325,0,0.0,0,0.0
2020-12-31,-0.0229081674128834,1,-0.0836461791188903,0,0.0,0,0.0
2021-01-04,0.0205212740640825,1,0.0789526639079841,0,0.0,0,0.0
2021-01-05,-0.1896480033757552,1,-0.7079163399136877,0,0.0,0,0.0
2021-01-06,-0.9013173017159544,0,-3.3723900377676546,0,0.0,0,0.0
2021-01-07,0.4939257649316357,0,1.8513683312753988,0,0.0,0,0.0
2021-01-08,0.3188224049645172,1,1.1957853264635012,-1,-0.1133454816401403,-1,-1.0
2021-01-11,-0.161059488568707,1,-0.6008815894449728,0,0.0,0,0.0
2021-01-12,-0.3750087111986562,0,-1.4019026222523985,0,0.0,0,1.0
2021-01-13,-0.0702207589440559,1,-0.2607834477999057,0,0.0,0,0.0
2021-01-14,-0.5181060791217436,0,-1.9376559193981964,0,0.0,0,0.0
2021-01-15,-0.0262755355801845,1,-0.0962535290968788,0,0.0,0,0.0
2021-01-19,0.2475509252009218,1,0.9289465241150924,0,0.0,0,0.0
2021-01-20,0.2674243806567468,1,1.0033522902075978,-1,-0.1907204377573944,-1,-1.0
2021-01-21,-0.0360391449726503,1,-0.1328082610250633,0,0.0,0,0.0
2021-01-22,-0.1672323715664839,1,-0.6239927232621354,0,0.0,0,0.0
2021-01-25,-0.3799248416136276,0,-1.4203085029282423,0,0.0,0,1.0
2021-01-26,-0.0806855401570694,1,-0.299963351107385,0,0.0,0,0.0
2021-01-27,-0.5251521414321325,0,-1.9640362167403151,0,0.0,0,0.0
2021-01-28,0.6318296905261547,0,2.3676774982359188,0,0.0,0,0.0
2021-01-29,0.2355977650555624,1,0.8841941638716108,0,0.0,0,0.0
2021-02-01,0.3096814339321214,1,1.1615617384213195,-1,-0.1233792826786006,-1,-1.0
2021-02-02,0.5022225467581126,0,1.882431294093998,0,0.0,0,0.0
2021-02-03,-0.3686881164152329,0,-1.378238458862883,0,0.0,0,1.0
2021-02-04,0.127150969304199,1,0.4781718223571387,0,0.0,0,0.0
2021-02-05,-0.1474163574190906,1,-0.5498020161244618,0,0.0,0,0.0
2021-02-08,-0.1553789360384233,1,-0.5796137297220383,0,0.0,0,0.0
2021-02-09,-0.0651764171024967,1,-0.2418975464533594,0,0.0,0,0.0
2021-02-10,-0.188340318701681,1,-0.7030203981788347,0,0.0,0,0.0
2021-02-11,0.3610613929400728,1,1.3539271386047889,-1,0.0648964899002634,0,-1.0
2021-02-12,-0.006656356936068,1,-0.0227997696152417,0,0.0,0,0.0
2021-02-16,0.1616026226757575,1,0.6071580305161686,0,0.0,0,0.0
2021-02-17,-0.1222890240936331,1,-0.455725850552842,0,0.0,0,0.0
2021-02-18,0.0311402497986575,1,0.1187098680039224,0,0.0,0,0.0
2021-02-19,-0.211697004216344,1,-0.7904672985411387,0,0.0,0,0.0
2021-02-22,-0.3866523129497773,0,-1.4454960028949313,0,0.0,0,1.0
2021-02-23,-0.1915773258991466,1,-0.7151396796449968,0,0.0,0,0.0
2021-02-24,-0.0190167285221663,1,-0.0690767202490134,0,0.0,0,0.0
2021-02-25,0.0069139017174524,1,0.0280069707341166,0,0.0,0,0.0
2021-02-26,0.3714632298384911,1,1.3928713798272814,-1,-0.2336040288738911,-1,-1.0
2021-03-01,-0.0668786840598882,1,-0.2482707952998025,0,0.0,0,0.0
2021-03-02,-0.2359969362083142,1,-0.8814456923024696,0,0.0,0,0.0
2021-03-03,-0.6212008360416514,0,-2.3236403490207755,0,0.0,0,0.0
2021-03-04,-0.2399467021353417,1,-0.8962335262722496,0,0.0,0,0.0
2021-03-05,-0.4053517381626438,0,-1.51550622640868,0,0.0,0,1.0
2021-03-08,-0.8984637034745825,0,-3.361706230729595,0,0.0,0,0.0
2021-03-09,0.5897809148577435,0,2.2102478366546965,0,0.0,0,0.0
2021-03-10,-0.5221456031419437,0,-1.952779805631276,0,0.0,0,0.0
2021-03-11,0.4245011013559135,0,1.5914439668110405,0,0.0,0,-1.0
2021-03-12,-0.5133320275477523,0,-1.919781978677745,0,0.0,0,0.0
2021-03-15,-0.1189373734995186,1,-0.4431773468120699,0,0.0,0,0.0
2021-03-16,0.0747214019573977,1,0.2818767123794766,0,0.0,0,0.0
2021-03-17,-0.1736762067356123,1,-0.6481182958581327,0,0.0,0,0.0
2021-03-18,-0.3917033879661889,0,-1.4644071130952796,0,0.0,0,1.0
2021-03-19,-0.0841609913014013,1,-0.3129753612978571,0,0.0,0,0.0
2021-03-22,0.1876967655509753,1,0.7048539090951897,0,0.0,0,0.0
2021-03-23,0.3245279770334209,1,1.2171468587710772,-1,-0.1775532653128041,-1,-1.0
2021-03-24,-0.1501698361421073,1,-0.5601109779585456,0,0.0,0,0.0
2021-03-25,-0.5721190873838333,0,-2.139879396218059,0,0.0,0,0.0
2021-03-26,-0.031495288313425,1,-0.115796164839994,0,0.0,0,0.0
2021-03-29,-0.1132857928685001,1,-0.4220179572223121,0,0.0,0,0.0
2021-03-30,-0.1319719658935763,1,-0.4919785648458031,0,0.0,0,0.0
2021-03-31,0.3844062485424403,1,1.4413297480440015,-1,-0.3141767897429979,-1,-1.0
2021-04-01,0.311723732908307,1,1.169208059427287,-1,-0.0426073624232735,-1,-1.0
2021-04-05,0.0316092160253646,1,0.1204656669110233,0,0.0,0,0.0
2021-04-06,-0.065782658140716,1,-0.2441672991385777,0,0.0,0,0.0
2021-04-07,0.1469747117206168,1,0.5523914639586062,0,0.0,0,0.0
2021-04-08,0.3585470641771558,1,1.3445135487925342,-1,0.0287472349156753,0,-1.0
2021-04-09,0.1199443958617913,1,0.4511905749803983,0,0.0,0,0.0
2021-04-12,-0.1065409454332223,1,-0.3967654015349309,0,0.0,0,0.0
2021-04-13,0.2897195661322035,1,1.0868249585195202,-1,-0.0113843370162627,-1,-1.0
2021-04-14,-0.2684163549951641,1,-1.0028232603087568,1,0.1309961926830422,1,1.0
2021-04-15,0.0702294587994424,1,0.265058979164708,0,0.0,0,0.0
2021-04-16,-0.2137131877814811,1,-0.7980158440409689,0,0.0,0,0.0
2021-04-19,-0.0777468137675209,1,-0.28896082621499,0,0.0,0,0.0
2021-04-20,-0.12138646693912,1,-0.4523466970546951,0,0.0,0,0.0
2021-04-21,-0.1245679390736199,1,-0.4642580565057781,0,0.0,0,0.0
2021-04-22,0.2350569965480495,1,0.8821695388551092,0,0.0,0,0.0
2021-04-23,0.2318614993135853,1,0.8702056697481337,0,0.0,0,0.0
2021-04-26,0.1393500732455934,1,0.5238449905899688,0,0.0,0,0.0
2021-04-27,0.0210598734208624,1,0.080969167673382,0,0.0,0,0.0
2021-04-28,-0.0296717841263263,1,-0.1089690065576531,0,0.0,0,0.0
2021-04-29,-0.3553789643576251,0,-1.3284092956814146,0,0.0,0,1.0
2021-04-30,-0.0239821627255177,1,-0.0876671931893393,0,0.0,0,0.0
2021-05-03,-0.4760241625369218,0,-1.7801021789782427,0,0.0,0,1.0
2021-05-04,-0.4526447301352185,0,-1.692570114787222,0,0.0,0,1.0
2021-05-05,-0.1684460448127154,1,-0.6285366883452363,0,0.0,0,0.0
2021-05-06,-0.370915035622897,0,-1.3865759938245643,0,0.0,0,1.0
2021-05-07,-0.1220368186406697,1,-0.4547815990620953,0,0.0,0,0.0
2021-05-10,-0.646348926668695,0,-2.417794229458336,0,0.0,0,0.0
2021-05-11,0.4002352664075299,0,1.5005932316068833,0,0.0,0,-1.0
2021-05-12,0.2496190881417685,1,0.9366896792176304,0,0.0,0,0.0
2021-05-13,-0.4534953485938948,0,-1.6957548109871816,0,0.0,0,1.0
2021-05-14,0.1532948674945555,1,0.5760539837065768,0,0.0,0,0.0
2021-05-17,-0.1868860246686441,1,-0.6975755543321068,0,0.0,0,0.0
2021-05-18,0.2134270600877733,1,0.8011875477546465,0,0.0,0,0.0
2021-05-19,0.1907013042450351,1,0.7161028337617138,0,0.0,0,0.0
2021-05-20,0.2432503527309796,1,0.9128452784120664,0,0.0,0,0.0
2021-05-21,-0.167808977458505,1,-0.6261515226327152,0,0.0,0,0.0
2021-05-24,0.1755312059490663,1,0.6593063301079254,0,0.0,0,0.0
2021-05-25,0.2733260065275319,1,1.0254478434989305,-1,-0.1029065736674252,-1,-1.0
2021-05-26,-0.1208343168880337,1,-0.4502794597974192,0,0.0,0,0.0
2021-05-27,0.0085393923026804,1,0.0340927705860288,0,0.0,0,0.0
2021-05-28,0.0241968223804434,1,0.0927138333682598,0,0.0,0,0.0
2021-06-01,-0.3437139176737894,0,-1.2847356256976057,0,0.0,0,1.0
2021-06-02,-0.0945380696269557,1,-0.351826906985575,0,0.0,0,0.0
2021-06-03,-0.2454067877707343,1,-0.9166759629453842,0,0.0,0,0.0
2021-06-04,0.1776418109223908,1,0.6672083872166115,0,0.0,0,0.0
2021-06-07,-0.0365546365229242,1,-0.1347382496874579,0,0.0,0,0.0
2021-06-08,0.1569793945166765,1,0.589848769237399,0,0.0,0,0.0
2021-06-09,0.1548170361449931,1,0.5817529485800765,0,0.0,0,0.0
2021-06-10,0.2894028046992202,1,1.0856390109050214,-1,0.0055875024885671,0,-1.0
2021-06-11,0.0386294624405201,1,0.1467493101274177,0,0.0,0,0.0
2021-06-14,0.4042781449085016,0,1.5157296769398234,0,0.0,0,-1.0
2021-06-15,-0.09456731753933,1,-0.3519364105055669,0,0.0,0,0.0
2021-06-16,0.3279405108877384,1,1.2299233080559793,-1,-0.2061952756185935,-1,-1.0
2021-06-17,0.5817338160006784,0,2.180119681205688,0,0.0,0,0.0
2021-06-18,0.4937641134107577,0,1.850763111650775,0,0.0,0,0.0
2021-06-21,-0.3218550922134064,0,-1.2028966793766,0,0.0,0,1.0
2021-06-22,0.225975276986691,1,0.8481677869754624,0,0.0,0,0.0
2021-06-23,0.1554536165823287,1,0.5841362912868714,0,0.0,0,0.0
2021-06-24,0.0447476236851184,1,0.1696555669428817,0,0.0,0,0.0
2021-06-25,-0.1115206850405794,1,-0.4154094335831166,0,0.0,0,0.0
2021-06-28,0.0397586424013457,1,0.1509769342679849,0,0.0,0,0.0
2021-06-29,0.2759409699833886,1,1.0352382073171107,-1,-0.2583038577325408,-1,-1.0
2021-06-30,-0.3435351500735075,0,-1.2840663238602346,0,0.0,0,1.0
2021-07-01,-0.0572534367681718,1,-0.2122340879359577,0,0.0,0,0.0
2021-07-02,0.1773555405981918,1,0.6661365976212428,0,0.0,0,0.0
2021-07-06,0.4134859222459427,0,1.5502033862715696,0,0.0,0,-1.0
2021-07-07,-0.1369460848536351,1,-0.510601553318095,0,0.0,0,0.0
2021-07-08,-0.0065542852763061,1,-0.0224176156381541,0,0.0,0,0.0
2021-07-09,-0.2211054900582491,1,-0.8256924559574474,0,0.0,0,0.0
2021-07-12,-0.0901206032534345,1,-0.3352880131610796,0,0.0,0,0.0
2021-07-13,0.3212170413082288,1,1.2047507905753096,-1,-0.5299943587539335,-1,-1.0
2021-07-14,-0.0896189175745945,1,-0.3334097133679358,0,0.0,0,0.0
2021-07-15,-0.1298689912851849,1,-0.4841050756502145,0,0.0,0,0.0
2021-07-16,0.1539772461830577,1,0.578608794026104,0,0.0,0,0.0
2021-07-19,0.0759575010836487,1,0.2865046394482954,0,0.0,0,0.0
2021-07-20,-0.0280032619858467,1,-0.1027220975397096,0,0.0,0,0.0
2021-07-21,0.1666385632033428,1,0.6260124775339091,0,0.0,0,0.0
2021-07-22,0.4114337996965985,0,1.5425202860306948,0,0.0,0,-1.0
2021-07-23,-0.0775199002960034,1,-0.2881112673286406,0,0.0,0,0.0
2021-07-26,-0.2293915713664187,1,-0.85671535627841,0,0.0,0,0.0
2021-07-27,-0.183281348991737,1,-0.6840797304251134,0,0.0,0,0.0
2021-07-28,0.1837809776675488,1,0.690193288149339,0,0.0,0,0.0
2021-07-29,-0.1079146792204142,1,-0.4019086296499597,0,0.0,0,0.0
2021-07-30,0.1977537650471811,1,0.7425070869117231,0,0.0,0,0.0
2021-08-02,-0.0366647386303523,1,-0.1351504694783137,0,0.0,0,0.0
2021-08-03,-0.321485366912961,0,-1.2015124362446208,0,0.0,0,1.0
2021-08-04,0.4789915169931925,0,1.7954548460063038,0,0.0,0,0.0
2021-08-05,-0.0632430014248868,1,-0.2346588820455722,0,0.0,0,0.0
2021-08-06,-0.1300637535906527,1,-0.4848342613007163,0,0.0,0,0.0
2021-08-09,-0.0385140629105579,1,-0.1420742976031224,0,0.0,0,0.0
2021-08-10,-0.4808015967042552,0,-1.7979887840513813,0,0.0,0,1.0
2021-08-11,-0.3542614915855646,0,-1.3242255029898269,0,0.0,0,1.0
2021-08-12,0.1906889152996949,1,0.716056449831593,0,0.0,0,0.0
2021-08-13,0.0022351781213117,1,0.0104899357987605,0,0.0,0,0.0
2021-08-16,-0.0472232863051228,1,-0.1746814322900814,0,0.0,0,0.0
2021-08-17,0.1490837847571064,1,0.560287785530558,0,0.0,0,0.0
2021-08-18,0.1613521744368043,1,0.6062203579947867,0,0.0,0,0.0
2021-08-19,0.3301500490249432,1,1.2381957686844174,-1,-0.6774290912335703,-1,-1.0
2021-08-20,0.0348878276115581,1,0.1327407142641491,0,0.0,0,0.0
2021-08-23,0.1255457263265989,1,0.4721618290885579,0,0.0,0,0.0
2021-08-24,0.1081720788727601,1,0.4071152874090092,0,0.0,0,0.0
2021-08-25,-0.0521522438659476,1,-0.1931353375088198,0,0.0,0,0.0
2021-08-26,0.1523485666652352,1,0.5725110548829477,0,0.0,0,0.0
2021-08-27,-0.0667283519029617,1,-0.2477079551168599,0,0.0,0,0.0
2021-08-30,0.0853388973637399,1,0.3216283741601151,0,0.0,0,0.0
2021-08-31,-0.0146211394994331,1,-0.0526197347292452,0,0.0,0,0.0
2021-09-01,-0.0064662316135531,1,-0.0220879447236543,0,0.0,0,0.0
2021-09-02,-0.3472790422086271,0,-1.298083371026515,0,0.0,0,1.0
2021-09-03,0.2285716230455716,1,0.8578884476819854,0,0.0,0,0.0
2021-09-07,0.3451653500054237,1,1.2944127147029685,-1,-0.076277560057071,-1,-1.0
2021-09-08,-0.0822492302589265,1,-0.3058177713524485,0,0.0,0,0.0
2021-09-09,0.1372376494865638,1,0.5159361239888897,0,0.0,0,0.0
2021-09-10,0.1496798038539064,1,0.5625192674991436,0,0.0,0,0.0
2021-09-13,-0.3187272362984631,0,-1.1911860578344304,0,0.0,0,1.0
2021-09-14,0.3342126716136483,1,1.253406135433634,-1,0.0233274374573232,0,-1.0
2021-09-15,-0.1247825964818736,1,-0.4650617289694849,0,0.0,0,0.0
2021-09-16,0.2033471992626508,1,0.7634487776416091,0,0.0,0,0.0
2021-09-17,0.0913031020161697,1,0.3439582209893666,0,0.0,0,0.0
2021-09-20,0.0498592271592133,1,0.1887932943147796,0,0.0,0,0.0
2021-09-21,0.212311181888687,1,0.7970097251080768,0,0.0,0,0.0
2021-09-22,-0.0101882562282236,1,-0.0360231203897736,0,0.0,0,0.0
2021-09-23,0.0308188492547766,1,0.1175065516635325,0,0.0,0,0.0
2021-09-24,0.0564420292491624,1,0.2134391559077343,0,0.0,0,0.0
2021-09-27,-0.4639048005532854,0,-1.7347275628250896,0,0.0,0,1.0
2021-09-28,-0.3753098357292708,0,-1.4030300256593915,0,0.0,0,1.0
2021-09-29,-0.1781540786149624,1,-0.6648833465252262,0,0.0,0,0.0
2021-09-30,0.5267183118180128,0,1.9741428824161824,0,0.0,0,0.0
2021-10-01,0.123493889818359,1,0.4644797997790847,0,0.0,0,0.0
2021-10-04,-0.7370564113498879,0,-2.7574009930144,0,0.0,0,0.0
2021-10-05,0.2087287291175977,1,0.7835971032559977,0,0.0,0,0.0
2021-10-06,0.0296029210418494,1,0.1129541440363115,0,0.0,0,0.0
2021-10-07,0.1569917994085038,1,0.5898952128708053,0,0.0,0,0.0
2021-10-08,0.0534818568648455,1,0.2023563376977575,0,0.0,0,0.0
2021-10-11,-0.03726928627527,1,-0.1374138821374514,0,0.0,0,0.0
2021-10-12,0.0625978646740762,1,0.2364864639990829,0,0.0,0,0.0
2021-10-13,0.0189714049606126,1,0.0731499891671414,0,0.0,0,0.0
2021-10-14,-0.1518376113849449,1,-0.5663550906086722,0,0.0,0,0.0
2021-10-15,0.1764178932891247,1,0.662626067381004,0,0.0,0,0.0
2021-10-18,0.2661703297219288,1,0.9986571519750158,0,0.0,0,0.0
2021-10-19,0.1192428768817133,1,0.4485641038437025,0,0.0,0,0.0
2021-10-20,-0.4317747294367323,0,-1.6144333059281042,0,0.0,0,1.0
2021-10-21,0.2834963609278987,1,1.0635254195034485,-1,-0.0958045953113083,-1,-1.0
2021-10-22,0.0365304032964132,1,0.1388904803412279,0,0.0,0,0.0
2021-10-25,0.0536954848187444,1,0.2031561559077287,0,0.0,0,0.0
2021-10-26,0.0332250313095576,1,0.126515242655493,0,0.0,0,0.0
2021-10-27,0.1229358771620203,1,0.462390613060827,0,0.0,0,0.0
2021-10-28,-0.2135825748556882,1,-0.7975268322117577,0,0.0,0,0.0
2021-10-29,0.3425586400036492,1,1.2846532516295155,-1,-0.2584426256033034,-1,-1.0
2021-11-01,-0.4914051696604747,0,-1.837688320494805,0,0.0,0,1.0
2021-11-02,-0.1666505505691485,1,-0.6218143986556436,0,0.0,0,0.0
2021-11-03,-0.2349950124607421,1,-0.8776945125355647,0,0.0,0,0.0
2021-11-04,0.1876917656165904,1,0.704835189454353,0,0.0,0,0.0
2021-11-05,-0.389306022254838,0,-1.4554314302929874,0,0.0,0,1.0
2021-11-08,0.273665182325787,1,1.0267177099881934,-1,-0.0933831750588701,-1,-1.0
2021-11-09,-0.2056700931833714,1,-0.7679026804465908,0,0.0,0,0.0
2021-11-10,-0.2884456295307612,1,-1.0778124094987835,1,-0.0073364149865555,0,1.0
2021-11-11,-0.0952492491973804,1,-0.3544895471532303,0,0.0,0,0.0
2021-11-12,0.1309406570839336,1,0.4923603273772818,0,0.0,0,0.0
2021-11-15,-0.2211903166560419,1,-0.8260100448139917,0,0.0,0,0.0
2021-11-16,0.3834610446803579,1,1.4377909262408102,-1,0.0039872500936797,0,-1.0
2021-11-17,-0.1156322480034534,1,-0.430803031982259,0,0.0,0,0.0
2021-11-18,0.1069488076009779,1,0.4025353875361249,0,0.0,0,0.0
2021-11-19,0.101387486061743,1,0.3817139259370933,0,0.0,0,0.0
2021-11-22,-0.7084840739328861,0,-2.6504268103267865,0,0.0,0,0.0
2021-11-23,-0.2603325863625447,1,-0.972557814052489,0,0.0,0,0.0
2021-11-24,0.2648686423968219,1,0.9937836641785543,0,0.0,0,0.0
2021-11-26,0.1176242722820664,1,0.4425040849654915,0,0.0,0,0.0
2021-11-29,0.2484861220715658,1,0.932447879969501,0,0.0,0,0.0
2021-11-30,0.5304854304093161,0,1.9882468889071665,0,0.0,0,0.0
2021-12-01,-0.2522480166940776,1,-0.9422893687361908,0,0.0,0,0.0
2021-12-02,-0.1139845399359742,1,-0.4246340503811425,0,0.0,0,0.0
2021-12-03,-0.7699180382197905,0,-2.8804341780453644,0,0.0,0,0.0
2021-12-06,-0.2682621450618615,1,-1.0022459018190892,1,0.2215714278885164,1,1.0
2021-12-07,0.3580846026601238,1,1.3427821033707976,-1,0.1404018384659793,0,-1.0
2021-12-08,0.1526752563138153,1,0.573734173511267,0,0.0,0,0.0
2021-12-09,-0.2521399971396385,1,-0.9418849459764508,0,0.0,0,0.0
2021-12-10,-0.1921991488219493,1,-0.7174677705523812,0,0.0,0,0.0
2021-12-13,-0.1359364248174912,1,-0.5068214090623935,0,0.0,0,0.0
2021-12-14,-0.2701628418208076,1,-1.0093620673381296,1,-0.0493668620770103,0,1.0
2021-12-15,0.0361145815667521,1,0.1373336532246695,0,0.0,0,0.0
2021-12-16,-0.5069116600801865,0,-1.8957442686236727,0,0.0,0,1.0
2021-12-17,0.3734015553879956,1,1.400128426683986,-1,-0.3056193297362932,-1,-1.0
2021-12-20,0.0026154558795422,1,0.011913687093143,0,0.0,0,0.0
2021-12-21,0.3025528824798671,1,1.1348726036045875,-1,-0.4671835914482242,-1,-1.0
2021-12-22,0.1320616405662925,1,0.4965572640885324,0,0.0,0,0.0
2021-12-23,-0.0554308780654596,1,-0.2054104695256969,0,0.0,0,0.0
2021-12-27,-0.0442855428219627,1,-0.1636825873768922,0,0.0,0,0.0
2021-12-28,-0.3583095273623389,0,-1.3393812570463,0,0.0,0,1.0
2021-12-29,-0.1408777030146256,1,-0.5253214424637925,0,0.0,0,0.0
2021-12-30,-0.0022811771871456,1,-0.0064191959533238,0,0.0,0,0.0
2021-12-31,-0.2177196323502036,1,-0.8130158815586308,0,0.0,0,0.0
2022-01-03,-0.1994413453306931,1,-0.7445823898808286,0,0.0,0,0.0
2022-01-04,-0.7372466655404241,0,-2.758113300384933,0,0.0,0,0.0
2022-01-05,-0.6452924405767153,0,-2.413838769512552,0,0.0,0,0.0
2022-01-06,0.0656909922266317,1,0.2480670633408178,0,0.0,0,0.0
2022-01-07,-0.4863855634739618,0,-1.8188950288792445,0,0.0,0,1.0
2022-01-10,0.0803152997484434,1,0.3028201387257956,0,0.0,0,0.0
2022-01-11,0.3336644833811769,1,1.2513537311353176,-1,0.0546445549208399,0,-1.0
2022-01-12,-0.0093282892593952,1,-0.0328034235800188,0,0.0,0,0.0
2022-01-13,-0.9041106352181912,0,-3.382848214990422,0,0.0,0,0.0
2022-01-14,-0.1579708225706606,1,-0.5893176940620413,0,0.0,0,0.0
2022-01-18,-0.0350888762915868,1,-0.1292504766545794,0,0.0,0,0.0
2022-01-19,0.1872280969755693,1,0.7030992245878035,0,0.0,0,0.0
2022-01-20,0.3072176962475766,1,1.1523375604580552,-1,-0.726312011672432,-1,-1.0
2022-01-21,-0.3668822859613327,0,-1.3714774706364374,0,0.0,0,1.0
2022-01-24,0.1170147704598753,1,0.4402221239791037,0,0.0,0,0.0
2022-01-25,-0.4303789960193298,0,-1.609207711696966,0,0.0,0,1.0
2022-01-26,0.0782773814549144,1,0.2951902188962519,0,0.0,0,0.0
2022-01-27,-0.2061814647503135,1,-0.7698172439849162,0,0.0,0,0.0
2022-01-28,0.5074947164621997,0,1.90217017778608,0,0.0,0,0.0
2022-01-31,0.4330424783330094,0,1.6234226883211655,0,0.0,0,-1.0
2022-02-01,0.1566127534688203,1,0.5884760734771002,0,0.0,0,0.0
2022-02-02,-0.0873893978217409,1,-0.3250624420240982,0,0.0,0,0.0
2022-02-03,-0.4190943154248553,0,-1.5669581237172874,0,0.0,0,1.0
2022-02-04,0.841675136300927,0,3.153334083654673,0,0.0,0,0.0
2022-02-07,-0.2456614333915834,1,-0.9176293503693024,0,0.0,0,0.0
2022-02-08,-0.1354002294639964,1,-0.5048139058307233,0,0.0,0,0.0
2022-02-09,0.2009350619557169,1,0.7544177903207744,0,0.0,0,0.0
2022-02-10,0.1942674350336586,1,0.7294543464819551,0,0.0,0,0.0
2022-02-11,-0.5498982811592019,0,-2.056685202132792,0,0.0,0,0.0
2022-02-14,0.1070880672536752,1,0.4030567725145824,0,0.0,0,0.0
2022-02-15,0.1218666793674362,1,0.4583875607890525,0,0.0,0,0.0
2022-02-16,-0.1952633334175108,1,-0.7289400081201457,0,0.0,0,0.0
2022-02-17,-0.5508342338492394,0,-2.0601893877578528,0,0.0,0,0.0
2022-02-18,-0.182370095014305,1,-0.6806680162193787,0,0.0,0,0.0
2022-02-22,0.1443391596954502,1,0.5425240170042972,0,0.0,0,0.0
2022-02-23,-0.10255158222525,1,-0.3818293162441654,0,0.0,0,0.0
2022-02-24,0.9467538089115604,0,3.5467462485877768,0,0.0,0,0.0
2022-02-25,-0.6563245793350442,0,-2.4551428465904857,0,0.0,0,0.0
2022-02-28,-0.0073845873851248,1,-0.0255262478854349,0,0.0,0,0.0
2022-03-01,0.1218942465302223,1,0.4584907716207397,0,0.0,0,0.0
2022-03-02,-0.3851735354724022,0,-1.4399594935883837,0,0.0,0,1.0
2022-03-03,-0.6519911449409453,0,-2.4389185665893938,0,0.0,0,0.0
2022-03-04,-0.3043975142093357,0,-1.1375359036222346,0,0.0,0,1.0
2022-03-07,-0.5365924487275411,0,-2.006868467555513,0,0.0,0,0.0
2022-03-08,0.0127326203771397,1,0.0497921213091212,0,0.0,0,0.0
2022-03-09,0.6720738589168884,0,2.5183507511347067,0,0.0,0,0.0
2022-03-10,-0.2761910288191531,1,-1.0319314626180685,1,0.2662262904051782,1,1.0
2022-03-11,-0.1399410387792994,1,-0.5218145928293234,0,0.0,0,0.0
2022-03-14,-0.0408704423514724,1,-0.1508965287393027,0,0.0,0,0.0
2022-03-15,0.171870346675554,1,0.6456001560906283,0,0.0,0,0.0
2022-03-16,0.5542188563007234,0,2.077104296687869,0,0.0,0,0.0
2022-03-17,0.0269035291351412,1,0.1028476820146975,0,0.0,0,0.0
2022-03-18,0.5661530920537436,0,2.1217858044360223,0,0.0,0,0.0
2022-03-21,-0.425657448281353,0,-1.5915303441466977,0,0.0,0,1.0
2022-03-22,0.2900008930724101,1,1.0878782401974378,-1,-0.0185036227964451,-1,-1.0
2022-03-23,-0.3834421036623903,0,-1.4334770521957816,0,0.0,0,1.0
2022-03-24,-0.0099647384139749,1,-0.0351862747671561,0,0.0,0,0.0
2022-03-25,-0.4553102469512005,0,-1.7025497492381323,0,0.0,0,1.0
2022-03-28,0.3547125631188467,1,1.3301572638746846,-1,-0.6782164596908848,-1,-1.0
2022-03-29,0.0369709369234592,1,0.1405398282406268,0,0.0,0,0.0
2022-03-30,-0.1120109182983488,1,-0.4172448557717461,0,0.0,0,0.0
2022-03-31,0.0699839726274929,1,0.2641398845095472,0,0.0,0,0.0
2022-04-01,-0.0614354161522416,1,-0.2278913238175805,0,0.0,0,0.0
2022-04-04,0.2616009568290612,1,0.9815495235904164,0,0.0,0,0.0
2022-04-05,-0.0116597776159435,1,-0.0415324630613681,0,0.0,0,0.0
2022-04-06,-0.5215144837942798,0,-1.950416909120243,0,0.0,0,0.0
2022-04-07,0.1170586033088006,1,0.4403862331704599,0,0.0,0,0.0
2022-04-08,-0.3727058611591782,0,-1.393280803980061,0,0.0,0,1.0
2022-04-11,-0.3235038965720381,0,-1.2090697654669054,0,0.0,0,1.0
2022-04-12,-0.3664213393845403,0,-1.3697516971165689,0,0.0,0,1.0
2022-04-13,0.0324995846130132,1,0.1237991866915143,0,0.0,0,0.0
2022-04-14,-0.3665430762410852,0,-1.3702074771440054,0,0.0,0,1.0
2022-04-18,-0.116642542127606,1,-0.4345855502490708,0,0.0,0,0.0
2022-04-19,-0.0590116685065367,1,-0.2188168676519456,0,0.0,0,0.0
2022-04-20,-0.4808234784927156,0,-1.7980707089706531,0,0.0,0,1.0
2022-04-21,-0.4168966099789837,0,-1.5587299644165946,0,0.0,0,1.0
2022-04-22,-0.0709698810302625,1,-0.2635881438853407,0,0.0,0,0.0
2022-04-25,0.3143720073050182,1,1.179123138651856,-1,-0.2702882572086936,-1,-1.0
2022-04-26,-0.3038113743336682,0,-1.1353414092333072,0,0.0,0,1.0
2022-04-27,0.025580853831226,1,0.0978956157020119,0,0.0,0,0.0
2022-04-28,0.3134321115906913,1,1.1756041904333645,-1,0.0480830373746385,0,-1.0
2022-04-29,-0.0727057431814792,1,-0.270087172374843,0,0.0,0,0.0
2022-05-02,0.1222545990433855,1,0.4598399232498998,0,0.0,0,0.0
2022-05-03,-0.2751827001416624,1,-1.0281563029389424,1,-0.0605126580538286,0,1.0
2022-05-04,-0.301730257912378,0,-1.1275497565940376,0,0.0,0,1.0
2022-05-05,-0.3381253426516215,0,-1.263812127677136,0,0.0,0,1.0
2022-05-06,-0.4830239702925717,0,-1.8063093003174124,0,0.0,0,1.0
2022-05-09,-0.910930393220451,0,-3.4083812341400885,0,0.0,0,0.0
2022-05-10,0.5830771891824635,0,2.1851492399032693,0,0.0,0,0.0
2022-05-11,-0.3364429564291623,0,-1.2575133118509805,0,0.0,0,1.0
2022-05-12,-0.1175188641717031,1,-0.4378664800893659,0,0.0,0,0.0
2022-05-13,0.4316802585554032,0,1.6183225683966538,0,0.0,0,-1.0
2022-05-16,-0.391995931522529,0,-1.46550238952938,0,0.0,0,1.0
2022-05-17,0.0131264399571805,1,0.0512665728769572,0,0.0,0,0.0
2022-05-18,0.6114533139558953,0,2.2913888069074493,0,0.0,0,0.0
2022-05-19,0.5444763113838802,0,2.0406284296782444,0,0.0,0,0.0
2022-05-20,0.3289295098116246,1,1.2336260975764015,-1,-0.0928918822364621,-1,-1.0
2022-05-23,-0.1338069101286856,1,-0.498848554408203,0,0.0,0,0.0
2022-05-24,-0.6369369113148171,0,-2.3825558576293218,0,0.0,0,0.0
2022-05-25,-0.035456838840748,1,-0.1306281200857655,0,0.0,0,0.0
2022-05-26,0.0940895527118793,1,0.3543906291407381,0,0.0,0,0.0
2022-05-27,0.1589361725540951,1,0.5971749017899762,0,0.0,0,0.0
2022-05-31,0.0529798423805116,1,0.2004768068643084,0,0.0,0,0.0
2022-06-01,-0.0641928738386867,1,-0.2382151828004168,0,0.0,0,0.0
2022-06-02,0.6264500469239592,0,2.3475362347090125,0,0.0,0,0.0
2022-06-03,-0.2567718409543871,1,-0.9592264640744615,0,0.0,0,0.0
2022-06-06,-0.0716041358332061,1,-0.2659627794697647,0,0.0,0,0.0
2022-06-07,-0.0686462270530655,1,-0.2548884361424395,0,0.0,0,0.0
2022-06-08,0.3387065883561171,1,1.2702312577040198,-1,0.0799650552744191,0,-1.0
2022-06-09,0.0879943095006055,1,0.3315701769217937,0,0.0,0,0.0
2022-06-10,-0.2520202550304733,1,-0.9414366342379225,0,0.0,0,0.0
2022-06-13,0.3423223417199605,1,1.283768556219436,-1,-0.3300091679724694,-1,-1.0
2022-06-14,0.239363417836199,1,0.8982926824007332,0,0.0,0,0.0
2022-06-15,0.4309921166074432,0,1.6157461805645443,0,0.0,0,-1.0
2022-06-16,0.1692966401808535,1,0.6359642573984703,0,0.0,0,0.0
2022-06-17,0.4494533133111763,0,1.6848644819479646,0,0.0,0,-1.0
2022-06-21,-0.1653379368356157,1,-0.6169000026340685,0,0.0,0,0.0
2022-06-22,0.1368485815488185,1,0.5144794624619439,0,0.0,0,0.0
2022-06-23,0.2931418903030715,1,1.0996380625273436,-1,-0.0609799525088419,-1,-1.0
2022-06-24,-0.0945980830095718,1,-0.3520515957277656,0,0.0,0,0.0
2022-06-27,-0.3602156397312929,0,-1.3465176984862737,0,0.0,0,1.0
2022-06-28,-0.3569173849864507,0,-1.3341691075930735,0,0.0,0,1.0
2022-06-29,0.1876431627872114,1,0.7046532215644583,0,0.0,0,0.0
2022-06-30,-0.1525843678757846,1,-0.5691509299587536,0,0.0,0,0.0
2022-07-01,-0.121967228307824,1,-0.4545210544356449,0,0.0,0,0.0
2022-07-05,0.8276316518926583,0,3.1007555968219207,0,0.0,0,0.0
2022-07-06,0.024658256321595,1,0.0944414315692262,0,0.0,0,0.0
2022-07-07,-0.0448356147794626,1,-0.1657420442989542,0,0.0,0,0.0
2022-07-08,0.1056990327973041,1,0.3978562590414771,0,0.0,0,0.0
2022-07-11,-0.2055222066016368,1,-0.7673489964416518,0,0.0,0,0.0
2022-07-12,-0.5490381821808775,0,-2.0534650110824813,0,0.0,0,0.0
2022-07-13,0.0103492370484287,1,0.040868788230028,0,0.0,0,0.0
2022-07-14,0.0425709638233641,1,0.1615062018313822,0,0.0,0,0.0
2022-07-15,0.2070852668583597,1,0.777444017864555,0,0.0,0,0.0
2022-07-18,-0.088866827339617,1,-0.3305939046008805,0,0.0,0,0.0
2022-07-19,0.0994794512150258,1,0.3745702867840151,0,0.0,0,0.0
2022-07-20,0.3908704307241239,0,1.465531499393122,0,0.0,0,-1.0
2022-07-21,0.368138293194368,1,1.380422892508861,-1,-0.0352225408250152,-1,-1.0
2022-07-22,-0.3944407377698372,0,-1.4746556886213802,0,0.0,0,1.0
2022-07-25,-0.3351062100046164,0,-1.2525085635820723,0,0.0,0,1.0
2022-07-26,-0.342775021594007,0,-1.2812204200881558,0,0.0,0,1.0
2022-07-27,0.3900920896115236,0,1.4626174079361507,0,0.0,0,-1.0
2022-07-28,-0.1464334359368344,1,-0.5461219804075417,0,0.0,0,0.0
2022-07-29,-0.1231452808628671,1,-0.4589316564595382,0,0.0,0,0.0
2022-08-01,-0.2257550903468649,1,-0.8431004538905393,0,0.0,0,0.0
2022-08-02,0.3060430999854782,1,1.147939898716488,-1,0.0841173350921059,0,-1.0
2022-08-03,0.2619565655379369,1,0.9828809145240102,0,0.0,0,0.0
2022-08-04,0.1840496565488646,1,0.6911992157818848,0,0.0,0,0.0
2022-08-05,-0.018398852512506,1,-0.0667634064948379,0,0.0,0,0.0
2022-08-08,-0.2003614651063347,1,-0.7480272974338031,0,0.0,0,0.0
2022-08-09,-0.150819897298405,1,-0.562544792171118,0,0.0,0,0.0
2022-08-10,0.1220669240446532,1,0.4591372723149317,0,0.0,0,0.0
2022-08-11,-0.3543312535929555,0,-1.324486690361877,0,0.0,0,1.0
2022-08-12,-0.0603968096677546,1,-0.2240028047163766,0,0.0,0,0.0
2022-08-15,0.0153671671302119,1,0.0596558045475286,0,0.0,0,0.0
2022-08-16,-0.278986891806902,1,-1.042399110177173,1,-0.0925067442845233,0,1.0
2022-08-17,0.0261173480961087,1,0.0999042380511329,0,0.0,0,0.0
2022-08-18,-0.1611234044777378,1,-0.6011208891574715,0,0.0,0,0.0
2022-08-19,-0.2851796796810943,1,-1.0655847673997876,1,-0.0653079911287396,0,1.0
2022-08-22,0.057260821090059,1,0.2165046939732016,0,0.0,0,0.0
2022-08-23,-0.1847266544161867,1,-0.6894909211253349,0,0.0,0,0.0
2022-08-24,-0.0187487982523927,1,-0.0680735954010881,0,0.0,0,0.0
2022-08-25,0.0116073411894607,1,0.0455791015746656,0,0.0,0,0.0
2022-08-26,0.0842211455191623,1,0.3174435366273584,0,0.0,0,0.0
2022-08-29,-0.2643214978055258,1,-0.9874922079453826,0,0.0,0,0.0
2022-08-30,0.3066857369280836,1,1.1503459168415286,-1,0.0882422819715267,0,-1.0
2022-08-31,0.1891842616693873,1,0.7104230607958635,0,0.0,0,0.0
2022-09-01,-0.0500523620723132,1,-0.1852734277414734,0,0.0,0,0.0
2022-09-02,0.0190390735072831,1,0.0734033386697768,0,0.0,0,0.0
2022-09-06,0.2679892201316267,1,1.0054670363795024,-1,0.0082527250009376,0,-1.0
2022-09-07,-0.1283038462105754,1,-0.4782452080201948,0,0.0,0,0.0
2022-09-08,0.3098884440954584,1,1.162336779773653,-1,-0.15249971133735,-1,-1.0
2022-09-09,-0.1507387294688253,1,-0.5622409016597086,0,0.0,0,0.0
2022-09-12,-0.1033764027979802,1,-0.3849174257447637,0,0.0,0,0.0
2022-09-13,0.2010798067719561,1,0.7549597116270179,0,0.0,0,0.0
2022-09-14,0.1034578680548933,1,0.3894653891210825,0,0.0,0,0.0
2022-09-15,0.0674643510476715,1,0.2547064785109508,0,0.0,0,0.0
2022-09-16,0.0157737898071599,1,0.0611781906195506,0,0.0,0,0.0
2022-09-19,-0.4173431508581472,0,-1.5604018033315552,0,0.0,0,1.0
2022-09-20,0.2532374145213767,1,0.9502366110456608,0,0.0,0,0.0
2022-09-21,-0.1422909797981522,1,-0.5306127186594589,0,0.0,0,0.0
2022-09-22,-0.219341548163522,1,-0.8190882975456618,0,0.0,0,0.0
2022-09-23,0.3741132766672401,1,1.4027930949971656,-1,-0.3346051566256822,-1,-1.0
2022-09-26,0.3067895576860925,1,1.150734619402748,-1,0.2418729951088934,0,-1.0
2022-09-27,0.2980828483307624,1,1.118136897221614,-1,-0.3233469763941961,-1,-1.0
2022-09-28,-0.2161787394212022,1,-0.8072468134112357,0,0.0,0,0.0
2022-09-29,0.5983996093695938,0,2.242516033259808,0,0.0,0,0.0
2022-09-30,0.1857088780480644,1,0.6974113034100043,0,0.0,0,0.0
2022-10-03,-0.3653595738269767,0,-1.3657764709714846,0,0.0,0,1.0
2022-10-04,-0.1272234234447757,1,-0.4742001297109999,0,0.0,0,0.0
2022-10-05,0.3704160089702888,1,1.3889506086689969,-1,-0.0333086473125548,-1,-1.0
2022-10-06,0.3742484240467614,1,1.4032990837182024,-1,0.0005170219183242,0,-1.0
2022-10-07,-0.0384174607176575,1,-0.1417126211858052,0,0.0,0,0.0
2022-10-10,-0.3530011833897985,0,-1.319506937714297,0,0.0,0,1.0
2022-10-11,-0.5500677953139756,0,-2.057319859280237,0,0.0,0,0.0
2022-10-12,0.2930816285543617,1,1.099412443908136,-1,-0.1905436145943261,-1,-1.0
2022-10-13,-0.2833665176859289,1,-1.0587963300492735,1,0.0188791378004423,1,1.0
2022-10-14,0.013161165535054,1,0.0513965846522335,0,0.0,0,0.0
2022-10-17,0.1880535638518856,1,0.7061897538343568,0,0.0,0,0.0
2022-10-18,-0.2501376302398831,1,-0.9343881297581668,0,0.0,0,0.0
2022-10-19,0.0957976239836811,1,0.3607856092085735,0,0.0,0,0.0
2022-10-20,0.2174849066034886,1,0.8163800329950077,0,0.0,0,0.0
2022-10-21,-0.3724120489303485,0,-1.3921807776649588,0,0.0,0,1.0
2022-10-24,-0.1072476702183209,1,-0.3994113630874504,0,0.0,0,0.0
2022-10-25,-0.149584137906661,1,-0.5579181370605811,0,0.0,0,0.0
2022-10-26,-0.2005194401927914,1,-0.7486187525714095,0,0.0,0,0.0
2022-10-27,-0.1227504731771826,1,-0.4574535054466023,0,0.0,0,0.0
2022-10-28,-0.1283760655421637,1,-0.4785155955582583,0,0.0,0,0.0
2022-10-31,-0.0594584058963477,1,-0.2204894422983096,0,0.0,0,0.0
2022-11-01,-0.2306313948285064,1,-0.8613572271760579,0,0.0,0,0.0
2022-11-02,-0.2080262731864548,1,-0.776724164892059,0,0.0,0,0.0
2022-11-03,-0.6462542155328013,0,-2.417439633115524,0,0.0,0,0.0
2022-11-04,-0.3177263941720303,0,-1.187438927632518,0,0.0,0,1.0
2022-11-07,0.2437106747662715,1,0.9145687136627344,0,0.0,0,0.0
2022-11-08,-0.0481967381014263,1,-0.1783260137177595,0,0.0,0,0.0
2022-11-09,0.1670872205673558,1,0.627692240520101,0,0.0,0,0.0
2022-11-10,0.2233075212985142,1,0.8381797702378775,0,0.0,0,0.0
2022-11-11,0.1252123048146347,1,0.470913506516544,0,0.0,0,0.0
2022-11-14,-0.0100623064502817,1,-0.0355515672802614,0,0.0,0,0.0
2022-11-15,0.0026025234338509,1,0.0118652683100455,0,0.0,0,0.0
2022-11-16,-0.0009587441804505,1,-0.0014680367959301,0,0.0,0,0.0
2022-11-17,-0.2727380797290632,1,-1.0190036996078744,1,0.0360623230266224,1,1.0
2022-11-18,-0.3942172862324196,0,-1.4738190911377134,0,0.0,0,1.0
2022-11-21,-0.156699353050294,1,-0.5845573410405731,0,0.0,0,0.0
2022-11-22,-0.1698428890350553,1,-0.6337664414048448,0,0.0,0,0.0
2022-11-23,0.1064911393742985,1,0.4008218880846591,0,0.0,0,0.0
2022-11-25,-0.1119353087643632,1,-0.4169617753928655,0,0.0,0,0.0
2022-11-28,0.1378404032865567,1,0.5181928205333499,0,0.0,0,0.0
2022-11-29,-0.2167800037870383,1,-0.8094979335480234,0,0.0,0,0.0
2022-11-30,0.3213072376997203,1,1.2050884838175653,-1,-0.5192484098769882,-1,-1.0
2022-12-01,0.2548251930368741,1,0.9561812177645784,0,0.0,0,0.0
2022-12-02,-0.156354858916018,1,-0.583267562821976,0,0.0,0,0.0
2022-12-05,-0.0395990974298483,1,-0.1461366422126981,0,0.0,0,0.0
2022-12-06,-0.2167296970414706,1,-0.8093095862345979,0,0.0,0,0.0
2022-12-07,-0.1797387767062518,1,-0.6708164202058357,0,0.0,0,0.0
2022-12-08,0.0421120908068482,1,0.1597881916741182,0,0.0,0,0.0
2022-12-09,0.0754964514312421,1,0.2847784800156667,0,0.0,0,0.0
2022-12-12,-0.2743096543084573,1,-1.0248876391578556,1,0.0563636304005131,1,1.0
2022-12-13,0.1824695221545141,1,0.6852832284790171,0,0.0,0,0.0
2022-12-14,-0.1386745928130338,1,-0.5170730478803732,0,0.0,0,0.0
2022-12-15,-0.0573763557519789,1,-0.2126942938210294,0,0.0,0,0.0
2022-12-16,0.0965927830771053,1,0.3637626668039756,0,0.0,0,0.0
2022-12-19,-0.0955957006402484,1,-0.3557866534907641,0,0.0,0,0.0
2022-12-20,0.1098455116713497,1,0.413380581819443,0,0.0,0,0.0
2022-12-21,-0.0717044305510457,1,-0.2663382806166322,0,0.0,0,0.0
2022-12-22,-0.1359256696902605,1,-0.5067811421101868,0,0.0,0,0.0
2022-12-23,-0.2185430809071042,1,-0.8160988542631081,0,0.0,0,0.0
2022-12-27,-0.2813142664335739,1,-1.0511127479472482,1,-0.0518765362034464,0,1.0
2022-12-28,0.2903702413588517,1,1.089261071797545,-1,0.1707615756902265,0,-1.0
2022-12-29,0.1882489955199674,1,0.7069214455632906,0,0.0,0,0.0
2022-12-30,0.0444522862110356,1,0.1685498301441754,0,0.0,0,0.0
2023-01-03,-0.0100218609505956,1,-0.0354001402475632,0,0.0,0,0.0
2023-01-04,-0.1342471153242665,1,-0.5004966726676522,0,0.0,0,0.0
2023-01-05,-0.0806053672565697,1,-0.299663185587866,0,0.0,0,0.0
2023-01-06,-0.4213908115273683,0,-1.5755561529938644,0,0.0,0,1.0
2023-01-09,0.2107550367209944,1,0.7911835529252527,0,0.0,0,0.0
2023-01-10,0.0392315784354127,1,0.1490036187440606,0,0.0,0,0.0
2023-01-11,0.0257640910698973,1,0.0985816517640503,0,0.0,0,0.0
2023-01-12,0.0853353511486408,1,0.3216150972112843,0,0.0,0,0.0
2023-01-13,0.1281908588655545,1,0.482065145269012,0,0.0,0,0.0
2023-01-17,0.2018613016140928,1,0.7578856105757829,0,0.0,0,0.0
2023-01-18,0.4811023845477313,0,1.803357886213096,0,0.0,0,0.0
2023-01-19,0.2909099354921927,1,1.091281674381536,-1,0.0270812374947304,0,-1.0
2023-01-20,0.1578661593193493,1,0.5931687965287474,0,0.0,0,0.0
2023-01-23,0.1374118933692243,1,0.5165884891301761,0,0.0,0,0.0
2023-01-24,-0.2988186587239003,0,-1.1166487953266548,0,0.0,0,1.0
2023-01-25,-0.0865943552267113,1,-0.3220858205960406,0,0.0,0,0.0
2023-01-26,0.1711175148455643,1,0.6427815708086819,0,0.0,0,0.0
2023-01-27,-0.0521689865825598,1,-0.1931980218597505,0,0.0,0,0.0
2023-01-30,-0.1312782311179222,1,-0.4893812375937663,0,0.0,0,0.0
2023-01-31,-0.280500956383692,1,-1.0480677335829012,1,-0.0477334295716423,0,1.0
2023-02-01,0.055719810197399,1,0.2107351841725467,0,0.0,0,0.0
2023-02-02,0.097943208236557,1,0.3688186279458586,0,0.0,0,0.0
2023-02-03,0.0028306378790486,1,0.0127193236145913,0,0.0,0,0.0
2023-02-06,-0.129087453376214,1,-0.4811790154602003,0,0.0,0,0.0
2023-02-07,0.4951377760258971,0,1.855906073299255,0,0.0,0,0.0
2023-02-08,0.110588697747169,1,0.4161630536167374,0,0.0,0,0.0
2023-02-09,0.091361938543216,1,0.3441785036110191,0,0.0,0,0.0
2023-02-10,-0.4100199569090975,0,-1.5329839314252718,0,0.0,0,1.0
2023-02-13,-0.1410220805183027,1,-0.5258619885601418,0,0.0,0,0.0
2023-02-14,0.1713167798691505,1,0.643527614533606,0,0.0,0,0.0
2023-02-15,0.0377225251530284,1,0.1433537575108291,0,0.0,0,0.0
2023-02-16,-0.1129429031087089,1,-0.4207341857453664,0,0.0,0,0.0
2023-02-17,-0.3396244497979525,0,-1.269424750802764,0,0.0,0,1.0
2023-02-21,0.1860114163399168,1,0.6985439999069788,0,0.0,0,0.0
2023-02-22,0.0457596519769208,1,0.1734445778940082,0,0.0,0,0.0
2023-02-23,-0.0452296160690205,1,-0.1672171761830974,0,0.0,0,0.0
2023-02-24,-0.2621889567692398,1,-0.9795080227149244,0,0.0,0,0.0
2023-02-27,0.0887988445381865,1,0.3345823378392821,0,0.0,0,0.0
2023-02-28,0.2815576077561674,1,1.0562667716388332,-1,0.1382828612174908,0,-1.0
2023-03-01,0.1408558663707703,1,0.5294826458686221,0,0.0,0,0.0
2023-03-02,-0.1720926553525875,1,-0.6421895154272353,0,0.0,0,0.0
2023-03-03,0.0225938878861432,1,0.0867124830087506,0,0.0,0,0.0
2023-03-06,0.0698524801104986,1,0.2636475795108448,0,0.0,0,0.0
2023-03-07,0.1354004358648365,1,0.5090576378945081,0,0.0,0,0.0
2023-03-08,-0.1960005927444776,1,-0.7317002903042753,0,0.0,0,0.0
2023-03-09,0.0150907371201078,1,0.0586208568647528,0,0.0,0,0.0
2023-03-10,0.0084470818262833,1,0.0337471622578771,0,0.0,0,0.0
2023-03-13,-0.258614323778416,1,-0.9661246779426478,0,0.0,0,0.0
2023-03-14,0.2476194671448041,1,0.9292031435970626,0,0.0,0,0.0
2023-03-15,-0.0575501408297379,1,-0.2133449412071795,0,0.0,0,0.0
2023-03-16,0.418710547020434,0,1.5697642628265305,0,0.0,0,-1.0
2023-03-17,0.1725686739214985,1,0.648214677447182,0,0.0,0,0.0
2023-03-20,-0.2882764290108144,1,-1.0771789265930112,1,-0.0275655617822005,0,1.0
2023-03-21,0.4659728705497276,0,1.746713329249611,0,0.0,0,-1.0
2023-03-22,0.1486124747568289,1,0.5585232115884139,0,0.0,0,0.0
2023-03-23,0.3300734085025893,1,1.2379088283084896,-1,-0.1586489166291063,-1,-1.0
2023-03-24,-0.4348239506213083,0,-1.6258495208248134,0,0.0,0,1.0
2023-03-27,-0.1322430214994984,1,-0.4929933908813224,0,0.0,0,0.0
2023-03-28,-0.2866969867826032,1,-1.0712655307444567,1,-0.0739107546007759,0,1.0
2023-03-29,-0.0783385585366294,1,-0.2911763051977275,0,0.0,0,0.0
2023-03-30,-0.0464202624709247,1,-0.1716749292837539,0,0.0,0,0.0
2023-03-31,-0.0673645027052384,1,-0.2500896892797473,0,0.0,0,0.0
2023-04-03,-0.0914730986680222,1,-0.3403517252911964,0,0.0,0,0.0
2023-04-04,0.3551237680189676,1,1.3316968056862482,-1,0.0813286166440903,0,-1.0
2023-04-05,-0.2576272508650422,1,-0.9624290993618626,0,0.0,0,0.0
2023-04-06,0.0841473348544753,1,0.317167191174297,0,0.0,0,0.0
2023-04-10,-0.2807295823006259,1,-1.0489237038260169,1,0.1727713941761614,1,1.0
2023-04-11,-0.1584067584640623,1,-0.590949828151046,0,0.0,0,0.0
2023-04-12,0.0966170178396136,1,0.3638534012046692,0,0.0,0,0.0
2023-04-13,0.3217864095091564,1,1.206882492194733,-1,-0.5427860429999565,-1,-1.0
2023-04-14,0.1141043292136304,1,0.4293254980211552,0,0.0,0,0.0
2023-04-17,-0.1550909094538314,1,-0.5785353647276263,0,0.0,0,0.0
2023-04-18,0.0339825961483481,1,0.1293515482149489,0,0.0,0,0.0
2023-04-19,0.0738524257864977,1,0.2786232853216773,0,0.0,0,0.0
2023-04-20,-0.027037745602027,1,-0.0991072261162341,0,0.0,0,0.0
2023-04-21,0.0231995561245558,1,0.0889800911444953,0,0.0,0,0.0
2023-04-24,-0.2104922657869269,1,-0.7859567852093676,0,0.0,0,0.0
2023-04-25,-0.3214900097726074,0,-1.2015298190057422,0,0.0,0,1.0
2023-04-26,0.4509148675221094,0,1.6903365077359276,0,0.0,0,-1.0
2023-04-27,-0.2209996334908001,1,-0.825296131371898,0,0.0,0,0.0
2023-04-28,0.0899358092463402,1,0.3388391078971292,0,0.0,0,0.0
2023-05-01,-0.1721402906019669,1,-0.6423678607195756,0,0.0,0,0.0
2023-05-02,-0.0251225921765957,1,-0.0919369351660446,0,0.0,0,0.0
2023-05-03,-0.0920098286480806,1,-0.3423612301525844,0,0.0,0,0.0
2023-05-04,0.0459181711503144,1,0.1740380700807555,0,0.0,0,0.0
2023-05-05,-0.08677081597708,1,-0.3227464856397029,0,0.0,0,0.0
2023-05-08,0.2018798035882807,1,0.7579548815471411,0,0.0,0,0.0
2023-05-09,0.0315137595541638,1,0.1201082800497412,0,0.0,0,0.0
2023-05-10,0.2247958517305096,1,0.843752045589668,0,0.0,0,0.0
2023-05-11,0.1831739473222493,1,0.6879205803163302,0,0.0,0,0.0
2023-05-12,-0.1072942628349933,1,-0.399585804786604,0,0.0,0,0.0
2023-05-15,0.0943915529638727,1,0.3555213112286943,0,0.0,0,0.0
2023-05-16,0.4506527503721249,0,1.689355147076533,0,0.0,0,-1.0
2023-05-17,-0.1046618304140742,1,-0.3897300375597817,0,0.0,0,0.0
2023-05-18,0.3318336955058271,1,1.2444993028895066,-1,0.0312675358869246,0,-1.0
2023-05-19,0.0414980303794843,1,0.1574891633734454,0,0.0,0,0.0
2023-05-22,0.2353376629450417,1,0.8832203474742264,0,0.0,0,0.0
2023-05-23,-0.306570265846005,0,-1.1456706364277336,0,0.0,0,1.0
2023-05-24,0.1892758019921286,1,0.7107657856862108,0,0.0,0,0.0
2023-05-25,0.3275429552961025,1,1.2284348689455395,-1,-0.0248802053519164,-1,-1.0
2023-05-26,0.1257985480082987,1,0.473108387725705,0,0.0,0,0.0
2023-05-30,0.1896311262761785,1,0.7120961117397132,0,0.0,0,0.0
2023-05-31,0.159256745348279,1,0.5983751190542909,0,0.0,0,0.0
2023-06-01,0.1686495627644332,1,0.6335416142402671,0,0.0,0,0.0
2023-06-02,-0.5949525368619647,0,-2.225367312737222,0,0.0,0,0.0
2023-06-05,0.0976150432889994,1,0.3675899858316573,0,0.0,0,0.0
2023-06-06,-0.1703288890772457,1,-0.6355860145304417,0,0.0,0,0.0
2023-06-07,-0.924775647016063,0,-3.460217550058956,0,0.0,0,0.0
2023-06-08,0.1137744235524588,1,0.428090338714698,0,0.0,0,0.0
2023-06-09,0.1563312200219206,1,0.5874220186428112,0,0.0,0,0.0
2023-06-12,0.0535669628664033,1,0.202674972635655,0,0.0,0,0.0
2023-06-13,-0.1983567889814395,1,-0.740521835529016,0,0.0,0,0.0
2023-06-14,0.1137603889745186,1,0.4280377935734796,0,0.0,0,0.0
2023-06-15,0.0116613498230661,1,0.0457813086728701,0,0.0,0,0.0
2023-06-16,-0.1698883784232155,1,-0.6339367526414923,0,0.0,0,0.0
2023-06-20,0.2789570800726772,1,1.0465304550246963,-1,-0.0129086675516452,-1,-1.0
2023-06-21,-0.2791160209357696,1,-1.0428825667043788,1,0.0096470387949189,1,1.0
2023-06-22,0.2114570589877737,1,0.7938119083559335,0,0.0,0,0.0
2023-06-23,0.1768015015480588,1,0.6640622879944171,0,0.0,0,0.0
2023-06-26,-0.5524941391382457,0,-2.066404035479486,0,0.0,0,0.0
2023-06-27,-0.1080956924149343,1,-0.4025863389411827,0,0.0,0,0.0
2023-06-28,0.3630503160315241,1,1.3613736215099617,-1,0.0816186447343568,0,-1.0
2023-06-29,-0.0411331891849102,1,-0.1518802469192524,0,0.0,0,0.0
2023-06-30,-0.0290654805422337,1,-0.1066990197021051,0,0.0,0,0.0
2023-07-03,-0.3474533834061101,0,-1.298736100512288,0,0.0,0,1.0
2023-07-05,0.1104114918961059,1,0.4154995989329891,0,0.0,0,0.0
2023-07-06,0.0672700247552441,1,0.2539789252833747,0,0.0,0,0.0
2023-07-07,-0.0305189473299449,1,-0.1121407663611119,0,0.0,0,0.0
2023-07-10,0.0814369388936133,1,0.3070195302237269,0,0.0,0,0.0
2023-07-11,-0.2904708371946107,0,-1.085394741019343,0,0.0,0,1.0
2023-07-12,-0.0391150508937671,1,-0.1443243829696286,0,0.0,0,0.0
2023-07-13,0.1359540203996323,1,0.5111302458262291,0,0.0,0,0.0
2023-07-14,0.2263597305550344,1,0.8496071724081153,0,0.0,0,0.0
2023-07-17,0.3249372715665564,1,1.2186792482120132,-1,-0.0944130399806172,-1,-1.0
2023-07-18,1.4503893340220286e-05,1,0.0021757818992849,0,0.0,0,0.0
2023-07-19,-0.2999004998812927,0,-1.120699184061775,0,0.0,0,1.0
2023-07-20,-0.2873989292546032,1,-1.0738935874252953,1,0.0247030248256933,1,1.0
2023-07-21,-0.0101562648770547,1,-0.0359033454972118,0,0.0,0,0.0
2023-07-24,-0.0873586637148679,1,-0.3249473742256401,0,0.0,0,0.0
2023-07-25,0.0009974052751782,1,0.0058557423606954,0,0.0,0,0.0
2023-07-26,0.0126365419101934,1,0.0494324057098875,0,0.0,0,0.0
2023-07-27,-0.1551165847239697,1,-0.5786314923561867,0,0.0,0,0.0
2023-07-28,-0.0681268756504844,1,-0.2529439962806271,0,0.0,0,0.0
2023-07-31,-0.0183851998050034,1,-0.066712291067869,0,0.0,0,0.0
2023-08-01,0.226426544496995,1,0.849857322290117,0,0.0,0,0.0
2023-08-02,-0.2331151533243049,1,-0.8706563626021767,0,0.0,0,0.0
2023-08-03,0.2301708688618238,1,0.863875987714617,0,0.0,0,0.0
2023-08-04,0.0320354217894919,1,0.1220613716169021,0,0.0,0,0.0
2023-08-07,0.0043563619418605,1,0.0184315998713113,0,0.0,0,0.0
2023-08-08,-0.0932885230396548,1,-0.3471486329278468,0,0.0,0,0.0
2023-08-09,-0.014397003906761,1,-0.0517805761582339,0,0.0,0,0.0
2023-08-10,0.2972527016734935,1,1.1150288469814067,-1,-0.1754779328173693,-1,-1.0
2023-08-11,-0.1219443648934275,1,-0.4544354543311518,0,0.0,0,0.0
2023-08-14,0.2862688669486027,1,1.0739056191081475,-1,0.2022088074899639,0,-1.0
2023-08-15,0.2422235222152919,1,0.9090008482707288,0,0.0,0,0.0
2023-08-16,0.0148760889900934,1,0.0578172191385632,0,0.0,0,0.0
2023-08-17,-0.0279873053207592,1,-0.1026623561478434,0,0.0,0,0.0
2023-08-18,-0.2373481374448535,1,-0.8865045590593517,0,0.0,0,0.0
2023-08-21,0.3271975009442725,1,1.2271414956942177,-1,-0.006257314539434,-1,-1.0
2023-08-22,-0.006696041080013,1,-0.0229483461493281,0,0.0,0,0.0
2023-08-23,0.0949375380180711,1,0.3575654668775693,0,0.0,0,0.0
2023-08-24,-0.0438003912819258,1,-0.1618661910240967,0,0.0,0,0.0
2023-08-25,0.0163050851184503,1,0.0631673482044403,0,0.0,0,0.0
2023-08-28,-0.0701920862350757,1,-0.260676097828364,0,0.0,0,0.0
2023-08-29,0.0039843727610809,1,0.0170388808227515,0,0.0,0,0.0
2023-08-30,0.1288739804017371,1,0.4846227367933918,0,0.0,0,0.0
2023-08-31,0.1244929795245808,1,0.4682203689595077,0,0.0,0,0.0
2023-09-01,0.1947741760199045,1,0.7313515732312696,0,0.0,0,0.0
2023-09-05,0.362228423442244,1,1.3582964743129342,-1,-0.0942846921176856,-1,-1.0
2023-09-06,0.0123394755569781,1,0.0483201960269554,0,0.0,0,0.0
2023-09-07,-0.0392819607367611,1,-0.1449492896328889,0,0.0,0,0.0
2023-09-08,-0.2464790859307999,1,-0.920690622915142,0,0.0,0,0.0
2023-09-11,0.1221130484633579,1,0.4593099610915222,0,0.0,0,0.0
2023-09-12,-0.053740616790407,1,-0.1990821696813977,0,0.0,0,0.0
2023-09-13,0.0697746692703725,1,0.263356257491745,0,0.0,0,0.0
2023-09-14,-0.3116155449553972,0,-1.1645600468837702,0,0.0,0,1.0
2023-09-15,-0.0803216642846476,1,-0.2986010081011422,0,0.0,0,0.0
2023-09-18,0.1161790417508185,1,0.4370931746637171,0,0.0,0,0.0
2023-09-19,0.1103994172336747,1,0.4154543916709455,0,0.0,0,0.0
2023-09-20,-0.1604629152203083,1,-0.5986480323709833,0,0.0,0,0.0
2023-09-21,-0.1115214866348434,1,-0.4154124347338446,0,0.0,0,0.0
2023-09-22,0.1116805317708846,1,0.42025085541653,0,0.0,0,0.0
2023-09-25,0.0297170424132288,1,0.1133814118601625,0,0.0,0,0.0
2023-09-26,0.2731395428341407,1,1.0247497276636626,-1,0.0227150583999277,0,-1.0
2023-09-27,0.100628615902433,1,0.3788727332872439,0,0.0,0,0.0
2023-09-28,0.148896094846605,1,0.5595850787662645,0,0.0,0,0.0
2023-09-29,-0.085496830845497,1,-0.3179767142269457,0,0.0,0,0.0
2023-10-02,0.7021377364929874,0,2.630909226319518,0,0.0,0,0.0
2023-10-03,-0.2686459974438294,1,-1.0036830364235994,1,0.2010117556300694,1,1.0
2023-10-04,0.1673531817901694,1,0.6286879933009063,0,0.0,0,0.0
2023-10-05,0.350466329211375,1,1.3142594605160445,-1,-0.0041472380292739,-1,-1.0
2023-10-06,0.0862086357561879,1,0.3248846549580872,0,0.0,0,0.0
2023-10-09,-0.2940756816274376,0,-1.0988911967446693,0,0.0,0,1.0
2023-10-10,-0.1765394006324934,1,-0.658838028812594,0,0.0,0,0.0
2023-10-11,-0.1204911908816625,1,-0.4489948038186408,0,0.0,0,0.0
2023-10-12,0.2944488283501361,1,1.1045312089076216,-1,-0.1334275480123069,-1,-1.0
2023-10-13,-0.1397171056841702,1,-0.520976192404516,0,0.0,0,0.0
2023-10-16,-0.0979345717880514,1,-0.3645433339749792,0,0.0,0,0.0
2023-10-17,-0.06763424181376,1,-0.2510995863788839,0,0.0,0,0.0
2023-10-18,0.1503973652455976,1,0.5652058010607514,0,0.0,0,0.0
2023-10-19,0.1411600975227576,1,0.5306216803955134,0,0.0,0,0.0
2023-10-20,-0.0526120814342942,1,-0.1948569589262425,0,0.0,0,0.0
2023-10-23,0.2660804277699117,1,0.998320561107468,0,0.0,0,0.0
2023-10-24,-0.2115614786802722,1,-0.7899598940105611,0,0.0,0,0.0
2023-10-25,-0.3685791423010948,0,-1.3778304622532989,0,0.0,0,1.0
2023-10-26,-0.2877519746479958,1,-1.0752153813639085,1,0.0509140980261032,1,1.0
2023-10-27,0.2272098015565992,1,0.852789818941077,0,0.0,0,0.0
2023-10-30,-0.0064234005674726,1,-0.0219275862594081,0,0.0,0,0.0
2023-10-31,0.0858292631947637,1,0.3234642926999992,0,0.0,0,0.0
2023-11-01,-0.0446966076624199,1,-0.1652216048082544,0,0.0,0,0.0
2023-11-02,-0.1117794748130143,1,-0.4163783366164983,0,0.0,0,0.0
2023-11-03,-0.0667496237206348,1,-0.2477875963193507,0,0.0,0,0.0
2023-11-06,0.3201647174050218,1,1.200810913769808,-1,-0.0304501861013605,-1,-1.0
2023-11-07,0.3407336908653439,1,1.2778206834826582,-1,-0.0290830818764801,-1,-1.0
2023-11-08,0.2770362833596406,1,1.039339035733817,-1,-0.3820066895793028,-1,-1.0
2023-11-09,0.1266177404450639,1,0.4761754256130108,0,0.0,0,0.0
2023-11-10,0.0479586447588267,1,0.1816775569515901,0,0.0,0,0.0
2023-11-13,0.1907125630456235,1,0.7161449864555379,0,0.0,0,0.0
2023-11-14,-0.6271063637599232,0,-2.345750510740525,0,0.0,0,0.0
2023-11-15,-0.1366784249877833,1,-0.5095994408563143,0,0.0,0,0.0
2023-11-16,0.2498349895420021,1,0.9374980091590708,0,0.0,0,0.0
2023-11-17,-0.1548364666038852,1,-0.5775827364733658,0,0.0,0,0.0
2023-11-20,0.2391715688731909,1,0.8975744042382666,0,0.0,0,0.0
2023-11-21,0.1248039637458964,1,0.4693846868246671,0,0.0,0,0.0
2023-11-22,-0.1020923932593801,1,-0.3801101231796918,0,0.0,0,0.0
2023-11-24,-0.0502276000800051,1,-0.1859295148643104,0,0.0,0,0.0
2023-11-27,0.0800585595289959,1,0.3018589091722733,0,0.0,0,0.0
2023-11-28,-0.1115502506289246,1,-0.4155201264747326,0,0.0,0,0.0
2023-11-29,0.2017625472938151,1,0.7575158766424193,0,0.0,0,0.0
2023-11-30,-0.1413790317672607,1,-0.5271984059333273,0,0.0,0,0.0
2023-12-01,-0.4031613073882783,0,-1.5073053033129689,0,0.0,0,1.0
2023-12-04,-0.1610947166962296,1,-0.6010134827547273,0,0.0,0,0.0
2023-12-05,0.2208667051367789,1,0.829041409935686,0,0.0,0,0.0
2023-12-06,-0.3774494772632847,0,-1.4110407949921595,0,0.0,0,1.0
2023-12-07,-0.0458407845556903,1,-0.1695053771234594,0,0.0,0,0.0
2023-12-08,0.1208324132928009,1,0.4545152920838048,0,0.0,0,0.0
2023-12-11,0.0138188845153676,1,0.0538590695840861,0,0.0,0,0.0
2023-12-12,0.2928113304636733,1,1.098400453992456,-1,-0.1369585046093774,-1,-1.0
2023-12-13,-0.480411637787218,0,-1.7965287867181925,0,0.0,0,1.0
2023-12-14,-0.5722337968320435,0,-2.140308865788215,0,0.0,0,0.0
2023-12-15,0.3433596352222626,1,1.2876521595451444,-1,-0.1976726756673887,-1,-1.0
2023-12-18,0.1766832152558106,1,0.6636194268013782,0,0.0,0,0.0
2023-12-19,-0.1416288332153069,1,-0.5281336568842356,0,0.0,0,0.0
2023-12-20,0.2336526953799395,1,0.8769118671598125,0,0.0,0,0.0
2023-12-21,0.0002843858108413,1,0.0031862136719991,0,0.0,0,0.0
2023-12-22,-0.1327831144869699,1,-0.4950154867661235,0,0.0,0,0.0
2023-12-26,-0.1471095226318665,1,-0.548653233646347,0,0.0,0,0.0
2023-12-27,0.0506186603560199,1,0.1916365949642353,0,0.0,0,0.0
2023-12-28,-0.0688278553950522,1,-0.2555684485318135,0,0.0,0,0.0
2023-12-29,-0.0165195393393762,1,-0.0597273006356793,0,0.0,0,0.0
2024-01-02,-0.6200105679010072,0,-2.3191840121216893,0,0.0,0,0.0
2024-01-03,-0.0161633949107977,1,-0.0583939039796793,0,0.0,0,0.0
2024-01-04,0.1382836346032125,1,0.5198522685214094,0,0.0,0,0.0
2024-01-05,-0.143405079725011,1,-0.5347838834951765,0,0.0,0,0.0
2024-01-08,0.1940096511692663,1,0.7284892095454505,0,0.0,0,0.0
2024-01-09,0.1030014036051434,1,0.387756396583115,0,0.0,0,0.0
2024-01-10,0.2286191856171176,1,0.8580665208701671,0,0.0,0,0.0
2024-01-11,0.3855298060849489,1,1.445536321978021,-1,-0.2084970882472327,-1,-1.0
2024-01-12,-0.0377574665490916,1,-0.1392416180007834,0,0.0,0,0.0
2024-01-16,0.1636917387015836,1,0.6149796334932269,0,0.0,0,0.0
2024-01-17,0.2801686264813546,1,1.0510664572762751,-1,-0.0486924750852529,-1,-1.0
2024-01-18,0.1994259913721106,1,0.7487678643121605,0,0.0,0,0.0
2024-01-19,0.2717385881828166,1,1.0195045852512454,-1,0.1893705335726074,0,-1.0
2024-01-22,0.1218147587573639,1,0.4581931712035572,0,0.0,0,0.0
2024-01-23,-0.0589392254147924,1,-0.2185456423609377,0,0.0,0,0.0
2024-01-24,0.3818073842919408,1,1.4315996592852218,-1,0.2825999493506848,0,-1.0
2024-01-25,-0.55188605315447,0,-2.0641273753599854,0,0.0,0,0.0
2024-01-26,-0.0256784046658057,1,-0.0940178845085167,0,0.0,0,0.0
2024-01-29,0.0760908431809894,1,0.2870038692338288,0,0.0,0,0.0
2024-01-30,-0.0107059215473702,1,-0.0379612475934822,0,0.0,0,0.0
2024-01-31,-0.0146561852908005,1,-0.0527509453765737,0,0.0,0,0.0
2024-02-01,-0.3154597544574487,0,-1.1789526799946062,0,0.0,0,1.0
2024-02-02,0.3619503747460785,1,1.357255466306289,-1,0.2853623206464414,0,-1.0
2024-02-05,0.4391603867712564,0,1.6463279986353891,0,0.0,0,-1.0
2024-02-06,-0.2087121423467171,1,-0.779292043458621,0,0.0,0,0.0
2024-02-07,0.3193173135239643,1,1.1976382528754808,-1,-0.1929171094926569,-1,-1.0
2024-02-08,-0.0315484061969992,1,-0.115995036990302,0,0.0,0,0.0
2024-02-09,0.1568059863306222,1,0.5891995329252354,0,0.0,0,0.0
2024-02-12,-0.517982674861855,0,-1.937193896650492,0,0.0,0,0.0
2024-02-13,0.2747530076276091,1,1.0307905032242162,-1,0.1550293153466475,0,-1.0
2024-02-14,0.1540349857191536,1,0.5788249695385403,0,0.0,0,0.0
2024-02-15,-0.3611446892249971,0,-1.3499960387009673,0,0.0,0,1.0
2024-02-16,-0.1439532464059889,1,-0.5368362071051901,0,0.0,0,0.0
2024-02-20,-0.1624489418773882,1,-0.6060836710916192,0,0.0,0,0.0
2024-02-21,-0.3882163162011349,0,-1.451351595564616,0,0.0,0,1.0
2024-02-22,0.3738499720651662,1,1.4018072885441035,-1,-0.2462463571681345,-1,-1.0
2024-02-23,-0.075773643255861,1,-0.2815733206109678,0,0.0,0,0.0
2024-02-26,0.2222660118382661,1,0.8342803824613225,0,0.0,0,0.0
2024-02-27,-0.2128255034902576,1,-0.7946923742053593,0,0.0,0,0.0
2024-02-28,0.0203818685991987,1,0.0784307330120098,0,0.0,0,0.0
2024-02-29,-0.2305177553425007,1,-0.8609317635201071,0,0.0,0,0.0
2024-03-01,0.0257359228829166,1,0.0984761907114222,0,0.0,0,0.0
2024-03-04,-0.2496445196102279,1,-0.9325419347545144,0,0.0,0,0.0
2024-03-05,-0.2309268958440828,1,-0.8624635762704039,0,0.0,0,0.0
2024-03-06,-0.1600741866209429,1,-0.5971926413192288,0,0.0,0,0.0
2024-03-07,-0.0495011456455004,1,-0.1832096859522844,0,0.0,0,0.0
2024-03-08,-0.1415007257854438,1,-0.5276540255749099,0,0.0,0,0.0
2024-03-11,-0.1690154372470489,1,-0.6306684806939818,0,0.0,0,0.0
2024-03-12,0.2455776581633289,1,0.9215586571201684,0,0.0,0,0.0
2024-03-13,-0.2119818719650903,1,-0.7915338369258514,0,0.0,0,0.0
2024-03-14,0.2441748910131503,1,0.9163067287531842,0,0.0,0,0.0
2024-03-15,-0.2860242157133792,1,-1.068746691133411,1,0.0412962725525898,1,1.0
2024-03-18,0.0406103335534029,1,0.154165646607612,0,0.0,0,0.0
2024-03-19,-0.146705497665507,1,-0.5471405733437996,0,0.0,0,0.0
2024-03-20,-0.118385111221621,1,-0.4411096893801601,0,0.0,0,0.0
2024-03-21,-0.1462920996595954,1,-0.5455928205939398,0,0.0,0,0.0
2024-03-22,-0.0654658651711362,1,-0.2429812334517774,0,0.0,0,0.0
2024-03-25,0.0038259988460905,1,0.0164459324801684,0,0.0,0,0.0
2024-03-26,0.2078326980846572,1,0.7802423834088734,0,0.0,0,0.0
2024-03-27,-0.6021963473622158,0,-2.252487974813235,0,0.0,0,0.0
2024-03-28,-0.1328396839188475,1,-0.4952272814349284,0,0.0,0,0.0
2024-04-01,-0.0055803537760935,1,-0.0187712382099297,0,0.0,0,0.0
2024-04-02,-0.0285894537060619,1,-0.1049167860334464,0,0.0,0,0.0
2024-04-03,-0.0170184884045973,1,-0.0615953546095557,0,0.0,0,0.0
2024-04-04,-0.14664947735418,1,-0.5469308345698708,0,0.0,0,0.0
2024-04-05,0.2164602513300256,1,0.8125437469111807,0,0.0,0,0.0
2024-04-08,0.0213822075247065,1,0.0821759792410819,0,0.0,0,0.0
2024-04-09,-0.1084404244989427,1,-0.4038770080381762,0,0.0,0,0.0
2024-04-10,0.231827184782171,1,0.8700771969214701,0,0.0,0,0.0
2024-04-11,0.0135282684151538,1,0.0527710095019684,0,0.0,0,0.0
2024-04-12,0.1213391683814386,1,0.4564125716321537,0,0.0,0,0.0
2024-04-15,-0.1862373535130629,1,-0.6951469442506635,0,0.0,0,0.0
2024-04-16,0.2298956888269301,1,0.8628457199106543,0,0.0,0,0.0
2024-04-17,-0.2642269483328724,1,-0.9871382168660732,0,0.0,0,0.0
2024-04-18,-0.160376567432197,1,-0.5983247482124185,0,0.0,0,0.0
2024-04-19,-0.383717738450572,0,-1.434509022585732,0,0.0,0,1.0
2024-04-22,-0.0698814881852229,1,-0.2595132257803949,0,0.0,0,0.0
2024-04-23,0.0456086923254402,1,0.1728793883856996,0,0.0,0,0.0
2024-04-24,-0.1350344926851772,1,-0.5034445956331719,0,0.0,0,0.0
2024-04-25,-0.0014993735948982,1,-0.0034921410511531,0,0.0,0,0.0
2024-04-26,0.1432899145211347,1,0.5385956668898774,0,0.0,0,0.0
2024-04-29,-0.3236191575715949,0,-1.2095013000327826,0,0.0,0,1.0
2024-04-30,0.1870391587541507,1,0.7023918441757732,0,0.0,0,0.0
2024-05-01,0.1325707804427039,1,0.4984634722281709,0,0.0,0,0.0
2024-05-02,-0.0672015565263655,1,-0.2494796224849802,0,0.0,0,0.0
2024-05-03,0.065320247220755,1,0.2466790024548515,0,0.0,0,0.0
2024-05-06,0.1142065521584099,1,0.4297082184059146,0,0.0,0,0.0
2024-05-07,-0.1022149368707818,1,-0.3805689236789988,0,0.0,0,0.0
2024-05-08,-0.1113365944610558,1,-0.4147202026322983,0,0.0,0,0.0
2024-05-09,-0.2666380199708036,1,-0.9961652143463526,0,0.0,0,0.0
2024-05-10,0.001779206937216,1,0.0087827900362053,0,0.0,0,0.0
2024-05-13,-0.1122415136247412,1,-0.418108199439168,0,0.0,0,0.0
2024-05-14,0.0864166630870668,1,0.3256635045626077,0,0.0,0,0.0
2024-05-15,0.1507835332258648,1,0.5666516052127291,0,0.0,0,0.0
2024-05-16,0.065040770246243,1,0.2456326470064994,0,0.0,0,0.0
2024-05-17,0.0697480709400339,1,0.2632566739467483,0,0.0,0,0.0
2024-05-20,-0.0193124862985781,1,-0.0701840306500986,0,0.0,0,0.0
2024-05-21,0.0198161818429076,1,0.0763128146377353,0,0.0,0,0.0
2024-05-22,0.1866896475902328,1,0.7010832823120854,0,0.0,0,0.0
2024-05-23,0.1560108126734569,1,0.5862224208035175,0,0.0,0,0.0
2024-05-24,-0.1057431142453524,1,-0.3937783396785814,0,0.0,0,0.0
2024-05-28,0.002744157408075,1,0.0123955426944021,0,0.0,0,0.0
2024-05-29,0.2193441492033333,1,0.8233409950833958,0,0.0,0,0.0
2024-05-30,-0.6318580931185367,0,-2.363540877593324,0,0.0,0,0.0
2024-05-31,-0.5210303101388662,0,-1.948604173945279,0,0.0,0,0.0
2024-06-03,0.1859119169776557,1,0.6981714765533424,0,0.0,0,0.0
2024-06-04,0.1719220797573478,1,0.6457938435745061,0,0.0,0,0.0
2024-06-05,0.1831376585697916,1,0.6877847160508952,0,0.0,0,0.0
2024-06-06,0.1421054043628857,1,0.5341608877461709,0,0.0,0,0.0
2024-06-07,0.1094356602138053,1,0.4118461072661623,0,0.0,0,0.0
2024-06-10,-0.0731965456429197,1,-0.2719247256490956,0,0.0,0,0.0
2024-06-11,0.0790715056290885,1,0.2981634017774746,0,0.0,0,0.0
2024-06-12,0.1221149187995937,1,0.4593169635879319,0,0.0,0,0.0
2024-06-13,-0.1214961872295766,1,-0.4527574873314773,0,0.0,0,0.0
2024-06-14,0.2977952757857588,1,1.1170602321411138,-1,-0.0431958316605828,-1,-1.0
2024-06-17,-0.0552934322328662,1,-0.2048958754485338,0,0.0,0,0.0
2024-06-18,-0.1058965005273057,1,-0.3943526144362946,0,0.0,0,0.0
2024-06-20,0.0844295172186092,1,0.3182236755399802,0,0.0,0,0.0
2024-06-21,0.1485464939919493,1,0.5582761811024904,0,0.0,0,0.0
2024-06-24,-0.4759047368081476,0,-1.7796550517607164,0,0.0,0,1.0
2024-06-25,0.441851300701861,0,1.656402719306924,0,0.0,0,-1.0
2024-06-26,0.0171153678447856,1,0.06620102833815,0,0.0,0,0.0
2024-06-27,0.1697709100197261,1,0.6377399129091248,0,0.0,0,0.0
2024-06-28,-0.0946533253114687,1,-0.3522584216520487,0,0.0,0,0.0
2024-07-01,0.2756590923558373,1,1.0341828638782753,-1,0.0,0,-1.0
2024-07-02,0.0846080401796953,1,0.3188920614537552,0,0.0,0,0.0
2024-07-03,-0.0467781723032934,1,-0.1730149355714691,0,0.0,0,0.0
2024-07-05,0.1860731037136351,1,0.6987749560338561,0,0.0,0,0.0
2024-07-08,-0.2293714142453959,1,-0.8566398884748739,0,0.0,0,0.0
2024-07-09,-0.0566694609282669,1,-0.210047695647801,0,0.0,0,0.0
2024-07-10,-0.3093706663846554,0,-1.156155272474409,0,0.0,0,1.0
2024-07-11,-0.4262958925281386,0,-1.5939206649137645,0,0.0,0,1.0
2024-07-12,-0.0851287347097006,1,-0.3165985706504298,0,0.0,0,0.0
2024-07-15,0.1974387327236435,1,0.7413276130437375,0,0.0,0,0.0
2024-07-16,-0.5202427193129401,0,-1.945655451771588,0,0.0,0,0.0
2024-07-17,-0.3359613559006764,0,-1.2557102104048226,0,0.0,0,1.0
2024-07-18,-0.129029336017766,1,-0.4809614253894543,0,0.0,0,0.0
2024-07-19,0.1042159612968989,1,0.3923036730101806,0,0.0,0,0.0
2024-07-22,0.1204931600919824,1,0.4532451358011018,0,0.0,0,0.0
2024-07-23,0.2999246145030156,1,1.1250324279618205,-1,0.0648839521297736,0,-1.0
2024-07-24,-0.3772735338053813,0,-1.4103820666797446,0,0.0,0,1.0
2024-07-25,-0.2006831614071768,1,-0.7492317210815421,0,0.0,0,0.0
2024-07-26,-0.3759140731604079,0,-1.4052922768851768,0,0.0,0,1.0
2024-07-29,0.078890859369272,1,0.2974870662814521,0,0.0,0,0.0
2024-07-30,-0.0150491584308694,1,-0.0542222278923693,0,0.0,0,0.0
2024-07-31,-0.0240909227799181,1,-0.0880743883641249,0,0.0,0,0.0
2024-08-01,-0.191577695485241,1,-0.7151410633669447,0,0.0,0,0.0
2024-08-02,0.0554971814902482,1,0.2099016673467205,0,0.0,0,0.0
2024-08-05,0.1643129135925639,1,0.617305298184179,0,0.0,0,0.0
2024-08-06,0.1315490741925106,1,0.4946382272205213,0,0.0,0,0.0
2024-08-07,0.0958918262640917,1,0.3611383004080073,0,0.0,0,0.0
2024-08-08,0.072133707026871,1,0.2721884413011272,0,0.0,0,0.0
2024-08-09,0.0853208227648808,1,0.3215607032722861,0,0.0,0,0.0
2024-08-12,0.107935350074896,1,0.4062289801636289,0,0.0,0,0.0
2024-08-13,-0.0062213200582768,1,-0.0211710014202744,0,0.0,0,0.0
2024-08-14,0.0477792928716042,1,0.1810060675571771,0,0.0,0,0.0
2024-08-15,-0.0117536001256852,1,-0.0418837324080384,0,0.0,0,0.0
2024-08-16,-0.0617156598857911,1,-0.228940549994363,0,0.0,0,0.0
2024-08-19,-0.0691836704784086,1,-0.2569006121267779,0,0.0,0,0.0
2024-08-20,0.0721011428960172,1,0.2720665219344274,0,0.0,0,0.0
2024-08-21,-0.1995017214451678,1,-0.7448084366828637,0,0.0,0,0.0
2024-08-22,-0.0536112070737418,1,-0.1985976626398471,0,0.0,0,0.0
2024-08-23,-0.2717861952407633,1,-1.015439865691777,1,0.0132904382152104,1,1.0
2024-08-26,-0.0990809597279326,1,-0.3688353843985036,0,0.0,0,0.0
2024-08-27,0.3008820701589874,1,1.128617120203214,-1,0.0,0,-1.0
2024-08-28,-0.0470336165528843,1,-0.1739713130432675,0,0.0,0,0.0
2024-08-29,0.2197270382587916,1,0.8247745230153216,0,0.0,0,0.0
2024-08-30,-0.1967541354713346,1,-0.7345215371679552,0,0.0,0,0.0
2024-09-03,-0.1229112775408486,1,-0.4580555533338549,0,0.0,0,0.0
2024-09-04,0.0552484762052342,1,0.2089705204053212,0,0.0,0,0.0
2024-09-05,0.0454622729696884,1,0.1723311976415331,0,0.0,0,0.0
2024-09-06,-0.032387762311848,1,-0.1191375672306307,0,0.0,0,0.0
2024-09-09,-0.0551003596547332,1,-0.2041730160988161,0,0.0,0,0.0
2024-09-10,0.0891012643834009,1,0.335714590874733,0,0.0,0,0.0
2024-09-11,0.1215936040906682,1,0.4573651731517335,0,0.0,0,0.0
2024-09-12,-0.1435640445076309,1,-0.5353790440327515,0,0.0,0,0.0
2024-09-13,-0.3703210268854128,0,-1.3843520385956212,0,0.0,0,1.0
2024-09-16,-0.0976809543933629,1,-0.3635937962064653,0,0.0,0,0.0
2024-09-17,-0.0696420419191942,1,-0.2586167443958937,0,0.0,0,0.0
2024-09-18,-0.0641464118177849,1,-0.238041230048864,0,0.0,0,0.0
2024-09-19,0.1377592429590231,1,0.5178889581094305,0,0.0,0,0.0
2024-09-20,-0.0582320607827873,1,-0.2158980340315848,0,0.0,0,0.0
2024-09-23,-0.1470707139451215,1,-0.5485079348041443,0,0.0,0,0.0
2024-09-24,-0.1091684598551458,1,-0.406602755885154,0,0.0,0,0.0
2024-09-25,-0.0171618726564368,1,-0.0621321819935722,0,0.0,0,0.0
2024-09-26,-0.1262506351084787,1,-0.4705580322625254,0,0.0,0,0.0
2024-09-27,-0.2185546095337731,1,-0.8161420171796527,0,0.0,0,0.0
2024-09-30,0.0741366570875719,1,0.2796874408607531,0,0.0,0,0.0
2024-10-01,-0.1385733384346597,1,-0.5166939537862489,0,0.0,0,0.0
2024-10-02,0.2506995568949106,1,0.9407349297023913,0,0.0,0,0.0
2024-10-03,0.1402221580631796,1,0.5271100563503938,0,0.0,0,0.0
2024-10-04,0.1034791002011747,1,0.3895448817947833,0,0.0,0,0.0
2024-10-07,-0.1082144839081198,1,-0.4030310915950624,0,0.0,0,0.0
2024-10-08,0.3925781824793808,0,1.4719252831982663,0,0.0,0,-1.0
2024-10-09,0.0221324663082212,1,0.0849849310954351,0,0.0,0,0.0
2024-10-10,0.0746616657406401,1,0.2816530613399681,0,0.0,0,0.0
2024-10-11,-0.1216856491715677,1,-0.4534668285414423,0,0.0,0,0.0
2024-10-14,-0.0423911969789799,1,-0.1565901995430507,0,0.0,0,0.0
2024-10-15,-0.1012865829346145,1,-0.3770931876159341,0,0.0,0,0.0
2024-10-16,-0.3641729785306382,0,-1.3613338851181047,0,0.0,0,1.0
2024-10-17,0.0510992896212715,1,0.1934360600228918,0,0.0,0,0.0
2024-10-18,0.0546545839972429,1,0.2067470014601541,0,0.0,0,0.0
2024-10-21,0.2298962855243913,1,0.8628479539324037,0,0.0,0,0.0
2024-10-22,0.1193446472810266,1,0.4489451299085091,0,0.0,0,0.0
2024-10-23,-0.2420865983146102,1,-0.9042452489910696,0,0.0,0,0.0
2024-10-24,0.189115379699282,1,0.7101651682634332,0,0.0,0,0.0
2024-10-25,0.1770272998098751,1,0.664907671560961,0,0.0,0,0.0
2024-10-28,-0.1841181522418694,1,-0.6872127027978944,0,0.0,0,0.0
2024-10-29,0.511302806247271,0,1.916427579496472,0,0.0,0,0.0
2024-10-30,0.0339400637999259,1,0.1291923080679548,0,0.0,0,0.0
2024-10-31,-0.3197774198869759,0,-1.195117921350303,0,0.0,0,1.0
2024-11-01,0.2035495539167665,1,0.7642063888730998,0,0.0,0,0.0
2024-11-04,-0.0137592547002681,1,-0.0493928576062456,0,0.0,0,0.0
2024-11-05,-0.2345343348149711,1,-0.8759697458873353,0,0.0,0,0.0
2024-11-06,0.3749208577674722,1,1.4058166603040727,-1,-0.1847691549198905,-1,-1.0
2024-11-07,0.1284706235039837,1,0.4831125777245396,0,0.0,0,0.0
2024-11-08,-0.0340787567762739,1,-0.1254686121192998,0,0.0,0,0.0
2024-11-11,0.1290391591802826,1,0.4852411623906523,0,0.0,0,0.0
2024-11-12,0.3819608404077348,1,1.4321741954992493,-1,0.0659814107065896,0,-1.0
2024-11-13,-0.0425348923277262,1,-0.1571281916668241,0,0.0,0,0.0
2024-11-14,-0.07812241971624,1,-0.2903670863606135,0,0.0,0,0.0
2024-11-15,-0.2781726859502938,1,-1.039350741932778,1,0.0970103190657651,1,1.0
2024-11-18,-0.1733810996776969,1,-0.6470134217323268,0,0.0,0,0.0
2024-11-19,-0.0101120869452036,1,-0.0357379443232152,0,0.0,0,0.0
2024-11-20,0.0457204200058559,1,0.1732976942849201,0,0.0,0,0.0
2024-11-21,-0.1695686135227884,1,-0.6327395601130635,0,0.0,0,0.0
2024-11-22,-0.041162273514904,1,-0.1519891379905254,0,0.0,0,0.0
2024-11-25,-0.2284574708521326,1,-0.8532181051573179,0,0.0,0,0.0
2024-11-26,0.0923090917979992,1,0.3477246238962307,0,0.0,0,0.0
2024-11-27,-0.0503767490157926,1,-0.1864879250941679,0,0.0,0,0.0
2024-11-29,-0.0512324437848292,1,-0.1896916268848829,0,0.0,0,0.0
2024-12-02,0.1383391524598457,1,0.5200601261163704,0,0.0,0,0.0
2024-12-03,0.2566948435914434,1,0.9631811469991912,0,0.0,0,0.0
2024-12-04,0.4699796499041323,0,1.7617146201972675,0,0.0,0,-1.0
2024-12-05,-0.1499992954690023,1,-0.559472477549771,0,0.0,0,0.0
2024-12-06,0.2436437669237831,1,0.9143182122192884,0,0.0,0,0.0
2024-12-09,-0.1712845301933466,1,-0.6391639131757497,0,0.0,0,0.0
2024-12-10,0.1222728888895734,1,0.4599084000188417,0,0.0,0,0.0
2024-12-11,0.3779006065905045,1,1.4169727722562082,-1,0.7784002942997356,0,-1.0
2024-12-12,-0.0988049030016597,1,-0.3678018342819181,0,0.0,0,0.0
2024-12-13,-0.0498697100345695,1,-0.1845895826584236,0,0.0,0,0.0
2024-12-16,0.3524165025668234,1,1.321560865289254,-1,-0.0810068618342555,-1,-1.0
2024-12-17,0.0215290930972645,1,0.0827259154903876,0,0.0,0,0.0
2024-12-18,0.1424814765283153,1,0.535568893396575,0,0.0,0,0.0
2024-12-19,0.1774438051841514,1,0.6664670582274399,0,0.0,0,0.0
2024-12-20,-0.1378493038238794,1,-0.5139831846393159,0,0.0,0,0.0
2024-12-23,0.0447388906607042,1,0.1696228706977174,0,0.0,0,0.0
2024-12-24,0.0290961099836611,1,0.1110566549392355,0,0.0,0,0.0
2024-12-26,-0.0317046818583357,1,-0.1165801295188359,0,0.0,0,0.0
2024-12-27,-0.0391753979766213,1,-0.144550321077936,0,0.0,0,0.0
2024-12-30,0.036442800871177,1,0.1385624988497478,0,0.0,0,0.0
2024-12-31,-0.1920349871634816,1,-0.7168531530296028,0,0.0,0,0.0
2025-01-02,-0.0044159631410941,1,-0.0144117861045496,0,0.0,0,0.0
2025-01-03,0.0375874879567124,1,0.1428481813132118,0,0.0,0,0.0
2025-01-06,0.1697778483386928,1,0.6377658898178341,0,0.0,0,0.0
2025-01-07,-0.0661389863921538,1,-0.2455013840231898,0,0.0,0,0.0
2025-01-08,0.1408992326131172,1,0.5296450080955407,0,0.0,0,0.0
2025-01-10,0.0331940498928744,1,0.1263992489347197,0,0.0,0,0.0
2025-01-13,-0.2996730397841508,0,-1.119847578621496,0,0.0,0,1.0
2025-01-14,-0.2251012110861932,1,-0.8406523447818628,0,0.0,0,0.0
2025-01-15,0.1386575281777664,1,0.5212521175770298,0,0.0,0,0.0
2025-01-16,-0.2532265921198385,1,-0.9459531329162494,0,0.0,0,0.0
2025-01-17,-0.1348240937333649,1,-0.5026568667337135,0,0.0,0,0.0
2025-01-21,-0.2157252801284758,1,-0.8055490721129461,0,0.0,0,0.0
2025-01-22,0.5288493413915308,0,1.982121408764348,0,0.0,0,0.0
2025-01-23,-0.1307413366839286,1,-0.487371117020578,0,0.0,0,0.0
2025-01-24,2.5298139643486e-05,1,0.0022161953124113,0,0.0,0,0.0
2025-01-27,-0.1019174639777175,1,-0.3794551919201004,0,0.0,0,0.0
2025-01-28,0.5980531373005327,0,2.2412188496982752,0,0.0,0,0.0
2025-01-29,-0.0925116877822484,1,-0.3442401793585382,0,0.0,0,0.0
2025-01-30,-0.0915653924595869,1,-0.3406972711517147,0,0.0,0,0.0
2025-01-31,0.1566707505157684,1,0.5886932131043213,0,0.0,0,0.0
2025-02-03,0.1859288050861275,1,0.6982347052480952,0,0.0,0,0.0
2025-02-04,0.1097361278294378,1,0.4129710511983746,0,0.0,0,0.0
2025-02-05,0.0129975369456929,1,0.0507839629280893,0,0.0,0,0.0
2025-02-06,0.0925665475857014,1,0.348688532521055,0,0.0,0,0.0
2025-02-07,-0.0235322606227947,1,-0.0859827699296732,0,0.0,0,0.0
2025-02-10,-0.1518136991757096,1,-0.5662655638401106,0,0.0,0,0.0
2025-02-11,-0.4074986926691762,0,-1.5235443753445503,0,0.0,0,1.0
2025-02-12,0.1194588736402254,1,0.4493727908043727,0,0.0,0,0.0
2025-02-13,-0.2679725406135829,1,-1.0011616293388523,1,0.0486633238221045,1,1.0
2025-02-14,-0.0860322741043821,1,-0.3199814016334701,0,0.0,0,0.0
2025-02-18,-0.1536510944123944,1,-0.5731447298967705,0,0.0,0,0.0
2025-02-19,-0.225030663072425,1,-0.8403882146197785,0,0.0,0,0.0
2025-02-20,-0.2940087623934077,0,-1.0986406526515502,0,0.0,0,1.0
2025-02-21,-0.3238621675150107,0,-1.210411123744524,0,0.0,0,1.0
2025-02-24,0.0132142465209583,1,0.0515953186585029,0,0.0,0,0.0
2025-02-25,-0.219663868689312,1,-0.8202950582774357,0,0.0,0,0.0
2025-02-26,0.3347451565660129,1,1.2553997470077,-1,-0.1048810384171302,-1,-1.0
2025-02-27,0.0034173816192089,1,0.0149160788584717,0,0.0,0,0.0
2025-02-28,-0.0486941271786802,1,-0.1801882271320991,0,0.0,0,0.0
2025-03-03,0.0428368568404649,1,0.1625016992515471,0,0.0,0,0.0
2025-03-04,0.3737816546936462,1,1.40155150985596,-1,-1.024045231315232,-1,-1.0
2025-03-05,0.0108465446200897,1,0.0427306964892781,0,0.0,0,0.0
2025-03-06,-0.342661210117238,0,-1.2807943125026915,0,0.0,0,1.0
2025-03-07,-0.6826220027364034,0,-2.553599802844845,0,0.0,0,0.0
2025-03-10,-0.5653247316628736,0,-2.114441482632939,0,0.0,0,0.0
2025-03-11,0.4258190033375,0,1.596378161913283,0,0.0,0,-1.0
2025-03-12,0.4474587191043702,0,1.67739676651564,0,0.0,0,-1.0
2025-03-13,-0.2111759960302802,1,-0.7885166557195763,0,0.0,0,0.0
2025-03-14,0.0132556190487942,1,0.0517502164635502,0,0.0,0,0.0
2025-03-17,-0.1298655821090937,1,-0.4840923117723187,0,0.0,0,0.0
2025-03-18,0.0512176840527189,1,0.1938793260866376,0,0.0,0,0.0
2025-03-19,0.0751401168813847,1,0.2834443715499147,0,0.0,0,0.0
2025-03-20,0.0788667260885958,1,0.2973967118264343,0,0.0,0,0.0
2025-03-21,0.130847859141499,1,0.4920128939873507,0,0.0,0,0.0
2025-03-24,0.0063013330781642,1,0.0257135276541353,0,0.0,0,0.0
2025-03-25,0.3704490787423603,1,1.3890744211449375,-1,-0.090719074159747,-1,-1.0
2025-03-26,-0.397193003178377,0,-1.4849601078336054,0,0.0,0,1.0
2025-03-27,-0.0571199430926565,1,-0.2117342906451796,0,0.0,0,0.0
2025-03-28,-0.2207333842624271,1,-0.8242993003048165,0,0.0,0,0.0
2025-03-31,-0.2449486155039084,1,-0.9149605763790524,0,0.0,0,0.0
2025-04-01,0.0411447257102378,1,0.1561663987119208,0,0.0,0,0.0
2025-04-02,-0.0089376421847661,1,-0.0313408498004271,0,0.0,0,0.0
2025-04-03,0.3145919555298657,1,1.179946619812787,-1,0.0591541848155776,0,-1.0
2025-04-04,0.0531567542042679,1,0.2011391607164942,0,0.0,0,0.0
2025-04-07,0.379337006953451,1,1.4223506226083098,-1,0.0604581469396347,0,-1.0
2025-04-08,0.3589606482747274,1,1.346061998265344,-1,0.2113096174023536,0,-1.0
2025-04-09,-0.1665441839929475,1,-0.621416164608904,0,0.0,0,0.0
2025-04-10,-0.0312792906385566,1,-0.1149874744485061,0,0.0,0,0.0
2025-04-11,-0.1693037015464077,1,-0.6317477356870851,0,0.0,0,0.0
2025-04-14,-0.2090483026123217,1,-0.7805506198620938,0,0.0,0,0.0
2025-04-15,0.2290767783113035,1,0.8597797375296916,0,0.0,0,0.0
2025-04-16,0.0440661104943025,1,0.1671039970270448,0,0.0,0,0.0
2025-04-17,-0.5994920763087171,0,-2.2423632453767954,0,0.0,0,0.0
2025-04-21,-0.0653088415380187,1,-0.2423933405338747,0,0.0,0,0.0
2025-04-22,-0.0350384252965512,1,-0.1290615892744205,0,0.0,0,0.0
2025-04-23,0.2253841970756468,1,0.8459547972062254,0,0.0,0,0.0
2025-04-24,0.0079383560137227,1,0.0318425043638965,0,0.0,0,0.0
2025-04-25,0.2476598300110302,1,0.9293542612519629,0,0.0,0,0.0
2025-04-28,-0.0900171858794824,1,-0.3349008208606121,0,0.0,0,0.0
2025-04-29,0.080966096743657,1,0.3052567079025652,0,0.0,0,0.0
2025-04-30,-0.0375799107494459,1,-0.1385768531174862,0,0.0,0,0.0
2025-05-01,0.1334467549844617,1,0.5017431010275959,0,0.0,0,0.0
2025-05-02,-0.0550199291645828,1,-0.2038718861694922,0,0.0,0,0.0
2025-05-05,0.1593670356523964,1,0.5987880434492797,0,0.0,0,0.0
2025-05-06,-0.0075899433049095,1,-0.0262950957874604,0,0.0,0,0.0
2025-05-07,0.0930916362950198,1,0.3506544527290533,0,0.0,0,0.0
2025-05-08,0.0446566067225416,1,0.1693148015011095,0,0.0,0,0.0
2025-05-09,-0.0327199143330679,1,-0.1203811368581154,0,0.0,0,0.0
2025-05-12,-0.08150073100022,1,-0.3030154071190354,0,0.0,0,0.0
2025-05-13,0.1671852300442998,1,0.6280591857769315,0,0.0,0,0.0
2025-05-14,0.1535043941960691,1,0.5768384469207175,0,0.0,0,0.0
2025-05-15,-0.3953377932953205,0,-1.4780142441453283,0,0.0,0,1.0
2025-05-16,-0.2420183333725939,1,-0.903989666597798,0,0.0,0,0.0
2025-05-19,0.0343192105720042,1,0.130611824975857,0,0.0,0,0.0
2025-05-20,-0.1304419172033009,1,-0.4862500972820306,0,0.0,0,0.0
2025-05-21,0.224707578479583,1,0.8434215525420313,0,0.0,0,0.0
2025-05-22,0.1875183084154892,1,0.7041857696309665,0,0.0,0,0.0
2025-05-23,-0.1958975612671795,1,-0.7313145427921205,0,0.0,0,0.0
2025-05-27,-0.1770318003069995,1,-0.6606815620163069,0,0.0,0,0.0
2025-05-28,0.2346894836963363,1,0.8807935790809599,0,0.0,0,0.0
2025-05-29,-0.194975576201324,1,-0.7278626516349274,0,0.0,0,0.0
2025-05-30,0.0713564364048058,1,0.2692783577364186,0,0.0,0,0.0
2025-06-02,0.1070445781438928,1,0.4028939502747747,0,0.0,0,0.0
2025-06-03,-0.168387465058236,1,-0.6283173670742457,0,0.0,0,0.0
2025-06-04,0.2062195869026668,1,0.774202931761666,0,0.0,0,0.0
2025-06-05,0.0645300809278798,1,0.2437206377913667,0,0.0,0,0.0
2025-06-06,0.0065845521964348,1,0.0267738936037712,0,0.0,0,0.0
2025-06-09,-0.2838050889283224,1,-1.0604383308250804,1,-0.3236986077436642,0,1.0
2025-06-10,-0.1604638219880728,1,-0.5986514272889099,0,0.0,0,0.0
2025-06-11,0.0462372219862658,1,0.1752325891679963,0,0.0,0,0.0
2025-06-12,-0.0865411309915333,1,-0.3218865502677422,0,0.0,0,0.0
2025-06-13,0.0004583707697728,1,0.0038376094087217,0,0.0,0,0.0
2025-06-16,0.0397356430758177,1,0.1508908253153005,0,0.0,0,0.0
2025-06-17,0.0882523489317196,1,0.3325362706943037,0,0.0,0,0.0
2025-06-18,-0.1838871262854972,1,-0.6863477468616037,0,0.0,0,0.0
2025-06-20,-0.126396745585776,1,-0.4711050665727695,0,0.0,0,0.0
2025-06-23,-0.1206956983325891,1,-0.4497604750725223,0,0.0,0,0.0
2025-06-24,0.1872714979571503,1,0.7032617168776258,0,0.0,0,0.0
2025-06-25,0.3178849840974329,1,1.1922756440169058,-1,-0.0922912108833614,-1,-1.0
2025-06-26,-0.1696838457738894,1,-0.6331709870453752,0,0.0,0,0.0
2025-06-27,-0.001935206544318,1,-0.0051238897202268,0,0.0,0,0.0
2025-06-30,0.0335086502643312,1,0.1275771055839202,0,0.0,0,0.0
2025-07-01,-0.5460367280506668,0,-2.0422276349529875,0,0.0,0,0.0
2025-07-02,-0.2972422603031542,0,-1.110746795424154,0,0.0,0,1.0
2025-07-03,0.1976876093591533,1,0.7422594015175032,0,0.0,0,0.0
2025-07-07,0.0968777332386731,1,0.3648295137404209,0,0.0,0,0.0
2025-07-08,-0.1946399491288522,1,-0.7266060714944403,0,0.0,0,0.0
2025-07-09,-0.0638599791652584,1,-0.2369688326999217,0,0.0,0,0.0
2025-07-10,-0.4185986598942823,0,-1.565102400662369,0,0.0,0,1.0
2025-07-11,-0.1435399555845574,1,-0.535288855651591,0,0.0,0,0.0
2025-07-14,0.177796444534166,1,0.6677873319488628,0,0.0,0,0.0
2025-07-15,0.1249319490755354,1,0.4698638609935255,0,0.0,0,0.0
2025-07-16,-0.073052249247959,1,-0.2713844832219393,0,0.0,0,0.0
2025-07-17,-0.1070904027671075,1,-0.3988225573201312,0,0.0,0,0.0
2025-07-18,-0.0275326943666419,1,-0.1009603030554496,0,0.0,0,0.0
2025-07-21,-0.025896458295192,1,-0.0948342723470486,0,0.0,0,0.0
2025-07-22,-0.4331934219785503,0,-1.6197448585998744,0,0.0,0,1.0
2025-07-23,-0.0790713789509057,1,-0.2939199681935088,0,0.0,0,0.0
2025-07-24,0.2803525187516525,1,1.0517549457618542,-1,0.6400679273049903,0,-1.0
2025-07-25,0.0376153492719559,1,0.1429524934450223,0,0.0,0,0.0
2025-07-28,0.203093284941025,1,0.7624981281853821,0,0.0,0,0.0
2025-07-29,-0.227796915554104,1,-0.8507450011163256,0,0.0,0,0.0
2025-07-30,0.2284986655195369,1,0.8576152963606717,0,0.0,0,0.0
2025-07-31,-0.2178054013581912,1,-0.813336998777551,0,0.0,0,0.0
2025-08-01,-0.1387743213971674,1,-0.5174464294354969,0,0.0,0,0.0
2025-08-04,0.0628176295329012,1,0.2373092586417875,0,0.0,0,0.0
2025-08-05,-0.1756644052839001,1,-0.6555620660901487,0,0.0,0,0.0
2025-08-06,0.2018536949204141,1,0.7578571312873242,0,0.0,0,0.0
2025-08-07,-0.3447467689285067,0,-1.288602597349197,0,0.0,0,1.0
2025-08-08,0.018234966125226,1,0.0703927788848622,0,0.0,0,0.0
2025-08-11,-0.0009054004398021,1,-0.001268319041863,0,0.0,0,0.0
2025-08-12,-0.2454535886080841,1,-0.9168511842180274,0,0.0,0,0.0
2025-08-13,-0.2704035860837937,1,-1.010263408393774,1,-0.0070936108519701,0,1.0
2025-08-14,0.1939449249055531,1,0.7282468758834161,0,0.0,0,0.0
2025-08-15,0.1527378473210047,1,0.5739685128213475,0,0.0,0,0.0
2025-08-18,0.0687857019072335,1,0.2596535861340434,0,0.0,0,0.0
2025-08-19,-0.3413114686995144,0,-1.275740911274317,0,0.0,0,1.0
2025-08-20,0.0646857520357984,1,0.2443034668856273,0,0.0,0,0.0
2025-08-21,-0.0919033779088576,1,-0.3419626810014013,0,0.0,0,0.0
2025-08-22,-0.3200182052576951,0,-1.1960194163123663,0,0.0,0,1.0
2025-08-25,0.1439880386763468,1,0.5412094278793389,0,0.0,0,0.0
2025-08-26,-0.0909485592305941,1,-0.3383878615446868,0,0.0,0,0.0
2025-08-27,-0.1059519534049237,1,-0.3945602287512973,0,0.0,0,0.0
2025-08-28,0.2435157142633393,1,0.9138387859654252,0,0.0,0,0.0
2025-08-29,0.0019747493634549,1,0.0095148964411647,0,0.0,0,0.0
2025-09-02,-0.03148346319045,1,-0.1157518918480097,0,0.0,0,0.0
2025-09-03,0.0892661867541298,1,0.3363320564869487,0,0.0,0,0.0
2025-09-04,-0.1449827700834471,1,-0.5406907203830612,0,0.0,0,0.0
2025-09-05,-0.3797352037564726,0,-1.419598503095897,0,0.0,0,1.0
2025-09-08,0.2740549198197604,1,1.0281768783184575,-1,0.1784986671618321,0,-1.0
2025-09-09,0.0430090289832741,1,0.1631463078458594,0,0.0,0,0.0
2025-09-10,-0.5525912272706839,0,-2.066767531243401,0,0.0,0,0.0
2025-09-11,-0.073663109938697,1,-0.27367153178132,0,0.0,0,0.0
2025-09-12,-0.0964307796490329,1,-0.3589131703430797,0,0.0,0,0.0
2025-09-15,0.044909273445042,1,0.1702607799745316,0,0.0,0,0.0
2025-09-16,0.0281299982961591,1,0.1074395547122872,0,0.0,0,0.0
2025-09-17,0.1622781135422772,1,0.6096870529865492,0,0.0,0,0.0
2025-09-18,-0.1942640980964112,1,-0.7251988937609255,0,0.0,0,0.0
2025-09-19,0.0180058884707165,1,0.0695351173465185,0,0.0,0,0.0
2025-09-22,0.1720448271307826,1,0.6462534069542395,0,0.0,0,0.0
2025-09-23,-0.5113069577547917,0,-1.912200163342664,0,0.0,0,0.0
2025-09-24,-0.2125570320255903,1,-0.7936872231360372,0,0.0,0,0.0
2025-09-25,0.2360600784194565,1,0.8859250546113621,0,0.0,0,0.0
2025-09-26,-0.1732425847999951,1,-0.6464948251745453,0,0.0,0,0.0
2025-09-29,-0.0003899857085956,1,0.0006613820116868,0,0.0,0,0.0
2025-09-30,-0.3132704401774495,0,-1.1707559370284577,0,0.0,0,1.0
2025-10-01,-0.1158701463870816,1,-0.4316937181301897,0,0.0,0,0.0
2025-10-02,0.1032331687729827,1,0.3886241201103582,0,0.0,0,0.0
2025-10-03,-0.0377228374172023,1,-0.1391119673170831,0,0.0,0,0.0
2025-10-06,0.0809651014696107,1,0.305252981619129,0,0.0,0,0.0
2025-10-07,0.036966527145089,1,0.1405233181305123,0,0.0,0,0.0
2025-10-08,0.0708570846341444,1,0.2674087960425153,0,0.0,0,0.0
2025-10-09,0.2027285323931599,1,0.7611325029261805,0,0.0,0,0.0
2025-10-10,-0.0425099668280906,1,-0.1570348711620055,0,0.0,0,0.0
2025-10-13,-0.0022309163124673,1,-0.0062310203794669,0,0.0,0,0.0
2025-10-14,-0.3333797304095388,0,-1.2460446631697677,0,0.0,0,1.0
2025-10-15,-0.3724638826406661,0,-1.3923748418997457,0,0.0,0,1.0
2025-10-16,-0.3142406565765144,0,-1.1743884052023188,0,0.0,0,1.0
2025-10-17,0.0902504907241166,1,0.340017268206549,0,0.0,0,0.0
2025-10-20,0.0365160455496649,1,0.1388367252633278,0,0.0,0,0.0
2025-10-21,0.1153911969739493,1,0.4341435017034597,0,0.0,0,0.0
2025-10-22,0.0068097548406214,1,0.0276170471914305,0,0.0,0,0.0
2025-10-23,0.0704921522492781,1,0.2660424974776633,0,0.0,0,0.0
2025-10-24,-0.0309729095163017,1,-0.1138403904817382,0,0.0,0,0.0
2025-10-27,-0.0649238341214327,1,-0.240951881505974,0,0.0,0,0.0
2025-10-28,0.1044891413029094,1,0.3933264527514062,0,0.0,0,0.0
2025-10-29,-0.4970186987143055,0,-1.8587052458433555,0,0.0,0,1.0
2025-10-30,-0.0762218537198715,1,-0.2832514104136952,0,0.0,0,0.0
2025-10-31,0.0675570836304784,1,0.2550536671959194,0,0.0,0,0.0
2025-11-03,0.2265889850238728,1,0.8504654959352929,0,0.0,0,0.0
2025-11-04,0.0377397069116032,1,0.1434180856249017,0,0.0,0,0.0
2025-11-05,-0.3444992294411633,0,-1.2876758151278127,0,0.0,0,1.0
2025-11-06,-0.1265088630361747,1,-0.4715248317619586,0,0.0,0,0.0
2025-11-07,-0.3089619959048766,0,-1.1546252194750743,0,0.0,0,1.0
2025-11-10,0.0870224580094597,1,0.3279315870002988,0,0.0,0,0.0
2025-11-11,-0.0588452821344145,1,-0.2181939208517467,0,0.0,0,0.0
2025-11-12,0.0760878157262019,1,0.2869925345118286,0,0.0,0,0.0
2025-11-13,0.086977005741488,1,0.3277614147407947,0,0.0,0,0.0
2025-11-14,-0.0307294506613106,1,-0.112928886055249,0,0.0,0,0.0
2025-11-17,-0.0332883433201119,1,-0.1225093220820798,0,0.0,0,0.0
2025-11-18,-0.1368692987852471,1,-0.5103140680211196,0,0.0,0,0.0
2025-11-19,0.2828629099322221,1,1.061153793355185,-1,0.0,0,-1.0
2025-11-20,0.0648961003887281,1,0.2450910063440181,0,0.0,0,0.0
2025-11-21,-0.3285174571186301,0,-1.2278404223438395,0,0.0,0,1.0
2025-11-24,0.0011097854476049,1,0.0062764911751934,0,0.0,0,0.0
2025-11-25,-0.0031440727554347,1,-0.0096498573729791,0,0.0,0,0.0
2025-11-26,-0.375431055987672,0,-1.4034838715551057,0,0.0,0,1.0
2025-11-28,-0.0674484595208444,1,-0.2504040216915285,0,0.0,0,0.0
2025-12-01,0.2283931776275441,1,0.8572203520876611,0,0.0,0,0.0
2025-12-02,0.2147884189464595,1,0.8062844444182651,0,0.0,0,0.0
2025-12-03,0.0968960499208828,1,0.3648980909828191,0,0.0,0,0.0
2025-12-04,0.0914762765804941,1,0.3446065826270765,0,0.0,0,0.0
2025-12-05,0.0205791561121871,1,0.079169372982146,0,0.0,0,0.0
2025-12-08,-0.0155715963965851,1,-0.0561782237764919,0,0.0,0,0.0
2025-12-09,0.0332601814186204,1,0.1266468438659048,0,0.0,0,0.0
2025-12-10,-0.3233366957075703,0,-1.2084437692258534,0,0.0,0,1.0
2025-12-11,-0.0075247303601134,1,-0.0260509400024997,0,0.0,0,0.0
2025-12-12,0.0748392897122694,1,0.2823180814576244,0,0.0,0,0.0
2025-12-15,-0.3110608352128955,0,-1.1624832261999412,0,0.0,0,1.0
2025-12-16,0.3025456045727275,1,1.134845355285468,-1,0.1125225653660124,0,-1.0
2025-12-17,-0.0555417239286478,1,-0.2058254739212354,0,0.0,0,0.0
2025-12-18,0.0329650801663231,1,0.1255419914762013,0,0.0,0,0.0
2025-12-19,0.1841205365018296,1,0.6914645887167871,0,0.0,0,0.0
2025-12-22,0.0597856838671864,1,0.2259577228955347,0,0.0,0,0.0
2025-12-23,0.033635544897614,1,0.1280521962103803,0,0.0,0,0.0
2025-12-24,-0.1147888898846324,1,-0.4276455183299051,0,0.0,0,0.0
2025-12-26,-0.0037539401510845,1,-0.0119331870580978,0,0.0,0,0.0
2025-12-29,0.010299182230958,1,0.0406813841296787,0,0.0,0,0.0
2025-12-30,-0.0803983518559764,1,-0.2988881246273636,0,0.0,0,0.0
2025-12-31,0.0459696554628436,1,0.1742308261781535,0,0.0,0,0.0
