Date,spread,regime,z_score,signal,minhash_signal,final_signal,model_signal
2016-07-06,-0.1208693379249178,2,-0.3384707322510706,0,0.0,0,0.0
2016-07-07,-0.1745870188860622,2,-0.4902807137155345,0,0.0,0,0.0
2016-07-08,-0.1320931359039668,2,-0.3701899824620541,0,0.0,0,0.0
2016-07-11,-0.2099060117081476,2,-0.590094695810976,0,0.0,0,0.0
2016-07-12,-0.4410838278336185,2,-1.2434196225960372,1,0.0,0,1.0
2016-07-13,0.1000785385664235,2,0.2859436585902827,0,0.0,0,0.0
2016-07-14,-0.0104056116233947,2,-0.0262923965098148,0,0.0,0,0.0
2016-07-15,0.0569978849811021,2,0.164194671939216,0,0.0,0,0.0
2016-07-18,-0.124703835724421,2,-0.3493072953612535,0,0.0,0,0.0
2016-07-19,0.035367214077651,2,0.1030648597402856,0,0.0,0,0.0
2016-07-20,-0.0692623763006272,2,-0.1926257935373587,0,0.0,0,0.0
2016-07-21,-0.0541486297407104,2,-0.1499132723699018,0,0.0,0,0.0
2016-07-22,0.1462073918138435,2,0.4163070739717686,0,0.0,0,0.0
2016-07-25,0.0927318991369634,2,0.2651815337990216,0,0.0,0,0.0
2016-07-26,-0.2966444313050682,2,-0.8352236298167092,0,0.0,0,0.0
2016-07-27,-0.0427819551204012,2,-0.1177902426235155,0,0.0,0,0.0
2016-07-28,0.0189678176865383,2,0.0567190008420949,0,0.0,0,0.0
2016-07-29,-0.199911440473797,2,-0.5618493276810762,0,0.0,0,0.0
2016-08-01,0.2530273671608677,2,0.7181879107338016,0,0.0,0,0.0
2016-08-02,0.2762148705546476,2,0.7837174421177627,0,0.0,0,0.0
2016-08-03,-0.2985287390208043,2,-0.8405488172462662,0,0.0,0,0.0
2016-08-04,0.1717040470630101,2,0.4883624324966749,0,0.0,0,0.0
2016-08-05,-0.2016440167630102,2,-0.5667457113232048,0,0.0,0,0.0
2016-08-08,-0.1628966036691522,2,-0.4572427700508646,0,0.0,0,0.0
2016-08-09,0.1042063285826238,2,0.2976090863346753,0,0.0,0,0.0
2016-08-10,0.0923804499787924,2,0.2641883135178586,0,0.0,0,0.0
2016-08-11,-0.0642046487210583,2,-0.178332296194053,0,0.0,0,0.0
2016-08-12,0.0445145919542016,2,0.128915999272762,0,0.0,0,0.0
2016-08-15,-0.264647306027477,2,-0.7447974813234262,0,0.0,0,0.0
2016-08-16,-0.1379217489215533,2,-0.3866620568020346,0,0.0,0,0.0
2016-08-17,0.2045924510179442,2,0.5813073978313805,0,0.0,0,0.0
2016-08-18,0.142617215741257,2,0.4061609814137568,0,0.0,0,0.0
2016-08-19,0.016241829472222,2,0.0490151645467969,0,0.0,0,0.0
2016-08-22,0.0611130714653101,2,0.1758244812070865,0,0.0,0,0.0
2016-08-23,-0.3133100650263706,2,-0.8823218943183821,0,0.0,0,0.0
2016-08-24,0.1282687917909299,2,0.3656113162947616,0,0.0,0,0.0
2016-08-25,-0.0127372757508686,2,-0.0328818449305163,0,0.0,0,0.0
2016-08-26,-0.0112195503797249,2,-0.0285926452417187,0,0.0,0,0.0
2016-08-29,-0.0283204132391513,2,-0.0769208981980158,0,0.0,0,0.0
2016-08-30,-0.2473742662051674,2,-0.6959826440418895,0,0.0,0,0.0
2016-08-31,0.1576353543241001,2,0.448603307647856,0,0.0,0,0.0
2016-09-01,-0.0053263038281191,2,-0.0119379119442793,0,0.0,0,0.0
2016-09-02,0.1757234935509342,2,0.4997216737355238,0,0.0,0,0.0
2016-09-06,0.1234553324592424,2,0.3520081383680752,0,0.0,0,0.0
2016-09-07,-0.4228422279547953,2,-1.1918675658069624,1,0.1932407109769149,1,1.0
2016-09-08,-0.0174455660911618,2,-0.0461878078183452,0,0.0,0,0.0
2016-09-09,-0.0423861111691017,2,-0.1166715595040215,0,0.0,0,0.0
2016-09-12,0.190377399131448,2,0.5411346516369513,0,0.0,0,0.0
2016-09-13,0.1711072815830376,2,0.4866759308675599,0,0.0,0,0.0
2016-09-14,-0.0466718663898947,2,-0.1287834081353954,0,0.0,0,0.0
2016-09-15,0.2531507618852498,2,0.7185366329884874,0,0.0,0,0.0
2016-09-16,0.0650137847823631,2,0.1868481740725388,0,0.0,0,0.0
2016-09-19,-0.08683518099906,2,-0.2422877876483361,0,0.0,0,0.0
2016-09-20,0.0701913178918304,2,0.201480250352012,0,0.0,0,0.0
2016-09-21,0.1323421420945217,2,0.3771228935449753,0,0.0,0,0.0
2016-09-22,-0.1770689863120423,2,-0.4972949299324627,0,0.0,0,0.0
2016-09-23,-0.195430868431582,2,-0.5491869128763335,0,0.0,0,0.0
2016-09-26,-0.1167496413261408,2,-0.3268281770791165,0,0.0,0,0.0
2016-09-27,0.0283468851455847,2,0.0832249115894649,0,0.0,0,0.0
2016-09-28,-0.2949448934289457,2,-0.8304206150763869,0,0.0,0,0.0
2016-09-29,-0.0835214656467333,2,-0.2329229927202175,0,0.0,0,0.0
2016-09-30,0.0718491858048612,2,0.2061655028172065,0,0.0,0,0.0
2016-10-03,-0.0219012609944633,2,-0.0587799180617265,0,0.0,0,0.0
2016-10-04,-0.1763250471116472,2,-0.4951925049170499,0,0.0,0,0.0
2016-10-05,0.0394224437425872,2,0.1145252267787176,0,0.0,0,0.0
2016-10-06,-0.0076514128882746,2,-0.0185088352791936,0,0.0,0,0.0
2016-10-07,0.2786495652917085,2,0.7905980623584651,0,0.0,0,0.0
2016-10-10,-0.0474980874781485,2,-0.1311183676096155,0,0.0,0,0.0
2016-10-11,-0.153455776076947,2,-0.430562320780939,0,0.0,0,0.0
2016-10-12,0.0598702844770827,2,0.1723122769147318,0,0.0,0,0.0
2016-10-13,0.0683436392611192,2,0.1962585793181593,0,0.0,0,0.0
2016-10-14,0.1834949785080625,2,0.5216844421608098,0,0.0,0,0.0
2016-10-17,-0.0060665501879549,2,-0.0140299007300034,0,0.0,0,0.0
2016-10-18,0.0542424890414938,2,0.1564077273236852,0,0.0,0,0.0
2016-10-19,-0.3182844561863243,2,-0.8963798770212428,0,0.0,0,0.0
2016-10-20,-0.2408878453046865,2,-0.677651557906861,0,0.0,0,0.0
2016-10-21,0.0139870836536945,2,0.0426430927299714,0,0.0,0,0.0
2016-10-24,0.1546205298237288,2,0.4400831994948063,0,0.0,0,0.0
2016-10-25,0.4899844984597749,2,1.3878455926501063,-1,-0.061520988721449,-1,0.0
2016-10-26,0.2459345441657712,2,0.6981430892122775,0,0.0,0,0.0
2016-10-27,0.1613652366284377,2,0.4591442199388333,0,0.0,0,0.0
2016-10-28,-0.0856578791380021,2,-0.238960648976163,0,0.0,0,0.0
2016-10-31,0.0177849235884453,2,0.0533760581108961,0,0.0,0,0.0
2016-11-01,-0.1110995094943313,2,-0.3108605032460037,0,0.0,0,0.0
2016-11-02,0.1536955357114213,2,0.4374691004396793,0,0.0,0,0.0
2016-11-03,0.0714429455983504,2,0.2050174391421359,0,0.0,0,0.0
2016-11-04,-0.5484212947711786,2,-1.5467629273455492,1,0.2320469828030145,1,0.0
2016-11-07,0.1751390359739701,2,0.4980699551144267,0,0.0,0,0.0
2016-11-08,0.2050438152700753,2,0.5825829852641164,0,0.0,0,0.0
2016-11-09,-0.3186192358486899,2,-0.89732598812338,0,0.0,0,0.0
2016-11-10,-0.8243756425955967,1,-2.326629512773265,0,0.0,0,0.0
2016-11-11,0.0875897024947443,2,0.2506493208856128,0,0.0,0,0.0
2016-11-14,-0.645693527760973,1,-1.8216611661185336,0,0.0,0,0.0
2016-11-15,0.3122546702041603,2,0.8855684754997323,0,0.0,0,0.0
2016-11-16,0.158422621756593,2,0.4508281813243793,0,0.0,0,0.0
2016-11-17,0.0795690132479106,2,0.2279822834389517,0,0.0,0,0.0
2016-11-18,0.002358704217924,2,0.0097804665886276,0,0.0,0,0.0
2016-11-21,0.137038979903227,2,0.3903964907651698,0,0.0,0,0.0
2016-11-22,-0.1222337615165192,2,-0.3423266902232794,0,0.0,0,0.0
2016-11-23,-0.2919204410035502,2,-0.8218732977234364,0,0.0,0,0.0
2016-11-25,0.200465866329517,2,0.569645376428878,0,0.0,0,0.0
2016-11-28,0.3615972774574687,2,1.0250141879449757,-1,-0.2024037414540808,-1,0.0
2016-11-29,0.036890144650417,2,0.1073687696985448,0,0.0,0,0.0
2016-11-30,-0.6953205199951762,1,-1.9619105707170112,0,0.0,0,0.0
2016-12-01,-0.4891445204290552,2,-1.3792425531756358,1,0.099664170662003,1,1.0
2016-12-02,0.1592101735836522,2,0.4530538587201447,0,0.0,0,0.0
2016-12-05,-0.1451874366162855,2,-0.4071954062417047,0,0.0,0,0.0
2016-12-06,-0.051888063089398,2,-0.1435247504662265,0,0.0,0,0.0
2016-12-07,-0.0389689656184415,2,-0.1070144634897253,0,0.0,0,0.0
2016-12-08,-0.2288335127454895,2,-0.6435851579872174,0,0.0,0,0.0
2016-12-09,0.3357076769462195,2,0.9518483382021689,0,0.0,0,0.0
2016-12-12,0.238678724555305,2,0.6776376276795819,0,0.0,0,0.0
2016-12-13,0.2810436859615,2,0.7973640174034645,0,0.0,0,0.0
2016-12-14,0.0554741709809877,2,0.1598885479596305,0,0.0,0,0.0
2016-12-15,0.2618365158383046,2,0.743083190528302,0,0.0,0,0.0
2016-12-16,-0.1050969853214682,2,-0.2938969436299161,0,0.0,0,0.0
2016-12-19,0.0586298228905457,2,0.1688066443727058,0,0.0,0,0.0
2016-12-20,-0.1280540563109894,2,-0.3587752566739673,0,0.0,0,0.0
2016-12-21,0.0379506352146963,2,0.1103657913499996,0,0.0,0,0.0
2016-12-22,0.2548321266534968,2,0.7232882892352865,0,0.0,0,0.0
2016-12-23,-0.028907758351121,2,-0.078580777198114,0,0.0,0,0.0
2016-12-27,-0.0317007616713094,2,-0.0864740029420673,0,0.0,0,0.0
2016-12-28,-0.0308890800895718,2,-0.0841801331458681,0,0.0,0,0.0
2016-12-29,0.0833721225603775,2,0.2387301404555372,0,0.0,0,0.0
2016-12-30,-0.2775318350305384,2,-0.7812100753545783,0,0.0,0,0.0
2017-01-03,-0.1484194011660992,2,-0.4163291675959208,0,0.0,0,0.0
2017-01-04,-0.3087781443335703,2,-0.869514364580267,0,0.0,0,0.0
2017-01-05,0.1361245038002986,2,0.3878121163515446,0,0.0,0,0.0
2017-01-06,0.1723509443029621,2,0.4901906100398858,0,0.0,0,0.0
2017-01-09,-0.1126125255124931,2,-0.315136393968813,0,0.0,0,0.0
2017-01-10,-0.1568050283289371,2,-0.4400275455113626,0,0.0,0,0.0
2017-01-11,0.1473693424362153,2,0.4195908289531587,0,0.0,0,0.0
2017-01-12,-0.0269422010412507,2,-0.073025972645129,0,0.0,0,0.0
2017-01-13,0.0363432748881026,2,0.1058232769111612,0,0.0,0,0.0
2017-01-17,0.013360271146476,2,0.0408716760678976,0,0.0,0,0.0
2017-01-18,0.070327348646745,2,0.2018646829264025,0,0.0,0,0.0
2017-01-19,0.1057557543855975,2,0.3019878736952119,0,0.0,0,0.0
2017-01-20,0.0501200109968509,2,0.1447573115881738,0,0.0,0,0.0
2017-01-23,-0.1434344338088278,2,-0.4022412958083111,0,0.0,0,0.0
2017-01-24,-0.1594384415760611,2,-0.4474697583746345,0,0.0,0,0.0
2017-01-25,0.0208978328058689,2,0.0621733606403829,0,0.0,0,0.0
2017-01-26,-0.1004041397984572,2,-0.2806346288926287,0,0.0,0,0.0
2017-01-27,0.1740648571210623,2,0.4950342493871558,0,0.0,0,0.0
2017-01-30,0.1092367796146655,2,0.3118254982174692,0,0.0,0,0.0
2017-01-31,0.1004353967924595,2,0.2869521652813878,0,0.0,0,0.0
2017-02-01,-0.1499529674778016,2,-0.4206631349077723,0,0.0,0,0.0
2017-02-02,0.3382865548294567,2,0.959136430253956,0,0.0,0,0.0
2017-02-03,0.0536091204617196,2,0.154617782734952,0,0.0,0,0.0
2017-02-06,-0.0137005064721592,2,-0.0356040033582208,0,0.0,0,0.0
2017-02-07,0.3025261270296469,2,0.8580749215604361,0,0.0,0,0.0
2017-02-08,-0.1097502472576905,2,-0.3070473923396841,0,0.0,0,0.0
2017-02-09,-0.1846928576841202,2,-0.5188405318827733,0,0.0,0,0.0
2017-02-10,-0.036916596397458,2,-0.1012143223104903,0,0.0,0,0.0
2017-02-13,0.091987839639948,2,0.2630787688168162,0,0.0,0,0.0
2017-02-14,-0.0305656665776268,2,-0.0832661435920518,0,0.0,0,0.0
2017-02-15,0.1793766865716344,2,0.510045856664414,0,0.0,0,0.0
2017-02-16,0.1993055407949923,2,0.5663662140611585,0,0.0,0,0.0
2017-02-17,0.1543348316421115,2,0.4392757961430657,0,0.0,0,0.0
2017-02-21,0.0117411143766861,2,0.0362958240427952,0,0.0,0,0.0
2017-02-22,0.1579797696836031,2,0.4495766499144377,0,0.0,0,0.0
2017-02-23,0.1681901916446299,2,0.4784320275277978,0,0.0,0,0.0
2017-02-24,0.1250262573661082,2,0.3564476837230925,0,0.0,0,0.0
2017-02-27,-0.3845820722279521,2,-1.0837416484591742,1,0.2330762294482959,1,1.0
2017-02-28,0.2755595936046168,2,0.7818655829187361,0,0.0,0,0.0
2017-03-01,-0.1004303720855671,2,-0.2807087631990372,0,0.0,0,0.0
2017-03-02,0.1169858685834847,2,0.3337249739892145,0,0.0,0,0.0
2017-03-03,-0.0109277432227222,2,-0.0277679774916752,0,0.0,0,0.0
2017-03-06,0.0506145449664103,2,0.1461548997083061,0,0.0,0,0.0
2017-03-07,0.1290814530190823,2,0.3679079546413042,0,0.0,0,0.0
2017-03-08,-0.0471865635221349,2,-0.130237978785266,0,0.0,0,0.0
2017-03-09,0.334047832677949,2,0.9471575004167048,0,0.0,0,0.0
2017-03-10,0.192558022962302,2,0.5472972494524149,0,0.0,0,0.0
2017-03-13,0.014038621072446,2,0.0427887411355876,0,0.0,0,0.0
2017-03-14,0.0615740160460747,2,0.1771271433289426,0,0.0,0,0.0
2017-03-15,-0.1472374977850084,2,-0.4129890247013316,0,0.0,0,0.0
2017-03-16,-0.1280936591032389,2,-0.3588871769774832,0,0.0,0,0.0
2017-03-17,0.0129379294626607,2,0.0396781084744259,0,0.0,0,0.0
2017-03-20,-0.0026738524377861,2,-0.0044418959361961,0,0.0,0,0.0
2017-03-21,0.1946654011630987,2,0.5532528499153792,0,0.0,0,0.0
2017-03-22,0.0014817741728356,2,0.0073022000010065,0,0.0,0,0.0
2017-03-23,-0.201296535788599,2,-0.5657637054111706,0,0.0,0,0.0
2017-03-24,0.0060441232644057,2,0.0201957225550915,0,0.0,0,0.0
2017-03-27,-0.0082716047484789,2,-0.0202615415226023,0,0.0,0,0.0
2017-03-28,-0.2333093718450061,2,-0.6562342536811779,0,0.0,0,0.0
2017-03-29,-0.1336176872442901,2,-0.3744984728245383,0,0.0,0,0.0
2017-03-30,-0.152525778095009,2,-0.4279340804348578,0,0.0,0,0.0
2017-03-31,-0.075126550013741,2,-0.2091983649284455,0,0.0,0,0.0
2017-04-03,-0.065821625342574,2,-0.1829019869652969,0,0.0,0,0.0
2017-04-04,0.1460014635977386,2,0.4157251062078864,0,0.0,0,0.0
2017-04-05,0.0898972948294816,2,0.2571707407104447,0,0.0,0,0.0
2017-04-06,-0.2637007226103284,2,-0.7421223693595302,0,0.0,0,0.0
2017-04-07,0.0464231507304103,2,0.1343097219215421,0,0.0,0,0.0
2017-04-10,-0.1554468387765888,2,-0.4361892053768291,0,0.0,0,0.0
2017-04-11,-0.1236296954590264,2,-0.3462716986850355,0,0.0,0,0.0
2017-04-12,0.2163015377679836,2,0.6143981085747398,0,0.0,0,0.0
2017-04-13,0.0025287668193001,2,0.0102610755780847,0,0.0,0,0.0
2017-04-17,0.0207520843931692,2,0.0617614652749364,0,0.0,0,0.0
2017-04-18,0.0643806702893347,2,0.1850589475509946,0,0.0,0,0.0
2017-04-19,-0.0677364921669003,2,-0.1883135366060598,0,0.0,0,0.0
2017-04-20,-0.1118736227032655,2,-0.3130482021525275,0,0.0,0,0.0
2017-04-21,0.1105242705978212,2,0.3154640391744011,0,0.0,0,0.0
2017-04-24,0.2634853061383899,2,0.7477427890146141,0,0.0,0,0.0
2017-04-25,-0.1089563418669491,2,-0.3048037593217181,0,0.0,0,0.0
2017-04-26,-0.1723511750036666,2,-0.4839620601126466,0,0.0,0,0.0
2017-04-27,0.2659713424849753,2,0.7547685042901506,0,0.0,0,0.0
2017-04-28,0.016190508273595,2,0.0488701271946087,0,0.0,0,0.0
2017-05-01,-0.1006790202410599,2,-0.2814114605456304,0,0.0,0,0.0
2017-05-02,-0.2465633552101685,2,-0.6936909519785415,0,0.0,0,0.0
2017-05-03,0.1716373662155634,2,0.4881739876860688,0,0.0,0,0.0
2017-05-04,0.3261725962026616,2,0.924901522832594,0,0.0,0,0.0
2017-05-05,-0.1109379350332922,2,-0.310403882343973,0,0.0,0,0.0
2017-05-08,-0.0155442359252016,2,-0.0408145137355083,0,0.0,0,0.0
2017-05-09,-0.2166769994212855,2,-0.6092299879687124,0,0.0,0,0.0
2017-05-10,0.0915775916905343,2,0.2619193789756692,0,0.0,0,0.0
2017-05-11,0.1257388131172146,2,0.3584614168819404,0,0.0,0,0.0
2017-05-12,0.2347349716731648,2,0.6664923019464923,0,0.0,0,0.0
2017-05-15,0.0756784436904071,2,0.2169872575584037,0,0.0,0,0.0
2017-05-16,0.0627849846971741,2,0.1805494267408123,0,0.0,0,0.0
2017-05-17,0.0283045373019577,2,0.0831052335758007,0,0.0,0,0.0
2017-05-18,0.0157385024734437,2,0.0475927267016048,0,0.0,0,0.0
2017-05-19,-0.0931536133340411,2,-0.2601441261665935,0,0.0,0,0.0
2017-05-22,0.2096614850887125,2,0.595632848121811,0,0.0,0,0.0
2017-05-23,0.1687417006539698,2,0.4799906311567583,0,0.0,0,0.0
2017-05-24,0.2048410225301023,2,0.5820098785784668,0,0.0,0,0.0
2017-05-25,0.2535683821572699,2,0.7197168575369078,0,0.0,0,0.0
2017-05-26,0.0358283198238583,2,0.1043679773271284,0,0.0,0,0.0
2017-05-30,0.2329709755875082,2,0.6615071237281585,0,0.0,0,0.0
2017-05-31,0.2245158093596958,2,0.6376122234763845,0,0.0,0,0.0
2017-06-01,-0.0573876239858426,2,-0.1590669001423421,0,0.0,0,0.0
2017-06-02,0.0211881468592166,2,0.0629938087734559,0,0.0,0,0.0
2017-06-05,0.0343502572503805,2,0.100190867521415,0,0.0,0,0.0
2017-06-06,-0.07257633065656,2,-0.2019912639066424,0,0.0,0,0.0
2017-06-07,0.0442541557520514,2,0.1281799880691193,0,0.0,0,0.0
2017-06-08,-0.1906608666444842,2,-0.5357065490570433,0,0.0,0,0.0
2017-06-09,-0.5289639250052027,2,-1.4917750185105307,1,0.1687794644159992,1,0.0
2017-06-12,-0.1752821555008367,2,-0.4922452191579887,0,0.0,0,0.0
2017-06-13,-0.0683134951563422,2,-0.1899441880333891,0,0.0,0,0.0
2017-06-14,0.1516206074766318,2,0.431605205885271,0,0.0,0,0.0
2017-06-15,0.070756627365341,2,0.2030778550728376,0,0.0,0,0.0
2017-06-16,-0.1144330297136779,2,-0.3202812681348765,0,0.0,0,0.0
2017-06-19,0.0507116917730853,2,0.1464294434834056,0,0.0,0,0.0
2017-06-20,0.1027168311033864,2,0.2933996606731701,0,0.0,0,0.0
2017-06-21,0.0989460234815907,2,0.2827430905285107,0,0.0,0,0.0
2017-06-22,-0.1489577317206734,2,-0.4178505279757702,0,0.0,0,0.0
2017-06-23,-0.1255342317545023,2,-0.3516540535175854,0,0.0,0,0.0
2017-06-26,-0.0935134277581132,2,-0.2611609872833001,0,0.0,0,0.0
2017-06-27,-0.3268001736958821,2,-0.9204458994956248,0,0.0,0,0.0
2017-06-28,-0.0893059975446316,2,-0.2492704906852865,0,0.0,0,0.0
2017-06-29,-0.4264717615271188,2,-1.2021248854544289,1,0.214966590345199,1,1.0
2017-06-30,-0.1668569131723065,2,-0.4684348859708029,0,0.0,0,0.0
2017-07-03,-0.3647906424299923,2,-1.0278096622485855,1,0.3586048718802951,1,1.0
2017-07-05,0.2583923319725272,2,0.7333496823152043,0,0.0,0,0.0
2017-07-06,0.2174729448617127,2,0.617708588215791,0,0.0,0,0.0
2017-07-07,0.0462277539835017,2,0.1337575168375613,0,0.0,0,0.0
2017-07-10,0.0412077217372748,2,0.1195705491834297,0,0.0,0,0.0
2017-07-11,0.0438695794283563,2,0.1270931480654704,0,0.0,0,0.0
2017-07-12,0.0779283828712909,2,0.2233457454758773,0,0.0,0,0.0
2017-07-13,-0.1418681183622603,2,-0.3978147771154637,0,0.0,0,0.0
2017-07-14,0.056023539980908,2,0.1614411037699861,0,0.0,0,0.0
2017-07-17,-0.0743547083441593,2,-0.2070170855534582,0,0.0,0,0.0
2017-07-18,0.2599168965024507,2,0.7376582099524355,0,0.0,0,0.0
2017-07-19,-0.0490566784648693,2,-0.1355230564303393,0,0.0,0,0.0
2017-07-20,0.3309728038957066,2,0.938467250687336,0,0.0,0,0.0
2017-07-21,0.1481130494624803,2,0.4216925978279907,0,0.0,0,0.0
2017-07-24,0.0561763278720826,2,0.1618728932015512,0,0.0,0,0.0
2017-07-25,0.0172041763259909,2,0.0517348251021124,0,0.0,0,0.0
2017-07-26,0.0927189051963679,2,0.2651448120000597,0,0.0,0,0.0
2017-07-27,-0.2045847091295089,2,-0.5750563168010133,0,0.0,0,0.0
2017-07-28,0.0754929684381397,2,0.2164630913229104,0,0.0,0,0.0
2017-07-31,0.0225433039964704,2,0.0668235790875681,0,0.0,0,0.0
2017-08-01,0.1122548630882772,2,0.3203548164603509,0,0.0,0,0.0
2017-08-02,0.0526104394229051,2,0.1517954391922179,0,0.0,0,0.0
2017-08-03,0.1306950724116073,2,0.3724681576449877,0,0.0,0,0.0
2017-08-04,-0.2118396735722146,2,-0.5955593615688832,0,0.0,0,0.0
2017-08-07,0.0861297373056817,2,0.2465233555735461,0,0.0,0,0.0
2017-08-08,-0.0151091317496429,2,-0.0395848784339686,0,0.0,0,0.0
2017-08-09,0.1830289441063728,2,0.5203673958435371,0,0.0,0,0.0
2017-08-10,0.1247722569558289,2,0.3557298605243518,0,0.0,0,0.0
2017-08-11,0.1001556984146255,2,0.2861617178012495,0,0.0,0,0.0
2017-08-14,0.12384665635967,2,0.3531140475027879,0,0.0,0,0.0
2017-08-15,0.1932080468675835,2,0.5491342631739047,0,0.0,0,0.0
2017-08-16,0.0665663558483416,2,0.1912358501697059,0,0.0,0,0.0
2017-08-17,-0.1282895359736889,2,-0.3594407389246908,0,0.0,0,0.0
2017-08-18,0.1279221947144432,2,0.3646318083410369,0,0.0,0,0.0
2017-08-21,-0.0674384861613047,2,-0.187471350469646,0,0.0,0,0.0
2017-08-22,0.214483710551126,2,0.6092607997565062,0,0.0,0,0.0
2017-08-23,-0.1164736032140867,2,-0.3260480737700267,0,0.0,0,0.0
2017-08-24,-0.2948833998722863,2,-0.8302468299179507,0,0.0,0,0.0
2017-08-25,-0.1168651585782113,2,-0.3271546370375861,0,0.0,0,0.0
2017-08-28,0.0918907225281285,2,0.2628043089614874,0,0.0,0,0.0
2017-08-29,0.1202774537748349,2,0.3430272275107136,0,0.0,0,0.0
2017-08-30,-0.093005882199071,2,-0.2597266274871968,0,0.0,0,0.0
2017-08-31,-0.1471406201953143,2,-0.4127152417525402,0,0.0,0,0.0
2017-09-01,-0.2476253973357168,2,-0.6966923584523353,0,0.0,0,0.0
2017-09-05,-0.0302469468104846,2,-0.0823654188944013,0,0.0,0,0.0
2017-09-06,-0.0632422093791684,2,-0.175612374260739,0,0.0,0,0.0
2017-09-07,0.1169044575593848,2,0.3334949006532387,0,0.0,0,0.0
2017-09-08,0.1719001458807102,2,0.4889166216825744,0,0.0,0,0.0
2017-09-11,0.1334177715716358,2,0.3801626988392773,0,0.0,0,0.0
2017-09-12,-0.1945409619245533,2,-0.5466719738856713,0,0.0,0,0.0
2017-09-13,-0.1530628046343583,2,-0.4294517555750692,0,0.0,0,0.0
2017-09-14,-0.0323500007946456,2,-0.088308798814044,0,0.0,0,0.0
2017-09-15,0.0767996167973509,2,0.2201557723851457,0,0.0,0,0.0
2017-09-18,0.0216365877514606,2,0.0642611345835316,0,0.0,0,0.0
2017-09-19,0.1199249148000771,2,0.3420309273304771,0,0.0,0,0.0
2017-09-20,-0.2281794874478779,2,-0.6417368360468209,0,0.0,0,0.0
2017-09-21,-0.1505917704818997,2,-0.4224684375656017,0,0.0,0,0.0
2017-09-22,-0.0556175582511975,2,-0.1540645686648957,0,0.0,0,0.0
2017-09-25,-0.1447905506214747,2,-0.4060737782332411,0,0.0,0,0.0
2017-09-26,-0.06035504185156,2,-0.167453033779007,0,0.0,0,0.0
2017-09-27,0.0228088613772725,2,0.0675740631057906,0,0.0,0,0.0
2017-09-28,0.0056747490802227,2,0.0191518448773707,0,0.0,0,0.0
2017-09-29,-0.0238460178431414,2,-0.0642759390341183,0,0.0,0,0.0
2017-10-02,0.0810303744199357,2,0.2321121938980143,0,0.0,0,0.0
2017-10-03,-0.1861672522767448,2,-0.5230072757140932,0,0.0,0,0.0
2017-10-04,-0.0363757439312573,2,-0.0996858348292769,0,0.0,0,0.0
2017-10-05,0.0300354316436076,2,0.0879968639146623,0,0.0,0,0.0
2017-10-06,0.0237868051687746,2,0.0703378017148458,0,0.0,0,0.0
2017-10-09,0.0588603603076486,2,0.1694581594863715,0,0.0,0,0.0
2017-10-10,0.1616475742575043,2,0.4599421261303967,0,0.0,0,0.0
2017-10-11,0.1240001004340165,2,0.3535476913545994,0,0.0,0,0.0
2017-10-12,0.2336250197501841,2,0.6633554989825664,0,0.0,0,0.0
2017-10-13,-0.0118189209004289,2,-0.0302865089009528,0,0.0,0,0.0
2017-10-16,0.0073270963588883,2,0.0238214956377698,0,0.0,0,0.0
2017-10-17,0.0247366352202544,2,0.0730220888979399,0,0.0,0,0.0
2017-10-18,0.0071250490447629,2,0.0232504955785061,0,0.0,0,0.0
2017-10-19,0.0773672925551949,2,0.221760064393553,0,0.0,0,0.0
2017-10-20,-0.140925137861605,2,-0.3951498472494596,0,0.0,0,0.0
2017-10-23,0.1017579616946049,2,0.2906898276243598,0,0.0,0,0.0
2017-10-24,-0.1586860485016004,2,-0.4453434421107121,0,0.0,0,0.0
2017-10-25,0.0788969880563152,2,0.2260830925197915,0,0.0,0,0.0
2017-10-26,0.1015616020739857,2,0.2901349013908885,0,0.0,0,0.0
2017-10-27,0.0437765343895958,2,0.1268301961778076,0,0.0,0,0.0
2017-10-30,-0.1071356156637317,2,-0.2996582577621435,0,0.0,0,0.0
2017-10-31,0.1482403879277552,2,0.4220524653745266,0,0.0,0,0.0
2017-11-01,-0.1127546088498144,2,-0.3155379315709435,0,0.0,0,0.0
2017-11-02,0.1721812250289138,2,0.4897109713178406,0,0.0,0,0.0
2017-11-03,0.0670745182910055,2,0.1926719533227355,0,0.0,0,0.0
2017-11-06,-0.3631825682801769,2,-1.0232651304946268,1,0.043542391475729,1,1.0
2017-11-07,0.3691289548494977,2,1.0462992431599851,-1,-0.3527079082103243,-1,0.0
2017-11-08,0.2461985495510445,2,0.6988891871809118,0,0.0,0,0.0
2017-11-09,-0.149632172439496,2,-0.4197565453464267,0,0.0,0,0.0
2017-11-10,0.1111255258484268,2,0.3171632292141924,0,0.0,0,0.0
2017-11-13,0.1440668188538644,2,0.4102576627618391,0,0.0,0,0.0
2017-11-14,0.3225327248202114,2,0.9146149877995108,0,0.0,0,0.0
2017-11-15,-0.1219017742027589,2,-0.3413884704966154,0,0.0,0,0.0
2017-11-16,0.0639346951012421,2,0.1837985899959668,0,0.0,0,0.0
2017-11-17,-0.2741499924645543,2,-0.77165274808222,0,0.0,0,0.0
2017-11-20,0.0619451606170483,2,0.1781760242454678,0,0.0,0,0.0
2017-11-21,0.0164210466391734,2,0.0495216449887335,0,0.0,0,0.0
2017-11-22,-0.152743274708306,2,-0.4285487413108006,0,0.0,0,0.0
2017-11-24,0.0735106215439123,2,0.210860838212124,0,0.0,0,0.0
2017-11-27,0.2497737360141519,2,0.7089929180379627,0,0.0,0,0.0
2017-11-28,0.0115442849382169,2,0.035739570070713,0,0.0,0,0.0
2017-11-29,-0.5770397916268024,1,-1.627640831965736,0,0.0,0,0.0
2017-11-30,0.0971742056054266,2,0.2777358073746934,0,0.0,0,0.0
2017-12-01,-0.0883874164795155,2,-0.2466745153569817,0,0.0,0,0.0
2017-12-04,-0.4440499191809667,2,-1.2518020073975802,1,-0.0252471203993602,0,1.0
2017-12-05,0.1670010236874092,2,0.47507135442513,0,0.0,0,0.0
2017-12-06,0.2862554976027369,2,0.8120929672482049,0,0.0,0,0.0
2017-12-07,-0.2641089211684352,2,-0.743275967475295,0,0.0,0,0.0
2017-12-08,-0.1315097920703072,2,-0.368541411358634,0,0.0,0,0.0
2017-12-11,0.1147459388049697,2,0.3273947733537099,0,0.0,0,0.0
2017-12-12,-0.2491968459550537,2,-0.7011333838559907,0,0.0,0,0.0
2017-12-13,0.0237209248993478,2,0.0701516193945816,0,0.0,0,0.0
2017-12-14,-0.0015442304275595,2,-0.0012495039087296,0,0.0,0,0.0
2017-12-15,0.1654579720421495,2,0.4707105808869905,0,0.0,0,0.0
2017-12-18,-0.395825723946701,2,-1.1155170067485765,1,-0.0857970093309298,0,1.0
2017-12-19,-0.0168886615634855,2,-0.0446139560713726,0,0.0,0,0.0
2017-12-20,-0.0750869144095368,2,-0.2090863518960155,0,0.0,0,0.0
2017-12-21,-0.3113292876043523,2,-0.8767240766475238,0,0.0,0,0.0
2017-12-22,-0.0850255388320244,2,-0.2371736103622075,0,0.0,0,0.0
2017-12-26,-0.2394670209299101,2,-0.6736362073157757,0,0.0,0,0.0
2017-12-27,0.1077986977518802,2,0.3077613767396316,0,0.0,0,0.0
2017-12-28,-0.0163015533208606,2,-0.0429547464808659,0,0.0,0,0.0
2017-12-29,-0.0646646536451485,2,-0.1796323027794117,0,0.0,0,0.0
2018-01-02,-0.4118340336103079,2,-1.1607576267795752,1,0.1875768411913944,1,1.0
2018-01-03,-0.0585788541801656,2,-0.1624334012735226,0,0.0,0,0.0
2018-01-04,0.3503630840305363,2,0.9932655594599814,0,0.0,0,0.0
2018-01-05,0.1000845238393033,2,0.2859605733965193,0,0.0,0,0.0
2018-01-08,0.0946427482234316,2,0.2705817290272548,0,0.0,0,0.0
2018-01-09,0.0242065367988664,2,0.0715239931111268,0,0.0,0,0.0
2018-01-10,-0.2276143326206441,2,-0.6401396683673564,0,0.0,0,0.0
2018-01-11,-0.3515486311676333,2,-0.990386797964012,0,0.0,0,0.0
2018-01-12,0.0289161710788885,2,0.0848337540680774,0,0.0,0,0.0
2018-01-16,0.1883385658611256,2,0.5353727640156177,0,0.0,0,0.0
2018-01-17,0.3434291403192028,2,0.9736697420780922,0,0.0,0,0.0
2018-01-18,0.0274820194250852,2,0.0807807396399491,0,0.0,0,0.0
2018-01-19,-0.1339206123932725,2,-0.3753545608095244,0,0.0,0,0.0
2018-01-22,0.0025289602200682,2,0.0102616221423905,0,0.0,0,0.0
2018-01-23,-0.0003062095935047,2,0.0022492308934376,0,0.0,0,0.0
2018-01-24,-0.0368248949444801,2,-0.1009551674916717,0,0.0,0,0.0
2018-01-25,0.4082739724811712,2,1.156925843094352,-1,-0.2414749514656446,-1,0.0
2018-01-26,0.2693361095614263,2,0.7642775750163746,0,0.0,0,0.0
2018-01-29,-0.0345879285964456,2,-0.0946333417211702,0,0.0,0,0.0
2018-01-30,0.0972202165548171,2,0.2778658375854014,0,0.0,0,0.0
2018-01-31,0.1026036206287115,2,0.2930797198314497,0,0.0,0,0.0
2018-02-01,0.1257333809021651,2,0.3584460650564106,0,0.0,0,0.0
2018-02-02,-0.063651870450259,2,-0.1767701055420643,0,0.0,0,0.0
2018-02-05,-0.3666952411239046,2,-1.0331921934235486,1,0.2974106505103783,1,1.0
2018-02-06,-0.1574568989728696,2,-0.4418697782474369,0,0.0,0,0.0
2018-02-07,-0.1128689415442439,2,-0.3158610438853912,0,0.0,0,0.0
2018-02-08,0.0013681161496457,2,0.0069809943553972,0,0.0,0,0.0
2018-02-09,0.2903208620006211,2,0.823581975761724,0,0.0,0,0.0
2018-02-12,0.1100263292210348,2,0.3140568214794487,0,0.0,0,0.0
2018-02-13,0.050510637232884,2,0.1458612490737591,0,0.0,0,0.0
2018-02-14,0.1035132640812702,2,0.2956504368319116,0,0.0,0,0.0
2018-02-15,0.4500858138439111,2,1.2750890762924485,-1,-0.2910407715770593,-1,0.0
2018-02-16,0.0042009986509207,2,0.0149869214973495,0,0.0,0,0.0
2018-02-20,-0.0962263730448939,2,-0.2688279633390644,0,0.0,0,0.0
2018-02-21,-0.1414183843328897,2,-0.3965437968080287,0,0.0,0,0.0
2018-02-22,-0.1436313440584706,2,-0.402797778158509,0,0.0,0,0.0
2018-02-23,0.292082915225196,2,0.8285616633166577,0,0.0,0,0.0
2018-02-26,0.305336711701217,2,0.8660178334520346,0,0.0,0,0.0
2018-02-27,0.1705930926985589,2,0.4852227965619592,0,0.0,0,0.0
2018-02-28,-0.0786432992964842,2,-0.2191369481635368,0,0.0,0,0.0
2018-03-01,-0.2278990367166784,2,-0.6409442623626387,0,0.0,0,0.0
2018-03-02,0.199416571487741,2,0.5666799946843459,0,0.0,0,0.0
2018-03-05,0.3513992578502253,2,0.9961938602642312,0,0.0,0,0.0
2018-03-06,-0.2453441530540905,2,-0.6902454000968526,0,0.0,0,0.0
2018-03-07,-0.0936122753157324,2,-0.2614403375013565,0,0.0,0,0.0
2018-03-08,0.2221068845128935,2,0.6308044307757489,0,0.0,0,0.0
2018-03-09,0.1044167203559089,2,0.298203668428154,0,0.0,0,0.0
2018-03-12,-0.0461815677806987,2,-0.1273977894444482,0,0.0,0,0.0
2018-03-13,-0.068144947997391,2,-0.1894678617918527,0,0.0,0,0.0
2018-03-14,0.0629486698058806,2,0.1810120124830509,0,0.0,0,0.0
2018-03-15,0.0620019450164539,2,0.1783365009910567,0,0.0,0,0.0
2018-03-16,-0.0887285673589299,2,-0.2476386319709872,0,0.0,0,0.0
2018-03-19,-0.0684768061013408,2,-0.1904057163624156,0,0.0,0,0.0
2018-03-20,0.1298108332620296,2,0.3699692350089817,0,0.0,0,0.0
2018-03-21,-0.3694615785948756,2,-1.041010059583786,1,-0.051548836326281,0,1.0
2018-03-22,-0.0469377706746652,2,-0.1295348725288699,0,0.0,0,0.0
2018-03-23,-0.1439082495574437,2,-0.4035803327646343,0,0.0,0,0.0
2018-03-26,0.363552674915528,2,1.0305402800351824,-1,-0.007513931023347,-1,0.0
2018-03-27,-0.1936144989187063,2,-0.5440537236330797,0,0.0,0,0.0
2018-03-28,-0.1317560249572242,2,-0.3692372829846979,0,0.0,0,0.0
2018-03-29,0.1811738459101263,2,0.5151247565905385,0,0.0,0,0.0
2018-04-02,-0.1763401212283024,2,-0.4952351054412923,0,0.0,0,0.0
2018-04-03,-0.0170701988742683,2,-0.0451269934045549,0,0.0,0,0.0
2018-04-04,-0.0318112791660507,2,-0.086786333231238,0,0.0,0,0.0
2018-04-05,-0.106754316235433,2,-0.2985806784976121,0,0.0,0,0.0
2018-04-06,-0.078968546256001,2,-0.2200561191704039,0,0.0,0,0.0
2018-04-09,0.2027735324758642,2,0.5761670048505618,0,0.0,0,0.0
2018-04-10,-0.0543495704624628,2,-0.1504811451205283,0,0.0,0,0.0
2018-04-11,0.0059194871987325,2,0.0198434921817562,0,0.0,0,0.0
2018-04-12,0.0922434060370782,2,0.2638010176056152,0,0.0,0,0.0
2018-04-13,0.0220153697764262,2,0.0653315994874558,0,0.0,0,0.0
2018-04-16,0.1291382148960527,2,0.3680683677368919,0,0.0,0,0.0
2018-04-17,0.1790149738113426,2,0.5090236307147294,0,0.0,0,0.0
2018-04-18,-0.3332572748732639,2,-0.9386941260108675,0,0.0,0,0.0
2018-04-19,-0.0752477010267605,2,-0.2095407462954706,0,0.0,0,0.0
2018-04-20,-0.1806151518659278,2,-0.5073166456389668,0,0.0,0,0.0
2018-04-23,-0.1204789468510606,2,-0.3373674593504959,0,0.0,0,0.0
2018-04-24,-0.0421297214102872,2,-0.115946983836627,0,0.0,0,0.0
2018-04-25,-0.1773428411134082,2,-0.4980688630504875,0,0.0,0,0.0
2018-04-26,0.2885054795777615,2,0.8184515761049598,0,0.0,0,0.0
2018-04-27,-0.261099483766592,2,-0.734771083645281,0,0.0,0,0.0
2018-04-30,-0.0153095731254907,2,-0.0401513399976048,0,0.0,0,0.0
2018-05-01,-0.2042937324765212,2,-0.5742339961142994,0,0.0,0,0.0
2018-05-02,-0.3638966682073347,2,-1.0252832276046644,1,0.1534135699250856,1,1.0
2018-05-03,0.0703713267900478,2,0.2019889682827357,0,0.0,0,0.0
2018-05-04,0.0745918402799399,2,0.213916439149069,0,0.0,0,0.0
2018-05-07,-0.0585654611934851,2,-0.162395551741984,0,0.0,0,0.0
2018-05-08,-0.1156601589320669,2,-0.323749222457642,0,0.0,0,0.0
2018-05-09,-0.0428189431785469,2,-0.1178947735027536,0,0.0,0,0.0
2018-05-10,0.180760670867467,2,0.5139570945759953,0,0.0,0,0.0
2018-05-11,0.043839056399098,2,0.127006887817019,0,0.0,0,0.0
2018-05-14,-0.1142794464681929,2,-0.3198472309755436,0,0.0,0,0.0
2018-05-15,0.0917964357199129,2,0.2625378477451532,0,0.0,0,0.0
2018-05-16,-0.1007762532858097,2,-0.2816862480356539,0,0.0,0,0.0
2018-05-17,-0.1589234234715061,2,-0.4460142806342064,0,0.0,0,0.0
2018-05-18,-0.1996143933246333,2,-0.5610098513410379,0,0.0,0,0.0
2018-05-21,-0.0495321761956591,2,-0.1368668467877417,0,0.0,0,0.0
2018-05-22,0.0558533815309342,2,0.1609602239055849,0,0.0,0,0.0
2018-05-23,0.156844019420479,2,0.4463669390090498,0,0.0,0,0.0
2018-05-24,0.1078257133595554,2,0.3078377247655894,0,0.0,0,0.0
2018-05-25,0.0425111804855206,2,0.1232542161785485,0,0.0,0,0.0
2018-05-29,-0.0619295749629886,2,-0.1719027761763763,0,0.0,0,0.0
2018-05-30,0.0505543799037602,2,0.145984868968291,0,0.0,0,0.0
2018-05-31,-0.1582264712504854,2,-0.4440446441595549,0,0.0,0,0.0
2018-06-01,-0.0873567540407071,2,-0.2437617901065227,0,0.0,0,0.0
2018-06-04,-0.0649706873693375,2,-0.1804971758187048,0,0.0,0,0.0
2018-06-05,-0.0891529264381334,2,-0.2488379008671029,0,0.0,0,0.0
2018-06-06,-0.3245161213515348,2,-0.913991005355462,0,0.0,0,0.0
2018-06-07,-0.0908525660944507,2,-0.2536412032454841,0,0.0,0,0.0
2018-06-08,0.0265611300465967,2,0.0781782408541156,0,0.0,0,0.0
2018-06-11,-0.0840601947850459,2,-0.234445479526019,0,0.0,0,0.0
2018-06-12,0.0445800031924039,2,0.1291008560774746,0,0.0,0,0.0
2018-06-13,0.3730396410579127,2,1.0573511201247083,-1,-0.0801108678865937,-1,0.0
2018-06-14,-0.0362878272286921,2,-0.0994373759839202,0,0.0,0,0.0
2018-06-15,0.2587475595710934,2,0.7343535807372715,0,0.0,0,0.0
2018-06-18,-0.1263812294727553,2,-0.3540477292237547,0,0.0,0,0.0
2018-06-19,0.298253741208113,2,0.8460008558008728,0,0.0,0,0.0
2018-06-20,-0.3273917334318126,2,-0.9221176893223616,0,0.0,0,0.0
2018-06-21,-0.0250443017501894,2,-0.0676623744584195,0,0.0,0,0.0
2018-06-22,0.0692187121886555,2,0.1987315975596845,0,0.0,0,0.0
2018-06-25,0.3606030129155474,2,1.0222043257361244,-1,-0.1529856446108223,-1,0.0
2018-06-26,-0.1789325808244506,2,-0.502561580378349,0,0.0,0,0.0
2018-06-27,-0.0884435862856073,2,-0.246833255218217,0,0.0,0,0.0
2018-06-28,0.1586750349314486,2,0.4515415188830861,0,0.0,0,0.0
2018-06-29,0.0338826825072262,2,0.0988694680897671,0,0.0,0,0.0
2018-07-02,0.2965771049755038,2,0.8412625627316104,0,0.0,0,0.0
2018-07-03,-0.1823293845980725,2,-0.5121611890860474,0,0.0,0,0.0
2018-07-05,0.1914902286464996,2,0.5442795868804382,0,0.0,0,0.0
2018-07-06,0.1246875936923805,2,0.3554905961290008,0,0.0,0,0.0
2018-07-09,-0.3714283786419136,2,-1.0465683762002669,1,-0.0410830399930841,0,1.0
2018-07-10,0.1925612744710796,2,0.5473064384471449,0,0.0,0,0.0
2018-07-11,0.3515600543745235,2,0.9966482826617824,0,0.0,0,0.0
2018-07-12,0.2002527022544398,2,0.569042959613644,0,0.0,0,0.0
2018-07-13,-0.0029027572455558,2,-0.0050887971799373,0,0.0,0,0.0
2018-07-16,0.0421665290449084,2,0.1222802067299855,0,0.0,0,0.0
2018-07-17,0.1975555684565542,2,0.5614206679484407,0,0.0,0,0.0
2018-07-18,-0.1675360552627611,2,-0.4703541897515865,0,0.0,0,0.0
2018-07-19,-0.293816493516479,2,-0.827231676783984,0,0.0,0,0.0
2018-07-20,0.1715748956977327,2,0.4879974415659784,0,0.0,0,0.0
2018-07-23,-0.1121344477919353,2,-0.3137853123770936,0,0.0,0,0.0
2018-07-24,0.089517972267198,2,0.2560987482096706,0,0.0,0,0.0
2018-07-25,0.1858026221874845,2,0.5282060070893674,0,0.0,0,0.0
2018-07-26,0.2612716303096734,2,0.7414867839058146,0,0.0,0,0.0
2018-07-27,0.032525264238445,2,0.0950333076573715,0,0.0,0,0.0
2018-07-30,-0.4654996772529761,2,-1.3124205470862975,1,0.1157363776692056,1,1.0
2018-07-31,-0.0933689981682691,2,-0.2607528190049076,0,0.0,0,0.0
2018-08-01,0.012440202252639,2,0.0382714960299609,0,0.0,0,0.0
2018-08-02,0.2229533120086952,2,0.633196494992773,0,0.0,0,0.0
2018-08-03,0.0044759506221335,2,0.0157639552952835,0,0.0,0,0.0
2018-08-06,0.072706246777044,2,0.2085876179936809,0,0.0,0,0.0
2018-08-07,-0.1432574940985965,2,-0.4017412516208121,0,0.0,0,0.0
2018-08-08,0.0377659541881074,2,0.1098438696526802,0,0.0,0,0.0
2018-08-09,-0.0002545287416729,2,0.0023952846511254,0,0.0,0,0.0
2018-08-10,0.1763895224230058,2,0.5016039186298471,0,0.0,0,0.0
2018-08-13,0.2202229245334025,2,0.625480226073517,0,0.0,0,0.0
2018-08-14,-0.1619427018815534,2,-0.4545469758523207,0,0.0,0,0.0
2018-08-15,0.2121071534007398,2,0.6025444804647195,0,0.0,0,0.0
2018-08-16,0.1297910078217618,2,0.369913206906768,0,0.0,0,0.0
2018-08-17,-0.1115809649984946,2,-0.3122211306940849,0,0.0,0,0.0
2018-08-20,-0.1449742396794176,2,-0.4065928965567163,0,0.0,0,0.0
2018-08-21,-0.2936427966571235,2,-0.8267407971233697,0,0.0,0,0.0
2018-08-22,-0.0511629277103117,2,-0.1414754663852933,0,0.0,0,0.0
2018-08-23,0.1144548256951903,2,0.3265720670304114,0,0.0,0,0.0
2018-08-24,0.2262968287688202,2,0.6426455108158472,0,0.0,0,0.0
2018-08-27,-0.1184989406952594,2,-0.3317718213327429,0,0.0,0,0.0
2018-08-28,-0.1456015521783478,2,-0.4083657262308772,0,0.0,0,0.0
2018-08-29,0.144587794265978,2,0.4117299762765198,0,0.0,0,0.0
2018-08-30,0.1323793944952449,2,0.3772281714751112,0,0.0,0,0.0
2018-08-31,-0.0116428230297505,2,-0.0297888438118186,0,0.0,0,0.0
2018-09-04,0.2529531712928391,2,0.7179782279413089,0,0.0,0,0.0
2018-09-05,-0.0619588545671613,2,-0.1719855224172267,0,0.0,0,0.0
2018-09-06,0.127105722743491,2,0.3623244005647006,0,0.0,0,0.0
2018-09-07,0.0676339811611276,2,0.1942530351271554,0,0.0,0,0.0
2018-09-10,-0.0640406141950687,2,-0.1778687229737566,0,0.0,0,0.0
2018-09-11,-0.1075318073140583,2,-0.3007779235037818,0,0.0,0,0.0
2018-09-12,-0.1144714451719269,2,-0.3203898329481816,0,0.0,0,0.0
2018-09-13,0.2695360193260644,2,0.764842534208977,0,0.0,0,0.0
2018-09-14,0.0481188504611106,2,0.1391018897903138,0,0.0,0,0.0
2018-09-17,-0.2201955584002604,2,-0.6191736855338804,0,0.0,0,0.0
2018-09-18,-0.0572086139526927,2,-0.1585610050752394,0,0.0,0,0.0
2018-09-19,-0.3182397399925014,2,-0.8962535058817233,0,0.0,0,0.0
2018-09-20,0.1029531926048517,2,0.2940676350628744,0,0.0,0,0.0
2018-09-21,0.0849287096032007,2,0.2431291659884848,0,0.0,0,0.0
2018-09-24,0.1367017389565433,2,0.3894434238987475,0,0.0,0,0.0
2018-09-25,-0.1977976220716076,2,-0.5558755267515884,0,0.0,0,0.0
2018-09-26,-0.0553648889191536,2,-0.1533505071877824,0,0.0,0,0.0
2018-09-27,0.0833259194776626,2,0.2385995672624088,0,0.0,0,0.0
2018-09-28,0.1113036536318339,2,0.3176666309808637,0,0.0,0,0.0
2018-10-01,0.0576902335928298,2,0.1661512982870542,0,0.0,0,0.0
2018-10-02,0.2439825258708584,2,0.6926265468771131,0,0.0,0,0.0
2018-10-03,-0.1620090249408907,2,-0.4547344095283191,0,0.0,0,0.0
2018-10-04,0.0853997690253043,2,0.244460413370328,0,0.0,0,0.0
2018-10-05,0.1610659425858324,2,0.4582983937183531,0,0.0,0,0.0
2018-10-08,-0.1257650124414328,2,-0.3523062561290611,0,0.0,0,0.0
2018-10-09,0.2923161108428332,2,0.8292206906938208,0,0.0,0,0.0
2018-10-10,-0.3046215581448122,2,-0.8577675568071012,0,0.0,0,0.0
2018-10-11,-0.2348798726334864,2,-0.6606726004475169,0,0.0,0,0.0
2018-10-12,0.4191196975178607,2,1.1875766323192156,-1,-0.0302641361962475,-1,0.0
2018-10-15,-0.1503767697381668,2,-0.4218608301943051,0,0.0,0,0.0
2018-10-16,0.2579553064442351,2,0.732114617134384,0,0.0,0,0.0
2018-10-17,0.1947909966855209,2,0.5536077917816284,0,0.0,0,0.0
2018-10-18,0.1196808130349847,2,0.3413410784060434,0,0.0,0,0.0
2018-10-19,0.5032355874970462,2,1.4252941113712927,-1,-0.493063273707737,-1,0.0
2018-10-22,0.2858057997952163,2,0.8108220893062904,0,0.0,0,0.0
2018-10-23,-0.0791515469514277,2,-0.2205732921325207,0,0.0,0,0.0
2018-10-24,0.0929576074645173,2,0.2658194015626562,0,0.0,0,0.0
2018-10-25,-0.4987910148654986,2,-1.4065042315539853,1,0.1517972651220889,1,0.0
2018-10-26,-0.1188248426738517,2,-0.3326928434700373,0,0.0,0,0.0
2018-10-29,-0.1461641764561642,2,-0.4099557423979666,0,0.0,0,0.0
2018-10-30,0.0769197254838168,2,0.2204952080633037,0,0.0,0,0.0
2018-10-31,-0.023413302115395,2,-0.0630530536557254,0,0.0,0,0.0
2018-11-01,-0.3385219474133001,2,-0.9535724645098334,0,0.0,0,0.0
2018-11-02,-0.024688199470143,2,-0.0666560041243686,0,0.0,0,0.0
2018-11-05,0.1363380772639386,2,0.388415690127932,0,0.0,0,0.0
2018-11-06,0.0808333218510783,2,0.2315553093436085,0,0.0,0,0.0
2018-11-07,0.2017655238305592,2,0.573318300829432,0,0.0,0,0.0
2018-11-08,0.1515380265053808,2,0.431371826195556,0,0.0,0,0.0
2018-11-09,0.2202059506683505,2,0.6254322567253839,0,0.0,0,0.0
2018-11-12,-0.2380479122207865,2,-0.6696257053176732,0,0.0,0,0.0
2018-11-13,-0.0438730455912939,2,-0.1208737417842869,0,0.0,0,0.0
2018-11-14,-0.2093635225680351,2,-0.5885615829730497,0,0.0,0,0.0
2018-11-15,0.4694819503253289,2,1.3299039355164737,-1,-0.0199941550746255,-1,0.0
2018-11-16,-0.0193111066235458,2,-0.0514599578548904,0,0.0,0,0.0
2018-11-19,-0.1961098900973468,2,-0.5511058763283908,0,0.0,0,0.0
2018-11-20,0.0153243425696517,2,0.0464222813995548,0,0.0,0,0.0
2018-11-21,-0.4717896098389695,2,-1.330196343289843,1,0.1659156295237365,1,1.0
2018-11-23,0.0717816147801244,2,0.2059745423023578,0,0.0,0,0.0
2018-11-26,0.0131453787358648,2,0.0402643748536971,0,0.0,0,0.0
2018-11-27,0.1392926271509748,2,0.3967654579429505,0,0.0,0,0.0
2018-11-28,0.0313056353692069,2,0.0915865498539865,0,0.0,0,0.0
2018-11-29,0.0627796168303294,2,0.1805342567678796,0,0.0,0,0.0
2018-11-30,0.318622466396,2,0.9035643197833284,0,0.0,0,0.0
2018-12-03,-0.159315846527293,2,-0.4471232960600274,0,0.0,0,0.0
2018-12-04,0.3626787622643479,2,1.0280705408170436,-1,-0.1143067290945621,-1,0.0
2018-12-06,-0.2333480797014758,2,-0.6563436448326211,0,0.0,0,0.0
2018-12-07,0.108714071479631,2,0.3103482879047547,0,0.0,0,0.0
2018-12-10,0.622416500390995,1,1.7621078355235944,0,0.0,0,0.0
2018-12-11,0.219701483021223,2,0.6240065953269471,0,0.0,0,0.0
2018-12-12,0.0866911120539608,2,0.2481098404814203,0,0.0,0,0.0
2018-12-13,0.3116742120039608,2,0.8839280594014103,0,0.0,0,0.0
2018-12-14,-0.4070628050896041,2,-1.1472737961239912,1,0.4902313102264501,1,1.0
2018-12-17,-0.2860026452379927,2,-0.8051491866038667,0,0.0,0,0.0
2018-12-18,-0.1487099540115719,2,-0.4171502905724983,0,0.0,0,0.0
2018-12-19,0.1234594115595025,2,0.3520196661951108,0,0.0,0,0.0
2018-12-20,0.0512926478100613,2,0.1480712665038148,0,0.0,0,0.0
2018-12-21,-0.123504334390175,2,-0.3459174194012284,0,0.0,0,0.0
2018-12-24,-0.5495577689191717,2,-1.5499746840009876,1,-0.0379705386071161,0,0.0
2018-12-26,0.0449955905926215,2,0.1302753355858053,0,0.0,0,0.0
2018-12-27,0.4056638254364064,2,1.1495493821713294,-1,-0.0938199240868477,-1,0.0
2018-12-28,0.0384516314887321,2,0.1117816424015398,0,0.0,0,0.0
2018-12-31,0.0831685051368461,2,0.2381547031555819,0,0.0,0,0.0
2019-01-02,-0.3896946280804514,2,-1.0981900943957246,1,-0.0845684886528374,0,1.0
2019-01-03,-0.4127220603118885,2,-1.1632672533065358,1,0.3021394651561499,1,1.0
2019-01-04,0.1570947005357394,2,0.4470753816443286,0,0.0,0,0.0
2019-01-07,-0.2998524194307463,2,-0.8442896320934955,0,0.0,0,0.0
2019-01-08,-0.1757748663175531,2,-0.4936376549187051,0,0.0,0,0.0
2019-01-09,-0.2600537855723345,2,-0.7318158662820726,0,0.0,0,0.0
2019-01-10,0.3008328316786371,2,0.853289548639431,0,0.0,0,0.0
2019-01-11,-0.1366183674763083,2,-0.3829786082706862,0,0.0,0,0.0
2019-01-14,-0.2882253253461344,2,-0.8114306384458122,0,0.0,0,0.0
2019-01-15,0.3827079293386801,2,1.0846743894549324,-1,-0.1490967597445968,-1,0.0
2019-01-16,-0.158548857146054,2,-0.4449557295965093,0,0.0,0,0.0
2019-01-17,-0.0369888599796702,2,-0.1014185443260335,0,0.0,0,0.0
2019-01-18,0.1214523858081169,2,0.3463476688812851,0,0.0,0,0.0
2019-01-22,0.0349294956348614,2,0.1018278363338841,0,0.0,0,0.0
2019-01-23,0.2737668538239893,2,0.7767991729770165,0,0.0,0,0.0
2019-01-24,-0.1165138970030406,2,-0.3261619468793043,0,0.0,0,0.0
2019-01-25,-0.5184235564988444,2,-1.461987188527023,1,0.1467779586890738,1,0.0
2019-01-28,-0.3103060141067912,2,-0.8738322330697977,0,0.0,0,0.0
2019-01-29,-0.3401615235152223,2,-0.9582060230177374,0,0.0,0,0.0
2019-01-30,0.1610414949044605,2,0.4582293028345042,0,0.0,0,0.0
2019-01-31,0.3931239752244164,2,1.1141108748830804,-1,-0.1190878962840572,-1,0.0
2019-02-01,0.1827715001142407,2,0.5196398408379146,0,0.0,0,0.0
2019-02-04,0.042921033877313,2,0.1244124909718359,0,0.0,0,0.0
2019-02-05,-0.1178376465015174,2,-0.3299029569756395,0,0.0,0,0.0
2019-02-06,0.0777369875414307,2,0.2228048486806585,0,0.0,0,0.0
2019-02-07,0.0580364573884569,2,0.1671297513225587,0,0.0,0,0.0
2019-02-08,0.3952618414999315,2,1.1201526368104835,-1,-0.278951275963695,-1,0.0
2019-02-11,-0.0562439125505492,2,-0.1558346903989957,0,0.0,0,0.0
2019-02-12,0.1604385091345544,2,0.4565252222242671,0,0.0,0,0.0
2019-02-13,-0.1279258000900103,2,-0.3584127954846315,0,0.0,0,0.0
2019-02-14,-0.1021967405780337,2,-0.2857006460075062,0,0.0,0,0.0
2019-02-15,0.0484379540394988,2,0.1400036991658038,0,0.0,0,0.0
2019-02-19,-0.0225096778080535,2,-0.0604993471871312,0,0.0,0,0.0
2019-02-20,0.0579615993263284,2,0.1669181971225102,0,0.0,0,0.0
2019-02-21,0.1515180559496597,2,0.4313153879867648,0,0.0,0,0.0
2019-02-22,-0.0445276555571119,2,-0.1227237160385584,0,0.0,0,0.0
2019-02-25,-0.0600765974818898,2,-0.1666661302149999,0,0.0,0,0.0
2019-02-26,0.187199923683902,2,0.5321548803555987,0,0.0,0,0.0
2019-02-27,0.0580726981073852,2,0.1672321701680921,0,0.0,0,0.0
2019-02-28,0.2718648771708492,2,0.7714240518754949,0,0.0,0,0.0
2019-03-01,0.0275419832501651,2,0.0809502016682987,0,0.0,0,0.0
2019-03-04,-0.1684312429202629,2,-0.4728840536485568,0,0.0,0,0.0
2019-03-05,-0.0450854338231843,2,-0.124300037032292,0,0.0,0,0.0
2019-03-06,0.084979114898851,2,0.2432716149338129,0,0.0,0,0.0
2019-03-07,0.0091906881872105,2,0.0290881384982379,0,0.0,0,0.0
2019-03-08,0.0828575134627981,2,0.2372758185978701,0,0.0,0,0.0
2019-03-11,0.0749277142678553,2,0.2148656428929298,0,0.0,0,0.0
2019-03-12,-0.028320324376231,2,-0.0769206470650921,0,0.0,0,0.0
2019-03-13,0.0996040849347872,2,0.2846028189312411,0,0.0,0,0.0
2019-03-14,-0.0296302204866295,2,-0.0806225065028405,0,0.0,0,0.0
2019-03-15,0.3421810030279826,2,0.9701424174494976,0,0.0,0,0.0
2019-03-18,-0.148903139581105,2,-0.4176962467121769,0,0.0,0,0.0
2019-03-19,-0.0812152900452577,2,-0.2264055766842004,0,0.0,0,0.0
2019-03-20,0.0391269103337645,2,0.1136900283763897,0,0.0,0,0.0
2019-03-21,0.2859314929573505,2,0.8111773071093004,0,0.0,0,0.0
2019-03-22,0.3583049111545225,2,1.0157097269466309,-1,-0.2965267985669305,-1,0.0
2019-03-25,-0.0681455501645427,2,-0.1894695635589898,0,0.0,0,0.0
2019-03-26,0.0811583090209031,2,0.2324737461663555,0,0.0,0,0.0
2019-03-27,-0.2384443747374983,2,-0.6707461365469533,0,0.0,0,0.0
2019-03-28,-0.2335799350096225,2,-0.6569988843999742,0,0.0,0,0.0
2019-03-29,0.2401374262133969,2,0.6817600221633887,0,0.0,0,0.0
2019-04-01,-0.2082384158767165,2,-0.5853819515574985,0,0.0,0,0.0
2019-04-02,-0.1367674629060452,2,-0.3833999625439874,0,0.0,0,0.0
2019-04-03,-0.071755403552467,2,-0.1996712656076433,0,0.0,0,0.0
2019-04-04,-0.373869041192591,2,-1.053465861906088,1,0.1721478991900221,1,1.0
2019-04-05,-0.0015672622162387,2,-0.0013145933792713,0,0.0,0,0.0
2019-04-08,-0.0031267088237606,2,-0.005721700245146,0,0.0,0,0.0
2019-04-09,0.302626563388546,2,0.8583587618437475,0,0.0,0,0.0
2019-04-10,-0.1321839571683083,2,-0.3704466498052746,0,0.0,0,0.0
2019-04-11,0.0714507576594014,2,0.2050395165814844,0,0.0,0,0.0
2019-04-12,-0.0289019701752423,2,-0.0785644194020001,0,0.0,0,0.0
2019-04-15,0.1779380537714695,2,0.5059801781984135,0,0.0,0,0.0
2019-04-16,0.2219932386677797,2,0.630483259546248,0,0.0,0,0.0
2019-04-17,0.0747354441119615,2,0.2143222737772093,0,0.0,0,0.0
2019-04-18,-0.1355181677402802,2,-0.3798693656796958,0,0.0,0,0.0
2019-04-22,0.281744895247085,2,0.7993456846449147,0,0.0,0,0.0
2019-04-23,-0.0006995736616853,2,0.0011375560997606,0,0.0,0,0.0
2019-04-24,-0.113280538619411,2,-0.3170242464517333,0,0.0,0,0.0
2019-04-25,0.3640817157469311,2,1.0320353869975871,-1,-0.1146015721844293,-1,0.0
2019-04-26,-0.0536874815599554,2,-0.1486100348600133,0,0.0,0,0.0
2019-04-29,0.0424968157253854,2,0.1232136203462109,0,0.0,0,0.0
2019-04-30,0.3753614965298822,2,1.063912848588337,-1,-0.0430084487289027,-1,0.0
2019-05-01,-0.3071323002642323,2,-0.8648630923512904,0,0.0,0,0.0
2019-05-02,-0.0869467381987865,2,-0.2426030562176358,0,0.0,0,0.0
2019-05-03,-0.0667927830316035,2,-0.1856465475668105,0,0.0,0,0.0
2019-05-06,0.1029395281668388,2,0.2940290183905917,0,0.0,0,0.0
2019-05-07,0.0667281975680127,2,0.1916932263636114,0,0.0,0,0.0
2019-05-08,-0.0120762609779704,2,-0.0310137702365623,0,0.0,0,0.0
2019-05-09,-0.1012744395511769,2,-0.283094157803128,0,0.0,0,0.0
2019-05-10,0.3021062527490832,2,0.8568883270237904,0,0.0,0,0.0
2019-05-13,0.1573405482143945,2,0.4477701646444866,0,0.0,0,0.0
2019-05-14,-0.1683363896521918,2,-0.4726159915764407,0,0.0,0,0.0
2019-05-15,0.1948883940823573,2,0.5538830437423211,0,0.0,0,0.0
2019-05-16,0.2113691241139311,2,0.6004587572848283,0,0.0,0,0.0
2019-05-17,0.1384133101154001,2,0.3942804455506892,0,0.0,0,0.0
2019-05-20,0.0277157710211232,2,0.0814413382515586,0,0.0,0,0.0
2019-05-21,-0.1710367067641435,2,-0.4802472795132761,0,0.0,0,0.0
2019-05-22,0.4145579604086287,2,1.1746848392706812,-1,0.0286367601369104,0,0.0
2019-05-23,0.1899806081649935,2,0.5400132921853716,0,0.0,0,0.0
2019-05-24,-0.1591828770228974,2,-0.4467475147970159,0,0.0,0,0.0
2019-05-28,-0.1220481654994196,2,-0.3418021826977936,0,0.0,0,0.0
2019-05-29,0.0341540835260598,2,0.0996364666440861,0,0.0,0,0.0
2019-05-30,0.1704058042249056,2,0.4846935060340531,0,0.0,0,0.0
2019-05-31,0.0744920728080831,2,0.2136344891880441,0,0.0,0,0.0
2019-06-03,-0.1174134155739348,2,-0.3287040502451062,0,0.0,0,0.0
2019-06-04,-0.1026329113340565,2,-0.2869332955411869,0,0.0,0,0.0
2019-06-05,0.5060625103661655,2,1.4332831961695156,-1,-0.0987277166339759,-1,0.0
2019-06-06,0.1929886528672918,2,0.548514240147561,0,0.0,0,0.0
2019-06-07,0.1255127239840025,2,0.3578224729344704,0,0.0,0,0.0
2019-06-10,-0.0763681796674093,2,-0.2127072985111417,0,0.0,0,0.0
2019-06-11,-0.3087894871524302,2,-0.8695464201919403,0,0.0,0,0.0
2019-06-12,0.1929405492101924,2,0.5483782957962419,0,0.0,0,0.0
2019-06-13,-0.3700057425012488,2,-1.042547905430108,1,-0.0372874378225381,0,1.0
2019-06-14,0.116184266040914,2,0.3314595882735214,0,0.0,0,0.0
2019-06-17,-0.1835476591030796,2,-0.5156041193599274,0,0.0,0,0.0
2019-06-18,-0.0680805275231876,2,-0.1892858049565655,0,0.0,0,0.0
2019-06-19,0.224275622224178,2,0.6369334375731482,0,0.0,0,0.0
2019-06-20,0.0648676383015671,2,0.1864351537383813,0,0.0,0,0.0
2019-06-21,0.1042511152725458,2,0.2977356567011777,0,0.0,0,0.0
2019-06-24,0.1751972115227352,2,0.4982343633469059,0,0.0,0,0.0
2019-06-25,-0.0247890818808791,2,-0.0669411049818503,0,0.0,0,0.0
2019-06-26,-0.4256395149451614,2,-1.1997728975070674,1,0.2446723143006654,1,1.0
2019-06-27,-0.125408912568216,2,-0.351299892596882,0,0.0,0,0.0
2019-06-28,-0.1790695614326162,2,-0.502948697305486,0,0.0,0,0.0
2019-07-01,0.2437413042221934,2,0.6919448373662512,0,0.0,0,0.0
2019-07-02,0.2612070554578456,2,0.7413042907883968,0,0.0,0,0.0
2019-07-03,0.1665009319426045,2,0.4736580596374373,0,0.0,0,0.0
2019-07-05,-0.1049741361026288,2,-0.2935497630126364,0,0.0,0,0.0
2019-07-08,-0.0668288557287835,2,-0.1857484915709501,0,0.0,0,0.0
2019-07-09,0.134588580743588,2,0.3834714887109222,0,0.0,0,0.0
2019-07-10,0.2103786931135464,2,0.5976597289366204,0,0.0,0,0.0
2019-07-11,0.1138182837415566,2,0.3247731542617759,0,0.0,0,0.0
2019-07-12,-0.2197012326043335,2,-0.617776685727218,0,0.0,0,0.0
2019-07-15,0.1241839304861591,2,0.3540672081376967,0,0.0,0,0.0
2019-07-16,-0.2493624380163035,2,-0.7016013587815496,0,0.0,0,0.0
2019-07-17,0.3385273183732681,2,0.9598168451279668,0,0.0,0,0.0
2019-07-18,0.2942807491789057,2,0.8347728981615866,0,0.0,0,0.0
2019-07-19,-0.2808436995807524,2,-0.7905696397844811,0,0.0,0,0.0
2019-07-22,0.1577856112256967,2,0.4490279443231211,0,0.0,0,0.0
2019-07-23,-0.3858791581180978,2,-1.087407305304697,1,0.1979282314337906,1,1.0
2019-07-24,-0.14587589953827,2,-0.4091410513543638,0,0.0,0,0.0
2019-07-25,0.1306595192425367,2,0.3723676818641824,0,0.0,0,0.0
2019-07-26,0.2694976951369494,2,0.7647342273287266,0,0.0,0,0.0
2019-07-29,0.0562686634351388,2,0.162133840060486,0,0.0,0,0.0
2019-07-30,-0.4200965703155349,2,-1.184108142319836,1,0.0675827630054113,1,1.0
2019-07-31,-0.1581602566143557,2,-0.4438575168952413,0,0.0,0,0.0
2019-08-01,0.6441987192099867,1,1.8236659328948843,0,0.0,0,0.0
2019-08-02,-0.081658819068257,2,-0.2276590212029461,0,0.0,0,0.0
2019-08-05,-0.3649336083514667,2,-1.0282136940962148,1,0.0594334940343265,1,1.0
2019-08-06,0.3794501366506516,2,1.0754676359477882,-1,-0.0046396225869081,-1,0.0
2019-08-07,0.1335474074374631,2,0.3805290590029375,0,0.0,0,0.0
2019-08-08,0.2853618714871543,2,0.8095675163796,0,0.0,0,0.0
2019-08-09,0.1179738415046043,2,0.3365170556308446,0,0.0,0,0.0
2019-08-12,0.0453392834204227,2,0.1312466359264826,0,0.0,0,0.0
2019-08-13,0.1961196714589721,2,0.557362721054838,0,0.0,0,0.0
2019-08-14,0.0239652182880483,2,0.0708420098609409,0,0.0,0,0.0
2019-08-15,0.5705534439954997,2,1.615539154798423,-1,-0.1943840135119954,-1,0.0
2019-08-16,-0.0861883116278871,2,-0.2404596888642742,0,0.0,0,0.0
2019-08-19,-0.0522685953822408,2,-0.1446001617514767,0,0.0,0,0.0
2019-08-20,-0.1519247169872742,2,-0.4262354390566079,0,0.0,0,0.0
2019-08-21,0.0327444473313768,2,0.0956527346445372,0,0.0,0,0.0
2019-08-22,0.0259418856136052,2,0.0764282121072975,0,0.0,0,0.0
2019-08-23,-0.1114745188626373,2,-0.3119203063542711,0,0.0,0,0.0
2019-08-26,0.2772184934966696,2,0.7865537518299387,0,0.0,0,0.0
2019-08-27,0.1623606566561549,2,0.4619573476326073,0,0.0,0,0.0
2019-08-28,-0.3248724712403898,2,-0.9149980754495912,0,0.0,0,0.0
2019-08-29,-0.0497458499865829,2,-0.1374707040961582,0,0.0,0,0.0
2019-08-30,0.0894165396692559,2,0.2558120924840703,0,0.0,0,0.0
2019-09-03,0.283809041454611,2,0.8051791084245289,0,0.0,0,0.0
2019-09-04,-0.0133190607467797,2,-0.0345260106477494,0,0.0,0,0.0
2019-09-05,-0.4016200202095611,2,-1.1318920995024997,1,0.5594651223964315,1,1.0
2019-09-06,-0.1346816116059127,2,-0.3775051986311559,0,0.0,0,0.0
2019-09-09,-0.8746167564426143,0,-2.468614468664913,0,0.0,0,0.0
2019-09-10,-0.8281831517497311,1,-2.337389804054882,0,0.0,0,0.0
2019-09-11,0.0072600375912479,2,0.0236319827978563,0,0.0,0,0.0
2019-09-12,0.162983916905094,2,0.4637187253604994,0,0.0,0,0.0
2019-09-13,-0.2695279427354667,2,-0.7585905072865283,0,0.0,0,0.0
2019-09-16,-0.0520885556829542,2,-0.1440913567747441,0,0.0,0,0.0
2019-09-17,0.4418815003867097,2,1.2519031037861648,-1,-0.0937978823595824,-1,0.0
2019-09-18,0.1195304964245161,2,0.3409162729892654,0,0.0,0,0.0
2019-09-19,0.1578451021868704,2,0.4491960700044888,0,0.0,0,0.0
2019-09-20,0.0079004021537759,2,0.0254416985307114,0,0.0,0,0.0
2019-09-23,-0.0412640550143085,2,-0.1135005491213421,0,0.0,0,0.0
2019-09-24,0.2428466746279516,2,0.6894165505956878,0,0.0,0,0.0
2019-09-25,-0.0146838759406279,2,-0.0383830753157191,0,0.0,0,0.0
2019-09-26,0.1570491952947089,2,0.4469467806013614,0,0.0,0,0.0
2019-09-27,-0.4636863459751184,2,-1.3072959441109822,1,0.0963908193036791,1,1.0
2019-09-30,0.0362190035657826,2,0.1054720773284465,0,0.0,0,0.0
2019-10-01,0.0940882686753498,2,0.2690147304448398,0,0.0,0,0.0
2019-10-02,-0.2803789214747006,2,-0.7892561438479041,0,0.0,0,0.0
2019-10-03,0.173179338531313,2,0.4925317109623582,0,0.0,0,0.0
2019-10-04,0.5073833392124916,2,1.4370159522954462,-1,-0.114704620829177,-1,0.0
2019-10-07,-0.0692977276850703,2,-0.1927256990604754,0,0.0,0,0.0
2019-10-08,-0.1249663082495522,2,-0.3500490613582615,0,0.0,0,0.0
2019-10-09,0.1080910239259188,2,0.3085875112686794,0,0.0,0,0.0
2019-10-10,-0.1207819825752921,2,-0.3382238598289889,0,0.0,0,0.0
2019-10-11,-0.3672955266714393,2,-1.0348886430135924,1,0.1665735557860323,1,1.0
2019-10-14,-0.1176428893865966,2,-0.3293525595370834,0,0.0,0,0.0
2019-10-15,-0.1856818681214369,2,-0.5216355456188617,0,0.0,0,0.0
2019-10-16,-0.2043794380777955,2,-0.574476206230374,0,0.0,0,0.0
2019-10-17,-0.0852545595947677,2,-0.2378208393029391,0,0.0,0,0.0
2019-10-18,-0.2835891225559355,2,-0.7983284000942595,0,0.0,0,0.0
2019-10-21,-0.0364024615612393,2,-0.0997613407491111,0,0.0,0,0.0
2019-10-22,-0.6170456821908918,1,-1.7407003199469238,0,0.0,0,0.0
2019-10-23,-0.0137051862815528,2,-0.0356172288319307,0,0.0,0,0.0
2019-10-24,0.3902033480700654,2,1.1058569751198468,-1,0.1089373591033655,0,0.0
2019-10-25,-0.2567639797512281,2,-0.7225186413872546,0,0.0,0,0.0
2019-10-28,-0.0556979941275063,2,-0.154291886163958,0,0.0,0,0.0
2019-10-29,0.0710964391116152,2,0.2040381872014827,0,0.0,0,0.0
2019-10-30,0.3800185507716033,2,1.0770740146227764,-1,0.1001685819305157,0,0.0
2019-10-31,0.1185805764374807,2,0.3382317316419039,0,0.0,0,0.0
2019-11-01,-0.5141810666695599,2,-1.4499976109647914,1,0.0835387940523475,1,0.0
2019-11-04,-0.5365282386633862,2,-1.5131523061315442,1,0.1047730354412929,1,0.0
2019-11-05,-0.049418750123449,2,-0.1365462966520747,0,0.0,0,0.0
2019-11-06,0.2915044072000011,2,0.8269267585514015,0,0.0,0,0.0
2019-11-07,0.0288281457718462,2,0.0845849882987552,0,0.0,0,0.0
2019-11-08,0.0661943269843442,2,0.1901844701782922,0,0.0,0,0.0
2019-11-11,-0.1195761314832841,2,-0.334816039002564,0,0.0,0,0.0
2019-11-12,0.2306380313961271,2,0.654914057755944,0,0.0,0,0.0
2019-11-13,0.3620711168293598,2,1.026353291662352,-1,-0.2090435688291881,-1,0.0
2019-11-14,-0.1404361938932059,2,-0.3937680568696122,0,0.0,0,0.0
2019-11-15,-0.0880867082341782,2,-0.245824692499143,0,0.0,0,0.0
2019-11-18,0.1023449470577363,2,0.292348689948691,0,0.0,0,0.0
2019-11-19,0.140213390970349,2,0.3993676018898094,0,0.0,0,0.0
2019-11-20,0.2033731238361773,2,0.5778614926182155,0,0.0,0,0.0
2019-11-21,-0.1579091256774704,2,-0.443147803032104,0,0.0,0,0.0
2019-11-22,-0.1232270906200739,2,-0.345133908816871,0,0.0,0,0.0
2019-11-25,-0.1973164709417553,2,-0.5545157594869273,0,0.0,0,0.0
2019-11-26,0.0626195262726704,2,0.1800818294821889,0,0.0,0,0.0
2019-11-27,-0.0193007450762768,2,-0.0514306753864236,0,0.0,0,0.0
2019-11-29,0.0994023679015632,2,0.2840327522692615,0,0.0,0,0.0
2019-12-02,-0.0282841618632778,2,-0.0768184492351987,0,0.0,0,0.0
2019-12-03,0.1191590537417446,2,0.3398665495876272,0,0.0,0,0.0
2019-12-04,0.0598671624029846,2,0.1723034537115986,0,0.0,0,0.0
2019-12-05,-0.1253006117846586,2,-0.3509938268909494,0,0.0,0,0.0
2019-12-06,-0.0778966789495201,2,-0.2170269460375032,0,0.0,0,0.0
2019-12-09,-0.0562233993549321,2,-0.15577671865132,0,0.0,0,0.0
2019-12-10,0.0295172647918477,2,0.086532487591007,0,0.0,0,0.0
2019-12-11,0.1659500055412072,2,0.4721011024998999,0,0.0,0,0.0
2019-12-12,-0.0489183787818803,2,-0.1351322117040698,0,0.0,0,0.0
2019-12-13,0.2833297846334179,2,0.8038246946106737,0,0.0,0,0.0
2019-12-16,0.1083739222806312,2,0.3093870021107407,0,0.0,0,0.0
2019-12-17,0.0899200510306647,2,0.2572350513511501,0,0.0,0,0.0
2019-12-18,-0.1039238850287044,2,-0.2905816788881405,0,0.0,0,0.0
2019-12-19,0.1548987395120195,2,0.4408694398325676,0,0.0,0,0.0
2019-12-20,0.0923210196290688,2,0.2640203591287537,0,0.0,0,0.0
2019-12-23,-0.2394354559616124,2,-0.6735470024735996,0,0.0,0,0.0
2019-12-24,-0.0164513011745905,2,-0.0433779445507064,0,0.0,0,0.0
2019-12-26,-0.0475007141271157,2,-0.1311257907061434,0,0.0,0,0.0
2019-12-27,0.1198846497215955,2,0.3419171353590333,0,0.0,0,0.0
2019-12-30,-0.0911122565803263,2,-0.2543751070019733,0,0.0,0,0.0
2019-12-31,-0.0700777033051197,2,-0.1949299655571638,0,0.0,0,0.0
2020-01-02,0.1701788260489243,2,0.4840520495885771,0,0.0,0,0.0
2020-01-03,0.0696233964646606,2,0.1998752640646428,0,0.0,0,0.0
2020-01-06,0.0753378484813735,2,0.2160247113083584,0,0.0,0,0.0
2020-01-07,0.0027005874686341,2,0.0107466529359284,0,0.0,0,0.0
2020-01-08,0.0443718567227192,2,0.1285126193714339,0,0.0,0,0.0
2020-01-09,0.2911001887653598,2,0.8257844085472218,0,0.0,0,0.0
2020-01-10,-0.0664904275910061,2,-0.1847920696181818,0,0.0,0,0.0
2020-01-13,0.0681529180044196,2,0.1957195875015656,0,0.0,0,0.0
2020-01-14,-0.0934585111274144,2,-0.2610057889847267,0,0.0,0,0.0
2020-01-15,0.3016467196262332,2,0.8555896537822438,0,0.0,0,0.0
2020-01-16,0.0305268828119884,2,0.0893857398197213,0,0.0,0,0.0
2020-01-17,0.1900013912874723,2,0.540072026765529,0,0.0,0,0.0
2020-01-21,0.321419659296872,2,0.9114693855798408,0,0.0,0,0.0
2020-01-22,0.2102880857999297,2,0.5974036662333431,0,0.0,0,0.0
2020-01-23,0.0133800518504519,2,0.0409275777421733,0,0.0,0,0.0
2020-01-24,0.2879620946653076,2,0.8169159317507783,0,0.0,0,0.0
2020-01-27,0.1115510069866997,2,0.3183656691289273,0,0.0,0,0.0
2020-01-28,0.0853138118280127,2,0.2442174922260401,0,0.0,0,0.0
2020-01-29,0.1502897789737308,2,0.427844190019677,0,0.0,0,0.0
2020-01-30,0.521658557923178,2,1.4773587342081278,-1,-0.2713628841862893,-1,0.0
2020-01-31,0.0100658354139004,2,0.0315613667144481,0,0.0,0,0.0
2020-02-03,0.2674968696000854,2,0.7590797522614828,0,0.0,0,0.0
2020-02-04,-0.2658312321714221,2,-0.7481433406894998,0,0.0,0,0.0
2020-02-05,-0.1358104970074176,2,-0.3806955089500605,0,0.0,0,0.0
2020-02-06,0.146582075723302,2,0.4173659573102186,0,0.0,0,0.0
2020-02-07,0.1733827299776177,2,0.4931065096346219,0,0.0,0,0.0
2020-02-10,0.1465246927614251,2,0.4172037889845753,0,0.0,0,0.0
2020-02-11,-0.1097539165846062,2,-0.3070577621181459,0,0.0,0,0.0
2020-02-12,-0.1587632443033531,2,-0.4455616029289667,0,0.0,0,0.0
2020-02-13,0.2116906570540128,2,0.6013674322089996,0,0.0,0,0.0
2020-02-14,0.147826396481935,2,0.4208824961466689,0,0.0,0,0.0
2020-02-18,0.0874050550321174,2,0.2501274940424338,0,0.0,0,0.0
2020-02-19,0.0094381513264387,2,0.0297874869047067,0,0.0,0,0.0
2020-02-20,-0.4501396131240563,2,-1.2690119149751875,1,0.8209812255992122,1,1.0
2020-02-21,-0.0317777538206038,2,-0.086691588224011,0,0.0,0,0.0
2020-02-24,0.0885388693020448,2,0.253331733693552,0,0.0,0,0.0
2020-02-25,0.3918821438774047,2,1.1106013713006715,-1,-0.1270984915124334,-1,0.0
2020-02-26,0.5196433803044995,2,1.4716636991383814,-1,0.3398881192024589,0,0.0
2020-02-27,-0.5321846218051678,2,-1.5008769364034311,1,0.363340092316671,1,0.0
2020-02-28,-0.5713601603078345,1,-1.6115897904868386,0,0.0,0,0.0
2020-03-02,1.3013507902728625,0,3.680824357130474,0,0.0,0,0.0
2020-03-03,-0.2053005595456563,2,-0.5770793609172563,0,0.0,0,0.0
2020-03-04,1.1588385137316557,0,3.278074542300825,0,0.0,0,0.0
2020-03-05,0.3708416124751559,2,1.0511393352442695,-1,-3.419174928021759,-1,0.0
2020-03-06,0.3573761810573598,2,1.0130850697329707,-1,-2.56039971070231,-1,0.0
2020-03-09,1.2234128214143718,0,3.4605661219258743,0,0.0,0,0.0
2020-03-10,-0.1321414192536978,2,-0.3703264346375119,0,0.0,0,0.0
2020-03-11,0.5652640943731075,2,1.600591077112135,-1,-1.992691834096048,-1,0.0
2020-03-12,-0.0281326908032246,2,-0.0763903812619049,0,0.0,0,0.0
2020-03-13,0.8728142353328172,0,2.469749617896098,0,0.0,0,0.0
2020-03-16,1.5395094200561277,0,4.35387755909486,0,0.0,0,0.0
2020-03-17,4.1793417213981465,0,11.814231125472771,0,0.0,0,0.0
2020-03-18,2.034370567096796,0,5.752390306025748,0,0.0,0,0.0
2020-03-19,-3.048333315546603,0,-8.61169184360348,0,0.0,0,0.0
2020-03-20,-1.3442483123255031,0,-3.7958265991602382,0,0.0,0,0.0
2020-03-23,-0.5367831541049384,2,-1.5138727152736482,1,1.2410312044091567,1,0.0
2020-03-24,-0.5859965155197493,1,-1.6529531698001654,0,0.0,0,0.0
2020-03-25,-2.295533244748979,0,-6.484225379127878,0,0.0,0,0.0
2020-03-26,1.4123440398753069,0,3.994499163327258,0,0.0,0,0.0
2020-03-27,0.8388161225422837,0,2.37366853657967,0,0.0,0,0.0
2020-03-30,2.004129024347715,0,5.666925558440767,0,0.0,0,0.0
2020-03-31,-0.7523110964126907,1,-2.122969987184562,0,0.0,0,0.0
2020-04-01,1.159596620349093,0,3.280217005442979,0,0.0,0,0.0
2020-04-02,1.8070861059525083,0,5.110068276926378,0,0.0,0,0.0
2020-04-03,-0.0383812593188379,2,-0.1053535637477223,0,0.0,0,0.0
2020-04-06,-0.7301470579843903,1,-2.0603328404802626,0,0.0,0,0.0
2020-04-07,-1.5821701658850873,0,-4.468210654700484,0,0.0,0,0.0
2020-04-08,-0.7885129193548477,1,-2.225278909898555,0,0.0,0,0.0
2020-04-09,-0.7056809008145644,1,-1.9911897427142864,0,0.0,0,0.0
2020-04-13,0.7832850554135069,1,2.21673379701749,0,0.0,0,0.0
2020-04-14,0.9186026318698218,0,2.59915087843447,0,0.0,0,0.0
2020-04-15,0.7967990711014232,1,2.254925365126638,0,0.0,0,0.0
2020-04-16,1.417468337914361,0,4.008980793516953,0,0.0,0,0.0
2020-04-17,-1.117940497238254,0,-3.156264641180162,0,0.0,0,0.0
2020-04-20,0.1720524725073218,2,0.489347107547725,0,0.0,0,0.0
2020-04-21,-0.4571204480082911,2,-1.2887402501419405,1,0.5553958190278392,1,1.0
2020-04-22,0.589971258824038,2,1.670415278571023,-1,0.3174385632504439,0,0.0
2020-04-23,-0.991495589368272,0,-2.798922351331452,0,0.0,0,0.0
2020-04-24,-0.0724751758482887,2,-0.2017053932343807,0,0.0,0,0.0
2020-04-27,-1.108665469686941,0,-3.1300527546010346,0,0.0,0,0.0
2020-04-28,-1.3087184827819058,0,-3.6954167775160287,0,0.0,0,0.0
2020-04-29,-1.3901877205421358,0,-3.925654629430197,0,0.0,0,0.0
2020-04-30,0.5638489109008822,2,1.59659166811228,-1,0.4658353388020986,0,0.0
2020-05-01,0.5558303750450773,2,1.5739307163016016,-1,0.2924140418637035,0,0.0
2020-05-04,0.4081773490354239,2,1.1566527783744036,-1,-2.27029824904788,-1,0.0
2020-05-05,0.7081865063051112,1,2.004499963684287,0,0.0,0,0.0
2020-05-06,-0.044419201035099,2,-0.1224172158568317,0,0.0,0,0.0
2020-05-07,-0.2488656099149155,2,-0.7001972872819388,0,0.0,0,0.0
2020-05-08,-0.696016142978778,1,-1.9638764506723136,0,0.0,0,0.0
2020-05-11,1.1098567765703746,0,3.139648674364904,0,0.0,0,0.0
2020-05-12,0.7771503280985259,1,2.199396621932615,0,0.0,0,0.0
2020-05-13,0.7994006727085663,1,2.2622776760360384,0,0.0,0,0.0
2020-05-14,-0.3528391101372813,2,-0.9940337831829802,0,0.0,0,0.0
2020-05-15,-0.0188620677831943,2,-0.0501909422009964,0,0.0,0,0.0
2020-05-18,-1.862120900012456,0,-5.259371311646562,0,0.0,0,0.0
2020-05-19,-0.0566881485325789,2,-0.1570901328341702,0,0.0,0,0.0
2020-05-20,-0.2142655556406453,2,-0.6024150765821545,0,0.0,0,0.0
2020-05-21,-0.4446297521281226,2,-1.2534406564863951,1,-0.7010470543762488,0,1.0
2020-05-22,0.2632657788473788,2,0.7471223892992309,0,0.0,0,0.0
2020-05-26,-1.9382674122020325,0,-5.4745667630742725,0,0.0,0,0.0
2020-05-27,-0.5425629026903568,2,-1.530206695257935,1,0.540444036153027,1,0.0
2020-05-28,1.3996063483940049,0,3.958501542561105,0,0.0,0,0.0
2020-05-29,0.968438163621254,0,2.7399896305192626,0,0.0,0,0.0
2020-06-01,-0.7517294594096244,1,-2.121326239705619,0,0.0,0,0.0
2020-06-02,-0.3254625744382945,2,-0.9166657489964226,0,0.0,0,0.0
2020-06-03,-1.0728840507658297,0,-3.0289319235079133,0,0.0,0,0.0
2020-06-04,-0.8086140048273225,1,-2.282086005037291,0,0.0,0,0.0
2020-06-05,-0.9054062265867596,0,-2.555627697982544,0,0.0,0,0.0
2020-06-08,-0.5283702497778426,2,-1.4900972501547702,1,0.7280976372442233,1,0.0
2020-06-09,0.8198227114193879,0,2.319991807820672,0,0.0,0,0.0
2020-06-10,1.2483281067238932,0,3.530978487712033,0,0.0,0,0.0
2020-06-11,0.675208165783173,1,1.9113008312238684,0,0.0,0,0.0
2020-06-12,-1.063107811563754,0,-3.00130357720732,0,0.0,0,0.0
2020-06-15,-0.0945691803444093,2,-0.2641446190724795,0,0.0,0,0.0
2020-06-16,-0.2154630359176332,2,-0.6057992408908316,0,0.0,0,0.0
2020-06-17,0.7940120203121583,1,2.2470489616578275,0,0.0,0,0.0
2020-06-18,0.2385238467845703,2,0.6771999320999551,0,0.0,0,0.0
2020-06-19,0.2688657696194728,2,0.7629483609365338,0,0.0,0,0.0
2020-06-22,0.2629039159357506,2,0.7460997390112059,0,0.0,0,0.0
2020-06-23,-0.3004186816117772,2,-0.8458899292334355,0,0.0,0,0.0
2020-06-24,0.656087731019424,1,1.8572651246345089,0,0.0,0,0.0
2020-06-25,0.1114556443860007,2,0.3180961676466317,0,0.0,0,0.0
2020-06-26,0.1837923276942252,2,0.5225247720788584,0,0.0,0,0.0
2020-06-29,-0.5124359047743459,2,-1.4450656595062656,1,0.303099042043494,1,0.0
2020-06-30,0.1266354954173455,2,0.360995504745131,0,0.0,0,0.0
2020-07-01,0.2667097377799959,2,0.7568552618352428,0,0.0,0,0.0
2020-07-02,0.0676200698057268,2,0.1942137206487982,0,0.0,0,0.0
2020-07-06,-0.1131414986605313,2,-0.3166313096532216,0,0.0,0,0.0
2020-07-07,0.7984856592227253,1,2.259691782940137,0,0.0,0,0.0
2020-07-08,0.0722239523963692,2,0.2072246198210005,0,0.0,0,0.0
2020-07-09,0.5948060500989539,2,1.6840787420842829,-1,-0.376697104933328,-1,0.0
2020-07-10,-0.2916836875799203,2,-0.8212042157338603,0,0.0,0,0.0
2020-07-13,-0.2678559085330916,2,-0.7538652198815466,0,0.0,0,0.0
2020-07-14,0.1550438602331122,2,0.4412795612969533,0,0.0,0,0.0
2020-07-15,-1.2299639109029177,0,-3.472850764179769,0,0.0,0,0.0
2020-07-16,0.4182451947169042,2,1.1851052252958951,-1,0.1293343469065413,0,0.0
2020-07-17,0.5533830814804488,2,1.5670144908794157,-1,0.0663299981661928,0,0.0
2020-07-20,0.6933850521157852,1,1.962670002935348,0,0.0,0,0.0
2020-07-21,-0.4173306705097528,2,-1.1762915130325051,1,0.116475433816561,1,1.0
2020-07-22,-0.0342274331336312,2,-0.0936145559406101,0,0.0,0,0.0
2020-07-23,-0.0521367742377016,2,-0.1442276258349766,0,0.0,0,0.0
2020-07-24,-0.084857142538725,2,-0.2366977104777179,0,0.0,0,0.0
2020-07-27,-0.022212587760376,2,-0.0596597496128461,0,0.0,0,0.0
2020-07-28,-0.0759658947328719,2,-0.2115704127155741,0,0.0,0,0.0
2020-07-29,-0.3099930653242292,2,-0.8729478175844301,0,0.0,0,0.0
2020-07-30,0.3537783696226174,2,1.0029173990992375,-1,-0.3973537903748433,-1,0.0
2020-07-31,0.4307000334255962,2,1.2203034840382465,-1,-0.2743685603030817,-1,0.0
2020-08-03,-0.0414469164358796,2,-0.1140173284856515,0,0.0,0,0.0
2020-08-04,-0.2102640890069783,2,-0.5911066476883783,0,0.0,0,0.0
2020-08-05,-0.5161460138371846,2,-1.4555506912124574,1,0.2779272057246524,1,0.0
2020-08-06,-0.0349779393977983,2,-0.09573553994464,0,0.0,0,0.0
2020-08-07,-0.2655400823957203,2,-0.7473205307457005,0,0.0,0,0.0
2020-08-10,-0.8876176811390283,0,-2.505356005191985,0,0.0,0,0.0
2020-08-11,-0.5763755903040989,1,-1.625763751855721,0,0.0,0,0.0
2020-08-12,0.4079274230161815,2,1.155946469694099,-1,0.3150791512428487,0,0.0
2020-08-13,0.3134403253852643,2,0.8889192212476142,0,0.0,0,0.0
2020-08-14,-0.2529104232429908,2,-0.7116282170126261,0,0.0,0,0.0
2020-08-17,0.0258105185925279,2,0.0760569595759529,0,0.0,0,0.0
2020-08-18,0.3651832409901638,2,1.0351483755660766,-1,-0.3824108890236609,-1,0.0
2020-08-19,0.0800464418494734,2,0.2293315305742903,0,0.0,0,0.0
2020-08-20,0.0973569085233373,2,0.2782521387964013,0,0.0,0,0.0
2020-08-21,-0.122460855489959,2,-0.3429684739205972,0,0.0,0,0.0
2020-08-24,-0.4969305692111032,2,-1.401246480004478,1,-0.0914714564401204,0,0.0
2020-08-25,0.1088504783250597,2,0.3107337833376482,0,0.0,0,0.0
2020-08-26,0.4492516205247313,2,1.2727315867274376,-1,-0.1312767924902887,-1,0.0
2020-08-27,-0.3315951682829161,2,-0.933996894742541,0,0.0,0,0.0
2020-08-28,-0.3260481657048231,2,-0.9183206715047448,0,0.0,0,0.0
2020-08-31,0.6344361287061295,1,1.796076158784797,0,0.0,0,0.0
2020-09-01,-0.2972727260299889,2,-0.8369992353312774,0,0.0,0,0.0
2020-09-02,0.4113541942771882,2,1.1656307686494594,-1,-0.4222681588236179,-1,0.0
2020-09-03,-0.7986820918897435,1,-2.254017713704105,0,0.0,0,0.0
2020-09-04,-0.5679194077246205,1,-1.601865979321957,0,0.0,0,0.0
2020-09-08,-0.5527236613052796,2,-1.5589217207280788,1,0.4364576412886535,1,0.0
2020-09-09,0.5684927752981239,2,1.6097155587094687,-1,0.1204988672976025,0,0.0
2020-09-10,-0.4719709416797518,2,-1.3307087999502114,1,0.5119926590410401,1,1.0
2020-09-11,0.0296280526721523,2,0.0868455820089827,0,0.0,0,0.0
2020-09-14,-0.3960060051656875,2,-1.1160264942771336,1,-0.244702838538084,0,1.0
2020-09-15,0.0911754624428608,2,0.260782933162236,0,0.0,0,0.0
2020-09-16,-0.6466460192278187,1,-1.824352974650468,0,0.0,0,0.0
2020-09-17,0.0371836772674328,2,0.1081983137211287,0,0.0,0,0.0
2020-09-18,0.2069386083258581,2,0.5879378050093216,0,0.0,0,0.0
2020-09-21,1.2365520836935535,0,3.497698610286683,0,0.0,0,0.0
2020-09-22,0.1121792226387458,2,0.3201410511779363,0,0.0,0,0.0
2020-09-23,0.0889160801923931,2,0.2543977584594648,0,0.0,0,0.0
2020-09-24,0.2394219161881853,2,0.6797379400161048,0,0.0,0,0.0
2020-09-25,0.1012982687275421,2,0.2893907026517155,0,0.0,0,0.0
2020-09-28,-0.3789075977352698,2,-1.0677051805376014,1,0.1189654223288711,1,1.0
2020-09-29,0.3075698101072696,2,0.8723287281437913,0,0.0,0,0.0
2020-09-30,0.0456500891821805,2,0.1321249950828585,0,0.0,0,0.0
2020-10-01,-0.1047836452642935,2,-0.2930114223747047,0,0.0,0,0.0
2020-10-02,-0.8452504005940368,0,-2.385623061417157,0,0.0,0,0.0
2020-10-05,-0.0336508368230328,2,-0.091985053816575,0,0.0,0,0.0
2020-10-06,0.0917493515379155,2,0.2624047845028762,0,0.0,0,0.0
2020-10-07,-0.1311152211980968,2,-0.3674263260510608,0,0.0,0,0.0
2020-10-08,-0.3132832293687456,2,-0.8822460548440463,0,0.0,0,0.0
2020-10-09,0.4469863011424393,2,1.2663296332684713,-1,0.0061583768676751,0,0.0
2020-10-12,0.5240025061127386,2,1.4839828982607095,-1,0.0636147090355999,0,0.0
2020-10-13,0.3971019939368578,2,1.125353038286185,-1,0.1051539735221573,0,0.0
2020-10-14,-0.1205051997207581,2,-0.3374416518247587,0,0.0,0,0.0
2020-10-15,-0.3266756252957343,2,-0.9200939168712904,0,0.0,0,0.0
2020-10-16,0.32913792780684,2,0.9332817605459816,0,0.0,0,0.0
2020-10-19,-0.1201722293090521,2,-0.3365006537934799,0,0.0,0,0.0
2020-10-20,-0.3758081235476879,2,-1.0589458463566128,1,0.2621266540157876,1,1.0
2020-10-21,0.2631323335689405,2,0.7467452634649847,0,0.0,0,0.0
2020-10-22,-0.6416846734529036,1,-1.8103318591322184,0,0.0,0,0.0
2020-10-23,-0.115874284383457,2,-0.3243543561906136,0,0.0,0,0.0
2020-10-26,0.4204133025922878,2,1.1912324521323074,-1,-2.9426493671820184,-1,0.0
2020-10-27,0.5022559674590151,2,1.4225256355704985,-1,0.2614690992330997,0,0.0
2020-10-28,-0.2895356126242738,2,-0.8151336033513776,0,0.0,0,0.0
2020-10-29,-0.3857132454635824,2,-1.0869384243598008,1,0.3326697106705018,1,1.0
2020-10-30,-0.3287631476402842,2,-0.925993403274324,0,0.0,0,0.0
2020-11-02,-0.2358592509082329,2,-0.6634403930080987,0,0.0,0,0.0
2020-11-03,-0.1136814695319003,2,-0.3181573056848295,0,0.0,0,0.0
2020-11-04,1.1755731403911405,0,3.325367785745729,0,0.0,0,0.0
2020-11-05,-0.3833889502392656,2,-1.080369800982766,1,-0.2149060641153397,0,1.0
2020-11-06,0.5655545992519241,2,1.6014120645315355,-1,-0.2917912543455294,-1,0.0
2020-11-09,-2.5222360645897304,0,-7.124903648594872,0,0.0,0,0.0
2020-11-10,-0.3489376417276056,2,-0.9830079563721492,0,0.0,0,0.0
2020-11-11,0.8706374252963746,0,2.4635977981344994,0,0.0,0,0.0
2020-11-12,0.2310314667024819,2,0.6560259338737606,0,0.0,0,0.0
2020-11-13,-0.5741187448788816,1,-1.6193857464012744,0,0.0,0,0.0
2020-11-16,-0.6287095524211929,1,-1.7736632455941923,0,0.0,0,0.0
2020-11-17,-0.4181947057585052,2,-1.1787333380098837,1,0.4890242501045831,1,1.0
2020-11-18,-0.1786475314258434,2,-0.501756010533472,0,0.0,0,0.0
2020-11-19,-0.1734863063920234,2,-0.4871700220339892,0,0.0,0,0.0
2020-11-20,-0.0337774160143644,2,-0.0923427756010232,0,0.0,0,0.0
2020-11-23,-0.6892609882672931,1,-1.94478590370172,0,0.0,0,0.0
2020-11-24,-0.5731187154777773,1,-1.6165595922909477,0,0.0,0,0.0
2020-11-25,0.3338130760454131,2,0.9464940615005736,0,0.0,0,0.0
2020-11-27,0.2223799964354728,2,0.6315762644655628,0,0.0,0,0.0
2020-11-30,0.4816598757061516,2,1.3643196175276826,-1,0.0587562882629865,0,0.0
2020-12-01,0.1581667138113637,2,0.4501049672963952,0,0.0,0,0.0
2020-12-02,-0.2961011218907532,2,-0.8336881988256303,0,0.0,0,0.0
2020-12-03,-0.5528563730816111,2,-1.5592967736332772,1,0.1390175905650695,1,0.0
2020-12-04,-0.2935247019110446,2,-0.826407052983777,0,0.0,0,0.0
2020-12-07,0.164300033133897,2,0.4674381632946163,0,0.0,0,0.0
2020-12-08,0.1458171328494014,2,0.4152041744217834,0,0.0,0,0.0
2020-12-09,-0.382631381392028,2,-1.0782288576173888,1,0.1487781296963177,1,1.0
2020-12-10,-0.0934861396841406,2,-0.2610838692482351,0,0.0,0,0.0
2020-12-11,0.3581700474534461,2,1.015328592549272,-1,0.046098692690466,0,0.0
2020-12-14,0.3316513553913887,2,0.940384885405348,0,0.0,0,0.0
2020-12-15,-0.1831994664636477,2,-0.5146201022320014,0,0.0,0,0.0
2020-12-16,0.1072080618855423,2,0.3060921978339774,0,0.0,0,0.0
2020-12-17,0.0011045513270917,2,0.0062361414482968,0,0.0,0,0.0
2020-12-18,0.3495726866206665,2,0.9910318402450978,0,0.0,0,0.0
2020-12-21,-0.3373353988099374,2,-0.9502191938871968,0,0.0,0,0.0
2020-12-22,-0.0237561058329468,2,-0.0640218413076929,0,0.0,0,0.0
2020-12-23,-0.3069468810156116,2,-0.86433908438608,0,0.0,0,0.0
2020-12-24,0.1501043271760822,2,0.4273200900686022,0,0.0,0,0.0
2020-12-28,0.154252796668502,2,0.4390439594814626,0,0.0,0,0.0
2020-12-29,0.144728244451267,2,0.4121268984750196,0,0.0,0,0.0
2020-12-30,-0.2453699683960504,2,-0.6903183560866554,0,0.0,0,0.0
2020-12-31,0.3560343315094988,2,1.0092929076115973,-1,0.0286738900639944,0,0.0
2021-01-04,-0.0715166352242724,2,-0.1989964893546671,0,0.0,0,0.0
2021-01-05,-0.371347587126798,2,-1.0463400536406788,1,-0.1242088679384724,0,1.0
2021-01-06,-0.8833001853686169,0,-2.493154455513153,0,0.0,0,0.0
2021-01-07,-0.2365582979788943,2,-0.6654159496766127,0,0.0,0,0.0
2021-01-08,0.300388133580974,2,0.8520328002326569,0,0.0,0,0.0
2021-01-11,-0.3052271231263174,2,-0.8594789264524946,0,0.0,0,0.0
2021-01-12,-0.6885034617571044,1,-1.94264507998385,0,0.0,0,0.0
2021-01-13,0.1142460340972191,2,0.3259820071460156,0,0.0,0,0.0
2021-01-14,-0.7458486187779763,1,-2.1047065664190576,0,0.0,0,0.0
2021-01-15,0.3847082215734932,2,1.090327357372705,-1,-0.0803997575944945,-1,0.0
2021-01-19,0.1085987591961406,2,0.3100224072020496,0,0.0,0,0.0
2021-01-20,-0.1738075909657541,2,-0.4880779950572133,0,0.0,0,0.0
2021-01-21,0.008934867963094,2,0.0283651723763486,0,0.0,0,0.0
2021-01-22,-0.1500212909468345,2,-0.4208562218836412,0,0.0,0,0.0
2021-01-25,0.6129342255644625,1,1.735310253425847,0,0.0,0,0.0
2021-01-26,0.1740339608668762,2,0.4949469343785518,0,0.0,0,0.0
2021-01-27,-0.2149676614398499,2,-0.6043992774347647,0,0.0,0,0.0
2021-01-28,-0.3258703950489305,2,-0.9178182790057926,0,0.0,0,0.0
2021-01-29,0.0335212917970284,2,0.0978481522765204,0,0.0,0,0.0
2021-02-01,-0.0368907434732601,2,-0.1011412601106139,0,0.0,0,0.0
2021-02-02,0.1280925187502045,2,0.3651131561626338,0,0.0,0,0.0
2021-02-03,-0.6785872637608807,1,-1.9146212001910208,0,0.0,0,0.0
2021-02-04,-0.1621012409616633,2,-0.4549950185522705,0,0.0,0,0.0
2021-02-05,-0.1903613604835972,2,-0.5348601233752343,0,0.0,0,0.0
2021-02-08,-0.4412211636481675,2,-1.2438077433616408,1,0.0632737362138406,1,1.0
2021-02-09,0.0412204668573848,2,0.119606567798028,0,0.0,0,0.0
2021-02-10,-0.3608442182733966,2,-1.0166567873041694,1,-0.0087015740155973,0,1.0
2021-02-11,-0.0337431310765687,2,-0.0922458839318717,0,0.0,0,0.0
2021-02-12,-0.1594279069647943,2,-0.4474399868150188,0,0.0,0,0.0
2021-02-16,-0.2961836315295102,2,-0.8339213769246515,0,0.0,0,0.0
2021-02-17,0.1402865464478195,2,0.3995743444646957,0,0.0,0,0.0
2021-02-18,0.5114583474295875,2,1.4485322149269686,-1,-0.3035619165971427,-1,0.0
2021-02-19,-0.964577708701552,0,-2.72285050884009,0,0.0,0,0.0
2021-02-22,-0.7553890020653461,1,-2.1316683671540355,0,0.0,0,0.0
2021-02-23,-0.1935846038307799,2,-0.5439692379914292,0,0.0,0,0.0
2021-02-24,-0.6584868741127811,1,-1.8578160715013865,0,0.0,0,0.0
2021-02-25,0.2824262509562124,2,0.8012712442692805,0,0.0,0,0.0
2021-02-26,-0.2897441912775421,2,-0.8157230614389195,0,0.0,0,0.0
2021-03-01,0.1482639052373775,2,0.4221189269617354,0,0.0,0,0.0
2021-03-02,-0.2218487984499318,2,-0.6238458593285473,0,0.0,0,0.0
2021-03-03,-0.5564463536023889,2,-1.5694423135479894,1,0.2492638348838132,1,0.0
2021-03-04,0.0805270678684306,2,0.2306898138382684,0,0.0,0,0.0
2021-03-05,0.4126942852203541,2,1.1694179608290671,-1,0.1935373779163997,0,0.0
2021-03-08,-0.7194834988675747,1,-2.0301968650825173,0,0.0,0,0.0
2021-03-09,0.5514249201116532,2,1.561480587781173,-1,0.3646256467092718,0,0.0
2021-03-10,-0.2743565727102166,2,-0.7722365585279392,0,0.0,0,0.0
2021-03-11,-0.1902672007683153,2,-0.5345940213325568,0,0.0,0,0.0
2021-03-12,-0.2172368835085171,2,-0.6108122601625989,0,0.0,0,0.0
2021-03-15,-0.0218118900906448,2,-0.0585273495403497,0,0.0,0,0.0
2021-03-16,0.6944210013464169,1,1.965597669034972,0,0.0,0,0.0
2021-03-17,-0.554420233383826,2,-1.563716353913818,1,0.923943354061739,1,0.0
2021-03-18,-0.0066749737278255,2,-0.0157493488643544,0,0.0,0,0.0
2021-03-19,0.1344144587833987,2,0.3829794076851607,0,0.0,0,0.0
2021-03-22,0.5777030775733296,2,1.6357445270614803,-1,-0.802796014945506,-1,0.0
2021-03-23,0.9536379959016492,0,2.698163305425122,0,0.0,0,0.0
2021-03-24,0.0245848956055219,2,0.0725932619700495,0,0.0,0,0.0
2021-03-25,-0.4164373853983751,2,-1.173767025866002,1,-0.1559726721525239,0,1.0
2021-03-26,0.2660915220492802,2,0.7551081402741152,0,0.0,0,0.0
2021-03-29,0.8734319660339623,0,2.471495368729212,0,0.0,0,0.0
2021-03-30,-0.919640247833984,0,-2.5958540529376086,0,0.0,0,0.0
2021-03-31,0.3695231206779131,2,1.0474131837850271,-1,0.3915489427584308,0,0.0
2021-04-01,-0.0854942291253112,2,-0.2384981624177572,0,0.0,0,0.0
2021-04-05,0.3841372835808573,2,1.0887138460570895,-1,0.1157798199182412,0,0.0
2021-04-06,-0.2250929373721764,2,-0.6330140263238859,0,0.0,0,0.0
2021-04-07,0.0915060698094877,2,0.2617172530602963,0,0.0,0,0.0
2021-04-08,0.1502678654833678,2,0.4277822609395996,0,0.0,0,0.0
2021-04-09,-0.1479064456416313,2,-0.414879518853305,0,0.0,0,0.0
2021-04-12,0.0343090657158826,2,0.1000744573194716,0,0.0,0,0.0
2021-04-13,0.2068841922871232,2,0.5877840214191907,0,0.0,0,0.0
2021-04-14,-0.1244041339669047,2,-0.3484603169094785,0,0.0,0,0.0
2021-04-15,0.3573848923276954,2,1.0131096884016195,-1,-0.3502124893511997,-1,0.0
2021-04-16,-0.0579336109619327,2,-0.1606098981131598,0,0.0,0,0.0
2021-04-19,-0.0921091806210776,2,-0.2571924851433977,0,0.0,0,0.0
2021-04-20,0.6851145941916735,1,1.939297101467949,0,0.0,0,0.0
2021-04-21,-0.4453637228764387,2,-1.255514909948266,1,-0.2326180804981044,0,1.0
2021-04-22,-0.2508626342150133,2,-0.7058410197841147,0,0.0,0,0.0
2021-04-23,-0.3251473909108296,2,-0.9157750179632466,0,0.0,0,0.0
2021-04-26,-0.4547181308255993,2,-1.2819511311693623,1,0.0996951692836871,1,1.0
2021-04-27,-0.2995757310143959,2,-0.8435076909782793,0,0.0,0,0.0
2021-04-28,-0.163817839901372,2,-0.4598462490699763,0,0.0,0,0.0
2021-04-29,0.2047109826458261,2,0.5816423766299762,0,0.0,0,0.0
2021-04-30,0.1297222208915145,2,0.3697188101565918,0,0.0,0,0.0
2021-05-03,0.0235682342602193,2,0.0697201048042055,0,0.0,0,0.0
2021-05-04,-0.1201329189830257,2,-0.3363895600202816,0,0.0,0,0.0
2021-05-05,-0.1046590732744058,2,-0.2926593730840899,0,0.0,0,0.0
2021-05-06,0.0997833501400968,2,0.2851094351329895,0,0.0,0,0.0
2021-05-07,-0.4476374595873816,2,-1.261940651375804,1,0.1077101299703674,1,1.0
2021-05-10,0.0117669429981719,2,0.0363688175614812,0,0.0,0,0.0
2021-05-11,0.0859022786240895,2,0.2458805411850874,0,0.0,0,0.0
2021-05-12,0.2714935770106816,2,0.7703747312528576,0,0.0,0,0.0
2021-05-13,0.0926822410587594,2,0.2650411965432646,0,0.0,0,0.0
2021-05-14,-0.3113971330996333,2,-0.8769158128356237,0,0.0,0,0.0
2021-05-17,-0.2294022213134935,2,-0.6451923687904875,0,0.0,0,0.0
2021-05-18,0.1160003543927299,2,0.3309398408942159,0,0.0,0,0.0
2021-05-19,0.3206560668462372,2,0.9093114190834632,0,0.0,0,0.0
2021-05-20,0.3690421517995496,2,1.0460539315760171,-1,-0.1128215302530284,-1,0.0
2021-05-21,-0.1380577040574935,2,-0.3870462756718331,0,0.0,0,0.0
2021-05-24,-0.1286808061676585,2,-0.3605464962811389,0,0.0,0,0.0
2021-05-25,-0.1374190164720143,2,-0.3852412991952179,0,0.0,0,0.0
2021-05-26,-0.4228599786324202,2,-1.1919177304825963,1,0.6275205197087473,1,1.0
2021-05-27,-0.3446419477607161,2,-0.9708680201384496,0,0.0,0,0.0
2021-05-28,0.07939133522647,2,0.2274801527315402,0,0.0,0,0.0
2021-06-01,-0.6943887689010189,1,-1.959277375951291,0,0.0,0,0.0
2021-06-02,0.2463589233970128,2,0.6993424150594839,0,0.0,0,0.0
2021-06-03,0.2087398156567719,2,0.593028144849522,0,0.0,0,0.0
2021-06-04,0.2562206215465211,2,0.7272122744148773,0,0.0,0,0.0
2021-06-07,-0.2831441071525669,2,-0.7970707549590262,0,0.0,0,0.0
2021-06-08,-0.4482477494210751,2,-1.263665373789044,1,0.1649648336810489,1,1.0
2021-06-09,0.2249269776254319,2,0.6387742141968201,0,0.0,0,0.0
2021-06-10,0.4698350666876283,2,1.3309018674349091,-1,-0.171834449223501,-1,0.0
2021-06-11,-0.1457160056842979,2,-0.4086891799672623,0,0.0,0,0.0
2021-06-14,0.4085320417263953,2,1.1576551651096183,-1,-0.4070836179600879,-1,0.0
2021-06-15,0.0293731218020014,2,0.0861251292645629,0,0.0,0,0.0
2021-06-16,-0.3332858579105663,2,-0.9387749037042716,0,0.0,0,0.0
2021-06-17,0.6403078172189327,1,1.8126699675335127,0,0.0,0,0.0
2021-06-18,-0.2719000647224159,2,-0.7652942924914533,0,0.0,0,0.0
2021-06-21,-0.3130305118571033,2,-0.8815318572079658,0,0.0,0,0.0
2021-06-22,0.045856785573574,2,0.1327091337646629,0,0.0,0,0.0
2021-06-23,-0.4071552504833666,2,-1.147535053372302,1,0.18766323395972,1,1.0
2021-06-24,0.1195554800657317,2,0.3409868785336969,0,0.0,0,0.0
2021-06-25,0.0615271059364934,2,0.1769945720276761,0,0.0,0,0.0
2021-06-28,0.4464183826930348,2,1.2647246553964782,-1,0.2008620773108452,0,0.0
2021-06-29,-0.1111149964404507,2,-0.3109042704556312,0,0.0,0,0.0
2021-06-30,-0.0997747736679018,2,-0.2788559955096448,0,0.0,0,0.0
2021-07-01,-0.1485126974278922,2,-0.4165928294577153,0,0.0,0,0.0
2021-07-02,0.1670724762366908,2,0.4752732844040111,0,0.0,0,0.0
2021-07-06,0.3592368063884753,2,1.01834332906165,-1,0.0490174552316675,0,0.0
2021-07-07,0.2470380109746396,2,0.7012615647831445,0,0.0,0,0.0
2021-07-08,0.0210783407976533,2,0.0626834890449727,0,0.0,0,0.0
2021-07-09,-0.5324189210370477,2,-1.5015390826728232,1,0.0780400269390676,1,0.0
2021-07-12,-0.2022558215016112,2,-0.568474714965303,0,0.0,0,0.0
2021-07-13,0.413148709847922,2,1.1707021971001377,-1,-0.0249274974574052,-1,0.0
2021-07-14,0.2968632374928065,2,0.8420711935468446,0,0.0,0,0.0
2021-07-15,0.2448495136606469,2,0.6950767159451509,0,0.0,0,0.0
2021-07-16,0.5959767268360497,2,1.687387157685618,-1,-0.4172525212723471,-1,0.0
2021-07-19,0.394951531001787,2,1.1192756773042531,-1,-0.39083915790434,-1,0.0
2021-07-20,-0.7616861390424411,1,-2.149464523478496,0,0.0,0,0.0
2021-07-21,-0.5189632923141286,2,-1.4635125202734414,1,0.5633912079659052,1,0.0
2021-07-22,0.3848354412997178,2,1.0906868893542518,-1,0.1704697640500998,0,0.0
2021-07-23,0.2200356493964593,2,0.6249509732361008,0,0.0,0,0.0
2021-07-26,-0.3386184186504957,2,-0.9538450990776046,0,0.0,0,0.0
2021-07-27,0.1675682392661553,2,0.4766743459347242,0,0.0,0,0.0
2021-07-28,-0.2884976328273747,2,-0.8122001987272703,0,0.0,0,0.0
2021-07-29,-0.1451410809814533,2,-0.4070644019254583,0,0.0,0,0.0
2021-07-30,0.1478985772907096,2,0.4210864842385988,0,0.0,0,0.0
2021-08-02,0.1097658265694752,2,0.313320622485056,0,0.0,0,0.0
2021-08-03,-0.1307534350113379,2,-0.3664038925929654,0,0.0,0,0.0
2021-08-04,0.1765205270504194,2,0.5019741470109604,0,0.0,0,0.0
2021-08-05,-0.4301717899456341,2,-1.212581428543828,1,0.3059035684818366,1,1.0
2021-08-06,-0.0932356197196211,2,-0.2603758820363953,0,0.0,0,0.0
2021-08-09,0.171171317626551,2,0.4868569012744146,0,0.0,0,0.0
2021-08-10,-0.3445429762318824,2,-0.9705883195689368,0,0.0,0,0.0
2021-08-11,-0.1798186936748045,2,-0.50506579822582,0,0.0,0,0.0
2021-08-12,0.0164804403366512,2,0.0496894957959887,0,0.0,0,0.0
2021-08-13,0.3671431000077442,2,1.0406870763403533,-1,-0.0691538033212185,-1,0.0
2021-08-16,0.399996720442381,2,1.133533740976348,-1,-0.2704429260703302,-1,0.0
2021-08-17,0.5742979217368374,2,1.626121314830941,-1,-0.320210581279138,-1,0.0
2021-08-18,-0.3563738148288838,2,-1.004023109678714,1,0.6512090153934454,1,1.0
2021-08-19,0.7145296888973423,1,2.022426248187314,0,0.0,0,0.0
2021-08-20,-0.0227115615974231,2,-0.0610698851138214,0,0.0,0,0.0
2021-08-23,-0.3647672288400181,2,-1.0277434937804688,1,0.0891890113839697,1,1.0
2021-08-24,-0.6378545605734485,1,-1.7995076881175116,0,0.0,0,0.0
2021-08-25,-0.3234469278578787,2,-0.9109693886075004,0,0.0,0,0.0
2021-08-26,0.1301922766037071,2,0.3710472209829424,0,0.0,0,0.0
2021-08-27,-0.2334097739440692,2,-0.6565179971437594,0,0.0,0,0.0
2021-08-30,0.2141899084251303,2,0.6084304940824043,0,0.0,0,0.0
2021-08-31,-0.0338965536777066,2,-0.0926794670988708,0,0.0,0,0.0
2021-09-01,0.1065883388011611,2,0.3043408163843378,0,0.0,0,0.0
2021-09-02,-0.0754416301001923,2,-0.2100888036299709,0,0.0,0,0.0
2021-09-03,0.1528624803406361,2,0.4351148267976497,0,0.0,0,0.0
2021-09-07,-0.2139905495529179,2,-0.6016378898471071,0,0.0,0,0.0
2021-09-08,0.5724730567780211,2,1.620964116854107,-1,-0.2208434699466199,-1,0.0
2021-09-09,-0.1660127721499686,2,-0.4660492834901746,0,0.0,0,0.0
2021-09-10,0.0002221851718393,2,0.0037425120272757,0,0.0,0,0.0
2021-09-13,-0.2758485378928486,2,-0.7764529580944954,0,0.0,0,0.0
2021-09-14,0.145529920025583,2,0.4143924905836114,0,0.0,0,0.0
2021-09-15,-0.2649304462466858,2,-0.745597655691732,0,0.0,0,0.0
2021-09-16,-0.1710500565334924,2,-0.4802850069095665,0,0.0,0,0.0
2021-09-17,-0.1282063037830468,2,-0.3592055188427261,0,0.0,0,0.0
2021-09-20,0.1534851036215783,2,0.4368744044087447,0,0.0,0,0.0
2021-09-21,-0.0031020228498107,2,-0.0056519359295479,0,0.0,0,0.0
2021-09-22,-0.3015685030458883,2,-0.849139406267377,0,0.0,0,0.0
2021-09-23,-0.3918546907332672,2,-1.1042945848617822,1,0.1542501727332635,1,1.0
2021-09-24,0.1800419365202656,2,0.5119259002657746,0,0.0,0,0.0
2021-09-27,-0.5557666371672525,2,-1.5675213866283446,1,0.1668362485941232,1,0.0
2021-09-28,-0.3420227539800536,2,-0.9634659924972748,0,0.0,0,0.0
2021-09-29,0.335304626390461,2,0.9507092887066556,0,0.0,0,0.0
2021-09-30,0.2334168850511929,2,0.6627672955413416,0,0.0,0,0.0
2021-10-01,-0.4006921576705226,2,-1.129269894069713,1,-0.0659734873948411,0,1.0
2021-10-04,-0.193749113857601,2,-0.5444341550108457,0,0.0,0,0.0
2021-10-05,0.2574993668733207,2,0.7308260995258241,0,0.0,0,0.0
2021-10-06,0.3750701492974275,2,1.0630894806177302,-1,0.0395179018871187,0,0.0
2021-10-07,-0.0985809100671509,2,-0.2754820521848725,0,0.0,0,0.0
2021-10-08,0.1036703855753443,2,0.2960944733330464,0,0.0,0,0.0
2021-10-11,-0.0827922097297862,2,-0.2308620637066461,0,0.0,0,0.0
2021-10-12,-0.2235280594322312,2,-0.628591570126846,0,0.0,0,0.0
2021-10-13,0.2114203554813125,2,0.6006035407675366,0,0.0,0,0.0
2021-10-14,0.0872721750640405,2,0.2497519658154177,0,0.0,0,0.0
2021-10-15,-0.0289984048913523,2,-0.07883695075859,0,0.0,0,0.0
2021-10-18,-0.3240362729837251,2,-0.9126349197888562,0,0.0,0,0.0
2021-10-19,0.476003162292962,2,1.3483333436781608,-1,-0.0153218556741825,-1,0.0
2021-10-20,-0.1404677532179804,2,-0.3938572457627908,0,0.0,0,0.0
2021-10-21,0.1286230603501091,2,0.3666125044034096,0,0.0,0,0.0
2021-10-22,0.2021901795275067,2,0.5745184079883583,0,0.0,0,0.0
2021-10-25,-0.2320509329139909,2,-0.6526778158868928,0,0.0,0,0.0
2021-10-26,0.0757505009370713,2,0.2171908964550342,0,0.0,0,0.0
2021-10-27,0.0044569745910443,2,0.0157103276837339,0,0.0,0,0.0
2021-10-28,-0.2292501951978937,2,-0.6447627321907984,0,0.0,0,0.0
2021-10-29,0.2937486353862236,2,0.8332691067923634,0,0.0,0,0.0
2021-11-01,-0.5240224995644611,2,-1.4778101992714123,1,0.1537938157991689,1,0.0
2021-11-02,0.2519073219257787,2,0.7150225833530235,0,0.0,0,0.0
2021-11-03,-0.2046474990035466,2,-0.5752337654444258,0,0.0,0,0.0
2021-11-04,0.2961677027364974,2,0.8401055629281372,0,0.0,0,0.0
2021-11-05,-0.4232821712013744,2,-1.1931108766668803,1,0.1768864131061013,1,1.0
2021-11-08,-0.1417531089532344,2,-0.3974897523575058,0,0.0,0,0.0
2021-11-09,0.0197770844774146,2,0.05900604626782,0,0.0,0,0.0
2021-11-10,0.2647727764488916,2,0.7513812715491576,0,0.0,0,0.0
2021-11-11,-0.3114754149764708,2,-0.8771370429792015,0,0.0,0,0.0
2021-11-12,0.1308073314762703,2,0.3727854097344448,0,0.0,0,0.0
2021-11-15,0.0362280391218294,2,0.1054976124515463,0,0.0,0,0.0
2021-11-16,0.0819412955035662,2,0.2346865215746237,0,0.0,0,0.0
2021-11-17,-0.1032734796453828,2,-0.2887435870826164,0,0.0,0,0.0
2021-11-18,-0.1094217167322726,2,-0.3061189417423793,0,0.0,0,0.0
2021-11-19,0.3505311800787241,2,0.993740610830462,0,0.0,0,0.0
2021-11-22,-0.0768731955354007,2,-0.2141345092206749,0,0.0,0,0.0
2021-11-23,0.0750309728658051,2,0.2151574590242355,0,0.0,0,0.0
2021-11-24,-0.0536680766973736,2,-0.1485551953402098,0,0.0,0,0.0
2021-11-26,0.5124128319902526,2,1.451229656083587,-1,-0.0302500495689737,-1,0.0
2021-11-29,0.3399081675994453,2,0.9637192231100472,0,0.0,0,0.0
2021-11-30,-0.2092460455186753,2,-0.5882295844882546,0,0.0,0,0.0
2021-12-01,0.3829064421883418,2,1.0852354008666014,-1,0.0731441440976634,0,0.0
2021-12-02,-0.5294745465705084,2,-1.4932180713187948,1,0.3662071338200532,1,0.0
2021-12-03,0.4288061659611696,2,1.2149512800799498,-1,-0.3387884957249674,-1,0.0
2021-12-06,-0.1608195132198778,2,-0.4513727649247603,0,0.0,0,0.0
2021-12-07,-0.0624982080394055,2,-0.1735097736350597,0,0.0,0,0.0
2021-12-08,-0.1932333156685143,2,-0.5429764726961289,0,0.0,0,0.0
2021-12-09,0.2206519099302057,2,0.6266925692717339,0,0.0,0,0.0
2021-12-10,0.4104791338433118,2,1.1631577857159046,-1,-0.1010254537910023,-1,0.0
2021-12-13,0.7098540585561686,1,2.009212584776533,0,0.0,0,0.0
2021-12-14,0.0057718993172452,2,0.0194263983468759,0,0.0,0,0.0
2021-12-15,0.4560505862860052,2,1.291945946836227,-1,-0.2785111644838002,-1,0.0
2021-12-16,0.2772460088193973,2,0.7866315120861251,0,0.0,0,0.0
2021-12-17,-0.4519918446092853,2,-1.2742464526992543,1,0.0219753726842794,1,1.0
2021-12-20,0.3930091988744729,2,1.1137865087666412,-1,-0.0426089392678007,-1,0.0
2021-12-21,-0.7279444951826032,1,-2.054108241574821,0,0.0,0,0.0
2021-12-22,-0.0874459536605596,2,-0.2440138745672469,0,0.0,0,0.0
2021-12-23,-0.0763235227752193,2,-0.2125810949622481,0,0.0,0,0.0
2021-12-27,0.0801840582331618,2,0.2297204442482083,0,0.0,0,0.0
2021-12-28,0.0838491929503675,2,0.2400783752595305,0,0.0,0,0.0
2021-12-29,0.043349355923169,2,0.1256229594931641,0,0.0,0,0.0
2021-12-30,-0.1385491992875192,2,-0.3884352760982298,0,0.0,0,0.0
2021-12-31,0.005098299913704,2,0.0175227585929552,0,0.0,0,0.0
2022-01-03,-0.375333044823445,2,-1.0576032401414703,1,0.4066148823722171,1,1.0
2022-01-04,-0.5986989846703333,1,-1.688851249758195,0,0.0,0,0.0
2022-01-05,0.3582647346606593,2,1.01559618532161,-1,0.0332517269766994,0,0.0
2022-01-06,-0.1976487828598575,2,-0.5554548965685151,0,0.0,0,0.0
2022-01-07,0.1110553961649615,2,0.3169650377480589,0,0.0,0,0.0
2022-01-10,0.0886144492711221,2,0.2535453280539084,0,0.0,0,0.0
2022-01-11,-0.2925754908681566,2,-0.8237245151629257,0,0.0,0,0.0
2022-01-12,0.0381171878593883,2,0.1108364809525875,0,0.0,0,0.0
2022-01-13,-0.3877476671204642,2,-1.0926878444482353,1,0.4557877337047737,1,1.0
2022-01-14,0.220142940359983,2,0.6252541851189,0,0.0,0,0.0
2022-01-18,-0.0168207529838008,2,-0.0444220416022675,0,0.0,0,0.0
2022-01-19,0.5165199903297657,2,1.462836777244385,-1,0.0272836160746374,0,0.0
2022-01-20,0.3429994608713347,2,0.9724554374422744,0,0.0,0,0.0
2022-01-21,0.1990117184164578,2,0.5655358511519438,0,0.0,0,0.0
2022-01-24,-0.3323405789676925,2,-0.9361034782773212,0,0.0,0,0.0
2022-01-25,-0.5398093347457693,2,-1.5224249166861583,1,0.1720872081517392,1,0.0
2022-01-26,0.0986554468303699,2,0.2819219002751983,0,0.0,0,0.0
2022-01-27,0.3505152748020581,2,0.993695661389,0,0.0,0,0.0
2022-01-28,0.2114297133464135,2,0.6006299867589144,0,0.0,0,0.0
2022-01-31,0.0076825531787454,2,0.0248260418554844,0,0.0,0,0.0
2022-02-01,-0.4619736024963298,2,-1.302455609399654,1,-0.2187479322907039,0,1.0
2022-02-02,0.3889371729446687,2,1.1022786742908095,-1,-0.2746518197737798,-1,0.0
2022-02-03,0.0581799106918651,2,0.1675351605461469,0,0.0,0,0.0
2022-02-04,0.104433628901615,2,0.2982514531791764,0,0.0,0,0.0
2022-02-07,-0.1597312231045051,2,-0.4482971797675715,0,0.0,0,0.0
2022-02-08,-0.1015789766388962,2,-0.2839548012414652,0,0.0,0,0.0
2022-02-09,-0.4135040190633831,2,-1.1654771242735311,1,0.2330889940749901,1,1.0
2022-02-10,-0.336818447382575,2,-0.9487582524392092,0,0.0,0,0.0
2022-02-11,0.0699177534130637,2,0.2007071377062717,0,0.0,0,0.0
2022-02-14,0.0033326930999386,2,0.0125330283425906,0,0.0,0,0.0
2022-02-15,-0.3576377338152096,2,-1.0075950344985043,1,0.1263280436599977,1,1.0
2022-02-16,-0.1486237846008538,2,-0.4169067696979956,0,0.0,0,0.0
2022-02-17,0.3959331189426549,2,1.122049714538226,-1,0.3279445170537962,0,0.0
2022-02-18,0.0734657327794709,2,0.2107339793757803,0,0.0,0,0.0
2022-02-22,0.2659778299822702,2,0.7547868384182527,0,0.0,0,0.0
2022-02-23,0.0280089907031981,2,0.0822699978977747,0,0.0,0,0.0
2022-02-24,-0.1101413812459479,2,-0.3081527647691162,0,0.0,0,0.0
2022-02-25,0.0933223362042972,2,0.2668501508845711,0,0.0,0,0.0
2022-02-28,0.1844181097508308,2,0.5242932766143167,0,0.0,0,0.0
2022-03-01,0.3694223603166358,2,1.0471284278479844,-1,-0.0028954670576842,-1,0.0
2022-03-02,-0.311643384432968,2,-0.877611736592574,0,0.0,0,0.0
2022-03-03,0.320523079333931,2,0.9089355869288168,0,0.0,0,0.0
2022-03-04,0.7238776359964512,1,2.04884421058731,0,0.0,0,0.0
2022-03-07,0.76422261556474,1,2.16286198817671,0,0.0,0,0.0
2022-03-08,-1.2815360446757031,0,-3.6185972769116295,0,0.0,0,0.0
2022-03-09,-0.2522317644273453,2,-0.7097102790007755,0,0.0,0,0.0
2022-03-10,-0.2977169306399323,2,-0.8382545891067079,0,0.0,0,0.0
2022-03-11,0.0790548140141443,2,0.2265291198855296,0,0.0,0,0.0
2022-03-14,0.3552291643336952,2,1.007017447989225,-1,0.0280018863722053,0,0.0
2022-03-15,0.3639250112706556,2,1.031592529018368,-1,0.0114493366444558,0,0.0
2022-03-16,-0.5618256346926165,1,-1.5846445439493777,0,0.0,0,0.0
2022-03-17,0.0604658502169477,2,0.1739953879930967,0,0.0,0,0.0
2022-03-18,-0.0645371482672377,2,-0.1792719635259125,0,0.0,0,0.0
2022-03-21,0.3924852051945487,2,1.1123056654127683,-1,0.0428289930309579,0,0.0
2022-03-22,-0.0106124542638582,2,-0.0268769485018774,0,0.0,0,0.0
2022-03-23,0.1707398208153994,2,0.4856374606408866,0,0.0,0,0.0
2022-03-24,0.286623783360993,2,0.8131337689569554,0,0.0,0,0.0
2022-03-25,0.157459593302675,2,0.4481065945186348,0,0.0,0,0.0
2022-03-28,0.2465383616045437,2,0.6998495201777966,0,0.0,0,0.0
2022-03-29,-0.4700155218343809,2,-1.3251826445918715,1,0.0842553552689568,1,1.0
2022-03-30,0.5012286465733047,2,1.419622353786414,-1,0.0466192688487162,0,0.0
2022-03-31,0.3566438946878222,2,1.0110155764451536,-1,-0.0530088237037332,-1,0.0
2022-04-01,0.1748313830595271,2,0.4972005061284797,0,0.0,0,0.0
2022-04-04,-0.0586346833129533,2,-0.1625911783678058,0,0.0,0,0.0
2022-04-05,0.4212799517882126,2,1.193681664310039,-1,-0.4471774183935747,-1,0.0
2022-04-06,0.5996509573732612,2,1.6977707941302684,-1,-0.1848468990579237,-1,0.0
2022-04-07,0.3641703292972972,2,1.0322858151843195,-1,-0.3015077280906227,-1,0.0
2022-04-08,-0.2710019796035625,2,-0.7627562401629235,0,0.0,0,0.0
2022-04-11,-0.2516742013302671,2,-0.708134566089901,0,0.0,0,0.0
2022-04-12,-0.1464104277468417,2,-0.4106516660343645,0,0.0,0,0.0
2022-04-13,-0.3787108098940345,2,-1.0671490441222566,1,0.0186365537639145,1,1.0
2022-04-14,-0.1770844632039672,2,-0.4973386687282224,0,0.0,0,0.0
2022-04-18,-0.116762094237833,2,-0.3268633698919735,0,0.0,0,0.0
2022-04-19,-0.4110866943789438,2,-1.1586455930351716,1,0.110984739994491,1,1.0
2022-04-20,-0.0258974666053621,2,-0.0700734789315182,0,0.0,0,0.0
2022-04-21,0.0444777800630686,2,0.1288119662540132,0,0.0,0,0.0
2022-04-22,0.2083322915096264,2,0.5918764526670311,0,0.0,0,0.0
2022-04-25,0.1391096016962668,2,0.3962482150093466,0,0.0,0,0.0
2022-04-26,-0.0008175531224057,2,0.0008041377647789,0,0.0,0,0.0
2022-04-27,0.1561600059196536,2,0.4444338682765873,0,0.0,0,0.0
2022-04-28,0.308087660705319,2,0.8737922107120002,0,0.0,0,0.0
2022-04-29,-0.5246626114604043,2,-1.479619200950554,1,0.0699929621202358,1,0.0
2022-05-02,-0.3151992625204472,2,-0.887660900608805,0,0.0,0,0.0
2022-05-03,-0.2186301514388212,2,-0.614749734284527,0,0.0,0,0.0
2022-05-04,0.0944341637282317,2,0.2699922544299992,0,0.0,0,0.0
2022-05-05,0.1447827357304201,2,0.4122808946999159,0,0.0,0,0.0
2022-05-06,0.5581333126169229,2,1.5804389814359172,-1,-0.1295410905627545,-1,0.0
2022-05-09,0.484192677687371,2,1.3714774958080238,-1,-0.4119883369204792,-1,0.0
2022-05-10,0.230529304879571,2,0.6546067888983212,0,0.0,0,0.0
2022-05-11,0.3962324656425375,2,1.122895689571912,-1,-0.2195243380128081,-1,0.0
2022-05-12,-0.4192652422623901,2,-1.1817587502001334,1,-0.1359437036679621,0,1.0
2022-05-13,-0.1024933957257401,2,-0.2865390145235861,0,0.0,0,0.0
2022-05-16,0.2358132881310556,2,0.6695397008393008,0,0.0,0,0.0
2022-05-17,-0.4338068634578198,2,-1.2228544044547955,1,-0.0402296432047778,0,1.0
2022-05-18,-0.1844100248272457,2,-0.5180412261422537,0,0.0,0,0.0
2022-05-19,-0.2431952674938852,2,-0.684172496888317,0,0.0,0,0.0
2022-05-20,0.2771194675182106,2,0.7862738973819174,0,0.0,0,0.0
2022-05-23,0.2459770826220866,2,0.6982633059109364,0,0.0,0,0.0
2022-05-24,0.8079338452242185,1,2.28639302759731,0,0.0,0,0.0
2022-05-25,-0.6154850616217146,1,-1.7362898953820354,0,0.0,0,0.0
2022-05-26,-0.4021556947440674,2,-1.1334059537810044,1,0.0379352775736272,1,1.0
2022-05-27,-0.0604274992630016,2,-0.1676578035697182,0,0.0,0,0.0
2022-05-31,-0.0311677032510828,2,-0.0849675419883153,0,0.0,0,0.0
2022-06-01,0.0464902285856456,2,0.1344992887043547,0,0.0,0,0.0
2022-06-02,-0.0511253295976361,2,-0.1413692114486271,0,0.0,0,0.0
2022-06-03,-0.0684492951401686,2,-0.1903279684322948,0,0.0,0,0.0
2022-06-06,0.0842281371804561,2,0.2411492985666523,0,0.0,0,0.0
2022-06-07,-0.0144673692108807,2,-0.0377712119209903,0,0.0,0,0.0
2022-06-08,0.047166463481626,2,0.136410376547083,0,0.0,0,0.0
2022-06-09,-0.0823160966562595,2,-0.2295165343469672,0,0.0,0,0.0
2022-06-10,0.5548679111238219,2,1.5712107249052554,-1,-0.2514195923808255,-1,0.0
2022-06-13,0.457974686676204,2,1.2973835911899203,-1,0.0217246638792367,0,0.0
2022-06-14,-0.2585928805115798,2,-0.7276872448258536,0,0.0,0,0.0
2022-06-15,-0.1152701577794655,2,-0.3226470515022287,0,0.0,0,0.0
2022-06-16,0.6988943006546735,1,1.9782395305770333,0,0.0,0,0.0
2022-06-17,-0.2367958289027064,2,-0.6660872289369225,0,0.0,0,0.0
2022-06-21,0.8180461846624274,0,2.314971217035296,0,0.0,0,0.0
2022-06-22,0.2257808124166604,2,0.6411872119567916,0,0.0,0,0.0
2022-06-23,0.4867121024053638,2,1.3785975689924237,-1,-0.536315804710132,-1,0.0
2022-06-24,-0.01164430585717,2,-0.0297930343874174,0,0.0,0,0.0
2022-06-27,-0.0186430644369185,2,-0.0495720231906461,0,0.0,0,0.0
2022-06-28,-0.251744195501259,2,-0.7083323745881606,0,0.0,0,0.0
2022-06-29,0.6249227359654904,1,1.769190635251768,0,0.0,0,0.0
2022-06-30,0.4300791674916253,2,1.2185488728145004,-1,-0.7237859169581367,-1,0.0
2022-07-01,-0.1253133107311982,2,-0.3510297150157584,0,0.0,0,0.0
2022-07-05,-0.5316126976903639,2,-1.499260638236534,1,-0.4084286716637582,0,0.0
2022-07-06,0.7388199826134929,1,2.091072343343255,0,0.0,0,0.0
2022-07-07,-0.5036736998021942,2,-1.420303045956877,1,-0.2423235821639636,0,0.0
2022-07-08,0.1435350052039544,2,0.408754719617406,0,0.0,0,0.0
2022-07-11,0.3078784667506561,2,0.8732010137390182,0,0.0,0,0.0
2022-07-12,-0.6228186703381392,1,-1.7570151944528078,0,0.0,0,0.0
2022-07-13,0.0731256133965109,2,0.2097727778440126,0,0.0,0,0.0
2022-07-14,0.266230725861411,2,0.7555015401335516,0,0.0,0,0.0
2022-07-15,-0.2937067494665113,2,-0.826921532304674,0,0.0,0,0.0
2022-07-18,-0.7806706094460683,1,-2.203115985129864,0,0.0,0,0.0
2022-07-19,-0.3777554970086318,2,-1.0644492620611017,1,0.4564830963225207,1,1.0
2022-07-20,-0.3892020489759541,2,-1.0967980308630934,1,0.4411890733568374,1,1.0
2022-07-21,0.1565541011645362,2,0.4455476094275529,0,0.0,0,0.0
2022-07-22,0.1117557097769519,2,0.3189441737523191,0,0.0,0,0.0
2022-07-25,0.1050828675800699,2,0.300086247793887,0,0.0,0,0.0
2022-07-26,0.2986392701410684,2,0.8470903879459465,0,0.0,0,0.0
2022-07-27,-0.255627186272462,2,-0.7193059822803727,0,0.0,0,0.0
2022-07-28,0.0954153709472709,2,0.2727652157170451,0,0.0,0,0.0
2022-07-29,-0.086691898733623,2,-0.2418828617902018,0,0.0,0,0.0
2022-08-01,-0.0230757780304631,2,-0.0620991866205051,0,0.0,0,0.0
2022-08-02,0.3600709663934548,2,1.0207007244783646,-1,-0.1006968847700038,-1,0.0
2022-08-03,0.2851225271717926,2,0.8088911123459828,0,0.0,0,0.0
2022-08-04,-0.008530665150048,2,-0.0209936646160921,0,0.0,0,0.0
2022-08-05,-0.0607695824621305,2,-0.1686245549854511,0,0.0,0,0.0
2022-08-08,-0.3702901000748861,2,-1.043351520128486,1,0.3162910642884053,1,1.0
2022-08-09,0.3078178315736366,2,0.8730296544224071,0,0.0,0,0.0
2022-08-10,-0.4660840140893625,2,-1.314071924485947,1,0.2181176868946573,1,1.0
2022-08-11,-0.542353552481765,2,-1.5296150567002524,1,0.3300898852452134,1,0.0
2022-08-12,0.1776043946061303,2,0.5050372337004514,0,0.0,0,0.0
2022-08-15,0.411840975713004,2,1.167006447558642,-1,-0.3102909601963523,-1,0.0
2022-08-16,-0.048323673295714,2,-0.1334515317637532,0,0.0,0,0.0
2022-08-17,0.3277158686729173,2,0.9292629204378556,0,0.0,0,0.0
2022-08-18,0.1201370590014577,2,0.3426304619102122,0,0.0,0,0.0
2022-08-19,0.2882952603068694,2,0.8178574815154952,0,0.0,0,0.0
2022-08-22,0.0920472966944607,2,0.2632467986755519,0,0.0,0,0.0
2022-08-23,-0.2351124193862546,2,-0.6613297940864773,0,0.0,0,0.0
2022-08-24,-0.2453968885957043,2,-0.6903944344827692,0,0.0,0,0.0
2022-08-25,-0.2540833765329161,2,-0.7149430663139398,0,0.0,0,0.0
2022-08-26,0.1713111827480111,2,0.4872521700409821,0,0.0,0,0.0
2022-08-29,0.0520730076195094,2,0.150276618747029,0,0.0,0,0.0
2022-08-30,-0.0396350347063471,2,-0.1088968220368513,0,0.0,0,0.0
2022-08-31,0.038535548804032,2,0.1120187986944454,0,0.0,0,0.0
2022-09-01,0.2964836452751571,2,0.8409984389808555,0,0.0,0,0.0
2022-09-02,-0.3870696604350347,2,-1.09077174940269,1,0.001815076507109,1,1.0
2022-09-06,0.0131301410178819,2,0.0402213119804838,0,0.0,0,0.0
2022-09-07,0.1917485251917154,2,0.5450095512616243,0,0.0,0,0.0
2022-09-08,-0.2522877415620996,2,-0.7098684743591276,0,0.0,0,0.0
2022-09-09,-0.2675387599673234,2,-0.7529689355105669,0,0.0,0,0.0
2022-09-12,-0.2070604934068804,2,-0.5820530590008421,0,0.0,0,0.0
2022-09-13,0.0480757541060774,2,0.1389800964302557,0,0.0,0,0.0
2022-09-14,0.3745626112050119,2,1.061655141922844,-1,-0.0738593626024631,-1,0.0
2022-09-15,-0.5150522205715061,2,-1.452459553761667,1,0.1824615855229492,1,0.0
2022-09-16,0.4088617750733517,2,1.1585870149660162,-1,-0.1199939204700456,-1,0.0
2022-09-19,-0.0743897658472283,2,-0.2071161605469402,0,0.0,0,0.0
2022-09-20,0.3545778527088041,2,1.005176795080664,-1,-0.1787777106192217,-1,0.0
2022-09-21,0.2134303266583562,2,0.6062838620634583,0,0.0,0,0.0
2022-09-22,0.4880266138178437,2,1.3823124716016362,-1,0.0082826323975613,0,0.0
2022-09-23,0.1818822800311751,2,0.5171268417301224,0,0.0,0,0.0
2022-09-26,0.1936439785131312,2,0.5503662369644009,0,0.0,0,0.0
2022-09-27,-0.2706126777772216,2,-0.7616560455531891,0,0.0,0,0.0
2022-09-28,-0.5327691070286222,2,-1.5025287331554735,1,0.0041914572246323,1,0.0
2022-09-29,-0.049683504039371,2,-0.1372945100214835,0,0.0,0,0.0
2022-09-30,-0.4899488349796369,2,-1.3815156032185765,1,0.0633206583970492,1,1.0
2022-10-03,0.2126202779228958,2,0.6039946068068044,0,0.0,0,0.0
2022-10-04,-0.2899876122997635,2,-0.816410986535653,0,0.0,0,0.0
2022-10-05,-0.0107680458157504,2,-0.0273166612777484,0,0.0,0,0.0
2022-10-06,-0.3467914950904042,2,-0.9769427935545428,0,0.0,0,0.0
2022-10-07,-0.1183280122066208,2,-0.3312887652843863,0,0.0,0,0.0
2022-10-10,0.2932844901462509,2,0.8319573993802725,0,0.0,0,0.0
2022-10-11,-0.1860893282639142,2,-0.5227870569196144,0,0.0,0,0.0
2022-10-12,-0.399956847038724,2,-1.1271918540019612,1,-0.0626128712591397,0,1.0
2022-10-13,0.3785117692326243,2,1.072815742980915,-1,0.0969611844594355,0,0.0
2022-10-14,-0.2353766782421122,2,-0.6620766083809846,0,0.0,0,0.0
2022-10-17,-0.1042739914007579,2,-0.2915711043603698,0,0.0,0,0.0
2022-10-18,0.1515400522925187,2,0.4313775512138806,0,0.0,0,0.0
2022-10-19,0.7209966531059567,1,2.0407023483293,0,0.0,0,0.0
2022-10-20,-0.2001900145280752,2,-0.562636597742996,0,0.0,0,0.0
2022-10-21,0.0325224049291006,2,0.0950252270460938,0,0.0,0,0.0
2022-10-24,0.2626003253635741,2,0.7452417704930144,0,0.0,0,0.0
2022-10-25,-0.7752397261628445,1,-2.187767923266244,0,0.0,0,0.0
2022-10-26,0.0320391018654638,2,0.0936593782637257,0,0.0,0,0.0
2022-10-27,0.2786407134758106,2,0.7905730464980751,0,0.0,0,0.0
2022-10-28,0.7078360359206434,1,2.0035095094871225,0,0.0,0,0.0
2022-10-31,-0.2474951459326321,2,-0.6963242587366698,0,0.0,0,0.0
2022-11-01,-0.2528730359407466,2,-0.7115225578412109,0,0.0,0,0.0
2022-11-02,0.30149233015478,2,0.8551533381710662,0,0.0,0,0.0
2022-11-03,-0.2063277905414808,2,-0.5799823886661393,0,0.0,0,0.0
2022-11-04,-0.3615090541731185,2,-1.0185356607739064,1,0.3376260554008135,1,1.0
2022-11-07,0.0299425648965717,2,0.0877344158920759,0,0.0,0,0.0
2022-11-08,0.1902980540518501,2,0.5409104168068631,0,0.0,0,0.0
2022-11-09,0.2096605659528616,2,0.5956302505786186,0,0.0,0,0.0
2022-11-10,-0.8146270386216923,1,-2.2990792655901573,0,0.0,0,0.0
2022-11-11,-1.1715490006301237,0,-3.307766079079986,0,0.0,0,0.0
2022-11-14,0.3871260091537705,2,1.097160196787578,-1,0.0845181192990914,0,0.0
2022-11-15,-0.0366248181873373,2,-0.1003897363663914,0,0.0,0,0.0
2022-11-16,0.8030335810520034,1,2.2725445330263505,0,0.0,0,0.0
2022-11-17,0.1516475225187292,2,0.4316812697057641,0,0.0,0,0.0
2022-11-18,0.2332813348542702,2,0.6623842210579658,0,0.0,0,0.0
2022-11-21,0.3012622570514107,2,0.8545031352409875,0,0.0,0,0.0
2022-11-22,-0.124096095295027,2,-0.3475897777456244,0,0.0,0,0.0
2022-11-23,0.1759901606507925,2,0.5004752938986123,0,0.0,0,0.0
2022-11-25,-0.051336575779627,2,-0.1419662081617888,0,0.0,0,0.0
2022-11-28,0.3632297849376628,2,1.0296277700258571,-1,0.0270304498584168,0,0.0
2022-11-29,-0.6956691986594328,1,-1.9628959613856087,0,0.0,0,0.0
2022-11-30,0.5738287173475651,2,1.624795309903625,-1,0.0016447390473652,0,0.0
2022-12-01,0.0020452933758096,2,0.0088947452901492,0,0.0,0,0.0
2022-12-02,0.0787122869014293,2,0.2255611139384754,0,0.0,0,0.0
2022-12-05,0.2641940281926767,2,0.7497456878739776,0,0.0,0,0.0
2022-12-06,0.2450936661204436,2,0.6957667081364192,0,0.0,0,0.0
2022-12-07,-0.026619416717476,2,-0.0721137612217674,0,0.0,0,0.0
2022-12-08,0.1688372271728405,2,0.4802605958834488,0,0.0,0,0.0
2022-12-09,-0.2261843123774264,2,-0.6360983295989587,0,0.0,0,0.0
2022-12-12,0.1134728827203996,2,0.3237970264453578,0,0.0,0,0.0
2022-12-13,-0.2574594631753088,2,-0.7244841269374388,0,0.0,0,0.0
2022-12-14,0.074918827105464,2,0.2148405271408392,0,0.0,0,0.0
2022-12-15,-0.2170359559306309,2,-0.6102444245574716,0,0.0,0,0.0
2022-12-16,0.2922594170634439,2,0.8290604700468336,0,0.0,0,0.0
2022-12-19,0.1585021845736069,2,0.4510530314958689,0,0.0,0,0.0
2022-12-20,0.0779642528942539,2,0.2234471167082855,0,0.0,0,0.0
2022-12-21,0.1393831833629238,2,0.3970213762292858,0,0.0,0,0.0
2022-12-22,-0.1734554003373861,2,-0.487082679328614,0,0.0,0,0.0
2022-12-23,-0.0612675317287101,2,-0.1700317949775192,0,0.0,0,0.0
2022-12-27,0.0394164272080156,2,0.1145082236247196,0,0.0,0,0.0
2022-12-28,0.127044973400845,2,0.3621527186079211,0,0.0,0,0.0
2022-12-29,-0.2452946782436613,2,-0.6901055807688432,0,0.0,0,0.0
2022-12-30,-0.183674350153412,2,-0.5159621572658559,0,0.0,0,0.0
2023-01-03,-0.0836387554274145,2,-0.2332544619704271,0,0.0,0,0.0
2023-01-04,-0.5815888970930659,1,-1.640496927094133,0,0.0,0,0.0
2023-01-05,-0.2077885558164566,2,-0.5841106150778195,0,0.0,0,0.0
2023-01-06,0.1878282038383889,2,0.5339304446930864,0,0.0,0,0.0
2023-01-09,-0.1421890295128187,2,-0.398721694818282,0,0.0,0,0.0
2023-01-10,-0.2429464460516168,2,-0.6834693098209892,0,0.0,0,0.0
2023-01-11,-0.485604866430698,2,-1.3692392395875097,1,0.0715551395966398,1,1.0
2023-01-12,-0.5731688299462463,1,-1.6167012193380066,0,0.0,0,0.0
2023-01-13,0.0143130000646853,2,0.043564155654249,0,0.0,0,0.0
2023-01-17,-0.1430541184741616,2,-0.4011664976622764,0,0.0,0,0.0
2023-01-18,-0.3783731287301922,2,-1.0661947331708796,1,0.4656328255776247,1,1.0
2023-01-19,0.0314025063079915,2,0.0918603140068355,0,0.0,0,0.0
2023-01-20,-0.1481265606594139,2,-0.4155015795262853,0,0.0,0,0.0
2023-01-23,-0.2108640090373585,2,-0.5928020643009843,0,0.0,0,0.0
2023-01-24,0.0818228770664056,2,0.2343518626610453,0,0.0,0,0.0
2023-01-25,-0.1669670991429377,2,-0.4687462793492936,0,0.0,0,0.0
2023-01-26,-0.1791362021292158,2,-0.5031370286469465,0,0.0,0,0.0
2023-01-27,-0.5941762730284634,1,-1.6760697454520426,0,0.0,0,0.0
2023-01-30,0.3194177273973539,2,0.905811783853162,0,0.0,0,0.0
2023-01-31,-0.4012784996474191,2,-1.1309269381388507,1,0.3840219059552846,1,1.0
2023-02-01,-0.187790474923032,2,-0.5275946181949385,0,0.0,0,0.0
2023-02-02,-0.9056723146151036,0,-2.5563796816484063,0,0.0,0,0.0
2023-02-03,0.1428780239572222,2,0.4068980439548612,0,0.0,0,0.0
2023-02-06,0.5101651185979967,2,1.444877458402853,-1,0.1575285746879758,0,0.0
2023-02-07,0.1514609290282459,2,0.4311539432496546,0,0.0,0,0.0
2023-02-08,-0.1689105652350443,2,-0.474238652551944,0,0.0,0,0.0
2023-02-09,0.0966055730709344,2,0.2761288114475275,0,0.0,0,0.0
2023-02-10,0.4138148107828645,2,1.1725846456492517,-1,-0.0407652892255513,-1,0.0
2023-02-13,-0.176897284927298,2,-0.4968096896248198,0,0.0,0,0.0
2023-02-14,-0.2185617867995991,2,-0.6145565309587796,0,0.0,0,0.0
2023-02-15,-0.0428388132947809,2,-0.1179509278624208,0,0.0,0,0.0
2023-02-16,-0.0448925711959696,2,-0.123754993550541,0,0.0,0,0.0
2023-02-17,0.5377266923129267,2,1.5227684231639986,-1,0.0161496274844353,0,0.0
2023-02-21,0.5128659626118721,2,1.4525102354019457,-1,-0.0014135014931654,-1,0.0
2023-02-22,-0.0783529386193511,2,-0.2183163682683351,0,0.0,0,0.0
2023-02-23,-0.3235533154016446,2,-0.9112700473619024,0,0.0,0,0.0
2023-02-24,-0.0067008595469187,2,-0.0158225040275413,0,0.0,0,0.0
2023-02-27,-0.1187022331332037,2,-0.3323463402003485,0,0.0,0,0.0
2023-02-28,-0.2191015331351273,2,-0.6160818924361544,0,0.0,0,0.0
2023-03-01,-0.2247518461256057,2,-0.6320500782365319,0,0.0,0,0.0
2023-03-02,0.1834180460090606,2,0.521467025454829,0,0.0,0,0.0
2023-03-03,-0.1625704469345196,2,-0.4563210279549073,0,0.0,0,0.0
2023-03-06,0.3132941351542435,2,0.8885060772722144,0,0.0,0,0.0
2023-03-07,0.141791070128189,2,0.4038262352377719,0,0.0,0,0.0
2023-03-08,-0.0410951865228644,2,-0.1130233147713596,0,0.0,0,0.0
2023-03-09,0.3790695844499159,2,1.0743921684014184,-1,0.2650774703645134,0,0.0
2023-03-10,0.5614170326341767,2,1.58971900741683,-1,0.2105579129169805,0,0.0
2023-03-13,0.644952005639956,1,1.8257947738449207,0,0.0,0,0.0
2023-03-14,0.3039537485566778,2,0.8621094813865313,0,0.0,0,0.0
2023-03-15,0.621291624429728,1,1.7589288561675551,0,0.0,0,0.0
2023-03-16,0.4005069653779963,2,1.1349757294023586,-1,-0.3251382405617675,-1,0.0
2023-03-17,0.3314043167810714,2,0.9396867367477316,0,0.0,0,0.0
2023-03-20,0.1090415324282704,2,0.3112737158021212,0,0.0,0,0.0
2023-03-21,-0.7284907858405563,1,-2.055652097772151,0,0.0,0,0.0
2023-03-22,0.3651060701022017,2,1.034930285155964,-1,0.1628286914379752,0,0.0
2023-03-23,0.3240400478345125,2,0.9188747896890884,0,0.0,0,0.0
2023-03-24,0.4230677360717063,2,1.1987340696649156,-1,0.0392790976478956,0,0.0
2023-03-27,-0.1772162908180892,2,-0.4977112229282232,0,0.0,0,0.0
2023-03-28,-0.1210483488756612,2,-0.3389766299113579,0,0.0,0,0.0
2023-03-29,-0.1423262380483076,2,-0.3991094558842226,0,0.0,0,0.0
2023-03-30,-0.0035491072870631,2,-0.0069154283014809,0,0.0,0,0.0
2023-03-31,-0.2985184602592762,2,-0.8405197687361827,0,0.0,0,0.0
2023-04-03,0.2209448934260697,2,0.6275205614389437,0,0.0,0,0.0
2023-04-04,0.452224722336413,2,1.2811337835990753,-1,-0.0365634817183801,-1,0.0
2023-04-05,0.6970416521919104,1,1.9730038144448407,0,0.0,0,0.0
2023-04-06,0.0873606023485078,2,0.2500018676014917,0,0.0,0,0.0
2023-04-10,-0.4191829240344714,2,-1.1815261130417354,1,0.0164560227536025,1,1.0
2023-04-11,-0.3936190451095128,2,-1.1092807756347671,1,-0.0209198365812324,0,1.0
2023-04-12,0.256465803653869,2,0.7279051764632517,0,0.0,0,0.0
2023-04-13,0.0954141758189172,2,0.2727618381994386,0,0.0,0,0.0
2023-04-14,-0.2010800807199722,2,-0.5651519880144367,0,0.0,0,0.0
2023-04-17,-0.2408409623941776,2,-0.6775190634721049,0,0.0,0,0.0
2023-04-18,-0.1161491012538484,2,-0.3251310081840312,0,0.0,0,0.0
2023-04-19,-0.1601324993186464,2,-0.4494312148476598,0,0.0,0,0.0
2023-04-20,0.3957652336496522,2,1.1215752587768664,-1,0.06345030976662,0,0.0
2023-04-21,0.0079080668723383,2,0.0254633595697224,0,0.0,0,0.0
2023-04-24,-0.0729908984332675,2,-0.2031628618865189,0,0.0,0,0.0
2023-04-25,0.436260260830261,2,1.2360170815751716,-1,-0.1005812041390146,-1,0.0
2023-04-26,-0.1364559958367123,2,-0.3825197344854376,0,0.0,0,0.0
2023-04-27,-0.0324036446176796,2,-0.088460400067761,0,0.0,0,0.0
2023-04-28,-0.3279595882313805,2,-0.923722487315396,0,0.0,0,0.0
2023-05-01,0.2731010124291792,2,0.7749174579067492,0,0.0,0,0.0
2023-05-02,0.1177718440521325,2,0.3359461964841553,0,0.0,0,0.0
2023-05-03,-0.0577824687065054,2,-0.1601827593650908,0,0.0,0,0.0
2023-05-04,0.4107619578389183,2,1.1639570664138517,-1,-0.118159230785857,-1,0.0
2023-05-05,-0.3054804867484664,2,-0.860194950042754,0,0.0,0,0.0
2023-05-08,0.1362355153267714,2,0.3881258428094752,0,0.0,0,0.0
2023-05-09,0.0258714387921927,2,0.0762291243868018,0,0.0,0,0.0
2023-05-10,0.4720799139880801,2,1.337245965336653,-1,-0.0567901102284461,-1,0.0
2023-05-11,0.1359451652918709,2,0.3873052929899782,0,0.0,0,0.0
2023-05-12,0.1153851625421369,2,0.3292012650330732,0,0.0,0,0.0
2023-05-15,-0.484063497322766,2,-1.364883221019353,1,-0.0286086445156883,0,1.0
2023-05-16,0.3355635496465106,2,0.9514410242171673,0,0.0,0,0.0
2023-05-17,-0.6580260585494593,1,-1.856513773991987,0,0.0,0,0.0
2023-05-18,0.026291919422522,2,0.0774174325109488,0,0.0,0,0.0
2023-05-19,0.3089219129368794,2,0.8761498667675824,0,0.0,0,0.0
2023-05-22,-0.351121481932837,2,-0.9891796438900324,0,0.0,0,0.0
2023-05-23,-0.2271365611638777,2,-0.6387894522988626,0,0.0,0,0.0
2023-05-24,0.2469809263167159,2,0.7011002394856589,0,0.0,0,0.0
2023-05-25,0.1022468692798789,2,0.2920715151829118,0,0.0,0,0.0
2023-05-26,0.0071499054345255,2,0.0233207415012939,0,0.0,0,0.0
2023-05-30,-0.1825914976250736,2,-0.5129019391158076,0,0.0,0,0.0
2023-05-31,0.3974294992849656,2,1.1262785916596023,-1,-0.1285954161318426,-1,0.0
2023-06-01,-0.1760279411170508,2,-0.4943528622756395,0,0.0,0,0.0
2023-06-02,-0.7113091891572384,1,-2.0070956852957624,0,0.0,0,0.0
2023-06-05,0.221752583053894,2,0.6298031496898724,0,0.0,0,0.0
2023-06-06,-0.8648673213843721,0,-2.441061872778443,0,0.0,0,0.0
2023-06-07,-0.8673016629843211,0,-2.447941495028588,0,0.0,0,0.0
2023-06-08,0.5318977022095633,2,1.5062952831528316,-1,-0.0981927690714419,-1,0.0
2023-06-09,0.0757545033538673,2,0.2172022075691542,0,0.0,0,0.0
2023-06-12,-0.0986675485846112,2,-0.2757268987883451,0,0.0,0,0.0
2023-06-13,-0.3734734982428359,2,-1.0523480294383356,1,-0.0965462701059406,0,1.0
2023-06-14,0.2062396553205056,2,0.5859625141760513,0,0.0,0,0.0
2023-06-15,0.1763937896818532,2,0.5016159782064136,0,0.0,0,0.0
2023-06-16,0.061757409764324,2,0.1776454270014685,0,0.0,0,0.0
2023-06-20,-0.0299404578935682,2,-0.0814992594481326,0,0.0,0,0.0
2023-06-21,-0.0171705097979375,2,-0.045410479198998,0,0.0,0,0.0
2023-06-22,0.4561523869375045,2,1.2922336427073198,-1,0.1300679457740992,0,0.0
2023-06-23,-0.0999348479346428,2,-0.279308376756044,0,0.0,0,0.0
2023-06-26,-0.5678490283074532,1,-1.6016670820906456,0,0.0,0,0.0
2023-06-27,-0.3454380185077824,2,-0.9731177726071748,0,0.0,0,0.0
2023-06-28,-0.44621266379515,2,-1.2579140772769375,1,0.2040616630221498,1,1.0
2023-06-29,-0.1352901168287912,2,-0.3792248776074883,0,0.0,0,0.0
2023-06-30,0.2386799564616382,2,0.6776411091343701,0,0.0,0,0.0
2023-07-03,-0.2003380082823568,2,-0.5630548386032184,0,0.0,0,0.0
2023-07-05,0.1711120857627027,2,0.4866895078204896,0,0.0,0,0.0
2023-07-06,0.093524075338497,2,0.2674202800054781,0,0.0,0,0.0
2023-07-07,-0.5859549005473946,1,-1.652835562932766,0,0.0,0,0.0
2023-07-10,-0.3091823650636154,2,-0.8706567210714209,0,0.0,0,0.0
2023-07-11,-0.3530414372398028,2,-0.994605573944122,0,0.0,0,0.0
2023-07-12,-0.0454428943091352,2,-0.1253102457526896,0,0.0,0,0.0
2023-07-13,-0.0319539655101245,2,-0.0871895749732773,0,0.0,0,0.0
2023-07-14,0.3265091957953309,2,0.9258527771870222,0,0.0,0,0.0
2023-07-17,0.1478079038735906,2,0.4208302347221295,0,0.0,0,0.0
2023-07-18,-0.3136946926260276,2,-0.8834088792315412,0,0.0,0,0.0
2023-07-19,-0.128530519730845,2,-0.3601217761372532,0,0.0,0,0.0
2023-07-20,0.5194242909872142,2,1.4710445371678524,-1,-0.0794569567653711,-1,0.0
2023-07-21,0.3133210890185128,2,0.8885822508069221,0,0.0,0,0.0
2023-07-24,-0.1247325973692771,2,-0.3493885778122896,0,0.0,0,0.0
2023-07-25,0.2103797862672525,2,0.5976628182666304,0,0.0,0,0.0
2023-07-26,-0.265754981875136,2,-0.7479278519368445,0,0.0,0,0.0
2023-07-27,-0.2049017741981599,2,-0.5759523652032098,0,0.0,0,0.0
2023-07-28,-0.0281315056746866,2,-0.0763870320044879,0,0.0,0,0.0
2023-07-31,-0.3289530486569223,2,-0.9265300770342498,0,0.0,0,0.0
2023-08-01,0.1232850946964154,2,0.351527034359918,0,0.0,0,0.0
2023-08-02,0.2852293005922083,2,0.8091928616152024,0,0.0,0,0.0
2023-08-03,-0.1781270288666257,2,-0.5002850333346573,0,0.0,0,0.0
2023-08-04,-0.449220535428202,2,-1.2664145361331454,1,0.2349159968148836,1,1.0
2023-08-07,-0.084182167976389,2,-0.2347901844273781,0,0.0,0,0.0
2023-08-08,-0.0784136213360983,2,-0.2184878619355926,0,0.0,0,0.0
2023-08-09,0.2585405177276267,2,0.7337684657833742,0,0.0,0,0.0
2023-08-10,0.1552162729592285,2,0.4417668119058335,0,0.0,0,0.0
2023-08-11,0.1520811132786275,2,0.4329066279871637,0,0.0,0,0.0
2023-08-14,0.1864920143499232,2,0.5301542783015455,0,0.0,0,0.0
2023-08-15,-0.0764674055893467,2,-0.2129877180136329,0,0.0,0,0.0
2023-08-16,0.3455835354008438,2,0.9797582155854953,0,0.0,0,0.0
2023-08-17,0.0317233207651913,2,0.0927669584473552,0,0.0,0,0.0
2023-08-18,0.005409814546258,2,0.0184031210685455,0,0.0,0,0.0
2023-08-21,0.2159904754127619,2,0.6135190242670113,0,0.0,0,0.0
2023-08-22,0.0353035205280917,2,0.1028848572456694,0,0.0,0,0.0
2023-08-23,-0.0962771157214992,2,-0.2689713657469323,0,0.0,0,0.0
2023-08-24,-0.0177227707048975,2,-0.0469712077440332,0,0.0,0,0.0
2023-08-25,0.338517677316356,2,0.9597895988164185,0,0.0,0,0.0
2023-08-28,-0.2023416637208051,2,-0.5687173111733211,0,0.0,0,0.0
2023-08-29,-0.2264220148428168,2,-0.6367700936479519,0,0.0,0,0.0
2023-08-30,-0.0613520395300095,2,-0.1702706200257962,0,0.0,0,0.0
2023-08-31,-0.1030825140736549,2,-0.2882039048144015,0,0.0,0,0.0
2023-09-01,-0.201779944550761,2,-0.5671298529050777,0,0.0,0,0.0
2023-09-05,0.1883006112630053,2,0.5352655016257668,0,0.0,0,0.0
2023-09-06,-0.042930735801911,2,-0.118210707395973,0,0.0,0,0.0
2023-09-07,0.4188189830902259,2,1.186726791989765,-1,0.0490448263548604,0,0.0
2023-09-08,0.0834033158817191,2,0.2388182949970206,0,0.0,0,0.0
2023-09-11,0.1993515375871067,2,0.5664962042623992,0,0.0,0,0.0
2023-09-12,-0.238860993669663,2,-0.6719235312378262,0,0.0,0,0.0
2023-09-13,0.527543100173788,2,1.4939888685327676,-1,-0.2118846874694623,-1,0.0
2023-09-14,-0.1695972859319698,2,-0.4761793740128525,0,0.0,0,0.0
2023-09-15,-0.1929001150222599,2,-0.5420348240056649,0,0.0,0,0.0
2023-09-18,0.4639344972293592,2,1.3142264390831613,-1,-0.3731701246941089,-1,0.0
2023-09-19,-0.0018268951716085,2,-0.0020483345504651,0,0.0,0,0.0
2023-09-20,0.1197034646541506,2,0.3414050934905404,0,0.0,0,0.0
2023-09-21,0.2417072158074851,2,0.6861963590438658,0,0.0,0,0.0
2023-09-22,0.1446070408030535,2,0.411784368357198,0,0.0,0,0.0
2023-09-25,-0.187388937782915,2,-0.526459845719512,0,0.0,0,0.0
2023-09-26,-0.0380503790370524,2,-0.1044184725720412,0,0.0,0,0.0
2023-09-27,-0.3280370505836515,2,-0.923941401424346,0,0.0,0,0.0
2023-09-28,-0.4580694198043288,2,-1.2914221118342015,1,-0.0100366370549554,0,1.0
2023-09-29,-0.1045818892049306,2,-0.2924412454220849,0,0.0,0,0.0
2023-10-02,0.0907643725352503,2,0.2596211638874285,0,0.0,0,0.0
2023-10-03,0.4962008677569095,2,1.4054134937748195,-1,-0.0212714721419421,-1,0.0
2023-10-04,0.2064987741214005,2,0.5866948023101834,0,0.0,0,0.0
2023-10-05,-0.2320194213031814,2,-0.652588761836768,0,0.0,0,0.0
2023-10-06,0.1133667043138026,2,0.3234969587274481,0,0.0,0,0.0
2023-10-09,0.1371274382412379,2,0.3906464803107632,0,0.0,0,0.0
2023-10-10,-0.2022492400518439,2,-0.5684561153208413,0,0.0,0,0.0
2023-10-11,-0.0502808845048798,2,-0.1389827496434011,0,0.0,0,0.0
2023-10-12,0.2151560340676542,2,0.6111608337631137,0,0.0,0,0.0
2023-10-13,0.4938579294901936,2,1.3987921838359227,-1,0.0386754555083791,0,0.0
2023-10-16,-0.0476851340262824,2,-0.1316469744388222,0,0.0,0,0.0
2023-10-17,-0.3167377157561274,2,-0.8920086787148908,0,0.0,0,0.0
2023-10-18,0.6344296937598903,1,1.7960579731697106,0,0.0,0,0.0
2023-10-19,0.1200488710441397,2,0.3423812364796594,0,0.0,0,0.0
2023-10-20,-0.0115969889946342,2,-0.0296593135734138,0,0.0,0,0.0
2023-10-23,-0.0542417153060166,2,-0.1501763387884608,0,0.0,0,0.0
2023-10-24,0.3033222860739865,2,0.8603249235635267,0,0.0,0,0.0
2023-10-25,0.5450901950567983,2,1.5435782048794315,-1,-0.2050316969859446,-1,0.0
2023-10-26,-0.2608986907799934,2,-0.7342036284046913,0,0.0,0,0.0
2023-10-27,-0.0534252461383777,2,-0.1478689389344868,0,0.0,0,0.0
2023-10-30,0.3105641214923526,2,0.8807908647761802,0,0.0,0,0.0
2023-10-31,0.0890126220736162,2,0.254670592672275,0,0.0,0,0.0
2023-11-01,0.2248776510009917,2,0.63863481365294,0,0.0,0,0.0
2023-11-02,-0.3880394670865015,2,-1.0935124918761,1,-0.0664576236996332,0,1.0
2023-11-03,-0.7399073019241703,1,-2.0879159830336134,0,0.0,0,0.0
2023-11-06,0.6190326783085933,1,1.752544913997253,0,0.0,0,0.0
2023-11-07,0.1435073147501331,2,0.4086764644283111,0,0.0,0,0.0
2023-11-08,0.0534467769015528,2,0.1541589883041644,0,0.0,0,0.0
2023-11-09,0.3058875867128733,2,0.8675746453585141,0,0.0,0,0.0
2023-11-10,0.0156765599032637,2,0.0474176725990703,0,0.0,0,0.0
2023-11-13,0.1595264944659115,2,0.4539478039987456,0,0.0,0,0.0
2023-11-14,-1.0487639645419216,0,-2.9607668468133075,0,0.0,0,0.0
2023-11-15,-0.3638681152811485,2,-1.0252025350074128,1,-0.0063244610611957,0,1.0
2023-11-16,0.45488668710531,2,1.2886566850906271,-1,0.119186507970349,0,0.0
2023-11-17,-0.4003244861329683,2,-1.128230828192288,1,-0.133299987388485,0,1.0
2023-11-20,-0.0392743447359703,2,-0.1078774865641059,0,0.0,0,0.0
2023-11-21,0.3517321441658823,2,0.9971346206341029,0,0.0,0,0.0
2023-11-22,0.050281780454467,2,0.1452144835643798,0,0.0,0,0.0
2023-11-24,-0.0023918554837335,2,-0.0036449525164174,0,0.0,0,0.0
2023-11-27,-0.061557493570629,2,-0.1708512477360802,0,0.0,0,0.0
2023-11-28,-0.1222580200196903,2,-0.3423952464760973,0,0.0,0,0.0
2023-11-29,-0.5031695772221687,2,-1.4188783597425774,1,-0.0928975979986111,0,0.0
2023-11-30,0.1737274772420125,2,0.4940807898879998,0,0.0,0,0.0
2023-12-01,-0.8151456769311995,1,-2.3005449742868898,0,0.0,0,0.0
2023-12-04,-0.2443960513658296,2,-0.6875659973909647,0,0.0,0,0.0
2023-12-05,0.1498897202100904,2,0.4267135955411688,0,0.0,0,0.0
2023-12-06,-0.130170901664984,2,-0.3647576119842329,0,0.0,0,0.0
2023-12-07,-0.2554563135477089,2,-0.7188230838247168,0,0.0,0,0.0
2023-12-08,-0.3629038256540035,2,-1.0224773840365593,1,0.2637194938735598,1,1.0
2023-12-11,0.3516884095497403,2,0.9970110235028218,0,0.0,0,0.0
2023-12-12,0.2877538000960695,2,0.8163272765048815,0,0.0,0,0.0
2023-12-13,-0.4354616789431755,2,-1.2275310305425946,1,-0.0407364840169976,0,1.0
2023-12-14,-2.3897609329721345,0,-6.750519518164586,0,0.0,0,0.0
2023-12-15,0.0377316400010377,2,0.109746895323003,0,0.0,0,0.0
2023-12-18,0.4324374824572303,2,1.2252136383965222,-1,0.2373531039653343,0,0.0
2023-12-19,-0.3348842528983625,2,-0.9432920814589436,0,0.0,0,0.0
2023-12-20,-0.1141874325511838,2,-0.3195871931111813,0,0.0,0,0.0
2023-12-21,-0.0610924997486612,2,-0.1695371421710043,0,0.0,0,0.0
2023-12-22,0.1275120747411786,2,0.3634727801695762,0,0.0,0,0.0
2023-12-26,-0.1484913592571608,2,-0.4165325262717763,0,0.0,0,0.0
2023-12-27,-0.0231684607828463,2,-0.0623611146611357,0,0.0,0,0.0
2023-12-28,0.0459045393945009,2,0.1328440894541129,0,0.0,0,0.0
2023-12-29,0.3387051461068106,2,0.9603193989324113,0,0.0,0,0.0
2024-01-02,0.1448437083871206,2,0.4124532077580734,0,0.0,0,0.0
2024-01-03,0.7225107097130619,1,2.044981179830366,0,0.0,0,0.0
2024-01-04,-0.082644508648035,2,-0.2304446499597805,0,0.0,0,0.0
2024-01-05,-0.3137804151306017,2,-0.8836511371175412,0,0.0,0,0.0
2024-01-08,0.0299789184464963,2,0.087837153606018,0,0.0,0,0.0
2024-01-09,0.1673494516167666,2,0.4760560364990959,0,0.0,0,0.0
2024-01-10,-0.1129208265429746,2,-0.3160076745767142,0,0.0,0,0.0
2024-01-11,0.0114546009447831,2,0.0354861167358475,0,0.0,0,0.0
2024-01-12,0.4420690942341216,2,1.2524332573220007,-1,0.1142399963089137,0,0.0
2024-01-16,0.1582229028828222,2,0.4502637616029251,0,0.0,0,0.0
2024-01-17,0.3335921927815216,2,0.9458698297095284,0,0.0,0,0.0
2024-01-18,0.0499792014039426,2,0.1443593736782166,0,0.0,0,0.0
2024-01-19,-0.0331967876307212,2,-0.0907018785522027,0,0.0,0,0.0
2024-01-22,-0.2611933563501034,2,-0.7350363742331824,0,0.0,0,0.0
2024-01-23,0.503658543433659,2,1.4264894148867948,-1,0.0,0,0.0
2024-01-24,0.0069777973453298,2,0.0228343518179866,0,0.0,0,0.0
2024-01-25,-0.2181474430298289,2,-0.6133855660384169,0,0.0,0,0.0
2024-01-26,-0.0919246432181063,2,-0.256670969336622,0,0.0,0,0.0
2024-01-29,-0.0813598124710209,2,-0.2268140073234936,0,0.0,0,0.0
2024-01-30,0.1813540024929091,2,0.5156338918883326,0,0.0,0,0.0
2024-01-31,0.1396182773849056,2,0.3976857686319524,0,0.0,0,0.0
2024-02-01,0.0589877805986512,2,0.1698182582782254,0,0.0,0,0.0
2024-02-02,-0.0197893988291547,2,-0.0528116455965971,0,0.0,0,0.0
2024-02-05,0.1781809830615606,2,0.5066667136252235,0,0.0,0,0.0
2024-02-06,-0.3113630901349118,2,-0.876819604999565,0,0.0,0,0.0
2024-02-07,0.1245592628276022,2,0.3551279239909872,0,0.0,0,0.0
2024-02-08,-0.3339277988599487,2,-0.9405890744183336,0,0.0,0,0.0
2024-02-09,0.210685100378587,2,0.5985256576288891,0,0.0,0,0.0
2024-02-12,-0.3593757304316018,2,-1.0125067363701965,1,0.0,0,1.0
2024-02-13,0.4057396387787135,2,1.1497636360610073,-1,0.375253433413159,0,0.0
2024-02-14,-0.2561696915020433,2,-0.7208391405882801,0,0.0,0,0.0
2024-02-15,-0.2587244523901059,2,-0.7280590762988977,0,0.0,0,0.0
2024-02-16,0.0383715384179384,2,0.1115552936952094,0,0.0,0,0.0
2024-02-20,0.1471243954233969,2,0.4188985912986213,0,0.0,0,0.0
2024-02-21,-0.0480546876184547,2,-0.1326913591362625,0,0.0,0,0.0
2024-02-22,0.1820706368341393,2,0.5176591514325347,0,0.0,0,0.0
2024-02-23,0.1163722154240097,2,0.3319907465784502,0,0.0,0,0.0
2024-02-26,0.0335175420767285,2,0.0978375553006449,0,0.0,0,0.0
2024-02-27,-0.2406975269518716,2,-0.6771137047252601,0,0.0,0,0.0
2024-02-28,-0.0961260403305752,2,-0.2685444159626984,0,0.0,0,0.0
2024-02-29,-0.3295657137574905,2,-0.9282615121203708,0,0.0,0,0.0
2024-03-01,-0.163471147193306,2,-0.458866470854617,0,0.0,0,0.0
2024-03-04,0.0434057013492514,2,0.1257821956689658,0,0.0,0,0.0
2024-03-05,-0.216010538503919,2,-0.6073465220837018,0,0.0,0,0.0
2024-03-06,0.2182836598095731,2,0.6199997262360021,0,0.0,0,0.0
2024-03-07,-0.124491330311439,2,-0.3487067399718793,0,0.0,0,0.0
2024-03-08,-0.1760378724133516,2,-0.4943809288243134,0,0.0,0,0.0
2024-03-11,0.2136697843410279,2,0.6069605864811449,0,0.0,0,0.0
2024-03-12,0.1689049433320905,2,0.4804519665587397,0,0.0,0,0.0
2024-03-13,-0.2758472968957051,2,-0.7764494509484314,0,0.0,0,0.0
2024-03-14,0.3333820813573764,2,0.94527603990263,0,0.0,0,0.0
2024-03-15,-0.1556294972084613,2,-0.4367054110778338,0,0.0,0,0.0
2024-03-18,0.1639847634172722,2,0.4665471886847528,0,0.0,0,0.0
2024-03-19,-0.0151371700655686,2,-0.0396641167060757,0,0.0,0,0.0
2024-03-20,-0.4692101212839522,2,-1.3229065254362349,1,-0.1892469545666494,0,1.0
2024-03-21,-0.3622921777798141,2,-1.0207488237044289,1,0.0173135864382515,1,1.0
2024-03-22,0.3302068951669178,2,0.936302738224391,0,0.0,0,0.0
2024-03-25,-0.0013993073581729,2,-0.0008399410221026,0,0.0,0,0.0
2024-03-26,0.1005997382068054,2,0.2874166057899747,0,0.0,0,0.0
2024-03-27,-0.2572231371937908,2,-0.7238162529296283,0,0.0,0,0.0
2024-03-28,-0.1155548419058675,2,-0.3234515890619117,0,0.0,0,0.0
2024-04-01,0.1714827106160328,2,0.4877369199780437,0,0.0,0,0.0
2024-04-02,0.2890709677883838,2,0.820049685949557,0,0.0,0,0.0
2024-04-03,-0.4314802577408896,2,-1.216279251461542,1,0.0073074775589983,1,1.0
2024-04-04,0.0696721215242827,2,0.2000129645436234,0,0.0,0,0.0
2024-04-05,-0.0553732386133426,2,-0.1533741040165618,0,0.0,0,0.0
2024-04-08,-0.2442906453903697,2,-0.6872681126183069,0,0.0,0,0.0
2024-04-09,-0.230196149465402,2,-0.6474360661331281,0,0.0,0,0.0
2024-04-10,0.488773256564468,2,1.3844225370307004,-1,-0.1950677284126189,-1,0.0
2024-04-11,-0.4597283893121243,2,-1.296110477484437,1,0.0,0,1.0
2024-04-12,0.1104248471924986,2,0.315183061569838,0,0.0,0,0.0
2024-04-15,0.0843882126681371,2,0.2416016832635147,0,0.0,0,0.0
2024-04-16,0.3971615048449503,2,1.1255212203389615,-1,-0.5113506932986018,-1,0.0
2024-04-17,0.1084142732766155,2,0.3095010368911492,0,0.0,0,0.0
2024-04-18,0.1591749717659833,2,0.452954375883354,0,0.0,0,0.0
2024-04-19,0.074945365825919,2,0.2149155274496439,0,0.0,0,0.0
2024-04-22,-0.0707518417460816,2,-0.1968351286691182,0,0.0,0,0.0
2024-04-23,-0.3018192339238507,2,-0.8498479895355857,0,0.0,0,0.0
2024-04-24,0.0718603004621311,2,0.2061969136280222,0,0.0,0,0.0
2024-04-25,0.1695384821075019,2,0.4822423921324308,0,0.0,0,0.0
2024-04-26,-0.1949001703253953,2,-0.5476871223376892,0,0.0,0,0.0
2024-04-29,-0.0958390924857434,2,-0.2677334809739619,0,0.0,0,0.0
2024-04-30,0.4613655364666513,2,1.3069663735183112,-1,-0.026481814764797,-1,0.0
2024-05-01,0.0754004889111301,2,0.2162017376116188,0,0.0,0,0.0
2024-05-02,-0.2832349847437148,2,-0.797327581485802,0,0.0,0,0.0
2024-05-03,-0.0103462393808095,2,-0.0261246063356097,0,0.0,0,0.0
2024-05-06,-0.060618646568277,2,-0.1681979994298454,0,0.0,0,0.0
2024-05-07,0.3730527107187666,2,1.057388055914498,-1,-0.4320176508150212,-1,0.0
2024-05-08,0.1169215132571523,2,0.3335431012664377,0,0.0,0,0.0
2024-05-09,-0.2996222971513189,2,-0.8436392901883841,0,0.0,0,0.0
2024-05-10,0.1757863510256921,2,0.4998993134233727,0,0.0,0,0.0
2024-05-13,-0.0550118110373508,2,-0.1523526840179631,0,0.0,0,0.0
2024-05-14,-0.2353362547386474,2,-0.6619623686892866,0,0.0,0,0.0
2024-05-15,-0.0814221959702182,2,-0.2269903075227462,0,0.0,0,0.0
2024-05-16,0.5762650695567794,2,1.6316806142783475,-1,0.2333352950837513,0,0.0
2024-05-17,0.0076672336718402,2,0.0247827478409679,0,0.0,0,0.0
2024-05-20,0.0221076738889098,2,0.0655924574648386,0,0.0,0,0.0
2024-05-21,0.0837827782073729,2,0.2398906824790051,0,0.0,0,0.0
2024-05-22,0.370213817579865,2,1.0493651422837331,-1,0.0,0,0.0
2024-05-23,-0.1385764297755187,2,-0.3885122313912453,0,0.0,0,0.0
2024-05-24,-0.2851182415164583,2,-0.8026497988758233,0,0.0,0,0.0
2024-05-28,-0.1807676971569745,2,-0.5077477494653408,0,0.0,0,0.0
2024-05-29,-0.0415819205414274,2,-0.114398859676018,0,0.0,0,0.0
2024-05-30,-0.4724605745374944,2,-1.3320925371802692,1,0.6722673182455786,1,1.0
2024-05-31,0.0879703472642745,2,0.2517250500379701,0,0.0,0,0.0
2024-06-03,0.0538144867330353,2,0.1551981624029502,0,0.0,0,0.0
2024-06-04,0.4678210135769726,2,1.3252100103046982,-1,-0.0317868647909601,-1,0.0
2024-06-05,-0.2549290470905798,2,-0.7173329913700276,0,0.0,0,0.0
2024-06-06,0.0961167045788489,2,0.2747472343691026,0,0.0,0,0.0
2024-06-07,0.0826407911786525,2,0.2366633460311024,0,0.0,0,0.0
2024-06-10,-0.1537724822744238,2,-0.4314573549877099,0,0.0,0,0.0
2024-06-11,0.2824454324233897,2,0.8013254524578052,0,0.0,0,0.0
2024-06-12,-0.5481566286937465,2,-1.5460149622139512,1,0.0626959281602242,1,0.0
2024-06-13,0.0829194955539475,2,0.2374509843894711,0,0.0,0,0.0
2024-06-14,0.4172548585688496,2,1.182306465007109,-1,0.01403454129525,0,0.0
2024-06-17,0.1073146676868533,2,0.3063934733997027,0,0.0,0,0.0
2024-06-18,0.0125566239738613,2,0.0386005120824894,0,0.0,0,0.0
2024-06-20,0.1738114559034136,2,0.4943181195493442,0,0.0,0,0.0
2024-06-21,-0.0631417604899705,2,-0.1753284985659136,0,0.0,0,0.0
2024-06-24,-0.172246213364934,2,-0.4836654310671374,0,0.0,0,0.0
2024-06-25,0.2431085453732726,2,0.6901566159202133,0,0.0,0,0.0
2024-06-26,-0.0582944240865431,2,-0.1616295816285161,0,0.0,0,0.0
2024-06-27,0.0257552909698857,2,0.0759008823920605,0,0.0,0,0.0
2024-06-28,-0.3170041226414842,2,-0.8927615634933173,0,0.0,0,0.0
2024-07-01,0.2953084069730349,2,0.8376771320727903,0,0.0,0,0.0
2024-07-02,0.1156198003363521,2,0.3298643681036701,0,0.0,0,0.0
2024-07-03,-0.079052446296404,2,-0.2202932266432239,0,0.0,0,0.0
2024-07-05,0.3678161418780662,2,1.0425891404658003,-1,0.0,0,0.0
2024-07-08,-0.1511712272251228,2,-0.4241060234753839,0,0.0,0,0.0
2024-07-09,-0.0908180613066141,2,-0.2535436902645032,0,0.0,0,0.0
2024-07-10,0.0239299599116876,2,0.0707423671852704,0,0.0,0,0.0
2024-07-11,-0.7131141613142,1,-2.0121966648017544,0,0.0,0,0.0
2024-07-12,0.0284939084535744,2,0.0836404098995449,0,0.0,0,0.0
2024-07-15,-0.1425666038054851,2,-0.3997887465849548,0,0.0,0,0.0
2024-07-16,-0.6011504124149658,1,-1.6957791586666848,0,0.0,0,0.0
2024-07-17,0.3418972416790373,2,0.9693404877244434,0,0.0,0,0.0
2024-07-18,0.0319745948278589,2,0.093477076794118,0,0.0,0,0.0
2024-07-19,-0.29149787419198,2,-0.8206790939029406,0,0.0,0,0.0
2024-07-22,-0.0614334775935987,2,-0.1705007697772889,0,0.0,0,0.0
2024-07-23,-0.1065248173162587,2,-0.2979320982528475,0,0.0,0,0.0
2024-07-24,0.6120971468141233,1,1.7329446094274548,0,0.0,0,0.0
2024-07-25,-0.0104101543839831,2,-0.0263052346738675,0,0.0,0,0.0
2024-07-26,-0.1129678746507056,2,-0.3161406358705524,0,0.0,0,0.0
2024-07-29,0.0155595189178031,2,0.0470869064618239,0,0.0,0,0.0
2024-07-30,-0.1502279878014796,2,-0.4214403618746272,0,0.0,0,0.0
2024-07-31,0.1841959531331032,2,0.5236654462348961,0,0.0,0,0.0
2024-08-01,0.599859683206475,2,1.698360668158789,-1,0.1776214640873978,0,0.0
2024-08-02,0.8489023092344528,0,2.4021728164999603,0,0.0,0,0.0
2024-08-05,-0.2545769937018121,2,-0.7163380634902855,0,0.0,0,0.0
2024-08-06,-0.3613491218567783,2,-1.0180836806894211,1,-0.1715674267635316,0,1.0
2024-08-07,0.4739440020544225,2,1.3425140106010096,-1,-0.2509220563190207,-1,0.0
2024-08-08,-0.1807465012176389,2,-0.5076878482354277,0,0.0,0,0.0
2024-08-09,0.040589858242173,2,0.1178244230651631,0,0.0,0,0.0
2024-08-12,0.1735239429447647,2,0.4935055875088256,0,0.0,0,0.0
2024-08-13,-0.0901869014228908,2,-0.251759987607673,0,0.0,0,0.0
2024-08-14,0.3624455677377791,2,1.0274115165233175,-1,-0.1368138157641898,-1,0.0
2024-08-15,-0.3399451213728149,2,-0.9575944551942586,0,0.0,0,0.0
2024-08-16,0.1122790079216389,2,0.3204230514742148,0,0.0,0,0.0
2024-08-19,-0.0293373598979258,2,-0.0797948616799945,0,0.0,0,0.0
2024-08-20,0.2522731836113835,2,0.716056534460302,0,0.0,0,0.0
2024-08-21,-0.1652001487586286,2,-0.4637527520731511,0,0.0,0,0.0
2024-08-22,-0.1399775578223363,2,-0.3924719187606716,0,0.0,0,0.0
2024-08-23,-0.758291934146311,1,-2.139872259383163,0,0.0,0,0.0
2024-08-26,0.1388168037757515,2,0.3954207472912519,0,0.0,0,0.0
2024-08-27,0.147919111740794,2,0.4211445160529088,0,0.0,0,0.0
2024-08-28,0.0725706296971449,2,0.2082043544942636,0,0.0,0,0.0
2024-08-29,-0.0503515549997599,2,-0.1391824694810015,0,0.0,0,0.0
2024-08-30,0.0762574853041226,2,0.2186236702827148,0,0.0,0,0.0
2024-09-03,0.4045826802807463,2,1.1464939891777288,-1,0.0108791053259293,0,0.0
2024-09-04,0.3657289403580436,2,1.0366905607356658,-1,0.2924819178963219,0,0.0
2024-09-05,-0.0957671560017824,2,-0.2675301833613072,0,0.0,0,0.0
2024-09-06,-0.0791745069716998,2,-0.2206381787804466,0,0.0,0,0.0
2024-09-09,0.1164304625210203,2,0.3321553570113526,0,0.0,0,0.0
2024-09-10,0.125751799813529,2,0.3584981182080493,0,0.0,0,0.0
2024-09-11,-0.268210682822383,2,-0.754867837219409,0,0.0,0,0.0
2024-09-12,-0.2363974711007138,2,-0.6649614414968341,0,0.0,0,0.0
2024-09-13,-0.1990234083896824,2,-0.5593396859426923,0,0.0,0,0.0
2024-09-16,-0.0506022217168418,2,-0.1398908714260051,0,0.0,0,0.0
2024-09-17,-0.3994404281733966,2,-1.1257324176121075,1,0.0259223137767775,1,1.0
2024-09-18,-0.3550387361931119,2,-1.0002500826357792,1,0.0315282314705836,1,1.0
2024-09-19,-0.3551151465121019,2,-1.0004660236239609,1,0.0326003880941101,1,1.0
2024-09-20,0.3363955810489965,2,0.9537924040520598,0,0.0,0,0.0
2024-09-23,-0.05453176796765,2,-0.1509960482099849,0,0.0,0,0.0
2024-09-24,-0.2704495393971077,2,-0.7611950049047822,0,0.0,0,0.0
2024-09-25,0.2392869638361359,2,0.6793565550848002,0,0.0,0,0.0
2024-09-26,-0.115791714897486,2,-0.3241210089591156,0,0.0,0,0.0
2024-09-27,-0.1272978814652236,2,-0.3566382528557527,0,0.0,0,0.0
2024-09-30,0.1031939648679414,2,0.2947480745781851,0,0.0,0,0.0
2024-10-01,0.1496548172895493,2,0.4260497432047455,0,0.0,0,0.0
2024-10-02,0.0640328743393843,2,0.1840760514957168,0,0.0,0,0.0
2024-10-03,-0.00307306943353,2,-0.0055701115188463,0,0.0,0,0.0
2024-10-04,-0.1191003695635893,2,-0.3334715020285533,0,0.0,0,0.0
2024-10-07,-0.5250758284652504,2,-1.4807869815532175,1,-0.3168942693236537,0,0.0
2024-10-08,0.4901473719533186,2,1.3883058847102536,-1,-0.1423263260482602,-1,0.0
2024-10-09,0.0176891102580192,2,0.0531052828343805,0,0.0,0,0.0
2024-10-10,-0.009253766377284,2,-0.0230372000394296,0,0.0,0,0.0
2024-10-11,-0.0843442759256463,2,-0.2352483130050022,0,0.0,0,0.0
2024-10-14,0.0545766659799282,2,0.1573521350851869,0,0.0,0,0.0
2024-10-15,-0.2061173359029695,2,-0.579387628911067,0,0.0,0,0.0
2024-10-16,-0.2372516851458784,2,-0.6673755110553642,0,0.0,0,0.0
2024-10-17,0.0715841695047088,2,0.2054165479313281,0,0.0,0,0.0
2024-10-18,-0.1183953577099878,2,-0.3314790884598274,0,0.0,0,0.0
2024-10-21,0.28319058697504,2,0.8034313121421801,0,0.0,0,0.0
2024-10-22,-0.0408452925345217,2,-0.1123170966126527,0,0.0,0,0.0
2024-10-23,-0.0636589559421519,2,-0.1767901296453704,0,0.0,0,0.0
2024-10-24,-0.116507158245134,2,-0.3261429026708689,0,0.0,0,0.0
2024-10-25,-0.0296363176067422,2,-0.0806397373973009,0,0.0,0,0.0
2024-10-28,-0.280766206047391,2,-0.7903506375555555,0,0.0,0,0.0
2024-10-29,0.1499886035587189,2,0.4269930469071594,0,0.0,0,0.0
2024-10-30,-0.2452102908847745,2,-0.6898670960993782,0,0.0,0,0.0
2024-10-31,0.1124739372857632,2,0.3209739357012534,0,0.0,0,0.0
2024-11-01,-0.012031635492287,2,-0.030887655444687,0,0.0,0,0.0
2024-11-04,-0.3500812496430781,2,-0.9862398735611296,0,0.0,0,0.0
2024-11-05,-0.1346086791203992,2,-0.3772990862473772,0,0.0,0,0.0
2024-11-06,-0.2982732059781707,2,-0.8398266627196436,0,0.0,0,0.0
2024-11-07,-0.0776994406809287,2,-0.2164695366824606,0,0.0,0,0.0
2024-11-08,0.2536850556275123,2,0.7200465850500464,0,0.0,0,0.0
2024-11-11,-0.2605897435296467,2,-0.7333305215335559,0,0.0,0,0.0
2024-11-12,0.3539910974384288,2,1.0035185830148028,-1,0.0,0,0.0
2024-11-13,-0.1423257602132436,2,-0.3991081054883953,0,0.0,0,0.0
2024-11-14,-0.304910764170393,2,-0.8585848735750122,0,0.0,0,0.0
2024-11-15,-0.247566989135504,2,-0.6965272927303415,0,0.0,0,0.0
2024-11-18,0.1710867384662763,2,0.4866178745606054,0,0.0,0,0.0
2024-11-19,0.0384141716740873,2,0.1116757783049307,0,0.0,0,0.0
2024-11-20,0.1262550979982168,2,0.3599204746225753,0,0.0,0,0.0
2024-11-21,0.1061901582925861,2,0.3032155299880392,0,0.0,0,0.0
2024-11-22,-0.1355195885194957,2,-0.3798733809026634,0,0.0,0,0.0
2024-11-25,-0.4348190731129014,2,-1.2257149808279126,1,-0.126179533394082,0,1.0
2024-11-26,0.4524562111829812,2,1.281787987519981,-1,-0.0981509636067453,-1,0.0
2024-11-27,-0.0809584792384671,2,-0.2256798111053221,0,0.0,0,0.0
2024-11-29,-0.0141191270858067,2,-0.0367870549431253,0,0.0,0,0.0
2024-12-02,-0.0026105568236781,2,-0.0042630180354271,0,0.0,0,0.0
2024-12-03,-0.0935873512468595,2,-0.2613699003125965,0,0.0,0,0.0
2024-12-04,0.0926146126379805,2,0.2648500738231245,0,0.0,0,0.0
2024-12-05,-0.0379130789377201,2,-0.1040304527401766,0,0.0,0,0.0
2024-12-06,-0.2615193553320671,2,-0.7359576705088937,0,0.0,0,0.0
2024-12-09,-0.2062802363730332,2,-0.5798479972087751,0,0.0,0,0.0
2024-12-10,0.1503150642504969,2,0.4279156480075965,0,0.0,0,0.0
2024-12-11,-0.1118218310156767,2,-0.3129018351651187,0,0.0,0,0.0
2024-12-12,0.0517508298448544,2,0.1493661214745571,0,0.0,0,0.0
2024-12-13,0.1875723494905894,2,0.5332073821352457,0,0.0,0,0.0
2024-12-16,0.0172170709972703,2,0.0517712663589367,0,0.0,0,0.0
2024-12-17,0.1311568973295365,2,0.3737733076621927,0,0.0,0,0.0
2024-12-18,0.3398952748651391,2,0.9636827873272464,0,0.0,0,0.0
2024-12-19,0.1225920137709549,2,0.3495683384414614,0,0.0,0,0.0
2024-12-20,-0.2583685517088153,2,-0.7270532756972486,0,0.0,0,0.0
2024-12-23,0.0864363532210992,2,0.2473898739265982,0,0.0,0,0.0
2024-12-24,0.0326804086652025,2,0.0954717568258565,0,0.0,0,0.0
2024-12-26,-0.0600663359172525,2,-0.1666371303045512,0,0.0,0,0.0
2024-12-27,0.1002491012422736,2,0.2864256808257187,0,0.0,0,0.0
2024-12-30,-0.1956447190134433,2,-0.5497912698084952,0,0.0,0,0.0
2024-12-31,-0.1070404959073714,2,-0.2993894425751957,0,0.0,0,0.0
2025-01-02,0.0575290430671286,2,0.1656957624135558,0,0.0,0,0.0
2025-01-03,-0.1671126768743968,2,-0.4691576923574318,0,0.0,0,0.0
2025-01-06,-0.3799217473139534,2,-1.0705712392725926,1,0.1488848480206708,1,1.0
2025-01-07,0.149589732167731,2,0.425865808028095,0,0.0,0,0.0
2025-01-08,0.1918187677364836,2,0.545208061681815,0,0.0,0,0.0
2025-01-10,-0.3699548255963517,2,-1.0424040106407138,1,-0.1880793445268673,0,1.0
2025-01-13,-0.3269954096105466,2,-0.9209976500562616,0,0.0,0,0.0
2025-01-14,-0.1245421301125495,2,-0.3488503038176561,0,0.0,0,0.0
2025-01-15,-0.0400612170402615,2,-0.1101012435802689,0,0.0,0,0.0
2025-01-16,0.2874556210209366,2,0.815484601261664,0,0.0,0,0.0
2025-01-17,0.00673325246395,2,0.0221432506154543,0,0.0,0,0.0
2025-01-21,-0.1391262743421096,2,-0.3900661311867871,0,0.0,0,0.0
2025-01-22,0.1578822368096081,2,0.449301015085673,0,0.0,0,0.0
2025-01-23,-0.244651816778029,2,-0.6882888086104835,0,0.0,0,0.0
2025-01-24,0.0417483834376083,2,0.1210984975467542,0,0.0,0,0.0
2025-01-27,0.34978666788673,2,0.9916365665000964,0,0.0,0,0.0
2025-01-28,-0.2184293827158783,2,-0.6141823476147514,0,0.0,0,0.0
2025-01-29,0.0889271751373207,2,0.2544291135618012,0,0.0,0,0.0
2025-01-30,0.1774098810815446,2,0.504487524665482,0,0.0,0,0.0
2025-01-31,0.1337228889368443,2,0.3810249821830109,0,0.0,0,0.0
2025-02-03,0.5840762875991972,2,1.6537556712245338,-1,0.1810470815212035,0,0.0
2025-02-04,-0.343887445215066,2,-0.9687357423591298,0,0.0,0,0.0
2025-02-05,0.0842718370267302,2,0.2412727974358173,0,0.0,0,0.0
2025-02-06,-0.1024573300819229,2,-0.2864370904527507,0,0.0,0,0.0
2025-02-07,0.2024253410589492,2,0.5751829911775556,0,0.0,0,0.0
2025-02-10,0.2425773993264994,2,0.6886555594696586,0,0.0,0,0.0
2025-02-11,0.198244058713413,2,0.563366390311396,0,0.0,0,0.0
2025-02-12,0.1644798318791651,2,0.4679462873181798,0,0.0,0,0.0
2025-02-13,0.0743539019094182,2,0.2132440084154208,0,0.0,0,0.0
2025-02-14,-0.4565924419447964,2,-1.287248067507135,1,-0.3324479673612854,0,1.0
2025-02-18,0.0776515063375559,2,0.222563272727572,0,0.0,0,0.0
2025-02-19,0.3143983730249741,2,0.8916267319186654,0,0.0,0,0.0
2025-02-20,0.1946637191159606,2,0.5532480963307066,0,0.0,0,0.0
2025-02-21,0.6872721422646725,1,1.945394485552857,0,0.0,0,0.0
2025-02-24,0.0660151821126289,2,0.1896781940478271,0,0.0,0,0.0
2025-02-25,0.1773052340046371,2,0.504191784594031,0,0.0,0,0.0
2025-02-26,-0.3785492785984151,2,-1.0666925452087677,1,-0.9857408792240344,0,1.0
2025-02-27,0.0709941242977933,2,0.2037490382711506,0,0.0,0,0.0
2025-02-28,0.2662539857376451,2,0.7555672741957222,0,0.0,0,0.0
2025-03-03,0.7273394838271493,1,2.058627638419781,0,0.0,0,0.0
2025-03-04,0.1306191750114247,2,0.3722536662017837,0,0.0,0,0.0
2025-03-05,-0.3003689802190217,2,-0.8457494695676797,0,0.0,0,0.0
2025-03-06,0.1917569044769819,2,0.5450332317168901,0,0.0,0,0.0
2025-03-07,0.3450957712201283,2,0.9783797593694308,0,0.0,0,0.0
2025-03-10,0.356208560061087,2,1.0097852898722224,-1,0.2558372410860156,0,0.0
2025-03-11,-0.1506738397245949,2,-0.4227003710740747,0,0.0,0,0.0
2025-03-12,-0.3303081872625415,2,-0.9303597949766464,0,0.0,0,0.0
2025-03-13,0.6763438496235958,1,1.914510354413985,0,0.0,0,0.0
2025-03-14,-0.3048788239084401,2,-0.858494608126313,0,0.0,0,0.0
2025-03-17,0.0304195969068516,2,0.0890825422322828,0,0.0,0,0.0
2025-03-18,-0.0997349544945681,2,-0.2787434636978174,0,0.0,0,0.0
2025-03-19,-0.2939767100627094,2,-0.8276844601223252,0,0.0,0,0.0
2025-03-20,0.0064642372249852,2,0.0213829944444843,0,0.0,0,0.0
2025-03-21,0.0460720559823358,2,0.1333175032284827,0,0.0,0,0.0
2025-03-24,-0.5266567802651811,2,-1.4852548636201537,1,-0.1065397797790715,0,0.0
2025-03-25,-0.009097721986431,2,-0.0225962075084942,0,0.0,0,0.0
2025-03-26,0.3389326624819186,2,0.9609623763668428,0,0.0,0,0.0
2025-03-27,0.5075433280526264,2,1.4374680921201894,-1,-0.1065397797790715,-1,0.0
2025-03-28,0.376625360661914,2,1.0674846183859967,-1,0.0,0,0.0
2025-03-31,0.1216555023616817,2,0.3469216906871427,0,0.0,0,0.0
2025-04-01,-0.011129562906985,2,-0.0283383342527807,0,0.0,0,0.0
2025-04-02,-0.4922791377311546,2,-1.38810120429414,1,0.0702687419430135,1,1.0
2025-04-03,2.3223217834867524,0,6.566160894045894,0,0.0,0,0.0
2025-04-04,-1.0845568242630192,0,-3.0619200104197253,0,0.0,0,0.0
2025-04-07,-0.1300617611263606,2,-0.3644491730708435,0,0.0,0,0.0
2025-04-08,0.5536270744040179,2,1.567704032209975,-1,0.0985601474268659,0,0.0
2025-04-09,-0.8221709152761041,1,-2.320398796787061,0,0.0,0,0.0
2025-04-10,1.1884784594474276,0,3.361839133943821,0,0.0,0,0.0
2025-04-11,0.3159631707246725,2,0.8960489613510692,0,0.0,0,0.0
2025-04-14,0.0774015688358075,2,0.2218569315968901,0,0.0,0,0.0
2025-04-15,-0.1261693368810049,2,-0.3534489057107038,0,0.0,0,0.0
2025-04-16,-0.1956954198393307,2,-0.5499345539432621,0,0.0,0,0.0
2025-04-17,-0.275421066211278,2,-0.7752448927630314,0,0.0,0,0.0
2025-04-21,-0.0889004881014967,2,-0.2481244921994156,0,0.0,0,0.0
2025-04-22,-0.0884437970467921,2,-0.2468338508442938,0,0.0,0,0.0
2025-04-23,-0.3136752369300413,2,-0.8833538960529261,0,0.0,0,0.0
2025-04-24,-0.5674432863534137,1,-1.6005204265124449,0,0.0,0,0.0
2025-04-25,-0.035156487271752,2,-0.0962401289170313,0,0.0,0,0.0
2025-04-28,-0.1189512999287568,2,-0.3330502206534842,0,0.0,0,0.0
2025-04-29,0.2690082940829984,2,0.7633511451926469,0,0.0,0,0.0
2025-04-30,0.2964612446110048,2,0.84093513311305,0,0.0,0,0.0
2025-05-01,-0.5494958755306458,2,-1.5497997688893006,1,0.0,0,0.0
2025-05-02,-0.3179565377252622,2,-0.8954531561612769,0,0.0,0,0.0
2025-05-05,0.2074779268943122,2,0.5894619575865649,0,0.0,0,0.0
2025-05-06,0.1983197518800238,2,0.563580304576021,0,0.0,0,0.0
2025-05-07,-0.0399359329319783,2,-0.1097471817924933,0,0.0,0,0.0
2025-05-08,-0.6501969197526706,1,-1.834388071721204,0,0.0,0,0.0
2025-05-09,-0.1461322892236445,2,-0.4098656268142117,0,0.0,0,0.0
2025-05-12,-1.1652077586274614,0,-3.2898452788209025,0,0.0,0,0.0
2025-05-13,-0.3981303929489487,2,-1.1220301650281754,1,0.2998118072635631,1,1.0
2025-05-14,0.0086128461831963,2,0.0274551159561398,0,0.0,0,0.0
2025-05-15,0.6030578827372899,1,1.707399007171299,0,0.0,0,0.0
2025-05-16,0.0598023427998372,2,0.1721202689095692,0,0.0,0,0.0
2025-05-19,0.2958002713574103,2,0.8390671757555969,0,0.0,0,0.0
2025-05-20,0.2712266564315347,2,0.7696203947392971,0,0.0,0,0.0
2025-05-21,0.4594612963764268,2,1.3015848557828384,-1,0.2846407275115371,0,0.0
2025-05-22,-0.2308193530208135,2,-0.6491972836410851,0,0.0,0,0.0
2025-05-23,0.2826795054471913,2,0.8019869594471025,0,0.0,0,0.0
2025-05-27,-0.3136678886230932,2,-0.883333129215609,0,0.0,0,0.0
2025-05-28,-0.1667692466128065,2,-0.4681871340475141,0,0.0,0,0.0
2025-05-29,-0.0045567006353485,2,-0.0097629586637383,0,0.0,0,0.0
2025-05-30,0.4323892193862497,2,1.225077243530253,-1,0.1158135273284442,0,0.0
2025-06-02,0.1731437897538531,2,0.4924312475925568,0,0.0,0,0.0
2025-06-03,-0.237829795683329,2,-0.6690092924920249,0,0.0,0,0.0
2025-06-04,-0.2502767782592494,2,-0.7041853492452153,0,0.0,0,0.0
2025-06-05,-0.093532230813396,2,-0.2612141260529359,0,0.0,0,0.0
2025-06-06,-0.0548577245106757,2,-0.1519172245502433,0,0.0,0,0.0
2025-06-09,-0.2760092805030397,2,-0.7769072281269512,0,0.0,0,0.0
2025-06-10,-0.34429446551633,2,-0.969886010637376,0,0.0,0,0.0
2025-06-11,0.0678228095340461,2,0.1947866775197495,0,0.0,0,0.0
2025-06-12,0.5267641375567824,2,1.4917874648546254,-1,-0.1491177800091966,-1,0.0
2025-06-13,0.1394112723318338,2,0.397100757650324,0,0.0,0,0.0
2025-06-16,-0.5488764238330774,2,-1.548049154398068,1,0.1848820910345577,1,0.0
2025-06-17,0.1680513633096526,2,0.478039688793464,0,0.0,0,0.0
2025-06-18,-0.26553412366892,2,-0.7473036909605698,0,0.0,0,0.0
2025-06-20,-0.1629307789975984,2,-0.4573393519562101,0,0.0,0,0.0
2025-06-23,0.1455765096787717,2,0.4145241562523535,0,0.0,0,0.0
2025-06-24,-0.0972092941603045,2,-0.271605768218978,0,0.0,0,0.0
2025-06-25,-0.1111772449965258,2,-0.3110801892960365,0,0.0,0,0.0
2025-06-26,-0.2498649546395605,2,-0.7030215064479652,0,0.0,0,0.0
2025-06-27,-0.1413976804448098,2,-0.39648528614991,0,0.0,0,0.0
2025-06-30,0.3368685369626468,2,0.9551290110537044,0,0.0,0,0.0
2025-07-01,-0.3403543433925728,2,-0.958750945685336,0,0.0,0,0.0
2025-07-02,-0.6493059658253755,1,-1.83187017264648,0,0.0,0,0.0
2025-07-03,0.1726396311475871,2,0.4910064595655429,0,0.0,0,0.0
2025-07-07,0.1576211428956818,2,0.44856314514184,0,0.0,0,0.0
2025-07-08,-0.3867147748050962,2,-1.0897688174082516,1,0.0500618366512049,1,1.0
2025-07-09,-0.1831863978293588,2,-0.5145831693433573,0,0.0,0,0.0
2025-07-10,-0.3270492319287028,2,-0.9211497557498703,0,0.0,0,0.0
2025-07-11,-0.0865973716981626,2,-0.2416157216746128,0,0.0,0,0.0
2025-07-14,0.1760258695653657,2,0.5005762098272691,0,0.0,0,0.0
2025-07-15,0.2556402669135506,2,0.7255721510048998,0,0.0,0,0.0
2025-07-16,0.1448374040709639,2,0.4124353913128775,0,0.0,0,0.0
2025-07-17,-0.0954435853348554,2,-0.2666157496763506,0,0.0,0,0.0
2025-07-18,0.0461662756827143,2,0.1335837747933031,0,0.0,0,0.0
2025-07-21,0.1410855212560983,2,0.4018323040166561,0,0.0,0,0.0
2025-07-22,-0.3190933529610336,2,-0.898665876755001,0,0.0,0,0.0
2025-07-23,-0.4557420325660054,2,-1.2848447502059868,1,0.3465612486844747,1,1.0
2025-07-24,0.2594726469230368,2,0.7364027290900879,0,0.0,0,0.0
2025-07-25,-0.0593117507579193,2,-0.1645046190530957,0,0.0,0,0.0
2025-07-28,-0.1848618195485239,2,-0.5193180301113712,0,0.0,0,0.0
2025-07-29,0.2264620378944276,2,0.6431124035380843,0,0.0,0,0.0
2025-07-30,0.2285105776057566,2,0.6489017222510612,0,0.0,0,0.0
2025-07-31,0.2382694659179266,2,0.6764810337045082,0,0.0,0,0.0
2025-08-01,0.331623023858587,2,0.9403048184815244,0,0.0,0,0.0
2025-08-04,0.144787986109849,2,0.4122957326450677,0,0.0,0,0.0
2025-08-05,-0.343103054889572,2,-0.96651899959132,0,0.0,0,0.0
2025-08-06,0.6031534008409715,1,1.7076689481160674,0,0.0,0,0.0
2025-08-07,-0.054519184985951,2,-0.1509604878100512,0,0.0,0,0.0
2025-08-08,0.1005579157447437,2,0.2872984125419269,0,0.0,0,0.0
2025-08-11,0.0785430924858021,2,0.2250829585036042,0,0.0,0,0.0
2025-08-12,-0.6691850733577878,1,-1.8880499423615669,0,0.0,0,0.0
2025-08-13,-0.4240724748533173,2,-1.1953443309152036,1,0.1404934598545762,1,1.0
2025-08-14,0.1719802333920869,2,0.4891429546775973,0,0.0,0,0.0
2025-08-15,-0.0429686021454841,2,-0.1183177203722055,0,0.0,0,0.0
2025-08-18,-0.0846056534369218,2,-0.2359869844150855,0,0.0,0,0.0
2025-08-19,0.0084462153902984,2,0.0269842055011718,0,0.0,0,0.0
2025-08-20,0.382132735911482,2,1.0830488519790202,-1,0.0385663598887873,0,0.0
2025-08-21,-0.0463652755846685,2,-0.1279169607455271,0,0.0,0,0.0
2025-08-22,-0.9275916838423768,0,-2.618325375814021,0,0.0,0,0.0
2025-08-25,-0.2877304892807027,2,-0.8100321965812898,0,0.0,0,0.0
2025-08-26,-0.2784435684229396,2,-0.7837866986734641,0,0.0,0,0.0
2025-08-27,-0.1533693984052234,2,-0.4303182113460438,0,0.0,0,0.0
2025-08-28,-0.1902500547185675,2,-0.5345455653782449,0,0.0,0,0.0
2025-08-29,0.0302725671343767,2,0.0886670256531086,0,0.0,0,0.0
2025-09-02,0.141798182169665,2,0.4038463343720853,0,0.0,0,0.0
2025-09-03,0.1413110815081441,2,0.4024697533083888,0,0.0,0,0.0
2025-09-04,-0.3624304359157803,2,-1.0211395510158614,1,0.1612261704976098,1,1.0
2025-09-05,-0.1479839164816522,2,-0.4150984569492386,0,0.0,0,0.0
2025-09-08,-0.0578333337760751,2,-0.1603265076641684,0,0.0,0,0.0
2025-09-09,0.355831844766053,2,1.0087206656938654,-1,0.0067470843931142,0,0.0
2025-09-10,-0.1600979558735363,2,-0.4493335926184784,0,0.0,0,0.0
2025-09-11,-0.1187570762087232,2,-0.3325013306267611,0,0.0,0,0.0
2025-09-12,-0.0153981386184099,2,-0.0404016323705793,0,0.0,0,0.0
2025-09-15,-0.2263618961340624,2,-0.6366001939073379,0,0.0,0,0.0
2025-09-16,-0.0214787626358933,2,-0.0575859076942708,0,0.0,0,0.0
2025-09-17,0.2952959842639945,2,0.8376420246147724,0,0.0,0,0.0
2025-09-18,-0.252228508170166,2,-0.7097010765867253,0,0.0,0,0.0
2025-09-19,0.2634825819302047,2,0.7477350902088074,0,0.0,0,0.0
2025-09-22,0.1721926954994092,2,0.4897433876821015,0,0.0,0,0.0
2025-09-23,-0.0356128673258249,2,-0.0975298913622805,0,0.0,0,0.0
2025-09-24,0.2413236428699987,2,0.6851123546809037,0,0.0,0,0.0
2025-09-25,-0.0696199523790523,2,-0.1936363289302977,0,0.0,0,0.0
2025-09-26,0.0733723867322845,2,0.2104701768169284,0,0.0,0,0.0
2025-09-29,0.0531511188570637,2,0.1533234376725917,0,0.0,0,0.0
2025-09-30,0.2353074522188261,2,0.6681101726265106,0,0.0,0,0.0
2025-10-01,-0.0044429311224969,2,-0.0094414379404273,0,0.0,0,0.0
2025-10-02,-0.1031399626555795,2,-0.2883662585869598,0,0.0,0,0.0
2025-10-03,0.0949585645171263,2,0.2714742483027359,0,0.0,0,0.0
2025-10-06,0.2839570767128705,2,0.8055974665779406,0,0.0,0,0.0
2025-10-07,0.4436298874840655,2,1.2568441698949993,-1,0.0,0,0.0
2025-10-08,0.1185557281823237,2,0.3381615087080893,0,0.0,0,0.0
2025-10-09,0.1303158815558007,2,0.3713965373560714,0,0.0,0,0.0
2025-10-10,0.5408014349943296,2,1.5314578643520762,-1,-0.0551333030150768,-1,0.0
2025-10-13,-0.5012769042268428,2,-1.4135295314387912,1,0.3229583067355723,1,0.0
2025-10-14,-0.2884455431204552,2,-0.8120529895160674,0,0.0,0,0.0
2025-10-15,-0.2547087827393359,2,-0.7167105086700799,0,0.0,0,0.0
2025-10-16,-0.2119315589991663,2,-0.5958190363112179,0,0.0,0,0.0
2025-10-17,0.1713033817583412,2,0.487230123890143,0,0.0,0,0.0
2025-10-20,-0.1354925517631604,2,-0.3797969731090901,0,0.0,0,0.0
2025-10-21,-0.3393182454231138,2,-0.9558228592392234,0,0.0,0,0.0
2025-10-22,0.0686243913317805,2,0.1970520046090617,0,0.0,0,0.0
2025-10-23,-0.2192312598449081,2,-0.616448509331279,0,0.0,0,0.0
2025-10-24,-0.1531511916448025,2,-0.4297015435438934,0,0.0,0,0.0
2025-10-27,0.0776349978345213,2,0.2225166185255504,0,0.0,0,0.0
2025-10-28,0.0175735570421148,2,0.0527787212395622,0,0.0,0,0.0
2025-10-29,-0.3060085847742942,2,-0.8616873925696446,0,0.0,0,0.0
2025-10-30,0.3992463608331027,2,1.1314131714294495,-1,0.138631264668676,0,0.0
2025-10-31,-0.2086920732466819,2,-0.586664019504093,0,0.0,0,0.0
2025-11-03,-0.2051380972557364,2,-0.5766202309477542,0,0.0,0,0.0
2025-11-04,0.2915651247209535,2,0.8270983505778149,0,0.0,0,0.0
2025-11-05,-0.2004305774458935,2,-0.5633164456337016,0,0.0,0,0.0
2025-11-06,0.008071436408101,2,0.0259250534804095,0,0.0,0,0.0
2025-11-07,-0.1417077278350273,2,-0.3973615020944529,0,0.0,0,0.0
2025-11-10,0.0281444395536983,2,0.0826527859689628,0,0.0,0,0.0
2025-11-11,0.1813320798910458,2,0.5155719370585081,0,0.0,0,0.0
2025-11-12,0.0967513072024234,2,0.2765406664532582,0,0.0,0,0.0
2025-11-13,0.2963907417662855,2,0.8407358870667105,0,0.0,0,0.0
2025-11-14,0.0937308175268783,2,0.2680045481128222,0,0.0,0,0.0
2025-11-17,0.544371610024538,2,1.541547432543839,-1,0.037881853302909,0,0.0
2025-11-18,-0.1771846522289231,2,-0.4976218100282445,0,0.0,0,0.0
2025-11-19,-0.1317038162453104,2,-0.3690897374569293,0,0.0,0,0.0
2025-11-20,0.0899109427922645,2,0.2572093108225575,0,0.0,0,0.0
2025-11-21,-0.6491947995186053,1,-1.8315560087684368,0,0.0,0,0.0
2025-11-24,-0.0401687451532494,2,-0.1104051256642966,0,0.0,0,0.0
2025-11-25,-0.3863111862532169,2,-1.088628247497492,1,-0.5637525213971724,0,1.0
2025-11-26,-0.0043870620511263,2,-0.0092835479768723,0,0.0,0,0.0
2025-11-28,0.1233342596175132,2,0.3516659779186683,0,0.0,0,0.0
2025-12-01,-0.3960626902017173,2,-1.116186690214766,1,0.0,0,1.0
2025-12-02,-0.0736652416831519,2,-0.205068603803034,0,0.0,0,0.0
2025-12-03,-0.114310091809649,2,-0.3199338368869526,0,0.0,0,0.0
2025-12-04,0.0290854726327418,2,0.0853122122831847,0,0.0,0,0.0
2025-12-05,-0.1323256046451451,2,-0.3708469556347207,0,0.0,0,0.0
2025-12-08,-0.2133000288132621,2,-0.5996864291955611,0,0.0,0,0.0
2025-12-09,-0.0035615840077463,2,-0.0069506884002371,0,0.0,0,0.0
2025-12-10,-0.6290952283623529,1,-1.7747531931948928,0,0.0,0,0.0
2025-12-11,0.0101923539085919,2,0.0319189169658805,0,0.0,0,0.0
2025-12-12,0.2600389151725847,2,0.7380030433800877,0,0.0,0,0.0
2025-12-15,0.1075638922541298,2,0.3070977997269339,0,0.0,0,0.0
2025-12-16,0.0499657884069723,2,0.1443214675961778,0,0.0,0,0.0
2025-12-17,-0.0426012377160364,2,-0.1172795224041009,0,0.0,0,0.0
2025-12-18,0.0417917827814257,2,0.1212211471746347,0,0.0,0,0.0
2025-12-19,0.0079111841565913,2,0.0254721692364132,0,0.0,0,0.0
2025-12-22,-0.0883671221152757,2,-0.2466171620423197,0,0.0,0,0.0
2025-12-23,0.1313096557748437,2,0.3742050138776452,0,0.0,0,0.0
2025-12-24,0.0081447815504957,2,0.0261323320618416,0,0.0,0,0.0
2025-12-26,-0.0168577037204878,2,-0.0445264670084129,0,0.0,0,0.0
2025-12-29,0.1316082089180018,2,0.3750487462636689,0,0.0,0,0.0
2025-12-30,-0.0457428875656148,2,-0.1261580480012372,0,0.0,0,0.0
2025-12-31,-0.0642397523156276,2,-0.1784315014453882,0,0.0,0,0.0
