Date,spread,regime,z_score,gmm_signal,minhash_signal,final_signal,model_signal
2016-07-06,0.0780781116530456,1,0.3502294890020592,0,0.0,0,0.0
2016-07-07,0.0514224616258733,1,0.2299187051761173,0,0.0,0,0.0
2016-07-08,0.0171895488423026,1,0.0754078016551715,0,0.0,0,0.0
2016-07-11,-0.0747294861234963,1,-0.3394705124728372,0,0.0,0,0.0
2016-07-12,0.0668983029830578,1,0.299769209746473,0,0.0,0,0.0
2016-07-13,-0.0294765961262241,1,-0.1352207320168732,0,0.0,0,0.0
2016-07-14,0.1447638247367563,1,0.6512167244630067,0,0.0,0,0.0
2016-07-15,-0.0049569429450928,1,-0.0245508106172824,0,0.0,0,0.0
2016-07-18,-0.1557763376104289,1,-0.7052770195014708,0,0.0,0,0.0
2016-07-19,0.0718069644135517,1,0.3219245465563754,0,0.0,0,0.0
2016-07-20,-0.126484226091526,1,-0.5730665165437989,0,0.0,0,0.0
2016-07-21,-0.00288418224709,1,-0.0151953657488916,0,0.0,0,0.0
2016-07-22,-0.0143577398311628,1,-0.0669814863201305,0,0.0,0,0.0
2016-07-25,-0.0883847276571552,1,-0.4011037050819972,0,0.0,0,0.0
2016-07-26,0.0712227387322704,1,0.3192876328223434,0,0.0,0,0.0
2016-07-27,0.2165121388042661,1,0.9750541058381588,0,0.0,0,0.0
2016-07-28,-0.0801040684996912,1,-0.3637287923406307,0,0.0,0,0.0
2016-07-29,0.0005117671188362,1,0.000132316360954,0,0.0,0,0.0
2016-08-01,-0.0148620486948386,1,-0.0692576939765691,0,0.0,0,0.0
2016-08-02,0.0981247505676184,1,0.4407103753593352,0,0.0,0,0.0
2016-08-03,0.1378641124983745,1,0.6200747419292114,0,0.0,0,0.0
2016-08-04,-0.1938107848738537,1,-0.8769462212648663,0,0.0,0,0.0
2016-08-05,0.1730959847895988,1,0.7790944682045701,0,0.0,0,0.0
2016-08-08,0.0248484286748577,1,0.1099763015771058,0,0.0,0,0.0
2016-08-09,0.0321135893581928,1,0.1427677426240299,0,0.0,0,0.0
2016-08-10,0.0146736820920516,1,0.0640523891848033,0,0.0,0,0.0
2016-08-11,-0.0178163371331089,1,-0.0825919310817942,0,0.0,0,0.0
2016-08-12,-0.1262674205854562,1,-0.572087960764951,0,0.0,0,0.0
2016-08-15,0.0329578560013568,1,0.1465783561897695,0,0.0,0,0.0
2016-08-16,0.047569423893712,1,0.2125279460239408,0,0.0,0,0.0
2016-08-17,-0.0604884706622391,1,-0.2751934180904208,0,0.0,0,0.0
2016-08-18,-0.1396604383017202,1,-0.6325376011824947,0,0.0,0,0.0
2016-08-19,0.0314488876410142,1,0.1397675987699993,0,0.0,0,0.0
2016-08-22,0.0240985429168719,1,0.1065916779332922,0,0.0,0,0.0
2016-08-23,-0.0101406762823069,1,-0.0479476897145525,0,0.0,0,0.0
2016-08-24,0.1175341049620148,1,0.5283148659031749,0,0.0,0,0.0
2016-08-25,0.0687226529039422,1,0.308003447843486,0,0.0,0,0.0
2016-08-26,0.1278445641433753,1,0.5748513196925351,0,0.0,0,0.0
2016-08-29,0.0520566576511384,1,0.2327811610089768,0,0.0,0,0.0
2016-08-30,0.2069540787843682,1,0.9319136199870506,0,0.0,0,0.0
2016-08-31,-0.0048932259793,1,-0.0242632228792332,0,0.0,0,0.0
2016-09-01,-0.1098844381560358,1,-0.4981430576963351,0,0.0,0,0.0
2016-09-02,0.0557136897330633,1,0.2492872449275641,0,0.0,0,0.0
2016-09-06,-0.182559168071875,1,-0.8261618346385686,0,0.0,0,0.0
2016-09-07,-0.0283209602225299,1,-0.1300047473663728,0,0.0,0,0.0
2016-09-08,-0.0007107709855628,1,-0.0053856326460067,0,0.0,0,0.0
2016-09-09,0.186638693185267,1,0.8402197403531799,0,0.0,0,0.0
2016-09-12,-0.1958487059158733,1,-0.886144416682754,0,0.0,0,0.0
2016-09-13,-0.058850144939909,1,-0.2677988037548182,0,0.0,0,0.0
2016-09-14,-0.1375548638251204,1,-0.6230340506997497,0,0.0,0,0.0
2016-09-15,-0.104386488538405,1,-0.4733279574358495,0,0.0,0,0.0
2016-09-16,-0.1826888095401128,1,-0.8267469738733698,0,0.0,0,0.0
2016-09-19,0.1633945966826186,1,0.7353070683039612,0,0.0,0,0.0
2016-09-20,-0.0118985962175782,1,-0.0558820948069114,0,0.0,0,0.0
2016-09-21,-0.1227201599830376,1,-0.5560773325087721,0,0.0,0,0.0
2016-09-22,-0.0023207766025896,1,-0.0126524236472096,0,0.0,0,0.0
2016-09-23,-0.0396632415939646,1,-0.181198350252839,0,0.0,0,0.0
2016-09-26,0.0043113297038516,1,0.0172817144185117,0,0.0,0,0.0
2016-09-27,-0.0704054629236803,1,-0.3199539514465219,0,0.0,0,0.0
2016-09-28,0.1332418352045419,1,0.5992120053718598,0,0.0,0,0.0
2016-09-29,-0.136355032581077,1,-0.6176185895392614,0,0.0,0,0.0
2016-09-30,0.1076315591272398,1,0.4836195367688407,0,0.0,0,0.0
2016-10-03,0.0058224484343714,1,0.0241021775750124,0,0.0,0,0.0
2016-10-04,0.1224783134871488,1,0.5506306452014254,0,0.0,0,0.0
2016-10-05,0.0628677769526627,1,0.2815773537814755,0,0.0,0,0.0
2016-10-06,0.0350239045830681,1,0.1559035057935038,0,0.0,0,0.0
2016-10-07,-0.0225745953153627,1,-0.1040684199676251,0,0.0,0,0.0
2016-10-10,-0.149722851584394,1,-0.6779544950862255,0,0.0,0,0.0
2016-10-11,0.0257000233745043,1,0.1138199904652799,0,0.0,0,0.0
2016-10-12,0.1079604203895847,1,0.4851038583367772,0,0.0,0,0.0
2016-10-13,-0.2024181317632682,1,-0.9157956453033576,0,0.0,0,0.0
2016-10-14,0.1107771985159455,1,0.4978174400314938,0,0.0,0,0.0
2016-10-17,-0.0149562453791726,1,-0.0696828525044787,0,0.0,0,0.0
2016-10-18,-0.1493493021790719,1,-0.6762684727342587,0,0.0,0,0.0
2016-10-19,0.0748124364810838,1,0.3354898019466269,0,0.0,0,0.0
2016-10-20,-0.067097322585151,1,-0.3050225970534022,0,0.0,0,0.0
2016-10-21,0.0473515221610788,1,0.2115444424056306,0,0.0,0,0.0
2016-10-24,-0.1058798641583291,1,-0.4800683367249107,0,0.0,0,0.0
2016-10-25,-0.103941328374417,1,-0.471318718561431,0,0.0,0,0.0
2016-10-26,0.2705516889684881,1,1.218962644224254,-1,0.134293668074889,0,-1.0
2016-10-27,0.0443209520863108,1,0.1978659066819433,0,0.0,0,0.0
2016-10-28,-0.1202558708168927,1,-0.5449547164461198,0,0.0,0,0.0
2016-10-31,0.0143896087412693,1,0.0627702187083064,0,0.0,0,0.0
2016-11-01,0.0207372405915086,1,0.0914203759005832,0,0.0,0,0.0
2016-11-02,-0.0518783903231103,1,-0.2363316565746087,0,0.0,0,0.0
2016-11-03,0.2145869595736133,1,0.9663647727320762,0,0.0,0,0.0
2016-11-04,-0.0013703545454623,1,-0.0083626755997266,0,0.0,0,0.0
2016-11-07,-0.1216915944557981,1,-0.5514348824213654,0,0.0,0,0.0
2016-11-08,-0.1560900825715558,1,-0.7066931133560994,0,0.0,0,0.0
2016-11-09,1.079481084357626,2,4.870080869437423,0,0.0,0,0.0
2016-11-10,0.897084555994393,2,4.046830666492019,0,0.0,0,0.0
2016-11-11,-0.0117677804938436,1,-0.0552916555475715,0,0.0,0,0.0
2016-11-14,0.2672688304002555,1,1.2041453995826432,-1,-0.2170197658638469,-1,-1.0
2016-11-15,-0.2626233871846384,1,-1.1875332117405806,1,0.0714612209004899,1,1.0
2016-11-16,-0.1819798291282182,1,-0.8235469772878309,0,0.0,0,0.0
2016-11-17,-0.019614203470578,1,-0.0907066350209101,0,0.0,0,0.0
2016-11-18,0.0532107979964813,1,0.2379903954283888,0,0.0,0,0.0
2016-11-21,-0.114097683761008,1,-0.5171596219395141,0,0.0,0,0.0
2016-11-22,-0.0658075872029053,1,-0.2992013518536843,0,0.0,0,0.0
2016-11-23,0.1309169469588257,1,0.5887185780172576,0,0.0,0,0.0
2016-11-25,-0.0758566053036455,1,-0.3445577863487612,0,0.0,0,0.0
2016-11-28,-0.2314327404343343,1,-1.0467536338746553,1,0.1409806744980393,1,1.0
2016-11-29,0.0528942586130523,1,0.2365616888955035,0,0.0,0,0.0
2016-11-30,0.3857998072445252,0,1.7391372199753825,0,0.0,0,-1.0
2016-12-01,0.7639292189991596,2,3.44583151816236,0,0.0,0,0.0
2016-12-02,-0.1697355891594972,1,-0.7682823671024447,0,0.0,0,0.0
2016-12-05,-0.0436020167844264,1,-0.1989760870551897,0,0.0,0,0.0
2016-12-06,0.0319921889065002,1,0.1422197993742845,0,0.0,0,0.0
2016-12-07,-0.04230931277919,1,-0.1931414429190913,0,0.0,0,0.0
2016-12-08,0.2271727146276028,1,1.0231708177560483,-1,-0.031643910172412,-1,-1.0
2016-12-09,-0.1925402650011794,1,-0.8712117056333936,0,0.0,0,0.0
2016-12-12,-0.090452065936295,1,-0.4104346757596261,0,0.0,0,0.0
2016-12-13,-0.2030795455879414,1,-0.918780949191975,0,0.0,0,0.0
2016-12-14,0.0641111884738189,1,0.2871895153523248,0,0.0,0,0.0
2016-12-15,-0.0654793303294789,1,-0.297719758206637,0,0.0,0,0.0
2016-12-16,-0.2240817932761535,1,-1.013574993940447,1,0.1964355728941993,1,1.0
2016-12-19,0.07098115242316,1,0.3181972284172337,0,0.0,0,0.0
2016-12-20,0.1414333690198679,1,0.6361846491848585,0,0.0,0,0.0
2016-12-21,-0.1243509697603766,1,-0.5634380234835807,0,0.0,0,0.0
2016-12-22,-0.0186833244575686,1,-0.086505094875083,0,0.0,0,0.0
2016-12-23,-0.003065466543391,1,-0.0160135958712511,0,0.0,0,0.0
2016-12-27,-0.0116346918819043,1,-0.0546909575640521,0,0.0,0,0.0
2016-12-28,0.0009531412612577,1,0.0021244669549598,0,0.0,0,0.0
2016-12-29,-0.124809241437728,1,-0.565506441423161,0,0.0,0,0.0
2016-12-30,0.2256105232601383,1,1.0161198372804574,-1,-0.4009511106189158,-1,-1.0
2017-01-03,-0.0018712193420516,1,-0.0106233383938081,0,0.0,0,0.0
2017-01-04,0.1262451996672048,1,0.5676325576831567,0,0.0,0,0.0
2017-01-05,-0.101409942281802,1,-0.4598932592438702,0,0.0,0,0.0
2017-01-06,-0.0059507483065241,1,-0.0290363700346043,0,0.0,0,0.0
2017-01-09,-0.2381954874890566,1,-1.077277421444676,1,0.1504149852118962,1,1.0
2017-01-10,-0.0213901071463918,1,-0.098722210068554,0,0.0,0,0.0
2017-01-11,0.0137516806944686,1,0.0598909183252017,0,0.0,0,0.0
2017-01-12,-0.0694014852799414,1,-0.3154224792393603,0,0.0,0,0.0
2017-01-13,0.002927647539949,1,0.0110364386313746,0,0.0,0,0.0
2017-01-17,-0.3203178937766997,0,-1.4479384655410348,0,0.0,0,1.0
2017-01-18,0.0334343878976444,1,0.1487291919751276,0,0.0,0,0.0
2017-01-19,0.0244098447707917,1,0.107996744777034,0,0.0,0,0.0
2017-01-20,-0.0104685310770329,1,-0.0494274685717315,0,0.0,0,0.0
2017-01-23,0.0495870706137273,1,0.2216346329035116,0,0.0,0,0.0
2017-01-24,0.0070966640144844,1,0.0298533738523627,0,0.0,0,0.0
2017-01-25,0.0210673113130421,1,0.0929101563855915,0,0.0,0,0.0
2017-01-26,0.154416283159977,1,0.6947832793045206,0,0.0,0,0.0
2017-01-27,-0.1514438973473237,1,-0.6857224678997683,0,0.0,0,0.0
2017-01-30,-0.0742630144790245,1,-0.3373650838255612,0,0.0,0,0.0
2017-01-31,-0.0746648935013713,1,-0.3391789724432635,0,0.0,0,0.0
2017-02-01,0.0197937483842304,1,0.0871619058623139,0,0.0,0,0.0
2017-02-02,-0.1941354554469563,1,-0.8784116280771321,0,0.0,0,0.0
2017-02-03,0.2293044872272274,1,1.0327926139657846,-1,-0.2797570458968515,-1,-1.0
2017-02-06,-0.0338335548616927,1,-0.154885948210332,0,0.0,0,0.0
2017-02-07,-0.0531853248461211,1,-0.24223053042358,0,0.0,0,0.0
2017-02-08,-0.2695949180344212,1,-1.2189993489441044,1,0.1064857608411975,1,1.0
2017-02-09,0.1816972408719582,1,0.817916401269471,0,0.0,0,0.0
2017-02-10,0.0956053906058869,1,0.4293391962124512,0,0.0,0,0.0
2017-02-13,0.0842232842946028,1,0.37796584270185,0,0.0,0,0.0
2017-02-14,0.1012496319992857,1,0.4548145871877384,0,0.0,0,0.0
2017-02-15,0.0181820312090852,1,0.0798873897109619,0,0.0,0,0.0
2017-02-16,0.0593380222631571,1,0.2656457387964794,0,0.0,0,0.0
2017-02-17,-0.0504525586696241,1,-0.2298961382638608,0,0.0,0,0.0
2017-02-21,-0.1122576400742637,1,-0.5088545497315387,0,0.0,0,0.0
2017-02-22,0.0016480982320657,1,0.0052611684721982,0,0.0,0,0.0
2017-02-23,0.0095752717465321,1,0.0410406170347918,0,0.0,0,0.0
2017-02-24,-0.0547503992228423,1,-0.249294523416333,0,0.0,0,0.0
2017-02-27,0.0938097165976534,1,0.4212343873930747,0,0.0,0,0.0
2017-02-28,-0.1098138797171206,1,-0.497824590839111,0,0.0,0,0.0
2017-03-01,0.322607901663398,1,1.4539193511869526,-1,-0.2183585160013693,-1,-1.0
2017-03-02,-0.2700094884091789,1,-1.220870520222511,1,-0.0690047438626514,0,1.0
2017-03-03,0.0300259620503975,1,0.1333451970293336,0,0.0,0,0.0
2017-03-06,-0.010700756287597,1,-0.0504756214803508,0,0.0,0,0.0
2017-03-07,-0.0143640527068794,1,-0.0670099796048519,0,0.0,0,0.0
2017-03-08,0.0067329135322288,1,0.0282115791261927,0,0.0,0,0.0
2017-03-09,-0.0188372748960012,1,-0.0871999531096148,0,0.0,0,0.0
2017-03-10,-0.0927953908759997,1,-0.421011317483514,0,0.0,0,0.0
2017-03-13,-0.0454726897273753,1,-0.2074194049941158,0,0.0,0,0.0
2017-03-14,0.0197457650897023,1,0.0869453323490306,0,0.0,0,0.0
2017-03-15,-0.1014121226852245,1,-0.4599031005362251,0,0.0,0,0.0
2017-03-16,-0.0032201550882145,1,-0.0167117855630289,0,0.0,0,0.0
2017-03-17,-0.1676514541386647,1,-0.7588755840114356,0,0.0,0,0.0
2017-03-20,-0.0656497634527033,1,-0.2984890113527477,0,0.0,0,0.0
2017-03-21,-0.3061568591912887,0,-1.3840223663643003,0,0.0,0,1.0
2017-03-22,-0.1217732796467467,1,-0.5518035700857062,0,0.0,0,0.0
2017-03-23,0.0775216895437144,1,0.3477180672193047,0,0.0,0,0.0
2017-03-24,-0.2199313529609232,1,-0.9948419025681068,0,0.0,0,0.0
2017-03-27,-0.2237647238642118,1,-1.0121438951137802,1,0.038975891217285,1,1.0
2017-03-28,0.0570250710359255,1,0.2552061894020454,0,0.0,0,0.0
2017-03-29,-0.1093768390082934,1,-0.4958519992801266,0,0.0,0,0.0
2017-03-30,0.1911499412367469,1,0.8605813443115725,0,0.0,0,0.0
2017-03-31,-0.0213124643236959,1,-0.0983717677102741,0,0.0,0,0.0
2017-04-03,-0.0423279887744518,1,-0.1932257373792298,0,0.0,0,0.0
2017-04-04,0.0695311464628054,1,0.3116525989122429,0,0.0,0,0.0
2017-04-05,-0.0455370744367171,1,-0.2077100066053846,0,0.0,0,0.0
2017-04-06,0.0554690598811815,1,0.2481831034342177,0,0.0,0,0.0
2017-04-07,-0.021532307774537,1,-0.0993640353106791,0,0.0,0,0.0
2017-04-10,0.0208892743410979,1,0.0921065831235335,0,0.0,0,0.0
2017-04-11,0.0509394039688008,1,0.2277384152452293,0,0.0,0,0.0
2017-04-12,-0.2583179164027191,1,-1.1681003874056135,1,0.0059136464294148,1,1.0
2017-04-13,-0.061549448367915,1,-0.2799821611622126,0,0.0,0,0.0
2017-04-17,0.1812168435518062,1,0.815748118819917,0,0.0,0,0.0
2017-04-18,-0.167610658579721,1,-0.758691452479542,0,0.0,0,0.0
2017-04-19,0.0115529870650932,1,0.0499670727737477,0,0.0,0,0.0
2017-04-20,0.0909836043984559,1,0.4084786761829221,0,0.0,0,0.0
2017-04-21,0.0092237794005079,1,0.0394541496398536,0,0.0,0,0.0
2017-04-24,0.0313087148998448,1,0.1391349264343435,0,0.0,0,0.0
2017-04-25,0.0291062851265174,1,0.1291942177260396,0,0.0,0,0.0
2017-04-26,0.1623141825071791,1,0.7304305983558909,0,0.0,0,0.0
2017-04-27,-0.0955242649630182,1,-0.4333281426232809,0,0.0,0,0.0
2017-04-28,-0.0652190149030169,1,-0.2965448195738251,0,0.0,0,0.0
2017-05-01,0.0079555783051541,1,0.0337300998539581,0,0.0,0,0.0
2017-05-02,-0.0380929898408884,1,-0.1741109890733489,0,0.0,0,0.0
2017-05-03,0.061252273421509,1,0.2742857478402004,0,0.0,0,0.0
2017-05-04,0.0286276883586798,1,0.1270340621036328,0,0.0,0,0.0
2017-05-05,-0.0884959236917473,1,-0.4016055905009037,0,0.0,0,0.0
2017-05-08,-0.0078684059282234,1,-0.0376917542154911,0,0.0,0,0.0
2017-05-09,-0.1608746946929143,1,-0.7282885512477643,0,0.0,0,0.0
2017-05-10,-0.1511919895789935,1,-0.6845854773919866,0,0.0,0,0.0
2017-05-11,-0.100406394754984,1,-0.4553637283776192,0,0.0,0,0.0
2017-05-12,-0.1202311269660773,1,-0.5448430346044296,0,0.0,0,0.0
2017-05-15,0.0289167067535878,1,0.1283385521309272,0,0.0,0,0.0
2017-05-16,-0.000306947238946,1,-0.0035629664782911,0,0.0,0,0.0
2017-05-17,-0.0300886316270403,1,-0.1379831659007755,0,0.0,0,0.0
2017-05-18,-0.1377710960112753,1,-0.6240100187882478,0,0.0,0,0.0
2017-05-19,-0.0690295917321663,1,-0.3137439306319539,0,0.0,0,0.0
2017-05-22,-0.1228051804509176,1,-0.5564610740090343,0,0.0,0,0.0
2017-05-23,0.1637866278204157,1,0.7370765083072802,0,0.0,0,0.0
2017-05-24,-0.1867194827471273,1,-0.8449394941228406,0,0.0,0,0.0
2017-05-25,-0.0629154837504049,1,-0.2861477878655113,0,0.0,0,0.0
2017-05-26,-0.1100106684498342,1,-0.4987128005303677,0,0.0,0,0.0
2017-05-30,-0.0508649625978941,1,-0.2317575312448039,0,0.0,0,0.0
2017-05-31,-0.0782194498857978,1,-0.3552225303504211,0,0.0,0,0.0
2017-06-01,-0.012871935564244,1,-0.0602752804769897,0,0.0,0,0.0
2017-06-02,-0.1419570371601478,1,-0.6429033438490412,0,0.0,0,0.0
2017-06-05,0.0509494745828692,1,0.2277838691535353,0,0.0,0,0.0
2017-06-06,-0.1980939617441237,1,-0.8962784216052077,0,0.0,0,0.0
2017-06-07,0.0615266070742707,1,0.2755239580042722,0,0.0,0,0.0
2017-06-08,0.2237301076087536,1,1.0076325454415396,-1,-0.0314209619300957,-1,-1.0
2017-06-09,0.6919520640167282,2,3.120961258961396,0,0.0,0,0.0
2017-06-12,0.1240266642062272,1,0.5576191556470489,0,0.0,0,0.0
2017-06-13,-0.0136922163518322,1,-0.0639776334269832,0,0.0,0,0.0
2017-06-14,0.0704583924732679,1,0.3158377414319152,0,0.0,0,0.0
2017-06-15,0.0794883394576594,1,0.3565945790438804,0,0.0,0,0.0
2017-06-16,0.0801598162459052,1,0.3596253023101456,0,0.0,0,0.0
2017-06-19,-0.0980964592465079,1,-0.4449377904871969,0,0.0,0,0.0
2017-06-20,0.0552198688970995,1,0.2470583751838579,0,0.0,0,0.0
2017-06-21,-0.2934825381406839,1,-1.326816577028625,1,-0.0362696943652109,0,1.0
2017-06-22,-0.0656889377135977,1,-0.2986658251250325,0,0.0,0,0.0
2017-06-23,-0.0402003130676667,1,-0.1836224325733146,0,0.0,0,0.0
2017-06-26,0.1174317909339558,1,0.5278530695898372,0,0.0,0,0.0
2017-06-27,0.4017409539711351,0,1.8110878891883908,0,0.0,0,-1.0
2017-06-28,0.0794473918254988,1,0.3564097611266272,0,0.0,0,0.0
2017-06-29,0.3587570471504782,0,1.6170792074934095,0,0.0,0,-1.0
2017-06-30,0.1214114408329594,1,0.5458152951672994,0,0.0,0,0.0
2017-07-03,0.3999682796007338,0,1.8030868896722008,0,0.0,0,-1.0
2017-07-05,-0.0443896147248702,1,-0.2025309253524324,0,0.0,0,0.0
2017-07-06,-0.0470235921312126,1,-0.2144194325174738,0,0.0,0,0.0
2017-07-07,-0.0798027981278533,1,-0.3623690027822295,0,0.0,0,0.0
2017-07-10,-0.0879198439037257,1,-0.3990054434111681,0,0.0,0,0.0
2017-07-11,-0.1264000118704834,1,-0.5726864140539856,0,0.0,0,0.0
2017-07-12,-0.1509311749774929,1,-0.6834082857231359,0,0.0,0,0.0
2017-07-13,0.1015706203538484,1,0.4562633742365282,0,0.0,0,0.0
2017-07-14,-0.1960445955185026,1,-0.8870285681332594,0,0.0,0,0.0
2017-07-17,0.0356886558928221,1,0.1589038734845674,0,0.0,0,0.0
2017-07-18,-0.1405425859688381,1,-0.6365191914709701,0,0.0,0,0.0
2017-07-19,-0.1339289090208259,1,-0.6066682346653474,0,0.0,0,0.0
2017-07-20,-0.1422737541761629,1,-0.6443328521299851,0,0.0,0,0.0
2017-07-21,-0.0046314406060575,1,-0.0230816496136456,0,0.0,0,0.0
2017-07-24,0.1365036840149202,1,0.6139344220714447,0,0.0,0,0.0
2017-07-25,0.079426127338025,1,0.3563137834576144,0,0.0,0,0.0
2017-07-26,-0.1575178709980962,1,-0.7131374635992778,0,0.0,0,0.0
2017-07-27,0.0033228976191081,1,0.0128204073878081,0,0.0,0,0.0
2017-07-28,0.1877438574218403,1,0.8452079201733304,0,0.0,0,0.0
2017-07-31,0.160404224058853,1,0.7218099645405892,0,0.0,0,0.0
2017-08-01,-0.0088903748252912,1,-0.0423044302870414,0,0.0,0,0.0
2017-08-02,0.1308937004494891,1,0.5886136544548364,0,0.0,0,0.0
2017-08-03,-0.0531664607179513,1,-0.2421453868219799,0,0.0,0,0.0
2017-08-04,0.0929857540455007,1,0.4175154167286315,0,0.0,0,0.0
2017-08-07,-0.2275086938836518,1,-1.0290423750683293,1,-0.0209206967427564,0,1.0
2017-08-08,0.0217500683970109,1,0.0959917934813388,0,0.0,0,0.0
2017-08-09,0.137291312395897,1,0.6174893977626129,0,0.0,0,0.0
2017-08-10,-0.0535388679447632,1,-0.2438262539294981,0,0.0,0,0.0
2017-08-11,-0.1797188784991554,1,-0.8133421335831374,0,0.0,0,0.0
2017-08-14,0.0790518351031883,1,0.3546244083304926,0,0.0,0,0.0
2017-08-15,-0.1095843350984331,1,-0.496788536832956,0,0.0,0,0.0
2017-08-16,-0.0736361904473459,1,-0.3345359016260906,0,0.0,0,0.0
2017-08-17,0.067168067204744,1,0.3009867956963998,0,0.0,0,0.0
2017-08-18,-0.1203204541977712,1,-0.5452462147651512,0,0.0,0,0.0
2017-08-21,-0.0560438791258927,1,-0.255132669581985,0,0.0,0,0.0
2017-08-22,0.0310336490151886,1,0.1378934113276764,0,0.0,0,0.0
2017-08-23,0.0098110792743758,1,0.0421049388006464,0,0.0,0,0.0
2017-08-24,0.0258437579093764,1,0.1144687390246167,0,0.0,0,0.0
2017-08-25,0.1060848735697503,1,0.476638542061747,0,0.0,0,0.0
2017-08-28,-0.0308280207545773,1,-0.1413204128032399,0,0.0,0,0.0
2017-08-29,-0.0722475746516451,1,-0.3282683577979139,0,0.0,0,0.0
2017-08-30,-0.0362212210200685,1,-0.1656627248687905,0,0.0,0,0.0
2017-08-31,-0.0765745924184159,1,-0.3477984348591858,0,0.0,0,0.0
2017-09-01,-0.0412126186029723,1,-0.1881914928775956,0,0.0,0,0.0
2017-09-05,-0.1460632962670098,1,-0.6614370224963593,0,0.0,0,0.0
2017-09-06,0.0768685247676727,1,0.3447699955687178,0,0.0,0,0.0
2017-09-07,-0.2044696194485774,1,-0.9250550740239932,0,0.0,0,0.0
2017-09-08,0.2929715930391829,1,1.3201553080421722,-1,-0.040267066113922,-1,-1.0
2017-09-11,-0.1221124710253279,1,-0.5533345168299239,0,0.0,0,0.0
2017-09-12,0.2792182372496423,1,1.2580792748713456,-1,-0.142961399973168,-1,-1.0
2017-09-13,-0.1381207420781096,1,-0.625588152966916,0,0.0,0,0.0
2017-09-14,0.0733256042532925,1,0.3287789563825199,0,0.0,0,0.0
2017-09-15,0.0267025638391155,1,0.1183449759370895,0,0.0,0,0.0
2017-09-18,0.2107292995976882,1,0.948953150994681,0,0.0,0,0.0
2017-09-19,0.0961999757310258,1,0.4320228674935414,0,0.0,0,0.0
2017-09-20,0.3176173991065378,1,1.4313946228952332,-1,-0.3068614850860492,-1,-1.0
2017-09-21,0.0979067387873765,1,0.439726375039048,0,0.0,0,0.0
2017-09-22,0.0592538876396824,1,0.2652659955718035,0,0.0,0,0.0
2017-09-25,0.160712088907121,1,0.7231995183938928,0,0.0,0,0.0
2017-09-26,0.0175214922638957,1,0.0769060346075483,0,0.0,0,0.0
2017-09-27,0.027315958634326,1,0.1211135450221162,0,0.0,0,0.0
2017-09-28,-0.0100553401730547,1,-0.047562523560948,0,0.0,0,0.0
2017-09-29,-0.007841368313585,1,-0.0375697194271208,0,0.0,0,0.0
2017-10-02,0.1664991270661961,1,0.7493194252894002,0,0.0,0,0.0
2017-10-03,-0.0051846386520039,1,-0.0255785195249379,0,0.0,0,0.0
2017-10-04,-0.0942671143533462,1,-0.4276539694148723,0,0.0,0,0.0
2017-10-05,0.0083417887986525,1,0.0354732682684305,0,0.0,0,0.0
2017-10-06,-0.0582258369994878,1,-0.2649809779811353,0,0.0,0,0.0
2017-10-09,0.0298097066301094,1,0.1323691240731332,0,0.0,0,0.0
2017-10-10,-0.0517724230301995,1,-0.2358533711808176,0,0.0,0,0.0
2017-10-11,-0.1059513703557345,1,-0.4803910813081227,0,0.0,0,0.0
2017-10-12,0.1016143206102118,1,0.4564606161755209,0,0.0,0,0.0
2017-10-13,-0.1268105933341644,1,-0.5745395813063131,0,0.0,0,0.0
2017-10-16,0.0634101902120399,1,0.2840255463532843,0,0.0,0,0.0
2017-10-17,-0.1990158661240354,1,-0.9004394545737034,0,0.0,0,0.0
2017-10-18,0.0973786011884237,1,0.4373426159323226,0,0.0,0,0.0
2017-10-19,0.1322526462911315,1,0.5947472823805611,0,0.0,0,0.0
2017-10-20,0.1802722865196914,1,0.8114848426744771,0,0.0,0,0.0
2017-10-23,0.0112290343374757,1,0.0485049059707443,0,0.0,0,0.0
2017-10-24,0.0085574342163549,1,0.0364465879663483,0,0.0,0,0.0
2017-10-25,0.0647384634579325,1,0.290020732934195,0,0.0,0,0.0
2017-10-26,0.1244963701727356,1,0.5597391824684077,0,0.0,0,0.0
2017-10-27,-0.1226117527020697,1,-0.5555880341824365,0,0.0,0,0.0
2017-10-30,-0.0372841800571054,1,-0.1704604107173972,0,0.0,0,0.0
2017-10-31,-0.1330058808127784,1,-0.6025021292771673,0,0.0,0,0.0
2017-11-01,0.0414325552693426,1,0.1848290726638062,0,0.0,0,0.0
2017-11-02,0.2097263259966851,1,0.9444262105535208,0,0.0,0,0.0
2017-11-03,-0.1833512613641122,1,-0.8297369627917064,0,0.0,0,0.0
2017-11-06,0.0678975657443532,1,0.3042794012419708,0,0.0,0,0.0
2017-11-07,-0.207173405891505,1,-0.9372586656045768,0,0.0,0,0.0
2017-11-08,-0.1222691302210948,1,-0.5540416010922486,0,0.0,0,0.0
2017-11-09,-0.0816477979211072,1,-0.3706964444712823,0,0.0,0,0.0
2017-11-10,-0.145733457539352,1,-0.6599482891201253,0,0.0,0,0.0
2017-11-13,-0.0136837170075703,1,-0.0639392714748601,0,0.0,0,0.0
2017-11-14,-0.0779940401784373,1,-0.3542051393452541,0,0.0,0,0.0
2017-11-15,0.0321541271116525,1,0.1429507105459641,0,0.0,0,0.0
2017-11-16,-0.1241054403102725,1,-0.5623298216365328,0,0.0,0,0.0
2017-11-17,-0.019148398008928,1,-0.0886042132024818,0,0.0,0,0.0
2017-11-20,0.0992693255473836,1,0.4458764363191217,0,0.0,0,0.0
2017-11-21,-0.0800314405267436,1,-0.3634009846021551,0,0.0,0,0.0
2017-11-22,-0.0353953174602099,1,-0.1619349934291169,0,0.0,0,0.0
2017-11-24,-0.106050983347384,1,-0.4808406864422079,0,0.0,0,0.0
2017-11-27,0.1472425476201728,1,0.6624044873833312,0,0.0,0,0.0
2017-11-28,0.2831275892037077,1,1.2757242093361072,-1,-0.0883086983174031,-1,-1.0
2017-11-29,0.5402561333572242,2,2.436278788181419,0,0.0,0,0.0
2017-11-30,0.0017207117472397,1,0.0055889109552379,0,0.0,0,0.0
2017-12-01,0.0426063646603475,1,0.1901270836952422,0,0.0,0,0.0
2017-12-04,0.3618597939804403,0,1.631083514375653,0,0.0,0,-1.0
2017-12-05,-0.1348830634507935,1,-0.6109748288486959,0,0.0,0,0.0
2017-12-06,-0.0661683533032998,1,-0.300829676515512,0,0.0,0,0.0
2017-12-07,0.0093958079401458,1,0.0402306037283178,0,0.0,0,0.0
2017-12-08,0.0503639439128393,1,0.2251410653279442,0,0.0,0,0.0
2017-12-11,-0.1184754739536285,1,-0.536918861311384,0,0.0,0,0.0
2017-12-12,0.1877776060815125,1,0.8453602453912147,0,0.0,0,0.0
2017-12-13,-0.2059375794461355,1,-0.9316807394176831,0,0.0,0,0.0
2017-12-14,-0.1492570890398191,1,-0.6758522669748326,0,0.0,0,0.0
2017-12-15,-0.0478446652695654,1,-0.2181253617577268,0,0.0,0,0.0
2017-12-18,0.0164913265198358,1,0.0722563619110605,0,0.0,0,0.0
2017-12-19,-0.0734008107016915,1,-0.3334735106632908,0,0.0,0,0.0
2017-12-20,0.0644554547925227,1,0.2887433679353948,0,0.0,0,0.0
2017-12-21,0.2027201672562158,1,0.9128037797061928,0,0.0,0,0.0
2017-12-22,0.0436927151034283,1,0.1950303471003165,0,0.0,0,0.0
2017-12-26,0.0451563716067495,1,0.201636588590845,0,0.0,0,0.0
2017-12-27,-0.0181866859422993,1,-0.0842635074821929,0,0.0,0,0.0
2017-12-28,0.0714527345706508,1,0.3203257234171719,0,0.0,0,0.0
2017-12-29,0.0542622153069611,1,0.2427359874744669,0,0.0,0,0.0
2018-01-02,-0.3009703789224707,1,-1.360613088938944,1,0.0142048537506717,1,1.0
2018-01-03,0.0128651427027563,1,0.0558895122230934,0,0.0,0,0.0
2018-01-04,0.1021122420425292,1,0.4587079940389298,0,0.0,0,0.0
2018-01-05,-0.0788064682165298,1,-0.3578720487609108,0,0.0,0,0.0
2018-01-08,-0.000771123100122,1,-0.0056580330639581,0,0.0,0,0.0
2018-01-09,0.2111472759394827,1,0.9508396951701458,0,0.0,0,0.0
2018-01-10,0.0339048935409025,1,0.150852828152719,0,0.0,0,0.0
2018-01-11,-0.0193760854850926,1,-0.0896318849605065,0,0.0,0,0.0
2018-01-12,-0.0395289929529855,1,-0.1805924164561658,0,0.0,0,0.0
2018-01-16,-0.1107474247200756,1,-0.5020381639813082,0,0.0,0,0.0
2018-01-17,-0.286765525171799,1,-1.2964992111256448,1,0.0742661853442975,1,1.0
2018-01-18,-0.0363905618505523,1,-0.1664270479308229,0,0.0,0,0.0
2018-01-19,0.0958405572634209,1,0.4304006253979636,0,0.0,0,0.0
2018-01-22,-0.0313638698982219,1,-0.1437389781137322,0,0.0,0,0.0
2018-01-23,-0.0450869002380136,1,-0.2056781367898288,0,0.0,0,0.0
2018-01-24,0.3154202754529926,1,1.421477863459576,-1,-0.0931244099432593,-1,-1.0
2018-01-25,0.1397405869359783,1,0.6285442450247024,0,0.0,0,0.0
2018-01-26,-0.060955002266068,1,-0.2772991173653971,0,0.0,0,0.0
2018-01-29,-0.0881944757897537,1,-0.400244999656765,0,0.0,0,0.0
2018-01-30,-0.0275797446216125,1,-0.126659256641536,0,0.0,0,0.0
2018-01-31,-0.0299159855242797,1,-0.1372039244294007,0,0.0,0,0.0
2018-02-01,0.2158255934102574,1,0.9719553701329304,0,0.0,0,0.0
2018-02-02,0.1892197543012963,1,0.8518694088345562,0,0.0,0,0.0
2018-02-05,-0.1646883501551665,1,-0.7455015577750083,0,0.0,0,0.0
2018-02-06,-0.2277586154318215,1,-1.0301704007336063,1,-0.095213171584058,0,1.0
2018-02-07,0.156396814522298,1,0.7037224453105946,0,0.0,0,0.0
2018-02-08,-0.1068927218423634,1,-0.4846398891629896,0,0.0,0,0.0
2018-02-09,0.0835329390234056,1,0.3748499561785948,0,0.0,0,0.0
2018-02-12,0.0129601345758958,1,0.0563182598508143,0,0.0,0,0.0
2018-02-13,0.1138402609568259,1,0.5116426306681681,0,0.0,0,0.0
2018-02-14,0.1529480360021564,1,0.6881563178075195,0,0.0,0,0.0
2018-02-15,-0.1246962790071499,1,-0.564996583342346,0,0.0,0,0.0
2018-02-16,0.0073195667252033,1,0.0308594494804631,0,0.0,0,0.0
2018-02-20,-0.2395231143141696,1,-1.083269690393093,1,-0.0373567254683432,0,1.0
2018-02-21,0.2263164352344423,1,1.0193059844145194,-1,0.2358990847832399,0,-1.0
2018-02-22,0.004200867421098,1,0.0167831408024965,0,0.0,0,0.0
2018-02-23,-0.1232501363740652,1,-0.5584693910385313,0,0.0,0,0.0
2018-02-26,-0.0182352215111982,1,-0.0844825736963619,0,0.0,0,0.0
2018-02-27,0.0632050572338986,1,0.2830996747514448,0,0.0,0,0.0
2018-02-28,-0.1936251778843919,1,-0.8761084805846366,0,0.0,0,0.0
2018-03-01,-0.091754191663875,1,-0.4163118450188778,0,0.0,0,0.0
2018-03-02,-0.1964580959948557,1,-0.88889491040485,0,0.0,0,0.0
2018-03-05,0.1180024194279349,1,0.5304286121601391,0,0.0,0,0.0
2018-03-06,0.0815807296501993,1,0.3660386220095394,0,0.0,0,0.0
2018-03-07,0.068378898823237,1,0.3064519072563744,0,0.0,0,0.0
2018-03-08,-0.1234098372562522,1,-0.5591902040104166,0,0.0,0,0.0
2018-03-09,0.1698237696910529,1,0.7643252630660036,0,0.0,0,0.0
2018-03-12,-0.1633772669532799,1,-0.7395839587849552,0,0.0,0,0.0
2018-03-13,0.0428184643181208,1,0.1910843995382209,0,0.0,0,0.0
2018-03-14,-0.1755358918109525,1,-0.7944621435368182,0,0.0,0,0.0
2018-03-15,0.0385692969264551,1,0.1719057016269786,0,0.0,0,0.0
2018-03-16,0.0397966575275879,1,0.1774454170647506,0,0.0,0,0.0
2018-03-19,0.1071696463067868,1,0.4815346844605567,0,0.0,0,0.0
2018-03-20,0.0700505982095024,1,0.313997154259464,0,0.0,0,0.0
2018-03-21,0.0600471517428991,1,0.2688464082025854,0,0.0,0,0.0
2018-03-22,-0.2673961068340886,1,-1.2090749727338972,1,0.0596020977599951,1,1.0
2018-03-23,-0.0878922168926099,1,-0.3988807483705774,0,0.0,0,0.0
2018-03-26,0.1118859114718962,1,0.5028216370641091,0,0.0,0,0.0
2018-03-27,-0.0823339613416356,1,-0.3737934561319362,0,0.0,0,0.0
2018-03-28,0.2228218026839717,1,1.003532893872657,-1,0.013793947844287,0,-1.0
2018-03-29,-0.0144715469871615,1,-0.067495157085212,0,0.0,0,0.0
2018-04-02,0.0904819813688369,1,0.4062145910896268,0,0.0,0,0.0
2018-04-03,0.0516292851892693,1,0.2308522072666864,0,0.0,0,0.0
2018-04-04,-0.1148573941259504,1,-0.5205885891338515,0,0.0,0,0.0
2018-04-05,-0.0019690110831285,1,-0.0110647232787638,0,0.0,0,0.0
2018-04-06,-0.132948961542243,1,-0.602245223066066,0,0.0,0,0.0
2018-04-09,0.0597998516895976,1,0.2677302147042997,0,0.0,0,0.0
2018-04-10,0.0189749267598161,1,0.0834661388730828,0,0.0,0,0.0
2018-04-11,-0.1659031627041896,1,-0.7509846373407126,0,0.0,0,0.0
2018-04-12,0.087586491259181,1,0.393145741359913,0,0.0,0,0.0
2018-04-13,-0.1296276491211476,1,-0.5872544162275352,0,0.0,0,0.0
2018-04-16,0.0172284231385679,1,0.0755832615313926,0,0.0,0,0.0
2018-04-17,-0.2535574106683128,1,-1.146613754150357,1,0.0347082109845194,1,1.0
2018-04-18,0.1020115822556166,1,0.4582536641744972,0,0.0,0,0.0
2018-04-19,0.5440863407685944,2,2.453566502246097,0,0.0,0,0.0
2018-04-20,0.1536711895427625,1,0.6914202850793036,0,0.0,0,0.0
2018-04-23,0.0982498031270697,1,0.441274802466972,0,0.0,0,0.0
2018-04-24,-0.1871412494530564,1,-0.8468431461789823,0,0.0,0,0.0
2018-04-25,0.0621900158524825,1,0.2785182661536635,0,0.0,0,0.0
2018-04-26,-0.3123925751792873,0,-1.4121673891818758,0,0.0,0,1.0
2018-04-27,-0.0229898415671153,1,-0.105942641829715,0,0.0,0,0.0
2018-04-30,-0.0393646897384182,1,-0.1798508307694704,0,0.0,0,0.0
2018-05-01,-0.1795360258075306,1,-0.8125168244786272,0,0.0,0,0.0
2018-05-02,-0.0850019755743565,1,-0.3858355891607765,0,0.0,0,0.0
2018-05-03,-0.0335780513263111,1,-0.1537327281395128,0,0.0,0,0.0
2018-05-04,-0.1019544032581651,1,-0.4623506942252762,0,0.0,0,0.0
2018-05-07,0.0626364936063017,1,0.2805334519948669,0,0.0,0,0.0
2018-05-08,0.2491707636269489,1,1.122459430678821,-1,0.0344719901980288,0,-1.0
2018-05-09,0.0893900150260255,1,0.4012859802142117,0,0.0,0,0.0
2018-05-10,-0.0386156561802371,1,-0.1764700535456982,0,0.0,0,0.0
2018-05-11,0.0907163803643112,1,0.4072725554178193,0,0.0,0,0.0
2018-05-14,-0.1320253919823593,1,-0.5980766742760676,0,0.0,0,0.0
2018-05-15,0.0323284056857612,1,0.1437373202078447,0,0.0,0,0.0
2018-05-16,-0.1112595585775756,1,-0.5043496898963327,0,0.0,0,0.0
2018-05-17,0.0915363021928501,1,0.4109732881993104,0,0.0,0,0.0
2018-05-18,0.10761235050825,1,0.4835328383013665,0,0.0,0,0.0
2018-05-21,0.0588858532103167,1,0.2636048651688015,0,0.0,0,0.0
2018-05-22,-0.0800323276521706,1,-0.3634049886596572,0,0.0,0,0.0
2018-05-23,-0.1572623451034354,1,-0.7119841426094267,0,0.0,0,0.0
2018-05-24,-0.0732729267026102,1,-0.3328963037989829,0,0.0,0,0.0
2018-05-25,-0.1916576631468413,1,-0.8672280653622539,0,0.0,0,0.0
2018-05-29,-0.3753015148697686,0,-1.6961080860362163,0,0.0,0,1.0
2018-05-30,0.1826749586031513,1,0.8223293488614618,0,0.0,0,0.0
2018-05-31,-0.022068653651936,1,-0.1017848426384275,0,0.0,0,0.0
2018-06-01,0.0767295804682993,1,0.3441428678284933,0,0.0,0,0.0
2018-06-04,0.0618966228299879,1,0.2771940311614793,0,0.0,0,0.0
2018-06-05,0.0739407971935756,1,0.3315556414295624,0,0.0,0,0.0
2018-06-06,0.1792629923552812,1,0.8069293742500583,0,0.0,0,0.0
2018-06-07,0.1050092823027551,1,0.4717838404027511,0,0.0,0,0.0
2018-06-08,0.0633043232794875,1,0.2835477139378808,0,0.0,0,0.0
2018-06-11,-0.1609289935815982,1,-0.7285336303154956,0,0.0,0,0.0
2018-06-12,-0.1125200645691738,1,-0.5100390076849396,0,0.0,0,0.0
2018-06-13,-0.1227933823080865,1,-0.5564078228667719,0,0.0,0,0.0
2018-06-14,-0.2994797512231058,1,-1.3538851124416371,1,0.0562234280883139,1,1.0
2018-06-15,-0.0362878222492031,1,-0.1659633307843388,0,0.0,0,0.0
2018-06-18,0.0406890976304978,1,0.1814734624581041,0,0.0,0,0.0
2018-06-19,-0.0447414908992583,1,-0.2041191251639978,0,0.0,0,0.0
2018-06-20,-0.1077774061721193,1,-0.4886329287265704,0,0.0,0,0.0
2018-06-21,-0.027428312556201,1,-0.1259757651315761,0,0.0,0,0.0
2018-06-22,-0.0677340378242727,1,-0.3078964234059601,0,0.0,0,0.0
2018-06-25,0.1768442959640566,1,0.796012542044932,0,0.0,0,0.0
2018-06-26,-0.1520487493379714,1,-0.6884524788737766,0,0.0,0,0.0
2018-06-27,0.0474410253976164,1,0.2119484169675647,0,0.0,0,0.0
2018-06-28,0.0537500385733963,1,0.2404242680375076,0,0.0,0,0.0
2018-06-29,0.0032474310821514,1,0.0124797877366408,0,0.0,0,0.0
2018-07-02,0.0666708164583031,1,0.2987424449864621,0,0.0,0,0.0
2018-07-03,0.0395456863069891,1,0.1763126536829831,0,0.0,0,0.0
2018-07-05,-0.2265717833346401,1,-1.024813611469937,1,0.0610970253093412,1,1.0
2018-07-06,-0.1327635095610058,1,-0.6014081820184093,0,0.0,0,0.0
2018-07-09,0.3937513994918046,0,1.7750268829533729,0,0.0,0,-1.0
2018-07-10,-0.2137318557223012,1,-0.966860353765318,0,0.0,0,0.0
2018-07-11,0.041640451990086,1,0.1857674184704922,0,0.0,0,0.0
2018-07-12,-0.1124518956001497,1,-0.5097313257455562,0,0.0,0,0.0
2018-07-13,-0.0492996868811958,1,-0.2246926295002316,0,0.0,0,0.0
2018-07-16,0.1317847763173359,1,0.5926355423472627,0,0.0,0,0.0
2018-07-17,-0.0642083798006746,1,-0.2919832988005235,0,0.0,0,0.0
2018-07-18,0.2176978391308876,1,0.9804057868338611,0,0.0,0,0.0
2018-07-19,-0.0354931721115062,1,-0.1623766622605456,0,0.0,0,0.0
2018-07-20,0.0739248472441901,1,0.3314836510293808,0,0.0,0,0.0
2018-07-23,0.104666397543254,1,0.4702362235134424,0,0.0,0,0.0
2018-07-24,0.1627653443630006,1,0.7324669259806507,0,0.0,0,0.0
2018-07-25,-0.1050731157759656,1,-0.4764270625435075,0,0.0,0,0.0
2018-07-26,-0.0569627789062982,1,-0.2592801412334126,0,0.0,0,0.0
2018-07-27,0.1271062635935589,1,0.5715189861063353,0,0.0,0,0.0
2018-07-30,0.1795616622217126,1,0.8082774263778034,0,0.0,0,0.0
2018-07-31,0.0762833947398547,1,0.3421290000493773,0,0.0,0,0.0
2018-08-01,0.0757381512119404,1,0.339668033006648,0,0.0,0,0.0
2018-08-02,-0.2496188714420288,1,-1.1288370823768157,1,-0.0154011779199421,0,1.0
2018-08-03,-0.0711661979378041,1,-0.323387543414445,0,0.0,0,0.0
2018-08-06,-0.0184299398788048,1,-0.0853614387552958,0,0.0,0,0.0
2018-08-07,0.1249322871414809,1,0.5617067020051402,0,0.0,0,0.0
2018-08-08,0.0623127650064942,1,0.2790722967970004,0,0.0,0,0.0
2018-08-09,-0.059293944062342,1,-0.2698018995422687,0,0.0,0,0.0
2018-08-10,-0.0118975662434172,1,-0.0558774459989287,0,0.0,0,0.0
2018-08-13,-0.1544259420762208,1,-0.699181983551118,0,0.0,0,0.0
2018-08-14,0.1077030888998122,1,0.4839423877590172,0,0.0,0,0.0
2018-08-15,0.0613272735554957,1,0.2746242623726836,0,0.0,0,0.0
2018-08-16,0.1411951291456578,1,0.6351093489773753,0,0.0,0,0.0
2018-08-17,0.0617621209796597,1,0.2765869544995885,0,0.0,0,0.0
2018-08-20,0.0149697561726033,1,0.0653887251835657,0,0.0,0,0.0
2018-08-21,-0.0396472410718259,1,-0.1811261315915733,0,0.0,0,0.0
2018-08-22,-0.0328495648101364,1,-0.150444690380979,0,0.0,0,0.0
2018-08-23,-0.0962071204797667,1,-0.4364102239972537,0,0.0,0,0.0
2018-08-24,-0.1037230553400854,1,-0.4703335390658371,0,0.0,0,0.0
2018-08-27,0.0693974676769399,1,0.3110492371674725,0,0.0,0,0.0
2018-08-28,-0.0083286804870665,1,-0.0397692121988116,0,0.0,0,0.0
2018-08-29,-0.0747899949398924,1,-0.3397436201675129,0,0.0,0,0.0
2018-08-30,0.0031431616201483,1,0.012009165534972,0,0.0,0,0.0
2018-08-31,0.0108673245219654,1,0.0468723218327763,0,0.0,0,0.0
2018-09-04,0.0963813548442663,1,0.432841525573962,0,0.0,0,0.0
2018-09-05,0.1872806372679714,1,0.8431171671907869,0,0.0,0,0.0
2018-09-06,0.1538811968447864,1,0.6923681570347769,0,0.0,0,0.0
2018-09-07,-0.0479915987697009,1,-0.218788548907677,0,0.0,0,0.0
2018-09-10,0.0541478134107486,1,0.2422196323381084,0,0.0,0,0.0
2018-09-11,0.1161836019165171,1,0.5222193446985703,0,0.0,0,0.0
2018-09-12,-0.1653829220344095,1,-0.7486365211741371,0,0.0,0,0.0
2018-09-13,-0.1929793274585314,1,-0.8731934223928318,0,0.0,0,0.0
2018-09-14,0.0574848717843238,1,0.2572815088329038,0,0.0,0,0.0
2018-09-17,0.0874121291068034,1,0.3923587544659243,0,0.0,0,0.0
2018-09-18,-0.0020027685571194,1,-0.0112170882802432,0,0.0,0,0.0
2018-09-19,0.1875451063030991,1,0.8443108532153811,0,0.0,0,0.0
2018-09-20,-0.0986305418957665,1,-0.4473483826916504,0,0.0,0,0.0
2018-09-21,-0.0210016977190106,1,-0.0969691167241416,0,0.0,0,0.0
2018-09-24,-0.1424197837837907,1,-0.6449919595438951,0,0.0,0,0.0
2018-09-25,0.0474999254725703,1,0.2122142635771161,0,0.0,0,0.0
2018-09-26,-0.1440544444766095,1,-0.6523700316990296,0,0.0,0,0.0
2018-09-27,-0.1550892420140724,1,-0.7021758004474714,0,0.0,0,0.0
2018-09-28,-0.1390772890728307,1,-0.629905546036825,0,0.0,0,0.0
2018-10-01,0.0895613756144217,1,0.4020594194920311,0,0.0,0,0.0
2018-10-02,0.0114948073578773,1,0.0497044775576953,0,0.0,0,0.0
2018-10-03,0.159072286401335,1,0.7157982385680497,0,0.0,0,0.0
2018-10-04,0.3256230470428968,1,1.4675282672549117,-1,-0.0235161648108482,-1,-1.0
2018-10-05,0.0487341512399325,1,0.2177849650733524,0,0.0,0,0.0
2018-10-08,0.0459204658563819,1,0.2050853425321842,0,0.0,0,0.0
2018-10-09,-0.1612299997396025,1,-0.7298922273397292,0,0.0,0,0.0
2018-10-10,-0.0511009986365507,1,-0.2328228843985629,0,0.0,0,0.0
2018-10-11,-0.3187265975623286,0,-1.4407561197848786,0,0.0,0,1.0
2018-10-12,-0.3678975612435273,0,-1.6626902003993635,0,0.0,0,1.0
2018-10-15,0.0772656803284686,1,0.3465625647527924,0,0.0,0,0.0
2018-10-16,-0.1977264085382304,1,-0.894619463213509,0,0.0,0,0.0
2018-10-17,0.003058575972648,1,0.0116273866047713,0,0.0,0,0.0
2018-10-18,-0.0150164020657366,1,-0.0699543708544536,0,0.0,0,0.0
2018-10-19,0.053012636434847,1,0.2370959894476643,0,0.0,0,0.0
2018-10-22,-0.1483066164558713,1,-0.6715622908735835,0,0.0,0,0.0
2018-10-23,-0.2406865539808791,1,-1.088520897476519,1,-0.0057662658736219,0,1.0
2018-10-24,0.1812659668321972,1,0.8159698376810934,0,0.0,0,0.0
2018-10-25,-0.0472578452281672,1,-0.2154767383299199,0,0.0,0,0.0
2018-10-26,0.2507127116777669,1,1.129419042559367,-1,0.0402571113582841,0,-1.0
2018-10-29,0.2162031539882862,1,0.9736594969892672,0,0.0,0,0.0
2018-10-30,0.0279550898669878,1,0.1239982760075094,0,0.0,0,0.0
2018-10-31,0.049951419373447,1,0.2232791279664046,0,0.0,0,0.0
2018-11-01,-0.4028897330557522,0,-1.820628033999718,0,0.0,0,1.0
2018-11-02,0.2109293656093035,1,0.9498561527466484,0,0.0,0,0.0
2018-11-05,0.2231536030982394,1,1.0050304813587485,-1,0.0401935498196628,0,-1.0
2018-11-06,0.0181847219675566,1,0.0798995345005448,0,0.0,0,0.0
2018-11-07,-0.1097905927192776,1,-0.4977194845310452,0,0.0,0,0.0
2018-11-08,0.1391793946040951,1,0.6260112927516512,0,0.0,0,0.0
2018-11-09,0.0887846807533435,1,0.3985537924510606,0,0.0,0,0.0
2018-11-12,0.2929083033631294,1,1.3198696488844954,-1,0.0185517574575038,0,-1.0
2018-11-13,0.0390146899596268,1,0.1739159915608905,0,0.0,0,0.0
2018-11-14,-0.0660424512724747,1,-0.3002614153026585,0,0.0,0,0.0
2018-11-15,0.0806559824373104,1,0.3618647578602839,0,0.0,0,0.0
2018-11-16,-0.0383518661752701,1,-0.1752794323366606,0,0.0,0,0.0
2018-11-19,0.5475874610183498,2,2.469368875142183,0,0.0,0,0.0
2018-11-20,-0.2578152680317382,1,-1.1658316744145631,1,0.1137708266730288,1,1.0
2018-11-21,-0.01214782452912,1,-0.0570069915354717,0,0.0,0,0.0
2018-11-23,-0.0280429545854764,1,-0.1287499636312981,0,0.0,0,0.0
2018-11-26,-0.0082394087778672,1,-0.0393662826399262,0,0.0,0,0.0
2018-11-27,-0.164578374985602,1,-0.7450051827536446,0,0.0,0,0.0
2018-11-28,-0.0250361343868521,1,-0.115178623425698,0,0.0,0,0.0
2018-11-29,-0.066562223569632,1,-0.3026074174604845,0,0.0,0,0.0
2018-11-30,0.0975309094591478,1,0.4380300622116407,0,0.0,0,0.0
2018-12-03,-0.2938657248638556,1,-1.3285460975981662,1,0.0511953366209114,1,1.0
2018-12-04,-0.1444800003852728,1,-0.654290786393845,0,0.0,0,0.0
2018-12-06,-0.2117190657320962,1,-0.9577755878282008,0,0.0,0,0.0
2018-12-07,0.2488939280985318,1,1.1212099282513517,-1,0.070917651621141,0,-1.0
2018-12-10,-0.3183397525475719,0,-1.4390100874466285,0,0.0,0,1.0
2018-12-11,-0.1753859122867256,1,-0.7937852080991462,0,0.0,0,0.0
2018-12-12,-0.1299048564965018,1,-0.5885055969932339,0,0.0,0,0.0
2018-12-13,-0.1218247554080972,1,-0.552035906914476,0,0.0,0,0.0
2018-12-14,0.1705574623821503,1,0.7676367989941579,0,0.0,0,0.0
2018-12-17,0.1184809274492082,1,0.5325883672232383,0,0.0,0,0.0
2018-12-18,-0.0682877283934555,1,-0.3103955163302561,0,0.0,0,0.0
2018-12-19,0.132438328770603,1,0.5955853637863863,0,0.0,0,0.0
2018-12-20,0.1835071353221947,1,0.8260853943245348,0,0.0,0,0.0
2018-12-21,0.1080780952314421,1,0.4856349859756091,0,0.0,0,0.0
2018-12-24,0.0204966897209819,1,0.0903346449672321,0,0.0,0,0.0
2018-12-26,-0.1026313698398686,1,-0.4654061957788188,0,0.0,0,0.0
2018-12-27,0.1005353173490379,1,0.4515905144158473,0,0.0,0,0.0
2018-12-28,-0.0956252326833543,1,-0.4337838623510825,0,0.0,0,0.0
2018-12-31,0.0317427054145748,1,0.1410937508842051,0,0.0,0,0.0
2019-01-02,-0.0896533356134717,1,-0.4068295912425926,0,0.0,0,0.0
2019-01-03,0.3313699906775045,1,1.4934672067509782,-1,-0.0782535887674313,-1,-1.0
2019-01-04,-0.1326276619917763,1,-0.6007950314286397,0,0.0,0,0.0
2019-01-07,-0.164519279718509,1,-0.7447384551406576,0,0.0,0,0.0
2019-01-08,0.0469442197178714,1,0.2097060750746316,0,0.0,0,0.0
2019-01-09,-0.0940041630924179,1,-0.4264671338930202,0,0.0,0,0.0
2019-01-10,-0.0203435758573938,1,-0.0939986711734465,0,0.0,0,0.0
2019-01-11,-0.0393554107462696,1,-0.1798089498617689,0,0.0,0,0.0
2019-01-14,0.4812136512272924,2,2.16978942113015,0,0.0,0,0.0
2019-01-15,-0.1102692200850937,1,-0.4998797782580108,0,0.0,0,0.0
2019-01-16,0.3022594092989591,1,1.3620760435374957,-1,0.0023456966724327,0,-1.0
2019-01-17,0.110735595659221,1,0.4976296647456983,0,0.0,0,0.0
2019-01-18,0.0451113826597414,1,0.2014335301220953,0,0.0,0,0.0
2019-01-22,0.1612982982271832,1,0.725845385319324,0,0.0,0,0.0
2019-01-23,-0.1034833332365035,1,-0.4692515487878681,0,0.0,0,0.0
2019-01-24,-0.3919129901350072,0,-1.7710842958689847,0,0.0,0,1.0
2019-01-25,0.0247487438844403,1,0.1095263723779147,0,0.0,0,0.0
2019-01-28,0.0695901250479724,1,0.3119187998791355,0,0.0,0,0.0
2019-01-29,0.1020305675033745,1,0.458339354451664,0,0.0,0,0.0
2019-01-30,-0.5031952153749741,0,-2.2733587379053826,0,0.0,0,0.0
2019-01-31,-0.1933381082353494,1,-0.874812786258903,0,0.0,0,0.0
2019-02-01,-0.041417603384486,1,-0.1891166955911352,0,0.0,0,0.0
2019-02-04,0.002369697418254,1,0.0085181201357284,0,0.0,0,0.0
2019-02-05,-0.0275616676919659,1,-0.1265776660754563,0,0.0,0,0.0
2019-02-06,-0.2114149724594054,1,-0.956403057053062,0,0.0,0,0.0
2019-02-07,0.1705270849460375,1,0.7674996898579853,0,0.0,0,0.0
2019-02-08,-0.0588289419648001,1,-0.2677031037230353,0,0.0,0,0.0
2019-02-11,0.0121363866847908,1,0.0526002580630963,0,0.0,0,0.0
2019-02-12,0.0970946215673727,1,0.4360608685067517,0,0.0,0,0.0
2019-02-13,-0.0375345379511592,1,-0.1715904058381283,0,0.0,0,0.0
2019-02-14,-0.1142858419070265,1,-0.5180088773134272,0,0.0,0,0.0
2019-02-15,0.1301088300807247,1,0.5850711271042919,0,0.0,0,0.0
2019-02-19,0.0108609025014388,1,0.0468433359208775,0,0.0,0,0.0
2019-02-20,0.0587535001649169,1,0.2630074871788606,0,0.0,0,0.0
2019-02-21,-0.0771038324632753,1,-0.3501871698764975,0,0.0,0,0.0
2019-02-22,0.0220744003198581,1,0.0974556717892303,0,0.0,0,0.0
2019-02-25,0.1050598708819821,1,0.472012172918118,0,0.0,0,0.0
2019-02-26,-0.029830324672681,1,-0.1368172925450335,0,0.0,0,0.0
2019-02-27,0.3566359582071121,0,1.6075056321695749,0,0.0,0,-1.0
2019-02-28,0.034534667210405,1,0.1536953235986583,0,0.0,0,0.0
2019-03-01,0.0032962234922361,1,0.0127000132083913,0,0.0,0,0.0
2019-03-04,0.0541359181473194,1,0.2421659428401776,0,0.0,0,0.0
2019-03-05,-0.008286492895659,1,-0.0395787977018931,0,0.0,0,0.0
2019-03-06,0.0256243811447804,1,0.1134785778214634,0,0.0,0,0.0
2019-03-07,-0.081100105301534,1,-0.368224423406729,0,0.0,0,0.0
2019-03-08,-0.0098993356094748,1,-0.0468583939934608,0,0.0,0,0.0
2019-03-11,-0.0492918219334199,1,-0.2246571309087245,0,0.0,0,0.0
2019-03-12,0.0559657000974616,1,0.2504246985046523,0,0.0,0,0.0
2019-03-13,0.0720433934546176,1,0.3229916735339901,0,0.0,0,0.0
2019-03-14,0.0545142970425613,1,0.2438737631868335,0,0.0,0,0.0
2019-03-15,-0.2023924118251505,1,-0.9156795578730474,0,0.0,0,0.0
2019-03-18,0.2257539800369156,1,1.016767332173346,-1,0.0112589025318687,0,-1.0
2019-03-19,-0.1852132432913393,1,-0.8381410536657262,0,0.0,0,0.0
2019-03-20,-0.2243098087319379,1,-1.0146041460407291,1,0.0911647130349369,1,1.0
2019-03-21,-0.4377719503665365,0,-1.9780695858646795,0,0.0,0,0.0
2019-03-22,-0.2566437582417848,1,-1.1605440426762494,1,0.0021364726395002,1,1.0
2019-03-25,0.0936256662686801,1,0.420403672729593,0,0.0,0,0.0
2019-03-26,0.2003755703620099,1,0.90222139699145,0,0.0,0,0.0
2019-03-27,0.2080891979698645,1,0.9370370020394,0,0.0,0,0.0
2019-03-28,0.2400453084718842,1,1.0812715151203878,-1,-0.0375602576471685,-1,-1.0
2019-03-29,-0.1204323557393148,1,-0.545751284503114,0,0.0,0,0.0
2019-04-01,0.1506097520867302,1,0.6776024288426753,0,0.0,0,0.0
2019-04-02,0.0205781384281984,1,0.0907022652577461,0,0.0,0,0.0
2019-04-03,-0.0814628233964793,1,-0.3698615584331204,0,0.0,0,0.0
2019-04-04,0.0269599082992776,1,0.1195065050569498,0,0.0,0,0.0
2019-04-05,-0.1093233018904058,1,-0.4956103584793855,0,0.0,0,0.0
2019-04-08,0.0381590140941702,1,0.1700538822531423,0,0.0,0,0.0
2019-04-09,-0.1372092348445219,1,-0.6214740477162779,0,0.0,0,0.0
2019-04-10,-0.0423416316538594,1,-0.1932873147751473,0,0.0,0,0.0
2019-04-11,0.2044212114041167,1,0.920481474849544,0,0.0,0,0.0
2019-04-12,0.2039128509808809,1,0.9181869804019036,0,0.0,0,0.0
2019-04-15,-0.1371963713231729,1,-0.6214159879677937,0,0.0,0,0.0
2019-04-16,0.0767233087715056,1,0.3441145604056241,0,0.0,0,0.0
2019-04-17,-0.0819083003532427,1,-0.3718722271577612,0,0.0,0,0.0
2019-04-18,0.0192440621069612,1,0.0846808863857971,0,0.0,0,0.0
2019-04-22,-0.0105163409070794,1,-0.0496432591497747,0,0.0,0,0.0
2019-04-23,-0.1086578307937604,1,-0.4926067420164854,0,0.0,0,0.0
2019-04-24,-0.1242548619104463,1,-0.5630042388733706,0,0.0,0,0.0
2019-04-25,-0.0160043809062798,1,-0.0744136321588311,0,0.0,0,0.0
2019-04-26,0.0337990150477453,1,0.150374943558306,0,0.0,0,0.0
2019-04-29,0.1243966092390388,1,0.5592889095950756,0,0.0,0,0.0
2019-04-30,-0.0016643755073803,1,-0.0096897448084518,0,0.0,0,0.0
2019-05-01,-0.0525750126126643,1,-0.2394758745397095,0,0.0,0,0.0
2019-05-02,0.1049365795067571,1,0.4714556949490128,0,0.0,0,0.0
2019-05-03,0.0810762393962231,1,0.3637615956445267,0,0.0,0,0.0
2019-05-06,0.0015483534795995,1,0.0048109686331584,0,0.0,0,0.0
2019-05-07,-0.0335441465359511,1,-0.1535796982227971,0,0.0,0,0.0
2019-05-08,0.0331000046584455,1,0.1472199468595419,0,0.0,0,0.0
2019-05-09,0.1059118711823193,1,0.4758576924927299,0,0.0,0,0.0
2019-05-10,0.0671396578953179,1,0.3008585697374936,0,0.0,0,0.0
2019-05-13,0.0734734997899175,1,0.3294464857024793,0,0.0,0,0.0
2019-05-14,-0.0612332868117661,1,-0.2785551599599482,0,0.0,0,0.0
2019-05-15,-0.2717099924908051,1,-1.2285457777664506,1,0.0512868969098599,1,1.0
2019-05-16,0.215124368648391,1,0.9687903788214334,0,0.0,0,0.0
2019-05-17,0.0513002700944618,1,0.2293671913730011,0,0.0,0,0.0
2019-05-20,0.3368795053582818,0,1.5183345061441331,0,0.0,0,-1.0
2019-05-21,-0.0435391828918341,1,-0.1986924850848413,0,0.0,0,0.0
2019-05-22,0.0245775448597507,1,0.1087536623209607,0,0.0,0,0.0
2019-05-23,-0.0200769086257617,1,-0.0927950635470838,0,0.0,0,0.0
2019-05-24,0.1819378446451823,1,0.8190023709801538,0,0.0,0,0.0
2019-05-28,0.0662816330483992,1,0.2969858582572001,0,0.0,0,0.0
2019-05-29,0.1562061077922965,1,0.7028616868543581,0,0.0,0,0.0
2019-05-30,-0.0423967519213943,1,-0.1935361011519594,0,0.0,0,0.0
2019-05-31,0.0900616625570761,1,0.4043174741313768,0,0.0,0,0.0
2019-06-03,0.2420136704381654,1,1.0901557543257745,-1,-0.0440522638800642,-1,-1.0
2019-06-04,-0.1047570233450825,1,-0.4750003733394465,0,0.0,0,0.0
2019-06-05,0.1040375858297761,1,0.4673980698743326,0,0.0,0,0.0
2019-06-06,-0.1367200171888491,1,-0.6192659545144434,0,0.0,0,0.0
2019-06-07,-0.1350118125019501,1,-0.611555940142013,0,0.0,0,0.0
2019-06-10,-0.0568525464818933,1,-0.2587826050874299,0,0.0,0,0.0
2019-06-11,-0.0835241052662511,1,-0.3791651933917746,0,0.0,0,0.0
2019-06-12,0.1170784935921251,1,0.5262584553119658,0,0.0,0,0.0
2019-06-13,-0.0400682023292305,1,-0.1830261482404669,0,0.0,0,0.0
2019-06-14,0.1135100933413513,1,0.5101524128505124,0,0.0,0,0.0
2019-06-17,-0.2051072046642146,1,-0.9279328270321154,0,0.0,0,0.0
2019-06-18,-0.1255873394027548,1,-0.5690184014005134,0,0.0,0,0.0
2019-06-19,-0.135181298787378,1,-0.6123209197177052,0,0.0,0,0.0
2019-06-20,0.0076324976444465,1,0.0322718691415536,0,0.0,0,0.0
2019-06-21,-0.0455581941327278,1,-0.2078053307553727,0,0.0,0,0.0
2019-06-24,-0.0674154962571927,1,-0.3064586799790517,0,0.0,0,0.0
2019-06-25,0.1594070914905495,1,0.7173093877117112,0,0.0,0,0.0
2019-06-26,-0.1799001246108209,1,-0.8141601913584177,0,0.0,0,0.0
2019-06-27,0.0667674103354903,1,0.2991784232899489,0,0.0,0,0.0
2019-06-28,0.1486902588476749,1,0.6689387595679088,0,0.0,0,0.0
2019-07-01,-0.0292879815449501,1,-0.1343694165137457,0,0.0,0,0.0
2019-07-02,-0.0299846422274055,1,-0.1375138077659374,0,0.0,0,0.0
2019-07-03,0.0707982448073203,1,0.3173716714112344,0,0.0,0,0.0
2019-07-05,0.0722149654040258,1,0.323766066793761,0,0.0,0,0.0
2019-07-08,-0.1474153185042167,1,-0.6675394006016633,0,0.0,0,0.0
2019-07-09,0.0703904658832614,1,0.3155311534748413,0,0.0,0,0.0
2019-07-10,-0.3208823097731634,0,-1.450485967885537,0,0.0,0,1.0
2019-07-11,-0.0190683641777731,1,-0.0882429789820059,0,0.0,0,0.0
2019-07-12,-0.0445954881562302,1,-0.20346013900397,0,0.0,0,0.0
2019-07-15,-0.1725171911725911,1,-0.7808371807403041,0,0.0,0,0.0
2019-07-16,0.1504409694597859,1,0.6768406252429443,0,0.0,0,0.0
2019-07-17,-0.2310547116437121,1,-1.045047393731865,1,0.0818701466945941,1,1.0
2019-07-18,-0.0503632189056401,1,-0.2294929015384089,0,0.0,0,0.0
2019-07-19,0.2119722113611168,1,0.9545630568995136,0,0.0,0,0.0
2019-07-22,-0.1449248925159687,1,-0.6562988154948969,0,0.0,0,0.0
2019-07-23,0.1032282915476735,1,0.4637453047259921,0,0.0,0,0.0
2019-07-24,-0.0969095282395235,1,-0.4395805547922491,0,0.0,0,0.0
2019-07-25,0.2201252851817772,1,0.9913621107944478,0,0.0,0,0.0
2019-07-26,-0.2240747168935637,1,-1.013543054552919,1,-0.019982808133071,0,1.0
2019-07-29,-0.185271009943364,1,-0.8384017845493102,0,0.0,0,0.0
2019-07-30,0.1973632345555807,1,0.8886251619850253,0,0.0,0,0.0
2019-07-31,0.2460457708345811,1,1.108354716221776,-1,-0.085563638346844,-1,-1.0
2019-08-01,-0.2469798209463398,1,-1.1169256777264345,1,0.0062886977052366,1,1.0
2019-08-02,0.2098081031186299,1,0.9447953131501632,0,0.0,0,0.0
2019-08-05,0.0736683159421986,1,0.3303257921144034,0,0.0,0,0.0
2019-08-06,0.1342898449578013,1,0.6039422173435562,0,0.0,0,0.0
2019-08-07,-0.2537252530478798,1,-1.1473713139256518,1,0.0374637422966581,1,1.0
2019-08-08,-0.0563009948334167,1,-0.2562931662224589,0,0.0,0,0.0
2019-08-09,0.1155158398356413,1,0.5192053878347342,0,0.0,0,0.0
2019-08-12,-0.1183374862890567,1,-0.5362960513605473,0,0.0,0,0.0
2019-08-13,-0.1321461808628156,1,-0.5986218571873957,0,0.0,0,0.0
2019-08-14,-0.0397349855485442,1,-0.1815221679575827,0,0.0,0,0.0
2019-08-15,0.1421806439999231,1,0.6395574890327821,0,0.0,0,0.0
2019-08-16,0.0450450499360737,1,0.201134136111083,0,0.0,0,0.0
2019-08-19,-0.0122265456284101,1,-0.0573623007156861,0,0.0,0,0.0
2019-08-20,-0.1217164078658219,1,-0.5515468782198665,0,0.0,0,0.0
2019-08-21,0.0673184714839232,1,0.3016656482736352,0,0.0,0,0.0
2019-08-22,0.0656474308438044,1,0.294123374533818,0,0.0,0,0.0
2019-08-23,0.0625613229132731,1,0.2801941676409007,0,0.0,0,0.0
2019-08-26,-0.0739850897221104,1,-0.3361106651445356,0,0.0,0,0.0
2019-08-27,0.184132466533283,1,0.8289078386498527,0,0.0,0,0.0
2019-08-28,0.0282205349153575,1,0.1251963672864512,0,0.0,0,0.0
2019-08-29,0.0852522635942718,1,0.3826101603589938,0,0.0,0,0.0
2019-08-30,0.1262467334234932,1,0.5676394803213616,0,0.0,0,0.0
2019-09-03,-0.1621815112100502,1,-0.7341868924749723,0,0.0,0,0.0
2019-09-04,0.0118815809875759,1,0.0514501876981273,0,0.0,0,0.0
2019-09-05,0.1180955344122353,1,0.5308488884143551,0,0.0,0,0.0
2019-09-06,-0.029974386446589,1,-0.1374675181039885,0,0.0,0,0.0
2019-09-09,0.0864050523996839,1,0.3878132945771996,0,0.0,0,0.0
2019-09-10,-0.0666121781762668,1,-0.3028328885284876,0,0.0,0,0.0
2019-09-11,-0.0078695055278106,1,-0.03769671727916,0,0.0,0,0.0
2019-09-12,0.1639019579207396,1,0.7375970529105649,0,0.0,0,0.0
2019-09-13,0.0831417280571846,1,0.3730842180352979,0,0.0,0,0.0
2019-09-16,0.0113107620073332,1,0.0488737853644488,0,0.0,0,0.0
2019-09-17,0.0097511940389478,1,0.0418346456505417,0,0.0,0,0.0
2019-09-18,0.0131289524751996,1,0.0570802226530115,0,0.0,0,0.0
2019-09-19,-0.0452620896461274,1,-0.2064688575183306,0,0.0,0,0.0
2019-09-20,0.0332992214788336,1,0.1481191157707399,0,0.0,0,0.0
2019-09-23,-0.0162740127032523,1,-0.0756306204072923,0,0.0,0,0.0
2019-09-24,0.0107377498498982,1,0.0462874840837624,0,0.0,0,0.0
2019-09-25,-0.0039306601592789,1,-0.0199186637267553,0,0.0,0,0.0
2019-09-26,0.027832589509445,1,0.1234453683117712,0,0.0,0,0.0
2019-09-27,0.1574442901624907,1,0.7084502465527963,0,0.0,0,0.0
2019-09-30,-0.1568141965810553,1,-0.7099614157225179,0,0.0,0,0.0
2019-10-01,-0.4039299590061849,0,-1.82532311362918,0,0.0,0,1.0
2019-10-02,0.0040568464414498,1,0.0161330993692097,0,0.0,0,0.0
2019-10-03,-0.002399810653546,1,-0.0130091453407271,0,0.0,0,0.0
2019-10-04,0.035717564508704,1,0.1590343530726669,0,0.0,0,0.0
2019-10-07,0.0181305366461411,1,0.0796549680208409,0,0.0,0,0.0
2019-10-08,0.0618829336042148,1,0.2771322445803585,0,0.0,0,0.0
2019-10-09,-0.0526940639549695,1,-0.2400132150395159,0,0.0,0,0.0
2019-10-10,0.1860105721784597,1,0.8373847042317762,0,0.0,0,0.0
2019-10-11,0.065421140853722,1,0.2931020103558288,0,0.0,0,0.0
2019-10-14,0.0190349483147301,1,0.0837370473037828,0,0.0,0,0.0
2019-10-15,-0.0527943491883051,1,-0.2404658543492485,0,0.0,0,0.0
2019-10-16,0.0779998968826084,1,0.3498764651467612,0,0.0,0,0.0
2019-10-17,0.0250332408215732,1,0.1108104547194688,0,0.0,0,0.0
2019-10-18,0.2399677606382831,1,1.0809215014971956,-1,-0.0137642920334567,-1,-1.0
2019-10-21,0.0179185054915391,1,0.0786979613682297,0,0.0,0,0.0
2019-10-22,0.1286465549987192,1,0.5784711206851693,0,0.0,0,0.0
2019-10-23,0.1608790448768567,1,0.7239530773415402,0,0.0,0,0.0
2019-10-24,-0.3424852284109999,0,-1.5479911523997665,0,0.0,0,1.0
2019-10-25,0.0243437709083726,1,0.1076985191411953,0,0.0,0,0.0
2019-10-28,0.0096909847421258,1,0.0415628898431657,0,0.0,0,0.0
2019-10-29,0.0496290710141057,1,0.221824202510157,0,0.0,0,0.0
2019-10-30,-0.125386206154739,1,-0.568110582656736,0,0.0,0,0.0
2019-10-31,0.0110382226871398,1,0.0476436739545815,0,0.0,0,0.0
2019-11-01,0.0963655524000579,1,0.4327702009412056,0,0.0,0,0.0
2019-11-04,-0.0099948237978101,1,-0.0472893817492659,0,0.0,0,0.0
2019-11-05,-0.091754936709927,1,-0.4163152077984168,0,0.0,0,0.0
2019-11-06,0.0784021522490931,1,0.3516920524008944,0,0.0,0,0.0
2019-11-07,0.0708976351961183,1,0.3178202718231118,0,0.0,0,0.0
2019-11-08,-0.0803005184413104,1,-0.3646154728918339,0,0.0,0,0.0
2019-11-11,0.0722722726901399,1,0.3240247243205628,0,0.0,0,0.0
2019-11-12,-0.0686098871500473,1,-0.3118495860108847,0,0.0,0,0.0
2019-11-13,-0.1179435104720728,1,-0.5345178340106991,0,0.0,0,0.0
2019-11-14,0.0810740523563278,1,0.3637517243983259,0,0.0,0,0.0
2019-11-15,-0.1215715234863365,1,-0.5508929398149784,0,0.0,0,0.0
2019-11-18,-0.0105272156591154,1,-0.0496923425501057,0,0.0,0,0.0
2019-11-19,0.1374785200448792,1,0.6183343630500583,0,0.0,0,0.0
2019-11-20,0.0524948552947412,1,0.234758974415095,0,0.0,0,0.0
2019-11-21,0.0192859531950939,1,0.0848699626095406,0,0.0,0,0.0
2019-11-22,0.0305584140652262,1,0.1357484293342463,0,0.0,0,0.0
2019-11-25,-0.1909481542702658,1,-0.8640256835413173,0,0.0,0,0.0
2019-11-26,0.1257172759746393,1,0.5652497640469824,0,0.0,0,0.0
2019-11-27,-0.1217414698922696,1,-0.5516599961533294,0,0.0,0,0.0
2019-11-29,0.007686728529637,1,0.032516641274223,0,0.0,0,0.0
2019-12-02,-0.0762228856524761,1,-0.3462109996758769,0,0.0,0,0.0
2019-12-03,-0.0250907849005773,1,-0.1154252895597469,0,0.0,0,0.0
2019-12-04,-0.0971285023406001,1,-0.4405688985659425,0,0.0,0,0.0
2019-12-05,0.0777896013010562,1,0.3489272920361492,0,0.0,0,0.0
2019-12-06,-0.0092848958149012,1,-0.0440851082839156,0,0.0,0,0.0
2019-12-09,0.061731893651209,1,0.2764505228772062,0,0.0,0,0.0
2019-12-10,-0.0575174993784812,1,-0.2617838826445056,0,0.0,0,0.0
2019-12-11,-0.1851378637646556,1,-0.8378008267370828,0,0.0,0,0.0
2019-12-12,0.002142802528009,1,0.0074940257293398,0,0.0,0,0.0
2019-12-13,-0.1478109266121692,1,-0.6693249853278713,0,0.0,0,0.0
2019-12-16,-0.1240337588255107,1,-0.5620062858905012,0,0.0,0,0.0
2019-12-17,0.031869574052321,1,0.1416663748957981,0,0.0,0,0.0
2019-12-18,-0.0965212768758189,1,-0.43782817487125,0,0.0,0,0.0
2019-12-19,-0.1137318872937973,1,-0.5155085926213014,0,0.0,0,0.0
2019-12-20,-0.1141979580612408,1,-0.5176122119024792,0,0.0,0,0.0
2019-12-23,-0.0384276362568457,1,-0.1756214220422439,0,0.0,0,0.0
2019-12-24,-0.0126604862721159,1,-0.0593209000717307,0,0.0,0,0.0
2019-12-26,-0.0014758610926083,1,-0.0088388814087374,0,0.0,0,0.0
2019-12-27,-0.0204285987870328,1,-0.0943824237849048,0,0.0,0,0.0
2019-12-30,0.0568217644147571,1,0.2542885610971702,0,0.0,0,0.0
2019-12-31,0.0021377086321163,1,0.0074710343332586,0,0.0,0,0.0
2020-01-02,-0.0643665233378415,1,-0.2926970826660138,0,0.0,0,0.0
2020-01-03,0.0857285929585041,1,0.3847600820120649,0,0.0,0,0.0
2020-01-06,-0.0495405659548747,1,-0.2257798417847576,0,0.0,0,0.0
2020-01-07,-0.1838217209164611,1,-0.8318603909371014,0,0.0,0,0.0
2020-01-08,-0.0700145354643305,1,-0.318189492916885,0,0.0,0,0.0
2020-01-09,0.072487945816961,1,0.3249981690841149,0,0.0,0,0.0
2020-01-10,0.0116643777785961,1,0.0504698368796243,0,0.0,0,0.0
2020-01-13,0.0379143991765784,1,0.1689498081659979,0,0.0,0,0.0
2020-01-14,-0.1321047961732203,1,-0.598435066603091,0,0.0,0,0.0
2020-01-15,-0.0251684853014747,1,-0.1157759917983355,0,0.0,0,0.0
2020-01-16,-0.0203495844207556,1,-0.0940257909385613,0,0.0,0,0.0
2020-01-17,-0.0894290097429267,1,-0.405817092155525,0,0.0,0,0.0
2020-01-21,0.0289841434656519,1,0.1286429290145825,0,0.0,0,0.0
2020-01-22,-0.02739271526216,1,-0.1258150960672769,0,0.0,0,0.0
2020-01-23,-0.1253860906495087,1,-0.5681100613216805,0,0.0,0,0.0
2020-01-24,0.105861305943041,1,0.4756294653226661,0,0.0,0,0.0
2020-01-27,0.3579099531324904,0,1.6132558325175794,0,0.0,0,-1.0
2020-01-28,-0.0800450576695094,1,-0.36346244583525,0,0.0,0,0.0
2020-01-29,0.1065643485263877,1,0.4788026614060193,0,0.0,0,0.0
2020-01-30,0.0314676761446396,1,0.1398524010387785,0,0.0,0,0.0
2020-01-31,0.0028827346992859,1,0.0108337236700618,0,0.0,0,0.0
2020-02-03,0.0707361377259715,1,0.3170913499172695,0,0.0,0,0.0
2020-02-04,-0.0817425396806638,1,-0.3711240632065854,0,0.0,0,0.0
2020-02-05,0.0044264818502423,1,0.0178014558233316,0,0.0,0,0.0
2020-02-06,-0.1272118003646321,1,-0.5763504368758772,0,0.0,0,0.0
2020-02-07,0.147595202736356,1,0.6639962029635168,0,0.0,0,0.0
2020-02-10,-0.0335306886146148,1,-0.1535189556386549,0,0.0,0,0.0
2020-02-11,-0.0396266523890145,1,-0.1810332041797691,0,0.0,0,0.0
2020-02-12,-0.1952484366839208,1,-0.8834350900773559,0,0.0,0,0.0
2020-02-13,0.051056180635657,1,0.2282654889540949,0,0.0,0,0.0
2020-02-14,0.1396774127360374,1,0.6282591070706582,0,0.0,0,0.0
2020-02-18,-0.0169089166728129,1,-0.0784962715602063,0,0.0,0,0.0
2020-02-19,-0.1686332236126035,1,-0.7633068192214402,0,0.0,0,0.0
2020-02-20,0.160684766132378,1,0.7230761965299626,0,0.0,0,0.0
2020-02-21,0.1855550730419826,1,0.8353288002082113,0,0.0,0,0.0
2020-02-24,0.4824578925121705,2,2.175405327855354,0,0.0,0,0.0
2020-02-25,0.128650650080736,1,0.578489603915808,0,0.0,0,0.0
2020-02-26,0.2918554128827613,1,1.3151174076580825,-1,0.0111584971854721,0,-1.0
2020-02-27,0.1357585629293884,1,0.6105713038674552,0,0.0,0,0.0
2020-02-28,-0.517038279366614,0,-2.335839670754108,0,0.0,0,0.0
2020-03-02,0.3866240513008323,0,1.7428574612141856,0,0.0,0,-1.0
2020-03-03,0.2662429299659397,1,1.1995149784428811,-1,0.2470493273884594,0,-1.0
2020-03-04,-0.1405464065619874,1,-0.6365364357908799,0,0.0,0,0.0
2020-03-05,0.2478527451265182,1,1.1165105290867658,-1,0.1697834559193861,0,-1.0
2020-03-06,-0.0831351832720752,1,-0.3774097865673771,0,0.0,0,0.0
2020-03-09,0.1067109492139257,1,0.4794643463999752,0,0.0,0,0.0
2020-03-10,0.0567471070285581,1,0.2539515935633512,0,0.0,0,0.0
2020-03-11,0.827145034263792,2,3.731157303762446,0,0.0,0,0.0
2020-03-12,1.262597032002251,2,5.696578185004562,0,0.0,0,0.0
2020-03-13,0.7094834662289022,2,3.2000895765812785,0,0.0,0,0.0
2020-03-16,1.350649505466638,2,6.094004700190437,0,0.0,0,0.0
2020-03-17,1.409562339205721,2,6.359908896761567,0,0.0,0,0.0
2020-03-18,2.7910864522383,2,12.59544428021518,0,0.0,0,0.0
2020-03-19,-2.334435419768748,2,-10.538696260704686,0,0.0,0,0.0
2020-03-20,-1.1912335874574491,2,-5.378833028090952,0,0.0,0,0.0
2020-03-23,-1.9693011698346627,2,-8.890655872776192,0,0.0,0,0.0
2020-03-24,-0.5729420547122777,2,-2.588162424984824,0,0.0,0,0.0
2020-03-25,-0.8309106329461261,2,-3.75250851364296,0,0.0,0,0.0
2020-03-26,0.5007526708993435,2,2.257979158373048,0,0.0,0,0.0
2020-03-27,1.0877608927492128,2,4.907451942230806,0,0.0,0,0.0
2020-03-30,0.4399934786540789,0,1.9837413875362,0,0.0,0,0.0
2020-03-31,-0.3644810391133102,0,-1.647269662726259,0,0.0,0,1.0
2020-04-01,0.9517600491771758,2,4.29360954579847,0,0.0,0,0.0
2020-04-02,0.5393890805842482,2,2.432365328985006,0,0.0,0,0.0
2020-04-03,0.1563116110264371,1,0.7033378777100561,0,0.0,0,0.0
2020-04-06,-0.832372673607936,2,-3.759107462002067,0,0.0,0,0.0
2020-04-07,-0.4019588228420692,0,-1.8164263530290563,0,0.0,0,1.0
2020-04-08,-0.4570057432704899,0,-2.0648816762793416,0,0.0,0,0.0
2020-04-09,0.3944711252765813,0,1.7782753789839691,0,0.0,0,-1.0
2020-04-13,-0.3182375655567282,0,-1.43854886451818,0,0.0,0,1.0
2020-04-14,-0.6435384716828461,2,-2.906800696884928,0,0.0,0,0.0
2020-04-15,-0.1005699442601599,1,-0.4561019121826289,0,0.0,0,0.0
2020-04-16,0.0578946396545025,1,0.259131003915471,0,0.0,0,0.0
2020-04-17,0.1451286010697838,1,0.6528631493861642,0,0.0,0,0.0
2020-04-20,0.3432882661616979,0,1.5472605700302506,0,0.0,0,-1.0
2020-04-21,0.1927869783299265,1,0.8679701423949736,0,0.0,0,0.0
2020-04-22,-0.3578444870516694,0,-1.6173154586598133,0,0.0,0,1.0
2020-04-23,-0.2310936065190182,1,-1.0452229464919784,1,0.0336834345157283,1,1.0
2020-04-24,0.0724241167747009,1,0.3247100754867974,0,0.0,0,0.0
2020-04-27,0.3139441378633254,1,1.4148152883482294,-1,-0.0775574914229509,-1,-1.0
2020-04-28,-0.2052290878676789,1,-0.928482949191172,0,0.0,0,0.0
2020-04-29,-0.9644941705467605,2,-4.355440353556505,0,0.0,0,0.0
2020-04-30,0.208737202310608,1,0.9399617819670324,0,0.0,0,0.0
2020-05-01,0.7105236247151474,2,3.2047843517098458,0,0.0,0,0.0
2020-05-04,-0.0838729748024086,1,-0.3807398226844505,0,0.0,0,0.0
2020-05-05,0.1441897021120715,1,0.6486254110672491,0,0.0,0,0.0
2020-05-06,-0.0117345753733775,1,-0.055141783604241,0,0.0,0,0.0
2020-05-07,-0.0287409273165106,1,-0.1319002768397269,0,0.0,0,0.0
2020-05-08,-0.5630336596724997,2,-2.5434406953523605,0,0.0,0,0.0
2020-05-11,0.1803987170706265,1,0.8120554893729084,0,0.0,0,0.0
2020-05-12,-0.184196760087639,1,-0.8335531373756182,0,0.0,0,0.0
2020-05-13,0.1512954332748424,1,0.6806972639381387,0,0.0,0,0.0
2020-05-14,-0.1086760872122812,1,-0.4926891427090161,0,0.0,0,0.0
2020-05-15,-0.0922776710010346,1,-0.4186745789723233,0,0.0,0,0.0
2020-05-18,-0.5396849406731263,0,-2.4380558076725354,0,0.0,0,0.0
2020-05-19,-0.4064130763915223,0,-1.83653071121758,0,0.0,0,1.0
2020-05-20,-0.1512582101849671,1,-0.6848843653576518,0,0.0,0,0.0
2020-05-21,0.180326708153875,1,0.8117304757563584,0,0.0,0,0.0
2020-05-22,0.0736767365186584,1,0.3303637985465523,0,0.0,0,0.0
2020-05-26,0.3001076047710211,1,1.3523638328379806,-1,0.2064743452719995,0,-1.0
2020-05-27,0.2416529254565356,1,1.088527524983893,-1,0.0253665061368201,0,-1.0
2020-05-28,0.3079908946140482,1,1.3879452116141444,-1,0.111144053973918,0,-1.0
2020-05-29,-0.0060966396998647,1,-0.0296948536156977,0,0.0,0,0.0
2020-06-01,-0.2893791608868362,1,-1.3082959056797476,1,0.0533741123540938,1,1.0
2020-06-02,-0.0389910288855936,1,-0.1781643053970796,0,0.0,0,0.0
2020-06-03,-0.0893139185378402,1,-0.4052976258104419,0,0.0,0,0.0
2020-06-04,0.0506287936204947,1,0.2263364695252387,0,0.0,0,0.0
2020-06-05,-0.2577472995938434,1,-1.1655248975762489,1,0.0097110033175572,1,1.0
2020-06-08,-0.3253999435323733,0,-1.4708763938573302,0,0.0,0,1.0
2020-06-09,0.3777251434363378,0,1.7026920711643916,0,0.0,0,-1.0
2020-06-10,-0.095196246677003,1,-0.4318476258450553,0,0.0,0,0.0
2020-06-11,0.3479114852027982,0,1.5681275571818225,0,0.0,0,-1.0
2020-06-12,-0.1618388660081804,1,-0.7326403568335931,0,0.0,0,0.0
2020-06-15,0.0061579463046954,1,0.0256164535994,0,0.0,0,0.0
2020-06-16,-0.0683449049985562,1,-0.3106535840258165,0,0.0,0,0.0
2020-06-17,0.1485151784920173,1,0.6681485310497441,0,0.0,0,0.0
2020-06-18,-0.1812472010597099,1,-0.820240246553999,0,0.0,0,0.0
2020-06-19,0.4738871239044889,2,2.136721000587784,0,0.0,0,0.0
2020-06-22,-0.1616994066016999,1,-0.7320109041476349,0,0.0,0,0.0
2020-06-23,-0.1283907072135311,1,-0.5816714553805553,0,0.0,0,0.0
2020-06-24,0.2658820277667606,1,1.1978860394965984,-1,-0.0370091443299361,-1,-1.0
2020-06-25,0.3883326305150695,0,1.750569166022886,0,0.0,0,-1.0
2020-06-26,-0.0413862490842922,1,-0.1889751773603366,0,0.0,0,0.0
2020-06-29,-0.4191050873194711,0,-1.8938163441513995,0,0.0,0,1.0
2020-06-30,0.3139607308893151,1,1.4148901812869057,-1,0.0162489421811151,0,-1.0
2020-07-01,-0.2554841988260299,1,-1.155310349179373,1,-0.085674951487339,0,1.0
2020-07-02,0.0835778317957984,1,0.3750525805613876,0,0.0,0,0.0
2020-07-06,-0.0124995105644575,1,-0.0585943331508125,0,0.0,0,0.0
2020-07-07,0.2106747958611105,1,0.948707147342081,0,0.0,0,0.0
2020-07-08,-0.0650312829644035,1,-0.2956974878951488,0,0.0,0,0.0
2020-07-09,0.0943485396020928,1,0.4236663752808758,0,0.0,0,0.0
2020-07-10,-0.0673231018294945,1,-0.3060416559707762,0,0.0,0,0.0
2020-07-13,0.2752124300928931,1,1.2399989880131077,-1,-0.0239421206989379,-1,-1.0
2020-07-14,0.0292272720050469,1,0.12974029430544,0,0.0,0,0.0
2020-07-15,-0.3931088663814609,0,-1.776481906072563,0,0.0,0,1.0
2020-07-16,0.3101452659925901,1,1.3976690078427236,-1,-0.1117899788169696,-1,-1.0
2020-07-17,-0.1053867141895801,1,-0.4778424949531494,0,0.0,0,0.0
2020-07-20,0.1116446495477398,1,0.5017326967766648,0,0.0,0,0.0
2020-07-21,0.1402421960250576,1,0.6308082671971058,0,0.0,0,0.0
2020-07-22,-0.0605788199393662,1,-0.2756012112726615,0,0.0,0,0.0
2020-07-23,0.2913453291562831,1,1.312815135048452,-1,-0.0170787914593612,-1,-1.0
2020-07-24,0.160047419350063,1,0.7201995196951793,0,0.0,0,0.0
2020-07-27,0.0060637901057716,1,0.0251914778031601,0,0.0,0,0.0
2020-07-28,-0.0441961734609032,1,-0.2016578245250868,0,0.0,0,0.0
2020-07-29,0.1184952215060904,1,0.5326528837210841,0,0.0,0,0.0
2020-07-30,-0.2408840034145379,1,-1.0894120892540695,1,0.0045228593638953,1,1.0
2020-07-31,0.2658135017172866,1,1.1975767458678066,-1,0.0028024333857038,0,-1.0
2020-08-03,0.0632593519292083,1,0.2833447348923019,0,0.0,0,0.0
2020-08-04,-0.3868043027941837,0,-1.7480261383050313,0,0.0,0,1.0
2020-08-05,0.1536236801376691,1,0.6912058504750054,0,0.0,0,0.0
2020-08-06,-0.3584646666654957,0,-1.620114651152822,0,0.0,0,1.0
2020-08-07,0.3956823296697955,0,1.7837421730697436,0,0.0,0,-1.0
2020-08-10,-0.4453313781572655,0,-2.01218920710262,0,0.0,0,0.0
2020-08-11,0.1316350810070673,1,0.5919598897147016,0,0.0,0,0.0
2020-08-12,-0.1344067291854919,1,-0.6088248850745552,0,0.0,0,0.0
2020-08-13,-0.0325977097762134,1,-0.1493079378909481,0,0.0,0,0.0
2020-08-14,0.0447108416404619,1,0.199625680606708,0,0.0,0,0.0
2020-08-17,-0.0299973967615903,1,-0.1375713755987813,0,0.0,0,0.0
2020-08-18,-0.0007239036158041,1,-0.0054449070225994,0,0.0,0,0.0
2020-08-19,0.0632055320156705,1,0.2831018176880103,0,0.0,0,0.0
2020-08-20,-0.067618792875183,1,-0.3073762631343921,0,0.0,0,0.0
2020-08-21,-0.0410780451711909,1,-0.1875840931314533,0,0.0,0,0.0
2020-08-24,-0.1965998345149252,1,-0.8895346499133785,0,0.0,0,0.0
2020-08-25,0.0085480061044369,1,0.0364040340037291,0,0.0,0,0.0
2020-08-26,0.0522697015594312,1,0.2337427387446509,0,0.0,0,0.0
2020-08-27,0.04822916066044,1,0.2155056804795974,0,0.0,0,0.0
2020-08-28,-0.5198756144285844,0,-2.348646036569029,0,0.0,0,0.0
2020-08-31,0.135370225840284,1,0.608818537023232,0,0.0,0,0.0
2020-09-01,0.1155409940384069,1,0.5193189218077627,0,0.0,0,0.0
2020-09-02,-0.1906946683654834,1,-0.8628815700846165,0,0.0,0,0.0
2020-09-03,0.1028565636544274,1,0.4620675038034553,0,0.0,0,0.0
2020-09-04,0.0149165387976696,1,0.065148527548734,0,0.0,0,0.0
2020-09-08,0.0963319608183546,1,0.4326185846977238,0,0.0,0,0.0
2020-09-09,0.2183524384404112,1,0.9833603332786268,0,0.0,0,0.0
2020-09-10,0.0312437310835286,1,0.1388416207423405,0,0.0,0,0.0
2020-09-11,0.3664447347042133,0,1.6517777316132858,0,0.0,0,-1.0
2020-09-14,-0.1568045655292926,1,-0.7099179457870465,0,0.0,0,0.0
2020-09-15,-0.1294653790590844,1,-0.5865220072133708,0,0.0,0,0.0
2020-09-16,0.0159408682244846,1,0.0697718579162345,0,0.0,0,0.0
2020-09-17,0.1908316483173775,1,0.8591447231608393,0,0.0,0,0.0
2020-09-18,0.3206579662444586,1,1.445118280553769,-1,-0.1984201293670399,-1,-1.0
2020-09-21,-0.002866987222748,1,-0.0151177556791922,0,0.0,0,0.0
2020-09-22,-0.2135981837331514,1,-0.9662570226976538,0,0.0,0,0.0
2020-09-23,0.1148425379299,1,0.5161664268659093,0,0.0,0,0.0
2020-09-24,-0.0806631880444754,1,-0.3662523890496522,0,0.0,0,0.0
2020-09-25,-0.1426667744671655,1,-0.6461067566951273,0,0.0,0,0.0
2020-09-28,0.0363995469162465,1,0.1621124936516177,0,0.0,0,0.0
2020-09-29,0.0828031633774989,1,0.3715560999084751,0,0.0,0,0.0
2020-09-30,-0.03179522103529,1,-0.1456858896822729,0,0.0,0,0.0
2020-10-01,-0.3004146007347518,1,-1.3581045735086448,1,0.0307541237280995,1,1.0
2020-10-02,0.4019751671000005,0,1.8121450146041056,0,0.0,0,-1.0
2020-10-05,0.1707855006278069,1,0.7686660539569623,0,0.0,0,0.0
2020-10-06,0.021069874221821,1,0.0929217241231535,0,0.0,0,0.0
2020-10-07,-0.034850083669897,1,-0.1594740703372371,0,0.0,0,0.0
2020-10-08,-0.1439922493470051,1,-0.6520893127975873,0,0.0,0,0.0
2020-10-09,-0.0085441317028697,1,-0.0407416553627605,0,0.0,0,0.0
2020-10-12,0.105955513001708,1,0.4760546706753252,0,0.0,0,0.0
2020-10-13,-0.0457147765151688,1,-0.2085120683192887,0,0.0,0,0.0
2020-10-14,-0.0709916489425736,1,-0.3225997132016834,0,0.0,0,0.0
2020-10-15,0.1736423734104306,1,0.7815606036459806,0,0.0,0,0.0
2020-10-16,0.047397793554586,1,0.2117532892210673,0,0.0,0,0.0
2020-10-19,-0.0685006592227829,1,-0.3113565836818672,0,0.0,0,0.0
2020-10-20,0.0250784035905932,1,0.1110142977371782,0,0.0,0,0.0
2020-10-21,-0.0119620413817217,1,-0.0561684557630424,0,0.0,0,0.0
2020-10-22,-0.2806584362026633,1,-1.268934748806306,1,-0.1135997442286856,0,1.0
2020-10-23,-0.0225252207143376,1,-0.1038455667659821,0,0.0,0,0.0
2020-10-26,0.3922866462248742,0,1.7684156911994158,0,0.0,0,-1.0
2020-10-27,-0.0861568121374214,1,-0.3910479659721304,0,0.0,0,0.0
2020-10-28,0.4438716851500541,0,2.001245746382974,0,0.0,0,0.0
2020-10-29,-0.2327318342553025,1,-1.0526171185656985,1,0.1180357827172425,1,1.0
2020-10-30,0.1573575583173624,1,0.7080587807187456,0,0.0,0,0.0
2020-11-02,0.2643333547173304,1,1.190896074206796,-1,-0.0143208390413884,-1,-1.0
2020-11-03,-0.0145405586311153,1,-0.0678066424539324,0,0.0,0,0.0
2020-11-04,-0.736848006238337,2,-3.3279550573811534,0,0.0,0,0.0
2020-11-05,-0.1134335948024694,1,-0.5141622437832697,0,0.0,0,0.0
2020-11-06,0.0005857577306179,1,0.0004662743957476,0,0.0,0,0.0
2020-11-09,-1.2999412760821103,2,-5.869487250104193,0,0.0,0,0.0
2020-11-10,0.2964265216649646,1,1.3357491941641293,-1,-0.0418210284165259,-1,-1.0
2020-11-11,0.0721368041866667,1,0.3234132846513001,0,0.0,0,0.0
2020-11-12,0.0911006519400388,1,0.4090069724900229,0,0.0,0,0.0
2020-11-13,-0.3245810881928147,0,-1.4671804746941537,0,0.0,0,1.0
2020-11-16,-0.2200743706734421,1,-0.9954874157361068,0,0.0,0,0.0
2020-11-17,0.0908753261681124,1,0.4079899603290359,0,0.0,0,0.0
2020-11-18,-0.0013498348822312,1,-0.0082700597091121,0,0.0,0,0.0
2020-11-19,-0.0958540866619299,1,-0.434816799139945,0,0.0,0,0.0
2020-11-20,0.0637962185206929,1,0.2857678924729886,0,0.0,0,0.0
2020-11-23,-0.3057819776303422,0,-1.3823303313025632,0,0.0,0,1.0
2020-11-24,-0.2284805537192171,1,-1.033428882936891,1,-0.0249269106081252,0,1.0
2020-11-25,-0.0063887168007848,1,-0.0310131491708049,0,0.0,0,0.0
2020-11-27,-0.0670960365068296,1,-0.3050167923144163,0,0.0,0,0.0
2020-11-30,0.1174415132009755,1,0.5278969512271081,0,0.0,0,0.0
2020-12-01,-0.0701630860282905,1,-0.3188599787151903,0,0.0,0,0.0
2020-12-02,-0.3499869449287152,0,-1.581850292708343,0,0.0,0,1.0
2020-12-03,-0.3524861876807189,0,-1.5931306724461607,0,0.0,0,1.0
2020-12-04,-0.1755553521209752,1,-0.7945499780165608,0,0.0,0,0.0
2020-12-07,0.0229991488343475,1,0.1016295418132848,0,0.0,0,0.0
2020-12-08,0.0085645464529847,1,0.0364786891817686,0,0.0,0,0.0
2020-12-09,0.220962362397098,1,0.995140274740756,0,0.0,0,0.0
2020-12-10,-0.1281247214163114,1,-0.5804709234213854,0,0.0,0,0.0
2020-12-11,0.2654630025434256,1,1.1959947611743331,-1,-0.1234515169345671,-1,-1.0
2020-12-14,-0.1438706733300315,1,-0.6515405771306041,0,0.0,0,0.0
2020-12-15,-0.072545572796571,1,-0.3296133780978564,0,0.0,0,0.0
2020-12-16,0.0220918120492964,1,0.0975342599615073,0,0.0,0,0.0
2020-12-17,0.1180881059808751,1,0.5308153600480003,0,0.0,0,0.0
2020-12-18,0.0116542555392688,1,0.0504241499597289,0,0.0,0,0.0
2020-12-21,0.366000933625195,0,1.6497746269947502,0,0.0,0,-1.0
2020-12-22,0.0514099437990746,1,0.2298622057265667,0,0.0,0,0.0
2020-12-23,-0.1434351591117956,1,-0.6495748754159624,0,0.0,0,0.0
2020-12-24,0.0023386972458004,1,0.0083782002672266,0,0.0,0,0.0
2020-12-28,-0.1666585583652656,1,-0.7543941300370123,0,0.0,0,0.0
2020-12-29,-0.0982486583535623,1,-0.4456247440542141,0,0.0,0,0.0
2020-12-30,-0.0641783608174393,1,-0.2918478075482367,0,0.0,0,0.0
2020-12-31,0.080409383527585,1,0.3607517289868768,0,0.0,0,0.0
2021-01-04,0.1200115047108263,1,0.5394966568302718,0,0.0,0,0.0
2021-01-05,-0.2046262881499504,1,-0.9257622011900524,0,0.0,0,0.0
2021-01-06,0.6052340073573058,2,2.729557659427255,0,0.0,0,0.0
2021-01-07,0.0834047802667816,1,0.3742715091908879,0,0.0,0,0.0
2021-01-08,-0.0672527564168394,1,-0.3057241506116325,0,0.0,0,0.0
2021-01-11,0.2359520667235206,1,1.0627965905684564,-1,-0.0978755997386891,-1,-1.0
2021-01-12,0.1222456602307938,1,0.5495805602999807,0,0.0,0,0.0
2021-01-13,-0.190186100540266,1,-0.8605861395241844,0,0.0,0,0.0
2021-01-14,-0.1001123595356425,1,-0.454036594817742,0,0.0,0,0.0
2021-01-15,0.1307824330418399,1,0.5881114468922781,0,0.0,0,0.0
2021-01-19,-0.1229815955442231,1,-0.5572573268909816,0,0.0,0,0.0
2021-01-20,-0.1605537963013374,1,-0.7268401702486232,0,0.0,0,0.0
2021-01-21,-0.1315199754943803,1,-0.5957954673362513,0,0.0,0,0.0
2021-01-22,0.1868598735457012,1,0.8412180421204833,0,0.0,0,0.0
2021-01-25,0.0686690113179374,1,0.3077613355239094,0,0.0,0,0.0
2021-01-26,-0.0356450152194212,1,-0.1630620090186697,0,0.0,0,0.0
2021-01-27,0.3320452167298795,1,1.4965148523922636,-1,-0.0661504178713356,-1,-1.0
2021-01-28,-0.3019668459002704,1,-1.365110661612413,1,-0.0951728278645979,0,1.0
2021-01-29,0.1645439026628131,1,0.7404944827242471,0,0.0,0,0.0
2021-02-01,-0.051465925767969,1,-0.2344699899531278,0,0.0,0,0.0
2021-02-02,-0.1269207045978648,1,-0.5750365705911501,0,0.0,0,0.0
2021-02-03,-0.1231276246535094,1,-0.5579164320556174,0,0.0,0,0.0
2021-02-04,-0.1122778145774766,1,-0.5089456077358406,0,0.0,0,0.0
2021-02-05,0.0023918966757721,1,0.0086183169071307,0,0.0,0,0.0
2021-02-08,-0.0599506191470623,1,-0.2727658150379001,0,0.0,0,0.0
2021-02-09,0.1303844369758461,1,0.5863150840719926,0,0.0,0,0.0
2021-02-10,-0.0561787195276317,1,-0.2557412743021136,0,0.0,0,0.0
2021-02-11,-0.1976437255483902,1,-0.8942462719648769,0,0.0,0,0.0
2021-02-12,0.0683616105635102,1,0.3063738763669907,0,0.0,0,0.0
2021-02-16,-0.0723919252671519,1,-0.3289198870489236,0,0.0,0,0.0
2021-02-17,0.1332160621237969,1,0.59909567808129,0,0.0,0,0.0
2021-02-18,-0.0533061532611742,1,-0.2427758917750632,0,0.0,0,0.0
2021-02-19,-0.0619981403868035,1,-0.282007341130958,0,0.0,0,0.0
2021-02-22,0.0304644499044418,1,0.1353243203058038,0,0.0,0,0.0
2021-02-23,-0.1618797180940714,1,-0.73282474350094,0,0.0,0,0.0
2021-02-24,-0.1606242024782368,1,-0.7271579498683407,0,0.0,0,0.0
2021-02-25,0.599250400339941,2,2.7025505352478887,0,0.0,0,0.0
2021-02-26,-0.4074718844751013,0,-1.841309661658735,0,0.0,0,1.0
2021-03-01,0.0374126245481336,1,0.1666850388285171,0,0.0,0,0.0
2021-03-02,0.1036750968899492,1,0.4657619691439302,0,0.0,0,0.0
2021-03-03,0.1242121494988468,1,0.5584563470462647,0,0.0,0,0.0
2021-03-04,0.0583531755796078,1,0.2612006145423187,0,0.0,0,0.0
2021-03-05,0.0309333894096346,1,0.1374408876894237,0,0.0,0,0.0
2021-03-08,0.3015382571989545,1,1.3588211098059664,-1,-0.0096873707666306,-1,-1.0
2021-03-09,-0.4023051749263506,0,-1.8179896197547665,0,0.0,0,1.0
2021-03-10,0.2078196744840144,1,0.935820502655252,0,0.0,0,0.0
2021-03-11,-0.1963718764967638,1,-0.8885057570589009,0,0.0,0,0.0
2021-03-12,0.1092370561027661,1,0.4908659779308022,0,0.0,0,0.0
2021-03-15,-0.3393575253630342,0,-1.5338742051524867,0,0.0,0,1.0
2021-03-16,-0.0875510769800209,1,-0.3973410068810224,0,0.0,0,0.0
2021-03-17,-0.1812752785156678,1,-0.8203669746859594,0,0.0,0,0.0
2021-03-18,0.6827323814085404,2,3.079348045999538,0,0.0,0,0.0
2021-03-19,-0.3039247896281119,1,-1.3739478779002754,1,-0.0182940127810472,0,1.0
2021-03-22,-0.0293692402668409,1,-0.1347361793018753,0,0.0,0,0.0
2021-03-23,0.3559978191261209,0,1.6046253792796337,0,0.0,0,-1.0
2021-03-24,0.2100626040811719,1,0.9459440080893852,0,0.0,0,0.0
2021-03-25,-0.0111840676357721,1,-0.0526570564508594,0,0.0,0,0.0
2021-03-26,0.0304127533314868,1,0.1350909868396537,0,0.0,0,0.0
2021-03-29,0.0371017612412704,1,0.1652819513752635,0,0.0,0,0.0
2021-03-30,-0.0339917015644636,1,-0.155599746363836,0,0.0,0,0.0
2021-03-31,-0.2169557463507834,1,-0.9814114454883268,0,0.0,0,0.0
2021-04-01,-0.0628946099822758,1,-0.2860535737156988,0,0.0,0,0.0
2021-04-05,-0.1493492934502411,1,-0.6762684333365149,0,0.0,0,0.0
2021-04-06,-0.0877244872277932,1,-0.398123697335454,0,0.0,0,0.0
2021-04-07,-0.037607925229514,1,-0.1719216407160141,0,0.0,0,0.0
2021-04-08,-0.0710983919302895,1,-0.323081499708744,0,0.0,0,0.0
2021-04-09,0.2334742317167975,1,1.0516128350964902,-1,-0.0867474881821686,-1,-1.0
2021-04-12,0.2764519868417271,1,1.2455937509957,-1,-0.3238652974046731,-1,-1.0
2021-04-13,-0.1038022809419074,1,-0.4706911253278332,0,0.0,0,0.0
2021-04-14,0.0433942412403682,1,0.1936831796375191,0,0.0,0,0.0
2021-04-15,-0.0292446370514699,1,-0.1341737803172983,0,0.0,0,0.0
2021-04-16,0.0912734633014424,1,0.409786959859429,0,0.0,0,0.0
2021-04-19,0.2654134209594309,1,1.1957709737511173,-1,0.1271863161459531,0,-1.0
2021-04-20,0.1367632174347641,1,0.6151058311024988,0,0.0,0,0.0
2021-04-21,-0.2012290517589451,1,-0.910428710068012,0,0.0,0,0.0
2021-04-22,0.1981593542569237,1,0.8922184634123104,0,0.0,0,0.0
2021-04-23,0.1467267435346289,1,0.6600763958241623,0,0.0,0,0.0
2021-04-26,-0.1210208668505322,1,-0.5484075406067417,0,0.0,0,0.0
2021-04-27,0.2107903692740528,1,0.9492287901415007,0,0.0,0,0.0
2021-04-28,0.0205676990022662,1,0.0906551467100719,0,0.0,0,0.0
2021-04-29,0.1150393250677949,1,0.5170546293589217,0,0.0,0,0.0
2021-04-30,0.0987160389964953,1,0.4433791669390893,0,0.0,0,0.0
2021-05-03,0.1699560347136845,1,0.7649222437635047,0,0.0,0,0.0
2021-05-04,0.5415712407097037,2,2.4422145502517787,0,0.0,0,0.0
2021-05-05,0.1522976780238835,1,0.6852209146920936,0,0.0,0,0.0
2021-05-06,0.1232313450587465,1,0.5540294675348612,0,0.0,0,0.0
2021-05-07,-0.209842686167877,1,-0.9493065129455373,0,0.0,0,0.0
2021-05-10,0.4508778396113455,0,2.032868157916151,0,0.0,0,0.0
2021-05-11,-0.1075882222391662,1,-0.4877790434438007,0,0.0,0,0.0
2021-05-12,0.2789172155341415,1,1.256720607628055,-1,-0.0119597591166381,-1,-1.0
2021-05-13,0.1807330680895953,1,0.8135645890618726,0,0.0,0,0.0
2021-05-14,-0.3828597120080111,0,-1.7302221527007322,0,0.0,0,1.0
2021-05-17,0.0483488030693074,1,0.2160456887695843,0,0.0,0,0.0
2021-05-18,-0.2246334171550749,1,-1.0160647588189058,1,0.1712722395806631,1,1.0
2021-05-19,-0.1424197188102671,1,-0.6449916662846594,0,0.0,0,0.0
2021-05-20,-0.2208777630251908,1,-0.9991135424094432,0,0.0,0,0.0
2021-05-21,0.1785489266880641,1,0.8037064252678162,0,0.0,0,0.0
2021-05-24,-0.338939758934036,0,-1.531988608422424,0,0.0,0,1.0
2021-05-25,-0.1479025653965253,1,-0.6697385987255373,0,0.0,0,0.0
2021-05-26,-0.0788566769265166,1,-0.3580986667292306,0,0.0,0,0.0
2021-05-27,0.1577670741078945,1,0.7099071380350291,0,0.0,0,0.0
2021-05-28,0.0693214384752886,1,0.3107060779184952,0,0.0,0,0.0
2021-06-01,-0.0638968242600316,1,-0.2905770869369271,0,0.0,0,0.0
2021-06-02,0.0256340996435488,1,0.11352244245066,0,0.0,0,0.0
2021-06-03,0.3140004598134434,1,1.4150694985422554,-1,0.0933869168087157,0,-1.0
2021-06-04,-0.1158294646515842,1,-0.524976047956048,0,0.0,0,0.0
2021-06-07,-0.1399460244546516,1,-0.6338265997202901,0,0.0,0,0.0
2021-06-08,0.0810905286668399,1,0.3638260905394726,0,0.0,0,0.0
2021-06-09,-0.0510745207883174,1,-0.2327033761265184,0,0.0,0,0.0
2021-06-10,-0.1292010304920627,1,-0.5853288649238665,0,0.0,0,0.0
2021-06-11,0.0119056140158632,1,0.0515586612288048,0,0.0,0,0.0
2021-06-14,-0.1104007310984875,1,-0.5004733557204631,0,0.0,0,0.0
2021-06-15,0.1790464193628504,1,0.8059518679259466,0,0.0,0,0.0
2021-06-16,0.1041720176588014,1,0.4680048304937399,0,0.0,0,0.0
2021-06-17,-0.4036188633118124,0,-1.82391897729048,0,0.0,0,1.0
2021-06-18,0.0761233965813884,1,0.3414068453153464,0,0.0,0,0.0
2021-06-21,0.1164509469933684,1,0.5234260117922334,0,0.0,0,0.0
2021-06-22,0.028108918434266,1,0.1246925841742659,0,0.0,0,0.0
2021-06-23,0.0370271649503175,1,0.1649452595960009,0,0.0,0,0.0
2021-06-24,0.0147639983085909,1,0.0644600331474516,0,0.0,0,0.0
2021-06-25,0.11976652731069,1,0.5383909466712626,0,0.0,0,0.0
2021-06-28,0.086302821327525,1,0.3873518726868963,0,0.0,0,0.0
2021-06-29,0.0693683325301319,1,0.3109177351277254,0,0.0,0,0.0
2021-06-30,-0.0975500670586789,1,-0.4424716389460766,0,0.0,0,0.0
2021-07-01,0.0711938397234953,1,0.3191571965961033,0,0.0,0,0.0
2021-07-02,-0.0688126592469426,1,-0.3127648017302772,0,0.0,0,0.0
2021-07-06,0.0105800177723442,1,0.0455755573490675,0,0.0,0,0.0
2021-07-07,0.4252072991628262,0,1.9170036849264245,0,0.0,0,0.0
2021-07-08,-0.1537169503180047,1,-0.6959819357537408,0,0.0,0,0.0
2021-07-09,0.0867788825726375,1,0.3895005841792162,0,0.0,0,0.0
2021-07-12,0.0896993270266727,1,0.4026820658173279,0,0.0,0,0.0
2021-07-13,0.0174251620304611,1,0.0764712462651579,0,0.0,0,0.0
2021-07-14,-0.0309877772356209,1,-0.1420414767216225,0,0.0,0,0.0
2021-07-15,0.3492717481597821,0,1.5742671299327138,0,0.0,0,-1.0
2021-07-16,0.1852487159342634,1,0.8339460515705766,0,0.0,0,0.0
2021-07-19,0.0765959171398743,1,0.343539575851175,0,0.0,0,0.0
2021-07-20,-0.1392365398950528,1,-0.630624327654491,0,0.0,0,0.0
2021-07-21,-0.3426523913109089,0,-1.5487456453306898,0,0.0,0,1.0
2021-07-22,0.0227079605874517,1,0.1003152581177369,0,0.0,0,0.0
2021-07-23,0.0243126017746364,1,0.1075578366627278,0,0.0,0,0.0
2021-07-26,-0.1226988326205644,1,-0.5559810710522526,0,0.0,0,0.0
2021-07-27,0.1422496871772738,1,0.6398691167280897,0,0.0,0,0.0
2021-07-28,-0.1230431297143259,1,-0.557535062539131,0,0.0,0,0.0
2021-07-29,0.036307204127972,1,0.161695702718864,0,0.0,0,0.0
2021-07-30,0.1233993548972692,1,0.5547877831393401,0,0.0,0,0.0
2021-08-02,-0.0364221280404219,1,-0.166569522529707,0,0.0,0,0.0
2021-08-03,0.2965164796149923,1,1.3361552210840573,-1,-0.0045911549060411,-1,-1.0
2021-08-04,0.1585352615801006,1,0.7133743668143747,0,0.0,0,0.0
2021-08-05,-0.1052570798042926,1,-0.4772573876873789,0,0.0,0,0.0
2021-08-06,0.1944876084772323,1,0.8756459689387576,0,0.0,0,0.0
2021-08-09,0.1972328562729712,1,0.8880366971245307,0,0.0,0,0.0
2021-08-10,0.0928347625285292,1,0.4168339136424419,0,0.0,0,0.0
2021-08-11,0.2027589286538481,1,0.9129787300122848,0,0.0,0,0.0
2021-08-12,0.2355605666902668,1,1.0610295477156042,-1,-0.0529231923510796,-1,-1.0
2021-08-13,-0.0316237393566877,1,-0.144911903861503,0,0.0,0,0.0
2021-08-16,0.1594983175765514,1,0.7177211383874993,0,0.0,0,0.0
2021-08-17,0.0784316585065388,1,0.3518252294555694,0,0.0,0,0.0
2021-08-18,-0.0866404385037351,1,-0.3932308227830047,0,0.0,0,0.0
2021-08-19,0.0859606971016114,1,0.3858076884804128,0,0.0,0,0.0
2021-08-20,0.0299340981009246,1,0.1329305673446266,0,0.0,0,0.0
2021-08-23,-0.3000516797059285,1,-1.3564665225363317,1,-0.0447821433070103,0,1.0
2021-08-24,-0.2005257160759069,1,-0.9072541910736216,0,0.0,0,0.0
2021-08-25,0.0879020492189431,1,0.394570018218395,0,0.0,0,0.0
2021-08-26,0.1792306548463134,1,0.8067834182877416,0,0.0,0,0.0
2021-08-27,-0.1116096056993988,1,-0.5059296342443279,0,0.0,0,0.0
2021-08-30,0.1342514552651796,1,0.6037689447351056,0,0.0,0,0.0
2021-08-31,-0.0639472223069484,1,-0.2908045594810849,0,0.0,0,0.0
2021-09-01,0.0577138745219417,1,0.2583151170485356,0,0.0,0,0.0
2021-09-02,0.1539201422113162,1,0.6925439376879897,0,0.0,0,0.0
2021-09-03,0.0819623058848164,1,0.3677608736083314,0,0.0,0,0.0
2021-09-07,-0.2605143903575497,1,-1.1780142144137544,1,-0.0021921992235889,0,1.0
2021-09-08,0.1668094037903721,1,0.7507198651905284,0,0.0,0,0.0
2021-09-09,-0.2136968647592468,1,-0.9667024213874692,0,0.0,0,0.0
2021-09-10,0.0718344681482388,1,0.3220486851864584,0,0.0,0,0.0
2021-09-13,-0.3536007251325165,0,-1.5981611584516586,0,0.0,0,1.0
2021-09-14,-0.0300800412484852,1,-0.1379443930636371,0,0.0,0,0.0
2021-09-15,0.1275732779182808,1,0.5736268641512514,0,0.0,0,0.0
2021-09-16,-0.1309663980593966,1,-0.5932968850453166,0,0.0,0,0.0
2021-09-17,-0.0568952425879708,1,-0.2589753147749919,0,0.0,0,0.0
2021-09-20,-0.0405723914566816,1,-0.1853018154651762,0,0.0,0,0.0
2021-09-21,0.059952168195725,1,0.2684176981542676,0,0.0,0,0.0
2021-09-22,-0.1192252027901671,1,-0.5403027766872583,0,0.0,0,0.0
2021-09-23,-0.0259500732547106,1,-0.1193037039039067,0,0.0,0,0.0
2021-09-24,-0.0451211946813757,1,-0.2058329254127871,0,0.0,0,0.0
2021-09-27,-0.0802452196674472,1,-0.3643658808233114,0,0.0,0,0.0
2021-09-28,0.0346669645990525,1,0.1542924503807878,0,0.0,0,0.0
2021-09-29,0.1571533107007411,1,0.7071369052129808,0,0.0,0,0.0
2021-09-30,-0.1116224576469695,1,-0.5059876417543433,0,0.0,0,0.0
2021-10-01,-0.2114659117706597,1,-0.9566329726041108,0,0.0,0,0.0
2021-10-04,0.0740143500485879,1,0.3318876236408437,0,0.0,0,0.0
2021-10-05,0.2436453572320919,1,1.097520403731646,-1,-0.0457555370201771,-1,-1.0
2021-10-06,0.0293526261082171,1,0.1303060824363928,0,0.0,0,0.0
2021-10-07,0.0433211744879176,1,0.1933533914594036,0,0.0,0,0.0
2021-10-08,0.0693741371323712,1,0.3109439343104317,0,0.0,0,0.0
2021-10-11,0.0245006432978979,1,0.1084065656576072,0,0.0,0,0.0
2021-10-12,0.0492887170799778,1,0.2202880085493481,0,0.0,0,0.0
2021-10-13,0.0520552645746703,1,0.2327748733318186,0,0.0,0,0.0
2021-10-14,0.0780551454726699,1,0.3501258307097394,0,0.0,0,0.0
2021-10-15,0.0538516647589162,1,0.240882959760451,0,0.0,0,0.0
2021-10-18,0.2168584711791762,1,0.976617283605246,0,0.0,0,0.0
2021-10-19,0.2217018314815025,1,0.998477882530064,0,0.0,0,0.0
2021-10-20,0.2341076572103153,1,1.0544718131196398,-1,0.1083112765766218,0,-1.0
2021-10-21,-0.0315480202056921,1,-0.1445701440320628,0,0.0,0,0.0
2021-10-22,0.4054372748615849,0,1.827771303892174,0,0.0,0,-1.0
2021-10-25,0.0339222297813178,1,0.1509310756038532,0,0.0,0,0.0
2021-10-26,-0.0681035395780744,1,-0.309564176605737,0,0.0,0,0.0
2021-10-27,-0.246217714047005,1,-1.1134858937284953,1,0.0125156389873091,1,1.0
2021-10-28,0.1937905583909815,1,0.8724998201051227,0,0.0,0,0.0
2021-10-29,0.1387724776525795,1,0.6241746653447414,0,0.0,0,0.0
2021-11-01,-0.4390333793538991,0,-1.98376306961224,0,0.0,0,0.0
2021-11-02,0.1473906756599239,1,0.6630730661105763,0,0.0,0,0.0
2021-11-03,-0.2991561099902904,1,-1.352424351576353,1,1.214486153399789e-05,1,1.0
2021-11-04,-0.2852159833787485,1,-1.2895053247449746,1,0.0856971087920379,1,1.0
2021-11-05,-0.8322930991745984,2,-3.758748301282385,0,0.0,0,0.0
2021-11-08,0.3581223346060094,0,1.6142144203412916,0,0.0,0,-1.0
2021-11-09,-0.0056570502163212,1,-0.0277107581135116,0,0.0,0,0.0
2021-11-10,0.2217886271969562,1,0.9988696366440444,0,0.0,0,0.0
2021-11-11,0.1319944991111362,1,0.5935821301694524,0,0.0,0,0.0
2021-11-12,0.1821725726441954,1,0.8200618202720814,0,0.0,0,0.0
2021-11-15,-0.0774319168223809,1,-0.351667984876874,0,0.0,0,0.0
2021-11-16,0.1774251983286327,1,0.7986344559257511,0,0.0,0,0.0
2021-11-17,-0.101628072464491,1,-0.460877793975856,0,0.0,0,0.0
2021-11-18,0.0528771505418912,1,0.2364844712906413,0,0.0,0,0.0
2021-11-19,0.1941868197023412,1,0.8742883530773436,0,0.0,0,0.0
2021-11-22,0.1646999227127986,1,0.7411986821899206,0,0.0,0,0.0
2021-11-23,0.0546545834639558,1,0.2445069486203497,0,0.0,0,0.0
2021-11-24,-0.0153090702903595,1,-0.0712753344576462,0,0.0,0,0.0
2021-11-26,0.4621996666535219,0,2.083969439798133,0,0.0,0,0.0
2021-11-29,-0.1751422489983231,1,-0.7926854292084633,0,0.0,0,0.0
2021-11-30,-0.0789633027518399,1,-0.3585799244216017,0,0.0,0,0.0
2021-12-01,0.0737042420742336,1,0.3304879453952483,0,0.0,0,0.0
2021-12-02,0.0068190655882733,1,0.0286004280711771,0,0.0,0,0.0
2021-12-03,-0.0988244469112555,1,-0.4482235766703182,0,0.0,0,0.0
2021-12-06,-0.4048191045161243,0,-1.8293362888144435,0,0.0,0,1.0
2021-12-07,-0.1465977073519503,1,-0.6638490971015149,0,0.0,0,0.0
2021-12-08,-0.1385437499053032,1,-0.627497406847511,0,0.0,0,0.0
2021-12-09,0.0165602888116868,1,0.0725676245281255,0,0.0,0,0.0
2021-12-10,-0.1011247262419339,1,-0.4586059312184316,0,0.0,0,0.0
2021-12-13,0.3209721152142513,1,1.446536197909202,-1,-0.0349641087881408,-1,-1.0
2021-12-14,-0.0030975614714428,1,-0.0161584569399856,0,0.0,0,0.0
2021-12-15,-0.0098410071216927,1,-0.0465951272534907,0,0.0,0,0.0
2021-12-16,0.4322293445596297,0,1.948697820499542,0,0.0,0,0.0
2021-12-17,-0.4939674161362199,0,-2.2317088903769515,0,0.0,0,0.0
2021-12-20,-0.2179488355228109,1,-0.9858937723711412,0,0.0,0,0.0
2021-12-21,-0.4539877218807259,0,-2.051259779284302,0,0.0,0,0.0
2021-12-22,-0.060564885297202,1,-0.2755383169999874,0,0.0,0,0.0
2021-12-23,-0.0568624381577936,1,-0.258827251354908,0,0.0,0,0.0
2021-12-27,0.150090366292372,1,0.6752581711725907,0,0.0,0,0.0
2021-12-28,0.0508838620182447,1,0.227487725594074,0,0.0,0,0.0
2021-12-29,0.0083650431492794,1,0.0355782272226647,0,0.0,0,0.0
2021-12-30,-0.0112226606246897,1,-0.0528312466410115,0,0.0,0,0.0
2021-12-31,0.0690338818338157,1,0.3094081855431567,0,0.0,0,0.0
2022-01-03,-0.5368072675311315,0,-2.425067375165531,0,0.0,0,0.0
2022-01-04,0.1897081919607709,1,0.854073981508702,0,0.0,0,0.0
2022-01-05,-0.0410089182564024,1,-0.1872720874856257,0,0.0,0,0.0
2022-01-06,0.2961584500890308,1,1.3345392480030278,-1,-0.0024185073626777,-1,-1.0
2022-01-07,0.0447635367313529,1,0.1998635209025705,0,0.0,0,0.0
2022-01-10,-0.0015378299177554,1,-0.0091185788807038,0,0.0,0,0.0
2022-01-11,-0.142688509379002,1,-0.6462048576334561,0,0.0,0,0.0
2022-01-12,0.0436602613863386,1,0.1948838666304296,0,0.0,0,0.0
2022-01-13,-0.1611727816963926,1,-0.7296339726124743,0,0.0,0,0.0
2022-01-14,-0.4686562206223289,0,-2.117466327590313,0,0.0,0,0.0
2022-01-18,0.2189088584297229,1,0.9858717454926332,0,0.0,0,0.0
2022-01-19,0.0257009649156814,1,0.113824240129306,0,0.0,0,0.0
2022-01-20,-0.0528468664375939,1,-0.2407028919536542,0,0.0,0,0.0
2022-01-21,-0.0168921732992763,1,-0.078420700025015,0,0.0,0,0.0
2022-01-24,0.1234504693762059,1,0.555018489313058,0,0.0,0,0.0
2022-01-25,-0.0062001811995955,1,-0.0301621901457928,0,0.0,0,0.0
2022-01-26,-0.231678964118793,1,-1.0478649691616786,1,-0.0201443529155541,0,1.0
2022-01-27,0.2527371267931854,1,1.1385562787204369,-1,-0.0045495513009583,-1,-1.0
2022-01-28,0.0095012087706454,1,0.0407063323832325,0,0.0,0,0.0
2022-01-31,-0.2666229009580512,1,-1.205585093293326,1,0.1710552168234577,1,1.0
2022-02-01,0.0579578954201594,1,0.259416510017927,0,0.0,0,0.0
2022-02-02,0.003633187893845,1,0.0142209084496508,0,0.0,0,0.0
2022-02-03,0.1642289001315338,1,0.7390727128027955,0,0.0,0,0.0
2022-02-04,0.0513109394940934,1,0.2294153479113456,0,0.0,0,0.0
2022-02-07,-0.2899648903889265,1,-1.310939606937628,1,0.4674208015283571,1,1.0
2022-02-08,-0.2724359242085911,1,-1.231822284393823,1,0.1322793681679219,1,1.0
2022-02-09,-0.1431817144556305,1,-0.6484309481356808,0,0.0,0,0.0
2022-02-10,-0.0574616578791815,1,-0.2615318409743941,0,0.0,0,0.0
2022-02-11,0.0748426656108685,1,0.3356262416993647,0,0.0,0,0.0
2022-02-14,-0.1099012146562669,1,-0.4982187787494929,0,0.0,0,0.0
2022-02-15,-0.4437576728031114,0,-2.0050862580289204,0,0.0,0,0.0
2022-02-16,-0.1683304571610697,1,-0.7619402770788514,0,0.0,0,0.0
2022-02-17,-0.1039129251800679,1,-0.4711905202030411,0,0.0,0,0.0
2022-02-18,0.1178108279157582,1,0.5295638602227121,0,0.0,0,0.0
2022-02-22,0.0870542125796991,1,0.3907432914073878,0,0.0,0,0.0
2022-02-23,-0.0262165159361915,1,-0.120506298018887,0,0.0,0,0.0
2022-02-24,-0.0832607665378221,1,-0.3779766090279821,0,0.0,0,0.0
2022-02-25,0.0865285175156411,1,0.3883705567284072,0,0.0,0,0.0
2022-02-28,-0.0375995668918068,1,-0.17188391519966,0,0.0,0,0.0
2022-03-01,0.0944642133640658,1,0.424188471007556,0,0.0,0,0.0
2022-03-02,-0.0162937230042683,1,-0.0757195832261417,0,0.0,0,0.0
2022-03-03,0.3873690109289294,0,1.7462198506769702,0,0.0,0,-1.0
2022-03-04,0.2756886400115171,1,1.242148370546152,-1,-0.0771802561111487,-1,-1.0
2022-03-07,0.5985574157303144,2,2.699422736020389,0,0.0,0,0.0
2022-03-08,-0.4591194279503192,0,-2.0744218323187527,0,0.0,0,0.0
2022-03-09,-0.0188247453270666,1,-0.0871434006617102,0,0.0,0,0.0
2022-03-10,-0.1022336034179751,1,-0.4636108694615516,0,0.0,0,0.0
2022-03-11,0.1606456134509585,1,0.7228994801570484,0,0.0,0,0.0
2022-03-14,0.6434150065314813,2,2.901888326029648,0,0.0,0,0.0
2022-03-15,-0.3749847980212633,0,-1.694678578511331,0,0.0,0,1.0
2022-03-16,-0.2102990630701884,1,-0.9513663787819048,0,0.0,0,0.0
2022-03-17,0.1336685109887256,1,0.6011378146461551,0,0.0,0,0.0
2022-03-18,-0.0824036387732527,1,-0.3741079465459493,0,0.0,0,0.0
2022-03-21,0.0357707134519,1,0.1592742418395481,0,0.0,0,0.0
2022-03-22,-0.0151871331561763,1,-0.0707249688812631,0,0.0,0,0.0
2022-03-23,-0.1034524754433521,1,-0.4691122715510573,0,0.0,0,0.0
2022-03-24,-0.4735373757425282,0,-2.139497514145079,0,0.0,0,0.0
2022-03-25,0.084762474357039,1,0.3803994873129071,0,0.0,0,0.0
2022-03-28,-0.0192336272492555,1,-0.0889888970011602,0,0.0,0,0.0
2022-03-29,-0.2011888847409434,1,-0.910247415467625,0,0.0,0,0.0
2022-03-30,0.0460134208743792,1,0.2055048967754462,0,0.0,0,0.0
2022-03-31,-0.3300524241829674,0,-1.4918754538403884,0,0.0,0,1.0
2022-04-01,-0.0446380180128158,1,-0.2036520983212855,0,0.0,0,0.0
2022-04-04,-0.1672942315842233,1,-0.757263253211724,0,0.0,0,0.0
2022-04-05,0.3804606335601219,0,1.7150387579120456,0,0.0,0,-1.0
2022-04-06,0.1894338706500729,1,0.8528358270507691,0,0.0,0,0.0
2022-04-07,-0.0106215758442312,1,-0.0501182390419063,0,0.0,0,0.0
2022-04-08,0.2124050661428945,1,0.9565167551970748,0,0.0,0,0.0
2022-04-11,-0.0403244554031126,1,-0.1841827513675764,0,0.0,0,0.0
2022-04-12,-0.4054053057278608,0,-1.8319821191427923,0,0.0,0,1.0
2022-04-13,-0.3523838348611129,0,-1.5926687010464375,0,0.0,0,1.0
2022-04-14,-0.0886800264836707,1,-0.4024365419569092,0,0.0,0,0.0
2022-04-18,-0.162211175164963,1,-0.7343207813001671,0,0.0,0,0.0
2022-04-19,-0.0574742180844969,1,-0.2615885317001864,0,0.0,0,0.0
2022-04-20,0.2208875639222863,1,0.994802670400798,0,0.0,0,0.0
2022-04-21,0.051983789008311,1,0.2324522670024165,0,0.0,0,0.0
2022-04-22,-0.0241868777096434,1,-0.1113454872463049,0,0.0,0,0.0
2022-04-25,-0.2488365485098544,1,-1.1253060529298138,1,0.0395466578653553,1,1.0
2022-04-26,0.1279730565573571,1,0.5754312726490785,0,0.0,0,0.0
2022-04-27,0.0119867501492122,1,0.0519248707112176,0,0.0,0,0.0
2022-04-28,-0.2728047794141182,1,-1.2334871193856538,1,-0.0192257370881585,0,1.0
2022-04-29,-0.0811297412732297,1,-0.3683581859291402,0,0.0,0,0.0
2022-05-02,-0.1940786535619126,1,-0.8781552516876824,0,0.0,0,0.0
2022-05-03,0.2981255889262351,1,1.3434179665920414,-1,-0.031370086093692,-1,-1.0
2022-05-04,-0.0383665534420682,1,-0.1753457235949473,0,0.0,0,0.0
2022-05-05,0.1026271496174211,1,0.4610320391802042,0,0.0,0,0.0
2022-05-06,-0.0751192830447975,1,-0.3412298682974705,0,0.0,0,0.0
2022-05-09,0.4114841889026033,0,1.85506416552794,0,0.0,0,-1.0
2022-05-10,-0.496344564493657,0,-2.242438194740652,0,0.0,0,0.0
2022-05-11,0.0591622068011243,1,0.2648521923616963,0,0.0,0,0.0
2022-05-12,0.2688375308645345,1,1.211225758990616,-1,-0.1326164075607623,-1,-1.0
2022-05-13,-0.5282935475174177,0,-2.386640537812836,0,0.0,0,0.0
2022-05-16,0.015950515643499,1,0.0698154017256081,0,0.0,0,0.0
2022-05-17,-0.1322263135449819,1,-0.5989835375737933,0,0.0,0,0.0
2022-05-18,0.2598208607351098,1,1.1705288467162869,-1,0.0041777397180066,0,-1.0
2022-05-19,0.0814856089000023,1,0.3656092926927664,0,0.0,0,0.0
2022-05-20,0.2710397403250387,1,1.2211654733127983,-1,-0.0280570613003741,-1,-1.0
2022-05-23,0.2310521213090427,1,1.040680593662764,-1,-0.0010800710416193,-1,-1.0
2022-05-24,0.3053690978139936,1,1.3761116818474577,-1,-0.0564219312661826,-1,-1.0
2022-05-25,-0.331939022563323,0,-1.5003906515442134,0,0.0,0,1.0
2022-05-26,-0.1951020045541645,1,-0.8827741658721562,0,0.0,0,0.0
2022-05-27,0.0168786204382098,1,0.0740044203843334,0,0.0,0,0.0
2022-05-31,-0.1178939610075202,1,-0.5342941915591964,0,0.0,0,0.0
2022-06-01,0.0123133216607076,1,0.0533988574451064,0,0.0,0,0.0
2022-06-02,0.0080395734494613,1,0.0341092135367562,0,0.0,0,0.0
2022-06-03,0.1734463261348193,1,0.7806757405354697,0,0.0,0,0.0
2022-06-06,-0.0674315888139714,1,-0.3065313140404171,0,0.0,0,0.0
2022-06-07,0.0089449197397107,1,0.0381955112523541,0,0.0,0,0.0
2022-06-08,-0.1482083929547399,1,-0.6711189572314027,0,0.0,0,0.0
2022-06-09,0.2087415413253464,1,0.9399813661926534,0,0.0,0,0.0
2022-06-10,-0.0655978092696731,1,-0.298254515158619,0,0.0,0,0.0
2022-06-13,0.5988631162267157,2,2.700802521030341,0,0.0,0,0.0
2022-06-14,0.0147204206600201,1,0.0642633446010645,0,0.0,0,0.0
2022-06-15,-0.1090318587803447,1,-0.4942949244540894,0,0.0,0,0.0
2022-06-16,0.4149866361453893,0,1.870872527832332,0,0.0,0,-1.0
2022-06-17,-0.2199530322793981,1,-0.99493975258474,0,0.0,0,0.0
2022-06-21,0.0164219222713808,1,0.0719431045144499,0,0.0,0,0.0
2022-06-22,0.2241426303922342,1,1.0094944748777386,-1,-0.0794423170694317,-1,-1.0
2022-06-23,0.1641694625979475,1,0.7388044403634756,0,0.0,0,0.0
2022-06-24,-0.1683365348416801,1,-0.7619677088059835,0,0.0,0,0.0
2022-06-27,-0.0393000591654594,1,-0.1795591194480857,0,0.0,0,0.0
2022-06-28,0.0074444306552465,1,0.0314230252056762,0,0.0,0,0.0
2022-06-29,0.1495961971652176,1,0.6730277294099655,0,0.0,0,0.0
2022-06-30,0.2181591258299604,1,0.982487813131376,0,0.0,0,0.0
2022-07-01,0.2012857850735633,1,0.9063296684192812,0,0.0,0,0.0
2022-07-05,-0.0302515501140303,1,-0.1387185015931907,0,0.0,0,0.0
2022-07-06,0.2333217361030285,1,1.0509245432407723,-1,0.0147687622457468,0,-1.0
2022-07-07,-0.2463353796488635,1,-1.1140169796624164,1,0.0145983323749492,1,1.0
2022-07-08,-0.1591381468132245,1,-0.7204506093351196,0,0.0,0,0.0
2022-07-11,0.2621305554888924,1,1.1809536979558173,-1,0.125018933757758,0,-1.0
2022-07-12,-0.4151695289305617,0,-1.876053126444092,0,0.0,0,1.0
2022-07-13,-0.2527677400484657,1,-1.1430495607751714,1,0.0894112590518136,1,1.0
2022-07-14,-0.2837316500222204,1,-1.2828057578838834,1,0.0933039994324911,1,1.0
2022-07-15,0.1672361242626781,1,0.7526458761655138,0,0.0,0,0.0
2022-07-18,-0.1861799048260773,1,-0.8425040989045468,0,0.0,0,0.0
2022-07-19,0.0025738369010419,1,0.0094395075773777,0,0.0,0,0.0
2022-07-20,-0.1147096824667926,1,-0.5199218897483406,0,0.0,0,0.0
2022-07-21,0.3279780467172579,1,1.4781576031159165,-1,-0.0088040258050387,-1,-1.0
2022-07-22,0.1492505853399335,1,0.671467803857332,0,0.0,0,0.0
2022-07-25,0.0051153240200313,1,0.0209105580697669,0,0.0,0,0.0
2022-07-26,0.0786936487146207,1,0.3530077272471039,0,0.0,0,0.0
2022-07-27,-0.3264087941773328,0,-1.475429860448265,0,0.0,0,1.0
2022-07-28,0.151860825969186,1,0.6832491746271147,0,0.0,0,0.0
2022-07-29,0.2937508925697885,1,1.3236726913086376,-1,-0.0921703098106099,-1,-1.0
2022-08-01,-0.2065835263391232,1,-0.9345962330157032,0,0.0,0,0.0
2022-08-02,-0.2431837499010123,1,-1.0997920387997246,1,-0.1262170603014658,0,1.0
2022-08-03,-0.1912462952378678,1,-0.8653713484741276,0,0.0,0,0.0
2022-08-04,0.0309006395564532,1,0.1372930706036494,0,0.0,0,0.0
2022-08-05,0.2586549001096865,1,1.1652662612377165,-1,-0.1078630248761292,-1,-1.0
2022-08-08,0.0579389968694702,1,0.2593312110496306,0,0.0,0,0.0
2022-08-09,0.2472720488760953,1,1.113889545506101,-1,0.027977042734185,0,-1.0
2022-08-10,0.0439398742874115,1,0.1961459047822521,0,0.0,0,0.0
2022-08-11,0.0488451415199676,1,0.2182859218151489,0,0.0,0,0.0
2022-08-12,-0.0652360413742789,1,-0.2966216688759896,0,0.0,0,0.0
2022-08-15,-0.0333538145225943,1,-0.1527206310572699,0,0.0,0,0.0
2022-08-16,0.0329563076461028,1,0.1465713676588558,0,0.0,0,0.0
2022-08-17,0.2606521079096638,1,1.1742806966626118,-1,-0.1445722545952097,-1,-1.0
2022-08-18,-0.1949007781991951,1,-0.8818659268883715,0,0.0,0,0.0
2022-08-19,-0.0006430778202983,1,-0.0050800982559497,0,0.0,0,0.0
2022-08-22,0.1129501077567973,1,0.507624907254504,0,0.0,0,0.0
2022-08-23,-0.225442317258622,1,-1.0197157448348324,1,-0.0467909216277964,0,1.0
2022-08-24,-0.0904766751222826,1,-0.4105457497890521,0,0.0,0,0.0
2022-08-25,-0.0815558844303471,1,-0.3702815911810322,0,0.0,0,0.0
2022-08-26,0.0807865557899703,1,0.3624541031731642,0,0.0,0,0.0
2022-08-29,-0.1035365006513125,1,-0.4694915209267264,0,0.0,0,0.0
2022-08-30,0.1234062029044107,1,0.554818691749935,0,0.0,0,0.0
2022-08-31,0.0402875098520467,1,0.179660888375269,0,0.0,0,0.0
2022-09-01,0.1727613130115321,1,0.7775839207633114,0,0.0,0,0.0
2022-09-02,-0.0985318903062409,1,-0.446903116864353,0,0.0,0,0.0
2022-09-06,0.2786515976613439,1,1.2555217363027684,-1,0.0122136151086529,0,-1.0
2022-09-07,-0.08134200113738,1,-0.3693162248666518,0,0.0,0,0.0
2022-09-08,0.1470258894317295,1,0.6614265965253946,0,0.0,0,0.0
2022-09-09,-0.1979870554999676,1,-0.8957958982370965,0,0.0,0,0.0
2022-09-12,-0.0821355117052499,1,-0.3728977499203375,0,0.0,0,0.0
2022-09-13,0.2192571790588795,1,0.9874438972831112,0,0.0,0,0.0
2022-09-14,-0.3780057529822764,0,-1.7083137162360482,0,0.0,0,1.0
2022-09-15,-0.0110416448383446,1,-0.0520142284434497,0,0.0,0,0.0
2022-09-16,-0.2240711676083819,1,-1.0135270347866856,1,0.0126869147317475,1,1.0
2022-09-19,0.1556425736381289,1,0.7003181647218465,0,0.0,0,0.0
2022-09-20,-0.2982559016024141,1,-1.348361243880923,1,0.0365344552819641,1,1.0
2022-09-21,0.150255938238308,1,0.6760054833024709,0,0.0,0,0.0
2022-09-22,0.0246550404790826,1,0.1091034402740546,0,0.0,0,0.0
2022-09-23,0.2154554557185121,1,0.9702847466151392,0,0.0,0,0.0
2022-09-26,-0.0717696439011872,1,-0.3261112082576288,0,0.0,0,0.0
2022-09-27,-0.2070533006796688,1,-0.9367165684445804,0,0.0,0,0.0
2022-09-28,-0.029960728001088,1,-0.137405870450212,0,0.0,0,0.0
2022-09-29,0.2771617688782462,1,1.2487973657292415,-1,0.0343301604887764,0,-1.0
2022-09-30,0.4607110292668408,0,2.077250446615013,0,0.0,0,0.0
2022-10-03,0.0254713399707846,1,0.1127878235692763,0,0.0,0,0.0
2022-10-04,-0.1875650260959787,1,-0.8487558701240044,0,0.0,0,0.0
2022-10-05,-0.1943512092892457,1,-0.879385437151487,0,0.0,0,0.0
2022-10-06,-0.1112504472178609,1,-0.5043085656008127,0,0.0,0,0.0
2022-10-07,0.0145417318724709,1,0.0634568293568655,0,0.0,0,0.0
2022-10-10,0.388603301889676,0,1.7517908464247884,0,0.0,0,-1.0
2022-10-11,0.0320508729925115,1,0.1424846711136317,0,0.0,0,0.0
2022-10-12,-0.1828349542312534,1,-0.8274066007189055,0,0.0,0,0.0
2022-10-13,0.1269252248097925,1,0.5707018641094743,0,0.0,0,0.0
2022-10-14,-0.0906731936688602,1,-0.4114327399900409,0,0.0,0,0.0
2022-10-17,0.2195023321273097,1,0.9885504003243092,0,0.0,0,0.0
2022-10-18,0.0705273942039078,1,0.3161491820567045,0,0.0,0,0.0
2022-10-19,-0.6523905930937152,2,-2.9467549153856365,0,0.0,0,0.0
2022-10-20,-0.5177251879771866,0,-2.338940045844212,0,0.0,0,0.0
2022-10-21,-0.0530743199051413,1,-0.2417295075093303,0,0.0,0,0.0
2022-10-24,0.1451304851073883,1,0.6528716530257573,0,0.0,0,0.0
2022-10-25,-0.0021881832130526,1,-0.0120539608594303,0,0.0,0,0.0
2022-10-26,0.0705288951023785,1,0.3161559563905237,0,0.0,0,0.0
2022-10-27,0.1422030839152241,1,0.639658772017669,0,0.0,0,0.0
2022-10-28,-0.1421221195111781,1,-0.6436484461829944,0,0.0,0,0.0
2022-10-31,0.1080838812785797,1,0.4856611014095102,0,0.0,0,0.0
2022-11-01,-0.0901734677928564,1,-0.4091772177357029,0,0.0,0,0.0
2022-11-02,0.0968312582499122,1,0.4348721731598977,0,0.0,0,0.0
2022-11-03,0.1200213720530535,1,0.5395411932672532,0,0.0,0,0.0
2022-11-04,-0.2295143196627579,1,-1.0380948052022707,1,-0.0773231216512442,0,1.0
2022-11-07,-0.0059651293940785,1,-0.0291012793470457,0,0.0,0,0.0
2022-11-08,0.0922876283927259,1,0.4143644133050153,0,0.0,0,0.0
2022-11-09,0.0479400047830596,1,0.2142005699225465,0,0.0,0,0.0
2022-11-10,0.1880091945509683,1,0.84640552435672,0,0.0,0,0.0
2022-11-11,-0.1509099615597924,1,-0.6833125385585168,0,0.0,0,0.0
2022-11-14,-0.1744943814438918,1,-0.7897612666684553,0,0.0,0,0.0
2022-11-15,-0.1202009712840139,1,-0.5447069263593805,0,0.0,0,0.0
2022-11-16,0.1380210529282882,1,0.6207830955472119,0,0.0,0,0.0
2022-11-17,-0.150488636252543,1,-0.6814108787637186,0,0.0,0,0.0
2022-11-18,0.0038355847900907,1,0.0151344306937692,0,0.0,0,0.0
2022-11-21,0.297091918544543,1,1.3387524756468847,-1,0.1938788061591413,0,-1.0
2022-11-22,-0.1978056012120406,1,-0.8949769008542968,0,0.0,0,0.0
2022-11-23,-0.1126191938748079,1,-0.510486429692987,0,0.0,0,0.0
2022-11-25,0.0695641694041229,1,0.3118016485865179,0,0.0,0,0.0
2022-11-28,-0.1826563264193242,1,-0.8266003606893283,0,0.0,0,0.0
2022-11-29,0.0746727694576501,1,0.3348594121775982,0,0.0,0,0.0
2022-11-30,-0.2616475054245668,1,-1.183128550839197,1,0.0251928446035919,1,1.0
2022-12-01,0.011033692090392,1,0.0476232250199137,0,0.0,0,0.0
2022-12-02,-0.0380730338960323,1,-0.174020917536351,0,0.0,0,0.0
2022-12-05,-0.4352647358952928,0,-1.9667532256203188,0,0.0,0,0.0
2022-12-06,0.066633895807589,1,0.2985758029266269,0,0.0,0,0.0
2022-12-07,0.106242606555435,1,0.4773504728953071,0,0.0,0,0.0
2022-12-08,-0.1988004332882019,1,-0.8994670943680977,0,0.0,0,0.0
2022-12-09,0.0893084562492427,1,0.4009178631226148,0,0.0,0,0.0
2022-12-12,-0.1119751423302656,1,-0.5075794907862559,0,0.0,0,0.0
2022-12-13,0.1940927661553045,1,0.87386384060235,0,0.0,0,0.0
2022-12-14,-0.2390506323376102,1,-1.0811371339975238,1,-0.1090920034823175,0,1.0
2022-12-15,0.0890960849067741,1,0.3999593210255915,0,0.0,0,0.0
2022-12-16,-0.1850156350971015,1,-0.8372491453192801,0,0.0,0,0.0
2022-12-19,0.1182326089808163,1,0.5314675770890555,0,0.0,0,0.0
2022-12-20,-0.0620350596798736,1,-0.2821739770630413,0,0.0,0,0.0
2022-12-21,0.1230957957624714,1,0.5534176632057493,0,0.0,0,0.0
2022-12-22,0.2352897753298455,1,1.0598073257554432,-1,0.0145213286310476,0,-1.0
2022-12-23,-0.0039578238957245,1,-0.020041267768303,0,0.0,0,0.0
2022-12-27,0.0870927961115154,1,0.3909174389127332,0,0.0,0,0.0
2022-12-28,0.075461651476527,1,0.3384200461872931,0,0.0,0,0.0
2022-12-29,0.003183704916108,1,0.0121921584730858,0,0.0,0,0.0
2022-12-30,-0.1979708027518349,1,-0.8957225411490053,0,0.0,0,0.0
2023-01-03,0.3012359985982173,1,1.3574568598576158,-1,-0.0933046654057054,-1,-1.0
2023-01-04,-0.0753161993581741,1,-0.3421186538264785,0,0.0,0,0.0
2023-01-05,-0.2708647462147411,1,-1.2247307426089675,1,0.0548327361639665,1,1.0
2023-01-06,-0.1366910613937626,1,-0.6191352619821054,0,0.0,0,0.0
2023-01-09,-0.0999459493935366,1,-0.4532854994734928,0,0.0,0,0.0
2023-01-10,0.0990525402599246,1,0.4448979717973585,0,0.0,0,0.0
2023-01-11,0.2342775618400309,1,1.055238680900238,-1,-0.0931016364781909,-1,-1.0
2023-01-12,-0.0660109817756914,1,-0.3001193771298601,0,0.0,0,0.0
2023-01-13,-0.0323163012751716,1,-0.1480377952644839,0,0.0,0,0.0
2023-01-17,-0.159508736051981,1,-0.7221232709189412,0,0.0,0,0.0
2023-01-18,0.0650537623059518,1,0.2914438402868934,0,0.0,0,0.0
2023-01-19,-0.2449207385057333,1,-1.1076319699331874,1,-0.0269697176487778,0,1.0
2023-01-20,0.0084052652607511,1,0.0357597704884775,0,0.0,0,0.0
2023-01-23,-0.1227183950768056,1,-0.5560693665708963,0,0.0,0,0.0
2023-01-24,-0.0908453895716046,1,-0.4122099494750719,0,0.0,0,0.0
2023-01-25,-0.1809683327326573,1,-0.8189815690511907,0,0.0,0,0.0
2023-01-26,-0.0670660344075912,1,-0.3048813772683709,0,0.0,0,0.0
2023-01-27,0.2142348436618935,1,0.9647754908615004,0,0.0,0,0.0
2023-01-30,0.0552320301337316,1,0.2471132651569034,0,0.0,0,0.0
2023-01-31,0.2122530213276448,1,0.9558304980290552,0,0.0,0,0.0
2023-02-01,-0.1510247689173752,1,-0.6838307237524887,0,0.0,0,0.0
2023-02-02,0.2901214290276841,1,1.3072910385193368,-1,-0.1267920394297689,-1,-1.0
2023-02-03,0.1000350829659878,1,0.4493326970052759,0,0.0,0,0.0
2023-02-06,-0.0919719406340978,1,-0.4172946591411408,0,0.0,0,0.0
2023-02-07,-0.1587423865690436,1,-0.7186643379391484,0,0.0,0,0.0
2023-02-08,0.1059476769842333,1,0.4760193026612835,0,0.0,0,0.0
2023-02-09,-0.3416310642583606,0,-1.5441358662365967,0,0.0,0,1.0
2023-02-10,0.1267594782141172,1,0.5699537636946711,0,0.0,0,0.0
2023-02-13,-0.0110938551315641,1,-0.052249880595793,0,0.0,0,0.0
2023-02-14,-0.3210390297658851,0,-1.4511933265560748,0,0.0,0,1.0
2023-02-15,0.0188535176964447,1,0.0829181567543615,0,0.0,0,0.0
2023-02-16,0.1481358094061657,1,0.6664362414589218,0,0.0,0,0.0
2023-02-17,0.1070606377788517,1,0.4810426723945889,0,0.0,0,0.0
2023-02-21,-0.2896871600661406,1,-1.3096860658387413,1,-0.0871357982693638,0,1.0
2023-02-22,-0.066656014685999,1,-0.3030307454496545,0,0.0,0,0.0
2023-02-23,-0.012562857559936,1,-0.0588802510208052,0,0.0,0,0.0
2023-02-24,0.203760413997419,1,0.9174989531751933,0,0.0,0,0.0
2023-02-27,-0.061401536654213,1,-0.2793145588267082,0,0.0,0,0.0
2023-02-28,0.196230881553032,1,0.8835142651520678,0,0.0,0,0.0
2023-03-01,-0.151764166728574,1,-0.687168009848826,0,0.0,0,0.0
2023-03-02,-0.1123537081472076,1,-0.5092881548075637,0,0.0,0,0.0
2023-03-03,0.0565435424685635,1,0.253032801046674,0,0.0,0,0.0
2023-03-06,-0.1052784253300224,1,-0.4773537311241028,0,0.0,0,0.0
2023-03-07,-0.2516196934959942,1,-1.1378678308058885,1,0.0739464226778904,1,1.0
2023-03-08,-0.0996523217432883,1,-0.451960205484476,0,0.0,0,0.0
2023-03-09,-0.2663291719004692,1,-1.2042593416003784,1,0.0246613161733392,1,1.0
2023-03-10,-0.3991261119449607,0,-1.803640858470267,0,0.0,0,1.0
2023-03-13,-0.6479284419320794,2,-2.9266149111741844,0,0.0,0,0.0
2023-03-14,0.0211329178412024,1,0.0932062726993565,0,0.0,0,0.0
2023-03-15,-0.2700104634018428,1,-1.2208749208704603,1,0.0327264009216001,1,1.0
2023-03-16,-0.0360829801472331,1,-0.1650387720576354,0,0.0,0,0.0
2023-03-17,-0.4609115398810617,0,-2.0825105636335643,0,0.0,0,0.0
2023-03-20,0.0439335741951549,1,0.196117469195921,0,0.0,0,0.0
2023-03-21,0.3323558392244777,1,1.4979168529347746,-1,-0.146665036439718,-1,-1.0
2023-03-22,-0.2895752402056726,1,-1.3091809134179648,1,0.150712729299125,1,1.0
2023-03-23,-0.2916509256127057,1,-1.3185495590162395,1,-0.0380035524810717,0,1.0
2023-03-24,0.1244902272162473,1,0.5597114561173578,0,0.0,0,0.0
2023-03-27,0.2133062305034408,1,0.9605841776933488,0,0.0,0,0.0
2023-03-28,-0.060404715558632,1,-0.2748153878358924,0,0.0,0,0.0
2023-03-29,-0.0657714765857711,1,-0.2990383658958319,0,0.0,0,0.0
2023-03-30,-0.2265756167659051,1,-1.0248309137349263,1,0.0088541583893107,1,1.0
2023-03-31,0.1146439938812419,1,0.5152702945227218,0,0.0,0,0.0
2023-04-03,-0.2099243946535043,1,-0.9496753057508536,0,0.0,0,0.0
2023-04-04,-0.2192761860270076,1,-0.991884794139842,0,0.0,0,0.0
2023-04-05,-0.1439035543486835,1,-0.6516889862342271,0,0.0,0,0.0
2023-04-06,0.1515180269853231,1,0.6817019448877822,0,0.0,0,0.0
2023-04-10,-0.0021340066840518,1,-0.0118094340644574,0,0.0,0,0.0
2023-04-11,0.1711383025382611,1,0.7702584320958847,0,0.0,0,0.0
2023-04-12,0.2147470766957717,1,0.967087464410996,0,0.0,0,0.0
2023-04-13,-0.1305899615337654,1,-0.5915978316208743,0,0.0,0,0.0
2023-04-14,-0.0335403307862584,1,-0.1535624757639207,0,0.0,0,0.0
2023-04-17,0.2589927278116424,1,1.166791053001526,-1,-0.0201099642864075,-1,-1.0
2023-04-18,-0.0256432003589286,1,-0.1179186272470317,0,0.0,0,0.0
2023-04-19,0.1193784249619554,1,0.5366392393321676,0,0.0,0,0.0
2023-04-20,-0.1454176242538819,1,-0.658522769573819,0,0.0,0,0.0
2023-04-21,-0.1521542172921792,1,-0.6889285104928266,0,0.0,0,0.0
2023-04-24,-0.0247606449405991,1,-0.1139351965657006,0,0.0,0,0.0
2023-04-25,-0.3578729014924664,0,-1.6174437077792605,0,0.0,0,1.0
2023-04-26,-0.1131455771634971,1,-0.5128622706869419,0,0.0,0,0.0
2023-04-27,0.3092837522724514,1,1.393780549266736,-1,-0.0786468983968124,-1,-1.0
2023-04-28,0.0245229276417994,1,0.1085071464680206,0,0.0,0,0.0
2023-05-01,-0.2715362398007914,1,-1.2277615416924434,1,0.0374979907515503,1,1.0
2023-05-02,-0.442930752121528,0,-2.00135393579098,0,0.0,0,0.0
2023-05-03,0.0822497368261661,1,0.369058198633771,0,0.0,0,0.0
2023-05-04,-0.1439311147647227,1,-0.6518133806966717,0,0.0,0,0.0
2023-05-05,0.1646453381949727,1,0.7409523139296194,0,0.0,0,0.0
2023-05-08,-0.1209349900295326,1,-0.5480199339403721,0,0.0,0,0.0
2023-05-09,0.0407029165349736,1,0.1815358343465182,0,0.0,0,0.0
2023-05-10,-0.0244137056881745,1,-0.1123692796453991,0,0.0,0,0.0
2023-05-11,-0.0486999494323174,1,-0.2219857031078613,0,0.0,0,0.0
2023-05-12,-0.0594758693970009,1,-0.2706230230034596,0,0.0,0,0.0
2023-05-15,-0.0618009448633125,1,-0.2811172953817831,0,0.0,0,0.0
2023-05-16,-0.2051042933717618,1,-0.9279196868582092,0,0.0,0,0.0
2023-05-17,0.1724163539819618,1,0.7760269416165592,0,0.0,0,0.0
2023-05-18,-0.1660374784536994,1,-0.7515908740330168,0,0.0,0,0.0
2023-05-19,-0.0218071549049257,1,-0.1006045630657954,0,0.0,0,0.0
2023-05-22,0.2834041680334712,1,1.2769725531493172,-1,0.1065822201177717,0,-1.0
2023-05-23,0.2016586045859812,1,0.9080123963857304,0,0.0,0,0.0
2023-05-24,-0.2114357833698891,1,-0.9564969874936952,0,0.0,0,0.0
2023-05-25,-0.1308009296898927,1,-0.5925500404096345,0,0.0,0,0.0
2023-05-26,-0.1841267386736018,1,-0.8332370943904037,0,0.0,0,0.0
2023-05-30,0.0891116852418402,1,0.400029733434887,0,0.0,0,0.0
2023-05-31,-0.3878274750877263,0,-1.7526442459294789,0,0.0,0,1.0
2023-06-01,0.0710961784210153,1,0.3187164004482377,0,0.0,0,0.0
2023-06-02,0.3710600121992923,0,1.6726088744457115,0,0.0,0,-1.0
2023-06-05,-0.0862202199753683,1,-0.3913341584557626,0,0.0,0,0.0
2023-06-06,0.2032997781092439,1,0.915419864325054,0,0.0,0,0.0
2023-06-07,0.3591732014900987,0,1.6189575280273778,0,0.0,0,-1.0
2023-06-08,-0.2551116577702,1,-1.1536288780320347,1,0.0532039746040693,1,1.0
2023-06-09,-0.1477711264272053,1,-0.6691453464353834,0,0.0,0,0.0
2023-06-12,-0.4712849804954684,0,-2.12933128531992,0,0.0,0,0.0
2023-06-13,0.091799997328971,1,0.4121634812160051,0,0.0,0,0.0
2023-06-14,-0.1695629404153305,1,-0.7675031137090333,0,0.0,0,0.0
2023-06-15,0.246625943025725,1,1.110973334450909,-1,0.036375489613701,0,-1.0
2023-06-16,-0.0321687060736086,1,-0.1473716215125443,0,0.0,0,0.0
2023-06-20,-0.0775700617828603,1,-0.352291504785784,0,0.0,0,0.0
2023-06-21,0.0966425895144315,1,0.4340206132307271,0,0.0,0,0.0
2023-06-22,-0.4230581396186768,0,-1.91165852095585,0,0.0,0,0.0
2023-06-23,0.1464330215776689,1,0.6587506761800073,0,0.0,0,0.0
2023-06-26,0.1992055508576464,1,0.8969404916855163,0,0.0,0,0.0
2023-06-27,-0.1754843330749904,1,-0.7942294322005595,0,0.0,0,0.0
2023-06-28,0.0498134209615949,1,0.2226562695075137,0,0.0,0,0.0
2023-06-29,0.2869346617116241,1,1.2929075035736406,-1,-0.0157601194231729,-1,-1.0
2023-06-30,-0.1848538710852794,1,-0.8365190203725124,0,0.0,0,0.0
2023-07-03,0.006121112754209,1,0.0254502046681006,0,0.0,0,0.0
2023-07-05,-0.0215656223872504,1,-0.0995144014493521,0,0.0,0,0.0
2023-07-06,0.0073356497750698,1,0.0309320406321996,0,0.0,0,0.0
2023-07-07,0.1653084724204786,1,0.7439453828801457,0,0.0,0,0.0
2023-07-10,-0.0979090047088351,1,-0.4440917108629465,0,0.0,0,0.0
2023-07-11,0.1754793919763551,1,0.789852021913548,0,0.0,0,0.0
2023-07-12,0.0702152035116598,1,0.3147401034242484,0,0.0,0,0.0
2023-07-13,-0.0862663321695492,1,-0.3915422867220093,0,0.0,0,0.0
2023-07-14,-0.1039256574690117,1,-0.4712479876315663,0,0.0,0,0.0
2023-07-17,-0.0883784448980185,1,-0.4010753477290324,0,0.0,0,0.0
2023-07-18,0.231281288172529,1,1.0417149426636276,-1,-0.13050355771562,-1,-1.0
2023-07-19,0.2979164060201611,1,1.3424738155633815,-1,0.038045166451088,0,-1.0
2023-07-20,0.1696556246498476,1,0.7635663372216427,0,0.0,0,0.0
2023-07-21,-0.1058289265211478,1,-0.4798384287298227,0,0.0,0,0.0
2023-07-24,0.2191302127790557,1,0.9868708325621426,0,0.0,0,0.0
2023-07-25,-0.2051594255877702,1,-0.9281685271646836,0,0.0,0,0.0
2023-07-26,0.3186574610987593,1,1.4360889624961877,-1,-0.0186767689847296,-1,-1.0
2023-07-27,-0.3790728297925381,0,-1.7131299877324928,0,0.0,0,1.0
2023-07-28,-0.0276474773107879,1,-0.1269649694235178,0,0.0,0,0.0
2023-07-31,-0.1013695210288815,1,-0.4597108171493375,0,0.0,0,0.0
2023-08-01,0.0596076011101723,1,0.2668624880542999,0,0.0,0,0.0
2023-08-02,0.3382547681314831,0,1.524541780851065,0,0.0,0,-1.0
2023-08-03,0.2366041348242029,1,1.0657397123539325,-1,-0.0877503804997439,-1,-1.0
2023-08-04,0.008327502865647,1,0.0354087884378574,0,0.0,0,0.0
2023-08-07,-0.0079676954983596,1,-0.038139899580419,0,0.0,0,0.0
2023-08-08,0.0134362188248797,1,0.0584670751715454,0,0.0,0,0.0
2023-08-09,0.0737997093984099,1,0.3309188389802745,0,0.0,0,0.0
2023-08-10,-0.0011788441951776,1,-0.0074982899880441,0,0.0,0,0.0
2023-08-11,0.2413526207075443,1,1.0871720937825915,-1,0.0152534076777811,0,-1.0
2023-08-14,-0.286044184320201,1,-1.2932434254602063,1,-0.0592001413401541,0,1.0
2023-08-15,-0.0522674054053757,1,-0.2380874835538706,0,0.0,0,0.0
2023-08-16,0.0844580759228892,1,0.3790255791857141,0,0.0,0,0.0
2023-08-17,0.1789013823106467,1,0.8052972404298382,0,0.0,0,0.0
2023-08-18,-0.1157699522267344,1,-0.5247074374935844,0,0.0,0,0.0
2023-08-21,-0.2109737309622262,1,-0.9544115051558828,0,0.0,0,0.0
2023-08-22,-0.185573482885416,1,-0.8397670019312659,0,0.0,0,0.0
2023-08-23,0.062719190889085,1,0.28090670775497,0,0.0,0,0.0
2023-08-24,0.4019982896189613,0,1.8122493785336056,0,0.0,0,-1.0
2023-08-25,-0.06980538073955,1,-0.3172454690850296,0,0.0,0,0.0
2023-08-28,-0.0379544291369224,1,-0.1734855926982978,0,0.0,0,0.0
2023-08-29,-0.0052294653610756,1,-0.0257808457296732,0,0.0,0,0.0
2023-08-30,0.0102670472417896,1,0.0441629589015691,0,0.0,0,0.0
2023-08-31,0.0029796665034111,1,0.0112712272132161,0,0.0,0,0.0
2023-09-01,0.1375557696297143,1,0.6186830305217677,0,0.0,0,0.0
2023-09-05,-0.1862076801351785,1,-0.8426294632909175,0,0.0,0,0.0
2023-09-06,-0.1459872264579723,1,-0.6610936799651712,0,0.0,0,0.0
2023-09-07,0.0452782914203765,1,0.2021868759905682,0,0.0,0,0.0
2023-09-08,-0.140616249753137,1,-0.6368516743636982,0,0.0,0,0.0
2023-09-11,-0.0328981364663971,1,-0.1506639194761424,0,0.0,0,0.0
2023-09-12,0.223689517933925,1,1.0074493431715184,-1,0.0794225295880623,0,-1.0
2023-09-13,-0.1750181529945402,1,-0.7921253195330449,0,0.0,0,0.0
2023-09-14,0.0984892288324623,1,0.4423554549460711,0,0.0,0,0.0
2023-09-15,0.171016936640738,1,0.7697106448070414,0,0.0,0,0.0
2023-09-18,-0.1088982837162261,1,-0.4936920308593984,0,0.0,0,0.0
2023-09-19,0.0674451304027676,1,0.3022373257149724,0,0.0,0,0.0
2023-09-20,0.030282395220213,1,0.1345026130228668,0,0.0,0,0.0
2023-09-21,-0.1539983653017698,1,-0.6972521076400999,0,0.0,0,0.0
2023-09-22,-0.0535611613701806,1,-0.2439268757295064,0,0.0,0,0.0
2023-09-25,0.1121723550320323,1,0.5041145055256454,0,0.0,0,0.0
2023-09-26,-0.0163726849871556,1,-0.0760759796390572,0,0.0,0,0.0
2023-09-27,0.0755800122067824,1,0.3389542695964659,0,0.0,0,0.0
2023-09-28,-0.007503406477215,1,-0.0360443222450797,0,0.0,0,0.0
2023-09-29,0.038171126373769,1,0.170108551257686,0,0.0,0,0.0
2023-10-02,-0.2712896927828764,1,-1.2266487470337102,1,0.0395729767950042,1,1.0
2023-10-03,0.060874848212068,1,0.2725822319725612,0,0.0,0,0.0
2023-10-04,0.0214630527111165,1,0.094696342719302,0,0.0,0,0.0
2023-10-05,0.1929443745280835,1,0.8686805531316163,0,0.0,0,0.0
2023-10-06,-0.020604775623245,1,-0.0951776012889256,0,0.0,0,0.0
2023-10-09,0.1778392843617835,1,0.8005034411190953,0,0.0,0,0.0
2023-10-10,-0.1264749327789753,1,-0.5730245710006903,0,0.0,0,0.0
2023-10-11,0.1012859686682706,1,0.454978593434922,0,0.0,0,0.0
2023-10-12,-0.0682335669580066,1,-0.3101510576603174,0,0.0,0,0.0
2023-10-13,0.057714764119776,1,0.2583191322652956,0,0.0,0,0.0
2023-10-16,-0.0141778623750251,1,-0.066169605997629,0,0.0,0,0.0
2023-10-17,0.0862597799862694,1,0.3871576047737858,0,0.0,0,0.0
2023-10-18,-0.4717150258389834,0,-2.131272303164401,0,0.0,0,0.0
2023-10-19,-0.1220007824743711,1,-0.5528304084290296,0,0.0,0,0.0
2023-10-20,-0.1492961020166545,1,-0.6760283527884469,0,0.0,0,0.0
2023-10-23,-0.1269471195596656,1,-0.5751557950240843,0,0.0,0,0.0
2023-10-24,-0.208584303295723,1,-0.9436267778969584,0,0.0,0,0.0
2023-10-25,0.0717772660834896,1,0.3217905025782901,0,0.0,0,0.0
2023-10-26,0.5788831655925417,2,2.610622633496152,0,0.0,0,0.0
2023-10-27,-0.3667526517318614,0,-1.6575226295234746,0,0.0,0,1.0
2023-10-30,0.1109734197615164,1,0.4987030883587294,0,0.0,0,0.0
2023-10-31,0.058509275604842,1,0.2619051749777998,0,0.0,0,0.0
2023-11-01,-0.1044273257852073,1,-0.4735122771266867,0,0.0,0,0.0
2023-11-02,0.230265611723877,1,1.0371306676777874,-1,-0.0742457254974764,-1,-1.0
2023-11-03,0.1181468111038223,1,0.5310803267379579,0,0.0,0,0.0
2023-11-06,-0.1850508599642811,1,-0.8374081334278508,0,0.0,0,0.0
2023-11-07,-0.1355086027931252,1,-0.6137982125783434,0,0.0,0,0.0
2023-11-08,0.1048229812416068,1,0.4709429670167517,0,0.0,0,0.0
2023-11-09,-0.0885376702847934,1,-0.4017940145433233,0,0.0,0,0.0
2023-11-10,-0.2042695303110088,1,-0.9241519678925956,0,0.0,0,0.0
2023-11-13,-0.0986386308308601,1,-0.4473848922541795,0,0.0,0,0.0
2023-11-14,0.3235243113270836,1,1.4580555836491618,-1,-0.0275393229313509,-1,-1.0
2023-11-15,0.0768309411986112,1,0.3446003614143022,0,0.0,0,0.0
2023-11-16,-0.0339673474737695,1,-0.1554898237118736,0,0.0,0,0.0
2023-11-17,-0.0368080875006048,1,-0.1683115579005311,0,0.0,0,0.0
2023-11-20,-0.0896658538916677,1,-0.4068860927295336,0,0.0,0,0.0
2023-11-21,0.0696977585717609,1,0.3124046058377124,0,0.0,0,0.0
2023-11-22,-0.0921316396673511,1,-0.4180154637678284,0,0.0,0,0.0
2023-11-24,0.0743091577510723,1,0.3332182438180919,0,0.0,0,0.0
2023-11-27,-0.0141871442310343,1,-0.06621149983142,0,0.0,0,0.0
2023-11-28,0.031892462296982,1,0.141769681423786,0,0.0,0,0.0
2023-11-29,0.4176627855419408,0,1.8829513790779853,0,0.0,0,-1.0
2023-11-30,0.1036842028549123,1,0.465803069090136,0,0.0,0,0.0
2023-12-01,0.1531942261715065,1,0.6892675018234622,0,0.0,0,0.0
2023-12-04,0.1525787751500322,1,0.68648965192205,0,0.0,0,0.0
2023-12-05,-0.0087047249753552,1,-0.0414664961552458,0,0.0,0,0.0
2023-12-06,-0.0256250793500733,1,-0.1178368377286036,0,0.0,0,0.0
2023-12-07,-0.1745828053783235,1,-0.7901603697797884,0,0.0,0,0.0
2023-12-08,-0.057582830721756,1,-0.262078756906052,0,0.0,0,0.0
2023-12-11,-0.3060238633788285,0,-1.3834220872329963,0,0.0,0,1.0
2023-12-12,-0.0389587773446906,1,-0.1780187374532597,0,0.0,0,0.0
2023-12-13,0.2456587361275983,1,1.106607827704052,-1,0.0031692265583632,0,-1.0
2023-12-14,0.5647498035651624,2,2.5468314349368795,0,0.0,0,0.0
2023-12-15,-0.0079944114167049,1,-0.0382604823864463,0,0.0,0,0.0
2023-12-18,-0.0388322368411965,1,-0.1774475944818603,0,0.0,0,0.0
2023-12-19,0.0067156810415581,1,0.0281337999515057,0,0.0,0,0.0
2023-12-20,0.1421655844775773,1,0.6394895175919948,0,0.0,0,0.0
2023-12-21,-0.1359839944589488,1,-0.6159439019117962,0,0.0,0,0.0
2023-12-22,0.0524588269310948,1,0.2345963597099255,0,0.0,0,0.0
2023-12-26,0.0264119378343852,1,0.117033229932259,0,0.0,0,0.0
2023-12-27,0.0943902732224421,1,0.4238547407707815,0,0.0,0,0.0
2023-12-28,0.0081363451255578,1,0.0345459943390046,0,0.0,0,0.0
2023-12-29,-0.0879986849452615,1,-0.3993612939529917,0,0.0,0,0.0
2024-01-02,0.1541322390631928,1,0.6935012408665006,0,0.0,0,0.0
2024-01-03,-0.264489454570067,1,-1.1959557424079656,1,0.0207630486385875,1,1.0
2024-01-04,0.1695111326565098,1,0.7629141698591014,0,0.0,0,0.0
2024-01-05,0.0514646443147769,1,0.230109097545491,0,0.0,0,0.0
2024-01-08,-0.1385683655181726,1,-0.6276085098847904,0,0.0,0,0.0
2024-01-09,-0.162497225273259,1,-0.7356118739093328,0,0.0,0,0.0
2024-01-10,0.0576377934010641,1,0.2579717234611422,0,0.0,0,0.0
2024-01-11,-0.1165292147397125,1,-0.5281343832995556,0,0.0,0,0.0
2024-01-12,0.1157884394875999,1,0.5204357715531723,0,0.0,0,0.0
2024-01-16,-0.168202039126385,1,-0.7613606598346817,0,0.0,0,0.0
2024-01-17,-0.0010022218214968,1,-0.006701101542177,0,0.0,0,0.0
2024-01-18,-0.1910644502887119,1,-0.8645505878344345,0,0.0,0,0.0
2024-01-19,0.0903270528319706,1,0.4055153181891953,0,0.0,0,0.0
2024-01-22,0.2637379868272095,1,1.188208869901059,-1,-0.000158440067307,-1,-1.0
2024-01-23,-0.2437505810041512,1,-1.10235044177418,1,-0.0657492347314382,0,1.0
2024-01-24,-0.0703829995159127,1,-0.3198525624279397,0,0.0,0,0.0
2024-01-25,0.069023847335041,1,0.3093628946419159,0,0.0,0,0.0
2024-01-26,0.2129837629501804,1,0.9591287142530784,0,0.0,0,0.0
2024-01-29,-0.1203163290347158,1,-0.5452275957631726,0,0.0,0,0.0
2024-01-30,0.0998641185722408,1,0.4485610459595477,0,0.0,0,0.0
2024-01-31,-0.290090110733596,1,-1.3115047913470417,1,-0.104596180543175,0,1.0
2024-02-01,-0.2558308911062633,1,-1.156875151385988,1,0.0246896935402404,1,1.0
2024-02-02,0.0424373213252546,1,0.1893641033843195,0,0.0,0,0.0
2024-02-05,-0.2134528939180092,1,-0.9656012543512106,0,0.0,0,0.0
2024-02-06,0.1496408243415967,1,0.6732291550200942,0,0.0,0,0.0
2024-02-07,0.0768627894050044,1,0.3447441089001336,0,0.0,0,0.0
2024-02-08,0.0184086144061889,1,0.0809100772844236,0,0.0,0,0.0
2024-02-09,0.0849921233886469,1,0.3814360125887661,0,0.0,0,0.0
2024-02-12,0.0668716177217211,1,0.2996487653114375,0,0.0,0,0.0
2024-02-13,-0.1908113816928544,1,-0.8634083579095099,0,0.0,0,0.0
2024-02-14,0.1438877649438249,1,0.6472626119105638,0,0.0,0,0.0
2024-02-15,0.1607775771566121,1,0.7234951008546333,0,0.0,0,0.0
2024-02-16,0.0272407165780561,1,0.1207739385688022,0,0.0,0,0.0
2024-02-20,-0.1174994542434199,1,-0.5325135777694308,0,0.0,0,0.0
2024-02-21,0.0414728677649789,1,0.1850110238802664,0,0.0,0,0.0
2024-02-22,-0.1877072485156968,1,-0.849397793722809,0,0.0,0,0.0
2024-02-23,0.1908761796587373,1,0.8593457162177841,0,0.0,0,0.0
2024-02-26,-0.0512665955654157,1,-0.2335703092893691,0,0.0,0,0.0
2024-02-27,0.1230293684443207,1,0.5531178422407377,0,0.0,0,0.0
2024-02-28,0.285403286602267,1,1.2859956128656491,-1,0.0347812234688322,0,-1.0
2024-02-29,-0.0434497877232722,1,-0.1982889982897728,0,0.0,0,0.0
2024-03-01,-0.1843161527669123,1,-0.8340920185063277,0,0.0,0,0.0
2024-03-04,0.2854526334850327,1,1.2862183409604002,-1,-0.0385656510422756,-1,-1.0
2024-03-05,0.1636360474051788,1,0.7363968607365956,0,0.0,0,0.0
2024-03-06,-0.1156533534812245,1,-0.524181166836102,0,0.0,0,0.0
2024-03-07,-0.0724835108127837,1,-0.3293332601525942,0,0.0,0,0.0
2024-03-08,0.1961695428785465,1,0.8832374118771085,0,0.0,0,0.0
2024-03-11,-0.1729979070706006,1,-0.7830069010970822,0,0.0,0,0.0
2024-03-12,-0.024879842144287,1,-0.1144731954136348,0,0.0,0,0.0
2024-03-13,0.1342249100774258,1,0.6036491325248533,0,0.0,0,0.0
2024-03-14,-0.0930017403416159,1,-0.421942679724729,0,0.0,0,0.0
2024-03-15,0.2400909457926044,1,1.0814775000362302,-1,-0.0625226944573847,-1,-1.0
2024-03-18,-0.1668193227281368,1,-0.7551197430492103,0,0.0,0,0.0
2024-03-19,-0.0197181020470469,1,-0.0911755832236599,0,0.0,0,0.0
2024-03-20,0.055037155347574,1,0.2462336940998614,0,0.0,0,0.0
2024-03-21,0.1227094906545488,1,0.5516740677472725,0,0.0,0,0.0
2024-03-22,-0.2075495353781392,1,-0.938956333202661,0,0.0,0,0.0
2024-03-25,0.0158356756151193,1,0.069297069071373,0,0.0,0,0.0
2024-03-26,-0.0613876449035828,1,-0.2792518581457892,0,0.0,0,0.0
2024-03-27,0.1213411710659619,1,0.5454981312362713,0,0.0,0,0.0
2024-03-28,0.0979153102973364,1,0.4397650627124229,0,0.0,0,0.0
2024-04-01,-0.2756203829364682,1,-1.246195399482808,1,-0.1416470971485846,0,1.0
2024-04-02,0.1060881933908298,1,0.476653526137387,0,0.0,0,0.0
2024-04-03,0.0770997854590425,1,0.3458137951015924,0,0.0,0,0.0
2024-04-04,0.1276895649573819,1,0.5741517279159235,0,0.0,0,0.0
2024-04-05,0.0262894973806874,1,0.1164805926136654,0,0.0,0,0.0
2024-04-08,0.1117041702690139,1,0.5020013446851972,0,0.0,0,0.0
2024-04-09,-0.0240495636345452,1,-0.1107257175543799,0,0.0,0,0.0
2024-04-10,-0.2130537292215519,1,-0.9637996168950816,0,0.0,0,0.0
2024-04-11,-0.5019597013666763,0,-2.26778222190916,0,0.0,0,0.0
2024-04-12,0.2705800773684687,1,1.21909077580798,-1,-0.0176620193022024,-1,-1.0
2024-04-15,-0.0083208014745687,1,-0.0397336501259144,0,0.0,0,0.0
2024-04-16,-0.2361420170277498,1,-1.06800904342683,1,-0.0632505920346104,0,1.0
2024-04-17,-0.0557493406486762,1,-0.2538032645581085,0,0.0,0,0.0
2024-04-18,0.1193280660633862,1,0.5364119434848221,0,0.0,0,0.0
2024-04-19,0.3250076969553759,1,1.4647508729208196,-1,-0.0737203436692569,-1,-1.0
2024-04-22,-0.0144677604992392,1,-0.0674780666998934,0,0.0,0,0.0
2024-04-23,-0.1096138631405187,1,-0.4969218122130176,0,0.0,0,0.0
2024-04-24,-0.2130256642513732,1,-0.9636729451179232,0,0.0,0,0.0
2024-04-25,-0.2066061375774798,1,-0.9346982892704628,0,0.0,0,0.0
2024-04-26,-0.0695314302892849,1,-0.3160089885127209,0,0.0,0,0.0
2024-04-29,-0.0724701778969822,1,-0.329273081783313,0,0.0,0,0.0
2024-04-30,0.0247334073114506,1,0.1094571504637722,0,0.0,0,0.0
2024-05-01,0.4624512462727164,0,2.085104949198544,0,0.0,0,0.0
2024-05-02,-0.2019611746429746,1,-0.9137331606420824,0,0.0,0,0.0
2024-05-03,0.0628294460456087,1,0.2814043465028037,0,0.0,0,0.0
2024-05-06,0.0179274585605719,1,0.0787383712157438,0,0.0,0,0.0
2024-05-07,0.0945070541802184,1,0.4243818338467969,0,0.0,0,0.0
2024-05-08,-0.031793877045247,1,-0.1456798235576293,0,0.0,0,0.0
2024-05-09,0.1305065711162447,1,0.586866338839679,0,0.0,0,0.0
2024-05-10,0.0196224095959835,1,0.0863885649798832,0,0.0,0,0.0
2024-05-13,-0.0922151813037867,1,-0.4183925305342146,0,0.0,0,0.0
2024-05-14,0.0595754039395807,1,0.2667171655119157,0,0.0,0,0.0
2024-05-15,-0.0405795743109637,1,-0.1853342354147143,0,0.0,0,0.0
2024-05-16,-0.1400986195643315,1,-0.6345153406526961,0,0.0,0,0.0
2024-05-17,0.058302387167574,1,0.2609713800777742,0,0.0,0,0.0
2024-05-20,-0.2864606249315002,1,-1.295123038086846,1,-0.0062131141631163,0,1.0
2024-05-21,0.0042184860363723,1,0.0168626627579327,0,0.0,0,0.0
2024-05-22,-0.0391255500503379,1,-0.178771469234955,0,0.0,0,0.0
2024-05-23,0.0135135943761444,1,0.0588163111951325,0,0.0,0,0.0
2024-05-24,-0.0321250878720322,1,-0.1471747499293942,0,0.0,0,0.0
2024-05-28,-0.3218568243019878,0,-1.4548844577626592,0,0.0,0,1.0
2024-05-29,-0.0890161664538218,1,-0.4039537161110894,0,0.0,0,0.0
2024-05-30,0.1561375491464766,1,0.7025522461013386,0,0.0,0,0.0
2024-05-31,-0.0141054587657842,1,-0.0658428109290141,0,0.0,0,0.0
2024-06-03,-0.242755058045436,1,-1.0978571299488202,1,-0.4380740077477184,0,1.0
2024-06-04,-0.1362167030988038,1,-0.6169942367877224,0,0.0,0,0.0
2024-06-05,-0.1064889176852049,1,-0.482817311412667,0,0.0,0,0.0
2024-06-06,-0.0804394682867904,1,-0.3652426256645161,0,0.0,0,0.0
2024-06-07,0.0445248702590667,1,0.1987862952365502,0,0.0,0,0.0
2024-06-10,-0.0638744357423768,1,-0.2904760359362951,0,0.0,0,0.0
2024-06-11,-0.135338473879574,1,-0.6130303324883836,0,0.0,0,0.0
2024-06-12,0.1616431136825266,1,0.72740171644107,0,0.0,0,0.0
2024-06-13,-0.171151479350844,1,-0.774673014434577,0,0.0,0,0.0
2024-06-14,-0.013454774239567,1,-0.0629059339332254,0,0.0,0,0.0
2024-06-17,-0.1009413892839929,1,-0.4577784363686848,0,0.0,0,0.0
2024-06-18,0.1503030979105324,1,0.6762183393808071,0,0.0,0,0.0
2024-06-20,0.1706824318851659,1,0.7682008512249917,0,0.0,0,0.0
2024-06-21,-0.014241277959043,1,-0.0664558334432996,0,0.0,0,0.0
2024-06-24,0.2055999697504522,1,0.925801823085075,0,0.0,0,0.0
2024-06-25,-0.4303835527284123,0,-1.9447219124763235,0,0.0,0,0.0
2024-06-26,0.0083600624927601,1,0.0355557469346513,0,0.0,0,0.0
2024-06-27,0.0215009655387422,1,0.0948674629885151,0,0.0,0,0.0
2024-06-28,0.1429420781833132,1,0.6429942367144987,0,0.0,0,0.0
2024-07-01,0.0113256194714504,1,0.0489408448115749,0,0.0,0,0.0
2024-07-02,-0.0400423722920386,1,-0.1829095638758895,0,0.0,0,0.0
2024-07-03,-0.0394636721481191,1,-0.1802975897599266,0,0.0,0,0.0
2024-07-05,-0.1561361879730297,1,-0.706901210963334,0,0.0,0,0.0
2024-07-08,-0.0147845616586381,1,-0.0689079547636022,0,0.0,0,0.0
2024-07-09,0.0125958816272651,1,0.0546741972330956,0,0.0,0,0.0
2024-07-10,0.0918499685916187,1,0.4123890274612398,0,0.0,0,0.0
2024-07-11,0.705420898170964,2,3.181753098315,0,0.0,0,0.0
2024-07-12,-0.0138750461190157,1,-0.0648028390615913,0,0.0,0,0.0
2024-07-15,0.3570781353364844,0,1.609501407060469,0,0.0,0,-1.0
2024-07-16,0.1309240753321356,1,0.5887507520658909,0,0.0,0,0.0
2024-07-17,0.3035151062650625,1,1.3677436556979852,-1,0.0353075698635893,0,-1.0
2024-07-18,-0.0950655925038834,1,-0.4312579157474919,0,0.0,0,0.0
2024-07-19,-0.0176455505596441,1,-0.081821082631295,0,0.0,0,0.0
2024-07-22,0.0042472892616086,1,0.016992666663347,0,0.0,0,0.0
2024-07-23,0.1682350144556147,1,0.7571543860666324,0,0.0,0,0.0
2024-07-24,0.1867990579547409,1,0.8409435497929724,0,0.0,0,0.0
2024-07-25,0.50190017808213,2,2.2631584538869904,0,0.0,0,0.0
2024-07-26,0.0681227727137541,1,0.3052958771854974,0,0.0,0,0.0
2024-07-29,-0.1977692384171838,1,-0.8948127766874934,0,0.0,0,0.0
2024-07-30,0.2826324777696853,1,1.2734895144534952,-1,-0.0221306414844689,-1,-1.0
2024-07-31,-0.4068267252560911,0,-1.8383977232422068,0,0.0,0,1.0
2024-08-01,0.3406603277146575,0,1.5353993198229785,0,0.0,0,-1.0
2024-08-02,0.1049367253946387,1,0.4714563534167433,0,0.0,0,0.0
2024-08-05,0.0114798735839698,1,0.049637073684878,0,0.0,0,0.0
2024-08-06,-0.0109825297388876,1,-0.0517474113167103,0,0.0,0,0.0
2024-08-07,0.0074338621317558,1,0.0313753239737141,0,0.0,0,0.0
2024-08-08,-0.315328069191868,0,-1.4254167972889724,0,0.0,0,1.0
2024-08-09,0.0177945554851972,1,0.0781385106550404,0,0.0,0,0.0
2024-08-12,-0.1023770380518256,1,-0.4642582644119187,0,0.0,0,0.0
2024-08-13,-0.2269538290390378,1,-1.0265379820295206,1,0.0152477839836567,1,1.0
2024-08-14,0.1958076065351884,1,0.8816038053013876,0,0.0,0,0.0
2024-08-15,-0.3866299582902129,0,-1.747239231067463,0,0.0,0,1.0
2024-08-16,0.063219319335818,1,0.2831640470199573,0,0.0,0,0.0
2024-08-19,-0.1238642099890458,1,-0.561241023989513,0,0.0,0,0.0
2024-08-20,0.0288167484674084,1,0.1278873885034078,0,0.0,0,0.0
2024-08-21,-0.1144187834876292,1,-0.5186089116682098,0,0.0,0,0.0
2024-08-22,0.3400242726857318,0,1.5325284733417084,0,0.0,0,-1.0
2024-08-23,0.0466304758335701,1,0.2082899860802754,0,0.0,0,0.0
2024-08-26,0.1471965148574426,1,0.6621967176324491,0,0.0,0,0.0
2024-08-27,-0.1164880817918814,1,-0.5279487289564955,0,0.0,0,0.0
2024-08-28,0.2326633169157914,1,1.0479527557052295,-1,-0.1295740401479631,-1,-1.0
2024-08-29,-0.0040872367851495,1,-0.0206253753082817,0,0.0,0,0.0
2024-08-30,-0.0093468643821228,1,-0.0443648045917302,0,0.0,0,0.0
2024-09-03,0.2130858782576283,1,0.9595896136371552,0,0.0,0,0.0
2024-09-04,-0.1226380394467215,1,-0.5557066799048277,0,0.0,0,0.0
2024-09-05,-0.0706243391750905,1,-0.3209418535738834,0,0.0,0,0.0
2024-09-06,0.1371341957262206,1,0.6167802486830886,0,0.0,0,0.0
2024-09-09,0.0628913124910569,1,0.2816835818820501,0,0.0,0,0.0
2024-09-10,0.1180867908860885,1,0.5308094243426463,0,0.0,0,0.0
2024-09-11,-0.3102139228235679,0,-1.4023340003005829,0,0.0,0,1.0
2024-09-12,-0.0151026991789709,1,-0.0703438745178255,0,0.0,0,0.0
2024-09-13,-0.1294642541507169,1,-0.5865169299180399,0,0.0,0,0.0
2024-09-16,0.2578269595144407,1,1.161529335600045,-1,-0.061400434325689,-1,-1.0
2024-09-17,-0.0051666354584879,1,-0.025497261768287,0,0.0,0,0.0
2024-09-18,0.0959111373786652,1,0.4307191900917118,0,0.0,0,0.0
2024-09-19,0.125311827212731,1,0.563419763341814,0,0.0,0,0.0
2024-09-20,-0.1608503763910391,1,-0.7281787901293169,0,0.0,0,0.0
2024-09-23,-0.0670263705131462,1,-0.3047023535257344,0,0.0,0,0.0
2024-09-24,-0.0311731842431787,1,-0.1428783147797213,0,0.0,0,0.0
2024-09-25,-0.1783418315015976,1,-0.8071268057456072,0,0.0,0,0.0
2024-09-26,-0.2870833026081302,1,-1.2979335056338726,1,0.0850601526248975,1,1.0
2024-09-27,-0.0193518171410319,1,-0.0895223493276059,0,0.0,0,0.0
2024-09-30,0.2635616087486799,1,1.1874127840860071,-1,0.1273285419854253,0,-1.0
2024-10-01,0.0117777037501507,1,0.0509813358095573,0,0.0,0,0.0
2024-10-02,-0.0367423085837495,1,-0.1680146635071092,0,0.0,0,0.0
2024-10-03,-0.0177374467410326,1,-0.082235857795367,0,0.0,0,0.0
2024-10-04,-0.0864595119537261,1,-0.3924142073553442,0,0.0,0,0.0
2024-10-07,0.0673080365157531,1,0.3016185498461549,0,0.0,0,0.0
2024-10-08,-0.0092994766263583,1,-0.0441509190539938,0,0.0,0,0.0
2024-10-09,-0.0083020271752963,1,-0.0396489119687532,0,0.0,0,0.0
2024-10-10,-0.0752350927304474,1,-0.3417525775182538,0,0.0,0,0.0
2024-10-11,0.2080321442743872,1,0.9367794890987652,0,0.0,0,0.0
2024-10-14,-0.0357994551435824,1,-0.1637590765563554,0,0.0,0,0.0
2024-10-15,0.374188641862652,0,1.6867300039892117,0,0.0,0,-1.0
2024-10-16,-0.0120332293925627,1,-0.0564897642051387,0,0.0,0,0.0
2024-10-17,-0.0129089270965777,1,-0.0604422424623643,0,0.0,0,0.0
2024-10-18,-0.0434517620491913,1,-0.1982979094473928,0,0.0,0,0.0
2024-10-21,-0.1271394461804595,1,-0.576023864888249,0,0.0,0,0.0
2024-10-22,-0.179396843905688,1,-0.8118886243151344,0,0.0,0,0.0
2024-10-23,0.2129547513796792,1,0.9589977699773444,0,0.0,0,0.0
2024-10-24,0.0218056374991745,1,0.0962426056817916,0,0.0,0,0.0
2024-10-25,-0.1866850342804962,1,-0.8447840103129256,0,0.0,0,0.0
2024-10-28,0.2071547725482113,1,0.9328194551106485,0,0.0,0,0.0
2024-10-29,-0.2158899038490372,1,-0.9766007450668638,0,0.0,0,0.0
2024-10-30,0.1617112238856973,1,0.7277091331396558,0,0.0,0,0.0
2024-10-31,0.0225421361023199,1,0.099566806147389,0,0.0,0,0.0
2024-11-01,-0.0867384085376978,1,-0.3936730123962949,0,0.0,0,0.0
2024-11-04,0.0414910938143733,1,0.185093287501167,0,0.0,0,0.0
2024-11-05,0.1920941611500922,1,0.8648430988650289,0,0.0,0,0.0
2024-11-06,0.5301761397378302,2,2.3907825450932347,0,0.0,0,0.0
2024-11-07,-0.370200589693114,0,-1.673084963148003,0,0.0,0,1.0
2024-11-08,-0.0198067947746509,1,-0.091575899538093,0,0.0,0,0.0
2024-11-11,0.1414843877778542,1,0.6364149233202445,0,0.0,0,0.0
2024-11-12,-0.0859321878654609,1,-0.3900341200445936,0,0.0,0,0.0
2024-11-13,0.1326417975896154,1,0.5965037241743177,0,0.0,0,0.0
2024-11-14,-0.1413388060317758,1,-0.6401129458822231,0,0.0,0,0.0
2024-11-15,0.2507129182359227,1,1.1294199748635358,-1,0.0762781801582238,0,-1.0
2024-11-18,-0.1572386938786641,1,-0.7118773923561865,0,0.0,0,0.0
2024-11-19,-0.1620127291829675,1,-0.7334250915827281,0,0.0,0,0.0
2024-11-20,-0.0446727420911066,1,-0.2038088261096735,0,0.0,0,0.0
2024-11-21,0.0678184163538097,1,0.3039221589610311,0,0.0,0,0.0
2024-11-22,0.1973541928483339,1,0.8885843520672451,0,0.0,0,0.0
2024-11-25,0.0985533858338535,1,0.4426450287931707,0,0.0,0,0.0
2024-11-26,0.0204701290305518,1,0.0902147627853553,0,0.0,0,0.0
2024-11-27,0.1428452676152494,1,0.6425572803726153,0,0.0,0,0.0
2024-11-29,-0.2076297351843236,1,-0.9393183165545924,0,0.0,0,0.0
2024-12-02,-0.3056907964101699,0,-1.3819187831295512,0,0.0,0,1.0
2024-12-03,-0.0491314661370055,1,-0.2239333619690066,0,0.0,0,0.0
2024-12-04,-0.2419333155075657,1,-1.094148179361102,1,0.0271709888089496,1,1.0
2024-12-05,0.085681305106991,1,0.3845466473940689,0,0.0,0,0.0
2024-12-06,-0.069814544833125,1,-0.3172868313958321,0,0.0,0,0.0
2024-12-09,0.0224939346771116,1,0.0993492480971286,0,0.0,0,0.0
2024-12-10,-0.0519546934417947,1,-0.2366760521533294,0,0.0,0,0.0
2024-12-11,-0.1492752720247609,1,-0.6759343362235065,0,0.0,0,0.0
2024-12-12,0.0847157747960728,1,0.3801887079554936,0,0.0,0,0.0
2024-12-13,-0.1800465318041986,1,-0.8148210030127975,0,0.0,0,0.0
2024-12-16,0.0198456631247358,1,0.0873962240318558,0,0.0,0,0.0
2024-12-17,-0.1609837719148241,1,-0.7287808733652944,0,0.0,0,0.0
2024-12-18,-0.241378599910244,1,-1.091644459952788,1,0.006213641205229,1,1.0
2024-12-19,-0.0174990319831232,1,-0.0811597682469779,0,0.0,0,0.0
2024-12-20,0.0195039506321407,1,0.0858538981915434,0,0.0,0,0.0
2024-12-23,-0.1590190263527912,1,-0.7199129568693261,0,0.0,0,0.0
2024-12-24,-0.0226663793909572,1,-0.1044826891400617,0,0.0,0,0.0
2024-12-26,0.0605002453666069,1,0.2708914548984734,0,0.0,0,0.0
2024-12-27,-0.0343526111296124,1,-0.1572287185565633,0,0.0,0,0.0
2024-12-30,0.122998536824968,1,0.5529786831398654,0,0.0,0,0.0
2024-12-31,0.0536507343448399,1,0.2399760565115206,0,0.0,0,0.0
2025-01-02,-0.0646793379091399,1,-0.2941089771884407,0,0.0,0,0.0
2025-01-03,0.0371407971233659,1,0.1654581405722054,0,0.0,0,0.0
2025-01-06,-0.0642854818088309,1,-0.2923313001820834,0,0.0,0,0.0
2025-01-07,0.1187365231233062,1,0.5337420031639076,0,0.0,0,0.0
2025-01-08,0.1058482096236327,1,0.4755703548357096,0,0.0,0,0.0
2025-01-10,-0.0656373249013717,1,-0.298432869714527,0,0.0,0,0.0
2025-01-13,0.3364759167413551,0,1.5165129012387497,0,0.0,0,-1.0
2025-01-14,0.1602484574258083,1,0.721106908877102,0,0.0,0,0.0
2025-01-15,0.1677704574577113,1,0.7550575992130907,0,0.0,0,0.0
2025-01-16,0.140611729141072,1,0.6324761619508265,0,0.0,0,0.0
2025-01-17,-0.2200510403238484,1,-0.9953821137590892,0,0.0,0,0.0
2025-01-21,0.1048081541236337,1,0.470876044537525,0,0.0,0,0.0
2025-01-22,-0.063867049613569,1,-0.2904426985033155,0,0.0,0,0.0
2025-01-23,0.0137416300800635,1,0.0598455546857561,0,0.0,0,0.0
2025-01-24,0.212488019866472,1,0.9568911684075844,0,0.0,0,0.0
2025-01-27,0.3577375472432623,0,1.6124776752545569,0,0.0,0,-1.0
2025-01-28,-0.0604585172841212,1,-0.2750582229480807,0,0.0,0,0.0
2025-01-29,-0.3332602071501255,0,-1.5063538433273784,0,0.0,0,1.0
2025-01-30,-0.1725288504495543,1,-0.7808898051088281,0,0.0,0,0.0
2025-01-31,0.1776140296995552,1,0.7994867499130842,0,0.0,0,0.0
2025-02-03,-0.1292242292885165,1,-0.5854335731332828,0,0.0,0,0.0
2025-02-04,-0.0824754795236346,1,-0.3744322011403889,0,0.0,0,0.0
2025-02-05,-0.0301114189421656,1,-0.1380860168813827,0,0.0,0,0.0
2025-02-06,0.0795918600035223,1,0.3570618209982938,0,0.0,0,0.0
2025-02-07,-0.0709286734796474,1,-0.3223154722509383,0,0.0,0,0.0
2025-02-10,-0.1886562721808976,1,-0.8536812301017108,0,0.0,0,0.0
2025-02-11,0.0636401782147168,1,0.2850636015815158,0,0.0,0,0.0
2025-02-12,-0.3604289299373276,0,-1.628980390822787,0,0.0,0,1.0
2025-02-13,-0.3450478976518017,0,-1.559557808802188,0,0.0,0,1.0
2025-02-14,0.0883980628603837,1,0.3968087852313635,0,0.0,0,0.0
2025-02-18,-0.1004155462619608,1,-0.4554050338785712,0,0.0,0,0.0
2025-02-19,-0.2019813265654566,1,-0.9138241167278252,0,0.0,0,0.0
2025-02-20,-0.1612212197758233,1,-0.729852598806073,0,0.0,0,0.0
2025-02-21,0.026878630847154,1,0.1191396577295576,0,0.0,0,0.0
2025-02-24,-0.016273772775363,1,-0.0756295374881965,0,0.0,0,0.0
2025-02-25,0.2268156449811399,1,1.021559177109408,-1,-0.0817026130182473,-1,-1.0
2025-02-26,-0.0384192360666644,1,-0.1755835076239507,0,0.0,0,0.0
2025-02-27,0.4652213308135289,0,2.09760777850601,0,0.0,0,0.0
2025-02-28,0.0312820397251141,1,0.1390145275253962,0,0.0,0,0.0
2025-03-03,0.0461088149813487,1,0.2059354598932162,0,0.0,0,0.0
2025-03-04,-0.2765396767946143,1,-1.2503446498116195,1,0.0710181203244442,1,1.0
2025-03-05,-0.0032928909644325,1,-0.0170400803249701,0,0.0,0,0.0
2025-03-06,0.3022063360430487,1,1.3618364963866187,-1,-0.0640610524087357,-1,-1.0
2025-03-07,-0.0084472358848939,1,-0.0403043142437765,0,0.0,0,0.0
2025-03-10,0.0557772680660426,1,0.2495742069437704,0,0.0,0,0.0
2025-03-11,-0.1431408055385062,1,-0.6482463049594808,0,0.0,0,0.0
2025-03-12,-0.0017439749313387,1,-0.0100490183237765,0,0.0,0,0.0
2025-03-13,-0.1082008491130819,1,-0.490544146501445,0,0.0,0,0.0
2025-03-14,-0.0333681461449784,1,-0.1527853171077232,0,0.0,0,0.0
2025-03-17,-0.1264913292732107,1,-0.5730985768895522,0,0.0,0,0.0
2025-03-18,0.2209187157911497,1,0.994943274953933,0,0.0,0,0.0
2025-03-19,-0.1576544796893341,1,-0.7137540495277211,0,0.0,0,0.0
2025-03-20,-0.0829051988272603,1,-0.3763717473976235,0,0.0,0,0.0
2025-03-21,0.0004915400391277,1,4.102105163856073e-05,0,0.0,0,0.0
2025-03-24,-0.0125445759536946,1,-0.0587977366430181,0,0.0,0,0.0
2025-03-25,0.0290395734811375,1,0.1288931134446661,0,0.0,0,0.0
2025-03-26,0.0028312281599194,1,0.010601247924131,0,0.0,0,0.0
2025-03-27,0.0092000472876829,1,0.0393470342968431,0,0.0,0,0.0
2025-03-28,0.0483513870883713,1,0.2160573517888199,0,0.0,0,0.0
2025-03-31,0.111034289236646,1,0.4989778238934642,0,0.0,0,0.0
2025-04-01,-0.082991186592895,1,-0.3767598548147152,0,0.0,0,0.0
2025-04-02,0.1413049827306789,1,0.6356051752245877,0,0.0,0,0.0
2025-04-03,-0.1979472442257255,1,-0.8956162092929403,0,0.0,0,0.0
2025-04-04,0.1285093871432212,1,0.5778520109581934,0,0.0,0,0.0
2025-04-07,-0.2645045996331895,1,-1.196024099938677,1,-0.6014825163528825,0,1.0
2025-04-08,-0.0048927271632204,1,-0.0242609714633621,0,0.0,0,0.0
2025-04-09,-0.5503111187230587,2,-2.486017264585353,0,0.0,0,0.0
2025-04-10,0.0801009715532199,1,0.3593597056695181,0,0.0,0,0.0
2025-04-11,0.077697838098143,1,0.348513117072957,0,0.0,0,0.0
2025-04-14,0.2207635000429381,1,0.9942427057196268,0,0.0,0,0.0
2025-04-15,-0.05596386177801,1,-0.2547715097590725,0,0.0,0,0.0
2025-04-16,0.0393431752370168,1,0.1753986161135758,0,0.0,0,0.0
2025-04-17,0.0590266524634828,1,0.2642403652782813,0,0.0,0,0.0
2025-04-21,-0.0606989017123655,1,-0.2761432026410217,0,0.0,0,0.0
2025-04-22,0.132125143322024,1,0.5941717953022936,0,0.0,0,0.0
2025-04-23,-0.3067872126996332,0,-1.386867478923891,0,0.0,0,1.0
2025-04-24,-0.1236248578439629,1,-0.560160703526272,0,0.0,0,0.0
2025-04-25,-0.1587650406703018,1,-0.7187665876564308,0,0.0,0,0.0
2025-04-28,0.0169399671610313,1,0.0742813099856107,0,0.0,0,0.0
2025-04-29,0.1643847667503969,1,0.7397762197541778,0,0.0,0,0.0
2025-04-30,0.0583226668414091,1,0.2610629127716813,0,0.0,0,0.0
2025-05-01,0.0622693572675269,1,0.2788763751408433,0,0.0,0,0.0
2025-05-02,0.0823545047251501,1,0.3695310705402418,0,0.0,0,0.0
2025-05-05,0.0346340333563084,1,0.1541438145897693,0,0.0,0,0.0
2025-05-06,-0.2593141415744092,1,-1.1725968686826032,1,0.0356323869162387,1,1.0
2025-05-07,-0.0104890006701012,1,-0.0495198584697134,0,0.0,0,0.0
2025-05-08,0.2524829278375122,1,1.1374089468949664,-1,0.0146781945871299,0,-1.0
2025-05-09,-0.0290032098511141,1,-0.1330840940525817,0,0.0,0,0.0
2025-05-12,0.047275148276169,1,0.2111997274222047,0,0.0,0,0.0
2025-05-13,-0.1457969517776305,1,-0.6602348715732984,0,0.0,0,0.0
2025-05-14,-0.1599492279631139,1,-0.7241114395452315,0,0.0,0,0.0
2025-05-15,0.0675039654518289,1,0.3025028788289196,0,0.0,0,0.0
2025-05-16,0.0979404562730558,1,0.4398785595525221,0,0.0,0,0.0
2025-05-19,-0.0057462142741129,1,-0.0281132017857197,0,0.0,0,0.0
2025-05-20,-0.044539318263055,1,-0.2032066151218498,0,0.0,0,0.0
2025-05-21,-0.1961404820152152,1,-0.8874613536615079,0,0.0,0,0.0
2025-05-22,0.1998662582607543,1,0.899922607126951,0,0.0,0,0.0
2025-05-23,0.0440395799509081,1,0.1965959281924837,0,0.0,0,0.0
2025-05-27,-0.0324251090597771,1,-0.1485289012716119,0,0.0,0,0.0
2025-05-28,0.0061296976102911,1,0.0254889525794519,0,0.0,0,0.0
2025-05-29,0.106333238740846,1,0.4777595429894725,0,0.0,0,0.0
2025-05-30,-0.0423073573981091,1,-0.1931326172693593,0,0.0,0,0.0
2025-06-02,-0.2155072261611384,1,-0.974873522037717,0,0.0,0,0.0
2025-06-03,-0.0174832404629191,1,-0.0810884929199228,0,0.0,0,0.0
2025-06-04,-0.0334175066808861,1,-0.153008106826191,0,0.0,0,0.0
2025-06-05,-0.0191556456807378,1,-0.0886369257071649,0,0.0,0,0.0
2025-06-06,0.0826652119032266,1,0.370933453303244,0,0.0,0,0.0
2025-06-09,-0.1008741255072982,1,-0.457474840032111,0,0.0,0,0.0
2025-06-10,-0.0380828247718255,1,-0.1740651088406272,0,0.0,0,0.0
2025-06-11,-0.0821718264307385,1,-0.3730616571251329,0,0.0,0,0.0
2025-06-12,0.010527695963091,1,0.0453394018669831,0,0.0,0,0.0
2025-06-13,0.0605367224263053,1,0.2710560948018152,0,0.0,0,0.0
2025-06-16,-0.1453590053430852,1,-0.6582581920040436,0,0.0,0,0.0
2025-06-17,-0.0939815980378985,1,-0.4263652860898888,0,0.0,0,0.0
2025-06-18,0.0838583012002067,1,0.3763184845573196,0,0.0,0,0.0
2025-06-20,0.0395060528517141,1,0.17613376732812,0,0.0,0,0.0
2025-06-23,0.2054879826605877,1,0.9252963672231376,0,0.0,0,0.0
2025-06-24,-0.0920119614438433,1,-0.4174752938277803,0,0.0,0,0.0
2025-06-25,-0.0241906045034836,1,-0.1113623082012475,0,0.0,0,0.0
2025-06-26,-0.075833295780993,1,-0.3444525783745391,0,0.0,0,0.0
2025-06-27,-0.0652582084787481,1,-0.2967217205239939,0,0.0,0,0.0
2025-06-30,-0.0433433521869409,1,-0.1978085994703894,0,0.0,0,0.0
2025-07-01,0.1738845221843917,1,0.782653546746901,0,0.0,0,0.0
2025-07-02,0.1280771167572073,1,0.5759009503420366,0,0.0,0,0.0
2025-07-03,-0.0545932088767046,1,-0.2485850417966981,0,0.0,0,0.0
2025-07-07,-0.0763363062860013,1,-0.3467229258644161,0,0.0,0,0.0
2025-07-08,-0.0086180734905206,1,-0.04107539302891,0,0.0,0,0.0
2025-07-09,0.0816796166831311,1,0.3664849505151328,0,0.0,0,0.0
2025-07-10,-0.0084148296116918,1,-0.0401580479127794,0,0.0,0,0.0
2025-07-11,-0.0971812108155197,1,-0.4408067992708731,0,0.0,0,0.0
2025-07-14,-0.0180265926334109,1,-0.0835409232849207,0,0.0,0,0.0
2025-07-15,-0.2520260749894487,1,-1.1397020414126464,1,0.0574650642368133,1,1.0
2025-07-16,0.1168979399149632,1,0.525443522852999,0,0.0,0,0.0
2025-07-17,0.1433430199856202,1,0.6448038951717099,0,0.0,0,0.0
2025-07-18,-0.0264247710602195,1,-0.1214462614856204,0,0.0,0,0.0
2025-07-21,-0.2438168431030105,1,-1.1026495170187751,1,-0.0824651815372251,0,1.0
2025-07-22,0.3037646524610329,1,1.3688699872039654,-1,-0.1174453838625444,-1,-1.0
2025-07-23,0.1989155339635341,1,0.8956314949130554,0,0.0,0,0.0
2025-07-24,0.5394322729607564,2,2.432560278598604,0,0.0,0,0.0
2025-07-25,-0.0007932855651756,1,-0.0057580637718716,0,0.0,0,0.0
2025-07-28,-0.257869870478618,1,-1.1660781235979905,1,0.0903253580138097,1,1.0
2025-07-29,-0.1139141370222359,1,-0.5163311802399922,0,0.0,0,0.0
2025-07-30,-0.3983152542491459,0,-1.7999810368243747,0,0.0,0,1.0
2025-07-31,0.2031547372608494,1,0.9147652196947664,0,0.0,0,0.0
2025-08-01,-0.1222771052228582,1,-0.5540775964145236,0,0.0,0,0.0
2025-08-04,-0.0529590220248592,1,-0.2412091083318176,0,0.0,0,0.0
2025-08-05,0.1774029935596719,1,0.7985342342783472,0,0.0,0,0.0
2025-08-06,-0.1586811577140565,1,-0.7183879803365859,0,0.0,0,0.0
2025-08-07,-0.1554801531603654,1,-0.7039401853478157,0,0.0,0,0.0
2025-08-08,0.0140713422464083,1,0.0613337168250948,0,0.0,0,0.0
2025-08-11,-0.0445711185692129,1,-0.2033501464090576,0,0.0,0,0.0
2025-08-12,-0.2099959009070751,1,-0.9499980505875688,0,0.0,0,0.0
2025-08-13,0.0188827789914632,1,0.083050228166458,0,0.0,0,0.0
2025-08-14,9.34341231462188e-06,1,-0.0021353826027826,0,0.0,0,0.0
2025-08-15,-0.1084006116994631,1,-0.4914457787378425,0,0.0,0,0.0
2025-08-18,-0.0708055635091377,1,-0.3217598130554688,0,0.0,0,0.0
2025-08-19,0.1830640138939036,1,0.8240853573224944,0,0.0,0,0.0
2025-08-20,-0.0557021610202511,1,-0.2535903184070807,0,0.0,0,0.0
2025-08-21,-0.032316247239802,1,-0.1480375513748146,0,0.0,0,0.0
2025-08-22,0.1292889812582869,1,0.5813707238372277,0,0.0,0,0.0
2025-08-25,-0.0461645668839021,1,-0.2105422057109675,0,0.0,0,0.0
2025-08-26,-0.0140506047114192,1,-0.0655952261104125,0,0.0,0,0.0
2025-08-27,-0.0576462059878969,1,-0.2623648023762172,0,0.0,0,0.0
2025-08-28,-0.0823769676003956,1,-0.3739875656995348,0,0.0,0,0.0
2025-08-29,0.0744931571769481,1,0.3340487287294738,0,0.0,0,0.0
2025-09-02,-0.27582450045267,1,-1.2471166877778528,1,0.0764424919311559,1,1.0
2025-09-03,-0.0598193432267564,1,-0.2721732986725751,0,0.0,0,0.0
2025-09-04,0.2037330246124984,1,0.917375330664958,0,0.0,0,0.0
2025-09-05,-0.1655264321121864,1,-0.7492842566421024,0,0.0,0,0.0
2025-09-08,-0.001962064834733,1,-0.0110333712543988,0,0.0,0,0.0
2025-09-09,-0.1947671108314401,1,-0.8812626166794603,0,0.0,0,0.0
2025-09-10,0.0058994206305967,1,0.0244495930479509,0,0.0,0,0.0
2025-09-11,0.1469210206904824,1,0.6609532694654499,0,0.0,0,0.0
2025-09-12,-0.0507635891749266,1,-0.2312999803704525,0,0.0,0,0.0
2025-09-15,-0.0807060410489619,1,-0.3664458069011701,0,0.0,0,0.0
2025-09-16,-0.0247824991040618,1,-0.1140338357485147,0,0.0,0,0.0
2025-09-17,-0.0055786837108949,1,-0.0273570493994521,0,0.0,0,0.0
2025-09-18,-0.094527103856527,1,-0.4288274369867495,0,0.0,0,0.0
2025-09-19,-0.1078607278643448,1,-0.4890090027705776,0,0.0,0,0.0
2025-09-22,-0.1531939606352134,1,-0.6936214118646081,0,0.0,0,0.0
2025-09-23,-0.1820545009430258,1,-0.8238840099454494,0,0.0,0,0.0
2025-09-24,-0.2046854987391224,1,-0.9260294493114384,0,0.0,0,0.0
2025-09-25,0.0688715698718223,1,0.3086755874128596,0,0.0,0,0.0
2025-09-26,0.0144035953688638,1,0.0628333476182095,0,0.0,0,0.0
2025-09-29,-0.0179728004843584,1,-0.0832981313961618,0,0.0,0,0.0
2025-09-30,0.0871850962360924,1,0.3913340372820759,0,0.0,0,0.0
2025-10-01,-0.217033475160376,1,-0.9817622759501018,0,0.0,0,0.0
2025-10-02,-0.064674758204746,1,-0.2940883066054775,0,0.0,0,0.0
2025-10-03,0.1991738375879733,1,0.8967973532391392,0,0.0,0,0.0
2025-10-06,-0.2537427967987603,1,-1.1474504979792213,1,-0.0674984150803228,0,1.0
2025-10-07,0.1274353700709541,1,0.5730044144570696,0,0.0,0,0.0
2025-10-08,-0.0598047822955922,1,-0.2721075776325773,0,0.0,0,0.0
2025-10-09,-0.0299426709372588,1,-0.137324369548877,0,0.0,0,0.0
2025-10-10,0.0588696905359158,1,0.2635319146302134,0,0.0,0,0.0
2025-10-13,-0.203783754571727,1,-0.9219594098459136,0,0.0,0,0.0
2025-10-14,0.2108806819012522,1,0.9496364179035948,0,0.0,0,0.0
2025-10-15,-0.2102917999618425,1,-0.951333596604122,0,0.0,0,0.0
2025-10-16,-0.2297154727190341,1,-1.039002713351009,1,-0.0626556805666904,0,1.0
2025-10-17,-0.1025669960099117,1,-0.4651156432718606,0,0.0,0,0.0
2025-10-20,0.0861762288641032,1,0.3867804951933741,0,0.0,0,0.0
2025-10-21,0.1008243527317219,1,0.4528950811177921,0,0.0,0,0.0
2025-10-22,-0.1016878295637155,1,-0.4611475087807674,0,0.0,0,0.0
2025-10-23,0.0911929853248145,1,0.4094237209799057,0,0.0,0,0.0
2025-10-24,0.0785598944149798,1,0.3524040246694712,0,0.0,0,0.0
2025-10-27,-0.3229906644275475,0,-1.460002066753636,0,0.0,0,1.0
2025-10-28,-0.0302225546070661,1,-0.1385876298205367,0,0.0,0,0.0
2025-10-29,-0.2344847913292114,1,-1.060529123688823,1,0.0272794696336518,1,1.0
2025-10-30,0.2031290481442676,1,0.9146492713780452,0,0.0,0,0.0
2025-10-31,0.0785917246212723,1,0.3525476909115055,0,0.0,0,0.0
2025-11-03,-0.147343831575391,1,-0.6672167429875531,0,0.0,0,0.0
2025-11-04,0.3242602518214003,1,1.4613772650799368,-1,0.0729041787732575,0,-1.0
2025-11-05,-0.2490446683548164,1,-1.1262454058119078,1,0.1130897799783775,1,1.0
2025-11-06,0.0755208047795997,1,0.3386870357467792,0,0.0,0,0.0
2025-11-07,0.0086470698759698,1,0.0368511602223626,0,0.0,0,0.0
2025-11-10,-0.1060891176915416,1,-0.4810128065305046,0,0.0,0,0.0
2025-11-11,0.1399032504306224,1,0.6292784298043101,0,0.0,0,0.0
2025-11-12,-0.0432617446255452,1,-0.1974402621885135,0,0.0,0,0.0
2025-11-13,0.0211386794185267,1,0.0932322776882898,0,0.0,0,0.0
2025-11-14,-0.0205475073012964,1,-0.0949191196276265,0,0.0,0,0.0
2025-11-17,-0.1756453532007249,1,-0.7949561996033098,0,0.0,0,0.0
2025-11-18,0.1380113636148779,1,0.6207393626466844,0,0.0,0,0.0
2025-11-19,0.0559301867566092,1,0.2502644083646679,0,0.0,0,0.0
2025-11-20,0.2940398006847399,1,1.3249766835852488,-1,0.2632404964478154,0,-1.0
2025-11-21,-0.0213686793536607,1,-0.0986254953181533,0,0.0,0,0.0
2025-11-24,-0.301960041202825,1,-1.365079948480956,1,-0.0114239035455355,0,1.0
2025-11-25,0.0438428959322815,1,0.1957081911302516,0,0.0,0,0.0
2025-11-26,-0.1778133482972952,1,-0.8047414867425572,0,0.0,0,0.0
2025-11-28,-0.1647972804103743,1,-0.7459932165555312,0,0.0,0,0.0
2025-12-01,-0.0212577486897861,1,-0.0981248076550324,0,0.0,0,0.0
2025-12-02,-0.0884229679391085,1,-0.4012763033225516,0,0.0,0,0.0
2025-12-03,0.1549374311379189,1,0.697135490623756,0,0.0,0,0.0
2025-12-04,0.161269608533574,1,0.7257158938410696,0,0.0,0,0.0
2025-12-05,-0.2025587899742064,1,-0.9164305088160568,0,0.0,0,0.0
2025-12-08,-0.0551009768369369,1,-0.250876862151294,0,0.0,0,0.0
2025-12-09,-0.0353230962723945,1,-0.1616090217230787,0,0.0,0,0.0
2025-12-10,0.2562045162386233,1,1.154206406989122,-1,-0.0286409718706108,-1,-1.0
2025-12-11,0.1082272563341473,1,0.486308227452163,0,0.0,0,0.0
2025-12-12,0.1024306754362212,1,0.4601452492231924,0,0.0,0,0.0
2025-12-15,-0.1390641755639472,1,-0.6298463579648452,0,0.0,0,0.0
2025-12-16,0.0170877459885388,1,0.0749483125367464,0,0.0,0,0.0
2025-12-17,0.1648079294281474,1,0.7416861725557096,0,0.0,0,0.0
2025-12-18,-0.2534895397259282,1,-1.1463074173598844,1,0.0279724317714529,1,1.0
2025-12-19,-0.1272796521388141,1,-0.576656687150303,0,0.0,0,0.0
2025-12-22,0.0909507918244578,1,0.4083305760055474,0,0.0,0,0.0
2025-12-23,0.0687743479731219,1,0.3082367745223182,0,0.0,0,0.0
2025-12-24,0.0073698392275196,1,0.0310863553766767,0,0.0,0,0.0
2025-12-26,0.0319124339964334,1,0.1418598240694498,0,0.0,0,0.0
2025-12-29,0.0141691056844137,1,0.0617749739635983,0,0.0,0,0.0
2025-12-30,-0.0741957443386892,1,-0.3370614587665749,0,0.0,0,0.0
2025-12-31,0.0019092341460222,1,0.0064398103909355,0,0.0,0,0.0
