,spread,regime,z_score,signal
0,0.11595369837501712,0,0.36276071360028406,0
1,-0.16136864891998282,0,-0.5059274320784307,0
2,-0.04556240164100345,0,-0.14317442934340346,0
3,-0.14453066288383132,0,-0.4531839045214929,0
4,-0.22861295789918268,0,-0.716564384507114,0
5,0.14443106067215705,0,0.45196357550094646,0
6,-0.027028464866238333,0,-0.08511848352425623,0
7,0.03630854494922408,0,0.11327919392977634,0
8,-0.22111514741657942,0,-0.6930781449439727,0
9,0.14600655131318235,0,0.4568986629788791,0
10,-0.26439884210124515,0,-0.82866055595591,0
11,0.18239507289539,0,0.5708825436346007,0
12,-0.043100480010521025,0,-0.1354626738471357,0
13,-0.13102156053285,0,-0.4108678157333986,0
14,-0.05198769009430948,0,-0.16330108688253034,0
15,0.0136019705822841,0,0.0421528235743767,0
16,0.017921579024623456,0,0.05568362152281001,0
17,0.1368639420798061,0,0.4282602343088722,0
18,0.021767877080241953,0,0.06773181582901448,0
19,0.07799335525243345,0,0.24385323860546415,0
20,-0.1099075627563554,0,-0.34473005310723354,0
21,-0.25993878135163817,0,-0.8146898033642729,0
22,-0.188995927021176,0,-0.5924674791318562,0
23,-0.008268575352605959,0,-0.026354760392345848,0
24,0.013570311367362857,0,0.042053653835724784,0
25,0.1629318184008274,0,0.5099155908424075,0
26,-0.08311977451019603,0,-0.2608196350490859,0
27,-0.15183874964575833,0,-0.47607585102201927,0
28,-0.16681585780672045,0,-0.5229903403982972,0
29,-0.03613514354101216,0,-0.11364436284283144,0
30,0.08990053503751906,0,0.2811514442086575,0
31,-0.21497960531037047,0,-0.6738590926499045,0
32,-0.07067882653680521,0,-0.22184944699570833,0
33,0.1123046314027148,0,0.35133032851756013,0
34,-0.09155670043883615,0,-0.28724757211101626,0
35,0.08124163163599546,0,0.2540281820090941,0
36,-0.033532187398013114,0,-0.10549082899602764,0
37,-0.11992071653594055,0,-0.3760953868930855,0
38,0.1407103130263061,0,0.4403086569394267,0
39,0.029207264669561347,0,0.09103505075756013,0
40,0.06139102869523291,0,0.19184789388080897,0
41,-0.23067876562834644,0,-0.7230353476410987,0
42,0.04968349594594201,0,0.15517506526222002,0
43,-0.17004781727568868,0,-0.5331141724853675,0
44,-0.016735446634320972,0,-0.05287649866967792,0
45,-0.029160091944679167,0,-0.09179562004827227,0
46,-0.09347264071651362,0,-0.29324908848097675,0
47,-0.08710342089484158,0,-0.2732980610564798,0
48,-0.05853692273840061,0,-0.18381598882500574,0
49,-0.06035354175234686,0,-0.1895063899701792,0
50,-0.2409837895725348,0,-0.755314939345727,0
51,-0.06872679243693486,0,-0.2157348698653114,0
52,0.19870866119699462,0,0.6219834408731926,0
53,-0.02315735504416569,0,-0.07299256851648443,0
54,-0.09512028632628722,0,-0.2984101951261883,0
55,0.1281802895927544,0,0.4010594477502937,0
56,0.07581018577196014,0,0.2370146499875864,0
57,0.09436799351506253,0,0.29514536953998205,0
58,-0.20376108441007307,0,-0.6387180511392085,0
59,0.050715014006334186,0,0.158406205918054,0
60,-0.1711367663651595,0,-0.5365252108473956,0
61,-0.012849003173084073,0,-0.040702552370154736,0
62,-0.08621486195178926,0,-0.27051472740848764,0
63,-0.10967182836708872,0,-0.34399163562489865,0
64,-0.1162245560055685,0,-0.36451748533348177,0
65,0.08993468613961486,0,0.2812584195672676,0
66,-0.10220014785357984,0,-0.32058724591850574,0
67,-0.1841730623561386,0,-0.5773602748131428,0
68,0.1030036711262543,0,0.3221958789703147,0
69,0.2201039310617569,0,0.6890022638652881,0
70,0.047438520270568274,0,0.14814287411153812,0
71,-0.02636418249565373,0,-0.08303767674348728,0
72,0.16075490019160754,0,0.5030965837883173,0
73,-0.260670834538996,0,-0.8169828963373668,0
74,-0.08108254512409635,0,-0.2544381910904763,0
75,-0.053040019648384215,0,-0.16659741773321246,0
76,-0.12000779360698277,0,-0.37636814824864384,0
77,-0.23992306018664278,0,-0.7519922967520623,0
78,-0.1858325933437467,0,-0.5825586113712427,0
79,0.2482839803311132,0,0.7772738185514017,0
80,-0.014259691648670525,0,-0.04512141139085949,0
81,-0.03377433318159706,0,-0.10624932961372832,0
82,0.1788117499041108,0,0.5596580958574043,0
83,-0.0015802842168136655,0,-0.0054042698127662716,0
84,0.10907685169614922,0,0.34121958917287554,0
85,0.10671154460736314,0,0.33381047032991185,0
86,0.174055555962827,0,0.5447597317852615,0
87,-0.12758000210934206,0,-0.4000874331413608,0
88,-0.05078533749906791,0,-0.15953482189667495,0
89,0.5909189853942055,1,1.8505481871555978,0
90,0.820126271448994,1,2.5685200860707016,0
91,-0.2983632802140882,0,-0.9350512058658499,0
92,0.3979198235718049,1,1.245995089879581,0
93,-0.315172266473046,0,-0.9877038941416365,0
94,-0.2827658054158213,0,-0.8861934719257721,0
95,-0.23561268267307656,0,-0.7384904138855797,0
96,-0.047063634184756536,0,-0.1478769097867778,0
97,-0.17868568278422337,0,-0.560171535313936,0
98,0.11099123483470708,0,0.34721622793990364,0
99,0.07608293578850286,0,0.2378690157046496,0
100,0.08265351843855984,0,0.25845079468488846,0
101,-0.030899059243539306,0,-0.09724278394608764,0
102,0.15479929459104977,0,0.48444116695658623,0
103,0.02711743855472598,0,0.08448885211834208,0
104,0.9716022416992228,1,3.0430053952967278,0
105,-0.05238789230502801,0,-0.16455468551861785,0
106,-0.2627523848905248,0,-0.823503171867427,0
107,-0.0008009349319398895,0,-0.0029630259255837284,0
108,-0.08840302609857198,0,-0.2773689613844006,0
109,0.08319808218914077,0,0.26015659329545904,0
110,-0.019887113519180433,0,-0.0627488212167435,0
111,0.17522923428736872,0,0.5484361771107616,0
112,-0.2548661500802393,0,-0.7988002268629751,0
113,-0.12739985569878137,0,-0.3995231401701414,0
114,-0.09035724947607306,0,-0.28349039623666505,0
115,0.06269675921295018,0,0.19593798122232906,0
116,0.005640650063475958,0,0.017214679115067764,0
117,0.055120922147763485,0,0.17220733017198092,0
118,-0.10917499632530583,0,-0.3424353524428908,0
119,0.053179113924752996,0,0.16612478471192713,0
120,-0.007623656759553038,0,-0.02433460896143025,0
121,-0.07049520332196417,0,-0.22127426323731417,0
122,0.05108486555138969,0,0.15956473373229071,0
123,0.08122352387284959,0,0.25397146101512086,0
124,0.24747901937612546,0,0.7747523483339718,0
125,-0.030427086234352307,0,-0.09576436952272735,0
126,0.015159619876324304,0,0.04703202458380051,0
127,-0.10695308282946792,0,-0.33547540156484357,0
128,-0.19369549416560464,0,-0.6071884646853343,0
129,-0.27516913503260565,0,-0.8623975623177078,0
130,-0.003515107030797243,0,-0.01146493408627457,0
131,-0.07238972888772938,0,-0.2272086998837588,0
132,0.06422261059075296,0,0.20071757802328513,0
133,-0.09644189458644467,0,-0.30255001811567356,0
134,0.08015629538854457,0,0.2506284605606344,0
135,-0.059106502815089695,0,-0.1856001489024778,0
136,-0.11774908674232512,0,-0.36929294534116214,0
137,-0.03891790116074753,0,-0.12236110918563445,0
138,0.089047543501529,0,0.27847952237146556,0
139,-0.1291979931502093,0,-0.4051556494273012,0
140,-0.04772833948633404,0,-0.14995904136211727,0
141,0.13925331814455688,0,0.43574474712676475,0
142,-0.16477634827120996,0,-0.5166017540698682,0
143,0.035061710008197466,0,0.10937359186253404,0
144,0.08896606930167587,0,0.2782243115228577,0
145,-0.11598534430046825,0,-0.3637681754615762,0
146,-0.2482142049714646,0,-0.7779635870535218,0
147,0.13948521471137593,0,0.43647114296389866,0
148,-0.11566910631980813,0,-0.36277758747725986,0
149,-0.007745991998945231,0,-0.024717813464404256,0
150,-0.052009111423688636,0,-0.16336818733468597,0
151,0.01900110304693703,0,0.059065136681275256,0
152,0.11652507483862948,0,0.364550500703636,0
153,0.0667058182923588,0,0.20849601028698023,0
154,0.025211345220573347,0,0.07851818044299287,0
155,0.008997803155235129,0,0.027730669342633605,0
156,0.16297397300806976,0,0.5100476364851562,0
157,-0.10748171056172065,0,-0.3371312819832957,0
158,-0.028467501682754415,0,-0.08962614125864356,0
159,0.06746849594013878,0,0.21088503172020728,0
160,0.09039327437650255,0,0.2826949073549188,0
161,0.07648678327947894,0,0.23913403286426504,0
162,0.12243062785306752,0,0.3830491321603445,0
163,0.07210337191011373,0,0.22540337779321765,0
164,0.19347716663465353,0,0.6055962389227701,0
165,-0.009080629140357843,0,-0.028898448291839837,0
166,0.02207522912725272,0,0.0686945693986153,0
167,-0.02203844776429048,0,-0.06948768872723589,0
168,-0.04754347887365998,0,-0.14937998156257634,0
169,0.0223009661146175,0,0.06940167088855191,0
170,-0.09711037741257653,0,-0.3046439824583049,0
171,-0.031034053577277454,0,-0.09766564196166394,0
172,-0.10819107474278436,0,-0.33935330361649513,0
173,0.037974753557035335,0,0.11849844755268683,0
174,0.11853991349866899,0,0.3708618076592549,0
175,-0.11732872385526785,0,-0.3679761951389814,0
176,-0.0844266645926092,0,-0.2649133546262167,0
177,-0.10940362848693787,0,-0.34315152281454636,0
178,0.1231438224332635,0,0.3852831521858548,0
179,-0.15841282596006612,0,-0.4966685736018247,0
180,0.0858330440446528,0,0.2684103822545004,0
181,-0.23659938042514628,0,-0.7415811588217569,0
182,-0.1990931247272778,0,-0.6240960732117069,0
183,0.03702422088306023,0,0.11552098657986408,0
184,-0.18884068215394478,0,-0.5919811880804619,0
185,0.09114596381904434,0,0.28505264160349725,0
186,-0.012453482998106336,0,-0.03946361980402278,0
187,0.047433753146484514,0,0.14812794150974481,0
188,0.07485764505341688,0,0.23403089898971025,0
189,0.07495657034677763,0,0.23434077387173288,0
190,0.033325301240612976,0,0.10393444234153029,0
191,-0.029488201616571202,0,-0.09282339507338393,0
192,0.10176292971090167,0,0.3183093643425449,0
193,0.12764308879532385,0,0.39937671295041594,0
194,-0.11390373533167941,0,-0.3572477163180445,0
195,0.0014574179039167912,0,0.0041110680174541525,0
196,0.0972402204306968,0,0.30414237067475436,0
197,-0.09825690661245921,0,-0.30823538551084406,0
198,-0.05265178200002256,0,-0.1653812970486461,0
199,-0.048598697486446074,0,-0.1526853621385302,0
200,0.08857758520219242,0,0.2770074188515759,0
201,-0.11840052478800833,0,-0.3713335183907157,0
202,-0.03997490082964211,0,-0.12567206876502354,0
203,0.14844120884825834,0,0.4645250160663138,0
204,-0.15954058260421128,0,-0.5002011732553867,0
205,-0.092710002448668,0,-0.2908601904019708,0
206,-0.22460262324711947,0,-0.704002359822006,0
207,0.12611526600274872,0,0.39459094086405766,0
208,0.062012455762921914,0,0.19379446015060578,0
209,0.1349338344243139,0,0.4222143398594564,0
210,-0.09628412451665122,0,-0.3020558170867652,0
211,-0.005485314616201914,0,-0.017636438080313423,0
212,-0.16187980121810627,0,-0.5075285722185867,0
213,-0.29329579716785714,0,-0.9191777557323627,0
214,-0.04816666306861478,0,-0.15133205188078877,0
215,-0.15103834796050736,0,-0.47356866232070927,0
216,-0.06273898882152906,0,-0.19697859555099492,0
217,-0.17025119028161714,0,-0.5337512207475228,0
218,0.5118667130609962,1,1.602923815969329,0
219,-0.14806220529471734,0,-0.4642461541318171,0
220,-0.09820514275507869,0,-0.3080732397273554,0
221,-0.18643477256161373,0,-0.5844448854246593,0
222,0.07574800557823277,0,0.236819875935968,0
223,-0.2040787275137546,0,-0.6397130405492442,0
224,-0.0681138687770938,0,-0.21381493978140959,0
225,-0.09907536302483891,0,-0.31079912907541396,0
226,-0.01826890806854541,0,-0.05767993331084384,0
227,0.030306170000758446,0,0.0944772761813144,0
228,0.039865053386028415,0,0.12441964744602986,0
229,-0.06175881359781865,0,-0.19390828186790945,0
230,-0.06478691386243435,0,-0.2033935427185256,0
231,-0.21015807855488758,0,-0.6587560792165682,0
232,0.07437600677197957,0,0.23252220894121375,0
233,-0.05678204709724549,0,-0.1783189934278401,0
234,1.0431373165531377,1,3.267082798838003,0
235,0.22854935691046327,0,0.7154568261879405,0
236,-0.07711409757224019,0,-0.24200737410558298,0
237,0.24095396996340895,0,0.7543131982615647,0
238,0.23349218764760082,0,0.7309398137990337,0
239,0.01959921222899395,0,0.06093866170131899,0
240,-0.20291483553275658,0,-0.6360672500941821,0
241,0.20725853944542277,0,0.6487651912580803,0
242,-0.40123606315647264,0,-1.2572912558534841,1
243,-0.06239002416830981,0,-0.19588549410976855,0
244,-0.12999457370504539,0,-0.4076508687697518,0
245,0.2521725562828585,0,0.789454444692068,0
246,0.41333005031148706,1,1.29426628555334,0
247,-0.14137979285699176,0,-0.44331407806290496,0
248,0.37547241043596874,1,1.1756805195521105,0
249,0.23391725466308022,0,0.7322712992745738,0
250,0.47844455831589666,1,1.498231821568952,0
251,-0.2536679703670208,0,-0.7950470330673147,0
252,-0.05466261791118554,0,-0.17168006574136238,0
253,-0.15463264733628418,0,-0.4848274926681835,0
254,-0.2653149548866398,0,-0.8315301996198248,0
255,-0.2442936638708815,0,-0.7656828328628041,0
256,-0.28682825086432273,0,-0.8989187291508081,0
257,0.03731248677558678,0,0.11642395442967436,0
258,-0.13138765252735818,0,-0.412014567082358,0
259,0.10835401506809325,0,0.33895536627061285,0
260,-0.27349182881648054,0,-0.857143546401453,0
261,-0.1902391073527135,0,-0.5963616334525635,0
262,-0.18317709282984945,0,-0.5742404868502049,0
263,0.07891620170523542,0,0.24674397489718444,0
264,-0.1355712274902658,0,-0.42511925198166123,0
265,-0.00041016642954033733,0,-0.0017389775607470454,0
266,-0.20500776397242665,0,-0.6426231664962644,0
267,0.2709188330548035,0,0.8481755270939784,0
268,0.1402274363731576,0,0.43879608779919477,0
269,0.1911460406786092,0,0.5982941895068046,0
270,-0.10900212098264103,0,-0.341893835459792,0
271,0.3033411033054741,0,0.949735470234042,0
272,0.020563520358779154,0,0.06395927309198682,0
273,0.02314653568499686,0,0.0720503440636489,0
274,-0.16423983990488022,0,-0.5149211882502218,0
275,0.014963601221332584,0,0.04641801318665169,0
276,0.141759172450794,0,0.44359411791083136,0
277,0.2615442575216401,0,0.8188104841543768,0
278,-0.19304191619798902,0,-0.6051411885163477,0
279,-0.07866132030025219,0,-0.24685391480328947,0
280,-0.08260101176633385,0,-0.25919465584921825,0
281,-0.03342395027961373,0,-0.10515178563153472,0
282,0.27801538596021813,0,0.8704048621773061,0
283,-0.19737455769027537,0,-0.6187128113607961,0
284,0.08482117246313907,0,0.2652407824859137,0
285,-0.17857149443762643,0,-0.5598138502444459,0
286,-0.019662470899005635,0,-0.06204514773689778,0
287,-0.06216624757231647,0,-0.19518453337538905,0
288,0.17628499156897065,0,0.5517432450199554,0
289,-0.03704427389145501,0,-0.11649213463623238,0
290,-0.07249356069185173,0,-0.22753394398422638,0
291,-0.17867743826377924,0,-0.5601457100703289,0
292,-0.05277947024602708,0,-0.16578126937950424,0
293,-0.0647297807444753,0,-0.2032145781930166,0
294,0.10184774452592427,0,0.31857503937777637,0
295,0.06969272049822153,0,0.21785222179983924,0
296,0.00019800256038007315,0,0.00016605893294479804,0
297,0.4551151637650837,1,1.425154521128411,0
298,-0.18870145714026626,0,-0.5915450778277391,0
299,0.10405935145751619,0,0.32550270583925744,0
300,-0.16925557598488833,0,-0.530632545510303,0
301,0.16176569519013617,0,0.506262811254289,0
302,-0.0039423999019891215,0,-0.012803391861343674,0
303,0.014806711560061109,0,0.045926569960905786,0
304,-0.10819759333210469,0,-0.3393737225308897,0
305,0.21224896917036096,0,0.6643972785607491,0
306,0.0598725695545943,0,0.18709145262017338,0
307,-0.057229708295685855,0,-0.1797212532174264,0
308,0.5247753487884108,1,1.6433589952567793,0
309,0.06912992922188221,0,0.2160893270493224,0
310,-0.3784883459339019,0,-1.186036009079309,1
311,0.11369029534977124,0,0.35567080037799,0
312,-0.029118400145713014,0,-0.09166502411221743,0
313,0.13973149057002732,0,0.43724258068272676,0
314,-0.01776091893932795,0,-0.05608870152231636,0
315,0.07686427925746295,0,0.240316506200131,0
316,-0.17226399512397095,0,-0.540056156946038,0
317,-0.0907085262143155,0,-0.2845907400832404,0
318,-0.062214797452153414,0,-0.19533661165360877,0
319,0.03670046166901096,0,0.11450683898576598,0
320,-0.07480927786196338,0,-0.23478772671772097,0
321,0.1681976838239784,0,0.5264104565265086,0
322,-0.2110801351593028,0,-0.6616443413768774,0
323,0.08283636342034541,0,0.259023540695887,0
324,-0.040098923221971436,0,-0.1260605581279114,0
325,0.05386970419135051,0,0.1682879986900499,0
326,0.25518811486260284,0,0.7989004198050549,0
327,0.11795289342234322,0,0.3690230182989544,0
328,0.0802741619398172,0,0.2509976672865304,0
329,-0.033141691459871475,0,-0.10426763441503527,0
330,0.11367680027503718,0,0.35562852822949254,0
331,-0.044338920559921086,0,-0.13934198121231992,0
332,-0.3951017648650995,0,-1.2380760997012663,1
333,-0.1210982430270851,0,-0.37978388626595366,0
334,-0.10141831775528919,0,-0.3181382310989483,0
335,0.05463944132209905,0,0.17069913334000555,0
336,0.10219317327725683,0,0.31965706491371343,0
337,-0.30136546963777344,0,-0.9444553032596426,0
338,-0.15930201813128667,0,-0.4994538907820083,0
339,0.055934323893813837,0,0.17475524043366883,0
340,-0.12571711556447607,0,-0.39425210297754953,0
341,0.06586281859905696,0,0.20585538702843295,0
342,-0.20630492218341928,0,-0.6466864018321475,0
343,0.07215259679879776,0,0.22555757047797334,0
344,0.09466419200252338,0,0.29607318555385526,0
345,-0.07046328634403015,0,-0.2211742860784317,0
346,-0.14252496279697735,0,-0.4469012233519749,0
347,-0.10100818043796823,0,-0.31685351160507286,0
348,-0.018791107677401137,0,-0.05931567819154214,0
349,-0.10110431546076193,0,-0.31715464620709827,0
350,0.04395788032220278,0,0.1372400720401834,0
351,-0.1667026121884555,0,-0.5226356083433569,0
352,0.2638063660024655,0,0.8258963423288065,0
353,0.3201740064833572,0,1.0024630761792996,-1
354,1.1449020604527775,1,3.5858520128444407,0
355,0.0357087912785799,0,0.11140051769218598,0
356,0.04585113318700984,0,0.14317052206151065,0
357,0.792931265614945,1,2.483334094317314,0
358,-0.31328222580872933,0,-0.9817835060591135,0
359,-0.1276163717930685,0,-0.4002013580140709,0
360,-0.12414828711786793,0,-0.3893378842444939,0
361,0.03272066035769461,0,0.1020404573363292,0
362,-0.21183509288917712,0,-0.664009180838346,0
363,0.13486520314241485,0,0.4219993583349238,0
364,-0.052787331808072144,0,-0.1658058950392164,0
365,-0.2343923927549837,0,-0.7346679617951577,0
366,-0.03781867955782481,0,-0.11891789306819268,0
367,-0.05502842620312576,0,-0.17282592841668948,0
368,-0.06192299135827278,0,-0.1944225544308013,0
369,0.07682157485122044,0,0.24018273835980747,0
370,0.1571053297114061,0,0.49166462151086854,0
371,0.13481553440997737,0,0.4218437753481931,0
372,0.13464101594619066,0,0.42129711143101406,0
373,0.00504552855684285,0,0.015350512728574909,0
374,0.06232254266227498,0,0.19476578040743214,0
375,0.12279098729171922,0,0.3841779267764061,0
376,-0.4069279688274378,0,-1.2751206555788126,1
377,-0.23179617990956894,0,-0.7265355507418517,0
378,-0.08663622202088192,0,-0.27183460119671066,0
379,-0.14199054139222084,0,-0.4452271947580401,0
380,-0.11696448432856407,0,-0.366835246484387,0
381,0.15999839572326077,0,0.5007268993030394,0
382,-0.18569439340615634,0,-0.5821257120802578,0
383,-0.0999731536904046,0,-0.3136113802916793,0
384,-0.13876638154120707,0,-0.43512779429620285,0
385,0.06927571956299095,0,0.21654600261950605,0
386,-0.27073391931465995,0,-0.8485046346280077,0
387,-0.1254078889758844,0,-0.39328347756939763,0
388,0.12924602034105548,0,0.4043977566769437,0
389,-0.10339856605740982,0,-0.3243411867652752,0
390,-0.16206989110453687,0,-0.5081240122635969,0
391,0.3530763607135709,0,1.1055268406522893,-1
392,0.234165456011598,0,0.7330487684230284,0
393,-0.2108801226636925,0,-0.6610178196211696,0
394,-0.11159291901749624,0,-0.3500092850897217,0
395,-0.0004284920693273797,0,-0.0017963810343591014,0
396,-0.23066986573331716,0,-0.7230074694935742,0
397,-0.059089328425678975,0,-0.18554635162059308,0
398,0.24718704748119957,0,0.7738377717538029,0
399,0.013464711528043072,0,0.04172287151869394,0
400,-0.3692945232887752,0,-1.1572371588489003,1
401,0.20173387881214414,0,0.6314596720749404,0
402,0.29936840005173093,0,0.9372913226329296,0
403,0.06475351215978453,0,0.2023805810377857,0
404,-0.16860819963977325,0,-0.5286046953847015,0
405,0.00012455653171980496,0,-6.40043672784813e-05,0
406,-0.27385173517927386,0,-0.8582709217967734,0
407,-0.1808137001059284,0,-0.5668373645887681,0
408,0.23937384255493102,0,0.7493635865126541,0
409,-0.5355528597315287,1,-1.6780269451637062,0
410,0.12713749979935546,0,0.3977929993706511,0
411,0.12272960502658029,0,0.3839856521667282,0
412,-0.22627854951227167,0,-0.7092520531617954,0
413,-0.1385466044819214,0,-0.43443936176288633,0
414,-0.12278366678253905,0,-0.3850633296685104,0
415,-0.27754955350381194,0,-0.8698540162524926,0
416,0.022910380707330424,0,0.07131060912471289,0
417,-0.3854972669376466,0,-1.2079908448483676,1
418,0.023896878376229447,0,0.07440072731775084,0
419,-0.008063746660668059,0,-0.025713152320306645,0
420,-0.10779630098158387,0,-0.3381167091266358,0
421,-0.03909873031091399,0,-0.12292754077931939,0
422,-1.9443961199572257e-05,0,-0.0005150733935978401,0
423,-0.1998930150890818,0,-0.6266016602367679,0
424,0.25501266663738037,0,0.798350843491001,0
425,-0.20559450106423582,0,-0.6444610694321661,0
426,0.022540200251165127,0,0.0701510510250165,0
427,0.18519824868654466,0,0.579663248124453,0
428,0.25703063662547004,0,0.8046719590595355,0
429,-0.16275918961156582,0,-0.5102831799171619,0
430,-0.0598808741070265,0,-0.18802579965951488,0
431,0.03632698473170426,0,0.11333695494545239,0
432,0.14028515271748154,0,0.43897687923059275,0
433,-0.18959423956205734,0,-0.5943416411557397,0
434,0.6083473902002768,1,1.9051411501850763,0
435,0.545585932764712,1,1.708546340529153,0
436,-0.25723959127817864,0,-0.8062348250957754,0
437,0.19495240413834614,0,0.6102172921628656,0
438,0.09591930904315593,0,0.30000473057816246,0
439,-0.0037904763395869567,0,-0.012327504508610235,0
440,-0.030734293906337806,0,-0.09672667085011183,0
441,0.04574322915036322,0,0.14283252204665398,0
442,-0.04466674661212447,0,-0.14036886782341151,0
443,-0.3399492080912926,0,-1.0653155099377807,1
444,-0.1783940227851864,0,-0.5592579357205266,0
445,-0.25273770526493733,0,-0.7921330585016122,0
446,0.10456364555524342,0,0.3270823632628454,0
447,0.06990285940037427,0,0.21851046364376767,0
448,-0.48026100038469355,1,-1.504830002199577,0
449,0.06462494956631376,0,0.20197786988949526,0
450,0.24722655200064914,0,0.773961516226909,0
451,0.02624124092852903,0,0.08174423922084824,0
452,0.26890139389011514,0,0.8418560742836049,0
453,-0.029073537687066775,0,-0.09152449636033548,0
454,0.2997127220192216,0,0.938369881264693,0
455,-0.5699413035588343,1,-1.7857457561160084,0
456,0.2664981619506,0,0.8343281591424838,0
457,-0.1954652582179205,0,-0.6127320967362332,0
458,-0.30645845998579796,0,-0.9604086527986856,0
459,-0.2411392828557073,0,-0.7558020085384629,0
460,-0.09049360415989093,0,-0.2839175154306129,0
461,-0.16413084541433087,0,-0.5145797724833063,0
462,-0.19882535886105798,0,-0.6232573199122654,0
463,-0.0748039889818671,0,-0.23477115976057392,0
464,-0.20141052361311568,0,-0.6313551237735248,0
465,-0.02781704361095394,0,-0.08758863789208997,0
466,0.25129063002849966,0,0.7866918873648383,0
467,-0.08247987152881556,0,-0.25881519458573454,0
468,-0.15591115677896644,0,-0.4888323123584444,0
469,-0.12086038782746136,0,-0.3790388255295342,0
470,0.0741746162537951,0,0.23189137064958176,0
471,0.20091792182626783,0,0.6289037577466209,0
472,0.009196029671500738,0,0.02835159667329676,0
473,-0.0710985538224087,0,-0.22316420623158703,0
474,-0.09041239627196368,0,-0.2836631387809628,0
475,-0.017611328037551277,0,-0.05562012102621753,0
476,-0.013623892843387934,0,-0.04312982690236474,0
477,-0.19794331080873406,0,-0.6204943810634977,0
478,0.14624196775608922,0,0.4576360845218805,0
479,-0.2046440148208118,0,-0.6414837538990084,0
480,-0.22432357769672912,0,-0.7031282738924266,0
481,-0.007143854229936741,0,-0.022831669245933862,0
482,-0.07218296767666983,0,-0.2265610383635621,0
483,0.05335752130918797,0,0.16668363033497874,0
484,0.37814075405769126,1,1.1840388739919785,0
485,0.16211495206504706,0,0.507356828054562,0
486,-0.13160100112587503,0,-0.41268286302113283,0
487,-0.07654086491793835,0,-0.24021177264625215,0
488,-0.3870614348332318,0,-1.2128904648104788,1
489,-0.19152307393100476,0,-0.6003835471457389,0
490,0.18347396928450968,0,0.5742620927866453,0
491,-0.2185139133725194,0,-0.6849300054223959,0
492,0.025842738324367176,0,0.0804959644545552,0
493,-0.10459036075772815,0,-0.3280743800630658,0
494,0.06879982825771519,0,0.21505531447425943,0
495,0.21032678357662507,0,0.6583761992811318,0
496,0.6759203121769595,1,2.116807454262531,0
497,-0.2156341583075232,0,-0.6759094230141582,0
498,0.2709355451136416,0,0.848227876165534,0
499,-0.13153021234179235,0,-0.41246112330855855,0
500,-0.014384035916758298,0,-0.0455109090015805,0
501,-0.17383782032511275,0,-0.5449860275783098,0
502,0.29101409909966736,0,0.9111222011276578,0
503,-0.11529676439779141,0,-0.36161125877367695,0
504,-0.24958417308530337,0,-0.7822548930808129,0
505,0.043270364641376124,0,0.1350864889347186,0
506,-0.044230752669678075,0,-0.13900315469900892,0
507,0.004152998259531637,0,0.012554739158590674,0
508,-0.31909840148541224,0,-1.0000021707747442,1
509,0.09449832790468715,0,0.29555363068570484,0
510,-0.07152935253721204,0,-0.2245136457570112,0
511,-0.09915134623099248,0,-0.3110371398635819,0
512,0.030010815621973663,0,0.09355210426449187,0
513,0.3753544925660054,1,1.175311152074877,0
514,-0.00766216989946264,0,-0.024455248024306594,0
515,-0.09118380351956243,0,-0.28607950492677087,0
516,0.1733462914480783,0,0.54253802234813,0
517,-0.2292433001080721,0,-0.718538876681741,0
518,0.2157339423339814,0,0.67531365405221,0
519,0.37929548835176585,1,1.187655978788817,0
520,0.649013172373259,1,2.0325231778254405,0
521,0.4051022568779002,1,1.2684934378525845,0
522,-0.17978198320443362,0,-0.5636056010804651,0
523,-0.4521631315878219,0,-1.4168158706996943,1
524,0.21521707048807415,0,0.6736945979258132,0
525,-0.16728074558002315,0,-0.5244465609361589,0
526,-0.049301528502852604,0,-0.15488691920135939,0
527,-0.0689753904001253,0,-0.216513581374751,0
528,0.010121949707918076,0,0.03125196069851013,0
529,-0.09777796115017634,0,-0.30673513048426604,0
530,-0.07356280623564429,0,-0.23088326270221757,0
531,0.09877172069347123,0,0.3089396621168349,0
532,0.4433009148539243,1,1.3881474134094476,0
533,0.20652363437253696,0,0.6464631650014803,0
534,0.24240794077973443,0,0.7588676354521644,0
535,-0.01988961379631629,0,-0.06275665311752616,0
536,-0.13428825131813146,0,-0.421100440649678,0
537,-0.320093391252703,0,-1.0031188897277887,1
538,-0.1965266553397974,0,-0.6160568309548254,0
539,-0.3119740446758283,0,-0.9776857423785585,0
540,-0.015754039166739564,0,-0.0498023250897837,0
541,-0.09009974217753186,0,-0.28268377700871467,0
542,-0.11509281207586089,0,-0.3609723958545043,0
543,-0.05510121262950707,0,-0.17305392557011218,0
544,-0.014503401203063163,0,-0.0458848103846821,0
545,-0.02573941495868251,0,-0.081080646744046,0
546,0.8308797426989545,1,2.6022043999777975,0
547,0.35312965040297184,0,1.1056937659719437,-1
548,-0.16186456368781463,0,-0.5074808419795241,0
549,0.04656571768520859,0,0.1454088958843411,0
550,-0.03504633677035894,0,-0.11023377028212789,0
551,0.04689179523360477,0,0.1464303054592515,0
552,-0.17186912429063972,0,-0.5388192583861674,0
553,-0.04636437821621813,0,-0.1456865512506219,0
554,0.4457050745083298,1,1.3956782345368177,0
555,-0.18472378627572328,0,-0.5790853696176234,0
556,0.10633371076564455,0,0.3326269386652673,0
557,-0.11777245820396964,0,-0.3693661544131169,0
558,0.06325840958397731,0,0.19769730218613268,0
559,-0.4586582814451476,0,-1.437161363013964,1
560,-0.14855474401735255,0,-0.46578898886480674,0
561,-0.034042554455436136,0,-0.10708950943794925,0
562,-0.21309636621976663,0,-0.6679600099057862,0
563,0.01800662149245958,0,0.055950009660690296,0
564,0.06900287545661968,0,0.21569134217423402,0
565,0.25476823530869747,0,0.797585183601957,0
566,-0.13390189893203033,0,-0.4198902253852596,0
567,0.5951606341520603,1,1.8638347831693038,0
568,0.3456508451339776,0,1.0822670585883374,-1
569,0.48445627922160117,1,1.5170630147160344,0
570,-0.3667160335916941,0,-1.1491602640171024,1
571,0.6222089760432299,1,1.9485613628709015,0
572,-0.4246784163965792,0,-1.3307223895689053,1
573,-0.771357503943102,1,-2.416664495006318,0
574,0.37648213518364987,1,1.1788433945503376,0
575,-0.48383196088068114,1,-1.5160157255349258,0
576,-0.12641583770588188,0,-0.3964407893466174,0
577,0.21598306217952523,0,0.6760940003127551,0
578,0.2332179832946696,0,0.7300808924996569,0
579,-0.373138813952402,0,-1.1692790651741904,1
580,-0.07588911774724882,0,-0.23817023128948808,0
581,0.9810457592721724,1,3.0725863931829296,0
582,-0.4156950913349834,0,-1.3025829047206623,1
583,0.4265545225394032,1,1.3356907952234096,0
584,0.7742209456614911,1,2.4247256435236544,0
585,-0.0379467762077903,0,-0.11931914468895663,0
586,-0.6346188321842423,1,-1.9883424922128712,0
587,-0.3099106865569602,0,-0.9712224524358841,0
588,0.11257795593010139,0,0.35218649383990036,0
589,0.4035162553949237,1,1.2635254260759317,0
590,0.1218913568007085,0,0.38135991246686757,0
591,-0.24862005570884338,0,-0.7792348792083543,0
592,0.16002364409883751,0,0.5008059876447294,0
593,0.4489632639314236,1,1.405884229675055,0
594,0.8654488578496512,1,2.7104891481451308,0
595,0.04489520713289452,0,0.14017616679423725,0
596,0.11715985949334018,0,0.3665389084536229,0
597,-0.33303387877511464,0,-1.0436538419942374,1
598,0.26574666732667784,0,0.8319741675593676,0
599,1.2221838836177723,1,3.8279306059138136,0
600,-0.05705120212388737,0,-0.17916209815154605,0
601,-0.2986413458033611,0,-0.9359222221524155,0
602,0.16211808232633101,0,0.5073666333259249,0
603,-0.40940369284475314,0,-1.2828756458520132,1
604,0.014627773388114607,0,0.0453660616921149,0
605,-0.47511433883426124,1,-1.4887085322845501,0
606,0.006152617194035204,0,0.018818371646996592,0
607,0.11926352603559548,0,0.373128461028606,0
608,-0.4258476510959851,0,-1.3343849156249452,1
609,0.24078555953336278,0,0.7537856672291156,0
610,-0.2096579056666207,0,-0.6571893311233642,0
611,0.49910046870842595,1,1.5629346652857068,0
612,-0.47919423752333135,1,-1.501488460268483,0
613,-0.07436807913038139,0,-0.23340571004379576,0
614,-0.31175391892049,0,-0.9769962175851687,0
615,0.027187559575886755,0,0.08470850012161119,0
616,0.3101248448736226,0,0.970984950995612,0
617,0.11885338272527934,0,0.3718437227621941,0
618,-0.19334306079419852,0,-0.6060844977859181,0
619,0.23833749044854724,0,0.7461173036279679,0
620,0.3382969947883503,0,1.0592317616400306,-1
621,0.42347693648906093,1,1.3260505244507315,0
622,-0.1585904201127717,0,-0.49722487184717695,0
623,-0.5963437771175926,1,-1.8684492094107097,0
624,0.04612836294748335,0,0.14403892018701947,0
625,-0.09979946047080937,0,-0.3130673013801928,0
626,-0.021108664576261538,0,-0.06657522371541724,0
627,-0.33707454245697677,0,-1.0563108697287327,1
628,0.7284137541002387,1,2.2812385979096725,0
629,-0.5324658799376623,1,-1.6683572493060228,0
630,-0.31629464739141927,0,-0.9912196548015219,0
631,0.1462729527322037,0,0.45773314226608075,0
632,-0.17812968724954564,0,-0.5584299276334304,0
633,0.06548934340361373,0,0.20468550844435526,0
634,0.027906112789755452,0,0.08695930560128316,0
635,0.3195554362140772,0,1.000525458582182,-1
636,-0.27928528105661915,0,-0.8752910319274235,0
637,0.16721632112755902,0,0.5233364231883876,0
638,0.1734130100797961,0,0.5427470126622336,0
639,-0.034648734476498744,0,-0.10898831565959216,0
640,0.28556550736376485,0,0.8940549611529915,0
641,0.04952447684333157,0,0.154676951746589,0
642,-0.5962351874451738,1,-1.868109061701398,0
643,-0.2533771129294351,0,-0.7941359474278857,0
644,0.30446956687018767,0,0.9532702842548331,0
645,0.5787192502566245,1,1.8123335773421183,0
646,-0.6657915867263055,1,-2.0859884360142806,0
647,-0.19007222567183246,0,-0.5958388910939824,0
648,-0.21743987369974863,0,-0.681565669512127,0
649,-0.1156292769709566,0,-0.362652825504289,0
650,-0.06676855737171652,0,-0.20960086875000272,0
651,-0.07577346045333143,0,-0.23780794487020993,0
652,0.431936859318479,1,1.352550497305262,0
653,-0.18921114425155944,0,-0.5931416283975157,0
654,0.011825952650873994,0,0.036589601790855436,0
655,0.021594195474270217,0,0.06718777329619402,0
656,-0.04194084058136563,0,-0.13183020414105268,0
657,-0.198850382211158,0,-0.6233357033812107,0
658,0.13782119498273582,0,0.43125874581471574,0
659,-0.019437262189628626,0,-0.06133970103183544,0
660,0.08902304490895901,0,0.27840278265986657,0
661,0.07725815960949148,0,0.24155030216342196,0
662,-0.1649731379171671,0,-0.5172181805291951,0
663,-0.07860691031102934,0,-0.24668348024182907,0
664,-0.05610200895599085,0,-0.17618883306507316,0
665,0.23621208252634704,0,0.7394596480702536,0
666,0.05733388182220192,0,0.17913923398283677,0
667,-0.10389152211527197,0,-0.32588532876458487,0
668,0.2282648792773386,0,0.7145657247313988,0
669,0.008701016581959597,0,0.02680101120106735,0
670,0.10644652816175665,0,0.3329803293515385,0
671,0.07026342311221351,0,0.21963989812783208,0
672,0.059829220840893746,0,0.18695566654274617,0
673,-0.16579159828982992,0,-0.5197819364990076,0
674,0.01496243988180343,0,0.04641437539153014,0
675,0.005308403280937346,0,0.016173944950488635,0
676,-0.037072617638849406,0,-0.11658091896106515,0
677,-0.25078357382755306,0,-0.7860119116437715,0
678,0.15134972318555678,0,0.47363568439503706,0
679,-0.2722784963802888,0,-0.8533428880182825,0
680,-0.23216266058394652,0,-0.7276835195967147,0
681,-0.38701608190609604,0,-1.212748400708689,1
682,0.22236638390010977,0,0.6960892007097381,0
683,0.17836923470930288,0,0.5582719554768621,0
684,0.12971386967515897,0,0.4058632540465699,0
685,0.3660043153206393,1,1.1460225346508932,0
686,0.12663905060137298,0,0.3962316505874251,0
687,-0.14059520290462785,0,-0.440856418240373,0
688,-0.13898226052106888,0,-0.43580401643457845,0
689,-0.021220023626941024,0,-0.0669240462613926,0
690,-0.17379827373082007,0,-0.5448621513094152,0
691,0.2990865729974931,0,0.9364085238843399,0
692,-0.025115745033353704,0,-0.07912705491766082,0
693,-0.029970090812717707,0,-0.09433287109039536,0
694,-0.1614087616230231,0,-0.5060530816337663,0
695,-0.15786752471352433,0,-0.49496046484926615,0
696,0.17757406213326324,0,0.555781146505598,0
697,0.0021929464756801353,0,0.006415047330088268,0
698,-0.05496926502655515,0,-0.17264061117387594,0
699,-0.3609259389175761,0,-1.131023295774823,1
700,-0.13279250609764953,0,-0.4164151487694456,0
701,0.1446791326119983,0,0.4527406392879711,0
702,-0.19886209343979241,0,-0.6233723877868682,0
703,-0.12566754870153557,0,-0.39409683908816273,0
704,0.07292004848601177,0,0.2279615461747273,0
705,-0.11261175104694693,0,-0.3532006878564094,0
706,0.21096961104075276,0,0.6603898004324679,0
707,-0.018115076803696575,0,-0.05719807024602997,0
708,0.2147483020270274,0,0.6722262214709357,0
709,0.007132549270601585,0,0.0218879236927898,0
710,0.22730570787849277,0,0.7115612037038701,0
711,0.1024793610807091,0,0.32055352333014375,0
712,0.0037482295255836795,0,0.011286836285448104,0
713,0.08779211151439792,0,0.2745469908046295,0
714,-0.041461797638897624,0,-0.13032964376626852,0
715,0.16294228644235226,0,0.5099483810725126,0
716,0.04401734871835504,0,0.13742635162163033,0
717,0.5918169127539061,1,1.8533608665543582,0
718,-0.3322477441632913,0,-1.0411913436602238,1
719,-0.34577833017473425,0,-1.083574728147171,1
720,0.04394867493968002,0,0.1372112369796412,0
721,0.23632408572245805,0,0.7398104883457985,0
722,0.46938034329072964,1,1.4698389559414677,0
723,-0.16315014181517684,0,-0.5115078037100746,0
724,0.09551416646141048,0,0.29873565665929225,0
725,0.35177962665531504,0,1.1014649339379832,-1
726,0.12029365825282651,0,0.37635526065120695,0
727,-0.30033336723080106,0,-0.9412223321889425,0
728,0.0758095625151462,0,0.23701269768979555,0
729,-0.021711432939988118,0,-0.0684633432170254,0
730,0.2633957565133933,0,0.8246101437979655,0
731,0.8598236675412859,1,2.692868728493678,0
732,-0.4041957831220666,0,-1.2665623213616133,1
733,0.19162248719162173,0,0.5997866167920232,0
734,-0.2169146837955483,0,-0.6799205577912036,0
735,-0.21586629989702705,0,-0.6766365863635528,0
736,-0.24152581257300937,0,-0.7570127792774531,0
737,0.01199968693647302,0,0.037133809338029025,0
738,0.34902724469706603,0,1.0928433367142747,-1
739,0.00827791322745669,0,0.025475676722837938,0
740,0.2523980701941805,0,0.7901608474156923,0
741,-0.253987413844288,0,-0.7960476619911036,0
742,-0.343789806697548,0,-1.0773458512143,1
743,-0.14330300782941996,0,-0.4493383817817936,0
744,-0.01720231802046024,0,-0.05433893270231775,0
745,0.023230213539472883,0,0.07231245766880248,0
746,-0.03269606881180606,0,-0.1028717602072903,0
747,0.3331378664563619,0,1.0430712406154983,-1
748,-0.4553665265432263,0,-1.426850226931097,1
749,-0.012330840638101748,0,-0.03907945327242798,0
750,0.12362859366814555,0,0.38680165593867394,0
751,-0.2724545665010542,0,-0.8538944123660641,0
752,0.08301179878480153,0,0.25957307672470814,0
753,0.1264032158732561,0,0.3954929188023642,0
754,-0.0822223203764478,0,-0.2580084379894846,0
755,0.020304887456528198,0,0.06314912800826267,0
756,-0.22737833221733617,0,-0.7126970268829205,0
757,-0.3568407058343318,0,-1.1182266582648506,1
758,-0.13719115057659106,0,-0.43019352023204904,0
759,-0.02480566429400166,0,-0.07815575395650216,0
760,-0.10798551126147742,0,-0.3387093938806316,0
761,0.36194042949963323,1,1.1332927655841958,0
762,-0.29071044159957865,0,-0.911079354155879,0
763,-0.03228742915437291,0,-0.10159173200282402,0
764,0.1273575989856066,0,0.398482440938685,0
765,-0.3550235151825021,0,-1.1125344665136987,1
766,0.22428859014934416,0,0.7021103446909089,0
767,-0.2592198554185547,0,-0.8124378303740606,0
768,0.432230392779133,1,1.3534699653543296,0
769,-0.251770431068498,0,-0.7891031561649862,0
770,0.09950900551423494,0,0.3112491427267945,0
771,0.2345074585188786,0,0.734120061547311,0
772,0.20764764743926423,0,0.6499840382242044,0
773,-0.134096345922865,0,-0.420499313681059,0
774,0.4753688273204618,1,1.4885973615945143,0
775,0.4603124106686516,1,1.441434445264825,0
776,-0.09110808675473447,0,-0.28584232874289406,0
777,-0.08210254648256667,0,-0.25763325667866993,0
778,-0.3680802366323641,0,-1.1534335114538417,1
779,0.23554672683876987,0,0.7373754792173073,0
780,0.08303227779909084,0,0.2596372254567589,0
781,-0.2636520933444162,0,-0.826321430388912,0
782,0.23373501975402378,0,0.7317004642633665,0
783,0.16893668882640356,0,0.5287253254559899,0
784,-0.07057004328680927,0,-0.2215086929214636,0
785,-0.09315308202785455,0,-0.292248098667518,0
786,-0.10074342261430913,0,-0.3160241807374681,0
787,-0.005667549844351416,0,-0.018207274091051974,0
788,0.044117568342960795,0,0.1377402808837636,0
789,0.1965831472360613,0,0.6153254531583645,0
790,-0.10443497865338142,0,-0.3275876591283369,0
791,0.07320266837260056,0,0.22884682840173654,0
792,0.19136034070887054,0,0.5989654657228124,0
793,-0.045777355468960335,0,-0.14384775352385898,0
794,0.15867227435402725,0,0.4965729393916913,0
795,0.10267125845649705,0,0.3211546251784435,0
796,-0.1453601406859646,0,-0.4557821716313927,0
797,-0.21868595822242365,0,-0.6854689209591157,0
798,0.08098597383018569,0,0.2532273561563512,0
799,0.24432788989205773,0,0.7648817091481708,0
800,0.3753292810299872,1,1.1752321791299016,0
801,0.0654589555775984,0,0.20459032122093115,0
802,0.037454114885282205,0,0.11686759217177246,0
803,0.0632070800871633,0,0.1975365169993603,0
804,-0.2047592307722596,0,-0.6418446578513658,0
805,-0.0706639700881798,0,-0.22180291046183842,0
806,0.10412524420932069,0,0.3257091091563252,0
807,0.01598361336588386,0,0.04961311256130634,0
808,0.20462283938761633,0,0.6405090899445226,0
809,-0.056061032039077356,0,-0.17606047643490463,0
810,0.2566587047803368,0,0.8035069148861427,0
811,-0.19586989827635026,0,-0.6139995965445006,0
812,0.13305469173968604,0,0.41632808875096333,0
813,0.5292826209918572,1,1.6574776336235462,0
814,-0.08242385785094117,0,-0.25863973660897943,0
815,-0.20602478965815685,0,-0.6458089110482704,0
816,0.06774460046256792,0,0.2117499051353574,0
817,-0.17931611145450083,0,-0.5621462983213452,0
818,0.024740996826325135,0,0.07704485498470295,0
819,-0.013370631030529656,0,-0.04233650628926226,0
820,0.1957707011583243,0,0.6127805364445933,0
821,-0.15461519320969264,0,-0.48477281913389697,0
822,0.1476339635664512,0,0.4619963903936954,0
823,0.012472453669409411,0,0.03861471003203704,0
824,-0.04752176936518296,0,-0.14931197841444765,0
825,-0.13192082405830446,0,-0.413684680555232,0
826,0.3512879778745498,0,1.0999248868705398,-1
827,0.12494013373104668,0,0.3909099411754673,0
828,0.46203161831917205,1,1.4468197137818932,0
829,-0.10858535924547924,0,-0.3405883655466162,0
830,0.5275623521562217,1,1.6520890410363522,0
831,0.07785633140881225,0,0.24342402332660149,0
832,-0.6835081452919278,1,-2.141484015646771,0
833,-0.09828191588257934,0,-0.30831372487547637,0
834,-0.21378113360674975,0,-0.6701049842196912,0
835,0.22950523071440018,0,0.718451017786072,0
836,-0.11859462620591828,0,-0.3719415242093685,0
837,0.06916357587209032,0,0.2161947222562456,0
838,0.09031155612667152,0,0.28243893204097015,0
839,-0.12832326910509942,0,-0.4024156523944664,0
840,-0.1005737944152323,0,-0.3154928351493892,0
841,0.23412442279203674,0,0.73292023542971,0
842,-0.27464224115160585,0,-0.8607471130375844,0
843,-0.09683676849483538,0,-0.30378692630790066,0
844,0.019895292797227987,0,0.06186610834346474,0
845,-0.05836435955158509,0,-0.18327544964296957,0
846,0.005805296849658054,0,0.01773042086028075,0
847,0.06735613101188016,0,0.21053305835015476,0
848,-0.09462655557232347,0,-0.2968636264586836,0
849,-0.02903102046739095,0,-0.0913913148656602,0
850,0.030218832974283384,0,0.09420370053796025,0
851,-0.010336245801213062,0,-0.03283155833306328,0
852,0.06818530595332278,0,0.21313037677526833,0
853,0.1269940216146267,0,0.3973435664293354,0
854,-0.251721015574807,0,-0.7889483664266153,0
855,0.26876654271017986,0,0.8414336646848719,0
856,-0.14458919759346406,0,-0.45336725941108136,0
857,-0.014381980847486986,0,-0.04550447167573226,0
858,0.12310923766740672,0,0.38517481841321116,0
859,0.06622094987248694,0,0.20697720211062867,0
860,0.0034997740341777828,0,0.010508571056488773,0
861,0.16497162043508382,0,0.5163050933977315,0
862,-0.10957941019153011,0,-0.3437021437237371,0
863,0.12215865797724748,0,0.3821972101662786,0
864,-0.03804860031590129,0,-0.11963809985619468,0
865,-0.214124410277981,0,-0.671180268551788,0
866,-0.19902453720078073,0,-0.6238812287471673,0
867,-0.14068195984019582,0,-0.4411281767993872,0
868,-0.16652286332948912,0,-0.522072560667948,0
869,-0.024353131977954467,0,-0.07673823581445152,0
870,-0.05567657274924773,0,-0.17485619112999268,0
871,-0.19692910370319744,0,-0.617317465468933,0
872,0.0002315019990006273,0,0.00027099301236686336,0
873,-0.0741579564882219,0,-0.23274751913288275,0
874,-0.0037188455225658917,0,-0.012103127201053086,0
875,-0.097306229350237,0,-0.30525747162790606,0
876,0.09687747791506737,0,0.3030061112772174,0
877,0.15689888572983743,0,0.49101795368447576,0
878,0.05291971571994733,0,0.16531224238447698,0
879,-0.5307790087722447,1,-1.6630732720175763,0
880,0.10547023914205628,0,0.3299221888646925,0
881,-0.10049398594698636,0,-0.3152428420602413,0
882,-0.31164706788704416,0,-0.9766615160113026,0
883,-0.06588616268220823,0,-0.2068368440903877,0
884,-0.09716501499331992,0,-0.3048151299304192,0
885,0.17481179141067452,0,0.547128573587211,0
886,-0.06143416494267939,0,-0.19289134817691478,0
887,0.0487487274217045,0,0.15224698411809598,0
888,0.15260203914761528,0,0.4775584552842046,0
889,-0.10607602547319323,0,-0.3327280956376163,0
890,-0.05098570591000062,0,-0.16016245852619104,0
891,0.10102637789148375,0,0.31600217979558226,0
892,-0.08210642382825925,0,-0.25764540212700004,0
893,-0.016793691402636868,0,-0.053058945343295603,0
894,0.1011999371585236,0,0.31654583911233336,0
895,0.5475692272631827,1,1.714758838140745,0
896,-0.25600957392385865,0,-0.8023819026569635,0
897,0.040808803638558516,0,0.12737586307326204,0
898,-0.17062371473642096,0,-0.5349181212191939,0
899,0.1120827993285396,0,0.35063545882874153,0
900,-0.13469614548702574,0,-0.42237813367610044,0
901,-0.32424009111813135,0,-1.016108066589736,1
902,0.3198445754372201,0,1.0014311620642304,-1
903,-0.2479902169603774,0,-0.7772619640797387,0
904,0.18381228424875762,0,0.5753218350029308,0
905,-0.08970246184510422,0,-0.28143933090237877,0
906,-0.02090051033243928,0,-0.06592319864118562,0
907,-0.2787831188919839,0,-0.8737180525989205,0
908,-0.010110425988222732,0,-0.03212419739905455,0
909,0.023543124304594838,0,0.07329262343967542,0
910,-0.05228901521234064,0,-0.1642449616210146,0
911,-0.41106511714091054,0,-1.2880799130345613,1
912,0.3066981291655795,0,0.9602510619195125,0
913,0.565659481956786,1,1.771424988409282,0
914,0.7046136029095513,1,2.206686693216906,0
915,0.17429516164840475,0,0.5455102757667647,0
916,0.08291801763803308,0,0.25927931543471283,0
917,0.2645405363236428,0,0.8281960670395506,0
918,-0.8955684398604498,1,-2.8057444542938397,0
919,0.38316180179988524,1,1.199766869572122,0
920,0.561468091262946,1,1.758295821412243,0
921,0.17984372974285545,0,0.5628906829937858,0
922,0.32105388633076104,0,1.005219223314634,-1
923,0.351553465490659,0,1.1007565037495548,-1
924,1.123022340963701,1,3.5173156935166725,0
925,-0.38942148335001114,0,-1.2202831116337511,1
926,0.6196425966604759,1,1.9405224025460017,0
927,1.0989141932393744,1,3.4417990164559655,0
928,-0.3620360323311802,0,-1.1345005668941537,1
929,1.2855284747489097,1,4.026352031180166,0
930,1.4123626624391017,1,4.423649098610712,0
931,2.105845273357344,1,6.595923093890943,0
932,-2.633536264758862,1,-8.249777586806891,0
933,-1.6066906553042632,1,-5.033272977365603,0
934,-2.3462170503461937,1,-7.349775123895004,0
935,-0.5933136591431829,1,-1.8589576282595606,0
936,0.19843638003212805,0,0.6211305437932484,0
937,0.4621737983493901,1,1.4472650803670508,0
938,1.3856559730447233,1,4.339992715655964,0
939,0.27602894253034527,0,0.8641825008118286,0
940,-0.4308446271553332,0,-1.35003750875109,1
941,0.697814277766625,1,2.1853883982620013,0
942,0.15180574087521753,0,0.47506412016695376,0
943,0.06463293231760314,0,0.20200287516398044,0
944,-0.6726374176831715,1,-2.1074324063886696,0
945,-0.06460062076756667,0,-0.20280999579303674,0
946,-0.000489859763393774,0,-0.0019886100014188932,0
947,0.5754333371353003,1,1.8020407401291545,0
948,-0.7755563917293542,1,-2.4298171459936273,0
949,-0.5286652485181131,1,-1.6564521017675724,0
950,-0.24865402854469165,0,-0.7793412961634405,0
951,0.04522834547304341,0,0.1412196936855288,0
952,0.17645150205069826,0,0.5522648246294564,0
953,-0.07345261427769101,0,-0.23053809597275338,0
954,0.5702622624921858,1,1.7858427983234948,0
955,-0.6405396423226976,1,-2.0068889152842844,0
956,-0.2094591560522733,0,-0.6565667652334319,0
957,0.09117124924587383,0,0.28513184600501573,0
958,0.438440326512219,1,1.3729220429528355,0
959,0.4061882245428973,1,1.2718951371616196,0
960,-1.3320092108151664,1,-4.172857230156591,0
961,-0.12246776651808888,0,-0.3840737995508646,0
962,0.7495236377701759,1,2.34736347345468,0
963,-0.3675755482562611,0,-1.1518526189875156,1
964,-0.01050355377068779,0,-0.0333556360036077,0
965,-0.3216479153716706,0,-1.0079883013979645,1
966,-0.4793940692153535,1,-1.502114415672668,0
967,-0.27727952225379315,0,-0.8690081668352273,0
968,-0.07162174845673508,0,-0.22480306794307603,0
969,-0.22028909371287386,0,-0.6904906035247459,0
970,0.2001056135267807,0,0.6263592726112406,0
971,-0.11430074468979912,0,-0.35849131362091613,0
972,-0.04474421312894587,0,-0.14061152495330442,0
973,-0.03550766399685168,0,-0.1116788377166206,0
974,-0.5360377497397311,1,-1.6795458209636265,0
975,-0.4550072510845662,0,-1.4257248277881303,1
976,0.3176894062461645,0,0.9946802819189297,0
977,0.03003320268402279,0,0.09362222979028645,0
978,0.7225326027942014,1,2.2628164026833253,0
979,0.5393332049085808,1,1.6889602140602378,0
980,0.3253205628763273,0,1.0185842166977175,-1
981,-0.2307880687281523,0,-0.7233777300996832,0
982,-0.280850648546225,0,-0.8801944095135253,0
983,0.03434476199995451,0,0.10712781454994653,0
984,0.04581548839758898,0,0.14305886785719882,0
985,0.16733447527464682,0,0.5237065307831743,0
986,-0.2666539638688339,0,-0.8357245288584706,0
987,-0.21964794746092053,0,-0.6884822686244007,0
988,-0.0314881931832629,0,-0.09908819479972682,0
989,-0.35292557492793986,0,-1.1059628510371364,1
990,0.4056405147934563,1,1.2701794839830967,0
991,-0.1407007131623702,0,-0.4411869199508998,0
992,-0.0815534464557307,0,-0.25591324857706227,0
993,0.042468530786510916,0,0.13257481408658844,0
994,0.031050018120989398,0,0.09680731575631722,0
995,-0.2908366890883618,0,-0.9114748134399842,0
996,0.1748370878098901,0,0.5472078123587751,0
997,-0.3046301509938505,0,-0.9546816338136158,0
998,-0.11361231012075881,0,-0.3563348521779997,0
999,0.3063603154288643,0,0.9591928897549025,0
1000,-0.013155554371703737,0,-0.041662797351787,0
1001,0.2885908748879551,0,0.903531661931778,0
1002,0.023831135953849003,0,0.07419479489453597,0
1003,0.07215547914516085,0,0.2255665991773976,0
1004,-0.17055624855889506,0,-0.5347067892828294,0
1005,0.15720936525300916,0,0.4919905038012839,0
1006,-0.25321012368180584,0,-0.7936128681258162,0
1007,0.2078207523742165,0,0.6505262743851854,0
1008,-0.3376314924097629,0,-1.0580554670409967,1
1009,-0.22669917376987414,0,-0.7105696220844885,0
1010,0.07935010215777127,0,0.24810313034642625,0
1011,0.8525545468390251,1,2.6700988397877943,0
1012,0.16979198564439035,0,0.5314044683886419,0
1013,-0.15618794234378663,0,-0.48969931907968245,0
1014,0.514882406841015,1,1.6123702145854233,0
1015,0.06943982785981101,0,0.21706005759360256,0
1016,-0.6545933602041822,1,-2.050910964879055,0
1017,0.26747804289258253,0,0.8373975510136382,0
1018,0.27108906149044193,0,0.8487087528709087,0
1019,0.5283295716567654,1,1.6544922894285452,0
1020,0.17148732401258437,0,0.5367149684537442,0
1021,-0.0453058919752643,0,-0.14237093511348273,0
1022,0.2710872069632213,0,0.8487029437256014,0
1023,-0.011981452849482155,0,-0.037985026396342575,0
1024,-0.2868469060597507,0,-0.8989771649288176,0
1025,-0.0044321782959786254,0,-0.014337580104801947,0
1026,-0.12512794742389655,0,-0.3924065849927022,0
1027,-0.39667324431366785,0,-1.2429986224675145,1
1028,-0.016293403274545593,0,-0.051491836271359226,0
1029,-0.3366417165216588,0,-1.0549550801112697,1
1030,0.7246199879640213,1,2.26935495527447,0
1031,0.04616773967638976,0,0.14416226436735782,0
1032,0.27777012057655204,0,0.8696365896835303,0
1033,-0.13632285835639457,0,-0.42747367033164635,0
1034,-0.177175434070986,0,-0.5554408125034145,0
1035,0.06302219818606458,0,0.1969573905156797,0
1036,-0.049412539414749435,0,-0.15523465123286126,0
1037,-0.10403769575282862,0,-0.32634320497757224,0
1038,0.010866813496881927,0,0.03358518176752816,0
1039,-0.2205297739851091,0,-0.6912445135555414,0
1040,0.13857408636038646,0,0.4336171126074687,0
1041,-0.10745106649883762,0,-0.33703529212015787,0
1042,-0.16648339540623125,0,-0.5219489308292312,0
1043,-0.37272766788214795,0,-1.1679911858494414,1
1044,0.1524805349388316,0,0.4771778539123715,0
1045,-0.4767841635663209,1,-1.4939391131023245,0
1046,0.0195706317345114,0,0.06084913578681266,0
1047,-0.1530790537507032,0,-0.4799609958129514,0
1048,0.04747209034797728,0,0.14824802946082447,0
1049,0.6449194028392138,1,2.0196998006253954,0
1050,0.33281351145540605,0,1.0420552267707062,-1
1051,0.6761878497060047,1,2.1176454923156216,0
1052,0.042406381812882366,0,0.13238013782921568,0
1053,0.2512700753130127,0,0.7866275015053665,0
1054,0.5012848572384715,1,1.5697770724703994,0
1055,-0.10627371704092659,0,-0.33334734728850446,0
1056,-0.31348994722166157,0,-0.9824341753282074,0
1057,0.2651369674873047,0,0.8300643358128396,0
1058,0.24670593368317992,0,0.7723307246040196,0
1059,0.1218196228550178,0,0.38113521211771756,0
1060,-0.4881600328009963,1,-1.5295730345924008,0
1061,-0.26978727260056334,0,-0.8455393460867036,0
1062,0.29396359189825405,0,0.9203612309241693,0
1063,0.007037156562296448,0,0.021589114326371485,0
1064,-0.16173154001265633,0,-0.5070641568806428,0
1065,-0.05955847682711035,0,-0.18701591820569785,0
1066,0.014812010018567356,0,0.045943166921589416,0
1067,0.18419728946833486,0,0.5765278303853203,0
1068,-0.32711881904057394,0,-1.0251254315632123,1
1069,0.860770162948551,1,2.6958335430794858,0
1070,0.013520965848355604,0,0.0418990832869678,0
1071,0.1807741984981952,0,0.5658052954856101,0
1072,-0.10101912969093196,0,-0.3168878091881793,0
1073,-0.05024114127891277,0,-0.15783017454321424,0
1074,-0.17236692395488448,0,-0.5403785725614231,0
1075,-0.14239774770873276,0,-0.44650273314666883,0
1076,-0.15852439773050192,0,-0.4970180624739453,0
1077,0.06281264798712513,0,0.1963009927333918,0
1078,0.20526454808878167,0,0.6425191866681315,0
1079,0.163291726607724,0,0.5110429720142211,0
1080,-0.041961204267828345,0,-0.13189399161871188,0
1081,0.08802172647341558,0,0.27526623970366243,0
1082,-0.029575391160744258,0,-0.09309650874124747,0
1083,-0.06141676843435678,0,-0.19283685512684703,0
1084,0.05320028335415988,0,0.1661910961093169,0
1085,0.49342273581690266,1,1.5451496605599613,0
1086,-0.25873719927290995,0,-0.8109259519544157,0
1087,0.4385087502913205,1,1.3731363744928928,0
1088,-0.3617230915914534,0,-1.1335203072304367,1
1089,0.44974120859973277,1,1.4083210737229503,0
1090,0.6451284126600022,1,2.0203545057200993,0
1091,-0.035203778062866675,0,-0.11072694144476888,0
1092,-1.2728601692670205,1,-3.9875779992460196,0
1093,-0.3496647591822899,0,-1.0957486291717942,1
1094,-0.13910758500639464,0,-0.4361965844905886,0
1095,-0.8151100420928908,1,-2.5537155174168826,0
1096,1.0014875790854296,1,3.136618616770693,0
1097,-0.45827030912104616,0,-1.4359460734345784,1
1098,0.11919962824951702,0,0.37292830676825556,0
1099,-0.149276844585425,0,-0.4680509061231557,0
1100,-0.13876844624248852,0,-0.4351342617934856,0
1101,-0.19172956427875554,0,-0.6010303602101666,0
1102,-0.0972364579499787,0,-0.30503891878172196,0
1103,-0.3567390940520982,0,-1.1179083681899662,1
1104,0.15277943071246758,0,0.4781141189407172,0
1105,-0.36146367293681897,0,-1.1327077008456756,1
1106,-0.2128625743903323,0,-0.6672276773232623,0
1107,-0.2076366689086872,0,-0.6508579826822695,0
1108,-0.20892810622810495,0,-0.654903297822603,0
1109,0.08308437475139949,0,0.25980041463115444,0
1110,-0.1974146677087375,0,-0.6188384525069239,0
1111,-0.40468101901434683,0,-1.2680822806133403,1
1112,-0.2414264007296257,0,-0.7567013803197787,0
1113,-0.4074734412839542,0,-1.2768293006317335,1
1114,-0.045686119815784326,0,-0.14356196577126598,0
1115,-0.052983353867925034,0,-0.16641991710179685,0
1116,0.5788852318965201,1,1.812853500400552,0
1117,-0.4335930462405735,0,-1.3586466926195853,1
1118,0.21067897500037425,0,0.6594794083005447,0
1119,-0.32027425714366575,0,-1.0036854364088241,1
1120,-0.03351084113146452,0,-0.10542396367166365,0
1121,-0.24327387074264,0,-0.7624884195377011,0
1122,0.17623380268747346,0,0.5515829002984395,0
1123,-0.1322900385160976,0,-0.41484121274900043,0
1124,0.2391349081421213,0,0.7486151452347439,0
1125,-0.13536886589230762,0,-0.4244853718670527,0
1126,-0.03273679634870076,0,-0.1029993356762282,0
1127,0.07474200979290657,0,0.23366868158816445,0
1128,-0.1590996729964697,0,-0.4988200622367585,0
1129,0.0006282428784361027,0,0.0015137493290986435,0
1130,-0.08278232785034581,0,-0.25976261272084583,0
1131,0.09949673669986464,0,0.3112107117322895,0
1132,0.0589041638756308,0,0.18405800601289843,0
1133,-0.2710527678882102,0,-0.8495034000676174,0
1134,1.0114844981984232,1,3.167933096874703,0
1135,-0.41305733344715856,0,-1.2943203574334563,1
1136,-0.2083201825673495,0,-0.6529990298011943,0
1137,0.28166287049834515,0,0.8818302904225345,0
1138,0.09774868911537432,0,0.3057351046290734,0
1139,-0.07553089847285815,0,-0.2370481405519328,0
1140,-0.04330208037383826,0,-0.1360941694604045,0
1141,0.33034932880747475,0,1.0343363888338268,-1
1142,-0.3689061175114673,0,-1.156020511515025,1
1143,-0.19395323412734417,0,-0.6079958127105284,0
1144,-0.03824996963566779,0,-0.12026887174562509,0
1145,0.28101527521619285,0,0.8798017544956958,0
1146,0.2552673948240007,0,0.7991487573924434,0
1147,-0.02753992767845098,0,-0.08672059632280399,0
1148,0.5362010124851904,1,1.6791488935708376,0
1149,-0.4690560116525275,0,-1.4697313490292212,1
1150,0.23411695464346216,0,0.7328968421034953,0
1151,-0.4002475020164584,0,-1.2541946740165524,1
1152,-0.4378654140163713,0,-1.3720295132866387,1
1153,-0.12180229655313699,0,-0.3819892727339759,0
1154,-0.2850161664806162,0,-0.8932425323406717,0
1155,0.14994468385610976,0,0.4692345208335421,0
1156,-0.25976560202122834,0,-0.8141473341659881,0
1157,0.10544222195635368,0,0.3298344274659718,0
1158,0.07397675093864389,0,0.2312715747500108,0
1159,-0.41695710291285987,0,-1.3065360462835542,1
1160,-0.06173685937523701,0,-0.19383951217412068,0
1161,-0.3668604647733383,0,-1.149612682138413,1
1162,0.2225156600455694,0,0.6965567952590351,0
1163,0.14620000735137373,0,0.45750464720166534,0
1164,-0.12802356807487003,0,-0.40147686496984164,0
1165,0.3508191306895477,0,1.0984562638197155,-1
1166,0.04741238473791247,0,0.14806100682741713,0
1167,-0.4059599402234125,0,-1.272088390126003,1
1168,0.8125583506987091,1,2.5448142321886293,0
1169,-0.5053955248189061,1,-1.5835617150825876,0
1170,-0.26753664029037627,0,-0.8384894360191919,0
1171,0.4622722759964075,1,1.4475735530358163,0
1172,0.4914910468375813,1,1.539098812751113,0
1173,0.3137082730185021,0,0.9822097281573205,0
1174,0.1707510387175719,0,0.5344086187713131,0
1175,1.0252538879674442,1,3.2110645133734046,0
1176,-0.882045177200905,1,-2.7633840095701054,0
1177,0.42903947981313284,1,1.3434747078696947,0
1178,-0.6459751495944706,1,-2.023915169312478,0
1179,0.41521399879704984,1,1.3001675904155006,0
1180,-0.17111340481286774,0,-0.5364520328156269,0
1181,-0.11212685795453986,0,-0.3516818023954861,0
1182,-0.02640493268161445,0,-0.08316532315865563,0
1183,1.1799798529787786,1,3.69573014867134,0
1184,-0.3198742139649415,0,-1.0024323359266343,1
1185,-0.17953732907574682,0,-0.5628392432897765,0
1186,0.2656710165264268,0,0.8317371980037936,0
1187,0.40360654021084974,1,1.263808235413494,0
1188,0.2997548230882222,0,0.9385017592035536,0
1189,-0.12834397149779697,0,-0.402480500839963,0
1190,0.21044960325938783,0,0.6587609212608522,0
1191,0.05371576205388834,0,0.16780578832641274,0
1192,-0.5657661110240467,1,-1.772667328444119,0
1193,-0.5016224997931158,1,-1.5717430421728034,0
1194,-0.19258415076558322,0,-0.6037072780922108,0
1195,0.07230631874157906,0,0.22603909110091386,0
1196,-0.1679874733564783,0,-0.5266603242611009,0
1197,-0.30412072950561786,0,-0.9530859152849862,0
1198,0.23303301913329566,0,0.7295015083428149,0
1199,0.3783862040897962,1,1.1848077248809374,0
1200,-0.17913219948542675,0,-0.561570210065417,0
1201,0.08316224637632774,0,0.26004434072697663,0
1202,-0.022322704415728256,0,-0.07037809797785301,0
1203,0.3775916147481252,1,1.1823187428406334,0
1204,0.3780145003436818,1,1.1836433952078929,0
1205,0.3968596488569319,1,1.2426741847446667,0
1206,-0.15455972284534858,0,-0.4845990630395462,0
1207,0.21688198608098255,0,0.6789098012919405,0
1208,-0.1329839924532249,0,-0.4170149631326588,0
1209,-0.3238979250796067,0,-1.0150362612180468,1
1210,0.17152056302024357,0,0.5368190867558187,0
1211,-0.06183624654466738,0,-0.19415083384278117,0
1212,0.24299055774736766,0,0.7606926324572413,0
1213,0.33808102777104243,0,1.0585552637320084,-1
1214,0.4575946808075071,1,1.4329213927230406,0
1215,0.8994776539625604,1,2.8170813938957315,0
1216,0.050516218436424384,0,0.1577834960763174,0
1217,0.2317538150011645,0,0.7254945125982436,0
1218,-0.2790747319179918,0,-0.8746315050533997,0
1219,0.9781674759297388,1,3.0635704208176846,0
1220,-0.3895673892933328,0,-1.2207401493178176,1
1221,0.2855678614063808,0,0.8940623349868525,0
1222,0.45505113088273097,1,1.424953943690725,0
1223,-0.7392716943007123,1,-2.31615848547367,0
1224,0.0003023203065625202,0,0.0004928252046734039,0
1225,-0.15306205063366374,0,-0.4799077350268812,0
1226,-0.25449910276674964,0,-0.7976504830603508,0
1227,-0.41327091151203765,0,-1.2949893721556636,1
1228,0.2518152476261415,0,0.7883352063852169,0
1229,-0.4707442583646517,0,-1.475019635098152,1
1230,-0.11897924532598741,0,-0.3731463101686119,0
1231,-0.10932384744943524,0,-0.34290161564981736,0
1232,0.10863665729432426,0,0.33984071847460934,0
1233,0.06125735848693044,0,0.19142918357305563,0
1234,-0.07754234910345575,0,-0.24334883479984137,0
1235,-0.04613166390622403,0,-0.1449575939040773,0
1236,0.37319171891739966,1,1.1685364516273447,0
1237,-0.38534392405406276,0,-1.2075105115954121,1
1238,-0.08892660629287405,0,-0.2790090308289973,0
1239,-0.04941517129823466,0,-0.15524289537909297,0
1240,-0.018384683474265417,0,-0.0580425897050764,0
1241,-0.26022692706474054,0,-0.815592394762484,0
1242,-0.03275942717634733,0,-0.10307022477656659,0
1243,-0.29244997336374967,0,-0.9165282861922126,0
1244,0.26624841653852277,0,0.8335458533491524,0
1245,-0.05231516146754517,0,-0.16432686249258735,0
1246,-0.45271956030966887,0,-1.4185588353013514,1
1247,0.010761230240941666,0,0.033254451396492093,0
1248,0.13694465333127204,0,0.42851305528797917,0
1249,-0.11129184701545816,0,-0.34906620321508275,0
1250,-0.11189399694024302,0,-0.3509523855104659,0
1251,-0.17084516637932276,0,-0.5356117992401189,0
1252,0.16343676814504177,0,0.5114973020216219,0
1253,0.06325382249747445,0,0.19768293353641114,0
1254,-0.09093773607131847,0,-0.28530872003542723,0
1255,0.039821336549315425,0,0.12428270825526659,0
1256,0.17624512119724664,0,0.5516183545464026,0
1257,-0.1451231988942069,0,-0.45503997206571245,0
1258,-0.03293214050326737,0,-0.10361123425942868,0
1259,0.5855201350038358,1,1.8336367576218713,0
1260,-0.1169976134866727,0,-0.36693902069229334,0
1261,0.02032790912255078,0,0.06322124137583891,0
1262,0.10390815719037896,0,0.3250291029405449,0
1263,-0.12613905981837698,0,-0.3955738066739021,0
1264,0.1337741708222947,0,0.41858179443397886,0
1265,0.5609630867208061,1,1.7567139385832904,0
1266,0.3350070683172209,0,1.0489263529576764,-1
1267,0.0722065067824953,0,0.22572643881559046,0
1268,-0.15180224306528922,0,-0.475961497332163,0
1269,-0.6063669311663971,1,-1.8998458681705828,0
1270,-0.1315858350731051,0,-0.41263535667919365,0
1271,0.09591838962806837,0,0.300001850590324,0
1272,-0.11206628072347112,0,-0.35149204948505264,0
1273,0.45019344545022716,1,1.409737666344841,0
1274,-0.37663018084894306,0,-1.1802154684782273,1
1275,0.1392871440035539,0,0.4358507036896409,0
1276,0.01256437212146157,0,0.038902636592754884,0
1277,0.03157138294979274,0,0.09844044576106761,0
1278,0.28208200423249774,0,0.8831431904100897,0
1279,-0.13221727103350717,0,-0.4146132749353558,0
1280,-0.12585023771206164,0,-0.39466909653274923,0
1281,0.13797619725679888,0,0.4317442769640991,0
1282,0.16838562239592525,0,0.5269991577659091,0
1283,0.33033680936945653,0,1.034297172782531,-1
1284,0.3599425273185979,1,1.1270345106767943,0
1285,0.15270923323633945,0,0.47789423144890897,0
1286,0.08989088635052428,0,0.28112122053539246,0
1287,0.3547110549322794,0,1.1106473781908348,-1
1288,0.10307960613802081,0,0.3224337387937546,0
1289,-0.06268605890675072,0,-0.19681279719407124,0
1290,0.024504548538104378,0,0.0763042012759526,0
1291,-0.04042958502328725,0,-0.1270963274765902,0
1292,-0.624644992746881,1,-1.9571003071864976,0
1293,-0.27981008931530615,0,-0.8769349481769523,0
1294,0.023134089540591152,0,0.072011357598223,0
1295,0.09975471980130746,0,0.31201882137146836,0
1296,-0.3210769264407283,0,-1.0061997282070139,1
1297,0.14861119215985885,0,0.46505747401350367,0
1298,-0.04044444711706484,0,-0.1271428816934086,0
1299,0.15863556365887121,0,0.4964579463303216,0
1300,0.22059947763891666,0,0.6905545204411075,0
1301,-0.11464125948539569,0,-0.35955794661767315,0
1302,-0.39358390338181776,0,-1.2333215305503475,1
1303,0.2994016593966764,0,0.9373955046397855,0
1304,-0.33875834525608783,0,-1.0615852356264526,1
1305,-0.002804672707820144,0,-0.00923956032655731,0
1306,-0.2636072353654988,0,-0.8261809166693913,0
1307,-0.0775731399090207,0,-0.24344528432167425,0
1308,-0.021368836494412735,0,-0.06739018963266452,0
1309,-0.19402132589872362,0,-0.6082091042652572,0
1310,0.05804829902761299,0,0.18137708377555234,0
1311,0.2499073525023482,0,0.7823588907604452,0
1312,-0.027452628467698525,0,-0.08644713913391364,0
1313,-0.30240067797184683,0,-0.947698003376993,0
1314,-0.27996639723452765,0,-0.8774245691462965,0
1315,-0.17606769791646257,0,-0.551970925293241,0
1316,-0.07649914426256017,0,-0.24008108631999509,0
1317,0.4071548827786976,1,1.2749231100550884,0
1318,0.3656207465587815,1,1.1448210388474407,0
1319,-0.4524620577108054,0,-1.4177522307947328,1
1320,-0.338332672960472,0,-1.060251854163501,1
1321,0.5494048248085801,1,1.7205086878859135,0
1322,-0.09436851183492667,0,-0.29605532688264985,0
1323,0.10405571058541449,0,0.3254913011238945,0
1324,-0.12143853447893543,0,-0.3808498196578405,0
1325,-0.06749569702468672,0,-0.21187857050375364,0
1326,0.04169359287770047,0,0.13014738845144985,0
1327,0.08784069645008563,0,0.2746991788922544,0
1328,-0.004073719517843202,0,-0.013214739142585943,0
1329,0.050705168371113274,0,0.15837536532159105,0
1330,-0.038168327678110486,0,-0.12001313541059186,0
1331,-0.0639094973147058,0,-0.20064511165529308,0
1332,0.022766191844597827,0,0.07085895004632833,0
1333,0.5185966405066426,1,1.6240047286701436,0
1334,-0.14179198291661077,0,-0.44460522759358717,0
1335,0.3011116141338079,0,0.942751789210005,0
1336,-0.1365756622889871,0,-0.42826555667461924,0
1337,0.018113317432708193,0,0.05628422541859826,0
1338,-0.12081931833418202,0,-0.37891017891194717,0
1339,0.13180812975465106,0,0.4124233416946372,0
1340,-0.05655319850688132,0,-0.17760214511199496,0
1341,-0.23336941143840992,0,-0.7314635617472482,0
1342,0.08118786135763156,0,0.2538597512862903,0
1343,-0.16858473719795108,0,-0.528531201325249,0
1344,-0.5143789093131016,1,-1.6117013860982825,0
1345,-0.5637143266362845,1,-1.7662402922080462,0
1346,0.1596687242606867,0,0.4996942321043804,0
1347,0.16417872947548062,0,0.5138214313916168,0
1348,0.6723319217103275,1,2.1055671330593,0
1349,0.0007851886813835252,0,0.002005368413764135,0
1350,0.04711561698622968,0,0.147131407642854,0
1351,-0.012888411116364976,0,-0.04082599432680774,0
1352,-0.037134712104702206,0,-0.11677542447756865,0
1353,0.1647319138533709,0,0.5155542333678557,0
1354,-0.039639903189133546,0,-0.12462271777698156,0
1355,0.22096260478892538,0,0.6916919846724019,0
1356,0.5100505824884973,1,1.5972349448245302,0
1357,0.10461797408196419,0,0.32725254265009945,0
1358,-0.22789336762197962,0,-0.7143103305166976,0
1359,0.5531870878632696,1,1.7323562981181762,0
1360,-0.5224683360978752,1,-1.6370408122996394,0
1361,-0.143150380763146,0,-0.4488602907643363,0
1362,0.4676856778505087,1,1.4645305637647443,0
1363,0.028701585353851033,0,0.08945105425905511,0
1364,0.4884298786427811,1,1.5295099694837402,0
1365,-0.10316417599552352,0,-0.32360698027159895,0
1366,-0.6527895553499059,1,-2.0452607029751317,0
1367,-0.04419259993777498,0,-0.13888364458288324,0
1368,0.30454466572136873,0,0.9535055248779253,0
1369,-0.12970085834232958,0,-0.4067308309282881,0
1370,0.6112060997675804,1,1.914095809401246,0
1371,0.20164560586753777,0,0.631183164749398,0
1372,-0.1464211240459874,0,-0.4591056097769445,0
1373,0.7823025357329636,1,2.4500405219018293,0
1374,-0.6084246595552097,1,-1.9062915234732427,0
1375,-0.06880780709300993,0,-0.21598864123298195,0
1376,-0.809546830733966,1,-2.5362892414368137,0
1377,-0.10364871560702582,0,-0.32512475848431566,0
1378,-0.0875697456433987,0,-0.274758782794412,0
1379,-0.04214425750477668,0,-0.1324673899709045,0
1380,0.3114914194096128,0,0.9752656269352913,0
1381,0.15559654834460995,0,0.4869384950355199,0
1382,0.13547345011214973,0,0.4239046390936058,0
1383,0.24010837778361768,0,0.7516644542644504,0
1384,-0.6333856360859312,1,-1.9844796126348307,0
1385,0.40255257923407445,1,1.2605067942730195,0
1386,0.6220489052125265,1,1.9480599549084447,0
1387,0.010887271322169626,0,0.033649264126873274,0
1388,0.20137286531940896,0,0.6303288286913182,0
1389,0.08980687740069204,0,0.2808580698028172,0
1390,-0.4652297005306769,0,-1.4577457620556098,1
1391,-0.04199049864709649,0,-0.13198575371525212,0
1392,0.5587825109014078,1,1.7498834743832672,0
1393,-0.4940428946676811,1,-1.5480005880012802,0
1394,0.4065804926095994,1,1.273123882781279,0
1395,0.0658553237644246,0,0.205831910110462,0
1396,-0.03873051308973263,0,-0.12177413234254908,0
1397,0.5225246149263734,1,1.636308767086924,0
1398,-0.054775781419934666,0,-0.172034540595382,0
1399,0.3686026396262352,1,1.1541615596696704,0
1400,-0.31221273885021716,0,-0.978433431130499,0
1401,0.31656585752069444,0,0.9911608632048293,0
1402,-0.31610835270930193,0,-0.9906361029041114,0
1403,-0.768246673372938,1,-2.4069200886651956,0
1404,-0.15013280003894747,0,-0.47073211217436894,0
1405,0.07185394489503327,0,0.22462206935080087,0
1406,0.7367890477772873,1,2.3074734773010936,0
1407,-0.7314512616680591,1,-2.291661660070565,0
1408,-0.06545847165218152,0,-0.20549713911737985,0
1409,-0.12497314558539596,0,-0.39192168169029473,0
1410,-0.4092790794347706,0,-1.282485305177703,1
1411,-0.10845004077706366,0,-0.3401644922073394,0
1412,0.45460754836690676,1,1.42356446001988,0
1413,-0.0838087638973325,0,-0.26297783441145905,0
1414,-0.7040813722246285,1,-2.2059278606131643,0
1415,-0.013173674494086435,0,-0.04171955705999527,0
1416,0.40280487920993036,1,1.2612971020153232,0
1417,0.3719362835205434,1,1.164603909379841,0
1418,0.14752722064148627,0,0.46166202746024787,0
1419,0.13845082824711485,0,0.4332310172822915,0
1420,-0.7942687614132581,1,-2.488432017389742,0
1421,0.3928026564236764,1,1.2299660086158661,0
1422,-0.19300426568530665,0,-0.6050232515582737,0
1423,0.16088198502654216,0,0.5034946659864526,0
1424,-0.04653820813720144,0,-0.1462310583673233,0
1425,0.8198351329473921,1,2.5676081200226744,0
1426,0.44433040885965125,1,1.3913722138899907,0
1427,0.8944280301092307,1,2.8012638861315344,0
1428,-0.5176543715479689,1,-1.6219614868179002,0
1429,-0.5077141901495263,1,-1.590824732672596,0
1430,0.06808512681739293,0,0.21281657434039267,0
1431,0.30331988857994296,0,0.9496690169504806,0
1432,0.9003873347032554,1,2.8199308897387527,0
1433,-0.46767072012294975,0,-1.4653920437341694,1
1434,-0.6436118290314423,1,-2.016512273088765,0
1435,-0.08505739586345112,0,-0.2668890655035893,0
1436,-0.5241427627889048,1,-1.6422858083538454,0
1437,0.09739158746106896,0,0.3046165147392823,0
1438,-0.3122730844862733,0,-0.9786224585896875,0
1439,0.08096592204639341,0,0.25316454568669394,0
1440,-0.64268915421968,1,-2.013622074447681,0
1441,0.19394979348889396,0,0.6070767014589225,0
1442,-0.14090544949968473,0,-0.4418282387301095,0
1443,-0.1530847570409566,0,-0.4799788608738916,0
1444,0.1730549470002275,0,0.5416254111913807,0
1445,-0.28408872153452724,0,-0.8903373916684703,0
1446,0.11454717436934198,0,0.3583548994195652,0
1447,-0.5193757339783248,1,-1.6273535049954915,0
1448,0.6352624360010222,1,1.9894501914706528,0
1449,0.7035865557220473,1,2.2034695571817475,0
1450,0.01589343160728307,0,0.04933062604185672,0
1451,0.39693909680849454,1,1.2429230485466434,0
1452,0.3184709274055218,0,0.9971283290141341,0
1453,-0.2012911265771451,0,-0.6309811229373553,0
1454,-0.4493484203555287,0,-1.4079990324432343,1
1455,0.32990091618340045,0,1.0329317752687626,-1
1456,-0.2840909012092292,0,-0.8903442193099982,0
1457,-0.06138038551211378,0,-0.19272288878563462,0
1458,0.7488147828454916,1,2.3451430470228205,0
1459,0.6021721148608663,1,1.8857976369919556,0
1460,0.1144680151487123,0,0.3581069400421371,0
1461,-0.37806603019667895,0,-1.1847131417437426,1
1462,0.4524111858340365,1,1.4166845453122214,0
1463,0.06095650057363628,0,0.19048677231279662,0
1464,-0.7450531179952458,1,-2.334268292626156,0
1465,0.289555320059651,0,0.9065527025943183,0
1466,-0.531029167706166,1,-1.6638568731321375,0
1467,0.30161818737365753,0,0.944338585848169,0
1468,0.008894160115669347,0,0.02740601653073045,0
1469,0.6084856264950509,1,1.9055741633617787,0
1470,0.2700207533514074,0,0.8453623704918349,0
1471,1.3617446945283036,1,4.265092714275475,0
1472,-0.9115632429094076,1,-2.8558467844400477,0
1473,0.3620461352753117,1,1.1336238797376614,0
1474,0.44107402298485,1,1.38117186821,0
1475,-1.0719163352320566,1,-3.358138906882793,0
1476,0.2724064374318858,0,0.8528353184899329,0
1477,-0.34090643465921167,0,-1.0683139389514926,1
1478,0.20370951301279216,0,0.6376481744695014,0
1479,-0.050819249363526664,0,-0.1596410478641836,0
1480,0.14149419447940348,0,0.442764097449595,0
1481,-0.010138756004465566,0,-0.03221293871224868,0
1482,0.7986184909870206,1,2.5011488334132226,0
1483,-0.48293170022187937,1,-1.5131957372795615,0
1484,-0.4349480288312333,0,-1.3628910577981879,1
1485,-0.27287515003566876,0,-0.8552118537275375,0
1486,-0.12055407431362253,0,-0.3780793250748163,0
1487,-0.047937274356274595,0,-0.1506135116798058,0
1488,-0.4969079219324499,1,-1.5569750368555715,0
1489,0.3977888016282026,1,1.2455846750307915,0
1490,-0.02762700223084613,0,-0.08699334978891932,0
1491,-0.01995376563412188,0,-0.06295760317282746,0
1492,-0.232319829461069,0,-0.728175837441842,0
1493,0.3576621665002214,1,1.1198914786416347,0
1494,0.2545633435882093,0,0.796943378098463,0
1495,0.744630548635342,1,2.332036297088839,0
1496,-0.25393973322111696,0,-0.7958983065838265,0
1497,-0.43618179455987527,0,-1.3667557216937225,1
1498,0.7197050315126023,1,2.2539592814403195,0
1499,-0.3231022914195643,0,-1.0125440079412253,1
1500,-0.15601533088680175,0,-0.48915862869553683,0
1501,0.4433622305549122,1,1.3883394795127086,0
1502,0.26523204143987644,0,0.8303621467046319,0
1503,-0.40137167908220883,0,-1.2577160609519602,1
1504,0.13421468663687453,0,0.4199616719297597,0
1505,0.28173181761350463,0,0.8820462612673005,0
1506,0.3333675818146558,0,1.0437908040065365,-1
1507,0.3869901650948389,1,1.2117588847995862,0
1508,0.4786880824752957,1,1.4989946398290734,0
1509,-0.3613797858720988,0,-1.1324449319076186,1
1510,0.2298386353960975,0,0.7194953789691113,0
1511,-0.5865437391110047,1,-1.8377514422579317,0
1512,-0.1916486386123616,0,-0.6007768675949365,0
1513,0.5380499837828087,1,1.6849406354322776,0
1514,0.06378456034210128,0,0.19934542369844618,0
1515,-0.26694245833284,0,-0.8366282126885713,0
1516,-0.2729527659456668,0,-0.8554549788185697,0
1517,-0.15990349060002162,0,-0.5013379510052054,0
1518,-0.24214760464779878,0,-0.7589604889002624,0
1519,-0.2922442402395502,0,-0.915883845064735,0
1520,-0.6061723824048815,1,-1.899236461086972,0
1521,0.12208410244080703,0,0.3819636714293818,0
1522,0.6105131293540081,1,1.9119251398196273,0
1523,0.07733915118146514,0,0.2418040012221515,0
1524,0.5348088855791957,1,1.6747881770533493,0
1525,-0.9492262513965061,1,-2.973822884536072,0
1526,0.07050177342824548,0,0.2203865097733606,0
1527,0.07691940398967145,0,0.24048917963186245,0
1528,-0.014764924311657351,0,-0.046704008788535055,0
1529,-0.5003882520993237,1,-1.5678768685633322,0
1530,-0.4577755055143701,0,-1.434396144149214,1
1531,0.029686075133297712,0,0.09253488291292646,0
1532,0.15732574379912045,0,0.4923550494803621,0
1533,0.21796228169112683,0,0.6822937333822123,0
1534,0.3427666143182317,0,1.0732324562799467,-1
1535,-0.17675066083690605,0,-0.5541102472725702,0
1536,0.11637408466720485,0,0.36407753711700136,0
1537,-0.15636854134964995,0,-0.4902650297663439,0
1538,0.006209430792276843,0,0.018996335304766177,0
1539,0.13090441507160883,0,0.4095925340085927,0
1540,0.2558445181569707,0,0.8009565460644913,0
1541,-0.34101689945643837,0,-1.0686599603262632,1
1542,0.3378008679892588,0,1.057677687569448,-1
1543,0.19351225187080834,0,0.6057061403751172,0
1544,-0.2868725027401002,0,-0.8990573443049307,0
1545,-0.10181060593750735,0,-0.3193670397287132,0
1546,-0.20060033225951446,0,-0.6288172697871091,0
1547,0.15905486252832945,0,0.49777136358986684,0
1548,0.08797238904633364,0,0.27511169450215806,0
1549,0.14137385880413178,0,0.4423871564074093,0
1550,-0.06650619921831852,0,-0.20877905464089103,0
1551,0.4265314244392466,1,1.3356184424325528,0
1552,-0.11173527771159342,0,-0.35045521132394963,0
1553,0.24898050125657428,0,0.7794556098028711,0
1554,0.04291332606314757,0,0.133968096625255,0
1555,-0.04518695319189442,0,-0.14199836971374968,0
1556,-0.32791986220423197,0,-1.0276346296398697,1
1557,-0.023230612718111665,0,-0.07322204181193859,0
1558,0.3077593007056607,0,0.9635750895227391,0
1559,-0.5680774046206535,1,-1.779907254718144,0
1560,0.24346573829622942,0,0.7621810942198061,0
1561,-0.07615762174572649,0,-0.23901129672406254,0
1562,0.2658116179482877,0,0.8321776197354988,0
1563,-0.34048721016650385,0,-1.0670007546706526,1
1564,0.2451665960523577,0,0.7675088832878202,0
1565,0.3072746863143837,0,0.9620570770688786,0
1566,0.4563949015049158,1,1.4291631883527196,0
1567,-0.14955462606573433,0,-0.46892103246309,0
1568,-0.48622515126613247,1,-1.5235121863808396,0
1569,-0.059494217165776186,0,-0.18681463040256624,0
1570,0.10884242771297004,0,0.3404852764236981,0
1571,0.36989440888782055,1,1.1582079145899886,0
1572,-0.028911907289264294,0,-0.09101820318951144,0
1573,-0.42015110838878944,0,-1.3165409907867156,1
1574,-0.41046665249837033,0,-1.2862052745654533,1
1575,-0.385289842878653,0,-1.2073411070146378,1
1576,0.2691728381750551,0,0.8427063499099278,0
1577,0.6862413539002273,1,2.1491372202677237,0
1578,0.5626052402459839,1,1.7618578417509245,0
1579,-0.352216655999728,0,-1.1037422241197903,1
1580,0.07661898613882112,0,0.23954814682895473,0
1581,0.3222595338686123,0,1.0089958094217897,-1
1582,-0.03429921009132508,0,-0.10789346090667526,0
1583,0.09835277417471933,0,0.30762734856524787,0
1584,-0.9164929613954678,1,-2.8712886990644697,0
1585,-0.7107529225397182,1,-2.226825912027148,0
1586,-0.11144809915815146,0,-0.34955564946930107,0
1587,0.2337188373943173,0,0.7316497744282947,0
1588,0.09503855083897039,0,0.2972458320665637,0
1589,0.43480751487907265,1,1.361542576306965,0
1590,0.1168840154662405,0,0.36567485101744784,0
1591,-0.1508052971545608,0,-0.4728386509298448,0
1592,0.16388093476271504,0,0.512888615340734,0
1593,0.07869038915551545,0,0.24603663671473874,0
1594,0.30873789774328686,0,0.966640459675105,0
1595,0.4446308386968819,1,1.392313284239193,0
1596,-0.11891348261822832,0,-0.3729403142032117,0
1597,-0.20871981652743454,0,-0.6542508484415697,0
1598,0.037796587903089596,0,0.11794035912937949,0
1599,0.3113358224342502,0,0.9747782329357836,0
1600,-0.20609525344031976,0,-0.6460296327205831,0
1601,-0.4224448871838068,0,-1.3237260534672979,1
1602,-0.12848904908519654,0,-0.40293494377111133,0
1603,-0.3098834813144047,0,-0.9711372343784906,0
1604,0.3736935216044798,1,1.1701083049236551,0
1605,-0.0768576953613252,0,-0.24120421646855802,0
1606,0.3031350980453127,0,0.94909017666432,0
1607,0.5368777363046464,1,1.6812686721086796,0
1608,-0.2590026645899501,0,-0.8117574989835352,0
1609,-0.15758135703530599,0,-0.4940640694733816,0
1610,0.2343522783626955,0,0.7336339731976497,0
1611,-0.08864773708251161,0,-0.2781354972692264,0
1612,0.20878528229230442,0,0.6535475805084319,0
1613,-0.6649914049476116,1,-2.0834819361511445,0
1614,0.01574993629998063,0,0.04888113946556737,0
1615,0.147941787470164,0,0.46296062201339755,0
1616,-0.11185258061318726,0,-0.350822652466224,0
1617,0.41143191566859966,1,1.288320543786542,0
1618,0.3430595254725929,0,1.0741499750086483,-1
1619,-0.17323250065499096,0,-0.5430899163312,0
1620,0.11674749575289006,0,0.365247214882835,0
1621,-0.0943399937155216,0,-0.29596599635265153,0
1622,-0.001517623037375515,0,-0.005207989115220231,0
1623,-0.002051461063710014,0,-0.006880190326960304,0
1624,0.4668700596975639,1,1.4619757108011286,0
1625,-0.24000436032966826,0,-0.752246962382788,0
1626,0.26660933020630956,0,0.8346763840398014,0
1627,-0.21038317160698647,0,-0.6594611636352607,0
1628,0.0755341682985532,0,0.23615004924593125,0
1629,0.5977433974119752,1,1.8719250645651841,0
1630,0.0033801480547609453,0,0.01013385307487559,0
1631,0.3282075372611234,0,1.0276274129976632,-1
1632,0.06230212990988615,0,0.19470183923502463,0
1633,-0.24299868154506166,0,-0.7616264132980782,0
1634,-0.26387625550290766,0,-0.8270235988643005,0
1635,0.3872846759755352,1,1.2126814145319704,0
1636,-0.001254797501500149,0,-0.00438471097112707,0
1637,-0.1669589343818224,0,-0.5234385153323683,0
1638,-0.2383578608744541,0,-0.7470894459671003,0
1639,-0.42229444750471967,0,-1.323254814250057,1
1640,0.0555614818052258,0,0.17358734500177997,0
1641,0.2242824892913079,0,0.702091234283449,0
1642,-0.3007231045821386,0,-0.9424431505627138,0
1643,-0.11267597851997929,0,-0.35340187483248375,0
1644,-0.24416173353703335,0,-0.7652695725605342,0
1645,-0.10676829427562307,0,-0.3348965674833212,0
1646,-0.24229754535762837,0,-0.7594301651396788,0
1647,-0.2997555880929844,0,-0.9394124892652207,0
1648,-0.4118624813942555,0,-1.2905775872444651,1
1649,0.09515631860103455,0,0.2976147293438517,0
1650,-0.08198217151074637,0,-0.2572561925434617,0
1651,-0.4103879733823971,0,-1.2859588190741267,1
1652,0.2548391466257047,0,0.797807307138266,0
1653,0.2626014611692676,0,0.8221220826794151,0
1654,0.37248181151771786,1,1.1663127284090453,0
1655,-0.266270150927319,0,-0.8345222681834684,0
1656,0.15989708941198,0,0.5004095660893606,0
1657,0.1475665365337696,0,0.4617851810751529,0
1658,0.07709011416860934,0,0.24102391442780113,0
1659,-0.6751079254531883,1,-2.1151710572206484,0
1660,0.13501865625478826,0,0.42248003686998065,0
1661,-0.36272542391157636,0,-1.1366600260919508,1
1662,0.3156721788125879,0,0.9883614923378584,0
1663,0.056827666641093955,0,0.1775535589325556,0
1664,-0.4885436324545155,1,-1.5307746271612972,0
1665,-0.020878722452897236,0,-0.06585495000250842,0
1666,0.3087797790254121,0,0.9667716491506841,0
1667,0.5075931021588628,1,1.5895371013170927,0
1668,-0.2995035573796352,0,-0.9386230249643126,0
1669,-0.07742065385814853,0,-0.2429676350227048,0
1670,-0.09294863304298062,0,-0.29160767999484927,0
1671,0.3212517514080444,0,1.0058390184691046,-1
1672,-0.1326295488846926,0,-0.41590469946548836,0
1673,0.025893659015235035,0,0.08065546909223818,0
1674,-0.2872560907276433,0,-0.9002589003311711,0
1675,-0.020435955523324667,0,-0.06446802108469889,0
1676,-0.04972853418308054,0,-0.15622447737569903,0
1677,-0.14650713011560024,0,-0.4593750163136259,0
1678,-0.2638988177726912,0,-0.8270942732130926,0
1679,-0.08332407514155168,0,-0.26145958901725475,0
1680,-0.0036496683746714,0,-0.011886435798741088,0
1681,-0.135848167768698,0,-0.42598674332984,0
1682,-0.2156183798793858,0,-0.6758599984596134,0
1683,-0.3171078581208957,0,-0.9937669667203968,0
1684,0.010632497999568225,0,0.03285120884089378,0
1685,-0.47900433164362777,1,-1.5008935966085497,0
1686,-0.4484632682806575,0,-1.4052263705136656,1
1687,0.128372976314152,0,0.401663022155099,0
1688,-0.13887969638022868,0,-0.43548274317914615,0
1689,-0.21038808345537796,0,-0.6594765495733673,0
1690,-0.5780077618093592,1,-1.811013235380452,0
1691,0.46934320499490145,1,1.4697226234581633,0
1692,0.20923120732627867,0,0.6549444019137503,0
1693,0.09817729097500266,0,0.3070776626966313,0
1694,-0.21085745304198977,0,-0.6609468090018226,0
1695,-0.19620881875582516,0,-0.6150612354845981,0
1696,0.09902119713582525,0,0.3097211253858894,0
1697,-0.1479267934407818,0,-0.4638219882705169,0
1698,-0.26215903833708665,0,-0.8216445653675232,0
1699,0.194601933955391,0,0.609119474780615,0
1700,0.1674821470351091,0,0.524169099735934,0
1701,-0.01542600775998354,0,-0.04877479522340712,0
1702,0.3415044998261668,0,1.069278992347306,-1
1703,0.218409671402434,0,0.683695142761954,0
1704,-0.3375141858334849,0,-1.0576880143880938,1
1705,-0.07389939235764795,0,-0.23193758947045856,0
1706,0.38960204698605877,1,1.2199403777767894,0
1707,-0.050977564734873054,0,-0.16013695700280428,0
1708,0.211735252079992,0,0.6627881044318379,0
1709,-0.00844689059322723,0,-0.026913317382910952,0
1710,-0.013746465809956192,0,-0.043513776065052495,0
1711,0.12325856537514113,0,0.38564257447685163,0
1712,0.10824916763669679,0,0.33862694080599604,0
1713,-0.3458989605035035,0,-1.0839525921658242,1
1714,0.19381900071460567,0,0.6066670044630875,0
1715,-0.043301805524603776,0,-0.13609330851906973,0
1716,-0.05899824014194958,0,-0.18526102548998097,0
1717,-0.0450786398804458,0,-0.1416590876811534,0
1718,0.18548999909706634,0,0.5805771309239791,0
1719,-0.020335279932090833,0,-0.06415266354673965,0
1720,-0.028666422405582148,0,-0.09024924313101622,0
1721,-0.26631463965306024,0,-0.8346616252495135,0
1722,-0.026478077424119006,0,-0.08339444270618651,0
1723,-0.1889255712508769,0,-0.5922470957973176,0
1724,-0.07165445636194576,0,-0.22490552261289848,0
1725,-0.09037300261575278,0,-0.2835397415773146,0
1726,-0.30508474716699474,0,-0.9561056168086149,0
1727,-0.3430249631588076,0,-1.074950045315917,1
1728,-0.0014248405689343269,0,-0.004917356098271427,0
1729,-0.5763614882411351,1,-1.8058564265361245,0
1730,-0.006854505823701784,0,-0.02192531051603331,0
1731,0.03217775561220304,0,0.10033985541498615,0
1732,0.3529861594338637,0,1.1052442929846709,-1
1733,-0.30307403737523086,0,-0.949807243173953,0
1734,-0.6711080961332866,1,-2.102641939575323,0
1735,-0.5757864778463343,1,-1.8040552564592172,0
1736,-0.08921003421800133,0,-0.27989684416648675,0
1737,-0.21525080550116282,0,-0.6747086036725287,0
1738,-0.03376560928451361,0,-0.10622200276446991,0
1739,0.6063357715840929,1,1.8988399297369212,0
1740,-0.05090655309671782,0,-0.15991451921922006,0
1741,0.2118581066537948,0,0.663172935704708,0
1742,0.861454649138761,1,2.6979776365689427,0
1743,-0.36941517583437844,0,-1.1576150924598545,1
1744,-0.20857417561160008,0,-0.6537946409330683,0
1745,-0.5090420105002875,1,-1.5949840144958896,0
1746,0.13420413844670176,0,0.4199286306409821,0
1747,-0.29563079877893533,0,-0.9264919453008169,0
1748,0.18924595525665777,0,0.5923423370941666,0
1749,0.17206380230613003,0,0.5385207365958676,0
1750,-0.10569770919437033,0,-0.33154305278068,0
1751,0.39434928557912385,1,1.2348106899991125,0
1752,-0.4544458434180208,0,-1.4239662670750177,1
1753,0.17894938332447213,0,0.5600892205824158,0
1754,0.45716633677011054,1,1.4315796422612117,0
1755,-0.26964227354733805,0,-0.8450851491570294,0
1756,-0.19164804799134344,0,-0.600775017525939,0
1757,0.22241129396130283,0,0.6962298775724599,0
1758,-0.20299310042630958,0,-0.6363124080697851,0
1759,0.0751171130966787,0,0.2348436600800534,0
1760,-0.010042464710145804,0,-0.031911314603252305,0
1761,0.04150085634437367,0,0.1295436580151064,0
1762,0.01647486980834918,0,0.051151930663130535,0
1763,-0.12677696681237915,0,-0.3975719948802992,0
1764,0.20896068458255262,0,0.6540970129351718,0
1765,0.027281507207573413,0,0.0850027829111405,0
1766,-0.2870987420266302,0,-0.8997660192033383,0
1767,0.09053526753538829,0,0.28313968858187244,0
1768,-0.45233802477149865,0,-1.417363708394355,1
1769,0.04737002599147078,0,0.1479283217363719,0
1770,0.5134511125004778,1,1.6078868094839975,0
1771,0.5303510626185544,1,1.6608244341411194,0
1772,0.042472929988114735,0,0.1325885942031963,0
1773,0.16908207315640225,0,0.5291807292316653,0
1774,-0.26036875876183774,0,-0.8160366702244206,0
1775,0.28871404369213827,0,0.9039174775039992,0
1776,-0.35758036751207356,0,-1.1205435841726772,1
1777,-0.1346831775014506,0,-0.42233751258857416,0
1778,-0.24004027868025501,0,-0.7523594734936717,0
1779,-0.11856257105197471,0,-0.3718411142261475,0
1780,0.7274158480296851,1,2.2781127438901674,0
1781,-0.10420008746869877,0,-0.326851882911063,0
1782,0.12640430991322354,0,0.39549634578745896,0
1783,-0.08607334619695023,0,-0.27007144160821034,0
1784,0.13229080003114407,0,0.4139352643779359,0
1785,0.11102491179118773,0,0.3473217180785911,0
1786,-0.1811669831566984,0,-0.5679439930349303,0
1787,0.3080323771209664,0,0.964430477655554,0
1788,-0.5009207241775947,1,-1.5695447910615032,0
1789,-0.01089015449274311,0,-0.034566629158815074,0
1790,0.1569590281207232,0,0.49120634449583606,0
1791,0.14012792782477984,0,0.4384843859215329,0
1792,-0.011420084816248061,0,-0.03622658983113244,0
1793,-0.5502490012130548,1,-1.72406133084067,0
1794,-0.09501640607687173,0,-0.29808479927505127,0
1795,-0.09649193699933234,0,-0.302706771623931,0
1796,0.5561374068326665,1,1.7415979158229329,0
1797,-0.17505121928864195,0,-0.5487868943525817,0
1798,-0.0737073823280684,0,-0.23133613474394946,0
1799,-0.0700199198468281,0,-0.21978547906714233,0
1800,-0.07909675536945372,0,-0.24821787730583453,0
1801,-0.25141455002949026,0,-0.7879883897465085,0
1802,-0.020866402992250427,0,-0.06581636036294485,0
1803,-0.5855995944634448,1,-1.8347939912225528,0
1804,-0.07872822843657545,0,-0.24706349872409641,0
1805,0.1916560977146865,0,0.5998918988338103,0
1806,-0.12306320427443115,0,-0.3859389565620803,0
1807,-0.023270903393793674,0,-0.07334824885110343,0
1808,0.1993707996699312,0,0.624057532080945,0
1809,-0.17388503428353236,0,-0.5451339211988194,0
1810,0.20320209110331355,0,0.6360587194474983,0
1811,0.37178315816049423,1,1.164124257500449,0
1812,-0.24018555662994717,0,-0.7528145440422843,0
1813,0.04761929283526442,0,0.1487091284561562,0
1814,0.2547996585811891,0,0.7976836142714582,0
1815,0.07716386696303246,0,0.24125493864510986,0
1816,-0.15113704601905895,0,-0.4738778254094454,0
1817,0.024566975058839063,0,0.07649974692550857,0
1818,-0.0449601620927047,0,-0.14128796631015386,0
1819,-0.18384924130747612,0,-0.5763459335274941,0
1820,-0.1599359778201987,0,-0.5014397143983439,0
1821,0.10995022566103828,0,0.3439553571967791,0
1822,-0.6154278975136063,1,-1.928228557596767,0
1823,0.29250871419956914,0,0.9158039530034127,0
1824,-0.026803571240086366,0,-0.08441402379000662,0
1825,-0.022092811140095675,0,-0.06965797727621753,0
1826,-0.24271114825843076,0,-0.7607257402725517,0
1827,0.1603420983723114,0,0.5018035179736258,0
1828,-0.01885080887810814,0,-0.059502687013019445,0
1829,0.004604246143349505,0,0.013968233928336753,0
1830,-0.4201947959870337,0,-1.316677838390517,1
1831,0.2773928736832594,0,0.8684548965838074,0
1832,-0.012009603094208732,0,-0.038073204590889295,0
1833,0.07947766711992119,0,0.24850271650132674,0
1834,-0.4773495339559235,1,-1.4957100867009399,0
1835,-0.08931187193553025,0,-0.2802158419640434,0
1836,0.15551972126635616,0,0.48669784089135454,0
1837,-0.19823073660442958,0,-0.6213947173830132,0
1838,-0.19049232235258567,0,-0.5971548074280565,0
1839,0.4410925246771694,1,1.3812298231528657,0
1840,0.7419211805933066,1,2.3235494372185332,0
1841,-0.531249152349067,1,-1.664545955903084,0
1842,-0.04985070324424945,0,-0.1566071613398342,0
1843,-0.020157740227825793,0,-0.0635965358563942,0
1844,-0.20851695733787892,0,-0.6536154096645369,0
1845,0.14273685877751152,0,0.44665663534044275,0
1846,0.16163033964911566,0,0.5058388217882999,0
1847,-0.26689181967623854,0,-0.8364695914987109,0
1848,-0.24713472080171,0,-0.7745821967297332,0
1849,-0.07244883302504822,0,-0.22739383845607453,0
1850,-0.27459809546425945,0,-0.8606088305094913,0
1851,-0.35454078554569335,0,-1.1110223578893712,1
1852,-0.21085167893785228,0,-0.6609287221225463,0
1853,0.5985130925237645,1,1.8743360675944025,0
1854,0.18938846206620055,0,0.5927887272871525,0
1855,0.03817512478367638,0,0.11912609300216452,0
1856,-0.05440033847314579,0,-0.1708584982012678,0
1857,-0.30508139434273446,0,-0.9560951143780757,0
1858,0.14253821586515097,0,0.4460344036852089,0
1859,-0.02202155590357091,0,-0.0694347764419164,0
1860,0.1285007978011202,0,0.4020634118516934,0
1861,-0.11419936670758492,0,-0.3581737559042687,0
1862,0.09400243240531017,0,0.2940002811413712,0
1863,0.15420278513567598,0,0.48257265294131557,0
1864,0.18773349058593475,0,0.5876046729894512,0
1865,0.45529239258782706,1,1.425709675009414,0
1866,0.4157029333816087,1,1.3016991354992684,0
1867,-0.103679048866755,0,-0.32521977478359176,0
1868,0.3772029795042627,1,1.181101376722723,0
1869,-0.1968264425596907,0,-0.61699588836108,0
1870,-0.2338682519200453,0,-0.7330261361925033,0
1871,-0.30638580838070095,0,-0.9601810779612161,0
1872,-0.13087104615279443,0,-0.41039634252186774,0
1873,0.5596219830283709,1,1.7525130478469042,0
1874,0.8342288467330023,1,2.6126951772317755,0
1875,-0.33642305396186395,0,-1.0542701386507263,1
1876,-0.22367982176161516,0,-0.7011117643864367,0
1877,0.05246739355223334,0,0.16389538251381222,0
1878,0.09448535575137995,0,0.2955129965431202,0
1879,-0.15584528813680698,0,-0.4886259845627438,0
1880,0.1160848716882856,0,0.36317160260139475,0
1881,0.03335599697413871,0,0.10403059405846479,0
1882,0.10293494934896232,0,0.3219806139768303,0
1883,0.0995262503118183,0,0.31130316055615953,0
1884,-0.018879405939820126,0,-0.059592264822931826,0
1885,0.74223344611318,1,2.3245275818147553,0
1886,-0.33467805105339477,0,-1.0488040687304772,1
1887,0.22835563530954278,0,0.7148500101129902,0
1888,0.09917191579356344,0,0.31019323847950353,0
1889,-0.2628966191142499,0,-0.8239549730351773,0
1890,-0.1683275445011444,0,-0.5277255675598841,0
1891,-0.09220437630706416,0,-0.28927636046673194,0
1892,-0.35611339173300566,0,-1.1159484100667891,1
1893,0.03203081628821847,0,0.09987958075582332,0
1894,-0.2316944920674943,0,-0.7262170224161272,0
1895,-0.11862861682427073,0,-0.37204799686660317,0
1896,-0.3746847635814885,0,-1.1741216180001814,1
1897,-0.28729384158204385,0,-0.9003771516009547,0
1898,0.16880260570692585,0,0.5283053217398739,0
1899,-0.30293069681545765,0,-0.949358241330847,0
1900,-0.5047606911713611,1,-1.581573153866806,0
1901,0.30070337472202613,0,0.941473014740249,0
1902,0.3025359814781517,0,0.9472134960980083,0
1903,-0.16411402920262785,0,-0.5145270971619551,0
1904,0.07984002666128934,0,0.24963777626528166,0
1905,-0.023543312629755064,0,-0.07420154710261914,0
1906,-0.00974600209690879,0,-0.030982671238345336,0
1907,-0.3715875365397517,0,-1.1644198235293222,1
1908,-0.470175374093162,0,-1.4732376545699817,1
1909,0.3554352849670579,1,1.1129159658185293,0
1910,-0.2403832628404686,0,-0.7534338415604332,0
1911,-0.030680800467619757,0,-0.09655910730343333,0
1912,-0.19831050642004122,0,-0.6216445893961442,0
1913,0.427687952927386,1,1.3392411673863327,0
1914,-0.25560490055119034,0,-0.8011142984947398,0
1915,0.03840082512220411,0,0.11983307969280489,0
1916,0.272746201022834,0,0.8538995984034299,0
1917,0.18298241563163334,0,0.5727223436990446,0
1918,0.1630404841819392,0,0.5102559769555839,0
1919,0.3824840006013594,1,1.1976437162379987,0
1920,-0.6864142949548181,1,-2.1505872768384684,0
1921,0.2713647508287962,0,0.8495723257580357,0
1922,-0.3110838429835097,0,-0.9748972629612915,0
1923,0.20667591036827074,0,0.6469401563209884,0
1924,0.22136284622141866,0,0.6929457061672893,0
1925,-0.06375123786048609,0,-0.20014937767221092,0
1926,-0.3790622949321205,0,-1.1878338544236884,1
1927,0.38133296084971324,1,1.194038184274156,0
1928,0.39434507915080075,1,1.234797513728049,0
1929,-0.037077443438542135,0,-0.11659603535910297,0
1930,-0.08710180526385342,0,-0.27329300023285386,0
1931,0.4201474257228653,1,1.3156211214050868,0
1932,-0.0007198321185086232,0,-0.002708978412658311,0
1933,-0.3423103527473363,0,-1.072711590322013,1
1934,0.2449052118333708,0,0.7666901199435887,0
1935,-0.30399016971312626,0,-0.9526769480843765,0
1936,0.49477277342843706,1,1.5493785360213133,0
1937,-0.2880532228365663,0,-0.9027558473688532,0
1938,0.09406125142342034,0,0.2941845266025508,0
1939,-0.04545730058154884,0,-0.1428452094109421,0
1940,0.08483669083401657,0,0.26528939243369837,0
1941,-0.12162574511097918,0,-0.38143624068877324,0
1942,-0.06092640447941994,0,-0.19130083266462317,0
1943,-0.13112540855154808,0,-0.41119311062461517,0
1944,0.5215956292234118,1,1.6333988001277548,0
1945,0.18225566662179227,0,0.5704458656009377,0
1946,-0.41011341709075044,0,-1.2850987953573172,1
1947,-0.005776720777253996,0,-0.018549242548301027,0
1948,-0.09331359075665421,0,-0.2927508783076957,0
1949,0.2741046088468493,0,0.858154692827768,0
1950,-0.21259084949332402,0,-0.6663765227040286,0
1951,0.12883923175915604,0,0.4031235268056756,0
1952,0.17047213290790664,0,0.5335349705674075,0
1953,-0.49142676654999173,1,-1.5398057940887793,0
1954,-0.4944496417635039,1,-1.5492746879210197,0
1955,0.29515289111356,0,0.9240866073320875,0
1956,0.25502182348477204,0,0.7983795265194642,0
1957,-0.44837244531182124,0,-1.4049418754588927,1
1958,0.21033231133656513,0,0.658393514508624,0
1959,0.29688356678540145,0,0.9295077984290456,0
1960,0.686485667714809,1,2.149902512054061,0
1961,-0.0012022002987371327,0,-0.004219954805669229,0
1962,-0.11984551256497566,0,-0.37585981699140836,0
1963,-0.24446038119220778,0,-0.7662050603793676,0
1964,-0.3361625335740125,0,-1.0534540811824349,1
1965,-0.29545619615654506,0,-0.9259450177641281,0
1966,0.16689549528338268,0,0.522331464120423,0
1967,0.12326675180712365,0,0.38566821776340243,0
1968,0.6256244739275039,1,1.9592601130891933,0
1969,-0.2680594971173838,0,-0.8401272395786197,0
1970,-0.09286355551219783,0,-0.29134118202533654,0
1971,-0.23442381654966016,0,-0.7347663941003576,0
1972,0.21095821765969025,0,0.6603541116566994,0
1973,-0.0161798475886874,0,-0.05113613295663683,0
1974,0.3391628898150568,0,1.0619441025402105,-1
1975,0.11856052679935669,0,0.37092637703177533,0
1976,-0.02585653368930571,0,-0.08144751098676456,0
1977,-0.06034233487888077,0,-0.18947128541324368,0
1978,-0.221087180737559,0,-0.6929905417530434,0
1979,-0.17918276880876288,0,-0.5617286140748508,0
1980,-0.027651065101779296,0,-0.08706872464036755,0
1981,-0.4505374953639061,0,-1.4117237065424388,1
1982,-0.07453652319168662,0,-0.23393334642324043,0
1983,-0.1753575643954922,0,-0.5497464937696614,0
1984,-0.14796729398667974,0,-0.4639488527098894,0
1985,-0.08870719812271133,0,-0.2783217538087914,0
1986,-0.451551507641156,0,-1.4149000118543316,1
1987,-0.1381694760748875,0,-0.43325803981106914,0
1988,0.6422044834725859,1,2.011195551713372,0
1989,0.39534410827310745,1,1.2379268856095458,0
1990,-0.20003518676307222,0,-0.6270470006467688,0
1991,-0.1397426146705543,0,-0.4381857597113761,0
1992,-0.4094902866121446,0,-1.2831468933008985,1
1993,-0.1315682327216678,0,-0.41258021884346274,0
1994,-0.04255435719482109,0,-0.13375199160060702,0
1995,-0.19351026810260924,0,-0.6066082601444298,0
1996,-0.2065720950361765,0,-0.6475232975684673,0
1997,-0.01376735390924766,0,-0.04357920622031134,0
1998,-0.055862466335496685,0,-0.1754384866294621,0
1999,-0.15802523539307478,0,-0.495454479843401,0
2000,-0.24626957834265928,0,-0.7718722131823155,0
2001,0.06599936904075851,0,0.20628311941693445,0
2002,0.17131120628923496,0,0.5361632949950063,0
2003,-0.00901394262393751,0,-0.02868955857611372,0
2004,0.4864365693606154,1,1.523266101432794,0
2005,-0.8859344835573923,1,-2.7755669236401332,0
2006,0.05635856521873439,0,0.17608413950530943,0
2007,-0.1113589540710446,0,-0.34927641023318984,0
2008,0.18104483018147577,0,0.5666530257078732,0
2009,-0.34323811993176806,0,-1.0756177403778115,1
2010,-0.21878204260381928,0,-0.6857698969313639,0
2011,-0.14305839707335544,0,-0.44857215985207394,0
2012,-0.212817796972441,0,-0.6670874159541528,0
2013,0.08246306166356393,0,0.2578542053933405,0
2014,0.04339213177293026,0,0.1354679138892747,0
2015,0.2206543586833889,0,0.6907264305421885,0
2016,1.2760725255691148,1,3.996732092366182,0
2017,0.04120735372994577,0,0.12862428658916067,0
2018,0.04817526211055448,0,0.1504506538814127,0
2019,0.6692399236441773,1,2.095881717899919,0
2020,0.9429864983587495,1,2.9533690668070833,0
2021,-0.024637151466233576,0,-0.07762790217209035,0
2022,0.028998986730513487,0,0.09038263821878695,0
2023,-0.189270526927786,0,-0.5933276394687469,0
2024,0.006207119310856352,0,0.01898909479015016,0
2025,0.8515259020701076,1,2.6668766994677333,0
2026,0.7961939479628786,1,2.493554163152049,0
2027,0.3418129020205104,0,1.0702450354121391,-1
2028,-0.0943335955583547,0,-0.2959459546815086,0
2029,0.4875711807100467,1,1.5268201728547952,0
2030,-0.8502408916164261,1,-2.6637598496763912,0
2031,0.8560661157096274,1,2.68109852401945,0
2032,0.6783808607865617,1,2.124514908890246,0
2033,0.10267644492858685,0,0.3211708713514124,0
2034,-0.21092222386723863,0,-0.6611496979814823,0
2035,-0.13930223669825892,0,-0.4368063139945688,0
2036,-0.65547579896291,1,-2.053675127581669,0
2037,-0.14402658446613625,0,-0.45160492269685687,0
2038,-0.27938159025409587,0,-0.8755927121165028,0
2039,-0.19840908142680536,0,-0.6219533670358528,0
2040,0.04331203871280151,0,0.13521702934079302,0
2041,-0.6020575005403278,1,-1.886346951346873,0
2042,0.06496611138485948,0,0.20304652962939573,0
2043,-0.11916382043158685,0,-0.37372447564206024,0
2044,0.06336133926697354,0,0.19801972047059277,0
2045,-0.010745866707468688,0,-0.03411466021416744,0
2046,0.483795381199011,1,1.5149928091111617,0
2047,0.16924899382468084,0,0.5297035937148803,0
2048,0.20835440698990304,0,0.6521979010790144,0
2049,-0.28730631755486874,0,-0.9004162315013108,0
2050,0.4058873358242899,1,1.2709526294063944,0
2051,-0.05443822374401547,0,-0.1709771705189563,0
2052,-0.02768713119449695,0,-0.08718169854063332,0
2053,0.7927853735250744,1,2.482877100027979,0
2054,-0.15119895725831287,0,-0.4740717569845555,0
2055,-0.06905815934662857,0,-0.21677284790468995,0
2056,0.49061726463390726,1,1.5363617659547029,0
2057,0.007736094468465238,0,0.02377847655980328,0
2058,0.058649869296420146,0,0.183261450348974,0
2059,-0.6319918329063743,1,-1.9801136453361246,0
2060,-0.011947167172322304,0,-0.037877629493042714,0
2061,0.04760534614090839,0,0.14866544164845152,0
2062,0.2921502331419493,0,0.9146810422526485,0
2063,-0.05434938244491447,0,-0.1706988828723656,0
2064,0.2568090957787134,0,0.8039780016152895,0
2065,-0.29373657135215037,0,-0.9205584425488111,0
2066,-0.2593240280601223,0,-0.8127641421181969,0
2067,-0.037452290741616795,0,-0.11777021195106081,0
2068,0.006374739726737966,0,0.019514151171903638,0
2069,-0.25160692679311825,0,-0.7885909932355447,0
2070,-0.10377677651898876,0,-0.32552589815889327,0
2071,0.20187310065295466,0,0.6318957723889299,0
2072,0.19736311655659144,0,0.6177686392533419,0
2073,0.10705789966065288,0,0.3348953974262077,0
2074,-0.3770759591810117,0,-1.181611830352579,1
2075,-0.260447198829017,0,-0.8162823769161802,0
2076,-0.3949961654876456,0,-1.2377453188309901,1
2077,0.10986147964132237,0,0.3436773680045797,0
2078,-0.2688906422648163,0,-0.8427307295027294,0
2079,-0.12016286749231714,0,-0.3768539037141095,0
2080,-0.11101398875566265,0,-0.3481958363700823,0
2081,0.17014380658572092,0,0.532506516904084,0
2082,0.0420781857296163,0,0.1313520921279865,0
2083,0.6620277256460401,1,2.073290134616495,0
2084,0.18536704722140568,0,0.5801919948614974,0
2085,-0.18469271217868619,0,-0.5789880327098801,0
2086,0.01658722341418456,0,0.05150386856667652,0
2087,-0.3907349535686543,0,-1.2243974429156208,1
2088,-0.29230703695676746,0,-0.9160805503225921,0
2089,0.42875113568645684,1,1.3425714949582122,0
2090,-0.15936348750825577,0,-0.4996464382619217,0
2091,-0.40079539662737335,0,-1.2559109062575724,1
2092,0.32156955053329594,0,1.0068344966031455,-1
2093,-0.7251787821048353,1,-2.2720136630961694,0
2094,0.36628254474576116,1,1.1468940641390137,0
2095,0.3224155684671972,0,1.0094845742379992,-1
2096,-0.19780387232692198,0,-0.6200576021404031,0
2097,0.09835635871377287,0,0.3076385768222344,0
2098,0.20326494959127916,0,0.6362556181968548,0
2099,-0.45693889610802785,0,-1.4317755379090693,1
2100,-0.5429483112301875,1,-1.7011925541075572,0
2101,-0.08308020585115847,0,-0.26069568966429596,0
2102,0.015917412174382722,0,0.04940574308370103,0
2103,-0.34185280056836964,0,-1.0712783478957364,1
2104,0.21125821039303258,0,0.6612938128159681,0
2105,-0.05888036055310153,0,-0.18489177792501338,0
2106,0.4163915988486189,1,1.303856320210004,0
2107,-0.21961298955686215,0,-0.6883727660287768,0
2108,-0.341831604538411,0,-1.0712119531744306,1
2109,0.027734664091549108,0,0.0864222574579344,0
2110,0.03874246111589752,0,0.12090322474513615,0
2111,0.20397478842608102,0,0.6384791266416281,0
2112,0.43955970558634994,1,1.376428400596578,0
2113,-0.19512696134815827,0,-0.6116724111993513,0
2114,0.38406832343199127,1,1.2026064697821048,0
2115,-0.23980001353240543,0,-0.751606863803928,0
2116,-0.3934474553818511,0,-1.2328941190516756,1
2117,-0.24671996716452751,0,-0.7732830170151813,0
2118,-0.6160574889249854,1,-1.9302006979634585,0
2119,0.11709411674665099,0,0.3663329750145391,0
2120,-0.24556198241819432,0,-0.7696557304591997,0
2121,0.47004540540097633,1,1.4719222051889467,0
2122,-0.08755797301090634,0,-0.27472190604650726,0
2123,-0.6655177175673003,1,-2.0851305646807394,0
2124,0.12185037288314748,0,0.3812315339077792,0
2125,-0.10960483610742999,0,-0.34378178819505606,0
2126,-0.32450004806762006,0,-1.016922359136335,1
2127,-0.016094329768585935,0,-0.05086825581910704,0
2128,0.008482198237529825,0,0.02611558175869723,0
2129,-0.14807594417612274,0,-0.4642891899835188,0
2130,0.07317773547777962,0,0.2287687282760897,0
2131,-0.21543493230161728,0,-0.675285364869081,0
2132,-0.1562115784776616,0,-0.48977335721439147,0
2133,0.09544198781070717,0,0.2985095633103479,0
2134,0.11529881975829664,0,0.36070936326104,0
2135,0.10984124677678353,0,0.3436139903152249,0
2136,0.25070140200313584,0,0.7848461817961099,0
2137,-0.2186985759741281,0,-0.6855084449694873,0
2138,-0.13988781821767587,0,-0.4386405972004041,0
2139,-0.28023293685769957,0,-0.8782594813459861,0
2140,0.26339107765258085,0,0.8245954876731969,0
2141,0.009448456110567105,0,0.029142300550613884,0
2142,0.00780776300407704,0,0.024002972017567088,0
2143,0.647438877903285,1,2.027591837249345,0
2144,0.138216759680501,0,0.4324978178446091,0
2145,-0.22279299079463444,0,-0.6983338434732783,0
2146,0.2946546275399604,0,0.9225258400011047,0
2147,-0.30464004155988184,0,-0.9547126151519367,0
2148,0.1333929493142325,0,0.4173876511989978,0
2149,-0.593069538835685,1,-1.858192942617342,0
2150,0.13212580371510596,0,0.41341842776083304,0
2151,0.2864058612760562,0,0.8966872967325173,0
2152,1.4678233968152625,1,4.597375027924146,0
2153,-0.6469219784643586,1,-2.0268810284409646,0
2154,-0.42251467651404573,0,-1.3239446624775877,1
2155,-0.05122430061163108,0,-0.16090983568836273,0
2156,0.038886291413188945,0,0.1213537606484458,0
2157,-0.2663722676803739,0,-0.8348421400355541,0
2158,-0.22920121828125567,0,-0.7184070590173498,0
2159,-0.1088692625657613,0,-0.3414776680181026,0
2160,-0.07956570445904593,0,-0.249686819563929,0
2161,-0.08025844264421067,0,-0.25185676171024823,0
2162,-0.33442830025289927,0,-1.048021746058394,1
2163,0.35967706914525266,1,1.126202986024678,0
2164,-0.3616484981949706,0,-1.1332866499002483,1
2165,-0.2131592825220032,0,-0.6681570897533209,0
2166,0.016527514220598158,0,0.0513168347081993,0
2167,-0.18354036104451635,0,-0.5753783929542785,0
2168,0.0020215322036289396,0,0.005878107023677898,0
2169,0.31046255739916767,0,0.9720428061250299,0
2170,0.6142662247765324,1,1.9236813849796315,0
2171,0.27256026251896825,0,0.8533171622034306,0
2172,0.6671264962615125,1,2.0892615903408487,0
2173,-0.49116387162921793,1,-1.5389822986025234,0
2174,0.700623779231728,1,2.1941889173756155,0
2175,-0.04988100381436966,0,-0.1567020752417519,0
2176,0.5064789022271934,1,1.586046966886896,0
2177,-0.34889372980157374,0,-1.0933334466611484,1
2178,0.008658581855304992,0,0.026668088108610037,0
2179,1.0256165671268815,1,3.2122005743131776,0
2180,0.3598277229958045,1,1.1266748961154147,0
2181,0.8519289239001606,1,2.668139130316281,0
2182,-0.6617481181051017,1,-2.073322622051127,0
2183,-0.6343748747433335,1,-1.9875783167360852,0
2184,0.2029846737650809,0,0.6353776785352532,0
2185,-0.30457554166897505,0,-0.9545105748505517,0
2186,-0.15943044752654212,0,-0.499856184698468,0
2187,0.37000297170863605,1,1.1585479781889874,0
2188,-0.5120845511874613,1,-1.6045145087148842,0
2189,-0.056013873381457524,0,-0.1759127560393431,0
2190,-0.12797763905414555,0,-0.4013329963049643,0
2191,-0.2761608751490585,0,-0.86550410202199,0
2192,-0.31807626108216835,0,-0.9968004048147414,0
2193,0.5442096330449875,1,1.7042352012968218,0
2194,0.24831802122546157,0,0.7773804486938231,0
2195,0.4157917697192307,1,1.3019774076044575,0
2196,0.2575990660154838,0,0.8064525147110246,0
2197,-0.35193156009417026,0,-1.1028491859785976,1
2198,0.01684761809438573,0,0.052319532266680964,0
2199,0.5527072977117111,1,1.7308533971758697,0
2200,0.9216799911310591,1,2.8866282850596106,0
2201,-0.8298576628252241,1,-2.5999111573719844,0
2202,-0.2148874317390035,0,-0.6735703669501102,0
2203,-1.469016861780494,1,-4.602021786932333,0
2204,0.3655460949160765,1,1.1445871990660246,0
2205,0.02466027820961214,0,0.07679201093459988,0
2206,0.36306592661789167,1,1.1368182874693349,0
2207,-0.3872841817946231,0,-1.213588200303972,1
2208,0.15451154226477815,0,0.483539807808426,0
2209,0.25103978841568464,0,0.785906147817987,0
2210,0.2445486338115621,0,0.7655731702870747,0
2211,0.030562290450137475,0,0.09527955122482108,0
2212,-0.6510145055741914,1,-2.0397005138551663,0
2213,-0.5436615044037835,1,-1.7034265697270152,0
2214,-0.5130664287641318,1,-1.607590154870634,0
2215,0.09753060557266971,0,0.30505197688923213,0
2216,0.08467342882249715,0,0.26477798837473976,0
2217,0.17427140800922689,0,0.5454358695569088,0
2218,-0.3510380308015671,0,-1.1000502831427024,1
2219,-0.005977955614919983,0,-0.019179593184241915,0
2220,-0.11261304051861579,0,-0.35320472701432026,0
2221,-0.37190067115580894,0,-1.1654006904937908,1
2222,-0.01613127422714833,0,-0.05098398112402641,0
2223,0.16343857230672643,0,0.5115029534012661,0
2224,-0.10588523795429897,0,-0.33213047031955784,0
2225,-0.08226276878845962,0,-0.2581351391239907,0
2226,-0.7473858733194235,1,-2.341575445896161,0
2227,-0.5508808199964623,1,-1.7260404482566187,0
2228,0.395118384169285,1,1.2372198244761856,0
2229,0.3373420663542129,0,1.0562405313306165,-1
2230,0.038411008042407914,0,0.11986497680515708,0
2231,0.05641367431113331,0,0.17625676394669687,0
2232,-0.4032253779153463,0,-1.2635226114074563,1
2233,0.05878457868066776,0,0.18368341578504144,0
2234,0.12923558582437422,0,0.4043650714604969,0
2235,-0.01435223109620809,0,-0.045411283165953144,0
2236,-0.10656778353507301,0,-0.3342684850186513,0
2237,0.3553147840870836,1,1.1125385072869736,0
2238,-0.0560429268011689,0,-0.17600376335101806,0
2239,-0.47743009118355284,1,-1.4959624252137678,0
2240,-0.05430660382015329,0,-0.170564882548984,0
2241,-0.036474776696767366,0,-0.11470823417942502,0
2242,-0.07651754515713177,0,-0.24013872552267798,0
2243,-0.033431728044597264,0,-0.10517614880423601,0
2244,0.1474938966935754,0,0.46155764309021874,0
2245,0.18295037741992515,0,0.5726219867859033,0
2246,-0.19140197337604514,0,-0.6000042101844206,0
2247,0.012240356282748721,0,0.03788768514420614,0
2248,-0.047602694363529596,0,-0.14956546893707767,0
2249,-0.3671917605431138,0,-1.1506504373381818,1
2250,-0.28128046027295106,0,-0.8815407573845949,0
2251,0.1774385629813989,0,0.5553567071911244,0
2252,0.17381582401953244,0,0.5440087923124357,0
2253,0.2552702295309429,0,0.7991576368655231,0
2254,-0.27173209532619863,0,-0.8516313342141832,0
2255,-0.22687686765875198,0,-0.7111262327447304,0
2256,-0.07550098866283705,0,-0.2369544506720574,0
2257,-0.0746534689678715,0,-0.23429966890121565,0
2258,-0.15112090419308238,0,-0.4738272625427589,0
2259,0.9063474238314798,1,2.838600350831153,0
2260,0.07179974882942147,0,0.22445230488645598,0
2261,-0.3356993455816686,0,-1.052003185060667,1
2262,-0.130766928671046,0,-0.41007020356107,0
2263,0.19267090179133411,0,0.6030706843884864,0
2264,0.14539307665321985,0,0.45497700693499443,0
2265,0.3998689765514912,1,1.252100642151453,0
2266,-0.06371797802666579,0,-0.20004519413399716,0
2267,-0.298059379161907,0,-0.9340992622375628,0
2268,-0.4718274050043175,0,-1.4784124977905642,1
2269,0.2305626761178933,0,0.721763373590344,0
2270,0.08514995833136979,0,0.2662706756372755,0
2271,-0.17647632049224293,0,-0.5532508999909148,0
2272,-0.2563688677735001,0,-0.8035073594080806,0
2273,1.0697008454499108,1,3.350290743978733,0
2274,0.2668070552663192,0,0.8352957406023336,0
2275,0.1941371719212055,0,0.6076636481096075,0
2276,-0.046946421879762334,0,-0.1475097524304764,0
2277,-0.5153716000814741,1,-1.6148109036370641,0
2278,-0.007531556339285345,0,-0.024046112401095478,0
2279,-0.6242577356201178,1,-1.955887257900603,0
2280,0.014731419681908942,0,0.04569072469760611,0
2281,0.32328183766078866,0,1.0121980871834204,-1
2282,-0.15983956576733338,0,-0.5011377120237009,0
2283,0.5348567262207606,1,1.6749380337043351,0
2284,-0.4453106999328639,0,-1.3953512242123216,1
2285,0.2928073194454103,0,0.9167393079786961,0
2286,0.004038667219500303,0,0.012196607114321304,0
2287,-0.04968731727274964,0,-0.15609536898701273,0
2288,-0.048718373369193047,0,-0.153060236437987,0
2289,0.4541812081093507,1,1.4222289862242157,0
2290,-0.18788188669209704,0,-0.5889778446429,0
2291,0.06008494377835244,0,0.1877566964147175,0
2292,-0.18638846056488556,0,-0.584299817120742,0
2293,0.6676968884134282,1,2.0910482941733757,0
2294,-0.11573992822066345,0,-0.3629994309252457,0
2295,-0.03833205205257145,0,-0.1205259877812723,0
2296,0.3768712274920628,1,1.1800621923832204,0
2297,-0.26491453769242423,0,-0.8302759275666209,0
2298,-0.08574092659037216,0,-0.2690301660873509,0
2299,-0.08541732716854898,0,-0.2680165190285106,0
2300,-0.4457145254447612,0,-1.3966161725243833,1
2301,0.3236282061858713,0,1.0132830564789364,-1
2302,-0.2524918968000098,0,-0.7913630848529942,0
2303,-0.11339123228596842,0,-0.35564234507848913,0
2304,0.14751321672644924,0,0.4616181614137341,0
2305,0.24734161120985587,0,0.7743219291978216,0
2306,-0.2825590073000446,0,-0.8855456948047569,0
2307,-0.38110792334674853,0,-1.1942416076090479,1
2308,-0.019651366516631658,0,-0.06201036422439889,0
2309,0.30761700527469726,0,0.9631293614547782,0
2310,-0.12520799429697227,0,-0.3926573248642552,0
2311,-0.30004374884639007,0,-0.9403151277758743,0
2312,-0.0407765428293419,0,-0.12818314264352573,0
2313,-0.16828614800693442,0,-0.5275958966403076,0
2314,-0.1084392038645926,0,-0.3401305465210607,0
2315,-0.22323846824995144,0,-0.6997292628773603,0
2316,-0.396156759093344,0,-1.241380777412149,1
2317,0.13709191136526255,0,0.42897432827853066,0
2318,-0.006263546357908545,0,-0.020074181360671264,0
2319,-0.1777695196125318,0,-0.5573017338193262,0
2320,0.12522137478835077,0,0.39179090433960173,0
2321,0.035050424311473566,0,0.1093382403985954,0
2322,0.4384292826326742,1,1.3728874489601899,0
2323,0.08699210791190322,0,0.2720410490629488,0
2324,-0.07588334978013256,0,-0.23815216363389724,0
2325,0.3608187184664661,1,1.1297791032814866,0
2326,-0.5301280977674837,1,-1.6610343498778966,0
2327,0.10675564526091569,0,0.3339486117935604,0
2328,-0.286026888248438,0,-0.8964085304178202,0
2329,-0.18582002806686138,0,-0.5825192517336804,0
2330,0.5195418003164578,1,1.626965359613041,0
2331,-0.46213526366904856,0,-1.448052707581394,1
2332,0.5630097525136923,1,1.763124941265866,0
2333,-0.16359583996282417,0,-0.5129039144136969,0
2334,0.21528363420334493,0,0.6739031029776132,0
2335,-0.06371589855148119,0,-0.2000386803587471,0
2336,-0.03531496570888093,0,-0.11107522708053036,0
2337,0.11701358354591412,0,0.36608071176386325,0
2338,-0.03653170993006083,0,-0.11488657258359475,0
2339,-0.19565102707376883,0,-0.6133140015285653,0
2340,-0.10069049576718056,0,-0.3158583919896906,0
2341,-0.4004723486360413,0,-1.2548989865068105,1
2342,-0.14164711674340624,0,-0.4441514468990269,0
2343,-0.3475767072226101,0,-1.0892079879193763,1
2344,0.21806863092043327,0,0.6826268630982331,0
2345,-0.03661725010746865,0,-0.11515451975344321,0
2346,-0.4064454994832547,0,-1.2736093622985079,1
2347,0.6786360721138487,1,2.125314336187828,0
2348,-0.2284551297082652,0,-0.716070001418837,0
2349,0.24610480933885015,0,0.7704477548502598,0
2350,0.2590558540094404,0,0.8110157764656607,0
2351,-0.38194431797649847,0,-1.1968615410801873,1
2352,0.439053979078125,1,1.3748442562716232,0
2353,-0.03314256293174775,0,-0.10427036422493192,0
2354,0.3245457522588555,0,1.016157189791632,-1
2355,-0.13261941996339477,0,-0.41587297150001507,0
2356,-0.006710539095371781,0,-0.02147434725435506,0
2357,0.3175669087696071,0,0.9942965692221387,0
2358,-0.24187329846548244,0,-0.7581012486291886,0
2359,0.7045843251559476,1,2.2065949831988143,0
2360,0.41366501892784524,1,1.295315545625754,0
2361,-0.4774193122884828,1,-1.4959286612619542,0
2362,0.23548585221151763,0,0.7371847947391812,0
2363,-0.10470916618405082,0,-0.32844652773344096,0
2364,-0.3315957702256758,0,-1.0391490919757767,1
2365,-0.17108028440190054,0,-0.5363482860073807,0
2366,-0.27870278357319533,0,-0.8734664091962461,0
2367,0.0668756976547793,0,0.20902814262239985,0
2368,-0.15045663079008528,0,-0.47174648385217827,0
2369,-0.3041189195392287,0,-0.9530802457226099,0
2370,-0.1543145975974443,0,-0.4838312295088625,0
2371,-0.2501607851282751,0,-0.7840610801813869,0
2372,0.5401893959414024,1,1.691642158043127,0
2373,0.1795470436194893,0,0.5619613395028287,0
2374,0.3984192043763543,1,1.247559356839395,0
2375,0.21983210992919394,0,0.688150807796545,0
2376,-0.18924516796606627,0,-0.593248204725577,0
2377,0.33823904163301477,0,1.0590502284187246,-1
2378,-0.36085822635235576,0,-1.1308111920504238,1
2379,-0.4827063005812933,1,-1.512489692499084,0
2380,0.0003438796832017643,0,0.000623006339300484,0
2381,-0.07135684908298874,0,-0.2239732936821277,0
2382,0.0977317780589611,0,0.3056821322149122,0
2383,0.05023533179485813,0,0.15690364308867283,0
2384,0.04358272656885889,0,0.13606493551939647,0
2385,0.018419790548485138,0,0.05724422581251333,0
2386,0.047411989886457895,0,0.14805976998955953,0
