Date,spread,regime,z_score,gmm_signal,minhash_signal,final_signal,model_signal
2016-07-06,0.0664063689542586,1,0.3661365499615772,0,0.0,0,0.0
2016-07-07,0.0762626924385341,1,0.420923075632921,0,0.0,0,0.0
2016-07-08,0.056814936652374,1,0.3128224260014109,0,0.0,0,0.0
2016-07-11,-0.012385806515016,1,-0.0718309691580303,0,0.0,0,0.0
2016-07-12,-0.1699668576105459,1,-0.9477476651690712,0,0.0,0,0.0
2016-07-13,0.0057685289148107,1,0.0290801835308172,0,0.0,0,0.0
2016-07-14,-0.090423900742148,1,-0.505606916095896,0,0.0,0,0.0
2016-07-15,-0.0578637064641066,1,-0.3246205754462836,0,0.0,0,0.0
2016-07-18,-0.0279534055720699,1,-0.1583637079364557,0,0.0,0,0.0
2016-07-19,0.0560264423012841,1,0.3084395680243355,0,0.0,0,0.0
2016-07-20,-0.0169426952746414,1,-0.0971605054104643,0,0.0,0,0.0
2016-07-21,0.0679774694704926,1,0.3748695363435925,0,0.0,0,0.0
2016-07-22,0.0335373032245194,1,0.1834333425974549,0,0.0,0,0.0
2016-07-25,0.0980934506152663,1,0.5422696807014903,0,0.0,0,0.0
2016-07-26,-0.0677858397141198,1,-0.3797729057125927,0,0.0,0,0.0
2016-07-27,-0.0296403983793075,1,-0.1677408834003644,0,0.0,0,0.0
2016-07-28,0.0517231359476323,1,0.2845195734754414,0,0.0,0,0.0
2016-07-29,0.0696670666187076,1,0.3842611880768771,0,0.0,0,0.0
2016-08-01,0.0937322453882273,1,0.518027854374426,0,0.0,0,0.0
2016-08-02,-0.177746559621525,1,-0.9909912584439772,0,0.0,0,0.0
2016-08-03,-0.0657051515900542,1,-0.3682073687753116,0,0.0,0,0.0
2016-08-04,-0.044375798497397,1,-0.2496478315778655,0,0.0,0,0.0
2016-08-05,-0.0270501367015008,1,-0.1533428740276954,0,0.0,0,0.0
2016-08-08,-0.095173936490988,1,-0.532010062858358,0,0.0,0,0.0
2016-08-09,0.0391674261066203,1,0.2147284672253289,0,0.0,0,0.0
2016-08-10,0.1613586105120065,1,0.8939300449655211,0,0.0,0,0.0
2016-08-11,-0.0998444958230041,1,-0.5579714387356071,0,0.0,0,0.0
2016-08-12,-0.0037643436688633,1,-0.0239084353350646,0,0.0,0,0.0
2016-08-15,-0.0740318506035708,1,-0.414491453301289,0,0.0,0,0.0
2016-08-16,-0.0827473037818039,1,-0.4629364338306352,0,0.0,0,0.0
2016-08-17,-0.1855614287496328,1,-1.0344303286802905,1,0.0660535416738,1,1.0
2016-08-18,-0.1628177769739634,1,-0.9080093905023052,0,0.0,0,0.0
2016-08-19,-0.0040968453671103,1,-0.0257566511384356,0,0.0,0,0.0
2016-08-22,0.0833918616340506,1,0.4605506722482963,0,0.0,0,0.0
2016-08-23,0.0836362161257748,1,0.4619089204485623,0,0.0,0,0.0
2016-08-24,0.0120200992034053,1,0.063829633125153,0,0.0,0,0.0
2016-08-25,-0.1284270041331699,1,-0.7168477507584985,0,0.0,0,0.0
2016-08-26,-0.0798174345945057,1,-0.4466507108935096,0,0.0,0,0.0
2016-08-29,0.0274194893945023,1,0.149427380335212,0,0.0,0,0.0
2016-08-30,-0.0054893440431717,1,-0.0334968764450685,0,0.0,0,0.0
2016-08-31,-0.0127990528006634,1,-0.0741280049922666,0,0.0,0,0.0
2016-09-01,-0.0636459652555178,1,-0.3567613498658122,0,0.0,0,0.0
2016-09-02,-0.0333009178276241,1,-0.188087937050298,0,0.0,0,0.0
2016-09-06,-0.1601246481665264,1,-0.893039592607555,0,0.0,0,0.0
2016-09-07,-0.0865823520124381,1,-0.4842536084012229,0,0.0,0,0.0
2016-09-08,-0.3501067240881068,0,-1.949057883421392,0,0.0,0,0.0
2016-09-09,-0.125662236483123,1,-0.7014797472553411,0,0.0,0,0.0
2016-09-12,-0.0533392204904129,1,-0.2994711505777847,0,0.0,0,0.0
2016-09-13,-0.0207307404515186,1,-0.1182164127838668,0,0.0,0,0.0
2016-09-14,0.0214975237510885,1,0.1165100432302236,0,0.0,0,0.0
2016-09-15,-0.1576021699192278,1,-0.8790183584758313,0,0.0,0,0.0
2016-09-16,-0.0890253909499919,1,-0.4978332779080034,0,0.0,0,0.0
2016-09-19,0.0660440682092954,1,0.3641226956987435,0,0.0,0,0.0
2016-09-20,-0.0447560302983981,1,-0.2517613558914534,0,0.0,0,0.0
2016-09-21,-0.1370631118684684,1,-0.76485168842301,0,0.0,0,0.0
2016-09-22,0.156187455889127,1,0.8651861024651698,0,0.0,0,0.0
2016-09-23,0.1124797417925424,1,0.6222361014624058,0,0.0,0,0.0
2016-09-26,0.0539520608169161,1,0.2969090866408053,0,0.0,0,0.0
2016-09-27,-0.0091518799251985,1,-0.0538551384727911,0,0.0,0,0.0
2016-09-28,-0.0530300350108986,1,-0.2977525383348279,0,0.0,0,0.0
2016-09-29,-0.0038854613473826,1,-0.0245816698138266,0,0.0,0,0.0
2016-09-30,-0.0084564522362992,1,-0.0499895929688082,0,0.0,0,0.0
2016-10-03,-0.0488334236046926,1,-0.2744256092922126,0,0.0,0,0.0
2016-10-04,-0.0200214054503659,1,-0.114273563270837,0,0.0,0,0.0
2016-10-05,-0.2745389183406559,1,-1.529013072989302,1,0.0578341199254505,1,1.0
2016-10-06,0.0870453453862307,1,0.4808586178730504,0,0.0,0,0.0
2016-10-07,-0.1434158499310689,1,-0.8001634806450538,0,0.0,0,0.0
2016-10-10,-0.0863164994451039,1,-0.4827758628170516,0,0.0,0,0.0
2016-10-11,0.099176950912372,1,0.5482923337664989,0,0.0,0,0.0
2016-10-12,0.1080066365390799,1,0.5973722771175148,0,0.0,0,0.0
2016-10-13,0.0131462914183383,1,0.0700895898719794,0,0.0,0,0.0
2016-10-14,-0.0543781828211775,1,-0.3052462386719209,0,0.0,0,0.0
2016-10-17,-0.0076062066089337,1,-0.0452634895728593,0,0.0,0,0.0
2016-10-18,-0.1387493214845125,1,-0.7742245105066246,0,0.0,0,0.0
2016-10-19,-0.0235358595259165,1,-0.1338087102998582,0,0.0,0,0.0
2016-10-20,-0.0987163438670181,1,-0.5517005887379984,0,0.0,0,0.0
2016-10-21,0.0796093396781213,1,0.4395254657834765,0,0.0,0,0.0
2016-10-24,-0.0376112731109666,1,-0.2120471131832855,0,0.0,0,0.0
2016-10-25,-0.3229111712693889,0,-1.7978909848282094,0,0.0,0,1.0
2016-10-26,-0.0559019439339644,1,-0.3137160882518255,0,0.0,0,0.0
2016-10-27,-0.2504713641632032,1,-1.3952332029502257,1,0.4080048478173433,1,1.0
2016-10-28,0.1460028820791293,1,0.8085749923100173,0,0.0,0,0.0
2016-10-31,0.0650766462995949,1,0.3587452661353386,0,0.0,0,0.0
2016-11-01,-0.0156274969762,1,-0.0898499554416628,0,0.0,0,0.0
2016-11-02,0.035885538944371,1,0.1964860469606248,0,0.0,0,0.0
2016-11-03,-0.1545661291431337,1,-0.8621424791295323,0,0.0,0,0.0
2016-11-04,0.1170924096096281,1,0.6478756864635796,0,0.0,0,0.0
2016-11-07,-0.0965244074642315,1,-0.5395166765325182,0,0.0,0,0.0
2016-11-08,-0.0906015659841851,1,-0.5065944710761381,0,0.0,0,0.0
2016-11-09,0.0934116638103639,1,0.5162458967435313,0,0.0,0,0.0
2016-11-10,0.1575334836541402,1,0.872668018498048,0,0.0,0,0.0
2016-11-11,0.1069116848568247,1,0.591285971352038,0,0.0,0,0.0
2016-11-14,0.3752729861086673,0,2.082976391586869,0,0.0,0,-1.0
2016-11-15,-0.2951574264246443,1,-1.643621367273718,1,0.046994735841013,1,1.0
2016-11-16,0.0368033353641535,1,0.2015876324751122,0,0.0,0,0.0
2016-11-17,-0.0250088062665913,1,-0.1419961074108846,0,0.0,0,0.0
2016-11-18,-0.0418846248244148,1,-0.2358006044039238,0,0.0,0,0.0
2016-11-21,-0.16195202317243,1,-0.9031970846817376,0,0.0,0,0.0
2016-11-22,0.3135398408595509,2,1.7398317543030688,0,0.0,0,0.0
2016-11-23,0.0157874114946924,1,0.0847702964351443,0,0.0,0,0.0
2016-11-25,0.0049185051039265,1,0.0243553131051909,0,0.0,0,0.0
2016-11-28,-0.1476662339783327,1,-0.8237893057399783,0,0.0,0,0.0
2016-11-29,0.074189552524029,1,0.4093994955345686,0,0.0,0,0.0
2016-11-30,-0.1936045960222828,1,-1.079138397664123,1,0.1543917766598166,1,1.0
2016-12-01,0.2010826100388376,1,1.1147365072653088,-1,-0.1034130785880036,-1,-1.0
2016-12-02,-0.0060798326656727,1,-0.0367791165345802,0,0.0,0,0.0
2016-12-05,0.0111858125070302,1,0.059192237692552,0,0.0,0,0.0
2016-12-06,0.0669301095815679,1,0.369047770293274,0,0.0,0,0.0
2016-12-07,0.1460002910478227,1,0.808560590022651,0,0.0,0,0.0
2016-12-08,0.1499556708344629,1,0.8305466293979209,0,0.0,0,0.0
2016-12-09,-0.1757391911815154,1,-0.9798332700981311,0,0.0,0,0.0
2016-12-12,-0.0146689214587658,1,-0.084521698685722,0,0.0,0,0.0
2016-12-13,-0.1627467109341161,1,-0.9076143688268632,0,0.0,0,0.0
2016-12-14,-0.0392128193624662,1,-0.2209493326530105,0,0.0,0,0.0
2016-12-15,-0.1601353237969863,1,-0.8930989332636506,0,0.0,0,0.0
2016-12-16,0.0177806540427254,1,0.0958497657931908,0,0.0,0,0.0
2016-12-19,0.0476797098843336,1,0.2620441275172694,0,0.0,0,0.0
2016-12-20,0.0483652728100571,1,0.2658548395834262,0,0.0,0,0.0
2016-12-21,-0.0653411728949183,1,-0.3661841876006373,0,0.0,0,0.0
2016-12-22,-0.2838876325085577,1,-1.580978044468874,1,0.1053298067550125,1,1.0
2016-12-23,-0.0068289858782729,1,-0.0409432961883197,0,0.0,0,0.0
2016-12-27,0.0529721077607569,1,0.2914620025070883,0,0.0,0,0.0
2016-12-28,0.0011300437269563,1,0.0032970922771707,0,0.0,0,0.0
2016-12-29,0.0263269585151974,1,0.1433545306401638,0,0.0,0,0.0
2016-12-30,0.0549778649731284,1,0.3026110348193281,0,0.0,0,0.0
2017-01-03,-0.0329354570941947,1,-0.1860565179429766,0,0.0,0,0.0
2017-01-04,0.2088707169969982,1,1.1580268195683856,-1,-0.0441435622799164,-1,-1.0
2017-01-05,-0.047391288195997,1,-0.2664094774438506,0,0.0,0,0.0
2017-01-06,-0.2333525505042771,1,-1.3000780139505972,1,0.1890650986011969,1,1.0
2017-01-09,-0.0143148846452678,1,-0.0825537796130319,0,0.0,0,0.0
2017-01-10,0.0374352636334967,1,0.2051002154789122,0,0.0,0,0.0
2017-01-11,-0.1081267162676486,1,-0.6040082884524569,0,0.0,0,0.0
2017-01-12,0.0818906756487557,1,0.452206306861747,0,0.0,0,0.0
2017-01-13,-0.0090968883950549,1,-0.0535494672067534,0,0.0,0,0.0
2017-01-17,0.1599686919898335,1,0.8862041614839578,0,0.0,0,0.0
2017-01-18,-0.0878405312740397,1,-0.4912472171768339,0,0.0,0,0.0
2017-01-19,-0.1127885407992487,1,-0.6299211118072581,0,0.0,0,0.0
2017-01-20,0.0099191574439478,1,0.0521515160440576,0,0.0,0,0.0
2017-01-23,0.0874672010581719,1,0.4832035091134081,0,0.0,0,0.0
2017-01-24,0.0950744577645872,1,0.5254885625107968,0,0.0,0,0.0
2017-01-25,-0.0604942459423327,1,-0.3392424695920303,0,0.0,0,0.0
2017-01-26,0.0602058116821284,1,0.3316706570038063,0,0.0,0,0.0
2017-01-27,-0.222540976118423,1,-1.2399817114516762,1,-0.0246721873724677,0,1.0
2017-01-30,0.0960012437021133,1,0.5306401163979151,0,0.0,0,0.0
2017-01-31,-0.0256586182967434,1,-0.1456080975741816,0,0.0,0,0.0
2017-02-01,-0.0197546972477765,1,-0.1127910616249415,0,0.0,0,0.0
2017-02-02,-0.0816044769554747,1,-0.4565840133405331,0,0.0,0,0.0
2017-02-03,0.0182318216672298,1,0.09835758797267,0,0.0,0,0.0
2017-02-06,-0.0971333501027802,1,-0.5429014935540423,0,0.0,0,0.0
2017-02-07,0.0815504013604902,1,0.4503148869972208,0,0.0,0,0.0
2017-02-08,0.0922093006590611,1,0.5095625426754326,0,0.0,0,0.0
2017-02-09,0.1734340671012986,1,0.9610516561299584,0,0.0,0,0.0
2017-02-10,0.0325463009038201,1,0.1779248409568614,0,0.0,0,0.0
2017-02-13,-0.1422720819398459,1,-0.7938058286754149,0,0.0,0,0.0
2017-02-14,0.0210726175129842,1,0.1141481953709326,0,0.0,0,0.0
2017-02-15,-0.0044844859165318,1,-0.0279113570940603,0,0.0,0,0.0
2017-02-16,-0.0640589609140725,1,-0.3590569925854996,0,0.0,0,0.0
2017-02-17,0.0784193246837791,1,0.4329107491357503,0,0.0,0,0.0
2017-02-21,0.0496257677207658,1,0.272861319930212,0,0.0,0,0.0
2017-02-22,-0.0772067165857198,1,-0.4321389946904876,0,0.0,0,0.0
2017-02-23,-0.1554230096941844,1,-0.8669054628508266,0,0.0,0,0.0
2017-02-24,0.096686538916676,1,0.5344493403874673,0,0.0,0,0.0
2017-02-27,0.0827702399826971,1,0.4570953787391015,0,0.0,0,0.0
2017-02-28,-0.2854252866072856,1,-1.589525118424797,1,0.0077171683993923,1,1.0
2017-03-01,-0.0172238216554692,1,-0.0987231507218408,0,0.0,0,0.0
2017-03-02,0.0870505732893865,1,0.4808876772531441,0,0.0,0,0.0
2017-03-03,-0.0679279837963546,1,-0.3805630157797809,0,0.0,0,0.0
2017-03-06,-0.1041491561620181,1,-0.5818989594329601,0,0.0,0,0.0
2017-03-07,-0.0688475451162398,1,-0.3856744115186322,0,0.0,0,0.0
2017-03-08,0.1996998481213816,1,1.1070504038811289,-1,-0.0921943385788777,-1,-1.0
2017-03-09,-0.1525900701727351,1,-0.851158524952039,0,0.0,0,0.0
2017-03-10,-0.0411874590917173,1,-0.2319253979567587,0,0.0,0,0.0
2017-03-13,-0.0820893678467859,1,-0.4592792868172005,0,0.0,0,0.0
2017-03-14,0.0457390310878143,1,0.2512568345804087,0,0.0,0,0.0
2017-03-15,0.0001627719485788,1,-0.0020795027789666,0,0.0,0,0.0
2017-03-16,0.1135729477970176,1,0.6283127038510954,0,0.0,0,0.0
2017-03-17,-0.0452440498242537,1,-0.2544740199313523,0,0.0,0,0.0
2017-03-20,-0.039823939976508,1,-0.2243462559848091,0,0.0,0,0.0
2017-03-21,-0.0887639450614662,1,-0.4963800269157616,0,0.0,0,0.0
2017-03-22,0.0352275709088526,1,0.1928287215160652,0,0.0,0,0.0
2017-03-23,0.0719058967931581,1,0.3967057600333473,0,0.0,0,0.0
2017-03-24,-0.0963868336783016,1,-0.5387519705276296,0,0.0,0,0.0
2017-03-27,-0.0569261312548881,1,-0.3194090492265309,0,0.0,0,0.0
2017-03-28,-0.0119550578709228,1,-0.0694366461951975,0,0.0,0,0.0
2017-03-29,0.1024881991481894,1,0.5666979580101859,0,0.0,0,0.0
2017-03-30,-0.027509762574393,1,-0.1558977115109209,0,0.0,0,0.0
2017-03-31,0.0781899974804,1,0.4316360303488611,0,0.0,0,0.0
2017-04-03,-0.0779520405990337,1,-0.436281889681103,0,0.0,0,0.0
2017-04-04,-0.0682057856329724,1,-0.3821071815610367,0,0.0,0,0.0
2017-04-05,0.0027296681064793,1,0.0121886289919571,0,0.0,0,0.0
2017-04-06,0.072979869842824,1,0.4026754557469391,0,0.0,0,0.0
2017-04-07,-0.0092828474724862,1,-0.0545831235985877,0,0.0,0,0.0
2017-04-10,0.1196714172429042,1,0.6622111400566453,0,0.0,0,0.0
2017-04-11,0.0876103695374702,1,0.4839993133074282,0,0.0,0,0.0
2017-04-12,-0.1441073225885815,1,-0.804007042046248,0,0.0,0,0.0
2017-04-13,0.0466633512243667,1,0.2563946822748926,0,0.0,0,0.0
2017-04-17,0.0441446402483682,1,0.242394388578629,0,0.0,0,0.0
2017-04-18,0.0759354897535494,1,0.4191043144762639,0,0.0,0,0.0
2017-04-19,0.1145863164160038,1,0.6339455289046968,0,0.0,0,0.0
2017-04-20,0.0195220636661982,1,0.1055294179670387,0,0.0,0,0.0
2017-04-21,0.0375135633289474,1,0.2055354455402744,0,0.0,0,0.0
2017-04-24,-0.1832843703697462,1,-1.0217732646559785,1,0.0693625409414681,1,1.0
2017-04-25,-0.0684932998526622,1,-0.3837053337729688,0,0.0,0,0.0
2017-04-26,0.0361173973344153,1,0.197774835387521,0,0.0,0,0.0
2017-04-27,-0.0638669148683987,1,-0.3579895016870755,0,0.0,0,0.0
2017-04-28,-0.062572702094151,1,-0.3507956000772486,0,0.0,0,0.0
2017-05-01,-0.1115464382642972,1,-0.623016865763982,0,0.0,0,0.0
2017-05-02,0.1112556332800209,1,0.615431875469543,0,0.0,0,0.0
2017-05-03,-0.0468372875540035,1,-0.2633300563551517,0,0.0,0,0.0
2017-05-04,0.0971741307996034,1,0.5371596273675726,0,0.0,0,0.0
2017-05-05,-0.0284827879914807,1,-0.1613062882563164,0,0.0,0,0.0
2017-05-08,-0.0530386779230316,1,-0.2978005800948417,0,0.0,0,0.0
2017-05-09,0.0622527306854986,1,0.3430484877643543,0,0.0,0,0.0
2017-05-10,-0.0909066909079725,1,-0.5082905126576381,0,0.0,0,0.0
2017-05-11,-0.1151928489649604,1,-0.6432854957231002,0,0.0,0,0.0
2017-05-12,-0.1802948878910592,1,-1.0051561803218538,1,0.0744439454068061,1,1.0
2017-05-15,-0.0759588461857941,1,-0.4252026878810462,0,0.0,0,0.0
2017-05-16,-0.0932936529203611,1,-0.5215584777134605,0,0.0,0,0.0
2017-05-17,0.2169679538149509,1,1.203035434951338,-1,-0.1758760091304671,-1,-1.0
2017-05-18,-0.0203828681756397,1,-0.1162827593883391,0,0.0,0,0.0
2017-05-19,-0.0252839252962492,1,-0.1435253607683945,0,0.0,0,0.0
2017-05-22,-0.0702992720115494,1,-0.3937438577928486,0,0.0,0,0.0
2017-05-23,-0.2603561969465156,1,-1.4501781979987207,1,-0.0018441303558492,0,1.0
2017-05-24,-0.0782297550585887,1,-0.4378255697756119,0,0.0,0,0.0
2017-05-25,0.0766552059393771,1,0.4231048679639657,0,0.0,0,0.0
2017-05-26,-0.0141464029889292,1,-0.0816172717351327,0,0.0,0,0.0
2017-05-30,-0.0311374851804273,1,-0.1760624634086339,0,0.0,0,0.0
2017-05-31,-0.0165606278466507,1,-0.0950367777360237,0,0.0,0,0.0
2017-06-01,0.1211115272776279,1,0.670216013832635,0,0.0,0,0.0
2017-06-02,0.0896962593012631,1,0.4955937636391316,0,0.0,0,0.0
2017-06-05,-0.015485833058503,1,-0.0890625143764432,0,0.0,0,0.0
2017-06-06,-0.1867838419226602,1,-1.0412251311025025,1,0.0819289881555811,1,1.0
2017-06-07,0.0428529308238702,1,0.2352144018768857,0,0.0,0,0.0
2017-06-08,-0.0802148447108596,1,-0.4488597211371782,0,0.0,0,0.0
2017-06-09,0.2292586503148204,1,1.2713534604689734,-1,-0.0772510132126053,-1,-1.0
2017-06-12,0.1332928215127137,1,0.7379259251789324,0,0.0,0,0.0
2017-06-13,0.0184897640911763,1,0.0997913649031671,0,0.0,0,0.0
2017-06-14,0.1211578028161064,1,0.6704732371249562,0,0.0,0,0.0
2017-06-15,-0.0510017302123754,1,-0.2864781749181964,0,0.0,0,0.0
2017-06-16,-0.3198559585114802,0,-1.780908537726141,0,0.0,0,1.0
2017-06-19,-0.0145334548709841,1,-0.083768705574147,0,0.0,0,0.0
2017-06-20,-0.0137035766226746,1,-0.079155814567918,0,0.0,0,0.0
2017-06-21,-0.0981027253625491,1,-0.5482897808438439,0,0.0,0,0.0
2017-06-22,0.0170706505868119,1,0.0919032006640927,0,0.0,0,0.0
2017-06-23,0.0228595475715567,1,0.1240808735833576,0,0.0,0,0.0
2017-06-26,0.1308388441588582,1,0.7242854543169128,0,0.0,0,0.0
2017-06-27,0.0901141230688725,1,0.4979164658178678,0,0.0,0,0.0
2017-06-28,0.0198254780154299,1,0.1072159512935635,0,0.0,0,0.0
2017-06-29,0.0373821431249881,1,0.2048049443154072,0,0.0,0,0.0
2017-06-30,0.0699646138634659,1,0.3859151090129539,0,0.0,0,0.0
2017-07-03,0.1194664400465737,1,0.6610717711584227,0,0.0,0,0.0
2017-07-05,-0.2618754897604413,1,-1.4586232104706862,1,0.0257910440503287,1,1.0
2017-07-06,-0.1846680616953896,1,-1.0294645341698616,1,0.0797336588900557,1,1.0
2017-07-07,-0.0671282619958312,1,-0.3761177498523579,0,0.0,0,0.0
2017-07-10,-0.2462512910105346,1,-1.371775861429071,1,0.0622377217431734,1,1.0
2017-07-11,-0.0909732697234088,1,-0.5086605920271807,0,0.0,0,0.0
2017-07-12,-0.0753212007907233,1,-0.4216583261459632,0,0.0,0,0.0
2017-07-13,0.0980685385188006,1,0.5421312064301532,0,0.0,0,0.0
2017-07-14,-0.0263753630655358,1,-0.1495921343945939,0,0.0,0,0.0
2017-07-17,0.0926223092155319,1,0.5118582570883845,0,0.0,0,0.0
2017-07-18,-0.1595961466078154,1,-0.8901019085654415,0,0.0,0,0.0
2017-07-19,-0.071151751039553,1,-0.3984823755805927,0,0.0,0,0.0
2017-07-20,-0.2625175960181873,1,-1.462192367979554,1,0.175542154711362,1,1.0
2017-07-21,0.0545938718808176,1,0.3004766033101482,0,0.0,0,0.0
2017-07-24,-0.0670099753487235,1,-0.3754602517052363,0,0.0,0,0.0
2017-07-25,0.0918409644801765,1,0.5075151403603256,0,0.0,0,0.0
2017-07-26,-0.0185851569572772,1,-0.1062901539334136,0,0.0,0,0.0
2017-07-27,0.2442098598714041,1,1.354459988729356,-1,-0.0573928043164042,-1,-1.0
2017-07-28,-0.0736476552661718,1,-0.4123558976096761,0,0.0,0,0.0
2017-07-31,0.0694909519130928,1,0.3832822517771846,0,0.0,0,0.0
2017-08-01,-0.0967947904175756,1,-0.5410196043369996,0,0.0,0,0.0
2017-08-02,0.0404895723183919,1,0.2220776372772308,0,0.0,0,0.0
2017-08-03,-0.0869754413068253,1,-0.4864386012895377,0,0.0,0,0.0
2017-08-04,0.0601454190761132,1,0.3313349637744709,0,0.0,0,0.0
2017-08-07,0.0242794708713196,1,0.1319735390826092,0,0.0,0,0.0
2017-08-08,-0.0584675393014309,1,-0.3279769895591164,0,0.0,0,0.0
2017-08-09,0.0328026484772211,1,0.1793497528860737,0,0.0,0,0.0
2017-08-10,-0.081792428764303,1,-0.4576287463604847,0,0.0,0,0.0
2017-08-11,0.0540863492245315,1,0.297655530819806,0,0.0,0,0.0
2017-08-14,0.0014648370347627,1,0.0051580460275211,0,0.0,0,0.0
2017-08-15,-0.2484491591083161,1,-1.3839927450524057,1,0.1015871065897132,1,1.0
2017-08-16,0.1178670815438032,1,0.6521817123236545,0,0.0,0,0.0
2017-08-17,0.1910835514516294,1,1.059156586329138,-1,0.0783249956769856,0,-1.0
2017-08-18,-0.1793117482713027,1,-0.9996913836253744,0,0.0,0,0.0
2017-08-21,0.1059659032199548,1,0.586028829577975,0,0.0,0,0.0
2017-08-22,-0.0971482093874955,1,-0.5429840891166591,0,0.0,0,0.0
2017-08-23,-0.0242208188474591,1,-0.1376160672228924,0,0.0,0,0.0
2017-08-24,-0.1663967769007483,1,-0.927903316638086,0,0.0,0,0.0
2017-08-25,0.0888343337056087,1,0.4908027369598181,0,0.0,0,0.0
2017-08-28,-0.0331238121263214,1,-0.1871034922858338,0,0.0,0,0.0
2017-08-29,-0.0808230646173205,1,-0.4522405208412772,0,0.0,0,0.0
2017-08-30,0.0633819231992708,1,0.3493251217184217,0,0.0,0,0.0
2017-08-31,-0.0299672778204719,1,-0.169557847801275,0,0.0,0,0.0
2017-09-01,0.0709593048428889,1,0.3914441141197924,0,0.0,0,0.0
2017-09-05,0.2000596912304114,1,1.10905059733683,-1,-0.0741024868114488,-1,-1.0
2017-09-06,0.0566426092887193,1,0.3118645417002507,0,0.0,0,0.0
2017-09-07,0.0270487570903236,1,0.1473666591208071,0,0.0,0,0.0
2017-09-08,-0.0646726098652224,1,-0.3624679697179978,0,0.0,0,0.0
2017-09-11,-0.2480570124906737,1,-1.381812992047274,1,0.1159858560676076,1,1.0
2017-09-12,0.1745180619959434,1,0.9670770584229946,0,0.0,0,0.0
2017-09-13,-0.0289290303073771,1,-0.1637867330321502,0,0.0,0,0.0
2017-09-14,-0.0458952052153789,1,-0.2580934771872784,0,0.0,0,0.0
2017-09-15,0.0106603984465335,1,0.0562717155567465,0,0.0,0,0.0
2017-09-18,-0.0495441837434656,1,-0.278376380454622,0,0.0,0,0.0
2017-09-19,-0.1619419963986394,1,-0.9031413507054172,0,0.0,0,0.0
2017-09-20,0.0276147783485799,1,0.1505128969898722,0,0.0,0,0.0
2017-09-21,-0.0515779583479653,1,-0.2896811478718962,0,0.0,0,0.0
2017-09-22,0.0442610400530126,1,0.2430413986829,0,0.0,0,0.0
2017-09-25,0.1685477245340898,1,0.9338908458212812,0,0.0,0,0.0
2017-09-26,0.1049466833403306,1,0.5803634802021294,0,0.0,0,0.0
2017-09-27,-0.0557369976841138,1,-0.3127992319852626,0,0.0,0,0.0
2017-09-28,0.0466573932448335,1,0.256361564754027,0,0.0,0,0.0
2017-09-29,0.0691850964600699,1,0.3815821495376942,0,0.0,0,0.0
2017-10-02,-0.0458431532993919,1,-0.2578041458117391,0,0.0,0,0.0
2017-10-03,0.0705978077626724,1,0.3894347270398134,0,0.0,0,0.0
2017-10-04,0.0356437892560294,1,0.1951422776000216,0,0.0,0,0.0
2017-10-05,-0.07216828460567,1,-0.4041327930414953,0,0.0,0,0.0
2017-10-06,-0.075420145406683,1,-0.422208311315481,0,0.0,0,0.0
2017-10-09,-0.1133343761463213,1,-0.6329551459785625,0,0.0,0,0.0
2017-10-10,-0.0050457303402635,1,-0.0310310428549559,0,0.0,0,0.0
2017-10-11,-0.0293975533414959,1,-0.1663910255228862,0,0.0,0,0.0
2017-10-12,-0.019562805339593,1,-0.1117244275021275,0,0.0,0,0.0
2017-10-13,0.0015056662505408,1,0.0053849958513511,0,0.0,0,0.0
2017-10-16,-0.0613335220242362,1,-0.3439075986008244,0,0.0,0,0.0
2017-10-17,-0.0520297784074354,1,-0.292192596621166,0,0.0,0,0.0
2017-10-18,-0.0127651716313395,1,-0.0739396759915088,0,0.0,0,0.0
2017-10-19,-0.0016287803491234,1,-0.012037873778682,0,0.0,0,0.0
2017-10-20,0.0712551371988362,1,0.3930885028200394,0,0.0,0,0.0
2017-10-23,0.0158882233965304,1,0.0853306609419334,0,0.0,0,0.0
2017-10-24,-0.0158387642746232,1,-0.091024287969105,0,0.0,0,0.0
2017-10-25,-0.082626273415636,1,-0.4622636846789204,0,0.0,0,0.0
2017-10-26,-0.0029747995071425,1,-0.0195197419694514,0,0.0,0,0.0
2017-10-27,-0.1123748754057195,1,-0.6276217463554147,0,0.0,0,0.0
2017-10-30,-0.1365800768505848,1,-0.7621667308473321,0,0.0,0,0.0
2017-10-31,0.0722399272898075,1,0.3985624736861497,0,0.0,0,0.0
2017-11-01,-0.0010919435337121,1,-0.0090538580840084,0,0.0,0,0.0
2017-11-02,-0.056405111599498,1,-0.3165129534590931,0,0.0,0,0.0
2017-11-03,-0.1216863876515071,1,-0.679379930378773,0,0.0,0,0.0
2017-11-06,-0.0793537456428069,1,-0.44407328872425,0,0.0,0,0.0
2017-11-07,-0.0171049543535917,1,-0.0980624249962513,0,0.0,0,0.0
2017-11-08,0.0776856313009132,1,0.428832503183352,0,0.0,0,0.0
2017-11-09,0.0399826119723632,1,0.219259690397102,0,0.0,0,0.0
2017-11-10,0.1754155988755582,1,0.9720660309718812,0,0.0,0,0.0
2017-11-13,0.0150817097210497,1,0.0808476422731056,0,0.0,0,0.0
2017-11-14,0.0071730546360938,1,0.0368872613532831,0,0.0,0,0.0
2017-11-15,-0.1117847460677087,1,-0.6243415033542674,0,0.0,0,0.0
2017-11-16,0.256476977579392,2,1.4226469511696904,0,0.0,0,-1.0
2017-11-17,0.0872774873726334,1,0.4821489826746662,0,0.0,0,0.0
2017-11-20,0.0643016031151287,1,0.3544371766748108,0,0.0,0,0.0
2017-11-21,-0.0989271846278745,1,-0.5528725503498154,0,0.0,0,0.0
2017-11-22,0.1027656543663497,1,0.5682401971074152,0,0.0,0,0.0
2017-11-24,-0.1099840975637859,1,-0.6143325709523811,0,0.0,0,0.0
2017-11-27,0.0414426579290903,1,0.2273753783021499,0,0.0,0,0.0
2017-11-28,0.1770614787500817,1,0.981214679567008,0,0.0,0,0.0
2017-11-29,0.6742160875887858,0,3.74465621871925,0,0.0,0,0.0
2017-11-30,-0.0106474254262881,1,-0.0621681511411384,0,0.0,0,0.0
2017-12-01,0.0517336117009497,1,0.2845778031113667,0,0.0,0,0.0
2017-12-04,0.6648050874815039,0,3.692345029887715,0,0.0,0,0.0
2017-12-05,-0.1436306436120004,1,-0.8013574146239023,0,0.0,0,0.0
2017-12-06,-0.1147175153481845,1,-0.6406433465039221,0,0.0,0,0.0
2017-12-07,-0.0235792568495998,1,-0.1340499349909749,0,0.0,0,0.0
2017-12-08,0.0606619412786773,1,0.3342060603812073,0,0.0,0,0.0
2017-12-11,-0.2051557629843629,1,-1.1433457368724609,1,0.1493049204986563,1,1.0
2017-12-12,0.0893064683886602,1,0.4934271048566915,0,0.0,0,0.0
2017-12-13,0.0195957747743929,1,0.1059391422955688,0,0.0,0,0.0
2017-12-14,-0.1200440138981977,1,-0.670250770612337,0,0.0,0,0.0
2017-12-15,0.0145636238123046,1,0.0779678537815139,0,0.0,0,0.0
2017-12-18,0.2395404539706887,1,1.3285050242177308,-1,0.0172117307372448,0,-1.0
2017-12-19,-0.0051917388677239,1,-0.0318426335003632,0,0.0,0,0.0
2017-12-20,0.0510046525763817,1,0.2805258726065266,0,0.0,0,0.0
2017-12-21,0.1107019496980696,1,0.612354216763965,0,0.0,0,0.0
2017-12-22,0.1406538128751053,1,0.7788421088741607,0,0.0,0,0.0
2017-12-26,0.1328678641224134,1,0.735563792989373,0,0.0,0,0.0
2017-12-27,-0.0514849617715691,1,-0.2891642249717692,0,0.0,0,0.0
2017-12-28,-0.0057979019713342,1,-0.0352120004341846,0,0.0,0,0.0
2017-12-29,0.0316362842832599,1,0.1728664995759997,0,0.0,0,0.0
2018-01-02,-0.0222594330688931,1,-0.1267136742078646,0,0.0,0,0.0
2018-01-03,-0.0303567017792384,1,-0.171722466865172,0,0.0,0,0.0
2018-01-04,-0.1099843270278518,1,-0.6143338464319205,0,0.0,0,0.0
2018-01-05,0.0222946241404061,1,0.1209407380031436,0,0.0,0,0.0
2018-01-08,-0.0199600484603249,1,-0.113932509498063,0,0.0,0,0.0
2018-01-09,-0.0103070931567664,1,-0.0602764089869076,0,0.0,0,0.0
2018-01-10,-0.1626320037005852,1,-0.9069767669051572,0,0.0,0,0.0
2018-01-11,0.0694716277425339,1,0.3831748380779398,0,0.0,0,0.0
2018-01-12,-0.0529387607309115,1,-0.2972451888457791,0,0.0,0,0.0
2018-01-16,0.0103028467804544,1,0.0542842591219282,0,0.0,0,0.0
2018-01-17,-0.0985090212921613,1,-0.5505481830171669,0,0.0,0,0.0
2018-01-18,0.037550566076499,1,0.2057411258816191,0,0.0,0,0.0
2018-01-19,0.1949100327564183,1,1.0804261415106609,-1,0.0028139762377326,0,-1.0
2018-01-22,-0.0701627875980345,1,-0.3929852070812825,0,0.0,0,0.0
2018-01-23,-0.049000527840115,1,-0.2753544607547651,0,0.0,0,0.0
2018-01-24,0.1098653876772855,1,0.6077041739056432,0,0.0,0,0.0
2018-01-25,-0.0343452423738394,1,-0.1938928311014843,0,0.0,0,0.0
2018-01-26,-0.1660112310676417,1,-0.9257602541953126,0,0.0,0,0.0
2018-01-29,0.0319330094737907,1,0.17451585111101,0,0.0,0,0.0
2018-01-30,0.0238496971504052,1,0.1295846352452593,0,0.0,0,0.0
2018-01-31,-0.1708825659533501,1,-0.9528376440755614,0,0.0,0,0.0
2018-02-01,-0.1794972982761626,1,-1.0007227661810296,1,-0.0437410427258321,0,1.0
2018-02-02,-0.0193317166816788,1,-0.1104399176431147,0,0.0,0,0.0
2018-02-05,0.0870818708795511,1,0.4810616453894106,0,0.0,0,0.0
2018-02-06,0.1312962381960207,1,0.7268278861069105,0,0.0,0,0.0
2018-02-07,0.0354589488496199,1,0.1941148393582659,0,0.0,0,0.0
2018-02-08,0.0930428382008075,1,0.5141957739205079,0,0.0,0,0.0
2018-02-09,-0.088419516124487,1,-0.4944655133724645,0,0.0,0,0.0
2018-02-12,-0.1868470237810742,1,-1.0415763284341932,1,-0.0012454496214528,0,1.0
2018-02-13,0.0882745389377263,1,0.4876911091332555,0,0.0,0,0.0
2018-02-14,-0.0769306604703917,1,-0.4306045325278687,0,0.0,0,0.0
2018-02-15,-0.0439034420674151,1,-0.2470222310972688,0,0.0,0,0.0
2018-02-16,-0.0075768959596166,1,-0.0451005658778509,0,0.0,0,0.0
2018-02-20,-0.2934567292312277,1,-1.6341680157684684,1,-0.0091876627928701,0,1.0
2018-02-21,0.0171840690851095,1,0.0925336391311845,0,0.0,0,0.0
2018-02-22,0.1384820881497959,1,0.7667705435887809,0,0.0,0,0.0
2018-02-23,-0.233736175776148,1,-1.3022104009242048,1,0.0360203429378036,1,1.0
2018-02-26,-0.095102792467112,1,-0.5316146077074934,0,0.0,0,0.0
2018-02-27,-0.1880924734025271,1,-1.0484991793092635,1,0.0414058950942681,1,1.0
2018-02-28,0.066540025492198,1,0.3668794818832657,0,0.0,0,0.0
2018-03-01,0.1647014664534117,1,0.9125113611268244,0,0.0,0,0.0
2018-03-02,-0.1070853875107873,1,-0.5982200465424683,0,0.0,0,0.0
2018-03-05,-0.1272523699208456,1,-0.7103185284241653,0,0.0,0,0.0
2018-03-06,0.2025386320606343,1,1.1228298280661604,-1,-0.0748003937887256,-1,-1.0
2018-03-07,-0.1468193868322021,1,-0.8190820928542398,0,0.0,0,0.0
2018-03-08,-0.1853943035586024,1,-1.0335013607356691,1,-0.0159802852587063,0,1.0
2018-03-09,-0.0687341627884864,1,-0.3850441741060664,0,0.0,0,0.0
2018-03-12,-0.0009251227135143,1,-0.0081265819893411,0,0.0,0,0.0
2018-03-13,0.1658239338350779,1,0.9187506133306518,0,0.0,0,0.0
2018-03-14,-0.1370417106780392,1,-0.7647327295768728,0,0.0,0,0.0
2018-03-15,-0.0679647638521707,1,-0.3807674582856886,0,0.0,0,0.0
2018-03-16,0.0742805758322729,1,0.409905449993323,0,0.0,0,0.0
2018-03-19,0.0459167095396824,1,0.2522444629876995,0,0.0,0,0.0
2018-03-20,-0.1040863356259878,1,-0.5815497705172957,0,0.0,0,0.0
2018-03-21,-0.1444943589086225,1,-0.8061583893835688,0,0.0,0,0.0
2018-03-22,0.1022451579968308,1,0.5653470100325408,0,0.0,0,0.0
2018-03-23,0.0426686687965702,1,0.2341901785643058,0,0.0,0,0.0
2018-03-26,-0.0761070012807401,1,-0.4260262102548344,0,0.0,0,0.0
2018-03-27,0.0936255111523138,1,0.5174345704825962,0,0.0,0,0.0
2018-03-28,0.3427712273532932,2,1.9023148656887043,0,0.0,0,0.0
2018-03-29,-0.0526529147357655,1,-0.29565630948563,0,0.0,0,0.0
2018-04-02,-0.092764607801802,1,-0.5186177722855718,0,0.0,0,0.0
2018-04-03,-0.0137059578609601,1,-0.0791690507175502,0,0.0,0,0.0
2018-04-04,0.2542847705295689,2,1.4104615345684954,0,0.0,0,-1.0
2018-04-05,-0.0687950379503195,1,-0.3853825496293368,0,0.0,0,0.0
2018-04-06,0.0878855016922555,1,0.4855286396211598,0,0.0,0,0.0
2018-04-09,-0.1198204256708772,1,-0.6690079520121309,0,0.0,0,0.0
2018-04-10,-0.1175141239637235,1,-0.6561883385034606,0,0.0,0,0.0
2018-04-11,-0.0729562962672499,1,-0.4085129679815064,0,0.0,0,0.0
2018-04-12,-0.2310035899406408,1,-1.2870212805321022,1,0.0623666732034295,1,1.0
2018-04-13,-0.0737378970531045,1,-0.4128575079702028,0,0.0,0,0.0
2018-04-16,0.0261158634335483,1,0.1421811553823093,0,0.0,0,0.0
2018-04-17,-0.0929913743700934,1,-0.5198782577429452,0,0.0,0,0.0
2018-04-18,0.0938714888484962,1,0.5188018412898064,0,0.0,0,0.0
2018-04-19,-0.2223808383279732,1,-1.2390915830806437,1,0.1119253663598345,1,1.0
2018-04-20,-0.2052373672900242,1,-1.1437993356605014,1,0.0142016400004313,1,1.0
2018-04-23,0.0859513070487682,1,0.47477738894865,0,0.0,0,0.0
2018-04-24,0.023600242940392,1,0.1281980401824538,0,0.0,0,0.0
2018-04-25,0.2049984376437006,1,1.1365026952298825,-1,-0.0324512419614784,-1,-1.0
2018-04-26,-0.0649042501442965,1,-0.3637555457717114,0,0.0,0,0.0
2018-04-27,0.2141570792241041,1,1.1874111453086496,-1,-0.0421707200372652,-1,-1.0
2018-04-30,-0.1102408311364158,1,-0.6157596284642441,0,0.0,0,0.0
2018-05-01,0.0148471555848485,1,0.0795438694997375,0,0.0,0,0.0
2018-05-02,-0.0562332355825538,1,-0.3155575779755652,0,0.0,0,0.0
2018-05-03,0.024601251694135,1,0.1337621627350129,0,0.0,0,0.0
2018-05-04,0.0452182771209617,1,0.2483622156467932,0,0.0,0,0.0
2018-05-07,-0.0708985098604221,1,-0.3970747305917053,0,0.0,0,0.0
2018-05-08,0.1188694568367984,1,0.6577534308056641,0,0.0,0,0.0
2018-05-09,-0.0545895755263722,1,-0.3064212682748314,0,0.0,0,0.0
2018-05-10,-0.1175714945101434,1,-0.6565072335680582,0,0.0,0,0.0
2018-05-11,0.0828126987958136,1,0.457331386704799,0,0.0,0,0.0
2018-05-14,-0.0329674404073981,1,-0.1862342976813008,0,0.0,0,0.0
2018-05-15,-0.1703121564386763,1,-0.9496670140157109,0,0.0,0,0.0
2018-05-16,0.0369177123262848,1,0.2022233985781644,0,0.0,0,0.0
2018-05-17,0.0166716396767353,1,0.0896852923838978,0,0.0,0,0.0
2018-05-18,0.0474879945540484,1,0.2609784749054193,0,0.0,0,0.0
2018-05-21,0.0327399569351821,1,0.1790012809854937,0,0.0,0,0.0
2018-05-22,-0.1876691186488853,1,-1.0461459554002184,1,-0.0529798892262421,0,1.0
2018-05-23,0.0712502956871743,1,0.3930615912030072,0,0.0,0,0.0
2018-05-24,0.0054874875312977,1,0.0275180106783223,0,0.0,0,0.0
2018-05-25,0.1747973167781957,1,0.9686293004249054,0,0.0,0,0.0
2018-05-29,0.2096325288383488,1,1.1622613624047158,-1,0.0004455538697464,0,-1.0
2018-05-30,-0.0181094350605831,1,-0.1036458464543387,0,0.0,0,0.0
2018-05-31,-0.273622469362066,1,-1.5239189772474069,1,0.1207472938342426,1,1.0
2018-06-01,0.0091943293665102,1,0.048122548028225,0,0.0,0,0.0
2018-06-04,0.2976156887648736,2,1.651317109981454,0,0.0,0,0.0
2018-06-05,0.1435572943072266,1,0.7949811550683084,0,0.0,0,0.0
2018-06-06,0.1264037654896826,1,0.6996330013256057,0,0.0,0,0.0
2018-06-07,0.101402114902796,1,0.5606609420288806,0,0.0,0,0.0
2018-06-08,0.2004371957636549,1,1.1111489620906438,-1,-0.0291692460928561,-1,-1.0
2018-06-11,0.114248756346495,1,0.6320691960668723,0,0.0,0,0.0
2018-06-12,0.0964133219903353,1,0.5329306599004994,0,0.0,0,0.0
2018-06-13,-0.291144746213261,1,-1.6213168226062695,1,-0.0364981547978125,0,1.0
2018-06-14,0.0355515485159484,1,0.1946295560276771,0,0.0,0,0.0
2018-06-15,0.1540665867546971,1,0.8533972187638197,0,0.0,0,0.0
2018-06-18,-0.1286696210530868,1,-0.7181963406391505,0,0.0,0,0.0
2018-06-19,0.0161366959902592,1,0.0867117996755258,0,0.0,0,0.0
2018-06-20,0.1210106731227884,1,0.6696554144618871,0,0.0,0,0.0
2018-06-21,0.1420188137875571,1,0.7864294874388718,0,0.0,0,0.0
2018-06-22,-0.0490594875129881,1,-0.2756821890031926,0,0.0,0,0.0
2018-06-25,0.1159437355057737,1,0.6414907637914264,0,0.0,0,0.0
2018-06-26,-0.0400776157934987,1,-0.2257563169149247,0,0.0,0,0.0
2018-06-27,-0.0257723339153329,1,-0.1462401875889857,0,0.0,0,0.0
2018-06-28,0.003809482825988,1,0.0181907957172108,0,0.0,0,0.0
2018-06-29,-0.1616292409336892,1,-0.9014028946435112,0,0.0,0,0.0
2018-07-02,-0.1023655536934062,1,-0.5719847776805073,0,0.0,0,0.0
2018-07-03,0.1508793919540872,1,0.8356811474475973,0,0.0,0,0.0
2018-07-05,0.0248192239892945,1,0.1349737650899327,0,0.0,0,0.0
2018-07-06,-0.0667063893771286,1,-0.3737727644131662,0,0.0,0,0.0
2018-07-09,0.0871255386761383,1,0.4813043735083239,0,0.0,0,0.0
2018-07-10,-0.0548605859318779,1,-0.3079276837818029,0,0.0,0,0.0
2018-07-11,0.0336603042482211,1,0.1841170456793789,0,0.0,0,0.0
2018-07-12,-0.1257537351470491,1,-0.7019883439859661,0,0.0,0,0.0
2018-07-13,0.0842344689189728,1,0.4652343178003018,0,0.0,0,0.0
2018-07-16,-0.0916522916185228,1,-0.5124349456740976,0,0.0,0,0.0
2018-07-17,0.0204462299197775,1,0.1106664103006497,0,0.0,0,0.0
2018-07-18,-0.1128249313095463,1,-0.6301233890184104,0,0.0,0,0.0
2018-07-19,0.3144310268995862,2,1.7447854256124806,0,0.0,0,0.0
2018-07-20,-0.0492792575133666,1,-0.2769037839302196,0,0.0,0,0.0
2018-07-23,-0.0153633500799892,1,-0.0883816908566638,0,0.0,0,0.0
2018-07-24,-0.2468745231083795,1,-1.3752401066298556,1,-0.0393129474581302,0,1.0
2018-07-25,-0.1622118156231181,1,-0.9046411450143308,0,0.0,0,0.0
2018-07-26,-0.0388286609380463,1,-0.2188139821427601,0,0.0,0,0.0
2018-07-27,-0.0925300835692641,1,-0.5173141657321761,0,0.0,0,0.0
2018-07-30,0.2276344078167976,1,1.262325083563895,-1,0.0175712182435458,0,-1.0
2018-07-31,0.0817091063138353,1,0.4511970509211709,0,0.0,0,0.0
2018-08-01,-0.0107306232345943,1,-0.0626306074381381,0,0.0,0,0.0
2018-08-02,0.1484187770111426,1,0.8220037814445436,0,0.0,0,0.0
2018-08-03,0.1088723102160766,1,0.602184137564613,0,0.0,0,0.0
2018-08-06,-0.0333801118869188,1,-0.1885281384468418,0,0.0,0,0.0
2018-08-07,-0.0112724632278524,1,-0.0656424333738183,0,0.0,0,0.0
2018-08-08,-0.0287493219586788,1,-0.16278782141211,0,0.0,0,0.0
2018-08-09,0.0757470681125935,1,0.4180569698872053,0,0.0,0,0.0
2018-08-10,-0.0546269228204533,1,-0.3066288637833587,0,0.0,0,0.0
2018-08-13,-0.1015416990305777,1,-0.567405368866813,0,0.0,0,0.0
2018-08-14,0.2105098036494094,1,1.1671377079339258,-1,-0.0248954303054845,-1,-1.0
2018-08-15,0.2075690091346329,1,1.1507912563959877,-1,-0.013587314700221,-1,-1.0
2018-08-16,0.0405115716803129,1,0.222199921068805,0,0.0,0,0.0
2018-08-17,0.1683430304190101,1,0.9327530504345448,0,0.0,0,0.0
2018-08-20,0.0167458196872515,1,0.0900976231131933,0,0.0,0,0.0
2018-08-21,-0.0040228720604285,1,-0.0253454693755818,0,0.0,0,0.0
2018-08-22,-0.0714282372740278,1,-0.4000192285671037,0,0.0,0,0.0
2018-08-23,0.020321688559353,1,0.1099741452333627,0,0.0,0,0.0
2018-08-24,-0.1746882652509783,1,-0.9739916821506668,0,0.0,0,0.0
2018-08-27,-0.087626061667501,1,-0.4900550845704821,0,0.0,0,0.0
2018-08-28,0.0365692077573093,1,0.2002862305717347,0,0.0,0,0.0
2018-08-29,-0.0631434129341491,1,-0.3539679050585484,0,0.0,0,0.0
2018-08-30,-0.0677443917776378,1,-0.3795425167202144,0,0.0,0,0.0
2018-08-31,0.1787251215224837,1,0.990462063503174,0,0.0,0,0.0
2018-09-04,0.0356934691594078,1,0.1954184241069956,0,0.0,0,0.0
2018-09-05,0.1875433721267335,1,1.0394784451059933,-1,-0.060106286885637,-1,-1.0
2018-09-06,0.2112137904364006,1,1.171050829316286,-1,0.0382289925565146,0,-1.0
2018-09-07,-0.0389484208351336,1,-0.2194796693725509,0,0.0,0,0.0
2018-09-10,0.1468734119150753,1,0.8134138457913193,0,0.0,0,0.0
2018-09-11,0.0212233575069588,1,0.1149860859457256,0,0.0,0,0.0
2018-09-12,0.1226946888203446,1,0.6790160416158456,0,0.0,0,0.0
2018-09-13,-0.287354796927984,1,-1.600250331217043,1,-0.0425346493163353,0,1.0
2018-09-14,-0.1198803487636599,1,-0.6693410354449423,0,0.0,0,0.0
2018-09-17,0.0232734070421991,1,0.1263813178158197,0,0.0,0,0.0
2018-09-18,-0.1019050956005895,1,-0.5694253142900322,0,0.0,0,0.0
2018-09-19,-0.0317237706565859,1,-0.1793213402445596,0,0.0,0,0.0
2018-09-20,-0.0806329887933682,1,-0.4511839814505928,0,0.0,0,0.0
2018-09-21,-0.0971085928290189,1,-0.542763879867089,0,0.0,0,0.0
2018-09-24,-0.2384689665122509,1,-1.32851769101815,1,0.1533477528712593,1,1.0
2018-09-25,0.0240429816033592,1,0.1306590098495964,0,0.0,0,0.0
2018-09-26,0.1207992305025896,1,0.6684801074056587,0,0.0,0,0.0
2018-09-27,-0.2269363484154644,1,-1.2644134559628168,1,-0.0514214318855215,0,1.0
2018-09-28,-0.0173180644427339,1,-0.0992470007042463,0,0.0,0,0.0
2018-10-01,-0.1432609986142777,1,-0.7993027372191549,0,0.0,0,0.0
2018-10-02,-0.1753705453495703,1,-0.9777841465717254,0,0.0,0,0.0
2018-10-03,-0.099453118151668,1,-0.5557959599303451,0,0.0,0,0.0
2018-10-04,-0.0866538790459762,1,-0.4846511925171844,0,0.0,0,0.0
2018-10-05,-0.0049698133007027,1,-0.0306090568230016,0,0.0,0,0.0
2018-10-08,0.2320399639467032,1,1.2868134350666318,-1,0.0342006480099101,0,-1.0
2018-10-09,-0.247166217973006,1,-1.3768614970209645,1,0.0256125830874469,1,1.0
2018-10-10,0.2472927862555662,1,1.3715964824491722,-1,0.0148289347152127,0,-1.0
2018-10-11,-0.004758787722023,1,-0.0294360678984711,0,0.0,0,0.0
2018-10-12,-0.1173308714339781,1,-0.6551697264985632,0,0.0,0,0.0
2018-10-15,0.2636680563977187,2,1.4626186733755866,0,0.0,0,-1.0
2018-10-16,-0.1051740230492557,1,-0.5875956977874723,0,0.0,0,0.0
2018-10-17,-0.2512224606645768,1,-1.399408184404498,1,-0.0099371300376212,0,1.0
2018-10-18,0.085481538303803,1,0.4721661721550156,0,0.0,0,0.0
2018-10-19,0.0037067158775773,1,0.0176195640539797,0,0.0,0,0.0
2018-10-22,-0.0016194752514746,1,-0.0119861512502945,0,0.0,0,0.0
2018-10-23,0.3014614829393596,2,1.6726940160462076,0,0.0,0,0.0
2018-10-24,0.3578972713460424,2,1.986393213851356,0,0.0,0,0.0
2018-10-25,0.0559715002921001,1,0.3081341720213129,0,0.0,0,0.0
2018-10-26,-0.014251821450541,1,-0.082203241875271,0,0.0,0,0.0
2018-10-29,0.3716510393955064,0,2.062843745078524,0,0.0,0,-1.0
2018-10-30,0.2541245824861589,2,1.4095711268656106,0,0.0,0,-1.0
2018-10-31,-0.1539083922988634,1,-0.8584864387650809,0,0.0,0,0.0
2018-11-01,0.0506075847708822,1,0.278318765103007,0,0.0,0,0.0
2018-11-02,0.0441047031896741,1,0.2421723978236709,0,0.0,0,0.0
2018-11-05,0.0139325612360255,1,0.0744600827459242,0,0.0,0,0.0
2018-11-06,0.0111446657594382,1,0.0589635228632514,0,0.0,0,0.0
2018-11-07,-0.1581705683312311,1,-0.8821778097905585,0,0.0,0,0.0
2018-11-08,0.121050817758923,1,0.6698785590392399,0,0.0,0,0.0
2018-11-09,0.0999110346990039,1,0.5523727497842353,0,0.0,0,0.0
2018-11-12,0.4092937827992762,0,2.2720815132098773,0,0.0,0,0.0
2018-11-13,0.083625393586879,1,0.4618487631996663,0,0.0,0,0.0
2018-11-14,0.0797645176900487,1,0.4403880251493147,0,0.0,0,0.0
2018-11-15,-0.3880534391501108,0,-2.159985282689932,0,0.0,0,0.0
2018-11-16,-0.0513779849626666,1,-0.2885695927342492,0,0.0,0,0.0
2018-11-19,0.2295461353157761,1,1.2729514502681225,-1,0.0189859728640247,0,-1.0
2018-11-20,-0.1804432932032057,1,-1.0059810935318,1,0.0665197445132046,1,1.0
2018-11-21,0.0679488391357411,1,0.3747103941875597,0,0.0,0,0.0
2018-11-23,0.2451608988171489,1,1.359746353335654,-1,0.1664289500794885,0,-1.0
2018-11-26,-0.1910844485734673,1,-1.0651301193116136,1,-0.1176944296604469,0,1.0
2018-11-27,0.0535400279529393,1,0.2946187956295863,0,0.0,0,0.0
2018-11-28,-0.0346023312571155,1,-0.1953218636130382,0,0.0,0,0.0
2018-11-29,0.0161898843710278,1,0.0870074481080317,0,0.0,0,0.0
2018-11-30,-0.1306031808576738,1,-0.7289440625498698,0,0.0,0,0.0
2018-12-03,-0.193535144241547,1,-1.0787523488727784,1,0.0126496988878956,1,1.0
2018-12-04,-0.0829783081634643,1,-0.464220475238795,0,0.0,0,0.0
2018-12-06,0.2651206393024439,2,1.470692877791305,0,0.0,0,-1.0
2018-12-07,-0.1485941424033436,1,-0.8289470989910442,0,0.0,0,0.0
2018-12-10,-0.1883562515707655,1,-1.0499653943141578,1,0.1269846118405797,1,1.0
2018-12-11,0.0403339216977659,1,0.2212124509086734,0,0.0,0,0.0
2018-12-12,-0.0935163644894803,1,-0.522796423395572,0,0.0,0,0.0
2018-12-13,-0.0624990248744933,1,-0.3503860641186725,0,0.0,0,0.0
2018-12-14,0.1280399800903432,1,0.7087279253473192,0,0.0,0,0.0
2018-12-17,-0.0838132797127793,1,-0.4688616774369948,0,0.0,0,0.0
2018-12-18,0.1453325384205549,1,0.8048488767743711,0,0.0,0,0.0
2018-12-19,0.0561815281729671,1,0.3093016152272076,0,0.0,0,0.0
2018-12-20,-0.0645717458864546,1,-0.3619073157407929,0,0.0,0,0.0
2018-12-21,-0.0839149544457393,1,-0.4694268380038462,0,0.0,0,0.0
2018-12-24,0.1571224684538832,1,0.8703833841862666,0,0.0,0,0.0
2018-12-26,-0.0038522363618076,1,-0.0243969882205291,0,0.0,0,0.0
2018-12-27,-0.1740538059109381,1,-0.970465030151472,0,0.0,0,0.0
2018-12-28,-4.969422366458976e-05,1,-0.0032604992649765,0,0.0,0,0.0
2018-12-31,-0.041768101055687,1,-0.235152905243389,0,0.0,0,0.0
2019-01-02,-0.1180613029027808,1,-0.6592298410514754,0,0.0,0,0.0
2019-01-03,0.4435426025167341,0,2.4624541043344745,0,0.0,0,0.0
2019-01-04,-0.2762863266425015,1,-1.5387260689091415,1,-0.0186126755582108,0,1.0
2019-01-07,0.2450964274379943,1,1.359387988183094,-1,-0.0094046095352562,-1,-1.0
2019-01-08,0.1393198443853637,1,0.7714272245083433,0,0.0,0,0.0
2019-01-09,0.0270898537000299,1,0.1475950952578993,0,0.0,0,0.0
2019-01-10,-0.1455892932254314,1,-0.8122445986229462,0,0.0,0,0.0
2019-01-11,0.1091168072778611,1,0.6035431782427515,0,0.0,0,0.0
2019-01-14,0.1638163306967184,1,0.9075913204104182,0,0.0,0,0.0
2019-01-15,-0.1633620255411411,1,-0.91103460453316,0,0.0,0,0.0
2019-01-16,-0.0796435569928134,1,-0.4456842095703758,0,0.0,0,0.0
2019-01-17,0.029318811510865,1,0.1599847915293821,0,0.0,0,0.0
2019-01-18,-0.0741265104017425,1,-0.415017621245234,0,0.0,0,0.0
2019-01-22,0.0684169732666835,1,0.3773125249540087,0,0.0,0,0.0
2019-01-23,-0.0992661663217304,1,-0.5547567853084369,0,0.0,0,0.0
2019-01-24,-0.3352888837376278,0,-1.866692689944276,0,0.0,0,0.0
2019-01-25,0.0657275979018591,1,0.3623635906277463,0,0.0,0,0.0
2019-01-28,0.2744924287638259,2,1.52278611364457,0,0.0,0,-1.0
2019-01-29,0.1239937672146498,1,0.6862369888495921,0,0.0,0,0.0
2019-01-30,-0.3333788455161547,0,-1.8560757131150425,0,0.0,0,0.0
2019-01-31,0.0111278991518071,1,0.0588703254168741,0,0.0,0,0.0
2019-02-01,-0.2096188078274852,1,-1.1681536402717527,1,0.1174190051339774,1,1.0
2019-02-04,0.075734328750482,1,0.4179861579469855,0,0.0,0,0.0
2019-02-05,0.0487568867772683,1,0.2680316318429437,0,0.0,0,0.0
2019-02-06,-0.15201436967921,1,-0.8479584849048718,0,0.0,0,0.0
2019-02-07,0.3149747920629153,2,1.7478079526356087,0,0.0,0,0.0
2019-02-08,-0.0821266146336818,1,-0.4594863236549931,0,0.0,0,0.0
2019-02-11,0.0738414488282183,1,0.407464555787791,0,0.0,0,0.0
2019-02-12,0.0559905706971344,1,0.3082401751609865,0,0.0,0,0.0
2019-02-13,-0.0493614450205386,1,-0.2773606244528264,0,0.0,0,0.0
2019-02-14,0.0622051366705845,1,0.3427839357004886,0,0.0,0,0.0
2019-02-15,-0.0258580350783077,1,-0.1467165588214105,0,0.0,0,0.0
2019-02-19,-0.0046704918483231,1,-0.0289452739265753,0,0.0,0,0.0
2019-02-20,-0.1566415705302188,1,-0.8736788519986161,0,0.0,0,0.0
2019-02-21,0.0454500094980295,1,0.2496503036286214,0,0.0,0,0.0
2019-02-22,-0.103601251884339,1,-0.5788534250790606,0,0.0,0,0.0
2019-02-25,-0.1129580214284389,1,-0.6308631724911163,0,0.0,0,0.0
2019-02-26,0.0076575620236513,1,0.0395804031184376,0,0.0,0,0.0
2019-02-27,0.118235854864986,1,0.6542315445009486,0,0.0,0,0.0
2019-02-28,0.0117889007370525,1,0.0625445128942455,0,0.0,0,0.0
2019-03-01,-0.1325206004993333,1,-0.7396020691167313,0,0.0,0,0.0
2019-03-04,0.0813117912753311,1,0.4489885691691921,0,0.0,0,0.0
2019-03-05,0.0558940124351262,1,0.3077034545766092,0,0.0,0,0.0
2019-03-06,0.116751225329596,1,0.6459792083958236,0,0.0,0,0.0
2019-03-07,0.0040550283921877,1,0.0195556645232671,0,0.0,0,0.0
2019-03-08,0.0231333448926538,1,0.1256027802035054,0,0.0,0,0.0
2019-03-11,-0.0151683267273151,1,-0.0872976505514893,0,0.0,0,0.0
2019-03-12,-0.0303027841546527,1,-0.1714227649196937,0,0.0,0,0.0
2019-03-13,-0.04290520341175,1,-0.2414735061774775,0,0.0,0,0.0
2019-03-14,-0.0772233406017692,1,-0.4322313995393652,0,0.0,0,0.0
2019-03-15,-0.1583036579035045,1,-0.8829175902248736,0,0.0,0,0.0
2019-03-18,0.0925552584225877,1,0.511485554224606,0,0.0,0,0.0
2019-03-19,0.0031144433344857,1,0.0143274080144291,0,0.0,0,0.0
2019-03-20,-0.0040984506567947,1,-0.0257655741658342,0,0.0,0,0.0
2019-03-21,0.0375829745863154,1,0.2059212690818555,0,0.0,0,0.0
2019-03-22,0.113637775110549,1,0.6286730474703629,0,0.0,0,0.0
2019-03-25,0.2049834627090044,1,1.1364194568250687,-1,0.0258451956054014,0,-1.0
2019-03-26,-0.0268150467624187,1,-0.1520361229857737,0,0.0,0,0.0
2019-03-27,0.2689507578665774,2,1.491982650734833,0,0.0,0,-1.0
2019-03-28,0.2466431708431416,1,1.3679855851885372,-1,-0.0621469805971608,-1,-1.0
2019-03-29,-0.1304081674419985,1,-0.7278600774796564,0,0.0,0,0.0
2019-04-01,-0.1504787408309651,1,-0.8394226683349055,0,0.0,0,0.0
2019-04-02,0.0455083415593393,1,0.2499745432885219,0,0.0,0,0.0
2019-04-03,0.0616312642619522,1,0.3395940570913129,0,0.0,0,0.0
2019-04-04,0.1671492212728653,1,0.9261172439356724,0,0.0,0,0.0
2019-04-05,-0.0307333208812782,1,-0.1738159099360232,0,0.0,0,0.0
2019-04-08,0.0276461667003469,1,0.1506873696259018,0,0.0,0,0.0
2019-04-09,-0.0897784616119746,1,-0.5020192327643831,0,0.0,0,0.0
2019-04-10,0.1019251575750436,1,0.563568282766633,0,0.0,0,0.0
2019-04-11,0.079038177934963,1,0.4363506544500264,0,0.0,0,0.0
2019-04-12,-0.0615639043843361,1,-0.3451881824925745,0,0.0,0,0.0
2019-04-15,0.086518668520753,1,0.4779310764163366,0,0.0,0,0.0
2019-04-16,-0.2000438572301073,1,-1.1149311301195652,1,0.0726683180003947,1,1.0
2019-04-17,-0.0070284686770194,1,-0.0420521243930707,0,0.0,0,0.0
2019-04-18,0.1330055660742605,1,0.7363292114064838,0,0.0,0,0.0
2019-04-22,-0.186831095902139,1,-1.0414877930741715,1,0.0972187941091283,1,1.0
2019-04-23,-0.0052623298037343,1,-0.0322350143038205,0,0.0,0,0.0
2019-04-24,0.1879499009073824,1,1.0417381415853846,-1,0.0190400596634416,0,-1.0
2019-04-25,-0.2881524106532718,1,-1.6046838793758482,1,0.0882375488418822,1,1.0
2019-04-26,0.0697490025854028,1,0.3847166304078753,0,0.0,0,0.0
2019-04-29,-0.0686447374848422,1,-0.3845471021804555,0,0.0,0,0.0
2019-04-30,-0.0126068873903775,1,-0.0730598506038103,0,0.0,0,0.0
2019-05-01,0.0312641553023913,1,0.1707980149127339,0,0.0,0,0.0
2019-05-02,0.2908530010141986,2,1.6137266061134825,0,0.0,0,0.0
2019-05-03,-0.0012095969021125,1,-0.0097078361416966,0,0.0,0,0.0
2019-05-06,0.0516431658267202,1,0.2840750583284619,0,0.0,0,0.0
2019-05-07,-0.105576343361307,1,-0.5898320014294407,0,0.0,0,0.0
2019-05-08,0.0614223790673182,1,0.3384329655244182,0,0.0,0,0.0
2019-05-09,0.1014695146061252,1,0.5610355843164004,0,0.0,0,0.0
2019-05-10,-0.1123386297623351,1,-0.6274202743892275,0,0.0,0,0.0
2019-05-13,0.028115273817308,1,0.1532949087501,0,0.0,0,0.0
2019-05-14,-0.0713854940042549,1,-0.399781639444707,0,0.0,0,0.0
2019-05-15,-0.0314560620330194,1,-0.1778332777432768,0,0.0,0,0.0
2019-05-16,-0.0476306089965329,1,-0.2677397457942318,0,0.0,0,0.0
2019-05-17,0.0846940469846604,1,0.4677888895464453,0,0.0,0,0.0
2019-05-20,0.0687763095784927,1,0.379309901369565,0,0.0,0,0.0
2019-05-21,-0.0035719840457334,1,-0.0228392014115279,0,0.0,0,0.0
2019-05-22,-0.0552242055356589,1,-0.3099488689416579,0,0.0,0,0.0
2019-05-23,0.1195232847187808,1,0.661387743143121,0,0.0,0,0.0
2019-05-24,0.0994645723411773,1,0.5498910819019485,0,0.0,0,0.0
2019-05-28,-0.0093301485178398,1,-0.0548460471866459,0,0.0,0,0.0
2019-05-29,-0.1249789244122412,1,-0.6976815466004391,0,0.0,0,0.0
2019-05-30,0.1634161229636271,1,0.9053667595710894,0,0.0,0,0.0
2019-05-31,0.1308961564054082,1,0.7246040253207865,0,0.0,0,0.0
2019-06-03,0.1602799563403689,1,0.8879343291634568,0,0.0,0,0.0
2019-06-04,-0.1184105058102988,1,-0.6611708907834335,0,0.0,0,0.0
2019-06-05,0.0825821458999011,1,0.4560498548871124,0,0.0,0,0.0
2019-06-06,-0.0520282006823702,1,-0.2921838268121272,0,0.0,0,0.0
2019-06-07,0.042455814672855,1,0.2330070256440736,0,0.0,0,0.0
2019-06-10,-0.0466918919545732,1,-0.2625218726796266,0,0.0,0,0.0
2019-06-11,0.1198059110088177,1,0.6629587257229043,0,0.0,0,0.0
2019-06-12,0.1661336834600256,1,0.9204723613846758,0,0.0,0,0.0
2019-06-13,0.1049741622496379,1,0.5805162221421218,0,0.0,0,0.0
2019-06-14,0.0255929287554866,1,0.1392744149319,0,0.0,0,0.0
2019-06-17,-0.0085618471351006,1,-0.0505754321347025,0,0.0,0,0.0
2019-06-18,-0.3101050542189843,0,-1.726707986253584,0,0.0,0,1.0
2019-06-19,-0.0556837517239409,1,-0.3125032634967521,0,0.0,0,0.0
2019-06-20,-0.1011590632693616,1,-0.5652784821033983,0,0.0,0,0.0
2019-06-21,-0.1947784476808642,1,-1.0856632701614413,1,0.083132214794783,1,1.0
2019-06-24,-0.0472867829791492,1,-0.2658285835887783,0,0.0,0,0.0
2019-06-25,0.033072666631397,1,0.1808506529487685,0,0.0,0,0.0
2019-06-26,-0.1495834463216403,1,-0.8344461600357627,0,0.0,0,0.0
2019-06-27,0.1025799575711887,1,0.5672079986156141,0,0.0,0,0.0
2019-06-28,-0.003551223547184,1,-0.0227238038610579,0,0.0,0,0.0
2019-07-01,-0.1127060080539011,1,-0.6294623522729421,0,0.0,0,0.0
2019-07-02,0.1169308214973987,1,0.64697749645663,0,0.0,0,0.0
2019-07-03,0.1182193425003366,1,0.6541397602680952,0,0.0,0,0.0
2019-07-05,-0.0331237719343614,1,-0.1871032688782056,0,0.0,0,0.0
2019-07-08,0.0115932628768449,1,0.0614570568394954,0,0.0,0,0.0
2019-07-09,-0.136878335796893,1,-0.7638246077874198,0,0.0,0,0.0
2019-07-10,-0.1165733447331327,1,-0.6509590026816343,0,0.0,0,0.0
2019-07-11,-0.1177930321433779,1,-0.6577386539095003,0,0.0,0,0.0
2019-07-12,0.1944010566227979,1,1.0775969898442015,-1,-0.0122532997338636,-1,-1.0
2019-07-15,-0.0100897137968604,1,-0.0590681024717139,0,0.0,0,0.0
2019-07-16,0.2404621500330777,1,1.3336282859556206,-1,0.0551640322882951,0,-1.0
2019-07-17,-0.0981172963657671,1,-0.5483707739893242,0,0.0,0,0.0
2019-07-18,-0.156593758198526,1,-0.8734130864175784,0,0.0,0,0.0
2019-07-19,0.0185340385061216,1,0.1000374649195533,0,0.0,0,0.0
2019-07-22,-0.2552843139881141,1,-1.421986058572106,1,0.0965271304409854,1,1.0
2019-07-23,0.1089969625943449,1,0.6028770197262919,0,0.0,0,0.0
2019-07-24,-0.0644181807775063,1,-0.3610537217209701,0,0.0,0,0.0
2019-07-25,0.155788224074252,1,0.862966966282255,0,0.0,0,0.0
2019-07-26,-0.0935123934718653,1,-0.5227743504330873,0,0.0,0,0.0
2019-07-29,-0.0198020375685774,1,-0.1130542035261771,0,0.0,0,0.0
2019-07-30,0.1960447652482288,1,1.0867335695178548,-1,-0.1203509953220806,-1,-1.0
2019-07-31,0.0530050969770781,1,0.2916453735733628,0,0.0,0,0.0
2019-08-01,-0.0934742819560739,1,-0.5225625069864304,0,0.0,0,0.0
2019-08-02,0.2943900050816661,2,1.6333870976193778,0,0.0,0,0.0
2019-08-05,0.2066906864432172,1,1.1459090862077077,-1,-0.2130320416068484,-1,-1.0
2019-08-06,-0.0399273201970921,1,-0.2249208965308478,0,0.0,0,0.0
2019-08-07,0.2001370126077822,1,1.1094803894020988,-1,-0.0081650796824051,-1,-1.0
2019-08-08,-0.1319439216203244,1,-0.7363965906988051,0,0.0,0,0.0
2019-08-09,0.0002893228866464,1,-0.0013760674434449,0,0.0,0,0.0
2019-08-12,0.0546782693474666,1,0.3009457279264965,0,0.0,0,0.0
2019-08-13,-0.0819052122569956,1,-0.4582556551391551,0,0.0,0,0.0
2019-08-14,0.107209351262526,1,0.5929405546460489,0,0.0,0,0.0
2019-08-15,0.0284459685222983,1,0.155133080353663,0,0.0,0,0.0
2019-08-16,-0.0010463460947404,1,-0.0088004040182246,0,0.0,0,0.0
2019-08-19,-0.0129742940272159,1,-0.0751020860451576,0,0.0,0,0.0
2019-08-20,0.0389691706151018,1,0.2136264610266798,0,0.0,0,0.0
2019-08-21,0.1500072265090613,1,0.8308332024080693,0,0.0,0,0.0
2019-08-22,0.116129085248402,1,0.642521033186387,0,0.0,0,0.0
2019-08-23,0.1066974229987043,1,0.5900949935184641,0,0.0,0,0.0
2019-08-26,-0.045116420805963,1,-0.2537645920703305,0,0.0,0,0.0
2019-08-27,0.0137594280396719,1,0.0734977192113143,0,0.0,0,0.0
2019-08-28,0.1401603593482162,1,0.7760992398559459,0,0.0,0,0.0
2019-08-29,-0.0716456542983197,1,-0.4012277444403659,0,0.0,0,0.0
2019-08-30,-0.0671451113383173,1,-0.376211407181699,0,0.0,0,0.0
2019-09-03,-0.0471215700930961,1,-0.2649102452207829,0,0.0,0,0.0
2019-09-04,-0.0258159082551225,1,-0.146482396226852,0,0.0,0,0.0
2019-09-05,-0.0563165642172308,1,-0.3160207614729586,0,0.0,0,0.0
2019-09-06,0.0780337294937089,1,0.4307674123415361,0,0.0,0,0.0
2019-09-09,0.022984225454549,1,0.1247738975134372,0,0.0,0,0.0
2019-09-10,0.0388170848772871,1,0.2127810901140547,0,0.0,0,0.0
2019-09-11,-0.0770097522863488,1,-0.4310441656032482,0,0.0,0,0.0
2019-09-12,-0.0325566268673136,1,-0.1839507843006896,0,0.0,0,0.0
2019-09-13,-0.092253059567565,1,-0.515774323558278,0,0.0,0,0.0
2019-09-16,-0.2790780884900576,1,-1.5542441200743071,1,0.080225386195266,1,1.0
2019-09-17,0.1209860426722237,1,0.669518505723622,0,0.0,0,0.0
2019-09-18,-0.0558214584265888,1,-0.3132687083212622,0,0.0,0,0.0
2019-09-19,-0.0255800461834327,1,-0.145171353273955,0,0.0,0,0.0
2019-09-20,-0.0025747595410908,1,-0.017296113665792,0,0.0,0,0.0
2019-09-23,-0.0057028033611978,1,-0.034683393347185,0,0.0,0,0.0
2019-09-24,0.0436658457527504,1,0.2397330020111816,0,0.0,0,0.0
2019-09-25,-0.0530557918227182,1,-0.2978957079694507,0,0.0,0,0.0
2019-09-26,0.0719986412210241,1,0.3972212813619907,0,0.0,0,0.0
2019-09-27,0.2076358756791274,1,1.151162935111925,-1,-0.0841303531346566,-1,-1.0
2019-09-30,0.0727654540701059,1,0.401483622376707,0,0.0,0,0.0
2019-10-01,0.059181652102169,1,0.325977850227678,0,0.0,0,0.0
2019-10-02,0.1253301600172078,1,0.6936653487954838,0,0.0,0,0.0
2019-10-03,-0.0620013427605757,1,-0.3476196904344268,0,0.0,0,0.0
2019-10-04,-0.061219212310113,1,-0.34327220629686,0,0.0,0,0.0
2019-10-07,0.0589380063284826,1,0.3246235414475245,0,0.0,0,0.0
2019-10-08,0.2495767426214987,1,1.384291889035007,-1,0.0293330286392215,0,-1.0
2019-10-09,-0.0724131758811863,1,-0.4054940249627249,0,0.0,0,0.0
2019-10-10,0.0344424720446649,1,0.1884647374051559,0,0.0,0,0.0
2019-10-11,0.0130711020501336,1,0.0696716486124487,0,0.0,0,0.0
2019-10-14,-0.0174800279519954,1,-0.1001472773613721,0,0.0,0,0.0
2019-10-15,-0.0510322282175945,1,-0.2866476985492466,0,0.0,0,0.0
2019-10-16,0.2311050736334129,1,1.281616832882188,-1,-0.2213242731727232,-1,-1.0
2019-10-17,0.1790128214196022,1,0.9920612478059488,0,0.0,0,0.0
2019-10-18,0.1771675998597448,1,0.9818045553871452,0,0.0,0,0.0
2019-10-21,-0.1797360939428938,1,-1.0020501155670805,1,0.009977493135875,1,1.0
2019-10-22,0.1707291297913045,1,0.9460162204921372,0,0.0,0,0.0
2019-10-23,-0.0516707939101892,1,-0.2901971757722695,0,0.0,0,0.0
2019-10-24,-0.1743106998662522,1,-0.9718929791529508,0,0.0,0,0.0
2019-10-25,0.0091658968100002,1,0.0479645052255898,0,0.0,0,0.0
2019-10-28,-0.0512068777619125,1,-0.2876184907273377,0,0.0,0,0.0
2019-10-29,-0.0929942132803335,1,-0.5198940378691758,0,0.0,0,0.0
2019-10-30,-0.0351520059756809,1,-0.1983772389898323,0,0.0,0,0.0
2019-10-31,-0.0539605318772755,1,-0.3029247194770353,0,0.0,0,0.0
2019-11-01,-0.0140652587724127,1,-0.0811662303596791,0,0.0,0,0.0
2019-11-04,-0.1675597960710375,1,-0.9343679765826348,0,0.0,0,0.0
2019-11-05,0.0874142746893045,1,0.4829093170780845,0,0.0,0,0.0
2019-11-06,0.1233791286885692,1,0.6828205111496225,0,0.0,0,0.0
2019-11-07,-0.1020545915702087,1,-0.5702562899363135,0,0.0,0,0.0
2019-11-08,-0.0886405325018165,1,-0.495694036304942,0,0.0,0,0.0
2019-11-11,0.1745830293366307,1,0.9674381803853618,0,0.0,0,0.0
2019-11-12,-0.1077605224189536,1,-0.6019727943126568,0,0.0,0,0.0
2019-11-13,0.0302355903430494,1,0.1650807207675556,0,0.0,0,0.0
2019-11-14,0.1246651949862075,1,0.6899691304439285,0,0.0,0,0.0
2019-11-15,-0.1158242975399379,1,-0.6467954123383906,0,0.0,0,0.0
2019-11-18,0.1441824900963987,1,0.7984563154775357,0,0.0,0,0.0
2019-11-19,-0.0249517926535201,1,-0.1416791963657954,0,0.0,0,0.0
2019-11-20,0.0234431037569184,1,0.1273245796144145,0,0.0,0,0.0
2019-11-21,-0.1256892554192775,1,-0.7016299324274899,0,0.0,0,0.0
2019-11-22,0.0407982135200678,1,0.223793224143452,0,0.0,0,0.0
2019-11-25,-0.0196700998904206,1,-0.112320825913025,0,0.0,0,0.0
2019-11-26,0.2564094794115311,2,1.422271761565557,0,0.0,0,-1.0
2019-11-27,-0.0984324556423495,1,-0.5501225916751571,0,0.0,0,0.0
2019-11-29,-0.0519174195886797,1,-0.2915680483991053,0,0.0,0,0.0
2019-12-02,0.0416456148552611,1,0.228503517497619,0,0.0,0,0.0
2019-12-03,0.0627064901837595,1,0.3455707169139707,0,0.0,0,0.0
2019-12-04,-0.1106696138324722,1,-0.618143023674679,0,0.0,0,0.0
2019-12-05,0.0545264746285675,1,0.3001019746469893,0,0.0,0,0.0
2019-12-06,-0.1091943833993802,1,-0.6099429326242295,0,0.0,0,0.0
2019-12-09,0.1002140615996269,1,0.5540571294717096,0,0.0,0,0.0
2019-12-10,-0.1290358244355337,1,-0.7202318877724572,0,0.0,0,0.0
2019-12-11,-0.166804380509755,1,-0.9301689875674344,0,0.0,0,0.0
2019-12-12,-0.3078497566854783,0,-1.7141718802285464,0,0.0,0,1.0
2019-12-13,-0.1000325137642611,1,-0.5590165393536808,0,0.0,0,0.0
2019-12-16,-0.1384812867150325,1,-0.7727346351182658,0,0.0,0,0.0
2019-12-17,-0.1155367817044143,1,-0.6451972511448218,0,0.0,0,0.0
2019-12-18,-0.0184975922424585,1,-0.1058034241194039,0,0.0,0,0.0
2019-12-19,0.0281990038872949,1,0.1537603236318374,0,0.0,0,0.0
2019-12-20,0.0191910411123557,1,0.1036894240105882,0,0.0,0,0.0
2019-12-23,-0.1014161732049925,1,-0.5667076316347905,0,0.0,0,0.0
2019-12-24,0.0715077074420028,1,0.3944924184010507,0,0.0,0,0.0
2019-12-26,-0.0128328657877534,1,-0.0743159550010286,0,0.0,0,0.0
2019-12-27,0.0217693131110031,1,0.1180207885672567,0,0.0,0,0.0
2019-12-30,0.0421566084033391,1,0.2313438829933666,0,0.0,0,0.0
2019-12-31,0.0053591058612971,1,0.026804399191195,0,0.0,0,0.0
2020-01-02,-0.3024892532326896,0,-1.6843754393450805,0,0.0,0,1.0
2020-01-03,0.0942337532831706,1,0.5208154937213416,0,0.0,0,0.0
2020-01-06,-0.0265975448945577,1,-0.1508271355082279,0,0.0,0,0.0
2020-01-07,-0.198519043941562,1,-1.106455432004526,1,-0.0423293547614927,0,1.0
2020-01-08,0.063119740406097,1,0.3478677746303599,0,0.0,0,0.0
2020-01-09,-0.105053964416048,1,-0.5869283500283619,0,0.0,0,0.0
2020-01-10,0.1896076659896216,1,1.050952854290386,-1,0.0469335715627002,0,-1.0
2020-01-13,0.0452010405794421,1,0.2482664060656695,0,0.0,0,0.0
2020-01-14,-0.0120029758238562,1,-0.0697029988735253,0,0.0,0,0.0
2020-01-15,-0.0071823347121799,1,-0.0429073911158725,0,0.0,0,0.0
2020-01-16,-0.0274550202969594,1,-0.155593425719905,0,0.0,0,0.0
2020-01-17,-0.1251673538045813,1,-0.6987289342756857,0,0.0,0,0.0
2020-01-21,0.1352667297026274,1,0.7488979242100225,0,0.0,0,0.0
2020-01-22,-0.0425265222578196,1,-0.2393686011594798,0,0.0,0,0.0
2020-01-23,0.0483169428684755,1,0.2655861968598612,0,0.0,0,0.0
2020-01-24,0.0005495901357183,1,7.063206326632566e-05,0,0.0,0,0.0
2020-01-27,0.4149236531405967,0,2.3033752340859395,0,0.0,0,0.0
2020-01-28,-0.107762482881176,1,-0.6019836915720708,0,0.0,0,0.0
2020-01-29,-0.0649108360224374,1,-0.3637921534766445,0,0.0,0,0.0
2020-01-30,-0.1877152195454708,1,-1.0464022079428914,1,0.0927125182845574,1,1.0
2020-01-31,0.0490122718018666,1,0.269451193429833,0,0.0,0,0.0
2020-02-03,-0.0387691388799613,1,-0.2184831278674827,0,0.0,0,0.0
2020-02-04,-0.0243284621665273,1,-0.138214404267419,0,0.0,0,0.0
2020-02-05,-0.1062421723290245,1,-0.593533021986525,0,0.0,0,0.0
2020-02-06,-0.0583999675508025,1,-0.3276013909440376,0,0.0,0,0.0
2020-02-07,0.1265422701240679,1,0.7004028814659494,0,0.0,0,0.0
2020-02-10,0.0629395776431333,1,0.346866337141637,0,0.0,0,0.0
2020-02-11,-0.0656393912128289,1,-0.3678418387071517,0,0.0,0,0.0
2020-02-12,-0.0330486570373936,1,-0.186685741568191,0,0.0,0,0.0
2020-02-13,0.0708320617479969,1,0.3907368314199173,0,0.0,0,0.0
2020-02-14,0.1013595021102158,1,0.560424078165966,0,0.0,0,0.0
2020-02-18,0.0906552725376403,1,0.5009244534625491,0,0.0,0,0.0
2020-02-19,-0.1862326835918317,1,-1.038161509044127,1,-0.0165387329262348,0,1.0
2020-02-20,0.3134159352010527,2,1.7391430227947162,0,0.0,0,0.0
2020-02-21,0.1900637691194895,1,1.0534881105523333,-1,0.0342461304744118,0,-1.0
2020-02-24,0.4179334308469848,0,2.3201051297553685,0,0.0,0,0.0
2020-02-25,0.1728509713946875,1,0.9578105096771186,0,0.0,0,0.0
2020-02-26,0.0798357180150292,1,0.4407837932507342,0,0.0,0,0.0
2020-02-27,0.2440455958114118,1,1.353546924425612,-1,0.1042190044139151,0,-1.0
2020-02-28,-0.2493858200914021,1,-1.3891991895321405,1,0.0040186006100079,1,1.0
2020-03-02,0.0498078068373883,1,0.2738731871596046,0,0.0,0,0.0
2020-03-03,0.4429066343969967,0,2.458919065760128,0,0.0,0,0.0
2020-03-04,-0.0561581280030201,1,-0.3151400913396198,0,0.0,0,0.0
2020-03-05,0.3244025957876817,2,1.8002125446333594,0,0.0,0,0.0
2020-03-06,0.2434171588185081,1,1.3500537477355945,-1,-0.1251770728713251,-1,-1.0
2020-03-09,1.3313841811800278,0,7.397535173774296,0,0.0,0,0.0
2020-03-10,-0.1602284535127149,1,-0.8936165962208042,0,0.0,0,0.0
2020-03-11,0.2517857343212015,2,1.396570603370695,0,0.0,0,-1.0
2020-03-12,0.5470665083718345,0,3.037893327162008,0,0.0,0,0.0
2020-03-13,-0.4987988771638232,0,-2.7755655030836905,0,0.0,0,0.0
2020-03-16,0.2498178790053771,1,1.3856322493333193,-1,-0.0131786048948108,-1,-1.0
2020-03-17,-0.2943517828369737,1,-1.639143185001364,1,0.003433294904962,1,1.0
2020-03-18,0.8742357756654222,0,4.856468731069069,0,0.0,0,0.0
2020-03-19,0.1612064696567101,1,0.8930843676815262,0,0.0,0,0.0
2020-03-20,-0.5683751978780947,0,-3.162306551813616,0,0.0,0,0.0
2020-03-23,0.046126385684402,1,0.2534099510628098,0,0.0,0,0.0
2020-03-24,-0.7382190346432012,0,-4.106386130562858,0,0.0,0,0.0
2020-03-25,-0.3345113041174394,0,-1.862370501666778,0,0.0,0,0.0
2020-03-26,-0.2776576843461753,1,-1.5463487817956232,1,0.0900151025425297,1,1.0
2020-03-27,0.5377050578449816,0,2.985857560435329,0,0.0,0,0.0
2020-03-30,-0.1308916753980176,1,-0.7305476638892336,0,0.0,0,0.0
2020-03-31,-0.1116887911045259,1,-0.623808136215689,0,0.0,0,0.0
2020-04-01,0.5368982429977849,0,2.9813728676988864,0,0.0,0,0.0
2020-04-02,-0.6421400234184631,0,-3.572329469035947,0,0.0,0,0.0
2020-04-03,0.2488127408897982,1,1.380045173659488,-1,-0.1131320665844438,-1,-1.0
2020-04-06,-0.1480164909923784,1,-0.825736214739282,0,0.0,0,0.0
2020-04-07,0.1922052942390337,1,1.065391810864617,-1,-0.0539940795055338,-1,-1.0
2020-04-08,-0.2881240143321997,1,-1.6045260379884512,1,-0.0022420749432557,0,1.0
2020-04-09,0.1635479842466969,1,0.9060997125409757,0,0.0,0,0.0
2020-04-13,-0.1250981870019234,1,-0.6983444695393702,0,0.0,0,0.0
2020-04-14,0.0968933883576195,1,0.5355991161861646,0,0.0,0,0.0
2020-04-15,0.1456971943052423,1,0.8068758221175821,0,0.0,0,0.0
2020-04-16,0.2529759831614097,2,1.4031866198542635,0,0.0,0,-1.0
2020-04-17,-0.3360158886986326,0,-1.870733758200896,0,0.0,0,0.0
2020-04-20,0.1356806743053544,1,0.7511988416504861,0,0.0,0,0.0
2020-04-21,0.3020139833335988,2,1.675765097984692,0,0.0,0,0.0
2020-04-22,-0.3750116805873195,0,-2.087492467144688,0,0.0,0,0.0
2020-04-23,-0.0543328849735679,1,-0.304994449889331,0,0.0,0,0.0
2020-04-24,0.2612267797483293,2,1.4490487995746706,0,0.0,0,-1.0
2020-04-27,0.34527821980131,2,1.9162500217669585,0,0.0,0,0.0
2020-04-28,0.1900290876795908,1,1.0532953332352777,-1,-0.3801962618562159,-1,-1.0
2020-04-29,-0.573354248829979,0,-3.189982683104308,0,0.0,0,0.0
2020-04-30,0.1186551622745577,1,0.6565622711857348,0,0.0,0,0.0
2020-05-01,0.5899247720760545,0,3.276121645094806,0,0.0,0,0.0
2020-05-04,-0.1055815195043212,1,-0.5898607730999907,0,0.0,0,0.0
2020-05-05,0.0078827247489,1,0.0408319735895922,0,0.0,0,0.0
2020-05-06,0.307981179588587,2,1.7089338501397344,0,0.0,0,0.0
2020-05-07,-0.2352535732035552,1,-1.3106448778610569,1,0.0080106579973934,1,1.0
2020-05-08,-0.029551572864729,1,-0.1672471454115001,0,0.0,0,0.0
2020-05-11,0.071211367185337,1,0.3928452065268488,0,0.0,0,0.0
2020-05-12,-0.1901671741766251,1,-1.0600314354696685,1,-0.0267474611519781,0,1.0
2020-05-13,0.2340295352593662,1,1.297872497806413,-1,-0.0319201245828723,-1,-1.0
2020-05-14,-0.158994290112366,1,-0.8867564799793147,0,0.0,0,0.0
2020-05-15,0.2774956743846403,2,1.5394797006158778,0,0.0,0,-1.0
2020-05-18,-0.3193428860719489,0,-1.7780566166802778,0,0.0,0,1.0
2020-05-19,0.0238342239494654,1,0.1294986272198676,0,0.0,0,0.0
2020-05-20,-0.3461114835546141,0,-1.926850277471709,0,0.0,0,0.0
2020-05-21,0.1945550395717299,1,1.0784529064340005,-1,0.0073026529832613,0,-1.0
2020-05-22,0.1109710619847235,1,0.6138500815481069,0,0.0,0,0.0
2020-05-26,0.0724015622706111,1,0.3994609242127899,0,0.0,0,0.0
2020-05-27,0.3078117196958025,2,1.7079919047195062,0,0.0,0,0.0
2020-05-28,-0.0304276403820618,1,-0.1721167801799563,0,0.0,0,0.0
2020-05-29,0.1065675152768819,1,0.5893728994488162,0,0.0,0,0.0
2020-06-01,-0.0332460337675986,1,-0.1877828631585639,0,0.0,0,0.0
2020-06-02,-0.0177535730749799,1,-0.1016677821344317,0,0.0,0,0.0
2020-06-03,-0.2324776780468203,1,-1.2952150219408405,1,0.1926650826048408,1,1.0
2020-06-04,-0.1510058651521263,1,-0.8423526969809175,0,0.0,0,0.0
2020-06-05,-0.3903874115741295,0,-2.172958704303854,0,0.0,0,0.0
2020-06-08,-0.3562237873072784,0,-1.9830596734017067,0,0.0,0,0.0
2020-06-09,0.2568889398039254,2,1.4249368495304768,0,0.0,0,-1.0
2020-06-10,0.1862268150892703,1,1.0321603425654424,-1,0.1013841696067648,0,-1.0
2020-06-11,0.6091413807861739,0,3.382937460149248,0,0.0,0,0.0
2020-06-12,-0.1371284616120495,1,-0.765214935977743,0,0.0,0,0.0
2020-06-15,0.1997871874941663,1,1.107535881127977,-1,-0.1180623373981364,-1,-1.0
2020-06-16,0.045663361642851,1,0.2508362248068322,0,0.0,0,0.0
2020-06-17,0.1351348049872647,1,0.7481646186507608,0,0.0,0,0.0
2020-06-18,-0.2185683272522008,1,-1.2178996816319618,1,0.0285412574101625,1,1.0
2020-06-19,0.2166960054089139,1,1.2015238055539876,-1,0.0092084711732049,0,-1.0
2020-06-22,-0.0248285014715345,1,-0.1409938804345884,0,0.0,0,0.0
2020-06-23,-0.0650678124879393,1,-0.3646647095743349,0,0.0,0,0.0
2020-06-24,0.3527408910534018,2,1.9577313946928567,0,0.0,0,0.0
2020-06-25,-0.0832884560341044,1,-0.4659444369476253,0,0.0,0,0.0
2020-06-26,0.2666454458489462,2,1.4791685384305946,0,0.0,0,-1.0
2020-06-29,0.0306608651433678,1,0.1674446172855821,0,0.0,0,0.0
2020-06-30,0.0118430747138752,1,0.0628456397775756,0,0.0,0,0.0
2020-07-01,0.0977115558308674,1,0.5401469126691099,0,0.0,0,0.0
2020-07-02,-0.0479843077950989,1,-0.269705786005724,0,0.0,0,0.0
2020-07-06,-0.0447545307352882,1,-0.2517530205468448,0,0.0,0,0.0
2020-07-07,0.308909719268245,2,1.7140951522294643,0,0.0,0,0.0
2020-07-08,-0.0861306998645227,1,-0.4817430929909115,0,0.0,0,0.0
2020-07-09,0.3557888765941843,2,1.97467366919738,0,0.0,0,0.0
2020-07-10,-0.2173334621486727,1,-1.21103566496256,1,-0.018749429183372,0,1.0
2020-07-13,-0.0559237479960167,1,-0.3138372864660758,0,0.0,0,0.0
2020-07-14,0.1135177626714771,1,0.6280059564820667,0,0.0,0,0.0
2020-07-15,-0.0890012554190553,1,-0.4976991201881034,0,0.0,0,0.0
2020-07-16,0.0869587018403851,1,0.4803770083909447,0,0.0,0,0.0
2020-07-17,-0.0290229243733267,1,-0.1643086446417619,0,0.0,0,0.0
2020-07-20,0.0166970481758647,1,0.0898265259170749,0,0.0,0,0.0
2020-07-21,-0.2509990062788877,1,-1.3981661097650586,1,0.1705191975459107,1,1.0
2020-07-22,0.2464006983512598,1,1.3666377981133393,-1,-0.0901549406141392,-1,-1.0
2020-07-23,0.0693309052678335,1,0.3823926300380951,0,0.0,0,0.0
2020-07-24,0.1742769545437812,1,0.9657368589420718,0,0.0,0,0.0
2020-07-27,0.3613742164525901,2,2.00571986669931,0,0.0,0,0.0
2020-07-28,0.0103050871921527,1,0.0542967124848092,0,0.0,0,0.0
2020-07-29,0.0829146307404362,1,0.4578979769866326,0,0.0,0,0.0
2020-07-30,0.1423215032308277,1,0.7881119913644627,0,0.0,0,0.0
2020-07-31,0.1074343677871172,1,0.5941913124586,0,0.0,0,0.0
2020-08-03,0.0737062725701683,1,0.4067131764784948,0,0.0,0,0.0
2020-08-04,0.1327009455987018,1,0.7346359738082215,0,0.0,0,0.0
2020-08-05,-0.1372168537448013,1,-0.7657062650070592,0,0.0,0,0.0
2020-08-06,-0.0166613147134341,1,-0.0955964472335394,0,0.0,0,0.0
2020-08-07,0.0494273057533898,1,0.2717581660323335,0,0.0,0,0.0
2020-08-10,-0.2092974336964659,1,-1.1663672772219515,1,0.0997427497371736,1,1.0
2020-08-11,-0.0149080257750391,1,-0.0858507637049994,0,0.0,0,0.0
2020-08-12,0.164590880872408,1,0.9118966694740792,0,0.0,0,0.0
2020-08-13,0.0319957413787285,1,0.1748645473693839,0,0.0,0,0.0
2020-08-14,0.0307075558472356,1,0.1677041482811049,0,0.0,0,0.0
2020-08-17,0.4169185542230349,0,2.3144639224329846,0,0.0,0,0.0
2020-08-18,0.0226554889355142,1,0.1229466105166232,0,0.0,0,0.0
2020-08-19,-0.0362104275853769,1,-0.20426049178518,0,0.0,0,0.0
2020-08-20,0.1967735024021257,1,1.090784266195305,-1,-0.308894268542076,-1,-1.0
2020-08-21,0.2121026504212597,1,1.175991571212228,-1,-0.2981388411047363,-1,-1.0
2020-08-24,-0.2437470421711459,1,-1.3578559557415713,1,0.0138106841311719,1,1.0
2020-08-25,-0.0175627450040207,1,-0.1006070613671907,0,0.0,0,0.0
2020-08-26,0.161295586618113,1,0.8935797256820465,0,0.0,0,0.0
2020-08-27,-0.1582865966676535,1,-0.8828227550830047,0,0.0,0,0.0
2020-08-28,-0.2807447848235341,1,-1.5635084772766676,1,-0.0427255595243318,0,1.0
2020-08-31,0.1138545277032792,1,0.6298778700905706,0,0.0,0,0.0
2020-09-01,0.1603322742800618,1,0.8882251392358563,0,0.0,0,0.0
2020-09-02,-0.1222802448763389,1,-0.6826808948961476,0,0.0,0,0.0
2020-09-03,-0.1121207661399503,1,-0.6262092760935977,0,0.0,0,0.0
2020-09-04,-0.0752807632461369,1,-0.421433553432476,0,0.0,0,0.0
2020-09-08,0.3128222929878528,2,1.735843253422804,0,0.0,0,0.0
2020-09-09,0.1440521374990611,1,0.7977317485604943,0,0.0,0,0.0
2020-09-10,0.3021204300572634,2,1.6763567837352644,0,0.0,0,0.0
2020-09-11,0.0406828482971608,1,0.2231519647776794,0,0.0,0,0.0
2020-09-14,-0.0223264329928886,1,-0.1270860943158099,0,0.0,0,0.0
2020-09-15,0.1355429117882564,1,0.7504330865804965,0,0.0,0,0.0
2020-09-16,-0.2056505806510614,1,-1.146096188482786,1,0.0045534405918002,1,1.0
2020-09-17,-0.0985123158287537,1,-0.5505664957494835,0,0.0,0,0.0
2020-09-18,0.0575545141579384,1,0.3169333789403233,0,0.0,0,0.0
2020-09-21,0.0400261296220889,1,0.2195015839223763,0,0.0,0,0.0
2020-09-22,0.1758558699034598,1,0.9745132842515608,0,0.0,0,0.0
2020-09-23,0.0151775779481859,1,0.0813805272880349,0,0.0,0,0.0
2020-09-24,0.0405041124648474,1,0.2221584589049221,0,0.0,0,0.0
2020-09-25,-0.027711026644951,1,-0.1570164409424315,0,0.0,0,0.0
2020-09-28,0.1144341280909218,1,0.6330995877591681,0,0.0,0,0.0
2020-09-29,0.0825043753925304,1,0.4556175663258311,0,0.0,0,0.0
2020-09-30,0.0951830667626133,1,0.5260922672966621,0,0.0,0,0.0
2020-10-01,0.2548847736939776,2,1.4137966613855295,0,0.0,0,-1.0
2020-10-02,0.1325001931250253,1,0.7335200880958451,0,0.0,0,0.0
2020-10-05,-0.1511779324766585,1,-0.8433091358506162,0,0.0,0,0.0
2020-10-06,-0.1036362808844535,1,-0.5790481343149211,0,0.0,0,0.0
2020-10-07,-0.0434300736203161,1,-0.2443910053039628,0,0.0,0,0.0
2020-10-08,-0.1336559341327128,1,-0.7459128385785817,0,0.0,0,0.0
2020-10-09,0.0530205410202298,1,0.2917312195247413,0,0.0,0,0.0
2020-10-12,-0.0048550132822634,1,-0.0299709391549552,0,0.0,0,0.0
2020-10-13,0.306275172140369,2,1.6994509815015029,0,0.0,0,0.0
2020-10-14,-0.0871977834538878,1,-0.487674493533466,0,0.0,0,0.0
2020-10-15,0.1169534776123575,1,0.6471034308200652,0,0.0,0,0.0
2020-10-16,-0.0730691743725989,1,-0.4091404026660824,0,0.0,0,0.0
2020-10-19,-0.0898712568362487,1,-0.5025350364456425,0,0.0,0,0.0
2020-10-20,-0.05525142517333,1,-0.3101001697162737,0,0.0,0,0.0
2020-10-21,-0.1066909761721789,1,-0.5960277050510171,0,0.0,0,0.0
2020-10-22,-0.5530203582871999,0,-3.076956439799941,0,0.0,0,0.0
2020-10-23,0.1354514464921226,1,0.749924675325259,0,0.0,0,0.0
2020-10-26,0.1578521575560358,1,0.8744393722827373,0,0.0,0,0.0
2020-10-27,0.0570875135985124,1,0.314337549148582,0,0.0,0,0.0
2020-10-28,0.3559702697864313,2,1.975681946046197,0,0.0,0,0.0
2020-10-29,-0.1963382130778679,1,-1.0943332501088876,1,0.1927716479441517,1,1.0
2020-10-30,-0.0587142932645597,1,-0.329348575258087,0,0.0,0,0.0
2020-11-02,0.0251592841665794,1,0.1368639948152804,0,0.0,0,0.0
2020-11-03,0.0924953046642658,1,0.5111523003369226,0,0.0,0,0.0
2020-11-04,-0.0979572302768485,1,-0.5474810441723553,0,0.0,0,0.0
2020-11-05,-0.1167836886008717,1,-0.6521282023054167,0,0.0,0,0.0
2020-11-06,0.0850127620338458,1,0.4695604720489774,0,0.0,0,0.0
2020-11-09,-2.1892765838044674,0,-12.172111833919772,0,0.0,0,0.0
2020-11-10,0.3481855302140944,2,1.9324103514090087,0,0.0,0,0.0
2020-11-11,0.3231007811081745,2,1.7929763877162352,0,0.0,0,0.0
2020-11-12,0.1612422009265552,1,0.8932829804944845,0,0.0,0,0.0
2020-11-13,-0.16940572926811,1,-0.9446286246478436,0,0.0,0,0.0
2020-11-16,-0.2468125252138285,1,-1.374895490379506,1,0.0734554850941506,1,1.0
2020-11-17,0.0021187612366637,1,0.0087928937607272,0,0.0,0,0.0
2020-11-18,0.1176236856749037,1,0.6508287926431027,0,0.0,0,0.0
2020-11-19,0.0811009198417568,1,0.4478164370626006,0,0.0,0,0.0
2020-11-20,0.0791833655534702,1,0.4371576820603921,0,0.0,0,0.0
2020-11-23,-0.3470684642657979,0,-1.932169669472581,0,0.0,0,0.0
2020-11-24,-0.4419417566943586,0,-2.45952432452775,0,0.0,0,0.0
2020-11-25,0.0766239040573227,1,0.4229308759711627,0,0.0,0,0.0
2020-11-27,0.1051214328421741,1,0.5813348279956628,0,0.0,0,0.0
2020-11-30,0.3663136431354855,0,2.033175745881431,0,0.0,0,-1.0
2020-12-01,-0.1385276154037075,1,-0.7729921538467716,0,0.0,0,0.0
2020-12-02,-0.6294195577620935,0,-3.501622565052329,0,0.0,0,0.0
2020-12-03,0.0474210529746063,1,0.260606379106571,0,0.0,0,0.0
2020-12-04,-0.3988488566653657,0,-2.219991776975145,0,0.0,0,0.0
2020-12-07,0.1712519987715048,1,0.9489225957599734,0,0.0,0,0.0
2020-12-08,-0.1354291910845485,1,-0.7557695146169269,0,0.0,0,0.0
2020-12-09,0.139448704065544,1,0.7721434930224055,0,0.0,0,0.0
2020-12-10,-0.2429367565530928,1,-1.3533519706719448,1,-0.1994450777235184,0,1.0
2020-12-11,0.1533558447243389,1,0.8494465482573127,0,0.0,0,0.0
2020-12-14,0.2097457688028882,1,1.1628908084891667,-1,-0.0029396367468895,-1,-1.0
2020-12-15,-0.1891497147123532,1,-1.0543758713896323,1,-0.001178838096152,0,1.0
2020-12-16,0.1167921615585189,1,0.6462067530538649,0,0.0,0,0.0
2020-12-17,0.2531825800775666,2,1.4043349919900516,0,0.0,0,-1.0
2020-12-18,0.0260263255486519,1,0.1416834576720769,0,0.0,0,0.0
2020-12-21,0.2137486716908118,1,1.1851410057537954,-1,-0.1119665510633614,-1,-1.0
2020-12-22,0.1839495100762087,1,1.019501907626834,-1,-0.0691416366781332,-1,-1.0
2020-12-23,-0.2503043010442503,1,-1.3943045800342009,1,0.0457616953776415,1,1.0
2020-12-24,0.0574404141901468,1,0.3162991525145684,0,0.0,0,0.0
2020-12-28,-0.1327140269508379,1,-0.7406772330221956,0,0.0,0,0.0
2020-12-29,-0.0876637360121906,1,-0.4902644979948467,0,0.0,0,0.0
2020-12-30,-0.1932708241104637,1,-1.077283121359076,1,-0.014665340621464,0,1.0
2020-12-31,-0.113665802475207,1,-0.6347973843247999,0,0.0,0,0.0
2021-01-04,0.0449113424143707,1,0.2466561143597465,0,0.0,0,0.0
2021-01-05,-0.2869627118323992,1,-1.598070920183215,1,0.0830973486877805,1,1.0
2021-01-06,0.033291944479201,1,0.1820695122381409,0,0.0,0,0.0
2021-01-07,0.0560695779806368,1,0.3086793383614165,0,0.0,0,0.0
2021-01-08,-0.0169266330870843,1,-0.0970712234939021,0,0.0,0,0.0
2021-01-11,-0.0067260380618322,1,-0.0403710591673618,0,0.0,0,0.0
2021-01-12,0.0688944340383774,1,0.3799664979965133,0,0.0,0,0.0
2021-01-13,-0.0644765155299734,1,-0.3613779763397099,0,0.0,0,0.0
2021-01-14,-0.010117640699513,1,-0.0592233345896059,0,0.0,0,0.0
2021-01-15,0.2579695019805223,2,1.430943171007451,0,0.0,0,-1.0
2021-01-19,-0.2566709566648998,1,-1.4296937332167037,1,0.0265162751221609,1,1.0
2021-01-20,0.2700582396007482,2,1.498138604986588,0,0.0,0,-1.0
2021-01-21,0.302447761189362,2,1.6781762588671798,0,0.0,0,0.0
2021-01-22,0.2855031218503744,2,1.58398922050362,0,0.0,0,0.0
2021-01-25,0.1405259758277877,1,0.7781315246805934,0,0.0,0,0.0
2021-01-26,0.2795081176705598,2,1.5506658975707617,0,0.0,0,-1.0
2021-01-27,0.4662841445855437,0,2.5888633156744336,0,0.0,0,0.0
2021-01-28,-0.5582761435573775,0,-3.106170803054865,0,0.0,0,0.0
2021-01-29,0.0503179074147017,1,0.2767085890636241,0,0.0,0,0.0
2021-02-01,-0.0606733832649537,1,-0.3402382071548377,0,0.0,0,0.0
2021-02-02,-0.2719841632545856,1,-1.514812427552869,1,0.0243294799900404,1,1.0
2021-02-03,-0.0804603595497996,1,-0.4502244191452887,0,0.0,0,0.0
2021-02-04,-0.162045106175394,1,-0.9037144879852708,0,0.0,0,0.0
2021-02-05,0.1188788600266863,1,0.6578056985812711,0,0.0,0,0.0
2021-02-08,0.0153577591308676,1,0.0823820671630434,0,0.0,0,0.0
2021-02-09,0.1292493662341827,1,0.7154503168274424,0,0.0,0,0.0
2021-02-10,-0.011208921249963,1,-0.0652892343124849,0,0.0,0,0.0
2021-02-11,-0.1791371235444734,1,-0.9987207293956762,0,0.0,0,0.0
2021-02-12,-0.0563380115037588,1,-0.3161399765449702,0,0.0,0,0.0
2021-02-16,-0.3656290770014584,0,-2.0353391208141915,0,0.0,0,0.0
2021-02-17,0.0746267169570485,1,0.4118294807588187,0,0.0,0,0.0
2021-02-18,0.1009383425202461,1,0.558083056107952,0,0.0,0,0.0
2021-02-19,-0.0952886645085148,1,-0.5326477803082249,0,0.0,0,0.0
2021-02-22,-0.1240421622173212,1,-0.6924745395331683,0,0.0,0,0.0
2021-02-23,-0.1646811858905743,1,-0.9183671776233328,0,0.0,0,0.0
2021-02-24,-0.3461317019921412,0,-1.9269626619676508,0,0.0,0,0.0
2021-02-25,0.1625979230361212,1,0.9008187826906522,0,0.0,0,0.0
2021-02-26,0.1833528614803448,1,1.0161854272306476,-1,0.0238345976607533,0,-1.0
2021-03-01,-0.2364236337359762,1,-1.3171486773253072,1,0.0929719922675349,1,1.0
2021-03-02,0.1192605694748589,1,0.6599274364193877,0,0.0,0,0.0
2021-03-03,-0.1230118522279599,1,-0.6867475456117897,0,0.0,0,0.0
2021-03-04,-0.1001767890545746,1,-0.5598184957737506,0,0.0,0,0.0
2021-03-05,-0.0458164304312513,1,-0.2576556063381993,0,0.0,0,0.0
2021-03-08,0.3887138938944277,0,2.157687884226649,0,0.0,0,0.0
2021-03-09,-0.0401393175863373,1,-0.2260992872793528,0,0.0,0,0.0
2021-03-10,0.1476167797613705,1,0.8175458673974765,0,0.0,0,0.0
2021-03-11,-0.0322489878414681,1,-0.1822407680442342,0,0.0,0,0.0
2021-03-12,0.0853644359335139,1,0.4715152568288034,0,0.0,0,0.0
2021-03-15,0.0253330661606405,1,0.1378299647019261,0,0.0,0,0.0
2021-03-16,0.0071095685468688,1,0.0365343729499507,0,0.0,0,0.0
2021-03-17,-0.0183289269834084,1,-0.1048658956830096,0,0.0,0,0.0
2021-03-18,0.3439055900014874,2,1.9086202379144697,0,0.0,0,0.0
2021-03-19,0.1760736789929083,1,0.975723979425026,0,0.0,0,0.0
2021-03-22,0.2218971194312636,1,1.2304342778370507,-1,0.1765113870399506,0,-1.0
2021-03-23,0.1163719065555491,1,0.6438707591566022,0,0.0,0,0.0
2021-03-24,-0.2962719654127579,1,-1.6498165493800498,1,0.0847743859142648,1,1.0
2021-03-25,0.1772966880952774,1,0.9825220943296484,0,0.0,0,0.0
2021-03-26,0.0153918133935457,1,0.0825713583058726,0,0.0,0,0.0
2021-03-29,-0.0663396548499481,1,-0.3717342649036891,0,0.0,0,0.0
2021-03-30,0.1531982948167858,1,0.8485708046731614,0,0.0,0,0.0
2021-03-31,-0.210172557871791,1,-1.171231668409351,1,0.0503637107322592,1,1.0
2021-04-01,-0.1151881299470743,1,-0.6432592649896048,0,0.0,0,0.0
2021-04-05,0.0250532277663814,1,0.1362744786836997,0,0.0,0,0.0
2021-04-06,0.1371835442265679,1,0.7595525672207368,0,0.0,0,0.0
2021-04-07,-0.1811274048633792,1,-1.0097837387160773,1,0.0179643757016591,1,1.0
2021-04-08,0.0617719037122775,1,0.3403758036388917,0,0.0,0,0.0
2021-04-09,0.1360713618161779,1,0.7533704841879244,0,0.0,0,0.0
2021-04-12,0.1835661929268553,1,1.0173712333569789,-1,-0.0974145715480061,-1,-1.0
2021-04-13,-0.0494872105008581,1,-0.278059693809376,0,0.0,0,0.0
2021-04-14,-0.2698215617469644,1,-1.502791573813318,1,-0.0260837787018368,0,1.0
2021-04-15,0.1127604039151434,1,0.6237961661872886,0,0.0,0,0.0
2021-04-16,0.2235468091532415,1,1.2396041035278451,-1,-0.0154448498980153,-1,-1.0
2021-04-19,0.1026376159959434,1,0.5675284938563627,0,0.0,0,0.0
2021-04-20,0.2274559437108564,1,1.261333088086356,-1,-0.002169460585245,-1,-1.0
2021-04-21,-0.1274607715917831,1,-0.7114769323171568,0,0.0,0,0.0
2021-04-22,0.3008100135819108,2,1.6690728136036432,0,0.0,0,0.0
2021-04-23,-0.1029450499031875,1,-0.5752059162748603,0,0.0,0,0.0
2021-04-26,-0.1321244677309478,1,-0.7374001590313899,0,0.0,0,0.0
2021-04-27,0.1185534014958638,1,0.6559966323323484,0,0.0,0,0.0
2021-04-28,-0.1879884635060323,1,-1.047921038699991,1,0.0225905678901012,1,1.0
2021-04-29,0.1140947861661144,1,0.6312133504512631,0,0.0,0,0.0
2021-04-30,0.0761271711908947,1,0.4201697786936867,0,0.0,0,0.0
2021-05-03,0.0832041331269309,1,0.4595071804543263,0,0.0,0,0.0
2021-05-04,0.2090109291697586,1,1.1588061910870486,-1,0.0844922109507137,0,-1.0
2021-05-05,-0.1449872107469404,1,-0.8088979139066073,0,0.0,0,0.0
2021-05-06,0.0877701002069618,1,0.4848871786903534,0,0.0,0,0.0
2021-05-07,-0.0428490210466707,1,-0.2411612156371352,0,0.0,0,0.0
2021-05-10,0.3000224001078089,2,1.664694851994853,0,0.0,0,0.0
2021-05-11,-0.150413145375418,1,-0.8390580549864304,0,0.0,0,0.0
2021-05-12,-0.2505812538747756,1,-1.3958440266020344,1,0.1288287552427103,1,1.0
2021-05-13,0.1972762491393047,1,1.0935787916658406,-1,0.1882360706130396,0,-1.0
2021-05-14,-0.2786637011079897,1,-1.551940741438068,1,-0.0055867591652888,0,1.0
2021-05-17,-0.0948938174375809,1,-0.5304530167919415,0,0.0,0,0.0
2021-05-18,-0.0630722913157912,1,-0.3535725744491012,0,0.0,0,0.0
2021-05-19,-0.1001316844158141,1,-0.55956778094552,0,0.0,0,0.0
2021-05-20,-0.0299220128481372,1,-0.1693062417564061,0,0.0,0,0.0
2021-05-21,0.0001487542420914,1,-0.00215742041606,0,0.0,0,0.0
2021-05-24,-0.1346997808031384,1,-0.7517150763498417,0,0.0,0,0.0
2021-05-25,0.227261300306834,1,1.2602511597316055,-1,-0.1239637351448054,-1,-1.0
2021-05-26,0.0596975739093988,1,0.3288456095277145,0,0.0,0,0.0
2021-05-27,-0.0529021797169707,1,-0.2970418527171967,0,0.0,0,0.0
2021-05-28,0.0036018502503393,1,0.0170366668522102,0,0.0,0,0.0
2021-06-01,-0.0764491754717995,1,-0.4279281907582599,0,0.0,0,0.0
2021-06-02,-0.0690170016916851,1,-0.3866163384993792,0,0.0,0,0.0
2021-06-03,-0.0058456172310407,1,-0.0354772264390938,0,0.0,0,0.0
2021-06-04,-0.0652921172664011,1,-0.3659115111350799,0,0.0,0,0.0
2021-06-07,0.1015319658583786,1,0.5613827205625118,0,0.0,0,0.0
2021-06-08,0.1380993619231517,1,0.7646431539718923,0,0.0,0,0.0
2021-06-09,-0.1416299847126437,1,-0.7902367213629641,0,0.0,0,0.0
2021-06-10,-0.0958978773627101,1,-0.5360340993275763,0,0.0,0,0.0
2021-06-11,0.1363644680539963,1,0.7549997197186258,0,0.0,0,0.0
2021-06-14,-0.072718915014334,1,-0.4071934806364004,0,0.0,0,0.0
2021-06-15,-0.1321931021946391,1,-0.7377816647533726,0,0.0,0,0.0
2021-06-16,0.0282978363237094,1,0.1543096852496277,0,0.0,0,0.0
2021-06-17,0.2213986752068699,1,1.227663667950002,-1,0.0296888596103048,0,-1.0
2021-06-18,0.3266304396851209,2,1.8125960492001003,0,0.0,0,0.0
2021-06-21,-0.0746514838200321,1,-0.4179356940645547,0,0.0,0,0.0
2021-06-22,0.0957349231784522,1,0.529159769671304,0,0.0,0,0.0
2021-06-23,-0.0007577674412261,1,-0.0071963351345093,0,0.0,0,0.0
2021-06-24,-0.12814612123382,1,-0.7152864588426612,0,0.0,0,0.0
2021-06-25,-0.1162672422053517,1,-0.649257527073301,0,0.0,0,0.0
2021-06-28,0.2795771773378082,2,1.5510497667932557,0,0.0,0,-1.0
2021-06-29,0.1563082297823061,1,0.8658574260078314,0,0.0,0,0.0
2021-06-30,-0.0903549843621941,1,-0.5052238433380324,0,0.0,0,0.0
2021-07-01,-0.0760407569658231,1,-0.4256579902115732,0,0.0,0,0.0
2021-07-02,0.0044383040761933,1,0.0216861083073489,0,0.0,0,0.0
2021-07-06,0.1716383570237865,1,0.951070174047226,0,0.0,0,0.0
2021-07-07,0.3227465736949858,2,1.7910075203625406,0,0.0,0,0.0
2021-07-08,-0.0244025814421476,1,-0.1386263974008618,0,0.0,0,0.0
2021-07-09,-0.0134824858781402,1,-0.0779268782641885,0,0.0,0,0.0
2021-07-12,-0.0060511384939053,1,-0.0366196195395133,0,0.0,0,0.0
2021-07-13,-0.1101283152222474,1,-0.6151342070249155,0,0.0,0,0.0
2021-07-14,0.1399982932597651,1,0.7751983930108167,0,0.0,0,0.0
2021-07-15,0.144151764949649,1,0.7982855292767941,0,0.0,0,0.0
2021-07-16,0.1536979662875485,1,0.8513482362280258,0,0.0,0,0.0
2021-07-19,0.4094627122470795,0,2.27302051014352,0,0.0,0,0.0
2021-07-20,-0.0769772194692641,1,-0.4308633314391488,0,0.0,0,0.0
2021-07-21,-0.3454524618397222,0,-1.923187095134148,0,0.0,0,0.0
2021-07-22,0.0475248874585076,1,0.2611835446822449,0,0.0,0,0.0
2021-07-23,0.1830817298598471,1,1.014678337948279,-1,-0.0447900952756176,-1,-1.0
2021-07-26,-0.1058453910436442,1,-0.5913275071094946,0,0.0,0,0.0
2021-07-27,0.0040206027208382,1,0.0193643088996258,0,0.0,0,0.0
2021-07-28,-0.1797427159940061,1,-1.002086924340031,1,0.0728709373459802,1,1.0
2021-07-29,0.083018220664477,1,0.4584737831725607,0,0.0,0,0.0
2021-07-30,0.0989424054321646,1,0.5469886091076057,0,0.0,0,0.0
2021-08-02,0.0338095978178484,1,0.184946896282192,0,0.0,0,0.0
2021-08-03,0.0733164987952179,1,0.40454661295596,0,0.0,0,0.0
2021-08-04,0.0656508409299063,1,0.3619369358186735,0,0.0,0,0.0
2021-08-05,-0.0796388056671072,1,-0.4456577992533657,0,0.0,0,0.0
2021-08-06,-0.1759462119751105,1,-0.980983998363178,0,0.0,0,0.0
2021-08-09,0.1103599047444501,1,0.6104529546288363,0,0.0,0,0.0
2021-08-10,0.0660323247362725,1,0.3640574194233387,0,0.0,0,0.0
2021-08-11,0.169980803947841,1,0.9418566397824688,0,0.0,0,0.0
2021-08-12,0.0482307569941703,1,0.2651071313520518,0,0.0,0,0.0
2021-08-13,0.0545192369820559,1,0.3000617440775442,0,0.0,0,0.0
2021-08-16,0.1803032565924304,1,0.9992341515601884,0,0.0,0,0.0
2021-08-17,-0.1832474579742078,1,-1.0215680865376893,1,0.061462473400317,1,1.0
2021-08-18,0.1072962268162182,1,0.5934234537473375,0,0.0,0,0.0
2021-08-19,0.1904909013825825,1,1.0558623318057587,-1,-0.0051265667433506,-1,-1.0
2021-08-20,0.0529900440999799,1,0.2915617019245088,0,0.0,0,0.0
2021-08-23,-0.3475899853494332,0,-1.935068552436631,0,0.0,0,0.0
2021-08-24,-0.1514839195420553,1,-0.8450099696595111,0,0.0,0,0.0
2021-08-25,0.0223854027851832,1,0.121445332496255,0,0.0,0,0.0
2021-08-26,0.0094455918144297,1,0.0495191942092425,0,0.0,0,0.0
2021-08-27,-0.1682928677748482,1,-0.938442766922444,0,0.0,0,0.0
2021-08-30,0.2696638273975553,2,1.4959462586893306,0,0.0,0,-1.0
2021-08-31,0.0306960011170618,1,0.1676399211357291,0,0.0,0,0.0
2021-09-01,0.1951565029734509,1,1.0817961500025917,-1,0.0361151771163464,0,-1.0
2021-09-02,-0.0338208153948324,1,-0.1909777956733196,0,0.0,0,0.0
2021-09-03,0.0338355050222091,1,0.1850909018760674,0,0.0,0,0.0
2021-09-07,-0.1721223221829786,1,-0.9597288481446152,0,0.0,0,0.0
2021-09-08,0.035376316553117,1,0.1936555264673222,0,0.0,0,0.0
2021-09-09,-0.1840405838563144,1,-1.0259766889511517,1,-0.0700223767847809,0,1.0
2021-09-10,0.0731196653185659,1,0.4034525110488161,0,0.0,0,0.0
2021-09-13,-0.223556763840247,1,-1.2456279831256052,1,-0.054354525549343,0,1.0
2021-09-14,0.0443322261775143,1,0.2434370878507397,0,0.0,0,0.0
2021-09-15,-0.1028322287225573,1,-0.5745787980072093,0,0.0,0,0.0
2021-09-16,0.2012968269580125,1,1.1159272353050624,-1,-0.1422778178415326,-1,-1.0
2021-09-17,-0.0038752806964197,1,-0.0245250805088776,0,0.0,0,0.0
2021-09-20,0.1072958337388931,1,0.593421268820981,0,0.0,0,0.0
2021-09-21,0.0399109132855063,1,0.2188611521435279,0,0.0,0,0.0
2021-09-22,-0.1816926606331966,1,-1.0129257216058825,1,0.1728543368763338,1,1.0
2021-09-23,-0.2540629606410953,1,-1.4151971472090628,1,0.0393148112196304,1,1.0
2021-09-24,-0.1266087479901674,1,-0.7067409460239935,0,0.0,0,0.0
2021-09-27,-0.2202116359787707,1,-1.2270340384616458,1,0.0470644303278301,1,1.0
2021-09-28,0.0463068427099968,1,0.2544130242148928,0,0.0,0,0.0
2021-09-29,0.1905547830331117,1,1.056217418942685,-1,0.0107456108384401,0,-1.0
2021-09-30,-0.3446631103274308,0,-1.9187994726133504,0,0.0,0,0.0
2021-10-01,-0.2866302865464953,1,-1.596223129119028,1,-0.0139854660542594,0,1.0
2021-10-04,-0.025881630759606,1,-0.1468477157787936,0,0.0,0,0.0
2021-10-05,-0.0987195748337079,1,-0.5517185481160337,0,0.0,0,0.0
2021-10-06,-0.0088383237568628,1,-0.0521122316888025,0,0.0,0,0.0
2021-10-07,0.0506892480962066,1,0.2787726919527531,0,0.0,0,0.0
2021-10-08,-0.2899253903601411,1,-1.6145390143437832,1,0.0143466261782375,1,1.0
2021-10-11,0.0730962959611515,1,0.4033226121162219,0,0.0,0,0.0
2021-10-12,0.1398900263673985,1,0.7745965898245206,0,0.0,0,0.0
2021-10-13,0.0602771092267212,1,0.3320669655019366,0,0.0,0,0.0
2021-10-14,0.0549097373900679,1,0.3022323466011275,0,0.0,0,0.0
2021-10-15,-0.1085524513316105,1,-0.6063747433530242,0,0.0,0,0.0
2021-10-18,0.3448361718271396,2,1.913792891304115,0,0.0,0,0.0
2021-10-19,-0.2434799782995951,1,-1.3563714771042834,1,0.1754194103701537,1,1.0
2021-10-20,0.0777851619412426,1,0.4293857457783407,0,0.0,0,0.0
2021-10-21,0.1969614754473299,1,1.091829117257979,-1,0.0220942204097277,0,-1.0
2021-10-22,0.0378905674474359,1,0.2076310287309768,0,0.0,0,0.0
2021-10-25,0.0486699192893595,1,0.2675482217238981,0,0.0,0,0.0
2021-10-26,0.0151326277698942,1,0.081130671030695,0,0.0,0,0.0
2021-10-27,0.1113318758694106,1,0.6158556710752283,0,0.0,0,0.0
2021-10-28,0.2150104939524753,1,1.1921548642012771,-1,-0.2246861031817273,-1,-1.0
2021-10-29,0.0942559517059154,1,0.5209388839955661,0,0.0,0,0.0
2021-11-01,-0.1256476534314776,1,-0.7013986871384924,0,0.0,0,0.0
2021-11-02,0.0797038845620398,1,0.4400509949747781,0,0.0,0,0.0
2021-11-03,0.1061980980108648,1,0.5873194878942568,0,0.0,0,0.0
2021-11-04,0.0172672792500672,1,0.0929961641128216,0,0.0,0,0.0
2021-11-05,-0.408740759705261,0,-2.2749760721535925,0,0.0,0,0.0
2021-11-08,0.0631709525507919,1,0.3481524381242567,0,0.0,0,0.0
2021-11-09,0.2025669948970956,1,1.1229874833288325,-1,-0.0505169888011075,-1,-1.0
2021-11-10,0.1320753313054144,1,0.7311584871374327,0,0.0,0,0.0
2021-11-11,0.1678155151829291,1,0.9298208488819394,0,0.0,0,0.0
2021-11-12,0.1723210601770125,1,0.954864990023974,0,0.0,0,0.0
2021-11-15,0.030360062871447,1,0.1657726032309622,0,0.0,0,0.0
2021-11-16,0.1810028998557981,1,1.0031231293996867,-1,-0.1328458608289421,-1,-1.0
2021-11-17,0.0893839134075008,1,0.493857584184972,0,0.0,0,0.0
2021-11-18,0.1002620954265258,1,0.5543241262372569,0,0.0,0,0.0
2021-11-19,0.1593076661860419,1,0.8825298393874247,0,0.0,0,0.0
2021-11-22,-0.0518855140546389,1,-0.2913907009974529,0,0.0,0,0.0
2021-11-23,-0.109887771230143,1,-0.6137971395453892,0,0.0,0,0.0
2021-11-24,-0.018515950648161,1,-0.1059054695998418,0,0.0,0,0.0
2021-11-26,0.4127447744098755,0,2.291263903151454,0,0.0,0,0.0
2021-11-29,-0.1503627821760461,1,-0.838778110368168,0,0.0,0,0.0
2021-11-30,-0.0444535699441461,1,-0.2500801253606958,0,0.0,0,0.0
2021-12-01,-0.0520397822404753,1,-0.2922482030809711,0,0.0,0,0.0
2021-12-02,0.0698356379947529,1,0.3851981946631454,0,0.0,0,0.0
2021-12-03,0.0400627138408205,1,0.2197049378648379,0,0.0,0,0.0
2021-12-06,-0.2068751554156553,1,-1.152903006144964,1,0.0680880220055149,1,1.0
2021-12-07,-0.1358794216163024,1,-0.7582721279519404,0,0.0,0,0.0
2021-12-08,0.0031291784649383,1,0.0144093134636667,0,0.0,0,0.0
2021-12-09,-0.0567863604292027,1,-0.3186321309423717,0,0.0,0,0.0
2021-12-10,0.0500575109562707,1,0.2752611713447028,0,0.0,0,0.0
2021-12-13,0.2056394551568584,1,1.1400658009352127,-1,-0.0566350495035399,-1,-1.0
2021-12-14,-0.087450673105453,1,-0.4890801845509734,0,0.0,0,0.0
2021-12-15,0.0901821403097248,1,0.4982945406972071,0,0.0,0,0.0
2021-12-16,-0.0556082073676335,1,-0.312083349030393,0,0.0,0,0.0
2021-12-17,-0.051362576846669,1,-0.2884839464845098,0,0.0,0,0.0
2021-12-20,-0.0179939716411857,1,-0.1030040412618642,0,0.0,0,0.0
2021-12-21,-0.4117679169452072,0,-2.29180257222759,0,0.0,0,0.0
2021-12-22,0.050217272991511,1,0.2761492110746248,0,0.0,0,0.0
2021-12-23,-0.0596650877344914,1,-0.3346335809418176,0,0.0,0,0.0
2021-12-27,0.0668073100366504,1,0.368365187134271,0,0.0,0,0.0
2021-12-28,0.0789073713810275,1,0.4356235642082538,0,0.0,0,0.0
2021-12-29,0.1447985935239928,1,0.8018809358550972,0,0.0,0,0.0
2021-12-30,0.0829873294922887,1,0.4583020741168656,0,0.0,0,0.0
2021-12-31,0.1311225107774788,1,0.7258622195791277,0,0.0,0,0.0
2022-01-03,-0.4935995798036847,0,-2.746665128745468,0,0.0,0,0.0
2022-01-04,-0.1104839348117068,1,-0.6171109239821291,0,0.0,0,0.0
2022-01-05,-0.2193283358048714,1,-1.2221242008604307,1,0.0091156449420654,1,1.0
2022-01-06,-0.0057555816335056,1,-0.0349767621855044,0,0.0,0,0.0
2022-01-07,-0.4022246418239383,0,-2.238756130696504,0,0.0,0,0.0
2022-01-10,-0.0579534008102306,1,-0.3251191428486558,0,0.0,0,0.0
2022-01-11,-0.1687925863583839,1,-0.9412204603543822,0,0.0,0,0.0
2022-01-12,-0.0703440344457584,1,-0.3939926704718173,0,0.0,0,0.0
2022-01-13,0.0741555407014503,1,0.4092104402956847,0,0.0,0,0.0
2022-01-14,-0.5260838104783716,0,-2.9272292245375624,0,0.0,0,0.0
2022-01-18,-0.0026866457094305,1,-0.0179180346532467,0,0.0,0,0.0
2022-01-19,0.0511175198815911,1,0.2811532472583611,0,0.0,0,0.0
2022-01-20,-0.3110562952271125,0,-1.7319954740267476,0,0.0,0,1.0
2022-01-21,0.1327419276482341,1,0.7348637731608245,0,0.0,0,0.0
2022-01-24,0.3732985835890311,0,2.0720016448164147,0,0.0,0,-1.0
2022-01-25,-0.3982808671903843,0,-2.2168345987431435,0,0.0,0,0.0
2022-01-26,-0.5355907027528165,0,-2.980073431455033,0,0.0,0,0.0
2022-01-27,0.0723632934826032,1,0.3992482065660987,0,0.0,0,0.0
2022-01-28,0.1598698285213948,1,0.885654627374184,0,0.0,0,0.0
2022-01-31,0.0416574273150478,1,0.2285691772370112,0,0.0,0,0.0
2022-02-01,-0.0330377816843684,1,-0.1866252907511442,0,0.0,0,0.0
2022-02-02,-0.1712229278254443,1,-0.9547295507761462,0,0.0,0,0.0
2022-02-03,0.0376960208451628,1,0.2065496384502387,0,0.0,0,0.0
2022-02-04,-0.5317772753709267,0,-2.958876436704706,0,0.0,0,0.0
2022-02-07,-0.1414194212376015,1,-0.7890663010486094,0,0.0,0,0.0
2022-02-08,-0.0301262851640381,1,-0.1704416925659199,0,0.0,0,0.0
2022-02-09,0.0728392909396331,1,0.401894045751538,0,0.0,0,0.0
2022-02-10,-0.1750277014375094,1,-0.9758784434138134,0,0.0,0,0.0
2022-02-11,-0.0479814278100121,1,-0.2696897775643263,0,0.0,0,0.0
2022-02-14,0.0794260653298823,1,0.438506732500147,0,0.0,0,0.0
2022-02-15,-0.081491811877858,1,-0.4559577627738833,0,0.0,0,0.0
2022-02-16,-0.1975393025439379,1,-1.1010095243780316,1,0.040501613437577,1,1.0
2022-02-17,0.047271850240615,1,0.2597770334150375,0,0.0,0,0.0
2022-02-18,0.1996565491447216,1,1.1068097258534535,-1,-0.0622953471659076,-1,-1.0
2022-02-22,-0.3100691889561662,0,-1.7265086286386246,0,0.0,0,1.0
2022-02-23,-0.2089972783525135,1,-1.1646988591263938,1,0.0665970911462072,1,1.0
2022-02-24,0.1822883994550747,1,1.0102685986924336,-1,-0.2404598808020035,-1,-1.0
2022-02-25,0.1092060386524649,1,0.6040391722108086,0,0.0,0,0.0
2022-02-28,-0.2023939740514667,1,-1.1279942906143965,1,0.1194696652477231,1,1.0
2022-03-01,0.3385141703146814,2,1.878651948668746,0,0.0,0,0.0
2022-03-02,-0.0184452345113723,1,-0.1055123928659329,0,0.0,0,0.0
2022-03-03,0.1443088938083004,1,0.7991589324541505,0,0.0,0,0.0
2022-03-04,-0.1137582053967174,1,-0.6353110073851138,0,0.0,0,0.0
2022-03-07,-0.1257055502690951,1,-0.7017205076008056,0,0.0,0,0.0
2022-03-08,-0.2102539522230526,1,-1.1716841001626317,1,-0.0200912900392382,0,1.0
2022-03-09,0.1300960721706212,1,0.7201567447969356,0,0.0,0,0.0
2022-03-10,-0.1386620620478647,1,-0.7737394775860229,0,0.0,0,0.0
2022-03-11,-0.1205437887870284,1,-0.6730287770181227,0,0.0,0,0.0
2022-03-14,0.2242448894184857,1,1.243484393418237,-1,-0.0863433472890968,-1,-1.0
2022-03-15,0.1205742345257185,1,0.6672294638079255,0,0.0,0,0.0
2022-03-16,0.0140258734857943,1,0.0749787603213473,0,0.0,0,0.0
2022-03-17,-0.0265767633176838,1,-0.1507116207935668,0,0.0,0,0.0
2022-03-18,0.0740599294331605,1,0.4086789835904551,0,0.0,0,0.0
2022-03-21,-0.5005920647496649,0,-2.785532963857678,0,0.0,0,0.0
2022-03-22,-0.0147692850577018,1,-0.0850795712939359,0,0.0,0,0.0
2022-03-23,-0.2950829566697115,1,-1.6432074259956264,1,0.0635678214214767,1,1.0
2022-03-24,-0.3504279324481294,0,-1.9508433250305584,0,0.0,0,0.0
2022-03-25,-0.2554969941739541,1,-1.423168244655984,1,0.0808763775166631,1,1.0
2022-03-28,0.2302742369054775,1,1.2769986141522176,-1,0.0555951131892406,0,-1.0
2022-03-29,0.3167114747020234,2,1.7574613297941677,0,0.0,0,0.0
2022-03-30,-0.3037090828713987,0,-1.6911558811520504,0,0.0,0,1.0
2022-03-31,-0.2333011396277606,1,-1.299792245802814,1,0.0863178388516108,1,1.0
2022-04-01,-0.026722739802406,1,-0.1515230333289208,0,0.0,0,0.0
2022-04-04,0.1443326692136709,1,0.7992910884105529,0,0.0,0,0.0
2022-04-05,0.0366364941978398,1,0.2006602432862465,0,0.0,0,0.0
2022-04-06,-0.0769925855937384,1,-0.4309487442783603,0,0.0,0,0.0
2022-04-07,0.0268478686199503,1,0.1462500174686998,0,0.0,0,0.0
2022-04-08,0.0953479623943313,1,0.5270088422015571,0,0.0,0,0.0
2022-04-11,0.2188196608348294,1,1.213328176899411,-1,-0.219144865092851,-1,-1.0
2022-04-12,-0.1135455126596962,1,-0.6341287515353021,0,0.0,0,0.0
2022-04-13,-0.0068974568411075,1,-0.0413238930882755,0,0.0,0,0.0
2022-04-14,-0.1679644341682802,1,-0.9366171636692356,0,0.0,0,0.0
2022-04-18,-0.2900400421279323,1,-1.6151763079583223,1,0.1538475855231195,1,1.0
2022-04-19,0.4119254040447304,0,2.2867094203753986,0,0.0,0,0.0
2022-04-20,0.0681763022381031,1,0.3759747513402772,0,0.0,0,0.0
2022-04-21,0.2069158860868126,1,1.1471608618900606,-1,-0.0464430028217911,-1,-1.0
2022-04-22,0.0475681114265027,1,0.261423805773103,0,0.0,0,0.0
2022-04-25,0.2219981963430749,1,1.2309961154058524,-1,0.0651031844870911,0,-1.0
2022-04-26,-0.0547727740494872,1,-0.3074395800830428,0,0.0,0,0.0
2022-04-27,-0.1649587003032379,1,-0.9199097457541192,0,0.0,0,0.0
2022-04-28,-0.2693216321984153,1,-1.5000127077291088,1,0.003764779005159,1,1.0
2022-04-29,-0.0825442663658142,1,-0.4618078472312698,0,0.0,0,0.0
2022-05-02,-0.0605927359665587,1,-0.3397899279064047,0,0.0,0,0.0
2022-05-03,0.0186564597791753,1,0.1007179454485838,0,0.0,0,0.0
2022-05-04,-0.0441438553830491,1,-0.2483585722096243,0,0.0,0,0.0
2022-05-05,-0.2531745936791707,1,-1.4102591457886848,1,-0.0292372791224536,0,1.0
2022-05-06,-0.3049491592753979,0,-1.6980488649152674,0,0.0,0,1.0
2022-05-09,0.7047218360191578,0,3.914222890528519,0,0.0,0,0.0
2022-05-10,-0.4110493344058364,0,-2.2878083201311545,0,0.0,0,0.0
2022-05-11,-0.3869717689649814,0,-2.153972802330489,0,0.0,0,0.0
2022-05-12,0.6027756000852661,0,3.3475531702215857,0,0.0,0,0.0
2022-05-13,-0.2353086651727851,1,-1.310951107419301,1,0.2211386246424055,1,1.0
2022-05-16,-0.201748915983872,1,-1.1244087254250876,1,0.1817244989326611,1,1.0
2022-05-17,-0.3178447458984703,0,-1.7697291814855522,0,0.0,0,1.0
2022-05-18,-0.9468453198133496,0,-5.266038545220964,0,0.0,0,0.0
2022-05-19,0.1119127442225893,1,0.6190844367497589,0,0.0,0,0.0
2022-05-20,-0.0063203417836376,1,-0.0381159901656656,0,0.0,0,0.0
2022-05-23,-0.2300225905571916,1,-1.2815683803720523,1,0.0712012607350385,1,1.0
2022-05-24,-0.0484633530147217,1,-0.2723685662264082,0,0.0,0,0.0
2022-05-25,0.1664132926245634,1,0.9220265732259704,0,0.0,0,0.0
2022-05-26,0.2931673715184524,2,1.6265910701549262,0,0.0,0,0.0
2022-05-27,0.0520292117092773,1,0.2862209003037961,0,0.0,0,0.0
2022-05-31,-0.1776809198901884,1,-0.990626398987845,0,0.0,0,0.0
2022-06-01,-0.1961136703261208,1,-1.0930851257699763,1,0.0169206369886137,1,1.0
2022-06-02,0.0989917031129974,1,0.5472626310246818,0,0.0,0,0.0
2022-06-03,-0.0111380802910394,1,-0.0648954637528189,0,0.0,0,0.0
2022-06-06,-0.0367771252024559,1,-0.2074104892051632,0,0.0,0,0.0
2022-06-07,-0.1654703088059249,1,-0.9227535294845188,0,0.0,0,0.0
2022-06-08,-0.1200175676130665,1,-0.6701037685297082,0,0.0,0,0.0
2022-06-09,0.3773136613546145,0,2.0943195163257573,0,0.0,0,-1.0
2022-06-10,-0.1168978515647631,1,-0.6527627788959612,0,0.0,0,0.0
2022-06-13,0.2218576332178723,1,1.230214793112642,-1,0.0402148943805488,0,-1.0
2022-06-14,0.0071145555376629,1,0.0365620932149763,0,0.0,0,0.0
2022-06-15,0.0886180087003031,1,0.4896002910908852,0,0.0,0,0.0
2022-06-16,0.1269130253642667,1,0.7024637301705747,0,0.0,0,0.0
2022-06-17,0.2013231953826203,1,1.1160738045987746,-1,-0.0072397229988088,-1,-1.0
2022-06-21,-0.2629313071425492,1,-1.464491987626934,1,-0.0038644331787696,0,1.0
2022-06-22,0.3790275869873344,0,2.103846398314319,0,0.0,0,-1.0
2022-06-23,0.655533678521972,0,3.640809760597772,0,0.0,0,0.0
2022-06-24,-0.1790894834796288,1,-0.9984559213625634,0,0.0,0,0.0
2022-06-27,-0.1748685035293999,1,-0.9749935393932238,0,0.0,0,0.0
2022-06-28,-0.3151175578063132,0,-1.7545700645328752,0,0.0,0,1.0
2022-06-29,0.2292230200804886,1,1.2711554092634696,-1,0.0289141767649491,0,-1.0
2022-06-30,-0.0072250019116057,1,-0.0431445574000753,0,0.0,0,0.0
2022-07-01,0.2706695403954999,2,1.501536529855633,0,0.0,0,-1.0
2022-07-05,0.7576322699328442,0,4.208326351166632,0,0.0,0,0.0
2022-07-06,-0.0162842403423962,1,-0.0935004735429604,0,0.0,0,0.0
2022-07-07,-0.1058194358949807,1,-0.591183235016475,0,0.0,0,0.0
2022-07-08,-0.1410871858591633,1,-0.7872195655879912,0,0.0,0,0.0
2022-07-11,0.0277239701460458,1,0.1511198412753872,0,0.0,0,0.0
2022-07-12,0.1375301522238915,1,0.7614791931044708,0,0.0,0,0.0
2022-07-13,0.0862125250486574,1,0.4762293732184012,0,0.0,0,0.0
2022-07-14,0.0477554733339614,1,0.2624652598172193,0,0.0,0,0.0
2022-07-15,-0.0910067864554724,1,-0.5088468952978221,0,0.0,0,0.0
2022-07-18,0.0167749605021372,1,0.090259602780903,0,0.0,0,0.0
2022-07-19,-0.0097792145701953,1,-0.0573421877450148,0,0.0,0,0.0
2022-07-20,0.0632538581743049,1,0.3486132703075898,0,0.0,0,0.0
2022-07-21,0.1117305256626552,1,0.6180715720819595,0,0.0,0,0.0
2022-07-22,0.1841718802132131,1,1.0207379554532845,-1,0.0222920022802435,0,-1.0
2022-07-25,-0.3911104311327723,0,-2.176977619640152,0,0.0,0,0.0
2022-07-26,-0.1978294972712646,1,-1.1026225762328876,1,-0.0184642659669278,0,1.0
2022-07-27,-0.1345086667809314,1,-0.7506527661181916,0,0.0,0,0.0
2022-07-28,0.2935154409457421,2,1.6285258194196028,0,0.0,0,0.0
2022-07-29,-0.1435853055452502,1,-0.8011054022826006,0,0.0,0,0.0
2022-08-01,0.2842954100964614,2,1.5772761361456544,0,0.0,0,0.0
2022-08-02,-0.3858568621764205,0,-2.1477755757997143,0,0.0,0,0.0
2022-08-03,-0.0071365415107224,1,-0.0426528489013002,0,0.0,0,0.0
2022-08-04,0.1267198970988429,1,0.7013902237370262,0,0.0,0,0.0
2022-08-05,-0.0138744645411654,1,-0.0801056976909971,0,0.0,0,0.0
2022-08-08,0.2518655030615098,2,1.3970139991404913,0,0.0,0,-1.0
2022-08-09,-0.2769526448205012,1,-1.5424298087491033,1,0.0652357676663301,1,1.0
2022-08-10,0.1961513788861562,1,1.087326183063924,-1,0.1222959730071556,0,-1.0
2022-08-11,-0.1085709725871862,1,-0.6064776940369866,0,0.0,0,0.0
2022-08-12,-0.083939438034963,1,-0.4695629304110882,0,0.0,0,0.0
2022-08-15,0.0755840176986756,1,0.4171506516538308,0,0.0,0,0.0
2022-08-16,0.195174599070968,1,1.081896737438947,-1,-0.0663928771877205,-1,-1.0
2022-08-17,-0.1090713271076727,1,-0.609258922334246,0,0.0,0,0.0
2022-08-18,-0.2232073163555877,1,-1.243685573907846,1,0.0092470732675007,1,1.0
2022-08-19,-0.09026901727692,1,-0.504745993972417,0,0.0,0,0.0
2022-08-22,-0.0318520913178212,1,-0.1800346126135267,0,0.0,0,0.0
2022-08-23,-0.2440635766967369,1,-1.3596154177701691,1,0.0019807037397008,1,1.0
2022-08-24,0.0125653387311787,1,0.0668603554257194,0,0.0,0,0.0
2022-08-25,-0.0726855646810059,1,-0.407008102295689,0,0.0,0,0.0
2022-08-26,-0.2503475159971207,1,-1.3945447910143496,1,0.010960660966659,1,1.0
2022-08-29,-0.1024280815734113,1,-0.5723323398631545,0,0.0,0,0.0
2022-08-30,0.1933595565126118,1,1.0718077954641216,-1,-0.0350242590491849,-1,-1.0
2022-08-31,-0.0574352680249698,1,-0.3222390937932302,0,0.0,0,0.0
2022-09-01,0.1738771839081192,1,0.9635147277155256,0,0.0,0,0.0
2022-09-02,-0.1201655171657231,1,-0.6709261483935196,0,0.0,0,0.0
2022-09-06,0.0687790865904391,1,0.3793253374331777,0,0.0,0,0.0
2022-09-07,0.1408413709528673,1,0.7798846533339249,0,0.0,0,0.0
2022-09-08,-0.1075822436901637,1,-0.6009818292568643,0,0.0,0,0.0
2022-09-09,-0.0441494982523129,1,-0.2483899381852112,0,0.0,0,0.0
2022-09-12,-0.0234708356388957,1,-0.1334472740238271,0,0.0,0,0.0
2022-09-13,-0.2407663248812221,1,-1.3412875928439902,1,-0.0147977823785827,0,1.0
2022-09-14,-0.5349871089993858,0,-2.9767183462936995,0,0.0,0,0.0
2022-09-15,0.1789759573086994,1,0.991856338078549,0,0.0,0,0.0
2022-09-16,0.0537151727036699,1,0.2955923404201376,0,0.0,0,0.0
2022-09-19,0.0473385388590536,1,0.2601477231262569,0,0.0,0,0.0
2022-09-20,-0.2868982693569134,1,-1.597712715692143,1,0.0529361564483597,1,1.0
2022-09-21,0.1795025713597,1,0.994783530380026,0,0.0,0,0.0
2022-09-22,-0.1191286188926121,1,-0.6651625333955953,0,0.0,0,0.0
2022-09-23,0.4125594146424571,0,2.2902335780335434,0,0.0,0,0.0
2022-09-26,0.0500479092007475,1,0.2752077998389584,0,0.0,0,0.0
2022-09-27,-0.1852499931121262,1,-1.0326992088995282,1,0.0022119287094464,1,1.0
2022-09-28,0.2350931848459212,1,1.3037848103915344,-1,-0.0367386692281307,-1,-1.0
2022-09-29,-0.0395652369673846,1,-0.2229082513299088,0,0.0,0,0.0
2022-09-30,0.3374588395544884,2,1.872785876407896,0,0.0,0,0.0
2022-10-03,-0.1777907800270699,1,-0.99123705824828,0,0.0,0,0.0
2022-10-04,-0.2140744132022947,1,-1.192920191272013,1,0.032787263462328,1,1.0
2022-10-05,-0.1729091506164812,1,-0.9641024460931612,0,0.0,0,0.0
2022-10-06,-0.0416670638559431,1,-0.2345912884147241,0,0.0,0,0.0
2022-10-07,-0.1049385485612337,1,-0.586286809224354,0,0.0,0,0.0
2022-10-10,0.2454257576156477,1,1.3612185750404695,-1,0.1064661470428029,0,-1.0
2022-10-11,0.3046547005112224,2,1.6904435650290666,0,0.0,0,0.0
2022-10-12,0.0929255007028524,1,0.5135435516335487,0,0.0,0,0.0
2022-10-13,-0.399043128851635,0,-2.2210716419103056,0,0.0,0,0.0
2022-10-14,0.0308818225504847,1,0.1686728124312262,0,0.0,0,0.0
2022-10-17,0.1290415978433332,1,0.7142954330315595,0,0.0,0,0.0
2022-10-18,-0.010662023657625,1,-0.0622492956345359,0,0.0,0,0.0
2022-10-19,-0.7650065199258979,0,-4.255284779481247,0,0.0,0,0.0
2022-10-20,-0.2031842524957975,1,-1.1323870655011898,1,0.0105383473943364,1,1.0
2022-10-21,-0.1735227871759119,1,-0.9675133543460976,0,0.0,0,0.0
2022-10-24,0.1647214710535653,1,0.9126225570044364,0,0.0,0,0.0
2022-10-25,0.5440330305204585,0,3.02103169387217,0,0.0,0,0.0
2022-10-26,-0.0538924626874532,1,-0.3025463558385473,0,0.0,0,0.0
2022-10-27,-0.0680689883096226,1,-0.3813467915353409,0,0.0,0,0.0
2022-10-28,-0.1332823097157507,1,-0.7438360415107915,0,0.0,0,0.0
2022-10-31,-0.025618167841604,1,-0.1453832530971871,0,0.0,0,0.0
2022-11-01,-0.1246940436065447,1,-0.6960980322606889,0,0.0,0,0.0
2022-11-02,-0.2769445542461142,1,-1.5423848371669453,1,0.1749387941072996,1,1.0
2022-11-03,0.0091405613669615,1,0.0478236777758158,0,0.0,0,0.0
2022-11-04,-0.1812384646778136,1,-1.0104010664026406,1,-0.0555614298875161,0,1.0
2022-11-07,0.1006685682223965,1,0.5565835115243978,0,0.0,0,0.0
2022-11-08,-0.0326521885225427,1,-0.1844819652309581,0,0.0,0,0.0
2022-11-09,0.0660239425991229,1,0.3640108271850805,0,0.0,0,0.0
2022-11-10,0.67012736239541,0,3.721928976849872,0,0.0,0,0.0
2022-11-11,0.2391004442303012,1,1.326059223308716,-1,-0.0706909799333165,-1,-1.0
2022-11-14,-0.247883556319171,1,-1.3808488332503306,1,0.0897857477379244,1,1.0
2022-11-15,0.1194785696787587,1,0.661139193905469,0,0.0,0,0.0
2022-11-16,-0.1020057601388146,1,-0.5699848596739134,0,0.0,0,0.0
2022-11-17,-0.0953146879666044,1,-0.5327924321002403,0,0.0,0,0.0
2022-11-18,0.0195452225924122,1,0.1056581472145686,0,0.0,0,0.0
2022-11-21,0.1287083906749704,1,0.7124432958617,0,0.0,0,0.0
2022-11-22,-0.1330625213448248,1,-0.7426143444707946,0,0.0,0,0.0
2022-11-23,0.0189142577167162,1,0.1021509192491733,0,0.0,0,0.0
2022-11-25,0.0368072740385713,1,0.2016095256574382,0,0.0,0,0.0
2022-11-28,-0.0734792930255511,1,-0.4114200535058814,0,0.0,0,0.0
2022-11-29,0.0847761249592455,1,0.4682451212304832,0,0.0,0,0.0
2022-11-30,-0.1602446543656697,1,-0.893706648911112,0,0.0,0,0.0
2022-12-01,0.0602898877840675,1,0.332137995309472,0,0.0,0,0.0
2022-12-02,-0.0156714066482518,1,-0.0900940280290655,0,0.0,0,0.0
2022-12-05,-0.2104041370025398,1,-1.1725189045691575,1,0.027681722296504,1,1.0
2022-12-06,-0.0750803982451409,1,-0.4203198214929532,0,0.0,0,0.0
2022-12-07,0.2738466599685339,2,1.519196597864425,0,0.0,0,-1.0
2022-12-08,-0.0191667226306945,1,-0.1095227956732144,0,0.0,0,0.0
2022-12-09,0.0581976796970868,1,0.3205084244811573,0,0.0,0,0.0
2022-12-12,-0.2273106782096349,1,-1.266494173880668,1,-0.0330444840101627,0,1.0
2022-12-13,0.1220678225867107,1,0.6755315960153869,0,0.0,0,0.0
2022-12-14,-0.0127644564537484,1,-0.0739357006658699,0,0.0,0,0.0
2022-12-15,0.0374912434369592,1,0.205411380077392,0,0.0,0,0.0
2022-12-16,-0.1872578944536087,1,-1.0438601593864063,1,-0.0496677775569224,0,1.0
2022-12-19,-0.04290363331835,1,-0.2414647787891663,0,0.0,0,0.0
2022-12-20,-0.2815396564155364,1,-1.567926783245433,1,0.0260181802776939,1,1.0
2022-12-21,-0.0939586021822309,1,-0.5252546084120615,0,0.0,0,0.0
2022-12-22,0.278727187982051,2,1.5463250878869823,0,0.0,0,-1.0
2022-12-23,-0.0992222429959546,1,-0.5545126368265989,0,0.0,0,0.0
2022-12-27,-0.0277563956462378,1,-0.1572686252338302,0,0.0,0,0.0
2022-12-28,-0.0512395525363915,1,-0.2878001139637965,0,0.0,0,0.0
2022-12-29,0.1201587406693531,1,0.6649199348172865,0,0.0,0,0.0
2022-12-30,-0.1128292510875433,1,-0.6301474005708423,0,0.0,0,0.0
2023-01-03,0.3115958444697931,2,1.72902602047317,0,0.0,0,0.0
2023-01-04,0.143182821981621,1,0.7928996448872829,0,0.0,0,0.0
2023-01-05,-0.1277522746688831,1,-0.7130972566543495,0,0.0,0,0.0
2023-01-06,0.030006224049462,1,0.1638057846971423,0,0.0,0,0.0
2023-01-09,-0.0990849498206626,1,-0.5537494906002569,0,0.0,0,0.0
2023-01-10,0.0450548652907376,1,0.2474538884753222,0,0.0,0,0.0
2023-01-11,0.3704877171685705,0,2.0563774005889432,0,0.0,0,-1.0
2023-01-12,-0.0413053681844871,1,-0.2325807974622866,0,0.0,0,0.0
2023-01-13,0.0228900615105248,1,0.1242504857823968,0,0.0,0,0.0
2023-01-17,0.0940084631155226,1,0.5195632148596501,0,0.0,0,0.0
2023-01-18,0.0505412425858338,1,0.2779500010471147,0,0.0,0,0.0
2023-01-19,-0.3316637358204432,0,-1.846542249494132,0,0.0,0,0.0
2023-01-20,0.1039508208650934,1,0.5748279633177905,0,0.0,0,0.0
2023-01-23,0.0221873491368226,1,0.1203444482459031,0,0.0,0,0.0
2023-01-24,-0.0409696053381741,1,-0.2307144545172361,0,0.0,0,0.0
2023-01-25,-0.0279322247616518,1,-0.1582459740759993,0,0.0,0,0.0
2023-01-26,-0.1422263439201159,1,-0.7935515931893243,0,0.0,0,0.0
2023-01-27,0.3378215171100245,2,1.874801825178094,0,0.0,0,0.0
2023-01-30,0.0319699294283253,1,0.174721071246096,0,0.0,0,0.0
2023-01-31,0.4188068962323843,0,2.3249603005334545,0,0.0,0,0.0
2023-02-01,0.2725244215328389,2,1.5118469151844267,0,0.0,0,-1.0
2023-02-02,0.671639238742119,0,3.730332764774752,0,0.0,0,0.0
2023-02-03,-0.1519820004331125,1,-0.8477785599526202,0,0.0,0,0.0
2023-02-06,-0.2128935913151863,1,-1.1863565746522309,1,0.0411254414656154,1,1.0
2023-02-07,-0.4632121451647291,0,-2.5777561059653773,0,0.0,0,0.0
2023-02-08,0.0218337481907733,1,0.1183789519491299,0,0.0,0,0.0
2023-02-09,-0.0398482135688252,1,-0.2244811811210169,0,0.0,0,0.0
2023-02-10,-0.2440911008048236,1,-1.3597684109482722,1,0.1412137619745126,1,1.0
2023-02-13,0.2671101356494814,2,1.4817515238335035,0,0.0,0,-1.0
2023-02-14,-0.134649904894043,1,-0.7514378403420751,0,0.0,0,0.0
2023-02-15,0.1853935427946157,1,1.0275285857004062,-1,-0.0084452059286105,-1,-1.0
2023-02-16,0.0862641407076725,1,0.4765162796528525,0,0.0,0,0.0
2023-02-17,0.0681228670449587,1,0.3756777309973847,0,0.0,0,0.0
2023-02-21,-0.3413886320732195,0,-1.90059823487792,0,0.0,0,0.0
2023-02-22,0.0033903956576898,1,0.0158612932469307,0,0.0,0,0.0
2023-02-23,-0.0113485241987473,1,-0.0660652194503071,0,0.0,0,0.0
2023-02-24,-0.0913181314168388,1,-0.5105775110538653,0,0.0,0,0.0
2023-02-27,0.0415592078883123,1,0.2280232230429494,0,0.0,0,0.0
2023-02-28,0.1334955048984707,1,0.7390525438958048,0,0.0,0,0.0
2023-03-01,-0.2791020383484621,1,-1.5543772457305822,1,0.0762561922370584,1,1.0
2023-03-02,0.0626042558435111,1,0.3450024457614009,0,0.0,0,0.0
2023-03-03,-0.0230178002431935,1,-0.1309290698094194,0,0.0,0,0.0
2023-03-06,-0.1396393044843631,1,-0.7791714946986682,0,0.0,0,0.0
2023-03-07,-0.0082533622263508,1,-0.0488607140251146,0,0.0,0,0.0
2023-03-08,0.1420458905539134,1,0.7865799940610865,0,0.0,0,0.0
2023-03-09,-0.0112211837002467,1,-0.0653573953309751,0,0.0,0,0.0
2023-03-10,-0.1801625244961995,1,-1.004420436355861,1,-0.0295620662306364,0,1.0
2023-03-13,0.1725035548235791,1,0.955879389323566,0,0.0,0,0.0
2023-03-14,-0.2224777723190483,1,-1.2396303921608174,1,-0.0463329903877833,0,1.0
2023-03-15,0.3725313169494599,0,2.067736781400284,0,0.0,0,-1.0
2023-03-16,-0.3494745494769663,0,-1.945543931122924,0,0.0,0,0.0
2023-03-17,-0.0491354875828111,1,-0.2761046365601365,0,0.0,0,0.0
2023-03-20,-0.1271327934522823,1,-0.709653860784646,0,0.0,0,0.0
2023-03-21,0.0111845680493214,1,0.0591853203552388,0,0.0,0,0.0
2023-03-22,-0.0515816897384329,1,-0.2897018888631963,0,0.0,0,0.0
2023-03-23,-0.0884200167124408,1,-0.4944682958983044,0,0.0,0,0.0
2023-03-24,0.0652205904054758,1,0.3595453816616464,0,0.0,0,0.0
2023-03-27,0.0107095984722713,1,0.0565451946564754,0,0.0,0,0.0
2023-03-28,-0.0160793562736432,1,-0.09236162229581,0,0.0,0,0.0
2023-03-29,-0.1265983666433853,1,-0.7066832411482467,0,0.0,0,0.0
2023-03-30,-0.0117909264028912,1,-0.0685243189059056,0,0.0,0,0.0
2023-03-31,0.311815517840358,2,1.7302470782818915,0,0.0,0,0.0
2023-04-03,-0.1983478688463504,1,-1.1055039526052275,1,0.0087524144438396,1,1.0
2023-04-04,-0.0919286413044879,1,-0.5139710396536173,0,0.0,0,0.0
2023-04-05,-0.4129292968646623,0,-2.2982581203711674,0,0.0,0,0.0
2023-04-06,0.0590647174875235,1,0.3253278673737906,0,0.0,0,0.0
2023-04-10,0.083627137814386,1,0.4618584585150892,0,0.0,0,0.0
2023-04-11,0.1718248730870047,1,0.9521069264531232,0,0.0,0,0.0
2023-04-12,-0.1212267349830941,1,-0.6768249439522328,0,0.0,0,0.0
2023-04-13,-0.0941195815537402,1,-0.5261494147243566,0,0.0,0,0.0
2023-04-14,-0.0483803257813362,1,-0.271907058072729,0,0.0,0,0.0
2023-04-17,0.2684682000329496,2,1.4893003455951797,0,0.0,0,-1.0
2023-04-18,0.1017254895581081,1,0.5624584250237298,0,0.0,0,0.0
2023-04-19,-0.0817394257591203,1,-0.4573341283410239,0,0.0,0,0.0
2023-04-20,0.0640556875829543,1,0.3530702514071945,0,0.0,0,0.0
2023-04-21,0.1437425663031329,1,0.7960109923069194,0,0.0,0,0.0
2023-04-24,0.008813814233135,1,0.0460074488072782,0,0.0,0,0.0
2023-04-25,-0.0251120463410086,1,-0.1425699689523,0,0.0,0,0.0
2023-04-26,0.0738089847312557,1,0.4072841036055471,0,0.0,0,0.0
2023-04-27,0.379461319699562,0,2.10625730826577,0,0.0,0,-1.0
2023-04-28,0.0228698706928115,1,0.1241382548116157,0,0.0,0,0.0
2023-05-01,-0.1289162270039067,1,-0.7195671036094261,0,0.0,0,0.0
2023-05-02,0.2101337141939004,1,1.165047208911462,-1,-0.0523362041438288,-1,-1.0
2023-05-03,0.2597434932209614,2,1.4408039286002912,0,0.0,0,-1.0
2023-05-04,-0.0531831888357064,1,-0.298603846225431,0,0.0,0,0.0
2023-05-05,-0.0287735228599581,1,-0.1629223424940657,0,0.0,0,0.0
2023-05-08,-0.1595275454833727,1,-0.889720588160185,0,0.0,0,0.0
2023-05-09,0.0070745863944055,1,0.0363399241174799,0,0.0,0,0.0
2023-05-10,-0.0669207041389678,1,-0.3749640363128745,0,0.0,0,0.0
2023-05-11,0.1060507902090794,1,0.5865006752125324,0,0.0,0,0.0
2023-05-12,0.007405345654388,1,0.0381784545509601,0,0.0,0,0.0
2023-05-15,-0.0578870633565407,1,-0.3247504050920923,0,0.0,0,0.0
2023-05-16,-0.0751744499738211,1,-0.4208426094732783,0,0.0,0,0.0
2023-05-17,0.0749158805982941,1,0.4134368013058357,0,0.0,0,0.0
2023-05-18,-0.1583075744312165,1,-0.8829393603043945,0,0.0,0,0.0
2023-05-19,-0.1899362530550936,1,-1.0587478568642152,1,-0.0867407885741162,0,1.0
2023-05-22,-0.0243314347686718,1,-0.1382309275221554,0,0.0,0,0.0
2023-05-23,-0.0356606853506651,1,-0.2012047411188478,0,0.0,0,0.0
2023-05-24,-0.0766992373589274,1,-0.4293181636036538,0,0.0,0,0.0
2023-05-25,-0.0843875142618577,1,-0.47205356900941,0,0.0,0,0.0
2023-05-26,-0.0119841407216105,1,-0.0695983036680208,0,0.0,0,0.0
2023-05-30,0.0275886625362842,1,0.1503677318455819,0,0.0,0,0.0
2023-05-31,-0.1347661943723995,1,-0.7520842371959782,0,0.0,0,0.0
2023-06-01,-0.1174240858410244,1,-0.6556878602137085,0,0.0,0,0.0
2023-06-02,0.2234513285782021,1,1.2390733732830586,-1,0.0773761045577326,0,-1.0
2023-06-05,-0.1350459792760908,1,-0.7536394258860605,0,0.0,0,0.0
2023-06-06,0.1488454717057049,1,0.8243755704665616,0,0.0,0,0.0
2023-06-07,0.1050778430100915,1,0.5810925332436475,0,0.0,0,0.0
2023-06-08,-0.0779127043869859,1,-0.4360632387414692,0,0.0,0,0.0
2023-06-09,-0.1103221301517025,1,-0.6162115302910424,0,0.0,0,0.0
2023-06-12,0.0265405964795334,1,0.1445420405505419,0,0.0,0,0.0
2023-06-13,0.1119626167939582,1,0.6193616542047213,0,0.0,0,0.0
2023-06-14,0.0029567056846878,1,0.0134506208621225,0,0.0,0,0.0
2023-06-15,0.0551267165533423,1,0.3034384286171898,0,0.0,0,0.0
2023-06-16,-0.0999464519848853,1,-0.5585381636294448,0,0.0,0,0.0
2023-06-20,0.1119683846219617,1,0.6193937147653845,0,0.0,0,0.0
2023-06-21,0.055661543526586,1,0.3064112725732645,0,0.0,0,0.0
2023-06-22,-0.0912267403691676,1,-0.5100695125098487,0,0.0,0,0.0
2023-06-23,0.1635386998140811,1,0.906048104879492,0,0.0,0,0.0
2023-06-26,0.2164611614424565,1,1.2002184217546834,-1,-0.0325339866619101,-1,-1.0
2023-06-27,0.1328120291824787,1,0.7352534336170401,0,0.0,0,0.0
2023-06-28,0.0601699777711763,1,0.3314714736586765,0,0.0,0,0.0
2023-06-29,-0.0327054575513918,1,-0.1847780619470594,0,0.0,0,0.0
2023-06-30,-0.0536476718960929,1,-0.301185682460044,0,0.0,0,0.0
2023-07-03,0.042093675987954,1,0.2309940721945882,0,0.0,0,0.0
2023-07-05,-0.0150478020136695,1,-0.0866277120770963,0,0.0,0,0.0
2023-07-06,-0.0087532628550153,1,-0.0516394193577003,0,0.0,0,0.0
2023-07-07,-0.1031629016585613,1,-0.5764168486075275,0,0.0,0,0.0
2023-07-10,0.1729380267328317,1,0.9582944081130492,0,0.0,0,0.0
2023-07-11,0.0217798069131716,1,0.1180791185279981,0,0.0,0,0.0
2023-07-12,0.0682269239218738,1,0.3762561327480459,0,0.0,0,0.0
2023-07-13,-0.1253620446137471,1,-0.6998111261326551,0,0.0,0,0.0
2023-07-14,0.1224213043484057,1,0.6774964298240935,0,0.0,0,0.0
2023-07-17,-0.2015324331571359,1,-1.1232054023033065,1,-0.0599986807290737,0,1.0
2023-07-18,0.0086284693982015,1,0.0449772066918142,0,0.0,0,0.0
2023-07-19,0.1922574927921873,1,1.0656819573251015,-1,0.0564608738887337,0,-1.0
2023-07-20,-0.3124409038917839,0,-1.7396918425837262,0,0.0,0,1.0
2023-07-21,-0.118217541828558,1,-0.6600982975232633,0,0.0,0,0.0
2023-07-24,0.0573010502029642,1,0.3155244956484845,0,0.0,0,0.0
2023-07-25,-0.0563853086502375,1,-0.3164028784610719,0,0.0,0,0.0
2023-07-26,0.0676541819848147,1,0.3730725378824952,0,0.0,0,0.0
2023-07-27,-0.1147808540399898,1,-0.6409954155964307,0,0.0,0,0.0
2023-07-28,0.0822608982663799,1,0.4542641949756001,0,0.0,0,0.0
2023-07-31,-0.052733572220047,1,-0.2961046453524696,0,0.0,0,0.0
2023-08-01,-0.0316000627931948,1,-0.178633708183352,0,0.0,0,0.0
2023-08-02,0.1498314603597182,1,0.8298562035637744,0,0.0,0,0.0
2023-08-03,0.0956341047936771,1,0.5285993691290091,0,0.0,0,0.0
2023-08-04,0.0562916582566223,1,0.3099137749909354,0,0.0,0,0.0
2023-08-07,0.0073527841778661,1,0.0378862907753507,0,0.0,0,0.0
2023-08-08,-0.0756451226761073,1,-0.4234588509275834,0,0.0,0,0.0
2023-08-09,-0.0415243484131914,1,-0.233798002431316,0,0.0,0,0.0
2023-08-10,-0.0797529639655545,1,-0.4462923499109674,0,0.0,0,0.0
2023-08-11,-0.0283920259714725,1,-0.1608017861722384,0,0.0,0,0.0
2023-08-14,-0.073247995327278,1,-0.4101343816928189,0,0.0,0,0.0
2023-08-15,0.1595536422045783,1,0.8838971008694145,0,0.0,0,0.0
2023-08-16,-0.1148503081217817,1,-0.6413814771782302,0,0.0,0,0.0
2023-08-17,-0.2535637933076365,1,-1.4124225179091554,1,0.0592699922099808,1,1.0
2023-08-18,0.0438575986500223,1,0.2407988634397053,0,0.0,0,0.0
2023-08-21,-0.2432574472747618,1,-1.3551345349803614,1,0.0311877638220939,1,1.0
2023-08-22,0.0328666684203404,1,0.1797056087244883,0,0.0,0,0.0
2023-08-23,0.162606726978527,1,0.9008677195399144,0,0.0,0,0.0
2023-08-24,-0.0047382712219288,1,-0.0293220266171664,0,0.0,0,0.0
2023-08-25,-0.1551003034709101,1,-0.8651116953457398,0,0.0,0,0.0
2023-08-28,0.0894789380430566,1,0.4943857800831274,0,0.0,0,0.0
2023-08-29,0.1497706038664412,1,0.8295179318099598,0,0.0,0,0.0
2023-08-30,0.088203402478948,1,0.4872956960331027,0,0.0,0,0.0
2023-08-31,-0.058089160436088,1,-0.3258737648168812,0,0.0,0,0.0
2023-09-01,-0.1577278787073479,1,-0.8797171127079184,0,0.0,0,0.0
2023-09-05,-0.2271102878622677,1,-1.265380301052951,1,-0.0102965280266303,0,1.0
2023-09-06,-0.002197839580094,1,-0.0152009982658015,0,0.0,0,0.0
2023-09-07,0.0147505105130814,1,0.0790066663819804,0,0.0,0,0.0
2023-09-08,-0.1489418117789741,1,-0.8308796245624205,0,0.0,0,0.0
2023-09-11,0.0034843422067696,1,0.016383496584829,0,0.0,0,0.0
2023-09-12,-0.2203372672503746,1,-1.2277323618169853,1,0.0098278205021101,1,1.0
2023-09-13,-0.2065966217946195,1,-1.1513547727287656,1,0.0724619457231436,1,1.0
2023-09-14,0.0663117893415317,1,0.3656108277296602,0,0.0,0,0.0
2023-09-15,-0.001238121608015,1,-0.0098663911581474,0,0.0,0,0.0
2023-09-18,-0.2688133688092929,1,-1.4971875178639038,1,0.004190441872219,1,1.0
2023-09-19,0.0614004217349759,1,0.3383109153549035,0,0.0,0,0.0
2023-09-20,0.0688122388322186,1,0.379509614678969,0,0.0,0,0.0
2023-09-21,-0.2245262135673482,1,-1.2510166843432189,1,-0.0489099147924149,0,1.0
2023-09-22,-0.0951451629691274,1,-0.531850124794577,0,0.0,0,0.0
2023-09-25,-0.0144396357965648,1,-0.0832472108061098,0,0.0,0,0.0
2023-09-26,0.0551245905175153,1,0.3034266110143486,0,0.0,0,0.0
2023-09-27,-0.0642501451130642,1,-0.3601196928958869,0,0.0,0,0.0
2023-09-28,0.1963264382178201,1,1.0882992530512792,-1,-0.0059157857364088,-1,-1.0
2023-09-29,0.0988768503777745,1,0.5466242203295831,0,0.0,0,0.0
2023-10-02,-0.0038610544558713,1,-0.0244460037319987,0,0.0,0,0.0
2023-10-03,-0.2740673879857569,1,-1.5263920642597586,1,0.1012266768981585,1,1.0
2023-10-04,0.2133368657424198,1,1.1828519760563443,-1,-0.0646835537614768,-1,-1.0
2023-10-05,-0.1542534262273266,1,-0.8604043151628463,0,0.0,0,0.0
2023-10-06,-0.2568622807659273,1,-1.430757211174708,1,0.0148168141624329,1,1.0
2023-10-09,-0.0908103726789998,1,-0.5077551263005803,0,0.0,0,0.0
2023-10-10,0.0800427544390539,1,0.4419346083977645,0,0.0,0,0.0
2023-10-11,0.0161781617641406,1,0.086942287817363,0,0.0,0,0.0
2023-10-12,-0.383405890168556,0,-2.1341518101996058,0,0.0,0,0.0
2023-10-13,-0.0847422603366186,1,-0.4740254305217384,0,0.0,0,0.0
2023-10-16,0.0762847113467893,1,0.4210454680730947,0,0.0,0,0.0
2023-10-17,0.0640483377952545,1,0.3530293974992302,0,0.0,0,0.0
2023-10-18,-0.3970035712529666,0,-2.209734729631006,0,0.0,0,0.0
2023-10-19,-0.1619663386654808,1,-0.9032766575700236,0,0.0,0,0.0
2023-10-20,0.1499361053153786,1,0.8304378741591852,0,0.0,0,0.0
2023-10-23,0.0346544093644946,1,0.1896427942568903,0,0.0,0,0.0
2023-10-24,-0.161395635668106,1,-0.9001043961820663,0,0.0,0,0.0
2023-10-25,-0.0703939811040343,1,-0.3942702997399918,0,0.0,0,0.0
2023-10-26,0.2487212601314142,1,1.3795366764570944,-1,0.0208317204911746,0,-1.0
2023-10-27,-0.0103622897339133,1,-0.0605832200098674,0,0.0,0,0.0
2023-10-30,-0.0215223820715423,1,-0.1226167649037142,0,0.0,0,0.0
2023-10-31,0.035812089191313,1,0.1960777753786413,0,0.0,0,0.0
2023-11-01,-0.0571017539472364,1,-0.3203852506629143,0,0.0,0,0.0
2023-11-02,0.2001872846752661,1,1.1097598274623608,-1,0.0151276643332077,0,-1.0
2023-11-03,0.3475152761613268,2,1.9286847339486184,0,0.0,0,0.0
2023-11-06,-0.2015524731164705,1,-1.12331679472547,1,-0.0093050641402865,0,1.0
2023-11-07,0.1296198216316867,1,0.7175094988518375,0,0.0,0,0.0
2023-11-08,0.0792674387018353,1,0.4376250039485713,0,0.0,0,0.0
2023-11-09,-0.1306179068649358,1,-0.7290259172877125,0,0.0,0,0.0
2023-11-10,-0.0629089471373263,1,-0.3526646233209738,0,0.0,0,0.0
2023-11-13,-0.1169172212201566,1,-0.6528704454233586,0,0.0,0,0.0
2023-11-14,0.6514223325924127,0,3.6179567810184254,0,0.0,0,0.0
2023-11-15,0.1793301705024981,1,0.9938252375638532,0,0.0,0,0.0
2023-11-16,-0.2013041072586578,1,-1.1219362492851086,1,0.0442606601761026,1,1.0
2023-11-17,0.0120613607114045,1,0.0640589858519421,0,0.0,0,0.0
2023-11-20,-0.018558631016539,1,-0.1061427090838681,0,0.0,0,0.0
2023-11-21,-0.0653197609650752,1,-0.3660651690593026,0,0.0,0,0.0
2023-11-22,0.0274580171798148,1,0.1496415376224039,0,0.0,0,0.0
2023-11-24,0.0333216681109371,1,0.1822347315022766,0,0.0,0,0.0
2023-11-27,0.0091750062082808,1,0.0480151399560291,0,0.0,0,0.0
2023-11-28,0.0700390514289554,1,0.3863288713655298,0,0.0,0,0.0
2023-11-29,0.142241207384595,1,0.7876656656682791,0,0.0,0,0.0
2023-11-30,-0.0223415044156475,1,-0.1271698690510046,0,0.0,0,0.0
2023-12-01,0.3911863293577782,0,2.171430954774171,0,0.0,0,0.0
2023-12-04,0.2774190313635892,2,1.539053679204644,0,0.0,0,-1.0
2023-12-05,-0.0162051145906934,1,-0.0930606518352168,0,0.0,0,0.0
2023-12-06,0.2321941953068482,1,1.2876707324539782,-1,-0.0810201593818246,-1,-1.0
2023-12-07,0.054865611269931,1,0.3019870708837143,0,0.0,0,0.0
2023-12-08,-0.1198943571690245,1,-0.6694189013816019,0,0.0,0,0.0
2023-12-11,-0.1772803539369584,1,-0.9883998469763658,0,0.0,0,0.0
2023-12-12,-0.049965483583703,1,-0.2807181820959059,0,0.0,0,0.0
2023-12-13,0.3489241659169263,2,1.9365160693229488,0,0.0,0,0.0
2023-12-14,0.7305635845885314,0,4.057864647381072,0,0.0,0,0.0
2023-12-15,-0.0421194374364553,1,-0.23710581391922,0,0.0,0,0.0
2023-12-18,-0.0934902947020429,1,-0.5226515140811647,0,0.0,0,0.0
2023-12-19,0.0142782099649202,1,0.076381376521344,0,0.0,0,0.0
2023-12-20,0.0603518789557959,1,0.3324825741909092,0,0.0,0,0.0
2023-12-21,0.0155883930338727,1,0.0836640492598999,0,0.0,0,0.0
2023-12-22,0.1220276757805378,1,0.6753084393758422,0,0.0,0,0.0
2023-12-26,0.0144365143096296,1,0.0772613136560313,0,0.0,0,0.0
2023-12-27,0.1322708433578199,1,0.73224524388758,0,0.0,0,0.0
2023-12-28,0.0302615045454733,1,0.1652247652602731,0,0.0,0,0.0
2023-12-29,-0.0959537701310287,1,-0.5363447801398709,0,0.0,0,0.0
2024-01-02,0.0061706019780294,1,0.0313151128363467,0,0.0,0,0.0
2024-01-03,-0.5706492787433327,0,-3.1749470652769616,0,0.0,0,0.0
2024-01-04,0.0833265163796195,1,0.4601874496465729,0,0.0,0,0.0
2024-01-05,0.0118357302739713,1,0.062804815595417,0,0.0,0,0.0
2024-01-08,0.1045430127059576,1,0.5781196707727689,0,0.0,0,0.0
2024-01-09,0.1161430858394105,1,0.6425988556868281,0,0.0,0,0.0
2024-01-10,0.0946864533125323,1,0.5233318337967875,0,0.0,0,0.0
2024-01-11,-0.0150982604791853,1,-0.0869081862336855,0,0.0,0,0.0
2024-01-12,-0.0873017240237296,1,-0.4882522487894716,0,0.0,0,0.0
2024-01-16,0.0980674281173913,1,0.5421250342468426,0,0.0,0,0.0
2024-01-17,-0.0282969802231674,1,-0.1602734729185413,0,0.0,0,0.0
2024-01-18,-0.0338836076962336,1,-0.1913268276463642,0,0.0,0,0.0
2024-01-19,-0.1029814064648654,1,-0.5754080047820876,0,0.0,0,0.0
2024-01-22,0.2488929584177956,1,1.380491064022556,-1,-0.0428325448856756,-1,-1.0
2024-01-23,-0.2621000764770107,1,-1.4598715791887382,1,0.0211934891310287,1,1.0
2024-01-24,-0.3250640374752924,0,-1.80985772474344,0,0.0,0,1.0
2024-01-25,0.1545174878001927,1,0.8559035591597792,0,0.0,0,0.0
2024-01-26,0.0923036497238187,1,0.5100869834029161,0,0.0,0,0.0
2024-01-29,-0.0073330720092436,1,-0.0437452666998445,0,0.0,0,0.0
2024-01-30,-0.0819441937546483,1,-0.4584723343933684,0,0.0,0,0.0
2024-01-31,-0.136627042804196,1,-0.7624277918227865,0,0.0,0,0.0
2024-02-01,0.2948960784382812,2,1.63620011415521,0,0.0,0,0.0
2024-02-02,-0.0040588045869251,1,-0.0255452008767329,0,0.0,0,0.0
2024-02-05,-0.2442900660586935,1,-1.3608743623718675,1,0.1085536086539942,1,1.0
2024-02-06,0.1260691306595414,1,0.6977729284757943,0,0.0,0,0.0
2024-02-07,-0.0218713404021055,1,-0.1245564551509073,0,0.0,0,0.0
2024-02-08,0.1963159536666146,1,1.088240974512158,-1,0.0905996854338412,0,-1.0
2024-02-09,-0.1603246692685907,1,-0.8941514129795768,0,0.0,0,0.0
2024-02-12,0.1090740422924416,1,0.6033054684135988,0,0.0,0,0.0
2024-02-13,-0.2947496637528671,1,-1.6413548121915136,1,-0.0104415361190291,0,1.0
2024-02-14,0.0468464542082186,1,0.2574124630266409,0,0.0,0,0.0
2024-02-15,0.0103730733933991,1,0.0546746148300218,0,0.0,0,0.0
2024-02-16,-0.0485759406402813,1,-0.2729943862746075,0,0.0,0,0.0
2024-02-20,0.1238112934941758,1,0.685222705868007,0,0.0,0,0.0
2024-02-21,-0.0793152208423225,1,-0.4438591480282706,0,0.0,0,0.0
2024-02-22,-0.0510410859525884,1,-0.2866969344054371,0,0.0,0,0.0
2024-02-23,0.0981006028583948,1,0.5423094365549169,0,0.0,0,0.0
2024-02-26,0.0066777542998827,1,0.0341341268170492,0,0.0,0,0.0
2024-02-27,0.1420462853540612,1,0.7865821885637798,0,0.0,0,0.0
2024-02-28,0.2149276882019901,1,1.1916945871637057,-1,0.0550121154291047,0,-1.0
2024-02-29,0.1783449246960997,1,0.9883487335965327,0,0.0,0,0.0
2024-03-01,0.0003957330509298,1,-0.0007845849087544,0,0.0,0,0.0
2024-03-04,-0.009270631607829,1,-0.0545152215270184,0,0.0,0,0.0
2024-03-05,0.0877770084030435,1,0.4849255780045174,0,0.0,0,0.0
2024-03-06,-0.0398790883663406,1,-0.224652799157841,0,0.0,0,0.0
2024-03-07,0.0680641457914141,1,0.3753513280064615,0,0.0,0,0.0
2024-03-08,0.0838779089988365,1,0.4632523740005589,0,0.0,0,0.0
2024-03-11,-0.1960924449283085,1,-1.0929671440698037,1,0.039892353253371,1,1.0
2024-03-12,0.0655406718673128,1,0.361324559389917,0,0.0,0,0.0
2024-03-13,0.0259290492153769,1,0.1411427456775192,0,0.0,0,0.0
2024-03-14,-0.304675946587458,0,-1.696530207987516,0,0.0,0,1.0
2024-03-15,0.1028280062917027,1,0.568586781243423,0,0.0,0,0.0
2024-03-18,-0.0923793894578267,1,-0.5164765301961716,0,0.0,0,0.0
2024-03-19,0.0844805607493199,1,0.4666022230240219,0,0.0,0,0.0
2024-03-20,0.1310772380774826,1,0.7256105705799334,0,0.0,0,0.0
2024-03-21,0.1814555631312819,1,1.0056392651781374,-1,0.0166408677662193,0,-1.0
2024-03-22,-0.1063188627362065,1,-0.593959306794296,0,0.0,0,0.0
2024-03-25,-0.1527739811525082,1,-0.8521807969615423,0,0.0,0,0.0
2024-03-26,0.0152532405698178,1,0.0818010991340188,0,0.0,0,0.0
2024-03-27,0.087537560171589,1,0.4835946013274158,0,0.0,0,0.0
2024-03-28,0.0455688775953133,1,0.2503110337754894,0,0.0,0,0.0
2024-04-01,-0.2401330772730843,1,-1.3377676762752098,1,-0.0617000348843045,0,1.0
2024-04-02,-0.1974882241254598,1,-1.1007256042033673,1,-0.0003949297653894,0,1.0
2024-04-03,-0.0045365623561249,1,-0.0282008247844411,0,0.0,0,0.0
2024-04-04,0.005824902035887,1,0.0293935343913025,0,0.0,0,0.0
2024-04-05,-0.0471950449874296,1,-0.2653186565509327,0,0.0,0,0.0
2024-04-08,0.0573893975778791,1,0.3160155758906756,0,0.0,0,0.0
2024-04-09,0.1882984501721517,1,1.0436755580340713,-1,-0.0072388956722668,-1,-1.0
2024-04-10,-0.4185843009000138,0,-2.3296915472720414,0,0.0,0,0.0
2024-04-11,0.1155407940898528,1,0.6392510077340472,0,0.0,0,0.0
2024-04-12,-0.0373066297305566,1,-0.2103537482680546,0,0.0,0,0.0
2024-04-15,-0.0881695854763423,1,-0.4930762700209774,0,0.0,0,0.0
2024-04-16,-0.1472143932579705,1,-0.8212777421468216,0,0.0,0,0.0
2024-04-17,-0.0668317891454479,1,-0.374469800953938,0,0.0,0,0.0
2024-04-18,0.0016420252647804,1,0.0061429495291168,0,0.0,0,0.0
2024-04-19,-0.0177333689850132,1,-0.1015554773896258,0,0.0,0,0.0
2024-04-22,0.0073531820159758,1,0.0378885021646022,0,0.0,0,0.0
2024-04-23,0.0998153081050967,1,0.5518406520397878,0,0.0,0,0.0
2024-04-24,-0.0521683748668193,1,-0.2929629871721773,0,0.0,0,0.0
2024-04-25,-0.1252899748771103,1,-0.6994105253931725,0,0.0,0,0.0
2024-04-26,0.0972218327997199,1,0.5374247796688467,0,0.0,0,0.0
2024-04-29,0.0244731834542422,1,0.1330502934539606,0,0.0,0,0.0
2024-04-30,-0.0500866472856438,1,-0.2813916723965643,0,0.0,0,0.0
2024-05-01,-0.0659587960670815,1,-0.3696172555017586,0,0.0,0,0.0
2024-05-02,0.1183916769681289,1,0.6550976840577137,0,0.0,0,0.0
2024-05-03,0.0783686756473066,1,0.4326292156875677,0,0.0,0,0.0
2024-05-06,-0.114769818401104,1,-0.6409340738279624,0,0.0,0,0.0
2024-05-07,-0.0469166409832649,1,-0.2637711436121067,0,0.0,0,0.0
2024-05-08,-0.1866421306974461,1,-1.0404374270777208,1,-0.0001279363745384,0,1.0
2024-05-09,0.2078401806770556,1,1.1522985675849906,-1,0.0022655946235611,0,-1.0
2024-05-10,0.0610328540266215,1,0.3362677845950575,0,0.0,0,0.0
2024-05-13,-0.0518232593509547,1,-0.2910446572695863,0,0.0,0,0.0
2024-05-14,0.0312238484338757,1,0.1705739685641958,0,0.0,0,0.0
2024-05-15,0.0502356518140703,1,0.2762513700424752,0,0.0,0,0.0
2024-05-16,-0.1997760405853097,1,-1.1134424671806078,1,-0.0710459819524939,0,1.0
2024-05-17,-0.1655097580757465,1,-0.9229728088575272,0,0.0,0,0.0
2024-05-20,-0.1036292392803627,1,-0.5790089934502868,0,0.0,0,0.0
2024-05-21,-0.1013409350859101,1,-0.5662894193927565,0,0.0,0,0.0
2024-05-22,-0.2208880794973835,1,-1.230794060163127,1,-0.0099849890453918,0,1.0
2024-05-23,0.0615116333849844,1,0.3389290870218403,0,0.0,0,0.0
2024-05-24,0.0804722694308071,1,0.4443220740850926,0,0.0,0,0.0
2024-05-28,-0.2183159959458391,1,-1.2164970941848554,1,-0.003209174745691,0,1.0
2024-05-29,0.0003091630653738,1,-0.0012657855048589,0,0.0,0,0.0
2024-05-30,0.2283209680882948,1,1.2661413393918732,-1,-0.0069141580339689,-1,-1.0
2024-05-31,0.0568863358508495,1,0.3132192995442115,0,0.0,0,0.0
2024-06-03,-0.0018153119722191,1,-0.0130747126743973,0,0.0,0,0.0
2024-06-04,-0.0910726521028507,1,-0.5092130105117464,0,0.0,0,0.0
2024-06-05,0.0729575953103104,1,0.4025516424153937,0,0.0,0,0.0
2024-06-06,-0.0774374251773103,1,-0.4334213919449949,0,0.0,0,0.0
2024-06-07,-0.1626545818406692,1,-0.9071022678440518,0,0.0,0,0.0
2024-06-10,-0.0439529062068716,1,-0.2472971782771646,0,0.0,0,0.0
2024-06-11,-0.0063398148362738,1,-0.0382242314282274,0,0.0,0,0.0
2024-06-12,0.287270845290258,2,1.5938151384306771,0,0.0,0,0.0
2024-06-13,0.0545239046542261,1,0.300087689405088,0,0.0,0,0.0
2024-06-14,-0.0412128366958681,1,-0.2320664597597223,0,0.0,0,0.0
2024-06-17,0.0635101110598246,1,0.3500376559127576,0,0.0,0,0.0
2024-06-18,-0.0562267634402564,1,-0.3155216024730673,0,0.0,0,0.0
2024-06-20,-0.2055251232634717,1,-1.1453988316644137,1,-0.0099188962885899,0,1.0
2024-06-21,0.1148860959738892,1,0.6356118581876216,0,0.0,0,0.0
2024-06-24,0.0389706902478505,1,0.2136349079286845,0,0.0,0,0.0
2024-06-25,-0.4680604042141131,0,-2.604705228454525,0,0.0,0,0.0
2024-06-26,0.103912669170742,1,0.5746158965379893,0,0.0,0,0.0
2024-06-27,0.0046295958157581,1,0.022749406383665,0,0.0,0,0.0
2024-06-28,0.26914126450233,2,1.493041584799535,0,0.0,0,-1.0
2024-07-01,-0.2999876960061519,0,-1.670470495029008,0,0.0,0,1.0
2024-07-02,-0.0468681766259824,1,-0.2635017537368009,0,0.0,0,0.0
2024-07-03,-0.0224269848611517,1,-0.1276450134219746,0,0.0,0,0.0
2024-07-05,0.0550065473161008,1,0.3027704660638566,0,0.0,0,0.0
2024-07-08,0.0972314577722961,1,0.5374782802269374,0,0.0,0,0.0
2024-07-09,-0.0860563649737737,1,-0.4813299013574601,0,0.0,0,0.0
2024-07-10,0.0432762755739674,1,0.2375675701810742,0,0.0,0,0.0
2024-07-11,0.6059216695199215,0,3.3650406455586688,0,0.0,0,0.0
2024-07-12,0.116123254137869,1,0.6424886208688109,0,0.0,0,0.0
2024-07-15,-0.0162519211250583,1,-0.0933208266763389,0,0.0,0,0.0
2024-07-16,0.4495874715978236,0,2.4960546020879595,0,0.0,0,0.0
2024-07-17,-0.0065539195857879,1,-0.0394143359711969,0,0.0,0,0.0
2024-07-18,-0.0759350743706759,1,-0.4250705518811159,0,0.0,0,0.0
2024-07-19,0.1032620322117226,1,0.5709993209948967,0,0.0,0,0.0
2024-07-22,-0.0266003191902504,1,-0.1508425564735022,0,0.0,0,0.0
2024-07-23,-0.0040894675587358,1,-0.0257156414771197,0,0.0,0,0.0
2024-07-24,-0.1647042125177216,1,-0.918495171484466,0,0.0,0,0.0
2024-07-25,0.203355723679131,1,1.1273716443939246,-1,0.0538124495736386,0,-1.0
2024-07-26,0.1674867573185184,1,0.9279934432365254,0,0.0,0,0.0
2024-07-29,0.0433498648260504,1,0.2379766171705341,0,0.0,0,0.0
2024-07-30,0.0672910130773309,1,0.3710538579249395,0,0.0,0,0.0
2024-07-31,-0.2606819826149086,1,-1.4519890826468602,1,-0.0722759694337077,0,1.0
2024-08-01,0.2228145649781294,1,1.2355339130190344,-1,-0.0338527617618209,-1,-1.0
2024-08-02,0.279414276087945,2,1.5501442776905732,0,0.0,0,-1.0
2024-08-05,0.1402214310481646,1,0.7764387078393529,0,0.0,0,0.0
2024-08-06,0.0734490723096497,1,0.4052835248748253,0,0.0,0,0.0
2024-08-07,-0.2680763913686704,1,-1.4930910174259584,1,0.0203096826011184,1,1.0
2024-08-08,-0.201214601737879,1,-1.121438731471322,1,0.0150256175595014,1,1.0
2024-08-09,-0.0383048798680949,1,-0.2159025370100146,0,0.0,0,0.0
2024-08-12,-0.2323405488713525,1,-1.294452787310043,1,-0.0294140751853645,0,1.0
2024-08-13,0.0421632402563604,1,0.2313807462503792,0,0.0,0,0.0
2024-08-14,-0.0770661465820148,1,-0.4313576341630161,0,0.0,0,0.0
2024-08-15,-0.1136244420641131,1,-0.6345674818436378,0,0.0,0,0.0
2024-08-16,-0.0134048949977642,1,-0.0774955881623198,0,0.0,0,0.0
2024-08-19,0.0038438023374466,1,0.0183815612494657,0,0.0,0,0.0
2024-08-20,0.0969340233279446,1,0.535824986293657,0,0.0,0,0.0
2024-08-21,0.2041989324227984,1,1.132058633163615,-1,-0.0051117499935951,-1,-1.0
2024-08-22,0.0022615508077382,1,0.0095865917875573,0,0.0,0,0.0
2024-08-23,0.2752879742811626,2,1.5272081656376706,0,0.0,0,-1.0
2024-08-26,-0.0164817974121745,1,-0.0945985975536253,0,0.0,0,0.0
2024-08-27,-0.1385444507489237,1,-0.7730857333720724,0,0.0,0,0.0
2024-08-28,-0.0124257515067736,1,-0.0720530040090431,0,0.0,0,0.0
2024-08-29,-0.4116188130964106,0,-2.290973776190932,0,0.0,0,0.0
2024-08-30,-0.021195660092881,1,-0.1208006757605484,0,0.0,0,0.0
2024-09-03,0.2381357997885254,1,1.3206972323434862,-1,0.0507429184531099,0,-1.0
2024-09-04,-0.1563202333240649,1,-0.8718926941962476,0,0.0,0,0.0
2024-09-05,0.112387713691068,1,0.6217245618450268,0,0.0,0,0.0
2024-09-06,0.2933264952201827,2,1.6274755616982155,0,0.0,0,0.0
2024-09-09,-0.0593377052559459,1,-0.3328138203998879,0,0.0,0,0.0
2024-09-10,0.196674288095475,1,1.0902327819459343,-1,0.0336894238819622,0,-1.0
2024-09-11,-0.1220344170919238,1,-0.6813144573758009,0,0.0,0,0.0
2024-09-12,0.2123347209696431,1,1.1772815389245146,-1,-0.0022507449854691,-1,-1.0
2024-09-13,0.1184827626152246,1,0.6556039850279346,0,0.0,0,0.0
2024-09-16,0.0513605834761569,1,0.2825043199869189,0,0.0,0,0.0
2024-09-17,-0.0558998777133526,1,-0.3137046031327775,0,0.0,0,0.0
2024-09-18,0.1481179596084633,1,0.82033168328537,0,0.0,0,0.0
2024-09-19,-0.0347730673153037,1,-0.1962709026182894,0,0.0,0,0.0
2024-09-20,-0.3198778342926243,0,-1.7810301345920658,0,0.0,0,1.0
2024-09-23,0.0359637883780896,1,0.1969209976413767,0,0.0,0,0.0
2024-09-24,0.1177026255246156,1,0.6512675810117714,0,0.0,0,0.0
2024-09-25,-0.0881471631321441,1,-0.49295163507591,0,0.0,0,0.0
2024-09-26,-0.0275699880250206,1,-0.1562324756044638,0,0.0,0,0.0
2024-09-27,0.0015950260886384,1,0.0058817038857144,0,0.0,0,0.0
2024-09-30,0.0318944754435353,1,0.1743016591112066,0,0.0,0,0.0
2024-10-01,-0.1997133285260073,1,-1.1130938812345037,1,-0.0089802970001828,0,1.0
2024-10-02,-0.1894215911988759,1,-1.0558871010212567,1,-0.020266480797136,0,1.0
2024-10-03,-0.2352731814740757,1,-1.3107538707343085,1,0.0297351839997281,1,1.0
2024-10-04,-0.2108539762153608,1,-1.175019342751865,1,0.0308811258400651,1,1.0
2024-10-07,0.1560689033424362,1,0.8645271263111258,0,0.0,0,0.0
2024-10-08,0.0910058095910778,1,0.5028729190651186,0,0.0,0,0.0
2024-10-09,-0.0991413403606807,1,-0.5540629382841982,0,0.0,0,0.0
2024-10-10,-0.1679471757521398,1,-0.936521232497696,0,0.0,0,0.0
2024-10-11,0.035502970375971,1,0.1943595336895116,0,0.0,0,0.0
2024-10-14,0.0252510248647794,1,0.1373739368971392,0,0.0,0,0.0
2024-10-15,0.4678117402916896,0,2.5973544799004977,0,0.0,0,0.0
2024-10-16,0.0109775178523494,1,0.0580344286510691,0,0.0,0,0.0
2024-10-17,-0.1772043917089786,1,-0.9879776097638896,0,0.0,0,0.0
2024-10-18,0.107056966487695,1,0.5920935215315692,0,0.0,0,0.0
2024-10-21,-0.2820658745367315,1,-1.5708517747649968,1,0.2603953805336046,1,1.0
2024-10-22,-0.1973943701787689,1,-1.100203915597272,1,-0.2272102919824345,0,1.0
2024-10-23,0.0803752299581279,1,0.4437826786837995,0,0.0,0,0.0
2024-10-24,0.1136522764246455,1,0.628753653247789,0,0.0,0,0.0
2024-10-25,-0.0768456547213699,1,-0.4301320267645964,0,0.0,0,0.0
2024-10-28,0.1366659235040563,1,0.7566753644739778,0,0.0,0,0.0
2024-10-29,-0.2320522137820738,1,-1.292850072281877,1,-0.0002484833485182,0,1.0
2024-10-30,-0.0090777311178611,1,-0.0534429811868448,0,0.0,0,0.0
2024-10-31,-0.0116040858061499,1,-0.0674857625754293,0,0.0,0,0.0
2024-11-01,0.118287535089844,1,0.654518809825631,0,0.0,0,0.0
2024-11-04,0.2126981414795253,1,1.179301617417872,-1,0.0155667973140159,0,-1.0
2024-11-05,0.1584134575865083,1,0.8775593671345568,0,0.0,0,0.0
2024-11-06,-0.6415240367335946,0,-3.568905497574621,0,0.0,0,0.0
2024-11-07,0.206172287095883,1,1.143027555462898,-1,0.023981992740757,0,-1.0
2024-11-08,-0.0354942518477381,1,-0.2002796179331865,0,0.0,0,0.0
2024-11-11,-0.089500199655998,1,-0.5004725094025949,0,0.0,0,0.0
2024-11-12,-0.1886922326274764,1,-1.0518329501850603,1,0.0541229694173034,1,1.0
2024-11-13,0.1697720562837528,1,0.940696312681228,0,0.0,0,0.0
2024-11-14,0.0865780831491943,1,0.4782613335422871,0,0.0,0,0.0
2024-11-15,-0.1432963382311511,1,-0.799499173023047,0,0.0,0,0.0
2024-11-18,-0.0816497433795586,1,-0.4568356274549723,0,0.0,0,0.0
2024-11-19,-0.0569840886478521,1,-0.3197312062866689,0,0.0,0,0.0
2024-11-20,-0.0872963902535117,1,-0.4882226009456853,0,0.0,0,0.0
2024-11-21,-0.0318639117562873,1,-0.180100316702531,0,0.0,0,0.0
2024-11-22,0.1965205208172207,1,1.089378064164915,-1,-0.0225853577057357,-1,-1.0
2024-11-25,0.528320861502646,0,2.933695360743474,0,0.0,0,0.0
2024-11-26,-0.1883149541762497,1,-1.049735842111614,1,-0.0217838723786953,0,1.0
2024-11-27,0.0653743631934702,1,0.3604001300686413,0,0.0,0,0.0
2024-11-29,-0.0492712863873582,1,-0.2768594763037107,0,0.0,0,0.0
2024-12-02,0.0808959894224363,1,0.4466773281751081,0,0.0,0,0.0
2024-12-03,0.0312463218148468,1,0.1706988871979499,0,0.0,0,0.0
2024-12-04,-0.0627403693304115,1,-0.3517275809886183,0,0.0,0,0.0
2024-12-05,0.0485912449494367,1,0.267110909195476,0,0.0,0,0.0
2024-12-06,0.1965287921233345,1,1.089424040347156,-1,-0.0604150317046276,-1,-1.0
2024-12-09,0.2612482107560961,2,1.449167924160938,0,0.0,0,-1.0
2024-12-10,0.0005873300815868,1,0.0002804101327929,0,0.0,0,0.0
2024-12-11,-0.1473076264802257,1,-0.8217959804465951,0,0.0,0,0.0
2024-12-12,0.1099353312592966,1,0.6080929563819399,0,0.0,0,0.0
2024-12-13,-0.180157733606138,1,-1.0043938061197737,1,0.0476012282977662,1,1.0
2024-12-16,-0.0591378743957528,1,-0.3317030574902327,0,0.0,0,0.0
2024-12-17,-0.0481115017166647,1,-0.2704127953749092,0,0.0,0,0.0
2024-12-18,-0.1973334777927295,1,-1.0998654443329858,1,-0.0719419282604399,0,1.0
2024-12-19,-0.2172910111714104,1,-1.2107997005525784,1,0.0220622045809039,1,1.0
2024-12-20,0.0206309093810874,1,0.1116929539265937,0,0.0,0,0.0
2024-12-23,-0.1989134422960782,1,-1.1086477013237004,1,0.0897146628135873,1,1.0
2024-12-24,-0.0175492048459526,1,-0.1005317981903301,0,0.0,0,0.0
2024-12-26,0.0690716549277619,1,0.3809515830357015,0,0.0,0,0.0
2024-12-27,-0.074269597900659,1,-0.415812975308556,0,0.0,0,0.0
2024-12-30,-0.0179686899909755,1,-0.102863512820355,0,0.0,0,0.0
2024-12-31,0.0267177290505878,1,0.1455266346709341,0,0.0,0,0.0
2025-01-02,-0.1131148550855484,1,-0.6317349347861614,0,0.0,0,0.0
2025-01-03,0.010579056753675,1,0.0558195765060092,0,0.0,0,0.0
2025-01-06,0.0291792100234316,1,0.1592088145145013,0,0.0,0,0.0
2025-01-07,-0.2263780317143475,1,-1.261310043993102,1,0.04198970644469,1,1.0
2025-01-08,-0.0217240513878521,1,-0.1237377468999682,0,0.0,0,0.0
2025-01-10,-0.0405175063308531,1,-0.2282014552320466,0,0.0,0,0.0
2025-01-13,0.1225041594694692,1,0.677956981288784,0,0.0,0,0.0
2025-01-14,-0.021019943337229,1,-0.1198239514718444,0,0.0,0,0.0
2025-01-15,-0.1800116509100366,1,-1.0035818032068349,1,0.0332510976361634,1,1.0
2025-01-16,-0.0107128246067677,1,-0.062531673491632,0,0.0,0,0.0
2025-01-17,-0.1279476011308735,1,-0.7141829817973201,0,0.0,0,0.0
2025-01-21,0.1933620046435991,1,1.071821403437865,-1,0.0776520671334052,0,-1.0
2025-01-22,0.0051844320183269,1,0.0258334719486723,0,0.0,0,0.0
2025-01-23,0.1400181363651289,1,0.7753086912171556,0,0.0,0,0.0
2025-01-24,0.1398189572265757,1,0.7742015509122588,0,0.0,0,0.0
2025-01-27,0.4230967332048931,0,2.3488054253201147,0,0.0,0,0.0
2025-01-28,-0.0775548864176307,1,-0.4340743020557952,0,0.0,0,0.0
2025-01-29,-0.2316852988819893,1,-1.290810570166839,1,0.0158799787990535,1,1.0
2025-01-30,-0.105891227237379,1,-0.591582288297301,0,0.0,0,0.0
2025-01-31,-0.0569296588644065,1,-0.3194286574982914,0,0.0,0,0.0
2025-02-03,-0.2822008331850559,1,-1.5716019444872866,1,0.0271458577590187,1,1.0
2025-02-04,-0.0694830031685562,1,-0.3892066148753741,0,0.0,0,0.0
2025-02-05,0.0720449918262421,1,0.3974789219139378,0,0.0,0,0.0
2025-02-06,0.2007274209255128,1,1.11276218311631,-1,0.0059730438946303,0,-1.0
2025-02-07,-0.1728923014353473,1,-0.9640087896606988,0,0.0,0,0.0
2025-02-10,-0.1122939874158135,1,-0.6271721292195166,0,0.0,0,0.0
2025-02-11,0.0567876400781724,1,0.3126706975739076,0,0.0,0,0.0
2025-02-12,-0.1207402564309818,1,-0.6741208454385853,0,0.0,0,0.0
2025-02-13,-0.0273105413644818,1,-0.154790337351734,0,0.0,0,0.0
2025-02-14,0.0764302317593558,1,0.421854345524357,0,0.0,0,0.0
2025-02-18,-0.2912547184150158,1,-1.621928104781026,1,0.1227674943563821,1,1.0
2025-02-19,-0.1631605351443608,1,-0.9099146170638622,0,0.0,0,0.0
2025-02-20,-0.025549255581441,1,-0.1450002032392443,0,0.0,0,0.0
2025-02-21,-0.026032218600543,1,-0.1476847606085875,0,0.0,0,0.0
2025-02-24,-0.0442626510464489,1,-0.2490188997316342,0,0.0,0,0.0
2025-02-25,0.3815936184799094,0,2.118109723829733,0,0.0,0,-1.0
2025-02-26,-0.2016788453198602,1,-1.124019236561536,1,0.2183713156030733,1,1.0
2025-02-27,0.0868922391240279,1,0.4800075743599193,0,0.0,0,0.0
2025-02-28,-0.1096858389403759,1,-0.6126746958071287,0,0.0,0,0.0
2025-03-03,-0.0028214884417088,1,-0.018667560054411,0,0.0,0,0.0
2025-03-04,0.0027405227344833,1,0.0122489646086542,0,0.0,0,0.0
2025-03-05,0.1632799341033016,1,0.904609751696472,0,0.0,0,0.0
2025-03-06,0.2331082061419404,1,1.2927512757377444,-1,0.0499070558741927,0,-1.0
2025-03-07,0.0277495050853301,1,0.1512617776281098,0,0.0,0,0.0
2025-03-10,0.0827296991069876,1,0.4568700316579776,0,0.0,0,0.0
2025-03-11,-0.3528313395067736,0,-1.964202700128907,0,0.0,0,0.0
2025-03-12,-0.2811046166670851,1,-1.5655086081130316,1,0.0376314505210107,1,1.0
2025-03-13,-0.3780010617168332,0,-2.1041089881278743,0,0.0,0,0.0
2025-03-14,-0.1479426705269744,1,-0.8253258825470217,0,0.0,0,0.0
2025-03-17,-0.0004854983296892,1,-0.0056829230907051,0,0.0,0,0.0
2025-03-18,-0.0248537821059382,1,-0.1411344032297214,0,0.0,0,0.0
2025-03-19,-0.0835992623808913,1,-0.4676720588062448,0,0.0,0,0.0
2025-03-20,-0.105392295630096,1,-0.5888089692849671,0,0.0,0,0.0
2025-03-21,0.1264328142214554,1,0.6997944691479152,0,0.0,0,0.0
2025-03-24,0.1894630855658161,1,1.050149201781108,-1,-0.0073230606509791,-1,-1.0
2025-03-25,-0.1328068473259749,1,-0.7411931765049133,0,0.0,0,0.0
2025-03-26,0.1069235678147004,1,0.5913520229561423,0,0.0,0,0.0
2025-03-27,0.1310900772012886,1,0.7256819370470666,0,0.0,0,0.0
2025-03-28,-0.1293382890393635,1,-0.7219131419245587,0,0.0,0,0.0
2025-03-31,0.0746605115868122,1,0.4120173287281001,0,0.0,0,0.0
2025-04-01,0.0012814167525415,1,0.0041385015679068,0,0.0,0,0.0
2025-04-02,0.1615666472277802,1,0.8950864202496217,0,0.0,0,0.0
2025-04-03,-0.0061947196138354,1,-0.037417717402831,0,0.0,0,0.0
2025-04-04,1.0752896214627945,0,5.974029625014286,0,0.0,0,0.0
2025-04-07,-0.3785254325368398,0,-2.107023711395372,0,0.0,0,0.0
2025-04-08,-0.3956073011647032,0,-2.2019735408716463,0,0.0,0,0.0
2025-04-09,-0.2949846067540242,1,-1.6426607464767196,1,-0.0156808769672797,0,1.0
2025-04-10,0.2128259786115343,1,1.1800122020821973,-1,-0.0977641807812401,-1,-1.0
2025-04-11,-0.1058488533217689,1,-0.5913467522356984,0,0.0,0,0.0
2025-04-14,0.1498987445822334,1,0.8302302039494133,0,0.0,0,0.0
2025-04-15,-0.1868038237294593,1,-1.0413362002829027,1,0.1826794958895311,1,1.0
2025-04-16,-0.165580618718294,1,-0.9233666888289188,0,0.0,0,0.0
2025-04-17,0.3219202079662837,2,1.7864141537505698,0,0.0,0,0.0
2025-04-21,0.0894197813367094,1,0.4940569566211041,0,0.0,0,0.0
2025-04-22,0.0456165777444428,1,0.2505761757880237,0,0.0,0,0.0
2025-04-23,-0.2235593905577921,1,-1.245642583775477,1,-0.0193973920399806,0,1.0
2025-04-24,-0.1852530195167097,1,-1.0327160312159491,1,-0.0479003063514902,0,1.0
2025-04-25,-0.0466667999887483,1,-0.2623823986016902,0,0.0,0,0.0
2025-04-28,-0.0689897986306637,1,-0.3864651298663261,0,0.0,0,0.0
2025-04-29,0.0550389466833904,1,0.3029505584452172,0,0.0,0,0.0
2025-04-30,0.237011908718691,1,1.3144500665470806,-1,0.0068792501871217,0,-1.0
2025-05-01,0.0098516214284373,1,0.0517761160631814,0,0.0,0,0.0
2025-05-02,-0.0159591840671911,1,-0.0916936432380736,0,0.0,0,0.0
2025-05-05,0.0178576171651767,1,0.0962775664929803,0,0.0,0,0.0
2025-05-06,-0.2102871354038052,1,-1.171868549383181,1,0.0111451243736209,1,1.0
2025-05-07,0.0202252082585237,1,0.1094378579973975,0,0.0,0,0.0
2025-05-08,0.2084788652157252,1,1.155848705415748,-1,0.1070111903952515,0,-1.0
2025-05-09,-0.1196305839828773,1,-0.6679527140697389,0,0.0,0,0.0
2025-05-12,0.2571067632780879,2,1.4261476246615956,0,0.0,0,-1.0
2025-05-13,-0.2502674748449527,1,-1.394099881039042,1,-0.1334084299974749,0,1.0
2025-05-14,-0.1122824674363443,1,-0.627108095236467,0,0.0,0,0.0
2025-05-15,0.0459071100454127,1,0.2521911040511672,0,0.0,0,0.0
2025-05-16,0.1417436171544331,1,0.7848998027213022,0,0.0,0,0.0
2025-05-19,-0.0336989609311501,1,-0.1903004657628974,0,0.0,0,0.0
2025-05-20,-0.0320908407548308,1,-0.1813617050309592,0,0.0,0,0.0
2025-05-21,-0.2806676492869318,1,-1.563079718210168,1,0.0761359021266514,1,1.0
2025-05-22,0.1072429215484102,1,0.5931271555964256,0,0.0,0,0.0
2025-05-23,-0.1514543208427549,1,-0.8448454448342403,0,0.0,0,0.0
2025-05-27,0.0381766763296065,1,0.209221369352695,0,0.0,0,0.0
2025-05-28,0.0551795721112518,1,0.3037322270487148,0,0.0,0,0.0
2025-05-29,-0.0014628141059706,1,-0.0111153478636615,0,0.0,0,0.0
2025-05-30,-0.0451330717977679,1,-0.2538571468643595,0,0.0,0,0.0
2025-06-02,-0.2495797077571034,1,-1.3902769171038103,1,-0.0274328138955014,0,1.0
2025-06-03,0.0868162174287564,1,0.479585006597587,0,0.0,0,0.0
2025-06-04,0.1868624604900414,1,1.0356935873014512,-1,0.0696952742040922,0,-1.0
2025-06-05,-0.0332256979670121,1,-0.1876698262982522,0,0.0,0,0.0
2025-06-06,-0.2072953176706793,1,-1.1552384845013433,1,-0.0528980746858572,0,1.0
2025-06-09,0.0637887093516307,1,0.3515862488024266,0,0.0,0,0.0
2025-06-10,0.0647575402443526,1,0.3569715102196256,0,0.0,0,0.0
2025-06-11,-0.2317887873916812,1,-1.291385812639549,1,-0.0685215384895003,0,1.0
2025-06-12,-0.1157953653330157,1,-0.6466345922212545,0,0.0,0,0.0
2025-06-13,-0.2562223307845819,1,-1.4272000393613749,1,-0.0510094073459843,0,1.0
2025-06-16,0.1074465892250479,1,0.5942592455092958,0,0.0,0,0.0
2025-06-17,-0.2521234881157552,1,-1.4044165593491036,1,-0.0154602177651135,0,1.0
2025-06-18,0.1096110503707865,1,0.6062904360759225,0,0.0,0,0.0
2025-06-20,0.148829726788825,1,0.8242880521039381,0,0.0,0,0.0
2025-06-23,0.31258935482654,2,1.7345484630707062,0,0.0,0,0.0
2025-06-24,-0.0195276179564798,1,-0.1115288378919331,0,0.0,0,0.0
2025-06-25,-0.1948716677599368,1,-1.0861814354046315,1,0.0068065629728621,1,1.0
2025-06-26,-0.1884554739689775,1,-1.050516923540597,1,0.0038195349402951,1,1.0
2025-06-27,0.0003351422034293,1,-0.001121380066435,0,0.0,0,0.0
2025-06-30,-0.0594551320286924,1,-0.3334665389221483,0,0.0,0,0.0
2025-07-01,0.3984714543387677,0,2.2119254340215986,0,0.0,0,0.0
2025-07-02,0.2070271390794963,1,1.1477792633608932,-1,-0.0122761090146819,-1,-1.0
2025-07-03,-0.2211930347151799,1,-1.232489158431266,1,-0.0153243876399313,0,1.0
2025-07-07,-0.0673630355254635,1,-0.3774227421274866,0,0.0,0,0.0
2025-07-08,0.0197331007010808,1,0.1067024705710492,0,0.0,0,0.0
2025-07-09,0.1115767194167153,1,0.6172166376984601,0,0.0,0,0.0
2025-07-10,0.0020825736580657,1,0.0085917445485478,0,0.0,0,0.0
2025-07-11,-0.0884406574137166,1,-0.4945830275537868,0,0.0,0,0.0
2025-07-14,-0.0381291642755177,1,-0.2149258191862799,0,0.0,0,0.0
2025-07-15,-0.2957888087494041,1,-1.6471309156361549,1,-0.0800153108284275,0,1.0
2025-07-16,0.0981616798013491,1,0.5426489336816529,0,0.0,0,0.0
2025-07-17,0.0954427719239626,1,0.5275358424301227,0,0.0,0,0.0
2025-07-18,-0.1231169830612054,1,-0.6873319169652301,0,0.0,0,0.0
2025-07-21,-0.0663095385744448,1,-0.3715668631231351,0,0.0,0,0.0
2025-07-22,0.5577405059602705,0,3.0972249069166367,0,0.0,0,0.0
2025-07-23,0.1113358981925426,1,0.6158780292202187,0,0.0,0,0.0
2025-07-24,0.0645249890983851,1,0.3556788710982764,0,0.0,0,0.0
2025-07-25,-0.0821365550280623,1,-0.4595415774900345,0,0.0,0,0.0
2025-07-28,-0.1965601030977846,1,-1.0955666291971224,1,0.0504483715585019,1,1.0
2025-07-29,-0.0950191878190388,1,-0.5311498899853918,0,0.0,0,0.0
2025-07-30,-0.3310163813206257,0,-1.842943919550995,0,0.0,0,0.0
2025-07-31,-0.0645800876387517,1,-0.3619536834992274,0,0.0,0,0.0
2025-08-01,0.2210348675290785,1,1.2256414373778677,-1,0.0152280279622889,0,-1.0
2025-08-04,-0.0126568813897807,1,-0.073337743018369,0,0.0,0,0.0
2025-08-05,0.2032306833758955,1,1.1266766059453497,-1,0.0048190553652688,0,-1.0
2025-08-06,-0.0533644756842369,1,-0.2996115319610644,0,0.0,0,0.0
2025-08-07,0.0607071056381516,1,0.3344571071679442,0,0.0,0,0.0
2025-08-08,-0.1669237155747523,1,-0.9308323133615198,0,0.0,0,0.0
2025-08-11,-0.0807225656882765,1,-0.4516818959985766,0,0.0,0,0.0
2025-08-12,0.1447731424496706,1,0.8017394656670561,0,0.0,0,0.0
2025-08-13,0.3033411999895837,2,1.6831424521787337,0,0.0,0,0.0
2025-08-14,-0.2779588181962822,1,-1.54802263893269,1,0.1100569824032284,1,1.0
2025-08-15,0.1185846683897608,1,0.65617042984294,0,0.0,0,0.0
2025-08-18,-0.0533502187168144,1,-0.2995322843883831,0,0.0,0,0.0
2025-08-19,0.2661397286951401,2,1.4763575018535546,0,0.0,0,-1.0
2025-08-20,-0.3201780560002938,0,-1.7826989215713662,0,0.0,0,1.0
2025-08-21,-0.0919623224792504,1,-0.5141582569815294,0,0.0,0,0.0
2025-08-22,0.2447416952770285,1,1.35741620401081,-1,-0.0023702075625898,-1,-1.0
2025-08-25,-0.1457426870392462,1,-0.8130972404961349,0,0.0,0,0.0
2025-08-26,-0.0997444183203391,1,-0.5574151563979154,0,0.0,0,0.0
2025-08-27,0.0073566663518523,1,0.0379078698991584,0,0.0,0,0.0
2025-08-28,-0.1904089990525185,1,-1.061375622761435,1,0.0877467051243069,1,1.0
2025-08-29,0.0508265060030169,1,0.2795356421386974,0,0.0,0,0.0
2025-09-02,-0.1259826971331507,1,-0.7032610327070014,0,0.0,0,0.0
2025-09-03,0.1267077065788816,1,0.701322462544339,0,0.0,0,0.0
2025-09-04,0.2009288192098011,1,1.1138816585769038,-1,0.0199978188866812,0,-1.0
2025-09-05,0.3529170961414627,2,1.9587108333847667,0,0.0,0,0.0
2025-09-08,0.0075944827719582,1,0.0392297761277827,0,0.0,0,0.0
2025-09-09,-0.3244242980933323,0,-1.8063017235500285,0,0.0,0,1.0
2025-09-10,-0.187401870785157,1,-1.044660454039582,1,0.0047193653645755,1,1.0
2025-09-11,0.2224237696588118,1,1.2333616712264237,-1,0.0460050009724606,0,-1.0
2025-09-12,-0.119352668700151,1,-0.666407917696544,0,0.0,0,0.0
2025-09-15,-0.0881331376120843,1,-0.4928736740069545,0,0.0,0,0.0
2025-09-16,0.0543911494425763,1,0.2993497675194417,0,0.0,0,0.0
2025-09-17,-0.1747948005835486,1,-0.974583860435205,0,0.0,0,0.0
2025-09-18,-0.1275906555348426,1,-0.7121988942121854,0,0.0,0,0.0
2025-09-19,-0.2132969834526485,1,-1.1885988360522288,1,-0.0197317359983111,0,1.0
2025-09-22,-0.2726765921468391,1,-1.518661304199577,1,-0.0492888759880245,0,1.0
2025-09-23,-0.0944688747776585,1,-0.5280909664814141,0,0.0,0,0.0
2025-09-24,-0.142023698013364,1,-0.7924251828000782,0,0.0,0,0.0
2025-09-25,-0.1363421555594274,1,-0.7608442416913552,0,0.0,0,0.0
2025-09-26,-0.008588758544693,1,-0.0507250196188024,0,0.0,0,0.0
2025-09-29,0.0156994011501881,1,0.0842810895816739,0,0.0,0,0.0
2025-09-30,0.0220515418161556,1,0.1195895611653454,0,0.0,0,0.0
2025-10-01,-0.1803001373884657,1,-1.005185359733922,1,0.0560108577460732,1,1.0
2025-10-02,0.0605195551540016,1,0.3334146049173891,0,0.0,0,0.0
2025-10-03,0.0148063640039229,1,0.079317128869814,0,0.0,0,0.0
2025-10-06,-0.4841689620755822,0,-2.694244895066896,0,0.0,0,0.0
2025-10-07,-0.146591277423576,1,-0.817814143198214,0,0.0,0,0.0
2025-10-08,-0.0736781706577915,1,-0.4125255178833015,0,0.0,0,0.0
2025-10-09,-0.0960607781599923,1,-0.5369395859145801,0,0.0,0,0.0
2025-10-10,0.1945189147273269,1,1.0782521059308092,-1,-0.0402323448380243,-1,-1.0
2025-10-13,-0.0784716837526634,1,-0.4391703341423357,0,0.0,0,0.0
2025-10-14,0.3148606605095239,2,1.7471735506408117,0,0.0,0,0.0
2025-10-15,0.0151466019832149,1,0.0812083469103528,0,0.0,0,0.0
2025-10-16,0.3131616358050939,2,1.737729495691316,0,0.0,0,0.0
2025-10-17,-0.0040795808480866,1,-0.0256606860439247,0,0.0,0,0.0
2025-10-20,-0.0596135442685232,1,-0.3343470757935276,0,0.0,0,0.0
2025-10-21,0.1563860197194888,1,0.8662898225700214,0,0.0,0,0.0
2025-10-22,-0.1761639126560206,1,-0.9821940909461152,0,0.0,0,0.0
2025-10-23,-0.1680226431949614,1,-0.9369407194392608,0,0.0,0,0.0
2025-10-24,-0.0816308208097806,1,-0.4567304460598443,0,0.0,0,0.0
2025-10-27,-0.0106177217514799,1,-0.0620030428078931,0,0.0,0,0.0
2025-10-28,0.0163559176514302,1,0.0879303466506348,0,0.0,0,0.0
2025-10-29,-0.5185995333848693,0,-2.885627755209899,0,0.0,0,0.0
2025-10-30,-0.0806889955031198,1,-0.4514952956080949,0,0.0,0,0.0
2025-10-31,0.067335725528833,1,0.3713023927742631,0,0.0,0,0.0
2025-11-03,-0.249009916699912,1,-1.3871097247493869,1,0.0225253479554357,1,1.0
2025-11-04,0.0888270492899002,1,0.4907622464230725,0,0.0,0,0.0
2025-11-05,-0.0038736449824156,1,-0.0245159883674294,0,0.0,0,0.0
2025-11-06,-0.3089920615212368,0,-1.7205213992260333,0,0.0,0,1.0
2025-11-07,0.2331372566018237,1,1.2929127531657838,-1,0.0241081474558185,0,-1.0
2025-11-10,-0.2359340016587964,1,-1.3144270498940729,1,0.0115848233185648,1,1.0
2025-11-11,0.0810649627067037,1,0.44761656877441,0,0.0,0,0.0
2025-11-12,-0.1155410975147119,1,-0.6452212406427353,0,0.0,0,0.0
2025-11-13,-0.0485357513794914,1,-0.2727709936504214,0,0.0,0,0.0
2025-11-14,-0.0951451069549576,1,-0.5318498134389531,0,0.0,0,0.0
2025-11-17,-0.2126837816198051,1,-1.1851903442337144,1,-0.0247298486065856,0,1.0
2025-11-18,0.068042413084651,1,0.3752305264216836,0,0.0,0,0.0
2025-11-19,-0.0241100095714001,1,-0.1370001321577418,0,0.0,0,0.0
2025-11-20,0.2803460920244773,2,1.555323790904526,0,0.0,0,-1.0
2025-11-21,0.4309829378250585,0,2.3926410149861246,0,0.0,0,0.0
2025-11-24,-0.3704794204005214,0,-2.062299829193086,0,0.0,0,0.0
2025-11-25,0.377897628769011,0,2.0975655081797284,0,0.0,0,-1.0
2025-11-26,0.0582739072070003,1,0.3209321362673425,0,0.0,0,0.0
2025-11-28,-0.1470659468189415,1,-0.820452600332467,0,0.0,0,0.0
2025-12-01,0.1001312772370218,1,0.5535969713189981,0,0.0,0,0.0
2025-12-02,-0.0974083530121312,1,-0.5444301014550404,0,0.0,0,0.0
2025-12-03,-0.0636195476239378,1,-0.3566145070543884,0,0.0,0,0.0
2025-12-04,-0.0147065165949215,1,-0.0847306718282324,0,0.0,0,0.0
2025-12-05,0.060726274952393,1,0.3345636600959668,0,0.0,0,0.0
2025-12-08,-0.0441236978995029,1,-0.2482465265273236,0,0.0,0,0.0
2025-12-09,-0.1863128342742284,1,-1.0386070278448956,1,0.0645239494262272,1,1.0
2025-12-10,0.2024032281642187,1,1.122077183425508,-1,-0.0023859077083076,-1,-1.0
2025-12-11,0.0569933272718908,1,0.3138140130035298,0,0.0,0,0.0
2025-12-12,0.1085361141783073,1,0.6003153867181908,0,0.0,0,0.0
2025-12-15,-0.1013340294807667,1,-0.566251034480363,0,0.0,0,0.0
2025-12-16,0.1286641821811872,1,0.7121975622691074,0,0.0,0,0.0
2025-12-17,0.0819034426538668,1,0.4522772724560056,0,0.0,0,0.0
2025-12-18,-0.1259445981093433,1,-0.7030492586972291,0,0.0,0,0.0
2025-12-19,-0.1675027313967699,1,-0.9340507817131,0,0.0,0,0.0
2025-12-22,-0.1063288119334398,1,-0.5940146095601299,0,0.0,0,0.0
2025-12-23,-0.1718898309893506,1,-0.9584365422692668,0,0.0,0,0.0
2025-12-24,0.0782794951026801,1,0.4321335042587214,0,0.0,0,0.0
2025-12-26,0.0899756488724241,1,0.4971467548672642,0,0.0,0,0.0
2025-12-29,-0.0658584449831048,1,-0.3690594524581382,0,0.0,0,0.0
2025-12-30,-0.0648374134613805,1,-0.3633840330418171,0,0.0,0,0.0
2025-12-31,-0.0517900137432322,1,-0.2908598610477642,0,0.0,0,0.0
