Date,spread,regime,z_score,gmm_signal,minhash_signal,final_signal,model_signal
2016-07-06,-0.0666018296258124,1,-0.1924230480710945,0,0.0,0,0.0
2016-07-07,-0.2459324242062961,1,-0.7125202674882994,0,0.0,0,0.0
2016-07-08,-0.2580990398975419,1,-0.7478060646805611,0,0.0,0,0.0
2016-07-11,-0.2156659461693754,1,-0.6247409841742658,0,0.0,0,0.0
2016-07-12,-0.3867986948382083,1,-1.121062690696783,1,0.0,0,1.0
2016-07-13,0.0764862620116025,1,0.2225631329897959,0,0.0,0,0.0
2016-07-14,-0.0476311543150025,1,-0.1374040174215823,0,0.0,0,0.0
2016-07-15,-0.0352341675206648,1,-0.1014500945788566,0,0.0,0,0.0
2016-07-18,-0.0639685265923334,1,-0.1847859040087595,0,0.0,0,0.0
2016-07-19,0.1113924445870402,1,0.323798555425239,0,0.0,0,0.0
2016-07-20,0.0352883095850162,1,0.1030802273937104,0,0.0,0,0.0
2016-07-21,0.0933232070433313,1,0.2713938878030936,0,0.0,0,0.0
2016-07-22,0.1230620324212108,1,0.3576428651399045,0,0.0,0,0.0
2016-07-25,0.0345006731766548,1,0.1007959127353065,0,0.0,0,0.0
2016-07-26,-0.4120903742123128,1,-1.194413989997582,1,0.5694060046063789,1,1.0
2016-07-27,0.0352674620623868,1,0.1030197651029526,0,0.0,0,0.0
2016-07-28,0.0432152625635458,1,0.1260700926324267,0,0.0,0,0.0
2016-07-29,0.1547385292794621,1,0.4495115057106599,0,0.0,0,0.0
2016-08-01,0.3464198746279407,1,1.0054285535691636,-1,-0.0513598057395544,-1,-1.0
2016-08-02,0.241649133531033,1,0.7015709142842732,0,0.0,0,0.0
2016-08-03,-0.3658931179939235,1,-1.0604320302539243,1,0.5461313285686832,1,1.0
2016-08-04,0.115547518534812,1,0.3358491618026081,0,0.0,0,0.0
2016-08-05,-0.3363857704636265,1,-0.9748543883641746,0,0.0,0,0.0
2016-08-08,-0.1905873358541934,1,-0.5520076308817803,0,0.0,0,0.0
2016-08-09,0.1573156303940661,1,0.4569856521439446,0,0.0,0,0.0
2016-08-10,-0.0007742769760852,1,-0.0015090148340199,0,0.0,0,0.0
2016-08-11,-0.1594675565753668,1,-0.4617535907964401,0,0.0,0,0.0
2016-08-12,0.0958475497041395,1,0.2787150233952323,0,0.0,0,0.0
2016-08-15,-0.3334926343228612,1,-0.9664636725148936,0,0.0,0,0.0
2016-08-16,-0.178344123450948,1,-0.5164996867824573,0,0.0,0,0.0
2016-08-17,0.1802382105747597,1,0.5234660552326437,0,0.0,0,0.0
2016-08-18,-0.0206298759946998,1,-0.0590945141940286,0,0.0,0,0.0
2016-08-19,-0.112551529120921,1,-0.325687040176672,0,0.0,0,0.0
2016-08-22,0.1208608212349017,1,0.3512588801872665,0,0.0,0,0.0
2016-08-23,-0.3600607868291458,1,-1.0435170179069386,1,0.1965993502620303,1,1.0
2016-08-24,-0.0603938713070333,1,-0.1744186363453203,0,0.0,0,0.0
2016-08-25,0.066090905152023,1,0.1924143666280676,0,0.0,0,0.0
2016-08-26,0.0782491524992334,1,0.2276758938262767,0,0.0,0,0.0
2016-08-29,-0.0250379717611787,1,-0.0718789381593521,0,0.0,0,0.0
2016-08-30,-0.1331678270940188,1,-0.38547872979644,0,0.0,0,0.0
2016-08-31,0.209729956959882,1,0.608998450452443,0,0.0,0,0.0
2016-09-01,0.0112462404027101,1,0.0333530658906486,0,0.0,0,0.0
2016-09-02,0.1149255807882363,1,0.3340454088322837,0,0.0,0,0.0
2016-09-06,0.3055908871785038,1,0.8870157256088917,0,0.0,0,0.0
2016-09-07,-0.1634614365671154,1,-0.4733367000994219,0,0.0,0,0.0
2016-09-08,0.065582368757802,1,0.1909395019223237,0,0.0,0,0.0
2016-09-09,-0.0011836635516924,1,-0.0026963237822678,0,0.0,0,0.0
2016-09-12,0.1776402081639351,1,0.5159312905536438,0,0.0,0,0.0
2016-09-13,0.0246916998387848,1,0.0723477844597149,0,0.0,0,0.0
2016-09-14,0.0217838524926626,1,0.0639144029569892,0,0.0,0,0.0
2016-09-15,0.2163026062540202,1,0.6280605442913809,0,0.0,0,0.0
2016-09-16,0.118887647819878,1,0.3455362537219804,0,0.0,0,0.0
2016-09-19,-0.1051875719844889,1,-0.3043299837328151,0,0.0,0,0.0
2016-09-20,0.2085495245191706,1,0.6055749429825655,0,0.0,0,0.0
2016-09-21,0.0678864444946263,1,0.1976218161523763,0,0.0,0,0.0
2016-09-22,-0.0370005722593569,1,-0.1065730474977843,0,0.0,0,0.0
2016-09-23,0.0147680116172986,1,0.0435669583969214,0,0.0,0,0.0
2016-09-26,-0.1417587959925702,1,-0.4103943837409818,0,0.0,0,0.0
2016-09-27,-0.01086115481363,1,-0.0307631258136923,0,0.0,0,0.0
2016-09-28,-0.3657676912521858,1,-1.060068265778761,1,0.1107264914194834,1,1.0
2016-09-29,-0.3190621361463951,1,-0.9246121301501204,0,0.0,0,0.0
2016-09-30,-0.0693602795296771,1,-0.2004231449215946,0,0.0,0,0.0
2016-10-03,-0.104671969276833,1,-0.3028346252012541,0,0.0,0,0.0
2016-10-04,-0.0657130494339039,1,-0.1898453947288633,0,0.0,0,0.0
2016-10-05,-0.172149796495765,1,-0.4985348089372225,0,0.0,0,0.0
2016-10-06,-0.1560815286810246,1,-0.4519333830575643,0,0.0,0,0.0
2016-10-07,0.4115816604859509,1,1.1944117201966538,-1,-0.4847344721597442,-1,-1.0
2016-10-10,0.1339130735184235,1,0.3891132136080198,0,0.0,0,0.0
2016-10-11,-0.2808956858947503,1,-0.8139212316041017,0,0.0,0,0.0
2016-10-12,-0.0176870343740265,1,-0.0505596417832283,0,0.0,0,0.0
2016-10-13,0.2041104846651009,1,0.592700774520766,0,0.0,0,0.0
2016-10-14,0.0266632828606589,1,0.0780657984434733,0,0.0,0,0.0
2016-10-17,0.0362705991606781,1,0.1059290780215658,0,0.0,0,0.0
2016-10-18,0.2914084425474623,1,0.8458835917730632,0,0.0,0,0.0
2016-10-19,-0.3353068148664543,1,-0.971725185523596,0,0.0,0,0.0
2016-10-20,0.0121184815377624,1,0.0358827524177203,0,0.0,0,0.0
2016-10-21,-0.0731528116737933,1,-0.2114223022450817,0,0.0,0,0.0
2016-10-24,0.1056196844649118,1,0.3070563118894657,0,0.0,0,0.0
2016-10-25,0.3974225858709968,1,1.15334736442409,-1,-0.4171906034268179,-1,-1.0
2016-10-26,-0.1734411185547483,1,-0.5022799201036715,0,0.0,0,0.0
2016-10-27,0.1179183125295043,1,0.3427249733022299,0,0.0,0,0.0
2016-10-28,-0.3756846186497523,1,-1.0888294840009078,1,0.1599674456013498,1,1.0
2016-10-31,0.0362221568161,1,0.1057885848236478,0,0.0,0,0.0
2016-11-01,-0.1727162225730829,1,-0.5001775661505556,0,0.0,0,0.0
2016-11-02,-0.042444480598934,1,-0.1223615502727834,0,0.0,0,0.0
2016-11-03,-0.046876533229727,1,-0.1352154542872017,0,0.0,0,0.0
2016-11-04,-0.2561340198414038,1,-0.7421070847062445,0,0.0,0,0.0
2016-11-07,0.1385737761207215,1,0.4026302516218418,0,0.0,0,0.0
2016-11-08,0.0984061214177764,1,0.2861354305881882,0,0.0,0,0.0
2016-11-09,-0.5613115215570943,0,-1.6271873491325433,0,0.0,0,1.0
2016-11-10,-0.8994661999488662,2,-2.60790850480544,0,0.0,0,0.0
2016-11-11,-0.2157171730484025,1,-0.6248895531198143,0,0.0,0,0.0
2016-11-14,-0.6927601860678557,0,-2.00841669300487,0,0.0,0,0.0
2016-11-15,0.165023816250379,1,0.4793410457676473,0,0.0,0,0.0
2016-11-16,0.2054170673883757,1,0.5964901448895171,0,0.0,0,0.0
2016-11-17,0.1086357063423352,1,0.3158034227537269,0,0.0,0,0.0
2016-11-18,-0.1105906670384071,1,-0.320000119218417,0,0.0,0,0.0
2016-11-21,-0.001532117401214,1,-0.0037069147450391,0,0.0,0,0.0
2016-11-22,-0.4271590083871887,1,-1.2381162637401175,1,-0.1560823064038228,0,1.0
2016-11-23,-0.3016325333019545,1,-0.8740625404599387,0,0.0,0,0.0
2016-11-25,0.1662522193791908,1,0.4829036785304113,0,0.0,0,0.0
2016-11-28,0.3432424825030178,1,0.9962134343473912,0,0.0,0,0.0
2016-11-29,0.1858552619777009,1,0.539756710058316,0,0.0,0,0.0
2016-11-30,-0.8524728154764671,2,-2.471617602228138,0,0.0,0,0.0
2016-12-01,-0.6706249943756591,0,-1.9442198855537496,0,0.0,0,0.0
2016-12-02,0.1841893113179138,1,0.5349250955317013,0,0.0,0,0.0
2016-12-05,-0.1290915030953671,1,-0.3736565151759957,0,0.0,0,0.0
2016-12-06,-0.0098815155513301,1,-0.0279219616635033,0,0.0,0,0.0
2016-12-07,-0.3218793671577252,1,-0.9327827048302324,0,0.0,0,0.0
2016-12-08,-0.0070691804599262,1,-0.0197655862021366,0,0.0,0,0.0
2016-12-09,0.4016403469913386,1,1.1655797770583507,-1,-0.2062374001256382,-1,-1.0
2016-12-12,0.3443634283969966,1,0.9994644180623524,0,0.0,0,0.0
2016-12-13,0.3243368580659857,1,0.9413830651956656,0,0.0,0,0.0
2016-12-14,0.0968383298186429,1,0.2815884984083083,0,0.0,0,0.0
2016-12-15,0.1928932551402482,1,0.560168401006429,0,0.0,0,0.0
2016-12-16,0.0315256907062392,1,0.0921678249608933,0,0.0,0,0.0
2016-12-19,-0.0010993537147688,1,-0.0024518071572265,0,0.0,0,0.0
2016-12-20,-0.1521273806794725,1,-0.4404655050550276,0,0.0,0,0.0
2016-12-21,-0.1268458444862807,1,-0.3671436231562128,0,0.0,0,0.0
2016-12-22,0.2906738360462064,1,0.8437530752286733,0,0.0,0,0.0
2016-12-23,0.1314114118682045,1,0.3818578578152992,0,0.0,0,0.0
2016-12-27,-0.0662002917981074,1,-0.1912585021765764,0,0.0,0,0.0
2016-12-28,0.0807328015596268,1,0.2348790092419176,0,0.0,0,0.0
2016-12-29,0.1356207870752149,1,0.3940659495007771,0,0.0,0,0.0
2016-12-30,-0.0571320233784558,1,-0.1649585771636532,0,0.0,0,0.0
2017-01-03,-0.0605078230753374,1,-0.1747491209343067,0,0.0,0,0.0
2017-01-04,-0.1268430809144096,1,-0.3671356082045579,0,0.0,0,0.0
2017-01-05,0.3098061118052884,1,0.8992407818673521,0,0.0,0,0.0
2017-01-06,0.290954119847762,1,0.8445659584189497,0,0.0,0,0.0
2017-01-09,0.1010381496860679,1,0.2937688775578378,0,0.0,0,0.0
2017-01-10,-0.1485083999757848,1,-0.429969684163363,0,0.0,0,0.0
2017-01-11,-0.1304933307612296,1,-0.3777221163235453,0,0.0,0,0.0
2017-01-12,0.1023678871611468,1,0.2976254016772234,0,0.0,0,0.0
2017-01-13,0.0087845633378454,1,0.0262136739785529,0,0.0,0,0.0
2017-01-17,0.1081234110938724,1,0.3143176565638055,0,0.0,0,0.0
2017-01-18,-0.0644289169514004,1,-0.1861211348775212,0,0.0,0,0.0
2017-01-19,-0.0172615843749324,1,-0.0493257454586914,0,0.0,0,0.0
2017-01-20,-0.0432351106553143,1,-0.1246545471530593,0,0.0,0,0.0
2017-01-23,0.006095635364766,1,0.0184152056509187,0,0.0,0,0.0
2017-01-24,-0.5665587282712437,0,-1.6424053749697998,0,0.0,0,1.0
2017-01-25,-0.1119541241096374,1,-0.3239544374048954,0,0.0,0,0.0
2017-01-26,-0.1056588122529695,1,-0.3056966816679195,0,0.0,0,0.0
2017-01-27,0.2405359257367535,1,0.6983423727195013,0,0.0,0,0.0
2017-01-30,0.0803860045859072,1,0.2338732235746377,0,0.0,0,0.0
2017-01-31,0.4228633301833923,1,1.2271309840442357,-1,-0.4026512250468261,-1,-1.0
2017-02-01,-0.0375440105337019,1,-0.1081491351479306,0,0.0,0,0.0
2017-02-02,0.2621924277029689,1,0.7611508772096641,0,0.0,0,0.0
2017-02-03,0.0188787079766106,1,0.0554888602416569,0,0.0,0,0.0
2017-02-06,0.0180887635734893,1,0.0531978519030148,0,0.0,0,0.0
2017-02-07,0.2737613260355749,1,0.7947031657557676,0,0.0,0,0.0
2017-02-08,-0.1123486041022318,1,-0.3250985140625566,0,0.0,0,0.0
2017-02-09,-0.1675289635295964,1,-0.4851334014265981,0,0.0,0,0.0
2017-02-10,-0.1584545627618805,1,-0.4588156912879176,0,0.0,0,0.0
2017-02-13,0.0921068215241922,1,0.2678661086880823,0,0.0,0,0.0
2017-02-14,0.0202121051365661,1,0.0593559982327732,0,0.0,0,0.0
2017-02-15,0.1348960822025889,1,0.3919641498048992,0,0.0,0,0.0
2017-02-16,0.18825257844222,1,0.546709442413753,0,0.0,0,0.0
2017-02-17,0.1166038342522639,1,0.3389127041321177,0,0.0,0,0.0
2017-02-21,0.0593752749327408,1,0.1729375974139039,0,0.0,0,0.0
2017-02-22,0.1934183063567164,1,0.5616911622417639,0,0.0,0,0.0
2017-02-23,0.4970722773764499,1,1.442352860608447,-1,-0.0431115473525408,-1,-1.0
2017-02-24,0.1002590781805943,1,0.2915094029563519,0,0.0,0,0.0
2017-02-27,-0.2851400610157099,1,-0.8262308305531192,0,0.0,0,0.0
2017-02-28,0.2879111648802542,1,0.8357407358119825,0,0.0,0,0.0
2017-03-01,-0.2801118324880811,1,-0.8116478884626647,0,0.0,0,0.0
2017-03-02,0.1341861854078478,1,0.3899052967135916,0,0.0,0,0.0
2017-03-03,0.0407328603497558,1,0.1188705933395836,0,0.0,0,0.0
2017-03-06,0.0124965061888228,1,0.036979105052627,0,0.0,0,0.0
2017-03-07,0.1225286718412113,1,0.3560960049666392,0,0.0,0,0.0
2017-03-08,-0.0440006632769593,1,-0.1268748140894764,0,0.0,0,0.0
2017-03-09,0.3675409773963113,1,1.0666842854567,-1,0.3776387497587288,0,-1.0
2017-03-10,0.0110305721556521,1,0.0327275816788004,0,0.0,0,0.0
2017-03-13,0.0058501549973666,1,0.0177032598906059,0,0.0,0,0.0
2017-03-14,0.1035308704040623,1,0.3009983027278455,0,0.0,0,0.0
2017-03-15,-0.0898356783511747,1,-0.2598061967562879,0,0.0,0,0.0
2017-03-16,-0.2334621386010119,1,-0.6763537623594943,0,0.0,0,0.0
2017-03-17,-0.0477326107569732,1,-0.1376982628819532,0,0.0,0,0.0
2017-03-20,0.0242872850574999,1,0.0711748947822478,0,0.0,0,0.0
2017-03-21,0.3068494939394691,1,0.8906659553884175,0,0.0,0,0.0
2017-03-22,0.012064996117715,1,0.0357276332183943,0,0.0,0,0.0
2017-03-23,-0.134667197261938,1,-0.389827225138443,0,0.0,0,0.0
2017-03-24,0.1334265582367957,1,0.3877022148558519,0,0.0,0,0.0
2017-03-27,0.0376691860584769,1,0.1099852802460671,0,0.0,0,0.0
2017-03-28,-0.3346208107445804,1,-0.9697356263124084,0,0.0,0,0.0
2017-03-29,-0.1125990362816909,1,-0.3258248211407995,0,0.0,0,0.0
2017-03-30,-0.1511015923976478,1,-0.4374904988418613,0,0.0,0,0.0
2017-03-31,-0.0692068410219126,1,-0.1999781403119435,0,0.0,0,0.0
2017-04-03,0.1574436798606633,1,0.4573570230841951,0,0.0,0,0.0
2017-04-04,0.034080590005417,1,0.0995775813635969,0,0.0,0,0.0
2017-04-05,0.1546722084957902,1,0.4493191612015814,0,0.0,0,0.0
2017-04-06,-0.226444640622957,1,-0.656001511845909,0,0.0,0,0.0
2017-04-07,0.055364523574362,1,0.1613055575260844,0,0.0,0,0.0
2017-04-10,-0.1638764184752079,1,-0.4745402367129722,0,0.0,0,0.0
2017-04-11,-0.0822338895276507,1,-0.2377593773668769,0,0.0,0,0.0
2017-04-12,0.4769555744888498,1,1.3840101039797823,-1,-0.1879898411156703,-1,-1.0
2017-04-13,0.1054913523813837,1,0.3066841212994488,0,0.0,0,0.0
2017-04-17,-0.0272242993985156,1,-0.0782197576250657,0,0.0,0,0.0
2017-04-18,-0.0228724393305155,1,-0.0655984292568947,0,0.0,0,0.0
2017-04-19,-0.0033124432401339,1,-0.008870241842933,0,0.0,0,0.0
2017-04-20,-0.1924223717780242,1,-0.5573296289699914,0,0.0,0,0.0
2017-04-21,-0.0063221501593632,1,-0.0175990379728613,0,0.0,0,0.0
2017-04-24,0.0342907161860405,1,0.100186992393124,0,0.0,0,0.0
2017-04-25,-0.0535400776229826,1,-0.1545411634251368,0,0.0,0,0.0
2017-04-26,0.0245755446402262,1,0.0720109094500016,0,0.0,0,0.0
2017-04-27,0.1843315913874222,1,0.5353377382751379,0,0.0,0,0.0
2017-04-28,0.2481863552528976,1,0.7205302605587294,0,0.0,0,0.0
2017-05-01,0.1109027365336156,1,0.3223782969494994,0,0.0,0,0.0
2017-05-02,-0.0776779190309055,1,-0.2245460849409682,0,0.0,0,0.0
2017-05-03,-0.0797735538605839,1,-0.2306238757963396,0,0.0,0,0.0
2017-05-04,0.3512996933345331,1,1.0195810753209371,-1,-0.0038316178178429,-1,-1.0
2017-05-05,-0.0907657801287941,1,-0.262503691567179,0,0.0,0,0.0
2017-05-08,-0.0453789669888447,1,-0.1308721907208369,0,0.0,0,0.0
2017-05-09,-0.1692195245994922,1,-0.4900363914254026,0,0.0,0,0.0
2017-05-10,0.0233413661345127,1,0.0684315268544793,0,0.0,0,0.0
2017-05-11,0.1715991544345475,1,0.4984109379648707,0,0.0,0,0.0
2017-05-12,0.3115266731631696,1,0.904230779141181,0,0.0,0,0.0
2017-05-15,0.0962289218302039,1,0.2798210844262199,0,0.0,0,0.0
2017-05-16,-0.009045194219841,1,-0.0254964502773157,0,0.0,0,0.0
2017-05-17,0.1695291255783156,1,0.4924074099290765,0,0.0,0,0.0
2017-05-18,0.1051759751455164,1,0.3057694596165062,0,0.0,0,0.0
2017-05-19,-0.1776877843451806,1,-0.5145961624858756,0,0.0,0,0.0
2017-05-22,0.1814363742871615,1,0.5269409871966212,0,0.0,0,0.0
2017-05-23,0.3030228823901732,1,0.8795679604744189,0,0.0,0,0.0
2017-05-24,0.2347702495085558,1,0.6816206739967566,0,0.0,0,0.0
2017-05-25,0.2126841166622926,1,0.6175661477298228,0,0.0,0,0.0
2017-05-26,-0.0540743529204795,1,-0.1560906764754976,0,0.0,0,0.0
2017-05-30,0.1618251413196718,1,0.4700642018405296,0,0.0,0,0.0
2017-05-31,0.1984461986063039,1,0.5762731290537133,0,0.0,0,0.0
2017-06-01,-0.0582289389239157,1,-0.1681398677095514,0,0.0,0,0.0
2017-06-02,0.117843730005432,1,0.3425086679725238,0,0.0,0,0.0
2017-06-05,0.0855598641819593,1,0.248878527024708,0,0.0,0,0.0
2017-06-06,-0.0213190648674979,1,-0.0610933098665356,0,0.0,0,0.0
2017-06-07,0.1854139684689902,1,0.5384768641549206,0,0.0,0,0.0
2017-06-08,-0.2418456161604881,1,-0.7006676468805944,0,0.0,0,0.0
2017-06-09,-0.5071446623847138,1,-1.4700918300660808,1,0.0235186425605848,1,1.0
2017-06-12,-0.2105538624035073,1,-0.6099148438925385,0,0.0,0,0.0
2017-06-13,-0.0623492917235204,1,-0.1800897753039887,0,0.0,0,0.0
2017-06-14,0.3109145361379282,1,0.9024554503665504,0,0.0,0,0.0
2017-06-15,0.15713885038741,1,0.4564729521770174,0,0.0,0,0.0
2017-06-16,-0.0042374700398628,1,-0.0115530181285458,0,0.0,0,0.0
2017-06-19,0.1233850055012381,1,0.3585795564014359,0,0.0,0,0.0
2017-06-20,0.3480549142638136,1,1.0101705194910615,-1,-0.1668682750710264,-1,-1.0
2017-06-21,0.4218350271002307,1,1.2241486843673646,-1,-0.2111721927943865,-1,-1.0
2017-06-22,0.045031654381123,1,0.1313380188103554,0,0.0,0,0.0
2017-06-23,-0.142174191541449,1,-0.4115991200016047,0,0.0,0,0.0
2017-06-26,-0.1472173107607113,1,-0.4262252482942346,0,0.0,0,0.0
2017-06-27,-0.2380546826841101,1,-0.6896731260367184,0,0.0,0,0.0
2017-06-28,-0.1504983709279168,1,-0.435741027092025,0,0.0,0,0.0
2017-06-29,-0.2762252465792763,1,-0.8003759550319848,0,0.0,0,0.0
2017-06-30,-0.3194463834867599,1,-0.9257265299197732,0,0.0,0,0.0
2017-07-03,-0.3670595293235331,1,-1.0638148734918331,1,0.474910440007515,1,1.0
2017-07-05,0.4457783441725306,1,1.2935894435532649,-1,-0.3444125969273318,-1,-1.0
2017-07-06,-0.0051031850927342,1,-0.0140637776164033,0,0.0,0,0.0
2017-07-07,0.0624431893241206,1,0.1818352077078938,0,0.0,0,0.0
2017-07-10,-0.0619098647535847,1,-0.1788153427637123,0,0.0,0,0.0
2017-07-11,0.0585900226308564,1,0.1706601971760557,0,0.0,0,0.0
2017-07-12,0.2189708569188288,1,0.6357990439864358,0,0.0,0,0.0
2017-07-13,-0.1397023346905053,1,-0.4044302045246851,0,0.0,0,0.0
2017-07-14,0.0986325833324104,1,0.2867922187529772,0,0.0,0,0.0
2017-07-17,-0.0787212652540321,1,-0.2275720129529007,0,0.0,0,0.0
2017-07-18,0.268021431601977,1,0.7780562397716865,0,0.0,0,0.0
2017-07-19,0.0368729621618562,1,0.1076760600283194,0,0.0,0,0.0
2017-07-20,0.414132243255273,1,1.2018089577361888,-1,-0.1452382566692342,-1,-1.0
2017-07-21,0.0902038941820083,1,0.2623472109130647,0,0.0,0,0.0
2017-07-24,0.1547322787673326,1,0.4494933778837485,0,0.0,0,0.0
2017-07-25,-0.2980026401704798,1,-0.8635350711852283,0,0.0,0,0.0
2017-07-26,0.2208106521612108,1,0.6411348451200815,0,0.0,0,0.0
2017-07-27,-0.2932075803994337,1,-0.8496283685409056,0,0.0,0,0.0
2017-07-28,0.161625437442472,1,0.4694850177281844,0,0.0,0,0.0
2017-07-31,-0.043645460605417,1,-0.1258446500941421,0,0.0,0,0.0
2017-08-01,0.0929691905148815,1,0.2703671638773453,0,0.0,0,0.0
2017-08-02,-0.1222317287052274,1,-0.3537616969243347,0,0.0,0,0.0
2017-08-03,0.0688894393035894,1,0.2005307164013938,0,0.0,0,0.0
2017-08-04,-0.2704548006664227,1,-0.7836404231998767,0,0.0,0,0.0
2017-08-07,0.0409089252053822,1,0.1193812192150102,0,0.0,0,0.0
2017-08-08,0.0237730402878065,1,0.0696834745622733,0,0.0,0,0.0
2017-08-09,0.1249929868977138,1,0.3632430476207564,0,0.0,0,0.0
2017-08-10,0.2021249127452747,1,0.5869421897300877,0,0.0,0,0.0
2017-08-11,0.0386089448594356,1,0.11271078249762,0,0.0,0,0.0
2017-08-14,0.1329465201491741,1,0.3863100013566975,0,0.0,0,0.0
2017-08-15,0.3118619849891835,1,0.9052032554147108,0,0.0,0,0.0
2017-08-16,0.0573408984878336,1,0.1670374690241034,0,0.0,0,0.0
2017-08-17,-0.0122188425075824,1,-0.0347007115676093,0,0.0,0,0.0
2017-08-18,0.0862820037610775,1,0.2509728868187471,0,0.0,0,0.0
2017-08-21,0.1501990185704114,1,0.4363459502023259,0,0.0,0,0.0
2017-08-22,0.1539366495180528,1,0.4471858822709365,0,0.0,0,0.0
2017-08-23,-0.023591860668837,1,-0.0676849055691252,0,0.0,0,0.0
2017-08-24,-0.0028504756603704,1,-0.0075304366955851,0,0.0,0,0.0
2017-08-25,-0.1684172430756919,1,-0.487709602788503,0,0.0,0,0.0
2017-08-28,0.1051602286051526,1,0.3057237912692965,0,0.0,0,0.0
2017-08-29,0.0405843907897823,1,0.1184399997451613,0,0.0,0,0.0
2017-08-30,-0.0811357028444287,1,-0.234574400248606,0,0.0,0,0.0
2017-08-31,0.1002853768373558,1,0.291585674706234,0,0.0,0,0.0
2017-09-01,-0.2883957560388124,1,-0.8356730449881254,0,0.0,0,0.0
2017-09-05,0.0099744851363129,1,0.0296647026229101,0,0.0,0,0.0
2017-09-06,-0.0553267302782655,1,-0.1597228396485988,0,0.0,0,0.0
2017-09-07,0.1843304205596193,1,0.5353343426231791,0,0.0,0,0.0
2017-09-08,0.06831606875821,1,0.1988678187399814,0,0.0,0,0.0
2017-09-11,0.0823521441100113,1,0.2395754502463606,0,0.0,0,0.0
2017-09-12,-0.3222163852601131,1,-0.9337601296715162,0,0.0,0,0.0
2017-09-13,-0.2197365497684227,1,-0.6365466084079155,0,0.0,0,0.0
2017-09-14,-0.0127066208081951,1,-0.0361153733459534,0,0.0,0,0.0
2017-09-15,-0.0780526051804395,1,-0.2256327552048048,0,0.0,0,0.0
2017-09-18,-0.0928463680691225,1,-0.2685378432134677,0,0.0,0,0.0
2017-09-19,-0.0725634347035151,1,-0.2097129825155214,0,0.0,0,0.0
2017-09-20,-0.1879043393464574,1,-0.544226365076891,0,0.0,0,0.0
2017-09-21,-0.117669245404943,1,-0.3405295159701229,0,0.0,0,0.0
2017-09-22,-0.1135361984574913,1,-0.3285427926220015,0,0.0,0,0.0
2017-09-25,-0.2597017717381378,1,-0.7524543310609596,0,0.0,0,0.0
2017-09-26,-0.131957160847068,1,-0.3819675377984746,0,0.0,0,0.0
2017-09-27,-0.1208065859953948,1,-0.3496284771444606,0,0.0,0,0.0
2017-09-28,-0.0073144314340913,1,-0.0204768666728281,0,0.0,0,0.0
2017-09-29,0.0704880897627467,1,0.2051671458995105,0,0.0,0,0.0
2017-10-02,-0.0045170506804678,1,-0.0123638620011251,0,0.0,0,0.0
2017-10-03,-0.1519670741950843,1,-0.4400005818388867,0,0.0,0,0.0
2017-10-04,0.1103996176228113,1,0.320919144108582,0,0.0,0,0.0
2017-10-05,0.1019994489010525,1,0.2965568516339349,0,0.0,0,0.0
2017-10-06,-0.0096441499537702,1,-0.0272335504776431,0,0.0,0,0.0
2017-10-09,-0.0180879118935836,1,-0.0517222726423755,0,0.0,0,0.0
2017-10-10,0.1433154458412534,1,0.4163821116589568,0,0.0,0,0.0
2017-10-11,0.135352877695072,1,0.3932889547888927,0,0.0,0,0.0
2017-10-12,0.1243248617190546,1,0.3613053411827883,0,0.0,0,0.0
2017-10-13,-0.1115177434803449,1,-0.3226888399064122,0,0.0,0,0.0
2017-10-16,-0.0269648995220514,1,-0.0774674423005009,0,0.0,0,0.0
2017-10-17,0.0900609508975938,1,0.2619326447040345,0,0.0,0,0.0
2017-10-18,0.0105592340042765,1,0.0313605998622892,0,0.0,0,0.0
2017-10-19,0.1615994718401887,1,0.4694097119077823,0,0.0,0,0.0
2017-10-20,-0.1735731320882842,1,-0.5026627876889717,0,0.0,0,0.0
2017-10-23,0.0111454590740513,1,0.0330607784038022,0,0.0,0,0.0
2017-10-24,-0.3044751372717431,1,-0.8823067021661434,0,0.0,0,0.0
2017-10-25,0.2258674435243455,1,0.655800625564806,0,0.0,0,0.0
2017-10-26,-0.2086365202730223,1,-0.6043541401371669,0,0.0,0,0.0
2017-10-27,0.1114637669403376,1,0.3240054055598692,0,0.0,0,0.0
2017-10-30,-0.050911459527092,1,-0.1469176066874778,0,0.0,0,0.0
2017-10-31,0.0838827684696148,1,0.2440145894532781,0,0.0,0,0.0
2017-11-01,-0.1205215072005414,1,-0.3488016874443266,0,0.0,0,0.0
2017-11-02,0.0521070341857714,1,0.151858139045984,0,0.0,0,0.0
2017-11-03,0.1901569552475889,1,0.5522325439431491,0,0.0,0,0.0
2017-11-06,-0.2532828045481027,1,-0.7338379483133454,0,0.0,0,0.0
2017-11-07,0.2576279818942273,1,0.747913004559654,0,0.0,0,0.0
2017-11-08,0.1504954089199096,1,0.43720554583907,0,0.0,0,0.0
2017-11-09,0.0848076259167783,1,0.2466968745800982,0,0.0,0,0.0
2017-11-10,-0.1713773322121501,1,-0.496294496697434,0,0.0,0,0.0
2017-11-13,0.1707244234991626,1,0.4958740304823733,0,0.0,0,0.0
2017-11-14,0.18160650270082,1,0.5274343961160229,0,0.0,0,0.0
2017-11-15,0.0025941857250855,1,0.0082602500741116,0,0.0,0,0.0
2017-11-16,0.0237184096456105,1,0.0695250339728827,0,0.0,0,0.0
2017-11-17,-0.2521139304880871,1,-0.7304479626286097,0,0.0,0,0.0
2017-11-20,-0.1819736633145879,1,-0.5270261315046143,0,0.0,0,0.0
2017-11-21,0.1166724073810508,1,0.3391115809255186,0,0.0,0,0.0
2017-11-22,-0.1448285821590417,1,-0.4192974225845334,0,0.0,0,0.0
2017-11-24,0.1326311792680364,1,0.3853954451102745,0,0.0,0,0.0
2017-11-27,0.1698680672546244,1,0.4933904135476458,0,0.0,0,0.0
2017-11-28,-0.2953910131447453,1,-0.8559607921983279,0,0.0,0,0.0
2017-11-29,-0.5939925814189161,0,-1.7219694380533064,0,0.0,0,1.0
2017-11-30,-0.0277582885175707,1,-0.0797684406965141,0,0.0,0,0.0
2017-12-01,0.0402381404059599,1,0.1174357993059142,0,0.0,0,0.0
2017-12-04,-0.86116997104113,2,-2.4968412202984496,0,0.0,0,0.0
2017-12-05,0.2286827187311316,1,0.6639655279919069,0,0.0,0,0.0
2017-12-06,0.2758360350075053,1,0.8007202671317218,0,0.0,0,0.0
2017-12-07,-0.2340920562272932,1,-0.6781806586939274,0,0.0,0,0.0
2017-12-08,-0.0530233110912827,1,-0.1530424295540216,0,0.0,0,0.0
2017-12-11,0.2388385724181735,1,0.6934196837414875,0,0.0,0,0.0
2017-12-12,-0.0820847772725727,1,-0.2373269198186904,0,0.0,0,0.0
2017-12-13,-0.0147415850214192,1,-0.0420172063900431,0,0.0,0,0.0
2017-12-14,0.0989637325743784,1,0.2877526226392329,0,0.0,0,0.0
2017-12-15,0.1553862245026011,1,0.4513899608921219,0,0.0,0,0.0
2017-12-18,-0.4934791025261945,1,-1.430458773025134,1,-0.051154838005906,0,1.0
2017-12-19,-0.1510717668341099,1,-0.437403998305241,0,0.0,0,0.0
2017-12-20,-0.2873308247452928,1,-0.8325845156385985,0,0.0,0,0.0
2017-12-21,-0.3349400173653686,1,-0.9706613940336376,0,0.0,0,0.0
2017-12-22,-0.0519630133006291,1,-0.1499673383574346,0,0.0,0,0.0
2017-12-26,-0.1858118586265367,1,-0.5381577218168787,0,0.0,0,0.0
2017-12-27,0.0836548608207447,1,0.2433536083488627,0,0.0,0,0.0
2017-12-28,0.0229596250264653,1,0.0673243956965353,0,0.0,0,0.0
2017-12-29,-0.0497945790977023,1,-0.1436784136925178,0,0.0,0,0.0
2018-01-02,-0.2547649503732809,1,-0.7381364893640194,0,0.0,0,0.0
2018-01-03,-0.0234911400210881,1,-0.0673927940699434,0,0.0,0,0.0
2018-01-04,0.0075425552876723,1,0.0226115840234064,0,0.0,0,0.0
2018-01-05,0.1692660285887515,1,0.4916443721828991,0,0.0,0,0.0
2018-01-08,0.0499779886315337,1,0.1456834499174392,0,0.0,0,0.0
2018-01-09,0.0908276893379997,1,0.2641563507694066,0,0.0,0,0.0
2018-01-10,-0.0711191322466344,1,-0.2055241953563733,0,0.0,0,0.0
2018-01-11,-0.544110251893543,0,-1.5772999746809773,0,0.0,0,1.0
2018-01-12,-0.1025397987833259,1,-0.2966508730780283,0,0.0,0,0.0
2018-01-16,0.3463193310114072,1,1.005136955498508,-1,-0.0540735566635485,-1,-1.0
2018-01-17,0.2275907838423002,1,0.6607986824193799,0,0.0,0,0.0
2018-01-18,-0.0353244149409251,1,-0.1017118314701368,0,0.0,0,0.0
2018-01-19,-0.1465446337643373,1,-0.4242743406077996,0,0.0,0,0.0
2018-01-22,0.1951735199574343,1,0.566781658458275,0,0.0,0,0.0
2018-01-23,0.1327601468736597,1,0.3857694788507888,0,0.0,0,0.0
2018-01-24,0.0152113851964314,1,0.0448528369510491,0,0.0,0,0.0
2018-01-25,0.4458759241536058,1,1.2938724464449172,-1,-0.1216711208983315,-1,-1.0
2018-01-26,0.1694211293824554,1,0.4920941977786012,0,0.0,0,0.0
2018-01-29,0.0202813510122755,1,0.0595568261366612,0,0.0,0,0.0
2018-01-30,0.0135640840067643,1,0.0400753098910808,0,0.0,0,0.0
2018-01-31,0.2291546315593296,1,0.6653341764945634,0,0.0,0,0.0
2018-02-01,-0.0352492732151117,1,-0.1014939043353432,0,0.0,0,0.0
2018-02-02,0.1287265157320185,1,0.3740710826801303,0,0.0,0,0.0
2018-02-05,-0.2963785035135888,1,-0.8588247262428127,0,0.0,0,0.0
2018-02-06,-0.3459877903523017,1,-1.002702307212441,1,-0.0247472802899625,0,1.0
2018-02-07,-0.088506455058242,1,-0.2559511638755009,0,0.0,0,0.0
2018-02-08,-0.0897937901099421,1,-0.259684711864977,0,0.0,0,0.0
2018-02-09,0.3703066981697366,1,1.074705469389692,-1,0.070170277706016,0,-1.0
2018-02-12,0.0168494422140601,1,0.049603553927751,0,0.0,0,0.0
2018-02-13,0.0876778453797302,1,0.2550211271444226,0,0.0,0,0.0
2018-02-14,-0.0789343741707603,1,-0.2281900745574062,0,0.0,0,0.0
2018-02-15,0.403024456155979,1,1.1695939907489,-1,-0.1255783685536429,-1,-1.0
2018-02-16,0.1370449659038676,1,0.3981963738183225,0,0.0,0,0.0
2018-02-20,-0.0985789147232001,1,-0.2851634590596643,0,0.0,0,0.0
2018-02-21,-0.1718555804714603,1,-0.4976815193102805,0,0.0,0,0.0
2018-02-22,-0.1869735609391666,1,-0.5415269078947078,0,0.0,0,0.0
2018-02-23,0.4002729054162377,1,1.1616139029553334,-1,0.1486457181966577,0,-1.0
2018-02-26,0.1858699060107478,1,0.5397991808976426,0,0.0,0,0.0
2018-02-27,0.0903037432159785,1,0.2626367945451877,0,0.0,0,0.0
2018-02-28,0.022083968409394,1,0.0647848035384406,0,0.0,0,0.0
2018-03-01,-0.1948246172550437,1,-0.564296656519742,0,0.0,0,0.0
2018-03-02,0.277446087602336,1,0.8053897652708757,0,0.0,0,0.0
2018-03-05,0.361716478803029,1,1.0497919892483918,-1,-0.0004873528868048,-1,-1.0
2018-03-06,-0.3388628580256891,1,-0.982038474026164,0,0.0,0,0.0
2018-03-07,0.2183779658039485,1,0.6340795324831825,0,0.0,0,0.0
2018-03-08,0.3153166541274424,1,0.9152225374954854,0,0.0,0,0.0
2018-03-09,-0.0463137013358067,1,-0.1335831209772495,0,0.0,0,0.0
2018-03-12,0.1052865259116554,1,0.3060900805691545,0,0.0,0,0.0
2018-03-13,-0.061599273194648,1,-0.1779145605711626,0,0.0,0,0.0
2018-03-14,0.1982471963324919,1,0.575695979741799,0,0.0,0,0.0
2018-03-15,0.064471034430405,1,0.1877163938136698,0,0.0,0,0.0
2018-03-16,-0.1821457620159363,1,-0.5275252546812591,0,0.0,0,0.0
2018-03-19,-0.1560837351211134,1,-0.4519397822074567,0,0.0,0,0.0
2018-03-20,-0.0285737000009693,1,-0.0821333090347282,0,0.0,0,0.0
2018-03-21,-0.3850813112418874,1,-1.116081909613618,1,0.2415206368981565,1,1.0
2018-03-22,0.0750833324311093,1,0.21849433605328,0,0.0,0,0.0
2018-03-23,-0.1738852823873958,1,-0.503568090562628,0,0.0,0,0.0
2018-03-26,0.1789168031802215,1,0.5196336901349625,0,0.0,0,0.0
2018-03-27,-0.0487601560873384,1,-0.1406783649130554,0,0.0,0,0.0
2018-03-28,0.1853489539437227,1,0.5382883080756167,0,0.0,0,0.0
2018-03-29,-0.0185030779834329,1,-0.0529263434225573,0,0.0,0,0.0
2018-04-02,-0.0282907203966578,1,-0.0813126074377781,0,0.0,0,0.0
2018-04-03,-0.0700530225908528,1,-0.2024322485033395,0,0.0,0,0.0
2018-04-04,-0.0737181599755354,1,-0.2130619336778899,0,0.0,0,0.0
2018-04-05,-0.1245949488747509,1,-0.3606155427051684,0,0.0,0,0.0
2018-04-06,-0.0146059191741656,1,-0.0416237463109555,0,0.0,0,0.0
2018-04-09,0.3435597242866514,1,0.9971335036191,0,0.0,0,0.0
2018-04-10,-0.1410061924979869,1,-0.4082116720527051,0,0.0,0,0.0
2018-04-11,-0.0126261273603114,1,-0.0358819250683543,0,0.0,0,0.0
2018-04-12,-0.0209122922422381,1,-0.0599135819354061,0,0.0,0,0.0
2018-04-13,0.0880791999682128,1,0.2561851416058616,0,0.0,0,0.0
2018-04-16,0.0370783293847842,1,0.1082716690589712,0,0.0,0,0.0
2018-04-17,0.2044507727326203,1,0.5936876829628626,0,0.0,0,0.0
2018-04-18,-0.3095949842440647,1,-0.8971553574130371,0,0.0,0,0.0
2018-04-19,0.1143185082751769,1,0.3322847682301295,0,0.0,0,0.0
2018-04-20,-0.0159331180370488,1,-0.0454729079100348,0,0.0,0,0.0
2018-04-23,0.0438622124412586,1,0.1279463861521568,0,0.0,0,0.0
2018-04-24,0.2289962680921231,1,0.6648748884453377,0,0.0,0,0.0
2018-04-25,-0.1696999161647523,1,-0.4914296300855862,0,0.0,0,0.0
2018-04-26,0.4148391414215134,1,1.203859114161158,-1,-0.0890386453549952,-1,-1.0
2018-04-27,-0.1403197202971039,1,-0.4062207553119132,0,0.0,0,0.0
2018-04-30,0.0546841451950041,1,0.1593323141758158,0,0.0,0,0.0
2018-05-01,0.012166820254609,1,0.0360229450729722,0,0.0,0,0.0
2018-05-02,-0.3010683547114992,1,-0.8724263014409528,0,0.0,0,0.0
2018-05-03,-0.0627652215482276,1,-0.1812960610792016,0,0.0,0,0.0
2018-05-04,-0.0595481628409854,1,-0.1719659002538681,0,0.0,0,0.0
2018-05-07,-0.0623412635621369,1,-0.1800664919126501,0,0.0,0,0.0
2018-05-08,-0.4366252985917331,1,-1.2655705373686492,1,0.6856268055023794,1,1.0
2018-05-09,0.0227073223664988,1,0.0665926638233035,0,0.0,0,0.0
2018-05-10,0.2855791693269496,1,0.8289774481208646,0,0.0,0,0.0
2018-05-11,0.1018564622059,1,0.2961421595244459,0,0.0,0,0.0
2018-05-14,-0.0944838371209913,1,-0.273286854963253,0,0.0,0,0.0
2018-05-15,-0.1969209611801131,1,-0.5703765039039618,0,0.0,0,0.0
2018-05-16,-0.201617417531528,1,-0.5839972354651286,0,0.0,0,0.0
2018-05-17,-0.1959441108355611,1,-0.5675434282139116,0,0.0,0,0.0
2018-05-18,-0.070037840658825,1,-0.2023882176415029,0,0.0,0,0.0
2018-05-21,-0.1542222569022555,1,-0.4465410957875596,0,0.0,0,0.0
2018-05-22,0.2490015069106463,1,0.7228943753467845,0,0.0,0,0.0
2018-05-23,0.174331670293164,1,0.5063358205171449,0,0.0,0,0.0
2018-05-24,-0.0409345289057874,1,-0.1179823662361888,0,0.0,0,0.0
2018-05-25,0.0430772209146222,1,0.1256697422185061,0,0.0,0,0.0
2018-05-29,-0.0597160291606704,1,-0.1724527486151653,0,0.0,0,0.0
2018-05-30,0.1055839369523496,1,0.3069526364294687,0,0.0,0,0.0
2018-05-31,0.2065196793434993,1,0.5996879562462321,0,0.0,0,0.0
2018-06-01,-0.0692009139361654,1,-0.1999609504909673,0,0.0,0,0.0
2018-06-04,0.0574850972477726,1,0.1674556763816551,0,0.0,0,0.0
2018-06-05,-0.2628552850144418,1,-0.7616001964958999,0,0.0,0,0.0
2018-06-06,-0.1176852081123936,1,-0.3405758112482872,0,0.0,0,0.0
2018-06-07,-0.2565884382149513,1,-0.7434249955350524,0,0.0,0,0.0
2018-06-08,0.0583873699414713,1,0.1700724608753806,0,0.0,0,0.0
2018-06-11,-0.0637889592831526,1,-0.1842651202661883,0,0.0,0,0.0
2018-06-12,0.1012994702426676,1,0.2945267632670889,0,0.0,0,0.0
2018-06-13,0.310271211576778,1,0.9005896710430628,0,0.0,0,0.0
2018-06-14,0.1752785198312623,1,0.5090818874285018,0,0.0,0,0.0
2018-06-15,0.2305404587262691,1,0.669353372760567,0,0.0,0,0.0
2018-06-18,-0.1336507407206159,1,-0.3868792829758869,0,0.0,0,0.0
2018-06-19,0.4700630622222733,1,1.3640203388589371,-1,-0.0191925462108758,-1,-1.0
2018-06-20,-0.1616063123668588,1,-0.4679564416974235,0,0.0,0,0.0
2018-06-21,0.1384862130467787,1,0.4023762999111046,0,0.0,0,0.0
2018-06-22,0.0978401192326339,1,0.2844939027531563,0,0.0,0,0.0
2018-06-25,0.2484252665360148,1,0.7212231545645031,0,0.0,0,0.0
2018-06-26,-0.1471462507115989,1,-0.4260191588980475,0,0.0,0,0.0
2018-06-27,-0.1307817233897734,1,-0.3785585168527297,0,0.0,0,0.0
2018-06-28,0.2416989518049933,1,0.7017153979727566,0,0.0,0,0.0
2018-06-29,0.0417120805171748,1,0.1217105420246549,0,0.0,0,0.0
2018-07-02,0.3170377968382745,1,0.9202142208176652,0,0.0,0,0.0
2018-07-03,-0.0324651330915796,1,-0.0934193003331409,0,0.0,0,0.0
2018-07-05,0.1441538100068342,1,0.4188135477025255,0,0.0,0,0.0
2018-07-06,0.2789936834757343,1,0.8098781255109055,0,0.0,0,0.0
2018-07-09,-0.5000726770475923,1,-1.4495815545149373,1,0.027923633094295,1,1.0
2018-07-10,0.0610152079952204,1,0.1776937553233853,0,0.0,0,0.0
2018-07-11,0.4660078161040354,1,1.352259254616274,-1,-0.0045909781508677,-1,-1.0
2018-07-12,0.2502790586448474,1,0.726599549615425,0,0.0,0,0.0
2018-07-13,-0.1682840861360756,1,-0.4873234190801258,0,0.0,0,0.0
2018-07-16,0.100887710354908,1,0.2933325712041436,0,0.0,0,0.0
2018-07-17,-0.0261812825222471,1,-0.0751947847897194,0,0.0,0,0.0
2018-07-18,-0.2210689922070802,1,-0.640410977502327,0,0.0,0,0.0
2018-07-19,-0.2799723412343813,1,-0.8112433338837207,0,0.0,0,0.0
2018-07-20,0.0973285329817977,1,0.2830101928085459,0,0.0,0,0.0
2018-07-23,0.1384099220777384,1,0.4021550397242562,0,0.0,0,0.0
2018-07-24,0.1739049687320016,1,0.5050982943939495,0,0.0,0,0.0
2018-07-25,0.1641124801387062,1,0.4766979754162422,0,0.0,0,0.0
2018-07-26,-0.1082894800116355,1,-0.313326182867608,0,0.0,0,0.0
2018-07-27,-0.1509634079517361,1,-0.4370897342860224,0,0.0,0,0.0
2018-07-30,-0.3466054486965951,1,-1.0044936489975298,1,0.1689607299163856,1,1.0
2018-07-31,-0.1504306607353666,1,-0.4355446529989488,0,0.0,0,0.0
2018-08-01,0.2848566635356573,1,0.8268820262329095,0,0.0,0,0.0
2018-08-02,0.1568481886657976,1,0.4556299707908505,0,0.0,0,0.0
2018-08-03,0.1319644699414743,1,0.3834618449473151,0,0.0,0,0.0
2018-08-06,-0.0066126390122774,1,-0.0184415180026955,0,0.0,0,0.0
2018-08-07,-0.1584186044297572,1,-0.4587114044059389,0,0.0,0,0.0
2018-08-08,0.0723672306768848,1,0.2106170579271966,0,0.0,0,0.0
2018-08-09,0.0404249052283623,1,0.1179774573818477,0,0.0,0,0.0
2018-08-10,0.1657953188444176,1,0.4815785689012281,0,0.0,0,0.0
2018-08-13,0.2985782899623549,1,0.8666776883568321,0,0.0,0,0.0
2018-08-14,-0.1431105264415116,1,-0.414314692205584,0,0.0,0,0.0
2018-08-15,0.2449145758360501,1,0.7110413979291846,0,0.0,0,0.0
2018-08-16,0.1189666021971552,1,0.3457652383644434,0,0.0,0,0.0
2018-08-17,-0.1083676074486612,1,-0.3135527692058306,0,0.0,0,0.0
2018-08-20,-0.2077474127533408,1,-0.6017755374741296,0,0.0,0,0.0
2018-08-21,-0.3668518922078027,1,-1.0632126812847986,1,0.0680557767823644,1,1.0
2018-08-22,0.1641027896039332,1,0.4766698707852286,0,0.0,0,0.0
2018-08-23,0.106355320933338,1,0.3091898155597423,0,0.0,0,0.0
2018-08-24,0.2683922760219193,1,0.7791317681950409,0,0.0,0,0.0
2018-08-27,-0.1869779713391581,1,-0.5415396990014203,0,0.0,0,0.0
2018-08-28,0.0236966926787553,1,0.069462050107235,0,0.0,0,0.0
2018-08-29,0.2087977806843811,1,0.6062949391523836,0,0.0,0,0.0
2018-08-30,0.2013948203836355,1,0.584824765159592,0,0.0,0,0.0
2018-08-31,-0.0836241667643241,1,-0.2417914797903613,0,0.0,0,0.0
2018-09-04,0.0380422923310778,1,0.1110673685276609,0,0.0,0,0.0
2018-09-05,-0.2523530393897936,1,-0.7311414297707132,0,0.0,0,0.0
2018-09-06,0.1780230526558285,1,0.5170416217615939,0,0.0,0,0.0
2018-09-07,0.0564115800308257,1,0.1643422460111334,0,0.0,0,0.0
2018-09-10,-0.0976442956451758,1,-0.2824528631079148,0,0.0,0,0.0
2018-09-11,-0.0387205098319917,1,-0.1115612356604967,0,0.0,0,0.0
2018-09-12,-0.0498082900186721,1,-0.1437181783065188,0,0.0,0,0.0
2018-09-13,0.4047922039088464,1,1.174720838697228,-1,-0.1256376241897448,-1,-1.0
2018-09-14,-0.0971749612218708,1,-0.2810916925329288,0,0.0,0,0.0
2018-09-17,-0.1808557237630773,1,-0.5237838668281527,0,0.0,0,0.0
2018-09-18,-0.0329928002449789,1,-0.0949496483471134,0,0.0,0,0.0
2018-09-19,-0.2907668582750469,1,-0.8425497504543865,0,0.0,0,0.0
2018-09-20,0.188820813640767,1,0.5483574464669969,0,0.0,0,0.0
2018-09-21,0.081650327674505,1,0.2375400319313655,0,0.0,0,0.0
2018-09-24,0.2515900329159063,1,0.7304016564154402,0,0.0,0,0.0
2018-09-25,0.0044327922632743,1,0.0135926037104293,0,0.0,0,0.0
2018-09-26,-0.002111905749735,1,-0.0053884254132086,0,0.0,0,0.0
2018-09-27,0.2731534637668074,1,0.7929402346925312,0,0.0,0,0.0
2018-09-28,0.2392175184509195,1,0.6945187085810661,0,0.0,0,0.0
2018-10-01,0.0025477580488168,1,0.0081255998467601,0,0.0,0,0.0
2018-10-02,0.1416238678852111,1,0.4114761724720424,0,0.0,0,0.0
2018-10-03,-0.1971722852170183,1,-0.5711053975602444,0,0.0,0,0.0
2018-10-04,-0.0136156477150653,1,-0.0387517465077366,0,0.0,0,0.0
2018-10-05,0.2706311034182636,1,0.7856248482314825,0,0.0,0,0.0
2018-10-08,-0.1978588467392664,1,-0.5730965733521689,0,0.0,0,0.0
2018-10-09,0.6121119200605274,2,1.7759925188201693,0,0.0,0,0.0
2018-10-10,-0.2016703445604322,1,-0.5841507352102749,0,0.0,0,0.0
2018-10-11,-0.2608192190003401,1,-0.7556951679927524,0,0.0,0,0.0
2018-10-12,0.4850439830134546,1,1.4074682249601898,-1,-0.1082419695597128,-1,-1.0
2018-10-15,-0.2402049073558333,1,-0.695909239152284,0,0.0,0,0.0
2018-10-16,0.4665214212807853,1,1.3537488198794172,-1,-0.1780960773333538,-1,-1.0
2018-10-17,0.4853327990136489,1,1.4083058533580417,-1,-0.3586333882953553,-1,-1.0
2018-10-18,0.0952511100540355,1,0.276985220378101,0,0.0,0,0.0
2018-10-19,0.3159425393905432,1,0.9170377391111072,0,0.0,0,0.0
2018-10-22,0.0469112601027305,1,0.1367892788794789,0,0.0,0,0.0
2018-10-23,0.0656076975701754,1,0.1910129609152936,0,0.0,0,0.0
2018-10-24,0.1475974893964682,1,0.4288009571532266,0,0.0,0,0.0
2018-10-25,-0.3234076418043036,1,-0.9372150293649868,0,0.0,0,0.0
2018-10-26,-0.2615869416591026,1,-0.7579217285026311,0,0.0,0,0.0
2018-10-29,0.0508171900007493,1,0.148117314031263,0,0.0,0,0.0
2018-10-30,-0.2881349705313852,1,-0.8349167110363283,0,0.0,0,0.0
2018-10-31,0.0028638458832962,1,0.0090423224182148,0,0.0,0,0.0
2018-11-01,-0.5988307914829336,0,-1.736001285809895,0,0.0,0,1.0
2018-11-02,-0.2136607931900691,1,-0.6189256101078218,0,0.0,0,0.0
2018-11-05,0.2013052773978314,1,0.5845650712794487,0,0.0,0,0.0
2018-11-06,-0.0984972295027948,1,-0.2849265543859267,0,0.0,0,0.0
2018-11-07,0.4575523746002664,1,1.327736659208933,-1,-0.0733443573492042,-1,-1.0
2018-11-08,0.1714731842242186,1,0.4980455973141315,0,0.0,0,0.0
2018-11-09,0.2629912077684507,1,0.7634675108658163,0,0.0,0,0.0
2018-11-12,-0.100614219677696,1,-0.2910662803265859,0,0.0,0,0.0
2018-11-13,-0.1790384942961783,1,-0.5185135112873808,0,0.0,0,0.0
2018-11-14,-0.2394317476312598,1,-0.6936669099844319,0,0.0,0,0.0
2018-11-15,0.2700367962220842,1,0.7839012297884855,0,0.0,0,0.0
2018-11-16,0.0643373739365229,1,0.1873287496898291,0,0.0,0,0.0
2018-11-19,-0.2504434981896488,1,-0.725603350387877,0,0.0,0,0.0
2018-11-20,0.3070326476265143,1,0.8911971403966479,0,0.0,0,0.0
2018-11-21,-0.4719828766323728,1,-1.3681151035498,1,0.0676804477905126,1,1.0
2018-11-23,0.115816305269301,1,0.3366287010304294,0,0.0,0,0.0
2018-11-26,0.0758830265299739,1,0.2208136206024491,0,0.0,0,0.0
2018-11-27,0.3134490934877372,1,0.909806210749478,0,0.0,0,0.0
2018-11-28,0.0990668007508488,1,0.2880515424756282,0,0.0,0,0.0
2018-11-29,0.1133926992579492,1,0.3295997233458594,0,0.0,0,0.0
2018-11-30,0.2944146940945712,1,0.8546023665821119,0,0.0,0,0.0
2018-12-03,-0.1560860095290251,1,-0.4519463784786253,0,0.0,0,0.0
2018-12-04,0.5348992433016193,1,1.552059181733928,-1,-0.1762955334737931,-1,-1.0
2018-12-06,0.0881938857674266,1,0.2565177550420533,0,0.0,0,0.0
2018-12-07,0.095770861204262,1,0.278492610283622,0,0.0,0,0.0
2018-12-10,0.507860818593048,1,1.473641946006546,-1,-0.9428781360954952,-1,-1.0
2018-12-11,0.2149529225017248,1,0.6241461716863966,0,0.0,0,0.0
2018-12-12,-0.0954030725577756,1,-0.2759528350531519,0,0.0,0,0.0
2018-12-13,0.2774665517269958,1,0.8054491156252213,0,0.0,0,0.0
2018-12-14,-0.4121421450096461,1,-1.1945641364229758,1,0.2127051421934655,1,1.0
2018-12-17,-0.4444227457919286,1,-1.2881848080504656,1,-0.1134078591911564,0,1.0
2018-12-18,-0.1810369279989036,1,-0.5243093980093788,0,0.0,0,0.0
2018-12-19,0.2114320954784704,1,0.613935017537673,0,0.0,0,0.0
2018-12-20,0.0359110229896685,1,0.10488622993896,0,0.0,0,0.0
2018-12-21,-0.1418543878708857,1,-0.4106716207078646,0,0.0,0,0.0
2018-12-24,-0.4350173175024472,1,-1.260907047040245,1,0.0546847219079927,1,1.0
2018-12-26,0.051049685620724,1,0.1487916012367365,0,0.0,0,0.0
2018-12-27,0.23217762319123,1,0.6741015011429365,0,0.0,0,0.0
2018-12-28,0.1119823932377028,1,0.3255095331506314,0,0.0,0,0.0
2018-12-31,0.0966012139200641,1,0.2809008114030933,0,0.0,0,0.0
2019-01-02,-0.6420200777298514,0,-1.8612594869449743,0,0.0,0,0.0
2019-01-03,-0.1719962504106353,1,-0.4980894923301196,0,0.0,0,0.0
2019-01-04,0.0600463244563977,1,0.1748837850801059,0,0.0,0,0.0
2019-01-07,-0.3072285772139216,1,-0.8902922690523147,0,0.0,0,0.0
2019-01-08,-0.0192828378308637,1,-0.0551878143634788,0,0.0,0,0.0
2019-01-09,-0.3084917368167151,1,-0.8939557030504561,0,0.0,0,0.0
2019-01-10,0.272153566228656,1,0.7900403171937284,0,0.0,0,0.0
2019-01-11,-0.068305256717496,1,-0.1973633522949058,0,0.0,0,0.0
2019-01-14,-0.2105060546196283,1,-0.609776191056863,0,0.0,0,0.0
2019-01-15,0.7405131792411973,2,2.1483837330787203,0,0.0,0,0.0
2019-01-16,0.0405504675361171,1,0.1183416150275613,0,0.0,0,0.0
2019-01-17,-0.1230012269486703,1,-0.3559934070109338,0,0.0,0,0.0
2019-01-18,-0.1028047909918034,1,-0.2974194073658822,0,0.0,0,0.0
2019-01-22,0.3110436556478638,1,0.902829924662178,0,0.0,0,0.0
2019-01-23,0.3112897424921727,1,0.9035436293357147,0,0.0,0,0.0
2019-01-24,-0.273301481568775,1,-0.7918964088856711,0,0.0,0,0.0
2019-01-25,-0.4051648999682224,1,-1.1743286280663228,1,0.0322226312337799,1,1.0
2019-01-28,-0.1976405773145502,1,-0.5724635451667427,0,0.0,0,0.0
2019-01-29,-0.4439225388737439,1,-1.286734100613234,1,0.1650965886880847,1,1.0
2019-01-30,0.2095953664057583,1,0.6086081089542547,0,0.0,0,0.0
2019-01-31,0.4934644513198221,1,1.4318893905877144,-1,-0.0162602297238926,-1,-1.0
2019-02-01,0.0550364164311507,1,0.1603539763792401,0,0.0,0,0.0
2019-02-04,-0.0710920336728484,1,-0.2054456036754098,0,0.0,0,0.0
2019-02-05,-0.0695571926940558,1,-0.2009942353677039,0,0.0,0,0.0
2019-02-06,-0.0230143622418514,1,-0.0660100361649634,0,0.0,0,0.0
2019-02-07,0.1355592769377069,1,0.3938875568982281,0,0.0,0,0.0
2019-02-08,0.2236432211854729,1,0.6493499033301562,0,0.0,0,0.0
2019-02-11,-0.149950364868505,1,-0.4341516918846637,0,0.0,0,0.0
2019-02-12,-0.1672115815481132,1,-0.4842129255510304,0,0.0,0,0.0
2019-02-13,-0.118396784751384,1,-0.342639536248513,0,0.0,0,0.0
2019-02-14,0.0131496552075773,1,0.0388733774120868,0,0.0,0,0.0
2019-02-15,-0.0046673342973055,1,-0.0127997167498594,0,0.0,0,0.0
2019-02-19,-0.0284091917148701,1,-0.0816561996916657,0,0.0,0,0.0
2019-02-20,-0.1811414753218655,1,-0.5246126076881135,0,0.0,0,0.0
2019-02-21,0.0656657853899933,1,0.1911814280619061,0,0.0,0,0.0
2019-02-22,0.0660394466746301,1,0.1922651259975431,0,0.0,0,0.0
2019-02-25,-0.0664956254562664,1,-0.192115033181607,0,0.0,0,0.0
2019-02-26,0.1597221776059143,1,0.4639651556481094,0,0.0,0,0.0
2019-02-27,0.0212128477189851,1,0.0622583665413496,0,0.0,0,0.0
2019-02-28,0.3603461323231249,1,1.0458176902978775,-1,-0.1400062374361939,-1,-1.0
2019-03-01,0.1945742560984032,1,0.5650436646290099,0,0.0,0,0.0
2019-03-04,-0.3194563833324484,1,-0.9257555316188384,0,0.0,0,0.0
2019-03-05,0.0637482569193026,1,0.1856201838799382,0,0.0,0,0.0
2019-03-06,-0.0978975149762992,1,-0.2831872535242742,0,0.0,0,0.0
2019-03-07,0.0263212001499089,1,0.0770736851507693,0,0.0,0,0.0
2019-03-08,0.1388122118896439,1,0.4033217665343767,0,0.0,0,0.0
2019-03-11,0.0441307501903966,1,0.128725203269013,0,0.0,0,0.0
2019-03-12,0.169656179487587,1,0.4927758935393757,0,0.0,0,0.0
2019-03-13,0.1683643836924175,1,0.4890294084362944,0,0.0,0,0.0
2019-03-14,0.1436947428801731,1,0.4174821544917861,0,0.0,0,0.0
2019-03-15,0.2727621299888064,1,0.7918052827325576,0,0.0,0,0.0
2019-03-18,-0.3763917014563888,1,-1.0908801759226607,1,-0.1593662581850078,0,1.0
2019-03-19,0.0803647399834168,1,0.2338115516627525,0,0.0,0,0.0
2019-03-20,0.1262321279116265,1,0.3668368225553093,0,0.0,0,0.0
2019-03-21,0.0221965506371014,1,0.0651113161657108,0,0.0,0,0.0
2019-03-22,0.328662658182813,1,0.953928814111402,0,0.0,0,0.0
2019-03-25,-0.136260070992358,1,-0.394446900883188,0,0.0,0,0.0
2019-03-26,0.0887977124179542,1,0.2582689819461078,0,0.0,0,0.0
2019-03-27,-0.3491999123369164,1,-1.012018150482437,1,0.0024861551281671,1,1.0
2019-03-28,-0.2169647947496456,1,-0.6285079238680911,0,0.0,0,0.0
2019-03-29,0.1808846358497457,1,0.5253408272918549,0,0.0,0,0.0
2019-04-01,-0.3945457680169374,1,-1.1435308659030516,1,0.0574900564396025,1,1.0
2019-04-02,-0.0066358913626392,1,-0.018508954810098,0,0.0,0,0.0
2019-04-03,-0.1470293997244688,1,-0.4256802659521187,0,0.0,0,0.0
2019-04-04,-0.5176160535660584,1,-1.5004611122824678,1,0.4299246750608639,1,1.0
2019-04-05,0.0295449726523368,1,0.0864233174233255,0,0.0,0,0.0
2019-04-08,-0.0873063546892623,1,-0.2524706151917246,0,0.0,0,0.0
2019-04-09,0.4566096257139253,1,1.3250024850679187,-1,0.0071589808917852,0,-1.0
2019-04-10,-0.1019352562815943,1,-0.2948975700518174,0,0.0,0,0.0
2019-04-11,-0.2317593558058946,1,-0.6714153267340299,0,0.0,0,0.0
2019-04-12,-0.234764238166613,1,-0.6801301306086364,0,0.0,0,0.0
2019-04-15,0.125021272227069,1,0.3633250811476197,0,0.0,0,0.0
2019-04-16,-0.4672261655638702,1,-1.354319620374792,1,0.2836644481931297,1,1.0
2019-04-17,-0.5684755720286613,0,-1.647964633336295,0,0.0,0,1.0
2019-04-18,-0.0856872577504586,1,-0.2477748865135889,0,0.0,0,0.0
2019-04-22,0.266869737605749,1,0.7747160799598098,0,0.0,0,0.0
2019-04-23,0.1762247949672808,1,0.5118262884505257,0,0.0,0,0.0
2019-04-24,-0.0724785391241449,1,-0.2094667671116491,0,0.0,0,0.0
2019-04-25,0.8453412314119164,2,2.4524075867800685,0,0.0,0,0.0
2019-04-26,0.0922517941800581,1,0.2682865605099467,0,0.0,0,0.0
2019-04-29,-0.0335446582019335,1,-0.0965501548841983,0,0.0,0,0.0
2019-04-30,0.3164643959420917,1,0.918551235132408,0,0.0,0,0.0
2019-05-01,-0.0492422264570063,1,-0.1420764724663943,0,0.0,0,0.0
2019-05-02,-0.0370452633618416,1,-0.1067026612883892,0,0.0,0,0.0
2019-05-03,-0.0113174640494037,1,-0.0320865205488486,0,0.0,0,0.0
2019-05-06,0.3405716950548199,1,0.9884675774359608,0,0.0,0,0.0
2019-05-07,-0.0922464838267685,1,-0.2667980501393949,0,0.0,0,0.0
2019-05-08,0.0707226993786183,1,0.2058475641468754,0,0.0,0,0.0
2019-05-09,0.00684064724361,1,0.0205759000239339,0,0.0,0,0.0
2019-05-10,0.1916585657339528,1,0.556587536689549,0,0.0,0,0.0
2019-05-13,0.3657369276891093,1,1.061452154048219,-1,-0.0213112358070159,-1,-1.0
2019-05-14,-0.1159716184144161,1,-0.3356060332847167,0,0.0,0,0.0
2019-05-15,0.1005999943296834,1,0.2924981329698249,0,0.0,0,0.0
2019-05-16,0.2911475645118918,1,0.8451269894697883,0,0.0,0,0.0
2019-05-17,0.2344186007109918,1,0.6806008169988346,0,0.0,0,0.0
2019-05-20,0.1098618375189998,1,0.3193594663675666,0,0.0,0,0.0
2019-05-21,-0.2228108065481018,1,-0.6454626129894316,0,0.0,0,0.0
2019-05-22,0.6604076313856412,2,1.9160604488280328,0,0.0,0,0.0
2019-05-23,0.3552705966740247,1,1.0310975474002018,-1,-0.0363260423116936,-1,-1.0
2019-05-24,-0.0337453991925718,1,-0.0971323468481421,0,0.0,0,0.0
2019-05-28,-0.0623279801438628,1,-0.1800279671482345,0,0.0,0,0.0
2019-05-29,-0.1120505645298832,1,-0.324234135325524,0,0.0,0,0.0
2019-05-30,0.0992621343410103,1,0.288618051817436,0,0.0,0,0.0
2019-05-31,0.2561407552655094,1,0.7435997280880687,0,0.0,0,0.0
2019-06-03,-0.4826817586076645,1,-1.399144157901843,1,0.0559165793800168,1,1.0
2019-06-04,-0.3159689745987317,1,-0.9156412976833496,0,0.0,0,0.0
2019-06-05,0.4659165438894789,1,1.351994545601552,-1,-0.1221429220938845,-1,-1.0
2019-06-06,0.1095355266185288,1,0.3184130947102512,0,0.0,0,0.0
2019-06-07,0.1144800816171447,1,0.3327533656051956,0,0.0,0,0.0
2019-06-10,-0.1031891388346514,1,-0.2985340986143103,0,0.0,0,0.0
2019-06-11,-0.2035410066875299,1,-0.5895760569354866,0,0.0,0,0.0
2019-06-12,0.2714257494839679,1,0.7879294924008754,0,0.0,0,0.0
2019-06-13,-0.3902782399335803,1,-1.1311541183930625,1,0.1059084153995242,1,1.0
2019-06-14,0.1703158504328225,1,0.4946890808856282,0,0.0,0,0.0
2019-06-17,0.1220300950594701,1,0.354650025275019,0,0.0,0,0.0
2019-06-18,-0.2247214736885625,1,-0.6510039578408782,0,0.0,0,0.0
2019-06-19,0.3550550900007093,1,1.0304725317868904,-1,0.466269909926201,0,-1.0
2019-06-20,-0.1556799787636506,1,-0.4507688021004109,0,0.0,0,0.0
2019-06-21,0.1573287940543909,1,0.4570238295845998,0,0.0,0,0.0
2019-06-24,0.059666489239251,1,0.1737821814148925,0,0.0,0,0.0
2019-06-25,-0.13759840780812,1,-0.3983283649364905,0,0.0,0,0.0
2019-06-26,-0.6166434544572246,0,-1.787661832104391,0,0.0,0,0.0
2019-06-27,0.0111160606634531,1,0.0329755167024,0,0.0,0,0.0
2019-06-28,-0.158028119275144,1,-0.4575789136359555,0,0.0,0,0.0
2019-07-01,0.1011855339673754,1,0.2941963236111629,0,0.0,0,0.0
2019-07-02,0.4431827238804244,1,1.2860615875298946,-1,-0.11667876696569,-1,-1.0
2019-07-03,0.2170930345053076,1,0.630352955893568,0,0.0,0,0.0
2019-07-05,-0.0505485930930452,1,-0.1458652161357757,0,0.0,0,0.0
2019-07-08,-0.0527481849069173,1,-0.1522445045607316,0,0.0,0,0.0
2019-07-09,0.2968157145387952,1,0.8615658412737895,0,0.0,0,0.0
2019-07-10,0.330183455186579,1,0.9583394518768488,0,0.0,0,0.0
2019-07-11,0.0074884857586802,1,0.0224547707827556,0,0.0,0,0.0
2019-07-12,-0.7064307241477695,0,-2.048064187956487,0,0.0,0,0.0
2019-07-15,0.1315443713220468,1,0.3822434687725392,0,0.0,0,0.0
2019-07-16,-0.3620308994079731,1,-1.049230767290216,1,-0.0803873729294595,0,1.0
2019-07-17,0.5559542887649542,1,1.6131233332569894,-1,-0.1201485051398027,-1,-1.0
2019-07-18,0.3178547840623533,1,0.9225836591421004,0,0.0,0,0.0
2019-07-19,-0.483900947087504,1,-1.4026800662045698,1,0.0043417298962615,1,1.0
2019-07-22,0.1180862344949946,1,0.3432119830483074,0,0.0,0,0.0
2019-07-23,-0.3465804909779623,1,-1.0044212662560663,1,-0.0105181912743349,0,1.0
2019-07-24,-0.1774503872857841,1,-0.5139076600539354,0,0.0,0,0.0
2019-07-25,0.0736331887061567,1,0.214288607962836,0,0.0,0,0.0
2019-07-26,0.4026110850634085,1,1.1683951258461416,-1,-0.173547442722872,-1,-1.0
2019-07-29,0.2132540690336081,1,0.619219131952704,0,0.0,0,0.0
2019-07-30,-0.4249954650017295,1,-1.2318415234957203,1,0.1015670627631077,1,1.0
2019-07-31,-0.081631734984851,1,-0.2360129999341684,0,0.0,0,0.0
2019-08-01,0.9091259653312193,2,2.63739700718712,0,0.0,0,0.0
2019-08-02,0.012680610276587,1,0.0375130464269558,0,0.0,0,0.0
2019-08-05,-0.2841006407012847,1,-0.8232162885191572,0,0.0,0,0.0
2019-08-06,0.2798300739352659,1,0.8123038373832557,0,0.0,0,0.0
2019-08-07,0.0572253228562418,1,0.1667022748830038,0,0.0,0,0.0
2019-08-08,0.2087287288044002,1,0.6060946738777514,0,0.0,0,0.0
2019-08-09,0.3677146218669395,1,1.067187891696071,-1,0.0448597349303549,0,-1.0
2019-08-12,0.1510878166831524,1,0.4389236555188182,0,0.0,0,0.0
2019-08-13,0.0664844505823243,1,0.1935557328544655,0,0.0,0,0.0
2019-08-14,0.0987058288883939,1,0.287004646588232,0,0.0,0,0.0
2019-08-15,0.5679215605027219,1,1.64783099019296,-1,-0.3058845595617526,-1,-1.0
2019-08-16,-0.1851815870633572,1,-0.5363297989894646,0,0.0,0,0.0
2019-08-19,-0.0783534129887223,1,-0.2265051624202768,0,0.0,0,0.0
2019-08-20,-0.1267475757862267,1,-0.3668586228316815,0,0.0,0,0.0
2019-08-21,-0.0150521677816869,1,-0.0429179630645639,0,0.0,0,0.0
2019-08-22,-0.0225264372939862,1,-0.064594949078108,0,0.0,0,0.0
2019-08-23,0.1680049601776663,1,0.4879870030896073,0,0.0,0,0.0
2019-08-26,0.3025382009974386,1,0.8781622803937041,0,0.0,0,0.0
2019-08-27,0.0960849969311622,1,0.2794036713240573,0,0.0,0,0.0
2019-08-28,-0.3716101177600426,1,-1.0770125567877444,1,0.1085256383769495,1,1.0
2019-08-29,-0.1666687084163847,1,-0.4826384769357854,0,0.0,0,0.0
2019-08-30,-0.0079575323866963,1,-0.0223419974835349,0,0.0,0,0.0
2019-09-03,0.4395527907164174,1,1.2755340021522468,-1,0.1235894242870292,0,-1.0
2019-09-04,-0.1761597701517271,1,-0.5101645933210921,0,0.0,0,0.0
2019-09-05,-0.4755393638585685,1,-1.3784296799418785,1,0.5137544056382856,1,1.0
2019-09-06,-0.1172546276673557,1,-0.3393270355292105,0,0.0,0,0.0
2019-09-09,-1.0255289231375238,2,-2.9735174626966496,0,0.0,0,0.0
2019-09-10,-0.8231657375827832,2,-2.3866207852744776,0,0.0,0,0.0
2019-09-11,0.0434660237854631,1,0.1267973540044305,0,0.0,0,0.0
2019-09-12,0.2419180308886835,1,0.7023507743430091,0,0.0,0,0.0
2019-09-13,-0.342803626085145,1,-0.9934675473244812,0,0.0,0,0.0
2019-09-16,0.1075290573832522,1,0.3125939032189456,0,0.0,0,0.0
2019-09-17,0.396530516838288,1,1.1507601727375552,-1,-0.019447856194548,-1,-1.0
2019-09-18,0.0914453768839334,1,0.2659477772455206,0,0.0,0,0.0
2019-09-19,0.2843643003823421,1,0.8254540673975432,0,0.0,0,0.0
2019-09-20,0.2065658082613269,1,0.5998217400099729,0,0.0,0,0.0
2019-09-23,-0.1503370982203524,1,-0.4352733016212636,0,0.0,0,0.0
2019-09-24,0.1809780757801773,1,0.525611823147937,0,0.0,0,0.0
2019-09-25,-0.2323655399988686,1,-0.6731733910172493,0,0.0,0,0.0
2019-09-26,0.0765383058819544,1,0.2227140713855621,0,0.0,0,0.0
2019-09-27,-0.4933865410514552,1,-1.430190324879129,1,-0.1044995836662436,0,1.0
2019-09-30,0.0817817853496886,1,0.2379212874081233,0,0.0,0,0.0
2019-10-01,0.2834832220710069,1,0.8228987511622614,0,0.0,0,0.0
2019-10-02,-0.0468786241654531,1,-0.1352215184496482,0,0.0,0,0.0
2019-10-03,0.2542610291322661,1,0.7381481187993539,0,0.0,0,0.0
2019-10-04,0.3566448220165555,1,1.0350830958849706,-1,-0.149363140293177,-1,-1.0
2019-10-07,0.0265741099359618,1,0.0778071778199776,0,0.0,0,0.0
2019-10-08,-0.1219855457901495,1,-0.3530477136249453,0,0.0,0,0.0
2019-10-09,0.1023573739172751,1,0.297594911013221,0,0.0,0,0.0
2019-10-10,-0.1547903850594882,1,-0.4481887893980146,0,0.0,0,0.0
2019-10-11,-0.5621869498690277,0,-1.62972627915673,0,0.0,0,1.0
2019-10-14,-0.0176978862988911,1,-0.0505911146948116,0,0.0,0,0.0
2019-10-15,-0.0668231465508207,1,-0.1930649146615447,0,0.0,0,0.0
2019-10-16,-0.1314942360280312,1,-0.3806249564517529,0,0.0,0,0.0
2019-10-17,-0.0906766106708124,1,-0.262245080997902,0,0.0,0,0.0
2019-10-18,-0.2143956330403076,1,-0.6210568034143519,0,0.0,0,0.0
2019-10-21,-0.1482177902024435,1,-0.4291268534383333,0,0.0,0,0.0
2019-10-22,-0.594330664201663,0,-1.722949950696176,0,0.0,0,1.0
2019-10-23,0.1650519196652042,1,0.4794225517033237,0,0.0,0,0.0
2019-10-24,0.1877806154150406,1,0.5453406483232747,0,0.0,0,0.0
2019-10-25,-0.2823342556134035,1,-0.8180933925917991,0,0.0,0,0.0
2019-10-28,0.0670153940861716,1,0.1950955829880393,0,0.0,0,0.0
2019-10-29,0.1613491567407954,1,0.4686837443868632,0,0.0,0,0.0
2019-10-30,0.4362963322829213,1,1.2660895736632256,-1,0.0361205477805305,0,-1.0
2019-10-31,0.2475283316209635,1,0.7186218507746636,0,0.0,0,0.0
2019-11-01,-0.7093004301726691,0,-2.056386951440245,0,0.0,0,0.0
2019-11-04,-0.6073185702699544,0,-1.7606176662801925,0,0.0,0,0.0
2019-11-05,-0.362119439769316,1,-1.049487553344198,1,0.0922425613586783,1,1.0
2019-11-06,0.3402719831449391,1,0.9875983485611006,0,0.0,0,0.0
2019-11-07,-0.074008285996851,1,-0.2139033614182026,0,0.0,0,0.0
2019-11-08,0.0782797926553063,1,0.2277647568561086,0,0.0,0,0.0
2019-11-11,-0.0948182241875053,1,-0.2742566492357243,0,0.0,0,0.0
2019-11-12,0.2046255683703684,1,0.5941946278339914,0,0.0,0,0.0
2019-11-13,0.4629070675168315,1,1.3432664181062004,-1,-0.085166299720348,-1,-1.0
2019-11-14,-0.0692212427402994,1,-0.2000199083867401,0,0.0,0,0.0
2019-11-15,0.2132661317863743,1,0.6192541165251183,0,0.0,0,0.0
2019-11-18,0.1312676212858008,1,0.3814408342602193,0,0.0,0,0.0
2019-11-19,0.3465990677990379,1,1.0059482522309795,-1,-0.3065127133334429,-1,-1.0
2019-11-20,0.1978574188961553,1,0.5745655415067364,0,0.0,0,0.0
2019-11-21,-0.0802342421641942,1,-0.2319599707682336,0,0.0,0,0.0
2019-11-22,-0.1338051881687553,1,-0.3873272137292048,0,0.0,0,0.0
2019-11-25,-0.1493121785528884,1,-0.4323008145761999,0,0.0,0,0.0
2019-11-26,0.040715817989782,1,0.1188211668373441,0,0.0,0,0.0
2019-11-27,0.0962220501606134,1,0.2798011551093338,0,0.0,0,0.0
2019-11-29,0.1359838471563427,1,0.3951189016705822,0,0.0,0,0.0
2019-12-02,-0.0452570313817392,1,-0.1305185512855142,0,0.0,0,0.0
2019-12-03,0.3649543571745824,1,1.05918253156938,-1,0.0655178197462221,0,-1.0
2019-12-04,0.040086354465595,1,0.1169955874964621,0,0.0,0,0.0
2019-12-05,-0.1505135211789682,1,-0.4357849660722296,0,0.0,0,0.0
2019-12-06,-0.1406563410300553,1,-0.407197027696532,0,0.0,0,0.0
2019-12-09,-0.2138452526253234,1,-0.6194605820661506,0,0.0,0,0.0
2019-12-10,0.0230014264301754,1,0.0674456287403905,0,0.0,0,0.0
2019-12-11,-0.0976936925808728,1,-0.2825961248249901,0,0.0,0,0.0
2019-12-12,-0.2248940366584673,1,-0.6515044274959966,0,0.0,0,0.0
2019-12-13,0.3433078642432666,1,0.9964030554289672,0,0.0,0,0.0
2019-12-16,0.1906056010323203,1,0.5535337130252452,0,0.0,0,0.0
2019-12-17,-0.1071920514262944,1,-0.3101434043959252,0,0.0,0,0.0
2019-12-18,0.0816638119776888,1,0.2375791393051411,0,0.0,0,0.0
2019-12-19,0.1703214114633987,1,0.4947052090680308,0,0.0,0,0.0
2019-12-20,0.0475406500070714,1,0.1386146447070039,0,0.0,0,0.0
2019-12-23,-0.1603079041828036,1,-0.4641907792471573,0,0.0,0,0.0
2019-12-24,0.0074489636272436,1,0.0223401481177624,0,0.0,0,0.0
2019-12-26,-0.0271840540009024,1,-0.0781030373329039,0,0.0,0,0.0
2019-12-27,0.1458948013020075,1,0.4238627961799947,0,0.0,0,0.0
2019-12-30,-0.1410164680566196,1,-0.4082414733784929,0,0.0,0,0.0
2019-12-31,0.0542876851237487,1,0.1581824948649935,0,0.0,0,0.0
2020-01-02,0.0044754930559634,1,0.0137164451753867,0,0.0,0,0.0
2020-01-03,0.0408344305492311,1,0.1191651687211372,0,0.0,0,0.0
2020-01-06,0.2467053020943817,1,0.7162348884759281,0,0.0,0,0.0
2020-01-07,-0.0617733422215677,1,-0.1784193981149147,0,0.0,0,0.0
2020-01-08,0.1531476725433062,1,0.4448976796822491,0,0.0,0,0.0
2020-01-09,0.2309942567505932,1,0.6706694844434624,0,0.0,0,0.0
2020-01-10,0.0965655387258862,1,0.2807973456819348,0,0.0,0,0.0
2020-01-13,-0.0105325926483095,1,-0.0298102250050563,0,0.0,0,0.0
2020-01-14,0.0089215838494933,1,0.0266110628751765,0,0.0,0,0.0
2020-01-15,0.3802473043955171,1,1.1035353612965606,-1,0.0608192799023042,0,-1.0
2020-01-16,-0.0433253933390387,1,-0.1249163863159552,0,0.0,0,0.0
2020-01-17,0.1249097633896287,1,0.3630016815825382,0,0.0,0,0.0
2020-01-21,0.4139600626843385,1,1.2013095971201702,-1,-0.4218110694590378,-1,-1.0
2020-01-22,0.2600975841580853,1,0.7550753812500548,0,0.0,0,0.0
2020-01-23,-0.1497162057106624,1,-0.4334725800622782,0,0.0,0,0.0
2020-01-24,0.1747556916208257,1,0.5075655733878492,0,0.0,0,0.0
2020-01-27,0.2603145758452648,1,0.7557047037223453,0,0.0,0,0.0
2020-01-28,2.115065838703689e-05,1,0.0007978960525714,0,0.0,0,0.0
2020-01-29,0.1059100272085027,1,0.3078983681708986,0,0.0,0,0.0
2020-01-30,0.295926927216678,1,0.8589881672524227,0,0.0,0,0.0
2020-01-31,0.1338923900557725,1,0.3890532271264166,0,0.0,0,0.0
2020-02-03,0.1936658861175363,1,0.5624091966936523,0,0.0,0,0.0
2020-02-04,-0.1494993957438797,1,-0.4328437846181465,0,0.0,0,0.0
2020-02-05,-0.2892535455980651,1,-0.8381608188432006,0,0.0,0,0.0
2020-02-06,0.3289975333968039,1,0.954900024116342,0,0.0,0,0.0
2020-02-07,0.1348408073326109,1,0.3918038408166504,0,0.0,0,0.0
2020-02-10,0.1596081269536796,1,0.4636343842744976,0,0.0,0,0.0
2020-02-11,-0.0370824945624295,1,-0.1068106397621495,0,0.0,0,0.0
2020-02-12,-0.2333136450040892,1,-0.6759230990527596,0,0.0,0,0.0
2020-02-13,0.2615111709138179,1,0.7591750862824359,0,0.0,0,0.0
2020-02-14,0.3858697181204091,1,1.119841568006967,-1,0.0540842529807251,0,-1.0
2020-02-18,0.1213196877237238,1,0.3525896915052036,0,0.0,0,0.0
2020-02-19,-0.0281287963210494,1,-0.0808429928598661,0,0.0,0,0.0
2020-02-20,-0.4519882658747117,1,-1.310126440306275,1,0.1195605542017938,1,1.0
2020-02-21,0.0451150476706307,1,0.1315798772511445,0,0.0,0,0.0
2020-02-24,0.0819458321021431,1,0.238397058204543,0,0.0,0,0.0
2020-02-25,0.2690320391066971,1,0.7809872184725417,0,0.0,0,0.0
2020-02-26,0.4888434699662226,1,1.4184875527216874,-1,-0.1103015373953328,-1,-1.0
2020-02-27,-0.54101162649559,0,-1.5683132958754953,0,0.0,0,1.0
2020-02-28,-0.4722420694354656,1,-1.3688668183171373,1,0.0818751230468828,1,1.0
2020-03-02,1.1521772328778237,2,3.3422978564958146,0,0.0,0,0.0
2020-03-03,-0.1935590124274933,1,-0.5606261308449133,0,0.0,0,0.0
2020-03-04,0.9604554671250972,2,2.786263580788342,0,0.0,0,0.0
2020-03-05,0.3210186424679135,1,0.931759527672571,0,0.0,0,0.0
2020-03-06,0.3135836927595923,1,0.9101965775309588,0,0.0,0,0.0
2020-03-09,1.1780543197485258,2,3.417346963200412,0,0.0,0,0.0
2020-03-10,-0.2020415647820694,1,-0.5852273535392145,0,0.0,0,0.0
2020-03-11,0.5385819015480404,1,1.562739681168551,-1,-0.6126029590893817,-1,-1.0
2020-03-12,0.5328338329412237,1,1.546069048327466,-1,-0.2018823257262059,-1,-1.0
2020-03-13,0.9319486339294448,2,2.703587645239626,0,0.0,0,0.0
2020-03-16,0.8369782965511812,2,2.428153280495016,0,0.0,0,0.0
2020-03-17,3.390262864306305,2,9.833226615454112,0,0.0,0,0.0
2020-03-18,2.4724412053111084,2,7.171346784625524,0,0.0,0,0.0
2020-03-19,-3.4736865860990576,2,-10.07370020719632,0,0.0,0,0.0
2020-03-20,-1.0223542409440027,2,-2.9643102028576567,0,0.0,0,0.0
2020-03-23,-0.6199126102687269,0,-1.797143085715251,0,0.0,0,0.0
2020-03-24,-1.0374785613412474,2,-3.008173978598675,0,0.0,0,0.0
2020-03-25,-1.6033610718700475,2,-4.649354731561426,0,0.0,0,0.0
2020-03-26,1.4940715371975934,2,4.333864730108599,0,0.0,0,0.0
2020-03-27,1.0540091506865144,2,3.0575893453649643,0,0.0,0,0.0
2020-03-30,1.5507307235149532,2,4.4981885328988405,0,0.0,0,0.0
2020-03-31,-0.5911143062712222,0,-1.7136218222739956,0,0.0,0,1.0
2020-04-01,0.5151353165481107,1,1.4947395516211095,-1,0.1866977345244725,0,-1.0
2020-04-02,1.0892492416825448,2,3.159793173896961,0,0.0,0,0.0
2020-04-03,0.0621460777086739,1,0.1809735202450721,0,0.0,0,0.0
2020-04-06,-0.5763105523453387,0,-1.6706877581127737,0,0.0,0,1.0
2020-04-07,-1.4358564976360144,2,-4.163555509724327,0,0.0,0,0.0
2020-04-08,-0.2294353956591468,1,-0.6646753434468086,0,0.0,0,0.0
2020-04-09,-0.1415077729957197,1,-0.4096663631654791,0,0.0,0,0.0
2020-04-13,0.4679443029443588,1,1.3578754821397834,-1,-0.0635328222056199,-1,-1.0
2020-04-14,0.734292224667795,2,2.130341629424761,0,0.0,0,0.0
2020-04-15,0.8494898311551453,2,2.464439416574509,0,0.0,0,0.0
2020-04-16,1.061030564227844,2,3.0779529518525623,0,0.0,0,0.0
2020-04-17,-0.7595265263243574,2,-2.202053411821886,0,0.0,0,0.0
2020-04-20,0.2293865939062225,1,0.6660069170936269,0,0.0,0,0.0
2020-04-21,-0.4396766432756591,1,-1.2744200919541673,1,-0.0615428901695544,0,1.0
2020-04-22,0.4031251825646301,1,1.1698861189559353,-1,0.115697792912398,0,-1.0
2020-04-23,-0.75544007786934,2,-2.190201834104664,0,0.0,0,0.0
2020-04-24,-0.1536647221794752,1,-0.4449241254110051,0,0.0,0,0.0
2020-04-27,-0.8501351498371024,2,-2.464837870070304,0,0.0,0,0.0
2020-04-28,-1.5801971913777848,2,-4.582174505771614,0,0.0,0,0.0
2020-04-29,-1.041907277992774,2,-3.02101820755712,0,0.0,0,0.0
2020-04-30,0.8473106186787129,2,2.458119232602761,0,0.0,0,0.0
2020-05-01,0.4098050455991739,1,1.189259155656568,-1,0.0008747084834478,0,-1.0
2020-05-04,0.3335103480807822,1,0.9679881554213932,0,0.0,0,0.0
2020-05-05,0.6403061999859327,2,1.8577619827924337,0,0.0,0,0.0
2020-05-06,-0.0407969213420116,1,-0.1175832747623775,0,0.0,0,0.0
2020-05-07,-0.0991264876950953,1,-0.2867515382202613,0,0.0,0,0.0
2020-05-08,-0.8988470133527307,2,-2.6061127307619545,0,0.0,0,0.0
2020-05-11,1.0935186379678183,2,3.172175339593536,0,0.0,0,0.0
2020-05-12,0.4352816004372422,1,1.2631466334882575,-1,-0.0283231733141683,-1,-1.0
2020-05-13,0.7432755440681091,2,2.156395184046436,0,0.0,0,0.0
2020-05-14,-0.3465971970844049,1,-1.004469717550886,1,-0.2909438699562741,0,1.0
2020-05-15,0.0179137914886613,1,0.0526903952974781,0,0.0,0,0.0
2020-05-18,-1.7059696457394289,2,-4.946941621755332,0,0.0,0,0.0
2020-05-19,-0.1185130160573206,1,-0.3429766319859598,0,0.0,0,0.0
2020-05-20,-0.256605018547194,1,-0.7434730820576927,0,0.0,0,0.0
2020-05-21,-0.4696219238350774,1,-1.3612678336351425,1,-0.0655701905674144,0,1.0
2020-05-22,0.3045646936787389,1,0.8840395441767144,0,0.0,0,0.0
2020-05-26,-1.8069904844171512,2,-5.239923739069938,0,0.0,0,0.0
2020-05-27,-0.7389993174779975,2,-2.1425200997935447,0,0.0,0,0.0
2020-05-28,1.4710565446898825,2,4.267116311434305,0,0.0,0,0.0
2020-05-29,0.7350714623478927,2,2.132601585968328,0,0.0,0,0.0
2020-06-01,-0.4659368587402267,1,-1.3505803538234191,1,-0.5102850290617893,0,1.0
2020-06-02,-0.450827667584631,1,-1.306760456130828,1,0.0562691537032714,1,1.0
2020-06-03,-1.1669952159786336,2,-3.383800079112669,0,0.0,0,0.0
2020-06-04,-0.7935472907057468,2,-2.30072093143058,0,0.0,0,0.0
2020-06-05,-0.6695114567872036,0,-1.9409903875150736,0,0.0,0,0.0
2020-06-08,-0.1615076144533561,1,-0.4676701965617558,0,0.0,0,0.0
2020-06-09,0.5990503951569379,1,1.7381112928107578,-1,0.4182040214739462,0,-1.0
2020-06-10,1.0299755467666971,2,2.987886734940275,0,0.0,0,0.0
2020-06-11,0.4822884161902498,1,1.3994764896624858,-1,-0.0027679846161136,-1,-1.0
2020-06-12,-0.540064903132975,0,-1.565567594900125,0,0.0,0,1.0
2020-06-15,-0.2113705513829378,1,-0.6122834172434722,0,0.0,0,0.0
2020-06-16,-0.1925737862889726,1,-0.5577687635544045,0,0.0,0,0.0
2020-06-17,0.4728382056712277,1,1.3720688505736367,-1,0.0683306446782956,0,-1.0
2020-06-18,0.1728169232232316,1,0.5019427288584953,0,0.0,0,0.0
2020-06-19,0.2954227618527516,1,0.8575259794728193,0,0.0,0,0.0
2020-06-22,0.0568569007759812,1,0.1656337717647061,0,0.0,0,0.0
2020-06-23,-0.1379107170373494,1,-0.3992341287416043,0,0.0,0,0.0
2020-06-24,0.4059944044085066,1,1.178207478210792,-1,0.083799889424413,0,-1.0
2020-06-25,0.1004014563687463,1,0.291922330264917,0,0.0,0,0.0
2020-06-26,0.0504023995443396,1,0.1469143326686901,0,0.0,0,0.0
2020-06-29,-0.5480992879933817,0,-1.5888690356576298,0,0.0,0,1.0
2020-06-30,0.2140111761391262,1,0.6214149050794374,0,0.0,0,0.0
2020-07-01,0.8078117232128903,2,2.3435639569127256,0,0.0,0,0.0
2020-07-02,-0.0598549214759637,1,-0.1728555661441624,0,0.0,0,0.0
2020-07-06,-0.2357920393734119,1,-0.6831109747363228,0,0.0,0,0.0
2020-07-07,0.4823779234271652,1,1.3997360798631782,-1,-1.016181555654422,-1,-1.0
2020-07-08,0.1524000328906414,1,0.442729364201075,0,0.0,0,0.0
2020-07-09,0.5284566743217334,1,1.5333743487293825,-1,-0.0849894060301852,-1,-1.0
2020-07-10,-0.3348649635660705,1,-0.9704437219046128,0,0.0,0,0.0
2020-07-13,-0.3636629840561462,1,-1.0539641631134666,1,-0.0438724389317979,0,1.0
2020-07-14,-0.140763693517989,1,-0.4075083729558417,0,0.0,0,0.0
2020-07-15,-0.8110616572104433,2,-2.3515163539308843,0,0.0,0,0.0
2020-07-16,0.0087529280530063,1,0.0261219248616844,0,0.0,0,0.0
2020-07-17,0.5835054871698603,1,1.693027722775825,-1,0.0218080322495117,0,-1.0
2020-07-20,0.6022667636951593,1,1.747439451997779,-1,-0.0798993384318023,-1,-1.0
2020-07-21,-0.5338036322272568,1,-1.5474085652281393,1,-0.0548401506797275,0,1.0
2020-07-22,-0.0611779683901222,1,-0.176692686200682,0,0.0,0,0.0
2020-07-23,-0.1937948313985031,1,-0.5613100564817796,0,0.0,0,0.0
2020-07-24,-0.1016311011160912,1,-0.2940154547818626,0,0.0,0,0.0
2020-07-27,-0.1112164462816035,1,-0.3218150133535579,0,0.0,0,0.0
2020-07-28,0.3352243413332114,1,0.9729591037795003,0,0.0,0,0.0
2020-07-29,-0.3454753260732793,1,-1.0012160507976129,1,0.902673049523092,1,1.0
2020-07-30,0.2685522285412197,1,0.7795956648364453,0,0.0,0,0.0
2020-07-31,0.2396910923390335,1,0.6958921745140426,0,0.0,0,0.0
2020-08-03,-0.0915871844190857,1,-0.2648859403317994,0,0.0,0,0.0
2020-08-04,-0.379589406227943,1,-1.1001542061799805,1,0.148191889732072,1,1.0
2020-08-05,-0.5455995764966444,0,-1.581619335728626,0,0.0,0,1.0
2020-08-06,-0.1035216109564864,1,-0.2994983391361499,0,0.0,0,0.0
2020-08-07,-0.2549850712276598,1,-0.7387748870928958,0,0.0,0,0.0
2020-08-10,-1.0463908718270778,2,-3.0340215921255624,0,0.0,0,0.0
2020-08-11,-0.659159290708438,0,-1.9109668836890448,0,0.0,0,0.0
2020-08-12,0.3197956601931017,1,0.928212616550048,0,0.0,0,0.0
2020-08-13,0.2886183971352656,1,0.8377918611661034,0,0.0,0,0.0
2020-08-14,-0.2648552798461595,1,-0.7674006108270884,0,0.0,0,0.0
2020-08-17,0.0796398019734289,1,0.2317090758184798,0,0.0,0,0.0
2020-08-18,0.3481876126215564,1,1.0105553732135664,-1,-0.0563616096572142,-1,-1.0
2020-08-19,-0.1075926686212052,1,-0.3113052802577167,0,0.0,0,0.0
2020-08-20,0.2128449291531278,1,0.6180325384732797,0,0.0,0,0.0
2020-08-21,-0.2096497345993757,1,-0.6072926791803391,0,0.0,0,0.0
2020-08-24,-0.5216411940846397,1,-1.512134883823654,1,-0.0015881816494069,0,1.0
2020-08-25,0.2766403133000289,1,0.8030528468265459,0,0.0,0,0.0
2020-08-26,0.2629141135890138,1,0.7632439211964007,0,0.0,0,0.0
2020-08-27,0.1217333275794759,1,0.3537893358788816,0,0.0,0,0.0
2020-08-28,-0.2923970181650913,1,-0.8472775640658952,0,0.0,0,0.0
2020-08-31,0.6082507090081466,1,1.7647941779200895,-1,-0.039229701647845,-1,-1.0
2020-09-01,-0.6076514600719709,0,-1.761583118164218,0,0.0,0,0.0
2020-09-02,0.3994368363767503,1,1.1591891232701077,-1,-0.0170918835530213,-1,-1.0
2020-09-03,-0.3770304927535493,1,-1.0927328078074672,1,0.0175648044287133,1,1.0
2020-09-04,-0.4395754402370573,1,-1.2741265814179616,1,0.0390096705364459,1,1.0
2020-09-08,-0.2602479199113336,1,-0.7540382779994809,0,0.0,0,0.0
2020-09-09,0.2914390541640558,1,0.8459723720322788,0,0.0,0,0.0
2020-09-10,-0.3231000120069358,1,-0.9363228369167594,0,0.0,0,0.0
2020-09-11,-0.26267145413102,1,-0.7610670474728103,0,0.0,0,0.0
2020-09-14,-0.1008650053302173,1,-0.2917936125525857,0,0.0,0,0.0
2020-09-15,0.1409013039908894,1,0.4093805820728297,0,0.0,0,0.0
2020-09-16,-0.4690904975762516,1,-1.3597265834085028,1,-0.1572563409958345,0,1.0
2020-09-17,-0.183054984617142,1,-0.5301621953986232,0,0.0,0,0.0
2020-09-18,0.1152037385585867,1,0.3348521260756907,0,0.0,0,0.0
2020-09-21,0.9628324839013368,2,2.793157439690233,0,0.0,0,0.0
2020-09-22,-0.0620857699823554,1,-0.1793255056869915,0,0.0,0,0.0
2020-09-23,0.0364187436207905,1,0.1063587287566049,0,0.0,0,0.0
2020-09-24,-0.1007489725423936,1,-0.2914570925602803,0,0.0,0,0.0
2020-09-25,0.4120196918212329,1,1.1956821050968474,-1,0.0947575283014337,0,-1.0
2020-09-28,-0.4213567557473567,1,-1.221288485572135,1,0.4129074615722172,1,1.0
2020-09-29,0.2283436485101347,1,0.6629821515661486,0,0.0,0,0.0
2020-09-30,0.2447679967519893,1,0.7106162871207189,0,0.0,0,0.0
2020-10-01,0.0697906629541064,1,0.2031444584447045,0,0.0,0,0.0
2020-10-02,-0.7309725318431052,0,-2.1192406984212826,0,0.0,0,0.0
2020-10-05,-0.022709742103085,1,-0.0651265723727338,0,0.0,0,0.0
2020-10-06,0.0238371823903942,1,0.0698695004285315,0,0.0,0,0.0
2020-10-07,-0.1906122737820537,1,-0.5520799562257547,0,0.0,0,0.0
2020-10-08,-0.2850095633889683,1,-0.8258523594229276,0,0.0,0,0.0
2020-10-09,0.2988882388919504,1,0.8675766067863452,0,0.0,0,0.0
2020-10-12,0.3581504618778389,1,1.0394497746835831,-1,0.0464479886977104,0,-1.0
2020-10-13,0.1585331249272578,1,0.4605166476377693,0,0.0,0,0.0
2020-10-14,-0.3158200212773019,1,-0.9152093010768594,0,0.0,0,0.0
2020-10-15,-0.5137230367682676,1,-1.4891705278932723,1,0.07457309002059,1,1.0
2020-10-16,0.3519182112061394,1,1.0213749099197396,-1,-0.0434947710661441,-1,-1.0
2020-10-19,-0.1846088341220091,1,-0.5346686925123182,0,0.0,0,0.0
2020-10-20,-0.2495005595289043,1,-0.7228686258603559,0,0.0,0,0.0
2020-10-21,0.2823887964897107,1,0.819724682046934,0,0.0,0,0.0
2020-10-22,-0.1096456738535424,1,-0.3172594361299226,0,0.0,0,0.0
2020-10-23,-0.1429150735978196,1,-0.4137478370029388,0,0.0,0,0.0
2020-10-26,0.4532203545331421,1,1.3151728711021595,-1,-0.0363879845851419,-1,-1.0
2020-10-27,0.4416069883782318,1,1.2814916163259038,-1,-0.2131336133680635,-1,-1.0
2020-10-28,-0.4086767365309161,1,-1.1845137079495265,1,0.1415897341497431,1,1.0
2020-10-29,-0.5651698969771358,0,-1.6383774660901416,0,0.0,0,1.0
2020-10-30,-0.11221561175007,1,-0.3247128076931282,0,0.0,0,0.0
2020-11-02,-0.3036223298836205,1,-0.879833377676819,0,0.0,0,0.0
2020-11-03,-0.0457268765905234,1,-0.1318812032480353,0,0.0,0,0.0
2020-11-04,1.4212539649957994,2,4.122678139691828,0,0.0,0,0.0
2020-11-05,-0.5019330878981061,1,-1.4549771453375149,1,0.056105162012041,1,1.0
2020-11-06,0.2962666750424829,1,0.859973508877579,0,0.0,0,0.0
2020-11-09,-0.9371835158557926,2,-2.717296817340526,0,0.0,0,0.0
2020-11-10,-0.4582385284824601,1,-1.328253543551105,1,0.1395222482382387,1,1.0
2020-11-11,0.4499128028416648,1,1.305580261197306,-1,-0.230141233437553,-1,-1.0
2020-11-12,0.2435026011045288,1,0.7069463681130534,0,0.0,0,0.0
2020-11-13,-0.4035292921849247,1,-1.1695850143949338,1,0.4093330080642131,1,1.0
2020-11-16,-0.7706385782072915,2,-2.2342807475972104,0,0.0,0,0.0
2020-11-17,-0.2229452447298065,1,-0.6458525125748964,0,0.0,0,0.0
2020-11-18,-0.4588299916374571,1,-1.3299689136641708,1,0.16154692953281,1,1.0
2020-11-19,-0.2373100897908407,1,-0.6875136468118088,0,0.0,0,0.0
2020-11-20,0.046703355368721,1,0.136186310521988,0,0.0,0,0.0
2020-11-23,-0.834424365152189,2,-2.419273222004529,0,0.0,0,0.0
2020-11-24,-0.5635410458120952,0,-1.633653448062075,0,0.0,0,1.0
2020-11-25,0.37546015051615,1,1.0896515874351869,-1,-0.0706646196863538,-1,-1.0
2020-11-27,0.1777385147931831,1,0.5162164008809798,0,0.0,0,0.0
2020-11-30,0.452780666612446,1,1.3138976817486625,-1,-0.0077299485525978,-1,-1.0
2020-12-01,0.2106478497918499,1,0.6116605367001703,0,0.0,0,0.0
2020-12-02,0.1253080568864543,1,0.3641568182210777,0,0.0,0,0.0
2020-12-03,-0.3947467397050703,1,-1.1441137269392514,1,0.0634729806420986,1,1.0
2020-12-04,-0.2295643434870679,1,-0.6650493198277407,0,0.0,0,0.0
2020-12-07,0.0566887792336068,1,0.1651461832028235,0,0.0,0,0.0
2020-12-08,0.0996432014100428,1,0.2897232281175476,0,0.0,0,0.0
2020-12-09,-0.5054723448749798,1,-1.4652417503079112,1,0.2437397917827723,1,1.0
2020-12-10,0.0555808742659149,1,0.1619330209734615,0,0.0,0,0.0
2020-12-11,0.1300924915629,1,0.3780327058102745,0,0.0,0,0.0
2020-12-14,0.2644703739553897,1,0.7677574103259873,0,0.0,0,0.0
2020-12-15,-0.1170366440392589,1,-0.3386948362153299,0,0.0,0,0.0
2020-12-16,0.1270152222469014,1,0.3691079642267604,0,0.0,0,0.0
2020-12-17,0.1152864614366778,1,0.335092040179461,0,0.0,0,0.0
2020-12-18,0.1523121400026283,1,0.442474455958736,0,0.0,0,0.0
2020-12-21,-0.3752007102038308,1,-1.0874260456318718,1,-0.1606058352259926,0,1.0
2020-12-22,0.0458086190346999,1,0.1335913830890838,0,0.0,0,0.0
2020-12-23,-0.2795659581552042,1,-0.810064735719851,0,0.0,0,0.0
2020-12-24,0.1235602575672273,1,0.3590878250124409,0,0.0,0,0.0
2020-12-28,0.2757164268279412,1,0.8003733777358752,0,0.0,0,0.0
2020-12-29,0.2822658918339175,1,0.8193682321624007,0,0.0,0,0.0
2020-12-30,-0.2808016322058886,1,-0.8136484557168229,0,0.0,0,0.0
2020-12-31,0.412779633015367,1,1.1978860976889332,-1,-0.0728469189136563,-1,-1.0
2021-01-04,-0.0154223094500605,1,-0.0439914533575164,0,0.0,0,0.0
2021-01-05,-0.3788476529901078,1,-1.0980029625653906,1,0.0054993756790977,1,1.0
2021-01-06,-0.91927027568776,2,-2.6653445755942635,0,0.0,0,0.0
2021-01-07,-0.2043278640738546,1,-0.5918581122627591,0,0.0,0,0.0
2021-01-08,0.4169518488874068,1,1.2099864193263676,-1,0.0881804426205646,0,-1.0
2021-01-11,-0.3605711259197761,1,-1.0449971108192364,1,0.3250782405494549,1,1.0
2021-01-12,-0.9629651297709308,2,-2.7920690319797483,0,0.0,0,0.0
2021-01-13,0.4782095143471043,1,1.387646798739649,-1,-0.1131075796459815,-1,-1.0
2021-01-14,-0.6287901648403635,0,-1.822889899630266,0,0.0,0,0.0
2021-01-15,0.5690240869921963,1,1.6510285536809464,-1,0.0072531432693775,0,-1.0
2021-01-19,0.0406956092485745,1,0.1187625571498306,0,0.0,0,0.0
2021-01-20,0.0220428737324497,1,0.0646656201539121,0,0.0,0,0.0
2021-01-21,-0.1137257888531874,1,-0.3290926454670244,0,0.0,0,0.0
2021-01-22,-0.1034862468862893,1,-0.2993957757413215,0,0.0,0,0.0
2021-01-25,0.5655704023129732,1,1.6410121267426998,-1,-0.1282601921648306,-1,-1.0
2021-01-26,0.3856489903329689,1,1.1192014100419283,-1,-0.270447415501632,-1,-1.0
2021-01-27,-0.3232674859642037,1,-0.9368085473428224,0,0.0,0,0.0
2021-01-28,0.0450187505216199,1,0.131300594847852,0,0.0,0,0.0
2021-01-29,0.2749026890306777,1,0.7980133634467268,0,0.0,0,0.0
2021-02-01,-0.0507683334711894,1,-0.1465025104018984,0,0.0,0,0.0
2021-02-02,-0.014580543221603,1,-0.041550150601318,0,0.0,0,0.0
2021-02-03,-0.5540308877104643,0,-1.6060719481153027,0,0.0,0,1.0
2021-02-04,-0.0392413493470745,1,-0.1130717820577296,0,0.0,0,0.0
2021-02-05,-0.2845208918444082,1,-0.8244351070453921,0,0.0,0,0.0
2021-02-08,-0.5933588681902838,0,-1.7201315336572909,0,0.0,0,1.0
2021-02-09,0.0124018543791873,1,0.0367045944867117,0,0.0,0,0.0
2021-02-10,-0.1288560851064699,1,-0.3729737524733308,0,0.0,0,0.0
2021-02-11,0.0589295936320708,1,0.1716450259719424,0,0.0,0,0.0
2021-02-12,-0.1579128507217066,1,-0.457244610087421,0,0.0,0,0.0
2021-02-16,-0.2718253632915534,1,-0.7876153490179456,0,0.0,0,0.0
2021-02-17,0.2083185475067434,1,0.6049050600649646,0,0.0,0,0.0
2021-02-18,0.3260969916251258,1,0.94648783034772,0,0.0,0,0.0
2021-02-19,-1.0977600537822458,2,-3.1830032467122744,0,0.0,0,0.0
2021-02-22,-0.4836257246207516,1,-1.4018818619716895,1,-0.0175093194137722,0,1.0
2021-02-23,-0.0361484434676637,1,-0.1041016910837729,0,0.0,0,0.0
2021-02-24,-0.5420225096011017,0,-1.5712450738778063,0,0.0,0,1.0
2021-02-25,0.3118181687705011,1,0.9050761789749356,0,0.0,0,0.0
2021-02-26,-0.4138502835841068,1,-1.1995181049582084,1,0.0464116269802583,1,1.0
2021-03-01,-0.1317239045075071,1,-0.3812910443429052,0,0.0,0,0.0
2021-03-02,-0.1167270013060787,1,-0.3377968058211492,0,0.0,0,0.0
2021-03-03,-0.5226416088142429,1,-1.5150363012886874,1,0.2670769676497687,1,1.0
2021-03-04,0.2116166273771378,1,0.614470199655455,0,0.0,0,0.0
2021-03-05,0.0186239792620726,1,0.0547500922893905,0,0.0,0,0.0
2021-03-08,-0.6299120372399658,0,-1.82614357041042,0,0.0,0,0.0
2021-03-09,0.5653340523447461,1,1.6403266610999196,-1,0.1599331837065551,0,-1.0
2021-03-10,-0.4470989437211761,1,-1.2959463565183542,1,0.2964123245885229,1,1.0
2021-03-11,0.001467196635029,1,0.0049917397932915,0,0.0,0,0.0
2021-03-12,-0.0891122202910544,1,-0.2577080130843175,0,0.0,0,0.0
2021-03-15,-0.014887643334699,1,-0.0424408068514552,0,0.0,0,0.0
2021-03-16,0.6079769785092093,1,1.7640003007141394,-1,0.0789819215852885,0,-1.0
2021-03-17,-0.632074299904221,0,-1.832414596288405,0,0.0,0,0.0
2021-03-18,-0.0098072943876295,1,-0.0277067043564449,0,0.0,0,0.0
2021-03-19,0.0122909913912909,1,0.0363830680239456,0,0.0,0,0.0
2021-03-22,0.4780685359013286,1,1.3872379309844438,-1,0.0376002385870864,0,-1.0
2021-03-23,0.8672816810667761,2,2.516039600519555,0,0.0,0,0.0
2021-03-24,-0.1168088362017609,1,-0.3380341445853193,0,0.0,0,0.0
2021-03-25,-0.494257239526997,1,-1.432715537362473,1,0.0569711599539191,1,1.0
2021-03-26,-0.0326367363349482,1,-0.0939169865752892,0,0.0,0,0.0
2021-03-29,0.6937362610263924,2,2.0127206291151225,0,0.0,0,0.0
2021-03-30,-0.7677258451866982,2,-2.225833196589759,0,0.0,0,0.0
2021-03-31,0.2934413579317277,1,0.851779482773371,0,0.0,0,0.0
2021-04-01,-0.0753069985486118,1,-0.2176699066001509,0,0.0,0,0.0
2021-04-05,0.1789547086668576,1,0.5197436241830049,0,0.0,0,0.0
2021-04-06,-0.1583691103748141,1,-0.458567861022202,0,0.0,0,0.0
2021-04-07,0.2407926757965429,1,0.6990870030068992,0,0.0,0,0.0
2021-04-08,0.117719322224657,1,0.3421478587028823,0,0.0,0,0.0
2021-04-09,-0.0962356100039825,1,-0.2783673723597717,0,0.0,0,0.0
2021-04-12,-0.0423403453016419,1,-0.1220595355569367,0,0.0,0,0.0
2021-04-13,0.4899186007689419,1,1.4216056628373217,-1,-0.0959733898733345,-1,-1.0
2021-04-14,-0.1820413330053836,1,-0.5272223881339085,0,0.0,0,0.0
2021-04-15,0.4620523039076234,1,1.3407874201558052,-1,0.0287304994155476,0,-1.0
2021-04-16,-0.0499858808251948,1,-0.1442332297671052,0,0.0,0,0.0
2021-04-19,0.0429120613923356,1,0.1251907441507058,0,0.0,0,0.0
2021-04-20,0.7390904489382822,2,2.144257509796755,0,0.0,0,0.0
2021-04-21,-0.3308513498921095,1,-0.95880338068718,0,0.0,0,0.0
2021-04-22,-0.1120576319250286,1,-0.3242546322885339,0,0.0,0,0.0
2021-04-23,-0.2547502056311204,1,-0.7380937264466453,0,0.0,0,0.0
2021-04-26,-0.2582968560883881,1,-0.74837977409727,0,0.0,0,0.0
2021-04-27,-0.3983209648304992,1,-1.154479747046726,1,-0.3346275930391545,0,1.0
2021-04-28,-0.0943276758818224,1,-0.2728339538480667,0,0.0,0,0.0
2021-04-29,-0.1388922909566929,1,-0.4020809038125133,0,0.0,0,0.0
2021-04-30,0.3468604462207647,1,1.006706305761521,-1,0.0532437035906306,0,-1.0
2021-05-03,-0.1392952943226342,1,-0.4032497000825092,0,0.0,0,0.0
2021-05-04,-0.2969192156161311,1,-0.8603929074095309,0,0.0,0,0.0
2021-05-05,-0.3039414576456053,1,-0.8807589166905909,0,0.0,0,0.0
2021-05-06,-0.0781160464206892,1,-0.2258167484198358,0,0.0,0,0.0
2021-05-07,-0.4008759618196398,1,-1.1618897867712916,1,0.2721480269477781,1,1.0
2021-05-10,-0.0010152617207941,1,-0.0022079223234992,0,0.0,0,0.0
2021-05-11,0.1652318664672207,1,0.4799444360565806,0,0.0,0,0.0
2021-05-12,0.5371572362338279,1,1.5586078459384531,-1,-0.202380204431167,-1,-1.0
2021-05-13,-0.1576130344206173,1,-0.4563750784556475,0,0.0,0,0.0
2021-05-14,-0.2709716781972892,1,-0.785139478992402,0,0.0,0,0.0
2021-05-17,-0.1904522046110532,1,-0.5516157212693796,0,0.0,0,0.0
2021-05-18,0.4425102771353638,1,1.284111347621694,-1,-0.0326008361188341,-1,-1.0
2021-05-19,0.3155628187626366,1,0.9159364677792884,0,0.0,0,0.0
2021-05-20,0.4081303372817905,1,1.1844021420430035,-1,-0.0161878107882102,-1,-1.0
2021-05-21,-0.0936758412288605,1,-0.2709434934315476,0,0.0,0,0.0
2021-05-24,-0.0459201638399777,1,-0.1324417777625244,0,0.0,0,0.0
2021-05-25,-0.0972605266996045,1,-0.2813398507858555,0,0.0,0,0.0
2021-05-26,-0.4171557151683951,1,-1.2091045660971114,1,0.116105992272312,1,1.0
2021-05-27,-0.4042275441193581,1,-1.1716100948916617,1,-0.0546571438959745,0,1.0
2021-05-28,0.1501971321718073,1,0.4363404792414395,0,0.0,0,0.0
2021-06-01,-0.7015681418787667,0,-2.0339616555736995,0,0.0,0,0.0
2021-06-02,0.2759770906537549,1,0.801129358784873,0,0.0,0,0.0
2021-06-03,0.1875083055918282,1,0.5445508913818888,0,0.0,0,0.0
2021-06-04,0.1617927934762919,1,0.4699703861509347,0,0.0,0,0.0
2021-06-07,0.1152570056448344,1,0.3350066120601304,0,0.0,0,0.0
2021-06-08,-0.3477063082792659,1,-1.007686378097967,1,-0.1053293433769242,0,1.0
2021-06-09,0.5542297070657835,1,1.6081216761304138,-1,0.0049506231541954,0,-1.0
2021-06-10,0.7909629430205832,2,2.2946988775932136,0,0.0,0,0.0
2021-06-11,-0.3002211477405486,1,-0.8699692193636138,0,0.0,0,0.0
2021-06-14,0.4524546440907039,1,1.3129521464515643,-1,0.1024966344681098,0,-1.0
2021-06-15,-0.103148830939333,1,-0.2984171970653878,0,0.0,0,0.0
2021-06-16,-0.0447226236884669,1,-0.1289686542589846,0,0.0,0,0.0
2021-06-17,0.8656059176185034,2,2.5111795267999173,0,0.0,0,0.0
2021-06-18,-0.1445459758893343,1,-0.4184778037380754,0,0.0,0,0.0
2021-06-21,-0.3135814576507624,1,-0.9087169860294726,0,0.0,0,0.0
2021-06-22,-0.0686742774530125,1,-0.1984335916419529,0,0.0,0,0.0
2021-06-23,-0.3084437489677988,1,-0.8938165279875195,0,0.0,0,0.0
2021-06-24,-0.0266457319168258,1,-0.0765417877327781,0,0.0,0,0.0
2021-06-25,0.1099329709362471,1,0.3195657685470942,0,0.0,0,0.0
2021-06-28,0.2574068820024369,1,0.7472717674121241,0,0.0,0,0.0
2021-06-29,-0.1410917378127148,1,-0.4084597718285868,0,0.0,0,0.0
2021-06-30,-0.2562444919344246,1,-0.742427477489962,0,0.0,0,0.0
2021-07-01,0.03543883283491,1,0.103516777129747,0,0.0,0,0.0
2021-07-02,0.2431747895159524,1,0.7059956441380945,0,0.0,0,0.0
2021-07-06,0.5135042525826635,1,1.4900091159968638,-1,0.0269989082963114,0,-1.0
2021-07-07,0.07402101771342,1,0.2154133953353358,0,0.0,0,0.0
2021-07-08,0.2341791963576659,1,0.6799064929836132,0,0.0,0,0.0
2021-07-09,-0.5283371260808314,1,-1.5315545239624313,1,0.3478886417632835,1,1.0
2021-07-12,-0.1110647922376072,1,-0.3213751840718873,0,0.0,0,0.0
2021-07-13,0.3768788012876695,1,1.0937659792003924,-1,-0.1665687939721653,-1,-1.0
2021-07-14,0.2392463082423956,1,0.6946022051563682,0,0.0,0,0.0
2021-07-15,0.1881678397267778,1,0.5464636819489443,0,0.0,0,0.0
2021-07-16,0.6447110962704415,2,1.8705371275732428,0,0.0,0,0.0
2021-07-19,0.1941329445298711,1,0.5637637663482559,0,0.0,0,0.0
2021-07-20,-0.5717693044406119,0,-1.6575171643640725,0,0.0,0,1.0
2021-07-21,-0.4840124361776935,1,-1.4030034084983851,1,0.0317196341106175,1,1.0
2021-07-22,0.4349833448400308,1,1.2622816282327514,-1,0.061882452502596,0,-1.0
2021-07-23,0.1685175587643652,1,0.4894736490255278,0,0.0,0,0.0
2021-07-26,-0.2713555726544792,1,-0.7862528553250981,0,0.0,0,0.0
2021-07-27,0.326770422634643,1,0.948440924834127,0,0.0,0,0.0
2021-07-28,-0.1034480576037662,1,-0.299285018624287,0,0.0,0,0.0
2021-07-29,-0.3895535989122075,1,-1.1290525038795252,1,0.0819643992207134,1,1.0
2021-07-30,0.0293018900421909,1,0.0857183256737511,0,0.0,0,0.0
2021-08-02,0.1577472513079243,1,0.4582374454459468,0,0.0,0,0.0
2021-08-03,-0.2932450090181093,1,-0.849736919569498,0,0.0,0,0.0
2021-08-04,0.272439995229382,1,0.7908710227807283,0,0.0,0,0.0
2021-08-05,-0.2413278619253197,1,-0.6991660484574,0,0.0,0,0.0
2021-08-06,-0.1390000939683432,1,-0.4023935556873106,0,0.0,0,0.0
2021-08-09,0.0999272465553571,1,0.2905470200121349,0,0.0,0,0.0
2021-08-10,-0.5765537267940908,0,-1.6713930162140205,0,0.0,0,1.0
2021-08-11,-0.3979367188323923,1,-1.1533653511699091,1,-0.104145292239612,0,1.0
2021-08-12,0.226865840482904,1,0.6586961910606748,0,0.0,0,0.0
2021-08-13,0.3927680192455126,1,1.139848122060178,-1,-0.2163974981817558,-1,-1.0
2021-08-16,0.3282137295249674,1,0.952626824636553,0,0.0,0,0.0
2021-08-17,0.8360561252202541,2,2.425478785681884,0,0.0,0,0.0
2021-08-18,-0.3487954145013328,1,-1.010845019929675,1,0.0356881872831978,1,1.0
2021-08-19,0.6438146439677118,2,1.8679372234627327,0,0.0,0,0.0
2021-08-20,-0.0561194426631551,1,-0.1620218757285444,0,0.0,0,0.0
2021-08-23,-0.3357914019798229,1,-0.9731305921739112,0,0.0,0,0.0
2021-08-24,-0.5086951023990577,1,-1.4745884389253767,1,0.1342241099982765,1,1.0
2021-08-25,-0.3579914763267612,1,-1.0375155732515036,1,0.0915252136038523,1,1.0
2021-08-26,0.2210121934261512,1,0.6417193580512882,0,0.0,0,0.0
2021-08-27,-0.2354293158490742,1,-0.6820589986534543,0,0.0,0,0.0
2021-08-30,0.277097423617311,1,0.804378564870037,0,0.0,0,0.0
2021-08-31,0.1564143130118886,1,0.454371638258698,0,0.0,0,0.0
2021-09-01,0.2742789093989995,1,0.7962042686142256,0,0.0,0,0.0
2021-09-02,-0.0965530296066852,1,-0.2792879573449516,0,0.0,0,0.0
2021-09-03,0.19545768917582,1,0.5676058101914029,0,0.0,0,0.0
2021-09-07,0.0013765474841683,1,0.0047288377970343,0,0.0,0,0.0
2021-09-08,0.4900339998761762,1,1.4219403450198915,-1,0.0085266209553884,0,-1.0
2021-09-09,-0.3575410785151675,1,-1.0362093229154163,1,-0.2703894877923571,0,1.0
2021-09-10,-0.2612081538815427,1,-0.7568231626370632,0,0.0,0,0.0
2021-09-13,-0.2693776336160238,1,-0.7805164075288705,0,0.0,0,0.0
2021-09-14,0.2709109787822001,1,0.7864365468649883,0,0.0,0,0.0
2021-09-15,-0.2829359332945258,1,-0.8198383870232802,0,0.0,0,0.0
2021-09-16,-0.0757024167153654,1,-0.2188167041642623,0,0.0,0,0.0
2021-09-17,0.0608602436872396,1,0.1772443255655781,0,0.0,0,0.0
2021-09-20,0.2251966230752888,1,0.6538551022641179,0,0.0,0,0.0
2021-09-21,0.052738706434991,1,0.1536901241635859,0,0.0,0,0.0
2021-09-22,-0.3480185245266507,1,-1.008591872235772,1,-0.3065805307902562,0,1.0
2021-09-23,-0.3265593819141711,1,-0.9463557522366332,0,0.0,0,0.0
2021-09-24,0.0398262830924064,1,0.116241324687253,0,0.0,0,0.0
2021-09-27,-0.7976320809249595,2,-2.312567699908012,0,0.0,0,0.0
2021-09-28,-0.2678618377799295,1,-0.7761202742232232,0,0.0,0,0.0
2021-09-29,0.333900667335995,1,0.9691201650475032,0,0.0,0,0.0
2021-09-30,0.390560960194435,1,1.1334471770444077,-1,-0.1745835501241098,-1,-1.0
2021-10-01,-0.211339902389361,1,-0.612194528582982,0,0.0,0,0.0
2021-10-04,-0.2838385680384788,1,-0.8224562215404607,0,0.0,0,0.0
2021-10-05,-0.0325197345704021,1,-0.0935776563424882,0,0.0,0,0.0
2021-10-06,0.3255990523670624,1,0.9450436996116164,0,0.0,0,0.0
2021-10-07,-0.1675845739998208,1,-0.4852946837276012,0,0.0,0,0.0
2021-10-08,-0.0402610555554203,1,-0.1160291489522282,0,0.0,0,0.0
2021-10-11,-0.1665449393310579,1,-0.4822795200200462,0,0.0,0,0.0
2021-10-12,-0.1136831650024337,1,-0.3289690271501963,0,0.0,0,0.0
2021-10-13,0.1377772184764392,1,0.4003200634642331,0,0.0,0,0.0
2021-10-14,-0.1277522179139976,1,-0.3697723006588551,0,0.0,0,0.0
2021-10-15,-0.0061292773481787,1,-0.0170396654183182,0,0.0,0,0.0
2021-10-18,-0.4676022674162907,1,-1.3554103964808946,1,-0.0215900685992117,0,1.0
2021-10-19,0.5148351129119545,1,1.4938688966344966,-1,-0.1879554083896077,-1,-1.0
2021-10-20,0.0517393593370167,1,0.1507918030594541,0,0.0,0,0.0
2021-10-21,0.0073011319102785,1,0.021911404404984,0,0.0,0,0.0
2021-10-22,0.1903430288091689,1,0.5527721972143114,0,0.0,0,0.0
2021-10-25,-0.2544055591408314,1,-0.7370941776429373,0,0.0,0,0.0
2021-10-26,0.2895143589458618,1,0.8403903427441362,0,0.0,0,0.0
2021-10-27,-0.057979745286167,1,-0.1674171526681342,0,0.0,0,0.0
2021-10-28,-0.3310688902384661,1,-0.9594342943888592,0,0.0,0,0.0
2021-10-29,0.16594756602792,1,0.4820201184147894,0,0.0,0,0.0
2021-11-01,-0.3977248980074134,1,-1.152751025307979,1,-0.0149331367767837,0,1.0
2021-11-02,0.0238766205685301,1,0.0699838796109313,0,0.0,0,0.0
2021-11-03,-0.0894532678898575,1,-0.258697124330178,0,0.0,0,0.0
2021-11-04,-0.2248665550717987,1,-0.6514247249954559,0,0.0,0,0.0
2021-11-05,-0.3542881611723509,1,-1.026775164349497,1,0.0395936553837926,1,1.0
2021-11-08,-0.0572830129364571,1,-0.1653964792932991,0,0.0,0,0.0
2021-11-09,-0.1750492733284177,1,-0.5069439141540709,0,0.0,0,0.0
2021-11-10,0.3750932612233264,1,1.0885875297294847,-1,0.1976153886223117,0,-1.0
2021-11-11,-0.3528959973262324,1,-1.022737590353642,1,-0.2839786820660267,0,1.0
2021-11-12,-0.0222808057833921,1,-0.063882564970086,0,0.0,0,0.0
2021-11-15,-0.0110342005806639,1,-0.0312649956841222,0,0.0,0,0.0
2021-11-16,-0.1141058974758498,1,-0.3301950420669224,0,0.0,0,0.0
2021-11-17,0.0447213098704227,1,0.1304379531107229,0,0.0,0,0.0
2021-11-18,-0.1426852225492903,1,-0.4130812196223413,0,0.0,0,0.0
2021-11-19,0.1669913403693774,1,0.4850472880617812,0,0.0,0,0.0
2021-11-22,-0.3560633717600905,1,-1.0319236561209275,1,-0.1527321716248809,0,1.0
2021-11-23,0.0012115156990931,1,0.0042502101945671,0,0.0,0,0.0
2021-11-24,0.0730450050098909,1,0.2125827489840601,0,0.0,0,0.0
2021-11-26,0.4193429774867436,1,1.216921205544488,-1,0.0197958720930433,0,-1.0
2021-11-29,0.2053814205420462,1,0.5963867613832039,0,0.0,0,0.0
2021-11-30,-0.0508652260579847,1,-0.1467835197025826,0,0.0,0,0.0
2021-12-01,0.1806237583162717,1,0.5245842264447678,0,0.0,0,0.0
2021-12-02,-0.3829150805250416,1,-1.109799375531337,1,0.16744085772216,1,1.0
2021-12-03,0.1585067201571163,1,0.4604400681363069,0,0.0,0,0.0
2021-12-06,-0.030681613362942,1,-0.0882467102694648,0,0.0,0,0.0
2021-12-07,-0.0499648397950728,1,-0.1441722062630805,0,0.0,0,0.0
2021-12-08,0.0785131731898114,1,0.2284416105036759,0,0.0,0,0.0
2021-12-09,0.1021689056947364,1,0.2970483127112404,0,0.0,0,0.0
2021-12-10,0.0556653155653188,1,0.1621779188679155,0,0.0,0,0.0
2021-12-13,0.8239114961642595,2,2.390256754451505,0,0.0,0,0.0
2021-12-14,-0.0387994121135805,1,-0.1117900692142805,0,0.0,0,0.0
2021-12-15,0.3495342193395844,1,1.0144608217586588,-1,0.8502969692304003,0,-1.0
2021-12-16,0.3379830271840881,1,0.9809598849269842,0,0.0,0,0.0
2021-12-17,0.1327029964597985,1,0.3856037303826745,0,0.0,0,0.0
2021-12-20,0.4214853051224837,1,1.2231344155605235,-1,-0.0472544280941311,-1,-1.0
2021-12-21,-0.5239788878754129,1,-1.5189146976266152,1,0.0349575252615533,1,1.0
2021-12-22,0.1495572440543515,1,0.4344846663423331,0,0.0,0,0.0
2021-12-23,-0.1222326713289546,1,-0.3537644307354873,0,0.0,0,0.0
2021-12-27,-0.0649041220285263,1,-0.1874993316087833,0,0.0,0,0.0
2021-12-28,-0.0282878337643536,1,-0.0813042355844512,0,0.0,0,0.0
2021-12-29,-0.0011052207109742,1,-0.0024688227056325,0,0.0,0,0.0
2021-12-30,0.0935624420968162,1,0.2720877208124344,0,0.0,0,0.0
2021-12-31,-0.2385166784405371,1,-0.6910130129024388,0,0.0,0,0.0
2022-01-03,-0.0396842555654698,1,-0.1143563051653947,0,0.0,0,0.0
2022-01-04,-0.8826949731899193,2,-2.5592683470903053,0,0.0,0,0.0
2022-01-05,0.1289207462658611,1,0.374634392921831,0,0.0,0,0.0
2022-01-06,-0.3397221217245252,1,-0.9845305232024704,0,0.0,0,0.0
2022-01-07,0.3026762672283619,1,0.8785627021007005,0,0.0,0,0.0
2022-01-10,0.2713702005249869,1,0.7877683884956821,0,0.0,0,0.0
2022-01-11,-0.1345247291732021,1,-0.3894140370988865,0,0.0,0,0.0
2022-01-12,-0.0752915179129511,1,-0.217625009433659,0,0.0,0,0.0
2022-01-13,-0.4251220564607562,1,-1.2322086659010405,1,-0.0382699340793073,0,1.0
2022-01-14,0.2168363689287985,1,0.6296085706258183,0,0.0,0,0.0
2022-01-18,0.0291923578320533,1,0.0854006587521503,0,0.0,0,0.0
2022-01-19,0.4583802515180474,1,1.330137679982688,-1,-0.0455941113621618,-1,-1.0
2022-01-20,0.4858262736043476,1,1.4097370356004018,-1,-0.0020084820158593,-1,-1.0
2022-01-21,-0.0258599996217194,1,-0.0742629954115508,0,0.0,0,0.0
2022-01-24,-0.575816997172483,0,-1.6692563421648607,0,0.0,0,1.0
2022-01-25,-0.1715906471155159,1,-0.4969131557074058,0,0.0,0,0.0
2022-01-26,0.0411722762518412,1,0.1201449937807184,0,0.0,0,0.0
2022-01-27,0.4064807498877796,1,1.179617984499681,-1,-0.2785457207781015,-1,-1.0
2022-01-28,0.5900155193699564,1,1.7119082136006458,-1,-0.3356804130018864,-1,-1.0
2022-01-31,-0.0652065844793283,1,-0.1883765376427467,0,0.0,0,0.0
2022-02-01,-0.3674942401718433,1,-1.065075628267032,1,-0.0028542574156573,0,1.0
2022-02-02,0.3400409147036716,1,0.9869282004802368,0,0.0,0,0.0
2022-02-03,0.2003057081190999,1,0.5816661058034279,0,0.0,0,0.0
2022-02-04,0.4331316130876714,1,1.256911208657878,-1,-0.3122683304088068,-1,-1.0
2022-02-07,-0.141334718966174,1,-0.4091644693319914,0,0.0,0,0.0
2022-02-08,-0.1878554925183726,1,-0.5440846987899773,0,0.0,0,0.0
2022-02-09,-0.2254664300249256,1,-0.6531644911287762,0,0.0,0,0.0
2022-02-10,-0.1801969751338259,1,-0.5218733543962386,0,0.0,0,0.0
2022-02-11,0.0066677772453698,1,0.0200745399207361,0,0.0,0,0.0
2022-02-14,-0.1077653310447534,1,-0.3118060383497498,0,0.0,0,0.0
2022-02-15,-0.4134452075317807,1,-1.1983432974527732,1,-0.1712518570709114,0,1.0
2022-02-16,-0.1805377272730019,1,-0.5228616087457572,0,0.0,0,0.0
2022-02-17,0.1546504899800245,1,0.4492561728437608,0,0.0,0,0.0
2022-02-18,-0.1416882524158625,1,-0.4101897922256342,0,0.0,0,0.0
2022-02-22,0.5679084607648105,1,1.647792998141025,-1,-1.632502697741108,-1,-1.0
2022-02-23,0.1695042146046468,1,0.4923351627580433,0,0.0,0,0.0
2022-02-24,-0.0932707744088072,1,-0.2697687127016854,0,0.0,0,0.0
2022-02-25,0.0853732942008127,1,0.2483374340302412,0,0.0,0,0.0
2022-02-28,-0.210418735662182,1,-0.6095229473363674,0,0.0,0,0.0
2022-03-01,0.3287153438776761,1,0.9540816139360244,0,0.0,0,0.0
2022-03-02,-0.4356454356322006,1,-1.262728724448467,1,0.0288518220484547,1,1.0
2022-03-03,0.2398828855180981,1,0.6964484159036841,0,0.0,0,0.0
2022-03-04,0.6126949802213917,2,1.777683518446462,0,0.0,0,0.0
2022-03-07,0.6088411268964398,1,1.7665065165353373,-1,0.0706154522640259,0,-1.0
2022-03-08,-1.0645942369762975,2,-3.086815258595543,0,0.0,0,0.0
2022-03-09,-0.0703716994320049,1,-0.2033564797499016,0,0.0,0,0.0
2022-03-10,-0.2042015653375897,1,-0.5914918188162843,0,0.0,0,0.0
2022-03-11,-0.0040696233377494,1,-0.0110662266624173,0,0.0,0,0.0
2022-03-14,0.3142604141438452,1,0.9121592148104116,0,0.0,0,0.0
2022-03-15,0.271902163661232,1,0.7893111957820838,0,0.0,0,0.0
2022-03-16,-0.2297937549497037,1,-0.6657146623148857,0,0.0,0,0.0
2022-03-17,0.0686793999969475,1,0.1999215573250613,0,0.0,0,0.0
2022-03-18,-0.069433641214757,1,-0.2006359095561573,0,0.0,0,0.0
2022-03-21,0.2033338825836823,1,0.5904484617791264,0,0.0,0,0.0
2022-03-22,0.0430986098219433,1,0.1257317746410834,0,0.0,0,0.0
2022-03-23,-0.0482403195676556,1,-0.1391707274177858,0,0.0,0,0.0
2022-03-24,0.2330840386790498,1,0.6767303006289059,0,0.0,0,0.0
2022-03-25,0.1730228327215133,1,0.5025399106040779,0,0.0,0,0.0
2022-03-28,0.346458750908495,1,1.0055413031279594,-1,-0.0239724432596706,-1,-1.0
2022-03-29,-0.2264037567864304,1,-0.655882939943851,0,0.0,0,0.0
2022-03-30,0.4174506386734326,1,1.211433016776137,-1,0.018724897716266,0,-1.0
2022-03-31,0.3410892654798235,1,0.9899686427702208,0,0.0,0,0.0
2022-04-01,0.5237968425608006,1,1.5198598363424545,-1,-0.0227161907368729,-1,-1.0
2022-04-04,-0.2273984578429336,1,-0.6587677865303965,0,0.0,0,0.0
2022-04-05,0.5844265255311527,1,1.6956989317338134,-1,0.0792675179262626,0,-1.0
2022-04-06,0.686952987046467,2,1.993047678474673,0,0.0,0,0.0
2022-04-07,0.2190697597407598,1,0.6360858834005311,0,0.0,0,0.0
2022-04-08,-0.0532304602494499,1,-0.1536432065793776,0,0.0,0,0.0
2022-04-11,-0.4403165089986905,1,-1.2762758399046357,1,0.0870150253273019,1,1.0
2022-04-12,-0.3056791444779314,1,-0.8857985815164668,0,0.0,0,0.0
2022-04-13,-0.2594438100342228,1,-0.7517061867455059,0,0.0,0,0.0
2022-04-14,-0.1001311813773837,1,-0.2896653655666024,0,0.0,0,0.0
2022-04-18,-0.3002230958349337,1,-0.8699748692555088,0,0.0,0,0.0
2022-04-19,-0.3236153463478327,1,-0.9378174171271116,0,0.0,0,0.0
2022-04-20,0.0371864012036364,1,0.1085851005323563,0,0.0,0,0.0
2022-04-21,-0.0259527659977351,1,-0.0745320378152411,0,0.0,0,0.0
2022-04-22,-0.1227536009250609,1,-0.3552752383870252,0,0.0,0,0.0
2022-04-25,0.0289054388479972,1,0.0845685321083133,0,0.0,0,0.0
2022-04-26,-0.1714191222646899,1,-0.4964156968204586,0,0.0,0,0.0
2022-04-27,-0.1384158464817006,1,-0.400699112561389,0,0.0,0,0.0
2022-04-28,0.2101753341976286,1,0.6102901400466565,0,0.0,0,0.0
2022-04-29,-0.4620327830758879,1,-1.3392576963473368,1,0.0590701231474128,1,1.0
2022-05-02,-0.5198684131992419,1,-1.506993438710575,1,-0.0200112739082507,0,1.0
2022-05-03,-0.1251912416599476,1,-0.3623449197825423,0,0.0,0,0.0
2022-05-04,-0.1533023068343857,1,-0.4438730431141102,0,0.0,0,0.0
2022-05-05,0.244924340758371,1,0.7110697183000547,0,0.0,0,0.0
2022-05-06,0.2333079064860116,1,0.6773795653245942,0,0.0,0,0.0
2022-05-09,-0.208460525748436,1,-0.6038437182368539,0,0.0,0,0.0
2022-05-10,0.240451577276558,1,0.6980977440786805,0,0.0,0,0.0
2022-05-11,0.4043401301049878,1,1.1734097276238038,-1,-0.0642190762044661,-1,-1.0
2022-05-12,-0.3028642597771041,1,-0.8776348116404726,0,0.0,0,0.0
2022-05-13,-0.0121848338980097,1,-0.0346020792995549,0,0.0,0,0.0
2022-05-16,0.2094449403093055,1,0.6081718409840516,0,0.0,0,0.0
2022-05-17,-0.2823508611410753,1,-0.8181415521865927,0,0.0,0,0.0
2022-05-18,0.5810821126011487,1,1.6859994163245933,-1,0.0406496249004002,0,-1.0
2022-05-19,-0.0225238890046547,1,-0.0645875584920303,0,0.0,0,0.0
2022-05-20,0.6166406374842055,2,1.7891267714840344,0,0.0,0,0.0
2022-05-23,0.1931929922442296,1,0.5610377029495889,0,0.0,0,0.0
2022-05-24,0.5265743463507173,1,1.5279151935526158,-1,0.0714584290097483,0,-1.0
2022-05-25,-0.5673341102990452,0,-1.644654149294053,0,0.0,0,1.0
2022-05-26,-0.702153155879065,0,-2.0356583217537625,0,0.0,0,0.0
2022-05-27,-0.0169350933183778,1,-0.0483788513100611,0,0.0,0,0.0
2022-05-31,-0.0995302566348707,1,-0.2879225548187142,0,0.0,0,0.0
2022-06-01,-0.1288791979437477,1,-0.3730407846628418,0,0.0,0,0.0
2022-06-02,-0.0950080418601884,1,-0.2748071612327967,0,0.0,0,0.0
2022-06-03,-0.2529057876464996,1,-0.7327445183681887,0,0.0,0,0.0
2022-06-06,-0.1340963389547711,1,-0.3881716135071245,0,0.0,0,0.0
2022-06-07,0.1004732954670185,1,0.2921306790708987,0,0.0,0,0.0
2022-06-08,0.0924729350802633,1,0.2689279165906822,0,0.0,0,0.0
2022-06-09,-0.3963048024222098,1,-1.1486324432729451,1,-0.0104484333266649,0,1.0
2022-06-10,0.4911689447685727,1,1.4252319288352917,-1,0.0770674368958442,0,-1.0
2022-06-13,0.0139758307372537,1,0.0412694637951181,0,0.0,0,0.0
2022-06-14,-0.428197993716283,1,-1.241129544223246,1,0.2103589902421604,1,1.0
2022-06-15,0.1951824280587804,1,0.5668074938643929,0,0.0,0,0.0
2022-06-16,0.8657686003357756,2,2.511651341601505,0,0.0,0,0.0
2022-06-17,0.1132685171792644,1,0.3292395686607286,0,0.0,0,0.0
2022-06-21,0.4107070315181531,1,1.1918751084420478,-1,0.2285305628670321,0,-1.0
2022-06-22,0.5181529964877376,1,1.503491471221681,-1,-0.338707869944791,-1,-1.0
2022-06-23,0.7651553710685026,2,2.219851379074702,0,0.0,0,0.0
2022-06-24,-0.1457836564176327,1,-0.4220673429508385,0,0.0,0,0.0
2022-06-27,-0.0654310997889512,1,-0.1890276802351449,0,0.0,0,0.0
2022-06-28,-0.2383458258406062,1,-0.6905175036873933,0,0.0,0,0.0
2022-06-29,0.5884124682950104,1,1.7072590213721048,-1,0.0469560136444491,0,-1.0
2022-06-30,0.1663198161472351,1,0.4830997236680727,0,0.0,0,0.0
2022-07-01,0.2261005085663577,1,0.6564765642164202,0,0.0,0,0.0
2022-07-05,-0.4199398224477024,1,-1.2171790748440114,1,-0.1004577716218382,0,1.0
2022-07-06,0.42468619355516,1,1.232417679118502,-1,0.1202676594449356,0,-1.0
2022-07-07,-0.6294561636094631,0,-1.824821439024056,0,0.0,0,0.0
2022-07-08,0.1713376090223298,1,0.4976524001260598,0,0.0,0,0.0
2022-07-11,0.1768289500481051,1,0.5135784678729414,0,0.0,0,0.0
2022-07-12,-0.5443731246680802,0,-1.5780623621554464,0,0.0,0,1.0
2022-07-13,-0.1222966478922255,1,-0.353949976502192,0,0.0,0,0.0
2022-07-14,0.1035594068529934,1,0.3010810645553841,0,0.0,0,0.0
2022-07-15,0.0249110929083662,1,0.072984071456452,0,0.0,0,0.0
2022-07-18,-0.7186152363033197,0,-2.0834018887368893,0,0.0,0,0.0
2022-07-19,-0.3292352715510356,1,-0.9541164065904332,0,0.0,0,0.0
2022-07-20,-0.4515586875454515,1,-1.3088805709380678,1,-0.1430083039448249,0,1.0
2022-07-21,0.2361657061897483,1,0.6856677979211668,0,0.0,0,0.0
2022-07-22,0.0374358772531763,1,0.1093086346285901,0,0.0,0,0.0
2022-07-25,0.0454812865545065,1,0.1326420486312812,0,0.0,0,0.0
2022-07-26,0.3567011211780205,1,1.0352463755384058,-1,0.0442199131440845,0,-1.0
2022-07-27,-0.1734814726411483,1,-0.5023969556166461,0,0.0,0,0.0
2022-07-28,-0.1311675844662571,1,-0.3796775968035319,0,0.0,0,0.0
2022-07-29,-0.402114414965118,1,-1.1654815667397267,1,0.0346771064204593,1,1.0
2022-08-01,-0.140788154474632,1,-0.4075793149808991,0,0.0,0,0.0
2022-08-02,0.3369601708009934,1,0.9779933818494964,0,0.0,0,0.0
2022-08-03,0.2234936851274755,1,0.6489162166625301,0,0.0,0,0.0
2022-08-04,-0.022421125766081,1,-0.0642895230409936,0,0.0,0,0.0
2022-08-05,-0.1335503569447138,1,-0.3865881484773736,0,0.0,0,0.0
2022-08-08,-0.2216551749232549,1,-0.642111033209308,0,0.0,0,0.0
2022-08-09,0.4179123773293183,1,1.2127721579950983,-1,0.0646436496646058,0,-1.0
2022-08-10,-0.3937957862415338,1,-1.1413557577631743,1,-0.0242203161678682,0,1.0
2022-08-11,-0.5612482299721806,0,-1.6270037899501115,0,0.0,0,1.0
2022-08-12,0.1191108576237083,1,0.34618361006734,0,0.0,0,0.0
2022-08-15,0.3642612437869835,1,1.057172353961514,-1,-0.0101485562273568,-1,-1.0
2022-08-16,-0.2067176385018621,1,-0.5987889710933377,0,0.0,0,0.0
2022-08-17,0.1621000702341977,1,0.470861554708939,0,0.0,0,0.0
2022-08-18,-0.2196084036716927,1,-0.6361749572195372,0,0.0,0,0.0
2022-08-19,0.3701783519777675,1,1.0743332378821675,-1,-0.0702494333300926,-1,-1.0
2022-08-22,0.0470524098736031,1,0.1371986435142415,0,0.0,0,0.0
2022-08-23,-0.5083350425574903,1,-1.4735441880943287,1,0.0415056961727889,1,1.0
2022-08-24,-0.1554993963491316,1,-0.4502450743344561,0,0.0,0,0.0
2022-08-25,-0.176271569342551,1,-0.5104888349733133,0,0.0,0,0.0
2022-08-26,0.1613457988634474,1,0.4686740058217515,0,0.0,0,0.0
2022-08-29,-0.0448210381747039,1,-0.129254077394741,0,0.0,0,0.0
2022-08-30,0.0888419861321985,1,0.2583973852212187,0,0.0,0,0.0
2022-08-31,0.1247305324151938,1,0.3624818732829277,0,0.0,0,0.0
2022-09-01,0.413322682590459,1,1.1994610580278078,-1,0.0863793646601554,0,-1.0
2022-09-02,-0.4454683868971815,1,-1.2912173917131842,1,-0.1083502116390946,0,1.0
2022-09-06,0.0968071335521367,1,0.2814980225388448,0,0.0,0,0.0
2022-09-07,0.193152833666869,1,0.5609212344547969,0,0.0,0,0.0
2022-09-08,0.0801169365949243,1,0.2330928686426097,0,0.0,0,0.0
2022-09-09,-0.1357269828168502,1,-0.3929008307414232,0,0.0,0,0.0
2022-09-12,-0.0320867830933887,1,-0.0923220041217168,0,0.0,0,0.0
2022-09-13,-0.00338619812943,1,-0.009084146854128,0,0.0,0,0.0
2022-09-14,0.2539653363530497,1,0.7372905462661675,0,0.0,0,0.0
2022-09-15,-0.2970166254988098,1,-0.8606754169793198,0,0.0,0,0.0
2022-09-16,0.3297430763969914,1,0.9570622588552642,0,0.0,0,0.0
2022-09-19,-0.475326859375535,1,-1.377813371324835,1,0.001897954308869,1,1.0
2022-09-20,0.0817952811202679,1,0.2379604280398073,0,0.0,0,0.0
2022-09-21,-0.0978031987299047,1,-0.2829137161637898,0,0.0,0,0.0
2022-09-22,0.4854480738707337,1,1.4086401751885067,-1,-0.1177063432220873,-1,-1.0
2022-09-23,0.2532255017184467,1,0.7351448670127991,0,0.0,0,0.0
2022-09-26,0.0256021671182905,1,0.0749883350113317,0,0.0,0,0.0
2022-09-27,-0.3692530001722112,1,-1.0701764098037987,1,0.1393100303009537,1,1.0
2022-09-28,-0.3271446307711847,1,-0.948053099551585,0,0.0,0,0.0
2022-09-29,-0.0107630190041356,1,-0.0304785109003101,0,0.0,0,0.0
2022-09-30,-0.2736919606117056,1,-0.7930288819304632,0,0.0,0,0.0
2022-10-03,-0.0163760408393036,1,-0.0467574791144524,0,0.0,0,0.0
2022-10-04,-0.2694076957313807,1,-0.7806035941165438,0,0.0,0,0.0
2022-10-05,-0.1669620062713509,1,-0.4834891036745515,0,0.0,0,0.0
2022-10-06,-0.5314790847678276,1,-1.540666878608069,1,-0.0297150165862984,0,1.0
2022-10-07,-0.1417079052461107,1,-0.4102467896520337,0,0.0,0,0.0
2022-10-10,-0.0323971977252427,1,-0.0932222731877474,0,0.0,0,0.0
2022-10-11,-0.1101905053608611,1,-0.3188395644547646,0,0.0,0,0.0
2022-10-12,-0.2894055254547977,1,-0.8386015930517453,0,0.0,0,0.0
2022-10-13,0.4255812978793023,1,1.2350136738017503,-1,-0.1097641425910898,-1,-1.0
2022-10-14,0.1594577594244413,1,0.4631982861617889,0,0.0,0,0.0
2022-10-17,0.0999572058758038,1,0.2906339084725026,0,0.0,0,0.0
2022-10-18,-0.0218028039632306,1,-0.0624962570836713,0,0.0,0,0.0
2022-10-19,0.2753590710873305,1,0.7993369693780644,0,0.0,0,0.0
2022-10-20,0.090861036622396,1,0.2642530650524893,0,0.0,0,0.0
2022-10-21,-0.293007256240664,1,-0.8490473854788578,0,0.0,0,0.0
2022-10-24,0.0874631614665368,1,0.2543984977120791,0,0.0,0,0.0
2022-10-25,-0.3384044642201166,1,-0.9807090335911168,0,0.0,0,0.0
2022-10-26,0.0466563869000608,1,0.1360500918806148,0,0.0,0,0.0
2022-10-27,-0.1735851592956722,1,-0.502697669172159,0,0.0,0,0.0
2022-10-28,0.3123846765492979,1,0.9067191731400956,0,0.0,0,0.0
2022-10-31,-0.1716448109283829,1,-0.4970702423915327,0,0.0,0,0.0
2022-11-01,-0.2315669034625497,1,-0.6708571736264793,0,0.0,0,0.0
2022-11-02,0.1495231365535156,1,0.4343857472683876,0,0.0,0,0.0
2022-11-03,-0.6107775773308454,0,-1.770649529267779,0,0.0,0,0.0
2022-11-04,-0.4165015297458344,1,-1.2072072879441391,1,0.0351431023796878,1,1.0
2022-11-07,-0.0714487974625639,1,-0.2064802952485563,0,0.0,0,0.0
2022-11-08,0.0454326468599426,1,0.1325009830760414,0,0.0,0,0.0
2022-11-09,0.2575734639880699,1,0.7477548909289751,0,0.0,0,0.0
2022-11-10,-0.3561184806504962,1,-1.032083483732787,1,-0.0721313833590175,0,1.0
2022-11-11,-0.6803376206520007,0,-1.972388586669033,0,0.0,0,0.0
2022-11-14,0.1401582964760295,1,0.4072257007856251,0,0.0,0,0.0
2022-11-15,-0.1108280121186546,1,-0.320688470899667,0,0.0,0,0.0
2022-11-16,0.5199706966580411,1,1.508763191903367,-1,-0.0191570328811197,-1,-1.0
2022-11-17,-0.0958725150431907,1,-0.2773143190314538,0,0.0,0,0.0
2022-11-18,0.1943859156137892,1,0.5644974367944312,0,0.0,0,0.0
2022-11-21,0.2598688306957984,1,0.7544119471051685,0,0.0,0,0.0
2022-11-22,-0.1691095667875879,1,-0.4897174901673188,0,0.0,0,0.0
2022-11-23,0.2066040629779703,1,0.5999326869000025,0,0.0,0,0.0
2022-11-25,0.0689682295874532,1,0.2007592251377334,0,0.0,0,0.0
2022-11-28,0.2646552437872486,1,0.7682935725225652,0,0.0,0,0.0
2022-11-29,-0.4009099665454626,1,-1.1619884077756375,1,-0.0156110511292318,0,1.0
2022-11-30,0.5443415112673355,1,1.5794437857132404,-1,0.0201143285238769,0,-1.0
2022-12-01,0.1164958990095856,1,0.3385996687589543,0,0.0,0,0.0
2022-12-02,-0.0405136747778112,1,-0.1167617989244442,0,0.0,0,0.0
2022-12-05,0.1178663991020813,1,0.3425744132189585,0,0.0,0,0.0
2022-12-06,0.0867787453051491,1,0.2524135439271733,0,0.0,0,0.0
2022-12-07,0.0102269802877443,1,0.0303969927627104,0,0.0,0,0.0
2022-12-08,0.1375120631374015,1,0.3995510560627368,0,0.0,0,0.0
2022-12-09,-0.0420380875871612,1,-0.1211829233022539,0,0.0,0,0.0
2022-12-12,0.0407800023012343,1,0.1190073151183702,0,0.0,0,0.0
2022-12-13,-0.046533051750422,1,-0.1342192842654287,0,0.0,0,0.0
2022-12-14,-0.0171539874813613,1,-0.0490136913705689,0,0.0,0,0.0
2022-12-15,-0.1260138846873455,1,-0.3647307611506786,0,0.0,0,0.0
2022-12-16,-0.0006382183464277,1,-0.0011144156016462,0,0.0,0,0.0
2022-12-19,0.0332562126846838,1,0.0971867101725045,0,0.0,0,0.0
2022-12-20,0.0529326898191507,1,0.154252717618153,0,0.0,0,0.0
2022-12-21,0.0417025502003859,1,0.1216829020601878,0,0.0,0,0.0
2022-12-22,0.092668301240623,1,0.2694945203930565,0,0.0,0,0.0
2022-12-23,-0.0788080745918206,1,-0.2278237786669935,0,0.0,0,0.0
2022-12-27,-0.052035166109686,1,-0.1501765969920331,0,0.0,0,0.0
2022-12-28,0.1768763600156532,1,0.513715966955862,0,0.0,0,0.0
2022-12-29,-0.0070656701316915,1,-0.0197554054967284,0,0.0,0,0.0
2022-12-30,-0.1162558287485716,1,-0.3364303042624029,0,0.0,0,0.0
2023-01-03,0.0840565192750982,1,0.2445185040865554,0,0.0,0,0.0
2023-01-04,-0.1460044934187636,1,-0.4227078176590239,0,0.0,0,0.0
2023-01-05,-0.3053638802991452,1,-0.8848842477233284,0,0.0,0,0.0
2023-01-06,-0.2078286310951365,1,-0.6020110880996792,0,0.0,0,0.0
2023-01-09,-0.2279143057356311,1,-0.6602638561512095,0,0.0,0,0.0
2023-01-10,-0.0167395208237923,1,-0.0478116490941406,0,0.0,0,0.0
2023-01-11,-0.2077276023912586,1,-0.6017180831715958,0,0.0,0,0.0
2023-01-12,-0.3725017284979307,1,-1.0795984193209218,1,-0.0264272962924851,0,1.0
2023-01-13,-0.012608786614679,1,-0.0358316331836533,0,0.0,0,0.0
2023-01-17,0.0640731327807247,1,0.186562393615966,0,0.0,0,0.0
2023-01-18,-0.250455232020278,1,-0.7256373810154875,0,0.0,0,0.0
2023-01-19,0.5440469268300449,1,1.5785894276095556,-1,-0.0611697947550108,-1,-1.0
2023-01-20,-0.1128311054789957,1,-0.326497871628994,0,0.0,0,0.0
2023-01-23,-0.2224162036422686,1,-0.6443181798569931,0,0.0,0,0.0
2023-01-24,-0.201590643717458,1,-0.5839195856570544,0,0.0,0,0.0
2023-01-25,-0.0121141962536503,1,-0.0343972149678249,0,0.0,0,0.0
2023-01-26,-0.0730086564788031,1,-0.2110042212352333,0,0.0,0,0.0
2023-01-27,-0.2882635621036483,1,-0.8352896541993784,0,0.0,0,0.0
2023-01-30,0.1273694193942833,1,0.3701352119861838,0,0.0,0,0.0
2023-01-31,-0.4396181579105066,1,-1.2742504718407472,1,-0.0664323986852102,0,1.0
2023-02-01,-0.1559461065359402,1,-0.4515406297670805,0,0.0,0,0.0
2023-02-02,-0.4376672881285152,1,-1.2685925306989565,1,0.0778461234749772,1,1.0
2023-02-03,-0.1349365071690605,1,-0.3906082816792057,0,0.0,0,0.0
2023-02-06,0.1656227628123379,1,0.4810781193672919,0,0.0,0,0.0
2023-02-07,0.2466610524994472,1,0.7161065551519928,0,0.0,0,0.0
2023-02-08,-0.0719546777490363,1,-0.2079474566716685,0,0.0,0,0.0
2023-02-09,-0.2898731818213597,1,-0.8399578969019648,0,0.0,0,0.0
2023-02-10,0.2313003849226899,1,0.6715573218560646,0,0.0,0,0.0
2023-02-13,-0.1879541233867705,1,-0.5443707494804491,0,0.0,0,0.0
2023-02-14,-0.2311721718714696,1,-0.6697123672792011,0,0.0,0,0.0
2023-02-15,-0.1605166598331086,1,-0.4647962154445625,0,0.0,0,0.0
2023-02-16,-0.0645271269518229,1,-0.1864059649605206,0,0.0,0,0.0
2023-02-17,0.3719168900144564,1,1.0793753713834155,-1,0.0890980599802119,0,-1.0
2023-02-21,0.4595361979340551,1,1.3334901727247508,-1,-0.0169251070184457,-1,-1.0
2023-02-22,-0.1184025057299642,1,-0.3426561283144618,0,0.0,0,0.0
2023-02-23,-0.2921918420501361,1,-0.8466825092893877,0,0.0,0,0.0
2023-02-24,-0.2689737487462109,1,-0.779345054708423,0,0.0,0,0.0
2023-02-27,-0.2383215124644817,1,-0.690446989677519,0,0.0,0,0.0
2023-02-28,-0.1959667959601096,1,-0.5676092199446947,0,0.0,0,0.0
2023-03-01,-0.3105429455055432,1,-0.8999046485608391,0,0.0,0,0.0
2023-03-02,0.1349892183049439,1,0.392234264494339,0,0.0,0,0.0
2023-03-03,0.0292959765579838,1,0.0857011753001611,0,0.0,0,0.0
2023-03-06,0.2293603718642693,1,0.665930867543135,0,0.0,0,0.0
2023-03-07,-0.1736223038465817,1,-0.5028053963432518,0,0.0,0,0.0
2023-03-08,-0.1246329156832058,1,-0.3607256545996486,0,0.0,0,0.0
2023-03-09,0.1280437647782605,1,0.3720909583548043,0,0.0,0,0.0
2023-03-10,0.2361223564875257,1,0.6855420744792676,0,0.0,0,0.0
2023-03-13,0.59445409993336,1,1.724781050020922,-1,0.0513516582003589,0,-1.0
2023-03-14,0.2163326439309402,1,0.6281476600023413,0,0.0,0,0.0
2023-03-15,0.8609543117755284,2,2.497688871340844,0,0.0,0,0.0
2023-03-16,0.1527324093871626,1,0.4436933273889777,0,0.0,0,0.0
2023-03-17,0.2174100848127429,1,0.6312724698431994,0,0.0,0,0.0
2023-03-20,-0.0023060100959936,1,-0.0059513696838281,0,0.0,0,0.0
2023-03-21,-0.4716423146955615,1,-1.367127400827968,1,0.2961896765672916,1,1.0
2023-03-22,0.0200283330140755,1,0.0588230196289977,0,0.0,0,0.0
2023-03-23,0.2052406043549161,1,0.5959783642129014,0,0.0,0,0.0
2023-03-24,0.5707763885749467,1,1.6561106044202576,-1,-0.0459374883198797,-1,-1.0
2023-03-27,-0.1712770374700085,1,-0.4960036204159381,0,0.0,0,0.0
2023-03-28,-0.2636979321282036,1,-0.7640440540085719,0,0.0,0,0.0
2023-03-29,-0.0226904709563262,1,-0.0650706819103858,0,0.0,0,0.0
2023-03-30,0.0465639252841254,1,0.1357819333465768,0,0.0,0,0.0
2023-03-31,-0.1756096215984062,1,-0.5085690444214858,0,0.0,0,0.0
2023-04-03,-0.0244730932439125,1,-0.0702406692023684,0,0.0,0,0.0
2023-04-04,0.8321135045653812,2,2.414044339459179,0,0.0,0,0.0
2023-04-05,0.9107655614576732,2,2.6421521879098,0,0.0,0,0.0
2023-04-06,0.2960136786763687,1,0.8592397651076077,0,0.0,0,0.0
2023-04-10,-0.5485463791497427,0,-1.590165695983735,0,0.0,0,1.0
2023-04-11,-0.2774512548429113,1,-0.803931642171654,0,0.0,0,0.0
2023-04-12,0.0471176283236285,1,0.1373877910191179,0,0.0,0,0.0
2023-04-13,0.3043544821728435,1,0.8834298856855828,0,0.0,0,0.0
2023-04-14,-0.3176384693893621,1,-0.9204831909501934,0,0.0,0,0.0
2023-04-17,-0.0772812036778247,1,-0.2233955252580534,0,0.0,0,0.0
2023-04-18,-0.3049112245477682,1,-0.8835714488771799,0,0.0,0,0.0
2023-04-19,0.2058858433028468,1,0.597849695668995,0,0.0,0,0.0
2023-04-20,-0.1263414420950933,1,-0.3656807479466723,0,0.0,0,0.0
2023-04-21,0.1919920055383746,1,0.5575545836986133,0,0.0,0,0.0
2023-04-24,-0.0819921737654541,1,-0.237058349769763,0,0.0,0,0.0
2023-04-25,0.1731310580135239,1,0.5028537871825667,0,0.0,0,0.0
2023-04-26,0.0182219151780105,1,0.0535840201384706,0,0.0,0,0.0
2023-04-27,-0.1583441128217293,1,-0.4584953627522775,0,0.0,0,0.0
2023-04-28,-0.0937469269719101,1,-0.2711496573456682,0,0.0,0,0.0
2023-05-01,0.0010734934386678,1,0.0038499160114534,0,0.0,0,0.0
2023-05-02,-0.1757638086219368,1,-0.5090162198875355,0,0.0,0,0.0
2023-05-03,-0.0512585932861859,1,-0.1479243691046375,0,0.0,0,0.0
2023-05-04,0.3231876973215267,1,0.9380502523577072,0,0.0,0,0.0
2023-05-05,-0.1924139136484394,1,-0.5573050985785719,0,0.0,0,0.0
2023-05-08,0.0946560454254714,1,0.2752594052185979,0,0.0,0,0.0
2023-05-09,-0.1094655384799438,1,-0.316737004878599,0,0.0,0,0.0
2023-05-10,0.4781328331616544,1,1.387424406841449,-1,0.1031255875739296,0,-1.0
2023-05-11,0.0855664611389158,1,0.2488976596159856,0,0.0,0,0.0
2023-05-12,-0.0410380256912775,1,-0.1182825291307464,0,0.0,0,0.0
2023-05-15,-0.3297032790850782,1,-0.955473728901728,0,0.0,0,0.0
2023-05-16,0.1760407350231945,1,0.5112924751023387,0,0.0,0,0.0
2023-05-17,-0.5079339471019758,1,-1.472380925174123,1,-0.1334562739330042,0,1.0
2023-05-18,-0.157520265948183,1,-0.456106029971893,0,0.0,0,0.0
2023-05-19,0.2720444357020797,1,0.7897238152406809,0,0.0,0,0.0
2023-05-22,0.0738530597806004,1,0.2149262812762824,0,0.0,0,0.0
2023-05-23,-0.138855760611794,1,-0.4019749579706968,0,0.0,0,0.0
2023-05-24,0.1165818555992391,1,0.3388489613204047,0,0.0,0,0.0
2023-05-25,-0.2788233183381141,1,-0.8079109208351091,0,0.0,0,0.0
2023-05-26,-0.1395610923332879,1,-0.4040205713696478,0,0.0,0,0.0
2023-05-30,-0.1366407875783054,1,-0.3955510607071179,0,0.0,0,0.0
2023-05-31,0.8341664359782192,2,2.419998281238991,0,0.0,0,0.0
2023-06-01,-0.101648982107056,1,-0.2940673134939969,0,0.0,0,0.0
2023-06-02,-0.7273310373376193,0,-2.108679582671587,0,0.0,0,0.0
2023-06-05,0.3695104554747868,1,1.0723961946527547,-1,0.0213088250772344,0,-1.0
2023-06-06,-0.6875376654971799,0,-1.9932702622828185,0,0.0,0,0.0
2023-06-07,-0.7945657494760923,2,-2.3036746804871027,0,0.0,0,0.0
2023-06-08,0.3609977607020374,1,1.047707552475375,-1,-0.2020062787637814,-1,-1.0
2023-06-09,0.1188347802178912,1,0.3453829263276508,0,0.0,0,0.0
2023-06-12,-0.1103814755289914,1,-0.3193934189360288,0,0.0,0,0.0
2023-06-13,-0.4012089402981351,1,-1.162855495836141,1,0.1784006002304039,1,1.0
2023-06-14,0.1582436259840669,1,0.459677038558627,0,0.0,0,0.0
2023-06-15,0.1926329072883489,1,0.5594133363496098,0,0.0,0,0.0
2023-06-16,0.1142533040344908,1,0.3320956619353873,0,0.0,0,0.0
2023-06-20,-0.0189130563835469,1,-0.054115368788916,0,0.0,0,0.0
2023-06-21,-0.1833762522952307,1,-0.5310939406284508,0,0.0,0,0.0
2023-06-22,0.2754271750536861,1,0.7995344854997037,0,0.0,0,0.0
2023-06-23,-0.1026759821555026,1,-0.2970458340904847,0,0.0,0,0.0
2023-06-26,-0.4642189138753924,1,-1.345597944941083,1,0.0221956981461673,1,1.0
2023-06-27,-0.511224461723631,1,-1.4819241239193122,1,0.0116789354279645,1,1.0
2023-06-28,-0.1895123750329957,1,-0.5488900137490472,0,0.0,0,0.0
2023-06-29,-0.1234245003810682,1,-0.3572209908248298,0,0.0,0,0.0
2023-06-30,0.1782164776443306,1,0.5176025957488888,0,0.0,0,0.0
2023-07-03,-0.151195504018439,1,-0.4377628627012391,0,0.0,0,0.0
2023-07-05,0.401727385626296,1,1.1658322077834544,-1,-0.2185351252305946,-1,-1.0
2023-07-06,0.0665279848962761,1,0.1936819917100085,0,0.0,0,0.0
2023-07-07,-0.5449370026235179,0,-1.5796977292683467,0,0.0,0,1.0
2023-07-10,-0.3689394358399301,1,-1.0692670059304146,1,-0.0469206212501435,0,1.0
2023-07-11,-0.2203941677794023,1,-0.6384538418041427,0,0.0,0,0.0
2023-07-12,-0.0134753541345476,1,-0.038344865008793,0,0.0,0,0.0
2023-07-13,0.1802322708087775,1,0.5234488286362642,0,0.0,0,0.0
2023-07-14,0.3717909682746433,1,1.079010171307577,-1,0.0602591096286687,0,-1.0
2023-07-17,-0.211713694501811,1,-0.6132786059473607,0,0.0,0,0.0
2023-07-18,-0.2208703139263437,1,-0.6398347678398799,0,0.0,0,0.0
2023-07-19,0.1831922603957014,1,0.5320334338301765,0,0.0,0,0.0
2023-07-20,0.5607360978952431,1,1.6269916061987315,-1,-0.0302384670301923,-1,-1.0
2023-07-21,0.3356018147137086,1,0.974053857611438,0,0.0,0,0.0
2023-07-24,-0.1207426124978945,1,-0.3494429402691485,0,0.0,0,0.0
2023-07-25,-0.0665645993248399,1,-0.1923150722064117,0,0.0,0,0.0
2023-07-26,-0.0576543543278997,1,-0.1664734490406847,0,0.0,0,0.0
2023-07-27,-0.4533292920283471,1,-1.314015704016703,1,0.063520772723276,1,1.0
2023-07-28,-0.0615611755131066,1,-0.1778040691166383,0,0.0,0,0.0
2023-07-31,-0.3145389638711987,1,-0.9114939596071744,0,0.0,0,0.0
2023-08-01,-0.0656426397176329,1,-0.1896411914375164,0,0.0,0,0.0
2023-08-02,0.2463288052101503,1,0.7151429666927764,0,0.0,0,0.0
2023-08-03,-0.2595787643250444,1,-0.7520975831581982,0,0.0,0,0.0
2023-08-04,-0.2050180718585364,1,-0.5938598629984486,0,0.0,0,0.0
2023-08-07,-0.0133411684804671,1,-0.0379556978076459,0,0.0,0,0.0
2023-08-08,0.0495403705700533,1,0.1444142635999837,0,0.0,0,0.0
2023-08-09,0.232702469224738,1,0.6756236673036424,0,0.0,0,0.0
2023-08-10,0.2361061599600373,1,0.6854951010728021,0,0.0,0,0.0
2023-08-11,0.1997250948006649,1,0.5799822025454194,0,0.0,0,0.0
2023-08-14,-0.0232962305529665,1,-0.0668275147730934,0,0.0,0,0.0
2023-08-15,-0.0327747131326348,1,-0.0943171489067014,0,0.0,0,0.0
2023-08-16,0.0966189306864153,1,0.2809521938285959,0,0.0,0,0.0
2023-08-17,0.1024544485905664,1,0.2978764484038304,0,0.0,0,0.0
2023-08-18,-0.1369017355229747,1,-0.3963078657617861,0,0.0,0,0.0
2023-08-21,0.1631781188682219,1,0.4739881271616996,0,0.0,0,0.0
2023-08-22,0.0428917799149548,1,0.1251319235126763,0,0.0,0,0.0
2023-08-23,-0.0939187227599589,1,-0.2716479020087208,0,0.0,0,0.0
2023-08-24,0.1323412019274344,1,0.3845544485759471,0,0.0,0,0.0
2023-08-25,0.227723404189431,1,0.6611833098943639,0,0.0,0,0.0
2023-08-28,-0.1774473963003094,1,-0.5138989855540134,0,0.0,0,0.0
2023-08-29,-0.1085054284319455,1,-0.313952479642029,0,0.0,0,0.0
2023-08-30,-0.103993325050945,1,-0.300866411268302,0,0.0,0,0.0
2023-08-31,-0.2420043131575942,1,-0.7011279022381246,0,0.0,0,0.0
2023-09-01,-0.2867372991760658,1,-0.8308631640815477,0,0.0,0,0.0
2023-09-05,0.2423604696749371,1,0.7036339417971244,0,0.0,0,0.0
2023-09-06,-0.0962763549186515,1,-0.2784855413586216,0,0.0,0,0.0
2023-09-07,0.3338778586047609,1,0.9690540148307984,0,0.0,0,0.0
2023-09-08,0.0057655953306531,1,0.0174580187055453,0,0.0,0,0.0
2023-09-11,0.2326466992446251,1,0.6754619223897222,0,0.0,0,0.0
2023-09-12,-0.0386386934515316,1,-0.1113239505944452,0,0.0,0,0.0
2023-09-13,0.4571495726323537,1,1.3265684470364518,-1,-0.2621668491827896,-1,-1.0
2023-09-14,-0.1296925152039854,1,-0.375399579304343,0,0.0,0,0.0
2023-09-15,0.0387167208880069,1,0.1130233561156961,0,0.0,0,0.0
2023-09-18,0.1064730619427383,1,0.3095312897613068,0,0.0,0,0.0
2023-09-19,0.0791991379559812,1,0.2304310555748735,0,0.0,0,0.0
2023-09-20,0.1545893024479716,1,0.4490787158662822,0,0.0,0,0.0
2023-09-21,0.0721428434226251,1,0.20996628672284,0,0.0,0,0.0
2023-09-22,-0.0638254299499714,1,-0.1843708930287619,0,0.0,0,0.0
2023-09-25,-0.1389991729612105,1,-0.4023908845689221,0,0.0,0,0.0
2023-09-26,-0.0229206444771278,1,-0.0657382345297947,0,0.0,0,0.0
2023-09-27,-0.4389263618054134,1,-1.2722441146349155,1,0.0478886629575139,1,1.0
2023-09-28,-0.3402251389046015,1,-0.9859893810024388,0,0.0,0,0.0
2023-09-29,-0.0278036897220443,1,-0.0799001139353173,0,0.0,0,0.0
2023-10-02,-0.0067099102925568,1,-0.0187236255957743,0,0.0,0,0.0
2023-10-03,0.2517747332031752,1,0.7309373268963129,0,0.0,0,0.0
2023-10-04,0.156576350670031,1,0.4548415822503402,0,0.0,0,0.0
2023-10-05,0.1401961806184984,1,0.4073355729310011,0,0.0,0,0.0
2023-10-06,0.084490872136794,1,0.2457782206237272,0,0.0,0,0.0
2023-10-09,-0.0353599994180789,1,-0.1018150340924524,0,0.0,0,0.0
2023-10-10,-0.0735564435455181,1,-0.212592921316765,0,0.0,0,0.0
2023-10-11,-0.2671742907150691,1,-0.7741262401461663,0,0.0,0,0.0
2023-10-12,0.0035750996637187,1,0.011105111059289,0,0.0,0,0.0
2023-10-13,0.4955784306132488,1,1.4380203843257815,-1,-0.2562686394333805,-1,-1.0
2023-10-16,-0.0989207365328913,1,-0.2861548156832926,0,0.0,0,0.0
2023-10-17,-0.2247926534038969,1,-0.651210394294797,0,0.0,0,0.0
2023-10-18,0.558242134949544,1,1.6197585783017237,-1,0.0064814752289416,0,-1.0
2023-10-19,0.1959096120801637,1,0.5689164836238418,0,0.0,0,0.0
2023-10-20,0.0370541419622226,1,0.1082015203414665,0,0.0,0,0.0
2023-10-23,-0.0059970089591781,1,-0.0166560586974631,0,0.0,0,0.0
2023-10-24,0.3007267336785162,1,0.8729086363189679,0,0.0,0,0.0
2023-10-25,0.0204475581456572,1,0.0600388625015176,0,0.0,0,0.0
2023-10-26,-0.3044972889811914,1,-0.882370946878633,0,0.0,0,0.0
2023-10-27,-0.4048300978666097,1,-1.1733576301029738,1,0.0199179075906059,1,1.0
2023-10-30,0.1069825532818928,1,0.3110089240123465,0,0.0,0,0.0
2023-10-31,0.1510968646666233,1,0.4389498966131255,0,0.0,0,0.0
2023-11-01,0.0205599068240614,1,0.0603646977856749,0,0.0,0,0.0
2023-11-02,-0.013965542958657,1,-0.0397665178227208,0,0.0,0,0.0
2023-11-03,-0.3145990881837038,1,-0.911668333019734,0,0.0,0,0.0
2023-11-06,0.4048366362351581,1,1.1748497019813822,-1,-0.4414088852342641,-1,-1.0
2023-11-07,0.1036923846424095,1,0.3014667286897241,0,0.0,0,0.0
2023-11-08,0.0380049201237717,1,0.1109589811041495,0,0.0,0,0.0
2023-11-09,-0.230779793564692,1,-0.6685743859615567,0,0.0,0,0.0
2023-11-10,-0.120314911289513,1,-0.3482025149544331,0,0.0,0,0.0
2023-11-13,0.1271028185040304,1,0.3693620121758609,0,0.0,0,0.0
2023-11-14,-0.6113761731434073,0,-1.7723855856188806,0,0.0,0,0.0
2023-11-15,-0.133592582104665,1,-0.3867106105052916,0,0.0,0,0.0
2023-11-16,0.4022329941244415,1,1.1672985809620766,-1,-0.0290938709755571,-1,-1.0
2023-11-17,-0.3919838380007898,1,-1.136100718911921,1,-0.2037853124484474,0,1.0
2023-11-20,0.1242632758531147,1,0.3611267289515307,0,0.0,0,0.0
2023-11-21,0.3644640641588803,1,1.0577605765774678,-1,-0.4607967156334737,-1,-1.0
2023-11-22,0.0770489314556607,1,0.2241949951602767,0,0.0,0,0.0
2023-11-24,0.0222660533082728,1,0.0653128888315621,0,0.0,0,0.0
2023-11-27,-0.0274363599069905,1,-0.0788347786205852,0,0.0,0,0.0
2023-11-28,0.0885196780964628,1,0.2574626227308915,0,0.0,0,0.0
2023-11-29,-0.2021189025895487,1,-0.5854516497822503,0,0.0,0,0.0
2023-11-30,0.1039609449388563,1,0.3022456111986156,0,0.0,0,0.0
2023-12-01,-0.4857922524112539,1,-1.4081652576313444,1,0.0196392314944077,1,1.0
2023-12-04,-0.1513907503992076,1,-0.4383291191170869,0,0.0,0,0.0
2023-12-05,0.1935034019693117,1,0.5619379577849279,0,0.0,0,0.0
2023-12-06,-0.1160660269229781,1,-0.3358798382252919,0,0.0,0,0.0
2023-12-07,-0.131664325007803,1,-0.3811182510044185,0,0.0,0,0.0
2023-12-08,-0.2440114995764868,1,-0.7069491737158673,0,0.0,0,0.0
2023-12-11,0.0798358738646197,1,0.2322777263917562,0,0.0,0,0.0
2023-12-12,0.2419120141464268,1,0.7023333244989095,0,0.0,0,0.0
2023-12-13,0.1341909038959704,1,0.3899189813420186,0,0.0,0,0.0
2023-12-14,-1.6122673810889063,2,-4.675184940125863,0,0.0,0,0.0
2023-12-15,-0.0805118979769626,1,-0.2327652322269028,0,0.0,0,0.0
2023-12-18,0.2617987195280952,1,0.760009038989071,0,0.0,0,0.0
2023-12-19,-0.1284193033394599,1,-0.3717069915893586,0,0.0,0,0.0
2023-12-20,-0.0825027328542606,1,-0.2385390807239968,0,0.0,0,0.0
2023-12-21,-0.0502864095108209,1,-0.1451048274669562,0,0.0,0,0.0
2023-12-22,0.0974831648072921,1,0.2834586582957717,0,0.0,0,0.0
2023-12-26,-0.105581751811098,1,-0.3054731898446855,0,0.0,0,0.0
2023-12-27,0.0197313536097384,1,0.057961715606774,0,0.0,0,0.0
2023-12-28,0.1631981649050778,1,0.4740462649716671,0,0.0,0,0.0
2023-12-29,0.1216054302965167,1,0.3534184063038491,0,0.0,0,0.0
2024-01-02,0.4540605060600658,1,1.317609490877298,-1,-0.0134011829246948,-1,-1.0
2024-01-03,0.4291125008346571,1,1.2452549203808645,-1,0.1504440559807422,0,-1.0
2024-01-04,0.1397911073953843,1,0.4061607736308879,0,0.0,0,0.0
2024-01-05,-0.1475454595317822,1,-0.4271769501708074,0,0.0,0,0.0
2024-01-08,0.1430729835475476,1,0.4156789189602154,0,0.0,0,0.0
2024-01-09,0.0878086801994485,1,0.2554005762066288,0,0.0,0,0.0
2024-01-10,-0.0083294620899832,1,-0.0234206734615559,0,0.0,0,0.0
2024-01-11,-0.1381885605423183,1,-0.4000399345479449,0,0.0,0,0.0
2024-01-12,0.300513307784476,1,0.872289655412215,0,0.0,0,0.0
2024-01-16,-0.0005902810607222,1,-0.0009753871828748,0,0.0,0,0.0
2024-01-17,0.1302128600524891,1,0.378381800268402,0,0.0,0,0.0
2024-01-18,-0.2282091365033846,1,-0.6611189286661139,0,0.0,0,0.0
2024-01-19,-0.0169424517938283,1,-0.0484001924684391,0,0.0,0,0.0
2024-01-22,-0.2601059846528809,1,-0.7536266352821229,0,0.0,0,0.0
2024-01-23,0.3261544237563039,1,0.9466543958565268,0,0.0,0,0.0
2024-01-24,-0.0415746431963049,1,-0.1198388350857244,0,0.0,0,0.0
2024-01-25,-0.1823076242616464,1,-0.5279946899391937,0,0.0,0,0.0
2024-01-26,0.0674356675547806,1,0.1963144662629745,0,0.0,0,0.0
2024-01-29,0.0257306016023112,1,0.0753608225847585,0,0.0,0,0.0
2024-01-30,-0.0218187312658471,1,-0.0625424496802164,0,0.0,0,0.0
2024-01-31,0.3399988443090467,1,0.9868061873049868,0,0.0,0,0.0
2024-02-01,-0.0774970362845968,1,-0.224021486148354,0,0.0,0,0.0
2024-02-02,-0.306958590938086,1,-0.8895092508970946,0,0.0,0,0.0
2024-02-05,0.0737639765306112,1,0.2146679207286892,0,0.0,0,0.0
2024-02-06,-0.0658411830394916,1,-0.1902170096902476,0,0.0,0,0.0
2024-02-07,-0.1892607769148793,1,-0.5481603251984177,0,0.0,0,0.0
2024-02-08,-0.320905371687266,1,-0.9299579088878788,0,0.0,0,0.0
2024-02-09,0.0419725794566653,1,0.1224660448679209,0,0.0,0,0.0
2024-02-12,-0.2223789715062908,1,-0.6442101986704013,0,0.0,0,0.0
2024-02-13,0.2018680754488564,1,0.5861973064377398,0,0.0,0,0.0
2024-02-14,-0.1270851504195586,1,-0.367837661732168,0,0.0,0,0.0
2024-02-15,-0.0470149594303805,1,-0.1356169199836871,0,0.0,0,0.0
2024-02-16,0.0330109842377167,1,0.0964754950355225,0,0.0,0,0.0
2024-02-20,0.0831489514494201,1,0.2418863625734359,0,0.0,0,0.0
2024-02-21,-0.0072342037967218,1,-0.0202441893027794,0,0.0,0,0.0
2024-02-22,-0.1013686553476994,1,-0.2932543057168762,0,0.0,0,0.0
2024-02-23,0.078845659658927,1,0.2294058926357092,0,0.0,0,0.0
2024-02-26,-0.2666584504274822,1,-0.7726301925818064,0,0.0,0,0.0
2024-02-27,-0.199758503600587,1,-0.578605986030641,0,0.0,0,0.0
2024-02-28,-0.1367696595830597,1,-0.3959248171845906,0,0.0,0,0.0
2024-02-29,-0.2974033104184871,1,-0.8617968862522302,0,0.0,0,0.0
2024-03-01,-0.1479686477011914,1,-0.4284042867037334,0,0.0,0,0.0
2024-03-04,0.1278951201357517,1,0.3716598569834463,0,0.0,0,0.0
2024-03-05,-0.2165514075117619,1,-0.6273090121404584,0,0.0,0,0.0
2024-03-06,0.0863974357122304,1,0.2513076642557313,0,0.0,0,0.0
2024-03-07,-0.0826570562121036,1,-0.2389866515888177,0,0.0,0,0.0
2024-03-08,0.1229252665201574,1,0.3572462146686594,0,0.0,0,0.0
2024-03-11,0.2003878384899419,1,0.581904301508988,0,0.0,0,0.0
2024-03-12,-0.1106685916602091,1,-0.3202261173489544,0,0.0,0,0.0
2024-03-13,-0.2612090317344428,1,-0.7568257085989134,0,0.0,0,0.0
2024-03-14,0.1577002864751687,1,0.4581012373494771,0,0.0,0,0.0
2024-03-15,-0.2014492935726744,1,-0.5835096398949374,0,0.0,0,0.0
2024-03-18,0.1252699025809144,1,0.3640461625448025,0,0.0,0,0.0
2024-03-19,-0.0882963499992968,1,-0.2553418141033747,0,0.0,0,0.0
2024-03-20,-0.4410599314876802,1,-1.2784319247058946,1,0.0007010759803315,1,1.0
2024-03-21,-0.4659580729177669,1,-1.3506418794921244,1,0.0196126085693256,1,1.0
2024-03-22,0.1408920806391417,1,0.4093538323728751,0,0.0,0,0.0
2024-03-25,0.097304131026178,1,0.2829394218991209,0,0.0,0,0.0
2024-03-26,0.0697055976949492,1,0.2028977509330265,0,0.0,0,0.0
2024-03-27,-0.0470283112890994,1,-0.1356556432400841,0,0.0,0,0.0
2024-03-28,-0.0366435860359685,1,-0.1055377108192388,0,0.0,0,0.0
2024-04-01,-0.0257382452140339,1,-0.0739098814934424,0,0.0,0,0.0
2024-04-02,0.0540023753553896,1,0.1573550352921121,0,0.0,0,0.0
2024-04-03,-0.3163299652875965,1,-0.9166882481713756,0,0.0,0,0.0
2024-04-04,-0.001935480316719,1,-0.0048767537859509,0,0.0,0,0.0
2024-04-05,-0.0724896440199146,1,-0.20949897369316,0,0.0,0,0.0
2024-04-08,0.0200711493645616,1,0.0589471962363718,0,0.0,0,0.0
2024-04-09,0.1056145266093586,1,0.3070413530011752,0,0.0,0,0.0
2024-04-10,0.1316734499364287,1,0.3826178244622824,0,0.0,0,0.0
2024-04-11,-0.3394707220322627,1,-0.9838014101294112,0,0.0,0,0.0
2024-04-12,-0.0317898226547814,1,-0.091460755104181,0,0.0,0,0.0
2024-04-15,0.0181464897214849,1,0.0533652701237061,0,0.0,0,0.0
2024-04-16,0.0812487591982243,1,0.2363753971493986,0,0.0,0,0.0
2024-04-17,0.1587120342248693,1,0.4610355230055409,0,0.0,0,0.0
2024-04-18,0.1085290577525188,1,0.3154941189500563,0,0.0,0,0.0
2024-04-19,0.2744691615531203,1,0.7967560407007334,0,0.0,0,0.0
2024-04-22,-0.0060301768038819,1,-0.0167522525669189,0,0.0,0,0.0
2024-04-23,-0.0421430552282282,1,-0.1214873519937186,0,0.0,0,0.0
2024-04-24,0.1444579186878595,1,0.4196955281575164,0,0.0,0,0.0
2024-04-25,-0.2363601664747735,1,-0.6847586652845247,0,0.0,0,0.0
2024-04-26,-0.1038473338960739,1,-0.3004430055806916,0,0.0,0,0.0
2024-04-29,-0.0482185207109068,1,-0.1391075060538683,0,0.0,0,0.0
2024-04-30,0.390621044829245,1,1.133621435383134,-1,-0.2095310158852445,-1,-1.0
2024-05-01,0.2774600116490307,1,0.8054301479952284,0,0.0,0,0.0
2024-05-02,-0.1582117042723351,1,-0.4581113495361942,0,0.0,0,0.0
2024-05-03,-0.0881136562288731,1,-0.2548119629520721,0,0.0,0,0.0
2024-05-06,-0.1033339819327224,1,-0.2989541746907584,0,0.0,0,0.0
2024-05-07,0.3242453289977758,1,0.9411176112502126,0,0.0,0,0.0
2024-05-08,-0.074267950289065,1,-0.2146564436052011,0,0.0,0,0.0
2024-05-09,-0.1294770151005247,1,-0.3747745827450208,0,0.0,0,0.0
2024-05-10,0.1209040832357437,1,0.3513843492763362,0,0.0,0,0.0
2024-05-13,0.1318606414880816,1,0.3831607201446438,0,0.0,0,0.0
2024-05-14,-0.0707935050231536,1,-0.2045798065090877,0,0.0,0,0.0
2024-05-15,0.0821937837861326,1,0.2391161713134603,0,0.0,0,0.0
2024-05-16,0.4817797219347255,1,1.398001167125076,-1,0.1139709343569773,0,-1.0
2024-05-17,0.015707081858638,1,0.0462904636777723,0,0.0,0,0.0
2024-05-20,-0.1177976943192011,1,-0.3409020453943356,0,0.0,0,0.0
2024-05-21,0.0658303813302598,1,0.1916587916208693,0,0.0,0,0.0
2024-05-22,0.2492767413024423,1,0.723692614164851,0,0.0,0,0.0
2024-05-23,-0.2825617960759695,1,-0.8187533087771124,0,0.0,0,0.0
2024-05-24,-0.3569810552934905,1,-1.0345851353578797,1,0.2771872596969388,1,1.0
2024-05-28,-0.2122037928956683,1,-0.6146999964941459,0,0.0,0,0.0
2024-05-29,0.0865091063560918,1,0.2516315330941677,0,0.0,0,0.0
2024-05-30,-0.46908674102047,1,-1.3597156885903534,1,0.1553857924211493,1,1.0
2024-05-31,0.1699742223427904,1,0.4936982860905953,0,0.0,0,0.0
2024-06-03,0.3663353411385813,1,1.0631876815072132,-1,-0.0991920803893278,-1,-1.0
2024-06-04,0.5169598365938511,1,1.5000310514055184,-1,-0.0992577585914035,-1,-1.0
2024-06-05,-0.3128174900526038,1,-0.9065013160014072,0,0.0,0,0.0
2024-06-06,0.2798798698207567,1,0.8124482561403717,0,0.0,0,0.0
2024-06-07,0.0787074364821583,1,0.2290050157520712,0,0.0,0,0.0
2024-06-10,-0.2264191821818515,1,-0.65592767690179,0,0.0,0,0.0
2024-06-11,0.0924537382224821,1,0.2688722415823162,0,0.0,0,0.0
2024-06-12,-0.5206430799746091,1,-1.5092401386492325,1,0.0519146713636305,1,1.0
2024-06-13,-0.0116807722380376,1,-0.0331401922836803,0,0.0,0,0.0
2024-06-14,0.5474899094664091,1,1.588574816326209,-1,0.1790095535869333,0,-1.0
2024-06-17,-0.3128193100736652,1,-0.9065065944531712,0,0.0,0,0.0
2024-06-18,-0.0555819877291935,1,-0.1604631410498948,0,0.0,0,0.0
2024-06-20,0.3446061832451685,1,1.0001684592318452,-1,-0.0637120211485976,-1,-1.0
2024-06-21,0.1017299205801083,1,0.2957751616462045,0,0.0,0,0.0
2024-06-24,-0.1239312156865125,1,-0.3586905739822059,0,0.0,0,0.0
2024-06-25,0.2877861205351895,1,0.8353780803692558,0,0.0,0,0.0
2024-06-26,-0.0015494160203683,1,-0.003757084453911,0,0.0,0,0.0
2024-06-27,0.0717649874086886,1,0.2088704231717925,0,0.0,0,0.0
2024-06-28,-0.1529479682776085,1,-0.4428453852370857,0,0.0,0,0.0
2024-07-01,0.319539776611163,1,0.9274704992344158,0,0.0,0,0.0
2024-07-02,-0.0142398985274732,1,-0.0405622078654977,0,0.0,0,0.0
2024-07-03,-0.2019601447235382,1,-0.5849912178918314,0,0.0,0,0.0
2024-07-05,0.4502820832602031,1,1.3066512536808603,-1,0.2358425900989059,0,-1.0
2024-07-08,-0.2676604158843807,1,-0.7755361074888756,0,0.0,0,0.0
2024-07-09,0.1582976590895399,1,0.4598337461632536,0,0.0,0,0.0
2024-07-10,-0.128607480494965,1,-0.3722527457344616,0,0.0,0,0.0
2024-07-11,-0.3759385660277504,1,-1.0895659859094866,1,0.0742323010758784,1,1.0
2024-07-12,-0.0710955858864285,1,-0.2054559058573107,0,0.0,0,0.0
2024-07-15,-0.2122904790471838,1,-0.6149514049416035,0,0.0,0,0.0
2024-07-16,-0.5239363917798183,1,-1.5187914498271722,1,-0.0759268734107243,0,1.0
2024-07-17,0.6925985764658802,2,2.009421099674089,0,0.0,0,0.0
2024-07-18,-0.2230449759869536,1,-0.6461417546289506,0,0.0,0,0.0
2024-07-19,0.0797937939285814,1,0.2321556855443595,0,0.0,0,0.0
2024-07-22,-0.1434381775545963,1,-0.4152649507671692,0,0.0,0,0.0
2024-07-23,0.0864462421680367,1,0.2514492134543712,0,0.0,0,0.0
2024-07-24,0.9321493591704566,2,2.7041697915262723,0,0.0,0,0.0
2024-07-25,-0.3343381715006405,1,-0.9689159118335976,0,0.0,0,0.0
2024-07-26,-0.2567948189816689,1,-0.7440235440602613,0,0.0,0,0.0
2024-07-29,0.1066412985756177,1,0.3100192121103594,0,0.0,0,0.0
2024-07-30,0.08679736982443,1,0.2524675590310301,0,0.0,0,0.0
2024-07-31,-0.2594597234657728,1,-0.7517523391129808,0,0.0,0,0.0
2024-08-01,1.0307568923002013,2,2.990152804711193,0,0.0,0,0.0
2024-08-02,0.8392325945624206,2,2.434691228635578,0,0.0,0,0.0
2024-08-05,-0.448649931358593,1,-1.3004445536021148,1,-0.0341646686836714,0,1.0
2024-08-06,-0.0980022568638528,1,-0.28349102748209,0,0.0,0,0.0
2024-08-07,0.3024870117084204,1,0.8780138204672504,0,0.0,0,0.0
2024-08-08,-0.2468255015766116,1,-0.7151103835703438,0,0.0,0,0.0
2024-08-09,0.1110099952184029,1,0.3226893701595488,0,0.0,0,0.0
2024-08-12,0.0790797514510336,1,0.2300848090829994,0,0.0,0,0.0
2024-08-13,-0.0402620706828011,1,-0.1160320930395401,0,0.0,0,0.0
2024-08-14,0.1981309654260451,1,0.5753588851629583,0,0.0,0,0.0
2024-08-15,-0.3988802285185726,1,-1.1561017317937707,1,-0.0549599288795232,0,1.0
2024-08-16,0.1534803643050532,1,0.4458625572069817,0,0.0,0,0.0
2024-08-19,-0.0167792027366214,1,-0.0479267351594707,0,0.0,0,0.0
2024-08-20,0.2130148141000847,1,0.6185252412869843,0,0.0,0,0.0
2024-08-21,-0.3132253936075524,1,-0.9076843238713996,0,0.0,0,0.0
2024-08-22,0.0943516748703762,1,0.2743766652725902,0,0.0,0,0.0
2024-08-23,-0.5680252062208891,0,-1.6466584758181602,0,0.0,0,1.0
2024-08-26,0.1545152398214945,1,0.4488639183512034,0,0.0,0,0.0
2024-08-27,0.2120686866720085,1,0.6157812686496998,0,0.0,0,0.0
2024-08-28,0.1269609384910432,1,0.3689505296822121,0,0.0,0,0.0
2024-08-29,0.1086082775184753,1,0.3157238732766573,0,0.0,0,0.0
2024-08-30,-0.0155247450520411,1,-0.0442885385921028,0,0.0,0,0.0
2024-09-03,0.7676688087184154,2,2.2271408877943726,0,0.0,0,0.0
2024-09-04,0.2181846247578583,1,0.6335188019469012,0,0.0,0,0.0
2024-09-05,-0.0076888360166736,1,-0.0215627203320638,0,0.0,0,0.0
2024-09-06,0.0222346713971427,1,0.0652218745528389,0,0.0,0,0.0
2024-09-09,0.0537013665967255,1,0.1564820452773984,0,0.0,0,0.0
2024-09-10,0.3094413130619109,1,0.8981827872038015,0,0.0,0,0.0
2024-09-11,-0.2760040811079919,1,-0.799734527689845,0,0.0,0,0.0
2024-09-12,-0.2259667183760387,1,-0.6546154347389809,0,0.0,0,0.0
2024-09-13,-0.2210930461970553,1,-0.6404807392366879,0,0.0,0,0.0
2024-09-16,0.0648720771707815,1,0.1888795038486599,0,0.0,0,0.0
2024-09-17,-0.5443080732658709,0,-1.5778736991250957,0,0.0,0,1.0
2024-09-18,-0.2347572052123832,1,-0.6801097335316746,0,0.0,0,0.0
2024-09-19,-0.4967696127533164,1,-1.440001959025233,1,-0.3248805780107139,0,1.0
2024-09-20,0.2993184676368765,1,0.8688243624996015,0,0.0,0,0.0
2024-09-23,-0.1483550172935654,1,-0.429524841459776,0,0.0,0,0.0
2024-09-24,-0.3990434766123955,1,-1.1565751863087186,1,-0.032781867065791,0,1.0
2024-09-25,-0.0042954904781259,1,-0.0117212898541855,0,0.0,0,0.0
2024-09-26,-0.2030853830374734,1,-0.588254650546078,0,0.0,0,0.0
2024-09-27,-0.0332985571463989,1,-0.0958364089950563,0,0.0,0,0.0
2024-09-30,0.2046658835582311,1,0.594311550532858,0,0.0,0,0.0
2024-10-01,0.010762289739473,1,0.0319495050823353,0,0.0,0,0.0
2024-10-02,-0.0181170973934095,1,-0.0518069168568347,0,0.0,0,0.0
2024-10-03,-0.0988046368955559,1,-0.2858181018130535,0,0.0,0,0.0
2024-10-04,-0.0811587342727959,1,-0.2346411963348008,0,0.0,0,0.0
2024-10-07,-0.4412645695223715,1,-1.2790254189341324,1,0.0,0,1.0
2024-10-08,0.408228710624377,1,1.1846874458533418,-1,0.1422731864666543,0,-1.0
2024-10-09,0.0036605476476626,1,0.0113529285550042,0,0.0,0,0.0
2024-10-10,-0.0056082837853855,1,-0.0155286722496572,0,0.0,0,0.0
2024-10-11,-0.1470242632687919,1,-0.4256653691280634,0,0.0,0,0.0
2024-10-14,0.0437238196965373,1,0.1275450174850568,0,0.0,0,0.0
2024-10-15,0.202939371639752,1,0.589304295355947,0,0.0,0,0.0
2024-10-16,-0.2105579370282476,1,-0.6099266611789449,0,0.0,0,0.0
2024-10-17,-0.1041088473511348,1,-0.3012014507368877,0,0.0,0,0.0
2024-10-18,0.0474495835684093,1,0.1383505324865475,0,0.0,0,0.0
2024-10-21,0.0541566280056612,1,0.1578024010897982,0,0.0,0,0.0
2024-10-22,0.2737328680746581,1,0.7946206315603184,0,0.0,0,0.0
2024-10-23,0.0778276607221295,1,0.2264534771951838,0,0.0,0,0.0
2024-10-24,-0.0997528528834541,1,-0.288568131722152,0,0.0,0,0.0
2024-10-25,-0.1314487171249362,1,-0.3804929418616826,0,0.0,0,0.0
2024-10-28,-0.1864012129237568,1,-0.5398669757897038,0,0.0,0,0.0
2024-10-29,0.1535211292675603,1,0.4459807843488655,0,0.0,0,0.0
2024-10-30,0.0527383875670811,1,0.1536891993781989,0,0.0,0,0.0
2024-10-31,0.0640151176801048,1,0.1863941373706375,0,0.0,0,0.0
2024-11-01,0.0766937891075541,1,0.223165006115855,0,0.0,0,0.0
2024-11-04,-0.3093620152235077,1,-0.8964796972442551,0,0.0,0,0.0
2024-11-05,-0.1570478991765603,1,-0.4547360649358614,0,0.0,0,0.0
2024-11-06,-0.5147568371176379,1,-1.492168770822193,1,0.0987267382175463,1,1.0
2024-11-07,0.021878278588416,1,0.0641882589041948,0,0.0,0,0.0
2024-11-08,0.1120942758959521,1,0.3258340168763034,0,0.0,0,0.0
2024-11-11,-0.1210446514500868,1,-0.3503189180662358,0,0.0,0,0.0
2024-11-12,0.2305315773621104,1,0.6693276148980315,0,0.0,0,0.0
2024-11-13,-0.0911840718902817,1,-0.2637168274660686,0,0.0,0,0.0
2024-11-14,-0.3055659076706023,1,-0.8854701704677815,0,0.0,0,0.0
2024-11-15,-0.1583779916671382,1,-0.4585936186764018,0,0.0,0,0.0
2024-11-18,0.1360208273775058,1,0.3952261522501352,0,0.0,0,0.0
2024-11-19,0.0678688072231959,1,0.1975706642792087,0,0.0,0,0.0
2024-11-20,0.1760408595489946,1,0.5112928362538897,0,0.0,0,0.0
2024-11-21,-0.0212404893526991,1,-0.0608654240065868,0,0.0,0,0.0
2024-11-22,-0.2634527814085769,1,-0.7633330642975623,0,0.0,0,0.0
2024-11-25,-0.3483233930777843,1,-1.0094760564771912,1,0.09861400509028,1,1.0
2024-11-26,0.4551792521465878,1,1.3208540946784235,-1,0.0834183002866026,0,-1.0
2024-11-27,0.1080640346545489,1,0.3141454521440117,0,0.0,0,0.0
2024-11-29,-0.125699928292069,1,-0.3638202202104472,0,0.0,0,0.0
2024-12-02,-0.1461908788516464,1,-0.4232483754239105,0,0.0,0,0.0
2024-12-03,-0.0898758122824608,1,-0.2599225937721736,0,0.0,0,0.0
2024-12-04,0.1801989587008251,1,0.5233522163724199,0,0.0,0,0.0
2024-12-05,0.0098739819927557,1,0.0293732219325737,0,0.0,0,0.0
2024-12-06,-0.1468963649641464,1,-0.425294436589921,0,0.0,0,0.0
2024-12-09,-0.0692844700285525,1,-0.2002032810950539,0,0.0,0,0.0
2024-12-10,0.174721552321086,1,0.5074665620902566,0,0.0,0,0.0
2024-12-11,-0.1726554826736948,1,-0.500001407403894,0,0.0,0,0.0
2024-12-12,0.1114491542140232,1,0.3239630255167873,0,0.0,0,0.0
2024-12-13,0.0344305047422082,1,0.100592409213044,0,0.0,0,0.0
2024-12-16,-0.038660680543386,1,-0.1113877178805757,0,0.0,0,0.0
2024-12-17,0.2322122877760026,1,0.6742020358798823,0,0.0,0,0.0
2024-12-18,0.1766248732504067,1,0.5129866013524584,0,0.0,0,0.0
2024-12-19,0.2056333437341037,1,0.5971173927180429,0,0.0,0,0.0
2024-12-20,-0.0283643114471834,1,-0.0815260372813689,0,0.0,0,0.0
2024-12-23,0.1137635793875234,1,0.3306753553348118,0,0.0,0,0.0
2024-12-24,-0.0098742506198798,1,-0.0279008918028064,0,0.0,0,0.0
2024-12-26,-0.0120191078250209,1,-0.0341214381131025,0,0.0,0,0.0
2024-12-27,0.0805840781557961,1,0.2344476794458193,0,0.0,0,0.0
2024-12-30,-0.1220924832219716,1,-0.3533578551324356,0,0.0,0,0.0
2024-12-31,0.0075360822953789,1,0.0225928109562621,0,0.0,0,0.0
2025-01-02,0.0608497856168618,1,0.1772139949165514,0,0.0,0,0.0
2025-01-03,-0.0859598513339608,1,-0.2485654664207271,0,0.0,0,0.0
2025-01-06,-0.4104947978300165,1,-1.189786475982244,1,0.0518912921497898,1,1.0
2025-01-07,0.193269692977429,1,0.5612601515404589,0,0.0,0,0.0
2025-01-08,0.2406721010988837,1,0.6987373105011037,0,0.0,0,0.0
2025-01-10,-0.3072797983465882,1,-0.8904408213321844,0,0.0,0,0.0
2025-01-13,-0.1179305039640261,1,-0.3412872218732675,0,0.0,0,0.0
2025-01-14,-0.3022251816493644,1,-0.8757813478854154,0,0.0,0,0.0
2025-01-15,-0.0299441329427,1,-0.0861078587430992,0,0.0,0,0.0
2025-01-16,0.2127687652624802,1,0.6178116468410488,0,0.0,0,0.0
2025-01-17,-0.0912481291021012,1,-0.2639026071308765,0,0.0,0,0.0
2025-01-21,-0.1035854419829749,1,-0.2996834628149449,0,0.0,0,0.0
2025-01-22,-0.07478132113297,1,-0.2161453292527922,0,0.0,0,0.0
2025-01-23,-0.0847716316420157,1,-0.2451193742506591,0,0.0,0,0.0
2025-01-24,0.2408644633644173,1,0.6992952023636656,0,0.0,0,0.0
2025-01-27,0.9308748819368418,2,2.700473533969305,0,0.0,0,0.0
2025-01-28,-0.0715525082265409,1,-0.2067810787266585,0,0.0,0,0.0
2025-01-29,-0.0754643180862188,1,-0.2181261670294478,0,0.0,0,0.0
2025-01-30,0.0426050452795285,1,0.1243003315194379,0,0.0,0,0.0
2025-01-31,0.3172556261527456,1,0.9208459725889064,0,0.0,0,0.0
2025-02-03,0.599832211041757,1,1.7403787267014543,-1,0.0225854807581263,0,-1.0
2025-02-04,-0.3319109969642835,1,-0.9618765846604924,0,0.0,0,0.0
2025-02-05,0.266028584092704,1,0.7722765542098332,0,0.0,0,0.0
2025-02-06,-0.1771853456208232,1,-0.5131389823316631,0,0.0,0,0.0
2025-02-07,0.1557130009087656,1,0.4523376826158741,0,0.0,0,0.0
2025-02-10,-0.1540234913085181,1,-0.4459646328986676,0,0.0,0,0.0
2025-02-11,0.0216624376688071,1,0.0635622739048829,0,0.0,0,0.0
2025-02-12,0.2712602666716408,1,0.78744955672256,0,0.0,0,0.0
2025-02-13,-0.1038528492131361,1,-0.3004590011840908,0,0.0,0,0.0
2025-02-14,-0.3403096674337081,1,-0.9862345318817556,0,0.0,0,0.0
2025-02-18,-0.0359448356236105,1,-0.1035111846295265,0,0.0,0,0.0
2025-02-19,0.2103506185473036,1,0.6107985022872802,0,0.0,0,0.0
2025-02-20,0.2338947311304347,1,0.679081482761292,0,0.0,0,0.0
2025-02-21,0.7534849972907468,2,2.1860047899549286,0,0.0,0,0.0
2025-02-24,0.3608560940061456,1,1.0472966886470934,-1,0.1035084214445264,0,-1.0
2025-02-25,0.0327775618488747,1,0.0957985200013938,0,0.0,0,0.0
2025-02-26,-0.2763484576545211,1,-0.8007332935987035,0,0.0,0,0.0
2025-02-27,0.1185462201309985,1,0.3445460401333081,0,0.0,0,0.0
2025-02-28,0.1740337589888865,1,0.5054718137850525,0,0.0,0,0.0
2025-03-03,0.9625007275677592,2,2.7921952751079915,0,0.0,0,0.0
2025-03-04,0.0771005452471564,1,0.224344686235039,0,0.0,0,0.0
2025-03-05,-0.3063117947754458,1,-0.8876334031840717,0,0.0,0,0.0
2025-03-06,-0.0317354170640579,1,-0.09130296721237,0,0.0,0,0.0
2025-03-07,0.1297720501422189,1,0.3771033569042933,0,0.0,0,0.0
2025-03-10,0.2717568732167955,1,0.7888898223051483,0,0.0,0,0.0
2025-03-11,-0.0982124458366501,1,-0.2841006206224001,0,0.0,0,0.0
2025-03-12,-0.2021861096155834,1,-0.5856465645844218,0,0.0,0,0.0
2025-03-13,0.4854712497209065,1,1.4087073901289395,-1,-0.268731640531023,-1,-1.0
2025-03-14,-0.1908288149140857,1,-0.5527079719914013,0,0.0,0,0.0
2025-03-17,-0.0103991422927615,1,-0.0294231903274926,0,0.0,0,0.0
2025-03-18,0.0861933497717508,1,0.2507157712192204,0,0.0,0,0.0
2025-03-19,-0.3127660482802069,1,-0.9063521238189572,0,0.0,0,0.0
2025-03-20,0.0873714551732847,1,0.2541325297759607,0,0.0,0,0.0
2025-03-21,0.0516863790145908,1,0.1506381487516548,0,0.0,0,0.0
2025-03-24,-0.5867284890012323,0,-1.700902010730796,0,0.0,0,1.0
2025-03-25,-0.19169256365351,1,-0.5552130287481727,0,0.0,0,0.0
2025-03-26,0.2872396416170269,1,0.8337931741993333,0,0.0,0,0.0
2025-03-27,0.3593446151907611,1,1.0429130756281966,-1,0.0334585738578416,0,-1.0
2025-03-28,0.5153601208121766,1,1.4953915322434197,-1,0.0495806243324082,0,-1.0
2025-03-31,0.1103734305525834,1,0.3208431959836004,0,0.0,0,0.0
2025-04-01,-0.3234763127801215,1,-0.9374141899357816,0,0.0,0,0.0
2025-04-02,-0.3453350942090875,1,-1.0008093482892624,1,0.082737665655027,1,1.0
2025-04-03,2.1736523939315773,2,6.304795093571366,0,0.0,0,0.0
2025-04-04,-1.1036969728720387,2,-3.200221586492665,0,0.0,0,0.0
2025-04-07,-0.0982900535006315,1,-0.2843256995072198,0,0.0,0,0.0
2025-04-08,0.3638889280501745,1,1.0560925584034129,-1,-0.0388108424297979,-1,-1.0
2025-04-09,-0.9344034092258132,2,-2.709233911335457,0,0.0,0,0.0
2025-04-10,0.4953723606543836,1,1.4374227372100623,-1,-0.0392787393221826,-1,-1.0
2025-04-11,0.1827370823952555,1,0.5307133199203019,0,0.0,0,0.0
2025-04-14,0.2320366314121092,1,0.6736925947181686,0,0.0,0,0.0
2025-04-15,0.0095988778723375,1,0.0285753609294667,0,0.0,0,0.0
2025-04-16,0.0544596296117237,1,0.1586811707897521,0,0.0,0,0.0
2025-04-17,-0.3654693719507974,1,-1.0592030757674664,1,1.1933221006476378,1,1.0
2025-04-21,-0.1209296209945018,1,-0.3499853050525834,0,0.0,0,0.0
2025-04-22,0.0179874091173164,1,0.0529039022233497,0,0.0,0,0.0
2025-04-23,-0.1262065814085627,1,-0.3652896230065171,0,0.0,0,0.0
2025-04-24,-0.5543993535166659,0,-1.6071405780482158,0,0.0,0,1.0
2025-04-25,0.0555186774381118,1,0.1617526368216516,0,0.0,0,0.0
2025-04-28,0.037902291484683,1,0.1106613360205122,0,0.0,0,0.0
2025-04-29,0.2672259774407839,1,0.7757492519519105,0,0.0,0,0.0
2025-04-30,0.2020358056131414,1,0.5866837599191499,0,0.0,0,0.0
2025-05-01,-0.492815294403772,1,-1.428533586976952,1,0.05375728146631,1,1.0
2025-05-02,-0.2127998586957765,1,-0.6164287152660385,0,0.0,0,0.0
2025-05-05,0.1383184972345025,1,0.4018898880536007,0,0.0,0,0.0
2025-05-06,-0.0527019346053379,1,-0.1521103687580542,0,0.0,0,0.0
2025-05-07,0.0308961320368684,1,0.0903419696785545,0,0.0,0,0.0
2025-05-08,-0.6680137377004521,0,-1.9366466806628784,0,0.0,0,0.0
2025-05-09,-0.1814997711726861,1,-0.5256517425673372,0,0.0,0,0.0
2025-05-12,-1.1047897847763168,2,-3.203390975598248,0,0.0,0,0.0
2025-05-13,-0.6814065386134018,0,-1.9754886782111951,0,0.0,0,0.0
2025-05-14,-0.1895041978731464,1,-0.5488662982301739,0,0.0,0,0.0
2025-05-15,0.535345818746641,1,1.5533543463864463,-1,-0.0511990447731968,-1,-1.0
2025-05-16,0.1793122088939965,1,0.5207804515827633,0,0.0,0,0.0
2025-05-19,0.3508021796679753,1,1.0181381788915569,-1,0.94931114529511,0,-1.0
2025-05-20,0.2859906062101869,1,0.8301707034013592,0,0.0,0,0.0
2025-05-21,0.1278686298615206,1,0.3715830295017696,0,0.0,0,0.0
2025-05-22,-0.2003229795955919,1,-0.5802430875866618,0,0.0,0,0.0
2025-05-23,0.2509097289542785,1,0.7284286288925635,0,0.0,0,0.0
2025-05-27,-0.188920744837028,1,-0.5471741591813093,0,0.0,0,0.0
2025-05-28,0.0129723379931397,1,0.0383591194272765,0,0.0,0,0.0
2025-05-29,0.1118097521062598,1,0.3250088368102741,0,0.0,0,0.0
2025-05-30,0.2512927531142065,1,0.7295394811763815,0,0.0,0,0.0
2025-06-02,0.0480983100250784,1,0.1402319784666117,0,0.0,0,0.0
2025-06-03,-0.4156303105875364,1,-1.2046805653690325,1,0.8805388173372264,1,1.0
2025-06-04,-0.1054725509922024,1,-0.3051564840288232,0,0.0,0,0.0
2025-06-05,0.0025151434239608,1,0.0080310104336171,0,0.0,0,0.0
2025-06-06,0.0946955986727892,1,0.2753741181263259,0,0.0,0,0.0
2025-06-09,-0.1630902057801345,1,-0.4722600511287179,0,0.0,0,0.0
2025-06-10,-0.130274872216132,1,-0.3770885396484164,0,0.0,0,0.0
2025-06-11,0.0770984648876507,1,0.224338652745902,0,0.0,0,0.0
2025-06-12,0.3705621518013647,1,1.0754463397571306,-1,0.0439391904756212,0,-1.0
2025-06-13,0.078326527918269,1,0.2279002991508994,0,0.0,0,0.0
2025-06-16,-0.4499488229800618,1,-1.3042116181246557,1,0.154386446989877,1,1.0
2025-06-17,0.0203518596592733,1,0.0597613163483521,0,0.0,0,0.0
2025-06-18,-0.1936506733787406,1,-0.5608919672794849,0,0.0,0,0.0
2025-06-20,-0.1727452074176378,1,-0.5002616284216564,0,0.0,0,0.0
2025-06-23,-0.0120485218160985,1,-0.0342067450012393,0,0.0,0,0.0
2025-06-24,0.062004709353404,1,0.1805635216686359,0,0.0,0,0.0
2025-06-25,-0.1047061114033472,1,-0.3029336446970996,0,0.0,0,0.0
2025-06-26,-0.2333075728672149,1,-0.6759054885523782,0,0.0,0,0.0
2025-06-27,-0.1464658876954547,1,-0.4240459601043965,0,0.0,0,0.0
2025-06-30,0.3117307927639237,1,0.9048227697997137,0,0.0,0,0.0
2025-07-01,-0.3395918900581311,1,-0.9841528234143772,0,0.0,0,0.0
2025-07-02,-0.7853598693187087,2,-2.276975651894999,0,0.0,0,0.0
2025-07-03,0.1652469519326133,1,0.4799881871444674,0,0.0,0,0.0
2025-07-07,0.0791124157581621,1,0.2301795425853977,0,0.0,0,0.0
2025-07-08,-0.238852779669606,1,-0.6919877786142818,0,0.0,0,0.0
2025-07-09,-0.1638332830636144,1,-0.4744151347598966,0,0.0,0,0.0
2025-07-10,-0.2238281704814317,1,-0.6484131867835912,0,0.0,0,0.0
2025-07-11,-0.2190324400260051,1,-0.6345045390105958,0,0.0,0,0.0
2025-07-14,0.1793573946139899,1,0.5209114998703177,0,0.0,0,0.0
2025-07-15,0.1252650101983702,1,0.3640319735852247,0,0.0,0,0.0
2025-07-16,0.2259912557282771,1,0.656159707533755,0,0.0,0,0.0
2025-07-17,-0.3607530813707097,1,-1.04552482068553,1,0.0262313033204013,1,1.0
2025-07-18,-0.0634802860706106,1,-0.1833699016899756,0,0.0,0,0.0
2025-07-21,0.11853037509715,1,0.3445000861338501,0,0.0,0,0.0
2025-07-22,-0.0490450747126783,1,-0.1415046900872185,0,0.0,0,0.0
2025-07-23,-0.1873212917598287,1,-0.5425354019185809,0,0.0,0,0.0
2025-07-24,0.254704854906773,1,0.7394353088171349,0,0.0,0,0.0
2025-07-25,-0.1727586937013524,1,-0.5003007415393965,0,0.0,0,0.0
2025-07-28,-0.3810558655960395,1,-1.10440725313786,1,0.1038563576637571,1,1.0
2025-07-29,0.2689658498968187,1,0.7807952555557082,0,0.0,0,0.0
2025-07-30,0.2344566737355278,1,0.6807112369427505,0,0.0,0,0.0
2025-07-31,-0.5318756718412594,1,-1.5418170662524653,1,-0.0168100347724361,0,1.0
2025-08-01,0.3005483404076113,1,0.872391257539416,0,0.0,0,0.0
2025-08-04,0.1849817458758992,1,0.5372233258539864,0,0.0,0,0.0
2025-08-05,-0.4112974947657573,1,-1.1921144694029433,1,0.0314707085714882,1,1.0
2025-08-06,0.0617204440387928,1,0.179739091235826,0,0.0,0,0.0
2025-08-07,0.1642332370939034,1,0.4770481965080211,0,0.0,0,0.0
2025-08-08,0.1460978037406336,1,0.4244515468285461,0,0.0,0,0.0
2025-08-11,-0.005534809549825,1,-0.0153155811945408,0,0.0,0,0.0
2025-08-12,-0.5703269458928624,0,-1.6533340149586848,0,0.0,0,1.0
2025-08-13,-0.2471962546866865,1,-0.7161856471754822,0,0.0,0,0.0
2025-08-14,0.3315033656273298,1,0.9621674754872102,0,0.0,0,0.0
2025-08-15,0.3103240224536951,1,0.9007428339225134,0,0.0,0,0.0
2025-08-18,-0.1751256721151623,1,-0.5071654870354059,0,0.0,0,0.0
2025-08-19,0.0739790671678657,1,0.2152917297481175,0,0.0,0,0.0
2025-08-20,0.4606348813399624,1,1.336676590445436,-1,-0.003012221808829,-1,-1.0
2025-08-21,-0.0578443975704006,1,-0.1670246152386498,0,0.0,0,0.0
2025-08-22,-0.682389620703852,0,-1.9783398273020576,0,0.0,0,0.0
2025-08-25,-0.2659593976179208,1,-0.7706027893752918,0,0.0,0,0.0
2025-08-26,-0.1671888693767429,1,-0.4841470553786582,0,0.0,0,0.0
2025-08-27,-0.1065999292511051,1,-0.3084261229828364,0,0.0,0,0.0
2025-08-28,-0.2053110646231134,1,-0.5947096049095951,0,0.0,0,0.0
2025-08-29,0.3597707109253511,1,1.0441488447242857,-1,0.0822362152197942,0,-1.0
2025-09-02,-0.0481672441045621,1,-0.1389587928884242,0,0.0,0,0.0
2025-09-03,0.1306866729117659,1,0.3797559592690482,0,0.0,0,0.0
2025-09-04,-0.4718778497629609,1,-1.367810503083421,1,0.0530193931407982,1,1.0
2025-09-05,0.0150967039224423,1,0.0445202366389804,0,0.0,0,0.0
2025-09-08,-0.1475606194479234,1,-0.4272209171818468,0,0.0,0,0.0
2025-09-09,0.4866369119333971,1,1.412088060766397,-1,0.0,0,-1.0
2025-09-10,-0.4836051324235459,1,-1.4018221401794688,1,0.1301038916003206,1,1.0
2025-09-11,0.0140454884288326,1,0.0414714860534282,0,0.0,0,0.0
2025-09-12,0.0024444266659624,1,0.0078259166553513,0,0.0,0,0.0
2025-09-15,-0.228369163794695,1,-0.6615830421623976,0,0.0,0,0.0
2025-09-16,-0.0806989854046489,1,-0.2333078259274099,0,0.0,0,0.0
2025-09-17,0.3165384611860796,1,0.91876604023883,0,0.0,0,0.0
2025-09-18,-0.2362236065136105,1,-0.6843626120831692,0,0.0,0,0.0
2025-09-19,0.272364882690904,1,0.7906531802954727,0,0.0,0,0.0
2025-09-22,0.1377307709912343,1,0.4001853557867145,0,0.0,0,0.0
2025-09-23,-0.0325436896257192,1,-0.0936471311451037,0,0.0,0,0.0
2025-09-24,0.0758221730523659,1,0.2206371324545687,0,0.0,0,0.0
2025-09-25,-0.1672690865034761,1,-0.4843797022656056,0,0.0,0,0.0
2025-09-26,0.0848996740185734,1,0.2469638338343641,0,0.0,0,0.0
2025-09-29,0.0849974805584293,1,0.2472474937951136,0,0.0,0,0.0
2025-09-30,0.3150152835343253,1,0.9143484980831866,0,0.0,0,0.0
2025-10-01,0.2408160731749128,1,0.6991548604266566,0,0.0,0,0.0
2025-10-02,-0.1616903101139314,1,-0.4682000531949036,0,0.0,0,0.0
2025-10-03,0.2374995513517852,1,0.6895362352144874,0,0.0,0,0.0
2025-10-06,0.0676237905320036,1,0.1968600632794294,0,0.0,0,0.0
2025-10-07,0.5068022061050724,1,1.4705717425494926,-1,0.0839451342099459,0,-1.0
2025-10-08,-0.0831476918285381,1,-0.2404096001963969,0,0.0,0,0.0
2025-10-09,0.289544453068278,1,0.8404776221591523,0,0.0,0,0.0
2025-10-10,0.487171019886281,1,1.413637088481458,-1,0.024760834380661,0,-1.0
2025-10-13,-0.4797594647048669,1,-1.390668878283659,1,0.0219335607729575,1,1.0
2025-10-14,-0.2189207494917655,1,-0.634180612485793,0,0.0,0,0.0
2025-10-15,-0.1544811557761616,1,-0.4472919580971606,0,0.0,0,0.0
2025-10-16,-0.1770448587216244,1,-0.5127315401670467,0,0.0,0,0.0
2025-10-17,0.2612605619670531,1,0.7584482665410618,0,0.0,0,0.0
2025-10-20,0.0276847773954405,1,0.0810283518685183,0,0.0,0,0.0
2025-10-21,-0.2637602638035385,1,-0.7642248292471706,0,0.0,0,0.0
2025-10-22,0.3648823923216674,1,1.05897381804794,-1,0.0941125428559716,0,-1.0
2025-10-23,-0.3345292609471623,1,-0.969470112247802,0,0.0,0,0.0
2025-10-24,0.0524640268051925,1,0.1528934942743973,0,0.0,0,0.0
2025-10-27,-0.078324327371279,1,-0.2264208078861681,0,0.0,0,0.0
2025-10-28,-0.1696454820215221,1,-0.4912717593853769,0,0.0,0,0.0
2025-10-29,-0.5886084291950744,0,-1.7063542408411974,0,0.0,0,1.0
2025-10-30,0.155425696335044,1,0.4515044376792363,0,0.0,0,0.0
2025-10-31,-0.0265214426598026,1,-0.0761813222074591,0,0.0,0,0.0
2025-11-03,0.0862361442625989,1,0.2508398844289519,0,0.0,0,0.0
2025-11-04,0.2843126863667343,1,0.8253043756728078,0,0.0,0,0.0
2025-11-05,-0.3094931183867815,1,-0.8968599245603748,0,0.0,0,0.0
2025-11-06,0.0992197044028534,1,0.2884949958887637,0,0.0,0,0.0
2025-11-07,-0.0818127382596586,1,-0.2365379482853019,0,0.0,0,0.0
2025-11-10,-0.0362200177421682,1,-0.1043092718439809,0,0.0,0,0.0
2025-11-11,0.5439219519047944,1,1.578226973499192,-1,0.0332220742628547,0,-1.0
2025-11-12,0.0834236385357866,1,0.2426830140882722,0,0.0,0,0.0
2025-11-13,0.3362753654760999,1,0.9760072994068858,0,0.0,0,0.0
2025-11-14,0.0186373581507299,1,0.0547888939384111,0,0.0,0,0.0
2025-11-17,0.5233019205950717,1,1.5184244564018132,-1,0.1059726194758107,0,-1.0
2025-11-18,0.0413847220195788,1,0.1207611321107997,0,0.0,0,0.0
2025-11-19,-0.1891790119836612,1,-0.5479231893462122,0,0.0,0,0.0
2025-11-20,0.1789673590489853,1,0.5197803130067083,0,0.0,0,0.0
2025-11-21,-0.3695625383503734,1,-1.0710741369659835,1,0.0156012294759142,1,1.0
2025-11-24,0.1048590759863674,1,0.3048503840293505,0,0.0,0,0.0
2025-11-25,-0.2365557148037015,1,-0.6853257974148511,0,0.0,0,0.0
2025-11-26,-0.2167406405195207,1,-0.6278578284837462,0,0.0,0,0.0
2025-11-28,0.0022745002645668,1,0.0073330936148759,0,0.0,0,0.0
2025-12-01,-0.4719037651253891,1,-1.3678856631974587,1,-0.1009564950116419,0,1.0
2025-12-02,-0.1527064387286149,1,-0.4421448976982329,0,0.0,0,0.0
2025-12-03,-0.2437050489290994,1,-0.7060604010556994,0,0.0,0,0.0
2025-12-04,-0.0852425110162171,1,-0.246485025514884,0,0.0,0,0.0
2025-12-05,-0.1552186971050275,1,-0.44943098627161,0,0.0,0,0.0
2025-12-08,-0.1843471150488703,1,-0.533909651019558,0,0.0,0,0.0
2025-12-09,0.0333701019375057,1,0.0975170134531729,0,0.0,0,0.0
2025-12-10,-0.4609837462416683,1,-1.3362152643416874,1,-0.0735311606592513,0,1.0
2025-12-11,-0.0639847305262618,1,-0.1848328988954909,0,0.0,0,0.0
2025-12-12,0.4098491028761995,1,1.1893869312172842,-1,-0.0809549835464552,-1,-1.0
2025-12-15,0.1856942383237473,1,0.5392897068964876,0,0.0,0,0.0
2025-12-16,0.000736702915115,1,0.0028731511976432,0,0.0,0,0.0
2025-12-17,0.1635304533912418,1,0.4750099729106418,0,0.0,0,0.0
2025-12-18,-0.0240590101290499,1,-0.0690397392821199,0,0.0,0,0.0
2025-12-19,-0.0245826974557765,1,-0.0705585449444315,0,0.0,0,0.0
2025-12-22,0.0260223277475561,1,0.0762068910279493,0,0.0,0,0.0
2025-12-23,0.0909459049040324,1,0.2644992012870736,0,0.0,0,0.0
2025-12-24,0.0571135123149342,1,0.1663780003119435,0,0.0,0,0.0
2025-12-26,0.0189449875002055,1,0.0556810850876553,0,0.0,0,0.0
2025-12-29,0.1399586960520931,1,0.406646816709951,0,0.0,0,0.0
2025-12-30,0.0324503832408739,1,0.0948496318059799,0,0.0,0,0.0
2025-12-31,0.0117664562846772,1,0.0348618036179767,0,0.0,0,0.0
