Date,spread,regime,z_score,signal,minhash_signal,final_signal,lr_signal
2016-07-06,-0.0725163883078521,1,-0.2192334688026088,0,0.0,0,0.0
2016-07-07,-0.083819284838795,1,-0.2542680509800418,0,0.0,0,0.0
2016-07-08,-0.2056445836694813,1,-0.6318790847084,0,0.0,0,0.0
2016-07-11,-0.1608904576965568,1,-0.493158704504511,0,0.0,0,0.0
2016-07-12,-0.2278159388634369,1,-0.7006016606783048,0,0.0,0,0.0
2016-07-13,-0.0291415743075378,1,-0.0847884191319542,0,0.0,0,0.0
2016-07-14,-0.0090246206722326,1,-0.0224336887877214,0,0.0,0,0.0
2016-07-15,-0.0827979432352988,1,-0.2511022893329312,0,0.0,0,0.0
2016-07-18,0.0085350371296199,1,0.0319944193155815,0,0.0,0,0.0
2016-07-19,0.1092854632756662,1,0.3442815462977663,0,0.0,0,0.0
2016-07-20,0.0760562137805062,1,0.2412837997515105,0,0.0,0,0.0
2016-07-21,0.0728037089662377,1,0.2312023001212136,0,0.0,0,0.0
2016-07-22,0.1323645631240412,1,0.4158177775642864,0,0.0,0,0.0
2016-07-25,0.1241826500478534,1,0.3904570299672805,0,0.0,0,0.0
2016-07-26,-0.4129507288094124,1,-1.274447488117991,1,0.0,0,1.0
2016-07-27,0.1247827984587209,1,0.3923172565704024,0,0.0,0,0.0
2016-07-28,0.0275150816124767,1,0.0908251735692004,0,0.0,0,0.0
2016-07-29,0.1879151856258288,1,0.5880030969395924,0,0.0,0,0.0
2016-08-01,0.3595775376533038,1,1.1200896078984175,-1,0.0,0,-1.0
2016-08-02,0.1171937638357757,1,0.3687942015360501,0,0.0,0,0.0
2016-08-03,-0.2666001601181665,1,-0.8208176586764054,0,0.0,0,0.0
2016-08-04,0.149652476948751,1,0.4694035850526655,0,0.0,0,0.0
2016-08-05,-0.1297938190373101,1,-0.3967712219183604,0,0.0,0,0.0
2016-08-08,-0.1810401625252684,1,-0.5556149508073892,0,0.0,0,0.0
2016-08-09,0.1807455428377551,1,0.5657799934409484,0,0.0,0,0.0
2016-08-10,-0.0393731350221831,1,-0.1165022770514106,0,0.0,0,0.0
2016-08-11,-0.1529517502445312,1,-0.4685517997302186,0,0.0,0,0.0
2016-08-12,0.1197683663707865,1,0.3767744678191335,0,0.0,0,0.0
2016-08-15,-0.2397934302353764,1,-0.7377272244310062,0,0.0,0,0.0
2016-08-16,-0.1246159776718875,1,-0.380721927976582,0,0.0,0,0.0
2016-08-17,0.0114742780942115,1,0.0411049228782176,0,0.0,0,0.0
2016-08-18,-0.0761282149976512,1,-0.2304287264631563,0,0.0,0,0.0
2016-08-19,-0.0447747902880416,1,-0.133245307016146,0,0.0,0,0.0
2016-08-22,0.10358155849732,1,0.3266016604258435,0,0.0,0,0.0
2016-08-23,-0.2482060580660101,1,-0.7638030980138205,0,0.0,0,0.0
2016-08-24,-0.0418537570973671,1,-0.1241912404694397,0,0.0,0,0.0
2016-08-25,0.0620799120538295,1,0.197962701479101,0,0.0,0,0.0
2016-08-26,0.200675711529053,1,0.6275557631220968,0,0.0,0,0.0
2016-08-29,-0.0799380353907086,1,-0.2422376875800192,0,0.0,0,0.0
2016-08-30,-0.0255620165366162,1,-0.0736931825666275,0,0.0,0,0.0
2016-08-31,0.1793876492029655,1,0.5615710514227661,0,0.0,0,0.0
2016-09-01,0.0435284993474672,1,0.1404605389856868,0,0.0,0,0.0
2016-09-02,0.0574779960314838,1,0.183698552053585,0,0.0,0,0.0
2016-09-06,0.2560778161857014,1,0.7992807349540892,0,0.0,0,0.0
2016-09-07,-0.1518638479933798,1,-0.4651797259688926,0,0.0,0,0.0
2016-09-08,-0.0598261445914434,1,-0.1798986500579587,0,0.0,0,0.0
2016-09-09,0.1239311815167623,1,0.3896775753475348,0,0.0,0,0.0
2016-09-12,0.0691910459365291,1,0.2200044501323009,0,0.0,0,0.0
2016-09-13,0.0277271619263397,1,0.0914825400383976,0,0.0,0,0.0
2016-09-14,0.0338381196206645,1,0.1104241315975642,0,0.0,0,0.0
2016-09-15,0.1816119408054397,1,0.568465490093431,0,0.0,0,0.0
2016-09-16,0.0233106033315819,1,0.0777929265304004,0,0.0,0,0.0
2016-09-19,-0.1338779284839371,1,-0.409430372396981,0,0.0,0,0.0
2016-09-20,0.1810593407205288,1,0.5667526448034589,0,0.0,0,0.0
2016-09-21,-0.0427836819481426,1,-0.127073645746188,0,0.0,0,0.0
2016-09-22,-0.0353534111184226,1,-0.1040426967083229,0,0.0,0,0.0
2016-09-23,0.0845654202142984,1,0.267659029432974,0,0.0,0,0.0
2016-09-26,-0.1754318336908227,1,-0.5382313131804716,0,0.0,0,0.0
2016-09-27,0.037454478386905,1,0.1216334369320051,0,0.0,0,0.0
2016-09-28,-0.3375346320929409,1,-1.040686926771505,1,0.0,0,1.0
2016-09-29,-0.289758983733032,1,-0.8926010026047957,0,0.0,0,0.0
2016-09-30,-0.0499899055868927,1,-0.1494101356511957,0,0.0,0,0.0
2016-10-03,-0.0559405319343911,1,-0.1678547624075233,0,0.0,0,0.0
2016-10-04,0.0840491379639969,1,0.2660587553018768,0,0.0,0,0.0
2016-10-05,-0.2270466039193987,1,-0.6982170216395334,0,0.0,0,0.0
2016-10-06,-0.1508179735173056,1,-0.461937921960602,0,0.0,0,0.0
2016-10-07,0.4248569013990727,1,1.3224302404416493,-1,0.0594001361572806,0,0.0
2016-10-10,0.1417863928696254,1,0.445021784482318,0,0.0,0,0.0
2016-10-11,-0.2266868927339971,1,-0.6971020569001328,0,0.0,0,0.0
2016-10-12,-0.0592562732419837,1,-0.1781322705667766,0,0.0,0,0.0
2016-10-13,0.0694030467374224,1,0.2206615701422244,0,0.0,0,0.0
2016-10-14,0.0444867309597769,1,0.1434306842112557,0,0.0,0,0.0
2016-10-17,-0.0399021707041173,1,-0.1181420818592117,0,0.0,0,0.0
2016-10-18,0.298401042456874,1,0.9304662717545218,0,0.0,0,0.0
2016-10-19,-0.2245666207937851,1,-0.6905300387166077,0,0.0,0,0.0
2016-10-20,0.0147779679287637,1,0.0513450761593264,0,0.0,0,0.0
2016-10-21,0.0522087110742783,1,0.1673658185507924,0,0.0,0,0.0
2016-10-24,0.1623651159916647,1,0.5088078205972204,0,0.0,0,0.0
2016-10-25,0.2753476744565953,1,0.8590097992068612,0,0.0,0,0.0
2016-10-26,-0.182633849438633,1,-0.5605547602605253,0,0.0,0,0.0
2016-10-27,0.0369182837962541,1,0.119971442292151,0,0.0,0,0.0
2016-10-28,-0.3488338600736226,1,-1.075710137870273,1,0.0,0,1.0
2016-10-31,-0.0883494741641785,1,-0.2683098755481943,0,0.0,0,0.0
2016-11-01,-0.1004794781403345,1,-0.3059081690433022,0,0.0,0,0.0
2016-11-02,-0.1760227378234322,1,-0.5400628861172155,0,0.0,0,0.0
2016-11-03,-0.1002817425350312,1,-0.3052952655902414,0,0.0,0,0.0
2016-11-04,-0.1864844702768169,1,-0.5724901868850347,0,0.0,0,0.0
2016-11-07,0.0549263342501027,1,0.1757893931823099,0,0.0,0,0.0
2016-11-08,-0.016557581690803,1,-0.045782937462343,0,0.0,0,0.0
2016-11-09,-0.3931691328566025,1,-1.2131322361281824,1,0.0,0,1.0
2016-11-10,-0.9495686253775452,0,-2.937754211640585,0,0.0,0,0.0
2016-11-11,-0.0145251542299471,1,-0.0394832029914403,0,0.0,0,0.0
2016-11-14,-0.5415019831437649,2,-1.672906367367173,0,0.0,0,0.0
2016-11-15,0.0675158171077517,1,0.214811892462934,0,0.0,0,0.0
2016-11-16,0.2524180998302062,1,0.7879370379599882,0,0.0,0,0.0
2016-11-17,0.1928864332152638,1,0.6034120305452066,0,0.0,0,0.0
2016-11-18,-0.0398940255264201,1,-0.1181168349769986,0,0.0,0,0.0
2016-11-21,-0.0778667906749523,1,-0.2358176347196676,0,0.0,0,0.0
2016-11-22,-0.318862340440712,1,-0.9828100865703996,0,0.0,0,0.0
2016-11-23,-0.2900574633240512,1,-0.8935261732220103,0,0.0,0,0.0
2016-11-25,0.0684217074789591,1,0.2176198002029481,0,0.0,0,0.0
2016-11-28,0.1576595959152241,1,0.4942225389082029,0,0.0,0,0.0
2016-11-29,0.1520278543522495,1,0.4767663309308979,0,0.0,0,0.0
2016-11-30,-0.7129630850528166,2,-2.204369081249486,0,0.0,0,0.0
2016-12-01,-0.7500524828333797,2,-2.31933178580025,0,0.0,0,0.0
2016-12-02,0.1338586633205559,1,0.4204489069365505,0,0.0,0,0.0
2016-12-05,0.0386506318408249,1,0.1253410473098807,0,0.0,0,0.0
2016-12-06,0.0405197958049702,1,0.1311347284539724,0,0.0,0,0.0
2016-12-07,-0.2234814771718055,1,-0.6871665156325482,0,0.0,0,0.0
2016-12-08,0.1856743850622833,1,0.5810574869119453,0,0.0,0,0.0
2016-12-09,0.2143350947315497,1,0.6698945372576321,0,0.0,0,0.0
2016-12-12,0.2118633182062542,1,0.6622329916031493,0,0.0,0,0.0
2016-12-13,0.2959866097966905,1,0.922982469773896,0,0.0,0,0.0
2016-12-14,0.1881892151948284,1,0.5888524820001279,0,0.0,0,0.0
2016-12-15,0.1108891328526048,1,0.3492522981245122,0,0.0,0,0.0
2016-12-16,-0.0874570482816699,1,-0.2655437024851727,0,0.0,0,0.0
2016-12-19,0.0348417560486497,1,0.1135350140882827,0,0.0,0,0.0
2016-12-20,-0.0792950818870924,1,-0.2402447818414729,0,0.0,0,0.0
2016-12-21,-0.1120702627368645,1,-0.3418350922294405,0,0.0,0,0.0
2016-12-22,0.1202539279282312,1,0.3782795197533813,0,0.0,0,0.0
2016-12-23,0.1298923595056861,1,0.4081549080874669,0,0.0,0,0.0
2016-12-27,-0.0141800368634564,1,-0.0384134734133558,0,0.0,0,0.0
2016-12-28,0.0847998142183501,1,0.2683855596612537,0,0.0,0,0.0
2016-12-29,0.0386080217306031,1,0.1252089725444373,0,0.0,0,0.0
2016-12-30,-0.0004916316216322,1,0.0040152577539008,0,0.0,0,0.0
2017-01-03,-0.0032996179076518,1,-0.004688407366039,0,0.0,0,0.0
2017-01-04,0.0370743242072744,1,0.1204551068632565,0,0.0,0,0.0
2017-01-05,0.3174807921535968,1,0.9896060733836644,0,0.0,0,0.0
2017-01-06,0.2396814974089699,1,0.7484585252649001,0,0.0,0,0.0
2017-01-09,0.174784509688018,1,0.5473031096461494,0,0.0,0,0.0
2017-01-10,-0.1931316218654503,1,-0.5930937709256652,0,0.0,0,0.0
2017-01-11,-0.188007426206005,1,-0.5772107578030893,0,0.0,0,0.0
2017-01-12,0.078319120440141,1,0.2482979300772904,0,0.0,0,0.0
2017-01-13,0.0189347995822455,1,0.0642296371887033,0,0.0,0,0.0
2017-01-17,0.0272576274320676,1,0.0900271657651146,0,0.0,0,0.0
2017-01-18,-0.0799158124193266,1,-0.242168805013946,0,0.0,0,0.0
2017-01-19,-0.0353924829187921,1,-0.1041638040897024,0,0.0,0,0.0
2017-01-20,0.0046274037392908,1,0.0198822759585244,0,0.0,0,0.0
2017-01-23,0.0664602601698046,1,0.2115400765895226,0,0.0,0,0.0
2017-01-24,-0.4671368482907692,2,-1.4424033789508195,0,0.0,0,0.0
2017-01-25,-0.1304349609829397,1,-0.3987585125318831,0,0.0,0,0.0
2017-01-26,-0.0781519666945224,1,-0.236701569440764,0,0.0,0,0.0
2017-01-27,0.1313749346159807,1,0.4127503141759539,0,0.0,0,0.0
2017-01-30,0.0619511118307559,1,0.1975634708936143,0,0.0,0,0.0
2017-01-31,0.3132450245686963,1,0.9764768416746556,0,0.0,0,0.0
2017-02-01,-0.0022464812666526,1,-0.0014240934716188,0,0.0,0,0.0
2017-02-02,0.2307272872161129,1,0.7207039570463155,0,0.0,0,0.0
2017-02-03,0.0544174890906368,1,0.1742121711396156,0,0.0,0,0.0
2017-02-06,0.0311924872252744,1,0.1022237003794398,0,0.0,0,0.0
2017-02-07,0.1753849265546372,1,0.5491641683576666,0,0.0,0,0.0
2017-02-08,-0.1129834819105109,1,-0.3446657164059544,0,0.0,0,0.0
2017-02-09,-0.0087137425219148,1,-0.0214700874599856,0,0.0,0,0.0
2017-02-10,-0.155070571343753,1,-0.4751193208710826,0,0.0,0,0.0
2017-02-13,0.0068813576784474,1,0.0268686563336213,0,0.0,0,0.0
2017-02-14,0.0816592741139532,1,0.258651107074892,0,0.0,0,0.0
2017-02-15,0.1453343493140748,1,0.4560190692291727,0,0.0,0,0.0
2017-02-16,0.0394872598221082,1,0.1279342685856809,0,0.0,0,0.0
2017-02-17,0.1755336814116928,1,0.5496252505457179,0,0.0,0,0.0
2017-02-21,0.0645472829236219,1,0.2056105913154185,0,0.0,0,0.0
2017-02-22,0.1234910212205463,1,0.3883132496610345,0,0.0,0,0.0
2017-02-23,0.4046634402076147,1,1.2598383664364183,-1,0.0,0,0.0
2017-02-24,0.0278383982919036,1,0.0918273294983206,0,0.0,0,0.0
2017-02-27,-0.2447661835120888,1,-0.7531408250814356,0,0.0,0,0.0
2017-02-28,0.0682788271532685,1,0.2171769267768097,0,0.0,0,0.0
2017-03-01,-0.2751749327543744,1,-0.8473961180787024,0,0.0,0,0.0
2017-03-02,0.0681431396959744,1,0.2167563484445208,0,0.0,0,0.0
2017-03-03,0.0282175061936778,1,0.0930024165127387,0,0.0,0,0.0
2017-03-06,-0.0241010506685856,1,-0.0691647567227018,0,0.0,0,0.0
2017-03-07,0.0971923157693792,1,0.3067974935212974,0,0.0,0,0.0
2017-03-08,0.0514494342722872,1,0.1650123558395352,0,0.0,0,0.0
2017-03-09,0.3482168375000543,1,1.0848758569786792,-1,0.1524962576883814,0,-1.0
2017-03-10,-0.0756127370707393,1,-0.2288309454216676,0,0.0,0,0.0
2017-03-13,-0.0218970842616689,1,-0.0623333182513293,0,0.0,0,0.0
2017-03-14,0.1641142383756675,1,0.5142294195416125,0,0.0,0,0.0
2017-03-15,-0.1913894023047538,1,-0.5876935680481767,0,0.0,0,0.0
2017-03-16,-0.0829233709636827,1,-0.2514910664968524,0,0.0,0,0.0
2017-03-17,-0.1616742270424405,1,-0.4955880845737124,0,0.0,0,0.0
2017-03-20,0.0667773614572783,1,0.2125229672215084,0,0.0,0,0.0
2017-03-21,0.0677416683642787,1,0.2155119434971987,0,0.0,0,0.0
2017-03-22,-0.008526967873139,1,-0.0208911587081134,0,0.0,0,0.0
2017-03-23,-0.0223343343310835,1,-0.063688623366886,0,0.0,0,0.0
2017-03-24,0.143988406492431,1,0.4518471700826209,0,0.0,0,0.0
2017-03-27,0.0092172058075066,1,0.0341088768388249,0,0.0,0,0.0
2017-03-28,-0.3297972292248197,1,-1.0167039878955275,1,0.0,0,1.0
2017-03-29,0.0030289455597257,1,0.0149276774362913,0,0.0,0,0.0
2017-03-30,-0.1163422594421774,1,-0.3550766201178252,0,0.0,0,0.0
2017-03-31,-0.0146456065186633,1,-0.0398565582279442,0,0.0,0,0.0
2017-04-03,0.1187041824908964,1,0.3734759117817635,0,0.0,0,0.0
2017-04-04,-0.0204410836753759,1,-0.0578202828491891,0,0.0,0,0.0
2017-04-05,0.0955417742477391,1,0.3016814569001657,0,0.0,0,0.0
2017-04-06,-0.1553373665492052,1,-0.4759462822189435,0,0.0,0,0.0
2017-04-07,0.0397738088026192,1,0.1288224589515831,0,0.0,0,0.0
2017-04-10,-0.1488125331885981,1,-0.4557218371007878,0,0.0,0,0.0
2017-04-11,-0.089770646794653,1,-0.2727149578361167,0,0.0,0,0.0
2017-04-12,0.4179373292736705,1,1.3009822587144508,-1,-0.081295590842657,-1,0.0
2017-04-13,0.1063246427869492,1,0.335104154605238,0,0.0,0,0.0
2017-04-17,0.0205830833720116,1,0.0693386757193314,0,0.0,0,0.0
2017-04-18,0.0075979833636326,1,0.029089917174977,0,0.0,0,0.0
2017-04-19,0.0688385101762534,1,0.2189117264193968,0,0.0,0,0.0
2017-04-20,-0.1482118697744935,1,-0.4538600141879783,0,0.0,0,0.0
2017-04-21,-0.0609704912275316,1,-0.1834456794545161,0,0.0,0,0.0
2017-04-24,-0.0559241965423584,1,-0.1678041290470387,0,0.0,0,0.0
2017-04-25,-0.045793168948417,1,-0.1364018846922304,0,0.0,0,0.0
2017-04-26,0.0200190407625483,1,0.0675903630546335,0,0.0,0,0.0
2017-04-27,0.1608171320288225,1,0.5040096725112784,0,0.0,0,0.0
2017-04-28,0.2519937787159009,1,0.7866218075756303,0,0.0,0,0.0
2017-05-01,0.1949559087285778,1,0.6098265995662445,0,0.0,0,0.0
2017-05-02,-0.1191862618090661,1,-0.3638919210774337,0,0.0,0,0.0
2017-05-03,-0.1141128188236939,1,-0.3481662215006089,0,0.0,0,0.0
2017-05-04,0.2886390302819449,1,0.9002078316437614,0,0.0,0,0.0
2017-05-05,-0.1080129176916685,1,-0.3292589009833315,0,0.0,0,0.0
2017-05-08,-0.0513667784835189,1,-0.1536779059977324,0,0.0,0,0.0
2017-05-09,-0.0902804870522553,1,-0.2742952642959197,0,0.0,0,0.0
2017-05-10,0.0742502055352836,1,0.2356858767671539,0,0.0,0,0.0
2017-05-11,0.0780443216234026,1,0.2474461606480183,0,0.0,0,0.0
2017-05-12,0.261950000448392,1,0.8174822217631611,0,0.0,0,0.0
2017-05-15,0.0901839492013855,1,0.2850742835650026,0,0.0,0,0.0
2017-05-16,0.0256171674144995,1,0.0849423778846854,0,0.0,0,0.0
2017-05-17,0.0073846360145237,1,0.0284286233894213,0,0.0,0,0.0
2017-05-18,0.1117006278273049,1,0.3517676168571818,0,0.0,0,0.0
2017-05-19,-0.2032708597514282,1,-0.6245214639918072,0,0.0,0,0.0
2017-05-22,0.180057020546498,1,0.5636458421879484,0,0.0,0,0.0
2017-05-23,0.2279261357189715,1,0.7120214771130188,0,0.0,0,0.0
2017-05-24,0.1895986615954848,1,0.5932212175373686,0,0.0,0,0.0
2017-05-25,0.1753813520551759,1,0.5491530887998931,0,0.0,0,0.0
2017-05-26,-0.0636559444329718,1,-0.1917695396926489,0,0.0,0,0.0
2017-05-30,0.1112237718553291,1,0.3502895488512284,0,0.0,0,0.0
2017-05-31,0.1033674086598782,1,0.325937879238641,0,0.0,0,0.0
2017-06-01,-0.0385124286485553,1,-0.1138344221263518,0,0.0,0,0.0
2017-06-02,0.1520805466655062,1,0.4769296566035568,0,0.0,0,0.0
2017-06-05,0.1571910281441527,1,0.4927701611007662,0,0.0,0,0.0
2017-06-06,-0.0248384797732347,1,-0.0714505000714204,0,0.0,0,0.0
2017-06-07,0.1939339212685913,1,0.606658836015266,0,0.0,0,0.0
2017-06-08,-0.1542676807586122,1,-0.4726306723987554,0,0.0,0,0.0
2017-06-09,-0.5916049274098809,2,-1.828206003475242,0,0.0,0,0.0
2017-06-12,-0.174632649081911,1,-0.5357541517927507,0,0.0,0,0.0
2017-06-13,-0.030026427521654,1,-0.0875311198688895,0,0.0,0,0.0
2017-06-14,0.2607381790775341,1,0.8137260469379326,0,0.0,0,0.0
2017-06-15,-0.0038227216574494,1,-0.0063098254918652,0,0.0,0,0.0
2017-06-16,-0.1606384756533319,1,-0.492377658196918,0,0.0,0,0.0
2017-06-19,0.1906356234626958,1,0.5964353959253784,0,0.0,0,0.0
2017-06-20,0.2882288829507204,1,0.8989365344730494,0,0.0,0,0.0
2017-06-21,0.4989211051014053,2,1.5520004593596006,0,0.0,0,0.0
2017-06-22,0.1183281167027358,1,0.3723102541361003,0,0.0,0,0.0
2017-06-23,-0.0765513394840212,1,-0.2317402477664285,0,0.0,0,0.0
2017-06-26,-0.1448547048617933,1,-0.4434541089675597,0,0.0,0,0.0
2017-06-27,-0.1854696848765799,1,-0.5693447469175243,0,0.0,0,0.0
2017-06-28,-0.0375497829287353,1,-0.1108505948846834,0,0.0,0,0.0
2017-06-29,-0.2241862632137455,1,-0.6893510781857184,0,0.0,0,0.0
2017-06-30,-0.3274090167594621,1,-1.009301458318646,1,0.0,0,1.0
2017-07-03,-0.3372303208833593,1,-1.039743680405371,1,-0.0750184754651726,0,1.0
2017-07-05,0.4035100319333451,1,1.2562632494866697,-1,-0.0299705010982052,-1,0.0
2017-07-06,-0.1011353478110278,1,-0.3079411098751221,0,0.0,0,0.0
2017-07-07,0.0532376510470277,1,0.17055513218666,0,0.0,0,0.0
2017-07-10,-0.0737509466131949,1,-0.2230601192795869,0,0.0,0,0.0
2017-07-11,0.0935564066022328,1,0.2955275895495721,0,0.0,0,0.0
2017-07-12,0.2326233832893999,1,0.7265811172515803,0,0.0,0,0.0
2017-07-13,-0.0335745432452361,1,-0.0985288983190926,0,0.0,0,0.0
2017-07-14,0.0661352847795399,1,0.2105327793020791,0,0.0,0,0.0
2017-07-17,-0.0717534673982657,1,-0.2168687107754417,0,0.0,0,0.0
2017-07-18,0.2607177471611131,1,0.81366271594548,0,0.0,0,0.0
2017-07-19,0.0552513039381888,1,0.176796672795218,0,0.0,0,0.0
2017-07-20,0.300171649287009,1,0.9359544641240148,0,0.0,0,0.0
2017-07-21,0.0670170882070301,1,0.2132660268869061,0,0.0,0,0.0
2017-07-24,0.2608099328855833,1,0.8139484558291193,0,0.0,0,0.0
2017-07-25,-0.1965774396899213,1,-0.6037744656846945,0,0.0,0,0.0
2017-07-26,0.2866515368981588,1,0.8940473753314582,0,0.0,0,0.0
2017-07-27,-0.2817977622874762,1,-0.8679243132089846,0,0.0,0,0.0
2017-07-28,0.1213006541016782,1,0.3815239636921988,0,0.0,0,0.0
2017-07-31,-0.0323982973946753,1,-0.094882993767147,0,0.0,0,0.0
2017-08-01,0.110622401872622,1,0.3484255358506216,0,0.0,0,0.0
2017-08-02,-0.2321551467317372,1,-0.7140515170253704,0,0.0,0,0.0
2017-08-03,-0.0407190449453448,1,-0.1206740742254662,0,0.0,0,0.0
2017-08-04,-0.2000780210546388,1,-0.6146249061142997,0,0.0,0,0.0
2017-08-07,0.0363288436952919,1,0.118144407283974,0,0.0,0,0.0
2017-08-08,0.0126052389173635,1,0.0446104614620403,0,0.0,0,0.0
2017-08-09,0.1156080410863298,1,0.3638790778928317,0,0.0,0,0.0
2017-08-10,0.0287391700910717,1,0.0946193716562466,0,0.0,0,0.0
2017-08-11,0.0764916471512463,1,0.2426334738079111,0,0.0,0,0.0
2017-08-14,0.1999556547944486,1,0.6253238673622928,0,0.0,0,0.0
2017-08-15,0.1872355283393895,1,0.585896423752851,0,0.0,0,0.0
2017-08-16,0.0693477850404649,1,0.2204902803796383,0,0.0,0,0.0
2017-08-17,-0.0068382152814756,1,-0.0156566826348332,0,0.0,0,0.0
2017-08-18,0.0363765441042893,1,0.1182922599953866,0,0.0,0,0.0
2017-08-21,0.1313003557085199,1,0.4125191485756156,0,0.0,0,0.0
2017-08-22,0.1468940725078796,1,0.460853604364287,0,0.0,0,0.0
2017-08-23,0.026929250448262,1,0.0890093248609869,0,0.0,0,0.0
2017-08-24,-0.0107021000758322,1,-0.0276332223635153,0,0.0,0,0.0
2017-08-25,-0.1925053386715671,1,-0.5911525366621843,0,0.0,0,0.0
2017-08-28,0.0891446640563334,1,0.2818529039194898,0,0.0,0,0.0
2017-08-29,-0.0419884969044834,1,-0.1246088814548335,0,0.0,0,0.0
2017-08-30,0.0316189893892648,1,0.1035456911693464,0,0.0,0,0.0
2017-08-31,0.0637449503973573,1,0.203123672608511,0,0.0,0,0.0
2017-09-01,-0.1836794409337196,1,-0.56379568713784,0,0.0,0,0.0
2017-09-05,0.0133198636668611,1,0.0468255201811713,0,0.0,0,0.0
2017-09-06,-0.0072666156408779,1,-0.016984557092078,0,0.0,0,0.0
2017-09-07,0.0844614936925517,1,0.2673368976451989,0,0.0,0,0.0
2017-09-08,-0.1794491116703921,1,-0.5506833121100836,0,0.0,0,0.0
2017-09-11,0.002830037898975,1,0.014311141067298,0,0.0,0,0.0
2017-09-12,-0.1476257858558545,1,-0.4520433820393766,0,0.0,0,0.0
2017-09-13,-0.2062677645580972,1,-0.6338107030324154,0,0.0,0,0.0
2017-09-14,-0.0675668537069665,1,-0.2038918370146807,0,0.0,0,0.0
2017-09-15,-0.0484723685660872,1,-0.1447063612410559,0,0.0,0,0.0
2017-09-18,-0.0679089629436166,1,-0.2049522425604862,0,0.0,0,0.0
2017-09-19,-0.0498646524985173,1,-0.149021899803362,0,0.0,0,0.0
2017-09-20,-0.1876190199950109,1,-0.5760068496473307,0,0.0,0,0.0
2017-09-21,-0.1343455487444496,1,-0.4108798132902873,0,0.0,0,0.0
2017-09-22,-0.0728145259040406,1,-0.2201575793688918,0,0.0,0,0.0
2017-09-25,-0.3420795731005907,1,-1.054774475815963,1,0.0,0,1.0
2017-09-26,-0.1145770861296008,1,-0.3496052695390089,0,0.0,0,0.0
2017-09-27,0.0505252784071229,1,0.1621478321739224,0,0.0,0,0.0
2017-09-28,-0.0246708705524449,1,-0.0709309766905437,0,0.0,0,0.0
2017-09-29,0.1525789684306701,1,0.4784745701788385,0,0.0,0,0.0
2017-10-02,-0.0816504366740995,1,-0.2475454653978078,0,0.0,0,0.0
2017-10-03,-0.1105299848496366,1,-0.3370608299800745,0,0.0,0,0.0
2017-10-04,0.094641575530232,1,0.2988911910724477,0,0.0,0,0.0
2017-10-05,0.151941586366027,1,0.4764989337337,0,0.0,0,0.0
2017-10-06,0.0172689333938215,1,0.0590661000621645,0,0.0,0,0.0
2017-10-09,-0.0460454355060169,1,-0.137183812883704,0,0.0,0,0.0
2017-10-10,0.1156548750322981,1,0.364024244905927,0,0.0,0,0.0
2017-10-11,0.1211591310664866,1,0.3810852973385924,0,0.0,0,0.0
2017-10-12,0.0247802633685469,1,0.0823483009158054,0,0.0,0,0.0
2017-10-13,-0.0468315072605308,1,-0.1396203295239727,0,0.0,0,0.0
2017-10-16,-0.0741904872998386,1,-0.2244225244174545,0,0.0,0,0.0
2017-10-17,-0.0247261262546997,1,-0.0711022478718838,0,0.0,0,0.0
2017-10-18,0.0185051780936188,1,0.0628979777059081,0,0.0,0,0.0
2017-10-19,0.085476190695567,1,0.2704820636157105,0,0.0,0,0.0
2017-10-20,-0.1565345436745508,1,-0.4796570655800086,0,0.0,0,0.0
2017-10-23,-0.0277612069155432,1,-0.080509817209209,0,0.0,0,0.0
2017-10-24,-0.2973328171133901,1,-0.9160769397007364,0,0.0,0,0.0
2017-10-25,0.1637966287276673,1,0.5132449531897579,0,0.0,0,0.0
2017-10-26,-0.1503109189741051,1,-0.4603662501317423,0,0.0,0,0.0
2017-10-27,0.2064831334911233,1,0.645556511993166,0,0.0,0,0.0
2017-10-30,-0.0416923625958355,1,-0.1236909803006045,0,0.0,0,0.0
2017-10-31,0.1293932901072939,1,0.406607987101121,0,0.0,0,0.0
2017-11-01,-0.0852492924861811,1,-0.2587005183833797,0,0.0,0,0.0
2017-11-02,-0.0083524160020531,1,-0.0203501158121583,0,0.0,0,0.0
2017-11-03,0.2516500426605648,1,0.7855563595247655,0,0.0,0,0.0
2017-11-06,-0.134338730142279,1,-0.4108586782761406,0,0.0,0,0.0
2017-11-07,0.0822174980884853,1,0.2603813842348763,0,0.0,0,0.0
2017-11-08,0.2059073598772197,1,0.6437718377783147,0,0.0,0,0.0
2017-11-09,0.0941279094878445,1,0.2972990261681228,0,0.0,0,0.0
2017-11-10,-0.0414245187646935,1,-0.1228607686210433,0,0.0,0,0.0
2017-11-13,0.1349833082654648,1,0.4239348687548313,0,0.0,0,0.0
2017-11-14,0.079066622604302,1,0.2506148959918604,0,0.0,0,0.0
2017-11-15,0.0279416178244623,1,0.0921472698946468,0,0.0,0,0.0
2017-11-16,0.1301548578090548,1,0.4089685507104558,0,0.0,0,0.0
2017-11-17,-0.0972642420131607,1,-0.2959421878446824,0,0.0,0,0.0
2017-11-20,-0.1316153439891993,1,-0.402417240657053,0,0.0,0,0.0
2017-11-21,0.0632278988087246,1,0.2015210138278758,0,0.0,0,0.0
2017-11-22,-0.1338221627503694,1,-0.4092575203169843,0,0.0,0,0.0
2017-11-24,0.1257609062759829,1,0.3953490102990544,0,0.0,0,0.0
2017-11-27,0.0791041511088447,1,0.2507312197565518,0,0.0,0,0.0
2017-11-28,-0.3227071644269504,1,-0.9947275452089772,0,0.0,0,0.0
2017-11-29,-0.5616306000107212,2,-1.7352972491922776,0,0.0,0,0.0
2017-11-30,-0.12566462118867,1,-0.383972314933852,0,0.0,0,0.0
2017-12-01,0.1467269625979677,1,0.4603356286528891,0,0.0,0,0.0
2017-12-04,-0.7455437500387845,2,-2.305356468130492,0,0.0,0,0.0
2017-12-05,0.2275070047726591,1,0.7107223342303526,0,0.0,0,0.0
2017-12-06,0.2257874013011702,1,0.7053922324312654,0,0.0,0,0.0
2017-12-07,-0.1522632777945604,1,-0.466417802965817,0,0.0,0,0.0
2017-12-08,-0.0521336424780577,1,-0.1560548860543077,0,0.0,0,0.0
2017-12-11,0.2155799115077967,1,0.6737529850036487,0,0.0,0,0.0
2017-12-12,0.0391078125481913,1,0.1267581296496434,0,0.0,0,0.0
2017-12-13,-0.0606873505200952,1,-0.1825680534092541,0,0.0,0,0.0
2017-12-14,0.1545554783828236,1,0.4846009821258706,0,0.0,0,0.0
2017-12-15,0.1255879385823718,1,0.3948128777369923,0,0.0,0,0.0
2017-12-18,-0.2831807699417817,1,-0.8722110989177754,0,0.0,0,0.0
2017-12-19,-0.1758702020568744,1,-0.5395900845805621,0,0.0,0,0.0
2017-12-20,-0.2805125014457191,1,-0.8639405045934934,0,0.0,0,0.0
2017-12-21,-0.2187717313717601,1,-0.6725681358442526,0,0.0,0,0.0
2017-12-22,-0.0263592412401362,1,-0.0761642690100794,0,0.0,0,0.0
2017-12-26,-0.1480754084027062,1,-0.45343703702183,0,0.0,0,0.0
2017-12-27,0.018383956473884,1,0.0625222378425327,0,0.0,0,0.0
2017-12-28,0.0026424048317301,1,0.0137295515521151,0,0.0,0,0.0
2017-12-29,-0.0570450797285653,1,-0.1712784308767478,0,0.0,0,0.0
2018-01-02,-0.1168680084810525,1,-0.3567062376107177,0,0.0,0,0.0
2018-01-03,0.0387140616070123,1,0.125537654909526,0,0.0,0,0.0
2018-01-04,-0.0375056165475934,1,-0.1107136962848103,0,0.0,0,0.0
2018-01-05,0.2215138658789193,1,0.6921459351189667,0,0.0,0,0.0
2018-01-08,0.0922255835191779,1,0.291402555710744,0,0.0,0,0.0
2018-01-09,0.0698875596130391,1,0.2221633715707651,0,0.0,0,0.0
2018-01-10,-0.0033589850087483,1,-0.0048724222843661,0,0.0,0,0.0
2018-01-11,-0.4710313723345186,2,-1.454474888433296,0,0.0,0,0.0
2018-01-12,-0.0738112587064571,1,-0.2232470633060052,0,0.0,0,0.0
2018-01-16,0.2989041508114652,1,0.9320257119338444,0,0.0,0,0.0
2018-01-17,0.1862011969855655,1,0.5826903989330149,0,0.0,0,0.0
2018-01-18,0.0123016488833481,1,0.0436694504596087,0,0.0,0,0.0
2018-01-19,-0.0462190171339478,1,-0.1377218484033242,0,0.0,0,0.0
2018-01-22,0.2532883817503193,1,0.7906345733540587,0,0.0,0,0.0
2018-01-23,0.177035608758073,1,0.5542806410376366,0,0.0,0,0.0
2018-01-24,-0.0302816421809827,1,-0.0883221860288478,0,0.0,0,0.0
2018-01-25,0.2911777305921471,1,0.9080768149966713,0,0.0,0,0.0
2018-01-26,0.1175268588225543,1,0.3698266664139898,0,0.0,0,0.0
2018-01-29,0.084200939298888,1,0.2665292803860731,0,0.0,0,0.0
2018-01-30,0.022118888743907,1,0.0740990749110706,0,0.0,0,0.0
2018-01-31,0.2749001103637783,1,0.8576225246311329,0,0.0,0,0.0
2018-02-01,-0.0448662299363649,1,-0.1335287343539696,0,0.0,0,0.0
2018-02-02,0.141615318141356,1,0.4444915193764112,0,0.0,0,0.0
2018-02-05,-0.1957799786016136,1,-0.6013026465403597,0,0.0,0,0.0
2018-02-06,-0.1472772395697926,1,-0.4509630241445446,0,0.0,0,0.0
2018-02-07,-0.1133175139504013,1,-0.3457010857840071,0,0.0,0,0.0
2018-02-08,-0.2005964533293283,1,-0.6162318444845941,0,0.0,0,0.0
2018-02-09,0.2914632809287583,1,0.908961909954978,0,0.0,0,0.0
2018-02-12,0.0010188123297092,1,0.0086970464080579,0,0.0,0,0.0
2018-02-13,0.1452286718980902,1,0.4556915103503954,0,0.0,0,0.0
2018-02-14,0.0843040634900272,1,0.266848925261089,0,0.0,0,0.0
2018-02-15,0.3362512877894459,1,1.0477873077305424,-1,-0.0179723874940763,-1,-1.0
2018-02-16,0.0289043495572309,1,0.0951313637429949,0,0.0,0,0.0
2018-02-20,-0.0349416197649789,1,-0.1027663037082909,0,0.0,0,0.0
2018-02-21,-0.1576500504834496,1,-0.4831147027315886,0,0.0,0,0.0
2018-02-22,-0.1858394618427127,1,-0.5704909116613878,0,0.0,0,0.0
2018-02-23,0.3525442356854336,1,1.0982891079029091,-1,0.031347869947278,0,-1.0
2018-02-26,0.1447727264979417,1,0.4542782569824474,0,0.0,0,0.0
2018-02-27,0.0837959904703491,1,0.2652740965513577,0,0.0,0,0.0
2018-02-28,0.1347058803497549,1,0.4230749501415234,0,0.0,0,0.0
2018-03-01,-0.0272693646840282,1,-0.0789852976286599,0,0.0,0,0.0
2018-03-02,0.3172565913579617,1,0.9889111381361,0,0.0,0,0.0
2018-03-05,0.2901852230845915,1,0.9050004278298968,0,0.0,0,0.0
2018-03-06,-0.1669616157564579,1,-0.5119769326798731,0,0.0,0,0.0
2018-03-07,0.2097405359863171,1,0.6556531925290285,0,0.0,0,0.0
2018-03-08,0.2118140498643659,1,0.6620802789097344,0,0.0,0,0.0
2018-03-09,-0.0813961115879821,1,-0.2467571565687417,0,0.0,0,0.0
2018-03-12,0.1911596731503016,1,0.5980597460904199,0,0.0,0,0.0
2018-03-13,-0.095157903059215,1,-0.2894133564983527,0,0.0,0,0.0
2018-03-14,0.1899353067359639,1,0.5942646865106941,0,0.0,0,0.0
2018-03-15,-0.0110690511085169,1,-0.0287706278130379,0,0.0,0,0.0
2018-03-16,-0.2091396933642715,1,-0.642712565089827,0,0.0,0,0.0
2018-03-19,-0.1866092941809204,1,-0.5728770924285874,0,0.0,0,0.0
2018-03-20,0.0078820700518638,1,0.0299704753926962,0,0.0,0,0.0
2018-03-21,-0.3776016764975484,1,-1.1648791774885856,1,0.1567324431439448,1,1.0
2018-03-22,0.1184191589837699,1,0.3725924497899117,0,0.0,0,0.0
2018-03-23,-0.2179203006459242,1,-0.6699290318189237,0,0.0,0,0.0
2018-03-26,0.2215506085960443,1,0.6922598232483513,0,0.0,0,0.0
2018-03-27,-0.2533696680176354,1,-0.7798082801091515,0,0.0,0,0.0
2018-03-28,0.1816659016814498,1,0.5686327478171277,0,0.0,0,0.0
2018-03-29,0.0160201396490358,1,0.055195325260804,0,0.0,0,0.0
2018-04-02,-0.0801659314557905,1,-0.2429440767253296,0,0.0,0,0.0
2018-04-03,-0.1070216586858855,1,-0.3261863836863579,0,0.0,0,0.0
2018-04-04,0.0381232680838664,1,0.1237064248190897,0,0.0,0,0.0
2018-04-05,-0.167380302047864,1,-0.5132746973053098,0,0.0,0,0.0
2018-04-06,0.026465343039328,1,0.0875713923631954,0,0.0,0,0.0
2018-04-09,0.3377436103513888,1,1.0524129271271718,-1,0.0,0,-1.0
2018-04-10,-0.0591960044274749,1,-0.1779454606876572,0,0.0,0,0.0
2018-04-11,0.0282044053896264,1,0.0929618091166724,0,0.0,0,0.0
2018-04-12,0.0061167635640362,1,0.0244987120224096,0,0.0,0,0.0
2018-04-13,-0.035119823807071,1,-0.1033186669135927,0,0.0,0,0.0
2018-04-16,-0.0624224349550868,1,-0.1879461401727737,0,0.0,0,0.0
2018-04-17,0.2338178817591016,1,0.7302835978222035,0,0.0,0,0.0
2018-04-18,-0.2640612293851653,1,-0.8129479611024579,0,0.0,0,0.0
2018-04-19,0.1135501128357169,1,0.3575003008940351,0,0.0,0,0.0
2018-04-20,-0.0325727416421178,1,-0.0954237030716756,0,0.0,0,0.0
2018-04-23,0.0291032388276626,1,0.0957478431091533,0,0.0,0,0.0
2018-04-24,0.3158674813812173,1,0.984605437601683,0,0.0,0,0.0
2018-04-25,-0.2186466031874736,1,-0.6721802871505043,0,0.0,0,0.0
2018-04-26,0.5577219215735502,2,1.7342601156480464,0,0.0,0,0.0
2018-04-27,-0.1743322996463906,1,-0.5348231853849915,0,0.0,0,0.0
2018-04-30,0.1252844051957938,1,0.3938720423195794,0,0.0,0,0.0
2018-05-01,0.0986678373359985,1,0.3113710363683702,0,0.0,0,0.0
2018-05-02,-0.2445612621822805,1,-0.7525056486778102,0,0.0,0,0.0
2018-05-03,-0.0571552979158701,1,-0.1716200643801606,0,0.0,0,0.0
2018-05-04,-0.0288836836300868,1,-0.0839890583568454,0,0.0,0,0.0
2018-05-07,0.0285342312825422,1,0.0939841410753848,0,0.0,0,0.0
2018-05-08,-0.2461050277980022,1,-0.7572907215287059,0,0.0,0,0.0
2018-05-09,0.1201876893878899,1,0.3780742060465322,0,0.0,0,0.0
2018-05-10,0.2294596504278969,1,0.7167747761406679,0,0.0,0,0.0
2018-05-11,0.0221919102497049,1,0.0743254131721166,0,0.0,0,0.0
2018-05-14,-0.0976320926359506,1,-0.2970823816735713,0,0.0,0,0.0
2018-05-15,-0.1898168821862055,1,-0.5828193674246351,0,0.0,0,0.0
2018-05-16,-0.154715107284308,1,-0.4740175205699247,0,0.0,0,0.0
2018-05-17,-0.1822385614934799,1,-0.5593295214060154,0,0.0,0,0.0
2018-05-18,-0.1328709409132819,1,-0.4063091026676516,0,0.0,0,0.0
2018-05-21,-0.1578447266021307,1,-0.4837181229663261,0,0.0,0,0.0
2018-05-22,0.2559706093449618,1,0.7989484354535502,0,0.0,0,0.0
2018-05-23,0.179617871442921,1,0.5622846508052531,0,0.0,0,0.0
2018-05-24,-0.1133918739534995,1,-0.3459315728659799,0,0.0,0,0.0
2018-05-25,0.0485505071871605,1,0.1560268096202789,0,0.0,0,0.0
2018-05-29,0.0063616912624504,1,0.0252578926053806,0,0.0,0,0.0
2018-05-30,0.0743745145953621,1,0.2360711864945141,0,0.0,0,0.0
2018-05-31,0.232341995765614,1,0.7257089253936089,0,0.0,0,0.0
2018-06-01,0.0688016161814633,1,0.2187973693881004,0,0.0,0,0.0
2018-06-04,0.2544125166412551,1,0.7941189542034449,0,0.0,0,0.0
2018-06-05,-0.1662151354376495,1,-0.5096631340883762,0,0.0,0,0.0
2018-06-06,0.0397711598069416,1,0.1288142480954986,0,0.0,0,0.0
2018-06-07,-0.3595877448373095,1,-1.1090429971465317,1,0.0263585969374556,1,1.0
2018-06-08,0.0917024005955031,1,0.2897808921766991,0,0.0,0,0.0
2018-06-11,0.0011037780907255,1,0.0089604072137103,0,0.0,0,0.0
2018-06-12,0.1649137627266135,1,0.5167076339974728,0,0.0,0,0.0
2018-06-13,0.2662582905503635,1,0.83083624506228,0,0.0,0,0.0
2018-06-14,0.1899241103252857,1,0.594229981993235,0,0.0,0,0.0
2018-06-15,0.1706712737819193,1,0.5345536784739822,0,0.0,0,0.0
2018-06-18,-0.0356635701710473,1,-0.1050040691129546,0,0.0,0,0.0
2018-06-19,0.492242210338038,2,1.5312984838260693,0,0.0,0,0.0
2018-06-20,-0.0335486679027677,1,-0.0984486948235024,0,0.0,0,0.0
2018-06-21,0.2240606136992996,1,0.7000398626227751,0,0.0,0,0.0
2018-06-22,-0.0703823002604206,1,-0.2126186260614641,0,0.0,0,0.0
2018-06-25,0.0190291717093371,1,0.0645221540699113,0,0.0,0,0.0
2018-06-26,-0.0927211785152177,1,-0.281860458349924,0,0.0,0,0.0
2018-06-27,-0.2270796192576284,1,-0.6983193563443728,0,0.0,0,0.0
2018-06-28,0.3152261739512867,1,0.9826176340512042,0,0.0,0,0.0
2018-06-29,0.0272974973894907,1,0.0901507471228602,0,0.0,0,0.0
2018-07-02,0.3217558115048901,1,1.002856970298715,-1,0.0,0,-1.0
2018-07-03,-0.1040879841885414,1,-0.3170931340067141,0,0.0,0,0.0
2018-07-05,0.1276296261146098,1,0.4011413148268137,0,0.0,0,0.0
2018-07-06,0.3204950027950651,1,0.9989489537798106,0,0.0,0,0.0
2018-07-09,-0.3312282194788688,1,-1.021139500997266,1,-0.191088772647653,0,1.0
2018-07-10,-0.0620886013410844,1,-0.1869113858377821,0,0.0,0,0.0
2018-07-11,0.5101294535894273,2,1.5867419793851898,0,0.0,0,0.0
2018-07-12,0.2410995171076962,1,0.7528538346909612,0,0.0,0,0.0
2018-07-13,-0.2388599799644402,1,-0.7348338917232232,0,0.0,0,0.0
2018-07-16,0.1851783390686854,1,0.5795199373042925,0,0.0,0,0.0
2018-07-17,-0.0410521498545931,1,-0.121706569859202,0,0.0,0,0.0
2018-07-18,-0.2205676809213942,1,-0.6781348807853331,0,0.0,0,0.0
2018-07-19,-0.321737844210459,1,-0.9917230296241492,0,0.0,0,0.0
2018-07-20,0.0652545593065668,1,0.207802872956908,0,0.0,0,0.0
2018-07-23,0.2994864751202013,1,0.9338306907543156,0,0.0,0,0.0
2018-07-24,-0.0132377333957654,1,-0.0354926992397162,0,0.0,0,0.0
2018-07-25,0.0780798082551283,1,0.2475561554013093,0,0.0,0,0.0
2018-07-26,-0.2882586542427277,1,-0.8879505648451121,0,0.0,0,0.0
2018-07-27,-0.3405601955449746,1,-1.0500649964639177,1,0.0,0,1.0
2018-07-30,-0.4031248112195491,1,-1.243990966081508,1,-0.1289834858182503,0,1.0
2018-07-31,-0.3110541549641333,1,-0.9586077491441528,0,0.0,0,0.0
2018-08-01,0.4431864473585822,1,1.3792447023307297,-1,0.0028510664687852,0,0.0
2018-08-02,0.3079199001596238,1,0.959971027593816,0,0.0,0,0.0
2018-08-03,0.0599756402077785,1,0.1914402773630961,0,0.0,0,0.0
2018-08-06,0.0482618252435858,1,0.1551320078986476,0,0.0,0,0.0
2018-08-07,-0.058068094102776,1,-0.17444937746233,0,0.0,0,0.0
2018-08-08,0.1086448111766056,1,0.3422957740180469,0,0.0,0,0.0
2018-08-09,0.0606627402831688,1,0.1935700203001812,0,0.0,0,0.0
2018-08-10,0.1540391819943012,1,0.4830006641717885,0,0.0,0,0.0
2018-08-13,0.1972296964861191,1,0.6168744570625544,0,0.0,0,0.0
2018-08-14,-0.0624529061466312,1,-0.1880405890126162,0,0.0,0,0.0
2018-08-15,0.0872775188871146,1,0.2760654802543157,0,0.0,0,0.0
2018-08-16,0.0788679600237544,1,0.2499991192761554,0,0.0,0,0.0
2018-08-17,-0.130525952929437,1,-0.3990405521682112,0,0.0,0,0.0
2018-08-20,-0.1518240221309444,1,-0.4650562812884551,0,0.0,0,0.0
2018-08-21,-0.3002040675399302,1,-0.924976699045186,0,0.0,0,0.0
2018-08-22,0.3278280859915396,1,1.0216786589626825,-1,0.0380326860504322,0,-1.0
2018-08-23,0.149465386887761,1,0.4688236786456318,0,0.0,0,0.0
2018-08-24,0.2913689097760941,1,0.9086693960941156,0,0.0,0,0.0
2018-08-27,-0.1929966244020162,1,-0.59267533130592,0,0.0,0,0.0
2018-08-28,0.0960667224910024,1,0.3033085922381881,0,0.0,0,0.0
2018-08-29,0.1836222508121716,1,0.5746966690607122,0,0.0,0,0.0
2018-08-30,0.1790543822243961,1,0.5605380534371834,0,0.0,0,0.0
2018-08-31,0.0042520392690173,1,0.0187187921254833,0,0.0,0,0.0
2018-09-04,0.0375460764453732,1,0.1219173552796527,0,0.0,0,0.0
2018-09-05,-0.5168621077293662,2,-1.5965323390210555,0,0.0,0,0.0
2018-09-06,0.111775427428399,1,0.3519994665219287,0,0.0,0,0.0
2018-09-07,0.0676284221613335,1,0.2151609243232636,0,0.0,0,0.0
2018-09-10,0.0022861947375744,1,0.0126254388335775,0,0.0,0,0.0
2018-09-11,0.0284559559742891,1,0.0937415180705693,0,0.0,0,0.0
2018-09-12,-0.0773192485433146,1,-0.2341204671171902,0,0.0,0,0.0
2018-09-13,0.2023043384898316,1,0.6326038731297904,0,0.0,0,0.0
2018-09-14,-0.0958774238966129,1,-0.2916435911852917,0,0.0,0,0.0
2018-09-17,-0.3481612975701107,1,-1.0736254557505842,1,0.0,0,1.0
2018-09-18,-0.0276892745744194,1,-0.0802868549349445,0,0.0,0,0.0
2018-09-19,-0.2441476640985136,1,-0.7512236555166331,0,0.0,0,0.0
2018-09-20,0.1953358637780846,1,0.6110043124090752,0,0.0,0,0.0
2018-09-21,0.0138833258780778,1,0.0485720338370921,0,0.0,0,0.0
2018-09-24,0.3182878554684458,1,0.992107655694806,0,0.0,0,0.0
2018-09-25,0.1448248257408822,1,0.4544397443678432,0,0.0,0,0.0
2018-09-26,0.0054143476492994,1,0.0223214959415394,0,0.0,0,0.0
2018-09-27,0.1991588299153327,1,0.6228540202189536,0,0.0,0,0.0
2018-09-28,0.1591429312639963,1,0.4988203014402215,0,0.0,0,0.0
2018-10-01,-0.1277313857208389,1,-0.3903784809679698,0,0.0,0,0.0
2018-10-02,-0.0714843548231005,1,-0.2160345664829769,0,0.0,0,0.0
2018-10-03,-0.0779977136733601,1,-0.2362234450828853,0,0.0,0,0.0
2018-10-04,-0.2321718678145604,1,-0.7141033458772634,0,0.0,0,0.0
2018-10-05,0.1103104495812025,1,0.3474586051033344,0,0.0,0,0.0
2018-10-08,-0.2769813897003156,1,-0.8529954318607329,0,0.0,0,0.0
2018-10-09,0.6226627209844303,2,1.9355513304618903,0,0.0,0,0.0
2018-10-10,-0.3382769504822711,1,-1.042987825000699,1,-0.045221222402115,0,1.0
2018-10-11,-0.0934587218385133,1,-0.2841465557320134,0,0.0,0,0.0
2018-10-12,0.6062136969843936,2,1.8845657550839143,0,0.0,0,0.0
2018-10-15,-0.2454087930224235,1,-0.7551326645746302,0,0.0,0,0.0
2018-10-16,0.5003098423695206,2,1.5563050046422593,0,0.0,0,0.0
2018-10-17,0.454189000776331,1,1.4133483376971556,-1,0.0174486028729443,0,0.0
2018-10-18,0.0394767963422537,1,0.1279018358686494,0,0.0,0,0.0
2018-10-19,0.2230246940150818,1,0.6968289145966127,0,0.0,0,0.0
2018-10-22,0.070669098052488,1,0.2245858366978889,0,0.0,0,0.0
2018-10-23,0.2442802167829028,1,0.7627127663239012,0,0.0,0,0.0
2018-10-24,-0.0284636461377378,1,-0.0826871055341316,0,0.0,0,0.0
2018-10-25,-0.0515790531884436,1,-0.1543358750035988,0,0.0,0,0.0
2018-10-26,-0.3898619119139689,1,-1.2028811377856978,1,0.0521063883479649,1,1.0
2018-10-29,-0.0091247918053387,1,-0.0227441803316369,0,0.0,0,0.0
2018-10-30,-0.14334172433255,1,-0.4387644579086899,0,0.0,0,0.0
2018-10-31,0.1875653397873631,1,0.586918710937862,0,0.0,0,0.0
2018-11-01,-0.5654863845301272,2,-1.7472486812197932,0,0.0,0,0.0
2018-11-02,-0.1899416019151397,1,-0.5832059500656892,0,0.0,0,0.0
2018-11-05,0.0752391162729193,1,0.2387511153463972,0,0.0,0,0.0
2018-11-06,-0.1664412593778766,1,-0.5103640303360315,0,0.0,0,0.0
2018-11-07,0.3661128979933338,1,1.140346682557564,-1,-0.0909891309146479,-1,0.0
2018-11-08,0.1555898171527368,1,0.4878070299326981,0,0.0,0,0.0
2018-11-09,0.1037959507454097,1,0.3272661929917517,0,0.0,0,0.0
2018-11-12,-0.1570376836034059,1,-0.4812166036272664,0,0.0,0,0.0
2018-11-13,-0.1518988008235555,1,-0.4652880661450387,0,0.0,0,0.0
2018-11-14,-0.2138084329197271,1,-0.6571838414722003,0,0.0,0,0.0
2018-11-15,0.2008285376909724,1,0.6280294647714012,0,0.0,0,0.0
2018-11-16,-0.1288769710206589,1,-0.3939293497402292,0,0.0,0,0.0
2018-11-19,-0.4740222990459604,2,-1.4637455977043068,0,0.0,0,0.0
2018-11-20,0.2183226064329055,1,0.6822542723045011,0,0.0,0,0.0
2018-11-21,-0.2306556569252301,1,-0.7094036819588032,0,0.0,0,0.0
2018-11-23,0.120456644485752,1,0.3789078622206194,0,0.0,0,0.0
2018-11-26,0.1971943209214218,1,0.6167648065738442,0,0.0,0,0.0
2018-11-27,0.2786912869924862,1,0.8693736973313352,0,0.0,0,0.0
2018-11-28,0.2215429709185221,1,0.6922361494192524,0,0.0,0,0.0
2018-11-29,0.0833692067426278,1,0.2639512330234194,0,0.0,0,0.0
2018-11-30,0.1707177631157777,1,0.534697777323598,0,0.0,0,0.0
2018-12-03,-0.1343286348932864,1,-0.4108273869315312,0,0.0,0,0.0
2018-12-04,0.3052924623509108,1,0.9518269925163074,0,0.0,0,0.0
2018-12-06,0.3333541331946086,1,1.0388072555416468,-1,-0.3073723504654501,-1,-1.0
2018-12-07,-0.0730703938361325,1,-0.2209506704202789,0,0.0,0,0.0
2018-12-10,0.4377893214524719,1,1.3625157116191955,-1,-0.0594641657792887,-1,0.0
2018-12-11,0.1937655719879371,1,0.6061370187367087,0,0.0,0,0.0
2018-12-12,-0.0937736226488966,1,-0.2851226257410515,0,0.0,0,0.0
2018-12-13,0.1447447314593997,1,0.4541914832536358,0,0.0,0,0.0
2018-12-14,-0.3321165805623632,1,-1.0238930747646378,1,0.007621649559762,1,1.0
2018-12-17,-0.4412090088445007,1,-1.3620371631514607,1,0.007621649559762,1,1.0
2018-12-18,-0.0275520043226616,1,-0.079861370555559,0,0.0,0,0.0
2018-12-19,0.1294062237430913,1,0.4066480763406319,0,0.0,0,0.0
2018-12-20,-0.0208713174943763,1,-0.0591538403179331,0,0.0,0,0.0
2018-12-21,-0.2733483436322275,1,-0.8417344023822814,0,0.0,0,0.0
2018-12-24,-0.2042686468047356,1,-0.6276142156965564,0,0.0,0,0.0
2018-12-26,0.2582385682813686,1,0.8059782258718794,0,0.0,0,0.0
2018-12-27,0.0775715144994612,1,0.245980642495883,0,0.0,0,0.0
2018-12-28,0.128598705860791,1,0.4041450850472279,0,0.0,0,0.0
2018-12-31,0.0556405215647006,1,0.1780030960234234,0,0.0,0,0.0
2019-01-02,-0.4767226554974608,2,-1.472115652207545,0,0.0,0,0.0
2019-01-03,-0.0550145396385839,1,-0.1649845465213285,0,0.0,0,0.0
2019-01-04,0.0751031102351977,1,0.2383295495387179,0,0.0,0,0.0
2019-01-07,-0.0046191777382335,1,-0.0087785295038464,0,0.0,0,0.0
2019-01-08,0.0114487268804946,1,0.041025724055664,0,0.0,0,0.0
2019-01-09,-0.2549313049538385,1,-0.7846487471012136,0,0.0,0,0.0
2019-01-10,0.089634526343254,1,0.2833712864420375,0,0.0,0,0.0
2019-01-11,-0.0146508940783598,1,-0.0398729476060295,0,0.0,0,0.0
2019-01-14,-0.0420060150908251,1,-0.1246631810175435,0,0.0,0,0.0
2019-01-15,0.7331449939578114,2,2.2780033967122586,0,0.0,0,0.0
2019-01-16,0.0763922114993661,1,0.2423252619696776,0,0.0,0,0.0
2019-01-17,-0.1714696482473326,1,-0.5259500796805306,0,0.0,0,0.0
2019-01-18,-0.1491230159209152,1,-0.4566842127865477,0,0.0,0,0.0
2019-01-22,0.2997765181751551,1,0.934729711391721,0,0.0,0,0.0
2019-01-23,0.160745124608949,1,0.503786477522097,0,0.0,0,0.0
2019-01-24,-0.2954360746549951,1,-0.9101977759530944,0,0.0,0,0.0
2019-01-25,-0.1748870536782049,1,-0.5365427070724328,0,0.0,0,0.0
2019-01-28,-0.130181538494119,1,-0.397973001403307,0,0.0,0,0.0
2019-01-29,-0.6678637223305695,2,-2.0645786014271765,0,0.0,0,0.0
2019-01-30,0.0999102472847387,1,0.3152220238854229,0,0.0,0,0.0
2019-01-31,0.4615481895632156,1,1.4361589600546656,-1,-0.1086425087515198,-1,0.0
2019-02-01,0.0350551219514098,1,0.1141963653829392,0,0.0,0,0.0
2019-02-04,-0.0006605469072111,1,0.003491686080265,0,0.0,0,0.0
2019-02-05,-0.0432464822183156,1,-0.1285081465445213,0,0.0,0,0.0
2019-02-06,-0.1590031461934385,1,-0.4873087730493836,0,0.0,0,0.0
2019-02-07,0.101723693334778,1,0.3208430011712465,0,0.0,0,0.0
2019-02-08,0.3264148146142741,1,1.0172980674859513,-1,-0.0463182190882858,-1,-1.0
2019-02-11,-0.1216494190204525,1,-0.3715267502118961,0,0.0,0,0.0
2019-02-12,-0.1575896123357096,1,-0.4829273679853267,0,0.0,0,0.0
2019-02-13,-0.1326238861785122,1,-0.4055433290994414,0,0.0,0,0.0
2019-02-14,0.1099350442793662,1,0.346294994708333,0,0.0,0,0.0
2019-02-15,-0.0715159633906067,1,-0.2161325407458373,0,0.0,0,0.0
2019-02-19,-0.0014418863608451,1,0.0010698377317579,0,0.0,0,0.0
2019-02-20,-0.2942061781739521,1,-0.9063855753178964,0,0.0,0,0.0
2019-02-21,-0.0208972871058197,1,-0.0592343360106734,0,0.0,0,0.0
2019-02-22,0.0397803552972374,1,0.128842750538173,0,0.0,0,0.0
2019-02-25,-0.0181340691995411,1,-0.0506694354520733,0,0.0,0,0.0
2019-02-26,0.200190892487666,1,0.6260530126987731,0,0.0,0,0.0
2019-02-27,0.1445476855865736,1,0.4535807177029337,0,0.0,0,0.0
2019-02-28,0.3299488604863804,1,1.028252234870053,-1,0.0,0,-1.0
2019-03-01,0.1862742058281384,1,0.5829166979429897,0,0.0,0,0.0
2019-03-04,-0.3188083284384229,1,-0.9826426703751274,0,0.0,0,0.0
2019-03-05,0.0982078543975045,1,0.3099452682022399,0,0.0,0,0.0
2019-03-06,-0.0865954389843098,1,-0.2628730488478006,0,0.0,0,0.0
2019-03-07,-0.0370843799895426,1,-0.1094080268248832,0,0.0,0,0.0
2019-03-08,0.1062760342998662,1,0.3349534872050216,0,0.0,0,0.0
2019-03-11,0.0838704854132683,1,0.2655050018942813,0,0.0,0,0.0
2019-03-12,0.1522667904357282,1,0.4775069398384353,0,0.0,0,0.0
2019-03-13,0.1657595722342238,1,0.5193293144330766,0,0.0,0,0.0
2019-03-14,0.1728290167326543,1,0.5412418422131045,0,0.0,0,0.0
2019-03-15,0.1913590051688578,1,0.5986775978035258,0,0.0,0,0.0
2019-03-18,-0.325504706674493,1,-1.003398837872593,1,0.025125901955234,1,1.0
2019-03-19,0.1354762895013642,1,0.4254629188058752,0,0.0,0,0.0
2019-03-20,0.1446595580584797,1,0.4539274788450583,0,0.0,0,0.0
2019-03-21,0.0084228504054266,1,0.0316466841136175,0,0.0,0,0.0
2019-03-22,0.1449139315428598,1,0.4547159376899108,0,0.0,0,0.0
2019-03-25,-0.0946627086329313,1,-0.2878784464180962,0,0.0,0,0.0
2019-03-26,0.1382290465748024,1,0.4339953948521576,0,0.0,0,0.0
2019-03-27,-0.2964703636365963,1,-0.9134036694355236,0,0.0,0,0.0
2019-03-28,-0.0860541217639529,1,-0.2611951760486702,0,0.0,0,0.0
2019-03-29,0.0751313482800374,1,0.2384170764925174,0,0.0,0,0.0
2019-04-01,-0.3340983122475592,1,-1.0300356720527355,1,0.1627508465999574,1,1.0
2019-04-02,0.0703947568945308,1,0.2237354858327992,0,0.0,0,0.0
2019-04-03,-0.0646565494806892,1,-0.1948710260838089,0,0.0,0,0.0
2019-04-04,-0.5455956186177812,2,-1.6855950448248718,0,0.0,0,0.0
2019-04-05,-0.0108246509028935,1,-0.0280130822525125,0,0.0,0,0.0
2019-04-08,-0.037092064393889,1,-0.1094318454889593,0,0.0,0,0.0
2019-04-09,0.4463900012519059,1,1.3891744731490527,-1,0.1146934461629776,0,0.0
2019-04-10,0.0686097065906977,1,0.2182025243136625,0,0.0,0,0.0
2019-04-11,-0.2343926957531392,1,-0.7209870485372921,0,0.0,0,0.0
2019-04-12,-0.1658738837670711,1,-0.5086053866637817,0,0.0,0,0.0
2019-04-15,0.0669160154816799,1,0.2129527407577723,0,0.0,0,0.0
2019-04-16,-0.3345992291219221,1,-1.031588319495883,1,0.147904452445781,1,1.0
2019-04-17,-0.4748186883029289,2,-1.4662140945884554,0,0.0,0,0.0
2019-04-18,-0.1265625503523595,1,-0.3867555460276405,0,0.0,0,0.0
2019-04-22,0.2840534916678484,1,0.8859944458126559,0,0.0,0,0.0
2019-04-23,0.1181932536831564,1,0.3718922312400031,0,0.0,0,0.0
2019-04-24,-0.0259283432354995,1,-0.0748286528242453,0,0.0,0,0.0
2019-04-25,0.7673751573058875,2,2.3841035868256584,0,0.0,0,0.0
2019-04-26,0.0221479638701226,1,0.0741891964914931,0,0.0,0,0.0
2019-04-29,-0.0268884218816511,1,-0.0778045231361883,0,0.0,0,0.0
2019-04-30,0.1369180621624356,1,0.4299318531747957,0,0.0,0,0.0
2019-05-01,-0.0305649119139518,1,-0.0892002120030673,0,0.0,0,0.0
2019-05-02,0.0053732351247148,1,0.0221940631089784,0,0.0,0,0.0
2019-05-03,-0.0092249718211893,1,-0.0230546994086051,0,0.0,0,0.0
2019-05-06,0.3322280521584429,1,1.03531684239914,-1,0.0,0,-1.0
2019-05-07,-0.2105519386521459,1,-0.6470899760886165,0,0.0,0,0.0
2019-05-08,0.1561608647022478,1,0.4895770551864724,0,0.0,0,0.0
2019-05-09,0.0283384057592474,1,0.0933771581334876,0,0.0,0,0.0
2019-05-10,0.1077479483078926,1,0.339515848023874,0,0.0,0,0.0
2019-05-13,0.1283179017279465,1,0.4032747014742234,0,0.0,0,0.0
2019-05-14,0.0304720362756981,1,0.0999905827065812,0,0.0,0,0.0
2019-05-15,0.1130613540035341,1,0.3559853386519073,0,0.0,0,0.0
2019-05-16,0.3083215844834843,1,0.9612160927339908,0,0.0,0,0.0
2019-05-17,0.1601280154147579,1,0.5018736790887793,0,0.0,0,0.0
2019-05-20,0.005450968436519,1,0.0224350061356505,0,0.0,0,0.0
2019-05-21,-0.1969593335364663,1,-0.6049581880441101,0,0.0,0,0.0
2019-05-22,0.5826276275228918,2,1.8114581152387232,0,0.0,0,0.0
2019-05-23,0.2495825478840097,1,0.7791479300171309,0,0.0,0,0.0
2019-05-24,0.0357515411088067,1,0.1163549938489229,0,0.0,0,0.0
2019-05-28,0.1022723071512405,1,0.3225434905797721,0,0.0,0,0.0
2019-05-29,-0.1733788389279099,1,-0.531867828074313,0,0.0,0,0.0
2019-05-30,0.1042311167478458,1,0.3286150383104217,0,0.0,0,0.0
2019-05-31,0.2266051798167025,1,0.707927027696083,0,0.0,0,0.0
2019-06-03,-0.720741523047757,2,-2.228479213055061,0,0.0,0,0.0
2019-06-04,-0.2017244994303524,1,-0.6197283485637097,0,0.0,0,0.0
2019-06-05,0.3855255239499485,1,1.200518271096387,-1,-0.9960756088983626,-1,0.0
2019-06-06,0.1149475721126139,1,0.3618318810108689,0,0.0,0,0.0
2019-06-07,0.1447408350553458,1,0.4541794059168533,0,0.0,0,0.0
2019-06-10,-0.0332435316161709,1,-0.0975028910395938,0,0.0,0,0.0
2019-06-11,-0.0734221392817267,1,-0.2220409444651197,0,0.0,0,0.0
2019-06-12,0.1810016800621926,1,0.5665739191938461,0,0.0,0,0.0
2019-06-13,-0.3196877688964129,1,-0.9853685936737494,0,0.0,0,0.0
2019-06-14,0.1045709874268822,1,0.3296685051984713,0,0.0,0,0.0
2019-06-17,0.2100142173804928,1,0.6565014983830577,0,0.0,0,0.0
2019-06-18,-0.236300201039966,1,-0.7268995728661021,0,0.0,0,0.0
2019-06-19,0.3035580910232744,1,0.9464511161081748,0,0.0,0,0.0
2019-06-20,-0.2372476223944485,1,-0.7298362104978279,0,0.0,0,0.0
2019-06-21,0.0433728183806113,1,0.1399779885516593,0,0.0,0,0.0
2019-06-24,-0.0184077076458639,1,-0.0515176081844661,0,0.0,0,0.0
2019-06-25,-0.269336549226041,1,-0.8292994003969292,0,0.0,0,0.0
2019-06-26,-0.4129815176296338,1,-1.274542921483168,1,-0.1542241274292063,0,1.0
2019-06-27,0.0789583949267041,1,0.2502794322941882,0,0.0,0,0.0
2019-06-28,-0.1507527073241782,1,-0.4617356221518524,0,0.0,0,0.0
2019-07-01,0.1504220347750071,1,0.4717889149396064,0,0.0,0,0.0
2019-07-02,0.4040070821785544,1,1.2578039118836424,-1,-0.1329723766053686,-1,0.0
2019-07-03,0.2355167090253125,1,0.7355493014673173,0,0.0,0,0.0
2019-07-05,0.0260547645093553,1,0.0862987586441094,0,0.0,0,0.0
2019-07-08,-0.071072768005106,1,-0.2147588074632691,0,0.0,0,0.0
2019-07-09,0.3982138382008139,1,1.2398471092484564,-1,-0.0137324306750986,-1,0.0
2019-07-10,0.3227032808903119,1,1.0057937568076674,-1,0.0846719272056271,0,-1.0
2019-07-11,-0.0872780846791664,1,-0.2649889849380807,0,0.0,0,0.0
2019-07-12,-0.6511155467057166,2,-2.01266577238865,0,0.0,0,0.0
2019-07-15,0.1047747500582847,1,0.3303000900877977,0,0.0,0,0.0
2019-07-16,-0.3815694922375735,1,-1.1771778627174794,1,0.165712145398279,1,1.0
2019-07-17,0.5857162968780211,2,1.8210317886811864,0,0.0,0,0.0
2019-07-18,0.2373055544749186,1,0.7410940264619578,0,0.0,0,0.0
2019-07-19,-0.4209856180798135,1,-1.299352519112463,1,-0.0612735682962963,0,1.0
2019-07-22,0.1227946884192396,1,0.386154888865336,0,0.0,0,0.0
2019-07-23,-0.3383536884524079,1,-1.0432256828554114,1,-0.1869910555575422,0,1.0
2019-07-24,-0.0834129021700341,1,-0.2530084227984328,0,0.0,0,0.0
2019-07-25,0.0425152992384576,1,0.1373200128042692,0,0.0,0,0.0
2019-07-26,0.3813573033389029,1,1.1875984087291107,-1,-0.0938055427604941,-1,0.0
2019-07-29,0.0868004194949056,1,0.2745866577403354,0,0.0,0,0.0
2019-07-30,-0.3373969374988741,1,-1.04026012709604,1,-0.1085924944342718,0,1.0
2019-07-31,-0.0186908634698402,1,-0.0523952810851209,0,0.0,0,0.0
2019-08-01,0.7319769705308512,2,2.274382978474776,0,0.0,0,0.0
2019-08-02,0.046106902316564,1,0.1484525851359867,0,0.0,0,0.0
2019-08-05,-0.2716252461758863,1,-0.8363934705893868,0,0.0,0,0.0
2019-08-06,0.2384568551741048,1,0.7446626107488397,0,0.0,0,0.0
2019-08-07,0.065565449297952,1,0.2087665109873463,0,0.0,0,0.0
2019-08-08,0.2396898980057813,1,0.7484845638470037,0,0.0,0,0.0
2019-08-09,0.2683682579072856,1,0.8373763230463099,0,0.0,0,0.0
2019-08-12,0.1231977105961222,1,0.3874041008294259,0,0.0,0,0.0
2019-08-13,0.0521988985538611,1,0.1673354035547796,0,0.0,0,0.0
2019-08-14,0.0608069441568384,1,0.1940169962101659,0,0.0,0,0.0
2019-08-15,0.4941268439632394,2,1.537140114901406,0,0.0,0,0.0
2019-08-16,-0.1573554209529357,1,-0.4822014658041841,0,0.0,0,0.0
2019-08-19,-0.0238843829882318,1,-0.0684931712019664,0,0.0,0,0.0
2019-08-20,-0.0903663175776562,1,-0.2745613055347524,0,0.0,0,0.0
2019-08-21,0.1028445695020419,1,0.3243172812449629,0,0.0,0,0.0
2019-08-22,0.0799444144183521,1,0.2533357091356265,0,0.0,0,0.0
2019-08-23,0.1746805645232474,1,0.5469809200722527,0,0.0,0,0.0
2019-08-26,0.2988809078256636,1,0.931953667719878,0,0.0,0,0.0
2019-08-27,0.1179101784478298,1,0.3710148081328115,0,0.0,0,0.0
2019-08-28,-0.3394453341139968,1,-1.0466093597328272,1,-0.0678075492095673,0,1.0
2019-08-29,-0.1639127966755975,1,-0.5025267795850346,0,0.0,0,0.0
2019-08-30,-0.0828045309185613,1,-0.2511227085882954,0,0.0,0,0.0
2019-09-03,0.3177982430697591,1,0.9905900477285716,0,0.0,0,0.0
2019-09-04,-0.1151781300482724,1,-0.3514682718679519,0,0.0,0,0.0
2019-09-05,-0.3471084511114822,1,-1.070362041308626,1,0.1409381146306093,1,1.0
2019-09-06,-0.1320380451268654,1,-0.403727449744035,0,0.0,0,0.0
2019-09-09,-0.9113850383458526,0,-2.8193999460743404,0,0.0,0,0.0
2019-09-10,-0.917986858567824,0,-2.8398630205131905,0,0.0,0,0.0
2019-09-11,-0.0269145106414935,1,-0.0778853881426143,0,0.0,0,0.0
2019-09-12,0.2825879202308872,1,0.8814517444967099,0,0.0,0,0.0
2019-09-13,-0.3624839232054809,1,-1.1180200234125364,1,-0.3199857721036996,0,1.0
2019-09-16,0.1397603008026384,1,0.4387416872678052,0,0.0,0,0.0
2019-09-17,0.4089960875811391,1,1.2732678878018515,-1,-0.2160526585631406,-1,0.0
2019-09-18,-0.0252661884716192,1,-0.0727762306485812,0,0.0,0,0.0
2019-09-19,0.2099824486140425,1,0.6564030275657913,0,0.0,0,0.0
2019-09-20,0.1327920662121503,1,0.4171428708295801,0,0.0,0,0.0
2019-09-23,-0.1045871153446716,1,-0.3186402464180232,0,0.0,0,0.0
2019-09-24,0.0718029167531396,1,0.2281002335901846,0,0.0,0,0.0
2019-09-25,-0.1406849781603245,1,-0.4305295783058727,0,0.0,0,0.0
2019-09-26,0.047339168613283,1,0.1522721312778713,0,0.0,0,0.0
2019-09-27,-0.5437962821733888,2,-1.6800178018276155,0,0.0,0,0.0
2019-09-30,0.0640740750376407,1,0.2041438309568651,0,0.0,0,0.0
2019-10-01,0.2666840315027012,1,0.8321558763921911,0,0.0,0,0.0
2019-10-02,0.0689279981995344,1,0.2191891044788129,0,0.0,0,0.0
2019-10-03,0.3054702275443186,1,0.9523779954614096,0,0.0,0,0.0
2019-10-04,0.2484251618897108,1,0.7755604836827098,0,0.0,0,0.0
2019-10-07,0.1053978325217938,1,0.3322314033322713,0,0.0,0,0.0
2019-10-08,-0.0123338370661766,1,-0.032690972252995,0,0.0,0,0.0
2019-10-09,0.0899175426486251,1,0.2842485268892919,0,0.0,0,0.0
2019-10-10,-0.1401054973893757,1,-0.4287334133463452,0,0.0,0,0.0
2019-10-11,-0.55451762747689,2,-1.7132498014358446,0,0.0,0,0.0
2019-10-14,0.0504222831349463,1,0.1618285868975387,0,0.0,0,0.0
2019-10-15,-0.0482360674644722,1,-0.1439739197522317,0,0.0,0,0.0
2019-10-16,-0.1468778229741701,1,-0.4497249880797129,0,0.0,0,0.0
2019-10-17,-0.0651705362707259,1,-0.1964641851810687,0,0.0,0,0.0
2019-10-18,-0.273265856407541,1,-0.8414787240750478,0,0.0,0,0.0
2019-10-21,-0.1150819388600875,1,-0.3511701166050079,0,0.0,0,0.0
2019-10-22,-0.6639665970322761,2,-2.0524990290675573,0,0.0,0,0.0
2019-10-23,0.1402546041949517,1,0.440273835489385,0,0.0,0,0.0
2019-10-24,0.1823078760357178,1,0.5706226185736044,0,0.0,0,0.0
2019-10-25,-0.1732908126670844,1,-0.5315949809098519,0,0.0,0,0.0
2019-10-28,0.158379625929381,1,0.4964543518450143,0,0.0,0,0.0
2019-10-29,-0.0473346658222647,1,-0.1411799253259061,0,0.0,0,0.0
2019-10-30,0.3548239387779772,1,1.1053553006365346,-1,-0.000781339453634,-1,-1.0
2019-10-31,0.2323367710649124,1,0.7256927308539541,0,0.0,0,0.0
2019-11-01,-0.6770380963901119,2,-2.093015591984033,0,0.0,0,0.0
2019-11-04,-0.5791798003460665,2,-1.7896929432175863,0,0.0,0,0.0
2019-11-05,-0.3249689064363845,1,-1.0017380655722088,1,0.0587070128930481,1,1.0
2019-11-06,0.2584401991086982,1,0.8066032029978969,0,0.0,0,0.0
2019-11-07,0.0736569093361988,1,0.2338468893549013,0,0.0,0,0.0
2019-11-08,0.0482285563107885,1,0.1550288871493024,0,0.0,0,0.0
2019-11-11,0.0090287930594577,1,0.033524870616462,0,0.0,0,0.0
2019-11-12,0.0837476769311131,1,0.2651243433747261,0,0.0,0,0.0
2019-11-13,0.387757219076422,1,1.2074356578113208,-1,-0.1127109685841251,-1,0.0
2019-11-14,-0.0012526154837902,1,0.0016565038202087,0,0.0,0,0.0
2019-11-15,0.1637967820190697,1,0.5132454283334718,0,0.0,0,0.0
2019-11-18,0.2125156128003454,1,0.6642548510882842,0,0.0,0,0.0
2019-11-19,0.3684327713391149,1,1.147537387449138,-1,0.066157243075956,0,0.0
2019-11-20,0.2411289908715125,1,0.7529451918928672,0,0.0,0,0.0
2019-11-21,-0.1422918130064007,1,-0.435510141235588,0,0.0,0,0.0
2019-11-22,-0.1292797325049525,1,-0.3951777536587079,0,0.0,0,0.0
2019-11-25,-0.1008616599852155,1,-0.3070927840855217,0,0.0,0,0.0
2019-11-26,0.0702397009728553,1,0.223254872795675,0,0.0,0,0.0
2019-11-27,0.0996749192676454,1,0.3144925985800654,0,0.0,0,0.0
2019-11-29,0.1173699975111522,1,0.3693404573710485,0,0.0,0,0.0
2019-12-02,-0.0782679463115522,1,-0.2370610611350048,0,0.0,0,0.0
2019-12-03,0.34822803492465,1,1.0849105646388884,-1,-0.0345757016096135,-1,-1.0
2019-12-04,-0.0298021033117691,1,-0.0868358020851616,0,0.0,0,0.0
2019-12-05,-0.1806024911022118,1,-0.5542583396594579,0,0.0,0,0.0
2019-12-06,-0.1434013146244015,1,-0.4389491646315317,0,0.0,0,0.0
2019-12-09,-0.1548183216869608,1,-0.4743374450655385,0,0.0,0,0.0
2019-12-10,-0.0372562095871942,1,-0.1099406317322147,0,0.0,0,0.0
2019-12-11,-0.20306578178848,1,-0.6238858020863816,0,0.0,0,0.0
2019-12-12,-0.2537133083670739,1,-0.7808734315089654,0,0.0,0,0.0
2019-12-13,0.2633756844344045,1,0.8219012874982377,0,0.0,0,0.0
2019-12-16,0.1764059791651874,1,0.552329034239069,0,0.0,0,0.0
2019-12-17,-0.1352798907942439,1,-0.4137759101656091,0,0.0,0,0.0
2019-12-18,0.0891141890865752,1,0.2817584433686547,0,0.0,0,0.0
2019-12-19,0.2358827087268206,1,0.7366837581602808,0,0.0,0,0.0
2019-12-20,-0.0232708321361329,1,-0.0665914022448635,0,0.0,0,0.0
2019-12-23,-0.1485523143258887,1,-0.4549152598570919,0,0.0,0,0.0
2019-12-24,0.0563572633845439,1,0.1802247168370406,0,0.0,0,0.0
2019-12-26,0.0188301224906981,1,0.0639051789265336,0,0.0,0,0.0
2019-12-27,0.101780598364556,1,0.3210193846262845,0,0.0,0,0.0
2019-12-30,-0.1617087548459735,1,-0.4956951073326103,0,0.0,0,0.0
2019-12-31,0.0662469234004914,1,0.2108788155972176,0,0.0,0,0.0
2020-01-02,0.0406312734136751,1,0.1314802656737838,0,0.0,0,0.0
2020-01-03,0.0694681485637486,1,0.2208633604778329,0,0.0,0,0.0
2020-01-06,0.2864772015168489,1,0.8935070034695892,0,0.0,0,0.0
2020-01-07,-0.0368937375245695,1,-0.1088171093474627,0,0.0,0,0.0
2020-01-08,0.150840302443017,1,0.4730853819953686,0,0.0,0,0.0
2020-01-09,0.2195619564488923,1,0.6860957752203972,0,0.0,0,0.0
2020-01-10,0.1132026081231012,1,0.3564231714716916,0,0.0,0,0.0
2020-01-13,0.0926334601872556,1,0.2926668147090377,0,0.0,0,0.0
2020-01-14,-0.0467660799227292,1,-0.1394175302294213,0,0.0,0,0.0
2020-01-15,0.2332720660397296,1,0.7285917814261389,0,0.0,0,0.0
2020-01-16,-0.0403871494299349,1,-0.1196453272421494,0,0.0,0,0.0
2020-01-17,0.056405726883853,1,0.1803749348315609,0,0.0,0,0.0
2020-01-21,0.4311504756995452,1,1.341937872438108,-1,0.2537170328676356,0,0.0
2020-01-22,0.249948321362424,1,0.7802816855065093,0,0.0,0,0.0
2020-01-23,-0.2157986350676866,1,-0.6633526938996738,0,0.0,0,0.0
2020-01-24,0.1613390902077142,1,0.5056275398129478,0,0.0,0,0.0
2020-01-27,0.3548496206479242,1,1.1054349044425738,-1,-0.5985110962958844,-1,-1.0
2020-01-28,-0.0124236309106416,1,-0.0329692982391107,0,0.0,0,0.0
2020-01-29,0.0209485194538923,1,0.0704713854107101,0,0.0,0,0.0
2020-01-30,0.2589203446015682,1,0.8080914672389282,0,0.0,0,0.0
2020-01-31,0.1683385598580086,1,0.527323172785466,0,0.0,0,0.0
2020-02-03,0.1815008838239027,1,0.5681212566542074,0,0.0,0,0.0
2020-02-04,-0.0313262550762313,1,-0.0915600796273605,0,0.0,0,0.0
2020-02-05,-0.5275743479850767,2,-1.6297361165231918,0,0.0,0,0.0
2020-02-06,0.3748563816935804,1,1.167448080626169,-1,0.0470431181144257,0,0.0
2020-02-07,0.1987022732227255,1,0.6214388720821893,0,0.0,0,0.0
2020-02-10,0.2023837356220224,1,0.6328499733523996,0,0.0,0,0.0
2020-02-11,-0.0593413266734173,1,-0.1783959031166168,0,0.0,0,0.0
2020-02-12,-0.1984031152313525,1,-0.609433349636299,0,0.0,0,0.0
2020-02-13,0.3022428150213975,1,0.9423742721728514,0,0.0,0,0.0
2020-02-14,0.4559997632770785,1,1.4189609970241324,-1,0.095114905672496,0,0.0
2020-02-18,0.1693534955906197,1,0.5304690787248538,0,0.0,0,0.0
2020-02-19,0.027751497972773,1,0.0915579723150983,0,0.0,0,0.0
2020-02-20,-0.3535962674798473,1,-1.0904717481512332,1,-0.0404553197101378,0,1.0
2020-02-21,-0.0921438958779637,1,-0.2800711067497291,0,0.0,0,0.0
2020-02-24,0.1838580282814106,1,0.5754274874928748,0,0.0,0,0.0
2020-02-25,0.3587716319404319,1,1.1175916137030733,-1,-0.0222991482658648,-1,-1.0
2020-02-26,0.5471869391670899,2,1.7016057685214916,0,0.0,0,0.0
2020-02-27,-0.4004374103002899,1,-1.2356610686882386,1,0.0108281166421396,1,1.0
2020-02-28,-0.2022357688744522,1,-0.6213130849456707,0,0.0,0,0.0
2020-03-02,0.9659267714952612,0,2.999536349988297,0,0.0,0,0.0
2020-03-03,-0.0407626567587247,1,-0.1208092538810155,0,0.0,0,0.0
2020-03-04,0.5090882251197004,2,1.5835145761891802,0,0.0,0,0.0
2020-03-05,0.5042402624811295,2,1.5684877779707622,0,0.0,0,0.0
2020-03-06,0.0940591425694876,1,0.2970858754730186,0,0.0,0,0.0
2020-03-09,1.1839721986039071,0,3.6753923496905343,0,0.0,0,0.0
2020-03-10,-0.1043872179061882,1,-0.3180206421231032,0,0.0,0,0.0
2020-03-11,0.6729281744861799,2,2.091354681980856,0,0.0,0,0.0
2020-03-12,0.9847312466200266,0,3.0578229075320684,0,0.0,0,0.0
2020-03-13,1.0965829722995457,0,3.404519744425072,0,0.0,0,0.0
2020-03-16,1.1117573453348726,0,3.451554397678935,0,0.0,0,0.0
2020-03-17,2.890197646555148,0,8.96402748014843,0,0.0,0,0.0
2020-03-18,3.280766571339321,0,10.17463920731438,0,0.0,0,0.0
2020-03-19,-3.001441249905317,0,-9.297761125341552,0,0.0,0,0.0
2020-03-20,-0.6883184324639047,2,-2.127980245520801,0,0.0,0,0.0
2020-03-23,-0.1286637873468219,1,-0.393268563284343,0,0.0,0,0.0
2020-03-24,-1.7194577508496804,0,-5.324110997268482,0,0.0,0,0.0
2020-03-25,-2.131788577839242,0,-6.602176155425747,0,0.0,0,0.0
2020-03-26,1.0987818280806052,0,3.4113353419444303,0,0.0,0,0.0
2020-03-27,1.1103756587614055,0,3.447271706806815,0,0.0,0,0.0
2020-03-30,1.2100233852524926,0,3.756140893832376,0,0.0,0,0.0
2020-03-31,-0.5166032643777952,2,-1.5957300253267852,0,0.0,0,0.0
2020-04-01,0.8471098889479443,2,2.6312502364001085,0,0.0,0,0.0
2020-04-02,0.8575103621126887,2,2.663487657204316,0,0.0,0,0.0
2020-04-03,0.3992123740735311,1,1.2429421820020694,-1,0.0,0,0.0
2020-04-06,-0.7962177019224632,0,-2.46242600571883,0,0.0,0,0.0
2020-04-07,-1.3815183549445702,0,-4.276630335615288,0,0.0,0,0.0
2020-04-08,-0.5542193426239337,2,-1.7123252344308673,0,0.0,0,0.0
2020-04-09,-0.182457153208013,1,-0.5600070706842162,0,0.0,0,0.0
2020-04-13,0.7084187415091909,2,2.201361633162567,0,0.0,0,0.0
2020-04-14,0.5805026556065475,2,1.804871528957579,0,0.0,0,0.0
2020-04-15,1.0066373646910467,0,3.125723351603787,0,0.0,0,0.0
2020-04-16,1.0856431484991895,0,3.370610546469401,0,0.0,0,0.0
2020-04-17,-0.927688603048208,0,-2.8699346542162822,0,0.0,0,0.0
2020-04-20,0.5817267207172586,2,1.808665654613276,0,0.0,0,0.0
2020-04-21,-0.3784125314343938,1,-1.167392512352894,1,-0.0536538398269827,0,1.0
2020-04-22,0.3233861514779768,1,1.007910389978165,-1,-0.0738555805510427,-1,-1.0
2020-04-23,-0.6827910060469025,2,-2.1108473739151874,0,0.0,0,0.0
2020-04-24,-0.0867766219381126,1,-0.2634346455205451,0,0.0,0,0.0
2020-04-27,-0.732495298951493,2,-2.264911345886434,0,0.0,0,0.0
2020-04-28,-1.736380066805434,0,-5.376563593588488,0,0.0,0,0.0
2020-04-29,-0.9212403525769088,0,-2.8499475862626,0,0.0,0,0.0
2020-04-30,1.07666318105497,0,3.3427761407917145,0,0.0,0,0.0
2020-05-01,0.5608967375818048,2,1.7441008102023077,0,0.0,0,0.0
2020-05-04,0.4572070020817154,1,1.422702967676792,-1,-0.1873709678883001,-1,0.0
2020-05-05,0.5950485416209631,2,1.8499581169415087,0,0.0,0,0.0
2020-05-06,0.3470448531697915,1,1.081243161481835,-1,-0.2134562905148897,-1,-1.0
2020-05-07,0.0099210133660605,1,0.0362904064741491,0,0.0,0,0.0
2020-05-08,-1.016866937711156,0,-3.1463527993919467,0,0.0,0,0.0
2020-05-11,1.1585604538766725,0,3.596625826748296,0,0.0,0,0.0
2020-05-12,0.3900571992850672,1,1.214564701716629,-1,-0.1527771609232493,-1,0.0
2020-05-13,0.8419476762479963,2,2.615249385241416,0,0.0,0,0.0
2020-05-14,-0.4267748473741235,1,-1.317296877790812,1,-0.2199967170293449,0,1.0
2020-05-15,0.1171385742670121,1,0.3686231353428055,0,0.0,0,0.0
2020-05-18,-2.023353296849012,0,-6.266068967999487,0,0.0,0,0.0
2020-05-19,-0.0096875882927707,1,-0.0244886305028058,0,0.0,0,0.0
2020-05-20,-0.2398234893153669,1,-0.7378203958853516,0,0.0,0,0.0
2020-05-21,-0.4935059169132084,2,-1.5241372335487218,0,0.0,0,0.0
2020-05-22,0.3451702552561858,1,1.0754326372083385,-1,0.1202312862408434,0,-1.0
2020-05-26,-1.8745520324663003,0,-5.804842935287395,0,0.0,0,0.0
2020-05-27,-0.7849769434347668,2,-2.427584027302433,0,0.0,0,0.0
2020-05-28,1.263930103009267,0,3.923230748012245,0,0.0,0,0.0
2020-05-29,0.8310546641920762,2,2.5814852854827266,0,0.0,0,0.0
2020-06-01,-0.3473943053333522,1,-1.0712480781930172,1,0.0,0,1.0
2020-06-02,-0.5036606306494176,2,-1.5556128957301438,0,0.0,0,0.0
2020-06-03,-1.2701864784758363,0,-3.931544829043256,0,0.0,0,0.0
2020-06-04,-0.8031882146606929,0,-2.484031883528806,0,0.0,0,0.0
2020-06-05,-0.8171225832899327,0,-2.527223005512033,0,0.0,0,0.0
2020-06-08,-0.2157277617067451,1,-0.6631330140520085,0,0.0,0,0.0
2020-06-09,0.8727588602633458,2,2.710752069479447,0,0.0,0,0.0
2020-06-10,1.1548108647341695,0,3.585003559076907,0,0.0,0,0.0
2020-06-11,0.7594315144156605,2,2.3594813841129327,0,0.0,0,0.0
2020-06-12,-0.4438511135733786,1,-1.370226659975735,1,-0.0518160285951867,0,1.0
2020-06-15,-0.0799944965940242,1,-0.2424126953456818,0,0.0,0,0.0
2020-06-16,-0.2476785928974643,1,-0.7621681611865601,0,0.0,0,0.0
2020-06-17,0.5021364648580937,2,1.561966823761621,0,0.0,0,0.0
2020-06-18,0.166238922745193,1,0.5208151145394805,0,0.0,0,0.0
2020-06-19,0.537878150154347,2,1.672752143900005,0,0.0,0,0.0
2020-06-22,0.1058224657294644,1,0.3335476010846508,0,0.0,0,0.0
2020-06-23,-0.1374722135263827,1,-0.4205712577748086,0,0.0,0,0.0
2020-06-24,0.576200290511059,2,1.791535870873603,0,0.0,0,0.0
2020-06-25,0.1730745700126583,1,0.5420029618556392,0,0.0,0,0.0
2020-06-26,-0.0757796402133113,1,-0.2293482802347485,0,0.0,0,0.0
2020-06-29,-0.7722555936964551,2,-2.388152791990792,0,0.0,0,0.0
2020-06-30,0.3588541473281021,1,1.1178473793046004,-1,0.0510103531287495,0,-1.0
2020-07-01,0.7731877083921318,2,2.402120233986328,0,0.0,0,0.0
2020-07-02,-0.1591514272077642,1,-0.4877683865093074,0,0.0,0,0.0
2020-07-06,-0.1377207123930109,1,-0.4213415075899822,0,0.0,0,0.0
2020-07-07,0.5390010989281212,2,1.6762328482476152,0,0.0,0,0.0
2020-07-08,0.3105451542140642,1,0.9681082938826068,0,0.0,0,0.0
2020-07-09,0.8185528249614491,2,2.542734447350625,0,0.0,0,0.0
2020-07-10,-0.4694146522370704,2,-1.449463685069902,0,0.0,0,0.0
2020-07-13,-0.6996949557328477,2,-2.163243041943659,0,0.0,0,0.0
2020-07-14,-0.2877544977465752,1,-0.886387875834699,0,0.0,0,0.0
2020-07-15,-0.9328678450304476,0,-2.885988289525324,0,0.0,0,0.0
2020-07-16,-0.1477793578335993,1,-0.4525193954276015,0,0.0,0,0.0
2020-07-17,0.3833436433763372,1,1.1937552901164,-1,-0.0638237817886992,-1,0.0
2020-07-20,0.949366757505714,0,2.9482067488203185,0,0.0,0,0.0
2020-07-21,-0.6678297943507407,2,-2.064473437888417,0,0.0,0,0.0
2020-07-22,-0.1883302922850852,1,-0.5782115170464278,0,0.0,0,0.0
2020-07-23,-0.2665248081569999,1,-0.8205840969103135,0,0.0,0,0.0
2020-07-24,-0.0405924764700897,1,-0.1202817611900193,0,0.0,0,0.0
2020-07-27,0.1114553192577933,1,0.3510072557219758,0,0.0,0,0.0
2020-07-28,0.2124078837508375,1,0.6639209329437139,0,0.0,0,0.0
2020-07-29,-0.2758348603569748,1,-0.849441636920812,0,0.0,0,0.0
2020-07-30,0.4023813184698136,1,1.2527646768433995,-1,-0.0797450241685273,-1,0.0
2020-07-31,0.4081438418606257,1,1.2706262576100726,-1,0.0,0,0.0
2020-08-03,-0.0004213062843625,1,0.0042332389413766,0,0.0,0,0.0
2020-08-04,-0.2609752292526059,1,-0.8033825612115767,0,0.0,0,0.0
2020-08-05,-0.5361559205262044,2,-1.6563356529854318,0,0.0,0,0.0
2020-08-06,-0.0681995570549138,1,-0.2058529712581833,0,0.0,0,0.0
2020-08-07,-0.4330927254701799,1,-1.3368798420988848,1,-0.098595583799066,0,1.0
2020-08-10,-1.295258016737694,0,-4.009256844290417,0,0.0,0,0.0
2020-08-11,-0.7674497351145141,2,-2.3732564999685475,0,0.0,0,0.0
2020-08-12,0.4042445696670472,1,1.258540030710258,-1,-0.0876385169001449,-1,0.0
2020-08-13,0.3706712716347263,1,1.1544758675410425,-1,-0.0177585607037299,-1,0.0
2020-08-14,-0.2209020343166232,1,-0.6791712462399212,0,0.0,0,0.0
2020-08-17,0.3019537721514152,1,0.9414783517197648,0,0.0,0,0.0
2020-08-18,0.4292117184022726,1,1.3359284790346166,-1,-0.190023600889129,-1,0.0
2020-08-19,-0.0919078005571461,1,-0.2793393031013238,0,0.0,0,0.0
2020-08-20,0.3873957316487001,1,1.2063151874117235,-1,-0.076236917653019,-1,0.0
2020-08-21,-0.1901335467709076,1,-0.5838009044479155,0,0.0,0,0.0
2020-08-24,-0.585988861666722,2,-1.8107983844411368,0,0.0,0,0.0
2020-08-25,0.3692496300548681,1,1.150069331692462,-1,-0.0882433516264251,-1,0.0
2020-08-26,0.4887123857091678,2,1.5203574006538458,0,0.0,0,0.0
2020-08-27,0.0020667033138818,1,0.0119451008069884,0,0.0,0,0.0
2020-08-28,-0.3964776158179303,1,-1.223387246237667,1,-0.1570660331806257,0,1.0
2020-08-31,0.7020786375872066,2,2.18170977744044,0,0.0,0,0.0
2020-09-01,-0.4363388427904139,1,-1.3469415429825464,1,-0.1674625436749048,0,1.0
2020-09-02,0.1285735853203196,1,0.404067221144194,0,0.0,0,0.0
2020-09-03,-0.5682222588615142,2,-1.7557288273334648,0,0.0,0,0.0
2020-09-04,-0.5822157615961512,2,-1.7991032420389912,0,0.0,0,0.0
2020-09-08,-0.3443701763590259,1,-1.0618744548234549,1,-0.0808867647301697,0,1.0
2020-09-09,0.326336797584543,1,1.0170562450440783,-1,0.0161930618139762,0,-1.0
2020-09-10,-0.2598786818111929,1,-0.7999836907236033,0,0.0,0,0.0
2020-09-11,-0.3518798448322327,1,-1.0851515056687475,1,0.1011761687358578,1,1.0
2020-09-14,-0.0916932925020572,1,-0.2786744115787694,0,0.0,0,0.0
2020-09-15,0.2774493904147059,1,0.8655243010645459,0,0.0,0,0.0
2020-09-16,-0.627924465749087,2,-1.940782443249588,0,0.0,0,0.0
2020-09-17,-0.2979615412136274,1,-0.91802573982435,0,0.0,0,0.0
2020-09-18,0.2368777579038752,1,0.7397680235137388,0,0.0,0,0.0
2020-09-21,1.1971531172914935,0,3.716248069962777,0,0.0,0,0.0
2020-09-22,0.054253918098825,1,0.1737051646976132,0,0.0,0,0.0
2020-09-23,-0.0107682433954123,1,-0.0278382409230477,0,0.0,0,0.0
2020-09-24,-0.0985708917703169,1,-0.2999922937771652,0,0.0,0,0.0
2020-09-25,0.4066730644686713,1,1.2660674198588755,-1,0.0,0,0.0
2020-09-28,-0.323515953291557,1,-0.9972344760530916,0,0.0,0,0.0
2020-09-29,0.2537044620679476,1,0.791924260474564,0,0.0,0,0.0
2020-09-30,0.1489209038368642,1,0.4671359930034036,0,0.0,0,0.0
2020-10-01,0.2788309620393063,1,0.8698066356398971,0,0.0,0,0.0
2020-10-02,-0.8791185254862399,0,-2.71938630857314,0,0.0,0,0.0
2020-10-05,-0.0461560363935473,1,-0.1375266326089376,0,0.0,0,0.0
2020-10-06,-0.0940645085874932,1,-0.2860242589898496,0,0.0,0,0.0
2020-10-07,-0.1878159892892842,1,-0.5766173778343098,0,0.0,0,0.0
2020-10-08,-0.3694367186807986,1,-1.139570984599879,1,0.1208424146197936,1,1.0
2020-10-09,0.3823485201040642,1,1.1906707950965898,-1,-0.0457531717700625,-1,0.0
2020-10-12,0.4189456632479114,1,1.304107701771116,-1,-0.0728333131653812,-1,0.0
2020-10-13,0.3603428912490495,1,1.1224619063063117,-1,-0.2795582905711212,-1,-1.0
2020-10-14,-0.4726352090123807,2,-1.459446158207899,0,0.0,0,0.0
2020-10-15,-0.4301131103070234,1,-1.3276441942271242,1,-0.2504775605487105,0,1.0
2020-10-16,0.1397699250062101,1,0.4387715185548565,0,0.0,0,0.0
2020-10-19,-0.1809884935847545,1,-0.5554547971921191,0,0.0,0,0.0
2020-10-20,-0.2840117966810309,1,-0.8747869585222727,0,0.0,0,0.0
2020-10-21,0.1798871226641904,1,0.5631192248467046,0,0.0,0,0.0
2020-10-22,-0.3597114464389598,1,-1.1094264239890792,1,0.0781638743605307,1,1.0
2020-10-23,-0.1127686383039295,1,-0.34399978480431,0,0.0,0,0.0
2020-10-26,0.508590776644749,2,1.581972679434927,0,0.0,0,0.0
2020-10-27,0.593057384573686,2,1.8437863046976275,0,0.0,0,0.0
2020-10-28,-0.2282901209990908,1,-0.7020714408318395,0,0.0,0,0.0
2020-10-29,-0.5450362366080406,2,-1.6838611782062414,0,0.0,0,0.0
2020-10-30,-0.3156350597461451,1,-0.9728067718984555,0,0.0,0,0.0
2020-11-02,-0.5353084993078231,2,-1.653708976873428,0,0.0,0,0.0
2020-11-03,-0.1230520030224113,1,-0.3758742149827939,0,0.0,0,0.0
2020-11-04,1.6146120690787884,0,5.010208420042791,0,0.0,0,0.0
2020-11-05,-0.4483245618405865,1,-1.384092609337028,1,0.0751980588076193,1,1.0
2020-11-06,0.2856380030642396,1,0.8909058147326467,0,0.0,0,0.0
2020-11-09,-1.9099577974011928,0,-5.914587032985767,0,0.0,0,0.0
2020-11-10,-0.710519254931445,2,-2.1967941585754187,0,0.0,0,0.0
2020-11-11,0.8627372507722058,2,2.679688978677341,0,0.0,0,0.0
2020-11-12,0.2991215943033609,1,0.932699702168552,0,0.0,0,0.0
2020-11-13,-0.5020277466110282,2,-1.550551590437951,0,0.0,0,0.0
2020-11-16,-0.8435096686844672,0,-2.6090127050945204,0,0.0,0,0.0
2020-11-17,0.0509588040235018,1,0.1634915929339603,0,0.0,0,0.0
2020-11-18,-0.3715046653929655,1,-1.1459808149320976,1,0.1082415621825859,1,1.0
2020-11-19,0.0095805620709092,1,0.0352351399020152,0,0.0,0,0.0
2020-11-20,0.0739822535507277,1,0.2348553298540832,0,0.0,0,0.0
2020-11-23,-0.8350969689142975,0,-2.582936608527131,0,0.0,0,0.0
2020-11-24,-0.7700532300513143,2,-2.381326321457416,0,0.0,0,0.0
2020-11-25,0.5584238707471145,2,1.7364358850128545,0,0.0,0,0.0
2020-11-27,0.2921351050230336,1,0.91104430329329,0,0.0,0,0.0
2020-11-30,0.6054206147432756,2,1.882107508662402,0,0.0,0,0.0
2020-12-01,0.1957868365116515,1,0.612402152445094,0,0.0,0,0.0
2020-12-02,-0.024471511221181,1,-0.0703130403186694,0,0.0,0,0.0
2020-12-03,-0.2858660950650707,1,-0.8805345621510661,0,0.0,0,0.0
2020-12-04,-0.3020446777773933,1,-0.9306818747445734,0,0.0,0,0.0
2020-12-07,0.2201297878916619,1,0.6878558317944073,0,0.0,0,0.0
2020-12-08,0.0682021532745473,1,0.2169392675805526,0,0.0,0,0.0
2020-12-09,-0.6469142085842682,2,-1.999643258622545,0,0.0,0,0.0
2020-12-10,0.1894310478436519,1,0.5927016801120207,0,0.0,0,0.0
2020-12-11,0.1645492893509055,1,0.5155779083207165,0,0.0,0,0.0
2020-12-14,0.4275350335674592,1,1.3307314083129556,-1,-1.262054734100512,-1,0.0
2020-12-15,-0.2489004353566499,1,-0.7659553974871869,0,0.0,0,0.0
2020-12-16,0.3370171781757605,1,1.050161269980377,-1,0.0,0,-1.0
2020-12-17,0.1406940125812812,1,0.4416358305477463,0,0.0,0,0.0
2020-12-18,0.1485623944074182,1,0.4660247532399566,0,0.0,0,0.0
2020-12-21,-0.1583926402547672,1,-0.4854164421393699,0,0.0,0,0.0
2020-12-22,0.2182782024817457,1,0.6821166373299922,0,0.0,0,0.0
2020-12-23,-0.3690722386711304,1,-1.1384412383604268,1,-0.0755950102506187,0,1.0
2020-12-24,0.0898210610537236,1,0.2839494714785013,0,0.0,0,0.0
2020-12-28,0.1835859688719983,1,0.5745842091606257,0,0.0,0,0.0
2020-12-29,0.2030893344732086,1,0.6350370552980326,0,0.0,0,0.0
2020-12-30,-0.3461802364077427,1,-1.0674849368224053,1,0.0047783377835398,1,1.0
2020-12-31,0.2775243258546395,1,0.8657565717768513,0,0.0,0,0.0
2021-01-04,0.1496928410550067,1,0.4695286980795576,0,0.0,0,0.0
2021-01-05,-0.4148990970468097,1,-1.2804866716970078,1,0.0,0,1.0
2021-01-06,-1.2032195971022772,0,-3.7239735483343233,0,0.0,0,0.0
2021-01-07,0.061492485696555,1,0.1961419082929667,0,0.0,0,0.0
2021-01-08,0.5084944126606724,2,1.5816739885719402,0,0.0,0,0.0
2021-01-11,-0.3330989009077175,1,-1.0269378856916125,1,-0.7609614260956586,0,1.0
2021-01-12,-0.8723390162174951,0,-2.6983724672141327,0,0.0,0,0.0
2021-01-13,0.474879512974192,2,1.4774808764587637,0,0.0,0,0.0
2021-01-14,-0.4811236706966035,2,-1.4857570872358483,0,0.0,0,0.0
2021-01-15,0.5422164323606489,2,1.686199131054978,0,0.0,0,0.0
2021-01-19,0.0420023450967542,1,0.1357300545151205,0,0.0,0,0.0
2021-01-20,0.1629063509938956,1,0.5104854385521447,0,0.0,0,0.0
2021-01-21,0.0021023583140064,1,0.012055617436817,0,0.0,0,0.0
2021-01-22,0.0511360435235503,1,0.1640409664341547,0,0.0,0,0.0
2021-01-25,0.5520591133274607,2,1.7167076130386896,0,0.0,0,0.0
2021-01-26,0.5574662885384138,2,1.7334677526858415,0,0.0,0,0.0
2021-01-27,-0.0859230274560045,1,-0.2607888346925197,0,0.0,0,0.0
2021-01-28,-0.1765978184190557,1,-0.5418454122449974,0,0.0,0,0.0
2021-01-29,0.3003049338550572,1,0.9363675944344164,0,0.0,0,0.0
2021-02-01,0.0924947388322302,1,0.292236832474033,0,0.0,0,0.0
2021-02-02,-0.0170618153262998,1,-0.0473458655747145,0,0.0,0,0.0
2021-02-03,-0.5051076936816339,2,-1.560098228191546,0,0.0,0,0.0
2021-02-04,-0.0357894921980136,1,-0.1053943784101883,0,0.0,0,0.0
2021-02-05,-0.2892542768673597,1,-0.8910366076629765,0,0.0,0,0.0
2021-02-08,-0.4253401101472589,1,-1.3128497505309984,1,-0.0125710726804863,0,1.0
2021-02-09,0.0553447298644149,1,0.1770862568218354,0,0.0,0,0.0
2021-02-10,-0.1384058556994774,1,-0.4234651853046285,0,0.0,0,0.0
2021-02-11,0.0840044216148505,1,0.2659201520151389,0,0.0,0,0.0
2021-02-12,-0.0654405743634893,1,-0.1973011982180416,0,0.0,0,0.0
2021-02-16,-0.2078325309780083,1,-0.6386608702065363,0,0.0,0,0.0
2021-02-17,0.1973890542136265,1,0.6173684040242633,0,0.0,0,0.0
2021-02-18,0.2084400709491909,1,0.6516222568226505,0,0.0,0,0.0
2021-02-19,-1.057471780059304,0,-3.2722120145191,0,0.0,0,0.0
2021-02-22,-0.6399739302587584,2,-1.978131095730168,0,0.0,0,0.0
2021-02-23,-0.2175075771822441,1,-0.6686497496397698,0,0.0,0,0.0
2021-02-24,-0.5280742196199699,2,-1.631285524130604,0,0.0,0,0.0
2021-02-25,0.2094810693479674,1,0.6548489468882162,0,0.0,0,0.0
2021-02-26,-0.2060659658552001,1,-0.6331852055574456,0,0.0,0,0.0
2021-03-01,-0.1771515119858797,1,-0.5435616469035122,0,0.0,0,0.0
2021-03-02,-0.2450059608689136,1,-0.7538840416090725,0,0.0,0,0.0
2021-03-03,-0.7152791236849659,2,-2.211547900020588,0,0.0,0,0.0
2021-03-04,0.0701331307568549,1,0.2229245465841669,0,0.0,0,0.0
2021-03-05,-0.1795605110167013,1,-0.5510286067469139,0,0.0,0,0.0
2021-03-08,-0.8631142298910821,0,-2.669779218241428,0,0.0,0,0.0
2021-03-09,0.8064442155799721,2,2.505202468776067,0,0.0,0,0.0
2021-03-10,-0.4958727264034465,2,-1.531473422228948,0,0.0,0,0.0
2021-03-11,0.2819947470192779,1,0.8796131382977869,0,0.0,0,0.0
2021-03-12,-0.2283978342131905,1,-0.7024053098928045,0,0.0,0,0.0
2021-03-15,-0.0735789132769061,1,-0.2225268828617387,0,0.0,0,0.0
2021-03-16,0.6456136459896861,2,2.006690269577496,0,0.0,0,0.0
2021-03-17,-0.6300806905401507,2,-1.947465901284325,0,0.0,0,0.0
2021-03-18,-0.2322612137557946,1,-0.7143802835376076,0,0.0,0,0.0
2021-03-19,0.172563652124102,1,0.5404193151591006,0,0.0,0,0.0
2021-03-22,0.6330718047158858,2,1.967815440673208,0,0.0,0,0.0
2021-03-23,0.8629966624137472,2,2.6804930538494425,0,0.0,0,0.0
2021-03-24,-0.5161368508415752,2,-1.594284324809344,0,0.0,0,0.0
2021-03-25,-0.5794358272909317,2,-1.790486527146711,0,0.0,0,0.0
2021-03-26,-0.0029595729984275,1,-0.0036344004321861,0,0.0,0,0.0
2021-03-29,0.4573787809859198,1,1.4232354154541582,-1,0.4118726088791687,0,0.0
2021-03-30,-0.6523949340702517,2,-2.016631375509661,0,0.0,0,0.0
2021-03-31,0.3790315410055733,1,1.1803894502670789,-1,0.1591743972163956,0,0.0
2021-04-01,0.1314158933588118,1,0.4128772703449035,0,0.0,0,0.0
2021-04-05,0.1110931045944143,1,0.3498845311747518,0,0.0,0,0.0
2021-04-06,-0.1206180811314279,1,-0.368330003968416,0,0.0,0,0.0
2021-04-07,0.2497424790888826,1,0.779643654535578,0,0.0,0,0.0
2021-04-08,0.2138413321643913,1,0.6683640653836401,0,0.0,0,0.0
2021-04-09,-0.117906301593745,1,-0.3599245423418372,0,0.0,0,0.0
2021-04-12,-0.0548256249022409,1,-0.1643989843305379,0,0.0,0,0.0
2021-04-13,0.5222712795034796,2,1.6243769162887896,0,0.0,0,0.0
2021-04-14,-0.3457021598118572,1,-1.066003085357181,1,-0.053889057105775,0,1.0
2021-04-15,0.4516830970182199,1,1.4055810108971678,-1,-0.0165230786723373,-1,0.0
2021-04-16,-0.1359085068064965,1,-0.4157243752585189,0,0.0,0,0.0
2021-04-19,0.024309759735363,1,0.0808899226889117,0,0.0,0,0.0
2021-04-20,0.5950218230943183,2,1.8498752999029888,0,0.0,0,0.0
2021-04-21,-0.3695958375020408,1,-1.1400641910451057,1,-0.064935659873185,0,1.0
2021-04-22,0.010671111782916,1,0.0386154197620743,0,0.0,0,0.0
2021-04-23,-0.1516755730751141,1,-0.4645961469652387,0,0.0,0,0.0
2021-04-26,-0.0619843367121456,1,-0.1865882060492426,0,0.0,0,0.0
2021-04-27,-0.3237863499361514,1,-0.9980726004612566,0,0.0,0,0.0
2021-04-28,-0.1207162547510341,1,-0.3686343039975577,0,0.0,0,0.0
2021-04-29,-0.2092961560779286,1,-0.6431975386348221,0,0.0,0,0.0
2021-04-30,0.2457068491676031,1,0.7671347717259626,0,0.0,0,0.0
2021-05-03,-0.2755314548385879,1,-0.8485011978450483,0,0.0,0,0.0
2021-05-04,-0.4746062028869973,2,-1.4655554724604387,0,0.0,0,0.0
2021-05-05,-0.2586707709364489,1,-0.7962396369150615,0,0.0,0,0.0
2021-05-06,-0.1000745805113574,1,-0.3046531439073103,0,0.0,0,0.0
2021-05-07,-0.2750834571610449,1,-0.847112579325343,0,0.0,0,0.0
2021-05-10,-0.1821766346640068,1,-0.55913757232551,0,0.0,0,0.0
2021-05-11,0.3210358422331412,1,1.000625345639738,-1,0.0506755801723759,0,-1.0
2021-05-12,0.4485942456155538,1,1.396006773178161,-1,0.0685578793400056,0,0.0
2021-05-13,-0.3220927670489578,1,-0.9928231523509208,0,0.0,0,0.0
2021-05-14,-0.1430433066698057,1,-0.4378394792450358,0,0.0,0,0.0
2021-05-17,-0.1650549286587779,1,-0.506066944419125,0,0.0,0,0.0
2021-05-18,0.4457081856421666,1,1.3870611099997154,-1,0.0951451140459854,0,0.0
2021-05-19,0.3279871581906877,1,1.022171720897554,-1,-0.0154690626818313,-1,-1.0
2021-05-20,0.495070203403298,2,1.540064162178589,0,0.0,0,0.0
2021-05-21,-0.1339770263707471,1,-0.4097375372948947,0,0.0,0,0.0
2021-05-24,0.0059974620833326,1,0.0241289238430561,0,0.0,0,0.0
2021-05-25,0.0251805872617179,1,0.0835891492500792,0,0.0,0,0.0
2021-05-26,-0.2941057447276414,1,-0.9060742707050918,0,0.0,0,0.0
2021-05-27,-0.4114501390459527,1,-1.2697962436127777,1,0.0371871170429074,1,1.0
2021-05-28,0.1482322409887224,1,0.4650014060787404,0,0.0,0,0.0
2021-06-01,-0.6177668636339412,2,-1.9092978282171025,0,0.0,0,0.0
2021-06-02,0.340517172409768,1,1.0610098905331875,-1,-0.2928576435347335,-1,-1.0
2021-06-03,0.0982477848423791,1,0.3100690370475539,0,0.0,0,0.0
2021-06-04,0.2366481484864278,1,0.7390563236426259,0,0.0,0,0.0
2021-06-07,0.2365000938921567,1,0.7385974119967891,0,0.0,0,0.0
2021-06-08,-0.2053940441266284,1,-0.6311025095907965,0,0.0,0,0.0
2021-06-09,0.4498399012344024,1,1.3998678210099145,-1,0.0796235960869635,0,0.0
2021-06-10,0.7965653609549213,2,2.4745818625241416,0,0.0,0,0.0
2021-06-11,-0.2201016378989995,1,-0.6766903287166125,0,0.0,0,0.0
2021-06-14,0.5103033376586973,2,1.5872809523553049,0,0.0,0,0.0
2021-06-15,-0.2766490734094435,1,-0.8519653806371739,0,0.0,0,0.0
2021-06-16,0.1217821779451242,1,0.3830165002838077,0,0.0,0,0.0
2021-06-17,0.9853532358472958,0,3.059750832169491,0,0.0,0,0.0
2021-06-18,0.109353182837232,1,0.3444914505942626,0,0.0,0,0.0
2021-06-21,-0.3921849069690998,1,-1.2100815187618443,1,0.1300674801032031,1,1.0
2021-06-22,0.0303085576911716,1,0.0994838626912149,0,0.0,0,0.0
2021-06-23,-0.1756168567408001,1,-0.5388048126574779,0,0.0,0,0.0
2021-06-24,-0.0259209843259737,1,-0.0748058430674886,0,0.0,0,0.0
2021-06-25,0.0841882296980464,1,0.2664898855677708,0,0.0,0,0.0
2021-06-28,0.3446140126189482,1,1.0737085014231842,-1,0.1300799582671056,0,-1.0
2021-06-29,0.0197701277872899,1,0.0668188296638037,0,0.0,0,0.0
2021-06-30,-0.358345992058283,1,-1.1051940465999384,1,-0.1247097024759285,0,1.0
2021-07-01,-0.059087382520034,1,-0.1776087750308354,0,0.0,0,0.0
2021-07-02,0.2628004872280463,1,0.8201183999225425,0,0.0,0,0.0
2021-07-06,0.5866183862271294,2,1.823827914731372,0,0.0,0,0.0
2021-07-07,0.0010364302376658,1,0.0087516550689803,0,0.0,0,0.0
2021-07-08,0.2536137635371107,1,0.791643130312638,0,0.0,0,0.0
2021-07-09,-0.473777878885757,2,-1.4629879902923462,0,0.0,0,0.0
2021-07-12,-0.0894798436330941,1,-0.2718135811639336,0,0.0,0,0.0
2021-07-13,0.3535048828620072,1,1.10126674043799,-1,0.0,0,-1.0
2021-07-14,0.1467992147597686,1,0.4605595822468356,0,0.0,0,0.0
2021-07-15,0.0943755177419427,1,0.2980665154309209,0,0.0,0,0.0
2021-07-16,0.5467499379697944,2,1.7002512348126877,0,0.0,0,0.0
2021-07-19,0.4073893830188357,1,1.2682877287011491,-1,-0.1331029548206245,-1,0.0
2021-07-20,-0.6227454734993771,2,-1.924729582014237,0,0.0,0,0.0
2021-07-21,-0.4554451264780838,1,-1.4061635896613351,1,-0.1479790778341171,0,1.0
2021-07-22,0.4826447043332408,2,1.501549948846299,0,0.0,0,0.0
2021-07-23,0.1517903195292423,1,0.476030065385702,0,0.0,0,0.0
2021-07-26,-0.2244685665398094,1,-0.690226108674485,0,0.0,0,0.0
2021-07-27,0.0813070867370113,1,0.2575594632147941,0,0.0,0,0.0
2021-07-28,0.0136088372427322,1,0.0477212258494705,0,0.0,0,0.0
2021-07-29,-0.4301149853023134,1,-1.32765000598311,1,-0.0325418879544093,0,1.0
2021-07-30,0.0528831833017848,1,0.1694564200719409,0,0.0,0,0.0
2021-08-02,0.156102142697618,1,0.4893950398162357,0,0.0,0,0.0
2021-08-03,-0.3217229117654413,1,-0.991676744853635,0,0.0,0,0.0
2021-08-04,0.4053634145745909,1,1.262008014669045,-1,-0.3070203298517285,-1,0.0
2021-08-05,-0.1486531305439122,1,-0.4552277509132996,0,0.0,0,0.0
2021-08-06,-0.1696836598613908,1,-0.5204142104717908,0,0.0,0,0.0
2021-08-09,0.166886113634631,1,0.5228211545256406,0,0.0,0,0.0
2021-08-10,-0.6417317735092615,2,-1.9835797259681072,0,0.0,0,0.0
2021-08-11,-0.4381378701351903,1,-1.3525178278912398,1,-0.1317370834152464,0,1.0
2021-08-12,0.2798669827961564,1,0.8730178969519004,0,0.0,0,0.0
2021-08-13,0.3442055218217622,1,1.0724423388635642,-1,-0.1212084361699772,-1,-1.0
2021-08-16,0.2002918849918872,1,0.6263660501736148,0,0.0,0,0.0
2021-08-17,0.67415585686129,2,2.095160019748996,0,0.0,0,0.0
2021-08-18,-0.2609624143189171,1,-0.8033428399024246,0,0.0,0,0.0
2021-08-19,0.6543600642855705,2,2.0338007637509574,0,0.0,0,0.0
2021-08-20,-0.0089274909391358,1,-0.0221326244006647,0,0.0,0,0.0
2021-08-23,-0.2359097836583283,1,-0.7256894308637365,0,0.0,0,0.0
2021-08-24,-0.4479394292227023,1,-1.3828988480464124,1,-0.0278864734542371,0,1.0
2021-08-25,-0.3098763135318841,1,-0.9549568989096884,0,0.0,0,0.0
2021-08-26,0.244073273928685,1,0.7620713239810221,0,0.0,0,0.0
2021-08-27,-0.1482618003712573,1,-0.454014779613876,0,0.0,0,0.0
2021-08-30,0.3626170620453064,1,1.12951095107363,-1,0.2308585853995147,0,0.0
2021-08-31,0.184213312798089,1,0.5765287312813021,0,0.0,0,0.0
2021-09-01,0.316460987672028,1,0.9864450762165554,0,0.0,0,0.0
2021-09-02,-0.1896611228133275,1,-0.5823365739624407,0,0.0,0,0.0
2021-09-03,0.2955560367706784,1,0.9216478608953744,0,0.0,0,0.0
2021-09-07,0.0935174584439715,1,0.2954068654106288,0,0.0,0,0.0
2021-09-08,0.3498743825641587,1,1.0900136018569224,-1,-0.0953988737453206,-1,-1.0
2021-09-09,-0.3600247139177793,1,-1.1103974313056704,1,0.2802822167736782,1,1.0
2021-09-10,-0.1737309395170239,1,-0.5329592029259067,0,0.0,0,0.0
2021-09-13,-0.3210124127353765,1,-0.9894744742597524,0,0.0,0,0.0
2021-09-14,0.2988420425896313,1,0.9318332006075858,0,0.0,0,0.0
2021-09-15,-0.2334808355131368,1,-0.7181606365264201,0,0.0,0,0.0
2021-09-16,0.1062032033291646,1,0.3347277395286521,0,0.0,0,0.0
2021-09-17,0.0758701002263206,1,0.2407069201356885,0,0.0,0,0.0
2021-09-20,0.0837230161099676,1,0.2650479044227621,0,0.0,0,0.0
2021-09-21,0.1295744918775314,1,0.407169642097493,0,0.0,0,0.0
2021-09-22,-0.3090303791091783,1,-0.952334831285883,0,0.0,0,0.0
2021-09-23,-0.3030070755158518,1,-0.9336649333404914,0,0.0,0,0.0
2021-09-24,0.0111098629018619,1,0.0399753775472377,0,0.0,0,0.0
2021-09-27,-0.7893655706715799,0,-2.441187064466697,0,0.0,0,0.0
2021-09-28,-0.3375721228153089,1,-1.040803133426153,1,0.0963052352589675,1,1.0
2021-09-29,0.2843194646927041,1,0.8868188587205134,0,0.0,0,0.0
2021-09-30,0.4665630187761824,1,1.451702979739045,-1,-0.0696273671492051,-1,0.0
2021-10-01,-0.2628946653146691,1,-0.8093320663022927,0,0.0,0,0.0
2021-10-04,-0.4671385509905914,2,-1.4424086566578818,0,0.0,0,0.0
2021-10-05,0.0016305300203599,1,0.0105931332778104,0,0.0,0,0.0
2021-10-06,0.2454487409578281,1,0.7663347366852739,0,0.0,0,0.0
2021-10-07,-0.0929840195324809,1,-0.2826751632526626,0,0.0,0,0.0
2021-10-08,-0.0884470596068617,1,-0.2686123524576878,0,0.0,0,0.0
2021-10-11,-0.1247495734785947,1,-0.3811360230057483,0,0.0,0,0.0
2021-10-12,-0.0203411815882587,1,-0.0575106252431743,0,0.0,0,0.0
2021-10-13,0.1779158373863412,1,0.5570090073575058,0,0.0,0,0.0
2021-10-14,-0.1743275101070673,1,-0.5348083396763227,0,0.0,0,0.0
2021-10-15,-0.0525860565579073,1,-0.1574571937030884,0,0.0,0,0.0
2021-10-18,-0.1546948016144083,1,-0.4739545808925756,0,0.0,0,0.0
2021-10-19,0.4106273552896085,1,1.2783241831000796,-1,0.024135739981175,0,0.0
2021-10-20,-0.0343949128584346,1,-0.101071724978683,0,0.0,0,0.0
2021-10-21,0.0803221199725238,1,0.25450644941802,0,0.0,0,0.0
2021-10-22,0.2001423348515532,1,0.6259025029167824,0,0.0,0,0.0
2021-10-25,-0.1152474397409284,1,-0.3516831049522325,0,0.0,0,0.0
2021-10-26,0.329561277675266,1,1.0270508789336013,-1,-0.0656058259989688,-1,-1.0
2021-10-27,-0.0470312075166298,1,-0.1402393226302087,0,0.0,0,0.0
2021-10-28,-0.2268678423686127,1,-0.6976629303741634,0,0.0,0,0.0
2021-10-29,0.2216093414685744,1,0.692441872304851,0,0.0,0,0.0
2021-11-01,-0.4132325395236984,1,-1.2753209917018824,1,-0.1555465784024552,0,1.0
2021-11-02,0.0165940448909587,1,0.0569742082493517,0,0.0,0,0.0
2021-11-03,0.0256029140979868,1,0.0848981981483412,0,0.0,0,0.0
2021-11-04,-0.1733452431638524,1,-0.5317636942752055,0,0.0,0,0.0
2021-11-05,-0.6644156417222304,2,-2.053890892918428,0,0.0,0,0.0
2021-11-08,0.0721058304935857,1,0.2290391483456442,0,0.0,0,0.0
2021-11-09,-0.1788720247229661,1,-0.5488945670722281,0,0.0,0,0.0
2021-11-10,0.1475225861053565,1,0.4628017520112337,0,0.0,0,0.0
2021-11-11,-0.1264712140264868,1,-0.3864724389492193,0,0.0,0,0.0
2021-11-12,0.0502424236330543,1,0.1612710924108666,0,0.0,0,0.0
2021-11-15,0.005490412766323,1,0.022557268213355,0,0.0,0,0.0
2021-11-16,0.0186309678953429,1,0.0632878771563294,0,0.0,0,0.0
2021-11-17,-0.0699219663438275,1,-0.2111917699997645,0,0.0,0,0.0
2021-11-18,-0.0224858327848088,1,-0.0641582096372958,0,0.0,0,0.0
2021-11-19,0.1655524356418864,1,0.5186872715773954,0,0.0,0,0.0
2021-11-22,-0.5299346871021848,2,-1.6370522495638289,0,0.0,0,0.0
2021-11-23,-0.0618243643530568,1,-0.1860923539687361,0,0.0,0,0.0
2021-11-24,0.2059124759644677,1,0.6437876956585161,0,0.0,0,0.0
2021-11-26,0.5541084678783537,2,1.723059814903707,0,0.0,0,0.0
2021-11-29,0.2715756362384349,1,0.8473179481341048,0,0.0,0,0.0
2021-11-30,0.0901235835817322,1,0.2848871736275943,0,0.0,0,0.0
2021-12-01,-0.1055277863303197,1,-0.3215559605324004,0,0.0,0,0.0
2021-12-02,-0.377496829618376,1,-1.1645541929508298,1,0.0045700182204313,1,1.0
2021-12-03,-0.1377601335087823,1,-0.4214636977132163,0,0.0,0,0.0
2021-12-06,-0.3050991425053841,1,-0.9401495271492388,0,0.0,0,0.0
2021-12-07,0.1247868575002622,1,0.3923298380201263,0,0.0,0,0.0
2021-12-08,0.0494455503274254,1,0.1588010951641757,0,0.0,0,0.0
2021-12-09,-0.057117682649728,1,-0.171503471688263,0,0.0,0,0.0
2021-12-10,0.0282005076811371,1,0.0929497277366474,0,0.0,0,0.0
2021-12-13,0.6979835847883187,2,2.1690167068270085,0,0.0,0,0.0
2021-12-14,-0.1332472477287002,1,-0.407475507404049,0,0.0,0,0.0
2021-12-15,0.371365767910758,1,1.156628535822836,-1,0.0,0,0.0
2021-12-16,0.0412521598898376,1,0.133404772211769,0,0.0,0,0.0
2021-12-17,0.3049343233658047,1,0.9507169009862037,0,0.0,0,0.0
2021-12-20,0.3578448600581494,1,1.1147189814020808,-1,0.0477232318776504,0,-1.0
2021-12-21,-0.4526403498446371,1,-1.3974698732157478,1,0.0621039083698492,1,1.0
2021-12-22,0.165319749928431,1,0.5179660363854025,0,0.0,0,0.0
2021-12-23,-0.16899029115695,1,-0.5182650372232798,0,0.0,0,0.0
2021-12-27,0.0032042351750368,1,0.0154710070523463,0,0.0,0,0.0
2021-12-28,-0.1509008234804962,1,-0.4621947246160853,0,0.0,0,0.0
2021-12-29,-0.0271462048537942,1,-0.0786035500667425,0,0.0,0,0.0
2021-12-30,0.1202874122136242,1,0.3783833080119965,0,0.0,0,0.0
2021-12-31,-0.2985831871315197,1,-0.9199526003362588,0,0.0,0,0.0
2022-01-03,0.0398478299995569,1,0.1290518958662612,0,0.0,0,0.0
2022-01-04,-1.0152997791235754,0,-3.1414952174286546,0,0.0,0,0.0
2022-01-05,-0.320326182577515,1,-0.98734742772859,0,0.0,0,0.0
2022-01-06,-0.1142646470041608,1,-0.348636829795647,0,0.0,0,0.0
2022-01-07,0.1136187501375518,1,0.3577130498283448,0,0.0,0,0.0
2022-01-10,0.2261060240409493,1,0.7063798389735204,0,0.0,0,0.0
2022-01-11,-0.025736033741542,1,-0.0742325682054833,0,0.0,0,0.0
2022-01-12,-0.0740168281183156,1,-0.223884248511869,0,0.0,0,0.0
2022-01-13,-0.6550115562024126,2,-2.024741886197388,0,0.0,0,0.0
2022-01-14,0.1286123650908693,1,0.404187423346738,0,0.0,0,0.0
2022-01-18,-0.0682423639054468,1,-0.205985655842055,0,0.0,0,0.0
2022-01-19,0.3968021192630965,1,1.2354713297303923,-1,-1.1092282379363712,-1,0.0
2022-01-20,0.2528079866946214,1,0.7891455355653464,0,0.0,0,0.0
2022-01-21,-0.2369580825666266,1,-0.7289387496687656,0,0.0,0,0.0
2022-01-24,-0.3083086270041908,1,-0.950097680537427,0,0.0,0,0.0
2022-01-25,-0.3798823635608802,1,-1.1719484201488688,1,-0.0224087288123476,0,1.0
2022-01-26,-0.1774959457207733,1,-0.5446292574895928,0,0.0,0,0.0
2022-01-27,0.353903142540603,1,1.1025011905101043,-1,0.0127204566075799,0,-1.0
2022-01-28,0.7852198251759978,2,2.439415115265548,0,0.0,0,0.0
2022-01-31,0.1906308494546722,1,0.5964205983576965,0,0.0,0,0.0
2022-02-01,-0.1696054948590087,1,-0.5201719293722641,0,0.0,0,0.0
2022-02-02,0.1645518614468855,1,0.5155858808176541,0,0.0,0,0.0
2022-02-03,-0.0539191568725549,1,-0.1615892860739621,0,0.0,0,0.0
2022-02-04,0.6100863014783018,2,1.8965693224890563,0,0.0,0,0.0
2022-02-07,-0.1962031619324145,1,-0.6026143502384758,0,0.0,0,0.0
2022-02-08,-0.3451889281848151,1,-1.0644122669714302,1,-0.1800849906588798,0,1.0
2022-02-09,-0.0354932860131455,1,-0.1044762544676381,0,0.0,0,0.0
2022-02-10,-0.1752009249917177,1,-0.5375155860416685,0,0.0,0,0.0
2022-02-11,-0.1252413164058059,1,-0.3826602347815873,0,0.0,0,0.0
2022-02-14,-0.0840762934379007,1,-0.2550646776554278,0,0.0,0,0.0
2022-02-15,-0.3053326916522659,1,-0.9408734386489592,0,0.0,0,0.0
2022-02-16,-0.3873320801173656,1,-1.195039643374903,1,-0.2120497932546129,0,1.0
2022-02-17,-0.0827758129775519,1,-0.2510336941430596,0,0.0,0,0.0
2022-02-18,-0.1792683234136671,1,-0.5501229388447347,0,0.0,0,0.0
2022-02-22,0.3513759403715525,1,1.0946678469217417,-1,-0.0721853296814593,-1,-1.0
2022-02-23,0.0651387339356441,1,0.2074438593655942,0,0.0,0,0.0
2022-02-24,0.3092874221040431,1,0.964209813626232,0,0.0,0,0.0
2022-02-25,-0.0762629910229024,1,-0.2308464797106786,0,0.0,0,0.0
2022-02-28,-0.2704759769872734,1,-0.8328311831949811,0,0.0,0,0.0
2022-03-01,0.4251608807393524,1,1.3233724581420516,-1,-0.203396471291216,-1,0.0
2022-03-02,-0.4324189289189531,1,-1.334791334911351,1,-0.1409525094687519,0,1.0
2022-03-03,0.0106618581571989,1,0.0385867371222096,0,0.0,0,0.0
2022-03-04,0.3795134529726298,1,1.1818831898908917,-1,-0.0885395251967584,-1,0.0
2022-03-07,0.3665335022181699,1,1.141650392030517,-1,-0.042913851346801,-1,0.0
2022-03-08,-0.9693372475601038,0,-2.9990292499896887,0,0.0,0,0.0
2022-03-09,0.1855668085189845,1,0.5807240414772952,0,0.0,0,0.0
2022-03-10,-0.2944740127934074,1,-0.9072157584448126,0,0.0,0,0.0
2022-03-11,-0.1999676850767013,1,-0.6142829075057487,0,0.0,0,0.0
2022-03-14,0.1402009755360845,1,0.440107607509592,0,0.0,0,0.0
2022-03-15,0.2848581482207983,1,0.888488568098192,0,0.0,0,0.0
2022-03-16,0.0970078106192944,1,0.3062255993324839,0,0.0,0,0.0
2022-03-17,0.1875578756831523,1,0.5868955751185047,0,0.0,0,0.0
2022-03-18,0.1792451458041742,1,0.5611293463233833,0,0.0,0,0.0
2022-03-21,-0.0927206315376643,1,-0.2818587629322942,0,0.0,0,0.0
2022-03-22,0.2414868560218827,1,0.7540544346418173,0,0.0,0,0.0
2022-03-23,-0.2411528309479588,1,-0.7419408378040603,0,0.0,0,0.0
2022-03-24,0.1298095255238516,1,0.4078981549679705,0,0.0,0,0.0
2022-03-25,-0.0355937225832142,1,-0.1047875687628774,0,0.0,0,0.0
2022-03-28,0.4667119068603135,1,1.4521644748792024,-1,-0.0108202656328047,-1,0.0
2022-03-29,-0.0310367865621631,1,-0.090662839843192,0,0.0,0,0.0
2022-03-30,0.1567101496405462,1,0.4912796248116084,0,0.0,0,0.0
2022-03-31,0.2127971568620336,1,0.6651275281528559,0,0.0,0,0.0
2022-04-01,0.3654232583185985,1,1.1382090678504675,-1,-0.1182000117314265,-1,0.0
2022-04-04,0.0835690628140755,1,0.2645707090966213,0,0.0,0,0.0
2022-04-05,0.3569328338588938,1,1.111892054982086,-1,0.0610347452452847,0,-1.0
2022-04-06,0.2719654242602356,1,0.8485261393658098,0,0.0,0,0.0
2022-04-07,0.1227170941174977,1,0.3859143767157793,0,0.0,0,0.0
2022-04-08,-0.0604356823870086,1,-0.1817879801009717,0,0.0,0,0.0
2022-04-11,-0.4564302803988153,1,-1.409217183569658,1,0.0756454585371974,1,1.0
2022-04-12,-0.4214507988768377,1,-1.300794398617959,1,0.0,0,1.0
2022-04-13,-0.1187733592532551,1,-0.3626120837823447,0,0.0,0,0.0
2022-04-14,-0.3242950110902288,1,-0.9996492521588284,0,0.0,0,0.0
2022-04-18,-0.3256913650562601,1,-1.0039774062419684,1,0.481957884249556,1,1.0
2022-04-19,-0.0961550151065686,1,-0.2925040159472369,0,0.0,0,0.0
2022-04-20,-0.3149434244137067,1,-0.9706629714288332,0,0.0,0,0.0
2022-04-21,-0.229342542624349,1,-0.7053335384556191,0,0.0,0,0.0
2022-04-22,-0.0516584342646417,1,-0.1545819254588765,0,0.0,0,0.0
2022-04-25,0.1558823203305704,1,0.4887136759939903,0,0.0,0,0.0
2022-04-26,-0.3891755864733455,1,-1.2007537959150405,1,-0.0698364391750145,0,1.0
2022-04-27,-0.3126699664086214,1,-0.963616136036856,0,0.0,0,0.0
2022-04-28,0.3723356121572013,1,1.159634675696656,-1,0.0255486910675295,0,0.0
2022-04-29,-0.5967507468768971,2,-1.844156041989164,0,0.0,0,0.0
2022-05-02,-0.2996124355391206,1,-0.923142870000178,0,0.0,0,0.0
2022-05-03,-0.0598478831774797,1,-0.1799660312178963,0,0.0,0,0.0
2022-05-04,-0.2699329295393704,1,-0.8311479473635534,0,0.0,0,0.0
2022-05-05,-0.0923163237072608,1,-0.2806055659424366,0,0.0,0,0.0
2022-05-06,-0.1494721579470164,1,-0.4577664172437459,0,0.0,0,0.0
2022-05-09,-0.4063860879797754,1,-1.2540996553317996,1,0.1173375785311702,1,1.0
2022-05-10,0.3050898958304022,1,0.95119911510544,0,0.0,0,0.0
2022-05-11,0.0305407902090693,1,0.1002036931532812,0,0.0,0,0.0
2022-05-12,-0.0690557457021425,1,-0.2085068229888967,0,0.0,0,0.0
2022-05-13,0.2842288292611428,1,0.8865379241417946,0,0.0,0,0.0
2022-05-16,-0.0525760920980579,1,-0.1574263077539431,0,0.0,0,0.0
2022-05-17,-0.270059515063033,1,-0.8315403132424315,0,0.0,0,0.0
2022-05-18,0.1998337846599533,1,0.6249461173554465,0,0.0,0,0.0
2022-05-19,0.1229187306629188,1,0.3865393715656559,0,0.0,0,0.0
2022-05-20,0.7178707229824639,2,2.230659098706768,0,0.0,0,0.0
2022-05-23,0.1532479809852562,1,0.4805482488378633,0,0.0,0,0.0
2022-05-24,0.1481908862542689,1,0.4648732224898108,0,0.0,0,0.0
2022-05-25,-0.3175806104879474,1,-0.978837222337194,0,0.0,0,0.0
2022-05-26,-0.4405207850258821,1,-1.3599039370475274,1,-0.0033294304998116,0,1.0
2022-05-27,0.1171047354721088,1,0.3685182482426203,0,0.0,0,0.0
2022-05-31,-0.105558681099283,1,-0.3216517222974605,0,0.0,0,0.0
2022-06-01,-0.201903960703662,1,-0.6202846086966959,0,0.0,0,0.0
2022-06-02,0.1379947308943112,1,0.4332691073964462,0,0.0,0,0.0
2022-06-03,-0.3710436052295103,1,-1.1445517077876508,1,0.2422119651229912,1,1.0
2022-06-06,-0.2197284165925876,1,-0.6755334878578061,0,0.0,0,0.0
2022-06-07,0.0183573012110323,1,0.0624396168971598,0,0.0,0,0.0
2022-06-08,0.1398663512364037,1,0.4390704023565909,0,0.0,0,0.0
2022-06-09,-0.3083655740180638,1,-0.9502741941268272,0,0.0,0,0.0
2022-06-10,0.2473001941876846,1,0.772073521442925,0,0.0,0,0.0
2022-06-13,-0.0534794091026311,1,-0.1602262390584857,0,0.0,0,0.0
2022-06-14,-0.2161859433469388,1,-0.6645531988941517,0,0.0,0,0.0
2022-06-15,0.3969836920609697,1,1.2360341347680974,-1,0.0877932088437649,0,0.0
2022-06-16,0.7451710774940916,2,2.315279577271025,0,0.0,0,0.0
2022-06-17,0.3169745515700241,1,0.9880369245130032,0,0.0,0,0.0
2022-06-21,0.278889673921653,1,0.8699886196349937,0,0.0,0,0.0
2022-06-22,0.5127528838685232,2,1.5948735926799005,0,0.0,0,0.0
2022-06-23,0.9854981165603792,0,3.0601999060183536,0,0.0,0,0.0
2022-06-24,-0.1866762527001453,1,-0.5730846377898883,0,0.0,0,0.0
2022-06-27,-0.2382749003436514,1,-0.7330203725072638,0,0.0,0,0.0
2022-06-28,-0.4410808181389569,1,-1.3616398218332009,1,0.0112638935832773,1,1.0
2022-06-29,0.5158522666860024,2,1.604480473687882,0,0.0,0,0.0
2022-06-30,-0.023979174821111,1,-0.0687869890078416,0,0.0,0,0.0
2022-07-01,0.1807313506818533,1,0.565736003278705,0,0.0,0,0.0
2022-07-05,0.2571224374159642,1,0.8025186543879035,0,0.0,0,0.0
2022-07-06,0.2747341721650063,1,0.8571081807684476,0,0.0,0,0.0
2022-07-07,-0.394766288673652,1,-1.2180827978332642,1,-0.1145352604304024,0,1.0
2022-07-08,0.1011927281907249,1,0.3191972157814788,0,0.0,0,0.0
2022-07-11,-0.0290773813939978,1,-0.0845894460723966,0,0.0,0,0.0
2022-07-12,-0.6141798931218891,2,-1.8981796150379864,0,0.0,0,0.0
2022-07-13,-0.0092028070275511,1,-0.0229859971709056,0,0.0,0,0.0
2022-07-14,0.0748575245868287,1,0.2375683295668434,0,0.0,0,0.0
2022-07-15,0.1774463182594883,1,0.5555536807172439,0,0.0,0,0.0
2022-07-18,-0.5163514271721601,2,-1.5949494279593754,0,0.0,0,0.0
2022-07-19,-0.2248613747442793,1,-0.6914436612975489,0,0.0,0,0.0
2022-07-20,-0.124911085242856,1,-0.3816366466434278,0,0.0,0,0.0
2022-07-21,0.2891287692448923,1,0.9017258319099674,0,0.0,0,0.0
2022-07-22,-0.1714548547035728,1,-0.5259042254498802,0,0.0,0,0.0
2022-07-25,-0.1642259437356698,1,-0.5034974136503548,0,0.0,0,0.0
2022-07-26,-0.0421613283139452,1,-0.1251445915890504,0,0.0,0,0.0
2022-07-27,0.0663026722088122,1,0.2110516152155334,0,0.0,0,0.0
2022-07-28,-0.097929284606107,1,-0.2980035611670237,0,0.0,0,0.0
2022-07-29,-0.3879779157710809,1,-1.1970414826575384,1,0.0716042886285706,1,1.0
2022-08-01,-0.0357559903879484,1,-0.1052905358319068,0,0.0,0,0.0
2022-08-02,0.216402807054535,1,0.6763036410745702,0,0.0,0,0.0
2022-08-03,0.3358861814622167,1,1.046655620150302,-1,-0.0654039028455866,-1,-1.0
2022-08-04,-0.0366741194867969,1,-0.1081363788664813,0,0.0,0,0.0
2022-08-05,-0.0686238825269786,1,-0.2071682151499001,0,0.0,0,0.0
2022-08-08,-0.1552282432402168,1,-0.4756080424123804,0,0.0,0,0.0
2022-08-09,0.2117201353363473,1,0.6617891804076368,0,0.0,0,0.0
2022-08-10,-0.1480493020895068,1,-0.4533561176068259,0,0.0,0,0.0
2022-08-11,-0.567042238235542,2,-1.752071222446212,0,0.0,0,0.0
2022-08-12,0.0451774597820766,1,0.1455716748521001,0,0.0,0,0.0
2022-08-15,0.3176191223128183,1,0.9900348430638606,0,0.0,0,0.0
2022-08-16,-0.1711115958863076,1,-0.5248402566513792,0,0.0,0,0.0
2022-08-17,0.0247848541402277,1,0.0823625305221077,0,0.0,0,0.0
2022-08-18,-0.2648422418774259,1,-0.8153687959979022,0,0.0,0,0.0
2022-08-19,0.125297513629793,1,0.3939126733655158,0,0.0,0,0.0
2022-08-22,-0.0013911641878037,1,0.0012270567361762,0,0.0,0,0.0
2022-08-23,-0.4995372572742091,2,-1.5428320423474289,0,0.0,0,0.0
2022-08-24,-0.0853273539660355,1,-0.2589424786033433,0,0.0,0,0.0
2022-08-25,-0.1379238464233777,1,-0.4219711440606368,0,0.0,0,0.0
2022-08-26,0.0589934217031444,1,0.1883957821027357,0,0.0,0,0.0
2022-08-29,-0.1958870020060935,1,-0.601634377459854,0,0.0,0,0.0
2022-08-30,0.1976135920932255,1,0.6180643841009827,0,0.0,0,0.0
2022-08-31,0.1601727670198895,1,0.502012391655356,0,0.0,0,0.0
2022-09-01,0.2618384982482136,1,0.8171366083193489,0,0.0,0,0.0
2022-09-02,-0.3990433060599873,1,-1.2313398878796662,1,0.0557814354283614,1,1.0
2022-09-06,0.0752278359912121,1,0.2387161508613757,0,0.0,0,0.0
2022-09-07,0.0910700561071067,1,0.2878208702582003,0,0.0,0,0.0
2022-09-08,0.1440532158991445,1,0.4520480540311872,0,0.0,0,0.0
2022-09-09,-0.0222302275303117,1,-0.0633659327842655,0,0.0,0,0.0
2022-09-12,-0.0334913252283187,1,-0.0982709548402372,0,0.0,0,0.0
2022-09-13,-0.1769054247130235,1,-0.5427988720908701,0,0.0,0,0.0
2022-09-14,0.1348547636918217,1,0.4235364305831262,0,0.0,0,0.0
2022-09-15,-0.2959107354891547,1,-0.9116690398857732,0,0.0,0,0.0
2022-09-16,0.2525575906608682,1,0.7883694052701239,0,0.0,0,0.0
2022-09-19,-0.5427142562150657,2,-1.6766639422880534,0,0.0,0,0.0
2022-09-20,-0.0668623201282323,1,-0.201708056999235,0,0.0,0,0.0
2022-09-21,-0.0559265295019568,1,-0.1678113603142226,0,0.0,0,0.0
2022-09-22,0.2804379933263979,1,0.8747878074603402,0,0.0,0,0.0
2022-09-23,0.2857034818289581,1,0.8911087734306342,0,0.0,0,0.0
2022-09-26,0.0515243268712586,1,0.1652444937615236,0,0.0,0,0.0
2022-09-27,-0.2618952954445835,1,-0.8062344084812808,0,0.0,0,0.0
2022-09-28,-0.1644006553432717,1,-0.5040389516673688,0,0.0,0,0.0
2022-09-29,0.0224902405966971,1,0.0752501211909069,0,0.0,0,0.0
2022-09-30,-0.1027360320219455,1,-0.3129026082285746,0,0.0,0,0.0
2022-10-03,-0.1543067579437536,1,-0.472751796470833,0,0.0,0,0.0
2022-10-04,-0.2507229978810863,1,-0.7716046322971378,0,0.0,0,0.0
2022-10-05,-0.1101034656233569,1,-0.3357387863037087,0,0.0,0,0.0
2022-10-06,-0.3516340210335413,1,-1.0843895475235192,1,0.2661382143287576,1,1.0
2022-10-07,-0.2553372306880481,1,-0.7859069589634713,0,0.0,0,0.0
2022-10-10,-0.1877303025296982,1,-0.5763517822135753,0,0.0,0,0.0
2022-10-11,-0.2361216459547669,1,-0.7263461215637319,0,0.0,0,0.0
2022-10-12,-0.0170819859623493,1,-0.0474083866996592,0,0.0,0,0.0
2022-10-13,0.2122341553175338,1,0.6633824423845487,0,0.0,0,0.0
2022-10-14,0.0281226538073968,1,0.0927084110148745,0,0.0,0,0.0
2022-10-17,0.213278631258625,1,0.6666199114784516,0,0.0,0,0.0
2022-10-18,-0.1354819401093926,1,-0.4144021844410651,0,0.0,0,0.0
2022-10-19,-0.0261562868443129,1,-0.0755351893366278,0,0.0,0,0.0
2022-10-20,0.2066246149020412,1,0.6459950493277165,0,0.0,0,0.0
2022-10-21,-0.38313775849937,1,-1.1820388780399318,1,-0.0305201114333738,0,1.0
2022-10-24,0.0321767098389925,1,0.1052744075983192,0,0.0,0,0.0
2022-10-25,-0.0306486121428888,1,-0.0894596501515928,0,0.0,0,0.0
2022-10-26,-0.1220696021030589,1,-0.3728291543077699,0,0.0,0,0.0
2022-10-27,-0.3658462091105915,1,-1.1284418017172515,1,1.763188028824905,1,1.0
2022-10-28,0.1444182743705631,1,0.4531795932770319,0,0.0,0,0.0
2022-10-31,-0.2002352989131277,1,-0.6151124062911644,0,0.0,0,0.0
2022-11-01,-0.3323964858503758,1,-1.0247606722683331,1,-0.2140301715070711,0,1.0
2022-11-02,-0.1378399443678517,1,-0.4217110803282003,0,0.0,0,0.0
2022-11-03,-0.8643126099128591,0,-2.6734937301134774,0,0.0,0,0.0
2022-11-04,-0.4280356383014904,1,-1.3212048391910136,1,0.0505289026693871,1,1.0
2022-11-07,0.0570039131862775,1,0.1822290796618116,0,0.0,0,0.0
2022-11-08,0.0274628436816758,1,0.09066325630539,0,0.0,0,0.0
2022-11-09,0.1043839984829576,1,0.3290889122150036,0,0.0,0,0.0
2022-11-10,0.2571758953112777,1,0.8026843530671107,0,0.0,0,0.0
2022-11-11,-0.102542001644823,1,-0.3123011895414612,0,0.0,0,0.0
2022-11-14,-0.0753661645406277,1,-0.2280666665003093,0,0.0,0,0.0
2022-11-15,0.0394494922133591,1,0.1278172036909662,0,0.0,0,0.0
2022-11-16,0.1519381625173392,1,0.476488321134718,0,0.0,0,0.0
2022-11-17,-0.1760462026174527,1,-0.5401356178503725,0,0.0,0,0.0
2022-11-18,-0.0100400117881421,1,-0.0255810062381801,0,0.0,0,0.0
2022-11-21,0.1097230930924011,1,0.345638028482286,0,0.0,0,0.0
2022-11-22,-0.1582652027071448,1,-0.4850214353176721,0,0.0,0,0.0
2022-11-23,0.2219096863337089,1,0.693372824546192,0,0.0,0,0.0
2022-11-25,-0.0196900069310761,1,-0.0554922371267769,0,0.0,0,0.0
2022-11-28,0.1864757267868094,1,0.5835413345189069,0,0.0,0,0.0
2022-11-29,-0.3121909470178389,1,-0.962131362274218,0,0.0,0,0.0
2022-11-30,0.605563153916373,2,1.8825493246482168,0,0.0,0,0.0
2022-12-01,0.1164945258569172,1,0.3666268358201173,0,0.0,0,0.0
2022-12-02,-0.1775004532260773,1,-0.5446432290025192,0,0.0,0,0.0
2022-12-05,-0.1735262274342781,1,-0.5323246751067732,0,0.0,0,0.0
2022-12-06,-0.1713584269869343,1,-0.5256053370407451,0,0.0,0,0.0
2022-12-07,0.041478685714741,1,0.134106914145579,0,0.0,0,0.0
2022-12-08,0.1404070955997251,1,0.4407464995217647,0,0.0,0,0.0
2022-12-09,0.0101315732777131,1,0.0369430602879631,0,0.0,0,0.0
2022-12-12,-0.0654645746027681,1,-0.1973755896231994,0,0.0,0,0.0
2022-12-13,0.1304814177831864,1,0.4099807595914496,0,0.0,0,0.0
2022-12-14,-0.135736660097032,1,-0.4151917173112244,0,0.0,0,0.0
2022-12-15,-0.2084979996835361,1,-0.6407235643121132,0,0.0,0,0.0
2022-12-16,-0.0596218169003749,1,-0.1792653137034881,0,0.0,0,0.0
2022-12-19,-0.0721106451691074,1,-0.2179758229152591,0,0.0,0,0.0
2022-12-20,-0.0573719212556984,1,-0.172291512462516,0,0.0,0,0.0
2022-12-21,0.0145862970242579,1,0.0507509709194398,0,0.0,0,0.0
2022-12-22,0.090996454131452,1,0.2875927327664136,0,0.0,0,0.0
2022-12-23,-0.1245982372858053,1,-0.3806669396811167,0,0.0,0,0.0
2022-12-27,-0.1967050107944701,1,-0.6041698864809075,0,0.0,0,0.0
2022-12-28,0.1285528221657359,1,0.4040028634422958,0,0.0,0,0.0
2022-12-29,0.2375409113330897,1,0.7418235411634366,0,0.0,0,0.0
2022-12-30,-0.0691047509071,1,-0.2086587200601922,0,0.0,0,0.0
2023-01-03,0.1677307713611196,1,0.5254392648878345,0,0.0,0,0.0
2023-01-04,0.0321523703131469,1,0.1051989645367941,0,0.0,0,0.0
2023-01-05,-0.3011856389574748,1,-0.9280191885872998,0,0.0,0,0.0
2023-01-06,-0.1914709302657316,1,-0.5879462730110872,0,0.0,0,0.0
2023-01-09,-0.0812614250285612,1,-0.2463396806304892,0,0.0,0,0.0
2023-01-10,0.067658150841707,1,0.215253071667329,0,0.0,0,0.0
2023-01-11,-0.0035574516247176,1,-0.0054875915861128,0,0.0,0,0.0
2023-01-12,-0.2011639077522289,1,-0.6179907324436794,0,0.0,0,0.0
2023-01-13,0.0174113586644976,1,0.0595075629947842,0,0.0,0,0.0
2023-01-17,0.2143892323631882,1,0.6700623428550151,0,0.0,0,0.0
2023-01-18,-0.0980104217027412,1,-0.2982550546025237,0,0.0,0,0.0
2023-01-19,0.4847955976639634,2,1.5082168814280317,0,0.0,0,0.0
2023-01-20,0.1053257720282514,1,0.3320080438353632,0,0.0,0,0.0
2023-01-23,0.0134198651191915,1,0.047135485780692,0,0.0,0,0.0
2023-01-24,-0.3797509316153609,1,-1.1715410322475963,1,0.129116126866953,1,1.0
2023-01-25,0.0377820313587405,1,0.1226487237195836,0,0.0,0,0.0
2023-01-26,0.0551541334605262,1,0.1764954821158579,0,0.0,0,0.0
2023-01-27,-0.0698328438518536,1,-0.210915524945201,0,0.0,0,0.0
2023-01-30,-0.0496948235160004,1,-0.148495496024666,0,0.0,0,0.0
2023-01-31,-0.3148742255337375,1,-0.9704484818207728,0,0.0,0,0.0
2023-02-01,0.0598308497496581,1,0.1909914832695076,0,0.0,0,0.0
2023-02-02,0.0847065267689262,1,0.2680964048588525,0,0.0,0,0.0
2023-02-03,-0.2627002058013076,1,-0.8087293174597819,0,0.0,0,0.0
2023-02-06,-0.0971499199658322,1,-0.2955878339716855,0,0.0,0,0.0
2023-02-07,0.2777467869282378,1,0.8664461145628907,0,0.0,0,0.0
2023-02-08,-0.1355151458416991,1,-0.4145051092934753,0,0.0,0,0.0
2023-02-09,-0.3338986114573674,1,-1.0294166772910194,1,-0.2194264344684917,0,1.0
2023-02-10,0.0209175523761325,1,0.0703753995165102,0,0.0,0,0.0
2023-02-13,-0.1140700134439756,1,-0.3480335414756903,0,0.0,0,0.0
2023-02-14,-0.1293728817970568,1,-0.3954664802271644,0,0.0,0,0.0
2023-02-15,-0.1297715029726315,1,-0.3967020507992831,0,0.0,0,0.0
2023-02-16,-0.1518241611849962,1,-0.4650567123019206,0,0.0,0,0.0
2023-02-17,0.0975037202561277,1,0.3077627262872122,0,0.0,0,0.0
2023-02-21,0.3338548488353539,1,1.0403592792388638,-1,0.1313344571812497,0,-1.0
2023-02-22,-0.1394180059702254,1,-0.4266024573958449,0,0.0,0,0.0
2023-02-23,-0.2456965607728106,1,-0.7560246326530206,0,0.0,0,0.0
2023-02-24,-0.4291800582589909,1,-1.3247520958554255,1,-0.1474436954037395,0,1.0
2023-02-27,-0.1606023724983082,1,-0.492265752461244,0,0.0,0,0.0
2023-02-28,-0.0223853848139219,1,-0.0638468600039552,0,0.0,0,0.0
2023-03-01,-0.3391824693471571,1,-1.0457945812156404,1,-0.1398231137238847,0,1.0
2023-03-02,0.079746314933171,1,0.2527216777965015,0,0.0,0,0.0
2023-03-03,0.0835077573044597,1,0.2643806858659666,0,0.0,0,0.0
2023-03-06,0.1290920281041565,1,0.4056741920887575,0,0.0,0,0.0
2023-03-07,-0.1805323739133165,1,-0.5540410036509688,0,0.0,0,0.0
2023-03-08,-0.0355585339487054,1,-0.1046784976850314,0,0.0,0,0.0
2023-03-09,-0.0631751639439862,1,-0.1902793072106864,0,0.0,0,0.0
2023-03-10,0.0221362237968796,1,0.0741528068315792,0,0.0,0,0.0
2023-03-13,0.3469547147457844,1,1.0809637674331871,-1,-0.0643518602851796,-1,-1.0
2023-03-14,0.2118051405412497,1,0.6620526634739915,0,0.0,0,0.0
2023-03-15,0.9625254418164174,0,2.988993551173873,0,0.0,0,0.0
2023-03-16,0.1322531633692121,1,0.4154724816612032,0,0.0,0,0.0
2023-03-17,0.2300274261700149,1,0.7185346600643269,0,0.0,0,0.0
2023-03-20,-0.1877815308011122,1,-0.5765105699260655,0,0.0,0,0.0
2023-03-21,-0.1426095923986458,1,-0.4364951337285676,0,0.0,0,0.0
2023-03-22,-0.1096024146687482,1,-0.3341857232639592,0,0.0,0,0.0
2023-03-23,0.2672623613458548,1,0.8339484739232893,0,0.0,0,0.0
2023-03-24,0.3843461896061793,1,1.196862793416985,-1,0.0687937634884916,0,0.0
2023-03-27,-0.1801708286155488,1,-0.5529203538767421,0,0.0,0,0.0
2023-03-28,-0.3513764741349784,1,-1.0835912523292262,1,0.0486170539997784,1,1.0
2023-03-29,0.0416327479994167,1,0.1345844472945499,0,0.0,0,0.0
2023-03-30,0.0366947266397986,1,0.1192785020756539,0,0.0,0,0.0
2023-03-31,0.0033680616965646,1,0.0159788055370618,0,0.0,0,0.0
2023-04-03,-0.18801042211486,1,-0.5772200439550673,0,0.0,0,0.0
2023-04-04,0.8891799955522364,0,2.7616512007021754,0,0.0,0,0.0
2023-04-05,0.5425146904914664,2,1.6871236152317206,0,0.0,0,0.0
2023-04-06,0.3180355845755866,1,0.9913257140657152,0,0.0,0,0.0
2023-04-10,-0.469507719730003,2,-1.449752158092748,0,0.0,0,0.0
2023-04-11,-0.2295644323206608,1,-0.7060213101943481,0,0.0,0,0.0
2023-04-12,-0.1343059811437837,1,-0.4107571691208658,0,0.0,0,0.0
2023-04-13,0.3953807918787607,1,1.2310657677657022,-1,0.0846286963176867,0,0.0
2023-04-14,-0.2592866107223831,1,-0.7981485006766095,0,0.0,0,0.0
2023-04-17,-0.0052971975929548,1,-0.0108801272892579,0,0.0,0,0.0
2023-04-18,-0.2646986588716414,1,-0.8149237445368305,0,0.0,0,0.0
2023-04-19,0.2020636484121461,1,0.6318578275225534,0,0.0,0,0.0
2023-04-20,-0.2811409084026251,1,-0.8658883216961558,0,0.0,0,0.0
2023-04-21,0.2130392712885377,1,0.6658779886873285,0,0.0,0,0.0
2023-04-24,-0.1760603497223985,1,-0.540179468372178,0,0.0,0,0.0
2023-04-25,-0.1633054011357215,1,-0.5006440897012746,0,0.0,0,0.0
2023-04-26,0.2579022684703012,1,0.8049358272853895,0,0.0,0,0.0
2023-04-27,0.0016933752282698,1,0.0107879289742011,0,0.0,0,0.0
2023-04-28,-0.0080184019420623,1,-0.0193148021647999,0,0.0,0,0.0
2023-05-01,-0.2322210303594901,1,-0.714255730641264,0,0.0,0,0.0
2023-05-02,-0.3547069609916007,1,-1.0939144659541378,1,0.1054348617756616,1,1.0
2023-05-03,0.0374172284199698,1,0.1215179765255397,0,0.0,0,0.0
2023-05-04,0.1960721002445062,1,0.6132863590432505,0,0.0,0,0.0
2023-05-05,-0.1094688660659511,1,-0.3337717745485511,0,0.0,0,0.0
2023-05-08,0.0731954496042535,1,0.2324165437035762,0,0.0,0,0.0
2023-05-09,-0.1454973581407528,1,-0.4454460841264639,0,0.0,0,0.0
2023-05-10,0.4230142963539878,1,1.316718881614657,-1,0.1894347503224305,0,0.0
2023-05-11,0.1054472464841176,1,0.3323845673923871,0,0.0,0,0.0
2023-05-12,-0.0848123508243391,1,-0.257346169211321,0,0.0,0,0.0
2023-05-15,-0.1433426585349608,1,-0.4387673535727389,0,0.0,0,0.0
2023-05-16,0.1665690663969966,1,0.5218384314271302,0,0.0,0,0.0
2023-05-17,-0.2741920380082961,1,-0.8443495267329374,0,0.0,0,0.0
2023-05-18,-0.0154129884447101,1,-0.0422351436707077,0,0.0,0,0.0
2023-05-19,0.1209708851939008,1,0.3805018083652469,0,0.0,0,0.0
2023-05-22,0.2286696417280654,1,0.7143260565014707,0,0.0,0,0.0
2023-05-23,-0.096236774362569,1,-0.292757437834739,0,0.0,0,0.0
2023-05-24,0.0997178507577931,1,0.3146256694982555,0,0.0,0,0.0
2023-05-25,-0.1471311792629837,1,-0.4505102940140201,0,0.0,0,0.0
2023-05-26,0.0674914364154001,1,0.214736321801255,0,0.0,0,0.0
2023-05-30,-0.0394050486436247,1,-0.1166011968627982,0,0.0,0,0.0
2023-05-31,0.692101220678504,2,2.15078366645203,0,0.0,0,0.0
2023-06-01,-0.1175599839426718,1,-0.3588510923484834,0,0.0,0,0.0
2023-06-02,-0.7464015026517713,2,-2.3080151675466394,0,0.0,0,0.0
2023-06-05,0.2612348804305656,1,0.8152656279048809,0,0.0,0,0.0
2023-06-06,-0.5071387300018165,2,-1.566393650667545,0,0.0,0,0.0
2023-06-07,-0.9221179755729928,0,-2.852667876136344,0,0.0,0,0.0
2023-06-08,0.3180827655402767,1,0.99147195670185,0,0.0,0,0.0
2023-06-09,0.0697694781906938,1,0.2217973650976935,0,0.0,0,0.0
2023-06-12,-0.066295348290723,1,-0.1999506648671272,0,0.0,0,0.0
2023-06-13,-0.3653769918125762,1,-1.1269874106289686,1,-0.1019855513800677,0,1.0
2023-06-14,0.2485499373050712,1,0.7759472389300218,0,0.0,0,0.0
2023-06-15,0.1594943519610234,1,0.4999095688908385,0,0.0,0,0.0
2023-06-16,-0.0361568749407513,1,-0.1065331219929309,0,0.0,0,0.0
2023-06-20,-0.0008180000897419,1,0.0030036424670751,0,0.0,0,0.0
2023-06-21,-0.3844375892464445,1,-1.186067847693902,1,-0.0697284249638014,0,1.0
2023-06-22,0.2070606341071575,1,0.647346539242781,0,0.0,0,0.0
2023-06-23,-0.0404831185652204,1,-0.1199427942274883,0,0.0,0,0.0
2023-06-26,-0.3972718983214056,1,-1.225849213005559,1,0.1330406534662164,1,1.0
2023-06-27,-0.3567502058978722,1,-1.100247730297611,1,0.2966400460942698,1,1.0
2023-06-28,0.0069696642722111,1,0.0271423724211352,0,0.0,0,0.0
2023-06-29,-0.168900562708657,1,-0.5179869139398567,0,0.0,0,0.0
2023-06-30,0.0916310848038105,1,0.2895598409658202,0,0.0,0,0.0
2023-07-03,-0.0448741036288607,1,-0.1335531397376718,0,0.0,0,0.0
2023-07-05,0.3831576713292343,1,1.1931788491174848,-1,-0.0429843451959868,-1,0.0
2023-07-06,0.0152005645072958,1,0.0526549611536688,0,0.0,0,0.0
2023-07-07,-0.4343393639637364,1,-1.3407439364598734,1,-5.1901074151440417e-05,0,1.0
2023-07-10,-0.2814110895884752,1,-0.8667257782660315,0,0.0,0,0.0
2023-07-11,-0.1608149353537317,1,-0.4929246146215597,0,0.0,0,0.0
2023-07-12,0.0915744930873909,1,0.2893844286603075,0,0.0,0,0.0
2023-07-13,0.2800777678474897,1,0.8736712486111403,0,0.0,0,0.0
2023-07-14,0.239633257963407,1,0.7483090017498313,0,0.0,0,0.0
2023-07-17,-0.2059941999076869,1,-0.6329627590386431,0,0.0,0,0.0
2023-07-18,-0.06704715075945,1,-0.2022809600529413,0,0.0,0,0.0
2023-07-19,0.2819171558546839,1,0.8793726358721677,0,0.0,0,0.0
2023-07-20,0.1255858853876503,1,0.3948065136320922,0,0.0,0,0.0
2023-07-21,0.2075263203869874,1,0.648789985548331,0,0.0,0,0.0
2023-07-24,-0.0302729483899009,1,-0.0882952386585648,0,0.0,0,0.0
2023-07-25,-0.1015095521515554,1,-0.3091009977572658,0,0.0,0,0.0
2023-07-26,0.0349863356578114,1,0.1139831546321237,0,0.0,0,0.0
2023-07-27,-0.5078167069325529,2,-1.5684951154053015,0,0.0,0,0.0
2023-07-28,0.1179899696043398,1,0.371262129677526,0,0.0,0,0.0
2023-07-31,-0.2411187707369954,1,-0.7418352644002244,0,0.0,0,0.0
2023-08-01,-0.1017539977565007,1,-0.309858684038028,0,0.0,0,0.0
2023-08-02,0.037463881233923,1,0.1216625820998524,0,0.0,0,0.0
2023-08-03,-0.0294026650860384,1,-0.0855976989754094,0,0.0,0,0.0
2023-08-04,-0.1474193405887651,1,-0.4514034820230237,0,0.0,0,0.0
2023-08-07,-0.0225797999006641,1,-0.0644494711412294,0,0.0,0,0.0
2023-08-08,-0.0423015849393395,1,-0.1255793325649455,0,0.0,0,0.0
2023-08-09,0.1907330633628624,1,0.5967374217096897,0,0.0,0,0.0
2023-08-10,0.2982872609665404,1,0.9301135933979208,0,0.0,0,0.0
2023-08-11,0.1184136772942278,1,0.3725754586848256,0,0.0,0,0.0
2023-08-14,-0.0318722349545394,1,-0.0932524048522658,0,0.0,0,0.0
2023-08-15,-0.0066592578600764,1,-0.0151019842467601,0,0.0,0,0.0
2023-08-16,-0.0964595915032791,1,-0.2934480842903071,0,0.0,0,0.0
2023-08-17,0.0645823730651413,1,0.2057193571033132,0,0.0,0,0.0
2023-08-18,-0.1719895762435502,1,-0.5275616542056949,0,0.0,0,0.0
2023-08-21,0.1523727161011099,1,0.4778352681937693,0,0.0,0,0.0
2023-08-22,-0.0317384986662798,1,-0.0928378743849377,0,0.0,0,0.0
2023-08-23,0.023154388015112,1,0.077308719820443,0,0.0,0,0.0
2023-08-24,0.0498558028413236,1,0.1600727183602581,0,0.0,0,0.0
2023-08-25,0.1401475636601952,1,0.4399420514726971,0,0.0,0,0.0
2023-08-28,-0.0933460271743041,1,-0.2837972461135994,0,0.0,0,0.0
2023-08-29,0.0587191466078819,1,0.1875456360062999,0,0.0,0,0.0
2023-08-30,-0.0281245974319666,1,-0.0816361864434385,0,0.0,0,0.0
2023-08-31,-0.1146971010128087,1,-0.3499772689885969,0,0.0,0,0.0
2023-09-01,-0.296412582990631,1,-0.913224571910938,0,0.0,0,0.0
2023-09-05,0.3887688684475932,1,1.2105713773087097,-1,-0.3013690847664704,-1,0.0
2023-09-06,-0.1724653610340515,1,-0.5290364019657895,0,0.0,0,0.0
2023-09-07,0.1472057881219069,1,0.461819801503731,0,0.0,0,0.0
2023-09-08,-0.0368310415598942,1,-0.1086227762470404,0,0.0,0,0.0
2023-09-11,0.2067916361462317,1,0.6465127502098709,0,0.0,0,0.0
2023-09-12,-0.0617012354713598,1,-0.185710702335244,0,0.0,0,0.0
2023-09-13,0.2913343525060721,1,0.9085622820005644,0,0.0,0,0.0
2023-09-14,-0.0732576907282073,1,-0.2215312179232138,0,0.0,0,0.0
2023-09-15,-0.0162063076368719,1,-0.0446941245482763,0,0.0,0,0.0
2023-09-18,-0.0723682852830799,1,-0.2187744070410591,0,0.0,0,0.0
2023-09-19,0.0908265716799749,1,0.2870661632547415,0,0.0,0,0.0
2023-09-20,0.0347311174349325,1,0.1131920774265462,0,0.0,0,0.0
2023-09-21,-0.1530849320677264,1,-0.4689646115715462,0,0.0,0,0.0
2023-09-22,-0.1584947043642693,1,-0.4857328011737051,0,0.0,0,0.0
2023-09-25,-0.1276846925047436,1,-0.3902337501627343,0,0.0,0,0.0
2023-09-26,0.0843146301118002,1,0.2668816776779434,0,0.0,0,0.0
2023-09-27,-0.3698144186509643,1,-1.1407417075740265,1,-0.1285533846502321,0,1.0
2023-09-28,-0.0930815450748022,1,-0.2829774544943368,0,0.0,0,0.0
2023-09-29,0.0930880209957332,1,0.2940757763814419,0,0.0,0,0.0
2023-10-02,0.1252162227026176,1,0.3936607031151815,0,0.0,0,0.0
2023-10-03,-0.0855331997290173,1,-0.2595805203901824,0,0.0,0,0.0
2023-10-04,0.1813067831845544,1,0.5675196201815276,0,0.0,0,0.0
2023-10-05,0.1653418395507298,1,0.5180345056211934,0,0.0,0,0.0
2023-10-06,0.0049448370330456,1,0.0208661956808236,0,0.0,0,0.0
2023-10-09,-0.0968684751276321,1,-0.2947154644613267,0,0.0,0,0.0
2023-10-10,-0.0315013328881906,1,-0.092102752735421,0,0.0,0,0.0
2023-10-11,-0.2303561516533306,1,-0.7084753321298715,0,0.0,0,0.0
2023-10-12,-0.0271905777608685,1,-0.0787410888166628,0,0.0,0,0.0
2023-10-13,0.3331690998567357,1,1.0382337241761666,-1,-0.2330195605184644,-1,-1.0
2023-10-16,-0.0398485025178019,1,-0.117975731359706,0,0.0,0,0.0
2023-10-17,-0.1764124140972623,1,-0.5412707309736844,0,0.0,0,0.0
2023-10-18,0.3994875410347882,1,1.2437950925361332,-1,0.1553399039550384,0,0.0
2023-10-19,0.1201306384167359,1,0.3778973702300028,0,0.0,0,0.0
2023-10-20,-0.0088795095629033,1,-0.0219839008001257,0,0.0,0,0.0
2023-10-23,0.0440179584431853,1,0.1419776717723566,0,0.0,0,0.0
2023-10-24,0.1994057438361999,1,0.6236193573188458,0,0.0,0,0.0
2023-10-25,-0.2995086318838567,1,-0.922821119050702,0,0.0,0,0.0
2023-10-26,-0.3130754680700054,1,-0.9648730334383276,0,0.0,0,0.0
2023-10-27,-0.3813217520513789,1,-1.1764099645165074,1,0.179273261231341,1,1.0
2023-10-30,0.1165430345158118,1,0.366777193791785,0,0.0,0,0.0
2023-10-31,0.1622619658960648,1,0.508488095428454,0,0.0,0,0.0
2023-11-01,-0.0517912776482699,1,-0.1549936882692063,0,0.0,0,0.0
2023-11-02,0.248790120589373,1,0.7766917136749227,0,0.0,0,0.0
2023-11-03,0.0099610586722966,1,0.0364145313450005,0,0.0,0,0.0
2023-11-06,0.235225915936143,1,0.7346479560156229,0,0.0,0,0.0
2023-11-07,0.20682066587947,1,0.6466027310897227,0,0.0,0,0.0
2023-11-08,0.1128812288833482,1,0.3554270208518551,0,0.0,0,0.0
2023-11-09,-0.3240632778076894,1,-0.9989309691321592,0,0.0,0,0.0
2023-11-10,-0.1184468632282486,1,-0.3616000731187612,0,0.0,0,0.0
2023-11-13,0.0557295620281201,1,0.1782790868213793,0,0.0,0,0.0
2023-11-14,-0.2176087379647189,1,-0.6689633087117336,0,0.0,0,0.0
2023-11-15,0.0493676087382096,1,0.1585595065585522,0,0.0,0,0.0
2023-11-16,0.1711484619053238,1,0.5360327760201502,0,0.0,0,0.0
2023-11-17,-0.3206613704364475,1,-0.9883863796960348,0,0.0,0,0.0
2023-11-20,0.2401733995794605,1,0.7499832306329562,0,0.0,0,0.0
2023-11-21,0.2085126780479984,1,0.6518473105832392,0,0.0,0,0.0
2023-11-22,0.0454654529672907,1,0.1464643416907554,0,0.0,0,0.0
2023-11-24,0.0217135000211566,1,0.0728425275754276,0,0.0,0,0.0
2023-11-27,0.0220445971957099,1,0.0738688000126608,0,0.0,0,0.0
2023-11-28,0.2122522335600995,1,0.6634384779036793,0,0.0,0,0.0
2023-11-29,0.0987799764340517,1,0.3117186239478277,0,0.0,0,0.0
2023-11-30,-0.012358650153668,1,-0.0327678831713966,0,0.0,0,0.0
2023-12-01,-0.3011851326761499,1,-0.9280176193121468,0,0.0,0,0.0
2023-12-04,-0.1004952657530905,1,-0.3059571045011267,0,0.0,0,0.0
2023-12-05,0.2180015125405771,1,0.6812590061506743,0,0.0,0,0.0
2023-12-06,-0.1856624394351814,1,-0.569942211063543,0,0.0,0,0.0
2023-12-07,-0.0026330616772435,1,-0.0026223423564029,0,0.0,0,0.0
2023-12-08,-0.1861863176511811,1,-0.5715660297333117,0,0.0,0,0.0
2023-12-11,-0.0751455845979437,1,-0.2273829544883043,0,0.0,0,0.0
2023-12-12,0.1896431578624147,1,0.5933591386548517,0,0.0,0,0.0
2023-12-13,0.301764258893766,1,0.9408909343457624,0,0.0,0,0.0
2023-12-14,-0.9909361097898508,0,-3.0659773204825544,0,0.0,0,0.0
2023-12-15,0.0522640431849371,1,0.1675373265684603,0,0.0,0,0.0
2023-12-18,0.2223356998414451,1,0.6946933006918082,0,0.0,0,0.0
2023-12-19,-0.0817508082783406,1,-0.2478565783242544,0,0.0,0,0.0
2023-12-20,-0.0546610674380745,1,-0.1638889202079951,0,0.0,0,0.0
2023-12-21,-0.0384429267427774,1,-0.1136189932561684,0,0.0,0,0.0
2023-12-22,0.0200189891346145,1,0.0675902030281233,0,0.0,0,0.0
2023-12-26,-0.0679035944180412,1,-0.2049356022196738,0,0.0,0,0.0
2023-12-27,0.0690730802907856,1,0.2196388025216551,0,0.0,0,0.0
2023-12-28,0.1442891285225377,1,0.4527792913886503,0,0.0,0,0.0
2023-12-29,-0.0322787886570278,1,-0.0945125631718947,0,0.0,0,0.0
2024-01-02,0.2383435389545022,1,0.7443113745505044,0,0.0,0,0.0
2024-01-03,0.123696650424483,1,0.3889506201990801,0,0.0,0,0.0
2024-01-04,0.1069541664476641,1,0.3370554330552862,0,0.0,0,0.0
2024-01-05,-0.1078067499833647,1,-0.3286198612912376,0,0.0,0,0.0
2024-01-08,0.2612553047621645,1,0.8153289353873356,0,0.0,0,0.0
2024-01-09,0.0950209677127404,1,0.3000671592465506,0,0.0,0,0.0
2024-01-10,0.0628686006519441,1,0.2004073293165236,0,0.0,0,0.0
2024-01-11,-0.0749364422425589,1,-0.2267346945474607,0,0.0,0,0.0
2024-01-12,0.2210933009602068,1,0.6908423474797061,0,0.0,0,0.0
2024-01-16,0.0117248215137524,1,0.0418815100120459,0,0.0,0,0.0
2024-01-17,0.09832137051071,1,0.3102971239929811,0,0.0,0,0.0
2024-01-18,-0.2261642253990592,1,-0.6954819914905972,0,0.0,0,0.0
2024-01-19,0.1661871028329827,1,0.5206544929706827,0,0.0,0,0.0
2024-01-22,-0.1255369656190285,1,-0.3835766323287101,0,0.0,0,0.0
2024-01-23,0.2590999701622717,1,0.8086482365989244,0,0.0,0,0.0
2024-01-24,0.0276090519691949,1,0.0911164451185484,0,0.0,0,0.0
2024-01-25,-0.2022075045292505,1,-0.6212254764709801,0,0.0,0,0.0
2024-01-26,0.0758469480562723,1,0.2406351574152279,0,0.0,0,0.0
2024-01-29,0.057541737229256,1,0.1838961249699897,0,0.0,0,0.0
2024-01-30,-0.1731600710739359,1,-0.5311897328323675,0,0.0,0,0.0
2024-01-31,0.1083247651902757,1,0.341303755965158,0,0.0,0,0.0
2024-02-01,-0.1558955597234461,1,-0.4776764639100073,0,0.0,0,0.0
2024-02-02,-0.2080870928400976,1,-0.6394499129490042,0,0.0,0,0.0
2024-02-05,0.0582055787363681,1,0.185953775393493,0,0.0,0,0.0
2024-02-06,-0.0492693848356876,1,-0.1471768016204422,0,0.0,0,0.0
2024-02-07,-0.1839618390296992,1,-0.5646710113764773,0,0.0,0,0.0
2024-02-08,-0.1428766398605579,1,-0.4373228769733213,0,0.0,0,0.0
2024-02-09,0.01770168629409,1,0.0604074657028634,0,0.0,0,0.0
2024-02-12,-0.2297127934985022,1,-0.7064811721299852,0,0.0,0,0.0
2024-02-13,-0.0602774482169929,1,-0.1812975157303997,0,0.0,0,0.0
2024-02-14,-0.0862834859322069,1,-0.2619061157426905,0,0.0,0,0.0
2024-02-15,-0.0050042304481843,1,-0.0099720431109543,0,0.0,0,0.0
2024-02-16,-0.1006106249902309,1,-0.3063146732590514,0,0.0,0,0.0
2024-02-20,0.023428195359564,1,0.0781574160713311,0,0.0,0,0.0
2024-02-21,-0.1837813797235734,1,-0.5641116577300173,0,0.0,0,0.0
2024-02-22,-0.0237628682427849,1,-0.068116522762916,0,0.0,0,0.0
2024-02-23,-0.0002139581328133,1,0.0048759375483137,0,0.0,0,0.0
2024-02-26,-0.1819804111445282,1,-0.5585293557502723,0,0.0,0,0.0
2024-02-27,-0.1336894344996712,1,-0.4088461143739479,0,0.0,0,0.0
2024-02-28,-0.0459252124445699,1,-0.1368111681625606,0,0.0,0,0.0
2024-02-29,-0.095090226225422,1,-0.2892035846413302,0,0.0,0,0.0
2024-03-01,-0.0320402934466286,1,-0.0937733207993947,0,0.0,0,0.0
2024-03-04,0.0196753640968017,1,0.0665250990883924,0,0.0,0,0.0
2024-03-05,-0.2386899448549414,1,-0.7343068490310714,0,0.0,0,0.0
2024-03-06,-0.0082240778930477,1,-0.0199523176005107,0,0.0,0,0.0
2024-03-07,-0.0424039883443128,1,-0.1258967432832481,0,0.0,0,0.0
2024-03-08,0.1472223775167919,1,0.4618712221742448,0,0.0,0,0.0
2024-03-11,0.098788917950001,1,0.3117463391688297,0,0.0,0,0.0
2024-03-12,-0.0424450749669609,1,-0.1260240958298823,0,0.0,0,0.0
2024-03-13,-0.2542885004568663,1,-0.7826563032252972,0,0.0,0,0.0
2024-03-14,-0.0098429080591751,1,-0.0249700613559485,0,0.0,0,0.0
2024-03-15,-0.2505992386631687,1,-0.7712210268665758,0,0.0,0,0.0
2024-03-18,0.1121042318098249,1,0.3530186321924126,0,0.0,0,0.0
2024-03-19,-0.1208803202368518,1,-0.3691428431786097,0,0.0,0,0.0
2024-03-20,-0.2562853660186537,1,-0.7888458096434268,0,0.0,0,0.0
2024-03-21,-0.2290609668631485,1,-0.7044607631348909,0,0.0,0,0.0
2024-03-22,-0.0191651786726219,1,-0.0538654736949859,0,0.0,0,0.0
2024-03-25,0.1177320515530482,1,0.3704626840541604,0,0.0,0,0.0
2024-03-26,0.0424014583506344,1,0.1369671503385574,0,0.0,0,0.0
2024-03-27,-0.138725510769178,1,-0.4244559916680416,0,0.0,0,0.0
2024-03-28,-0.0090692031820265,1,-0.0225718772245327,0,0.0,0,0.0
2024-04-01,-0.0570974659036192,1,-0.1714408076400725,0,0.0,0,0.0
2024-04-02,-0.0060359495629334,1,-0.0131699710058751,0,0.0,0,0.0
2024-04-03,-0.2308516128123645,1,-0.7100110689778888,0,0.0,0,0.0
2024-04-04,-0.0407137419150996,1,-0.1206576368946983,0,0.0,0,0.0
2024-04-05,-0.0627954737894498,1,-0.1891024154392144,0,0.0,0,0.0
2024-04-08,0.130367289709231,1,0.4096270069604494,0,0.0,0,0.0
2024-04-09,0.2464510383562429,1,0.7694414687052352,0,0.0,0,0.0
2024-04-10,-0.0763735647864014,1,-0.2311892153619666,0,0.0,0,0.0
2024-04-11,-0.1430255093014239,1,-0.4377843143266093,0,0.0,0,0.0
2024-04-12,-0.1361680237650815,1,-0.4165287768724851,0,0.0,0,0.0
2024-04-15,-0.1513297235844948,1,-0.4635241480871674,0,0.0,0,0.0
2024-04-16,0.0240656253567959,1,0.0801332010888483,0,0.0,0,0.0
2024-04-17,0.0352419038281242,1,0.114775316538609,0,0.0,0,0.0
2024-04-18,0.0080166571831256,1,0.0303876431423354,0,0.0,0,0.0
2024-04-19,0.0818485917100536,1,0.2592379179742091,0,0.0,0,0.0
2024-04-22,0.0372438619276059,1,0.1209806078424851,0,0.0,0,0.0
2024-04-23,0.0476275062386534,1,0.1531658657470165,0,0.0,0,0.0
2024-04-24,0.1882270950632941,1,0.5889698948562925,0,0.0,0,0.0
2024-04-25,-0.3103000177373819,1,-0.9562702171167335,0,0.0,0,0.0
2024-04-26,0.0969800371875086,1,0.306139512498407,0,0.0,0,0.0
2024-04-29,-0.1152868276350487,1,-0.3518051921012723,0,0.0,0,0.0
2024-04-30,0.2217190759833485,1,0.6927820066115774,0,0.0,0,0.0
2024-05-01,0.1788299992165809,1,0.5598425534027455,0,0.0,0,0.0
2024-05-02,0.0390921048840516,1,0.1267094420014277,0,0.0,0,0.0
2024-05-03,0.046116029259182,1,0.1484808751075267,0,0.0,0,0.0
2024-05-06,-0.1039190694434099,1,-0.316569564008255,0,0.0,0,0.0
2024-05-07,0.181363434218658,1,0.5676952163487852,0,0.0,0,0.0
2024-05-08,-0.1988869886198492,1,-0.6109331689035421,0,0.0,0,0.0
2024-05-09,-0.1386688688379377,1,-0.4242804237161194,0,0.0,0,0.0
2024-05-10,0.0864649231126133,1,0.2735467494704973,0,0.0,0,0.0
2024-05-13,0.1680447672100865,1,0.5264125298685313,0,0.0,0,0.0
2024-05-14,0.0611003066284968,1,0.1949263057480312,0,0.0,0,0.0
2024-05-15,0.1733994477051072,1,0.5430099563178601,0,0.0,0,0.0
2024-05-16,0.3945582963295614,1,1.2285163515315445,-1,-0.1471811667059814,-1,0.0
2024-05-17,-0.0355970662072975,1,-0.1047979326967942,0,0.0,0,0.0
2024-05-20,-0.1127678061678312,1,-0.3439972055061241,0,0.0,0,0.0
2024-05-21,0.0220744121578253,1,0.0739612147965607,0,0.0,0,0.0
2024-05-22,0.1194641415559878,1,0.3758314892432168,0,0.0,0,0.0
2024-05-23,-0.2171392682042024,1,-0.6675081350879103,0,0.0,0,0.0
2024-05-24,-0.291566740829689,1,-0.8982043463482585,0,0.0,0,0.0
2024-05-28,-0.1427825279063674,1,-0.4370311665268935,0,0.0,0,0.0
2024-05-29,0.1262262482758722,1,0.3967913894707209,0,0.0,0,0.0
2024-05-30,-0.5562000638104746,2,-1.71846469956624,0,0.0,0,0.0
2024-05-31,0.0495669050415441,1,0.1591772475683646,0,0.0,0,0.0
2024-06-03,0.3924426964883405,1,1.2219588150373448,-1,-0.067988557411181,-1,0.0
2024-06-04,0.4166128775560534,1,1.2968769736298824,-1,-0.053957466492547,-1,0.0
2024-06-05,-0.1603057651323373,1,-0.491346385013343,0,0.0,0,0.0
2024-06-06,0.3351921704505821,1,1.0445044559993613,-1,-0.5540861539157269,-1,-1.0
2024-06-07,0.0119339939867709,1,0.0425298633058376,0,0.0,0,0.0
2024-06-10,-0.1843838322678979,1,-0.5659790262504983,0,0.0,0,0.0
2024-06-11,0.084735389859273,1,0.2681858692105681,0,0.0,0,0.0
2024-06-12,-0.2818204491856561,1,-0.8679946337676537,0,0.0,0,0.0
2024-06-13,-0.0717245294285156,1,-0.2167790143267055,0,0.0,0,0.0
2024-06-14,0.5891825661126633,2,1.8317758748557105,0,0.0,0,0.0
2024-06-17,-0.2563466727409394,1,-0.7890358366328863,0,0.0,0,0.0
2024-06-18,-0.0954972835376611,1,-0.290465303955271,0,0.0,0,0.0
2024-06-20,0.2034598730482085,1,0.6361855807331019,0,0.0,0,0.0
2024-06-21,0.1989745455046489,1,0.6222828102364111,0,0.0,0,0.0
2024-06-24,-0.1924890956620428,1,-0.5911021896515368,0,0.0,0,0.0
2024-06-25,0.3016305300502824,1,0.9404764269543436,0,0.0,0,0.0
2024-06-26,0.0795729947483502,1,0.2521844526488157,0,0.0,0,0.0
2024-06-27,0.1321423369601891,1,0.4151289629070754,0,0.0,0,0.0
2024-06-28,-0.0411170662384011,1,-0.1219077853951449,0,0.0,0,0.0
2024-07-01,0.4072965468829329,1,1.2679999727950926,-1,0.0941690494668818,0,0.0
2024-07-02,0.0253912345323495,1,0.0842420738427437,0,0.0,0,0.0
2024-07-03,-0.1917187989868775,1,-0.5887145696204058,0,0.0,0,0.0
2024-07-05,0.5029121419586868,2,1.564371121018478,0,0.0,0,0.0
2024-07-08,-0.2545299392706946,1,-0.7834046696233025,0,0.0,0,0.0
2024-07-09,0.1472303586447262,1,0.4618959605660119,0,0.0,0,0.0
2024-07-10,-0.1977981582145767,1,-0.6075582182255121,0,0.0,0,0.0
2024-07-11,-0.3191609283993167,1,-0.9837355930849724,0,0.0,0,0.0
2024-07-12,-0.0796614578288136,1,-0.2413804047327314,0,0.0,0,0.0
2024-07-15,-0.072613145754403,1,-0.2195333792462004,0,0.0,0,0.0
2024-07-16,-0.5558190905974647,2,-1.7172838308126372,0,0.0,0,0.0
2024-07-17,0.445379289937706,1,1.3860416612633506,-1,0.0648727890334851,0,0.0
2024-07-18,-0.300509750937393,1,-0.9259241986599416,0,0.0,0,0.0
2024-07-19,0.1345440652921132,1,0.4225733864123522,0,0.0,0,0.0
2024-07-22,-0.0976885115510619,1,-0.2972572583622518,0,0.0,0,0.0
2024-07-23,0.1212102528494852,1,0.3812437549784211,0,0.0,0,0.0
2024-07-24,0.5729395197316766,2,1.7814287499670902,0,0.0,0,0.0
2024-07-25,-0.3130561572065941,1,-0.9648131772740912,0,0.0,0,0.0
2024-07-26,-0.3143229910987604,1,-0.9687398695143284,0,0.0,0,0.0
2024-07-29,0.076297777660544,1,0.2420325538061122,0,0.0,0,0.0
2024-07-30,0.0339605033797673,1,0.110803473640883,0,0.0,0,0.0
2024-07-31,-0.1851997241554378,1,-0.5685079737024782,0,0.0,0,0.0
2024-08-01,0.7843944574116181,2,2.436856796281684,0,0.0,0,0.0
2024-08-02,0.6070257983068613,2,1.887082953258781,0,0.0,0,0.0
2024-08-05,-0.3984411115450552,1,-1.2294733191499223,1,0.2764747188117972,1,1.0
2024-08-06,0.0433240006080618,1,0.1398266724479135,0,0.0,0,0.0
2024-08-07,0.1740567464744064,1,0.5450473267994084,0,0.0,0,0.0
2024-08-08,-0.1369946587094582,1,-0.41909102362138,0,0.0,0,0.0
2024-08-09,0.1480851215138429,1,0.4645453929392362,0,0.0,0,0.0
2024-08-12,0.0279926594300873,1,0.092305479015808,0,0.0,0,0.0
2024-08-13,0.0118876698279746,1,0.0423862764346574,0,0.0,0,0.0
2024-08-14,0.1592677460558319,1,0.4992071787392883,0,0.0,0,0.0
2024-08-15,-0.2794233114301877,1,-0.8605644392635571,0,0.0,0,0.0
2024-08-16,0.1607408376406793,1,0.5037731895881833,0,0.0,0,0.0
2024-08-19,0.0186885681494868,1,0.0634664155364449,0,0.0,0,0.0
2024-08-20,0.1765671818982958,1,0.5528287000003941,0,0.0,0,0.0
2024-08-21,-0.2984869112955299,1,-0.9196541826980498,0,0.0,0,0.0
2024-08-22,-0.0012465788903665,1,0.0016752149114585,0,0.0,0,0.0
2024-08-23,-0.342936587087173,1,-1.057430885777598,1,-0.236325067219044,0,1.0
2024-08-26,0.1028015103228275,1,0.3241838145403398,0,0.0,0,0.0
2024-08-27,0.2008245020090698,1,0.6280169557274696,0,0.0,0,0.0
2024-08-28,0.0005105209611043,1,0.0071215409015961,0,0.0,0,0.0
2024-08-29,-0.0696124327117704,1,-0.2102323361555905,0,0.0,0,0.0
2024-08-30,-0.0394240982709172,1,-0.1166602432966925,0,0.0,0,0.0
2024-09-03,0.6120960595422271,2,1.9027987906483548,0,0.0,0,0.0
2024-09-04,0.1055476803157989,1,0.3326958731996904,0,0.0,0,0.0
2024-09-05,0.1298648958689772,1,0.4080697814976116,0,0.0,0,0.0
2024-09-06,-0.0136713287088366,1,-0.0368366760323867,0,0.0,0,0.0
2024-09-09,0.0016563435064096,1,0.0106731450425663,0,0.0,0,0.0
2024-09-10,0.3475614777451558,1,1.082844496687455,-1,-0.1465826058344767,-1,-1.0
2024-09-11,-0.1741931502578925,1,-0.5343918764127357,0,0.0,0,0.0
2024-09-12,-0.1430561865039686,1,-0.4378794017204098,0,0.0,0,0.0
2024-09-13,-0.2071435253597263,1,-0.6365252208277835,0,0.0,0,0.0
2024-09-16,0.063456758338055,1,0.2022303893375485,0,0.0,0,0.0
2024-09-17,-0.4274167438648152,1,-1.319286507200493,1,0.034047023247591,1,1.0
2024-09-18,-0.1400844332243176,1,-0.4286681226290756,0,0.0,0,0.0
2024-09-19,-0.3040781930374889,1,-0.9369849809699422,0,0.0,0,0.0
2024-09-20,0.1439772430822355,1,0.4518125678538202,0,0.0,0,0.0
2024-09-23,-0.1667173764995292,1,-0.5112198859976885,0,0.0,0,0.0
2024-09-24,-0.3053338300455507,1,-0.9408769672252828,0,0.0,0,0.0
2024-09-25,-0.0946285163805484,1,-0.2877724637372266,0,0.0,0,0.0
2024-09-26,-0.2895624794961422,1,-0.8919919159147881,0,0.0,0,0.0
2024-09-27,-0.0570773505012163,1,-0.1713784577179452,0,0.0,0,0.0
2024-09-30,0.2110687259777943,1,0.6597700648082947,0,0.0,0,0.0
2024-10-01,-0.158835919499677,1,-0.4867904353534836,0,0.0,0,0.0
2024-10-02,0.0161425818232685,1,0.0555748483683009,0,0.0,0,0.0
2024-10-03,-0.0987710177621223,1,-0.3006126064984708,0,0.0,0,0.0
2024-10-04,-0.0076109590683037,1,-0.0180518877601403,0,0.0,0,0.0
2024-10-07,-0.3038267046768231,1,-0.936205464886229,0,0.0,0,0.0
2024-10-08,0.4665051354868695,1,1.4515235640600126,-1,-0.1367580551469155,-1,0.0
2024-10-09,-0.0148432709863212,1,-0.0404692411819782,0,0.0,0,0.0
2024-10-10,-0.0190860770213276,1,-0.0536202893482078,0,0.0,0,0.0
2024-10-11,-0.1387148679653422,1,-0.4244230031164292,0,0.0,0,0.0
2024-10-14,-0.0219354498614859,1,-0.0624522366857232,0,0.0,0,0.0
2024-10-15,0.3350398835105078,1,1.0440324257280078,-1,-0.0545368781327719,-1,-1.0
2024-10-16,-0.2688055100332146,1,-0.8276533854847709,0,0.0,0,0.0
2024-10-17,-0.1636882658973037,1,-0.5018308215195986,0,0.0,0,0.0
2024-10-18,0.0726876249947547,1,0.2308424849687639,0,0.0,0,0.0
2024-10-21,-0.0493039930174184,1,-0.1472840735204847,0,0.0,0,0.0
2024-10-22,0.3345767958104929,1,1.0425970340089812,-1,0.1912079574929577,0,-1.0
2024-10-23,0.0020355322280773,1,0.0118484825672136,0,0.0,0,0.0
2024-10-24,0.111659934479331,1,0.3516414833090454,0,0.0,0,0.0
2024-10-25,-0.0175067161082599,1,-0.0487248849228717,0,0.0,0,0.0
2024-10-28,-0.1634894364049127,1,-0.5012145274421116,0,0.0,0,0.0
2024-10-29,0.2436537006030487,1,0.7607708098945467,0,0.0,0,0.0
2024-10-30,0.0812492409775608,1,0.257380163863735,0,0.0,0,0.0
2024-10-31,-0.0678024425024892,1,-0.204622070631721,0,0.0,0,0.0
2024-11-01,0.2102286877575265,1,0.6571662731182986,0,0.0,0,0.0
2024-11-04,-0.1894514329786048,1,-0.5816866170486308,0,0.0,0,0.0
2024-11-05,-0.1289999571226402,1,-0.3943105588121472,0,0.0,0,0.0
2024-11-06,-0.5259837917297145,2,-1.6248060108919702,0,0.0,0,0.0
2024-11-07,0.2178868119448703,1,0.680903478924968,0,0.0,0,0.0
2024-11-08,0.0766487078853553,1,0.2431203009836641,0,0.0,0,0.0
2024-11-11,-0.1217244994924894,1,-0.3717594704673009,0,0.0,0,0.0
2024-11-12,0.219210621282562,1,0.6850067728816674,0,0.0,0,0.0
2024-11-13,-0.0473839961552946,1,-0.1413328301677439,0,0.0,0,0.0
2024-11-14,-0.1367626452856242,1,-0.4183718722656787,0,0.0,0,0.0
2024-11-15,-0.3122511544038633,1,-0.9623179817489328,0,0.0,0,0.0
2024-11-18,0.1215060473156657,1,0.3821606027532068,0,0.0,0,0.0
2024-11-19,0.1069789582071503,1,0.3371322778651687,0,0.0,0,0.0
2024-11-20,0.0909551276919314,1,0.2874646368807683,0,0.0,0,0.0
2024-11-21,-0.0851138577130227,1,-0.258280723273612,0,0.0,0,0.0
2024-11-22,-0.1324347256077998,1,-0.4049570049177405,0,0.0,0,0.0
2024-11-25,-0.224684629928421,1,-0.6908958211259015,0,0.0,0,0.0
2024-11-26,0.3610111617085627,1,1.1245332847593013,-1,0.0270300227296772,0,-1.0
2024-11-27,0.0651653646989928,1,0.2075264043720385,0,0.0,0,0.0
2024-11-29,-0.1188453564079125,1,-0.3628352469533497,0,0.0,0,0.0
2024-12-02,-0.0024662241876339,1,-0.002105211041965,0,0.0,0,0.0
2024-12-03,0.02890762328332,1,0.0951415110203217,0,0.0,0,0.0
2024-12-04,0.2480023183887689,1,0.7742498333249553,0,0.0,0,0.0
2024-12-05,0.0511143882389549,1,0.1639738434762776,0,0.0,0,0.0
2024-12-06,0.0662614118804753,1,0.2109237242488392,0,0.0,0,0.0
2024-12-09,-0.0118885193678637,1,-0.0313106606263338,0,0.0,0,0.0
2024-12-10,0.1767555995503358,1,0.5534127214232218,0,0.0,0,0.0
2024-12-11,0.0594638032974563,1,0.1898537820566021,0,0.0,0,0.0
2024-12-12,0.1459744509023201,1,0.4580031351395254,0,0.0,0,0.0
2024-12-13,-0.1099094030673276,1,-0.3351372678745026,0,0.0,0,0.0
2024-12-16,0.0795845364692494,1,0.2522202274936272,0,0.0,0,0.0
2024-12-17,0.1946138119739632,1,0.6087662327098935,0,0.0,0,0.0
2024-12-18,-0.0693930644833078,1,-0.2095523799862889,0,0.0,0,0.0
2024-12-19,0.0554820743706976,1,0.1775119713613615,0,0.0,0,0.0
2024-12-20,0.0123880612089735,1,0.0439372950528047,0,0.0,0,0.0
2024-12-23,0.0836395949206685,1,0.2647893311885615,0,0.0,0,0.0
2024-12-24,0.0260133347628857,1,0.0861703425471112,0,0.0,0,0.0
2024-12-26,0.01296405233617,1,0.0457226434742465,0,0.0,0,0.0
2024-12-27,-0.0021958630357465,1,-0.0012671966473842,0,0.0,0,0.0
2024-12-30,-0.0952226411113717,1,-0.2896140192755517,0,0.0,0,0.0
2024-12-31,-0.0117675417638524,1,-0.030935677116774,0,0.0,0,0.0
2025-01-02,0.1097953338196559,1,0.3458619466335879,0,0.0,0,0.0
2025-01-03,-0.0436403142500201,1,-0.1297288726337219,0,0.0,0,0.0
2025-01-06,-0.2837644769457532,1,-0.8740203635555784,0,0.0,0,0.0
2025-01-07,-0.0539580388305731,1,-0.1617098050179051,0,0.0,0,0.0
2025-01-08,0.1750017232155713,1,0.5479763870808568,0,0.0,0,0.0
2025-01-10,-0.3542697233895512,1,-1.0925591994825627,1,0.0650540860532794,1,1.0
2025-01-13,-0.1470935714690692,1,-0.4503937244831212,0,0.0,0,0.0
2025-01-14,-0.3560259732896171,1,-1.0980028909539945,1,0.0160490405402943,1,1.0
2025-01-15,0.0899102859413908,1,0.28422603391988,0,0.0,0,0.0
2025-01-16,0.0132666406279629,1,0.0466605494654873,0,0.0,0,0.0
2025-01-17,-0.0699415490979998,1,-0.2112524689195884,0,0.0,0,0.0
2025-01-21,-0.1059753364153189,1,-0.3229431916893429,0,0.0,0,0.0
2025-01-22,0.0930256791342913,1,0.2938825408632893,0,0.0,0,0.0
2025-01-23,-0.0591764565713305,1,-0.1778848699381436,0,0.0,0,0.0
2025-01-24,0.2750672209440061,1,0.8581405024202492,0,0.0,0,0.0
2025-01-27,0.7562708555297164,2,2.349684571130411,0,0.0,0,0.0
2025-01-28,0.1426143842620334,1,0.4475882356924227,0,0.0,0,0.0
2025-01-29,-0.1271939195219248,1,-0.3887125448371826,0,0.0,0,0.0
2025-01-30,-0.1426091201910725,1,-0.4364936700687893,0,0.0,0,0.0
2025-01-31,0.3173801419063721,1,0.9892940967723668,0,0.0,0,0.0
2025-02-03,0.3959580947113582,1,1.2328551819636058,-1,-0.0835412816454537,-1,0.0
2025-02-04,-0.2645201261893702,1,-0.8143703626748215,0,0.0,0,0.0
2025-02-05,0.2839701301933355,1,0.8857360576710622,0,0.0,0,0.0
2025-02-06,-0.0169534219860467,1,-0.0470098883872578,0,0.0,0,0.0
2025-02-07,0.0414814608777366,1,0.1341155160712677,0,0.0,0,0.0
2025-02-10,-0.2016727754657762,1,-0.619568024395252,0,0.0,0,0.0
2025-02-11,-0.0950863615808991,1,-0.2891916057467386,0,0.0,0,0.0
2025-02-12,0.2162587736286315,1,0.6758571934863523,0,0.0,0,0.0
2025-02-13,-0.1501831755225423,1,-0.4599702951268326,0,0.0,0,0.0
2025-02-14,-0.2245572900822089,1,-0.6905011171405677,0,0.0,0,0.0
2025-02-18,-0.1117074122259006,1,-0.3407103968020617,0,0.0,0,0.0
2025-02-19,0.0253836760486727,1,0.0842186454837574,0,0.0,0,0.0
2025-02-20,0.0729583313741403,1,0.231681569434288,0,0.0,0,0.0
2025-02-21,0.4916295809166959,2,1.529399570945856,0,0.0,0,0.0
2025-02-24,0.2506286680154417,1,0.7823904954614654,0,0.0,0,0.0
2025-02-25,-0.0549572403673326,1,-0.1648069410710914,0,0.0,0,0.0
2025-02-26,-0.1537819753741411,1,-0.4711251746566777,0,0.0,0,0.0
2025-02-27,-0.0061798792145341,1,-0.0136160969341247,0,0.0,0,0.0
2025-02-28,0.148749888974638,1,0.4666059134589413,0,0.0,0,0.0
2025-03-03,0.6790132093131699,2,2.1102159227358337,0,0.0,0,0.0
2025-03-04,0.1047508908880435,1,0.3302261359417775,0,0.0,0,0.0
2025-03-05,-0.2456776873326948,1,-0.7559661323308333,0,0.0,0,0.0
2025-03-06,-0.1944154271105224,1,-0.597073067757691,0,0.0,0,0.0
2025-03-07,0.0271113537963714,1,0.0895737743980291,0,0.0,0,0.0
2025-03-10,-0.1161562884053002,1,-0.3545001822502168,0,0.0,0,0.0
2025-03-11,-0.0617867718701948,1,-0.1859758318961439,0,0.0,0,0.0
2025-03-12,-0.0163358720788631,1,-0.0450957239151103,0,0.0,0,0.0
2025-03-13,0.1200575940504453,1,0.3776709611103225,0,0.0,0,0.0
2025-03-14,-0.1295525015038678,1,-0.3960232314423711,0,0.0,0,0.0
2025-03-17,-0.0081636931251007,1,-0.0197651483108414,0,0.0,0,0.0
2025-03-18,0.0336667322173144,1,0.1098928973205441,0,0.0,0,0.0
2025-03-19,-0.212179535737581,1,-0.6521348938833892,0,0.0,0,0.0
2025-03-20,0.0981648421517687,1,0.3098119469731422,0,0.0,0,0.0
2025-03-21,0.1755679468950072,1,0.5497314602139868,0,0.0,0,0.0
2025-03-24,-0.4019001837543213,1,-1.2401950973455775,1,-0.0451496871547554,0,1.0
2025-03-25,-0.1436015596521858,1,-0.4395698463180645,0,0.0,0,0.0
2025-03-26,0.099193232453168,1,0.3129995568416582,0,0.0,0,0.0
2025-03-27,0.2754804920813083,1,0.8594214821745747,0,0.0,0,0.0
2025-03-28,0.252651480229923,1,0.7886604264091432,0,0.0,0,0.0
2025-03-31,0.021733540858196,1,0.0729046463739357,0,0.0,0,0.0
2025-04-01,-0.2754153961601521,1,-0.8481414610912055,0,0.0,0,0.0
2025-04-02,-0.1966704052341706,1,-0.6040626227062823,0,0.0,0,0.0
2025-04-03,1.365289367289059,0,4.237405036357986,0,0.0,0,0.0
2025-04-04,-0.7634259652824231,2,-2.360784378821588,0,0.0,0,0.0
2025-04-07,0.0165929445902354,1,0.0569707977451498,0,0.0,0,0.0
2025-04-08,0.0148851770517545,1,0.0516773827339562,0,0.0,0,0.0
2025-04-09,-0.4724020891009006,2,-1.458723577170942,0,0.0,0,0.0
2025-04-10,0.1256647061626921,1,0.3950508273717544,0,0.0,0,0.0
2025-04-11,0.0893904225055759,1,0.2826146595068489,0,0.0,0,0.0
2025-04-14,0.2381302082081747,1,0.7436501322271122,0,0.0,0,0.0
2025-04-15,0.1089824829193853,1,0.3433424250591341,0,0.0,0,0.0
2025-04-16,-0.074890607699829,1,-0.2265926252956153,0,0.0,0,0.0
2025-04-17,-0.1691234771442651,1,-0.5186778619717588,0,0.0,0,0.0
2025-04-21,-0.0679167117374213,1,-0.2049762608068342,0,0.0,0,0.0
2025-04-22,0.0344383917601938,1,0.1122847417114043,0,0.0,0,0.0
2025-04-23,-0.0338397506972331,1,-0.0993509382489124,0,0.0,0,0.0
2025-04-24,-0.4237176777675112,1,-1.307820841314676,1,-0.4667141358277889,0,1.0
2025-04-25,0.1854059859080354,1,0.5802255539467883,0,0.0,0,0.0
2025-04-28,-0.0264315338217408,1,-0.0763883478896934,0,0.0,0,0.0
2025-04-29,0.2539920712610568,1,0.7928157370870752,0,0.0,0,0.0
2025-04-30,0.1367897450403809,1,0.4295341200145309,0,0.0,0,0.0
2025-05-01,-0.2649795621026671,1,-0.8157944352756455,0,0.0,0,0.0
2025-05-02,-0.2389471494905972,1,-0.7351040833435002,0,0.0,0,0.0
2025-05-05,0.1111010700300657,1,0.3499092209265462,0,0.0,0,0.0
2025-05-06,-0.1059350164745355,1,-0.3228182155582335,0,0.0,0,0.0
2025-05-07,0.001331658858426,1,0.0096667489430893,0,0.0,0,0.0
2025-05-08,-0.4067609398911684,1,-1.2552615504317073,1,-0.0582930169801624,0,1.0
2025-05-09,-0.18221266211016,1,-0.559249243393138,0,0.0,0,0.0
2025-05-12,-0.6997261005837927,2,-2.163339578865575,0,0.0,0,0.0
2025-05-13,-0.4449587755017271,1,-1.3736599810494348,1,0.118843839295527,1,1.0
2025-05-14,-0.0702175312773322,1,-0.2121079063125486,0,0.0,0,0.0
2025-05-15,0.2821631978235427,1,0.880135270260042,0,0.0,0,0.0
2025-05-16,0.091409361820222,1,0.2888725859716785,0,0.0,0,0.0
2025-05-19,0.2216280854574703,1,0.6924999713786159,0,0.0,0,0.0
2025-05-20,0.1960702416169937,1,0.6132805980210077,0,0.0,0,0.0
2025-05-21,-0.0038385373035711,1,-0.006358847842218,0,0.0,0,0.0
2025-05-22,-0.0463273959809614,1,-0.1380577806673767,0,0.0,0,0.0
2025-05-23,0.0875725869034457,1,0.2769800763171733,0,0.0,0,0.0
2025-05-27,-0.1207884245073479,1,-0.3688580021665517,0,0.0,0,0.0
2025-05-28,0.1203460465391539,1,0.3785650516111319,0,0.0,0,0.0
2025-05-29,0.0077873054444468,1,0.0296767419751626,0,0.0,0,0.0
2025-05-30,0.1052766830894354,1,0.3318558872216806,0,0.0,0,0.0
2025-06-02,0.0922514965434183,1,0.2914828760051686,0,0.0,0,0.0
2025-06-03,-0.2986390196625955,1,-0.920125659462545,0,0.0,0,0.0
2025-06-04,0.0317204159878175,1,0.1038600741677437,0,0.0,0,0.0
2025-06-05,0.0134333662401677,1,0.0471773340034934,0,0.0,0,0.0
2025-06-06,0.0861615753495047,1,0.2726064894136284,0,0.0,0,0.0
2025-06-09,-0.0886134282191669,1,-0.2691280304348855,0,0.0,0,0.0
2025-06-10,-0.0242567541936548,1,-0.0696473770784148,0,0.0,0,0.0
2025-06-11,-0.0032301187380091,1,-0.0044729869768102,0,0.0,0,0.0
2025-06-12,0.2108819955756691,1,0.6591912732038266,0,0.0,0,0.0
2025-06-13,-0.0384512835817796,1,-0.1136448962060859,0,0.0,0,0.0
2025-06-16,-0.189928007643433,1,-0.5831638131118608,0,0.0,0,0.0
2025-06-17,-0.0693050589566154,1,-0.2092795970895745,0,0.0,0,0.0
2025-06-18,-0.1384197525775965,1,-0.4235082602206151,0,0.0,0,0.0
2025-06-20,-0.0586889667954649,1,-0.1763738412769091,0,0.0,0,0.0
2025-06-23,0.0063004923388404,1,0.0250681997498798,0,0.0,0,0.0
2025-06-24,0.166789690100131,1,0.5225222790795075,0,0.0,0,0.0
2025-06-25,-0.0340603578271465,1,-0.1000347345307521,0,0.0,0,0.0
2025-06-26,-0.2793378681021098,1,-0.8602995981857975,0,0.0,0,0.0
2025-06-27,-0.0926403503564549,1,-0.2816099225016416,0,0.0,0,0.0
2025-06-30,0.242806879194965,1,0.7581459929611263,0,0.0,0,0.0
2025-07-01,-0.3438062915484212,1,-1.060126631273831,1,0.4142406899829299,1,1.0
2025-07-02,-0.4190056639727963,1,-1.2932154316252034,1,-0.1159607866678451,0,1.0
2025-07-03,0.1277019081265984,1,0.4013653609447298,0,0.0,0,0.0
2025-07-07,0.0214963844434387,1,0.0721695537471055,0,0.0,0,0.0
2025-07-08,-0.2043473983212053,1,-0.6278583147615882,0,0.0,0,0.0
2025-07-09,-0.1503949051485131,1,-0.4606265745999891,0,0.0,0,0.0
2025-07-10,-0.2890705267819758,1,-0.8904670538809998,0,0.0,0,0.0
2025-07-11,-0.2651279483218622,1,-0.8162543748297375,0,0.0,0,0.0
2025-07-14,0.2054493510178852,1,0.6423521884896197,0,0.0,0,0.0
2025-07-15,0.0490306472767768,1,0.1575150571133257,0,0.0,0,0.0
2025-07-16,0.2254123020902306,1,0.7042295707989681,0,0.0,0,0.0
2025-07-17,-0.2790737238144832,1,-0.8594808536519323,0,0.0,0,0.0
2025-07-18,-0.0599125248861737,1,-0.1801663953678404,0,0.0,0,0.0
2025-07-21,0.1271987941430562,1,0.3998059033178486,0,0.0,0,0.0
2025-07-22,-0.0375491904592204,1,-0.1108487584596705,0,0.0,0,0.0
2025-07-23,-0.1431058933696528,1,-0.4380334736669972,0,0.0,0,0.0
2025-07-24,0.398779777853796,1,1.241601302010072,-1,0.0419803381692825,0,0.0
2025-07-25,-0.2819847486541098,1,-0.868503898203853,0,0.0,0,0.0
2025-07-28,-0.251529095225834,1,-0.7741032204767482,0,0.0,0,0.0
2025-07-29,0.1764909262446713,1,0.5525923371392383,0,0.0,0,0.0
2025-07-30,0.1411254832219132,1,0.4429732216823984,0,0.0,0,0.0
2025-07-31,-0.5898510577154183,2,-1.82276968971523,0,0.0,0,0.0
2025-08-01,0.2217765332733774,1,0.6929601018585524,0,0.0,0,0.0
2025-08-04,0.164655059510609,1,0.5159057546689428,0,0.0,0,0.0
2025-08-05,-0.3662839193274165,1,-1.1297985331107734,1,0.1365202856740001,1,1.0
2025-08-06,0.0962047026792593,1,0.3037362771445402,0,0.0,0,0.0
2025-08-07,0.044808809903805,1,0.1444290036421451,0,0.0,0,0.0
2025-08-08,0.0724559860921337,1,0.2301244944831261,0,0.0,0,0.0
2025-08-11,-0.0605533810807774,1,-0.1821528002643461,0,0.0,0,0.0
2025-08-12,-0.4075912539142293,1,-1.2578352008932827,1,0.0820027673541083,1,1.0
2025-08-13,-0.2136634677116796,1,-0.6567345057218194,0,0.0,0,0.0
2025-08-14,0.2839704405225132,1,0.8857370195707884,0,0.0,0,0.0
2025-08-15,0.3228209428097485,1,1.0061584629849176,-1,0.0922082337033244,0,-1.0
2025-08-18,-0.1654305149195076,1,-0.5072311157162989,0,0.0,0,0.0
2025-08-19,-0.081254573444725,1,-0.2463184433860096,0,0.0,0,0.0
2025-08-20,0.2600767374570234,1,0.8116758352292863,0,0.0,0,0.0
2025-08-21,-0.0485595806947028,1,-0.1449766849123809,0,0.0,0,0.0
2025-08-22,-0.4677484060737241,2,-1.4442989701689226,0,0.0,0,0.0
2025-08-25,-0.1490179564455036,1,-0.4563585692831545,0,0.0,0,0.0
2025-08-26,-0.2170109198343299,1,-0.6671103050715662,0,0.0,0,0.0
2025-08-27,-0.0367976723034192,1,-0.1085193445333224,0,0.0,0,0.0
2025-08-28,-0.112985431363914,1,-0.3446717589531251,0,0.0,0,0.0
2025-08-29,0.322573390416355,1,1.0053911468685732,-1,-0.1036937399047235,-1,-1.0
2025-09-02,-0.1590506494733989,1,-0.4874560147374692,0,0.0,0,0.0
2025-09-03,0.2041938238115388,1,0.6384605425768816,0,0.0,0,0.0
2025-09-04,-0.3425927898663461,1,-1.0563652481375068,1,-0.0347068469970506,0,1.0
2025-09-05,0.0674341316776515,1,0.2145586994070027,0,0.0,0,0.0
2025-09-08,-0.0426738563577575,1,-0.1267332291404979,0,0.0,0,0.0
2025-09-09,0.4056006120813827,1,1.2627432346651966,-1,0.2074971752543174,0,0.0
2025-09-10,-0.5925175680197172,2,-1.8310348343290184,0,0.0,0,0.0
2025-09-11,0.0516922733448922,1,0.1657650624950176,0,0.0,0,0.0
2025-09-12,0.0081459686808884,1,0.0307884584804617,0,0.0,0,0.0
2025-09-15,-0.1225028164144621,1,-0.3741719501434875,0,0.0,0,0.0
2025-09-16,0.0280839990925182,1,0.0925885964362617,0,0.0,0,0.0
2025-09-17,0.2921878869235665,1,0.911207906651654,0,0.0,0,0.0
2025-09-18,-0.2004208169568931,1,-0.6156874400563503,0,0.0,0,0.0
2025-09-19,0.1838239294276572,1,0.5753217943114226,0,0.0,0,0.0
2025-09-22,0.0354712897810632,1,0.1154863237566784,0,0.0,0,0.0
2025-09-23,-0.2001746415860668,1,-0.6149243921742733,0,0.0,0,0.0
2025-09-24,-0.1233103574005904,1,-0.3766750130497704,0,0.0,0,0.0
2025-09-25,-0.0723600817826507,1,-0.2187489793810657,0,0.0,0,0.0
2025-09-26,-0.0448993958922371,1,-0.1336315359149071,0,0.0,0,0.0
2025-09-29,0.0192924037902026,1,0.0653380711176852,0,0.0,0,0.0
2025-09-30,0.0714729198420225,1,0.227077371541578,0,0.0,0,0.0
2025-10-01,0.16323785790097,1,0.5115129810007986,0,0.0,0,0.0
2025-10-02,-0.1465729479984045,1,-0.4487799942577256,0,0.0,0,0.0
2025-10-03,0.1481526961741224,1,0.4647548480981147,0,0.0,0,0.0
2025-10-06,-0.0861099349480522,1,-0.2613681752068556,0,0.0,0,0.0
2025-10-07,0.3633170495722333,1,1.131680640096984,-1,0.0720814844383743,0,0.0
2025-10-08,-0.0891442450269394,1,-0.2707733560398893,0,0.0,0,0.0
2025-10-09,0.3532671542186329,1,1.1005298741250564,-1,0.0276908637171416,0,-1.0
2025-10-10,0.2389266652777435,1,0.7461188393039412,0,0.0,0,0.0
2025-10-13,-0.2751957639569242,1,-0.8474606867028234,0,0.0,0,0.0
2025-10-14,-0.2162897336674816,1,-0.6648749085111798,0,0.0,0,0.0
2025-10-15,-0.0977438357198034,1,-0.2974287417630656,0,0.0,0,0.0
2025-10-16,-0.1555530773733344,1,-0.47661490185762,0,0.0,0,0.0
2025-10-17,0.2454973821630298,1,0.7664855054989298,0,0.0,0,0.0
2025-10-20,0.0678194138722615,1,0.21575292432728,0,0.0,0,0.0
2025-10-21,-0.2028386070633056,1,-0.6231816488141676,0,0.0,0,0.0
2025-10-22,0.2679120021099275,1,0.8359621075677633,0,0.0,0,0.0
2025-10-23,-0.300689189837164,1,-0.9264803894436616,0,0.0,0,0.0
2025-10-24,0.1109217961649508,1,0.3493535416860577,0,0.0,0,0.0
2025-10-27,-0.0459583035702355,1,-0.1369137377789682,0,0.0,0,0.0
2025-10-28,-0.111844371705563,1,-0.3411349179088483,0,0.0,0,0.0
2025-10-29,-0.8646805264946233,0,-2.674634128389527,0,0.0,0,0.0
2025-10-30,0.0209953171644845,1,0.0706164401082356,0,0.0,0,0.0
2025-10-31,0.0704683872452615,1,0.2239637112762834,0,0.0,0,0.0
2025-11-03,0.0724470132497979,1,0.2300966821625126,0,0.0,0,0.0
2025-11-04,0.0779915489609313,1,0.2472825859240514,0,0.0,0,0.0
2025-11-05,-0.2611752447602457,1,-0.8040025314749498,0,0.0,0,0.0
2025-11-06,-0.0920043008358529,1,-0.2796384164246426,0,0.0,0,0.0
2025-11-07,-0.0911993164222653,1,-0.2771432778986742,0,0.0,0,0.0
2025-11-10,-0.0086681648544618,1,-0.0213288144215685,0,0.0,0,0.0
2025-11-11,0.5126323070715828,2,1.5944998515163378,0,0.0,0,0.0
2025-11-12,-0.0293533098347638,1,-0.0854447168967063,0,0.0,0,0.0
2025-11-13,0.1543202956853213,1,0.4838720072547127,0,0.0,0,0.0
2025-11-14,0.0165616371408467,1,0.0568737568313125,0,0.0,0,0.0
2025-11-17,0.262801868762304,1,0.8201226821412951,0,0.0,0,0.0
2025-11-18,0.0356827227762687,1,0.1161416837898584,0,0.0,0,0.0
2025-11-19,-0.0817686215838201,1,-0.2479117926414841,0,0.0,0,0.0
2025-11-20,0.1092946033549247,1,0.3443098769877814,0,0.0,0,0.0
2025-11-21,-0.29553318396833,1,-0.9104987770468328,0,0.0,0,0.0
2025-11-24,0.069904902553169,1,0.2222171279383933,0,0.0,0,0.0
2025-11-25,-0.1515137078506238,1,-0.4640944277383528,0,0.0,0,0.0
2025-11-26,-0.1984745719251916,1,-0.6096548375890182,0,0.0,0,0.0
2025-11-28,0.0353140498634164,1,0.1149989411816641,0,0.0,0,0.0
2025-12-01,-0.2106803671802095,1,-0.6474880545641696,0,0.0,0,0.0
2025-12-02,-0.0715085030576175,1,-0.2161094166158,0,0.0,0,0.0
2025-12-03,-0.212536766144639,1,-0.6532421691750003,0,0.0,0,0.0
2025-12-04,-0.0016497665266274,1,0.0004254900876633,0,0.0,0,0.0
2025-12-05,-0.0093366808570204,1,-0.0234009539624775,0,0.0,0,0.0
2025-12-08,-0.1418063469433607,1,-0.4340053852968452,0,0.0,0,0.0
2025-12-09,0.083456313721066,1,0.2642212307701003,0,0.0,0,0.0
2025-12-10,-0.3775891479626699,1,-1.1648403439043304,1,0.1349854132653036,1,1.0
2025-12-11,-0.1507449412652534,1,-0.4617115503903482,0,0.0,0,0.0
2025-12-12,0.3100646237854507,1,0.966618836490519,0,0.0,0,0.0
2025-12-15,-0.0910966077991482,1,-0.2768249211228625,0,0.0,0,0.0
2025-12-16,0.1617400752741618,1,0.5068704375271686,0,0.0,0,0.0
2025-12-17,0.2090776791348563,1,0.6535985941549922,0,0.0,0,0.0
2025-12-18,-0.0300324450255518,1,-0.0875497717900349,0,0.0,0,0.0
2025-12-19,-0.0197696792450566,1,-0.0557391903058822,0,0.0,0,0.0
2025-12-22,0.0001249842831781,1,0.0059265271820384,0,0.0,0,0.0
2025-12-23,0.0312797160732822,1,0.1024940758743765,0,0.0,0,0.0
2025-12-24,0.0876104096176338,1,0.2770973120173114,0,0.0,0,0.0
2025-12-26,0.0565081879299584,1,0.1806925242149495,0,0.0,0,0.0
2025-12-29,0.0988128338901981,1,0.3118204692796283,0,0.0,0,0.0
2025-12-30,0.0142188062094911,1,0.0496118923554493,0,0.0,0,0.0
2025-12-31,0.0348361008583396,1,0.1135174851983113,0,0.0,0,0.0
