Date,spread,regime,z_score,gmm_signal
2016-07-06,-0.03543813507743429,1,-0.21503534887507758,0
2016-07-07,-0.11495123786176165,1,-0.7069288982233497,0
2016-07-08,-0.1094686674678702,1,-0.6730119598048103,0
2016-07-11,-0.1296729283595548,1,-0.7980019960875868,0
2016-07-12,-0.2038424754427154,0,-1.2568385964809603,0
2016-07-13,0.020816095255947208,1,0.13297135763715323,0
2016-07-14,0.05189771056413661,1,0.3252521961159709,0
2016-07-15,-0.03192809228411221,1,-0.1933210986759036,0
2016-07-18,-0.16901637139979797,1,-1.0413931500353784,1
2016-07-19,0.07326486894004097,1,0.45743628911406137,0
2016-07-20,-0.05893650358300995,1,-0.3604037910984085,0
2016-07-21,-0.04593592027904833,1,-0.27997801420061585,0
2016-07-22,0.01592038291383835,1,0.10268491130037745,0
2016-07-25,-0.12834524217387722,1,-0.7897885036262873,0
2016-07-26,-0.09646975369004843,1,-0.592596511131045,0
2016-07-27,-0.02236598481899331,1,-0.1341668358492485,0
2016-07-28,0.03381887437705912,1,0.21341071856391663,0
2016-07-29,-0.15039068453777515,1,-0.9261686788628641,0
2016-08-01,-0.01795823013823873,1,-0.10689905206707431,0
2016-08-02,0.24165128362102134,0,1.4991286426890686,0
2016-08-03,-0.021016282492391597,1,-0.12581714448081405,0
2016-08-04,-0.003462127969314513,1,-0.017221515939119268,0
2016-08-05,-0.08532609058439689,1,-0.52365823799324,0
2016-08-08,-0.07703782477279417,1,-0.47238436808692313,0
2016-08-09,-0.043840793495001806,1,-0.26701688812137536,0
2016-08-10,0.07821518599608197,1,0.4880605377199812,0
2016-08-11,-0.013167895014625647,1,-0.077264502992652,0
2016-08-12,-0.041171903676796254,1,-0.2505062799382501,0
2016-08-15,-0.070554582008519,1,-0.43227694952402423,0
2016-08-16,-0.023009202342486657,1,-0.13814598569442987,0
2016-08-17,0.0457098628598773,1,0.2869721861114485,0
2016-08-18,0.008784703062261173,1,0.05854130771436453,0
2016-08-19,-0.03203092432767843,1,-0.1939572506700438,0
2016-08-22,0.013967815778537352,1,0.0906057049193971,0
2016-08-23,-0.06606125377439957,1,-0.4044797803019541,0
2016-08-24,0.06219173998565286,1,0.38893436285243527,0
2016-08-25,-0.006077084701983718,1,-0.03339847676171153,0
2016-08-26,-0.026441443316441174,1,-0.15937892889218713,0
2016-08-29,0.03250718159078614,1,0.2052961663995466,0
2016-08-30,-0.05987808295272977,1,-0.36622870299275206,0
2016-08-31,-0.007643737305178158,1,-0.04309029210529437,0
2016-09-01,-0.03617723728268896,1,-0.21960767210663326,0
2016-09-02,0.08769785700456181,1,0.5467233811549189,0
2016-09-06,-0.03487862936588774,1,-0.211574067140421,0
2016-09-07,-0.09069403078905572,1,-0.5568660373055235,0
2016-09-08,0.004599409916136082,1,0.03264974231671466,0
2016-09-09,0.08621023301703157,1,0.5375204621680105,0
2016-09-12,-0.022723168813579275,1,-0.13637649056922396,0
2016-09-13,0.004023582479600107,1,0.029087489157784637,0
2016-09-14,-0.11866289830236024,1,-0.7298904198363823,0
2016-09-15,0.0022943999976281493,1,0.01839021186959792,0
2016-09-16,-0.0676351033010284,1,-0.41421611812156367,0
2016-09-19,0.009890200957399065,1,0.06538027216669383,0
2016-09-20,-0.010213419716937032,1,-0.05898717146172475,0
2016-09-21,0.025937341076888165,1,0.164653026390296,0
2016-09-22,-0.08015262769857179,1,-0.49165353773355314,0
2016-09-23,-0.16397029216209397,1,-1.0101764858679716,1
2016-09-26,0.031984931609994494,1,0.202065360561225,0
2016-09-27,-0.0497402590712922,1,-0.3035128738138293,0
2016-09-28,-0.02409923084661226,1,-0.14488925153376542,0
2016-09-29,-0.07566159607822376,1,-0.4638705761006719,0
2016-09-30,-0.10522629023084545,1,-0.6467672539170941,0
2016-10-03,0.02781667607709143,1,0.17627919530200187,0
2016-10-04,-0.023870545136521537,1,-0.1434745284040836,0
2016-10-05,0.048421124323667075,1,0.3037449188804383,0
2016-10-06,0.015278962142025336,1,0.09871687673721108,0
2016-10-07,0.06186781475265582,1,0.3869304574959236,0
2016-10-10,-0.05462898420953091,1,-0.3337560950670484,0
2016-10-11,-0.017234991281507295,1,-0.10242486459599583,0
2016-10-12,0.060957486806666426,1,0.3812988769294071,0
2016-10-13,0.03157526510945469,1,0.19953103223113586,0
2016-10-14,0.07285761035303413,1,0.454916856909174,0
2016-10-17,-0.04596112006607955,1,-0.2801339081633912,0
2016-10-18,-0.06017016217830462,1,-0.3680355987360688,0
2016-10-19,-0.08283938334779953,1,-0.5082746696759813,0
2016-10-20,-0.16046355676646012,1,-0.9884826962913994,0
2016-10-21,0.024043695137888718,1,0.15293832542245778,0
2016-10-24,-0.05733549292038881,1,-0.3504994257824524,0
2016-10-25,0.050054768300578145,1,0.31385116434231963,0
2016-10-26,0.06772791477641105,1,0.42318291525800483,0
2016-10-27,0.01389139243009796,1,0.09013292558114264,0
2016-10-28,0.13601001547592745,1,0.8455978845385348,0
2016-10-31,-0.039645865753517,1,-0.24106572002753995,0
2016-11-01,-0.039232864605193596,1,-0.2385107624970214,0
2016-11-02,0.16479830868526085,1,1.0236914971702502,-1
2016-11-03,0.13859099857996435,1,0.8615646736009139,0
2016-11-04,-0.18515515748772077,0,-1.1412328556055855,0
2016-11-07,0.012394552983534535,1,0.08087299680975889,0
2016-11-08,0.09395188144456659,1,0.5854127816660402,0
2016-11-09,0.2263081353403927,0,1.404211007712524,0
2016-11-10,0.29090095266719107,0,1.8038028870970382,0
2016-11-11,-0.14195507965365453,1,-0.8739833222103303,0
2016-11-14,-0.20423019646759324,0,-1.259237163061885,0
2016-11-15,-0.017301621227360786,1,-0.10283705880564271,0
2016-11-16,-0.029120788995301336,1,-0.17595422038194722,0
2016-11-17,0.036426409657106584,1,0.2295417679009349,0
2016-11-18,-0.013277390879757545,1,-0.07794187952372236,0
2016-11-21,0.053019094033233405,1,0.3321894338224489,0
2016-11-22,-0.21137287878801989,0,-1.3034240861655113,0
2016-11-23,0.010692833433765522,1,0.07034561402604723,0
2016-11-25,0.02083774820455997,1,0.1331053097201939,0
2016-11-28,0.02019174054936984,1,0.12910889922569285,0
2016-11-29,-0.018014341676053952,1,-0.10724617603191547,0
2016-11-30,0.07682566440887606,1,0.4794645116375796,0
2016-12-01,0.17991409466604857,1,1.1172025960572638,-1
2016-12-02,-0.059459898254042395,1,-0.36364167835759953,0
2016-12-05,-0.10933677565013694,1,-0.6721960347297848,0
2016-12-06,-0.042455575059477335,1,-0.2584474827150616,0
2016-12-07,-0.13577464991583876,1,-0.8357492021247657,0
2016-12-08,-0.18175995833377012,0,-1.1202290649836677,0
2016-12-09,0.07503046561934398,1,0.4683588363029892,0
2016-12-12,0.06460785950541087,1,0.4038812529196868,0
2016-12-13,0.0027919317851371472,1,0.021468103038493797,0
2016-12-14,0.009168544081260388,1,0.06091587133481724,0
2016-12-15,0.0443701694579641,1,0.27868441316045456,0
2016-12-16,0.014237450540277002,1,0.09227375201271132,0
2016-12-19,-0.043189237452332704,1,-0.2629861535228635,0
2016-12-20,-0.0742649494747574,1,-0.4552304723830782,0
2016-12-21,0.006910042321268156,1,0.04694405526891378,0
2016-12-22,0.05674538715436937,1,0.3552414778891899,0
2016-12-23,-0.037278729961784815,1,-0.22642185900827175,0
2016-12-27,-0.0361010090589924,1,-0.21913609987260385,0
2016-12-28,0.03732148102651456,1,0.23507896639276496,0
2016-12-29,-0.015429043838631314,1,-0.09125269464531192,0
2016-12-30,-0.033658428396868334,1,-0.20402551269402777,0
2017-01-03,-0.10772448996650646,1,-0.6622219185185795,0
2017-01-04,-0.08671313808246889,1,-0.5322389585669535,0
2017-01-05,0.04039983885483907,1,0.25412267498059093,0
2017-01-06,0.11394268264164076,1,0.7090822878330505,0
2017-01-09,-0.12769044638820407,1,-0.7857377269387431,0
2017-01-10,-0.008179746736494298,1,-0.046406218316467386,0
2017-01-11,0.10093701053404208,1,0.6286250299642566,0
2017-01-12,-0.007987439432186966,1,-0.0452165436695364,0
2017-01-13,0.02693875983559732,1,0.17084812393216278,0
2017-01-17,-0.029871990329340736,1,-0.18060139270369732,0
2017-01-18,0.037543230911328385,1,0.23645078228334224,0
2017-01-19,0.08738070296408046,1,0.5447613645664622,0
2017-01-20,-0.06704515041980347,1,-0.41056648043252647,0
2017-01-23,-0.09421109765316042,1,-0.5786237406587961,0
2017-01-24,-0.10477816617071456,1,-0.6439950147921283,0
2017-01-25,0.03454962240199366,1,0.21793136015728107,0
2017-01-26,0.017455923157370767,1,0.11218425561105062,0
2017-01-27,0.004578058717383177,1,0.03251765695506182,0
2017-01-30,-0.0313296430817982,1,-0.1896189000203016,0
2017-01-31,0.008296290106552404,1,0.055519828562897916,0
2017-02-01,-0.10671011793666572,1,-0.6559466878880836,0
2017-02-02,0.16519813846045517,1,1.0261649723632496,-1
2017-02-03,0.006884451476384057,1,0.046785742096869615,0
2017-02-06,-0.050732021182147105,1,-0.3096482322357083,0
2017-02-07,0.08511026382034963,1,0.5307157000170825,0
2017-02-08,-0.08489019475883627,1,-0.5209616466482551,0
2017-02-09,0.024524470693823075,1,0.15591255717002145,0
2017-02-10,-0.03492732148385527,1,-0.21187529219508025,0
2017-02-13,0.04710965069723888,1,0.29563172250914077,0
2017-02-14,0.0070834601749710305,1,0.048016873717586867,0
2017-02-15,0.004438099810851637,1,0.031651826282053895,0
2017-02-16,0.05113248732334682,1,0.3205182797830005,0
2017-02-17,-0.011289034025700806,1,-0.06564126646670408,0
2017-02-21,-0.13387969344703832,1,-0.8240263937993629,0
2017-02-22,0.009491223452683906,1,0.06291206939215516,0
2017-02-23,0.0208909230154067,1,0.1334342661503595,0
2017-02-24,0.050198927494169515,1,0.31474297933788314,0
2017-02-27,-0.05122864161817291,1,-0.3127204854921083,0
2017-02-28,0.05835214963695143,1,0.36518142580771984,0
2017-03-01,0.12879573063192917,1,0.8009680052650621,0
2017-03-02,-0.03831582833287889,1,-0.2328376820728614,0
2017-03-03,0.018845450502787305,1,0.12078031731558954,0
2017-03-06,0.023080866617822993,1,0.14698195947062845,0
2017-03-07,0.014884226148964813,1,0.09627491331378991,0
2017-03-08,-0.03230743794228819,1,-0.19566785255288627,0
2017-03-09,0.1039584494146469,1,0.6473166196906799,0
2017-03-10,0.05679690694745801,1,0.3555601958488298,0
2017-03-13,0.03181685093801903,1,0.20102555963006138,0
2017-03-14,-0.06454147305647864,1,-0.3950779294699357,0
2017-03-15,-0.08315226158966765,1,-0.5102102348032007,0
2017-03-16,-0.08434035237296011,1,-0.5175601453446982,0
2017-03-17,0.05328215574678672,1,0.3338168179320637,0
2017-03-20,-0.06777688013724964,1,-0.41509319509054315,0
2017-03-21,0.04579433125002985,1,0.28749473465734754,0
2017-03-22,-0.04793736758941122,1,-0.2923596090177409,0
2017-03-23,-0.10075429624079374,1,-0.6191020651695578,0
2017-03-24,-0.05741750165355243,1,-0.35100675810153986,0
2017-03-27,-0.042419209869640005,1,-0.25822251599039076,0
2017-03-28,-0.04471296052604823,1,-0.27241239303192616,0
2017-03-29,-0.057739220669090596,1,-0.3529970150894371,0
2017-03-30,-0.037713391212529965,1,-0.22911081287758717,0
2017-03-31,-0.008220084603008354,1,-0.04665576129288167,0
2017-04-03,-0.04014403396274524,1,-0.24414754830525687,0
2017-04-04,0.06633086493390666,1,0.4145403169744251,0
2017-04-05,0.05028156342617279,1,0.31525419171010116,0
2017-04-06,-0.06781621446130277,1,-0.41533652983151276,0
2017-04-07,0.046344335293509,1,0.2908972360266714,0
2017-04-10,-0.007083020946688327,1,-0.039621520920458085,0
2017-04-11,0.032041773087823806,1,0.20241700016904537,0
2017-04-12,-0.043254631028838086,1,-0.2633906991552866,0
2017-04-13,-0.006793441261581046,1,-0.037830088135940305,0
2017-04-17,-0.009527778540452725,1,-0.05474557529618475,0
2017-04-18,-0.061942462361939815,1,-0.37899961595224446,0
2017-04-19,-0.048652595623527466,1,-0.2967842389714869,0
2017-04-20,-0.01058486100509387,1,-0.061285026371267724,0
2017-04-21,0.08350036121352762,1,0.5207563262831373,0
2017-04-24,0.11437956512255776,1,0.7117849829444366,0
2017-04-25,-0.037971418318306915,1,-0.23070705128917263,0
2017-04-26,0.06350965062315753,1,0.397087380638251,0
2017-04-27,0.004559539043665906,1,0.03240308831519539,0
2017-04-28,0.016427923180242388,1,0.1058247181288925,0
2017-05-01,-0.05963151175181122,1,-0.36470333448190584,0
2017-05-02,0.008230045981494814,1,0.05511002116440621,0
2017-05-03,0.09324008943489145,1,0.5810094080612328,0
2017-05-04,0.03981670327870057,1,0.2505152113267571,0
2017-05-05,0.008534015484467111,1,0.05699047397626837,0
2017-05-08,-0.007476536557433577,1,-0.04205593466756679,0
2017-05-09,-0.15266244639947496,1,-0.9402225261697236,0
2017-05-10,-0.02343389364368933,1,-0.14077326225905532,0
2017-05-11,0.03805595213754391,1,0.23962264019050297,0
2017-05-12,0.012879568640314316,1,0.08387345918072192,0
2017-05-15,0.0059463600455994525,1,0.04098240771117147,0
2017-05-16,-0.018341158879253076,1,-0.10926797204339472,0
2017-05-17,0.17727101232087672,1,1.100851641177377,-1
2017-05-18,0.018062699787717212,1,0.1159379704066142,0
2017-05-19,0.007724311915520976,1,0.05198138807090255,0
2017-05-22,-0.0697261338025027,1,-0.4271519032833575,0
2017-05-23,0.045462049404783336,1,0.28543913261794984,0
2017-05-24,0.04109904341845766,1,0.25844817860798364,0
2017-05-25,0.049763407101583224,1,0.3120487105416584,0
2017-05-26,-0.00997952443950707,1,-0.05754022027805769,0
2017-05-30,-0.03919843199887313,1,-0.23829775135366021,0
2017-05-31,0.07676374878865792,1,0.47908148175794063,0
2017-06-01,-0.031364230018105455,1,-0.1898328658984463,0
2017-06-02,-0.0574932616797279,1,-0.35147543391557834,0
2017-06-05,-0.026922747841633232,1,-0.16235643301319058,0
2017-06-06,-0.10438211377404491,1,-0.6415449076738821,0
2017-06-07,-0.029292660639822582,1,-0.17701747348483762,0
2017-06-08,-0.03501877331263968,1,-0.21244104253156468,0
2017-06-09,0.14288096048985338,1,0.8881037535327834,0
2017-06-12,-0.029206441227103475,1,-0.17648409255188421,0
2017-06-13,0.009777745654416525,1,0.06468458760414876,0
2017-06-14,0.06885903795709447,1,0.43018040594335316,0
2017-06-15,0.10517758714301043,1,0.6548585965894526,0
2017-06-16,0.11213546185105021,1,0.697902240545111,0
2017-06-19,-0.075169294032578,1,-0.46082503779183553,0
2017-06-20,-0.011393761339230257,1,-0.06628914320854674,0
2017-06-21,-0.17059763382036125,1,-1.051175346393778,1
2017-06-22,-0.12592460523358767,1,-0.7748136673471367,0
2017-06-23,-0.110621175875175,1,-0.6801417463591168,0
2017-06-26,-0.029314000862646274,1,-0.17714949094587296,0
2017-06-27,0.08453642349023005,1,0.5271657397356012,0
2017-06-28,-0.041946172266566606,1,-0.25529615370036535,0
2017-06-29,0.01093775199153657,1,0.0718607587564703,0
2017-06-30,0.07670493301048825,1,0.47871762849516414,0
2017-07-03,0.01932079856384511,1,0.12372097283954465,0
2017-07-05,-0.04370961806547213,1,-0.266205394853484,0
2017-07-06,0.1352174890362537,1,0.8406950618626183,0
2017-07-07,-0.011367019588950478,1,-0.06612371016669219,0
2017-07-10,-0.004654943117945546,1,-0.02460065291944795,0
2017-07-11,-0.08132081977587158,1,-0.498880348499348,0
2017-07-12,-0.05662404009880967,1,-0.34609815050396603,0
2017-07-13,-0.06212999541874855,1,-0.38015975557330783,0
2017-07-14,-0.10149476278815395,1,-0.6236828286588485,0
2017-07-17,-0.03917902762446117,1,-0.23817770967162105,0
2017-07-18,0.008522729798139395,1,0.056920657101939755,0
2017-07-19,-0.04969752027189972,1,-0.3032484778967806,0
2017-07-20,0.0397067388156189,1,0.24983493589851555,0
2017-07-21,0.08225206268693101,1,0.513033951336214,0
2017-07-24,0.00952286549985508,1,0.06310781724183838,0
2017-07-25,0.08098266884795333,1,0.5051810740227829,0
2017-07-26,-0.12073706487294797,1,-0.742721879314367,0
2017-07-27,-0.05705341558733834,1,-0.3487544049533541,0
2017-07-28,0.16489491009024032,1,1.024289104436266,-1
2017-07-31,0.04202576338504424,1,0.26418116546994314,0
2017-08-01,-0.009415916655997697,1,-0.05405356181092788,0
2017-08-02,0.1387146542990132,1,0.8623296475286091,0
2017-08-03,0.09995673789962675,1,0.6225607491276827,0
2017-08-04,0.0038649655290648455,1,0.028106233841950476,0
2017-08-07,-0.1449413477157451,1,-0.8924573339760571,0
2017-08-08,-0.06167223530891808,1,-0.37732790475514366,0
2017-08-09,0.19137839398616774,1,1.1881244276283485,-1
2017-08-10,0.11526233144713138,1,0.7172460584833632,0
2017-08-11,-0.017369220150777673,1,-0.10325524742119513,0
2017-08-14,-0.02974749468705007,1,-0.17983122274151067,0
2017-08-15,0.02981309880584066,1,0.18862970644615493,0
2017-08-16,0.0038542115239150465,1,0.028039706117869673,0
2017-08-17,0.03224878342878679,1,0.20369763251519182,0
2017-08-18,0.008832618715245266,1,0.05883772930766615,0
2017-08-21,-0.021425242735301817,1,-0.1283471036747482,0
2017-08-22,0.08264315949451617,1,0.5154534015913959,0
2017-08-23,-0.10126759835674054,1,-0.6222775166468558,0
2017-08-24,-0.05676570258414418,1,-0.34697452006169416,0
2017-08-25,0.02638283948930794,1,0.16740902241661856,0
2017-08-28,-0.013413930092237738,1,-0.07878655487281888,0
2017-08-29,0.05312933644665681,1,0.3328714287406279,0
2017-08-30,-0.10820043477252733,1,-0.6651662656982198,0
2017-08-31,0.005908101304466173,1,0.04074572687102502,0
2017-09-01,-0.13530577448735973,1,-0.8328485883813638,0
2017-09-05,-0.021632979469473457,1,-0.12963222972219818,0
2017-09-06,0.022631808294329432,1,0.14420394069293374,0
2017-09-07,0.010386649547130027,1,0.0684514623268122,0
2017-09-08,0.37875409121472536,0,2.3472905718720565,0
2017-09-11,-0.07761867420447388,1,-0.47597768891809283,0
2017-09-12,-0.03643940503193019,1,-0.22122952586636777,0
2017-09-13,-0.046875044475411715,1,-0.28578773760533605,0
2017-09-14,-0.02980700519718925,1,-0.18019937383901327,0
2017-09-15,-0.04889734875197828,1,-0.29829836030309087,0
2017-09-18,0.0811957624611038,1,0.5064993394412555,0
2017-09-19,0.040159212571858546,1,0.25263408363832096,0
2017-09-20,0.15066002591141664,1,0.9362275465534651,0
2017-09-21,-0.0005978758498050851,1,0.0004976660819288422,0
2017-09-22,0.03165703919879409,1,0.20003691296828915,0
2017-09-25,0.031191416072987255,1,0.197156419012054,0
2017-09-26,-0.029637554866357198,1,-0.17915109975898774,0
2017-09-27,-0.030466823998870046,1,-0.1842812245141886,0
2017-09-28,-0.03341724073229401,1,-0.20253344846521404,0
2017-09-29,-0.048839597314547734,1,-0.29794109139340275,0
2017-10-02,0.044517928249367344,1,0.2795984964222774,0
2017-10-03,-0.022278152502152725,1,-0.13362347697422905,0
2017-10-04,-0.15135743047281058,1,-0.9321492791997978,0
2017-10-05,0.019948652121312,1,0.12760507626449868,0
2017-10-06,-0.02057429654543904,1,-0.12308287769212821,0
2017-10-09,0.0537386172437843,1,0.3366406351148491,0
2017-10-10,-0.07549040782358661,1,-0.4628115506667304,0
2017-10-11,0.014791206776336371,1,0.09569946564846032,0
2017-10-12,0.12311392609031076,1,0.7658185405251361,0
2017-10-13,-0.05302011958948205,1,-0.32380314265210774,0
2017-10-16,0.003511168511670956,1,0.02591753204890442,0
2017-10-17,0.024734674461982027,1,0.15721294508076047,0
2017-10-18,-0.024049839679617366,1,-0.14458370193767595,0
2017-10-19,0.11129155019908893,1,0.6926815324695431,0
2017-10-20,-0.0139860349887021,1,-0.08232577920524993,0
2017-10-23,0.007890290363434471,1,0.05300818396995001,0
2017-10-24,-0.07196208194695254,1,-0.44098419545179873,0
2017-10-25,0.03521714877000778,1,0.22206089230919138,0
2017-10-26,0.13775451528408914,1,0.856389919717964,0
2017-10-27,-0.03808311420909702,1,-0.23139803788439314,0
2017-10-30,-0.04072962579689293,1,-0.24777020715872383,0
2017-10-31,-0.037497068172310244,1,-0.22777256918776273,0
2017-11-01,-0.05730789459440222,1,-0.3503286936886183,0
2017-11-02,0.2507522844037551,0,1.5554303517266725,0
2017-11-03,-0.09134654446201687,1,-0.560902696112082,0
2017-11-06,-0.04283100069683888,1,-0.2607699860863489,0
2017-11-07,0.09080723732140071,1,0.5659590048039185,0
2017-11-08,-0.041638307105754974,1,-0.2533916010999836,0
2017-11-09,-0.046005160869810435,1,-0.2804063586967592,0
2017-11-10,-0.07945242395135138,1,-0.4873218528360158,0
2017-11-13,-0.0430064294319801,1,-0.2618552444923798,0
2017-11-14,0.13233152496279305,1,0.822841562732586,0
2017-11-15,-0.018503968584208885,1,-0.11027516508246253,0
2017-11-16,-0.2029607003190365,0,-1.2513836528285929,0
2017-11-17,-0.10731587423993716,1,-0.6596940906131978,0
2017-11-20,0.045430313322826224,1,0.28524280303892896,0
2017-11-21,-0.03480927337633721,1,-0.21114500875037043,0
2017-11-22,-0.038464058476674,1,-0.2337546812717174,0
2017-11-24,-0.0017147983720867122,1,-0.006411974777167734,0
2017-11-27,0.13045315292736587,1,0.8112213510297555,0
2017-11-28,0.11006657530305891,1,0.6851034449799236,0
2017-11-29,0.03165578271365049,1,0.20002913994830449,0
2017-11-30,0.1414777173815484,1,0.8794228417211178,0
2017-12-01,-0.07346747459312858,1,-0.45029703705853175,0
2017-12-04,-0.0733316743837078,1,-0.4494569334193188,0
2017-12-05,0.06493290002253707,1,0.4058920577814324,0
2017-12-06,0.04648763863884922,1,0.2917837564705293,0
2017-12-07,-0.09369395451549362,1,-0.5754245273895313,0
2017-12-08,-0.0010019005699453132,1,-0.0020017603855966046,0
2017-12-11,-0.10708648721255697,1,-0.6582750289098891,0
2017-12-12,-0.009651007631646363,1,-0.055507909967171185,0
2017-12-13,-0.03460543858564817,1,-0.2098840213764447,0
2017-12-14,-0.056888231452884075,1,-0.3477325229320585,0
2017-12-15,-0.0014779622988325691,1,-0.00494683088757913,0
2017-12-18,-0.22927673128068277,0,-1.4141830584761699,0
2017-12-19,0.060897396811309124,1,0.3809271409505358,0
2017-12-20,0.02498443426376465,1,0.1587580392989626,0
2017-12-21,-0.03356918861766253,1,-0.20347344680552054,0
2017-12-22,-0.05459544783513569,1,-0.33354862830174953,0
2017-12-26,0.02431719517598599,1,0.15463028435470402,0
2017-12-27,0.05240908836478553,1,0.3284157431618131,0
2017-12-28,0.033958430263268585,1,0.21427405602398553,0
2017-12-29,0.010703652056063329,1,0.07041254149252481,0
2018-01-02,-0.3596127827691045,0,-2.2204836646614914,0
2018-01-03,0.08376211203251166,1,0.522375600778614,0
2018-01-04,0.23293993187528225,0,1.4452374275335524,0
2018-01-05,0.004210706897619709,1,0.03024510080827018,0
2018-01-08,-0.07101757424442673,1,-0.4351411679517604,0
2018-01-09,0.1245863363142344,1,0.774927342292148,0
2018-01-10,-0.04968143177837139,1,-0.3031489493171101,0
2018-01-11,-0.09257619507032275,1,-0.5685097090570863,0
2018-01-12,0.017491213646316006,1,0.11240257389140493,0
2018-01-16,-0.020204609740717056,1,-0.12079587657968059,0
2018-01-17,-0.015686422240259734,1,-0.09284491996503047,0
2018-01-18,0.0540381314403782,1,0.33849352597288024,0
2018-01-19,0.03059813985352111,1,0.19348622208704294,0
2018-01-22,-0.050315528273798066,1,-0.3070716735580538,0
2018-01-23,-0.05483821353489096,1,-0.3350504547621826,0
2018-01-24,0.16896036476007684,1,1.049439310593918,-1
2018-01-25,0.15402206242770422,1,0.9570261824653461,0
2018-01-26,0.10183398817502387,1,0.6341740212632799,0
2018-01-29,-0.028255619439214674,1,-0.17060200409520687,0
2018-01-30,0.052551713987138815,1,0.32929807099396496,0
2018-01-31,-0.04170475951203724,1,-0.2538026969929156,0
2018-02-01,0.22009885449040728,0,1.3657984053960965,0
2018-02-02,0.05649964155465037,1,0.3537212168120895,0
2018-02-05,-0.10663612783603682,1,-0.6554889614009951,0
2018-02-06,-0.27660414657323984,0,-1.7069656248021348,0
2018-02-07,0.12664154569366337,1,0.7876415265070854,0
2018-02-08,-0.045602239645722076,1,-0.2779137588096417,0
2018-02-09,0.0625123560127625,1,0.3909177964002454,0
2018-02-12,-0.003377543129550409,1,-0.016698246998584083,0
2018-02-13,0.01911185377811192,1,0.12242837339777854,0
2018-02-14,0.0900863644643457,1,0.5614994541654857,0
2018-02-15,0.09055554146857914,1,0.5644019335532032,0
2018-02-16,-0.022593665999832965,1,-0.13557534463888535,0
2018-02-20,-0.032771980770471304,1,-0.19854166344162844,0
2018-02-21,0.11087242891049562,1,0.690088713788919,0
2018-02-22,-0.08315454007055771,1,-0.5102243302165714,0
2018-02-23,-0.058192082498581765,1,-0.3557985635748104,0
2018-02-26,0.011680553486161038,1,0.0764559669782283,0
2018-02-27,0.10934499226307237,1,0.6806395009221594,0
2018-02-28,-0.1165503493981706,1,-0.7168215149356107,0
2018-03-01,-0.12842726741254706,1,-0.7902959380537286,0
2018-03-02,-0.009554212404764173,1,-0.05490910365671694,0
2018-03-05,0.0893210339461673,1,0.5567648741801914,0
2018-03-06,-0.07430126802153533,1,-0.45545515055882774,0
2018-03-07,0.002446550244740886,1,0.019331462084540518,0
2018-03-08,0.028131210085721836,1,0.17822500353332707,0
2018-03-09,0.14422723654127512,1,0.8964322488643345,0
2018-03-12,-0.21629867583304083,0,-1.3338966461210282,0
2018-03-13,0.010001818662854822,1,0.0660707750823663,0
2018-03-14,-0.06832454759367679,1,-0.41848124158314703,0
2018-03-15,0.10780678765344331,1,0.6711236739884953,0
2018-03-16,0.008329864984527355,1,0.05572753352368696,0
2018-03-19,0.08649083947718272,1,0.5392563837057249,0
2018-03-20,0.1976708614182039,1,1.227051648814751,-1
2018-03-21,-0.011595448348160758,1,-0.06753684371583743,0
2018-03-22,-0.12861166529136536,1,-0.7914366824584621,0
2018-03-23,0.15387293650002398,1,0.9561036416601476,0
2018-03-26,0.04876436503184789,1,0.30586831595985847,0
2018-03-27,-0.10602822037081727,1,-0.6517282508983092,0
2018-03-28,-0.017545823461744797,1,-0.10434777212990763,0
2018-03-29,-0.013943762128533765,1,-0.08206426573764312,0
2018-04-02,0.09065159223657093,1,0.564996134402254,0
2018-04-03,0.006458504884069516,1,0.04415069989892259,0
2018-04-04,-0.12246328541366919,1,-0.7534008330842432,0
2018-04-05,0.06319491544540462,1,0.39514032791023,0
2018-04-06,-0.0763575419570306,1,-0.46817592045893625,0
2018-04-09,0.025985646361856157,1,0.1649518583719838,0
2018-04-10,-0.049365040398261395,1,-0.30119165079025423,0
2018-04-11,-0.0700264865541182,1,-0.4290099817116312,0
2018-04-12,0.06801767453766971,1,0.4249754620513357,0
2018-04-13,0.004263083128537876,1,0.030569116966936545,0
2018-04-16,0.0987762529746844,1,0.6152578908647237,0
2018-04-17,-0.05745631570579057,1,-0.351246874274239,0
2018-04-18,0.023968708034634554,1,0.15247443115744483,0
2018-04-19,0.2066121224652195,1,1.2823651566273635,-1
2018-04-20,0.058130212285146865,1,0.36380845018622743,0
2018-04-23,-0.01091829990247882,1,-0.06334778630619742,0
2018-04-24,-0.19570013855958468,0,-1.2064674897176362,0
2018-04-25,0.03248676534788643,1,0.20516986497459108,0
2018-04-26,-0.0024915416245354094,1,-0.011217157596100823,0
2018-04-27,-0.08182638843824928,1,-0.50200795835317,0
2018-04-30,-4.65570341755539e-05,1,0.003908301053350802,0
2018-05-01,-0.11195071664445658,1,-0.6883667118692547,0
2018-05-02,-0.06680233827628435,1,-0.4090643666560782,0
2018-05-03,0.1456264862745291,1,0.9050884563774764,0
2018-05-04,-0.08224599179185321,1,-0.5046037592425218,0
2018-05-07,-0.009080270414377672,1,-0.051977146536784855,0
2018-05-08,0.07191999183069732,1,0.44911644808676987,0
2018-05-09,-0.009739433315714918,1,-0.05605493960212342,0
2018-05-10,-0.04903830059722142,1,-0.2991703336133501,0
2018-05-11,0.11420739049243289,1,0.7107198554754512,0
2018-05-14,-0.1262002410915932,1,-0.7765188391461766,0
2018-05-15,0.09107175064796608,1,0.5675953690570791,0
2018-05-16,-0.12630581461930698,1,-0.7771719508402984,0
2018-05-17,0.05071063075653415,1,0.31790853979425665,0
2018-05-18,0.1311395413936713,1,0.815467570169744,0
2018-05-21,0.0010264832995464657,1,0.010546472623388141,0
2018-05-22,-0.19891127081904272,0,-1.2263325835099879,0
2018-05-23,0.04691215021157877,1,0.29440992117719084,0
2018-05-24,0.058001283617188266,1,0.3630108561058289,0
2018-05-25,-0.11150918828927872,1,-0.6856352758900119,0
2018-05-29,-0.08457911781013161,1,-0.5190372248981215,0
2018-05-30,0.11900566636874832,1,0.7404035285922574,0
2018-05-31,-0.07863415270726581,1,-0.4822597645450504,0
2018-06-01,-0.038164123903690284,1,-0.23189918983054703,0
2018-06-04,-0.05605814576293425,1,-0.34259734669072694,0
2018-06-05,-0.03194243130012466,1,-0.19340980442669864,0
2018-06-06,-0.0545497152205609,1,-0.33326571168402946,0
2018-06-07,0.11683191435166332,1,0.7269560016106079,0
2018-06-08,0.034912458141154984,1,0.2201759783814066,0
2018-06-11,-0.10537607038021392,1,-0.6476938419474293,0
2018-06-12,-0.08198458413436663,1,-0.5029866076541015,0
2018-06-13,0.10344004451793765,1,0.6441096007754012,0
2018-06-14,-0.18146222008745344,0,-1.118387160723502,0
2018-06-15,0.015070349720199105,1,0.09742633340514444,0
2018-06-18,0.02343922696777273,1,0.14919889150207738,0
2018-06-19,-0.037632417011156216,1,-0.22860988050386993,0
2018-06-20,-0.19356695192584525,0,-1.1932709132044732,0
2018-06-21,-0.12847786918949183,1,-0.7906089768711447,0
2018-06-22,0.08885275095391487,1,0.5538679254372494,0
2018-06-25,0.11798586717697779,1,0.7340947237978684,0
2018-06-26,-0.07528144326924718,1,-0.46151882893002744,0
2018-06-27,-0.0030991084932496804,1,-0.01497576105959421,0
2018-06-28,0.018576226276869334,1,0.11911480992850472,0
2018-06-29,0.04472194789893222,1,0.28086062739248324,0
2018-07-02,0.07624296521959131,1,0.4758597476127485,0
2018-07-03,0.047767557743404854,1,0.29970174645170544,0
2018-07-05,-0.11664367863449693,1,-0.7173988795171319,0
2018-07-06,-0.06761858742577803,1,-0.4141139456215226,0
2018-07-09,0.11328563775100037,1,0.7050175974610134,0
2018-07-10,0.020759596832560456,1,0.13262184027411345,0
2018-07-11,0.1214771994984786,1,0.7556932250189261,0
2018-07-12,0.05134188045479826,1,0.3218136528351398,0
2018-07-13,0.028714258122746854,1,0.18183192564213588,0
2018-07-16,0.0041650171939608405,1,0.029962449651235196,0
2018-07-17,0.09671403248663038,1,0.602500333683751,0
2018-07-18,0.06531201246278986,1,0.4082373688975619,0
2018-07-19,-0.06860251457212385,1,-0.4202008344407017,0
2018-07-20,0.19371216073858602,1,1.2025618570707861,-1
2018-07-23,-0.08516961950807878,1,-0.5226902577433782,0
2018-07-24,0.06334757584815068,1,0.3960847341114995,0
2018-07-25,0.12650614872840404,1,0.7868039174655537,0
2018-07-26,0.10251326397986657,1,0.6383762391988167,0
2018-07-27,0.030650537063912298,1,0.19381036803145638,0
2018-07-30,-0.15795768422686607,1,-0.9729805652645336,0
2018-07-31,-0.024954500690473225,1,-0.1501802250263787,0
2018-08-01,0.024025635976450133,1,0.15282660565920853,0
2018-08-02,-0.04664840476867155,1,-0.28438567170842266,0
2018-08-03,-0.11384849055984042,1,-0.7001069498226242,0
2018-08-06,0.01747697467695533,1,0.11231448706127731,0
2018-08-07,-0.026504284399530703,1,-0.15976768398189406,0
2018-08-08,0.04838559673049323,1,0.30352513379729945,0
2018-08-09,-0.021916150359785794,1,-0.13138401564716273,0
2018-08-10,0.23377603360086763,0,1.4504098209003407,0
2018-08-13,0.00014252414025586746,1,0.005078017826425141,0
2018-08-14,-0.07081946919981469,1,-0.4339156266242847,0
2018-08-15,0.07340717429189836,1,0.4583166356502323,0
2018-08-16,0.009867345228504243,1,0.06523887929916218,0
2018-08-17,-0.03702852144252515,1,-0.22487398887987736,0
2018-08-20,-0.05206070840696482,1,-0.31786791744610754,0
2018-08-21,-0.05469265433190039,1,-0.3341499788595689,0
2018-08-22,-0.045502906677404156,1,-0.2772992532169505,0
2018-08-23,0.045172610251262686,1,0.2836485692068878,0
2018-08-24,0.021816042010838255,1,0.1391573488914097,0
2018-08-27,-0.03949406546897127,1,-0.2401266347932508,0
2018-08-28,-0.09705692715506795,1,-0.596228954460228,0
2018-08-29,0.05992688670410823,1,0.3749232542376214,0
2018-08-30,0.06040664962083747,1,0.377891221474364,0
2018-08-31,0.05333167385005285,1,0.3341231527966286,0
2018-09-04,0.2071523249958148,0,1.2857070226951761,0
2018-09-05,0.02027489794730819,1,0.129623337553391,0
2018-09-06,0.19773750397405587,1,1.2274639210338918,-1
2018-09-07,0.07868780606247107,1,0.49098431699419626,0
2018-09-10,-0.14487605607863124,1,-0.8920534189733964,0
2018-09-11,0.09631799225722966,1,0.6000503018361318,0
2018-09-12,-0.07823764665065812,1,-0.4798068509409633,0
2018-09-13,0.09424823825580242,1,0.5872461399258446,0
2018-09-14,0.050413866937122666,1,0.3160726636513722,0
2018-09-17,-0.046111086394384715,1,-0.2810616479563262,0
2018-09-18,0.05665111806373288,1,0.354658299067546,0
2018-09-19,-0.07548464092257481,1,-0.4627758747679402,0
2018-09-20,-0.13499458374503043,1,-0.8309234626673808,0
2018-09-21,-0.0004345462785135014,1,0.0015080751808425944,0
2018-09-24,0.0718239223180967,1,0.4485221312775585,0
2018-09-25,0.05726973720099171,1,0.358485275408117,0
2018-09-26,-0.029446774003921483,1,-0.17797086817092142,0
2018-09-27,0.004716144264738098,1,0.03337189842751885,0
2018-09-28,-0.05285763769302572,1,-0.32279797754152806,0
2018-10-01,0.12883753694805394,1,0.8012266325416201,0
2018-10-02,0.012013852402351713,1,0.07851786094460586,0
2018-10-03,-0.04166726360015095,1,-0.25357073525908885,0
2018-10-04,0.17253913473872368,1,1.0715787291985786,-1
2018-10-05,0.1463908378189703,1,0.9098169801173288,0
2018-10-08,-0.06576649897397435,1,-0.4026563325947017,0
2018-10-09,0.11779454705800226,1,0.7329111561959366,0
2018-10-10,-0.11927468707835787,1,-0.7336751413720664,0
2018-10-11,-0.14858364099594445,1,-0.914989728092587,0
2018-10-12,0.024254461354996093,1,0.15424219282273852,0
2018-10-15,-0.12358790200125294,1,-0.7603580718983668,0
2018-10-16,0.013283088834286083,1,0.08636976448759519,0
2018-10-17,-0.025803761293381352,1,-0.15543402342762125,0
2018-10-18,0.08416011406487311,1,0.5248377689683917,0
2018-10-19,0.06043601158085893,1,0.3780728639738392,0
2018-10-22,0.10276671511401514,1,0.639944169182644,0
2018-10-23,-0.2116496381600252,0,-1.3051362083824036,0
2018-10-24,0.06501394786858272,1,0.4063934457447039,0
2018-10-25,-0.21905248483876127,0,-1.350932591627082,0
2018-10-26,0.30366043765090267,0,1.8827371524786551,0
2018-10-29,-0.12104447935093876,1,-0.7446236438463095,0
2018-10-30,-0.11075280692917921,1,-0.6809560582661016,0
2018-10-31,0.10781263791810836,1,0.6711598656015746,0
2018-11-01,-0.43860986034365546,0,-2.7091849166008872,0
2018-11-02,0.1809141393577801,1,1.1233891931802187,-1
2018-11-05,0.09325066051282102,1,0.5810748041388745,0
2018-11-06,0.003956075200204023,1,0.02866986748153016,0
2018-11-07,0.1235235426532395,1,0.768352559925151,0
2018-11-08,0.033895253118547714,1,0.21388322194927042,0
2018-11-09,0.21911724182645564,0,1.3597258347071364,0
2018-11-12,0.013821154036363748,1,0.08969840835587278,0
2018-11-13,-0.12673156054451684,1,-0.7798057516471929,0
2018-11-14,-0.1850262477292971,0,-1.1404353785056331,0
2018-11-15,0.19162327850960292,1,1.189639361811457,-1
2018-11-16,0.14615058738429215,1,0.9083307138931714,0
2018-11-19,0.12230279314759573,1,0.7608006120553136,0
2018-11-20,-0.1250683456555406,1,-0.7695165710414944,0
2018-11-21,-0.08277584814730644,1,-0.5078816205534503,0
2018-11-23,-0.07723650865997492,1,-0.4736134903201321,0
2018-11-26,-0.0896443235899902,1,-0.5503722119881376,0
2018-11-27,-0.06433383081270537,1,-0.39379338797038793,0
2018-11-28,0.08482394208607524,1,0.5289444219610645,0
2018-11-29,0.06515011516628877,1,0.4072358203097547,0
2018-11-30,0.02443367899708926,1,0.15535089062207041,0
2018-12-03,-0.14339002045917554,1,-0.8828603261407003,0
2018-12-04,0.16717814920432184,1,1.038413953706489,-1
2018-12-06,-0.32691343047873966,0,-2.0181949864907343,0
2018-12-07,0.20190745720913972,1,1.253260588823166,-1
2018-12-10,0.10633183077031946,1,0.6619991177710958,0
2018-12-11,-0.04218959213638991,1,-0.256802027066596,0
2018-12-12,0.11261079649186106,1,0.7008428130471153,0
2018-12-13,0.12930346259458628,1,0.8041089979880651,0
2018-12-14,-0.13815165904971782,1,-0.8504541428043979,0
2018-12-17,0.03434060630977154,1,0.2166383195907103,0
2018-12-18,-0.13778414374900338,1,-0.8481805753120241,0
2018-12-19,0.2618755564781503,0,1.6242424794068322,0
2018-12-20,0.02647739503218327,1,0.16799397332366162,0
2018-12-21,0.08445207661179366,1,0.5266439429001405,0
2018-12-24,-0.07960836671845928,1,-0.4882865647957032,0
2018-12-26,-0.059933634332714814,1,-0.36657236164164364,0
2018-12-27,0.2164753739497941,0,1.3433823929188684,0
2018-12-28,-0.021853874453078855,1,-0.1309987569197798,0
2018-12-31,0.09594128002833102,1,0.5977198391970563,0
2019-01-02,-0.27556636131107287,0,-1.7005455524091195,0
2019-01-03,-0.019372205867945524,1,-0.11564635931609894,0
2019-01-04,-0.01996423120614854,1,-0.11930881788852675,0
2019-01-07,-0.2619723658755395,0,-1.616448737790451,0
2019-01-08,-0.10470348053497619,1,-0.6435329855018322,0
2019-01-09,-0.04203801588064099,1,-0.25586432774627776,0
2019-01-10,0.07249411093341523,1,0.4526681329449317,0
2019-01-11,-0.11076551409807159,1,-0.6810346688873673,0
2019-01-14,0.01326174197818436,1,0.08623770599097501,0
2019-01-15,0.07485759770281497,1,0.4672894199420085,0
2019-01-16,-0.007374252795523228,1,-0.0414231745195539,0
2019-01-17,0.02014445370640222,1,0.1288163676527783,0
2019-01-18,0.05461832932935362,1,0.34208281615196684,0
2019-01-22,0.10896277223152451,1,0.6782749652498432,0
2019-01-23,0.09905006364127421,1,0.6169517714444265,0
2019-01-24,-0.24379890715052147,0,-1.5040218948783985,0
2019-01-25,-0.24713319731902209,0,-1.524648882986126,0
2019-01-28,-0.12333183411668736,1,-0.7587739538574104,0
2019-01-29,0.037854935667359,1,0.23837908785089781,0
2019-01-30,0.03477509675277313,1,0.2193262167885553,0
2019-01-31,-0.031208799187957048,1,-0.18887132094494063,0
2019-02-01,0.18032761671939246,1,1.119760776073265,-1
2019-02-04,0.0048705453514491515,1,0.03432707305793839,0
2019-02-05,-0.03432265177908961,1,-0.20813461151673573,0
2019-02-06,-0.02972429271414645,1,-0.179687687897519,0
2019-02-07,0.15384899536484173,1,0.9559555341212912,0
2019-02-08,-0.008433138546774382,1,-0.04797378130382225,0
2019-02-11,0.013766357407147774,1,0.08935941883724619,0
2019-02-12,0.07301982466076229,1,0.45592036663008007,0
2019-02-13,-0.0199168358038887,1,-0.11901561473302144,0
2019-02-14,-0.06295514309548561,1,-0.3852643836815531,0
2019-02-15,0.070202625408333,1,0.4384922687320832,0
2019-02-19,-0.07708736012840883,1,-0.47269080968004795,0
2019-02-20,0.029744094686659284,1,0.18820282483903356,0
2019-02-21,0.046910946321432466,1,0.2944024735267238,0
2019-02-22,0.03544943144437751,1,0.22349786741325378,0
2019-02-25,-0.05894124969083329,1,-0.3604331520432221,0
2019-02-26,0.01266783805319531,1,0.08256362587832827,0
2019-02-27,0.09801906424499474,1,0.6105736785936492,0
2019-02-28,0.09112784135725127,1,0.5679423641699549,0
2019-03-01,0.054855586191840444,1,0.34355056317867305,0
2019-03-04,-0.10242434414712115,1,-0.6294335170115674,0
2019-03-05,-0.031533406107279977,1,-0.19087944343164398,0
2019-03-06,0.057342360364381284,1,0.35893454558314075,0
2019-03-07,0.07254017744712365,1,0.45295311516975567,0
2019-03-08,-0.0975027892093019,1,-0.5989872000914132,0
2019-03-11,-0.07321817130179886,1,-0.4487547669603693,0
2019-03-12,0.018613719701297826,1,0.11934675627411995,0
2019-03-13,0.02893661431801159,1,0.18320749236357323,0
2019-03-14,0.007009043308223394,1,0.0475565071184471,0
2019-03-15,0.03795087561506827,1,0.23897260313014687,0
2019-03-18,0.07874277317710093,1,0.4913243611902586,0
2019-03-19,-0.07822837913401381,1,-0.4797495191114135,0
2019-03-20,0.013260265328277177,1,0.08622857096116791,0
2019-03-21,-0.0693463718235704,1,-0.42480257391268483,0
2019-03-22,0.13398277496632438,1,0.8330567247204349,0
2019-03-25,0.09449737374830859,1,0.5887873719666806,0
2019-03-26,-0.051973269652435594,1,-0.3173269932737402,0
2019-03-27,0.031784460338105835,1,0.20082518099309588,0
2019-03-28,0.0006930917620643628,1,0.0084840056720032,0
2019-03-29,0.06291007857857256,1,0.3933782357203265,0
2019-04-01,-0.09201943444916583,1,-0.5650654093317811,0
2019-04-02,-0.0864779416811696,1,-0.5307839582138312,0
2019-04-03,-0.13565294707655792,1,-0.8349963093374977,0
2019-04-04,-0.10397535238307073,1,-0.6390285512830765,0
2019-04-05,-0.03381080325093325,1,-0.20496815239959576,0
2019-04-08,0.008223976783322387,1,0.05507247515845005,0
2019-04-09,0.05720504726463571,1,0.3580850827192771,0
2019-04-10,-0.16808971936332012,1,-1.035660583410853,1
2019-04-11,0.05498446014690226,1,0.3443478187875486,0
2019-04-12,-0.04979299872347753,1,-0.30383913821298375,0
2019-04-15,0.10926266434469153,1,0.680130194020973,0
2019-04-16,-0.047532044130141116,1,-0.28985214813352306,0
2019-04-17,-0.047157146060031074,1,-0.2875329084624157,0
2019-04-18,0.03292571548052303,1,0.20788535124249802,0
2019-04-22,0.14339656121008104,1,0.8912934249132002,0
2019-04-23,0.08076559558875018,1,0.5038381892377726,0
2019-04-24,-0.1175476739073992,1,-0.7229912841373878,0
2019-04-25,0.18644757571831544,1,1.157620804778364,-1
2019-04-26,0.036612255091277524,1,0.2306914673472321,0
2019-04-29,0.046229508458281846,1,0.29018688040523977,0
2019-04-30,0.14559517285371842,1,0.9048947415158318,0
2019-05-01,-0.172619080460091,1,-1.0636806634750628,1
2019-05-02,-0.06163409131031951,1,-0.37709193374910865,0
2019-05-03,-0.14811041234144073,1,-0.9120621838971539,0
2019-05-06,0.2196082667142908,0,1.3627634721082413,0
2019-05-07,0.12492580359038363,1,0.7770273957110867,0
2019-05-08,0.0918753819717555,1,0.572566890106867,0
2019-05-09,0.021069240226471816,1,0.13453739359463265,0
2019-05-10,0.12473755514454005,1,0.7758628304640675,0
2019-05-13,0.22772519869779373,0,1.4129774160164994,0
2019-05-14,-0.08015940800498439,1,-0.4916954828830968,0
2019-05-15,0.006002126845963601,1,0.04132739901960176,0
2019-05-16,0.17597055210717838,1,1.0928065773086284,-1
2019-05-17,0.14337393819929872,1,0.8911534717145324,0
2019-05-20,0.22918801875497485,0,1.4220268899369974,0
2019-05-21,-0.030414979037494905,1,-0.18396049495926461,0
2019-05-22,0.13111600398497325,1,0.8153219602123721,0
2019-05-23,-0.005266060212145707,1,-0.028381219216161137,0
2019-05-24,0.0021252364466437523,1,0.017343711901664664,0
2019-05-28,0.05349986628595871,1,0.3351636451353022,0
2019-05-29,0.16824655925769372,1,1.0450234808776013,-1
2019-05-30,0.12818175654897493,1,0.7971697647198352,0
2019-05-31,0.1485527445996993,1,0.9231912286687575,0
2019-06-03,-0.022429023869007123,1,-0.13455681562582625,0
2019-06-04,-0.2001702268247958,0,-1.2341208890402464,0
2019-06-05,0.2586956381551949,0,1.6045704850342966,0
2019-06-06,-0.008440562144652386,1,-0.04801970606063938,0
2019-06-07,0.03138264724726503,1,0.1983394363735658,0
2019-06-10,-0.10493655443716723,1,-0.6449748553949011,0
2019-06-11,-0.3025414097577641,0,-1.867421851530224,0
2019-06-12,0.1397423973540122,1,0.8686875956080939,0
2019-06-13,-0.1953666598275267,0,-1.2044044833526464,0
2019-06-14,0.15555306896289392,1,0.9664974798024977,0
2019-06-17,-0.14824556765751745,1,-0.9128982980193583,0
2019-06-18,-0.12209053571738487,1,-0.7510948839424885,0
2019-06-19,0.03568884523685523,1,0.22497895790049366,0
2019-06-20,0.08523901141631379,1,0.5315121739280635,0
2019-06-21,0.039625256681780296,1,0.24933086129170443,0
2019-06-24,0.0560995664807641,1,0.3512462241227276,0
2019-06-25,0.10059845676954138,1,0.6265306278212894,0
2019-06-26,-0.3205646903619959,0,-1.9789196444331432,0
2019-06-27,-0.04995769200917893,1,-0.30485798368650563,0
2019-06-28,-0.0364555861267426,1,-0.22132962730727376,0
2019-07-01,0.01801169776670164,1,0.1156224555510396,0
2019-07-02,0.0847947454408226,1,0.5287638021517567,0
2019-07-03,0.03849326520624197,1,0.24232799905596875,0
2019-07-05,-0.021581427698865868,1,-0.1293133139393726,0
2019-07-08,0.022169173555098176,1,0.14134193385426802,0
2019-07-09,-0.01782799800058754,1,-0.10609339430520562,0
2019-07-10,-0.007136680057589717,1,-0.03995347338605046,0
2019-07-11,0.20442824360372436,1,1.268854981739065,-1
2019-07-12,-0.049362912400050085,1,-0.30117848631098587,0
2019-07-15,-0.030866625375406742,1,-0.18675452402398615,0
2019-07-16,-0.03692409962128135,1,-0.22422800201126847,0
2019-07-17,0.025898208198518402,1,0.16441093785691643,0
2019-07-18,0.04329885766646857,1,0.2720569349068797,0
2019-07-19,-0.0710687579424904,1,-0.43545780671980844,0
2019-07-22,0.02447609511334814,1,0.15561329031778778,0
2019-07-23,-0.22185699244435864,0,-1.3682821749282563,0
2019-07-24,-0.21611761678506858,0,-1.3327765567944896,0
2019-07-25,0.13779521132391692,1,0.8566416784693437,0
2019-07-26,0.036295615707978235,1,0.22873263459312612,0
2019-07-29,-0.07182941941374155,1,-0.4401635024837015,0
2019-07-30,-0.07456231306330527,1,-0.4570700588901536,0
2019-07-31,0.12000396899288224,1,0.746579348726467,0
2019-08-01,0.28894070738864874,0,1.7916761812600044,0
2019-08-02,0.06480329043470118,1,0.405090251312339,0
2019-08-05,-0.054769968908698674,1,-0.3346282716222198,0
2019-08-06,0.3113577468666122,0,1.9303551753951602,0
2019-08-07,-0.023325784524568446,1,-0.14010446458346307,0
2019-08-08,0.07802328019951066,1,0.4868733469286469,0
2019-08-09,0.15047198766915865,1,0.9350642816932272,0
2019-08-12,-0.09853397247090345,1,-0.6053664303920284,0
2019-08-13,0.013811536988495354,1,0.08963891421409508,0
2019-08-14,0.05401293684588282,1,0.3383376641327966,0
2019-08-15,0.26809168985580306,0,1.6626974736566424,0
2019-08-16,-0.100801212555921,1,-0.6193923045384437,0
2019-08-19,-0.11147223953350788,1,-0.6854066990393586,0
2019-08-20,-0.009429355006865037,1,-0.05413669575834096,0
2019-08-21,-0.039437131864450525,1,-0.2397744252601772,0
2019-08-22,-0.10002723765622795,1,-0.6146042476373171,0
2019-08-23,0.08572423751261837,1,0.5345139381454035,0
2019-08-26,-0.008404454443065701,1,-0.04779633224084947,0
2019-08-27,0.16439066999089363,1,1.0211697134993516,-1
2019-08-28,-0.1207088203342302,1,-0.7425471495413725,0
2019-08-29,-0.04965828363028968,1,-0.30300574745072545,0
2019-08-30,-0.00881638684663262,1,-0.05034467817361611,0
2019-09-03,0.0553873646870664,1,0.3468403154625612,0
2019-09-04,-0.11712251689398179,1,-0.7203611265276734,0
2019-09-05,-0.1349918487993086,1,-0.8309065434161973,0
2019-09-06,-0.011728096074755168,1,-0.06835744508545677,0
2019-09-09,-0.5516181703141554,0,-3.4082905576927325,0
2019-09-10,-0.5087053100423112,0,-3.142817844232423,0
2019-09-11,-0.1798799201116994,0,-1.1085985457160048,0
2019-09-12,0.06154599102454539,1,0.38493955272247865,0
2019-09-13,-0.061219568436855026,1,-0.374527562338933,0
2019-09-16,0.13414639398257117,1,0.8340689244186508,0
2019-09-17,0.24180089153704587,0,1.5000541652287123,0
2019-09-18,0.10383504697250406,1,0.6465532126151375,0
2019-09-19,0.10492687550084637,1,0.6533076139814474,0
2019-09-20,-0.002712940395297375,1,-0.012586801382570113,0
2019-09-23,-0.03756317119415083,1,-0.2281815036765099,0
2019-09-24,0.08913558116844034,1,0.5556176038325602,0
2019-09-25,-0.1524685259310337,1,-0.9390228719722061,0
2019-09-26,0.04465052966760233,1,0.2804188113135368,0
2019-09-27,-0.15692947265648516,1,-0.9666197187986689,0
2019-09-30,0.031163410290842797,1,0.1969831662637783,0
2019-10-01,-0.014420165213905878,1,-0.08501144798029542,0
2019-10-02,-0.0925154825947283,1,-0.5681341222158726,0
2019-10-03,0.06464946385288123,1,0.40413863075338824,0
2019-10-04,0.16447905539237417,1,1.021716493933298,-1
2019-10-07,-0.05978469997644614,1,-0.3656510059586236,0
2019-10-08,-0.010146255695264284,1,-0.0585716732878109,0
2019-10-09,0.04487275037067984,1,0.281793539836859,0
2019-10-10,0.014405504087330656,1,0.09331338514041115,0
2019-10-11,-0.16699719608358043,1,-1.0289018840896298,1
2019-10-14,-0.05992080740219796,1,-0.3664930101365679,0
2019-10-15,-0.11649524170777631,1,-0.7164806010927947,0
2019-10-16,-0.0872525445963663,1,-0.5355759002202337,0
2019-10-17,-0.06796622047207068,1,-0.41626451511288637,0
2019-10-18,-0.012794355168143895,1,-0.07495366572841768,0
2019-10-21,-0.15777425523453356,1,-0.9718458147022704,0
2019-10-22,-0.25322958700909937,0,-1.562363104389311,0
2019-10-23,-0.006198009501326818,1,-0.034146556344449554,0
2019-10-24,0.17222278837497185,1,1.0696217091573486,-1
2019-10-25,-0.23740697420169088,0,-1.464479348111928,0
2019-10-28,-0.12441945715609445,1,-0.7655023387206956,0
2019-10-29,0.21280375313474037,0,1.320668569267985,0
2019-10-30,0.14090168252696267,1,0.8758593054076244,0
2019-10-31,0.04097788327123092,1,0.2576986430877742,0
2019-11-01,-0.1595422752249866,1,-0.9827833532709962,0
2019-11-04,-0.31848662644235676,0,-1.9660640747042586,0
2019-11-05,-0.10185678601586684,1,-0.6259224204266258,0
2019-11-06,0.19355013528425108,1,1.2015595156575254,-1
2019-11-07,0.03599150829936841,1,0.22685132865277138,0
2019-11-08,-0.012552634414407557,1,-0.07345830363911504,0
2019-11-11,0.06545054253515731,1,0.40909436034428137,0
2019-11-12,0.1694521266788227,1,1.0524815075045622,-1
2019-11-13,0.1335394641423145,1,0.8303142618174564,0
2019-11-14,0.03141166980367287,1,0.19851897921345893,0
2019-11-15,-0.10388980518727742,1,-0.6384993288995694,0
2019-11-18,0.0008983838621325069,1,0.00975400842902785,0
2019-11-19,0.09577621680763537,1,0.5966987051870419,0
2019-11-20,0.1504089861783927,1,0.9346745342702,0
2019-11-21,-0.01631177522549354,1,-0.09671355404835323,0
2019-11-22,-0.10904177089071494,1,-0.6703710406960303,0
2019-11-25,-0.16046246632888467,1,-0.9884759504949137,0
2019-11-26,0.1016289997412965,1,0.6329058970836084,0
2019-11-27,-0.09471302056280914,1,-0.5817287967172421,0
2019-11-29,0.0452119203135922,1,0.2838917538570556,0
2019-12-02,-0.02368632462681708,1,-0.14233488126156088,0
2019-12-03,0.033562171396711804,1,0.21182267161681387,0
2019-12-04,-0.05269450330344022,1,-0.32178877589923227,0
2019-12-05,0.02110408328263076,1,0.1347529439123036,0
2019-12-06,-0.03013198415566698,1,-0.18220979787922095,0
2019-12-09,-0.018997420660127884,1,-0.11332781784732121,0
2019-12-10,-0.0006099948694701235,1,0.00042269394037090715,0
2019-12-11,0.019702771728634577,1,0.1260839813149367,0
2019-12-12,-0.17256159715492203,1,-1.0633250533175203,1
2019-12-13,0.13149190785706422,1,0.8176474220970393,0
2019-12-16,-0.03683444745396669,1,-0.22367338495768943,0
2019-12-17,0.03313214934524007,1,0.2091624173217425,0
2019-12-18,-0.12181785272369217,1,-0.7494079795089105,0
2019-12-19,-0.03745096813165302,1,-0.2274873795544832,0
2019-12-20,0.03006139798312818,1,0.19016576477288755,0
2019-12-23,-0.10935870089059192,1,-0.6723316712974707,0
2019-12-24,-0.028680097898468593,1,-0.1732279639512905,0
2019-12-26,-0.051256207447408594,1,-0.3128910165506214,0
2019-12-27,0.07103109301372956,1,0.4436174349835366,0
2019-12-30,-0.007894600475236824,1,-0.04464221211344225,0
2019-12-31,-0.06559415481721399,1,-0.40159015637959117,0
2020-01-02,0.12493533296887438,1,0.7770863475019835,0
2020-01-03,0.1659071072309325,1,1.0305508805051202,-1
2020-01-06,0.0399610737413534,1,0.25140833330047724,0
2020-01-07,-0.10686911251867506,1,-0.6569302793533024,0
2020-01-08,0.009855119566564652,1,0.06516324743429948,0
2020-01-09,0.14504417939180325,1,0.9014861192868101,0
2020-01-10,-0.05738527193905639,1,-0.35080737475335205,0
2020-01-13,-0.1279614536749168,1,-0.7874142649116348,0
2020-01-14,-0.10942325959809049,1,-0.6727310521625206,0
2020-01-15,0.19603987908070056,1,1.2169618691076889,-1
2020-01-16,-0.047140391737583776,1,-0.2874292608515574,0
2020-01-17,0.09176299352749656,1,0.571871619153824,0
2020-01-21,0.08872963034947584,1,0.5531062619001128,0
2020-01-22,0.01275888919653756,1,0.08312689744618948,0
2020-01-23,0.0072297888640072,1,0.048922109907611,0
2020-01-24,0.14524044220132376,1,0.9027002639573051,0
2020-01-27,0.1704291853717682,1,1.0585259058686678,-1
2020-01-28,0.0853268569529323,1,0.532055614584868,0
2020-01-29,0.21578043705021116,0,1.3390832904296077,0
2020-01-30,0.23673812035163838,0,1.4687342393206126,0
2020-01-31,0.027820834854545895,1,0.17630492283282878,0
2020-02-03,0.13377875761028357,1,0.8317946079387043,0
2020-02-04,-0.3025270107667438,0,-1.8673327747547999,0
2020-02-05,0.02448747564748477,1,0.15568369395107487,0
2020-02-06,0.027471808326448965,1,0.17414573281620999,0
2020-02-07,0.14083317855308825,1,0.8754355178597412,0
2020-02-10,0.007343773032236378,1,0.04962725252079566,0
2020-02-11,-0.07660631515692362,1,-0.4697149112414998,0
2020-02-12,-0.11030660270069903,1,-0.6781956958353126,0
2020-02-13,0.14185127017904298,1,0.8817337591044702,0
2020-02-14,0.11416633344413382,1,0.7104658634099124,0
2020-02-18,0.020392317410173777,1,0.1303497320007085,0
2020-02-19,-0.0834201732284946,1,-0.5118676221056653,0
2020-02-20,-0.1364235183058683,1,-0.8397633100422652,0
2020-02-21,0.1681073961716782,1,1.0441625734054818,-1
2020-02-24,0.18195166542583685,1,1.1298076621153585,-1
2020-02-25,0.13182530687733363,1,0.8197099353393459,0
2020-02-26,0.19374091316794503,1,1.20273972881814,-1
2020-02-27,-0.10306068578382233,1,-0.6333701304163297,0
2020-02-28,-0.42946993005176026,0,-2.6526423771370355,0
2020-03-02,0.34420283770890236,0,2.133545438978549,0
2020-03-03,-0.004948392746270791,1,-0.02641602641359221,0
2020-03-04,0.43950081540692754,0,2.723089285893221,0
2020-03-05,0.008808412458336967,1,0.058687981640802286,0
2020-03-06,-0.04744883838458325,1,-0.2893374107119481,0
2020-03-09,-0.17057886691981894,1,-1.0510592483294998,1
2020-03-10,-0.10951627049704449,1,-0.6733064474069831,0
2020-03-11,0.3216081543665461,0,1.9937674829375402,0
2020-03-12,0.051345534944357674,1,0.32183626067935023,0
2020-03-13,-0.3401417472317698,0,-2.100029595526187,0
2020-03-16,-0.29271754879738676,0,-1.8066482976518008,0
2020-03-17,0.34498380992532596,0,2.1383767835246292,0
2020-03-18,-0.6890626794340675,0,-4.258566362081925,0
2020-03-19,0.2685991570646391,0,1.6658368285276164,0
2020-03-20,0.23231785867819976,0,1.4413890832713832,0
2020-03-23,-0.7549144033841746,0,-4.6659462415010635,0
2020-03-24,0.5249681868422273,0,3.251817850326293,0
2020-03-25,-0.24504979962332119,0,-1.5117603168082716,0
2020-03-26,0.42453937597387403,0,2.630533024241028,0
2020-03-27,0.35963230633304333,0,2.2289970792782965,0
2020-03-30,0.5432801596270584,0,3.365101585626269,0
2020-03-31,-0.14508016703250126,1,-0.8933161147813101,0
2020-04-01,0.3246960877070415,0,2.0128704287140007,0
2020-04-02,0.8604332210012648,0,5.327112117012281,0
2020-04-03,-0.1267891036957396,1,-0.7801617320316135,0
2020-04-06,-0.22777266427978304,0,-1.4048784177361784,0
2020-04-07,-0.4383390659163518,0,-2.7075096954445526,0
2020-04-08,-0.1920138652771155,0,-1.183663021205072,0
2020-04-09,-0.08354316742962054,1,-0.5126285036713764,0
2020-04-13,0.023029497783068287,1,0.14666417538764637,0
2020-04-14,0.11767220277131818,1,0.7321542952093549,0
2020-04-15,0.1652760870259713,1,1.0266471871833949,-1
2020-04-16,0.30609908165919814,0,1.8978233862543767,0
2020-04-17,-0.009792112550326637,1,-0.05638083023879489,0
2020-04-20,0.022723646455885094,1,0.14477208100781702,0
2020-04-21,-0.05708561740306295,1,-0.34895361571079614,0
2020-04-22,0.21530872359498532,0,1.3361651197427493,0
2020-04-23,-0.28656166082741313,0,-1.7685660008113169,0
2020-04-24,-0.05897086695419418,1,-0.360616373931017,0
2020-04-27,-0.2528406600772879,0,-1.559957077681426,0
2020-04-28,-0.31815231021923956,0,-1.9639958873510388,0
2020-04-29,-0.4877705239540451,0,-3.013308544843922,0
2020-04-30,0.2627474017741285,0,1.6296359939610878,0
2020-05-01,0.3964099164624595,0,2.4565151681167476,0
2020-05-04,0.16177998336162602,1,1.0050191689055914,-1
2020-05-05,0.41353970162852816,0,2.5624855117438328,0
2020-05-06,-0.14731290836956767,1,-0.9071285686110289,0
2020-05-07,0.0993223654009322,1,0.6186363174420246,0
2020-05-08,-0.41878353248916234,0,-2.5865328952687325,0
2020-05-11,0.42211002095334554,0,2.6155042551221057,0
2020-05-12,0.25763025623518043,0,1.5979796908670905,0
2020-05-13,0.15504988717144874,1,0.9633846358976038,0
2020-05-14,-0.03401286966892558,1,-0.2062182000529988,0
2020-05-15,0.17038473674381566,1,1.0582509324038973,-1
2020-05-18,-0.5952706587910717,0,-3.678338848388128,0
2020-05-19,-0.0652384179427078,1,-0.3993894540084418,0
2020-05-20,-0.2121970810672329,0,-1.3085228657415353,0
2020-05-21,0.1057533175034272,1,0.6584202492043821,0
2020-05-22,0.1344431671233438,1,0.8359048582264642,0
2020-05-26,-0.6471229399323954,0,-3.9991136857327674,0
2020-05-27,-0.12337882893792762,1,-0.7590646788902841,0
2020-05-28,0.5504847105192212,0,3.409671247552539,0
2020-05-29,0.1489647307034926,1,0.9257399068083432,0
2020-06-01,-0.3564243340597288,0,-2.2007588985833286,0
2020-06-02,-0.07617575408420824,1,-0.4670513223881804,0
2020-06-03,-0.35343177818029914,0,-2.1822459883633814,0
2020-06-04,-0.3933377086571036,0,-2.4291168699528476,0
2020-06-05,-0.22709535606763653,0,-1.40068837195996,0
2020-06-08,-0.41984161142038,0,-2.5930785108055705,0
2020-06-09,0.25815980720648457,0,1.6012556629737527,0
2020-06-10,0.39515778107499017,0,2.4487690571181933,0
2020-06-11,0.12584161128488747,1,0.7826928757589706,0
2020-06-12,-0.43974219675612736,0,-2.7161899127270965,0
2020-06-15,0.023478855582066083,1,0.1494440468168358,0
2020-06-16,-0.07149536868109485,1,-0.43809695753966044,0
2020-06-17,0.2837631219145562,0,1.7596459773474056,0
2020-06-18,0.037477940526812234,1,0.23604687502965255,0
2020-06-19,-0.032646621117127905,1,-0.19776614843002827,0
2020-06-22,0.1915677242830841,1,1.1892956855529946,-1
2020-06-23,-0.12626436742640207,1,-0.7769155452151297,0
2020-06-24,0.0465143054188808,1,0.29194872572238956,0
2020-06-25,0.2510706556198249,0,1.5573998981536017,0
2020-06-26,0.08170567294274744,1,0.5096538091812417,0
2020-06-29,-0.25360057082245735,0,-1.5646581292130608,0
2020-06-30,0.062262287026099816,1,0.3893707894652364,0
2020-07-01,0.0261534788711007,1,0.16599012408892166,0
2020-07-02,-0.033734174641408377,1,-0.20449410325045048,0
2020-07-06,-0.11571556121712101,1,-0.7116572475765031,0
2020-07-07,0.2901271241892328,0,1.7990157360077126,0
2020-07-08,0.006153076757704823,1,0.042261223575053936,0
2020-07-09,-0.0016761895439144636,1,-0.006173128186344363,0
2020-07-10,-0.1777084093873027,0,-1.0951648840895858,0
2020-07-13,0.027664500693010963,1,0.17533778958171684,0
2020-07-14,0.23171767599373583,0,1.4376761607393684,0
2020-07-15,-0.22359845794341204,0,-1.3790554388986038,0
2020-07-16,0.2568888777285707,0,1.5933932857054667,0
2020-07-17,0.21594633616309333,0,1.340109595536713,0
2020-07-20,0.1672923598109517,1,1.0391204971402266,-1
2020-07-21,0.010440487471907733,1,0.06878452099237936,0
2020-07-22,0.10778769416650347,1,0.6710055555560432,0
2020-07-23,-0.02028491831846213,1,-0.12129269119220157,0
2020-07-24,0.12684904940522973,1,0.7889252110019814,0
2020-07-27,-0.13138726602177242,1,-0.8086074385608475,0
2020-07-28,-0.16290565109359778,1,-1.0035902748458083,1
2020-07-29,0.10815083392494251,1,0.6732520545409032,0
2020-07-30,-0.023406639347078317,1,-0.14060465844125006,0
2020-07-31,0.07585891831190711,1,0.47348391029887316,0
2020-08-03,-0.01979884801617579,1,-0.11828570444596756,0
2020-08-04,-0.21732601717807545,0,-1.3402521090938668,0
2020-08-05,0.08221946853182077,1,0.5128323134415306,0
2020-08-06,-0.050553218508296284,1,-0.3085421015629813,0
2020-08-07,0.03772584801341178,1,0.23758051023219548,0
2020-08-10,-0.3157275759039127,0,-1.9489957033961023,0
2020-08-11,-0.021060594817271905,1,-0.12609127473107445,0
2020-08-12,0.032159765864809065,1,0.20314694132133782,0
2020-08-13,0.17358482298617062,1,1.0780476919925928,-1
2020-08-14,-0.08517344916615285,1,-0.5227139492361873,0
2020-08-17,0.00499522165786929,1,0.0350983606663591,0
2020-08-18,0.0616342040472899,1,0.38548526676629147,0
2020-08-19,-0.04384414340397058,1,-0.26703761173238966,0
2020-08-20,0.01753565238055893,1,0.11267748615051508,0
2020-08-21,-0.06305183555474135,1,-0.3858625542385181,0
2020-08-24,-0.30921080772406295,0,-1.908680885862683,0
2020-08-25,-0.004736182977883946,1,-0.025103228742228353,0
2020-08-26,0.11168594576895884,1,0.695121389925952,0
2020-08-27,-0.07421768744744811,1,-0.4549380943277831,0
2020-08-28,-0.1976005825957084,0,-1.2182242458940649,0
2020-08-31,0.10991889564283719,1,0.6841898512489627,0
2020-09-01,0.06710950878930635,1,0.419357257532633,0
2020-09-02,-0.03783669938063405,1,-0.2298736367436973,0
2020-09-03,-0.14700098422406804,1,-0.9051989058298717,0
2020-09-04,-0.23701373528627828,0,-1.4620466460908683,0
2020-09-08,-0.06965114048997156,1,-0.4266879706057662,0
2020-09-09,0.29075334588109725,0,1.8028897441887992,0
2020-09-10,-0.111837576800206,1,-0.6876667925149305,0
2020-09-11,0.14619064506743443,1,0.9085785235654084,0
2020-09-14,-0.19870800005401135,0,-1.2250750853796328,0
2020-09-15,-0.04709893638025933,1,-0.28717280471867157,0
2020-09-16,-0.08077720421449093,1,-0.49551736832872395,0
2020-09-17,0.07573934343908534,1,0.47274418179444405,0
2020-09-18,0.14657432842044227,1,0.9109521118134835,0
2020-09-21,0.3165376881578492,0,1.9623999531479972,0
2020-09-22,-0.05606221406008788,1,-0.3426225144814008,0
2020-09-23,0.057041953852134286,1,0.3570761345743625,0
2020-09-24,0.013606865214966311,1,0.08837274899594626,0
2020-09-25,-0.05819498272338142,1,-0.3558165052953653,0
2020-09-28,-0.14776116304023357,1,-0.9099016157346439,0
2020-09-29,0.07215435256622943,1,0.4505662787435039,0
2020-09-30,0.015794613608591912,1,0.10190686205075201,0
2020-10-01,-0.25214363523732736,0,-1.5556450585235009,0
2020-10-02,-0.08065234301598714,1,-0.49474493691858895,0
2020-10-05,-0.035333397043762815,1,-0.214387405814999,0
2020-10-06,-0.032775273589617904,1,-0.19856203387669719,0
2020-10-07,-0.08137669334681807,1,-0.49922600032483616,0
2020-10-08,-0.13033442231691866,1,-0.8020942098129489,0
2020-10-09,0.06800946401633906,1,0.42492466913371696,0
2020-10-12,0.09684341799737889,1,0.6033007539401326,0
2020-10-13,0.06914180871259407,1,0.43192971650606465,0
2020-10-14,0.08404524470289748,1,0.524127150262858,0
2020-10-15,-0.07028061617260217,1,-0.43058210901711025,0
2020-10-16,0.13636984874871833,1,0.8478239285429652,0
2020-10-19,-0.16797623438424003,1,-1.0349585289418073,1
2020-10-20,-0.010658771121454386,1,-0.0617422580500255,0
2020-10-21,0.012529312512605827,1,0.08170666246664035,0
2020-10-22,-0.3042963550053531,0,-1.8782785055472346,0
2020-10-23,0.006413254579947125,1,0.04387076700831178,0
2020-10-26,0.0532883355968512,1,0.3338550484661041,0
2020-10-27,0.1062502173771821,1,0.6614942311521748,0
2020-10-28,0.0866069794010691,1,0.5399748625146384,0
2020-10-29,-0.2814112550817299,0,-1.7367039394137178,0
2020-10-30,0.00013555682613075604,1,0.0050349157872087704,0
2020-11-02,0.039296010256755,1,0.24729403733508926,0
2020-11-03,0.003491560151202666,1,0.025796228443713595,0
2020-11-04,0.5062221445657381,0,3.135848821968459,0
2020-11-05,-0.39705574173305236,0,-2.4521178147315137,0
2020-11-06,0.11182218948629502,1,0.6959642372473384,0
2020-11-09,-0.9133051833942465,0,-5.6458023939458215,0
2020-11-10,0.14772682471455575,1,0.9180818234317044,0
2020-11-11,0.1644706677993788,1,1.021664605593584,-1
2020-11-12,0.10000921875158475,1,0.6228854125056477,0
2020-11-13,-0.31532993918393404,0,-1.9465357951458602,0
2020-11-16,-0.2437999720003825,0,-1.5040284823810783,0
2020-11-17,-0.10319869956989114,1,-0.634223927950461,0
2020-11-18,0.05429983648482328,1,0.34011251729238146,0
2020-11-19,-0.08373298926105835,1,-0.5138028023861807,0
2020-11-20,-0.05314429204018467,1,-0.32457131324750077,0
2020-11-23,-0.2492355406644044,0,-1.537654653027748,0
2020-11-24,-0.23903449539998423,0,-1.4745477161020384,0
2020-11-25,0.04671692865557989,1,0.293202218034854,0
2020-11-27,-0.007141323000098218,1,-0.039982196117147005,0
2020-11-30,0.035113139527168685,1,0.2214174577828854,0
2020-12-01,-0.029452451572999028,1,-0.1780059914337225,0
2020-12-02,-0.2910296388168099,0,-1.7962063452910888,0
2020-12-03,-0.22751800085320725,0,-1.4033029881226802,0
2020-12-04,-0.009876926265827812,1,-0.05690551507802759,0
2020-12-07,-0.11085265977467373,1,-0.6815737799857036,0
2020-12-08,0.0029001750848299535,1,0.022137730798128377,0
2020-12-09,0.03661467057475165,1,0.23070641030251712,0
2020-12-10,-0.008557224038083955,1,-0.04874141394052676,0
2020-12-11,0.17168788311011063,1,1.0663126136739118,-1
2020-12-14,0.07219884073051122,1,0.450841496792684,0
2020-12-15,-0.006548566545184986,1,-0.03631521462232047,0
2020-12-16,0.006868539082774336,1,0.046687302927761305,0
2020-12-17,0.08120644559698009,1,0.5065654287452864,0
2020-12-18,0.17880341263565455,1,1.1103315608819702,-1
2020-12-21,-0.05265650981354891,1,-0.3215537359883203,0
2020-12-22,-0.019672463569847587,1,-0.11750384973636804,0
2020-12-23,-0.16471310555067648,1,-1.0147717676695678,1
2020-12-24,0.049885059378624474,1,0.3128012905346997,0
2020-12-28,-0.039318002942266284,1,-0.23903745554938394,0
2020-12-29,0.0493081085494928,1,0.3092320877089618,0
2020-12-30,-0.06349831607409881,1,-0.3886246258932654,0
2020-12-31,0.12323501192114705,1,0.7665676163003251,0
2021-01-04,-0.11998016419610802,1,-0.7380394490305836,0
2021-01-05,-0.13531464151082154,1,-0.8329034426316704,0
2021-01-06,-0.050379565274409455,1,-0.30746782697701663,0
2021-01-07,-0.037400624215685796,1,-0.22717593594775615,0
2021-01-08,0.05234012067809818,1,0.3279890869377817,0
2021-01-11,-0.08952579761825197,1,-0.5496389723221368,0
2021-01-12,-0.10143581583484781,1,-0.6233181639046171,0
2021-01-13,-0.20204552733282727,0,-1.2457220992897355,0
2021-01-14,-0.5306722271425318,0,-3.2787122370091133,0
2021-01-15,0.1106973898906484,1,0.6890058662866573,0
2021-01-19,0.0060584986876185964,1,0.04167613330746104,0
2021-01-20,-9.663298517476049e-05,1,0.0035985151638376965,0
2021-01-21,-0.2133875878800504,0,-1.3158877226163639,0
2021-01-22,-0.0861097876088382,1,-0.5285064390754155,0
2021-01-25,-0.05669969640622304,1,-0.3465661846804852,0
2021-01-26,-0.2487386771316591,0,-1.5345808958970932,0
2021-01-27,-0.37098101712691456,0,-2.2908112075729266,0
2021-01-28,0.25812824906681675,0,1.6010604342027899,0
2021-01-29,0.03700356795792625,1,0.2331122542130596,0
2021-02-01,-0.06100861189489726,1,-0.37322251752810087,0
2021-02-02,0.2443686435325113,0,1.515939102410972,0
2021-02-03,-0.270901262091145,0,-1.671685752791232,0
2021-02-04,-0.18903289686126135,0,-1.1652217947502719,0
2021-02-05,-0.05838166416028531,1,-0.3569713765226291,0
2021-02-08,-0.19109023576101863,0,-1.1779491528607813,0
2021-02-09,0.04569885528926529,1,0.2869040897501138,0
2021-02-10,-0.2049327525900411,0,-1.263583400506858,0
2021-02-11,-0.06532274942199484,1,-0.399911155579827,0
2021-02-12,-0.10451583745424825,1,-0.642372165237526,0
2021-02-16,-0.14611966238225055,1,-0.8997467663244415,0
2021-02-17,0.10028501161543472,1,0.6245915555931846,0
2021-02-18,0.190940423579757,1,1.1854150022610195,-1
2021-02-19,-0.32321426602233155,0,-1.995310769042686,0
2021-02-22,-0.13892450082249463,1,-0.8552351898190885,0
2021-02-23,-0.03169118079557727,1,-0.19185548824320642,0
2021-02-24,-0.23586389994292845,0,-1.4549333959672934,0
2021-02-25,0.3217462047411641,0,1.9946215068201687,0
2021-02-26,-0.19026839999039202,0,-1.1728650132656833,0
2021-03-01,0.04747904104731426,1,0.2979168896580876,0
2021-03-02,0.04338960344178894,1,0.27261831737024267,0
2021-03-03,-0.16183003347984348,1,-0.9969361593950979,0
2021-03-04,0.20424725728136073,1,1.2677353423164606,-1
2021-03-05,0.2814295118424589,0,1.7452095171796722,0
2021-03-08,-0.024075363413848888,1,-0.14474159994170455,0
2021-03-09,-0.11486636958403729,1,-0.7064038758447092,0
2021-03-10,0.02509652144526736,1,0.15945144654399693,0
2021-03-11,-0.24918018595656272,0,-1.5373122110557973,0
2021-03-12,-0.10129287155328864,1,-0.6224338647444411,0
2021-03-15,-0.07807331042966348,1,-0.4787902143842087,0
2021-03-16,-0.011414213246279836,1,-0.06641566526336891,0
2021-03-17,-0.20841305732179807,0,-1.2851136815218125,0
2021-03-18,0.17046993120649329,1,1.0587779726672486,-1
2021-03-19,-0.1623268452580865,1,-1.0000095963558067,1
2021-03-22,0.05642721357347624,1,0.3532731540968348,0
2021-03-23,0.45318630395680337,0,2.807752106254074,0
2021-03-24,0.4369070574956281,0,2.70704346777693,0
2021-03-25,-0.21810464928609663,0,-1.3450689769790245,0
2021-03-26,0.0780734672008978,1,0.48718381981146763,0
2021-03-29,0.3189798588226742,0,1.9775080039518174,0
2021-03-30,-0.34698102579997503,0,-2.1423395657335016,0
2021-03-31,-0.014556220742444725,1,-0.08585313110543967,0
2021-04-01,-0.07849430457049544,1,-0.48139461912930287,0
2021-04-05,0.03202994476542331,1,0.20234382637397672,0
2021-04-06,-0.0825315686448554,1,-0.5063704292241471,0
2021-04-07,0.016432609176117163,1,0.1058537072019177,0
2021-04-08,0.035287265132154716,1,0.2224946546079334,0
2021-04-09,0.10231803848114601,1,0.6371685116655393,0
2021-04-12,0.11314037201324147,1,0.7041189370284211,0
2021-04-13,0.06470904686429946,1,0.4045072303670503,0
2021-04-14,0.03110960144382849,1,0.1966502874825792,0
2021-04-15,0.07966529715472481,1,0.49703139031906957,0
2021-04-16,0.05262668553378397,1,0.32976186902080645,0
2021-04-19,0.05684296185756538,1,0.35584510629005706,0
2021-04-20,0.22784467436309652,0,1.4137165307914057,0
2021-04-21,-0.2190423684988269,0,-1.3508700087044885,0
2021-04-22,0.0766809303630967,1,0.47856914042205734,0
2021-04-23,-0.07783349747812585,1,-0.4773066545710356,0
2021-04-26,-0.2931785635868167,0,-1.8095002829615658,0
2021-04-27,0.061480505972506864,1,0.3845344411930763,0
2021-04-28,0.03676017505631213,1,0.23160654768081815,0
2021-04-29,0.10352436807879947,1,0.644631253360869,0
2021-04-30,0.09996262381399262,1,0.6225971612812423,0
2021-05-03,0.15394705699029848,1,0.9565621747793928,0
2021-05-04,0.2248019478594635,0,1.3948932490031478,0
2021-05-05,0.0050982879678735105,1,0.03573596190780127,0
2021-05-06,-0.12565853327993473,1,-0.7731676609270457,0
2021-05-07,-0.26825690154417714,0,-1.6553268905451854,0
2021-05-10,0.1409711944370758,1,0.8762893283722704,0
2021-05-11,-0.13782675330116645,1,-0.8484441716642691,0
2021-05-12,0.23500704538437311,0,1.4580252545115846,0
2021-05-13,0.005059280181635373,1,0.03549464723445817,0
2021-05-14,-0.22978328377840596,0,-1.4173167546509016,0
2021-05-17,-0.09628991960178013,1,-0.5914839997980129,0
2021-05-18,-0.05637479827855191,1,-0.3445562606855652,0
2021-05-19,-0.06104625274561306,1,-0.373455375900001,0
2021-05-20,0.0038140869940694877,1,0.027791482910492174,0
2021-05-21,-0.023427530229709666,1,-0.1407338961397766,0
2021-05-24,-0.14061829734099773,1,-0.8657135581909043,0
2021-05-25,-0.04264607023717218,1,-0.2596259469657174,0
2021-05-26,-0.2085870789214917,0,-1.2861902349367729,0
2021-05-27,0.0024171985374569493,1,0.019149883011787078,0
2021-05-28,0.04427496776859664,1,0.2780954649840272,0
2021-06-01,-0.2299801660140919,0,-1.418534731290272,0
2021-06-02,-0.035787923657620374,1,-0.2171992531902685,0
2021-06-03,0.0869769839479017,1,0.5422638292816649,0
2021-06-04,-0.00311752867302445,1,-0.01508971419803004,0
2021-06-07,-0.2446090082156927,0,-1.5090334398228684,0
2021-06-08,-0.054898916545602104,1,-0.3354259830505934,0
2021-06-09,0.038173749235114476,1,0.24035137080719238,0
2021-06-10,0.028851675151703393,1,0.18268203144542305,0
2021-06-11,0.00432749543950571,1,0.030967592176105944,0
2021-06-14,0.10698613860937109,1,0.6660468758643813,0
2021-06-15,0.19888741438933227,1,1.234577635576476,-1
2021-06-16,-0.10211210816930827,1,-0.6275019251357328,0
2021-06-17,0.08140929989995006,1,0.507820350507793,0
2021-06-18,-0.0017627564205278112,1,-0.006708658642360307,0
2021-06-21,0.03298938318975875,1,0.20827922010659927,0
2021-06-22,0.10317006916525752,1,0.6424394466773202,0
2021-06-23,-0.12866621884540938,1,-0.791774168236134,0
2021-06-24,0.03589630028447793,1,0.22626234134463039,0
2021-06-25,0.03957338550564804,1,0.2490099695638873,0
2021-06-28,-0.0020420483291999844,1,-0.00843644794312053,0
2021-06-29,0.01332115827871918,1,0.08660527427765714,0
2021-06-30,-0.05992365066779247,1,-0.36651059948921605,0
2021-07-01,0.07890335062226717,1,0.49231774475450385,0
2021-07-02,0.043235698190711463,1,0.27166621013803993,0
2021-07-06,0.1186004326776369,1,0.7378966230426529,0
2021-07-07,0.24519222220410067,0,1.521034024150279,0
2021-07-08,-0.11235780704828824,1,-0.6908851036390933,0
2021-07-09,-0.1725946102813759,1,-1.0635292831032768,1
2021-07-12,-0.11997288620777438,1,-0.737994425061097,0
2021-07-13,0.19512952127442504,1,1.2113301038158677,-1
2021-07-14,0.029371569763290237,1,0.18589826621460503,0
2021-07-15,0.18227615237789163,1,1.131815042446074,-1
2021-07-16,0.3259461783955402,0,2.0206038905490993,0
2021-07-19,-0.06956099777989944,1,-0.4261303188973991,0
2021-07-20,-0.1171431960706869,1,-0.7204890545454578,0
2021-07-21,-0.16672057808238555,1,-1.0271906364379009,1
2021-07-22,0.21796961969660122,0,1.3526262762319012,0
2021-07-23,0.08390337529322467,1,0.5232495006048239,0
2021-07-26,-0.2650618857438202,0,-1.6355614983365048,0
2021-07-27,0.17832804042706832,1,1.1073907559736613,-1
2021-07-28,-0.18137748151337998,0,-1.117862940733235,0
2021-07-29,0.0903188726831925,1,0.5629378245600031,0
2021-07-30,0.13253066663311913,1,0.8240735169591182,0
2021-08-02,-0.037737318132098636,1,-0.2292588324740998,0
2021-08-03,0.07916593883255463,1,0.4939421996210893,0
2021-08-04,0.009301464010562643,1,0.06173815663766792,0
2021-08-05,-0.2881284965991863,0,-1.77825894929446,0
2021-08-06,-0.060434742242116105,1,-0.3696723758472329,0
2021-08-09,0.002002277103719169,1,0.01658304597996419,0
2021-08-10,-0.05094193166161384,1,-0.31094680576855555,0
2021-08-11,0.052746145790422305,1,0.33050088847277365,0
2021-08-12,0.10643110845907877,1,0.6626132813867123,0
2021-08-13,0.0751385726502245,1,0.4690276210600569,0
2021-08-16,0.19705896149339533,1,1.223266239676883,-1
2021-08-17,0.2246705262828384,0,1.394080232990398,0
2021-08-18,-0.10805380023716504,1,-0.664259137444754,0
2021-08-19,0.23317586533550724,0,1.4466969875695237,0
2021-08-20,0.006519678302761012,1,0.04452913828193409,0
2021-08-23,-0.20532007182003564,0,-1.2659794814558007,0
2021-08-24,-0.1803768970366641,0,-1.1116730043272873,0
2021-08-25,-0.09813758951368955,1,-0.6029142783202627,0
2021-08-26,0.03150192910321936,1,0.1990773521816984,0
2021-08-27,-0.1732961714005387,1,-1.067869365138885,1
2021-08-30,0.03417537607464768,1,0.21561615237589066,0
2021-08-31,-0.08971430296596583,1,-0.5508051268465001,0
2021-09-01,-0.007849687473743719,1,-0.04436436588505079,0
2021-09-02,0.0006678881316485863,1,0.008328087932818683,0
2021-09-03,0.014189561604518022,1,0.09197749570073101,0
2021-09-07,-0.15935538176880165,1,-0.9816271704244767,0
2021-09-08,0.2510824282524994,0,1.5574727274341684,0
2021-09-09,-0.027799976697036377,1,-0.16778325199226365,0
2021-09-10,0.07711529175158738,1,0.4812562392473171,0
2021-09-13,-0.2019432201559191,0,-1.2450891942890383,0
2021-09-14,0.11510977751865176,1,0.7163023109660464,0
2021-09-15,-0.02042968523289479,1,-0.12218826574375227,0
2021-09-16,-0.1074678302397674,1,-0.6606341391521664,0
2021-09-17,-0.030968819136330983,1,-0.18738672739704057,0
2021-09-20,0.14449874934983087,1,0.8981119141574405,0
2021-09-21,0.08182916544507401,1,0.5104177733979581,0
2021-09-22,-0.09563230066808526,1,-0.5874157582115765,0
2021-09-23,-0.12170957184975162,1,-0.7487381193029314,0
2021-09-24,0.05968192878514156,1,0.3734078660062212,0
2021-09-27,-0.22942922877425515,0,-1.4151264568690547,0
2021-09-28,-0.08523503106258468,1,-0.523094914593477,0
2021-09-29,0.17592163949287482,1,1.0925039881929333,-1
2021-09-30,0.0018913408536184173,1,0.015896758765623437,0
2021-10-01,-0.0713422065654048,1,-0.43714944758124735,0
2021-10-04,-0.048898637951685586,1,-0.2983063357058564,0
2021-10-05,0.15337778185519585,1,0.9530404562580959,0
2021-10-06,0.21243668659068893,0,1.3183977779282203,0
2021-10-07,0.06571736544988993,1,0.41074501245040385,0
2021-10-08,0.17791003944691555,1,1.1048048678802724,-1
2021-10-11,0.008092240809373374,1,0.05425751418304457,0
2021-10-12,-0.008674353952392785,1,-0.0494660171476297,0
2021-10-13,0.06591425268692336,1,0.41196302002971363,0
2021-10-14,0.053224814191974223,1,0.33346208468767785,0
2021-10-15,0.1174955910891621,1,0.7310617187137834,0
2021-10-18,-0.027265382287194412,1,-0.16447607955765026,0
2021-10-19,0.18637347110375646,1,1.1571623698713855,-1
2021-10-20,-0.08628176170198826,1,-0.5295703259583735,0
2021-10-21,0.1021189603279477,1,0.635936950376326,0
2021-10-22,0.18719150492884506,1,1.1622229894123084,-1
2021-10-25,-0.06139639958967097,1,-0.37562149655037874,0
2021-10-26,-0.054968297123902284,1,-0.33585519355453364,0
2021-10-27,-0.026761747540401393,1,-0.16136043352573656,0
2021-10-28,-0.13171141439647338,1,-0.8106127243434891,0
2021-10-29,0.23007069801881533,0,1.4274874268903133,0
2021-11-01,-0.47019705108315935,0,-2.90459340680834,0
2021-11-02,-0.0039045084005924213,1,-0.01995822313433139,0
2021-11-03,-0.36972525039481785,0,-2.283042631912133,0
2021-11-04,0.1179574244543655,1,0.7339187679957557,0
2021-11-05,-0.2808963294705608,0,-1.7335184444744078,0
2021-11-08,0.08053826574983156,1,0.5024318539619155,0
2021-11-09,0.03348319805967172,1,0.21133411723143297,0
2021-11-10,0.10038466827336437,1,0.6252080636336035,0
2021-11-11,-0.2124938112190871,0,-1.310358533606115,0
2021-11-12,0.11831465003146957,1,0.7361286799585215,0
2021-11-15,-0.05608555480795292,1,-0.3427669078318014,0
2021-11-16,0.19270786000799925,1,1.196348930726793,-1
2021-11-17,-0.019307787480874694,1,-0.11524784651820813,0
2021-11-18,-0.013970633330832288,1,-0.08223049961119384,0
2021-11-19,0.1023934791297143,1,0.6376352117072928,0
2021-11-22,-0.04568719472758154,1,-0.27843931818649525,0
2021-11-23,0.07087566275395744,1,0.44265589355856155,0
2021-11-24,0.0027521281014438355,1,0.021221864688291996,0
2021-11-26,0.17369650039608509,1,1.078738564259191,-1
2021-11-29,-0.01415372912819246,1,-0.08336318892252077,0
2021-11-30,-0.05542556727891523,1,-0.3386840133550947,0
2021-12-01,0.2042557475854651,1,1.2677878660600288,-1
2021-12-02,-0.04294737887879663,1,-0.26148993883608834,0
2021-12-03,0.017919519010577534,1,0.1150522082089458,0
2021-12-06,-0.009692235677133731,1,-0.05576295987614632,0
2021-12-07,-0.03501503939670847,1,-0.21241794333035058,0
2021-12-08,-0.04360880697956124,1,-0.26558174515141075,0
2021-12-09,0.03710520479031432,1,0.23374101224761254,0
2021-12-10,0.11811659881810382,1,0.7349034716483961,0
2021-12-13,0.25138691479886016,0,1.5593563788422196,0
2021-12-14,-0.051641529997698166,1,-0.3152747453986827,0
2021-12-15,0.08446492572900355,1,0.5267234316592134,0
2021-12-16,0.18767299933542342,1,1.1652016682004522,-1
2021-12-17,-0.367889240161,0,-2.2716844838971815,0
2021-12-20,0.03789333442198062,1,0.2386166348593778,0
2021-12-21,-0.2791487117216782,0,-1.722707120713925,0
2021-12-22,-0.004644951804274433,1,-0.024538843449407946,0
2021-12-23,-0.049699690471010805,1,-0.3032619034443465,0
2021-12-27,0.0641302909399396,1,0.4009268606434351,0
2021-12-28,0.04578952104400301,1,0.28746497718049424,0
2021-12-29,0.022180755239075894,1,0.14141358186496988,0
2021-12-30,-0.0940739635423575,1,-0.5777753850779236,0
2021-12-31,0.09870432673259158,1,0.6148129320683065,0
2022-01-03,-0.5675809106360721,0,-3.5070411877061303,0
2022-01-04,-0.13144706351322144,1,-0.8089773650167521,0
2022-01-05,0.12571503583158405,1,0.7819098394189768,0
2022-01-06,-0.048995043874699905,1,-0.29890273365775544,0
2022-01-07,-0.15242876385481763,1,-0.9387768910191998,0
2022-01-10,-0.032537232322921605,1,-0.19708943427403547,0
2022-01-11,-0.02724234141542875,1,-0.16433354133695435,0
2022-01-12,0.05030749557073744,1,0.31541461627140543,0
2022-01-13,-0.28181077018310485,0,-1.7391754679335718,0
2022-01-14,-0.19180172623676572,0,-1.1823506610800243,0
2022-01-18,0.19306420821227166,1,1.1985534149798962,-1
2022-01-19,0.302538554230093,0,1.875796821910574,0
2022-01-20,0.2822372675885401,0,1.750206553228235,0
2022-01-21,0.16218247952861764,1,1.0075091392532158,-1
2022-01-24,0.01139907047197336,1,0.07471462279618088,0
2022-01-25,-0.14265536920257704,1,-0.8783155379047087,0
2022-01-26,-0.007885840256621257,1,-0.044588018592161036,0
2022-01-27,0.1309229770111135,1,0.814127833458831,0
2022-01-28,0.09752692682362718,1,0.607529158703384,0
2022-01-31,-0.1656087568767306,1,-1.0203125539591713,1
2022-02-01,-0.1317128833635477,1,-0.8106218118448285,0
2022-02-02,0.18304313458292337,1,1.1365598402958492,-1
2022-02-03,0.13664512998004552,1,0.8495269065076634,0
2022-02-04,0.05841532720168463,1,0.36557226248076585,0
2022-02-07,-0.1596628147250163,1,-0.983529049268637,0
2022-02-08,-0.07027063123694294,1,-0.43052033900349684,0
2022-02-09,-0.2071417162098993,0,-1.277248757753707,0
2022-02-10,-0.02483608388426628,1,-0.14944766069335783,0
2022-02-11,0.1422119185912636,1,0.8839648458227838,0
2022-02-14,-0.046188079173270724,1,-0.28153794997390874,0
2022-02-15,-0.35973847882771726,0,-2.2212612607839546,0
2022-02-16,0.033151866577053324,1,0.2092843944399824,0
2022-02-17,0.14185579908814638,1,0.8817617763883585,0
2022-02-18,0.11238383721086648,1,0.699438770161394,0
2022-02-22,0.11025371807566686,1,0.686261170177778,0
2022-02-23,0.06789791474346552,1,0.42423458956394067,0
2022-02-24,0.1096198654492373,1,0.6823399545886459,0
2022-02-25,-0.016435420286235125,1,-0.09747846204034205,0
2022-02-28,0.34604981153662306,0,2.1449714113008107,0
2022-03-01,0.38009596973677695,0,2.3555918626768757,0
2022-03-02,-0.19248937866882154,0,-1.1866046995174298,0
2022-03-03,0.19984309005057152,1,1.2404897516500721,-1
2022-03-04,0.5699636996041533,0,3.5301745198835497,0
2022-03-07,0.43275793397078766,0,2.681375659254176,0
2022-03-08,-0.586364390827004,0,-3.623241819007008,0
2022-03-09,-0.15779512686766273,1,-0.9719749333172041,0
2022-03-10,-0.0017408326356349035,1,-0.006573031079248205,0
2022-03-11,0.1467337621953727,1,0.9119384202669374,0
2022-03-14,0.32520010959271894,0,2.015988469711188,0
2022-03-15,-0.06291197648463176,1,-0.3849973411856285,0
2022-03-16,-0.4625497719309015,0,-2.8572848859062656,0
2022-03-17,0.09013087134204067,1,0.5617747879818401,0
2022-03-18,0.01166128203363781,1,0.07633674759361367,0
2022-03-21,0.2073803644401504,0,1.2871177478176745,0
2022-03-22,-0.1348615099437646,1,-0.8301002254632251,0
2022-03-23,0.11901840800869246,1,0.7404823524625023,0
2022-03-24,-0.13054311184857625,1,-0.8033852301711573,0
2022-03-25,0.05058497649022367,1,0.3171312022123758,0
2022-03-28,0.025475748656470287,1,0.16179746767002476,0
2022-03-29,-0.3442958294756625,0,-2.12572808027499,0
2022-03-30,0.3301338070944215,0,2.0465099044249837,0
2022-03-31,0.06386424763247689,1,0.3992810314378619,0
2022-04-01,0.1688730565796227,1,1.048899194194647,-1
2022-04-04,-0.19156483291669818,0,-1.180885163043292,0
2022-04-05,0.3462141044145689,0,2.145987779723568,0
2022-04-06,0.3874441927988561,0,2.4010503267140932,0
2022-04-07,0.35566245193689733,0,2.204438287067499,0
2022-04-08,-0.0118719660081123,1,-0.06924747062446125,0
2022-04-11,-0.13901744741450262,1,-0.8558101872401631,0
2022-04-12,-0.09751123238668757,1,-0.5990394322939885,0
2022-04-13,-0.28752472195494044,0,-1.7745238057474881,0
2022-04-14,0.03022346990428315,1,0.19116839364479626,0
2022-04-18,-0.0800723348647778,1,-0.49115682051816184,0
2022-04-19,-0.33584765920390347,0,-2.0734649901054887,0
2022-04-20,0.19093410446935788,1,1.1853759102178958,-1
2022-04-21,-0.01728781883712749,1,-0.1027516727939842,0
2022-04-22,-0.09718746680061785,1,-0.5970365145645592,0
2022-04-25,-0.07333046926708475,1,-0.4494494781814733,0
2022-04-26,0.22281398046475065,0,1.3825950452665092,0
2022-04-27,0.28510828982152264,0,1.7679676173420344,0
2022-04-28,-0.1080603537936713,1,-0.6642996798466705,0
2022-04-29,-0.08416948090345189,1,-0.51650307964514,0
2022-05-02,-0.3279693898727447,0,-2.0247274898907546,0
2022-05-03,-0.11162600466871658,1,-0.6863579394698696,0
2022-05-04,0.010643681237604508,1,0.07004154278016109,0
2022-05-05,-0.023004733165714386,1,-0.13811833793389486,0
2022-05-06,0.3318289538340356,0,2.0569966256975345,0
2022-05-09,0.02190890041043514,1,0.1397318007259508,0
2022-05-10,-0.015790496200368598,1,-0.0934887548531185,0
2022-05-11,0.26148428711629923,0,1.6218219616756326,0
2022-05-12,-0.1404621301556292,1,-0.8647474579078979,0
2022-05-13,-0.2868086578884903,0,-1.7700940038296544,0
2022-05-16,0.17759918431574984,1,1.1028818183645597,-1
2022-05-17,-0.34186608539703733,0,-2.1106969043179316,0
2022-05-18,0.08714708056613363,1,0.5433161015027753,0
2022-05-19,0.08905386064182548,1,0.5551120544515956,0
2022-05-20,0.12021065834309502,1,0.7478579953209085,0
2022-05-23,0.0775325699347793,1,0.4838376558869446,0
2022-05-24,0.4609607626534811,0,2.855847400597488,0
2022-05-25,-0.34233416204061606,0,-2.113592576521813,0
2022-05-26,-0.21340273954766675,0,-1.3159814556905538,0
2022-05-27,-0.04940113628449572,1,-0.3014149515164859,0
2022-05-31,-0.06591547711494772,1,-0.40357795914394434,0
2022-06-01,0.09679126339792543,1,0.6029781088647721,0
2022-06-02,0.03275926620937919,1,0.20685564267998025,0
2022-06-03,0.13754129303346918,1,0.8550708585068582,0
2022-06-06,0.0776575507782691,1,0.48461082745932665,0
2022-06-07,0.0690228773594887,1,0.431193969020943,0
2022-06-08,0.047648999512097556,1,0.29896830721766643,0
2022-06-09,0.16238569082565402,1,1.0087662694954855,-1
2022-06-10,0.22802297282864936,0,1.4148195422699292,0
2022-06-13,0.5321918516286248,0,3.2965057569310843,0
2022-06-14,-0.12062223741292455,1,-0.7420115198277454,0
2022-06-15,-0.1564827329414381,1,-0.9638560436762759,0
2022-06-16,0.3357345232738107,0,2.0811577305555353,0
2022-06-17,-0.3266838467870779,0,-2.01677470815912,0
2022-06-21,0.361983580799604,0,2.2435428170541902,0
2022-06-22,0.058850506735361074,1,0.3682644226144794,0
2022-06-23,0.10347366350136855,1,0.644317578586683,0
2022-06-24,-0.13143421028158064,1,-0.8088978508044903,0
2022-06-27,0.0708171866595308,1,0.44229414168833747,0
2022-06-28,-0.0117351749017931,1,-0.06840123697930797,0
2022-06-29,0.3329666619513527,0,2.0640348529123296,0
2022-06-30,0.2540094824531391,0,1.5755804232662978,0
2022-07-01,0.14244837031907576,1,0.8854276120282296,0
2022-07-05,-0.3368493719257152,0,-2.079661906197366,0
2022-07-06,0.34507766995123224,0,2.138957431740687,0
2022-07-07,-0.33949409983995066,0,-2.0960230410951244,0
2022-07-08,0.0817261840298994,1,0.509780697343153,0
2022-07-11,0.27222750558677195,0,1.688282955899422,0
2022-07-12,-0.49343905117106485,0,-3.048375871796565,0
2022-07-13,-0.04422556750444723,1,-0.26939722351988754,0
2022-07-14,-0.031860160368363255,1,-0.1929008500630125,0
2022-07-15,-0.1722198536537629,1,-1.0612109184408092,1
2022-07-18,-0.3415648611237486,0,-2.1088334343771376,0
2022-07-19,-0.12029677698208441,1,-0.7399981172451218,0
2022-07-20,-0.22094923641393244,0,-1.362666505056087,0
2022-07-21,0.13065853147991668,1,0.8124918886095586,0
2022-07-22,0.17564707152076953,1,1.0908054226784851,-1
2022-07-25,0.05727347830333302,1,0.3585084190667682,0
2022-07-26,0.21564340262873014,0,1.3382355515588455,0
2022-07-27,-0.25491855422494647,0,-1.5728115971464023,0
2022-07-28,0.0850083650062674,1,0.5300853212797662,0
2022-07-29,0.0997913048503572,1,0.6215373272395263,0
2022-08-01,-0.23765803649981576,0,-1.466032499990143,0
2022-08-02,0.20732023025225368,0,1.2867457384495842,0
2022-08-03,-0.1331257569348111,1,-0.8193623007883202,0
2022-08-04,0.0492498736668398,1,0.308871828052113,0
2022-08-05,0.11056777103763168,1,0.6882040025001844,0
2022-08-08,-0.12181336577492144,1,-0.7493802218050946,0
2022-08-09,0.29777799921178405,0,1.8463465021164218,0
2022-08-10,-0.27693769337115137,0,-1.7090290522443197,0
2022-08-11,-0.17876976793098992,0,-1.1017307883607537,0
2022-08-12,0.02301229768499291,1,0.1465577700658168,0
2022-08-15,0.08222259330855095,1,0.5128516443123292,0
2022-08-16,-0.062238526101551464,1,-0.38083116117700966,0
2022-08-17,0.348689450415572,0,2.16130106379451,0
2022-08-18,0.01919379822615548,1,0.12293530802850053,0
2022-08-19,0.14192813228311651,1,0.8822092527257626,0
2022-08-22,0.20271055460147114,1,1.258228806801752,-1
2022-08-23,-0.12442258656237726,1,-0.7655216982313914,0
2022-08-24,-0.08959507715479025,1,-0.5500675577493394,0
2022-08-25,-0.18486082605302823,0,-1.1394120269745058,0
2022-08-26,0.19556343998722614,1,1.2140144641073698,-1
2022-08-29,0.08192852243119736,1,0.5110324275724949,0
2022-08-30,-0.05248386276696354,1,-0.32048568599963195,0
2022-08-31,0.019693456553862565,1,0.12602635465692746,0
2022-09-01,0.21921539228251674,0,1.3603330248998395,0
2022-09-02,-0.047413183599182784,1,-0.2891168387769117,0
2022-09-06,0.21218328155929667,0,1.3168301331508263,0
2022-09-07,0.04909305084370019,1,0.3079016717836274,0
2022-09-08,-0.038459138325227904,1,-0.23372424363724706,0
2022-09-09,-0.2741118919915645,0,-1.691547738829492,0
2022-09-12,-0.12724948592015867,1,-0.7830098040913922,0
2022-09-13,0.22876114023384897,0,1.4193860825286047,0
2022-09-14,0.07984475931583138,1,0.4981416007914223,0
2022-09-15,-0.09861113999882554,1,-0.6058438134631807,0
2022-09-16,0.16086736202666735,1,0.9993734006995459,0
2022-09-19,0.010369428659186442,1,0.06834492839219171,0
2022-09-20,0.2149707609714807,0,1.3340743745875308,0
2022-09-21,0.05260306295103612,1,0.32961573214945167,0
2022-09-22,0.19431289272149377,1,1.2062781777391045,-1
2022-09-23,0.0871120406617637,1,0.5430993334189528,0
2022-09-26,0.09447091996995594,1,0.5886237204115041,0
2022-09-27,-0.06356266355346551,1,-0.38902270003336226,0
2022-09-28,-0.1778727801222323,0,-1.0961817341606088,0
2022-09-29,0.33324420729977156,0,2.065751837431336,0
2022-09-30,-0.006027523268152257,1,-0.033091873840375756,0
2022-10-03,0.11979850005527637,1,0.7453082519957318,0
2022-10-04,-0.21850218794135734,0,-1.347528278569477,0
2022-10-05,0.1118409559770637,1,0.6960803327766256,0
2022-10-06,-0.032139815342111744,1,-0.19463088540075002,0
2022-10-07,0.1558946101906793,1,0.9686103633512608,0
2022-10-10,0.2996947322058151,0,1.8582040270094478,0
2022-10-11,0.037234526822327474,1,0.234541039804183,0
2022-10-12,-0.2151437093333471,0,-1.3267516530190273,0
2022-10-13,0.07739597880259708,1,0.48299265934592345,0
2022-10-14,-0.14896412754403543,1,-0.9173435398804052,0
2022-10-17,0.02180422847766539,1,0.13908426658724524,0
2022-10-18,0.11484957531072171,1,0.714692616675105,0
2022-10-19,0.25804174014480197,0,1.6005252622725035,0
2022-10-20,-0.3203087344009644,0,-1.9773362187870565,0
2022-10-21,-0.10637575580922642,1,-0.6538782165560082,0
2022-10-24,0.18217703015515885,1,1.1312018405931472,-1
2022-10-25,-0.4066316906319627,0,-2.511357705105797,0
2022-10-26,0.1440543491286682,1,0.8953627118943646,0
2022-10-27,0.3853878576913314,0,2.388329178384196,0
2022-10-28,0.22781939416717645,0,1.4135601393934611,0
2022-10-31,0.017014101707001683,1,0.10945100645097525,0
2022-11-01,-0.05750826811265777,1,-0.3515682685214288,0
2022-11-02,0.1563031433905575,1,0.9711376807200695,0
2022-11-03,0.04536614481327972,1,0.28484583606352576,0
2022-11-04,-0.37647954949775875,0,-2.3248268918990327,0
2022-11-07,0.09466625869738732,1,0.589832148413893,0
2022-11-08,0.07750207071043735,1,0.48364897790572403,0
2022-11-09,0.20702326559757622,0,1.2849086198753477,0
2022-11-10,-0.5710277694290942,0,-3.5283645614197785,0
2022-11-11,-0.865065221486907,0,-5.34737452165678,0
2022-11-14,0.19914920225724098,1,1.23619713926848,-1
2022-11-15,-0.08632876990518668,1,-0.5298611337763312,0
2022-11-16,0.5829905450684975,0,3.6107627629263144,0
2022-11-17,-0.03964873903014049,1,-0.24108349503803628,0
2022-11-18,0.05017189924047677,1,0.3145757738940499,0
2022-11-21,0.2154344606954018,0,1.3369429697629704,0
2022-11-22,-0.13222550987906784,1,-0.8137930838412591,0
2022-11-23,-0.03081406514389512,1,-0.1864293695786497,0
2022-11-25,0.057294839119269914,1,0.35864056392340493,0
2022-11-28,0.1398027565234511,1,0.8690609967841434,0
2022-11-29,-0.2647669196338918,0,-1.6337367434009102,0
2022-11-30,0.019495608207459325,1,0.12480240134688057,0
2022-12-01,0.10581221438347174,1,0.6587846041893616,0
2022-12-02,0.11099094204043704,1,0.6908218740114471,0
2022-12-05,0.12222002674700905,1,0.7602885925626044,0
2022-12-06,0.17343549738506464,1,1.0771239159435584,-1
2022-12-07,-0.016663426912482737,1,-0.09888898413962516,0
2022-12-08,-0.10030599266889756,1,-0.6163287155272522,0
2022-12-09,-0.14767327257063967,1,-0.909357897108046,0
2022-12-12,-0.05852045053974764,1,-0.35782995356722125,0
2022-12-13,-0.0854304001189109,1,-0.5243035302201341,0
2022-12-14,0.04679020409073048,1,0.2936555233721395,0
2022-12-15,0.16228489197160245,1,1.0081426954636163,-1
2022-12-16,0.10405032597527875,1,0.647884997554561,0
2022-12-19,0.1609862117207297,1,1.0001086430156438,-1
2022-12-20,0.09267034552657578,1,0.57748478955853,0
2022-12-21,0.10906545212558683,1,0.6789101759983662,0
2022-12-22,-0.011829575725478714,1,-0.0689852307438334,0
2022-12-23,0.011721916360722534,1,0.07671185098308834,0
2022-12-27,0.0985281498055563,1,0.6137230451073145,0
2022-12-28,0.134810415278659,1,0.8381767730717392,0
2022-12-29,-0.25860030757252594,0,-1.5955881038924415,0
2022-12-30,-0.13598097647391183,1,-0.8370256043707032,0
2023-01-03,-0.15440161966722923,1,-0.950981609662261,0
2023-01-04,-0.4821277510808388,0,-2.978400542520125,0
2023-01-05,-0.10499028073510996,1,-0.6453072235010744,0
2023-01-06,-0.08643170951664558,1,-0.5304979512199467,0
2023-01-09,-0.158405301546327,1,-0.975749669529231,0
2023-01-10,-0.16618422177074427,1,-1.0238725643138107,1
2023-01-11,-0.16545399190187948,1,-1.0193551282000384,1
2023-01-12,-0.20915175480321235,0,-1.2896835010019185,0
2023-01-13,0.0215051573639527,1,0.13723411678198982,0
2023-01-17,-0.15414781923994875,1,-0.9494115188391203,0
2023-01-18,-0.055578971799952526,1,-0.339633022910712,0
2023-01-19,0.02403918815889028,1,0.15291044380523058,0
2023-01-20,-0.16733318538814068,1,-1.0309804216611227,1
2023-01-23,-0.30130426138699884,0,-1.8597684550225217,0
2023-01-24,0.11786393331273277,1,0.7333404018160949,0
2023-01-25,-0.18203497373283214,0,-1.1219303984247357,0
2023-01-26,-0.10406504780820924,1,-0.6395834359434243,0
2023-01-27,-0.2988230995881882,0,-1.8444191925615316,0
2023-01-30,0.2301018239515104,0,1.4276799818903576,0
2023-01-31,-0.12103001489345999,1,-0.7445341620743816,0
2023-02-01,-0.2979885877367858,0,-1.8392566346662256,0
2023-02-02,-0.6536563229072682,0,-4.0395312877156595,0
2023-02-03,0.17535403984869635,1,1.0889926347957322,-1
2023-02-06,0.3150805520258385,0,1.9533856418111286,0
2023-02-07,0.06867522226542189,1,0.4290432631349787,0
2023-02-08,0.1513155740535468,1,0.940282977559292,0
2023-02-09,0.100234042700733,1,0.6242762455438827,0
2023-02-10,0.2412598142218495,0,1.4967068874628617,0
2023-02-13,-0.13936118672134373,1,-0.8579366688107694,0
2023-02-14,-0.21246311125349673,0,-1.310168613775165,0
2023-02-15,-0.01684596190504356,1,-0.10001820413264374,0
2023-02-16,0.11595201706609592,1,0.7215126748669185,0
2023-02-17,0.18055167052707938,1,1.121146844769478,-1
2023-02-21,0.2371778675134173,0,1.4714546562663577,0
2023-02-22,0.012626737308526814,1,0.08230936349303712,0
2023-02-23,-0.1191044300121783,1,-0.732621876568505,0
2023-02-24,0.15568029671834338,1,0.9672845514927246,0
2023-02-27,-0.0320506148725209,1,-0.19407906269412536,0
2023-02-28,-0.08289901399531874,1,-0.5086435639818383,0
2023-03-01,0.021060412169458975,1,0.13448278040327383,0
2023-03-02,0.07276731008365361,1,0.45435823048840446,0
2023-03-03,-0.11546244806033179,1,-0.7100914084289918,0
2023-03-06,0.16908685146654467,1,1.0502217979175303,-1
2023-03-07,0.0700159349261229,1,0.43733734154765486,0
2023-03-08,-0.2132926057197208,0,-1.3153001325169558,0
2023-03-09,0.25595478404211425,0,1.5876146826480413,0
2023-03-10,0.20126722790570217,1,1.2492999250654093,-1
2023-03-13,0.13822691185168873,1,0.8593123163570032,0
2023-03-14,0.12874197548628596,1,0.8006354586977636,0
2023-03-15,-0.18450212436165236,0,-1.1371929832955452,0
2023-03-16,0.18741251508988555,1,1.1635902291344347,-1
2023-03-17,-0.01268264819768794,1,-0.07426261059083156,0
2023-03-20,0.12874414323067052,1,0.8006488690596042,0
2023-03-21,-0.13654005656141444,1,-0.8404842530585495,0
2023-03-22,0.19094455213313588,1,1.1854405428160237,-1
2023-03-23,-0.06638466177240175,1,-0.40648048587693847,0
2023-03-24,0.14587909798539805,1,0.9066511934197387,0
2023-03-27,0.02493698277932918,1,0.15846448920113637,0
2023-03-28,0.0349403911743272,1,0.22034878108121336,0
2023-03-29,-0.2157738156653446,0,-1.33064969282957,0
2023-03-30,-0.10697084375758104,1,-0.6575596214168461,0
2023-03-31,-0.1561614055325401,1,-0.9618682092926215,0
2023-04-03,0.29291322134216424,0,1.816251426345465,0
2023-04-04,0.008421115318960504,1,0.05629203735150621,0
2023-04-05,0.20618602774006062,1,1.2797291980321432,-1
2023-04-06,0.020800659651136366,1,0.13287586803643503,0
2023-04-10,-0.21392673409374785,0,-1.319223053969143,0
2023-04-11,-0.06610946439653656,1,-0.404778026669016,0
2023-04-12,0.3588973231083276,0,2.2244502373810877,0
2023-04-13,-0.07195426093965418,1,-0.44093581219287975,0
2023-04-14,-0.04056164300365228,1,-0.24673101173679812,0
2023-04-17,-0.08659532729925323,1,-0.5315101432864753,0
2023-04-18,0.037683481126106685,1,0.23731841508257132,0
2023-04-19,-0.020270538533300086,1,-0.12120373323037471,0
2023-04-20,0.3298240078761878,0,2.044593387125242,0
2023-04-21,-0.06942206273582834,1,-0.4252708221658684,0
2023-04-24,0.024849445985704217,1,0.15792295852748697,0
2023-04-25,0.2555115920960963,0,1.5848729551624388,0
2023-04-26,-0.15257665530260633,1,-0.9396917949359588,0
2023-04-27,-0.0904578472824753,1,-0.5554049304026212,0
2023-04-28,-0.12343484219502243,1,-0.7594111948590755,0
2023-05-01,0.14097080053512173,1,0.8762868915684796,0
2023-05-02,0.12130852069843989,1,0.7546497238757761,0
2023-05-03,-0.01210537191348865,1,-0.07069139439568968,0
2023-05-04,0.2521844484738868,0,1.564290177881577,0
2023-05-05,-0.08345973966523723,1,-0.512112392770158,0
2023-05-08,0.0034860064899009426,1,0.02576187171414422,0
2023-05-09,0.15956520553525172,1,0.9913178431129342,0
2023-05-10,0.16830035433667415,1,1.0453562744853282,-1
2023-05-11,0.08551563868919698,1,0.5332234789374294,0
2023-05-12,0.04424927333344393,1,0.27793651096936567,0
2023-05-15,-0.35103931278139894,0,-2.1674454302723456,0
2023-05-16,0.13877040302781285,1,0.8626745270405468,0
2023-05-17,-0.4038366022814541,0,-2.4940663923368445,0
2023-05-18,-0.06810601256515314,1,-0.41712931382441026,0
2023-05-19,0.17331558987890236,1,1.0763821296626273,-1
2023-05-22,-0.17026156149063676,1,-1.0490962952019975,1
2023-05-23,-0.18665916034718588,0,-1.1505370995460957,0
2023-05-24,0.18465381930349234,1,1.1465240524362144,-1
2023-05-25,-0.1257649625349227,1,-0.7738260664244706,0
2023-05-26,-0.30888624462500225,0,-1.9066730344621725,0
2023-05-30,-0.07380875284721172,1,-0.45240829376765146,0
2023-05-31,0.09335993394823602,1,0.581750804648395,0
2023-06-01,0.02360373364409879,1,0.1502165825501679,0
2023-06-02,-0.11244518202136033,1,-0.6914256332389156,0
2023-06-05,0.09818055386967961,1,0.6115727051928831,0
2023-06-06,-0.35262647801047525,0,-2.177264143296916,0
2023-06-07,-0.3236025721796123,0,-1.997712955440275,0
2023-06-08,0.16679060407857146,1,1.036016475293968,-1
2023-06-09,0.035788995243840195,1,0.22559851795635907,0
2023-06-12,-0.19181161424552307,0,-1.1824118314727434,0
2023-06-13,-0.15731253412938428,1,-0.9689894598969885,0
2023-06-14,-0.0839133516616807,1,-0.5149185820288358,0
2023-06-15,0.16636638722440533,1,1.03339213381084,-1
2023-06-16,0.05171582620771731,1,0.3241270011667473,0
2023-06-20,0.08013557850381464,1,0.499940701538172,0
2023-06-21,0.23736598974658288,0,1.4726184407212815,0
2023-06-22,0.10743265452834848,1,0.6688091665125282,0
2023-06-23,0.11063539980816645,1,0.6886223757595784,0
2023-06-26,-0.26142724636538417,0,-1.6130764537104723,0
2023-06-27,-0.2732397405211374,0,-1.686152330181922,0
2023-06-28,-0.08432020930965498,1,-0.5174355338963085,0
2023-06-29,0.0673129805579622,1,0.4206159991358599,0
2023-06-30,0.07232100223683724,1,0.45159722704136296,0
2023-07-03,-0.32138869765822037,0,-1.9840172177818796,0
2023-07-05,0.08158408100194833,1,0.5089016024475409,0
2023-07-06,0.04635775709225348,1,0.2909802675773451,0
2023-07-07,-0.16305980594319217,1,-1.0045439261744693,1
2023-07-10,-0.06362660054333891,1,-0.38941823475383186,0
2023-07-11,-0.1529638655043819,1,-0.9420872014013796,0
2023-07-12,-0.12105075093441017,1,-0.7446624418726191,0
2023-07-13,-0.18994721734189451,0,-1.1708780744162832,0
2023-07-14,0.3154929617965241,0,1.9559369408899567,0
2023-07-17,0.12073592674300125,1,0.7511074740677156,0
2023-07-18,-0.15172781598797033,1,-0.9344406027590518,0
2023-07-19,-0.18517564158551753,0,-1.1413595768026914,0
2023-07-20,0.4018255734790237,0,2.490018158927662,0
2023-07-21,0.1237211264561213,1,0.7695748766841495,0
2023-07-24,-0.0059364458374341275,1,-0.032528439650378424,0
2023-07-25,0.07014359887233557,1,0.43812711165380563,0
2023-07-26,-0.06838210696579754,1,-0.41883732231524384,0
2023-07-27,-0.2190694524089669,0,-1.3510375584569505,0
2023-07-28,-0.22119884448046986,0,-1.364210660591409,0
2023-07-31,-0.13101462913196835,1,-0.8063021872761503,0
2023-08-01,0.19745363589719586,1,1.2257078220893936,-1
2023-08-02,0.2518939743677313,0,1.5624932119216626,0
2023-08-03,0.0940685861484094,1,0.5861347543848585,0
2023-08-04,-0.1620051791668819,1,-0.9980196667748068,0
2023-08-07,-0.03498401487863123,1,-0.2122260157136504,0
2023-08-08,-0.015713426598481628,1,-0.09301197758381902,0
2023-08-09,0.20580772782836257,1,1.277388913478187,-1
2023-08-10,0.055764507143445524,1,0.3491734396267816,0
2023-08-11,0.14399459891130556,1,0.8949930778911166,0
2023-08-14,0.08620680858211642,1,0.5374992775155956,0
2023-08-15,0.08691091869276768,1,0.5418551284298744,0
2023-08-16,0.35630742169136415,0,2.208428276775327,0
2023-08-17,-0.03906388059859006,1,-0.23746537324819827,0
2023-08-18,-0.006041094045752669,1,-0.03317582702202167,0
2023-08-21,0.03767486858912075,1,0.23726513516720446,0
2023-08-22,0.02617229072753051,1,0.16610650026473497,0
2023-08-23,-0.07566830506026362,1,-0.46391208001477585,0
2023-08-24,0.13364400230197782,1,0.8309609683928318,0
2023-08-25,0.10158819000905317,1,0.6326534349944913,0
2023-08-28,-0.157421954758117,1,-0.9696663709915692,0
2023-08-29,-0.22959127091377496,0,-1.4161289015022192,0
2023-08-30,0.04094745919830947,1,0.25751043001733775,0
2023-08-31,-0.1405272313449812,1,-0.8651501947396376,0
2023-09-01,0.10836699171142868,1,0.674589275918144,0
2023-09-05,-0.07000432981795235,1,-0.4288729130372499,0
2023-09-06,0.06537034483465815,1,0.4085982316539559,0
2023-09-07,0.3912860709252751,0,2.4248174166853356,0
2023-09-08,-0.11147767249751896,1,-0.6854403090967869,0
2023-09-11,0.025185694108290108,1,0.1600030972302753,0
2023-09-12,0.0028834193740097658,1,0.022034074598350196,0
2023-09-13,0.23320082024342637,0,1.4468513666315923,0
2023-09-14,-0.177970580825415,0,-1.0967867606698596,0
2023-09-15,-0.07000916677587693,1,-0.4289028360099205,0
2023-09-18,0.2928789809521997,0,1.816039604314115,0
2023-09-19,0.043578865854091334,1,0.27378915533889997,0
2023-09-20,0.09557390544255334,1,0.5954471422124009,0
2023-09-21,0.09405936444151652,1,0.5860777059491197,0
2023-09-22,0.1681045328797601,1,1.0441448601635746,-1
2023-09-25,0.021928206649862322,1,0.13985123531350757,0
2023-09-26,0.045462608405290705,1,0.2854425907743295,0
2023-09-27,-0.016283608785136294,1,-0.09653930741685889,0
2023-09-28,-0.24369389829522903,0,-1.503372276428935,0
2023-09-29,-0.2664140447677666,0,-1.6439263876224424,0
2023-10-02,0.09650669703226772,1,0.601217690081868,0
2023-10-03,0.29611220485321005,0,1.8360413640846962,0
2023-10-04,0.047474325885502044,1,0.29788772015522147,0
2023-10-05,0.04957985414040139,1,0.3109131930683431,0
2023-10-06,0.04916872872299116,1,0.3083698394106983,0
2023-10-09,0.17854028658719417,1,1.1087037787759917,-1
2023-10-10,-0.2260380612763117,0,-1.3941476073639303,0
2023-10-11,-0.004952291783011861,1,-0.02644014710508134,0
2023-10-12,0.1361681555588521,1,0.8465761897984241,0
2023-10-13,0.3466070699458348,0,2.1484187905026366,0
2023-10-16,-0.0876641864003197,1,-0.5381224484106116,0
2023-10-17,-0.08057859465174759,1,-0.49428870589031654,0
2023-10-18,0.22383973851714611,0,1.3889407134834062,0
2023-10-19,0.08411391662558976,1,0.5245519767959805,0
2023-10-20,0.030637479643478738,1,0.19372959064185033,0
2023-10-23,0.003512476775758,1,0.025925625390035963,0
2023-10-24,-0.13255290678239706,1,-0.8158184660636214,0
2023-10-25,0.4384750778944121,0,2.7167437447426077,0
2023-10-26,0.02162126195765146,1,0.1379523770270344,0
2023-10-27,0.009108081114658328,1,0.06054182803623432,0
2023-10-30,0.10897208641330303,1,0.6783325857648763,0
2023-10-31,0.05219950719433497,1,0.3271192068401314,0
2023-11-01,0.0903000055986905,1,0.5628211067256267,0
2023-11-02,-0.33593855130689665,0,-2.0740272777987547,0
2023-11-03,-0.5179474126493577,0,-3.199992454398901,0
2023-11-06,0.3553931424096254,0,2.202772251978887,0
2023-11-07,0.02811539931585757,1,0.17812719304129335,0
2023-11-08,0.08109530858409794,1,0.5058778995480062,0
2023-11-09,0.3066842262352115,0,1.9014432782256137,0
2023-11-10,-0.017545061053601763,1,-0.10434305562867204,0
2023-11-13,0.19764866400640818,1,1.226914328507881,-1
2023-11-14,-0.7489898758548398,0,-4.629295214531072,0
2023-11-15,-0.3553900484576181,0,-2.1943604762095723,0
2023-11-16,0.3302175912263772,0,2.0470282199302727,0
2023-11-17,-0.17988445873520664,0,-1.1086266230963102,0
2023-11-20,-0.07318024109180887,1,-0.44852011851921736,0
2023-11-21,0.3186215856161775,0,1.9752916110177108,0
2023-11-22,-0.028216406428803686,1,-0.1703594198393263,0
2023-11-24,0.004562137066833033,1,0.03241916051955186,0
2023-11-27,-0.02097167084693355,1,-0.12554116253748393,0
2023-11-28,-0.2026505715542108,0,-1.2494650968479653,0
2023-11-29,-0.30309518039989497,0,-1.8708476542865506,0
2023-11-30,0.17769686791560796,1,1.1034861204350959,-1
2023-12-01,-0.4001981432138434,0,-2.4715577178888113,0
2023-12-04,-0.06501338522912896,1,-0.3979973294864997,0
2023-12-05,0.04700453813520472,1,0.29498146249651974,0
2023-12-06,-0.131330691641997,1,-0.8082574513072324,0
2023-12-07,-0.3375789799000792,0,-2.0841754950723486,0
2023-12-08,-0.1161545919746645,1,-0.7143732326159361,0
2023-12-11,0.15264385065278596,1,0.9485001225081972,0
2023-12-12,0.19832557084811211,1,1.2311018912778438,-1
2023-12-13,-0.37214980176230983,0,-2.2980416840931013,0
2023-12-14,-1.160122039944534,0,-7.172690609298355,0
2023-12-15,0.015495542234509385,1,0.10005671063476532,0
2023-12-18,0.23400036611342823,0,1.4517976137542676,0
2023-12-19,-0.18320566090182341,0,-1.1291726446277741,0
2023-12-20,0.08967789853418695,1,0.5589725529487314,0
2023-12-21,-0.13213526580624357,1,-0.8132348050704057,0
2023-12-22,0.06360059704424875,1,0.39765000436068865,0
2023-12-26,-0.1131427596389504,1,-0.6957410720565028,0
2023-12-27,0.0144115354863035,1,0.09335069730839854,0
2023-12-28,-0.043784398585736586,1,-0.2666680111298827,0
2023-12-29,0.2256799815830786,0,1.4003250471550572,0
2024-01-02,-0.019311303128635632,1,-0.11526959544253419,0
2024-01-03,0.3497225750807501,0,2.167692304240153,0
2024-01-04,0.031474577636040495,1,0.19890814723560304,0
2024-01-05,-0.23264840005271364,0,-1.4350412826106191,0
2024-01-08,-0.11110864860379799,1,-0.6831574089643511,0
2024-01-09,0.04644232948097127,1,0.29150345949171536,0
2024-01-10,-0.0003803276514981746,1,0.001843488992522146,0
2024-01-11,0.165002902480465,1,1.0249571799894779,-1
2024-01-12,0.2756593434671311,0,1.7095134054309482,0
2024-01-16,0.021695799242316738,1,0.13841348857002417,0
2024-01-17,0.2791218317620753,0,1.7309334682550168,0
2024-01-18,0.024267453829831143,1,0.15432256843804767,0
2024-01-19,-0.13944335219759862,1,-0.8584449707928784,0
2024-01-22,-0.017625849296423968,1,-0.10484283760316263,0
2024-01-23,0.011967549546718598,1,0.07823141663285373,0
2024-01-24,0.004649830715016345,1,0.03296166154579393,0
2024-01-25,-0.22783876803113323,0,-1.4052873567379058,0
2024-01-26,0.0461437502491563,1,0.289656352625599,0
2024-01-29,-0.0887227866785456,1,-0.5446712891672102,0
2024-01-30,0.3117919354064365,0,1.9330412049231467,0
2024-01-31,0.08933654508808042,1,0.556860831077645,0
2024-02-01,0.04833815263805519,1,0.3032316294287395,0
2024-02-02,0.10798607087236914,1,0.6722327774671408,0
2024-02-05,0.12144129375120044,1,0.7554711005532445,0
2024-02-06,-0.12044451085923294,1,-0.7409120463793764,0
2024-02-07,0.24491893149197053,0,1.519343360175585,0
2024-02-08,-0.21256786818884899,0,-1.3108166737671016,0
2024-02-09,0.04795487405212684,1,0.3008605451996048,0
2024-02-12,-0.26735078081479785,0,-1.6497213371696444,0
2024-02-13,0.43386368929725083,0,2.6882162162592276,0
2024-02-14,-0.036867493402949036,1,-0.22387781779413146,0
2024-02-15,-0.21073136203121168,0,-1.2994554578083877,0
2024-02-16,0.0905774441801181,1,0.5645374307497907,0
2024-02-20,0.05062519222763434,1,0.31737998965899633,0
2024-02-21,0.023971218328950356,1,0.15248996064299714,0
2024-02-22,0.0854758626384502,1,0.5329774115334952,0
2024-02-23,0.1630908513528167,1,1.0131286186231154,-1
2024-02-26,0.07555619410159475,1,0.471611161266703,0
2024-02-27,-0.1646439446507011,1,-1.0143439161661836,1
2024-02-28,0.04966958096904628,1,0.3114682720008508,0
2024-02-29,-0.3271216325406247,0,-2.0194829912046246,0
2024-03-01,-0.2317131960421409,0,-1.42925581073219,0
2024-03-04,-0.01460095769285441,1,-0.08612988822537909,0
2024-03-05,-0.009905354956182055,1,-0.05708138407209265,0
2024-03-06,0.022582762997858274,1,0.14390053076280596,0
2024-03-07,-0.12466300254606122,1,-0.7670089885947813,0
2024-03-08,-0.058169319491498256,1,-0.3556577443141343,0
2024-03-11,0.01172189573771671,1,0.07671172340256165,0
2024-03-12,0.13906414516853882,1,0.8644917101101948,0
2024-03-13,-0.05486088210764181,1,-0.3351906898217969,0
2024-03-14,0.28611690641502635,0,1.7742072429978943,0
2024-03-15,0.011115015737224676,1,0.07295736912613227,0
2024-03-18,0.052009109703767,1,0.32594134691336546,0
2024-03-19,0.04495344560980777,1,0.2822927464606756,0
2024-03-20,-0.3067594918000914,0,-1.8935162595533952,0
2024-03-21,-0.2563286699313959,0,-1.5815350250538576,0
2024-03-22,0.11446403175971884,1,0.7123075206457683,0
2024-03-25,-0.0552245640864345,1,-0.33744054315562505,0
2024-03-26,0.13403544658414268,1,0.8333825682371799,0
2024-03-27,-0.22966281361295304,0,-1.4165714875791846,0
2024-03-28,-0.0668319475296148,1,-0.4092475389912564,0
2024-04-01,-0.033301693061588256,1,-0.20181863352437915,0
2024-04-02,0.1696787828641475,1,1.0538836753432839,-1
2024-04-03,-0.1677379284328607,1,-1.0334842919148264,1
2024-04-04,0.06810782346257815,1,0.425533152206673,0
2024-04-05,0.09599651083617222,1,0.5980615146838759,0
2024-04-08,-0.18399517053212852,0,-1.1340568043536094,0
2024-04-09,-0.29151321725346235,0,-1.799197916557506,0
2024-04-10,0.3672647150703783,0,2.276213607025525,0
2024-04-11,-0.36330049953278987,0,-2.2432970630117044,0
2024-04-12,0.30369098300093944,0,1.8829261158082138,0
2024-04-15,0.04840310066413456,1,0.3036334187433635,0
2024-04-16,0.1663715112304849,1,1.0334238325554381,-1
2024-04-17,-0.0060291060286386255,1,-0.03310166530424958,0
2024-04-18,0.11925301151473423,1,0.7419336849754524,0
2024-04-19,0.13256493228864824,1,0.8242854952913521,0
2024-04-22,-0.1274527980163926,1,-0.7842675579098188,0
2024-04-23,-0.20310975829260475,0,-1.2523057732478653,0
2024-04-24,-0.20534212109363312,0,-1.2661158853322767,0
2024-04-25,0.159146363735447,1,0.9887267534395732,0
2024-04-26,-0.24827416292262316,0,-1.5317072620555723,0
2024-04-29,-0.10416140950688826,1,-0.6401795603094048,0
2024-04-30,0.24376969045405,0,1.5122337866159572,0
2024-05-01,0.20927866817978152,0,1.2988612634337233,0
2024-05-02,-0.3323414011995238,0,-2.0517741538242884,0
2024-05-03,-0.07461174906492735,1,-0.45737588584762284,0
2024-05-06,0.025440340217272206,1,0.16157841971158615,0
2024-05-07,0.2008554987207733,1,1.2467528363082987,-1
2024-05-08,0.010313479670865641,1,0.0679988100106438,0
2024-05-09,-0.029663108874939392,1,-0.17930918504985693,0
2024-05-10,0.06506169442691853,1,0.40668882126429173,0
2024-05-13,-0.19156242368433543,0,-1.1808702587593862,0
2024-05-14,-0.18113724551801813,0,-1.1163767638353181,0
2024-05-15,-0.0704987679285729,1,-0.43193166572894004,0
2024-05-16,0.17683049430010936,1,1.0981264554507568,-1
2024-05-17,0.10173209631388047,1,0.6335436855390726,0
2024-05-20,-0.12551872442436032,1,-0.7723027585173717,0
2024-05-21,0.017874308592626748,1,0.11477252206698185,0
2024-05-22,0.10633445837066309,1,0.6620153729493499,0
2024-05-23,0.03691717718593068,1,0.2325778131966764,0
2024-05-24,-0.13491633695325594,1,-0.8304394029239764,0
2024-05-28,-0.22378775833323494,0,-1.3802265118083803,0
2024-05-29,-0.018731282856576548,1,-0.11168140405864406,0
2024-05-30,-0.15902289512655945,1,-0.9795703014451965,0
2024-05-31,0.0051124751094534515,1,0.03582372811465893,0
2024-06-03,-0.17186264547141994,1,-1.0590011140876132,1
2024-06-04,0.18632057993608223,1,1.156835168148834,-1
2024-06-05,-0.17259059329422383,1,-1.063504432732725,1
2024-06-06,-0.003363755742005703,1,-0.01661295379836775,0
2024-06-07,0.060803236162196225,1,0.3803446329829281,0
2024-06-10,-0.06929953326490344,1,-0.4245128155701946,0
2024-06-11,0.09370190843678389,1,0.583866368487158,0
2024-06-12,-0.24428437053663055,0,-1.5070251270465551,0
2024-06-13,-0.008224892348390439,1,-0.04668550354739752,0
2024-06-14,0.11001321202378431,1,0.6847733226236317,0
2024-06-17,0.06213774416341156,1,0.3886003273825292,0
2024-06-18,-0.0066124891361657445,1,-0.03671066026662327,0
2024-06-20,0.1937233039294064,1,1.2026307924222157,-1
2024-06-21,-0.07083462649789905,1,-0.4340093945303551,0
2024-06-24,0.0042182168088675046,1,0.03029155952726884,0
2024-06-25,-0.057710207209019815,1,-0.3528175285224017,0
2024-06-26,-0.11522738781789083,1,-0.7086372503982258,0
2024-06-27,0.04945695293295934,1,0.3101528867913785,0
2024-06-28,-0.20108500567284285,0,-1.2397800043140537,0
2024-07-01,0.007062954572711999,1,0.04789001948698191,0
2024-07-02,0.021310007269782716,1,0.13602685572544052,0
2024-07-03,-0.04187144673659157,1,-0.25483387761152937,0
2024-07-05,0.050472337969060685,1,0.31643438420341835,0
2024-07-08,-0.18853881880430132,0,-1.1621652694659752,0
2024-07-09,-0.14406706006062725,1,-0.8870487102050317,0
2024-07-10,-0.03219271868825374,1,-0.19495816246320818,0
2024-07-11,0.028068675906143203,1,0.1778381470471458,0
2024-07-12,-0.0027317422127752233,1,-0.012703115454207624,0
2024-07-15,0.02128929148065663,1,0.13589870121148045,0
2024-07-16,-0.1554368791746451,1,-0.9573860569265137,0
2024-07-17,0.283909169892655,0,1.7605494769695624,0
2024-07-18,0.07097021434278217,1,0.44324082000457965,0
2024-07-19,-0.09557966228607262,1,-0.5870901203021821,0
2024-07-22,-0.03707219009497298,1,-0.22514413716607973,0
2024-07-23,0.0580850399559415,1,0.3635289996734556,0
2024-07-24,0.16352216883231285,1,1.0157968868513192,-1
2024-07-25,0.18699683903007525,1,1.1610187237437597,-1
2024-07-26,-0.027114835055896513,1,-0.1635447461125382,0
2024-07-29,0.03881230186905636,1,0.24430166214983223,0
2024-07-30,0.18784872356150248,1,1.1662887546081724,-1
2024-07-31,-0.18773700679287195,0,-1.1572050032658012,0
2024-08-01,0.37696504809185527,0,2.3362229774652246,0
2024-08-02,0.581858182232968,0,3.603757603338599,0
2024-08-05,0.04606944501251742,1,0.2891966766061057,0
2024-08-06,-0.12185549701311083,1,-0.7496408591537291,0
2024-08-07,0.2726428214048487,0,1.6908522327192232,0
2024-08-08,-0.20234727767891614,0,-1.2475888236855541,0
2024-08-09,-0.012680724898721976,1,-0.0742507124467308,0
2024-08-12,0.08109994534818427,1,0.5059065840574021,0
2024-08-13,-0.2311723045115215,0,-1.4259096822893034,0
2024-08-14,0.20540154852091025,1,1.2748761580426902,-1
2024-08-15,-0.3716471309632756,0,-2.294932001351109,0
2024-08-16,-0.01253811946996665,1,-0.0733685095386509,0
2024-08-19,-0.09388939972686416,1,-0.5766336141357113,0
2024-08-20,0.08492908574549136,1,0.5295948743520615,0
2024-08-21,-0.08011042569393023,1,-0.49139246260095454,0
2024-08-22,0.11986325433255299,1,0.7457088427181373,0
2024-08-23,-0.4216782292139867,0,-2.6044404173801863,0
2024-08-26,0.10505453206655506,1,0.6540973384294341,0
2024-08-27,0.07306948247194735,1,0.45622756577262813,0
2024-08-28,0.1621120837325866,1,1.0070736482868674,-1
2024-08-29,0.12125066032693005,1,0.7542917810649442,0
2024-08-30,-0.08561696234405053,1,-0.5254576639651994,0
2024-09-03,0.2514734643372425,0,1.559891802038379,0
2024-09-04,0.12462987017824913,1,0.7751966567338839,0
2024-09-05,-0.14917796909042258,1,-0.9186664322537014,0
2024-09-06,0.14703605212888482,1,0.9138084827235723,0
2024-09-09,-0.003774301241281419,1,-0.01915271989648429,0
2024-09-10,0.015795762797342294,1,0.10191397130084416,0
2024-09-11,-0.30254494509958935,0,-1.8674437222883469,0
2024-09-12,-0.07125121195040311,1,-0.43658652571582646,0
2024-09-13,-0.2016780886462443,0,-1.2434490057569452,0
2024-09-16,0.02318297886644355,1,0.14761365858243572,0
2024-09-17,-0.1713979186881775,1,-1.0561261651938896,1
2024-09-18,-0.14411133769520906,1,-0.8873226258499823,0
2024-09-19,-0.21223663825235772,0,-1.308767579172554,0
2024-09-20,0.11845208119641563,1,0.7369788732115725,0
2024-09-23,0.006673080347798593,1,0.04547813252022324,0
2024-09-24,-0.20259635879460342,0,-1.2491297193339528,0
2024-09-25,0.07854431677251134,1,0.4900966462372997,0
2024-09-26,-0.32139165443161805,0,-1.984035509330194,0
2024-09-27,-0.02291170834306916,1,-0.1375428565530139,0
2024-09-30,0.12045746009195005,1,0.7493847900752139,0
2024-10-01,0.2851821178300183,0,1.7684243410752127,0
2024-10-02,0.020446017092557806,1,0.13068193545450155,0
2024-10-03,0.06350985191501718,1,0.39708862589423816,0
2024-10-04,-0.16237410413203146,1,-1.000301954903379,1
2024-10-07,-0.24570561686611592,0,-1.5158174125570956,0
2024-10-08,0.15102739285425404,1,0.9385001962564412,0
2024-10-09,-0.027227494621060222,1,-0.16424169430643173,0
2024-10-10,0.0006198132234271903,1,0.008030681135554623,0
2024-10-11,0.018399521939395036,1,0.11802166023742514,0
2024-10-14,0.03670281609553294,1,0.23125170675754125,0
2024-10-15,-0.08991043927280662,1,-0.5520184889308557,0
2024-10-16,-0.1334486643642467,1,-0.8213599096856466,0
2024-10-17,0.05796890945729765,1,0.36281057917211446,0
2024-10-18,-0.043493086214181464,1,-0.2648658593914203,0
2024-10-21,0.1548986642673697,1,0.9624491225240162,0
2024-10-22,-0.1598733498801857,1,-0.9848314872456805,0
2024-10-23,-0.015273678847230132,1,-0.09029155699140748,0
2024-10-24,-0.17090798877684335,1,-1.0530953016685192,1
2024-10-25,-0.10833439648985588,1,-0.6659949958358458,0
2024-10-28,-0.14361440799947064,1,-0.8842484594138373,0
2024-10-29,-0.04944842746911078,1,-0.30170750994822365,0
2024-10-30,0.031241906430435576,1,0.19746876855273893,0
2024-10-31,0.09802399197838085,1,0.6106041631324316,0
2024-11-01,-0.09283498653712796,1,-0.5701106760510816,0
2024-11-04,-0.004119401014845064,1,-0.021287617750463724,0
2024-11-05,-0.04061618913965159,1,-0.2470684516240669,0
2024-11-06,0.14154072468263834,1,0.8798126250886724,0
2024-11-07,-0.22347126317855576,0,-1.3782685712987646,0
2024-11-08,0.16688123528485865,1,1.0365771489965556,-1
2024-11-11,0.0661074414311949,1,0.413158147546893,0
2024-11-12,0.22024892832868517,0,1.3667268102801955,0
2024-11-13,0.02946008256611455,1,0.18644583479411464,0
2024-11-14,-0.2739796565473598,0,-1.690729687970932,0
2024-11-15,-0.005631126641738926,1,-0.03063963720655938,0
2024-11-18,-0.0899801060209812,1,-0.552449469773398,0
2024-11-19,-0.10579183653407784,1,-0.6502659046888083,0
2024-11-20,0.09629507297102471,1,0.5999085157827003,0
2024-11-21,0.025102134614043425,1,0.1594861714058834,0
2024-11-22,-0.013882217654294204,1,-0.08168353188603397,0
2024-11-25,-0.22655895465616144,0,-1.397370020833837,0
2024-11-26,0.19496487021812622,1,1.210311519586971,-1
2024-11-27,0.05229606660762077,1,0.3277165543320658,0
2024-11-29,-0.08521248859265214,1,-0.5229554596463312,0
2024-12-02,-0.20400119653386975,0,-1.2578204960440564,0
2024-12-03,0.04110147883799753,1,0.2584632448941638,0
2024-12-04,-0.021277857917720133,1,-0.1274353339348986,0
2024-12-05,-0.05497433132571977,1,-0.3358925230618167,0
2024-12-06,-0.22432556079054922,0,-1.3835535302533035,0
2024-12-09,-0.12128688115187841,1,-0.7461232191119866,0
2024-12-10,0.05246332940830156,1,0.3287512956491538,0
2024-12-11,-0.15514221169849515,1,-0.9555631494352284,0
2024-12-12,-0.07420931564723726,1,-0.4548863036872981,0
2024-12-13,0.08371214510803043,1,0.5220664893621,0
2024-12-16,-0.061046876162224324,1,-0.37345923255505403,0
2024-12-17,-0.01822571785019006,1,-0.10855381682195596,0
2024-12-18,0.2502148272572171,0,1.5521054694849339,0
2024-12-19,0.07518862096717663,1,0.4693372359964941,0
2024-12-20,-0.15201405515763544,1,-0.9362113700439229,0
2024-12-23,-0.029269696396171538,1,-0.17687540931022921,0
2024-12-24,0.0032912095312139233,1,0.024556795266923837,0
2024-12-26,-0.02935167252064255,1,-0.1773825399014883,0
2024-12-27,0.07527056511797703,1,0.46984416878837454,0
2024-12-30,-0.025749245338875792,1,-0.15509677025275037,0
2024-12-31,-0.03753157240994689,1,-0.22798602346541405,0
2025-01-02,-0.037000764686258125,1,-0.22470227668552853,0
2025-01-03,-0.07313425458908207,1,-0.4482356312679808,0
2025-01-06,-0.2527172731549946,0,-1.5591937666166493,0
2025-01-07,0.2004033034032343,1,1.2439554110795759,-1
2025-01-08,0.18527774622334378,1,1.1503838644218203,-1
2025-01-10,0.026389420034153455,1,0.1674497317770555,0
2025-01-13,0.026912378256208014,1,0.1706849190229239,0
2025-01-14,-0.014700591167802979,1,-0.08674625284844362,0
2025-01-15,-0.08651104939905951,1,-0.5309887731725413,0
2025-01-16,0.20729840180640774,0,1.2866107006843868,0
2025-01-17,-0.20802335951682932,0,-1.2827028859453997,0
2025-01-21,-0.09451612631952111,1,-0.5805107457949948,0
2025-01-22,0.037573010852247554,1,0.23663501054667443,0
2025-01-23,-0.13082234003572127,1,-0.8051126252701184,0
2025-01-24,0.033792821155425756,1,0.21324954498104248,0
2025-01-27,0.35982974417804464,0,2.2302184930950455,0
2025-01-28,-0.11490229552559494,1,-0.706626125238679,0
2025-01-29,-0.07507279050736049,1,-0.4602280360414119,0
2025-01-30,0.16960693058537035,1,1.0534391741076532,-1
2025-01-31,-0.04990193295523157,1,-0.30451304029989346,0
2025-02-03,0.36339411277812256,0,2.2522688201541405,0
2025-02-04,-0.10780077608798666,1,-0.6626938489268631,0
2025-02-05,-0.10208384667169879,1,-0.6273270904495964,0
2025-02-06,-0.010905250488120258,1,-0.0632670584447384,0
2025-02-07,0.07131324772102404,1,0.44536293447451814,0
2025-02-10,0.1277293853181532,1,0.7943712512351394,0
2025-02-11,0.05810193506689841,1,0.3636335182471776,0
2025-02-12,-0.07953961025596692,1,-0.48786121527227017,0
2025-02-13,-0.06166255646503413,1,-0.3772680283233991,0
2025-02-14,-0.2340198269440841,0,-1.4435253691025984,0
2025-02-18,-0.07138118341750438,1,-0.43739057088609046,0
2025-02-19,0.029322242341736277,1,0.18559311096825287,0
2025-02-20,0.044095997360002415,1,0.2769882966503941,0
2025-02-21,0.23734057080621318,0,1.4724611910056837,0
2025-02-24,0.09553171991857115,1,0.5951861690344455,0
2025-02-25,0.27764097823472167,0,1.7217724335056792,0
2025-02-26,-0.1983315732926634,0,-1.2227463887343597,0
2025-02-27,0.38074246244462673,0,2.359591273862659,0
2025-02-28,0.09708597252129936,1,0.604801273999139,0
2025-03-03,0.3832021907394609,0,2.3748079417954924,0
2025-03-04,0.12946651607506554,1,0.8051176991006865,0
2025-03-05,-0.10821464757607147,1,-0.6652541906582163,0
2025-03-06,0.30602960194825257,0,1.8973935624841058,0
2025-03-07,-0.12246107864789968,1,-0.7533871813236034,0
2025-03-10,0.38578802125841183,0,2.390804718520832,0
2025-03-11,0.04662370388520798,1,0.2926254997132235,0
2025-03-12,-0.1985349507073083,0,-1.2240045466334208,0
2025-03-13,0.3127811337645778,0,1.939160703148683,0
2025-03-14,-0.1838456947209003,0,-1.1331320990565945,0
2025-03-17,-0.03913403076822275,1,-0.23789934469088744,0
2025-03-18,0.0721191527487074,1,0.4503485213856469,0
2025-03-19,-0.16755858410708335,1,-1.0323748104096035,1
2025-03-20,0.01602733551940755,1,0.10334655441230804,0
2025-03-21,-0.07028919444348575,1,-0.43063517695138065,0
2025-03-24,-0.21230788401653156,0,-1.309208328314372,0
2025-03-25,0.1637251935257807,1,1.0170528627040805,-1
2025-03-26,0.16264960219422403,1,1.0103989098434718,-1
2025-03-27,0.26160980515832627,0,1.6225984565304163,0
2025-03-28,0.19937060844016263,1,1.2375668289089459,-1
2025-03-31,0.07851826485229374,1,0.48993548070540077,0
2025-04-01,0.06190956775744333,1,0.3871887549714553,0
2025-04-02,-0.2086134207481865,0,-1.286353193923097,0
2025-04-03,1.4109154663666572,0,8.732571796537728,0
2025-04-04,-0.34365092109348794,0,-2.1217384702358397,0
2025-04-07,-0.2793976757217213,0,-1.7242472918473963,0
2025-04-08,0.5388097874492083,0,3.337446429929038,0
2025-04-09,-0.9173339365641136,0,-5.670725552856489,0
2025-04-10,0.8209208677954545,0,5.082676030619995,0
2025-04-11,0.14727415506478503,1,0.9152814638317034,0
2025-04-14,-0.016738336014983646,1,-0.0993523958669679,0
2025-04-15,-0.11898394802409015,1,-0.7318765363581755,0
2025-04-16,0.12962914476000031,1,0.8061237722918609,0
2025-04-17,-0.3223493781777077,0,-1.9899602955133842,0
2025-04-21,-0.1835162586874144,0,-1.1310941021212448,0
2025-04-22,0.0003460524265985754,1,0.0063371090661851785,0
2025-04-23,-0.31999655606327343,0,-1.975404983491498,0
2025-04-24,-0.41417606668874263,0,-2.558029634463823,0
2025-04-25,-0.09434393937179589,1,-0.579445542125384,0
2025-04-28,-0.02940850812147626,1,-0.17773414315232944,0
2025-04-29,0.15738301936744786,1,0.9778181397705649,0
2025-04-30,0.1327572670899876,1,0.8254753400437401,0
2025-05-01,-0.23249374389093413,0,-1.4340845300040372,0
2025-05-02,-0.054034999915389736,1,-0.33008151776505656,0
2025-05-05,0.11168600615855695,1,0.6951217635153695,0
2025-05-06,0.04750791202303278,1,0.2980954947712329,0
2025-05-07,-0.0009616835062411511,1,-0.0017529647340992118,0
2025-05-08,-0.2555071736005637,0,-1.5764529853421674,0
2025-05-09,-0.03539048646368277,1,-0.2147405792720936,0
2025-05-12,-0.7062515045975795,0,-4.3649019460641085,0
2025-05-13,-0.3014361907721805,0,-1.8605846125018286,0
2025-05-14,-0.10867414260475933,1,-0.6680967742407263,0
2025-05-15,0.2565588579040083,0,1.5913516772513276,0
2025-05-16,0.042824549734053585,1,0.26912271395222176,0
2025-05-19,0.15242098384344538,1,0.9471213969643605,0
2025-05-20,0.015597497800829196,1,0.10068744045962068,0
2025-05-21,0.213393153582349,0,1.3243147894255365,0
2025-05-22,-0.05092118041616972,1,-0.3108184319104432,0
2025-05-23,0.13942220842049202,1,0.8667068041981739,0
2025-05-27,-0.30004492859485377,0,-1.851977818570827,0
2025-05-28,-0.07156911495934859,1,-0.4385531756633557,0
2025-05-29,0.023030491522140234,1,0.1466703229761835,0
2025-05-30,0.3137014338706251,0,1.944853974694847,0
2025-06-02,0.03243206749652547,1,0.2048314865274483,0
2025-06-03,-0.21921349061100515,0,-1.351928624959971,0
2025-06-04,-0.16578357028608928,1,-1.02139400576261,1
2025-06-05,-0.022457612901537777,1,-0.1347336765480076,0
2025-06-06,-0.10566640600925165,1,-0.649489951243491,0
2025-06-09,-0.3735557995177103,0,-2.3067396370349647,0
2025-06-10,-0.30925702308303044,0,-1.908966788892006,0
2025-06-11,0.08140945904072841,1,0.5078213350036755,0
2025-06-12,0.2529069661885012,0,1.5687599041362883,0
2025-06-13,0.26830042246562735,0,1.6639887605102028,0
2025-06-16,-0.4851416582063792,0,-2.9970455383946963,0
2025-06-17,0.16006740292537514,1,0.9944245971956077,0
2025-06-18,-0.2046946826253895,0,-1.262110623369443,0
2025-06-20,-0.09869469908577261,1,-0.6063607367678866,0
2025-06-23,-0.007854776204711977,1,-0.044395846406499496,0
2025-06-24,-0.2313813497806806,0,-1.4272029033537617,0
2025-06-25,-0.10093012546408081,1,-0.6201898011236736,0
2025-06-26,-0.12215475602949716,1,-0.7514921713851738,0
2025-06-27,-0.05843850716571991,1,-0.3573230255807056,0
2025-06-30,0.10586271750267767,1,0.659097032678371,0
2025-07-01,-0.14188862030583665,1,-0.8735721833748331,0
2025-07-02,-0.5439553766926437,0,-3.3608860593092076,0
2025-07-03,0.06664999312733894,1,0.4165145463060397,0
2025-07-07,0.13435236028390773,1,0.8353430980009016,0
2025-07-08,-0.2379841622185192,0,-1.4680500182568106,0
2025-07-09,-0.033354276659603596,1,-0.20214393252239996,0
2025-07-10,-0.30228814445967794,0,-1.8658550711878665,0
2025-07-11,-0.011294031074467581,1,-0.06567217981265691,0
2025-07-14,0.06727301995423413,1,0.42036879002800737,0
2025-07-15,-0.04887835852448552,1,-0.2981808806666883,0
2025-07-16,-0.012506075377444914,1,-0.07317027450751504,0
2025-07-17,-0.03633482745586236,1,-0.22058257544847534,0
2025-07-18,-0.03859255571537826,1,-0.23454960639241268,0
2025-07-21,-0.11023271828467451,1,-0.677738623147074,0
2025-07-22,-0.031245301857244,1,-0.18909713816156903,0
2025-07-23,-0.08804484572730542,1,-0.5404773290640734,0
2025-07-24,0.1711763166645354,1,1.0631478996100672,-1
2025-07-25,0.12819169497955202,1,0.7972312470380989,0
2025-07-28,-0.14220467937033782,1,-0.8755274260907773,0
2025-07-29,-0.04642192713981039,1,-0.2829846084772384,0
2025-07-30,-0.00927300997740027,1,-0.05316949527473032,0
2025-07-31,0.20220838167123678,1,1.255122204035795,-1
2025-08-01,0.15108122140034486,1,0.938833196902444,0
2025-08-04,0.025536433775498413,1,0.16217288527474752,0
2025-08-05,-0.13039987220016885,1,-0.8024991037769499,0
2025-08-06,0.17485712948187243,1,1.08591858793445,-1
2025-08-07,-0.15730207907534544,1,-0.9689247815803373,0
2025-08-08,0.0004679264765005964,1,0.007091061017253676,0
2025-08-11,0.025483653799259237,1,0.16184637141806624,0
2025-08-12,-0.52082222448477,0,-3.21777696220845,0
2025-08-13,-0.12314950437237537,1,-0.7576460035958711,0
2025-08-14,0.10230691742938539,1,0.6370997132734321,0
2025-08-15,0.06573877252415147,1,0.41087744347586935,0
2025-08-18,-0.04297545343531679,1,-0.26166361704470437,0
2025-08-19,0.13676985451267612,1,0.8502984924588856,0
2025-08-20,0.22468241544508055,0,1.3941537831602353,0
2025-08-21,-0.06925975261597705,1,-0.42426671972044694,0
2025-08-22,-0.4878565259748502,0,-3.0138405809207898,0
2025-08-25,-0.16535242711785292,1,-1.0187268158797516,1
2025-08-26,-0.11665402442121464,1,-0.7174628818710983,0
2025-08-27,-0.15378126436370704,1,-0.9471438928404907,0
2025-08-28,-0.09085939872630953,1,-0.5578890563898727,0
2025-08-29,0.060640289439887,1,0.3793365923105781,0
2025-09-02,0.1089223392927387,1,0.6780248341258713,0
2025-09-03,-0.04953705592293097,1,-0.30225579398187674,0
2025-09-04,-0.17625007015375097,0,-1.0861431299808153,0
2025-09-05,-0.30668634650749566,0,-1.8930637593196837,0
2025-09-08,0.010705172151874446,1,0.07042194529262438,0
2025-09-09,-0.029849171251387238,1,-0.18046022657064065,0
2025-09-10,-0.13728837548935652,1,-0.8451135938919507,0
2025-09-11,0.010169989143002378,1,0.0671111315956791,0
2025-09-12,-0.11501435888419892,1,-0.707319385107623,0
2025-09-15,-0.2752201263702426,0,-1.6984036320464426,0
2025-09-16,-0.01686895994107318,1,-0.10016047735774142,0
2025-09-17,0.0802775424110644,1,0.5008189357885174,0
2025-09-18,-0.3409341759491517,0,-2.104931813660672,0
2025-09-19,-0.07248172690719457,1,-0.4441988857977121,0
2025-09-22,0.10844531809085907,1,0.6750738280163072,0
2025-09-23,-0.061935785150059916,1,-0.37895830857853696,0
2025-09-24,0.2284142549838883,0,1.4172401391451281,0
2025-09-25,0.025371481342530366,1,0.16115243663313977,0
2025-09-26,0.06636042607400511,1,0.4147231916657228,0
2025-09-29,-0.024084969130316852,1,-0.14480102398380582,0
2025-09-30,0.11877140207958448,1,0.7389542945836826,0
2025-10-01,-0.17575630856780416,0,-1.0830885624876816,0
2025-10-02,-0.003181817993529956,1,-0.015487428548763126,0
2025-10-03,0.14659890690212274,1,0.9111041621821402,0
2025-10-06,0.03976648005137573,1,0.2502045143386701,0
2025-10-07,0.23651486930810225,0,1.4673531367808395,0
2025-10-08,-0.015872205738446,1,-0.09399423625546698,0
2025-10-09,-0.0577706447541142,1,-0.35319141455538683,0
2025-10-10,0.4384775771425016,0,2.7167592058926617,0
2025-10-13,-0.38979315671532166,0,-2.4071891350960954,0
2025-10-14,-0.07534439802619763,1,-0.46190828724268707,0
2025-10-15,-0.3881956265063478,0,-2.3973063009823936,0
2025-10-16,-0.2645501338732122,0,-1.6323956371739516,0
2025-10-17,0.05287738994886593,1,0.33131280691976434,0
2025-10-20,-0.10942789756590116,1,-0.6727597441185412,0
2025-10-21,-0.012484249966505406,1,-0.07303525551722183,0
2025-10-22,0.03549579927989288,1,0.22378471371139305,0
2025-10-23,-0.0893420489259613,1,-0.548502243993422,0
2025-10-24,-0.23140205598609048,0,-1.4273309985797804,0
2025-10-27,-0.11760281220693633,1,-0.7233323873381762,0
2025-10-28,-0.031293825425050104,1,-0.18939732051088481,0
2025-10-29,-0.20967207780563213,0,-1.2929023859341546,0
2025-10-30,0.25680186476487427,0,1.5928549956117188,0
2025-10-31,-0.09152641729945732,1,-0.5620154471599177,0
2025-11-03,-0.07997807617664662,1,-0.49057370604975126,0
2025-11-04,0.46160334459847907,0,2.8598226185503015,0
2025-11-05,-0.3786933406404462,0,-2.3385221137500274,0
2025-11-06,0.04241957753364245,1,0.2666174260679351,0
2025-11-07,-0.05418040010790459,1,-0.33098100997788155,0
2025-11-10,-0.11587732134862067,1,-0.71265794761763,0
2025-11-11,0.1318840446099847,1,0.8200733057875195,0
2025-11-12,0.03273316108182625,1,0.2066941479904442,0
2025-11-13,0.3436451158687735,0,2.1300951928444722,0
2025-11-14,0.09571697120763856,1,0.5963321929086223,0
2025-11-17,0.20016410719936661,1,1.2424756666652463,-1
2025-11-18,-0.015209059426994104,1,-0.08989180053789636,0
2025-11-19,-0.060174304797867645,1,-0.3680612263089983,0
2025-11-20,0.33032018209748293,0,2.0476628799542413,0
2025-11-21,-0.291984144534701,0,-1.8021112237199963,0
2025-11-24,-0.30466419723824073,0,-1.8805540955468611,0
2025-11-25,-0.04796040310143912,1,-0.2925021140813804,0
2025-11-26,-0.155810622714595,1,-0.9596981543038554,0
2025-11-28,-0.06862257820332884,1,-0.4203249544966503,0
2025-12-01,-0.1774819486895149,0,-1.09376392559945,0
2025-12-02,-0.14814911155485294,1,-0.9123015896400533,0
2025-12-03,0.06732453695471469,1,0.42068749071167827,0
2025-12-04,0.08249455195938782,1,0.5145340677287437,0
2025-12-05,-0.2397539929127918,0,-1.4789987584199584,0
2025-12-08,-0.17496236432686996,1,-1.0781769688385563,1
2025-12-09,-0.14060180857005364,1,-0.8656115533667927,0
2025-12-10,-0.30261483389842514,0,-1.867876076807479,0
2025-12-11,0.1987597426108244,1,1.2337878170172356,-1
2025-12-12,0.31903043798459946,0,1.9778209028654712,0
2025-12-15,0.0414223566120232,1,0.26044829769232436,0
2025-12-16,-0.08840338778868528,1,-0.542695385220694,0
2025-12-17,0.08008480240052102,1,0.49962658428206486,0
2025-12-18,-0.16578439981353202,1,-1.021399137485355,1
2025-12-19,-0.08354385696499922,1,-0.5126327693583254,0
2025-12-22,0.029383323602746425,1,0.18597097923429762,0
2025-12-23,0.07389277069965533,1,0.46132069073295545,0
2025-12-24,-0.054754143867039695,1,-0.33453037284028786,0
2025-12-26,-0.025680251918633976,1,-0.1546699548326997,0
2025-12-29,0.0783055270025125,1,0.48861941615320426,0
2025-12-30,-0.04697527167440055,1,-0.28640777519568866,0
2025-12-31,-0.041110167302433664,1,-0.250124358930948,0
