,spread,regime,z_score,signal
0,-0.11118028997591797,0,-0.3086344899687186,0
1,0.34524790655303883,0,0.9590516948843744,0
2,-0.12633163150486648,0,-0.3507159093120138,0
3,0.18723820633817165,0,0.520194683949341,0
4,0.5104190659945695,1,1.4177989820864525,0
5,-0.16511829900173897,0,-0.458442213068439,0
6,0.15249973307987574,0,0.42371185714914245,0
7,0.06453254178152426,0,0.17939129593645534,0
8,0.2776488100552784,0,0.7713015922604552,0
9,-0.1931828922079371,0,-0.536388968684275,0
10,-0.025520678478563513,0,-0.07072301359438322,0
11,-0.0430033154341814,0,-0.11927938568528426,0
12,-0.23695310674896236,0,-0.6579566034265635,0
13,0.23631855857599682,0,0.656510724353447,0
14,0.1313641026159838,0,0.36500964078522385,0
15,0.05954577476305728,0,0.16554102177621166,0
16,-0.12899232067257338,0,-0.3581057220486954,0
17,0.073223259468852,0,0.20352894306795732,0
18,-0.15775619800805846,0,-0.43799467325351016,0
19,-0.05198544557780882,0,-0.1442264033766127,0
20,0.29522735728594873,0,0.8201243460770998,0
21,0.06538199159208577,0,0.1817505625149972,0
22,0.3365086221884934,0,0.9347791583962961,0
23,0.2044921285713536,0,0.5681158225114866,0
24,-0.12821032228289253,0,-0.35593379541770587,0
25,-0.18188270865855463,0,-0.5050037767071015,0
26,0.06366418973245444,0,0.1769795301766578,0
27,0.13712404934219216,0,0.3810073485207075,0
28,0.24017680982186368,0,0.6672266525964283,0
29,0.34423191160848776,0,0.9562298649341595,0
30,-0.08052824556261476,0,-0.2235013331310193,0
31,0.045441205316399995,0,0.1263669129748635,0
32,0.182230582250046,0,0.5062864812490468,0
33,-0.17479062826690714,0,-0.48530619359823535,0
34,0.09150007119827731,0,0.2542910605461301,0
35,0.058789312852276565,0,0.16344002030225155,0
36,-0.03926166759704604,0,-0.1088873123914052,0
37,0.2970102638346175,0,0.8250762005370557,0
38,-0.2131747991731709,0,-0.5919146011088865,0
39,0.1738277758014647,0,0.482948480376471,0
40,-0.005775684588334107,0,-0.015883158903099808,0
41,0.04406458727890025,0,0.1225434864617136,0
42,-0.28141451663277106,0,-0.7814439679176817,0
43,0.02194199831984714,0,0.061100086141908885,0
44,-0.005941142067269686,0,-0.01634270141564033,0
45,0.17634060073748375,0,0.48992761418233705,0
46,0.7048550521500334,1,1.9578265600538696,0
47,-0.22694544478321654,0,-0.6301612680087814,0
48,0.29935236773413765,0,0.8315811727966385,0
49,0.07011625495143284,0,0.19489953162282425,0
50,-0.08239805195917888,0,-0.22869454370674652,0
51,0.02107017409040224,0,0.058678676729229495,0
52,-0.3162364535065657,0,-0.878158607022883,0
53,0.03271958451317664,0,0.09103381334642541,0
54,-0.2660040660508963,0,-0.7386428976648615,0
55,-0.24905478523140584,0,-0.6915678718416037,0
56,0.18360940012861032,0,0.5101160176128756,0
57,-0.15211487945369523,0,-0.4223264440553432,0
58,0.15439328350195936,0,0.4289710145120155,0
59,0.16930082587204406,0,0.47037530472980793,0
60,0.4936702126537983,1,1.3712806246455813,0
61,0.1494764196265061,0,0.4153148897258688,0
62,0.3571571879351466,0,0.9921285985341435,0
63,0.39104062184912575,0,1.086236634353988,-1
64,0.27512231789046687,0,0.7642844990181275,0
65,-0.05070333163095894,0,-0.1406654530449082,0
66,0.1440006823546761,0,0.4001065468930358,0
67,0.07631438457610241,0,0.2121142509519002,0
68,0.4110399949719028,0,1.141783003325648,-1
69,-0.30682752953264575,0,-0.8520262097985702,0
70,-0.19485248604775102,0,-0.5410261078030754,0
71,-0.054748004962695856,0,-0.15189915101510212,0
72,-0.07442012856403055,0,-0.20653661536498993,0
73,-0.001991623917329405,0,-0.0053732879710259316,0
74,0.2562447481719249,0,0.7118538329948935,0
75,0.24089964092546756,0,0.6692342476814586,0
76,0.0944844441505988,0,0.2625798744074954,0
77,0.09596678231889372,0,0.26669692859371436,0
78,0.330990389317272,0,0.9194527880518517,0
79,0.1715595813437698,0,0.4766487846073518,0
80,0.40297104458303334,0,1.119372256110591,-1
81,-0.11380292577281406,0,-0.3159186130638951,0
82,-0.3589814980824218,0,-0.9968789290622,0
83,0.5141276392651377,1,1.4280991938971321,0
84,-0.058202918296511474,0,-0.16149484632150493,0
85,-0.20272527659736397,0,-0.5628920396010754,0
86,-0.14548420553391286,0,-0.4039103738206452,0
87,-0.25596862285853295,0,-0.7107704025153861,0
88,-0.16204003458241487,0,-0.4498926245299175,0
89,-0.04726807676084488,0,-0.13112435726377447,0
90,-0.4863781368103859,1,-1.3507110545538483,0
91,0.3479769815866658,0,0.9666314429014031,0
92,0.18403058773919606,0,0.5112858264003942,0
93,0.15080463639025696,0,0.41900388627494684,0
94,0.1543081422561854,0,0.428734542747454,0
95,0.020542398999796596,0,0.05721283128813191,0
96,0.21545596061052452,0,0.5985668299531904,0
97,-0.0031184386313451162,0,-0.00850290935881476,0
98,0.1980088956964982,0,0.5501092558463657,0
99,-0.03357725520298287,0,-0.09309939412570181,0
100,-0.2174828622175807,0,-0.6038798391165432,0
101,-0.038043350283449184,0,-0.10550355117998303,0
102,-0.23294512317692967,0,-0.6468248077968829,0
103,0.6669213798695026,1,1.8524693699055113,0
104,-0.04758660567895007,0,-0.1320090412338467,0
105,-0.11711918872468442,0,-0.32512922003646305,0
106,0.14454582302474928,0,0.4016206235901127,0
107,-0.05552027437967427,0,-0.15404405634376753,0
108,0.09504863010571574,0,0.26414684758406276,0
109,0.11610328364410062,0,0.32262415818944623,0
110,-0.09291158133499111,0,-0.2578948780531343,0
111,-0.24125058885749928,0,-0.6698924538846979,0
112,0.007334456013719251,0,0.020529017752709124,0
113,0.29181834073457397,0,0.8106561247468272,0
114,0.07580071563214474,0,0.2106875840001316,0
115,-0.2642446128903727,0,-0.7337561827742085,0
116,-0.09989413795664016,0,-0.2772882692404761,0
117,0.09430819919143324,0,0.2620903706879985,0
118,0.18934481725628977,0,0.5260455967064138,0
119,-0.04029602846793112,0,-0.11176015196649146,0
120,-0.01501301309683605,0,-0.0415389659374372,0
121,0.01348311236786126,0,0.03760632974796073,0
122,0.107642690951669,0,0.29912566148519154,0
123,-0.22712789864509858,0,-0.6306680163688517,0
124,0.013709405758556892,0,0.038234838256615535,0
125,0.14077122468867848,0,0.3911370333991573,0
126,-0.12250698320709463,0,-0.34009331008199517,0
127,-0.08315087232523483,0,-0.23078543113434793,0
128,-0.12744680199621455,0,-0.3538131899716851,0
129,0.2064216438526874,0,0.5734748688723629,0
130,-0.06501311809634816,0,-0.1804095327234318,0
131,-0.03868233233927584,0,-0.10727826345827912,0
132,-0.07817972326919306,0,-0.21697853438889272,0
133,-0.07016945262770272,0,-0.1947307646271326,0
134,-0.05561803125951406,0,-0.15431556683980976,0
135,-0.031006772294657703,0,-0.08596012075024968,0
136,0.013471366214585778,0,0.03757370591721203,0
137,0.15047242020625268,0,0.4180811872172428,0
138,0.02714650327179216,0,0.07555510683684889,0
139,0.14858828427619797,0,0.4128481777163406,0
140,-0.055522106504583446,0,-0.1540491448975728,0
141,-0.031062315749540617,0,-0.08611438744750798,0
142,-0.02669753458883259,0,-0.07399162023151373,0
143,0.022025913795161833,0,0.06133315344485118,0
144,-0.3172653842836108,0,-0.8810163650254551,0
145,0.27437624490820545,0,0.7622123518114091,0
146,-0.369440853822555,0,-1.0259288012547245,1
147,-0.05714292603827442,0,-0.15855081799013276,0
148,0.13837526264621458,0,0.3844824752369707,0
149,-0.03576799486470275,0,-0.09918396651823112,0
150,0.02626988188264863,0,0.07312037376642282,0
151,0.028202190982504538,0,0.07848717969423724,0
152,-0.18124384977900174,0,-0.5032294065392661,0
153,-0.06890230886864221,0,-0.1912113925773782,0
154,0.16907814854583528,0,0.4697568394985588,0
155,0.0259315677141031,0,0.07218073813289547,0
156,-0.3331004707392685,0,-0.9249968212909745,0
157,-0.05129062915681444,0,-0.14229661642523234,0
158,-0.011279210228650194,0,-0.031168681303490896,0
159,-0.038979700566528,0,-0.10810417560912472,0
160,-0.15562689372030308,0,-0.43208073180672074,0
161,-0.4110948644022747,0,-1.1416188794689992,1
162,-0.047501818077576884,0,-0.1317735516831901,0
163,0.02807675519220204,0,0.07813879363995341,0
164,-0.14985142757796066,0,-0.41603992035945997,0
165,0.02417238072090655,0,0.06729476249684155,0
166,0.020404888834485525,0,0.05683090979825163,0
167,0.07628380392612194,0,0.21202931608635314,0
168,-0.020539644375168892,0,-0.05688866206401086,0
169,0.08137011673693294,0,0.22615606927807305,0
170,0.03833291272058165,0,0.10662430200091423,0
171,-0.17464163039406908,0,-0.4848923660862505,0
172,-0.08396029179823651,0,-0.23303351723305635,0
173,0.07112162983060996,0,0.19769186534502525,0
174,-0.3195754048867152,0,-0.8874322289610121,0
175,0.3373523803083907,0,0.9371226168418647,0
176,-0.2707216766932531,0,-0.7517456154248765,0
177,0.20476913751693995,0,0.5688851886813926,0
178,-0.20918141406170754,0,-0.5808233513239295,0
179,-0.015869948870450915,0,-0.043919024070960155,0
180,0.06755455843315784,0,0.1877846616154507,0
181,0.06681361492689025,0,0.18572676104358618,0
182,0.09571855108586833,0,0.26600748980104466,0
183,0.09639326953171129,0,0.2678814565256364,0
184,0.12790309690755386,0,0.3553970244840397,0
185,0.0689140893181678,0,0.1915606301772415,0
186,-0.07954259288713272,0,-0.22076377596589622,0
187,0.11179574003498399,0,0.3106603628642314,0
188,0.0187885694299655,0,0.05234173538921614,0
189,-0.14170804202090695,0,-0.39342243649865677,0
190,0.03239824459137597,0,0.09014132207921982,0
191,-0.06869522414184712,0,-0.19063623431754978,0
192,-0.051304697499489973,0,-0.1423356899176002,0
193,-0.21533100617063106,0,-0.5979032622896608,0
194,0.17706426926171576,0,0.4919375351240283,0
195,-0.021239459834984598,0,-0.05883233337332425,0
196,-0.1863143520088183,0,-0.5173122473363233,0
197,0.11304969121381359,0,0.3141430937690511,0
198,-0.06845473031304243,0,-0.18996828543394312,0
199,0.004686778852167839,0,0.013175344633531358,0
200,-0.1804770938886907,0,-0.5010998145099087,0
201,-0.07261987280372617,0,-0.2015365751091613,0
202,0.020454235436181245,0,0.05696796532136532,0
203,-0.17250225621585302,0,-0.478950456470279,0
204,-0.13021704115123672,0,-0.36150726744601114,0
205,0.06038437180023981,0,0.1678701458022458,0
206,0.08975120387171742,0,0.24943374680898397,0
207,-0.2792953894275507,0,-0.7755582923559315,0
208,0.11791781285406056,0,0.3276638416028978,0
209,-0.30234671802678903,0,-0.8395811792634224,0
210,-0.028484833491303957,0,-0.07895567403909287,0
211,0.1997700469539428,0,0.5550006870407519,0
212,0.16253160106045322,0,0.45157442248572843,0
213,0.14766174237711002,0,0.4102747951468726,0
214,-0.019678943219517353,0,-0.054498145937697605,0
215,0.034429063283317796,0,0.09578172909021121,0
216,-0.08033809443947565,0,-0.22297320635517395,0
217,0.20940145846599867,0,0.5817510223778757,0
218,-0.37247341377918397,0,-1.034351449967036,1
219,-0.0738371800255247,0,-0.20491753088606404,0
220,-0.09074539513154062,0,-0.25187850057072486,0
221,-0.06753328390825708,0,-0.18740905511839262,0
222,0.054317767190743695,0,0.15102072477412049,0
223,-0.14738144620983237,0,-0.4091797805148303,0
224,-0.28530335054201406,0,-0.7922448366182262,0
225,0.12092217487448295,0,0.3360081732120103,0
226,-0.058556479814979294,0,-0.16247683002861557,0
227,-0.23703957767072945,0,-0.6581967682405457,0
228,-0.14352334283279922,0,-0.3984642629635615,0
229,-0.2121630606765174,0,-0.5891045930404865,0
230,0.1654271056752739,0,0.4596164129374592,0
231,0.3837915194218306,0,1.066102937379191,-1
232,-0.10001525206898051,0,-0.27762465224260485,0
233,0.11874611789804045,0,0.3299643805903721,0
234,-0.24855362227386157,0,-0.6901759390853226,0
235,0.04062273870889341,0,0.11298407730221126,0
236,-0.1047746479733496,0,-0.29084342461928536,0
237,-0.3086402112773365,0,-0.8570607620518161,0
238,-0.37885656817703584,0,-1.052080058119376,1
239,-0.27793301351322475,0,-0.7717744219940617,0
240,0.018125355620209616,0,0.050499721704204935,0
241,-0.06520431714748465,0,-0.180940570020264,0
242,0.2410265839640795,0,0.6695868199754917,0
243,0.08625612430132701,0,0.23972649357607567,0
244,0.10743243776735034,0,0.2985417031340005,0
245,-0.0377985460456326,0,-0.10482363054266566,0
246,0.03434259159877007,0,0.09554156215767777,0
247,0.12783219302639337,0,0.35520009565430666,0
248,0.2175906176423984,0,0.6044956381409518,0
249,-0.18555896148468698,0,-0.5152142215375393,0
250,0.008553755165270266,0,0.023915505926268437,0
251,0.020829948323210112,0,0.05801147236142074,0
252,0.12034905740719148,0,0.3344163936043776,0
253,-0.22843331368906455,0,-0.634293683295917,0
254,0.2449778902848849,0,0.6805611998957076,0
255,0.16947051838396154,0,0.4708466096462586,0
256,-0.10097418776536565,0,-0.28028800552295546,0
257,0.24005893061976077,0,0.6668992542517954,0
258,0.010537134670595333,0,0.029424155079283323,0
259,-0.011782098931362,0,-0.032565407153897476,0
260,0.051508391362863226,0,0.14321794888922104,0
261,-0.057179408635890536,0,-0.15865214495752264,0
262,0.017552335335931757,0,0.048908212013209,0
263,-0.24284528848928016,0,-0.6743215814179497,0
264,0.06025048983441113,0,0.1674983012935746,0
265,0.24726783383415252,0,0.6869213017114504,0
266,0.13785236225773442,0,0.3830301688203829,0
267,0.1721879544076133,0,0.4783940314129305,0
268,-0.3143202614813876,0,-0.872836564746974,0
269,-0.013100509387428481,0,-0.036227167610046934,0
270,0.0031984714974054584,0,0.00904171159596808,0
271,-0.19346115070988645,0,-0.5371618053789,0
272,-0.16073184234780663,0,-0.4462592442182791,0
273,0.030662596253350022,0,0.08532072283357454,0
274,0.1686460986108114,0,0.4685568616313682,0
275,0.17674254892175387,0,0.49104398728132825,0
276,-0.24683977255669645,0,-0.6854158834492182,0
277,-0.05954528054657504,0,-0.16522313062211327,0
278,0.06551522995860509,0,0.18212061948740474,0
279,-0.14285745081440204,0,-0.3966148108071313,0
280,0.016013311793167007,0,0.04463371955598684,0
281,-0.13790173415739287,0,-0.3828507760916767,0
282,-0.055643994221219795,0,-0.15438767651253052,0
283,0.11566464269492505,0,0.3214058744032791,0
284,-0.17080181167369976,0,-0.4742276324410239,0
285,-0.13911878475071948,0,-0.38623101910724933,0
286,0.21754863515471268,0,0.6043790357486156,0
287,-0.05108294749677039,0,-0.14171980023971323,0
288,-0.14350108783456664,0,-0.39840245180899675,0
289,-0.09054177062809471,0,-0.2513129527542688,0
290,-0.050413931171430226,0,-0.13986167061598587,0
291,0.07921123926139723,0,0.22015999109679552,0
292,-0.27899372950474516,0,-0.7747204604262378,0
293,0.3368483147976846,0,0.9357226225184586,0
294,-0.045726676623435436,0,-0.1268432640395073,0
295,0.09749957449190237,0,0.27095411401028346,0
296,-0.31021857629258154,0,-0.8614445217312089,0
297,-0.7786527694934329,1,-2.162476227812168,0
298,0.10826917357044369,0,0.30086565775823265,0
299,0.26991381931271696,0,0.7498183864048993,0
300,0.41586188917702516,0,1.155175358826781,-1
301,-0.04541211457929953,0,-0.1259695976870278,0
302,0.1299342977041142,0,0.3610384927545013,0
303,-0.0011334682101521443,0,-0.0029898415873132367,0
304,0.18754977368415157,0,0.5210600328106816,0
305,-0.2732760655959083,0,-0.7588401892204123,0
306,0.0057243175172731475,0,0.01605701023177289,0
307,0.0177797022109044,0,0.04953970202300237,0
308,-0.0375247035455137,0,-0.10406305887582666,0
309,0.04677934416315881,0,0.13008346717189104,0
310,0.28092612407236484,0,0.7804040222472106,0
311,-0.020976044387906234,0,-0.05810072186098211,0
312,-0.02706057171170087,0,-0.07499992153443234,0
313,-0.20857600594882258,0,-0.5791418874995236,0
314,-0.015377109880198858,0,-0.04255021034724482,0
315,0.029241762407406918,0,0.08137449109072584,0
316,0.036100038497656056,0,0.10042270484621747,0
317,-0.03892352009021715,0,-0.10794813964504683,0
318,-0.03605876365725841,0,-0.0999915493628327,0
319,0.12984085235380324,0,0.3607789571242997,0
320,-0.09148400220962113,0,-0.2539299119340848,0
321,-0.4025143166195818,0,-1.1177872188369165,1
322,0.20335547960385733,0,0.564958887413961,0
323,0.05344718353486459,0,0.14860276093728986,0
324,-0.14438749105527338,0,-0.40086435299223777,0
325,-0.016508061001299076,0,-0.04569132021483361,0
326,-0.4072176079360579,0,-1.1308501660224284,1
327,-0.12731878434481192,0,-0.35345763304217326,0
328,-0.03610874016891144,0,-0.10013035440132834,0
329,0.17450959737053018,0,0.4848421753545908,0
330,-0.048781814457717565,0,-0.13532862067346307,0
331,-0.10475407234323669,0,-0.29078627775097804,0
332,-0.008823363252852202,0,-0.024347798397903683,0
333,0.12324099711967718,0,0.3424484828767448,0
334,0.08069286534858237,0,0.22427506754502147,0
335,0.23191638747034088,0,0.6442841100985903,0
336,-0.35790801823637397,0,-0.9938974402302173,0
337,-0.06313913163302827,0,-0.17520471240729338,0
338,0.08306181832396811,0,0.230854610575669,0
339,-0.2852560390523797,0,-0.7921134334265513,0
340,0.04609465272138086,0,0.12818180139350613,0
341,0.1308349140399357,0,0.36353986952187967,0
342,0.2985025241550833,0,0.8292208125633176,0
343,-0.07576083479805255,0,-0.2102603002375311,0
344,-0.280986639670611,0,-0.7802555800882877,0
345,0.11058283844497568,0,0.30729164331330777,0
346,0.1638948978035525,0,0.45536085036250074,0
347,0.2447894167852316,0,0.680037732560564,0
348,-0.053637343261358716,0,-0.14881439309361996,0
349,-0.1734699452089518,0,-0.4816381212050932,0
350,0.08195599628647053,0,0.22778329436316844,0
351,-0.05015455873606162,0,-0.1391412881866159,0
352,-0.27080691943152074,0,-0.7519823690752485,0
353,-0.21037347538010165,0,-0.5841341889897836,0
354,-0.12712625769330071,0,-0.35292290846075425,0
355,-0.3190857166486196,0,-0.8860721661536755,0
356,0.34473773586170586,0,0.9576347439986972,0
357,0.3311581851710466,0,0.9199188251795387,0
358,0.15549273351171916,0,0.4320246330196107,0
359,-0.09767878724827794,0,-0.271135341991563,0
360,0.00533456536376567,0,0.014974510455738948,0
361,-0.10921741054778941,0,-0.30318277784292524,0
362,0.2061986446278738,0,0.5728555095981572,0
363,0.20391789582510708,0,0.5665209453219465,0
364,-0.054526759127096466,0,-0.15128466161374932,0
365,0.25834508134540085,0,0.7176873099094495,0
366,-0.14324817094379555,0,-0.39769999904471803,0
367,0.364420172871382,0,1.0123008528656692,-1
368,0.2926400651507463,0,0.8129383866624144,0
369,0.1964211268414178,0,0.5456993778904631,0
370,0.24580148816718012,0,0.6828486651864144,0
371,0.03182990477581258,0,0.08856281194778899,0
372,-0.05416568632815676,0,-0.15028181603492,0
373,-0.1868302782843189,0,-0.5187451838131418,0
374,-0.1747021510213813,0,-0.4850604564096044,0
375,-0.0028273743889905,0,-0.0076945059303156395,0
376,0.6133564732261045,1,1.7036979034159876,0
377,-0.11250780006861938,0,-0.31232152380573497,0
378,0.041866734487676194,0,0.11643915802415446,0
379,-0.08896920729903574,0,-0.24694530671001705,0
380,-0.05103190118679195,0,-0.14157802393746127,0
381,-0.08816302038646126,0,-0.24470619874242855,0
382,0.431969531411585,1,1.1999128130125507,0
383,0.1349825349772545,0,0.3750594947383575,0
384,0.07812416267267719,0,0.21714073859688954,0
385,0.03415803730021971,0,0.09502898003324564,0
386,0.01798986829455812,0,0.050123418460327245,0
387,0.02359653129139308,0,0.06569539512229888,0
388,-0.11026434747992464,0,-0.30609054623973614,0
389,0.2112399231810461,0,0.5868571843948791,0
390,-0.08457767200343047,0,-0.234748232412526,0
391,-0.38123740079471813,0,-1.058692595733914,1
392,-0.5159320793775257,1,-1.4327943372809444,0
393,-0.1699161233891578,0,-0.4717677169254213,0
394,0.3195632983187113,0,0.8877151226269342,0
395,-0.10323751754556965,0,-0.28657419011004015,0
396,-0.05683561373362356,0,-0.1576972871039958,0
397,0.12155734730186943,0,0.3377723046073115,0
398,-0.19797574056141443,0,-0.5497006520772041,0
399,0.6926967834882896,1,1.9240581177634135,0
400,0.5460689862991281,1,1.5168132669288124,0
401,-0.24376261302936558,0,-0.6768693636437992,0
402,0.5105638102314976,1,1.4182009955266521,0
403,-0.5666064023169872,1,-1.5735374806837077,0
404,-0.045688870766536716,0,-0.12673826184450376,0
405,-0.18062515001903523,0,-0.5015110264211095,0
406,0.03903916509181038,0,0.10858585122340975,0
407,-0.4091506608740538,0,-1.1362190378903863,1
408,-0.18061236461381114,0,-0.5014755161662794,0
409,0.39069089277010943,0,1.0852652948853005,-1
410,-0.05725132114789655,0,-0.15885187516411675,0
411,-0.04469341643024494,0,-0.12397348149270722,0
412,-0.1477786105530562,0,-0.4102828669473731,0
413,0.024713754836943325,0,0.06879837794600964,0
414,0.2246110031383941,0,0.6239940954520836,0
415,0.26569466081180776,0,0.7381000723656203,0
416,0.35971790773275386,0,0.9992407557921593,0
417,0.10937086504309712,0,0.3039255017172038,0
418,-0.3385877423569667,0,-0.9402371996794975,0
419,0.0641786139966748,0,0.17840829495908067,0
420,-0.25935744660206705,0,-0.7201825402300371,0
421,-0.0988436774417602,0,-0.274370714425559,0
422,-0.3728539424615591,0,-1.0354083324235885,1
423,0.30547088859946414,0,0.8485747863194123,0
424,-0.11372746350815977,0,-0.31570902375476073,0
425,0.020445706425991306,0,0.05694427680152697,0
426,-0.24254646342569156,0,-0.6734916230418461,0
427,-0.1068404177075844,0,-0.2965809048474837,0
428,-0.05437794825318665,0,-0.15087135347361685,0
429,-0.1746801508759094,0,-0.4849993530844996,0
430,0.06992978591706689,0,0.19438163150060073,0
431,0.26055416699418976,0,0.7238228365474259,0
432,0.07409472553541052,0,0.20594935771706505,0
433,-0.17531976848437503,0,-0.4867758305501927,0
434,-0.08426872657166651,0,-0.23389016567015766,0
435,-0.23032114069862364,0,-0.6395369444213473,0
436,0.014501837363918857,0,0.04043574215825385,0
437,0.03767850958335539,0,0.10480675912627367,0
438,-0.1148142540034045,0,-0.31872748165707393,0
439,0.03402585787360479,0,0.09466186416635615,0
440,-0.11971598588407834,0,-0.332341578757646,0
441,0.4196887707207779,1,1.1658041606864769,0
442,-0.014087174779966283,0,-0.038967537501093906,0
443,0.14050893143626697,0,0.3904085386764585,0
444,0.2619288435780613,0,0.7276408708565846,0
445,0.19415246852381457,0,0.5393983937942818,0
446,-0.052071467506706104,0,-0.14446532115532748,0
447,-0.34308648384887364,0,-0.9527320290565735,0
448,-0.19234482400990327,0,-0.5340613134590028,0
449,-0.06886868515736355,0,-0.191118005896635,0
450,-0.056976625191554886,0,-0.15808893310326788,0
451,0.02363647132249952,0,0.06580632478449171,0
452,-0.005538638338314569,0,-0.015224785343783702,0
453,0.4011604666393847,0,1.1143435469659368,-1
454,-0.1104866104273871,0,-0.30670786057317484,0
455,0.01012044241248361,0,0.02826683170846489,0
456,-0.20240127852959094,0,-0.5619921655846178,0
457,0.23309217889809714,0,0.6475497596806505,0
458,0.07875205043937844,0,0.2188846375355147,0
459,0.10809738006610126,0,0.30038851753385876,0
460,-0.3242473049921397,0,-0.9004079900241976,0
461,0.03978755666149003,0,0.11066443808758308,0
462,-0.011190612570033148,0,-0.030922609678877683,0
463,0.12847338345731257,0,0.3569809414857379,0
464,0.15003884678419188,0,0.4168769780087718,0
465,-0.15129448405833634,0,-0.42004787336947724,0
466,-0.22698798865482317,0,-0.6302794295919089,0
467,0.27542116237106096,0,0.765114511323129,0
468,0.38497717900107936,0,1.0693959948195129,-1
469,0.3410860398486638,0,0.9474925033960774,0
470,0.11493253753077742,0,0.3193725214914577,0
471,-0.5238192184583169,1,-1.4547001207684018,0
472,-0.20992912204952452,0,-0.5829000396040755,0
473,0.40877074990312445,0,1.1354803895835237,-1
474,-0.32942956603791046,0,-0.9148012303717166,0
475,-0.19738344533483082,0,-0.5480556080553743,0
476,-0.031400514468283985,0,-0.08705370243011945,0
477,0.02233467275404799,0,0.06219070227642248,0
478,-0.2666614095605776,0,-0.74046860714614,0
479,0.1854076188970254,0,0.5151104003162209,0
480,0.0744374115976183,0,0.2069011358721093,0
481,-0.057437813499933266,0,-0.15936984004896737,0
482,-0.0354710610920725,0,-0.09835926102404328,0
483,0.14262428674473032,0,0.39628373815139833,0
484,-0.16841842974776502,0,-0.46760801436371624,0
485,-0.18958233028649107,0,-0.5263887481890548,0
486,0.3021290582400153,0,0.8392931682883336,0
487,-0.08665139823075434,0,-0.240507811048416,0
488,0.23753250389228597,0,0.659882342755487,0
489,0.02875582747202743,0,0.08002485272700792,0
490,-0.11348064211653752,0,-0.31502350066336277,0
491,0.036649099200535856,0,0.10194766906398418,0
492,0.10387291308294383,0,0.28865545968676987,0
493,0.09415305135492,0,0.2616594622330578,0
494,0.11540665168602054,0,0.3206893287553728,0
495,-0.1838684283149185,0,-0.51051892540849,0
496,-0.24649019784164422,0,-0.6844449727118542,0
497,0.13822788623890053,0,0.3840731511922555,0
498,0.03945342391568818,0,0.10973641596059522,0
499,-0.054981507237068405,0,-0.1525476815169531,0
500,-0.13046194479383907,0,-0.3621874641707275,0
501,-0.1635080425990525,0,-0.4539698780740619,0
502,-0.24681586438860376,0,-0.6853494807715863,0
503,0.01535294429242473,0,0.04279961122529383,0
504,0.038554879915127016,0,0.1072407949085734,0
505,0.11943966312976162,0,0.33189063693366944,0
506,-0.09066542826489313,0,-0.25165640015522484,0
507,-0.22711293361880194,0,-0.6306264524224601,0
508,-0.17011984047221504,0,-0.47233352187299943,0
509,-0.07878226563763865,0,-0.21865203887892193,0
510,0.19716633042962559,0,0.5477691104373523,0
511,-0.08835681279413862,0,-0.24524443884198915,0
512,-0.10654846715360483,0,-0.29577003977219984,0
513,-0.3017876721618691,0,-0.838028482201655,0
514,-0.1294422724292264,0,-0.359355420533796,0
515,0.2980743924289538,0,0.8280317171510729,0
516,-0.022741909919052478,0,-0.06300524650509082,0
517,-0.3516261904455329,0,-0.9764502571538093,0
518,-0.19982551147235061,0,-0.554838215984889,0
519,0.1271135109731959,0,0.3532040241647082,0
520,0.3204822711814172,0,0.8902674829131009,0
521,-0.5145823867823386,1,-1.4290456936394496,0
522,0.015962840567223746,0,0.044493540495299015,0
523,0.045197537236365604,0,0.12569014790842292,0
524,0.06957077465187511,0,0.19338451163694795,0
525,-0.009776518238819948,0,-0.02699509630132867,0
526,-0.036921829508029164,0,-0.10238863320638344,0
527,0.023670348383896464,0,0.06590041512124767,0
528,-0.13825512656744485,0,-0.38383229011614256,0
529,-0.03674045531959458,0,-0.10188488353728763,0
530,-0.05455570519548458,0,-0.15136505658338634,0
531,-0.05537614568058036,0,-0.15364375250173568,0
532,-0.4666100307867955,0,-1.2958070080961777,1
533,-0.13821741862976,0,-0.3837275598825025,0
534,-0.13681544346402993,0,-0.3798337063418605,0
535,0.1593689072570748,0,0.4427903393113031,0
536,0.06967221259557095,0,0.1936662459400016,0
537,0.2481016792265767,0,0.6892372284931835,0
538,-0.05398590801386981,0,-0.1497824987554642,0
539,-0.028609464607035395,0,-0.07930182518579476,0
540,0.11385830257076593,0,0.31638893540179686,0
541,-0.01322377490188921,0,-0.036569525928264374,0
542,-0.12421492197564396,0,-0.3448369486168849,0
543,-0.03283890446904736,0,-0.09104869473398093,0
544,-0.0955962041382374,0,-0.2653511642008745,0
545,-0.23969194829240736,0,-0.6655634770017079,0
546,-0.3107671040016999,0,-0.8629680056091694,0
547,-0.5424906550704621,1,-1.5065582715675385,0
548,0.13349309302686826,0,0.37092271046866465,0
549,0.027175923117711664,0,0.07563681767880888,0
550,-0.08713818640175959,0,-0.24185981919345642,0
551,0.08178327566781418,0,0.22730357916639699,0
552,-0.29905652798336835,0,-0.8304429873302669,0
553,0.13508586992128407,0,0.37534649778057766,0
554,-0.042871222725056946,0,-0.11891251066803,0
555,-0.1183669980756804,0,-0.32859489259485797,0
556,0.5142956761732987,1,1.4285659005305984,0
557,0.1984166748869538,0,0.5512418240140257,0
558,0.006848331226922688,0,0.01917885209462064,0
559,0.1732350954470273,0,0.48130236669842075,0
560,-0.031503231475225185,0,-0.0873389892104697,0
561,0.15979210464646273,0,0.44396573006952705,0
562,-0.18082750513231352,0,-0.5020730486263283,0
563,-0.2436853617164228,0,-0.6766548054221029,0
564,-0.033092939687339035,0,-0.0917542535472697,0
565,0.05621990896972373,0,0.1563037438189176,0
566,0.35244549686814697,0,0.9790423218353018,0
567,-0.1065493672889013,0,-0.2957725398129259,0
568,-0.32583110728121034,0,-0.9048068512178359,0
569,0.05247734912460461,0,0.1459091375090455,0
570,-0.0487502687315427,0,-0.1352410053999827,0
571,0.3629205729818934,0,1.0081358558800122,-1
572,0.645985221577845,1,1.7943211686504905,0
573,0.015563633089315021,0,0.04338477944923855,0
574,0.025904366887885513,0,0.07210519040846729,0
575,-0.430018007429817,0,-1.1941761210514494,1
576,0.17178831086509624,0,0.4772840592386271,0
577,-0.05351507522898413,0,-0.1484748051876379,0
578,0.052794891324871335,0,0.14679108096356308,0
579,-0.051300314353054655,0,-0.14232351614256944,0
580,0.2976701330730962,0,0.8269089249913958,0
581,-0.3749168092224151,0,-1.041137749917549,1
582,0.3225785849998173,0,0.8960897964487499,0
583,-0.17005221194095566,0,-0.4721456900181066,0
584,-0.07964932076381454,0,-0.22106020255793662,0
585,-0.07514500197745866,0,-0.20854988277256523,0
586,0.06856922593230513,0,0.19060280471149593,0
587,0.48200714654807214,1,1.3388875606594053,0
588,-0.30788703461803857,0,-0.8549688850534037,0
589,-0.18512792246827828,0,-0.5140170514012739,0
590,-0.15782785332711785,0,-0.43819368913099893,0
591,-0.545944274447346,1,-1.516150373030838,0
592,-0.24147822198954444,0,-0.6705246833983497,0
593,-0.3782440217130746,0,-1.0503787681994072,1
594,-0.08104637315111107,0,-0.22494038354666637,0
595,0.029658835036350056,0,0.08253287090558468,0
596,0.13036660632915092,0,0.3622391891087572,0
597,-0.09063395054615131,0,-0.25156897376596327,0
598,-0.4658784557985151,0,-1.2937751276977274,1
599,-0.10349064286388943,0,-0.2872772217621396,0
600,0.15742309349620476,0,0.4373860254636692,0
601,0.23053126580223687,0,0.640437065555003,0
602,-0.12159386423450894,0,-0.3375572084224635,0
603,0.08340326872759452,0,0.2318029568057693,0
604,-0.012303514104294408,0,-0.03401358852464955,0
605,-0.4428617553324059,0,-1.2298484171577546,1
606,-0.03031149225407559,0,-0.08402904613927498,0
607,-0.20609892858127166,0,-0.5722620391870468,0
608,0.11683267908172318,0,0.32464998509190474,0
609,-0.0003155101613581124,0,-0.0007180404012096908,0
610,0.20624655853015414,0,0.5729885859340302,0
611,-0.060210840549119515,0,-0.16707166063588708,0
612,-0.25774627287417035,0,-0.7157076574515729,0
613,0.07972923711658252,0,0.22159868119043055,0
614,-0.018456501391683477,0,-0.051102929277735507,0
615,-0.21087698011730438,0,-0.5855326258177754,0
616,0.30037105971206457,0,0.8344104935021937,0
617,0.5684665947298269,1,1.5790205078426514,0
618,0.016254808266034856,0,0.0453044531887323,0
619,-0.21522921358034264,0,-0.5976205429892093,0
620,0.04690637273881082,0,0.13043627703697,0
621,0.03049378511124612,0,0.08485186583849445,0
622,0.7381983802681462,1,2.050434503063967,0
623,-0.197640882579035,0,-0.5487706156741545,0
624,-0.4749001505134484,0,-1.3188320322471323,1
625,0.0015808866483528888,0,0.004549022534323913,0
626,-0.30461780402704763,0,-0.8458889060187706,0
627,1.072590447984271,1,2.9791768721636336,0
628,0.16284292560829883,0,0.4524390969981946,0
629,-0.15470163115764834,0,-0.42951090247330276,0
630,0.3994993488209773,0,1.1097299491956363,-1
631,-0.26843826878729127,0,-0.7454036657408182,0
632,0.07417013559739044,0,0.2061588020382044,0
633,-0.43318390917797645,0,-1.2029691139893635,1
634,0.1532390202480534,0,0.4257651573984808,0
635,0.15943881016789424,0,0.4429844880405024,0
636,-0.2537077907391841,0,-0.7044911549453057,0
637,-0.01383285623354849,0,-0.03826119177070847,0
638,-0.13847842507460678,0,-0.38445248061878945,0
639,-0.11816462912693126,0,-0.32803283196292626,0
640,-0.19586574478393481,0,-0.5438403381931131,0
641,-0.22700282770280053,0,-0.6303206436454233,0
642,0.2433697310808259,0,0.6760946896723398,0
643,0.38444632659717554,0,1.067921602431526,-1
644,0.10007168351709285,0,0.27809790377166616,0
645,-0.4123980025259142,0,-1.1452382224650193,1
646,-0.12433140764565048,0,-0.3451604765578044,0
647,-0.25817278055398235,0,-0.7168922422286379,0
648,-0.09382871305486538,0,-0.2604421247390682,0
649,-0.08815359358307118,0,-0.2446800166868154,0
650,-0.1212770889933823,0,-0.3366773951244823,0
651,0.15778774785638322,0,0.4383988184903931,0
652,-0.5045258832556632,1,-1.401114705401557,0
653,-0.2477850240597358,0,-0.6880412301756634,0
654,-0.02303099140934986,0,-0.06380814302711471,0
655,-0.173384275798931,0,-0.481400182514246,0
656,0.024384606189440522,0,0.06788419868106603,0
657,0.05309557478334492,0,0.14762620085584746,0
658,-0.19811399730248824,0,-0.5500846471107164,0
659,0.15768310989059647,0,0.4381081964283738,0
660,0.03903066995994109,0,0.10856225679740561,0
661,-0.1694278961140537,0,-0.4704117118047371,0
662,-0.46497789261816125,0,-1.2912738985646375,1
663,0.17367917155998028,0,0.48253574613837397,0
664,0.07943477585061053,0,0.22078084284984206,0
665,-0.14303051336521153,0,-0.39709547568814657,0
666,-0.22996785440544104,0,-0.6385557251264585,0
667,-0.06972520486421656,0,-0.19349690844404388,0
668,0.15339201208386868,0,0.42619007776521817,0
669,0.1293656424976085,0,0.35945910665453173,0
670,0.04949250102014685,0,0.13761900395752205,0
671,-0.18959870127536083,0,-0.5264342170636345,0
672,-0.0018501037667596615,0,-0.00498022912602048,0
673,-0.08328874955432308,0,-0.23116837210918298,0
674,-0.1517643436124524,0,-0.4213528638808081,0
675,-0.06965784388702814,0,-0.19330981969530014,0
676,0.05332357975256569,0,0.14825946311211713,0
677,0.028009869506117696,0,0.07795302496733775,0
678,-0.0036186195256454057,0,-0.0098921145272376,0
679,0.14215875647474085,0,0.39499077181762554,0
680,0.006081221885454902,0,0.017048278388075384,0
681,-0.14736055104226164,0,-0.40912174616142916,0
682,-0.13541654827587923,0,-0.3759484071478971,0
683,-0.22329634047168018,0,-0.620026225612186,0
684,0.056838955233401434,0,0.15802308631838863,0
685,-0.0510573076514763,0,-0.14164858799229232,0
686,-0.017358674540935315,0,-0.04805381894091185,0
687,-0.19576541399526778,0,-0.5435616789085294,0
688,0.26188943626032,0,0.7275314207554238,0
689,0.02645849035634322,0,0.07364421597921146,0
690,0.1626392299329269,0,0.45187335150843955,0
691,0.2578042739045674,0,0.7161852683471096,0
692,-0.0803683255228321,0,-0.22305717033245573,0
693,0.15897706466912365,0,0.44170203355114124,0
694,0.014234225388246757,0,0.039692475184301156,0
695,0.2770208773633409,0,0.7695575685462317,0
696,-0.12144579105601133,0,-0.3371459491616286,0
697,0.12824959547090037,0,0.3563593915007276,0
698,-0.17872503492917663,0,-0.49623363631383144,0
699,0.7742103445170333,1,2.1504543307497035,0
700,0.6706971686521903,1,1.8629562664494517,0
701,-0.3679948103255669,0,-1.0219125520883299,1
702,0.09529075282301092,0,0.264819320551527,0
703,-0.5073775096433715,1,-1.4090348282238354,0
704,-0.0775823777118922,0,-0.21531946355073597,0
705,-0.20743823996632918,0,-0.5759818499983979,0
706,-0.28261027711397346,0,-0.7847650796586768,0
707,0.14538032519917496,0,0.4039383745217911,0
708,-0.5348522422514957,1,-1.4853433017684627,0
709,0.2464686943130298,0,0.6847017672076632,0
710,-0.2821985497541481,0,-0.7836215458236817,0
711,-0.15293144417579968,0,-0.42459437540823136,0
712,-0.2649336990918946,0,-0.7356700545824916,0
713,0.08249941665739047,0,0.22929259309190997,0
714,0.0037671768972063757,0,0.010621237103072109,0
715,-0.177271800422036,0,-0.49219741479626555,0
716,-0.3854016825124031,0,-1.0702584946934683,1
717,-0.42675422082353354,0,-1.1851112621699023,1
718,0.23451873169840942,0,0.6515118752788368,0
719,0.06380019881260202,0,0.1773572825443442,0
720,-0.3489492568800168,0,-0.9690153271372564,0
721,-0.21510644329887724,0,-0.5972795601338384,0
722,-0.28195773755032755,0,-0.7829527126835539,0
723,-0.1139030106355724,0,-0.3161965893125067,0
724,-0.39439193609611717,0,-1.0952280744719984,1
725,-0.2511224447164502,0,-0.6973106006741001,0
726,-0.10426748173449994,0,-0.2894348183164694,0
727,0.11313998518796176,0,0.3143938767497556,0
728,0.021380429465162998,0,0.059540381714485995,0
729,-0.43692550948714953,0,-1.2133610552788185,1
730,-0.42836109723342897,0,-1.1895742095537007,1
731,-0.16187479149092013,0,-0.44943367745823504,0
732,0.33942179977433073,0,0.9428702338549863,0
733,-0.9102969691849613,1,-2.528105552499178,0
734,0.062147939806050906,0,0.17276828928684493,0
735,-0.1427656388392276,0,-0.39635981172202256,0
736,0.2592960111097401,0,0.7203284274700776,0
737,0.6545675047201281,1,1.8181576490798492,0
738,-0.601365009622782,1,-1.6700762278982313,0
739,0.27890542979058974,0,0.7747917348287329,0
740,-0.34300930233314286,0,-0.9525176646900378,0
741,0.06061565424247023,0,0.16851251093008904,0
742,0.26788374463179504,0,0.744180045814209,0
743,-0.3729577432292685,0,-1.0356966292470604,1
744,-0.12763009991573332,0,-0.35432228262208076,0
745,0.12588722322129797,0,0.3497981258140857,0
746,-0.05188922288848627,0,-0.14395915394975595,0
747,-0.02438083872800273,0,-0.06755721639841479,0
748,0.9873371558651196,1,2.742393909466374,0
749,-0.2235639926200469,0,-0.6207696041620019,0
750,-0.08831809056391665,0,-0.24513689150667464,0
751,0.13427934405007325,0,0.3731064483874072,0
752,-0.48811451834571384,1,-1.3555336901857151,0
753,-0.24435056388481896,0,-0.678502341585344,0
754,0.19809442879976696,0,0.5503468159580898,0
755,0.024816818648126626,0,0.06908462794237044,0
756,0.05634274430528505,0,0.15664490735589245,0
757,0.0541106600007277,0,0.15044550412481872,0
758,-0.191255300206954,0,-0.531035264052829,0
759,0.14383220099604682,0,0.39963860584039296,0
760,-0.005896570022076185,0,-0.016218906772031222,0
761,-0.035990669429010566,0,-0.0998024240785613,0
762,0.06658084592314778,0,0.18508026713161851,0
763,-0.06889900645018392,0,-0.19120222042217827,0
764,0.503667923251399,1,1.3990483210787126,0
765,0.09771964084318849,0,0.2715653275054137,0
766,0.149920563257745,0,0.41654845669148094,0
767,0.3370529112342145,0,0.9362908697872108,0
768,-0.18268339444253726,0,-0.5072276058098653,0
769,0.024484280354424626,0,0.06816103425541929,0
770,-0.05417220649451843,0,-0.15029992518085464,0
771,0.08290161420497456,0,0.23040965877394176,0
772,-0.00593018233750453,0,-0.01631226180187705,0
773,-0.6716232349738258,1,-1.8652118096329653,0
774,-0.36528905684867646,0,-1.0143975774913243,1
775,0.1811184329212121,0,0.5031975915827684,0
776,-0.8664700237334486,1,-2.4063803530139003,0
777,-0.19980650923455406,0,-0.55478543906506,0
778,-0.26237103555445795,0,-0.7285524987707767,0
779,-0.35421394019968583,0,-0.9836374875618863,0
780,0.06512115848790823,0,0.18102612321603895,0
781,-0.02579223858166646,0,-0.07147724611918968,0
782,0.09870055949291978,0,0.2742897363613644,0
783,-0.6453814212101147,1,-1.7923276516718043,0
784,0.09148243545851487,0,0.25424207894546097,0
785,0.13273605789980664,0,0.3688201169406514,0
786,0.0005085868578523778,0,0.0015708111951124799,0
787,-0.11763006566366646,0,-0.3265481324582474,0
788,0.20295235492427843,0,0.5638392467104247,0
789,-0.0018303000132127156,0,-0.004925226071935266,0
790,-0.12258683485421268,0,-0.34031509048614006,0
791,-0.2717619343010228,0,-0.754634832629437,0
792,0.18686590757994237,0,0.5191606593294021,0
793,-0.0787252370841619,0,-0.21849364746065633,0
794,-0.006660186497491068,0,-0.01833977937317922,0
795,-0.1439711521506863,0,-0.39970801102744324,0
796,0.1873858952586096,0,0.5206048759697264,0
797,0.4036774448880168,0,1.121334216205111,-1
798,-0.03238204453554985,0,-0.08977980944049546,0
799,1.2698815375866777,1,3.527134230156782,0
800,0.8783145256707203,1,2.4395938563916086,0
801,0.08884463516905128,0,0.24691583790517427,0
802,-0.18520126770591688,0,-0.5142207608679245,0
803,0.24670941056353227,0,0.6853703338465172,0
804,0.019834533934622922,0,0.05524680296059876,0
805,-0.690031492240286,1,-1.9163390046690694,0
806,-0.17902023422850566,0,-0.4970535244723273,0
807,-0.23072831836416474,0,-0.6406678419103995,0
808,-0.10981203056832034,0,-0.304834278760258,0
809,0.06041210041964012,0,0.1679471594223642,0
810,-0.27546668462232515,0,-0.7649244265597872,0
811,0.2606068680052393,0,0.7239692086255388,0
812,-0.20148278477428913,0,-0.559441135973992,0
813,0.3498498496437481,0,0.9718331569499025,0
814,-0.1694817641068007,0,-0.4705613250642387,0
815,0.17269861693090927,0,0.47981234831540837,0
816,0.17015141632946817,0,0.4727377393472232,0
817,-0.19997730182436024,0,-0.5552597993438926,0
818,-0.44371659392744556,0,-1.2322226505759617,1
819,0.11197389024646048,0,0.3111551582419816,0
820,0.1052262140851481,0,0.2924141253377719,0
821,-0.1475822775010252,0,-0.4097375704482031,0
822,0.009518002018158223,0,0.02659361044191833,0
823,0.2701763214565629,0,0.7505474613038176,0
824,0.1291313280791171,0,0.3588083204991356,0
825,0.07013726889125804,0,0.1949578958549386,0
826,-0.14999588624207516,0,-0.41644114064815585,0
827,-0.1562178222821557,0,-0.43372198004640555,0
828,-0.23584038187718115,0,-0.6548661152441358,0
829,0.35671916259387937,0,0.9909120245407688,0
830,0.33165047532608827,0,0.9212861145653204,0
831,-0.00614721356188512,0,-0.016915045518836946,0
832,-0.1383942292487778,0,-0.384218634668786,0
833,0.533283372393931,1,1.4813024325067856,0
834,0.2984713335562224,0,0.8291341836223933,0
835,-0.4810046189919961,1,-1.3357866165935337,0
836,-0.5359886123000082,1,-1.4884994621948677,0
837,0.016640106131606214,0,0.04637458160093964,0
838,0.33832573762843776,0,0.9398260248191389,0
839,1.0187471277887976,1,2.829632138342412,0
840,0.5892352498553446,1,1.6367034848822324,0
841,-0.5415446425019687,1,-1.5039308110537128,0
842,0.3443982225001282,0,0.9566917777198429,0
843,0.05956014800131356,0,0.1655809420872434,0
844,-0.12090630718911455,0,-0.3356475837008243,0
845,-0.24993201683173644,0,-0.6940042997159389,0
846,-0.44090976763093626,0,-1.224426955773523,1
847,-0.22011288978669202,0,-0.6111844921605487,0
848,-0.02726501446935567,0,-0.07556774197463123,0
849,-0.035044004958046465,0,-0.097173152967226,0
850,-0.3276251953522753,0,-0.909789761299629,0
851,-0.13300456372688918,0,-0.36924934798790976,0
852,0.2634661802660523,0,0.7319106782340751,0
853,0.15795991348018723,0,0.4388769922414074,0
854,0.20747822020576612,0,0.5764094098499498,0
855,-0.4707372066959731,0,-1.307269849178983,1
856,0.12237883882940188,0,0.3400539196967086,0
857,0.021477328922265726,0,0.05980951079989976,0
858,0.3513573636127039,0,0.9760201345434244,0
859,-0.2798547082928731,0,-0.7771117476505189,0
860,0.0696087046257462,0,0.19348985855511355,0
861,-0.1282152115361852,0,-0.35594737485670747,0
862,0.1918174572578214,0,0.532913120654089,0
863,0.15239537384328483,0,0.42342200923112555,0
864,0.08917140868513454,0,0.24782342046704245,0
865,-0.01725680875706443,0,-0.04777089635220154,0
866,0.5884676205891,1,1.6345714671337508,0
867,-0.22415242464683222,0,-0.6224039185114518,0
868,-0.028004976541719184,0,-0.07762291670656955,0
869,0.1432167773532555,0,0.3979293248281078,0
870,0.11044995769900096,0,0.3069225795981689,0
871,0.10862608925411002,0,0.3018569573422243,0
872,-0.1783870700038496,0,-0.4952949706703411,0
873,0.2773349000462283,0,0.7704297368738112,0
874,0.029223669859292072,0,0.08132424074802483,0
875,0.05298221033894976,0,0.14731134182411765,0
876,-0.15620835753432483,0,-0.4336956926036937,0
877,-0.01965758782528132,0,-0.05443883334822354,0
878,0.01866039920725733,0,0.05198575470732069,0
879,0.04007441463913458,0,0.11146115901332856,0
880,-0.39875574850622647,0,-1.1073481510747485,1
881,-0.1157139586962374,0,-0.32122632642219884,0
882,0.32720346474778605,0,0.9089349629123755,0
883,-0.18362351532669044,0,-0.5098387027271812,0
884,-0.20919783127061747,0,-0.580868948570303,0
885,-0.15343714476819942,0,-0.4259989110165316,0
886,0.06954238321276529,0,0.19330565709772068,0
887,0.1867457488387225,0,0.5188269297802811,0
888,-0.6628169204090134,1,-1.8407531030977853,0
889,-0.12802032977920696,0,-0.3554061091924037,0
890,-0.22396000062947485,0,-0.6218694789866965,0
891,-0.44931038532753986,0,-1.247758877594311,1
892,-0.06738837734119131,0,-0.187006590821575,0
893,-0.18998009761195517,0,-0.5274935093477902,0
894,-0.2676360176109974,0,-0.7431754889088346,0
895,-0.43099183621081505,0,-1.1968808384669636,1
896,-0.19239883132028301,0,-0.5342113136600642,0
897,-0.36990752792800746,0,-1.0272249444834072,1
898,-0.09181806735858353,0,-0.2548577463172388,0
899,0.1389321018041163,0,0.3860290433785217,0
900,-0.24569934891891831,0,-0.6822484645616791,0
901,0.3095650713890927,0,0.8599459921304148,0
902,0.024047635586288807,0,0.06694829467345736,0
903,-0.03800140543065347,0,-0.1053870533149975,0
904,-0.119277147404657,0,-0.33112274634988725,0
905,-0.26723131916394977,0,-0.7420514772148697,0
906,-0.01217897544901908,0,-0.033667694178127296,0
907,0.10882640392833479,0,0.30241331242078695,0
908,-0.36993675114971436,0,-1.027306109220197,1
909,-0.47726572974713266,0,-1.3254022050290117,1
910,-0.08783621203756625,0,-0.24379851943571734,0
911,0.4200018407525008,1,1.1666736831154696,0
912,0.0716598931936865,0,0.1991868409718025,0
913,-0.41782303634217055,0,-1.160305741241311,1
914,-0.2505985022777144,0,-0.6958554000613977,0
915,0.22243830544959686,0,0.6179596329344382,0
916,-0.3198911069719529,0,-0.8883090616699216,0
917,0.7572947702333646,1,2.103472921644531,0
918,1.3123765544836354,1,3.6451601239447755,0
919,-1.3445061321928606,1,-3.7340804713752016,0
920,-0.19666007470703661,0,-0.5460465144928888,0
921,-1.7600096301076524,1,-4.888102173080698,0
922,0.22563872327269952,0,0.6268484910088482,0
923,-0.18144170429280826,0,-0.5037789287547444,0
924,-0.2738219010011491,0,-0.7603561954787671,0
925,-0.16672939679828191,0,-0.4629168849547434,0
926,0.23253622008237107,0,0.646005636606303,0
927,1.0082153223509929,1,2.8003810439608694,0
928,0.09069428763530496,0,0.25205307284394624,0
929,2.97890036762733,1,8.273772533776315,0
930,-1.7612693695498804,1,-4.891600980340135,0
931,1.50420471325991,1,4.177944707797848,0
932,0.735128994443931,1,2.041909573984362,0
933,1.9656292465610212,1,5.45950774589774,0
934,2.418015924887812,1,6.715968995854873,0
935,-1.9582513615601425,1,-5.4386998489798355,0
936,-1.0013942108568217,1,-2.7811195328445275,0
937,-2.1640929339767223,1,-6.010405364996046,0
938,-0.7284529806528626,1,-2.0230510580271193,0
939,-1.2650388470428942,1,-3.5133675962756836,0
940,0.8882275427713051,1,2.4671263246400432,0
941,0.654617360284401,1,1.8182961181984254,0
942,-0.5731328774402185,1,-1.591664148607438,0
943,0.9448614648504827,1,2.6244216914902925,0
944,-1.471787829534763,1,-4.087593358028657,0
945,0.5671085745250455,1,1.5752487350524411,0
946,-0.8425803424614629,1,-2.340029020779502,0
947,-0.7709280811149648,1,-2.141021635799341,0
948,1.1176440990298855,1,3.10430913051677,0
949,-0.9700091128303452,1,-2.6939503888674636,0
950,0.3067665312562782,0,0.8521733113646224,0
951,-0.633785905353154,1,-1.7601222021182918,0
952,-0.418496845967095,0,-1.1621771838016823,1
953,0.8320721849106952,1,2.311160124684076,0
954,0.46317449995395954,1,1.286581664369182,0
955,-0.5161376040640301,1,-1.4333651626762842,0
956,0.6237341593214825,1,1.7325209458877249,0
957,-0.0818014158632131,0,-0.22703744333040615,0
958,-0.24821109367727456,0,-0.68922459827616,0
959,0.509956777625288,1,1.4165150198255467,0
960,1.0274103512292392,1,2.853693422801306,0
961,0.026298464005876987,0,0.07319975791277027,0
962,-0.35851908768652563,0,-0.9955946278839032,0
963,-0.042098140580476506,0,-0.11676534806525017,0
964,-0.9659343889877962,1,-2.682633228443166,0
965,0.6444651830761676,1,1.7900994053508628,0
966,-0.10848008007054155,0,-0.3011349121177433,0
967,0.4014196849486156,0,1.1150635013245238,-1
968,-0.6019385522907581,1,-1.6716691884605854,0
969,0.42007149647690367,1,1.1668671453077553,0
970,-0.1487929527630809,0,-0.4131001065836192,0
971,0.002099601849739563,0,0.005989704989246391,0
972,-0.30525326472462294,0,-0.8476538380572808,0
973,0.08841741500446743,0,0.24572927426898303,0
974,0.15206583731798462,0,0.42250675267225285,0
975,0.4647616985597759,1,1.2909899585116407,0
976,-0.33942513271937635,0,-0.9425629722803769,0
977,-0.38498205068392066,0,-1.0690930069437252,1
978,0.3845658535318166,0,1.068253577197578,-1
979,0.03311198340807908,0,0.09212366419657525,0
980,-1.301866531165031,1,-3.61565300882645,0
981,-0.2384516946741344,0,-0.6621187897769585,0
982,0.3813548049085822,0,1.0593351930803787,-1
983,0.023441538117559113,0,0.06526491622833469,0
984,0.07036463464108622,0,0.19558938273974955,0
985,1.0333287939827651,1,2.870131338275296,0
986,0.05673011758782631,0,0.15772080004261343,0
987,0.7144744283304656,1,1.984543468394709,0
988,0.016944245118573065,0,0.04721929889707766,0
989,-0.4733032198574375,0,-1.3143967082549062,1
990,0.535303492111654,1,1.486913124127903,0
991,0.42537255713445454,1,1.18159034035081,0
992,-0.1427849437937323,0,-0.39641342940890284,0
993,-0.16686688050594833,0,-0.46329873296101587,0
994,-0.41854936418866195,0,-1.1623230481992803,1
995,0.3126072649884828,0,0.8683953973751467,0
996,0.36536731417521895,0,1.0149314483352496,-1
997,-0.35875588734298414,0,-0.9962523165529058,0
998,0.2796069132470239,0,0.7767400388410337,0
999,0.19683783146985734,0,0.5468567356186981,0
1000,-0.16242395303639023,0,-0.450958921756767,0
1001,-0.4486464479036474,0,-1.2459148541394145,1
1002,0.056200110490050914,0,0.15624875541251942,0
1003,-0.25591055846717514,0,-0.7106091341552894,0
1004,-0.5996580903184233,1,-1.6653354208287947,0
1005,-0.011227783161574162,0,-0.031025847484380725,0
1006,0.2745021642246286,0,0.7625620808138014,0
1007,-0.17812536696915338,0,-0.49456811522157285,0
1008,0.0029239233630011796,0,0.008279180096581596,0
1009,-0.06515644411262633,0,-0.18080760718979386,0
1010,0.5850139132330235,1,1.6249791213165576,0
1011,-0.13299974608236664,0,-0.36923596743550047,0
1012,-0.6761487021425736,1,-1.8777808670519758,0
1013,0.061064264022855586,0,0.16975848220291864,0
1014,-0.35953931181775267,0,-0.998428204000466,0
1015,-0.9307337396564657,1,-2.5848667512742765,0
1016,0.08387798226964566,0,0.23312142880990352,0
1017,0.23333325101229574,0,0.6482193146972928,0
1018,-0.8360947691837899,1,-2.322015953866716,0
1019,0.05820298446796435,0,0.16181154862098313,0
1020,-0.04166748035189022,0,-0.1155692299763672,0
1021,0.028754437206673672,0,0.0800209913963635,0
1022,-0.043802482314895586,0,-0.12149899617775137,0
1023,-0.3805559563506258,0,-1.0567999481847699,1
1024,0.06154368069552035,0,0.1710900167079014,0
1025,-0.11261651803079259,0,-0.312623477672171,0
1026,0.1649873683061349,0,0.4583950839484518,0
1027,0.4648474017464948,1,1.2912279910140751,0
1028,-0.015702218997437012,0,-0.04345317019860107,0
1029,-0.000950345490458665,0,-0.0024812355378764517,0
1030,-0.4201745540673305,0,-1.1668368595120318,1
1031,0.5899245401914681,1,1.6386179236550813,0
1032,0.17921893245753115,0,0.49792190854161866,0
1033,-0.25190279434887664,0,-0.6994779480376179,0
1034,-0.21115030595758205,0,-0.5862917625107282,0
1035,0.2781213045360568,0,0.7726139010315987,0
1036,-0.2535623100302108,0,-0.7040870960235944,0
1037,-0.061188999499790286,0,-0.16978840468847994,0
1038,0.3252900480604566,0,0.9036206288750807,0
1039,-0.15127949475705468,0,-0.4200062420016085,0
1040,-0.04470931706849551,0,-0.12401764401288869,0
1041,0.6347476656762691,1,1.7631099190469872,0
1042,-0.004569376438215863,0,-0.01253275200841189,0
1043,0.032634731522211594,0,0.09079814218235649,0
1044,-0.018529142982314617,0,-0.051304684431315306,0
1045,0.27373222902000593,0,0.7604236585393785,0
1046,-0.2539244613679493,0,-0.7050929371420189,0
1047,-0.0773798292825611,0,-0.21475690442844816,0
1048,-0.47446243102621066,0,-1.3176163077344223,1
1049,0.510279908372895,1,1.4174124849422023,0
1050,0.5159798867736004,1,1.4332436363204164,0
1051,-0.27111293336970843,0,-0.7528322938712255,0
1052,-0.7336483715597493,1,-2.0374807653231577,0
1053,0.10608893553118548,0,0.2948102526297209,0
1054,-0.22394092338172664,0,-0.6218164937338149,0
1055,-0.16654592442230887,0,-0.4624073077680315,0
1056,-0.13142146665394377,0,-0.3648524454654186,0
1057,0.1224820355337159,0,0.340340538791182,0
1058,0.03969046513907676,0,0.11039477555891883,0
1059,0.11013923746899335,0,0.30605958352139156,0
1060,0.09560062130972935,0,0.26567995099180564,0
1061,-0.26050064691122404,0,-0.7233576710599445,0
1062,0.19216879303809842,0,0.5338889225836998,0
1063,0.06974075070801808,0,0.19385660407069089,0
1064,-0.36456053722318904,0,-1.0123741830743096,1
1065,0.08228695575448564,0,0.22870250301096823,0
1066,-0.204205878293312,0,-0.5670042708994419,0
1067,-0.22259971442213247,0,-0.618091412588503,0
1068,0.0035333232527545166,0,0.009971730704029206,0
1069,-0.2519601839497199,0,-0.6996373422308262,0
1070,-0.019921921953360733,0,-0.05517299641023367,0
1071,-0.0711089240801499,0,-0.19734005780925443,0
1072,0.12696477838435372,0,0.3527909334539534,0
1073,-0.055871360248235136,0,-0.1550191641672026,0
1074,-0.14806429622846035,0,-0.4110763319144247,0
1075,-0.06398423023612682,0,-0.17755189391828205,0
1076,0.11298746094112577,0,0.3139702550672226,0
1077,-0.09845870190106842,0,-0.273301481240246,0
1078,0.10422022979926707,0,0.2896200990460378,0
1079,-0.4436619976587638,0,-1.2320710145988711,1
1080,0.4739003350928639,1,1.3163716579103422,0
1081,-0.0667992051176245,0,-0.18537022064551062,0
1082,-0.05195364631513141,0,-0.1441380839294549,0
1083,0.5015979814673373,1,1.3932992533763655,0
1084,-0.20018164316088605,0,-0.5558273380964897,0
1085,-0.12300803368403779,0,-0.34148493043403577,0
1086,0.051982767408758956,0,0.14453548352967593,0
1087,0.22194592234368393,0,0.6165920853863952,0
1088,0.5472154174687995,1,1.5199973711684924,0
1089,0.07222931175783409,0,0.20076834722548767,0
1090,-0.6683682215265191,1,-1.8561713173714405,0
1091,-0.5665945919503488,1,-1.5735046785064113,0
1092,-0.5779169365241839,1,-1.6049514206348559,0
1093,0.5007227205330881,1,1.3908682988408498,0
1094,-0.3380158904744117,0,-0.9386489351138766,0
1095,1.6850809744060604,1,4.680311430902582,0
1096,-0.6080216791872212,1,-1.6885644985794581,0
1097,-0.10315389475238072,0,-0.2863419357040447,0
1098,-0.018632325350014467,0,-0.051591263707197604,0
1099,0.22431357074280378,0,0.6231680050797425,0
1100,0.49717963533408005,1,1.3810277145108347,0
1101,0.5710485928582058,1,1.5861917636536513,0
1102,0.2737205266835026,0,0.760391156405574,0
1103,0.3423057269919091,0,0.9508800691799034,0
1104,0.03873070406511575,0,0.10772912987034677,0
1105,0.8453019184414785,1,2.3479044593982827,0
1106,0.6971632579195723,1,1.93646332842874,0
1107,-0.021710811693469223,0,-0.060141468619020845,0
1108,0.044124911430565815,0,0.12271103109252514,0
1109,-0.25153114788067515,0,-0.6984457350915919,0
1110,0.10804005113424509,0,0.3002292918430291,0
1111,0.6905285571481528,1,1.9180360739941442,0
1112,0.44525966898608493,1,1.2368249142501913,0
1113,0.35356163362020643,0,0.9821422861927905,0
1114,0.03832287175003177,0,0.10659641415405158,0
1115,0.10013358448923432,0,0.278269827872345,0
1116,-0.06658719926867315,0,-0.18478139443392355,0
1117,0.46148079963125643,1,1.2818775717721427,0
1118,-0.2557394051377708,0,-0.7101337719563116,0
1119,-0.11456125763256075,0,-0.31802480814440404,0
1120,-0.28866793371348987,0,-0.8015896484346419,0
1121,0.263566249771112,0,0.7321886118281299,0
1122,-0.4830399254492682,1,-1.3414394879486504,0
1123,-0.15973399571192334,0,-0.4434878194804318,0
1124,0.2454313129296391,0,0.6818205384445213,0
1125,-0.22522765512113901,0,-0.625390269547995,0
1126,0.6123540700262938,1,1.7009138232524126,0
1127,-0.30549559982878866,0,-0.848326900909208,0
1128,-0.027014149021367728,0,-0.07487098689882793,0
1129,0.03550525157186629,0,0.09877074036530029,0
1130,0.07851439513331732,0,0.21822457238059695,0
1131,-0.4501619853812367,0,-1.25012411626997,1
1132,0.7712456710574436,1,2.1422202303678617,0
1133,0.5034379839017652,1,1.3984096862636386,0
1134,-0.33280497999633263,0,-0.924176123675401,0
1135,0.18093689232281396,0,0.502693379725724,0
1136,-0.17274065492201518,0,-0.4796125863487285,0
1137,0.24486502158801257,0,0.6802477177558759,0
1138,0.37495562836978286,0,1.0415620849455984,-1
1139,0.07733348958641378,0,0.21494471881587304,0
1140,0.9931019699867984,1,2.758405135932824,0
1141,-0.7023774695524554,1,-1.9506287899982147,0
1142,0.24142803553187628,0,0.6707018137691569,0
1143,-0.4514147234057069,0,-1.2536034777531957,1
1144,0.17930958975322256,0,0.4981737006135768,0
1145,0.03850909960479665,0,0.10711364442272384,0
1146,-0.10548546992597901,0,-0.2928176654223104,0
1147,0.4254797432039228,1,1.1818880395300169,0
1148,0.7853654791694877,1,2.1814366631223168,0
1149,-0.4143850175276486,0,-1.1507569688657682,1
1150,-0.18783205379997892,0,-0.5215275206433024,0
1151,-0.1702995083055504,0,-0.4728325323020523,0
1152,-0.2753740493505915,0,-0.7646671408462842,0
1153,0.7592282871202369,1,2.1088430820866515,0
1154,0.0692337625677133,0,0.19244849241975356,0
1155,-0.07529896665195035,0,-0.20897750510679614,0
1156,0.5368727857015512,1,1.4912716887806128,0
1157,-0.1941893223215061,0,-0.5391842332202831,0
1158,0.14528851085123812,0,0.40368336884655903,0
1159,-0.0054983266265593855,0,-0.015112823373711627,0
1160,0.32247281980185233,0,0.8957960436058755,0
1161,0.7540300520098231,1,2.094405475284084,0
1162,-0.04773267707831813,0,-0.13241474074231105,0
1163,-0.41389388576916497,0,-1.1493928968169618,1
1164,0.566248433067163,1,1.5728597734337917,0
1165,0.5528922897158988,1,1.5357643473885232,0
1166,-0.029371203714092783,0,-0.08141748357373513,0
1167,0.6408444511000693,1,1.7800431644348516,0
1168,-0.4001799008695708,0,-1.1113035996860898,1
1169,0.45968334507150665,1,1.27688531158615,0
1170,-0.254248850108467,0,-0.7059938962151074,0
1171,-0.09877002081378217,0,-0.274166140101666,0
1172,0.558877076720072,1,1.5523865277493667,0
1173,0.08032318108345227,0,0.22324830443260432,0
1174,-0.6767113452753095,1,-1.8793435551851716,0
1175,-0.344869446900641,0,-0.9576840404485462,0
1176,0.04450087712983497,0,0.12375524029468801,0
1177,-0.045786498094661066,0,-0.1270094125228986,0
1178,0.3228182649426909,0,0.8967554848410926,0
1179,-0.21645536723020115,0,-0.6010260688840895,0
1180,-0.3460396495949459,0,-0.9609341678515627,0
1181,0.017038028909190595,0,0.047479774513249313,0
1182,0.4414826681019534,1,1.2263346512090303,0
1183,-0.6402356618909004,1,-1.7780357914204994,0
1184,0.40917482150194123,0,1.1366026602657626,-1
1185,-0.20760332199630405,0,-0.5764403497369287,0
1186,-0.739430663472822,1,-2.0535405347036084,0
1187,-0.6462929888085757,1,-1.7948594445363044,0
1188,0.046332889100545005,0,0.12884348042405797,0
1189,-0.3056910406068879,0,-0.8488697192018497,0
1190,-0.5139035383244117,1,-1.4271602561965677,0
1191,0.5203421660671363,1,1.4453594548367585,0
1192,0.025549949154670404,0,0.07112082864580559,0
1193,0.1728352949377413,0,0.48019195856374947,0
1194,-0.38127896083231805,0,-1.058808024811057,1
1195,0.08485509672278566,0,0.23583527186930636,0
1196,0.11705369078999295,0,0.32526382422672384,0
1197,-0.09972971993753516,0,-0.27683161372938936,0
1198,-0.4725903563754107,0,-1.3124167972968979,1
1199,-0.29730747411381186,0,-0.8255851554875755,0
1200,-0.25173851854526974,0,-0.6990216875166382,0
1201,0.19602536826217584,0,0.5446001958345397,0
1202,-0.5857985034419406,1,-1.6268417279660365,0
1203,-0.3812840078862113,0,-1.058822042526315,1
1204,-0.13915935780878694,0,-0.3863437069420073,0
1205,-0.7755038123199514,1,-2.1537302968292136,0
1206,0.24469104433815114,0,0.6797645123846799,0
1207,-0.3684626342143832,0,-1.0232118887316546,1
1208,0.05617999743171165,0,0.15619289329360184,0
1209,0.6107838644872711,1,1.6965527257471829,0
1210,0.00618764828428689,0,0.01734386765387662,0
1211,0.3316243200739508,0,0.9212134708240963,0
1212,-0.17650616083603976,0,-0.4900709231966553,0
1213,-0.39099275082961604,0,-1.0857871586064374,1
1214,-0.13993970738334952,0,-0.38851105414481363,0
1215,-0.45835832233337825,0,-1.272888667626892,1
1216,0.5100367496459066,1,1.4167371345557145,0
1217,-0.00972561360703278,0,-0.026853713496864853,0
1218,0.11907612348229046,0,0.3308809399161533,0
1219,-0.5269956550832388,1,-1.4635223733310112,0
1220,0.45396318456106655,1,1.2609981063052924,0
1221,0.36997913065213983,0,1.027740332797977,-1
1222,-0.5323087877274026,1,-1.4782790971761193,0
1223,0.405934564535989,0,1.1276031527367594,-1
1224,0.3867913492970191,0,1.0744346813831895,-1
1225,0.08873059247168691,0,0.2465990950899152,0
1226,0.12509270252827742,0,0.3475914196688878,0
1227,-0.2526937531564703,0,-0.7016747613826294,0
1228,0.04103942948122585,0,0.11414139654641814,0
1229,0.15723956527269617,0,0.4368762931657048,0
1230,-0.09333006094684251,0,-0.2590571656300655,0
1231,0.38059860361199394,0,1.057234915437711,-1
1232,-0.0043842724528295185,0,-0.012018643180736449,0
1233,-0.19691072758798556,0,-0.5467426791838282,0
1234,0.6308716467584141,1,1.7523446427740472,0
1235,0.18624149275765797,0,0.5174264061657127,0
1236,-0.16589522854168792,0,-0.46060006144828836,0
1237,0.06054436031864863,0,0.16831449879372254,0
1238,0.2839605185906848,0,0.7888317662812584,0
1239,-0.07313704162383161,0,-0.2029729626362032,0
1240,-0.32281019853353815,0,-0.8964165626373999,0
1241,-0.2817743936458167,0,-0.7824434923141881,0
1242,-0.025419554083439988,0,-0.07044215014285984,0
1243,-0.16596489437889558,0,-0.4607935517279336,0
1244,-0.21922571199254204,0,-0.6087204396727637,0
1245,0.3645463668398823,0,1.012651344688252,-1
1246,-0.5204661123162228,1,-1.445387185316551,0
1247,0.14234118706264287,0,0.3954974555364158,0
1248,-0.26763967102808384,0,-0.7431856359295559,0
1249,-0.09361312361891666,0,-0.25984334545323345,0
1250,0.31456345425094007,0,0.8738285281979874,0
1251,0.12925617899292396,0,0.3591550821142218,0
1252,-0.14145603407945861,0,-0.3927225082552292,0
1253,-0.2628789698603193,0,-0.7299632383071376,0
1254,0.04929994350104674,0,0.13708419364429172,0
1255,0.25792572986391193,0,0.716522600796989,0
1256,-0.32275473582949166,0,-0.896262520217959,0
1257,-0.1786575812860816,0,-0.49604629019428875,0
1258,-0.5996966893965004,1,-1.6654426261206645,0
1259,-0.8017402530838398,1,-2.2265995317910985,0
1260,0.24275395836696745,0,0.6743844391481517,0
1261,0.1921971925943886,0,0.5339677996676285,0
1262,0.08582607259610478,0,0.2385320656033329,0
1263,-0.06906563505462893,0,-0.19166501562515362,0
1264,-0.31688339734831017,0,-0.8799554324092025,0
1265,-0.4694400076222185,0,-1.303667001332797,1
1266,-0.7808557657845161,1,-2.1685948418345418,0
1267,0.2567662897242453,0,0.7133023653724533,0
1268,-0.2628309767462037,0,-0.7298299419678775,0
1269,0.5518525981262957,1,1.5328767022459338,0
1270,-0.4171454214204191,0,-1.158423729828591,1
1271,-0.4773922179990662,0,-1.3257535141960217,1
1272,0.6730763826865511,1,1.869564308601765,0
1273,-0.6922693698486462,1,-1.9225544982540066,0
1274,0.4213047640788986,1,1.1702924295324486,0
1275,-0.2170755543717342,0,-0.6027485800639945,0
1276,-0.33360706632725395,0,-0.9264038426649397,0
1277,-0.08977692709290994,0,-0.24918867211056314,0
1278,-0.1924055128024967,0,-0.534229870845534,0
1279,-0.18406723698580574,0,-0.5110710977050951,0
1280,0.43670530828829546,1,1.213065985771832,0
1281,0.257592165532155,0,0.7155961573862977,0
1282,0.07067176642825994,0,0.19644241225565207,0
1283,0.3323185132754124,0,0.9231415268421166,0
1284,-0.0854356636275811,0,-0.23713122307113751,0
1285,-0.23214299294876398,0,-0.6445969668868962,0
1286,-0.26123451449426477,0,-0.7253959189236986,0
1287,-0.6781761040847127,1,-1.883411784363262,0
1288,-0.3336853943691962,0,-0.9266213913996846,0
1289,0.2519227920102151,0,0.6998500081667913,0
1290,-0.6853748633545691,1,-1.9034056579755403,0
1291,-0.15458939216449735,0,-0.42919916927605206,0
1292,0.7778974254263609,1,2.1606948495579967,0
1293,0.4515227909000974,1,1.2542201435213534,0
1294,0.07514230823255774,0,0.20885891966517406,0
1295,-0.16253850185399638,0,-0.4512770702731708,0
1296,0.41367500197696383,0,1.149101486282463,-1
1297,-0.44510528938193306,0,-1.2360796209735179,1
1298,0.12850508865087196,0,0.3570689996648096,0
1299,-0.380512236176652,0,-1.0566785195329744,1
1300,-0.16012765675562957,0,-0.4445811758296151,0
1301,0.026020248258026568,0,0.07242703996361488,0
1302,0.6279502462953821,1,1.7442307290509844,0
1303,-0.6172743193057331,1,-1.7142628321637,0
1304,0.41888199242092844,1,1.1635634101966164,0
1305,0.18639681583421247,0,0.5178578013333084,0
1306,0.6941985352654306,1,1.9282290914136788,0
1307,-0.28475632179824795,0,-0.790725515974884,0
1308,0.2013874514014261,0,0.5594928750540848,0
1309,0.20913571607284598,0,0.5810129479927011,0
1310,0.25073185684796045,0,0.6965422982931962,0
1311,-0.4032403261104506,0,-1.1198036415922275,1
1312,-0.1268133998132106,0,-0.3520539752628739,0
1313,0.22298926087271054,0,0.6194898595586095,0
1314,0.41501410068265787,0,1.1528207063969795,-1
1315,0.15896041198551766,0,0.44165578229605096,0
1316,1.1073935687123317,1,3.0758392512021246,0
1317,0.38617934522624464,0,1.0727348979090428,-1
1318,-0.4832360890484294,1,-1.3419843138084875,0
1319,0.39954350698057806,0,1.1098525943111224,-1
1320,0.2048261971888118,0,0.5690436665280599,0
1321,0.15897462003527418,0,0.4416952438116344,0
1322,-0.04531027122155307,0,-0.12568673738475888,0
1323,-0.526350806422258,1,-1.4617313671112748,0
1324,-0.177609269920177,0,-0.49313470443756297,0
1325,0.23809026682304507,0,0.6614314765888556,0
1326,0.10374712343278536,0,0.2883060908201747,0
1327,-0.1900102317715078,0,-0.5275772041283658,0
1328,-0.3009477875626517,0,-0.8356957820937396,0
1329,-0.4043977808191166,0,-1.123018362669776,1
1330,-0.05019077052579629,0,-0.1392418630107055,0
1331,0.06339326025211048,0,0.1762270491469726,0
1332,-0.3615465006870889,0,-1.004002981412113,1
1333,-0.26005726645893334,0,-0.7221262237517431,0
1334,-0.40514247073934845,0,-1.1250866685524021,1
1335,-0.35923942564068445,0,-0.9975952984819444,0
1336,0.224760001723656,0,0.6244079249427584,0
1337,0.16814472879854075,0,0.4671643543556317,0
1338,0.002570482581533584,0,0.0072975317250797995,0
1339,-0.08592449456828677,0,-0.23848890481598567,0
1340,-0.36882375806582274,0,-1.024214876103978,1
1341,0.8932315534172924,1,2.481024491346257,0
1342,-0.15177972808950882,0,-0.4213955928120484,0
1343,0.6413978104849404,1,1.7815800678356375,0
1344,-0.04703998564016272,0,-0.13049085572996183,0
1345,0.40851974625377085,0,1.134783250666487,-1
1346,-0.08542152388818877,0,-0.23709195128113553,0
1347,-0.19961746141580522,0,-0.5542603766128997,0
1348,-0.33352143157977343,0,-0.9261660002460226,0
1349,0.3958053857835781,0,1.0994703159269632,-1
1350,-0.38648419165820647,0,-1.073265061552282,1
1351,0.11575317564719673,0,0.3216517663121326,0
1352,-0.3998263488444564,0,-1.110321642345871,1
1353,-0.24341865934786563,0,-0.675914064795957,0
1354,0.02201828223933766,0,0.06131195751970718,0
1355,-0.32740012366486554,0,-0.9091646459564036,0
1356,0.2574850979622203,0,0.7152987873283472,0
1357,0.1293039194052905,0,0.35928767659825345,0
1358,-0.04557726605372688,0,-0.1264282903009632,0
1359,-0.10456598362133018,0,-0.29026387909966594,0
1360,-0.19025858023280728,0,-0.5282669685114891,0
1361,0.5642697765306073,1,1.5673642418802283,0
1362,-0.2239454380085919,0,-0.6218290326833152,0
1363,-0.33435148720374674,0,-0.9284714013040044,0
1364,-0.0943654295812863,0,-0.2619328041732056,0
1365,-0.14830924149748959,0,-0.4117566442526082,0
1366,-0.1009106281512907,0,-0.28011147470104275,0
1367,-0.19009029498527943,0,-0.5277995721388986,0
1368,0.04866256674613634,0,0.13531393993759472,0
1369,-0.16362868899797395,0,-0.45430496204636706,0
1370,-0.7708307305594506,1,-2.1407512538307167,0
1371,0.46071671136593906,1,1.279755388819123,0
1372,-0.5448793672526913,1,-1.5131926939280118,0
1373,-0.1580100669234506,0,-0.43869977017621054,0
1374,0.603695181150565,1,1.6768645776374056,0
1375,0.056081892287538126,0,0.15592041552628252,0
1376,0.4211546692487024,1,1.1698755553250604,0
1377,-0.2501383275161433,0,-0.6945773081461785,0
1378,0.06465935753024715,0,0.17974351469485014,0
1379,-0.3033448681792807,0,-0.8423534469899681,0
1380,-0.18169921686003643,0,-0.5044941455761058,0
1381,-0.2806065351809409,0,-0.7791998757868888,0
1382,0.02449175616285129,0,0.06818179760688434,0
1383,-0.18408591916262262,0,-0.511122985685798,0
1384,1.6827737354351748,1,4.673903292687657,0
1385,0.5821904205730257,1,1.6171371372644476,0
1386,0.30332414729853807,0,0.8426124152162834,0
1387,0.3934597590665808,0,1.0929555593747327,-1
1388,0.7352013108030047,1,2.042110425838024,0
1389,0.008846285409053412,0,0.02472798103520285,0
1390,0.2007206995533214,0,0.557641034801893,0
1391,-0.09825795480643346,0,-0.27274392515485635,0
1392,0.4866715226927408,1,1.3518424246325815,0
1393,0.8769161245035672,1,2.4357099292942825,0
1394,-0.008699336475805897,0,-0.024003325744791682,0
1395,-0.3598807104042858,0,-0.9993764063134862,0
1396,-0.2315921849421455,0,-0.6430671496981099,0
1397,-0.4130385297982466,0,-1.147017226436142,1
1398,-0.12855377573333876,0,-0.3568877049210667,0
1399,0.7246190575661029,1,2.0127192174616453,0
1400,0.42669649154841005,1,1.1852674430779997,0
1401,0.06349176180817478,0,0.1765006279108589,0
1402,-0.776362501583595,1,-2.156115225115592,0
1403,-0.03757141224068683,0,-0.10419278786284758,0
1404,0.6283098036523157,1,1.7452293656328461,0
1405,-0.5513318860227565,1,-1.5311139550694628,0
1406,-0.13299115081063373,0,-0.369212094880488,0
1407,0.45164568903911817,1,1.2545614814890023,0
1408,0.46989188706736573,1,1.3052385723050506,0
1409,-0.025455120062110148,0,-0.07054093128774487,0
1410,-0.13369747184169145,0,-0.3711738347991704,0
1411,0.8690775932732311,1,2.413939149518178,0
1412,0.25116921887480415,0,0.6977570299934406,0
1413,0.1720319763801012,0,0.47796081718094086,0
1414,0.35785603903489827,0,0.9940695914245079,0
1415,-0.12134293571794058,0,-0.3368602781796379,0
1416,0.034250408052250325,0,0.09528553106826977,0
1417,-0.09620759095687269,0,-0.2670492333155333,0
1418,-0.1421548559256829,0,-0.3946634198966857,0
1419,0.34461987256991633,0,0.9573073898434562,0
1420,-0.8039052953906712,1,-2.232612732208743,0
1421,-0.5295209779315959,1,-1.4705362189073836,0
1422,-0.24059511598603944,0,-0.6680719399243099,0
1423,-0.5544049963045257,1,-1.539649228477975,0
1424,0.0001863712678309426,0,0.0006758878421715814,0
1425,-0.5158454923745,1,-1.4325538500622355,0
1426,-0.9987438671946616,1,-2.773758453771885,0
1427,-0.3139146188708777,0,-0.8717099307282132,0
1428,1.1553703637192714,1,3.209090265680078,0
1429,-0.20885873425997326,0,-0.5799271386668227,0
1430,0.103291283730715,0,0.2870400391230695,0
1431,-0.07869167245426145,0,-0.2184004248728581,0
1432,-0.5380365016520263,1,-1.4941872813510984,0
1433,-0.38502958707812596,0,-1.0692250347865933,1
1434,0.48461656571472633,1,1.3461349758130143,0
1435,-0.24409747930102865,0,-0.6777994230695508,0
1436,-0.027078871077366062,0,-0.07505074629333583,0
1437,0.05984969285038455,0,0.16638512554447504,0
1438,0.3783100299708624,0,1.0508786184123642,-1
1439,0.30435703917258494,0,0.845481174791467,0
1440,0.12589163339403886,0,0.34981037465212633,0
1441,-0.08097511026250204,0,-0.22474245760767003,0
1442,-0.46344685624653514,0,-1.2870215897204906,1
1443,-0.05838523094528991,0,-0.1620012024755243,0
1444,-0.35305095236785994,0,-0.9804073987576237,0
1445,0.2041551872137315,0,0.5671799997305729,0
1446,-0.5709189623271855,1,-1.585515208588893,0
1447,0.48764961528431794,1,1.3545589843790626,0
1448,-0.6877209838426973,1,-1.9099217859304272,0
1449,-0.9044665731983721,1,-2.5119121786002165,0
1450,-0.4784267158571584,1,-1.3286267342401308,0
1451,0.14319760630746575,0,0.3978760790600293,0
1452,0.46740826017354725,1,1.298340533302275,0
1453,0.3100821060370625,0,0.8613820070070287,0
1454,0.3627056280386955,0,1.0075388666118903,-1
1455,0.1659093795677486,0,0.46095588310046587,0
1456,0.5115146118004985,1,1.4208417570368423,0
1457,-0.05259248011378714,0,-0.14591238443746857,0
1458,-0.8346207698564277,1,-2.3179220600231942,0
1459,0.035035830315928274,0,0.09746696718574112,0
1460,0.7395795076065503,1,2.0542704537342646,0
1461,0.059624719007858096,0,0.16576028195616704,0
1462,0.0032507936341723553,0,0.009187031386563403,0
1463,-0.119291338110381,0,-0.3311621596940593,0
1464,0.17871960086914118,0,0.496535062240105,0
1465,0.7198203677752077,1,1.9993913100282854,0
1466,0.8357105325337311,1,2.321265291394834,0
1467,0.1710284895308103,0,0.475173727283336,0
1468,-0.287913730100694,0,-0.7994949191699326,0
1469,0.37395748951481833,0,1.0387898485968667,-1
1470,0.11518551871078841,0,0.3200751528130251,0
1471,0.12332807988837868,0,0.34269034703776985,0
1472,0.46483522884766687,1,1.2911941819378807,0
1473,-0.16539384282434866,0,-0.4592075099977267,0
1474,-0.2542722383274635,0,-0.7060588547832582,0
1475,0.23552317617852792,0,0.6543016249055722,0
1476,0.00977531154178557,0,0.02730826332886552,0
1477,0.2570287799300678,0,0.7140314071146395,0
1478,-0.08340286385219997,0,-0.23148531378809953,0
1479,-0.4156332606168893,0,-1.1542238460911511,1
1480,-0.3251951734228534,0,-0.9030406050199671,0
1481,0.01879877417806275,0,0.052370078112740165,0
1482,-0.7832971495291329,1,-2.175375554482252,0
1483,0.5890449006518651,1,1.6361748079569596,0
1484,0.2641651454660361,0,0.7338519880270521,0
1485,-0.3993377729135492,0,-1.1089646688666408,1
1486,0.6096531573424252,1,1.6934122935005855,0
1487,0.19603140965940957,0,0.5446169752444636,0
1488,-0.4658378861970096,0,-1.2936624494632436,1
1489,0.02997954952345705,0,0.08342362508703016,0
1490,0.037937426088371445,0,0.1055258752521734,0
1491,-0.2664602011124642,0,-0.7399097696950605,0
1492,0.5242246343984627,1,1.4561426437461664,0
1493,0.10785428355917559,0,0.2997133399577158,0
1494,0.026340111599812976,0,0.07331543016936293,0
1495,0.011120991703402527,0,0.03104576281528138,0
1496,0.7116900822878411,1,1.9768102103731235,0
1497,-0.053179330272031144,0,-0.14754230529652657,0
1498,-0.16925997665298853,0,-0.4699453313694811,0
1499,0.16950043300540885,0,0.47092969468049234,0
1500,-0.31864083325029846,0,-0.8848365445548979,0
1501,-0.8059405176858292,1,-2.2382653698115407,0
1502,-1.1454811763029715,1,-3.1813074636133947,0
1503,-0.057435886978508766,0,-0.15936448931776095,0
1504,-0.11411991498755408,0,-0.3167990206533677,0
1505,0.5261247820662387,1,1.4614201243355314,0
1506,-0.6958661223330938,1,-1.9325441383979431,0
1507,-0.6518577086634293,1,-1.8103149280849158,0
1508,-0.7466392229327956,1,-2.0735616274178508,0
1509,0.543959590678831,1,1.5109546199245827,0
1510,-0.7910108885150537,1,-2.196799735591962,0
1511,0.7511211090860574,1,2.086326161199136,0
1512,0.04790050823163633,0,0.13319739442566547,0
1513,-0.5193563981899678,1,-1.4423050591953168,0
1514,0.8371524832178645,1,2.3252701731602827,0
1515,0.3296458489760966,0,0.915718454309003,0
1516,0.0062966370628189106,0,0.017646573687158003,0
1517,0.020730645901560152,0,0.05773566926904951,0
1518,0.9641564863956841,1,2.6780117905142093,0
1519,-0.24218813150295593,0,-0.6724963899876695,0
1520,0.4721284678669717,1,1.3114504641262175,0
1521,-0.7017401432311129,1,-1.9488586763659865,0
1522,-0.5349506275848082,1,-1.4856165577346385,0
1523,0.14022643467770518,0,0.38962393062459416,0
1524,-0.6418252363118646,1,-1.782450684165024,0
1525,0.37012535165026894,0,1.0281464478028637,-1
1526,-1.0730863233856605,1,-2.980237600717831,0
1527,-0.08329185565880914,0,-0.23117699902087607,0
1528,0.41821921175060917,1,1.1617225995154599,0
1529,-0.017765164697843616,0,-0.04918280693970374,0
1530,0.13190559299386728,0,0.3665135791406848,0
1531,-0.4303199402513071,0,-1.1950147109314513,1
1532,-0.046499746051269955,0,-0.12899039132272702,0
1533,-0.053106746305720626,0,-0.14734071018905198,0
1534,-0.29231967203941495,0,-0.8117320065572958,0
1535,0.03465395929492421,0,0.09640635651049356,0
1536,0.5066681849890239,1,1.4073812645398187,0
1537,-0.42429806358802136,0,-1.1782895175472774,1
1538,-0.253902238928541,0,-0.705031216416512,0
1539,0.16443400805360053,0,0.45685817813781326,0
1540,-0.37434067720648434,0,-1.0395375976859358,1
1541,0.3446379558575927,0,0.9573576144661644,0
1542,-0.057904683362850706,0,-0.16066652697551037,0
1543,0.17990771879143597,0,0.4998349474959317,0
1544,0.7872795416461845,1,2.186752790778554,0
1545,0.0775096015396026,0,0.21543385312383814,0
1546,-0.05831157278829291,0,-0.16179662390492558,0
1547,0.39775558995247406,0,1.1048868237180094,-1
1548,0.05912089652414665,0,0.1643609626172733,0
1549,0.13980423416763355,0,0.3884513086044693,0
1550,0.07562812864642993,0,0.21020823995622734,0
1551,-0.7463542426067902,1,-2.0727701214921006,0
1552,0.4620523734002352,1,1.2834650639035865,0
1553,-0.5407953227965703,1,-1.5018496463802866,0
1554,-0.772905415219055,1,-2.146513494421697,0
1555,-0.08151487844123734,0,-0.2262416127177392,0
1556,0.34138711006042066,0,0.948328697459059,0
1557,0.07153207949765406,0,0.19883185050905824,0
1558,0.3942654715517637,0,1.095193349665073,-1
1559,0.34364918987965104,0,0.9546114103976568,0
1560,0.3676824352805502,0,1.0213614784337606,-1
1561,-0.20859788025609088,0,-0.5792026413209092,0
1562,-0.0002737717979675036,0,-0.000602116041034243,0
1563,0.2598390833501727,0,0.7218367592992878,0
1564,0.16909612931672746,0,0.46980677939058646,0
1565,-0.020247016571957044,0,-0.056075915992982284,0
1566,-0.4879520903610786,1,-1.3550825618073163,0
1567,0.2774602775341528,0,0.7707779609987496,0
1568,0.5114721451779862,1,1.4207238100057746,0
1569,-0.07342653943850985,0,-0.2037770154598536,0
1570,0.1300061506603285,0,0.3612380575505118,0
1571,-0.11606238797758062,0,-0.3221940558256759,0
1572,-0.5278922472365062,1,-1.466012573311618,0
1573,0.09096459757685893,0,0.25280383316318666,0
1574,0.36847349112390987,0,1.0235585612864426,-1
1575,0.6806655045621643,1,1.8906423774635142,0
1576,0.3993937577318363,0,1.1094366799235675,-1
1577,-0.42987230409670957,0,-1.1937714438122429,1
1578,-0.32174143710151293,0,-0.89344817875449,0
1579,0.9551586668691425,1,2.6530211970444335,0
1580,-0.1746268065117007,0,-0.48485119415378186,0
1581,0.5252611528216494,1,1.4590214757188886,0
1582,-0.7979953899438286,1,-2.216198528297318,0
1583,-0.537485576589039,1,-1.4926571390493089,0
1584,0.5493070887407187,1,1.5258067904699963,0
1585,0.8792626220247908,1,2.4422271044229635,0
1586,0.04476188817560822,0,0.12448017380961343,0
1587,-0.46600955624668905,0,-1.294139246803957,1
1588,-0.25473722523621123,0,-0.7073503119825281,0
1589,-0.1835045193602905,0,-0.509508202675244,0
1590,-0.48132408186114545,1,-1.3366738945243757,0
1591,-0.6727001483061077,1,-1.8682028346485096,0
1592,0.05864356397453124,0,0.16303521656711714,0
1593,0.03505319218607274,0,0.09751518813942611,0
1594,0.23777700151453307,0,0.6605614117970342,0
1595,-0.372863091560912,0,-1.0354337431824805,1
1596,0.32906211429389487,0,0.9140971863902498,0
1597,0.11478468550352311,0,0.31896187645730295,0
1598,-0.19083530759858633,0,-0.5298687742710472,0
1599,-0.334809893157052,0,-0.929744580521412,0
1600,-0.7601481967246624,1,-2.1110815255699045,0
1601,1.507726701208248,1,4.187726696507751,0
1602,0.11632569862912301,0,0.32324189479284055,0
1603,-0.02544418510465607,0,-0.07051056047673471,0
1604,-0.9536606849006187,1,-2.6485441751668475,0
1605,0.4746492316261201,1,1.318451647263132,0
1606,-0.5247822007918385,1,-1.4573747132010044,0
1607,-0.5127251871274988,1,-1.423887497097565,0
1608,0.22516141481162127,0,0.6255228118623278,0
1609,-0.1388735037280545,0,-0.38554977424507014,0
1610,-0.3136251465566591,0,-0.8709059487296799,0
1611,0.1888204606978311,0,0.5245892459153141,0
1612,0.3064913960403587,0,0.8514091493018048,0
1613,-0.41415784055084925,0,-1.1501260062802063,1
1614,-0.3415039386406633,0,-0.9483366592862346,0
1615,-0.12522409836476311,0,-0.3476398406737194,0
1616,0.019830637453409405,0,0.05523598085223324,0
1617,-0.3036050501435142,0,-0.8430760778092623,0
1618,-0.08951825780828827,0,-0.2484702426159473,0
1619,-0.11072872593040078,0,-0.30738031350365397,0
1620,0.1777715999782803,0,0.4939020793487938,0
1621,-0.042897420758168714,0,-0.11898527322936753,0
1622,-0.2001104457546182,0,-0.5556295940285081,0
1623,0.01820610956986507,0,0.05072400816838277,0
1624,0.11029803351743639,0,0.306500624540223,0
1625,0.36966733211822894,0,1.0268743418340047,-1
1626,-0.06956969245452393,0,-0.1930649874215484,0
1627,0.020350230557211822,0,0.056679101598156464,0
1628,-0.37563142853510945,0,-1.0431225375293158,1
1629,-0.09506695713023272,0,-0.2638812306482926,0
1630,0.0016330476777330905,0,0.004693894864376824,0
1631,-0.15688236137101447,0,-0.4355676745688904,0
1632,-0.02726676135446704,0,-0.075572593782953,0
1633,-0.010663530218422257,0,-0.0294586882548764,0
1634,0.5129712892372738,1,1.4248875409661226,0
1635,-0.11140510523897418,0,-0.30925889311753324,0
1636,0.29656168371039127,0,0.8238303116314056,0
1637,0.9162942831985285,1,2.545079043959371,0
1638,-0.15750732095135267,0,-0.43730344074659644,0
1639,0.32564073148851175,0,0.9045946189580405,0
1640,0.05680113118267091,0,0.15791803359173653,0
1641,-0.43963312169203683,0,-1.2208811923171918,1
1642,0.4900476219162728,1,1.3612192211953533,0
1643,0.060372879972980215,0,0.16783822833797324,0
1644,0.3129349690597695,0,0.8693055644661579,0
1645,0.2193102073638863,0,0.6092716360966506,0
1646,0.3339702866505486,0,0.9277291713042517,0
1647,0.038348139788359825,0,0.10666659374275889,0
1648,0.46518106606588755,1,1.2921547121309764,0
1649,-0.22266336659568753,0,-0.6182682004856251,0
1650,0.3185436770315563,0,0.8848832208528147,0
1651,0.19234337310838528,0,0.5343738022316629,0
1652,0.15417275979809714,0,0.42835853076332353,0
1653,-0.16165224313833915,0,-0.4488155704390495,0
1654,-0.3687983594777138,0,-1.0241443339255907,1
1655,0.04826393151249586,0,0.13420676824591407,0
1656,0.2927801285637247,0,0.8133273995564169,0
1657,0.2595021732221204,0,0.720901023255553,0
1658,-0.22437002133755185,0,-0.6230082727577336,0
1659,0.16368004655294888,0,0.45476412131670585,0
1660,-0.13073668300168717,0,-0.3629505235811429,0
1661,0.20435511048588245,0,0.5677352677268618,0
1662,-0.2701137565022861,0,-0.7500571745409811,0
1663,-0.08506808967610135,0,-0.2361103211554664,0
1664,0.6074566462704554,1,1.6873116915614668,0
1665,-0.27291607012903735,0,-0.7578403358295996,0
1666,-0.0654191338865453,0,-0.18153720321350958,0
1667,-0.5460907489944714,1,-1.5165571922441023,0
1668,0.4024990944409781,0,1.1180614591888127,-1
1669,0.11280115172903077,0,0.31345279883625393,0
1670,0.0550138798061033,0,0.152954111782864,0
1671,0.055199562998153595,0,0.1534698293023154,0
1672,0.1851306198314581,0,0.5143410615871343,0
1673,0.11995837984931013,0,0.33333132360514295,0
1674,0.4206942935695669,1,1.168596905380292,0
1675,-0.4049593173490823,0,-1.124577977318348,1
1676,-0.23053268613484945,0,-0.6401244918800968,0
1677,-0.13704130126024422,0,-0.3804610050280056,0
1678,0.2955322053376074,0,0.820971032733415,0
1679,0.04831405203191687,0,0.134345973252377,0
1680,-0.24943340840464345,0,-0.6926194619265912,0
1681,0.3286325861116066,0,0.9129042124529849,0
1682,-0.9791227267294869,1,-2.7192625902649383,0
1683,-0.32356823068437135,0,-0.8985219253047231,0
1684,0.00040204079328698406,0,0.0012748895690447393,0
1685,-0.2321869557273858,0,-0.6447190693501761,0
1686,0.3192131511723477,0,0.8867426220156959,0
1687,-0.296630505458243,0,-0.8237049390181076,0
1688,0.573812569366138,1,1.593868447217485,0
1689,0.22107605602017477,0,0.6141761138724364,0
1690,0.2726574605482365,0,0.7574385906712251,0
1691,-0.7702606480941674,1,-2.139167903654364,0
1692,0.07779126170031664,0,0.21621613760423625,0
1693,0.0345742125006496,0,0.09618486732521307,0
1694,0.0704480430402239,0,0.19582104168652725,0
1695,-0.06613317964587223,0,-0.18352039783499755,0
1696,-0.1877950055342219,0,-0.521424622586105,0
1697,-0.016956471040122545,0,-0.04693673672434999,0
1698,0.027300865063290214,0,0.0759838321260387,0
1699,-0.29506273056618004,0,-0.8193505924051203,0
1700,-0.14506512305733316,0,-0.4027464118439,0
1701,0.2792128187518926,0,0.7756454786214769,0
1702,-0.040981959488894215,0,-0.11366526055892683,0
1703,-0.5825291243165035,1,-1.6177613363910153,0
1704,0.06884191067025952,0,0.19136016080332785,0
1705,0.33736471273700397,0,0.9371568689969629,0
1706,-0.24552563882984463,0,-0.6817660012043253,0
1707,0.048084187522502236,0,0.13370754629893947,0
1708,-0.22758065161069518,0,-0.6319254949470878,0
1709,-0.44143640133154255,0,-1.2258896311117553,1
1710,-0.15887266613086803,0,-0.4410955579619438,0
1711,-0.11461335984484507,0,-0.31816951711553115,0
1712,-0.22980894801202478,0,-0.6381143776348912,0
1713,0.5553152260779681,1,1.542493824174427,0
1714,-0.3804770858299116,0,-1.0565808927664984,1
1715,0.09138456332674039,0,0.25397024834806103,0
1716,-0.22313279042979214,0,-0.6195719808257983,0
1717,-0.1663232379037506,0,-0.46178881700590035,0
1718,-0.19050508618132544,0,-0.5289516154894739,0
1719,-0.46707180940412374,0,-1.297089554569203,1
1720,0.1689529816690145,0,0.469409200326059,0
1721,0.09050373118329053,0,0.25152382030545195,0
1722,-0.14901004047475797,0,-0.41370304718870715,0
1723,-0.44863748535415715,0,-1.2458899615051378,1
1724,-0.052299348632789566,0,-0.14509823944898606,0
1725,-0.16767600886216646,0,-0.4655460105103676,0
1726,0.6760281773208562,1,1.8777626392633868,0
1727,0.19444889332833526,0,0.5402216856776412,0
1728,0.6541672301942498,1,1.8170459244088857,0
1729,0.23659444984886324,0,0.6572769862929899,0
1730,-0.15772371456111745,0,-0.4379044535492134,0
1731,0.182130396390753,0,0.5060082244921041,0
1732,0.6884994937005642,1,1.912400542008479,0
1733,0.11476239974592817,0,0.3188999798715159,0
1734,0.31098919023627464,0,0.8639013476537822,0
1735,0.4175062664795648,1,1.1597424613961842,0
1736,0.025000138558372742,0,0.0695937816699333,0
1737,-0.2656391954635373,0,-0.7376295040875763,0
1738,-0.055388887511176155,0,-0.15367914173215322,0
1739,-0.19396226177841025,0,-0.5385535940183301,0
1740,-0.2468857281026461,0,-0.6855435206354412,0
1741,0.44119378938168796,1,1.225532317861609,0
1742,0.03735337074170722,0,0.10390371671817746,0
1743,-0.11447823604343328,0,-0.3177942235258774,0
1744,0.009116600487222196,0,0.025478755620905534,0
1745,0.1260022905037828,0,0.35011771431769684,0
1746,0.1593674220265866,0,0.44278621422397163,0
1747,0.09793585795030525,0,0.2721658500886048,0
1748,-0.5102668174420799,1,-1.4170596076043938,0
1749,-0.12882062078581263,0,-0.35762884183830806,0
1750,-0.0717650214233701,0,-0.1991623061809461,0
1751,-0.4925944998995019,1,-1.3679764156074201,0
1752,0.012014343179036907,0,0.033526962119996076,0
1753,-0.03484975373966803,0,-0.09663363856429932,0
1754,0.01953953003282305,0,0.05442745750027566,0
1755,0.2128933024705444,0,0.591449289132401,0
1756,0.18391654284943598,0,0.5109690774959632,0
1757,-0.2876915960370938,0,-0.7988779627992424,0
1758,-0.2546696320999571,0,-0.7071625784339176,0
1759,0.650722989419698,1,1.8074798711273152,0
1760,-0.24528590942123285,0,-0.6811001754255691,0
1761,-0.04108985680029198,0,-0.11396493514538296,0
1762,0.5415747019949699,1,1.5043308169695184,0
1763,-0.14538154329648673,0,-0.4036252391574475,0
1764,0.07154062584022408,0,0.19885558716794444,0
1765,0.029602973869407717,0,0.08237772179310411,0
1766,0.2840456161363931,0,0.7890681166730172,0
1767,-0.6953088544084381,1,-1.9309963793972504,0
1768,0.10480499466523562,0,0.29124422820285417,0
1769,0.5214914266705472,1,1.4485514175612775,0
1770,0.12412032859404568,0,0.34489074295278876,0
1771,-0.6292612430854486,1,-1.747555380235866,0
1772,-0.33839957124426173,0,-0.9397145721955283,0
1773,0.18006467297498194,0,0.5002708729090618,0
1774,-0.05308314922662133,0,-0.14727517153170225,0
1775,0.08409895736952108,0,0.23373516626836668,0
1776,0.7735424770184028,1,2.148599391883602,0
1777,0.4596405780494467,1,1.2767665302237252,0
1778,0.2755911106281409,0,0.7655865265476014,0
1779,-0.24314259076210906,0,-0.6751473103866172,0
1780,-0.40991563576778894,0,-1.1383436833700527,1
1781,0.402936309720918,0,1.119275783313399,-1
1782,0.3472027163785022,0,0.9644809944513169,0
1783,-0.14970524821840447,0,-0.41563392100177504,0
1784,-0.014635750752485022,0,-0.04049115542608824,0
1785,-0.2607714869309593,0,-0.7241099036212428,0
1786,0.08805429839141794,0,0.24472075218959768,0
1787,-0.33869476417749833,0,-0.9405344426728041,0
1788,-0.069586188851473,0,-0.19311080460521762,0
1789,-0.09343386077037685,0,-0.25934545983118046,0
1790,-0.3581752492819489,0,-0.9946396492068217,0
1791,0.43624562158956454,1,1.211789249405031,0
1792,-0.010544720286705264,0,-0.02912870489669135,0
1793,0.10646159659072621,0,0.2958452835073159,0
1794,-0.2515100842749377,0,-0.6983872329170996,0
1795,-0.15828328019174387,0,-0.4394585942111143,0
1796,-0.13438016493720445,0,-0.37306995035964174,0
1797,-0.1972451292706262,0,-0.5476714482574722,0
1798,0.15042726172725984,0,0.41795576380917215,0
1799,0.0755438485463521,0,0.20997415994246132,0
1800,-0.16703100885860903,0,-0.46375458395092606,0
1801,0.41996132372637424,1,1.1665611509041325,0
1802,-0.01253084083987055,0,-0.03464496705106218,0
1803,0.7266610197321198,1,2.0183905744188575,0
1804,-0.17998418421463538,0,-0.4997308044686092,0
1805,-0.6760394573102326,1,-1.8774774498534363,0
1806,0.45165140120258407,1,1.2545773464832475,0
1807,-0.10480215480933808,0,-0.29091982225693525,0
1808,0.16925859545039723,0,0.47025801372432374,0
1809,-0.31030675707884886,0,-0.8616894355322638,0
1810,0.04175543856069275,0,0.1161300441040674,0
1811,0.104953244299691,0,0.29165597755343725,0
1812,-0.27464138636718066,0,-0.7626322386441713,0
1813,-0.08155394985291659,0,-0.22635012987155478,0
1814,-0.21722139176332728,0,-0.6031536296379767,0
1815,0.3816058382777491,0,1.0600324145413886,-1
1816,-0.18116084304656552,0,-0.5029988631837955,0
1817,-0.048186358907739764,0,-0.13367479915204644,0
1818,0.4003853722584767,0,1.1121907955669073,-1
1819,0.1718315732092684,0,0.477404216311412,0
1820,0.25836346860813064,0,0.7177383787941439,0
1821,0.33471042198133505,0,0.9297848272450873,0
1822,0.3002562118802256,0,0.8340915145020141,0
1823,-0.28240065610065657,0,-0.7841828771027051,0
1824,-0.46523699311293915,0,-1.2919935257047142,1
1825,-0.20569568811096528,0,-0.5711420768857067,0
1826,-0.2972193997779389,0,-0.8253405373424315,0
1827,-0.4779288815508952,0,-1.3272440464982358,1
1828,0.16396052479601053,0,0.4555431231325119,0
1829,-0.2431194832515039,0,-0.6750831314594974,0
1830,0.21796595380052863,0,0.6055380988520909,0
1831,-0.4011100567690002,0,-1.1138870197999946,1
1832,-0.04232739906301841,0,-0.1174020918363163,0
1833,0.20562401534856822,0,0.5712595310755166,0
1834,0.33093250050931633,0,0.9192920073580623,0
1835,0.26749441225987003,0,0.7430987119418524,0
1836,-0.027917616217808083,0,-0.07738028166217793,0
1837,0.05925938026418398,0,0.16474558811895604,0
1838,-0.007452937619454869,0,-0.02054157070198584,0
1839,-0.1798228779008657,0,-0.4992827914250451,0
1840,-0.31967406362680184,0,-0.8877062442886672,0
1841,0.3075425136011911,0,0.8543285289997661,0
1842,-0.08847102146741448,0,-0.24556164263965818,0
1843,-0.3267547493591006,0,-0.9073721798079512,0
1844,-0.3360606406946623,0,-0.9332184136154789,0
1845,0.05773834981393522,0,0.1605210697759073,0
1846,0.05655331295780541,0,0.15722974189020297,0
1847,-0.27125234069969706,0,-0.7532194845567217,0
1848,-0.08376448147236232,0,-0.2324896725563909,0
1849,-0.23752089745863458,0,-0.6595335884682704,0
1850,-0.0163500655758842,0,-0.04525250285080663,0
1851,-0.07974787514830717,0,-0.2213339280477905,0
1852,-0.028812383521638174,0,-0.07986541329591497,0
1853,0.03961678523502421,0,0.11019013658792838,0
1854,0.561717484698044,1,1.5602754924987061,0
1855,-0.6732873088814857,1,-1.8698336176618238,0
1856,0.38835014219582714,0,1.0787640813586812,-1
1857,0.013385672603625692,0,0.037335700010542795,0
1858,-0.5296161379058305,1,-1.4708005167435068,0
1859,-0.06020985200034942,0,-0.16706891503509283,0
1860,-0.07225794718166423,0,-0.200531360894699,0
1861,-0.046544131881238,0,-0.1291136687711442,0
1862,0.3406474561281455,0,0.9462743785570978,0
1863,0.31550645497364005,0,0.8764476235947316,0
1864,-0.35258852403212737,0,-0.9791230477531265,0
1865,0.06533477752562455,0,0.18161942990697957,0
1866,-0.03123166421661175,0,-0.08658473681190905,0
1867,-0.012222303738969265,0,-0.03378803440907899,0
1868,-0.1335406885473755,0,-0.37073838401472814,0
1869,0.5147453952559686,1,1.4298149527856978,0
1870,0.21438258606206362,0,0.5955856335753051,0
1871,-0.22929590461612998,0,-0.6366894480837549,0
1872,-0.3641678682565358,0,-1.011283582125393,1
1873,-0.23976684164377726,0,-0.6657714862079553,0
1874,1.2634549098901766,1,3.5092848790255315,0
1875,0.41300661963926066,0,1.1472451174994875,-1
1876,-0.24228803067581106,0,-0.6727738505001221,0
1877,0.16121973761453268,0,0.44793084573158776,0
1878,0.026919917775269697,0,0.07492578703186313,0
1879,-0.0037024868510661113,0,-0.01012504809839935,0
1880,-0.18254288247473158,0,-0.506837347097217,0
1881,0.070740333241394,0,0.1966328500997872,0
1882,-0.14268121433934233,0,-0.3961253306514367,0
1883,-0.1303624175704326,0,-0.3619110367127206,0
1884,-0.20665621588953337,0,-0.5738098520238738,0
1885,0.00806215682564465,0,0.022550137992430518,0
1886,0.13089310657995035,0,0.3637014938027613,0
1887,-0.2705014142464587,0,-0.7511338572930024,0
1888,0.3367418049537752,0,0.9354268014918401,0
1889,-0.19837696225537504,0,-0.5508150074180117,0
1890,0.0012660422462140997,0,0.003674571959173363,0
1891,-0.3127955198511916,0,-0.8686017389523165,0
1892,0.07528388557520983,0,0.20925213735578377,0
1893,-0.3788318064311426,0,-1.0520112847100636,1
1894,-0.006523064110865728,0,-0.01795893490195471,0
1895,-0.05460989377989417,0,-0.1515155602559359,0
1896,-0.0322623288365389,0,-0.08944731039924356,0
1897,0.21384116200628422,0,0.5940818794232211,0
1898,-0.2102349821205332,0,-0.5837495370485027,0
1899,0.389928383736835,0,1.083147498100048,-1
1900,0.5319225434475102,1,1.477522858702089,0
1901,0.12277383623316768,0,0.3411509876596756,0
1902,-0.05252257981228639,0,-0.14571824295540534,0
1903,-0.1015534339555372,0,-0.2818968070792429,0
1904,-0.3362309585230853,0,-0.9336914552894333,0
1905,-0.12743650100471426,0,-0.3537845799412038,0
1906,-0.6268674319312066,1,-1.7409067959624638,0
1907,0.1265250619919268,0,0.35156966272578166,0
1908,0.22373190329187498,0,0.6215524787005031,0
1909,-0.14195335267508316,0,-0.39410376365955824,0
1910,-0.39976017518505935,0,-1.1101378512600952,1
1911,0.3079987019691863,0,0.8555955490835295,0
1912,-0.2570478342504285,0,-0.7137678101743481,0
1913,0.37454917136184884,0,1.04043318901495,-1
1914,-0.16874863519376915,0,-0.4685251287866332,0
1915,-0.36735446358286133,0,-1.0201340495211861,1
1916,0.07071761207369887,0,0.1965697442035917,0
1917,0.008217193706245074,0,0.022980738277808384,0
1918,0.009675481084286577,0,0.0270309936668213,0
1919,-0.22001314778806302,0,-0.6109074681846568,0
1920,-0.12203023802270996,0,-0.3387691953832632,0
1921,-0.41086970800583544,0,-1.140993528854449,1
1922,0.21603187029499443,0,0.6001663646801807,0
1923,0.08528336646591894,0,0.23702475061073683,0
1924,-0.2903178744851405,0,-0.8061722030137709,0
1925,0.47267649740588275,1,1.3129725643835026,0
1926,0.18160021367783366,0,0.5045356921075428,0
1927,-0.3737191204403764,0,-1.037811282503199,1
1928,0.33283116398865414,0,0.9245653657542913,0
1929,-0.2664132044956151,0,-0.7397792410327922,0
1930,-0.021944476982752037,0,-0.06079045187938068,0
1931,-0.04526459715066114,0,-0.12555988196891033,0
1932,0.2327608131910451,0,0.646629422742314,0
1933,-0.12576489636580848,0,-0.34914185601793984,0
1934,0.14380500277387706,0,0.39956306534846153,0
1935,-0.10416508979401806,0,-0.28915043437749216,0
1936,-0.020548335018897704,0,-0.056912799505729576,0
1937,0.10296108323521161,0,0.28612293844970055,0
1938,-0.2059665860564939,0,-0.5718944703304223,0
1939,0.39096920475310476,0,1.0860382801184771,-1
1940,0.16249390455311763,0,0.4514697239988033,0
1941,0.00351439786090757,0,0.009919167216563366,0
1942,0.32233669476217486,0,0.8954179691715526,0
1943,-0.08216799487097483,0,-0.22805558188391947,0
1944,-0.222011810115617,0,-0.6164585639322345,0
1945,0.017730113771684958,0,0.049401974819019416,0
1946,0.5112503739269635,1,1.4201078613127334,0
1947,0.16667510267204738,0,0.4630826066642692,0
1948,0.1600035219296396,0,0.44455292159529314,0
1949,0.10798282615808585,0,0.3000703548793242,0
1950,-0.3163872135357573,0,-0.8785773287576215,0
1951,0.047415281760627453,0,0.13184972375478932,0
1952,0.14587566476610406,0,0.4053141333609304,0
1953,0.22077130806810596,0,0.613329705233273,0
1954,0.4932839493300706,1,1.3702078147645773,0
1955,-0.34467357519653075,0,-0.9571400252996302,0
1956,0.1966534741368383,0,0.5463447005474166,0
1957,0.10392540971362088,0,0.28880126411771156,0
1958,-0.025491216866115815,0,-0.07064118674983798,0
1959,-0.10390109416997984,0,-0.2884172114784689,0
1960,-0.2774317980216447,0,-0.7703823433294603,0
1961,0.05533674868377081,0,0.1538508495805083,0
1962,-0.04602298723547371,0,-0.1276662387640376,0
1963,0.36733499237402045,0,1.0203964885931187,-1
1964,-0.16008139116171452,0,-0.4444526775144669,0
1965,0.3919097760738276,0,1.0886506280808006,-1
1966,-0.1079622991551922,0,-0.29969682455400243,0
1967,-0.18608817858116755,0,-0.5166840720136896,0
1968,-0.6922894274725125,1,-1.9226102064089141,0
1969,0.4333709276375523,1,1.2038050586027096,0
1970,-0.16584647336056682,0,-0.4604646485399333,0
1971,-0.12066911083287524,0,-0.3349887932356673,0
1972,-0.4768865716042215,0,-1.324349129116309,1
1973,0.17886836924345204,0,0.49694825234161744,0
1974,-0.48232606752094975,1,-1.3394568150100392,0
1975,-0.1394788230439003,0,-0.3872309914440908,0
1976,0.388745172244351,0,1.0798612399893788,-1
1977,0.10167604991561202,0,0.2825538798360552,0
1978,-0.3589384902601044,0,-0.9967594788998151,0
1979,0.08205112994775891,0,0.22804751911756993,0
1980,-0.12657203495656244,0,-0.35138360718174133,0
1981,0.2552796617369628,0,0.7091733966193705,0
1982,0.0046131850196575175,0,0.012970944718115949,0
1983,-0.012156829570757588,0,-0.03360618609397073,0
1984,0.31456205144127325,0,0.8738246320266988,0
1985,0.08281906714004106,0,0.2301803921015228,0
1986,0.7025366779226689,1,1.951387494716321,0
1987,0.159844147220072,0,0.4441102733998699,0
1988,-0.20131118113881138,0,-0.5589645230924477,0
1989,-0.27194162320146864,0,-0.7551339015703984,0
1990,0.152903026851205,0,0.42483196748903673,0
1991,-0.3703618340401995,0,-1.0284867367795447,1
1992,0.1141600274800669,0,0.3172269478253405,0
1993,0.25201005866275195,0,0.7000923830477925,0
1994,0.0922385775761994,0,0.2563421922243158,0
1995,0.029142645539343946,0,0.08109920335590824,0
1996,-0.06557111062790189,0,-0.18195930425131107,0
1997,-0.08763869731287227,0,-0.24324994095239016,0
1998,-0.09955734829857708,0,-0.2763528677907524,0
1999,-0.09539081831879903,0,-0.26478072449568807,0
2000,0.13590571868035628,0,0.3776235502358128,0
2001,-0.054855859327087864,0,-0.15219870632030813,0
2002,-0.11431546063064221,0,-0.3173421301986065,0
2003,0.024951745350098364,0,0.06945937410695475,0
2004,-0.0220355075330389,0,-0.061043280630706326,0
2005,0.5327888194295279,1,1.479928858381831,0
2006,0.1621369311261492,0,0.4504782640382466,0
2007,-0.17198110176492756,0,-0.47750299923026385,0
2008,0.35368838185192447,0,0.9824943174290844,0
2009,0.4888667450177743,1,1.357939447198867,0
2010,-0.0010169400666303896,0,-0.0026661956802187677,0
2011,0.04418844093018391,0,0.1228874782743797,0
2012,-0.19065583109843204,0,-0.5293702952518244,0
2013,0.2232013109553248,0,0.6200788086250154,0
2014,0.19181921531224239,0,0.5329180034841128,0
2015,-0.16919275422196778,0,-0.4697586274196259,0
2016,-0.8335934490239462,1,-2.3150687734895126,0
2017,-0.14979941457651103,0,-0.41589545916299603,0
2018,0.2335719006185469,0,0.6488821414270302,0
2019,-0.4268038402540729,0,-1.1852490754493477,1
2020,-0.3255839477776564,0,-0.9041203890524981,0
2021,0.07676781975302899,0,0.21337362430763848,0
2022,0.043256130410975424,0,0.12029807390764305,0
2023,-0.3337050099128796,0,-0.9266758717186591,0
2024,-0.2453027462410103,0,-0.6811469381014754,0
2025,-0.139208244163331,0,-0.38647948417214917,0
2026,-0.18122218457140735,0,-0.5031692334724656,0
2027,-0.44306708428291375,0,-1.2304186989148604,1
2028,-0.2488504221801492,0,-0.6910002727783937,0
2029,-0.5138570643381707,1,-1.4270311790914265,0
2030,0.40288463711010664,0,1.119132267519767,-1
2031,-1.1700180094945858,1,-3.2494561991507727,0
2032,-1.1899590333717673,1,-3.3048405086066084,0
2033,0.41973878312801816,1,1.1659430654215739,0
2034,-0.08722940127297185,0,-0.24211315987873464,0
2035,-0.07689702881409949,0,-0.21341597175039756,0
2036,0.2557231929588142,0,0.7104052626757795,0
2037,0.00257475810598376,0,0.007309406590216764,0
2038,0.00024237459883302837,0,0.00083143180189405,0
2039,0.13840538578485673,0,0.38456613940800893,0
2040,-0.23092144628156974,0,-0.6412042364510209,0
2041,0.6259256018224728,1,1.738607470349912,0
2042,0.05398561236625479,0,0.1500981961366721,0
2043,0.08522988294452677,0,0.23687620518409194,0
2044,-0.26818240696536516,0,-0.7446930337085429,0
2045,-0.06480574298571595,0,-0.17983356794993613,0
2046,-0.30550851880429714,0,-0.848362782142881,0
2047,0.3662518067044936,0,1.0173880427535922,-1
2048,-0.03933453932576444,0,-0.10908970673177505,0
2049,-0.08315073890262094,0,-0.23078506056564585,0
2050,-0.35346269507408834,0,-0.981550975215803,0
2051,-0.2518398219199064,0,-0.6993030480668463,0
2052,-0.016852357831815545,0,-0.0466475721266428,0
2053,-0.3989146134869978,0,-1.1077893835466077,1
2054,-0.22188807119505033,0,-0.6161148907732933,0
2055,0.3674587707109811,0,1.0207402712273694,-1
2056,-0.291949507693446,0,-0.810703910065715,0
2057,-0.25258844140500025,0,-0.7013822679445454,0
2058,-0.51513609795887,1,-1.4305835741083288,0
2059,0.3949709623287482,0,1.0971527836315231,-1
2060,-0.023942233870223706,0,-0.06633903285269108,0
2061,0.08707060707322245,0,0.24198864250899596,0
2062,-0.13379690686897172,0,-0.371450006191149,0
2063,0.49068833369664244,1,1.362998737620114,0
2064,0.2411595550936926,0,0.6699561347226454,0
2065,0.3754238488534387,0,1.042862523093613,-1
2066,-0.120220200865219,0,-0.33374198822105966,0
2067,-0.20033739072533488,0,-0.5562599122390991,0
2068,0.30554247753302405,0,0.8487736178174495,0
2069,-0.05022657607859515,0,-0.13934130955009405,0
2070,0.5098510289069771,1,1.416221312753354,0
2071,0.047330183966217264,0,0.13161337267228465,0
2072,-0.3718914637145756,0,-1.0327351386550079,1
2073,-0.2664424616180421,0,-0.7398604999256285,0
2074,0.16478363493723652,0,0.45782923376848894,0
2075,0.24216946723335392,0,0.6727610702570845,0
2076,0.6530677726333152,1,1.813992284928616,0
2077,0.48889099129185415,1,1.3580067889339285,0
2078,-0.4580574881824432,0,-1.272053129200536,1
2079,0.005406785922024371,0,0.015175096231690511,0
2080,0.3143766424224869,0,0.8733096759975796,0
2081,-0.22125699974660595,0,-0.6143621494594743,0
2082,-0.3069130468817656,0,-0.8522637261546344,0
2083,-0.251212340859268,0,-0.6975602787158784,0
2084,0.039253913903439186,0,0.10918229575463227,0
2085,0.12213122477218372,0,0.3393661950515223,0
2086,-0.18361843085260837,0,-0.5098245810808849,0
2087,0.04614976970491724,0,0.1283348836068996,0
2088,0.542426280984662,1,1.5066959971418947,0
2089,-0.2208051779721058,0,-0.613107257176514,0
2090,0.33013259272747875,0,0.9170703390827377,0
2091,0.4851938721295524,1,1.3477383898265822,0
2092,0.09880861991494672,0,0.27458986397217966,0
2093,0.2802632639215993,0,0.7785629908166254,0
2094,-0.21275604828573821,0,-0.590751560089663,0
2095,0.021468035083534565,0,0.05978369804106202,0
2096,0.2091315784705521,0,0.5810014561933201,0
2097,-0.17116194648773136,0,-0.4752278728554076,0
2098,-0.3735630188391507,0,-1.0373777250568974,1
2099,0.44852131046515265,1,1.2458838152436045,0
2100,0.10528988332802292,0,0.2925909606433167,0
2101,-0.7683118739339853,1,-2.133755367577389,0
2102,0.03909351136547856,0,0.10873679286297393,0
2103,0.03630153769038966,0,0.1009823498130052,0
2104,-0.07922376019506235,0,-0.21987824829234132,0
2105,0.7972893577252053,1,2.2145541090424006,0
2106,-0.11939830910670413,0,-0.3314592615279294,0
2107,0.1939396955140446,0,0.5388074368660152,0
2108,0.13378679116711212,0,0.3717384292996562,0
2109,-0.1360149805421042,0,-0.37761049621740006,0
2110,-0.2666025881248253,0,-0.7403052361667757,0
2111,-0.020920890745077636,0,-0.05794753782986869,0
2112,-0.08139927179521989,0,-0.22592052618288438,0
2113,-0.36449549892651156,0,-1.0121935453511992,1
2114,-0.22683363738393886,0,-0.6298507335227296,0
2115,0.27199534348492294,0,0.7555996230958185,0
2116,0.6396637223477368,1,1.7767638019003424,0
2117,0.03728138453445867,0,0.10370378183001118,0
2118,-0.013411477545022636,0,-0.03709085228226748,0
2119,0.3374529631384649,0,0.9374019761476396,0
2120,0.3429777662849882,0,0.952746594810865,0
2121,0.19861775923855512,0,0.5518003167987696,0
2122,0.1567995669036215,0,0.4356542392740398,0
2123,0.4787186425691341,1,1.3297540516110227,0
2124,0.1563792858860711,0,0.4344869484630068,0
2125,0.007936542982605876,0,0.022201257413497096,0
2126,0.13301657486668503,0,0.3695992263081992,0
2127,0.18021763353569603,0,0.500695706412161,0
2128,0.1006582586618654,0,0.2797270608067951,0
2129,0.0628184390306868,0,0.17463053752323696,0
2130,-0.14297267646267775,0,-0.3969348391567615,0
2131,0.09774222533733051,0,0.2716280538037306,0
2132,-0.04351642424989216,0,-0.12070449693377742,0
2133,0.05013389804237215,0,0.13940042357678376,0
2134,0.07046051649031038,0,0.19585568551544127,0
2135,0.14654164589800822,0,0.4071638330217054,0
2136,0.049852169381152875,0,0.13861794884270545,0
2137,0.35993409312387764,0,0.999841190287177,0
2138,-0.18672298957821956,0,-0.5184471995703908,0
2139,0.6279548376779248,1,1.744243481182126,0
2140,-0.22980088824217726,0,-0.6380919923857623,0
2141,-0.6014665655162497,1,-1.6703582897956302,0
2142,0.25317258552247246,0,0.7033211915455928,0
2143,-0.31680223223512494,0,-0.8797300039771743,0
2144,-0.17434503655314132,0,-0.4840686047202439,0
2145,0.13112416170853142,0,0.36434322758842386,0
2146,-0.801910883026823,1,-2.2270734403337498,0
2147,0.39460916036804444,0,1.0961479128747977,-1
2148,-0.39854054360478025,0,-1.106750439797157,1
2149,0.23182467533950826,0,0.6440293883217061,0
2150,0.12534357307832608,0,0.3482881889151826,0
2151,-0.12932319036755674,0,-0.3590246813603828,0
2152,-0.7683335281590358,1,-2.1338155101412117,0
2153,0.4822742679889449,1,1.3396294652193068,0
2154,0.5856779225484878,1,1.6268233444435012,0
2155,-0.6126990579298626,1,-1.7015554760397997,0
2156,-0.04850739891235811,0,-0.13456645742761936,0
2157,-0.4875557256331612,1,-1.3539816962307258,0
2158,0.2684544463735198,0,0.7457651159723585,0
2159,-0.24102487318964813,0,-0.6692655499466506,0
2160,0.09932236136983533,0,0.2760167323162069,0
2161,0.026079641443705837,0,0.07259199892437279,0
2162,-0.12160122685871054,0,-0.337577657415439,0
2163,0.08476388166060478,0,0.23558193065363087,0
2164,0.30473443778077836,0,0.8465293637627617,0
2165,0.20483039652863427,0,0.5690553297975927,0
2166,0.6507629147487091,1,1.8075907599558276,0
2167,0.28117747830428286,0,0.7811021348741911,0
2168,-0.03864761033975307,0,-0.10718182638572263,0
2169,-0.042988389932675175,0,-0.11923793151526292,0
2170,-0.24866009183336468,0,-0.6904716482258093,0
2171,-0.2606112412797622,0,-0.7236648364677448,0
2172,-0.8570798778449242,1,-2.3803001101473047,0
2173,0.23748884300261855,0,0.6597610787602503,0
2174,-0.45069199312182706,0,-1.251596162685422,1
2175,-0.3051951540544763,0,-0.847492441162221,0
2176,-0.7676305902819067,1,-2.131863166612869,0
2177,-0.008946446800932817,0,-0.024689651321695604,0
2178,-0.11647507952595237,0,-0.32334026760324586,0
2179,-0.2269983083242192,0,-0.6303080914984804,0
2180,0.13669619605525166,0,0.37981902644699866,0
2181,-0.6220384159846085,1,-1.7274946604973636,0
2182,0.2585038252971036,0,0.7181282062345077,0
2183,0.4024600782363391,0,1.1179530953673347,-1
2184,-0.2628439535391267,0,-0.7298659837839557,0
2185,-0.05506548631387431,0,-0.1527809254670271,0
2186,-0.08647307538886895,0,-0.24001253620601806,0
2187,-0.10800356683620438,0,-0.2998114416383498,0
2188,0.2761264239566855,0,0.7670733087322351,0
2189,-0.0007619408433559016,0,-0.0019579594341856427,0
2190,0.31382934636014026,0,0.8717896129021407,0
2191,0.09073113731500138,0,0.25215541934712604,0
2192,0.07953321180128022,0,0.22105423940094432,0
2193,-0.23945442983100285,0,-0.6649037919198925,0
2194,-0.38709405804898855,0,-1.0749589078222541,1
2195,-0.387485667230703,0,-1.0760465653186497,1
2196,-0.33840664197059783,0,-0.9397342104697658,0
2197,0.0460652446492561,0,0.12810012325214845,0
2198,0.042572468172123346,0,0.11839926664312837,0
2199,-2.2633282088917053,1,-6.286021963656032,0
2200,0.8790797532570171,1,2.4417192037009863,0
2201,0.9342777713038956,1,2.5950264827898675,0
2202,-0.552259852601519,1,-1.5336912945520993,0
2203,0.9573445144876254,1,2.6590921822491542,0
2204,-1.2354569064256555,1,-3.4312065516101646,0
2205,-0.45947208026239084,0,-1.2759820250281593,1
2206,-0.41923531157103644,0,-1.1642282022339896,1
2207,0.28229016574476606,0,0.7841925190947256,0
2208,-0.04590613714654257,0,-0.12734169868399137,0
2209,0.5249869949272438,1,1.458260028074222,0
2210,0.7762463853592719,1,2.1561092417896677,0
2211,-0.5181859932588784,1,-1.439054370098742,0
2212,0.43300727242469333,1,1.2027950406132493,0
2213,0.4261539389089009,1,1.1837605543912537,0
2214,0.2635188773890924,0,0.7320570395136092,0
2215,-0.10346469696625296,0,-0.28720515948325875,0
2216,-0.3432258534840571,0,-0.9531191150483104,0
2217,-0.5420931449706098,1,-1.505454224828633,0
2218,0.4303606895489528,1,1.1954444067695047,0
2219,0.028206305637599405,0,0.07849860775994147,0
2220,-0.17960112901979522,0,-0.4986669048624325,0
2221,0.18208042900082022,0,0.5058694447883244,0
2222,-0.24035447031012958,0,-0.6674035692997177,0
2223,0.6550224963044997,1,1.8194213452101904,0
2224,0.10370377092469768,0,0.28818568332563466,0
2225,1.1262994768001398,1,3.1283486243681096,0
2226,0.9561605635913337,1,2.655803870514281,0
2227,0.49695870175078305,1,1.3804140923607449,0
2228,-0.9401926995948198,1,-2.6111381186615663,0
2229,-0.5174991095986037,1,-1.43714661564064,0
2230,-0.37395658460161396,0,-1.038470816771432,1
2231,0.007191698386629031,0,0.020132521933605624,0
2232,0.18174714035683137,0,0.5049437670743573,0
2233,0.24604264011894658,0,0.683518441944357,0
2234,-0.18765094604485427,0,-0.5210245109675479,0
2235,0.22114273090867742,0,0.6143612970746887,0
2236,0.19087322924911138,0,0.5302906165864265,0
2237,-0.1923850196124699,0,-0.5341729529467756,0
2238,-0.4648941747434111,0,-1.2910413800785905,1
2239,0.224509120846516,0,0.6237111270139433,0
2240,0.39188093446208067,0,1.0885705232296135,-1
2241,0.05729814154303202,0,0.1592984329017486,0
2242,0.0021397560083991074,0,0.006101229370483592,0
2243,0.29415830523820424,0,0.8171551550364919,0
2244,0.6275339696977105,1,1.7430745601377597,0
2245,0.31579388285088117,0,0.8772459273627529,0
2246,0.07630623670037462,0,0.21209162099701448,0
2247,-0.49085430924767215,1,-1.3631432005144188,0
2248,-0.08276249380349165,0,-0.22970674649073552,0
2249,0.7593528717219309,1,2.1091891040450097,0
2250,0.0840421028253594,0,0.23357725814453037,0
2251,0.23202020463836692,0,0.644572452472392,0
2252,0.05131557550137272,0,0.14268242105441395,0
2253,-0.48821582576732825,1,-1.3558150619760214,0
2254,0.1781515990741787,0,0.4949574909289514,0
2255,0.42036958297899285,1,1.1676950523990859,0
2256,0.243716709575919,0,0.6770583896541018,0
2257,-0.0298628216532541,0,-0.08278290594343138,0
2258,-0.26376191516577724,0,-0.7324155354575371,0
2259,0.057391974238565124,0,0.15955904434670193,0
2260,1.245636782149731,1,3.4597967129825786,0
2261,-0.15566826210500914,0,-0.43219562858606164,0
2262,-0.14836148423080991,0,-0.4119017435076341,0
2263,0.5000949755561591,1,1.389124796487324,0
2264,-0.2873035684994803,0,-0.7978002529808832,0
2265,0.2056224661578124,0,0.571255228344586,0
2266,0.206883598748954,0,0.5747579049434818,0
2267,-0.14076470785148443,0,-0.39080241498515034,0
2268,0.36069785730101844,0,1.0019624731159114,-1
2269,-0.24019726204223865,0,-0.6669669381913296,0
2270,0.11336265583750477,0,0.31501232343719643,0
2271,0.11662884429769144,0,0.3240838532409923,0
2272,0.1936671824950851,0,0.5380505577074647,0
2273,-0.5019867199309237,1,-1.3940624192099136,0
2274,-0.02801394117871253,0,-0.07764781513868903,0
2275,-0.3685887381236109,0,-1.0235621304231182,1
2276,-0.2842604688032957,0,-0.7893483311379278,0
2277,0.6502926767483918,1,1.8062847183459347,0
2278,-0.15347207529236742,0,-0.4260959272465853,0
2279,0.1715678903922242,0,0.47667186220425534,0
2280,-0.11214924676094457,0,-0.31132567587581,0
2281,-0.44562475015522235,0,-1.2375223741839456,1
2282,-0.29521365598959604,0,-0.819769773506688,0
2283,0.21706604749500152,0,0.6030386941267596,0
2284,0.0769281697302146,0,0.21381898121671106,0
2285,-0.06712924360525396,0,-0.18628687135731903,0
2286,0.09915844259466235,0,0.2755614634079644,0
2287,-0.02589103999170253,0,-0.07175165769914732,0
2288,0.5923700406545724,1,1.6454100700993743,0
2289,-0.19545660277292531,0,-0.5427039849201468,0
2290,0.17261706833974644,0,0.4795858548095349,0
2291,-0.21538198162272862,0,-0.5980448417908445,0
2292,0.22177732999283273,0,0.6161238360633443,0
2293,-0.687589154172908,1,-1.9095556414800698,0
2294,-0.23353194542831213,0,-0.6484546511472701,0
2295,0.31777236107085405,0,0.8827409636588578,0
2296,0.4191893769190076,1,1.1644171415931783,0
2297,0.5389026918741928,1,1.4969095613554781,0
2298,0.07231587383882415,0,0.20100876522559752,0
2299,0.24978517123053662,0,0.6939129684495672,0
2300,0.28081593512617775,0,0.7800979828616793,0
2301,-0.14767598477736077,0,-0.409997833553187,0
2302,0.1398732015034999,0,0.38864285886264527,0
2303,0.08071637424588,0,0.22434036128574994,0
2304,-0.0046250557439734274,0,-0.012687396018637052,0
2305,0.01594227725222333,0,0.044436427831052915,0
2306,0.021827068803061393,0,0.060780880269508564,0
2307,0.3025979076325941,0,0.8405953531714517,0
2308,0.352555240403768,0,0.9793471241350759,0
2309,-0.6170278198414478,1,-1.7135782031950593,0
2310,0.3904517889488244,0,1.0846012066162285,-1
2311,0.37363950697299986,0,1.0379066821353,-1
2312,0.44163719737026,1,1.22676384164923,0
2313,0.05625335750456792,0,0.15639664396366768,0
2314,0.42315922950564067,1,1.1754430320141676,0
2315,0.044181707278179355,0,0.12286877619224564,0
2316,-0.1779737506392564,0,-0.4941470151925427,0
2317,0.05498493291834476,0,0.15287371453750306,0
2318,0.0029434031860147425,0,0.008333283464220739,0
2319,0.18223897413122908,0,0.5063097889060268,0
2320,-0.33481962217111977,0,-0.9297716019386244,0
2321,-0.19444422968059744,0,-0.5398922143222284,0
2322,-0.6722309775294621,1,-1.8668997571515158,0
2323,0.24670459015490392,0,0.6853569456170653,0
2324,0.03893313574527674,0,0.10829136473284699,0
2325,-0.40881071534510594,0,-1.1352748713074998,1
2326,0.11305277773517985,0,0.31415166629047947,0
2327,-0.18496194985645145,0,-0.5135560781558063,0
2328,-0.07965702628068304,0,-0.22108160390289217,0
2329,0.33662380694367794,0,0.9350990731692298,0
2330,-0.831503636557316,1,-2.3092645168440473,0
2331,0.6662294667473921,1,1.8505476465924284,0
2332,-0.17718132087439276,0,-0.4919461164027146,0
2333,0.580908302553139,1,1.6135761756202682,0
2334,0.2179085986587801,0,0.605378800365762,0
2335,-0.0523059187373508,0,-0.145116487293551,0
2336,-0.013605787543362113,0,-0.03763052994098144,0
2337,-0.09626369083626601,0,-0.2672050454292889,0
2338,0.03104864016368447,0,0.08639292331461253,0
2339,0.16189992847801954,0,0.44982001157905943,0
2340,0.2960752391357898,0,0.822479257792908,0
2341,0.3273032583751063,0,0.9092121302820786,0
2342,0.3902061221791837,0,1.0839188903782762,-1
2343,0.7233741727906967,1,2.009261667635588,0
2344,-0.36496030603291346,0,-1.0134845031664441,1
2345,0.35511531448006783,0,0.986457487963179,0
2346,0.24032343446894439,0,0.6676338886981344,0
2347,-0.9480574899614521,1,-2.632981830707329,0
2348,0.75014361728671,1,2.0836112700963,0
2349,0.04816814424693472,0,0.1339407281674085,0
2350,-0.17154650501646618,0,-0.47629594782941637,0
2351,0.2678085598116629,0,0.7439712270810173,0
2352,-0.3337472104798031,0,-0.9267930798054704,0
2353,0.0288754752818621,0,0.08035716321248802,0
2354,-0.17604097849200379,0,-0.4887789231943404,0
2355,0.023689156409569034,0,0.0659526526352549,0
2356,-0.3888750309532186,0,-1.0799053917675048,1
2357,0.11749702790836458,0,0.32649515117906003,0
2358,0.2546643697517175,0,0.7074644812734782,0
2359,-0.505331611461891,1,-1.4033525393556139,0
2360,-0.06382260083063152,0,-0.1771029835179812,0
2361,0.42045059191470796,1,1.1679200470629492,0
2362,-0.3179189717828955,0,-0.8828316425427883,0
2363,0.279282269987142,0,0.7758383728644624,0
2364,0.24619776873357552,0,0.6839492970123304,0
2365,0.8282632316244131,1,2.3005811168653416,0
2366,0.3103845753610971,0,0.8622220869721503,0
2367,0.09267315347385635,0,0.25754918571402435,0
2368,0.06308012094072225,0,0.1753573343002561,0
2369,0.47379993855127067,1,1.3160928160032193,0
2370,0.4983080849212259,1,1.3841618766042523,0
2371,0.44442917874052934,1,1.234518306071835,0
2372,0.2971214945614956,0,0.8253851333700114,0
2373,-0.46776841251308526,0,-1.2990243038775757,1
2374,-0.4010153536786386,0,-1.113623990915655,1
2375,-0.30441647295423874,0,-0.845329727989187,0
2376,0.2754757461682829,0,0.7652661126619186,0
2377,-0.06949981206931495,0,-0.19287090125510356,0
2378,0.2034302960520043,0,0.565166683028774,0
2379,0.339844407297193,0,0.9440439863146757,0
2380,-0.24991675019391016,0,-0.6939618980720249,0
2381,-0.16990763971263512,0,-0.47174415431555994,0
2382,-0.0014003496942280313,0,-0.0037310796898865706,0
2383,-0.01609731278617054,0,-0.04455050586170791,0
2384,-0.12936753808927923,0,-0.359147852966749,0
2385,0.03030367341460602,0,0.08432384856602443,0
2386,0.2154026041333597,0,0.5984186373798818,0
