,spread,regime,z_score,signal
0,0.2082751850432702,1,0.6656725124106908,0
1,0.18454704642892109,1,0.5897799092119987,0
2,0.024708985252662297,1,0.07855032015513166,0
3,0.08128568519285947,1,0.2595064882152883,0
4,0.5027183821119352,2,1.6074261443695483,0
5,-0.07342948489844912,1,-0.2353379327228656,0
6,0.06457297616437593,1,0.20605219012269044,0
7,0.15110162215542786,1,0.4828073247015069,0
8,0.07719541465145907,1,0.24642407647541087,0
9,-0.27880261809582346,1,-0.8922079029612796,0
10,0.16996574143136006,1,0.5431427408995294,0
11,0.02347654100954094,1,0.07460844323727014,0
12,-0.2969427243005372,1,-0.9502276197436125,0
13,-0.09233850244633725,1,-0.29581695254666074,0
14,0.6355068123550659,2,2.032139595753588,0
15,0.27646162472570035,1,0.8837615287661854,0
16,-0.21250411326144744,1,-0.6801572991680631,0
17,-0.07231658639848676,1,-0.2317784135532082,0
18,-0.2681352143673498,1,-0.858089043008408,0
19,0.18306952993442804,1,0.5850541877865402,0
20,0.28980602329569033,1,0.9264425482113857,0
21,-0.1976508468713777,1,-0.6326502835244362,0
22,0.06860779204884149,1,0.2189572344616656,0
23,0.1622554678276693,1,0.5184820313230777,0
24,-0.09220535269788915,1,-0.2953910834471408,0
25,-0.16086248162035724,1,-0.5149855626754158,0
26,0.1838210057738653,1,0.5874577247273318,0
27,-0.05653988771789406,1,-0.18131787165349567,0
28,0.35959844171428784,1,1.1496681624665477,-1
29,0.264342475777811,1,0.8449993748038931,0
30,-0.17551362012018953,1,-0.5618460880056432,0
31,0.09614089505031245,1,0.307019719887966,0
32,0.21115460078659953,1,0.6748820993911214,0
33,-0.11692280512444038,1,-0.3744479298175681,0
34,0.22724878441806062,1,0.7263580921776237,0
35,-0.2228224404934653,1,-0.7131596651362152,0
36,-0.04054713365327084,1,-0.13016629343628397,0
37,0.20998962200078528,1,0.6711560054836444,0
38,-0.08272938437705185,1,-0.26508293684596634,0
39,0.03425558944253318,1,0.10908439008165785,0
40,-0.2578881789422368,1,-0.8253146983317988,0
41,0.01897981804061241,1,0.06022602506608825,0
42,-0.19360598473556553,1,-0.6197131070330206,0
43,-0.13297421171454804,1,-0.4257871035691594,0
44,0.2773365098652361,1,0.8865597807411241,0
45,0.34042113462902396,1,1.088331039454241,-1
46,0.2338027873706614,1,0.7473205601372467,0
47,-0.30468774966257806,1,-0.9749994801123698,0
48,0.11960327838926488,1,0.38206232553769554,0
49,0.019586031712548718,1,0.06216495227844288,0
50,-0.04595317242698893,1,-0.14745708738345112,0
51,0.09519808211554437,1,0.3040042061508,0
52,-0.016863067123193243,1,-0.05441465136640688,0
53,-0.1455986159158478,1,-0.46616527710569433,0
54,-0.08751280529688077,1,-0.2803823360825068,0
55,-0.12198881283664892,1,-0.39065116089915214,0
56,-0.04743168861805952,1,-0.1521860062605478,0
57,0.17930091861155562,1,0.5730005780034324,0
58,0.07379967336636245,1,0.23556306246568115,0
59,0.3873472449304722,1,1.23842054822895,-1
60,0.31476142352774206,1,1.0062604521042067,-1
61,0.13448859348430436,1,0.4296718464679289,0
62,0.17437798441001268,1,0.5572549564018697,0
63,0.158717720423951,1,0.5071668218036409,0
64,0.38830633932520975,1,1.2414881369476831,-1
65,0.06340695037263715,1,0.20232274744831402,0
66,-0.154840371341196,1,-0.49572431200323847,0
67,-0.14816267301154146,1,-0.47436621401460943,0
68,-0.03308611236217174,1,-0.10630279796766101,0
69,-0.3180623330709214,1,-1.0177770434119786,1
70,-0.1809583478900772,1,-0.5792606256936143,0
71,-0.09574117418180567,1,-0.3067001330620993,0
72,0.04714853470288774,1,0.1503214712792041,0
73,-0.06597472949753347,1,-0.2114944782159509,0
74,0.15421003152128648,1,0.49274932994752935,0
75,0.32421313447889516,1,1.0364910133978267,-1
76,-0.16982581303283906,1,-0.543654080053955,0
77,-0.13995670854739853,1,-0.4481200758298317,0
78,-0.25359125293059237,1,-0.811571315166519,0
79,0.012021919913938292,1,0.03797172985115417,0
80,0.3110005007309256,1,0.9942314334728379,0
81,-0.35419880319879005,1,-1.1333567284850108,1
82,-0.20195358978836467,1,-0.6464122716083814,0
83,0.2720400117939922,1,0.8696193441988125,0
84,0.10632890580296628,1,0.3396052787470832,0
85,-0.009283068819039238,1,-0.030170617188519936,0
86,0.4187227278450344,2,1.3387725865284168,0
87,-0.1516350838771252,1,-0.48547244970581577,0
88,-0.22423429516194304,1,-0.7176753723254933,0
89,0.9067780699053788,0,2.899779584000548,0
90,0.887997680836732,0,2.839711972348872,0
91,-0.17611956950333402,1,-0.5637841699108824,0
92,0.12891581262040758,1,0.411847740932688,0
93,0.08036143307029514,1,0.25655033979027425,0
94,-0.20489762083153942,1,-0.655828525592551,0
95,-0.21187332112124407,1,-0.6781397596393468,0
96,-0.0668633849932577,1,-0.21433677360260006,0
97,0.09015039237177444,1,0.2878595636644999,0
98,-0.17466523950054758,1,-0.5591326086731763,0
99,0.33667108116492817,1,1.0763367855369785,-1
100,-0.22047627766455064,1,-0.7056556460680417,0
101,-0.2500854105948365,1,-0.8003581515219087,0
102,-0.1849810050219784,1,-0.5921267812095445,0
103,0.9463963908312152,0,3.0264956976532504,0
104,0.2694046233966177,1,0.8611902596773899,0
105,-0.029664111757644357,1,-0.09535779557004226,0
106,-0.04088646988460609,1,-0.13125163394167413,0
107,-0.02331975965580574,1,-0.07506587952710178,0
108,-0.3662762416555554,1,-1.1719854746902285,1
109,0.06612599600778733,1,0.2110194031287895,0
110,-0.28288620060411795,1,-0.9052689235481916,0
111,-0.20169074454969538,1,-0.6455715815852319,0
112,-0.21261097998935624,1,-0.6804991040735444,0
113,0.09356015164223219,1,0.2987654131085613,0
114,-0.05660753354841743,1,-0.18153423157356338,0
115,-0.17073511543179243,1,-0.5465624129524175,0
116,-0.14673240260263537,1,-0.46979160551395366,0
117,0.012878775172391166,1,0.040712314655777314,0
118,0.08188459644826074,1,0.261422059217133,0
119,0.04283020750135347,1,0.13650963807497746,0
120,0.049889714658930315,1,0.15908892186103532,0
121,0.07295360958806368,1,0.2328569933697941,0
122,-0.025138256322782992,1,-0.08088219947567077,0
123,-0.15459129693337553,1,-0.4949276669099636,0
124,0.008668158654818098,1,0.02724498568473079,0
125,0.1422068752874131,1,0.4543581696464689,0
126,-0.17566188588221354,1,-0.5623203044972156,0
127,-0.15628822878537374,1,-0.5003551712663753,0
128,-0.14083460360221375,1,-0.45092795478435266,0
129,0.2081820821114435,1,0.6653747299349309,0
130,0.2711995622744886,1,0.8669312318723932,0
131,0.005040780755394381,1,0.01564310000600365,0
132,-0.08082472066441718,1,-0.258991018313321,0
133,0.024908737540533077,1,0.07918921228939459,0
134,-0.343373135564075,1,-1.0987316737550323,1
135,0.004279723969801363,1,0.013208919155182313,0
136,0.14952209447423231,1,0.4777553284409224,0
137,-0.11014945203591414,1,-0.3527838875331346,0
138,0.019711496966437286,1,0.06256624312065122,0
139,0.2923050849657157,1,0.934435602313725,0
140,0.190937299483443,1,0.6102186358769208,0
141,-0.11531295384832937,1,-0.36929894590051876,0
142,0.19902109747106753,1,0.6360740341019704,0
143,-0.1377616476293536,1,-0.441099344454409,0
144,-0.053791824828720955,1,-0.17252840654615073,0
145,0.4650088355650629,2,1.4868150968955705,0
146,-0.3752079679548461,1,-1.2005529055759143,1
147,-0.08392907626190743,1,-0.2689200578969609,0
148,0.04534173023502447,1,0.1445425479188083,0
149,-0.22059203671134184,1,-0.7060258923628551,0
150,-0.047634492889991775,1,-0.15283465992811557,0
151,-0.12279962802531896,1,-0.39324449012658663,0
152,0.021575113330557394,1,0.06852687490620674,0
153,0.015137434368371339,1,0.04793646016957417,0
154,-0.012610719734523275,1,-0.040813849454529774,0
155,-0.08226225754596833,1,-0.26358886806075427,0
156,-0.14085862467617666,1,-0.45100478431844726,0
157,-0.20458963326216753,1,-0.654843451340737,0
158,-0.1257477781723927,1,-0.40267391874374453,0
159,-0.1583579479729282,1,-0.5069750068795575,0
160,-0.35718343939253505,1,-1.1429028548805877,1
161,-0.10370351325628163,1,-0.3321670544137479,0
162,0.3424542420162411,1,1.094833775075698,-1
163,-0.12918988324320035,1,-0.4136832237108454,0
164,0.22692030340782143,1,0.7253074712514077,0
165,-0.13705679687379185,1,-0.4388449342128152,0
166,0.11470151266296733,1,0.36638440965541536,0
167,0.12111964993877686,1,0.38691232183025365,0
168,-0.006571861258423545,1,-0.021499030978943803,0
169,0.005645188548689976,1,0.01757625125618392,0
170,-0.1055458859198167,1,-0.33805973987763127,0
171,0.018221769391749354,1,0.05780146550629714,0
172,-0.01153582606240336,1,-0.037375885766571124,0
173,-0.22705185636380087,1,-0.7266871223728112,0
174,0.129107160445176,1,0.4124597520463327,0
175,-0.05718568086464955,1,-0.18338339073325655,0
176,0.03673525297973795,1,0.11701540076707015,0
177,0.14090618536819421,1,0.45019801424919204,0
178,-0.1508697377166478,1,-0.4830245496235215,0
179,0.05656916585537822,1,0.180452626257574,0
180,0.0010891015317540604,1,0.003003961801252519,0
181,-0.04544160034163677,1,-0.14582086391425408,0
182,0.10179883346038275,1,0.3251161952018128,0
183,0.08140064630939425,1,0.25987418239232657,0
184,0.12820936512601827,1,0.4095882236463225,0
185,0.08320913553422397,1,0.2656584943166556,0
186,-0.00015356630172612407,1,-0.0009706144740672125,0
187,0.052733099904427316,1,0.168183268100526,0
188,0.03178417581667713,1,0.10117976609511767,0
189,-0.1975513209598275,1,-0.6323319576483095,0
190,0.14025896825571874,1,0.44812794072598694,0
191,0.03842834948023344,1,0.12243063805043186,0
192,-0.02599184516971549,1,-0.08361233691746328,0
193,0.0037515097895642335,1,0.011519467241730629,0
194,-0.39479440868443416,1,-1.2631986106826105,1
195,0.020958796619615583,1,0.06655563391050788,0
196,-0.2343955432023238,1,-0.750175332733924,0
197,-0.1323761678130612,1,-0.4238743067312527,0
198,0.03986204019426064,1,0.12701618613061363,0
199,0.07715232979780451,1,0.24628627292682986,0
200,0.005401740648142139,1,0.016797602108177902,0
201,0.03656637504668858,1,0.11647525785193308,0
202,0.10342763010897144,1,0.3303257744170972,0
203,0.0820977132006384,1,0.26210369655017735,0
204,-0.019218475295012638,1,-0.061948240943751384,0
205,0.021794337953826737,1,0.0692280477885626,0
206,0.047398812741490035,1,0.15112196609178513,0
207,-0.0543204391479814,1,-0.1742191382731021,0
208,0.035807352692099226,1,0.11404758397021729,0
209,-0.295499763170892,1,-0.9456124209611393,0
210,0.06099584440692013,1,0.19461101281542947,0
211,0.08370465690250226,1,0.267243380817465,0
212,0.22216681680224978,1,0.7101038145874675,0
213,0.002672165092147384,1,0.008067267296045327,0
214,0.03434459820826319,1,0.10936907768604785,0
215,-0.08213026982578342,1,-0.263166715618125,0
216,-0.034670587052817115,1,-0.11137061685265359,0
217,0.18783745939435714,1,0.6003040387952042,0
218,-0.2597653276464792,1,-0.8313186122532159,0
219,-0.1384241366117786,1,-0.44321826386413804,0
220,0.08101894313306818,1,0.2586533345132992,0
221,-0.23759110448234275,1,-0.760396086589219,0
222,0.0007392704782786252,1,0.001885054424677422,0
223,-0.21656964260970032,1,-0.6931605781287232,0
224,-0.3938349299859194,1,-1.2601297927981794,1
225,0.009295001528118678,1,0.02924989379086265,0
226,-0.0025436114020118555,1,-0.008614987569278029,0
227,-0.1747179588223129,1,-0.5593012273175911,0
228,-0.1367711168931557,1,-0.43793120904605815,0
229,-0.08624640106780815,1,-0.2763318407946871,0
230,-0.07745050429230166,1,-0.2481988500612089,0
231,0.27290847842547467,1,0.8723970670756734,0
232,-0.23362791883825768,1,-0.7477201459948981,0
233,0.34036812529133886,1,1.0881614932164958,-1
234,0.14252277352031065,1,0.4553685455394167,0
235,-0.06754592078824329,1,-0.2165198111808794,0
236,0.0065999307703342724,1,0.020629919888264098,0
237,-0.4349825132408941,1,-1.3917371328980257,1
238,-0.14260696988024843,1,-0.45659673027693537,0
239,0.3376397272244137,1,1.079434924511439,-1
240,0.04465258211202494,1,0.14233836132440353,0
241,0.00991054812796921,1,0.03121867164621917,0
242,-0.017959995549939878,1,-0.05792309150077565,0
243,0.26801804585183076,1,0.8567553993994288,0
244,0.1818393125313636,1,0.5811194332431544,0
245,-0.1259705987438927,1,-0.4033865929864316,0
246,0.08793553793978359,1,0.2807755242764167,0
247,0.027638807187180037,1,0.08792112741199405,0
248,0.24232642931742232,1,0.7745827650066192,0
249,0.14776766865599317,1,0.4721439341116324,0
250,0.11288026956336455,1,0.3605593054560104,0
251,0.11773593778561403,1,0.376089782062078,0
252,0.12222965846151645,1,0.39046259763286123,0
253,0.0049531362496576525,1,0.015362775880941409,0
254,0.30038231292926026,1,0.960269986828487,0
255,0.15757339246697719,1,0.5035067779637392,0
256,-0.12242363263341377,1,-0.39204189815145624,0
257,0.022003602324544767,1,0.06989736357892652,0
258,-0.013548895219487794,1,-0.04381453066970507,0
259,-0.07343173488562946,1,-0.2353451291316128,0
260,-0.16022214272857377,1,-0.5129374886053569,0
261,0.08981284026647735,1,0.2867799295472791,0
262,-0.17776016590194305,1,-0.5690314897075369,0
263,-0.2845588853922383,1,-0.9106188755593678,0
264,0.03548893372961841,1,0.11302914572003436,0
265,-0.17665639706606343,1,-0.5655011710573484,0
266,-0.27481576351680326,1,-0.8794562591221168,0
267,-0.13174457086702862,1,-0.4218541930937772,0
268,-0.06837077795568368,1,-0.21915805258369614,0
269,-0.15207167556240817,1,-0.4868688542055345,0
270,-0.2313459337109418,1,-0.7404213943065558,0
271,0.08029457702848745,1,0.25633650594789786,0
272,0.00044833056963704265,1,0.0009545057878852044,0
273,0.12634971275304782,1,0.40364027037770817,0
274,0.031241677202993357,1,0.09944462653388614,0
275,0.010602801732126743,1,0.03343279088022522,0
276,-0.08762821725988867,1,-0.28075147225687336,0
277,-0.12509230772242608,1,-0.4005774475634176,0
278,0.07463214837216361,1,0.23822566893114955,0
279,-0.2316153129692064,1,-0.7412829828824532,0
280,-0.10079742203802669,1,-0.322872148004492,0
281,-0.10874062163175569,1,-0.3482778532177251,0
282,0.0633337806715587,1,0.20208871985852428,0
283,0.03654820140514309,1,0.1164171308749753,0
284,-0.2094483025229935,1,-0.6703835265349438,0
285,0.03187661723990909,1,0.10147543278716165,0
286,0.07837756926867628,1,0.2502051059418231,0
287,0.35787838163846075,1,1.144166684287652,-1
288,-0.05546275169042417,1,-0.17787273596660477,0
289,0.15212690576400853,1,0.48608661446531004,0
290,0.11042251297124293,1,0.352698362428138,0
291,0.10668194432194189,1,0.34073444495223454,0
292,0.15224532483167003,1,0.486465368629691,0
293,0.11838946995213002,1,0.37818005379375885,0
294,0.08943935477602327,1,0.28558536529644657,0
295,0.012783405774814433,1,0.040407283065848364,0
296,0.12192922448778243,1,0.3895016829683534,0
297,-0.1510071349436139,1,-0.4834640039522497,0
298,-0.12450229545577135,1,-0.398690339283946,0
299,0.19237055193455432,1,0.6148027822073019,0
300,0.1277242316169571,1,0.40803656190411974,0
301,0.12175732913585434,1,0.3889518890739563,0
302,-0.02674883985041681,1,-0.08603352544218151,0
303,0.1714867783043786,1,0.5480076588659462,0
304,0.02320517101703807,1,0.07374048745296778,0
305,0.12082251516711845,1,0.3859619594066134,0
306,0.16382056334851297,1,0.5234878674428822,0
307,0.12038727432042194,1,0.384569875458898,0
308,-0.11096387654442358,1,-0.35538876088894933,0
309,0.0011318968119548162,1,0.003140839171696096,0
310,0.2192185506765807,1,0.7006740150218058,0
311,-0.04428664724464865,1,-0.14212683639159732,0
312,-0.018356377603836543,1,-0.05919088862639049,0
313,0.1995686041617687,1,0.6378251916074683,0
314,-0.01154534231106924,1,-0.037406322746718526,0
315,-0.056274488155922155,1,-0.18046901182621616,0
316,-0.19193736138240833,1,-0.6143761452052331,0
317,0.04918755906110848,1,0.15684313187154966,0
318,0.04103285911762786,1,0.13076095926317172,0
319,-0.22841804412011704,1,-0.7310567675004873,0
320,-0.11207101919860964,1,-0.3589298704342079,0
321,-0.029618843172059095,1,-0.09521300752496945,0
322,-0.054744582982985006,1,-0.17557572929325208,0
323,0.06571153643248287,1,0.2096937864589906,0
324,0.000548016832463305,1,0.001273344535078758,0
325,0.020983518016585892,1,0.06663470337319428,0
326,-0.006701222685082886,1,-0.021912783426290734,0
327,0.15695544696477692,1,0.5015303274060651,0
328,0.012429815872636571,1,0.039276353304471254,0
329,0.28772727954718186,1,0.9197938482429057,0
330,-0.032006937974877026,1,-0.1028511427456361,0
331,-0.01705145603775715,1,-0.055017198636228754,0
332,0.10483169129017125,1,0.3348165547443432,0
333,0.13900611956903097,1,0.4441208017846585,0
334,-0.11595916628243427,1,-0.3713658060382089,0
335,0.01025049373972084,1,0.03230596120740714,0
336,-0.2529172617890806,1,-0.8094156069968418,0
337,0.029361878313879562,1,0.09343223620257786,0
338,0.2713811181713732,1,0.8675119242673843,0
339,-0.2046348285628974,1,-0.6549880049899078,0
340,-0.26482867497725915,1,-0.8475133343120149,0
341,-0.2514312625519608,1,-0.8046627541798032,0
342,-0.1385313037674406,1,-0.443561029664388,0
343,-0.22296144667642903,1,-0.7136042655853819,0
344,-0.39809072194089423,1,-1.273741611887089,1
345,0.1149753495816333,1,0.3672602557109042,0
346,-0.021536638203132563,1,-0.06936270444614683,0
347,0.014084037665349533,1,0.04456725286289992,0
348,0.06328017599636632,1,0.20191726948013217,0
349,0.039030854246909163,1,0.12435770261819319,0
350,0.08798385164770786,1,0.28093005190810955,0
351,-0.039005546955693186,1,-0.12523564845661866,0
352,-0.20692401744085487,1,-0.6623097973135849,0
353,-0.10375823722235811,1,-0.3323420847568524,0
354,-0.2835761951360316,1,-0.9074758173155824,0
355,-0.007554420559233499,1,-0.024641670372092837,0
356,-0.16346502990174933,1,-0.5233096106437501,0
357,-0.291919959040573,1,-0.9341626962774237,0
358,0.06936354329602923,1,0.22137444596114036,0
359,-0.18174943540591776,1,-0.581790857496071,0
360,0.2950229353549223,1,0.9431284350931463,0
361,0.03998545605700854,1,0.12741092215488345,0
362,-0.01616572569543412,1,-0.05218425912489627,0
363,-0.0017586265910671528,1,-0.006104274793097595,0
364,0.12882625174853976,1,0.4115612874598191,0
365,-0.08831176759601089,1,-0.2829377547659567,0
366,-0.21939544846021525,1,-0.702198698042604,0
367,0.22860051998817305,1,0.7306815131133925,0
368,0.3289064852369083,1,1.051502330237268,-1
369,0.3326459173912386,1,1.063462612722528,-1
370,0.13859158817979442,1,0.4427949554235913,0
371,-0.050513514109498024,1,-0.162042985054827,0
372,0.03639295221869027,1,0.11592057844429882,0
373,-0.040420370633066985,1,-0.12976085178959781,0
374,-0.06617664905737711,1,-0.21214030220081254,0
375,-0.0008267386877449656,1,-0.003123703918072306,0
376,0.6215177987596285,2,1.9873968253578682,0
377,0.1876800404147257,1,0.5998005464500488,0
378,-0.02738933765527804,1,-0.08808210778334212,0
379,-0.10308911385626104,1,-0.3302019457876933,0
380,-0.009418298248996732,1,-0.030603137987363513,0
381,0.05785521117896773,1,0.1845659420563822,0
382,0.11585773496974339,1,0.37008249664672144,0
383,0.4154853242378352,2,1.3284180032486896,0
384,0.11694076137731074,1,0.3735464722555587,0
385,-0.1959632471168089,1,-0.6272526271547852,0
386,-0.2218514704534435,1,-0.710054093091022,0
387,0.07114828059555844,1,0.22708278920240776,0
388,-0.11647036501415126,1,-0.37300083536488393,0
389,-0.21320080419822138,1,-0.6823856108648236,0
390,-0.19787921373057782,1,-0.6333806971363376,0
391,-0.0918942301725646,1,-0.2943959822828905,0
392,-0.2589412622439182,1,-0.8286829032486963,0
393,0.02901201286921362,1,0.09231321882845862,0
394,0.11252797312358065,1,0.3594325127333539,0
395,-0.1755682298728739,1,-0.562020753046109,0
396,-0.3538539289671313,1,-1.1322536751169348,1
397,0.21717844382261617,1,0.6941488921511382,0
398,0.009106884916098679,1,0.028648217459518115,0
399,0.4378687217488877,2,1.400009556768932,0
400,0.22058888950738964,1,0.7050569370379243,0
401,-0.06008078425616094,1,-0.19264315343450325,0
402,0.3931623457607436,1,1.2570196953025976,-1
403,-0.4326856570571621,1,-1.3843908172940271,1
404,0.06690170222852287,1,0.21350043905688537,0
405,-0.25668010951348685,1,-0.821450782359176,0
406,0.014737083909996174,1,0.04665597041132963,0
407,-0.5052272238469697,1,-1.6164093684862826,1
408,-0.13992550641522844,1,-0.44802027824038637,0
409,0.37241646983647253,1,1.1906656270328733,-1
410,0.25528701494608663,1,0.8160361886537684,0
411,0.11718712247527174,1,0.3743344390385849,0
412,-0.40508140284308397,1,-1.2961007602560946,1
413,-0.09708540101792207,1,-0.310999537897029,0
414,0.33129457868401624,1,1.0591404611218016,-1
415,-0.1142768982370378,1,-0.3659852027250646,0
416,0.04834388331692874,1,0.1541447007167909,0
417,-0.10958124556213454,1,-0.35096652338374423,0
418,-0.3892648245799397,1,-1.2455126666177687,1
419,0.20696623030823236,1,0.6614859226437547,0
420,0.15964934024249672,1,0.5101465352303896,0
421,-0.22955136067687223,1,-0.734681592234456,0
422,-0.01955894646776568,1,-0.063037211470867,0
423,-0.017777756555896695,1,-0.057340214272728604,0
424,0.031389147929621025,1,0.09991630016666778,0
425,0.02409630912916877,1,0.07659072329482469,0
426,-0.015201059491828393,1,-0.04909884940948078,0
427,0.016021325205003045,1,0.050763516165230074,0
428,0.0352667204422511,1,0.11231841382834498,0
429,-0.005962408732162305,1,-0.01954974454330177,0
430,0.5679007405995208,2,1.8159068410079993,0
431,-0.011491669575584007,1,-0.03723465468278089,0
432,0.24640448077989374,1,0.7876260949742733,0
433,-0.3128717730839008,1,-1.0011754415806515,1
434,-0.06424192321975886,1,-0.20595223230291393,0
435,-0.5120311070887507,1,-1.6381710590879404,1
436,-0.04767589264384353,1,-0.15296707381622793,0
437,0.2685202238395801,1,0.8583615765791394,0
438,-0.03294697521947143,1,-0.10585777865397711,0
439,-0.3019305223953945,1,-0.9661807034557619,0
440,-0.01440651029258988,1,-0.04655754568230256,0
441,-0.08302699217004084,1,-0.26603481219148933,0
442,-0.026143512271542976,1,-0.08409743232947037,0
443,0.3854111273950519,1,1.2322280270940296,-1
444,0.06059888709218664,1,0.19334137576283447,0
445,0.21017032166800764,1,0.6717339592947515,0
446,0.08538021774484994,1,0.27260253166407467,0
447,-0.20504296743084305,1,-0.6562934053695327,0
448,-0.0879711167057819,1,-0.28184820942649225,0
449,0.3643822796905617,1,1.1649688956256432,-1
450,-0.08031742148800258,1,-0.2573684614105484,0
451,0.21998006916152596,1,0.703109672582044,0
452,-0.10272785690892641,1,-0.3290464935795602,0
453,-0.3437572247607311,1,-1.099960153134241,1
454,0.04499459727112218,1,0.14343227017158158,0
455,-0.42444500743213065,1,-1.3580337413237376,1
456,-0.21764560281683204,1,-0.6966019530458459,0
457,-0.0209599110865466,1,-0.06751808768440405,0
458,-0.02251450130660613,1,-0.0724903234178972,0
459,0.6137388692149204,2,1.9625165251016101,0
460,-0.06551159683486385,1,-0.2100131844673092,0
461,-0.19866828468465425,1,-0.6359044791230596,0
462,0.08018985188666682,1,0.25600155073871367,0
463,0.29998584960660357,1,0.9590019297710731,0
464,0.03358074457622512,1,0.10692595133971539,0
465,-0.1424586687036153,1,-0.4561224005144941,0
466,0.08123882484778885,1,0.259356609051482,0
467,0.3076173350549345,1,0.9834106415693314,0
468,0.02823057442536353,1,0.08981384883120756,0
469,0.1669746260867053,1,0.5335758914444217,0
470,0.21219976084376146,1,0.6782249624275564,0
471,0.20038402439703343,1,0.6404332497177537,0
472,0.04109097484750257,1,0.13094683789860403,0
473,-0.13640657115899957,1,-0.4367652379094366,0
474,-0.2580800905017458,1,-0.8259285125071024,0
475,-0.04168534118877974,1,-0.13380676158484328,0
476,-0.21367988915975006,1,-0.6839179267988585,0
477,0.11019828931600051,1,0.3519812005313855,0
478,-0.2537747052111299,1,-0.8121580729969167,0
479,0.11648604231172088,1,0.37209208874185057,0
480,0.12159858000579982,1,0.3884441423462766,0
481,-0.3176230799804407,1,-1.016372126615029,1
482,0.2604049298401286,1,0.8324054408134518,0
483,0.06308353697151647,1,0.20128833487515296,0
484,0.014094274651473681,1,0.044599995065670126,0
485,-0.27060163943113213,1,-0.8659777114677093,0
486,0.014150672226272074,1,0.04478037831591609,0
487,-0.21935021972022045,1,-0.7020540374405487,0
488,-0.020844368415633863,1,-0.06714853345098455,0
489,-0.23424714492985788,1,-0.7497006924180243,0
490,-0.4414720446767558,1,-1.4124933937329762,1
491,0.07267322128655576,1,0.2319601932265655,0
492,-0.4727957724592076,1,-1.5126798972735396,1
493,0.07155402569447339,1,0.22838053329823604,0
494,-0.32412682606501964,1,-1.0371738518967377,1
495,-0.10540317272174927,1,-0.3376032828293908,0
496,-0.3496276454137531,1,-1.1187362363521542,1
497,0.2521838884269759,1,0.8061110801815939,0
498,0.19350683560096638,1,0.6184370970104031,0
499,-0.3948324311681917,1,-1.2633202226353786,1
500,0.07650194916692683,1,0.2442060811364184,0
501,-0.1576176859441844,1,-0.504607336438837,0
502,-0.02984939248306366,1,-0.09595040153897864,0
503,-0.1683852439195676,1,-0.5390465319495417,0
504,-0.16512478216039334,1,-0.5286181989666972,0
505,0.37112095798421085,1,1.186522033279445,-1
506,-0.03858338852772428,1,-0.12388540760622792,0
507,-0.641926745337147,0,-2.0536321405932925,0
508,-0.06054992508284435,1,-0.1941436638277736,0
509,0.11689887169664781,1,0.3734124913747007,0
510,-0.22566946585881953,1,-0.7222656540155442,0
511,0.037670169678119036,1,0.12000565900718171,0
512,0.20904894619251574,1,0.6681473271791255,0
513,0.15333161983357538,1,0.48993979858293096,0
514,-0.09847245613152915,1,-0.315435925641664,0
515,-0.16467007860028843,1,-0.5271638650460749,0
516,0.2454994611190749,1,0.7847314600801563,0
517,-0.014675703046816535,1,-0.047418537739561194,0
518,0.0431236799421858,1,0.13744828681872556,0
519,0.15435822753828077,1,0.49322332336505653,0
520,0.31061786310274436,1,0.9930075968223352,0
521,0.18231084322740576,1,0.5826275874474244,0
522,-0.14582879115814257,1,-0.46690147469007104,0
523,-0.2767903142487191,1,-0.8857717058425078,0
524,-0.2534299510975167,1,-0.8110554038170535,0
525,-0.023740242598503908,1,-0.0764107614683558,0
526,0.22233600803197137,1,0.7106449595576083,0
527,-0.03925179174063742,1,-0.12602324322152023,0
528,-0.2228179141273671,1,-0.7131451879068039,0
529,-0.05613938027347609,1,-0.1800368797876207,0
530,-0.14084193322840582,1,-0.45095139802283124,0
531,-0.13009170516723062,1,-0.41656763089291243,0
532,-0.48406213884638427,1,-1.5487144926377125,1
533,-0.21707380609532523,1,-0.6947731057687406,0
534,-0.08639744453214415,1,-0.2768149415507521,0
535,0.05815515514524988,1,0.18552528947022134,0
536,0.3810538040147745,1,1.2182914676494638,-1
537,0.08810106315702271,1,0.28130494379117416,0
538,-0.09715088617905461,1,-0.3112089870843424,0
539,-0.16499635802300655,1,-0.5282074443660841,0
540,0.31984100906603574,1,1.0225071108049617,-1
541,-0.0243690011022871,1,-0.07842179656937989,0
542,-0.12406170018789257,1,-0.39728112963712925,0
543,-0.008008086053979735,1,-0.026092684121519168,0
544,-0.1373160536952058,1,-0.43967414696287155,0
545,-0.2879165888550345,1,-0.921358228557195,0
546,0.1341216631902002,1,0.4284982485020443,0
547,-0.4212802974820469,1,-1.3479116630442631,1
548,0.013050022536329448,1,0.04126003601106014,0
549,0.0075159758727228465,1,0.023559818798482023,0
550,-0.10472049419022059,1,-0.33541978871939593,0
551,0.02809579581553428,1,0.08938276994543028,0
552,-0.059082470357573524,1,-0.18945012418747176,0
553,0.10232959410907093,1,0.32681379179626346,0
554,0.1512708048213134,1,0.48334844228088514,0
555,0.13026256663979544,1,0.4161552287664719,0
556,0.39642882045159833,1,1.2674672601790813,-1
557,-0.13530131014264776,1,-0.43323014663623216,0
558,-0.040203804758610476,1,-0.1290681827082327,0
559,0.2844624594512553,1,0.9093515754594251,0
560,0.007844922623664291,1,0.024611929360058106,0
561,0.0726946824524155,1,0.23202883509398067,0
562,0.04342738186830415,1,0.13841965377439736,0
563,-0.19015653955167613,1,-0.6086803252859413,0
564,0.227415191158041,1,0.7268903311742082,0
565,0.029465317959061044,1,0.09376307985088765,0
566,0.26224784790654004,1,0.8382998707059545,0
567,-0.14798524097349525,1,-0.47379871146091007,0
568,-0.2997362123277655,1,-0.9591623736169116,0
569,-0.28559489279731215,1,-0.9139324645509893,0
570,-0.4306434453462333,1,-1.3778589622023043,1
571,0.32644826667775173,1,1.0436399096438165,-1
572,0.4999060634992172,2,1.5984311623352545,0
573,-0.3071972042657475,1,-0.9830257752018758,0
574,-0.036454652400749486,1,-0.11707681090907608,0
575,-0.3738730864226749,1,-1.1962833909677577,1
576,-0.2874362443806139,1,-0.9198218841692772,0
577,-0.22854191935928247,1,-0.7314529728044482,0
578,-0.712471041611029,0,-2.2792625776056212,0
579,0.06444078654827626,1,0.20562939193170324,0
580,-0.3355527768523399,1,-1.0737188655349121,1
581,-0.5729914754450167,0,-1.8331480491376553,0
582,0.16594731317923994,1,0.530290111126196,0
583,0.5098904378251712,2,1.6303654059445953,0
584,-0.4378880959712563,1,-1.4010304129483622,1
585,-0.11100366997140787,1,-0.3555160370656912,0
586,-0.018539328581361036,1,-0.059776043078146886,0
587,0.7457072492548396,0,2.38460710978351,0
588,0.16475089016514996,1,0.5264634453037363,0
589,-0.2897670163144904,1,-0.9272766766584517,0
590,0.017624271622102228,1,0.05589041542854216,0
591,-0.16169528158474955,1,-0.5176492084956273,0
592,-0.3251916121833437,1,-1.0405794873611467,1
593,-0.4274667778679646,1,-1.3676986387002896,1
594,-0.30136904680673116,1,-0.9643848675181546,0
595,0.012656887940535905,1,0.0400026256272471,0
596,0.3178773168556718,1,1.0162263942199956,-1
597,0.18059850663802757,1,0.5771508122383613,0
598,-0.02951795201297558,1,-0.09489031501094515,0
599,-0.049473243664351574,1,-0.1587157610615769,0
600,0.2542342390905409,1,0.8126689670793892,0
601,0.33767529053037776,1,1.079548670975577,-1
602,-0.14192899193645175,1,-0.45442827063067764,0
603,-0.06535729890250752,1,-0.2095196745487682,0
604,-0.33049941804582195,1,-1.0575560909929695,1
605,-0.08876482208879155,1,-0.2843868142731864,0
606,-0.019219882136950195,1,-0.06195274061811124,0
607,-0.17993842749118055,1,-0.5759984897382509,0
608,0.354372575382786,1,1.1329536360423706,-1
609,-0.20661219485856686,1,-0.6613124570716636,0
610,-0.33891625912726964,1,-1.0844767016132428,1
611,0.005642360823437276,1,0.01756720699721165,0
612,-0.17605220483868161,1,-0.5635687092779532,0
613,-0.07970118652224778,1,-0.2553974818704632,0
614,0.19337889860899643,1,0.6180279005064625,0
615,-0.23437389377124784,1,-0.7501060887148786,0
616,0.18295969817987157,1,0.5847028994742689,0
617,0.6441644697520081,2,2.0598304386020456,0
618,0.059324954258366064,1,0.18926680081912342,0
619,-0.24539629267326502,1,-0.7853603730801352,0
620,0.23689825422067445,1,0.7572211697544158,0
621,0.34283116909649414,1,1.0960393469834409,-1
622,0.7353125386518475,0,2.351360437552716,0
623,-0.39582356482898584,1,-1.2664902864510892,1
624,-0.14025969698014917,1,-0.4490891607325401,0
625,-0.06737123640684244,1,-0.21596109679294814,0
626,-0.052483159316644934,1,-0.16834274183633072,0
627,0.523567760068542,2,1.674111255828036,0
628,-0.3247959068433348,1,-1.0393138546521936,1
629,-0.04684445702036544,1,-0.15030779173416348,0
630,0.0932435241487452,1,0.29775270473241955,0
631,-0.11491676900108694,1,-0.36803177952502725,0
632,0.43019336510660355,2,1.3754605263738946,0
633,-0.15614161942679666,1,-0.4998862526522125,0
634,0.04068681281965501,1,0.1296541571322811,0
635,-0.043693914836726966,1,-0.14023102795215225,0
636,-0.6000722479630419,0,-1.9197637907441913,0
637,-0.09843919625132488,1,-0.3153295465054071,0
638,0.12015789928471249,1,0.3838362372729572,0
639,0.05942801881456383,1,0.18959644477453408,0
640,-0.30912876993218963,1,-0.98920373753841,0
641,-0.3224107244043984,1,-1.031685034400561,1
642,0.5307177757359081,2,1.6969800240330437,0
643,0.3657980131897533,1,1.1694970089528416,-1
644,-0.194086238553815,1,-0.6212491614642359,0
645,0.41189776108337883,1,1.3169434619306128,-1
646,0.004755866378702178,1,0.014731823563829294,0
647,-0.4712421147089535,1,-1.5077106439720898,1
648,-0.0032473488782442106,1,-0.010865837073648904,0
649,-0.15806759033200946,1,-0.5060463205807245,0
650,-0.035730452975863525,1,-0.11476051545569592,0
651,0.27466456617499185,1,0.8780137769627101,0
652,-0.5123693061812895,1,-1.6392527625434608,1
653,-0.29742396920106634,1,-0.9517668440743051,0
654,0.06889856996042007,1,0.21988726496346958,0
655,0.17552268244988134,1,0.5609161839230853,0
656,0.0713194237037747,1,0.22763017710388406,0
657,0.1625648763514145,1,0.5194716503867781,0
658,-0.09231375966753619,1,-0.2957378146958541,0
659,-0.007402935556993999,1,-0.024157157391434377,0
660,0.2497180413387571,1,0.7982242603321147,0
661,-0.24218993028813854,1,-0.7751050727314402,0
662,0.11609362852876187,1,0.3708369838217454,0
663,0.3595036574292985,1,1.149365002313656,-1
664,-0.30045007538170676,1,-0.9614456089929141,0
665,-0.17170872718959346,1,-0.549676434326167,0
666,-0.40455560039044536,1,-1.2944190220655198,1
667,0.09299490028723387,1,0.2969575006764218,0
668,0.16608640852968268,1,0.5307349967705991,0
669,-0.15764073398909195,1,-0.5046810538152863,0
670,-0.20197619482610984,1,-0.6464845720609272,0
671,0.018156172623736033,1,0.057591659353068536,0
672,-0.07887839925303566,1,-0.2527658608759074,0
673,-0.0740062039122592,1,-0.23718252356851083,0
674,-0.03133541562232511,1,-0.10070333080515563,0
675,-0.05308268157226001,1,-0.17026026707476913,0
676,-0.16727331589117175,1,-0.5354901167576008,0
677,-0.09245661093432807,1,-0.2961947133461557,0
678,0.16269974263556997,1,0.5199030096920589,0
679,0.2412136917852581,1,0.7710237606799265,0
680,0.029447880795868908,1,0.09370730844257956,0
681,-0.26044797148600585,1,-0.8335019954035444,0
682,-0.5003187260889875,1,-1.60070992072501,1
683,-0.056967763267806656,1,-0.1826863982731228,0
684,-0.18775884992628394,1,-0.6010115017726014,0
685,0.04860271258446183,1,0.15497254596906107,0
686,-0.028685738194420773,1,-0.09222854393254062,0
687,0.034011496779952355,1,0.10830367871250915,0
688,0.373693246726837,1,1.1947492984699195,-1
689,-0.02896373270255312,1,-0.09311768771410742,0
690,0.11560028947775985,1,0.3692590772927658,0
691,0.25308229351178047,1,0.8089845588695314,0
692,0.02962663553474204,1,0.09427904155185012,0
693,0.08486172287915698,1,0.2709441662211655,0
694,-0.3262793466584952,1,-1.0440585213574456,1
695,-0.0853335799258014,1,-0.2734122534706396,0
696,-0.08533299074759026,1,-0.27341036903002175,0
697,-0.0796742236078894,1,-0.2553112430890004,0
698,-0.18836197301654428,1,-0.6029405440001875,0
699,0.10680775231226461,1,0.34113683201023215,0
700,-0.06027924399864004,1,-0.19327791146300588,0
701,0.006491376778183067,1,0.020282718399522653,0
702,-0.03168750315913266,1,-0.10182945536791341,0
703,-0.19116702877610248,1,-0.6119122963643455,0
704,-0.11560513998068953,1,-0.37023348048680776,0
705,-0.48743456221641823,1,-1.5595009261123218,1
706,-0.24056004630620054,1,-0.7698920157651292,0
707,0.02960877144928359,1,0.09422190466592574,0
708,-0.3236433649520923,1,-1.0356275391833079,1
709,0.2493133660727434,1,0.7969299380134929,0
710,0.022924545683445707,1,0.07284292918107929,0
711,-0.015193866445146087,1,-0.04907584300992613,0
712,-0.2759762364647696,1,-0.883167941458192,0
713,0.06859444455604902,1,0.2189145435455908,0
714,-0.10503059385107003,1,-0.3364116183312924,0
715,-0.1305707170801044,1,-0.41809971318651434,0
716,-0.523815063520077,1,-1.6758611258937919,1
717,-0.3388877493116198,1,-1.0843855151884858,1
718,0.06221059743253843,1,0.19849630575205743,0
719,-0.19518085801331952,1,-0.6247502165467238,0
720,-0.42052920154699985,1,-1.3455093411980732,1
721,-0.37487174068807516,1,-1.1994775088515293,1
722,-0.18199245967654804,1,-0.5825681516967818,0
723,0.2081460638547311,1,0.6652595283462597,0
724,-0.5054716031975122,1,-1.6171909968045468,1
725,-0.3077286449226381,1,-0.9847255467495968,0
726,-0.031089048903023303,1,-0.09991534604270869,0
727,0.11924621596605334,1,0.38092028918826315,0
728,0.26701863234619394,1,0.8535588531448971,0
729,-0.16510237543585077,1,-0.5285465328034836,0
730,-0.2383219035521127,1,-0.7627334904927213,0
731,0.3155044708008377,1,1.0086370309320467,-1
732,0.3046090721686856,1,0.9737889470380386,0
733,-0.7847728615572396,0,-2.510514317192256,0
734,-0.13748295446050618,1,-0.44020796606096296,0
735,-0.1009736045663766,1,-0.3234356540987508,0
736,0.2765279604801717,1,0.8839736985100412,0
737,0.09487674272062935,1,0.3029764271249456,0
738,-0.35808881043712915,1,-1.145798613648341,1
739,0.23862236443579024,1,0.7627356019883655,0
740,-0.42741349612108925,1,-1.367528221182967,1
741,0.0676558824871975,1,0.21591262587196358,0
742,0.5366301037897395,2,1.7158901448083237,0
743,-0.23882559543830909,1,-0.7643445097586989,0
744,0.19869888966856925,1,0.6350434775421003,0
745,0.1636683641645813,1,0.5230010702077083,0
746,-0.038792387042442616,1,-0.12455387307688406,0
747,0.14911789809599346,1,0.4764625378075484,0
748,0.9394235267879933,0,3.0041935351199176,0
749,-0.05067957284486241,1,-0.16257411098575292,0
750,0.0985072540968252,1,0.3145883349850653,0
751,-0.0880073481587933,1,-0.28196409290692015,0
752,-0.6505918805592761,0,-2.0813469006831706,0
753,-0.47012748966319695,1,-1.5041456025801885,1
754,-0.07158520239652755,1,-0.22943913878965824,0
755,-0.12972457521132535,1,-0.4153933943243085,0
756,-0.18024086087679697,1,-0.5769657993659325,0
757,-0.23519053912981408,1,-0.7527180652866203,0
758,-0.04797994335973943,1,-0.15393955634883635,0
759,0.2927979081271503,1,0.9360118588101053,0
760,-0.09751848740048506,1,-0.31238473095902225,0
761,0.10465383132135472,1,0.33424768348740597,0
762,-0.34629259579008365,1,-1.108069339894291,1
763,-0.1671260513728274,1,-0.535019102665952,0
764,0.5986928552709005,2,1.9143930214195743,0
765,0.11798387369562735,1,0.3768827857587931,0
766,0.21764856457240273,1,0.6956525367521287,0
767,0.22930014994915976,1,0.7329192250501801,0
768,-0.2309041151707051,1,-0.7390082721183817,0
769,-0.5590370562084808,0,-1.788515926104364,0
770,0.025134827439486307,1,0.07991234322129641,0
771,0.4453877205886509,2,1.4240584889111478,0
772,0.07761995840848102,1,0.247781946614987,0
773,-0.478198331707973,1,-1.529959562231162,1
774,-0.41493205852460074,1,-1.327607315196405,1
775,0.41178556185095827,1,1.3165846014247937,-1
776,-0.44657424792243383,1,-1.428812393409131,1
777,-0.2878075929604214,1,-0.9210096136778484,0
778,-0.25029089981957475,1,-0.8010153928018983,0
779,-0.26027705369968285,1,-0.8329553281765936,0
780,-0.02899618659550318,1,-0.09322148896290923,0
781,-0.006833249984931511,1,-0.022335062461391577,0
782,0.09110450863720043,1,0.2909112302243709,0
783,-0.664843262707344,0,-2.126928836458873,0
784,0.11348755551744227,1,0.3625016622792754,0
785,-0.009538012874037105,1,-0.03098603589111122,0
786,0.13202214316356348,1,0.42178309722621304,0
787,-0.09074057728176177,1,-0.2907061133684457,0
788,-0.20032608294693133,1,-0.6412068177408217,0
789,-0.004150526826588674,1,-0.013754581393865588,0
790,-0.4602972868165479,1,-1.4727044644391531,1
791,-0.07903566939053772,1,-0.25326887716110513,0
792,0.1916059600405005,1,0.6123572945874145,0
793,0.22117376731078153,1,0.7069276231365675,0
794,0.1398824639944677,1,0.4469237211718891,0
795,-0.45072390413741575,1,-1.4420847456004726,1
796,0.03132968508015921,1,0.09972611287416182,0
797,0.5420031564196486,2,1.7330754351437732,0
798,0.005043409643019275,1,0.015651508298310635,0
799,0.7708559531677559,0,2.4650432804433597,0
800,1.0027151876261207,0,3.2066269825909917,0
801,0.20175831431622349,1,0.6448288089823132,0
802,-0.3176885622802958,1,-1.0165815666507692,1
803,0.41352631120978395,1,1.3221522526638945,-1
804,0.12167927354175218,1,0.38870223433588713,0
805,-0.6995694113534436,0,-2.2379977181208974,0
806,-0.05978075450757013,1,-0.19168353165263136,0
807,-0.10419926714246573,1,-0.33375268460496854,0
808,0.0722816940647773,1,0.23070792390334308,0
809,0.002659644616237859,1,0.008027221529055169,0
810,-0.327163992016571,1,-1.0468879906311714,1
811,0.11483481650384508,1,0.3668107716075695,0
812,-0.22745429778074672,1,-0.7279742998991815,0
813,0.30461617442377376,1,0.973811663047751,0
814,-0.10802939929455452,1,-0.3460030639685333,0
815,-0.22502958112521176,1,-0.7202190325350363,0
816,0.17135980070204826,1,0.547601530895042,0
817,-0.09960999253487351,1,-0.3190742472262688,0
818,-0.45963286876538345,1,-1.470579375053314,1
819,-0.010560762964418047,1,-0.0342572223942855,0
820,-0.05691458127152704,1,-0.18251629980031117,0
821,-0.0887781214075748,1,-0.2844293511084449,0
822,0.11898858100328508,1,0.38009626382676015,0
823,0.531596733731653,2,1.699791302721337,0
824,0.07719632866914908,1,0.2464269998898005,0
825,0.2627146240002472,1,0.8397928176849868,0
826,-0.06516196018550867,1,-0.2088948988771708,0
827,0.05421910959914411,1,0.17293615436537407,0
828,0.08280423026418605,1,0.2643634363480772,0
829,0.11848564354422939,1,0.37848765753723057,0
830,0.7697277155175001,0,2.461434700196239,0
831,-0.07697456790854865,1,-0.24667660460795007,0
832,-0.25029247389945297,1,-0.8010204273737854,0
833,0.5721112557844642,2,1.8293738458745226,0
834,0.25317539918165466,1,0.8092823501027231,0
835,0.04472496137976881,1,0.14256986077473863,0
836,-0.48527650249620147,1,-1.5525985401861686,1
837,-0.1850643981815171,1,-0.5923935077349253,0
838,0.6454327147578471,2,2.0638868214709767,0
839,0.8722420092178744,0,2.789318683868344,0
840,0.11504767290974666,1,0.3674915762426882,0
841,-0.4700107184945886,1,-1.503772119092576,1
842,0.17363995384457132,1,0.5548944231227159,0
843,0.1294147005290284,1,0.41344339505056676,0
844,-0.05347580500924622,1,-0.17151764176800607,0
845,0.012933628438444325,1,0.0408877585547862,0
846,-0.5206208784367025,1,-1.6656447736962736,1
847,-0.17847193335952433,1,-0.5713080224818057,0
848,0.22107685924859496,1,0.706617670247729,0
849,-0.44434071534309644,1,-1.421668613421581,1
850,-0.19073534519205662,1,-0.6105315900441469,0
851,-0.22346413233930007,1,-0.715212066524427,0
852,0.29055328855157947,1,0.9288326179286567,0
853,0.05804460504792125,1,0.1851717035945444,0
854,0.27610990633715926,1,0.8826365848954053,0
855,-0.41924531139697596,1,-1.3414029185540506,1
856,-0.0006216637932383029,1,-0.002467787841056641,0
857,-0.12070041569296303,1,-0.38653032298694645,0
858,0.12508950859662793,1,0.3996096055393512,0
859,-0.2568525465896994,1,-0.8220023089165027,0
860,0.00930864578026902,1,0.02929353386862933,0
861,0.05219411535561569,1,0.16645936800208125,0
862,0.14285243180866958,1,0.4564229318980017,0
863,-0.027714614711770086,1,-0.08912248111305038,0
864,0.22366649351485382,1,0.7149004137445185,0
865,0.3216537914355417,1,1.0283051540181491,-1
866,0.5260401826093125,2,1.6820191067503467,0
867,-0.3803428480538261,1,-1.2169764196221906,1
868,-0.039530185810194435,1,-0.1269136649691824,0
869,0.06737527201013957,1,0.2150151151175433,0
870,-0.01428112828721928,1,-0.046156521103994805,0
871,-0.2072357252167551,1,-0.663306770356217,0
872,-0.02176069710189732,1,-0.07007933938213824,0
873,0.4295576488702374,2,1.3734272375071341,0
874,-0.0934757614409397,1,-0.2994543868610116,0
875,-0.08915676757170794,1,-0.2856404213720806,0
876,-0.2125619214204676,1,-0.6803421940620735,0
877,0.1006296581071616,1,0.321376678900351,0
878,-0.07928874126912384,1,-0.2540783078532653,0
879,0.22050515421509836,1,0.7047891162275829,0
880,-0.2976175560346846,1,-0.952386016483362,0
881,-0.18436964499592473,1,-0.5901713937843895,0
882,0.3925157645789808,1,1.254951655754245,-1
883,-0.24990681282886168,1,-0.7997869204782269,0
884,-0.2522508802812624,1,-0.8072842376478273,0
885,-0.09866736691957549,1,-0.31605933261583774,0
886,-0.18065410546663774,1,-0.5782875299993597,0
887,0.174793899716486,1,0.5585852291144269,0
888,-0.3693224755426334,1,-1.1817286165101526,1
889,-0.08285684930740356,1,-0.26549062349758934,0
890,-0.26922231083352527,1,-0.8615660363826909,0
891,-0.38745558049135,1,-1.2397259403204988,1
892,-0.1774881142687067,1,-0.5681613537484409,0
893,0.010273924424356845,1,0.032380902427224474,0
894,-0.1747173202672786,1,-0.5592991849490503,0
895,-0.36825561927388584,1,-1.1783163598308557,1
896,-0.03777850130908467,1,-0.12131103852921254,0
897,-0.10019922171876573,1,-0.32095885087651804,0
898,-0.6204280987446439,0,-1.984870393973729,0
899,-0.20939253806128044,1,-0.6702051682475888,0
900,-0.14915135935149476,1,-0.47752845026523,0
901,0.2666183342380999,1,0.8522785308249491,0
902,0.41324480724693397,1,1.321251884164761,-1
903,-0.2777631632086679,1,-0.8888832874667405,0
904,-0.3652861421954572,1,-1.1688187186848908,1
905,-0.17215966501841157,1,-0.5511187238485772,0
906,0.2682144572775386,1,0.8573836060462798,0
907,0.24346732459748996,1,0.778231829696804,0
908,-0.42649718000512876,1,-1.3645974554569482,1
909,-0.5401978720236398,1,-1.7282602628530292,1
910,-0.23153293671345787,1,-0.7410195088446399,0
911,0.2836907472699042,1,0.9068833141552088,0
912,0.11433367696168543,1,0.3652079158151941,0
913,0.022251188808437017,1,0.07068924966340982,0
914,-0.029750972959251776,1,-0.09563561435785763,0
915,0.09108988255264716,1,0.2908644498321373,0
916,-0.09933751824034442,1,-0.3182027594179485,0
917,1.0710153558502082,0,3.4250797508287834,0
918,0.9560973788349693,0,3.0575235521836923,0
919,-1.4498905473222607,0,-4.637841429807481,0
920,0.35333671087376173,1,1.1296405040926338,-1
921,-0.9701128966507673,0,-3.1033099835020725,0
922,0.32245030753346526,1,1.030852748717572,-1
923,-0.017257476602028032,1,-0.05567613936432807,0
924,-0.2565015211068147,1,-0.8208795812504948,0
925,-0.3748284928588155,1,-1.199339184038169,1
926,0.6472717698518782,2,2.0697688959472034,0
927,1.699908870329434,0,5.436546673048296,0
928,-1.5323371897981826,0,-4.901540594086035,0
929,1.9590292469108066,0,6.2653230149352055,0
930,-2.6400831530544053,0,-8.444579776414395,0
931,0.3077738020534575,1,0.9839110890770603,0
932,1.415755978759399,0,4.527705781725933,0
933,1.3615943284604128,0,4.354473961837559,0
934,0.9074978135343801,0,2.9020816279378483,0
935,-0.6373680463312503,0,-2.039051496895115,0
936,0.5894702372197389,2,1.8848951959227762,0
937,-1.5146503923714243,0,-4.844970750122258,0
938,-0.672926243274689,0,-2.152781620228827,0
939,-0.9058491008680234,0,-2.8977672381291923,0
940,1.2803122988305966,0,4.094499721036826,0
941,0.6112243358661757,2,1.9544739860399598,0
942,-0.13183207526835372,1,-0.42213406910579143,0
943,0.16575277456887072,1,0.529667894533334,0
944,-0.9938277116062713,0,-3.179159972015714,0
945,0.49598304013081446,2,1.585883677651507,0
946,-0.2405981692597381,1,-0.7700139490626631,0
947,-1.0372938675500885,0,-3.3181830862696793,0
948,0.39023619043112046,1,1.2476606153959027,-1
949,-1.0355940264109869,0,-3.3127462767850684,0
950,0.1537055185454701,1,0.491135684490356,0
951,-0.2092023389659077,1,-0.6695968312554429,0
952,-0.12079357586033446,1,-0.3868282885261383,0
953,0.3896893889431421,1,1.2459117134263862,-1
954,0.5495711112263331,2,1.757280949133059,0
955,-0.10496346420445135,1,-0.33619690938523883,0
956,0.8867821679818175,0,2.8358242491574224,0
957,0.013337170626674277,1,0.042178456812370854,0
958,-0.08152435770259037,1,-0.26122875288593833,0
959,0.48185100322224983,2,1.5406834583286824,0
960,0.4911304528844156,2,1.5703630553067236,0
961,-0.1837908418844978,1,-0.588320137114845,0
962,-0.013527111355204902,1,-0.04374485667651809,0
963,-0.17836380644544275,1,-0.5709621869690054,0
964,-0.06760984170714468,1,-0.21672425726125358,0
965,0.42814898594491657,2,1.368921738859742,0
966,-0.4106916726626785,1,-1.31404477129616,1
967,0.1781727842377856,1,0.5693923280781071,0
968,-0.27757093255548115,1,-0.8882684526951624,0
969,0.07753391539236909,1,0.2475067447297514,0
970,-0.03137584706062779,1,-0.10083264761140533,0
971,0.052635402929889885,1,0.16787079193698073,0
972,-0.29156751481106985,1,-0.9330354308608614,0
973,0.2603477082979082,1,0.8322224221675846,0
974,0.3125620107872269,1,0.9992258017635717,0
975,0.0255304908112014,1,0.08117784169793088,0
976,0.04975077458308248,1,0.15864453285032973,0
977,-0.29215093612934023,1,-0.9349014585052876,0
978,0.5379667426569243,2,1.7201652801156446,0
979,-0.005319203632170755,1,-0.017492503129535153,0
980,-0.8462659136274615,0,-2.707195054610895,0
981,-0.18971935625537045,1,-0.6072820285644464,0
982,-0.24240309901887408,1,-0.7757868763132137,0
983,0.2802861638415419,1,0.8959940192389491,0
984,0.21750613024532472,1,0.6951969716510269,0
985,0.44949900614002125,2,1.4372081155235774,0
986,0.06816421219509405,1,0.21753847884941416,0
987,-0.2847767821635216,1,-0.9113158014105713,0
988,-0.09408536049204241,1,-0.3014041419449464,0
989,-0.21038418511299095,1,-0.673376874104158,0
990,0.33503979913996673,1,1.0711192570389492,-1
991,-0.045226024908224804,1,-0.1451313626814255,0
992,-0.128130939160208,1,-0.4102962735414149,0
993,0.04886870846637015,1,0.15582331307921043,0
994,-0.15583993828527665,1,-0.49892134901868174,0
995,-0.1558026476298455,1,-0.4988020777618144,0
996,0.5023626972363815,2,1.6062885139990037,0
997,-0.208609955539014,1,-0.6677021390046342,0
998,0.13007090581935263,1,0.4155422165605416,0
999,-0.009603251926351586,1,-0.031194697918539172,0
1000,-0.24229143689866856,1,-0.7754297337189793,0
1001,0.5837897714561102,2,1.8667266686232045,0
1002,-0.07235102251792913,1,-0.23188855479905215,0
1003,-0.08018410891179184,1,-0.25694207151911214,0
1004,-0.8200951665796756,0,-2.62348995859001,0
1005,0.3588035102072915,1,1.1471256359577837,-1
1006,0.17166975338127755,1,0.5485928903976747,0
1007,-0.17692486662854567,1,-0.5663598500421413,0
1008,-0.29855381203219455,1,-0.9553805583674206,0
1009,-0.007007072096495315,1,-0.0228910189464103,0
1010,-0.4363733051513826,1,-1.3961854724964309,1
1011,0.5133281202080978,2,1.641360565288987,0
1012,0.2340705893873487,1,0.7481771040288088,0
1013,0.25709483051080295,1,0.8218183459286954,0
1014,0.0013061700174370194,1,0.003698238445477597,0
1015,-0.20814590138196715,1,-0.666217897928001,0
1016,-0.10140440190055133,1,-0.3248135258177657,0
1017,0.24846097295580155,1,0.7942036250209413,0
1018,-0.22238444045857486,1,-0.7117587561399717,0
1019,0.14382804896622697,1,0.4595433673866735,0
1020,-0.1315728045070938,1,-0.4213048117702235,0
1021,0.4006936013455047,1,1.2811078296890246,-1
1022,-0.5306523508962673,1,-1.6977296570175455,1
1023,0.03531793860302823,1,0.11248223112626295,0
1024,-0.1497539469658099,1,-0.47945577981471305,0
1025,-0.26517279042078007,1,-0.8486139607553332,0
1026,0.4483510342376572,2,1.4335364168081681,0
1027,-0.03852328299693991,1,-0.12369316474756956,0
1028,0.3386247706539185,1,1.0825855091967322,-1
1029,-0.3472245953265402,1,-1.1110502678192014,1
1030,-0.20406844824391956,1,-0.6531764816544138,0
1031,0.5914936156268327,2,1.8913668141590887,0
1032,0.38755157164223253,1,1.239074071301727,-1
1033,-0.08868409651714476,1,-0.28412861981990245,0
1034,-0.23294070238698977,1,-0.7455221377020711,0
1035,0.02765299505526994,1,0.08796650620300175,0
1036,-0.08941030846857045,1,-0.28645135218266643,0
1037,-0.21943567209045037,1,-0.7023273501909356,0
1038,0.22884968652090207,1,0.7314784528610119,0
1039,-0.3906364072838826,1,-1.2498995670652222,1
1040,0.0952231659843881,1,0.30408443495154097,0
1041,-0.1541232982446067,1,-0.4934308095558531,0
1042,-0.11016727825722093,1,-0.3528409033135191,0
1043,-0.19059494793207257,1,-0.6100825403434801,0
1044,-0.4815999834827629,1,-1.5408394804818137,1
1045,0.16882543420993382,1,0.5394955570691057,0
1046,-0.1743284116434461,1,-0.5580552910073981,0
1047,0.24573180857834753,1,0.785474605331345,0
1048,-0.380182439046288,1,-1.2164633639056657,1
1049,0.0853019936176529,1,0.27235233788602836,0
1050,0.2687827433418011,1,0.8592012247596305,0
1051,0.23513900057634152,1,0.7515943339993991,0
1052,-0.24625350453384043,1,-0.7881020984488719,0
1053,0.27181372214348415,1,0.8688955743771211,0
1054,0.2867151960708017,1,0.9165567780738018,0
1055,-0.19135047861959342,1,-0.6124990464000395,0
1056,-0.04292498549949074,1,-0.13777166735808472,0
1057,0.3594904833987089,1,1.1493228662029262,-1
1058,0.5353809067904948,2,1.7118946855048558,0
1059,0.18198074625231053,1,0.5815717979834821,0
1060,-0.4002892972691998,1,-1.2807735838299967,1
1061,-0.2142451105001511,1,-0.6857257432316465,0
1062,0.3372169059529474,1,1.07808256360775,-1
1063,-0.06428257855685468,1,-0.20608226523201426,0
1064,-0.5075149370361078,1,-1.6237264409342107,1
1065,-0.08145702396698185,1,-0.26101339117714706,0
1066,0.07959709691011216,1,0.25410567011525387,0
1067,-0.30582533004561124,1,-0.9786379423625837,0
1068,-0.5473121788754116,0,-1.7510148191926802,0
1069,0.2510788749648772,1,0.8025767806913862,0
1070,0.3469186312469087,1,1.1091127763034927,-1
1071,0.13086349763642036,1,0.41807725975330495,0
1072,0.15873097041448492,1,0.5072092008663361,0
1073,0.029514646869660766,1,0.09392085452926484,0
1074,-0.1814289912005269,1,-0.5807659416641843,0
1075,-0.38681054712437635,1,-1.237662851337192,1
1076,0.038097916789959885,1,0.12137377482764025,0
1077,0.43309935797306076,2,1.384755118212586,0
1078,0.12905509140065205,1,0.41229321326302487,0
1079,-0.05188669806927326,1,-0.16643500699434016,0
1080,0.49024213651352433,2,1.5675218445844388,0
1081,0.05554713030774028,1,0.17718372516370826,0
1082,-0.3019945195158748,1,-0.9663853932609511,0
1083,0.309192880869509,1,0.988449902139672,0
1084,-0.12122035356585853,1,-0.38819330377599864,0
1085,0.12512042831953019,1,0.39970849986475,0
1086,-0.03571410167745581,1,-0.11470821710132396,0
1087,0.5437303756688914,2,1.7385998113812187,0
1088,0.3019110375824518,1,0.9651594935609942,0
1089,0.2880596322747994,1,0.9208568525555924,0
1090,0.03840794062609243,1,0.12236536192008564,0
1091,-0.4216045984824506,1,-1.3489489145345968,1
1092,-0.6046300116644633,0,-1.9343414429438541,0
1093,0.2942028544543148,1,0.9405054702077763,0
1094,-0.05441539306018265,1,-0.17452284096541926,0
1095,-0.1547724267169721,1,-0.4955069964147924,0
1096,-0.16935420783912358,1,-0.5421456875746795,0
1097,-0.39571004876730687,1,-1.2661272141694535,1
1098,0.13040836856823457,1,0.4166215648782284,0
1099,0.03926436470138117,1,0.1251045676189427,0
1100,0.13770351086981636,1,0.43995450931901703,0
1101,0.1403653536221286,1,0.4484682060342066,0
1102,0.31968091812857746,1,1.021995072410813,-1
1103,0.05485900448691071,1,0.17498280832316807,0
1104,0.19416565595422236,1,0.6205442825954807,0
1105,0.5086923477006671,2,1.6265334079993257,0
1106,0.11004268506641235,1,0.3514835124589261,0
1107,-0.2974982807687322,1,-0.9520045238354359,0
1108,0.11323064222238109,1,0.3616799451157236,0
1109,-0.10699944821023749,1,-0.34270884564713217,0
1110,-0.3885894940333381,1,-1.2433526744652366,1
1111,0.26474427846713966,1,0.8462845094097297,0
1112,0.022610825989617698,1,0.07183952117566136,0
1113,0.427970100963321,2,1.3683495891792683,0
1114,-0.036383007016874025,1,-0.11684765872913264,0
1115,0.19238735849362176,1,0.6148565366774342,0
1116,0.28722904729067267,1,0.9182002911772378,0
1117,0.11176862972655194,1,0.3570038120224015,0
1118,-0.1214452613465381,1,-0.3889126537946761,0
1119,-0.19026198229231644,1,-0.6090175756790572,0
1120,-0.04386363354541489,1,-0.14077386002268213,0
1121,-0.2979900139892034,1,-0.9535772942405392,0
1122,-0.20695535505621904,1,-0.6624100282354739,0
1123,0.1301976203316807,1,0.41594750305856526,0
1124,0.2257014022946589,1,0.7214089109798596,0
1125,-0.00995163392211642,1,-0.032308970596892465,0
1126,0.17207210844166154,1,0.5498797917193081,0
1127,-0.18836975689696087,1,-0.6029654401354219,0
1128,-0.4352239479307096,1,-1.3925093429483113,1
1129,-0.031984515800005775,1,-0.10277942716574959,0
1130,0.29825682249854746,1,0.9534717712380253,0
1131,-0.39837621691182135,1,-1.274654745314702,1
1132,0.6789429846815443,2,2.1710668097428876,0
1133,0.6611961927027735,2,2.1143050778774093,0
1134,0.49930334184658,2,1.5965034040746384,0
1135,0.48611769432167484,2,1.5543301374821932,0
1136,-0.3878382022204966,1,-1.2409497261191775,1
1137,0.7365601759411093,0,2.3553509082452875,0
1138,0.5514889363803537,2,1.7634149635108467,0
1139,-0.4106362322340487,1,-1.3138674494033833,1
1140,0.5371185661563478,2,1.7174524536421096,0
1141,-0.4636772478727277,1,-1.4835150066157974,1
1142,0.3091948530969227,1,0.9884562101554399,0
1143,-0.3080164219782216,1,-0.9856459792472341,0
1144,0.03467856277686443,1,0.11043723734657636,0
1145,0.11633363563104049,1,0.37160462784448745,0
1146,-0.4550187928912261,1,-1.4558216127552497,1
1147,-0.624155078024115,0,-1.996790846908693,0
1148,0.17844070808951473,1,0.5702492616495609,0
1149,0.014856787772021485,1,0.047038833890411975,0
1150,0.29080515859018075,1,0.9296382046292353,0
1151,-0.04821996708024978,1,-0.15470725352369818,0
1152,-0.33041577566489677,1,-1.057288567352396,1
1153,0.22702618779447525,1,0.7256461342148985,0
1154,-0.3053744011450813,1,-0.9771956813966078,0
1155,-0.04477377030759361,1,-0.1436848615669331,0
1156,0.41963044763039054,2,1.3416758575605565,0
1157,-0.12888859201994823,1,-0.4127195672005242,0
1158,0.08311632446493059,1,0.2653616453404755,0
1159,0.21211299102219247,1,0.6779474359116764,0
1160,0.2655415170539688,1,0.848834414933643,0
1161,0.12200384371366729,1,0.3897403467503346,0
1162,-0.3318601634679699,1,-1.0619083292387064,1
1163,-0.6163594278378804,0,-1.9718570669828657,0
1164,0.8908242638080931,0,2.84875257782325,0
1165,0.06421725776652146,1,0.20491445253367793,0
1166,-0.10775543948403848,1,-0.345126824853034,0
1167,0.5262064777352062,2,1.6825509887579686,0
1168,0.017069064848903137,1,0.0541146298089258,0
1169,0.49550685685261814,2,1.5843606425256016,0
1170,-0.05172577887906016,1,-0.16592031949826694,0
1171,-0.036613329547163204,1,-0.11758432740268737,0
1172,0.2772917511352784,1,0.8864166234295637,0
1173,-0.14004652196693224,1,-0.44840733705673924,0
1174,-0.267700982544006,1,-0.8567001863432946,0
1175,-0.30704053610156,1,-0.9825246842814377,0
1176,-0.035527669468073314,1,-0.11411192820061916,0
1177,-0.14649726290439946,1,-0.46903952950392536,0
1178,0.26058555805573513,1,0.8329831660921312,0
1179,-0.3224781158349355,1,-1.0319005806420876,1
1180,-0.08712252660670261,1,-0.2791340600903611,0
1181,-0.31087733170749166,1,-0.9947963761831096,0
1182,0.41716479593873573,2,1.333789662671768,0
1183,-0.17817694047007698,1,-0.5703645107015887,0
1184,0.18880138341867608,1,0.6033870747079785,0
1185,-0.2839345251420659,1,-0.9086219079299426,0
1186,-0.84768724274445,0,-2.71174106508578,0
1187,0.3544992521846986,1,1.1333588019265677,-1
1188,0.04478763392413965,1,0.1427703140264114,0
1189,0.24620446496200188,1,0.786986359959764,0
1190,-0.4704532961029406,1,-1.505187669100994,1
1191,0.4055563276024187,1,1.296660880869224,-1
1192,0.22553558356340164,1,0.7208785526833766,0
1193,-0.1008286663950117,1,-0.32297208064671906,0
1194,-0.28144948337060405,1,-0.9006736953811639,0
1195,-0.1503957204058141,1,-0.4815084421755205,0
1196,-0.23139353029629273,1,-0.7405736282775537,0
1197,-0.03622338708370981,1,-0.11633712680553254,0
1198,0.08077745242224021,1,0.25788094528416877,0
1199,-0.2100395681025886,1,-0.672274643438236,0
1200,-0.21418170705040737,1,-0.685522952236068,0
1201,0.2591399531429013,1,0.8283595113750505,0
1202,-0.2764385291476205,1,-0.8846465485968087,0
1203,-0.11231398130285164,1,-0.3597069658005678,0
1204,-0.036214588193890035,1,-0.11630898424178009,0
1205,-0.5306854404234229,1,-1.697835491292845,1
1206,0.22755663755671363,1,0.7273427364632541,0
1207,-0.03973466484805703,1,-0.12756767524513268,0
1208,0.2552979509728891,1,0.8160711666837007,0
1209,0.40708208252357425,1,1.3015408891451232,-1
1210,-0.038015966089954334,1,-0.12207055113494672,0
1211,0.13562695349279003,1,0.4333128022894284,0
1212,-0.39349733655956326,1,-1.2590500265187696,1
1213,-0.4386839055324131,1,-1.403575747844968,1
1214,0.1019174053668026,1,0.3254954382090579,0
1215,0.2598830963955332,1,0.8307363971859616,0
1216,0.5758635704289321,2,1.8413753320010842,0
1217,-0.20479166179802713,1,-0.6554896238768976,0
1218,0.25070919445004786,1,0.801394386358724,0
1219,-0.25033712394762897,1,-0.8011632370751319,0
1220,0.21330731309900397,1,0.6817673820498905,0
1221,0.09425350696352686,1,0.30098305609901893,0
1222,-0.2596050209203067,1,-0.8308058836756724,0
1223,0.07704284428307806,1,0.24593609203568678,0
1224,0.3058513909944923,1,0.9777624070394987,0
1225,-0.19714433943073306,1,-0.6310302589268564,0
1226,-0.009191808530695844,1,-0.029878728264419712,0
1227,-0.3379150843608638,1,-1.081274522103324,1
1228,0.003914087152582041,1,0.012039458274366402,0
1229,-0.01874640806237507,1,-0.06043837066897128,0
1230,-0.03244831218821938,1,-0.10426284378884684,0
1231,0.14557157372052165,1,0.4651198955120093,0
1232,0.28222843037208345,1,0.9022062074558262,0
1233,-0.1420033782530682,1,-0.45466618947050474,0
1234,0.3940632211595812,1,1.2599010750975597,-1
1235,-0.2989579301722756,1,-0.9566730987621408,0
1236,0.009750731267830659,1,0.030707509867030084,0
1237,0.02593244899715999,1,0.08246347364762682,0
1238,0.01113503651910358,1,0.03513510239117311,0
1239,0.1887025651610355,1,0.6030710122077634,0
1240,-0.0373480845176935,1,-0.1199343839466508,0
1241,-0.245745275755396,1,-0.7864765682864127,0
1242,-0.15402094827954085,1,-0.4931034511645192,0
1243,-0.201868677528284,1,-0.6461406863582384,0
1244,0.15321193058035604,1,0.48955698182897667,0
1245,0.1402065045282635,1,0.4479601395800649,0
1246,-0.4722811975752407,1,-1.5110340695868578,1
1247,0.23451645117222675,1,0.7496031582200443,0
1248,-0.046008016194707846,1,-0.14763250090277774,0
1249,0.0026869732650340594,1,0.008114630083630631,0
1250,0.26056891146945915,1,0.8329299232825121,0
1251,0.010493434050878547,1,0.03308298687028443,0
1252,-0.3584972504974264,1,-1.147104977368243,1
1253,0.07844655383963789,1,0.25042574771890946,0
1254,0.14758685699076857,1,0.4715656220836385,0
1255,0.19445482304629005,1,0.621469161016544,0
1256,-0.13307029890365768,1,-0.42609443095939836,0
1257,-0.15835432267121008,1,-0.506963411634383,0
1258,-0.3552912452993252,1,-1.1368508194544273,1
1259,-0.15674021735827892,1,-0.5018008215119067,0
1260,0.06022415415407756,1,0.1921428216478398,0
1261,0.04424721050767688,1,0.14104181182185635,0
1262,0.0489237921049116,1,0.15599949380667968,0
1263,0.005077208206995754,1,0.015759610372655452,0
1264,-0.41043800039118655,1,-1.3132334202940545,1
1265,-0.39014664965955126,1,-1.2483331154504953,1
1266,-0.4750339826124583,1,-1.5198386381169202,1
1267,0.17999863306108144,1,0.5752321633260095,0
1268,0.13675399241776498,1,0.436917548507106,0
1269,0.3497740808589236,1,1.1182457094796103,-1
1270,-0.14970680002428335,1,-0.47930498399446514,0
1271,-0.26387548795720894,1,-0.8444646398711004,0
1272,0.08529609296011967,1,0.2723334650925042,0
1273,-0.2813945387469974,1,-0.9004979592821359,0
1274,0.5405472193924358,2,1.7284187339636086,0
1275,0.13010535251374145,1,0.41565239162952805,0
1276,0.08871375532567889,1,0.28326459197068415,0
1277,-0.060484877527822695,1,-0.19393561428952125,0
1278,0.34483457485378965,1,1.1024470842550218,-1
1279,0.04060071658526848,1,0.12937878503253927,0
1280,-0.3045928761032357,1,-0.9746960344224133,0
1281,0.032298781854239456,1,0.10282569342414766,0
1282,-0.09494851618349542,1,-0.3041648781937865,0
1283,0.21503070065558066,1,0.6872795029167901,0
1284,0.003400258272401313,1,0.010396016622689505,0
1285,-0.08232089850120625,1,-0.2637764265886015,0
1286,-0.2995875580206743,1,-0.9586869143942053,0
1287,-0.18888741344872,1,-0.604621124296509,0
1288,-0.3063708663839557,1,-0.9803827978495374,0
1289,0.22914359704511422,1,0.7324185027803285,0
1290,-0.4853258451359881,1,-1.552756358776281,1
1291,-0.14813739350930422,1,-0.474285359495697,0
1292,0.43433692567145754,2,1.3887133821030855,0
1293,0.3807930103637939,1,1.2174573394697406,-1
1294,0.14833563701838948,1,0.4739605366803096,0
1295,0.09249008272132758,1,0.29534288101157014,0
1296,0.04823523285056219,1,0.15379719066278597,0
1297,-0.002271800620387676,1,-0.00774562195530376,0
1298,-0.32198891086532694,1,-1.0303358966504457,1
1299,-0.4182515230635898,1,-1.338224363974824,1
1300,0.3740735170265379,1,1.1959655634046664,-1
1301,0.016155378565468448,1,0.05119227539740599,0
1302,0.19222743029138,1,0.6143450187792003,0
1303,-0.6068414162302163,0,-1.9414144482034819,0
1304,0.1717154236137873,1,0.5487389630791516,0
1305,0.3203334857047909,1,1.0240822589755423,-1
1306,0.021024926791169407,1,0.06676714611341455,0
1307,-0.05119861010988086,1,-0.16423421125065776,0
1308,0.3171555218651777,1,1.0139177891627391,-1
1309,-0.16284776114066962,1,-0.5213353245898394,0
1310,0.1268665472116035,1,0.40529332513771604,0
1311,-0.10736493117017731,1,-0.3438778144274234,0
1312,-0.013178622362085446,1,-0.04263024177545995,0
1313,0.05404841764575452,1,0.1723902094474709,0
1314,0.1566098162123134,1,0.5004248543651196,0
1315,-0.07097650541098652,1,-0.22749226889216154,0
1316,0.46065807600445313,2,1.4728995313169626,0
1317,0.23151494654721927,1,0.7400030794609385,0
1318,-0.5692610182514459,0,-1.8212164723653346,0
1319,0.09838235816257868,1,0.3141888650673883,0
1320,-0.05736784716593846,1,-0.18396603545919102,0
1321,0.10719500249376657,1,0.3423754215532643,0
1322,-0.07357973515290805,1,-0.23581849645892108,0
1323,-0.4998663977412476,1,-1.599263183736134,1
1324,0.1280355521656643,1,0.4090322964307357,0
1325,0.08578045297499914,1,0.27388265287381347,0
1326,0.16632735245875524,1,0.5315056371608732,0
1327,-0.2644116736288693,1,-0.8461795879789784,0
1328,-0.1274925308935598,1,-0.40825437442547674,0
1329,0.010639744671297136,1,0.03355094999371576,0
1330,0.01591414633096938,1,0.050420712884681106,0
1331,0.15071554670391535,1,0.4815724924408476,0
1332,-0.10133763281841435,1,-0.32459997010912284,0
1333,0.04100280914772325,1,0.13066484677499182,0
1334,-0.0692062230538662,1,-0.22183015865830902,0
1335,-0.27082326988962463,1,-0.8666865792266385,0
1336,0.24233543498112686,1,0.7746115689205367,0
1337,-0.1956581892193255,1,-0.6262769232303176,0
1338,0.14913613841200546,1,0.4765208780375941,0
1339,0.2701265996149892,1,0.8634994443778967,0
1340,0.016041868779261226,1,0.05082922318737787,0
1341,0.30332176603940614,1,0.969671598650434,0
1342,0.03323628919544325,1,0.10582423763354526,0
1343,-0.16052833116283705,1,-0.5139168084636587,0
1344,0.22627717433028413,1,0.7232504729895397,0
1345,-0.020787440073425173,1,-0.06696645258251767,0
1346,0.34661470323717275,1,1.1081406862369794,-1
1347,0.02063848193771292,1,0.06553113234940973,0
1348,-0.2886880747891925,1,-0.9238257662273861,0
1349,0.3392820725017556,1,1.0846878379605023,-1
1350,0.018465581515249685,1,0.05858127959304778,0
1351,-0.2914480080606855,1,-0.9326531978280098,0
1352,0.16063041336203254,1,0.5132844211884904,0
1353,0.0010727470045045207,1,0.002951653119681478,0
1354,0.2330406743698709,1,0.7448830010643837,0
1355,-0.034214194810448434,1,-0.10991088181334031,0
1356,0.08273239115364059,1,0.26413366454846887,0
1357,-0.1423369991012024,1,-0.4557332497678915,0
1358,-0.06614074697213013,1,-0.21202547217752504,0
1359,0.23437622339322117,1,0.7491546505910865,0
1360,-0.1834009373428282,1,-0.5870730578075619,0
1361,0.5033042903170062,2,1.6093001261277051,0
1362,0.402786994433889,1,1.2878033844300762,-1
1363,-0.5910096141225694,0,-1.8907776622842833,0
1364,0.0364998631295132,1,0.11626252466538961,0
1365,-0.3781644711472977,1,-1.2100090507581034,1
1366,0.10373681282829617,1,0.33131467126294645,0
1367,-0.011818663724688538,1,-0.038280519999467674,0
1368,0.08257518400894032,1,0.26363084974084117,0
1369,-0.2041583501208506,1,-0.6534640258054167,0
1370,-0.4949374003121592,1,-1.5834981693735257,1
1371,0.00370681093934333,1,0.01137650145084464,0
1372,-0.17691497427363734,1,-0.5663282101154719,0
1373,-0.3385252444152709,1,-1.0832260715126318,1
1374,0.22012056104590927,1,0.7035590249314816,0
1375,-0.12249752408282655,1,-0.39227823419707714,0
1376,0.21488995370098418,1,0.6868293347451427,0
1377,-0.1666013738995133,1,-0.5333409626341232,0
1378,0.11082135145340527,1,0.35397401624823205,0
1379,0.019726317241846036,1,0.06261364461721072,0
1380,-0.18186917664609087,1,-0.5821738405262478,0
1381,-0.018633303080492214,1,-0.060076613194044864,0
1382,-0.12940166446641818,1,-0.414360589457895,0
1383,0.018331866510560485,1,0.05815360256546787,0
1384,0.08802341495774257,1,0.2810565920737117,0
1385,0.28187542455163966,1,0.9010771458343821,0
1386,0.15527457504463305,1,0.4961541894907985,0
1387,-0.061605911412592376,1,-0.19752115385382843,0
1388,-0.22669747578685617,1,-0.7255536636997771,0
1389,0.25112546783832157,1,0.802725804368029,0
1390,0.2079548622744351,1,0.6646479849841692,0
1391,0.06560724035685819,1,0.20936020358461468,0
1392,0.030233543072738733,1,0.09622018804075441,0
1393,0.2659451588356675,1,0.8501254317331802,0
1394,0.11057816151408673,1,0.3531961921691256,0
1395,-0.2445766749409639,1,-0.7827388896025175,0
1396,-0.15969761298027896,1,-0.5112598210604963,0
1397,0.06203886877591214,1,0.1979470450195994,0
1398,0.07955810811569375,1,0.253980967493102,0
1399,0.2975670174125842,1,0.951265483398751,0
1400,0.4797325489664478,2,1.5339077473956326,0
1401,-0.33290302395523724,1,-1.0652438372799444,1
1402,-0.8646502240114476,0,-2.7659958394398285,0
1403,-0.21560810825293975,1,-0.6900851853815058,0
1404,0.27442493913549015,1,0.8772473485411574,0
1405,-0.10845238547175479,1,-0.34735595231036803,0
1406,-0.014849372897756785,1,-0.0479740072308349,0
1407,-0.15690496274177607,1,-0.5023277467891809,0
1408,0.05249664776057386,1,0.16742699433541497,0
1409,0.10486664259733436,1,0.33492834377798447,0
1410,0.026751983550223124,1,0.08508469108293065,0
1411,0.2979504750059645,1,0.9524919426440768,0
1412,0.10966977453535964,1,0.3502907871709559,0
1413,0.06914825335988145,1,0.22068585786907424,0
1414,0.20598140935315878,1,0.6583360495256013,0
1415,0.3019225647705247,1,0.965196362374205,0
1416,-0.025764252796255382,1,-0.08288440043787733,0
1417,-0.11496247949389178,1,-0.3681779809759222,0
1418,-0.09594856905149551,1,-0.30736346939903797,0
1419,0.3940310921435526,1,1.259798312942287,-1
1420,0.07585619170989644,1,0.24214067620746338,0
1421,-0.5449141805441855,0,-1.7433450083077753,0
1422,0.42914759419222903,2,1.3721157095582441,0
1423,0.056092780003069054,1,0.17892894321414696,0
1424,0.004200478969140775,1,0.012955460192877652,0
1425,-0.07249603806517843,1,-0.23235237573182338,0
1426,-0.229745778412066,1,-0.735303422217484,0
1427,0.38058348748720117,1,1.216787196868471,-1
1428,0.9708000824317381,0,3.1045490044601207,0
1429,-0.38921915504818894,1,-1.2453665961776148,1
1430,0.24047900297274089,1,0.768673915737215,0
1431,0.1512590898554677,1,0.4833109728750939,0
1432,-0.47102855838644353,1,-1.5070276007082148,1
1433,-0.4715994629597774,1,-1.5088535945188775,1
1434,-0.09474098402036013,1,-0.3035011027344562,0
1435,0.0001202769978536633,1,-9.474800972257756e-05,0
1436,0.01815247126572539,1,0.057579820847766305,0
1437,0.23618936664433893,1,0.7549538480560007,0
1438,-0.30896981734722656,1,-0.9886953400760522,0
1439,0.16866444683502313,1,0.5389806514895881,0
1440,-0.06000181957639761,1,-0.19239059105675457,0
1441,-0.20035116060225489,1,-0.6412870266681024,0
1442,-0.4709466177400036,1,-1.506765519932846,1
1443,-0.32018792648110317,1,-1.024575588374251,1
1444,-0.19482639010559416,1,-0.62361647855299,0
1445,-0.1026853033063786,1,-0.32891038919626553,0
1446,-0.45364325402365874,1,-1.4514220588265847,1
1447,0.030519841680661353,1,0.09713589183870297,0
1448,-0.5017128836120994,1,-1.6051690249732469,1
1449,-0.2981681961409433,1,-0.9541471959744623,0
1450,0.18010234212773302,1,0.5755638686979064,0
1451,-0.06686388622143309,1,-0.21433837674187892,0
1452,-0.054802695583971106,1,-0.17576159792117788,0
1453,0.14139292868069392,1,0.45175482482230706,0
1454,0.0731333044761982,1,0.23343173347324997,0
1455,0.07125269827567704,1,0.22741676101928585,0
1456,0.4235877557992898,2,1.3543329995082858,0
1457,-0.2373602039853202,1,-0.7596575693340848,0
1458,0.1242980203850419,1,0.3970780921427624,0
1459,-0.11142407725594539,1,-0.3568606770202113,0
1460,0.2161159915528672,1,0.6907507213196155,0
1461,-0.2752031148092365,1,-0.8806951720605871,0
1462,0.4040614552208286,1,1.2918796479907166,-1
1463,0.10265640502583187,1,0.32785907105857104,0
1464,-0.2089752016702202,1,-0.6688703503066672,0
1465,1.1884658537052655,0,3.8007360201246967,0
1466,0.5672362262449748,2,1.8137814436032953,0
1467,0.2673272554849257,1,0.8545459602158049,0
1468,-0.039511549686567005,1,-0.1268540587793078,0
1469,0.4465121457288279,2,1.4276548751417342,0
1470,0.21420405100682383,1,0.6846355284020972,0
1471,-0.06290083361035914,1,-0.2016628616432823,0
1472,0.22758959377510735,1,0.7274481443608618,0
1473,-0.022188096985609862,1,-0.07144634462047363,0
1474,0.19215659836678756,1,0.6141184683854142,0
1475,-0.2888796453910144,1,-0.9244384898760845,0
1476,0.16039422484765592,1,0.5125289906217272,0
1477,0.3546565969066039,1,1.13386205676417,-1
1478,0.884163415855834,0,2.8274483744542622,0
1479,0.21340788843184388,1,0.6820890644182741,0
1480,-0.26491122993482297,1,-0.8477773799136656,0
1481,-0.3765400601318009,1,-1.2048134986486714,1
1482,-0.4058196633129728,1,-1.2984620288667166,1
1483,0.014991171224292221,1,0.04746864889551675,0
1484,-0.08914350427190909,1,-0.2855979997407382,0
1485,-0.12797586819186524,1,-0.4098002911274822,0
1486,0.020542679296869815,1,0.06522471506463814,0
1487,0.3883176249369872,1,1.241524233097929,-1
1488,-0.16517569762202844,1,-0.5287810481049863,0
1489,0.3962062841658531,1,1.266755495202238,-1
1490,0.056409521111727534,1,0.1799420149795654,0
1491,0.014256110297110769,1,0.04511761377303524,0
1492,0.1825525236998815,1,0.5834005836144049,0
1493,0.4871465843394377,2,1.557620962064866,0
1494,0.022420944283709554,1,0.07123219932899687,0
1495,0.3746453061945023,1,1.1977943865223548,-1
1496,0.4266052400973641,2,1.3639841880070562,0
1497,-0.4027310997790023,1,-1.2885834989682177,1
1498,-0.33456308128202616,1,-1.0705534013395916,1
1499,-0.4503491703290938,1,-1.4408861887021698,1
1500,-0.373991952748719,1,-1.1966635756532389,1
1501,-0.5437542030092485,0,-1.739634910511687,0
1502,-0.9633104619947621,0,-3.0815529260891896,0
1503,-0.45728851334826026,1,-1.463081136850978,1
1504,0.3103511082475388,1,0.9921544021952102,0
1505,0.48534672988125926,2,1.5518642677691183,0
1506,-0.47575128001970746,1,-1.5221328580044797,1
1507,-0.06362890640192435,1,-0.20399154575829367,0
1508,-0.7281613831293421,0,-2.329446912848049,0
1509,-0.13501799043508408,1,-0.4323239706190583,0
1510,-0.21422299301030112,1,-0.685655002163069,0
1511,0.5574868641390602,2,1.7825988682749003,0
1512,0.13346969055363983,1,0.4264129648054564,0
1513,-0.07168710018897434,1,-0.2297650509420894,0
1514,0.19858027820279806,1,0.6346641080073512,0
1515,-0.006865413425384825,1,-0.022437934720505575,0
1516,0.16811062774664387,1,0.5372093042717827,0
1517,-0.1754432016692561,1,-0.5616208600751503,0
1518,0.37220132219392166,1,1.189977494055794,-1
1519,0.019100206678567933,1,0.06061107874764691,0
1520,0.18930654217604032,1,0.6050027856471334,0
1521,0.13003248494648778,1,0.415419330391244,0
1522,-0.26669026669803514,1,-0.8534674904335317,0
1523,0.0963335019237215,1,0.30763575797062176,0
1524,0.31105150235052487,1,0.9943945581806646,0
1525,-0.027235248037114745,1,-0.08758926414152214,0
1526,-0.2728776015717769,1,-0.8732571991023079,0
1527,0.2913791514020263,1,0.931474075930238,0
1528,-0.08484002611870589,1,-0.27183366006102205,0
1529,-0.033850556468115967,1,-0.10874781289879094,0
1530,-0.5164629282695934,1,-1.6523458939450606,1
1531,0.06609957530854055,1,0.21093489858012862,0
1532,0.1088263132017577,1,0.34759304179173,0
1533,-0.07751588775367746,1,-0.2484079739697716,0
1534,-0.4875600585088435,1,-1.559902316228872,1
1535,0.09933509359362969,1,0.31723611513606265,0
1536,0.3646303976097699,1,1.1657624814645917,-1
1537,-0.2242506060214675,1,-0.7177275413392469,0
1538,-0.3771283299035836,1,-1.2066950336940157,1
1539,-0.28759267251471954,1,-0.9203222073721943,0
1540,-0.08579067833534787,1,-0.2748742471306684,0
1541,0.2962563858982629,1,0.9470735305838794,0
1542,0.06288545665642509,1,0.20065479041559678,0
1543,0.23802453859803907,1,0.7608235026103326,0
1544,0.5108525333954039,2,1.6334425936893913,0
1545,-0.055112849573090955,1,-0.17675360129781567,0
1546,0.18685819851349983,1,0.5971719491413633,0
1547,0.14913783100668931,1,0.476526291669856,0
1548,0.11475598665740139,1,0.36655864048369163,0
1549,-0.06057268219673606,1,-0.194216450684029,0
1550,0.04252817561708433,1,0.1355436126180826,0
1551,-0.532734065064914,1,-1.7043878576434752,1
1552,0.48508401232789683,2,1.5510239861374775,0
1553,-0.15892415062998644,1,-0.5087859619772397,0
1554,-0.6083451077718143,0,-1.9462238884783594,0
1555,0.24986588375635005,1,0.7986971227894981,0
1556,0.08382302431517707,1,0.26762196976739444,0
1557,-0.11925687744044977,1,-0.3819132783219312,0
1558,0.5685665066312491,2,1.818036241804679,0
1559,-0.046738879231803754,1,-0.1499701094007898,0
1560,0.22150044801831253,1,0.7079724859347951,0
1561,-0.26339754586715974,1,-0.8429359793224757,0
1562,0.10455032539565157,1,0.3339166278460101,0
1563,0.14477895298118792,1,0.46258475981363084,0
1564,0.29008752319124276,1,0.9273429037015848,0
1565,0.044808873561992035,1,0.14283824735374961,0
1566,-0.141389107315878,1,-0.4527014917228074,0
1567,0.19482849596305618,1,0.6226643247358372,0
1568,0.45798179038282844,2,1.4643396402092168,0
1569,-0.02437189860933997,1,-0.07843106402000478,0
1570,0.3748375527404054,1,1.1984092721255484,-1
1571,0.3924478163846111,1,1.2547343287469659,-1
1572,-0.005717394592836156,1,-0.01876608590255598,0
1573,-0.056312263114935535,1,-0.18058983209036936,0
1574,0.4403417243493746,2,1.4079192629670652,0
1575,0.726867721220259,0,2.3243503467555655,0
1576,0.2811626606538773,1,0.8987974260238057,0
1577,-0.2698539665996417,1,-0.8635863381516233,0
1578,-0.029643449086800278,1,-0.09529170762674077,0
1579,0.048078671954022156,1,0.1532964428295632,0
1580,-0.4087843813080385,1,-1.307944448455225,1
1581,0.12106213947762345,1,0.3867283790996827,0
1582,-0.40078427059598765,1,-1.2823567174627855,1
1583,-0.2582869556037791,1,-0.8265901544234548,0
1584,0.15868780277617223,1,0.5070711325374742,0
1585,0.33948286459625143,1,1.085330055835266,-1
1586,0.21304826220083806,1,0.6809388279293039,0
1587,-0.2560058483843909,1,-0.8192942106552398,0
1588,-0.17231692260521014,1,-0.5516216999913274,0
1589,0.22728830804099984,1,0.7264845054071422,0
1590,-0.271620713464495,1,-0.8692371403888355,0
1591,-0.725660347246448,0,-2.3214475443796188,0
1592,0.24344949348661107,1,0.7781747982775041,0
1593,0.3553911510323662,1,1.1362114709217865,-1
1594,0.3001540960734361,1,0.9595400529906999,0
1595,0.7565333527513376,0,2.4192335585834526,0
1596,0.34515269703494444,1,1.1034645732732495,-1
1597,0.08007426914285554,1,0.2556318683352494,0
1598,-0.17165094464272895,1,-0.5494916213506416,0
1599,-0.012217714613138142,1,-0.03955685318452742,0
1600,-0.569039047582534,0,-1.8205065164698773,0
1601,0.5582544413743633,2,1.7850539042762483,0
1602,0.2580145815470215,1,0.8247600979796174,0
1603,-0.17296093127618772,1,-0.5536815115643036,0
1604,-0.5888942474067436,0,-1.8840118266073624,0
1605,0.1908150190617281,1,0.6098275314723567,0
1606,-0.27677844794158785,1,-0.8857337523834025,0
1607,-0.376434872630083,1,-1.2044770646173684,1
1608,0.13609679400972624,1,0.43481555058747423,0
1609,-0.2656169049462787,1,-0.8500344264735359,0
1610,-0.18275670848916437,1,-0.5850125419974136,0
1611,-0.08050913035151575,1,-0.2579816272784972,0
1612,0.15088934411269284,1,0.48212836991592833,0
1613,-0.5929227843116052,0,-1.8968967881191374,0
1614,-0.02503671359940668,1,-0.08055742298400559,0
1615,0.030363022024172636,1,0.0966343163819389,0
1616,0.2821190602223064,1,0.9018563955504881,0
1617,0.010419747714137673,1,0.03284730686156859,0
1618,0.1030465846198313,1,0.3291070300993075,0
1619,-0.06733247052009284,1,-0.21583710712361295,0
1620,-0.030749596097567222,1,-0.09882963268407287,0
1621,-0.10102280583613588,1,-0.3235930205278416,0
1622,0.2302134015904776,1,0.735840189292743,0
1623,0.09811324011027678,1,0.31332811193841753,0
1624,0.2295868085045254,1,0.7338360801119892,0
1625,0.19676066581161444,1,0.6288442195018107,0
1626,0.16540406685600045,1,0.5285525800741887,0
1627,0.061070530733614896,1,0.19484989121412466,0
1628,-0.18740863167329336,1,-0.5998913559685356,0
1629,-0.12436395967230862,1,-0.39824788305536646,0
1630,-0.09864450731413857,1,-0.3159862179483579,0
1631,0.00878665472031323,1,0.02762398612068534,0
1632,0.07537393381129953,1,0.2405982118813524,0
1633,-0.1666699062348722,1,-0.5335601579708585,0
1634,0.21106423717865708,1,0.674593078429442,0
1635,-0.23993061465770732,1,-0.7678788276631807,0
1636,-0.23219494919568234,1,-0.7431369042055916,0
1637,0.4285229237958774,2,1.3701177499504216,0
1638,-0.4532783724182796,1,-1.4502550134320171,1
1639,0.2092544694226015,1,0.6688046772225705,0
1640,0.22670569880317912,1,0.724621075138782,0
1641,-0.16959419132869724,1,-0.542913256074024,0
1642,0.2010843788940046,1,0.6426732790264544,0
1643,-0.026362724989712427,1,-0.08479856713429151,0
1644,-0.1483468938436927,1,-0.4749554299974819,0
1645,0.6255158020958904,2,2.000184127628704,0
1646,-0.04227421162818268,1,-0.13569021781878574,0
1647,-0.2373886131779358,1,-0.7597484339239042,0
1648,0.12930885799934227,1,0.413104865963327,0
1649,-0.0784952552037512,1,-0.2515404044769507,0
1650,-0.1839816928188349,1,-0.5889305589631473,0
1651,0.1901279344705873,1,0.6076299449238758,0
1652,0.07263727713283037,1,0.23184522865052648,0
1653,-0.24071289247709832,1,-0.7703808823377213,0
1654,0.011323659112979945,1,0.03573839706607484,0
1655,0.05180614076969259,1,0.16521846150793118,0
1656,0.022805110269371154,1,0.07246092431185833,0
1657,0.2594117370694098,1,0.829228791095029,0
1658,-0.24730507774933774,1,-0.7914654734727286,0
1659,0.020339532305215458,1,0.06457496523473329,0
1660,0.13820884687336077,1,0.44157078716627374,0
1661,0.1645974331714019,1,0.5259726250618341,0
1662,-0.06942810431315302,1,-0.22253982858404428,0
1663,-0.11615319185050466,1,-0.3719863817052383,0
1664,0.40829320933786506,1,1.305414583927262,-1
1665,-0.11784975261098496,1,-0.37741269915433395,0
1666,0.1264680252337479,1,0.4040186836319949,0
1667,-0.39822317208102964,1,-1.2741652433439126,1
1668,-0.12955766719998452,1,-0.41485955205032105,0
1669,0.02630627152574791,1,0.0836591158886789,0
1670,0.4396025433637931,2,1.4055550501586982,0
1671,0.22719879634214574,1,0.7261982092103276,0
1672,0.14337640475833272,1,0.45809881856580736,0
1673,0.176640899987897,1,0.564492715621662,0
1674,0.5839570513146739,2,1.8672617002215715,0
1675,-0.09871854580782402,1,-0.31622302430363186,0
1676,-0.06749233019502321,1,-0.2163484058425789,0
1677,-0.23969603023137803,1,-0.7671285276470962,0
1678,0.3129627947910766,1,1.000507678183248,-1
1679,0.047282351672088704,1,0.15074947443233294,0
1680,0.3657536033096841,1,1.1693549674104782,-1
1681,0.20250711364713347,1,0.6472237853190509,0
1682,-0.04188537103257506,1,-0.1344465414601123,0
1683,-0.28466681642183345,1,-0.9109640845508956,0
1684,-0.7894558450511041,0,-2.525492475144813,0
1685,-0.08558746186507737,1,-0.27422427507882147,0
1686,0.2108179426881014,1,0.6738053246850138,0
1687,-0.11011141044391959,1,-0.3526622144641589,0
1688,0.15630175243460354,1,0.49943953636687227,0
1689,0.45370040237899534,2,1.4506459541516827,0
1690,0.07288686155645713,1,0.2326435049896332,0
1691,-0.6698522527200819,0,-2.1429497008697482,0
1692,-0.02788170724551786,1,-0.08965691356758414,0
1693,-0.008077446817594564,1,-0.026314529121505604,0
1694,-0.23494628844719667,1,-0.7519368485026926,0
1695,0.0037142810437384155,1,0.011400393997913889,0
1696,-0.18561040619538127,1,-0.5941398718392904,0
1697,0.14480752007237557,1,0.4626761294297344,0
1698,-0.6442719726617456,0,-2.0611331675237765,0
1699,-0.46436275844071573,1,-1.485707558773823,1
1700,-0.39903963073684345,1,-1.2767766227614428,1
1701,0.4662712371487184,2,1.4908527900337853,0
1702,0.021960875267377722,1,0.06976070441454245,0
1703,0.18493901385018166,1,0.5910335864789781,0
1704,-0.16433461406843142,1,-0.5260909078699034,0
1705,0.27983010470635483,1,0.8945353496170108,0
1706,-0.3880490713841201,1,-1.2416241747146541,1
1707,0.01306194997085558,1,0.04129818498137687,0
1708,-0.3101727098781599,1,-0.9925426981442317,0
1709,0.020449953828469394,1,0.06492813987624682,0
1710,-0.1351434098228581,1,-0.43272511476207176,0
1711,0.2110695893408232,1,0.6746101969032563,0
1712,-0.2688062497010747,1,-0.8602352972571038,0
1713,0.01890653235172368,1,0.05999162649832147,0
1714,-0.4752592406181577,1,-1.520559108303045,1
1715,-0.049584506387190086,1,-0.15907162621444157,0
1716,0.11697392160979617,1,0.37365253267634835,0
1717,0.2384380142055077,1,0.7621459721356488,0
1718,0.09990280154088504,1,0.31905188478719493,0
1719,-0.20730265423886318,1,-0.6635208376203998,0
1720,-0.1717033853960841,1,-0.5496593490156938,0
1721,-0.04735163163410436,1,-0.15192995023291994,0
1722,-0.08526384514348566,1,-0.2731892122009702,0
1723,-0.22334932502624907,1,-0.7148448642758521,0
1724,-0.11409523680336597,1,-0.36540417277887977,0
1725,-0.0370246524421759,1,-0.11889991164488571,0
1726,0.3677102622175384,1,1.1756131885251835,-1
1727,0.06591410315503488,1,0.21034168034336811,0
1728,0.17765239443048286,1,0.567727901812054,0
1729,0.12414904716439912,1,0.3966016128999011,0
1730,0.06112504793567519,1,0.19502426023862804,0
1731,0.15061041856431606,1,0.4812362482746575,0
1732,0.2780870309425979,1,0.8889602639497828,0
1733,-0.012398353302791487,1,-0.04013461196362957,0
1734,0.475775929080992,2,1.5212528068688873,0
1735,0.17134520048296242,1,0.5475548332314915,0
1736,-0.01960875338341586,1,-0.06319651501116677,0
1737,-0.49308339958139613,1,-1.5775682924423111,1
1738,0.17108179038239807,1,0.5467123365415669,0
1739,0.14696523637583114,1,0.4695774169641251,0
1740,-0.1995144157011722,1,-0.6386107632751536,0
1741,0.22878798450387958,1,0.7312811037654694,0
1742,0.6015940793733933,2,1.9236723607381592,0
1743,-0.32267090849012214,1,-1.0325172129332887,1
1744,-0.0914649161496472,1,-0.29302285481939866,0
1745,0.27148475632887187,1,0.8678434028418787,0
1746,0.2831154516519978,1,0.9050432759304948,0
1747,-0.16030441712034205,1,-0.5132006368391635,0
1748,-0.26433491355983796,1,-0.8459340768769412,0
1749,0.049712946206132265,1,0.1585235417330662,0
1750,0.06020988476655931,1,0.19209718212329,0
1751,0.025302223065700236,1,0.08044774509347562,0
1752,-0.04213819409343242,1,-0.13525517632814713,0
1753,0.20124575403451223,1,0.6431894248440312,0
1754,0.1415809291717539,1,0.45235612974980555,0
1755,0.032181110651419154,1,0.10244933124721088,0
1756,0.17838339253621577,1,0.5700659423165811,0
1757,0.10380576778051509,1,0.33153521830679133,0
1758,-0.21081685569705266,1,-0.674760737267031,0
1759,-0.13891270808819725,1,-0.44478092167715405,0
1760,-0.39978993666659834,1,-1.2791764178372385,1
1761,-0.03747169231325714,1,-0.12032973385308231,0
1762,0.4810441801809061,2,1.538102897673527,0
1763,0.32581732563350385,1,1.0416218938571118,-1
1764,-0.040359913224924104,1,-0.12956748347861557,0
1765,-0.0024847750115712663,1,-0.008426803957157242,0
1766,-0.08548886066603498,1,-0.2739089068236261,0
1767,-0.1834356931845869,1,-0.5871842216603319,0
1768,0.17465258658940502,1,0.5581332500841865,0
1769,0.12959746534776395,1,0.41402795408793647,0
1770,-0.2943236849323954,1,-0.9418508263187824,0
1771,-0.3838117046847497,1,-1.2280712873706716,1
1772,-0.03938726142370511,1,-0.1264565324512237,0
1773,-0.009157634318625131,1,-0.029769424708904313,0
1774,0.23683932258103357,1,0.7570326814951467,0
1775,-0.23130953022050577,1,-0.740304960577825,0
1776,0.6985307341021092,2,2.233716700595741,0
1777,0.013497199143732722,1,0.042690295559732486,0
1778,0.0956557873381027,1,0.30546814065498323,0
1779,0.14594829892710928,1,0.46632482174255696,0
1780,-0.1533344466051168,1,-0.49090772902975405,0
1781,0.1946607309319802,1,0.6221277413509793,0
1782,0.3439966379824998,1,1.0997670084382067,-1
1783,-0.14662736444840052,1,-0.46945564915894283,0
1784,0.3087253481748703,1,0.9869545352314909,0
1785,-0.22555652363074644,1,-0.7219044170960016,0
1786,-0.18372666402287996,1,-0.5881148692232052,0
1787,-0.18574189292714371,1,-0.5945604219094718,0
1788,0.2564076927719324,1,0.8196205893913406,0
1789,0.2024040930587231,1,0.6468942819911836,0
1790,-0.319499058015698,1,-1.0223722962428794,1
1791,0.2823672450333007,1,0.9026501953376043,0
1792,-0.035376656307518795,1,-0.11362892436883887,0
1793,0.23591859392537418,1,0.7540878026045891,0
1794,0.08413409104847924,1,0.2686168924852067,0
1795,-0.14240358190303282,1,-0.4559462096734829,0
1796,-0.07117209444936862,1,-0.22811784519720596,0
1797,-0.11508764532216625,1,-0.3685783141286258,0
1798,0.0449693641505477,1,0.14335156400080484,0
1799,0.002489414345702712,1,0.007482753267801954,0
1800,-0.004560408195592308,1,-0.015065555027402868,0
1801,0.24346513585416132,1,0.7782248291717463,0
1802,0.408876978472423,1,1.3072817240349928,-1
1803,-0.04928234865810088,1,-0.15810519825269165,0
1804,-0.012731860840342085,1,-0.041201309845940254,0
1805,-0.48462164426999443,1,-1.5505040271558514,1
1806,-0.13315139417233993,1,-0.4263538078598549,0
1807,-0.2691372646524497,1,-0.8612940227966767,0
1808,-0.03196415668829661,1,-0.10271431013269722,0
1809,-0.16709728434193633,1,-0.53492709355828,0
1810,-0.215614478169384,1,-0.6901055590631068,0
1811,0.06932157938247507,1,0.2212402276521617,0
1812,-0.011178325407515843,1,-0.03623244776725652,0
1813,-0.06134246935939839,1,-0.19667855496590683,0
1814,-0.14153102564227327,1,-0.4531554064359162,0
1815,0.2774949571660851,1,0.8870665620915988,0
1816,0.32584639384986813,1,1.0417148662830606,-1
1817,0.3199741480494447,1,1.0229329454733425,-1
1818,0.18409850925687243,1,0.5883452980032812,0
1819,0.5459082346624005,2,1.745565523740853,0
1820,0.18912888633122737,1,0.6044345672649226,0
1821,-0.02123463360108191,1,-0.06839676624930281,0
1822,0.20263464200564585,1,0.6476316748407055,0
1823,0.20161504928833185,1,0.6443705869493614,0
1824,-0.47181801187898587,1,-1.5095526062144247,1
1825,0.05632507518177078,1,0.17967192125000175,0
1826,0.1007991419940582,1,0.32191875991167135,0
1827,0.00541524758538614,1,0.016840802994911964,0
1828,-0.03620361190075161,1,-0.11627387742310855,0
1829,0.06017336451080535,1,0.19198037492978456,0
1830,0.280956434285766,1,0.8981378270481527,0
1831,-0.4468018407226026,1,-1.4295403312535115,1
1832,-0.2117121802440285,1,-0.6776243630946631,0
1833,-0.09293194168987706,1,-0.2977150217447757,0
1834,-0.25775123268043343,1,-0.8248766863800183,0
1835,0.09891576280325287,1,0.3158949182642685,0
1836,0.16988799417619416,1,0.5428940723595317,0
1837,0.05071546927124215,1,0.16173003367137237,0
1838,-0.47574351685531474,1,-1.522108028127834,1
1839,-0.1848530342558019,1,-0.591717476681435,0
1840,0.048828280513398215,1,0.15569400742051967,0
1841,0.5969553803659526,2,1.9088358432661579,0
1842,-0.6754984879242476,0,-2.1610087443910593,0
1843,-0.2690285298766236,1,-0.8609462430854322,0
1844,0.03324227619686421,1,0.10584338659126907,0
1845,-0.4031192313824866,1,-1.2898249076708075,1
1846,-0.052727716063739494,1,-0.16912493754364955,0
1847,-0.11682428358405439,1,-0.3741328163443807,0
1848,-0.23322428358746933,1,-0.7464291500839689,0
1849,-0.11453182256722468,1,-0.36680055833938424,0
1850,-0.03933859564257286,1,-0.1263008787407978,0
1851,0.0678103742178493,1,0.2164067556392579,0
1852,0.04007912807186023,1,0.12771052479837366,0
1853,-0.03608753808437282,1,-0.11590262436228622,0
1854,0.09529636456835672,1,0.3043185549210053,0
1855,-0.2652473004795313,1,-0.8488522753747405,0
1856,0.22194085861277568,1,0.7093811049180759,0
1857,-0.09740484822482458,1,-0.3120212649069059,0
1858,-0.14534730709729363,1,-0.4653614854237235,0
1859,-0.16762018689560704,1,-0.536599556647876,0
1860,-0.02793421087830328,1,-0.08982484234759656,0
1861,-0.049543321590500025,1,-0.15893989985006812,0
1862,-0.16792050366246614,1,-0.5375600964353235,0
1863,0.21604883152095214,1,0.6905359151885581,0
1864,-0.28422587730846194,1,-0.9095537751410522,0
1865,-0.05883099784730628,1,-0.18864580895030647,0
1866,-0.15237876069221912,1,-0.487851042074703,0
1867,-0.08442427751884102,1,-0.2705039205465674,0
1868,0.016667351392542273,1,0.05282978060778645,0
1869,0.10818862840878885,1,0.3455534566500047,0
1870,0.24357814412764311,1,0.7785862773323845,0
1871,-0.06004454136306492,1,-0.19252723336385577,0
1872,-0.26580148461177344,1,-0.8506247901569084,0
1873,-0.3188830196402883,1,-1.0204019454817008,1
1874,1.418114644020726,0,4.5352497888503756,0
1875,0.24429354002859033,1,0.7808744154001436,0
1876,-0.3131816109685349,1,-1.0021664339217127,1
1877,0.17595563641599904,1,0.5623009534613921,0
1878,0.30576584261188433,1,0.9774887872009989,0
1879,0.07565107962328965,1,0.24148464117441232,0
1880,-0.06554530946681572,1,-0.21012101169476646,0
1881,0.08892981804213046,1,0.2839556517403609,0
1882,-0.0858422479715538,1,-0.27503918859536935,0
1883,-0.2775829180058443,1,-0.888306787224615,0
1884,-0.10066975947833011,1,-0.3224638292508025,0
1885,-0.33949617596819814,1,-1.086331520459851,1
1886,-0.07999284056032652,1,-0.25633031459463734,0
1887,-0.13029258391021575,1,-0.4172101259061202,0
1888,0.05369359233962505,1,0.17125532834277887,0
1889,-0.14951726297835666,1,-0.47869876451590615,0
1890,-0.10897221334713411,1,-0.3490185812809323,0
1891,-0.09105553410398576,1,-0.2917134782326796,0
1892,0.09417153311940868,1,0.30072086914346186,0
1893,-0.23150522984871846,1,-0.740930890595829,0
1894,-0.03365818430643569,1,-0.10813252552331823,0
1895,-0.15862263237549246,1,-0.5078215793251746,0
1896,0.2777026024472495,1,0.8877306993501347,0
1897,-0.09949829267909699,1,-0.3187169839377498,0
1898,0.17059044795757738,1,0.5451408160659132,0
1899,-0.3041155783741114,1,-0.973169434812018,0
1900,0.17806792934744048,1,0.5690569578783733,0
1901,-0.04531290072969446,1,-0.14540922822973154,0
1902,-0.13473789757605567,1,-0.43142811542558873,0
1903,0.0367600205859554,1,0.11709461802643434,0
1904,-0.04273953273184164,1,-0.13717851112547652,0
1905,-0.17368390159138736,1,-0.5559938758060861,0
1906,-0.12623342965138473,1,-0.40422723717242703,0
1907,0.21089082698224726,1,0.6740384394229597,0
1908,0.3516368502606534,1,1.1242036323219293,-1
1909,0.1350420153145691,1,0.431441923086597,0
1910,0.10428293357287816,1,0.3330613959277321,0
1911,0.15521055447018145,1,0.495949424669909,0
1912,0.18072968804613773,1,0.5775703857546223,0
1913,0.07854071003114971,1,0.25072689896373507,0
1914,0.01752686753067023,1,0.055578876028797276,0
1915,0.1768848673072364,1,0.5652730260902158,0
1916,-0.18091766313996216,1,-0.5791304986892629,0
1917,0.12015792541587203,1,0.38383632085143565,0
1918,-0.2823338375224913,1,-0.9035022332545776,0
1919,0.10431420052988463,1,0.3331614008543675,0
1920,0.09144822972055533,1,0.29201059533741447,0
1921,-0.09371263524950718,1,-0.30021200928786745,0
1922,0.3417297691138207,1,1.0925166049257249,-1
1923,-0.09009230214148808,1,-0.2886326558257367,0
1924,-0.05976914071113337,1,-0.19164638582931454,0
1925,0.13842044510057858,1,0.4422475676148706,0
1926,0.5396914870461047,2,1.7256817407059446,0
1927,-0.021478721360082997,1,-0.06917746193473366,0
1928,-0.02897163198410274,1,-0.09314295295087731,0
1929,0.0031141523519274683,1,0.009480929120537634,0
1930,0.1662281218052412,1,0.5311882556445778,0
1931,-0.3049870628587551,1,-0.9759568100571577,0
1932,-0.3127855329729378,1,-1.0008996093028864,1
1933,0.10791451203793273,1,0.34467671678845196,0
1934,0.041453906474757156,1,0.13210764644002207,0
1935,0.160028904756379,1,0.5113605427641685,0
1936,0.11709048482441692,1,0.3740253510393289,0
1937,-0.17021519838694785,1,-0.5448994987802638,0
1938,-0.11130262588099915,1,-0.3564722242571633,0
1939,0.09086133465104607,1,0.2901334571702175,0
1940,0.39394256333693317,1,1.2595151604497286,-1
1941,0.1777491332974691,1,0.5680373135432228,0
1942,-0.006326600389987502,1,-0.020714583194357487,0
1943,-0.09845838711931922,1,-0.31539092700193083,0
1944,-0.1847543860496833,1,-0.5914019580777677,0
1945,-0.11256232286115825,1,-0.36050126693175355,0
1946,0.357121343007218,1,1.14174535519055,-1
1947,-0.05519711861691434,1,-0.1770231292708592,0
1948,0.5178048963799637,2,1.655679185183399,0
1949,0.05048209786857305,1,0.16098361341698386,0
1950,0.12335427683208466,1,0.39405960189580325,0
1951,-0.1988389850460667,1,-0.636450450933369,0
1952,-0.003101724723938149,1,-0.01040006955861038,0
1953,0.28610740545524194,1,0.9146128071300939,0
1954,0.3946875886797634,1,1.2618980659795451,-1
1955,-0.049977064854965114,1,-0.16032719389766137,0
1956,0.11885752409433159,1,0.37967708851135473,0
1957,0.054838371177725165,1,0.17491681429084446,0
1958,-0.4596923316440544,1,-1.470769562439243,1
1959,-0.4062507506677475,1,-1.2998408281940312,1
1960,-0.5788789209564688,0,-1.8519785850392092,0
1961,-0.19316560409879868,1,-0.618304583867098,0
1962,0.16932374054837174,1,0.5410893510800524,0
1963,-0.15163529746563761,1,-0.4854731328520365,0
1964,0.26897424871839654,1,0.8598137397905223,0
1965,0.37335390306051586,1,1.193663934184306,-1
1966,0.04091737499639464,1,0.13039159229634179,0
1967,-0.11949906426689594,1,-0.3826878940226468,0
1968,-0.1556949887657979,1,-0.4984577392705918,0
1969,-0.09081088011067105,1,-0.2909309714909,0
1970,0.06811523743163034,1,0.21738183688306734,0
1971,0.04761657038003886,1,0.1518184469377743,0
1972,-0.2735624391647241,1,-0.875447598802083,0
1973,0.14944944781719083,1,0.47752297376674546,0
1974,0.05246462310065714,1,0.16732456595503778,0
1975,-0.055915544717176247,1,-0.1793209591951074,0
1976,-0.03848764456849524,1,-0.12357917801002828,0
1977,0.1793572002001655,1,0.5731805902808884,0
1978,0.14411252944553632,1,0.4604532560418646,0
1979,-0.548609076105602,0,-1.7551628439695077,0
1980,-0.0008051816314325055,1,-0.003054755352512931,0
1981,0.3824799543652149,1,1.2228528984640241,-1
1982,-0.12513075739432214,1,-0.4007004258441734,0
1983,0.07039660039067286,1,0.22467859861464734,0
1984,0.5418983301322159,2,1.732740156428227,0
1985,0.1737612442400563,1,0.5552823610054956,0
1986,0.4107203765914743,1,1.3131776893384732,-1
1987,-0.016984904018528812,1,-0.05480433718639241,0
1988,0.040821692468396564,1,0.13008555918314957,0
1989,-0.5826096299573038,0,-1.8639109671974516,0
1990,-0.14946424569891925,1,-0.47852919287708473,0
1991,-0.5893930938633486,0,-1.8856073481441975,0
1992,0.5102495479117755,2,1.6315139915858992,0
1993,-0.25123362705380664,1,-0.8040306324325744,0
1994,0.026950483286679067,1,0.0857195770290531,0
1995,0.407444231993459,1,1.3026991960171155,-1
1996,0.053290697974872514,1,0.16996670209812845,0
1997,0.46739414587468264,2,1.494444326131624,0
1998,0.014021245394047699,1,0.044366416673963766,0
1999,-0.484992385841417,1,-1.5516898151953826,1
2000,-0.0801211612102758,1,-0.2567407381987421,0
2001,0.13134916607343308,1,0.41963063242089577,0
2002,-0.36755003474984027,1,-1.1760596026879189,1
2003,-0.1969557560047352,1,-0.6304270895273633,0
2004,-0.21034393279115737,1,-0.6732481301879836,0
2005,0.14713130741414526,1,0.4701085822450775,0
2006,0.009222436185492733,1,0.02901779919451038,0
2007,-0.2093933106438741,1,-0.6702076392928389,0
2008,0.061028766439082116,1,0.19471631137103776,0
2009,-0.06774123259331954,1,-0.21714450077678848,0
2010,-0.23348334556225842,1,-0.7472577396322722,0
2011,0.2940979689096086,1,0.9401700019624561,0
2012,-0.36962453775030635,1,-1.1826947389540927,1
2013,0.3258496695373156,1,1.0417253433142215,-1
2014,-0.08106818234060315,1,-0.2597697115216326,0
2015,0.19181784418510017,1,0.6130349895204875,0
2016,-0.017311247362215232,1,-0.0558481209526399,0
2017,-0.09160122049139974,1,-0.29345881363989496,0
2018,-0.006975251429290612,1,-0.022789243020833745,0
2019,0.183004761932537,1,0.5848470323772019,0
2020,-1.0739497385581862,0,-3.435424034602546,0
2021,0.1343679123296463,1,0.4292858571944809,0
2022,0.04279702664238294,1,0.13640351168198178,0
2023,0.29692980698102067,1,0.9492274154650333,0
2024,-0.07526898240558463,1,-0.24122142222294782,0
2025,-0.326862930404728,1,-1.0459250685150583,1
2026,0.026895195361144514,1,0.08554274290554814,0
2027,-0.0257849925058109,1,-0.08295073478349689,0
2028,-0.168186050831737,1,-0.5384094283730517,0
2029,-0.4778555208569175,1,-1.5288631084252309,1
2030,0.6404961010270401,2,2.0480974469605466,0
2031,-0.940973362430784,0,-3.0101094529465677,0
2032,-1.0874584225814365,0,-3.4786305082739815,0
2033,0.5957946649131198,2,1.9051233852971556,0
2034,-0.21314003869923048,1,-0.6821912571492609,0
2035,-0.5428132694613452,0,-1.736625407847025,0
2036,0.5121587570150445,2,1.637620448196453,0
2037,-0.180538164908717,1,-0.577916703155336,0
2038,0.20790964270827,1,0.6645033537238937,0
2039,0.058154452544299184,1,0.18552304225580538,0
2040,-0.3984930809327908,1,-1.2750285257833591,1
2041,0.4501578714376141,2,1.439315444859616,0
2042,-0.24287366207364947,1,-0.7772919355922604,0
2043,-0.08783503788220498,1,-0.2814129719083153,0
2044,-0.23978843777785058,1,-0.7674240859869638,0
2045,0.13148418098135561,1,0.4200624670877194,0
2046,-0.2172988338384176,1,-0.6954928394778517,0
2047,0.2710986548709233,1,0.8666084874016591,0
2048,-0.3218506243536257,1,-1.0298935980137576,1
2049,-0.2001835723450707,1,-0.6407510086807686,0
2050,-0.14403337726532534,1,-0.46115898319676035,0
2051,0.22659797073343968,1,0.7242765152985444,0
2052,-0.014666374631689627,1,-0.04738870153035804,0
2053,-1.278593543767599,0,-4.089961306078041,0
2054,-0.2636220736548485,1,-0.8436541139631692,0
2055,-0.12129889114739256,1,-0.38844450011332715,0
2056,-0.11297170294062026,1,-0.36181063722973683,0
2057,-0.1817404325562776,1,-0.5817620625827192,0
2058,-0.08482231077892959,1,-0.27177699892657636,0
2059,0.6098311451989058,2,1.9500179742048258,0
2060,-0.0864344567807303,1,-0.2769333223450105,0
2061,0.025286346325120723,1,0.08039696457535436,0
2062,-0.15896230306354914,1,-0.5089079895643378,0
2063,0.47748190037020244,2,1.5267092231611505,0
2064,0.20673321976819864,1,0.6607406565803983,0
2065,0.6767257412722125,2,2.1639751293968543,0
2066,-0.2165292065288718,1,-0.6930312464737163,0
2067,-0.0742418004213441,1,-0.23793606065245906,0
2068,0.34512727933245135,1,1.103383276731583,-1
2069,-0.04607516217639823,1,-0.14784726209528584,0
2070,0.41317072252812365,1,1.3210149299620255,-1
2071,-0.06983996084931327,1,-0.2238571196358883,0
2072,-0.18822882193780124,1,-0.6025146706458229,0
2073,-0.10175200156256142,1,-0.3259252962625396,0
2074,0.21165454912209325,1,0.6764811452017576,0
2075,0.21735248511977423,1,0.694705549684208,0
2076,-0.018427080830757017,1,-0.05941702739069701,0
2077,0.6649326817922261,2,2.12625594719889,0
2078,-0.5819200268058766,0,-1.8617053252300628,0
2079,-0.026956856616834945,1,-0.08669885086736677,0
2080,0.1468578993913235,1,0.4692341079795401,0
2081,-0.05938434446422203,1,-0.19041564500493616,0
2082,-0.16631494272518998,1,-0.5324248348328676,0
2083,-0.8233606455573411,0,-2.633934338755413,0
2084,-0.12677868709365575,1,-0.40597120063201264,0
2085,0.04807127804876691,1,0.15327279399950766,0
2086,-0.13411828755087513,1,-0.42944634102081003,0
2087,0.16808703621683196,1,0.5371338486011983,0
2088,-0.17074508232380436,1,-0.5465942912802071,0
2089,-0.16996491983661494,1,-0.5440990023309522,0
2090,-0.017655417887003505,1,-0.056948923569101625,0
2091,0.3892898686875531,1,1.2446338790070897,-1
2092,-0.05250141526520247,1,-0.1684011320658557,0
2093,0.19972468810672225,1,0.638324413948191,0
2094,-0.09309289666214066,1,-0.29822982368695045,0
2095,-0.13249210150917567,1,-0.42424511162832346,0
2096,0.23210321444654167,1,0.7418846085173646,0
2097,0.1090346404474944,1,0.3482593602608328,0
2098,-0.012526086862654884,1,-0.040543157805822475,0
2099,0.2943326800746209,1,0.9409207073423467,0
2100,0.10723059110299303,1,0.34248924894791644,0
2101,-0.5551891923677639,0,-1.7762088333158246,0
2102,-0.24371074738604898,1,-0.7799692877642919,0
2103,-0.42141603710627756,1,-1.348345815659751,1
2104,-0.19847767373555414,1,-0.6352948248488456,0
2105,-0.018510611965135815,1,-0.059684195217857,0
2106,-0.18978460233710698,1,-0.6074907130749332,0
2107,-0.05470270321141421,1,-0.17544178010585343,0
2108,0.03635923308507344,1,0.11581273042177258,0
2109,-0.021478789211160143,1,-0.06917767895111906,0
2110,-0.04859826843075776,1,-0.15591722092781093,0
2111,-0.08301713496723873,1,-0.26600328469609374,0
2112,-0.024877236801920777,1,-0.08004734886872389,0
2113,-0.4735316168659652,1,-1.5150334382944208,1
2114,-0.18964505981272708,1,-0.6070443971795219,0
2115,0.18919693150475056,1,0.6046522044524709,0
2116,0.36806050141571844,1,1.1767334013208064,-1
2117,0.10942823386217704,1,0.3495182381411257,0
2118,-0.1389433230820265,1,-0.44487884135034783,0
2119,-0.3634977401284329,1,-1.1630986539702353,1
2120,0.1327123569349008,1,0.423990692213824,0
2121,0.4788396349264832,2,1.531051831386924,0
2122,-0.3848307546988367,1,-1.2313306394680148,1
2123,0.14998028140417496,1,0.4792208036486547,0
2124,-0.1183213722097396,1,-0.3789211377070052,0
2125,0.08571173022371953,1,0.2736628485065871,0
2126,0.12002560905498834,1,0.3834131172771288,0
2127,-0.10313498849344693,1,-0.330348672241606,0
2128,0.25823635930890876,1,0.8254694368769814,0
2129,-0.23991404852574474,1,-0.7678258421804167,0
2130,-0.12160457790608048,1,-0.3894222154013762,0
2131,0.18880938994212743,1,0.603412682949618,0
2132,-0.17501431371868942,1,-0.560249095370886,0
2133,-0.03959679867669938,1,-0.12712672103429365,0
2134,0.07915817307167716,1,0.25270180640532725,0
2135,0.14856566901731427,1,0.4746962761119245,0
2136,-0.01742602961800939,1,-0.05621524305753054,0
2137,0.18030661260989994,1,0.5762172119247083,0
2138,0.27147168174416253,1,0.8678015848010512,0
2139,0.9027937112700103,0,2.8870359232427485,0
2140,0.15979028014476976,1,0.5105973205301518,0
2141,-0.34050915672430093,1,-1.0895714605082596,1
2142,0.7553643163778351,0,2.4154944867977957,0
2143,0.16494022502971212,1,0.5270690181209485,0
2144,-0.01740105636401179,1,-0.05613536804975923,0
2145,0.0032646182361980025,1,0.009962182531750364,0
2146,-0.2973351461930652,1,-0.9514827506015425,0
2147,0.07187468326682102,1,0.22940613156771505,0
2148,0.1771889127825338,1,0.5662454918611781,0
2149,0.39135959011912747,1,1.2512537217975945,-1
2150,0.0627097514167313,1,0.20009281089192912,0
2151,-0.49449019818674844,1,-1.5820678282074938,1
2152,-2.0324925932299998,0,-6.501248695394002,0
2153,0.26326069792705636,1,0.8415393926067726,0
2154,0.07690707672464131,1,0.24550185007481656,0
2155,-0.01923495829635624,1,-0.06200096053970557,0
2156,-0.02216120729478066,1,-0.07136034003876564,0
2157,-0.5122749586283695,1,-1.6389509992440758,1
2158,0.38337217909972127,1,1.2257066097829137,-1
2159,-0.21562326918148905,1,-0.6901336764306022,0
2160,-0.3806999868135707,1,-1.218118700128078,1
2161,-0.1182041065440908,1,-0.37854607260912465,0
2162,0.18322489893995728,1,0.5855511234491999,0
2163,-0.23106290589529954,1,-0.7395161518829575,0
2164,-0.27481867157080786,1,-0.8794655603063453,0
2165,-0.3281421968678886,1,-1.0500167026567826,1
2166,0.38034671315481455,1,1.2160298926084316,-1
2167,0.19168883673603263,1,0.6126223692428969,0
2168,-0.03534636131263121,1,-0.11353202818733564,0
2169,0.07831601961612056,1,0.2500082441721601,0
2170,-0.6564489624999628,0,-2.1000803210686176,0
2171,-0.48146047543828385,1,-1.5403932748676799,1
2172,-0.4364607909682926,1,-1.396465289067641,1
2173,0.5413612364527198,2,1.7310223041280102,0
2174,-0.6206605103481344,0,-1.9856137443852027,0
2175,-0.4007886533411243,1,-1.2823707353317375,1
2176,-1.1103685106618144,0,-3.5519066405568465,0
2177,0.5210522216762702,2,1.6660655022129458,0
2178,0.3313032960389033,1,1.0591683429024226,-1
2179,0.16024125979870546,1,0.512039743826943,0
2180,0.050201381075807544,1,0.16008576262005372,0
2181,-0.15650705461335856,1,-0.5010550686330755,0
2182,0.43304320561749576,2,1.384575519276958,0
2183,0.5391687809037483,2,1.7240099058226395,0
2184,-0.10715307354097803,1,-0.34320020430179327,0
2185,0.054104352655454324,1,0.17256911321927773,0
2186,-0.1838195502753901,1,-0.5884119586670482,0
2187,0.15905991903372385,1,0.5082613174035162,0
2188,0.0555764822418614,1,0.17727760503880396,0
2189,-0.09422795607903006,1,-0.3018602228233089,0
2190,-0.0666653740824874,1,-0.21370345112735906,0
2191,0.25945707507910776,1,0.8293738011877189,0
2192,-0.028590410800823515,1,-0.09192364668906838,0
2193,-0.7570106717475362,0,-2.4217191154531506,0
2194,-0.5623202448928105,0,-1.7990169493871424,0
2195,-0.21916190574575878,1,-0.701451729860807,0
2196,-0.4837375826199958,1,-1.5476764248269457,1
2197,-0.0026648052751801904,1,-0.009002616732945968,0
2198,0.3051108579704147,1,0.9753938698413105,0
2199,-1.7646560944573595,0,-5.6445945155677455,0
2200,0.9800262965477797,0,3.134058331690344,0
2201,0.8633169722740002,0,2.760772648364931,0
2202,-0.2681244094205,1,-0.8580544842274948,0
2203,0.45785804258916896,2,1.4639438425297802,0
2204,-1.098102583188063,0,-3.5126750269120066,0
2205,-0.09188536524903457,1,-0.2943676285154591,0
2206,-0.3682949202579804,1,-1.1784420609673705,1
2207,-0.03531465402505324,1,-0.11343061489766416,0
2208,0.2380240730745683,1,0.7608220136697705,0
2209,-0.19491553896648142,1,-0.6239016142408286,0
2210,0.22246489187886764,1,0.7110571845032813,0
2211,-0.3787218323436137,1,-1.2117917271322536,1
2212,0.3793782841110214,1,1.2129324477417602,-1
2213,1.0429413032347465,0,3.3352870801961196,0
2214,0.2048561274465614,1,0.6547369229943522,0
2215,-0.011531558700666661,1,-0.03736223694243653,0
2216,-0.41034730370108363,1,-1.3129433339950285,1
2217,-0.2651438330143761,1,-0.8485213427464116,0
2218,0.3815616391414742,1,1.2199157387474784,-1
2219,0.10718608489073778,1,0.34234689929455925,0
2220,-0.17280959602363513,1,-0.5531974775463548,0
2221,-0.3406440899193946,1,-1.0900030338229645,1
2222,0.06954512955576231,1,0.22195523546933732,0
2223,0.48118169219995943,2,1.5385427191558052,0
2224,0.1564114559997335,1,0.49979041467524726,0
2225,1.397122306823324,0,4.468107433395147,0
2226,0.650434992033039,2,2.079886215713658,0
2227,-0.10836437733627935,1,-0.34707446514390927,0
2228,-0.7080101436305946,0,-2.2649947428697677,0
2229,-0.1925334081313752,1,-0.6162825543063608,0
2230,-0.24085159622694569,1,-0.7708245154781216,0
2231,0.011749783233406363,1,0.03710132187490738,0
2232,0.11683172485115079,1,0.37319772741937435,0
2233,0.12402297861275997,1,0.39619839245682775,0
2234,-0.10593489351859753,1,-0.33930395038294653,0
2235,0.10605939250990637,1,0.3387432614713328,0
2236,-0.012285546710352202,1,-0.03977380886409719,0
2237,-0.09409849070405688,1,-0.30144613790537655,0
2238,-0.5892603617830913,0,-1.885182814923854,0
2239,-0.012207959895197906,1,-0.039525653478980106,0
2240,0.5564458164948308,2,1.7792691584709186,0
2241,0.2852099214557947,1,0.9117422744619295,0
2242,0.07196232671800727,1,0.22968645231987972,0
2243,0.03305670175670228,1,0.10524984119860553,0
2244,0.5045287657541481,2,1.613216515440323,0
2245,0.2846973745855067,1,0.91010293321904,0
2246,0.1380991737935499,1,0.44122000636281744,0
2247,-0.17339938878940692,1,-0.555083883769349,0
2248,0.375596228373561,1,1.200835837045764,-1
2249,0.2592064770824499,1,0.8285722830142184,0
2250,0.016942135019155757,1,0.0537086546349073,0
2251,0.1470366800687081,1,0.4698059240511193,0
2252,-0.1381649722642761,1,-0.44238934688468473,0
2253,-0.5616172866302431,0,-1.796768592136987,0
2254,0.16794264242656104,1,0.5366720163096944,0
2255,0.684148735371721,2,2.187716997855072,0
2256,0.21961967497908558,1,0.7019569798602253,0
2257,-0.22296790020877627,1,-0.7136249067059359,0
2258,-0.41533785054244654,1,-1.3289052093587792,1
2259,0.06107673799317914,1,0.1948697446503641,0
2260,0.6628156529607875,2,2.119484795374642,0
2261,-0.19643211083369638,1,-0.6287522512339572,0
2262,-0.15242619248801564,1,-0.4880027489791464,0
2263,0.5717507047018322,2,1.8282206513196617,0
2264,0.24240837357688189,1,0.77484485733795,0
2265,0.24409193620446948,1,0.780229601271399,0
2266,0.2959640167288249,1,0.9461384105677534,0
2267,-0.519433634490637,1,-1.6618474664079423,1
2268,0.3164772835436389,1,1.0117484967185537,-1
2269,-0.3398189413918367,1,-1.0873638605275058,1
2270,0.038776788651937455,1,0.12354509360157326,0
2271,-0.13204355132345502,1,-0.4228104587963895,0
2272,-0.1918169184239018,1,-0.613990917783623,0
2273,-0.189250190478913,1,-0.6057814383712671,0
2274,0.536219712357821,2,1.7145775397782812,0
2275,0.050147782831737354,1,0.15991433281110504,0
2276,0.19274101777080466,1,0.6159876883293615,0
2277,0.558390580353655,2,1.7854893341977933,0
2278,-0.18655617974115526,1,-0.5971648548601599,0
2279,0.1907321961013841,1,0.6095626286846881,0
2280,0.08031316820769524,1,0.25639596838654694,0
2281,-0.17814566637295476,1,-0.5702644829378491,0
2282,-0.17772167682455597,1,-0.5689083853913874,0
2283,0.2442337244866863,1,0.780683100048332,0
2284,-0.7146139661171441,0,-2.2861165547283355,0
2285,0.22819855534635927,1,0.7293958605151465,0
2286,0.24102159239672133,1,0.7704093457481074,0
2287,0.05044423119754801,1,0.16086249981910472,0
2288,0.5574785753033988,2,1.782572357079646,0
2289,-0.06259144453330057,1,-0.2006733047782943,0
2290,-0.03577789872578441,1,-0.1149122669913192,0
2291,-0.20561138108119417,1,-0.6581114321570504,0
2292,0.2102534506757296,1,0.6719998409511209,0
2293,-0.3930085277107,1,-1.2574866094884782,1
2294,-0.32319572027317756,1,-1.0341957825443637,1
2295,0.06248811687270012,1,0.19938393006572264,0
2296,0.45592684935816186,2,1.4577670713989763,0
2297,0.3983078552345731,1,1.2734772065764195,-1
2298,0.24352118120836058,1,0.7784040858718401,0
2299,-0.044478534038619316,1,-0.14274057135625565,0
2300,0.3698567449791522,1,1.182478546450962,-1
2301,-0.45663831209855715,1,-1.4610015187972816,1
2302,0.1663078228834925,1,0.5314431733355329,0
2303,-0.30868272752867887,1,-0.987777105652546,0
2304,0.2916031523793547,1,0.9321905256090266,0
2305,0.23780354403450854,1,0.7601166687119101,0
2306,0.06736885725794944,1,0.21499459803230134,0
2307,-0.19570898877070997,1,-0.6264394016386982,0
2308,0.7268086316221699,0,2.324161353278503,0
2309,-0.2485704891543472,1,-0.7955127932901123,0
2310,-0.08343671893103088,1,-0.2673452913233374,0
2311,0.5317880435357684,2,1.7004031922288843,0
2312,0.2520836446225339,1,0.8057904581809687,0
2313,-0.3854430480455895,1,-1.2332890120467306,1
2314,0.6942638791889911,2,2.2200694974968918,0
2315,-0.13229627416645098,1,-0.4236187731254005,0
2316,0.2157465414063237,1,0.6895690638019724,0
2317,-0.05688871037585984,1,-0.182433553755576,0
2318,-0.19016237010390827,1,-0.6086989738531203,0
2319,0.038468986302111374,1,0.12256061176004991,0
2320,-0.07732632980002385,1,-0.24780168761947655,0
2321,-0.11335764927128492,1,-0.3630450565074214,0
2322,0.3099672716994182,1,0.990926730892664,0
2323,0.7780160695264641,0,2.487944354922893,0
2324,0.24779314037457262,1,0.7920676145266451,0
2325,-0.16102013993880107,1,-0.5154898205271209,0
2326,0.30250649806338575,1,0.9670640275294823,0
2327,-0.5455030738923411,0,-1.7452285378135788,0
2328,0.4846025052845462,2,1.5494839233633884,0
2329,-0.1084913625669599,1,-0.3474806175134974,0
2330,-0.7719581070900107,0,-2.469527323156325,0
2331,0.581240936116226,2,1.8585744173146395,0
2332,-0.37838824035890106,1,-1.2107247591522727,1
2333,0.5068627392406909,2,1.6206815478463352,0
2334,0.7648883771712587,0,2.4459564534266662,0
2335,-0.5248097407461373,1,-1.679042523527002,1
2336,0.08281667598723064,1,0.2644032430238512,0
2337,0.05092857975225812,1,0.1624116509459548,0
2338,-0.3155924624012637,1,-1.0098773544506596,1
2339,0.8463242830992885,0,2.706422855581976,0
2340,0.17150998546525617,1,0.5480818851624322,0
2341,0.005285960725387298,1,0.016427289043220723,0
2342,0.42466648931289364,2,1.3577832446301497,0
2343,1.7671248778447353,0,5.651531837703152,0
2344,-0.28727673827457134,1,-0.9193117163128599,0
2345,0.15475814875218302,1,0.4945024402182879,0
2346,0.334178176661713,1,1.0683634246531066,-1
2347,-0.6148747678324864,0,-1.9671084975941904,0
2348,0.4232902321690052,2,1.3533813933506174,0
2349,0.2360412680005246,1,0.7544801660790054,0
2350,-0.5672695842420363,0,-1.8148470257969,0
2351,0.3104250076409459,1,0.9923907636490782,0
2352,-0.5263555310958735,1,-1.6839866135606785,1
2353,0.07739305227864948,1,0.2470562050321963,0
2354,-0.44657950114261796,1,-1.4288291954247223,1
2355,-0.0011213749734311218,1,-0.004066075128934744,0
2356,-0.06445514466411706,1,-0.2066342044851037,0
2357,-0.06372179915731219,1,-0.20428865600108442,0
2358,0.3334958843727521,1,1.066181165909881,-1
2359,-0.6315477914419741,0,-2.0204358649651852,0
2360,0.028534491211367863,1,0.09078590299948945,0
2361,0.7399581651003009,0,2.3662191119052256,0
2362,-0.04854715572249679,1,-0.15575374091155234,0
2363,0.08010277815328018,1,0.2557230521845564,0
2364,-0.015957801628526454,1,-0.05151923019187498,0
2365,0.18468237933475262,1,0.5902127609703659,0
2366,0.2631423641425555,1,0.8411609112139383,0
2367,0.29468588157567555,1,0.9420503948329835,0
2368,0.15652901941095385,1,0.5001664320891474,0
2369,-0.020461011076482113,1,-0.06592239486100025,0
2370,0.3062250991687722,1,0.9789576835272035,0
2371,-0.03480078010989862,1,-0.111787029205131,0
2372,0.4938398617539045,2,1.579028888542829,0
2373,-0.2636772270968806,1,-0.8438305179516663,0
2374,-0.9845418972297728,0,-3.14946001799462,0
2375,-0.14285665311107332,1,-0.45739532264316934,0
2376,-0.199627631437011,1,-0.6389728749879816,0
2377,-0.5835274096270555,0,-1.866846413986277,0
2378,0.2751621474134808,1,0.8796052517979472,0
2379,0.49550172110707413,2,1.5843442162434969,0
2380,0.052423922463808115,1,0.1671943881382052,0
2381,0.11198009291852348,1,0.357680160571281,0
2382,-0.210377903843177,1,-0.6733567839518996,0
2383,0.007115856766713434,1,0.022280069002759553,0
2384,-0.1551725272205473,1,-0.496786686712078,0
2385,0.009439098543362445,1,0.029710776870557648,0
2386,0.06558004363065395,1,0.2092732169741743,0
