Date,spread,regime,z_score,gmm_signal,minhash_signal,final_signal,model_signal
2016-07-06,0.0933777378658785,0,0.3279401893362988,0,0.0,0,0.0
2016-07-07,-0.1547091609709263,0,-0.5402911098139235,0,0.0,0,0.0
2016-07-08,-0.0404874418738954,0,-0.1405486323684581,0,0.0,0,0.0
2016-07-11,-0.1361816912278855,0,-0.4754504060105822,0,0.0,0,0.0
2016-07-12,0.055761269755474,0,0.1962935964284504,0,0.0,0,0.0
2016-07-13,0.0072369201490754,0,0.0264726212108232,0,0.0,0,0.0
2016-07-14,0.1223985843761074,0,0.4295046306113297,0,0.0,0,0.0
2016-07-15,0.1211488432204764,0,0.4251309035332679,0,0.0,0,0.0
2016-07-18,-0.2108302133949463,0,-0.7366983142420674,0,0.0,0,0.0
2016-07-19,-0.0853744892373958,0,-0.2976401177719905,0,0.0,0,0.0
2016-07-20,-0.211683632063953,0,-0.7396850289907496,0,0.0,0,0.0
2016-07-21,-0.0551981773040462,0,-0.1920318868001113,0,0.0,0,0.0
2016-07-22,-0.1399296351451698,0,-0.4885671091968576,0,0.0,0,0.0
2016-07-25,-0.3674997689233251,0,-1.2849957550640905,1,0.1596171615847135,1,1.0
2016-07-26,0.2323846346917795,0,0.8144235110589211,0,0.0,0,0.0
2016-07-27,0.0281938365163035,0,0.0998156748303949,0,0.0,0,0.0
2016-07-28,-0.0704456297175791,0,-0.2453934930751821,0,0.0,0,0.0
2016-07-29,-0.1192477865367321,0,-0.4161867119637729,0,0.0,0,0.0
2016-08-01,-0.4055071565113531,0,-1.4180104513563236,1,0.5265191400055373,1,1.0
2016-08-02,0.4765443929658365,1,1.6689109713819947,0,0.0,0,-1.0
2016-08-03,0.2433528580761793,0,0.8528090722596822,0,0.0,0,0.0
2016-08-04,-0.2499430915171084,0,-0.873581902794028,0,0.0,0,0.0
2016-08-05,-0.0051872178636854,0,-0.0170082136829891,0,0.0,0,0.0
2016-08-08,0.1464794684591641,0,0.5137806539327858,0,0.0,0,0.0
2016-08-09,-0.1530318747647707,0,-0.5344211006008406,0,0.0,0,0.0
2016-08-10,0.0529120132430102,0,0.1863220352737602,0,0.0,0,0.0
2016-08-11,0.1698942001277611,0,0.5957253394087119,0,0.0,0,0.0
2016-08-12,-0.1303861933661287,0,-0.4551678652503568,0,0.0,0,0.0
2016-08-15,0.1210119834941843,0,0.4246519346779308,0,0.0,0,0.0
2016-08-16,0.1503495747347114,0,0.5273248895019449,0,0.0,0,0.0
2016-08-17,0.0692361647187464,0,0.243451772110959,0,0.0,0,0.0
2016-08-18,0.1647072612713186,0,0.5775725764733973,0,0.0,0,0.0
2016-08-19,-0.0341494381825841,0,-0.1183674805030147,0,0.0,0,0.0
2016-08-22,-0.0821250455564104,0,-0.286268019036082,0,0.0,0,0.0
2016-08-23,0.0192992872676839,0,0.0686873642033811,0,0.0,0,0.0
2016-08-24,0.0377095903179985,0,0.1331180189863194,0,0.0,0,0.0
2016-08-25,-0.0492367100668073,0,-0.1711685019599702,0,0.0,0,0.0
2016-08-26,-0.0540695833821835,0,-0.1880821394672768,0,0.0,0,0.0
2016-08-29,0.0982835711601544,0,0.345109165346215,0,0.0,0,0.0
2016-08-30,-0.0527834574900409,0,-0.183581076495224,0,0.0,0,0.0
2016-08-31,-0.1774190378330288,0,-0.6197690104365405,0,0.0,0,0.0
2016-09-01,-0.1501283926367183,0,-0.5242597657140811,0,0.0,0,0.0
2016-09-02,0.1177534010191073,0,0.4132478528461636,0,0.0,0,0.0
2016-09-06,-0.1227765374742177,0,-0.4285363040832908,0,0.0,0,0.0
2016-09-07,-0.0416870041568628,0,-0.1447467481264268,0,0.0,0,0.0
2016-09-08,0.3143908679821053,0,1.1014212477467915,-1,0.0324976482015794,0,-1.0
2016-09-09,0.1045667665764737,0,0.3670985043427664,0,0.0,0,0.0
2016-09-12,-0.1862235506947579,0,-0.6505822201471929,0,0.0,0,0.0
2016-09-13,-0.0705043130699338,0,-0.2455988675769889,0,0.0,0,0.0
2016-09-14,-0.2505350731984787,0,-0.8756536648528032,0,0.0,0,0.0
2016-09-15,-0.0902416311604638,0,-0.3146736853437856,0,0.0,0,0.0
2016-09-16,-0.0962403814399072,0,-0.3356675498840692,0,0.0,0,0.0
2016-09-19,0.0849594863215875,0,0.2984787808171772,0,0.0,0,0.0
2016-09-20,-0.1544506006246032,0,-0.5393862245239328,0,0.0,0,0.0
2016-09-21,0.0847202245984184,0,0.2976414350414911,0,0.0,0,0.0
2016-09-22,-0.1291737689568646,0,-0.4509247358271087,0,0.0,0,0.0
2016-09-23,-0.305229648670912,0,-1.0670686188127003,1,-0.0340294122288751,0,1.0
2016-09-26,0.1644379586912849,0,0.5766300965197058,0,0.0,0,0.0
2016-09-27,-0.1675876522095659,0,-0.5853620475847009,0,0.0,0,0.0
2016-09-28,0.4314110223802175,1,1.5109574270299504,0,0.0,0,-1.0
2016-09-29,0.0633662405127211,0,0.2229087609999081,0,0.0,0,0.0
2016-09-30,0.1814556020637155,0,0.6361868513624515,0,0.0,0,0.0
2016-10-03,0.0314194784354197,0,0.1111044743887704,0,0.0,0,0.0
2016-10-04,-0.1059130015707314,0,-0.3695188801306392,0,0.0,0,0.0
2016-10-05,0.3347215766678832,1,1.17257275835723,0,0.0,0,-1.0
2016-10-06,0.0967611882637228,0,0.3397812722322689,0,0.0,0,0.0
2016-10-07,-0.1266332705768872,0,-0.4420337374741976,0,0.0,0,0.0
2016-10-10,-0.1661557890342496,0,-0.5803509469149797,0,0.0,0,0.0
2016-10-11,0.0751744579545111,0,0.2642340547506182,0,0.0,0,0.0
2016-10-12,0.0243204091227647,0,0.0862598163234588,0,0.0,0,0.0
2016-10-13,-0.1487979567061808,0,-0.5196036306185855,0,0.0,0,0.0
2016-10-14,0.046987014043153,0,0.1655862778561947,0,0.0,0,0.0
2016-10-17,-0.0041228037213498,0,-0.0132830767331261,0,0.0,0,0.0
2016-10-18,-0.2250240430898892,0,-0.7863725503816544,0,0.0,0,0.0
2016-10-19,0.0707825073906407,0,0.2488635174036172,0,0.0,0,0.0
2016-10-20,-0.0954863365066236,0,-0.333028614030898,0,0.0,0,0.0
2016-10-21,-0.0639744458855864,0,-0.2227462498235871,0,0.0,0,0.0
2016-10-24,-0.277086386927011,0,-0.9685754665309848,0,0.0,0,0.0
2016-10-25,-0.0506655610571646,0,-0.1761690608668157,0,0.0,0,0.0
2016-10-26,0.3105052356751873,0,1.0878226756268077,-1,0.2191713982570751,0,-1.0
2016-10-27,0.1736484503484,0,0.6088641128049823,0,0.0,0,0.0
2016-10-28,0.0064139425014155,0,0.0235924410983322,0,0.0,0,0.0
2016-10-31,-0.0810510663013061,0,-0.282509407000172,0,0.0,0,0.0
2016-11-01,0.1157311863855774,0,0.4061706954200265,0,0.0,0,0.0
2016-11-02,0.2412142482461541,0,0.845324565823413,0,0.0,0,0.0
2016-11-03,0.1986389504598699,0,0.6963235251315811,0,0.0,0,0.0
2016-11-04,-0.018229078084475,0,-0.0626508949205839,0,0.0,0,0.0
2016-11-07,-0.0900735398904856,0,-0.3140854152561942,0,0.0,0,0.0
2016-11-08,0.0347934339529172,0,0.1229123279915473,0,0.0,0,0.0
2016-11-09,1.208755253667456,1,4.23143398174483,0,0.0,0,0.0
2016-11-10,1.065644525426274,1,3.730588455093657,0,0.0,0,0.0
2016-11-11,-0.3999385875421459,0,-1.3985220950859556,1,-0.2324434441711446,0,1.0
2016-11-14,0.095645334328664,0,0.3358761111123529,0,0.0,0,0.0
2016-11-15,0.0597142976916636,0,0.2101280334612289,0,0.0,0,0.0
2016-11-16,-0.3784296184858863,0,-1.3232470191562802,1,0.6434899574657583,1,1.0
2016-11-17,-0.2763334684461972,0,-0.9659404729306934,0,0.0,0,0.0
2016-11-18,0.0287071313889035,0,0.101612056163606,0,0.0,0,0.0
2016-11-21,0.1903718866046555,0,0.6673912291303631,0,0.0,0,0.0
2016-11-22,-0.1899528215972304,0,-0.6636335732646615,0,0.0,0,0.0
2016-11-23,0.256557069565011,0,0.8990199352635525,0,0.0,0,0.0
2016-11-25,-0.0779020784967426,0,-0.2714888743344675,0,0.0,0,0.0
2016-11-28,-0.2078152696344145,0,-0.7261468963705686,0,0.0,0,0.0
2016-11-29,-0.1257396332516687,0,-0.4389062692383439,0,0.0,0,0.0
2016-11-30,0.9316559147234748,1,3.2616676612618547,0,0.0,0,0.0
2016-12-01,0.9014836044599104,1,3.156073434959197,0,0.0,0,0.0
2016-12-02,-0.1293758422952245,0,-0.4516319331757412,0,0.0,0,0.0
2016-12-05,-0.2003335061219467,0,-0.6999629209779877,0,0.0,0,0.0
2016-12-06,-0.1088572362203177,0,-0.3798228368764362,0,0.0,0,0.0
2016-12-07,-0.2623257814484317,0,-0.9169176815733802,0,0.0,0,0.0
2016-12-08,-0.1903085093529913,0,-0.6648783759677628,0,0.0,0,0.0
2016-12-09,-0.0394756004173647,0,-0.1370074843817778,0,0.0,0,0.0
2016-12-12,-0.0553236794879468,0,-0.1924711075920398,0,0.0,0,0.0
2016-12-13,-0.2159472062680769,0,-0.7546062867743174,0,0.0,0,0.0
2016-12-14,-0.1224920211842976,0,-0.4275405806122613,0,0.0,0,0.0
2016-12-15,0.019019191258628,0,0.067707110417431,0,0.0,0,0.0
2016-12-16,0.0140749525176298,0,0.0504037266211364,0,0.0,0,0.0
2016-12-19,-0.1272632411222851,0,-0.4442384494022427,0,0.0,0,0.0
2016-12-20,-0.0281216250967319,0,-0.097271904674132,0,0.0,0,0.0
2016-12-21,0.1036948824490876,0,0.3640471659118446,0,0.0,0,0.0
2016-12-22,0.1377244666647065,0,0.4831407184194446,0,0.0,0,0.0
2016-12-23,-0.0712463883948562,0,-0.2481959133155812,0,0.0,0,0.0
2016-12-27,-0.019310627511154,0,-0.0664360003341447,0,0.0,0,0.0
2016-12-28,-0.0247837474355481,0,-0.0855903129747632,0,0.0,0,0.0
2016-12-29,-0.065850591726183,0,-0.2293122093652394,0,0.0,0,0.0
2016-12-30,0.0201970632104214,0,0.071829316385312,0,0.0,0,0.0
2017-01-03,0.0208006408232731,0,0.0739416607993109,0,0.0,0,0.0
2017-01-04,-0.2418201816361926,0,-0.8451541033743298,0,0.0,0,0.0
2017-01-05,-0.111278678204372,0,-0.3882971728026367,0,0.0,0,0.0
2017-01-06,-0.0796582648331691,0,-0.2776350108357281,0,0.0,0,0.0
2017-01-09,-0.3033658835243393,0,-1.0605459880647372,1,0.4616001206450873,1,1.0
2017-01-10,0.0056971635738585,0,0.0210839253226334,0,0.0,0,0.0
2017-01-11,0.2190308203100039,0,0.7676890818582611,0,0.0,0,0.0
2017-01-12,-0.0641476013510972,0,-0.2233522431085219,0,0.0,0,0.0
2017-01-13,-0.0260405815672597,0,-0.0899888633863678,0,0.0,0,0.0
2017-01-17,-0.1154091895851004,0,-0.4027527497761056,0,0.0,0,0.0
2017-01-18,0.0816599831304835,0,0.2869314884950341,0,0.0,0,0.0
2017-01-19,0.0379943411653019,0,0.1341145633393164,0,0.0,0,0.0
2017-01-20,-0.0367753599527864,0,-0.1275574356384906,0,0.0,0,0.0
2017-01-23,-0.1572139361168689,0,-0.5490570873372729,0,0.0,0,0.0
2017-01-24,0.1647978676257031,0,0.5778896721086257,0,0.0,0,0.0
2017-01-25,0.1083281797913982,0,0.380262346115737,0,0.0,0,0.0
2017-01-26,0.0380718716274919,0,0.1343858971913921,0,0.0,0,0.0
2017-01-27,-0.0628795877050736,0,-0.2189145676795121,0,0.0,0,0.0
2017-01-30,-0.1278240158136277,0,-0.4462009961593577,0,0.0,0,0.0
2017-01-31,-0.045406176911158,0,-0.1577627606904358,0,0.0,0,0.0
2017-02-01,-0.0318368742931189,0,-0.1102741859375524,0,0.0,0,0.0
2017-02-02,-0.0295433518396412,0,-0.1022475308068314,0,0.0,0,0.0
2017-02-03,0.0545915500938438,0,0.1921999210823501,0,0.0,0,0.0
2017-02-06,-0.1003241873503993,0,-0.3499596714260304,0,0.0,0,0.0
2017-02-07,-0.2062640678960031,0,-0.7207181457718884,0,0.0,0,0.0
2017-02-08,-0.2254560897209181,0,-0.7878845867266228,0,0.0,0,0.0
2017-02-09,-0.0208680169916097,0,-0.0718864062130477,0,0.0,0,0.0
2017-02-10,0.0978051567840529,0,0.3434348555086446,0,0.0,0,0.0
2017-02-13,0.0925666801467882,0,0.3251017254737037,0,0.0,0,0.0
2017-02-14,0.0038060898507924,0,0.0144657225756734,0,0.0,0,0.0
2017-02-15,-0.0553543197455638,0,-0.1925783394966742,0,0.0,0,0.0
2017-02-16,-0.0430747796980433,0,-0.149603555022307,0,0.0,0,0.0
2017-02-17,-0.1871524090162155,0,-0.6538329515277974,0,0.0,0,0.0
2017-02-21,-0.2072684667791392,0,-0.7242332469370812,0,0.0,0,0.0
2017-02-22,-0.1651453388431929,0,-0.5768146679489351,0,0.0,0,0.0
2017-02-23,-0.2159310349503648,0,-0.7545496919107759,0,0.0,0,0.0
2017-02-24,-0.0533690453474799,0,-0.1856304620476846,0,0.0,0,0.0
2017-02-27,0.126070992963568,0,0.4423569823229725,0,0.0,0,0.0
2017-02-28,0.0913819223315532,0,0.3209554210057015,0,0.0,0,0.0
2017-03-01,0.4215246091926722,1,1.4763578838617928,0,0.0,0,-1.0
2017-03-02,-0.1988672384784229,0,-0.6948314147718655,0,0.0,0,0.0
2017-03-03,0.0594249110214544,0,0.2091152650892972,0,0.0,0,0.0
2017-03-06,0.1136713641894459,0,0.3989619225676472,0,0.0,0,0.0
2017-03-07,-0.0492228615084787,0,-0.1711200360722293,0,0.0,0,0.0
2017-03-08,-0.2027148946525565,0,-0.7082970815781926,0,0.0,0,0.0
2017-03-09,0.0167437628994077,0,0.0597437793035672,0,0.0,0,0.0
2017-03-10,0.0921414789102054,0,0.3236136459992555,0,0.0,0,0.0
2017-03-13,-0.0014487362473615,0,-0.0039246257716204,0,0.0,0,0.0
2017-03-14,-0.2351639424769692,0,-0.821859220815986,0,0.0,0,0.0
2017-03-15,0.1340740847200327,0,0.4703654534897819,0,0.0,0,0.0
2017-03-16,-0.1689803283203682,0,-0.5902360050352827,0,0.0,0,0.0
2017-03-17,0.0829949215540494,0,0.2916033809940433,0,0.0,0,0.0
2017-03-20,-0.049449680516697,0,-0.1719138359991934,0,0.0,0,0.0
2017-03-21,-0.0123849859338874,0,-0.0421982884183921,0,0.0,0,0.0
2017-03-22,-0.1460589794268819,0,-0.5100180143982266,0,0.0,0,0.0
2017-03-23,-0.0764820358476646,0,-0.2665191420356702,0,0.0,0,0.0
2017-03-24,-0.2480083397287452,0,-0.8668108396438987,0,0.0,0,0.0
2017-03-27,-0.1132336346535757,0,-0.3951389463329302,0,0.0,0,0.0
2017-03-28,0.1067008650277975,0,0.3745672222782755,0,0.0,0,0.0
2017-03-29,0.0009597607088359,0,0.0045044063581829,0,0.0,0,0.0
2017-03-30,0.064054724886754,0,0.2253182541465188,0,0.0,0,0.0
2017-03-31,0.006747423260621,0,0.0247595258342217,0,0.0,0,0.0
2017-04-03,-0.0637317341665474,0,-0.2218968300753929,0,0.0,0,0.0
2017-04-04,0.2341068343851999,0,0.8204507042892982,0,0.0,0,0.0
2017-04-05,-0.0656137057875322,0,-0.2284831781377563,0,0.0,0,0.0
2017-04-06,0.0323208247627982,0,0.1142589218685581,0,0.0,0,0.0
2017-04-07,0.0283181976136041,0,0.1002509021542855,0,0.0,0,0.0
2017-04-10,0.0685116587160408,0,0.2409162138411733,0,0.0,0,0.0
2017-04-11,0.0658380111456236,0,0.2315592324188685,0,0.0,0,0.0
2017-04-12,-0.3572206125122643,0,-1.2490217259364402,1,-0.1057690306712221,0,1.0
2017-04-13,-0.1384299128189703,0,-0.4833185214248071,0,0.0,0,0.0
2017-04-17,-0.0988543336738796,0,-0.3448156151574046,0,0.0,0,0.0
2017-04-18,-0.1976503694588944,0,-0.6905727305177815,0,0.0,0,0.0
2017-04-19,-0.2173508873179393,0,-0.759518758280184,0,0.0,0,0.0
2017-04-20,0.002596193866369,0,0.010231441896936,0,0.0,0,0.0
2017-04-21,0.0805906130911809,0,0.2831890073610069,0,0.0,0,0.0
2017-04-24,0.2004204782919989,0,0.7025583494266726,0,0.0,0,0.0
2017-04-25,0.0518896725464793,0,0.1827441430300145,0,0.0,0,0.0
2017-04-26,0.0675802815457852,0,0.2376566672293958,0,0.0,0,0.0
2017-04-27,-0.1974071788301458,0,-0.6897216347262278,0,0.0,0,0.0
2017-04-28,-0.0646731802596337,0,-0.2251916149604984,0,0.0,0,0.0
2017-05-01,-0.2301960448466025,0,-0.8044730378539586,0,0.0,0,0.0
2017-05-02,-0.059928481190167,0,-0.208586561422908,0,0.0,0,0.0
2017-05-03,0.1971008507778696,0,0.6909406278831288,0,0.0,0,0.0
2017-05-04,-0.2562219220461704,0,-0.8955559659668587,0,0.0,0,0.0
2017-05-05,0.0654498819905106,0,0.2302008943439366,0,0.0,0,0.0
2017-05-08,0.0389124092261253,0,0.1373275319760898,0,0.0,0,0.0
2017-05-09,-0.2042899674268483,0,-0.7138093737931035,0,0.0,0,0.0
2017-05-10,-0.0241507087448131,0,-0.0833748634389504,0,0.0,0,0.0
2017-05-11,-0.0034257067999571,0,-0.0108434421996935,0,0.0,0,0.0
2017-05-12,-0.1556772769656402,0,-0.5436792315235324,0,0.0,0,0.0
2017-05-15,-0.0123367429718885,0,-0.0420294522171755,0,0.0,0,0.0
2017-05-16,-0.055988948847495,0,-0.1947993550046746,0,0.0,0,0.0
2017-05-17,0.1843660661334396,0,0.6463726209949254,0,0.0,0,0.0
2017-05-18,-0.1866436348859752,0,-0.652052391465401,0,0.0,0,0.0
2017-05-19,0.147121327427456,0,0.5160269718501131,0,0.0,0,0.0
2017-05-22,-0.2741837475094,0,-0.958417080883322,0,0.0,0,0.0
2017-05-23,0.076091212583023,0,0.2674424267599697,0,0.0,0,0.0
2017-05-24,-0.2106541809928943,0,-0.7360822525240052,0,0.0,0,0.0
2017-05-25,-0.2934401765793405,0,-1.0258089282834806,1,0.5421412242908336,1,1.0
2017-05-26,-0.031660979718576,0,-0.1096586065753012,0,0.0,0,0.0
2017-05-30,-0.1269972947169022,0,-0.4433077150743415,0,0.0,0,0.0
2017-05-31,-0.0518263730927381,0,-0.1802315621373003,0,0.0,0,0.0
2017-06-01,-0.0422206189437964,0,-0.1466142431931855,0,0.0,0,0.0
2017-06-02,-0.2829229030819413,0,-0.9890015592729472,0,0.0,0,0.0
2017-06-05,-0.1008639354677959,0,-0.3518486313484544,0,0.0,0,0.0
2017-06-06,-0.0047203046248036,0,-0.0153741544485615,0,0.0,0,0.0
2017-06-07,-0.276362362957211,0,-0.9660415952348276,0,0.0,0,0.0
2017-06-08,0.1516605189554495,0,0.5319128093365739,0,0.0,0,0.0
2017-06-09,0.9116250080350584,1,3.191565369610085,0,0.0,0,0.0
2017-06-12,0.090734343180265,0,0.318689084127528,0,0.0,0,0.0
2017-06-13,-0.0012938270546135,0,-0.0033824890836271,0,0.0,0,0.0
2017-06-14,-0.2150246913654084,0,-0.751377755496831,0,0.0,0,0.0
2017-06-15,0.0436419926796558,0,0.1538796852963642,0,0.0,0,0.0
2017-06-16,0.351649808353179,1,1.231816598549326,0,0.0,0,-1.0
2017-06-19,-0.2583814576653259,0,-0.9031137065205586,0,0.0,0,0.0
2017-06-20,-0.1242226342055708,0,-0.4335972180196836,0,0.0,0,0.0
2017-06-21,-0.5723795772764542,1,-2.002014924597504,0,0.0,0,1.0
2017-06-22,-0.0611831948477871,0,-0.2129776907978358,0,0.0,0,0.0
2017-06-23,-0.0292343936849526,0,-0.1011662679860775,0,0.0,0,0.0
2017-06-26,0.0610803235411328,0,0.2149087228225708,0,0.0,0,0.0
2017-06-27,0.3326923488533167,1,1.165471056856774,0,0.0,0,-1.0
2017-06-28,-0.0627267787061544,0,-0.2183797810532313,0,0.0,0,0.0
2017-06-29,0.3174727052362618,0,1.1122067732037648,-1,0.118890095058772,0,-1.0
2017-06-30,0.3176218634526207,0,1.112728783163079,-1,-0.3383847010713999,-1,-1.0
2017-07-03,0.4254145419713075,1,1.4899715063700223,0,0.0,0,-1.0
2017-07-05,-0.2995413690820752,0,-1.0471613105247513,1,-0.1893235904892423,0,1.0
2017-07-06,0.199517077784871,0,0.6993967129209391,0,0.0,0,0.0
2017-07-07,-0.1628913222342667,0,-0.5689262716738804,0,0.0,0,0.0
2017-07-10,0.1093978582707282,0,0.3840059066992916,0,0.0,0,0.0
2017-07-11,-0.094957098753833,0,-0.3311764372983937,0,0.0,0,0.0
2017-07-12,-0.2598630388976226,0,-0.9082988057907936,0,0.0,0,0.0
2017-07-13,0.03018194015854,0,0.1067734538031561,0,0.0,0,0.0
2017-07-14,-0.1730156732700975,0,-0.604358527444366,0,0.0,0,0.0
2017-07-17,-0.0207628376187792,0,-0.0715183092923936,0,0.0,0,0.0
2017-07-18,-0.2153780278232273,0,-0.7526143293475566,0,0.0,0,0.0
2017-07-19,0.0121864297935633,0,0.0437944516216145,0,0.0,0,0.0
2017-07-20,-0.106116157540327,0,-0.3702298663706992,0,0.0,0,0.0
2017-07-21,-0.0443456579867151,0,-0.1540512558594283,0,0.0,0,0.0
2017-07-24,-0.0441099218098593,0,-0.1532262484606181,0,0.0,0,0.0
2017-07-25,0.2264204194107656,0,0.7935505088724866,0,0.0,0,0.0
2017-07-26,-0.3582290584330153,0,-1.2525509905449363,1,0.5772809363858293,1,1.0
2017-07-27,0.1929063542441963,0,0.6762611216625771,0,0.0,0,0.0
2017-07-28,0.1637394888342321,0,0.5741856571146039,0,0.0,0,0.0
2017-07-31,0.0804785090647117,0,0.282796676185932,0,0.0,0,0.0
2017-08-01,-0.1442155552160938,0,-0.5035665709527167,0,0.0,0,0.0
2017-08-02,0.3476309787869369,1,1.2177518751329677,0,0.0,0,-1.0
2017-08-03,0.0189288428538264,0,0.0673909175299996,0,0.0,0,0.0
2017-08-04,0.1277512130517327,0,0.4482372592615997,0,0.0,0,0.0
2017-08-07,-0.256115916172675,0,-0.8951849765365665,0,0.0,0,0.0
2017-08-08,-0.0763121893686656,0,-0.2659247292318955,0,0.0,0,0.0
2017-08-09,0.2190518779528141,0,0.7677627774248543,0,0.0,0,0.0
2017-08-10,0.1289882020409725,0,0.4525663575017636,0,0.0,0,0.0
2017-08-11,-0.1600618687932012,0,-0.5590240154542265,0,0.0,0,0.0
2017-08-14,-0.242970704036151,0,-0.8491805939415499,0,0.0,0,0.0
2017-08-15,-0.1009200086889087,0,-0.3520448711573382,0,0.0,0,0.0
2017-08-16,-0.1275124243857475,0,-0.4451105176556522,0,0.0,0,0.0
2017-08-17,0.0844138206758108,0,0.2965691112830111,0,0.0,0,0.0
2017-08-18,0.0643685022077368,0,0.2264163826342308,0,0.0,0,0.0
2017-08-21,-0.1596720256077824,0,-0.5576596787765221,0,0.0,0,0.0
2017-08-22,0.0168041008292357,0,0.0599549443406902,0,0.0,0,0.0
2017-08-23,-0.0335566829919437,0,-0.1162930113889229,0,0.0,0,0.0
2017-08-24,0.0121523467335403,0,0.0436751709194836,0,0.0,0,0.0
2017-08-25,0.1222644733878686,0,0.4290352815320563,0,0.0,0,0.0
2017-08-28,-0.0243723879367362,0,-0.0841506755181067,0,0.0,0,0.0
2017-08-29,0.1050906455686494,0,0.3689319269866336,0,0.0,0,0.0
2017-08-30,-0.1544270111882285,0,-0.5393036684232848,0,0.0,0,0.0
2017-08-31,-0.0426785759981701,0,-0.148216958411676,0,0.0,0,0.0
2017-09-01,0.0152139286233667,0,0.0543898085489673,0,0.0,0,0.0
2017-09-05,0.0263182444026554,0,0.0932516531704691,0,0.0,0,0.0
2017-09-06,0.0969559228192259,0,0.3404627859958193,0,0.0,0,0.0
2017-09-07,-0.0056678454673031,0,-0.0186902691669869,0,0.0,0,0.0
2017-09-08,0.447021141330792,1,1.5655882596933963,0,0.0,0,-1.0
2017-09-11,-0.1539172540367614,0,-0.5375196680752433,0,0.0,0,0.0
2017-09-12,0.1466622315346167,0,0.5144202710313949,0,0.0,0,0.0
2017-09-13,0.0682934542010221,0,0.2401525621108986,0,0.0,0,0.0
2017-09-14,0.1097228987227411,0,0.3851434528383689,0,0.0,0,0.0
2017-09-15,0.0302691124358052,0,0.1070785311768294,0,0.0,0,0.0
2017-09-18,0.2482724327081595,0,0.8700261389166377,0,0.0,0,0.0
2017-09-19,0.1117287315304174,0,0.3921632786842818,0,0.0,0,0.0
2017-09-20,0.3340138387536152,1,1.1700958834732926,0,0.0,0,-1.0
2017-09-21,0.0837777731575732,0,0.294343131734434,0,0.0,0,0.0
2017-09-22,0.0370015939041983,0,0.1306402394299237,0,0.0,0,0.0
2017-09-25,0.360098198174148,1,1.261383482187194,0,0.0,0,-1.0
2017-09-26,0.0079188454655959,0,0.0288591595821038,0,0.0,0,0.0
2017-09-27,-0.0577773187057958,0,-0.2010581243823154,0,0.0,0,0.0
2017-09-28,-0.0541628770367129,0,-0.1884086398639292,0,0.0,0,0.0
2017-09-29,-0.1372724269867865,0,-0.4792676608894994,0,0.0,0,0.0
2017-10-02,0.2183694555307844,0,0.7653744993302586,0,0.0,0,0.0
2017-10-03,-0.0380298700167368,0,-0.1319478524953565,0,0.0,0,0.0
2017-10-04,-0.2207383043458326,0,-0.7713737232165873,0,0.0,0,0.0
2017-10-05,-0.1180438156079383,0,-0.4119731672399403,0,0.0,0,0.0
2017-10-06,-0.1108410626361027,0,-0.386765646812557,0,0.0,0,0.0
2017-10-09,0.0462010107446195,0,0.1628354971087158,0,0.0,0,0.0
2017-10-10,-0.1555854269971935,0,-0.5433577836042537,0,0.0,0,0.0
2017-10-11,-0.0755335205153678,0,-0.2631996168890976,0,0.0,0,0.0
2017-10-12,0.1778238330100369,0,0.623476726085892,0,0.0,0,0.0
2017-10-13,-0.1038175894696735,0,-0.3621855530614279,0,0.0,0,0.0
2017-10-16,0.0725696262912121,0,0.2551179087965286,0,0.0,0,0.0
2017-10-17,-0.0356490493301562,0,-0.123615679182515,0,0.0,0,0.0
2017-10-18,-0.0305536647277345,0,-0.1057833292528204,0,0.0,0,0.0
2017-10-19,0.1238773749250959,0,0.4346799633094258,0,0.0,0,0.0
2017-10-20,0.0867692477795442,0,0.3048124145123096,0,0.0,0,0.0
2017-10-23,0.0089402814173481,0,0.0324338854847881,0,0.0,0,0.0
2017-10-24,0.1130561329177841,0,0.396808793769725,0,0.0,0,0.0
2017-10-25,-0.0152551216852203,0,-0.0522429207782671,0,0.0,0,0.0
2017-10-26,0.1731707824971103,0,0.6071924155850483,0,0.0,0,0.0
2017-10-27,-0.1528536497367296,0,-0.5337973653356463,0,0.0,0,0.0
2017-10-30,0.0039710749124765,0,0.015043121846324,0,0.0,0,0.0
2017-10-31,-0.1244133816603148,0,-0.4342647781013259,0,0.0,0,0.0
2017-11-01,0.1844923412924896,0,0.6468145469729051,0,0.0,0,0.0
2017-11-02,0.1637137894929487,0,0.5740957169663156,0,0.0,0,0.0
2017-11-03,-0.2062419753800182,0,-0.7206408284530578,0,0.0,0,0.0
2017-11-06,0.0585823120171602,0,0.2061664159900859,0,0.0,0,0.0
2017-11-07,0.0485005052253648,0,0.1708830525812826,0,0.0,0,0.0
2017-11-08,-0.1904191966796158,0,-0.6652657491093726,0,0.0,0,0.0
2017-11-09,-0.135513509116586,0,-0.473111964822101,0,0.0,0,0.0
2017-11-10,-0.1835710633056078,0,-0.6412992931459718,0,0.0,0,0.0
2017-11-13,-0.1838318705288304,0,-0.6422120418453512,0,0.0,0,0.0
2017-11-14,-0.1203830352645401,0,-0.4201597491633378,0,0.0,0,0.0
2017-11-15,-0.0592166396085065,0,-0.2060953249080739,0,0.0,0,0.0
2017-11-16,-0.3230653508731766,0,-1.1294883393498791,1,0.0539069180109212,1,1.0
2017-11-17,-0.0591425417307346,0,-0.2058360040935375,0,0.0,0,0.0
2017-11-20,0.1240561368373336,0,0.4353055775116607,0,0.0,0,0.0
2017-11-21,-0.1051515421997391,0,-0.3668539959226197,0,0.0,0,0.0
2017-11-22,0.0693681284204029,0,0.2439136063177113,0,0.0,0,0.0
2017-11-24,-0.1170399073462495,0,-0.40845978310575,0,0.0,0,0.0
2017-11-27,0.1207543952281166,0,0.423750451383398,0,0.0,0,0.0
2017-11-28,0.3119167344903052,0,1.0927625070155058,-1,-0.5904112579250412,-1,-1.0
2017-11-29,0.4626067276189032,1,1.6201332352418478,0,0.0,0,-1.0
2017-11-30,0.2531113289756245,0,0.8869608549877106,0,0.0,0,0.0
2017-12-01,-0.0847869004433738,0,-0.2955837295290328,0,0.0,0,0.0
2017-12-04,0.3588178922769029,1,1.2569027874883338,0,0.0,0,-1.0
2017-12-05,-0.1126142515013171,0,-0.3929712871720529,0,0.0,0,0.0
2017-12-06,-0.1478963263368647,0,-0.5164481890754204,0,0.0,0,0.0
2017-12-07,0.0140547139503936,0,0.0503328975785436,0,0.0,0,0.0
2017-12-08,0.0688494973078773,0,0.2420985497116629,0,0.0,0,0.0
2017-12-11,-0.1812031496528295,0,-0.6330122906614929,0,0.0,0,0.0
2017-12-12,0.0135586318415052,0,0.0485967558640685,0,0.0,0,0.0
2017-12-13,0.0309062814527436,0,0.1093084356415491,0,0.0,0,0.0
2017-12-14,-0.2532906724952776,0,-0.8852974532536206,0,0.0,0,0.0
2017-12-15,-0.076472149855673,0,-0.2664845439665643,0,0.0,0,0.0
2017-12-18,-0.0895143971107657,0,-0.3121285797105734,0,0.0,0,0.0
2017-12-19,0.1933355245757832,0,0.677763091804078,0,0.0,0,0.0
2017-12-20,0.3164463749635505,0,1.1086149186148633,-1,-0.1480390578033919,-1,-1.0
2017-12-21,0.2505056515148589,0,0.8778417489908432,0,0.0,0,0.0
2017-12-22,-0.000647133110052,0,-0.0011192501690703,0,0.0,0,0.0
2017-12-26,0.1682086213719132,0,0.5898263087066814,0,0.0,0,0.0
2017-12-27,-2.600585956257645e-05,0,0.0010545128234882,0,0.0,0,0.0
2017-12-28,0.0216212316515735,0,0.0768134877448953,0,0.0,0,0.0
2017-12-29,0.0700728683228179,0,0.2463799890404817,0,0.0,0,0.0
2018-01-02,-0.2196963198255232,0,-0.7677270833577137,0,0.0,0,0.0
2018-01-03,0.037862416916944,0,0.1336528672075245,0,0.0,0,0.0
2018-01-04,0.3490552996101685,1,1.2227365797850844,0,0.0,0,-1.0
2018-01-05,-0.1931830004646023,0,-0.6749382508097289,0,0.0,0,0.0
2018-01-08,-0.0840332354006944,0,-0.2929461231814274,0,0.0,0,0.0
2018-01-09,0.1757681992716915,0,0.6162826116058897,0,0.0,0,0.0
2018-01-10,-0.0386743739209201,0,-0.1342034269116601,0,0.0,0,0.0
2018-01-11,0.2137114222478351,0,0.7490727505974472,0,0.0,0,0.0
2018-01-12,0.1049629070368785,0,0.3684848796338271,0,0.0,0,0.0
2018-01-16,-0.2296087236755654,0,-0.802417586212865,0,0.0,0,0.0
2018-01-17,-0.2221470337590627,0,-0.7763038625118691,0,0.0,0,0.0
2018-01-18,-0.039823451764375,0,-0.1382248619552893,0,0.0,0,0.0
2018-01-19,0.0207334279054218,0,0.0737064353228373,0,0.0,0,0.0
2018-01-22,-0.1192785111913334,0,-0.4162942392330702,0,0.0,0,0.0
2018-01-23,-0.2623444965253986,0,-0.9169831788473788,0,0.0,0,0.0
2018-01-24,0.2757585725434445,0,0.9662195574716116,0,0.0,0,0.0
2018-01-25,0.1067786902171132,0,0.3748395875887496,0,0.0,0,0.0
2018-01-26,0.0742189573437204,0,0.260890083180433,0,0.0,0,0.0
2018-01-29,-0.1000721529996153,0,-0.3490776252041718,0,0.0,0,0.0
2018-01-30,-0.0656487216192445,0,-0.2286057232669063,0,0.0,0,0.0
2018-01-31,-0.3438407950778245,0,-1.202196293686839,1,0.12914033141377,1,1.0
2018-02-01,0.3782849590266196,1,1.3250318049172989,0,0.0,0,-1.0
2018-02-02,0.0059590648593681,0,0.0220005029187631,0,0.0,0,0.0
2018-02-05,-0.0003791597924722,0,-0.0001814222436508,0,0.0,0,0.0
2018-02-06,-0.2439392078931966,0,-0.8525700730554303,0,0.0,0,0.0
2018-02-07,0.1219190807160807,0,0.4278265085998725,0,0.0,0,0.0
2018-02-08,0.1518952535349915,0,0.5327343114388888,0,0.0,0,0.0
2018-02-09,-0.1727088704167471,0,-0.6032848075454258,0,0.0,0,0.0
2018-02-12,0.0669808074092057,0,0.235558683777429,0,0.0,0,0.0
2018-02-13,-0.114742764588227,0,-0.4004204579721671,0,0.0,0,0.0
2018-02-14,0.0642020500614937,0,0.2258338489984094,0,0.0,0,0.0
2018-02-15,-0.2191189699683091,0,-0.7657065283870825,0,0.0,0,0.0
2018-02-16,-0.05593810812129,0,-0.194621427391529,0,0.0,0,0.0
2018-02-20,-0.1188369601865597,0,-0.4147489403708039,0,0.0,0,0.0
2018-02-21,0.2004600246440629,0,0.7026967500467383,0,0.0,0,0.0
2018-02-22,0.1002666362592706,0,0.3520493108975432,0,0.0,0,0.0
2018-02-23,-0.2582496251055595,0,-0.9026523312719142,0,0.0,0,0.0
2018-02-26,-0.0790522127379381,0,-0.2755140064599943,0,0.0,0,0.0
2018-02-27,0.1550156849128928,0,0.543654904996417,0,0.0,0,0.0
2018-02-28,-0.4239233909523042,1,-1.482461864264831,0,0.0,0,1.0
2018-03-01,-0.0849918402183101,0,-0.2963009585639992,0,0.0,0,0.0
2018-03-02,-0.2557443486425341,0,-0.8938845992859784,0,0.0,0,0.0
2018-03-05,-0.0359823564844371,0,-0.1247821563521447,0,0.0,0,0.0
2018-03-06,-0.039983091172157,0,-0.138783553006949,0,0.0,0,0.0
2018-03-07,-0.1097641045081592,0,-0.3829966095964085,0,0.0,0,0.0
2018-03-08,-0.1451015863928316,0,-0.506667419902313,0,0.0,0,0.0
2018-03-09,0.1921502413255884,0,0.6736149484680021,0,0.0,0,0.0
2018-03-12,-0.3774473668630063,0,-1.3198094268987923,1,0.3771105240951006,1,1.0
2018-03-13,0.1099513047109957,0,0.3859428067294684,0,0.0,0,0.0
2018-03-14,-0.207147108743014,0,-0.7238085294455033,0,0.0,0,0.0
2018-03-15,0.0134369178703167,0,0.0481707927042837,0,0.0,0,0.0
2018-03-16,0.1645004796136948,0,0.5768489013898644,0,0.0,0,0.0
2018-03-19,0.136823977469121,0,0.4799892706492494,0,0.0,0,0.0
2018-03-20,0.1580667157502126,0,0.5543326170402766,0,0.0,0,0.0
2018-03-21,0.398451831074467,1,1.3956099354030078,0,0.0,0,-1.0
2018-03-22,-0.2171694305880762,0,-0.7588837130075506,0,0.0,0,0.0
2018-03-23,0.3722602879349149,1,1.303947225145336,0,0.0,0,-1.0
2018-03-26,-0.1314422542554312,0,-0.4588637682674038,0,0.0,0,0.0
2018-03-27,0.0948395704197331,0,0.3330561740308722,0,0.0,0,0.0
2018-03-28,-0.1922759051513651,0,-0.6717636835675344,0,0.0,0,0.0
2018-03-29,-0.0030907721180276,0,-0.0096712691611916,0,0.0,0,0.0
2018-04-02,0.2446887580029124,0,0.8574843297374469,0,0.0,0,0.0
2018-04-03,0.1007845891727508,0,0.3538619940060754,0,0.0,0,0.0
2018-04-04,-0.3040569960872596,0,-1.062964679100728,1,0.1037307711825793,1,1.0
2018-04-05,0.2006042948174212,0,0.7032016532908466,0,0.0,0,0.0
2018-04-06,-0.1518069501397465,0,-0.530134224092922,0,0.0,0,0.0
2018-04-09,-0.0699988874593209,0,-0.2438300263500487,0,0.0,0,0.0
2018-04-10,0.1490409259123435,0,0.5227450028876046,0,0.0,0,0.0
2018-04-11,-0.0799615269263067,0,-0.2786963391136113,0,0.0,0,0.0
2018-04-12,0.0754302549850824,0,0.2651292692468813,0,0.0,0,0.0
2018-04-13,0.1205692671214929,0,0.4231025573701442,0,0.0,0,0.0
2018-04-16,0.1176481900038243,0,0.4128796451862172,0,0.0,0,0.0
2018-04-17,-0.3111417744032279,0,-1.0877593228739604,1,-0.0531060081402807,0,1.0
2018-04-18,0.2385303356614387,0,0.835931659865223,0,0.0,0,0.0
2018-04-19,0.3247741711797925,0,1.1377597600465843,-1,-0.1174648910093395,-1,-1.0
2018-04-20,0.1519484227591677,0,0.5329203881112068,0,0.0,0,0.0
2018-04-23,0.0249507585217751,0,0.0884658541279035,0,0.0,0,0.0
2018-04-24,-0.5111450938308553,1,-1.7877122130716594,0,0.0,0,1.0
2018-04-25,0.2301154898813019,0,0.8064821705205925,0,0.0,0,0.0
2018-04-26,-0.4792364481777226,1,-1.6760413227528297,0,0.0,0,1.0
2018-04-27,-0.1389909546100748,0,-0.4852820029526596,0,0.0,0,0.0
2018-04-30,-0.0729618105077175,0,-0.2541993870041304,0,0.0,0,0.0
2018-05-01,-0.4134668972196894,1,-1.4458672065840306,0,0.0,0,1.0
2018-05-02,0.063721233882232,0,0.22415113355503,0,0.0,0,0.0
2018-05-03,0.0358984854368924,0,0.1267796837046388,0,0.0,0,0.0
2018-05-04,-0.1815858653899352,0,-0.6343516833629639,0,0.0,0,0.0
2018-05-07,-0.0121807175452831,0,-0.0414834090384457,0,0.0,0,0.0
2018-05-08,0.3384805591861242,1,1.185728093405544,0,0.0,0,-1.0
2018-05-09,-0.0134874969078851,0,-0.0460567530925427,0,0.0,0,0.0
2018-05-10,-0.1340802487750973,0,-0.4680959744810319,0,0.0,0,0.0
2018-05-11,0.1674911561456469,0,0.5873153910870206,0,0.0,0,0.0
2018-05-14,0.0214143801343552,0,0.0760895681732948,0,0.0,0,0.0
2018-05-15,0.2733350501118278,0,0.957737940589833,0,0.0,0,0.0
2018-05-16,-0.0367510822000243,0,-0.1274724706325998,0,0.0,0,0.0
2018-05-17,0.284876092587265,0,0.9981282004099946,0,0.0,0,0.0
2018-05-18,0.2029712090660843,0,0.7114851581543814,0,0.0,0,0.0
2018-05-21,0.1027821546560951,0,0.3608528866443946,0,0.0,0,0.0
2018-05-22,-0.356797674091346,0,-1.2475415656523776,1,0.0293716036025291,1,1.0
2018-05-23,-0.1693750349683458,0,-0.5916173624038644,0,0.0,0,0.0
2018-05-24,-0.0155977229478713,0,-0.0534419245981248,0,0.0,0,0.0
2018-05-25,-0.3818710226074761,0,-1.3352909230681684,1,-0.0634471197907487,0,1.0
2018-05-29,-0.1906274404200959,0,-0.6659945410535852,0,0.0,0,0.0
2018-05-30,0.1664361061541748,0,0.5836230259155455,0,0.0,0,0.0
2018-05-31,-0.2329161620771407,0,-0.8139926494416092,0,0.0,0,0.0
2018-06-01,-0.1376793738044659,0,-0.4806918552579058,0,0.0,0,0.0
2018-06-04,-0.3462110194419555,0,-1.2104913829825483,1,0.084049613012344,1,1.0
2018-06-05,0.0908732489066697,0,0.3191752133824834,0,0.0,0,0.0
2018-06-06,-0.0775899655517513,0,-0.2703965706740084,0,0.0,0,0.0
2018-06-07,0.462135652432964,1,1.6184846104148092,0,0.0,0,-1.0
2018-06-08,-0.0871630023291265,0,-0.3038993884245772,0,0.0,0,0.0
2018-06-11,-0.0703435133230138,0,-0.2450361156790614,0,0.0,0,0.0
2018-06-12,-0.2916114105959925,0,-1.0194087843298554,1,0.2347772955025213,1,1.0
2018-06-13,0.0029199130446585,0,0.0113643639659527,0,0.0,0,0.0
2018-06-14,-0.4416435229332202,1,-1.54447712296265,0,0.0,0,1.0
2018-06-15,-0.2640643033978085,0,-0.9230019979068336,0,0.0,0,0.0
2018-06-18,0.0879999509385382,0,0.3091195141923478,0,0.0,0,0.0
2018-06-19,-0.2868652380911994,0,-1.0027985742012735,1,0.3983945283499703,1,1.0
2018-06-20,-0.1974999250934796,0,-0.6900462194144287,0,0.0,0,0.0
2018-06-21,-0.3439570791355627,0,-1.2026032537439555,1,0.0083680834312225,1,1.0
2018-06-22,0.2407045778661996,0,0.8435408691501863,0,0.0,0,0.0
2018-06-25,0.1890810629400496,0,0.6628737253341151,0,0.0,0,0.0
2018-06-26,-0.0268110250371094,0,-0.0926851893023504,0,0.0,0,0.0
2018-06-27,0.3432144982384634,1,1.2022954900426963,0,0.0,0,-1.0
2018-06-28,-0.2943515494831506,0,-1.028998465836634,1,0.0936789712036677,1,1.0
2018-06-29,0.0498175307145052,0,0.1754922550696515,0,0.0,0,0.0
2018-07-02,-0.1938955497879879,0,-0.6774319642127841,0,0.0,0,0.0
2018-07-03,0.1696292334149365,0,0.5947980337170936,0,0.0,0,0.0
2018-07-05,-0.2436106250628716,0,-0.8514201296324235,0,0.0,0,0.0
2018-07-06,-0.2919822743734515,0,-1.0207066986527025,1,0.0213054608981143,1,1.0
2018-07-09,0.3869205470296886,1,1.3552538272247434,0,0.0,0,-1.0
2018-07-10,0.0257825494040124,0,0.0913768779735491,0,0.0,0,0.0
2018-07-11,-0.2884792702640768,0,-1.0084472128714257,1,-0.1482284255646124,0,1.0
2018-07-12,-0.1687005518764308,0,-0.5892568696334121,0,0.0,0,0.0
2018-07-13,0.2154794074711248,0,0.7552601797381729,0,0.0,0,0.0
2018-07-16,-0.1580860393224541,0,-0.5521091924775627,0,0.0,0,0.0
2018-07-17,0.0516953692112961,0,0.1820641384109623,0,0.0,0,0.0
2018-07-18,0.1676808653229012,0,0.5879793175023231,0,0.0,0,0.0
2018-07-19,0.0775769936804956,0,0.2726422243250966,0,0.0,0,0.0
2018-07-20,0.1942899417066558,0,0.6811032715126962,0,0.0,0,0.0
2018-07-23,-0.3057524177437322,0,-1.0688981570647336,1,0.1030353363454637,1,1.0
2018-07-24,0.3773789945392157,1,1.3218611952334718,0,0.0,0,-1.0
2018-07-25,0.0708508343448642,0,0.2491026416802742,0,0.0,0,0.0
2018-07-26,0.2986750558094554,0,1.0464205198412178,-1,-0.0728935707125332,-1,-1.0
2018-07-27,0.3091265332821736,0,1.0829976220853257,-1,-0.0958180484222944,-1,-1.0
2018-07-30,0.2792511977064906,0,0.9784427199883512,0,0.0,0,0.0
2018-07-31,0.203403760300328,0,0.7129989604624328,0,0.0,0,0.0
2018-08-01,-0.3196734578007414,0,-1.1176177095718984,1,-0.0135522727763855,0,1.0
2018-08-02,-0.3081874314635693,0,-1.077419990081049,1,-0.0082471314603723,0,1.0
2018-08-03,-0.2029374028941344,0,-0.7090757950877031,0,0.0,0,0.0
2018-08-06,-0.0340869703725431,0,-0.1181488615105514,0,0.0,0,0.0
2018-08-07,0.095647183618289,0,0.3358825830830258,0,0.0,0,0.0
2018-08-08,-0.0429120400702884,0,-0.1490340141110722,0,0.0,0,0.0
2018-08-09,-0.1630952995885676,0,-0.5696401325192223,0,0.0,0,0.0
2018-08-10,0.2133084848598792,0,0.7476625880557674,0,0.0,0,0.0
2018-08-13,-0.1723674633102461,0,-0.6020899829214482,0,0.0,0,0.0
2018-08-14,-0.0832131031739593,0,-0.2900759012066605,0,0.0,0,0.0
2018-08-15,-0.1543915690874654,0,-0.5391796314776242,0,0.0,0,0.0
2018-08-16,0.0618648497131881,0,0.2176543340611109,0,0.0,0,0.0
2018-08-17,0.0836562038120466,0,0.2939176747219989,0,0.0,0,0.0
2018-08-20,0.090173620447447,0,0.3167267192099921,0,0.0,0,0.0
2018-08-21,0.0242174015869236,0,0.0858993201945425,0,0.0,0,0.0
2018-08-22,-0.1606127612936244,0,-0.5609519774448724,0,0.0,0,0.0
2018-08-23,-0.1702820489090415,0,-0.5947916448660578,0,0.0,0,0.0
2018-08-24,-0.157960603797348,0,-0.5516702049718413,0,0.0,0,0.0
2018-08-27,0.1479868959926304,0,0.5190562076677584,0,0.0,0,0.0
2018-08-28,-0.2316614860668733,0,-0.8096016518213612,0,0.0,0,0.0
2018-08-29,-0.0405073585257753,0,-0.1406183348018292,0,0.0,0,0.0
2018-08-30,-0.006579480544095,0,-0.0218807242485937,0,0.0,0,0.0
2018-08-31,-0.0736274582761382,0,-0.2565289587367053,0,0.0,0,0.0
2018-09-04,0.0906646477598031,0,0.3184451706208649,0,0.0,0,0.0
2018-09-05,0.4850019218323474,1,1.6985098389957245,0,0.0,0,-1.0
2018-09-06,0.0765424460717748,0,0.269021611473052,0,0.0,0,0.0
2018-09-07,0.0170570636037748,0,0.0608402397730749,0,0.0,0,0.0
2018-09-10,-0.1612991231755905,0,-0.5633540424924854,0,0.0,0,0.0
2018-09-11,0.0742064610022349,0,0.2608463496545862,0,0.0,0,0.0
2018-09-12,0.0319611595252098,0,0.1130001991469847,0,0.0,0,0.0
2018-09-13,-0.0757353127722456,0,-0.2639058305350779,0,0.0,0,0.0
2018-09-14,0.132713302493125,0,0.4656031152676986,0,0.0,0,0.0
2018-09-17,0.3092951005012331,0,1.0835875578549463,-1,0.1842294616024868,0,-1.0
2018-09-18,0.0664842925316158,0,0.2338210274995743,0,0.0,0,0.0
2018-09-19,0.2118241132909602,0,0.7424677234266923,0,0.0,0,0.0
2018-09-20,-0.2516831968116023,0,-0.8796717603704675,0,0.0,0,0.0
2018-09-21,0.0683812479251733,0,0.2404598143661949,0,0.0,0,0.0
2018-09-24,0.0173532141787808,0,0.0618766798256819,0,0.0,0,0.0
2018-09-25,-0.0082351469539616,0,-0.0276750705229749,0,0.0,0,0.0
2018-09-26,-0.0997414554129524,0,-0.3479202807549471,0,0.0,0,0.0
2018-09-27,-0.0965173623171865,0,-0.3366369016235102,0,0.0,0,0.0
2018-09-28,-0.1771977857910341,0,-0.6189946932567079,0,0.0,0,0.0
2018-10-01,0.3722762037663901,1,1.304002925882068,0,0.0,0,-1.0
2018-10-02,0.2147267084037456,0,0.7526259540204754,0,0.0,0,0.0
2018-10-03,0.1039374978274801,0,0.3648962484960648,0,0.0,0,0.0
2018-10-04,0.4944646970315418,1,1.731626773599222,0,0.0,0,-1.0
2018-10-05,0.1685461974951568,0,0.5910077260141653,0,0.0,0,0.0
2018-10-08,0.1007643528198166,0,0.3537911727128895,0,0.0,0,0.0
2018-10-09,-0.270765683112078,0,-0.9464548591530316,0,0.0,0,0.0
2018-10-10,0.1259186602038795,0,0.441823862394159,0,0.0,0,0.0
2018-10-11,-0.2456704804851888,0,-0.8586290187666963,0,0.0,0,0.0
2018-10-12,-0.5348628114741846,1,-1.870717260492128,0,0.0,0,1.0
2018-10-15,0.0459180279471662,0,0.1618451404110344,0,0.0,0,0.0
2018-10-16,-0.4809342702595017,1,-1.6819832015005614,0,0.0,0,1.0
2018-10-17,-0.2884992774420258,0,-1.0085172321194569,1,-0.0519446342518166,0,1.0
2018-10-18,0.078100461082979,0,0.2744742065258977,0,0.0,0,0.0
2018-10-19,-0.0962710752164408,0,-0.3357749690891964,0,0.0,0,0.0
2018-10-22,-0.0744891148167231,0,-0.2595445036169911,0,0.0,0,0.0
2018-10-23,-0.6872273748219407,1,-2.4039484927745685,0,0.0,0,0.0
2018-10-24,0.0284733157291032,0,0.1007937700105608,0,0.0,0,0.0
2018-10-25,-0.3799230910771485,0,-1.3284737346911857,1,0.0378843781827182,1,1.0
2018-10-26,0.6984919669110409,1,2.4456623088093163,0,0.0,0,0.0
2018-10-29,-0.1354562066422415,0,-0.4729114229878572,0,0.0,0,0.0
2018-10-30,0.0246593356828538,0,0.087445959763368,0,0.0,0,0.0
2018-10-31,-0.1281278086860126,0,-0.4472641820087518,0,0.0,0,0.0
2018-11-01,-0.1394539378035046,0,-0.4869023081820006,0,0.0,0,0.0
2018-11-02,0.3229806162451126,0,1.1314828444241325,-1,-0.0044425604377762,-1,-1.0
2018-11-05,0.226067763795909,0,0.7923163177722102,0,0.0,0,0.0
2018-11-06,0.1147818408254952,0,0.4028482647199882,0,0.0,0,0.0
2018-11-07,-0.1518151844004268,0,-0.5301630415874431,0,0.0,0,0.0
2018-11-08,-0.171228509267465,0,-0.5981039782074843,0,0.0,0,0.0
2018-11-09,0.1778530187906942,0,0.6235788677482512,0,0.0,0,0.0
2018-11-12,0.1729486131429692,0,0.6064148880820578,0,0.0,0,0.0
2018-11-13,-0.1930964541887334,0,-0.6746353642571278,0,0.0,0,0.0
2018-11-14,-0.0062804775928227,0,-0.0208343017166096,0,0.0,0,0.0
2018-11-15,0.1612477538917904,0,0.5654653164744589,0,0.0,0,0.0
2018-11-16,0.1922481642763703,0,0.6739576500422192,0,0.0,0,0.0
2018-11-19,0.6937049041165736,1,2.428908994673659,0,0.0,0,0.0
2018-11-20,-0.3476245794251622,0,-1.2154384278543282,1,-0.6777070211265687,0,1.0
2018-11-21,0.0106085905651759,0,0.0382724776296946,0,0.0,0,0.0
2018-11-23,-0.3106485070839458,0,-1.086033032096589,1,0.0008105673005894,1,1.0
2018-11-26,-0.2324669666961445,0,-0.8124205975072136,0,0.0,0,0.0
2018-11-27,-0.2770686066038043,0,-0.9685132406206712,0,0.0,0,0.0
2018-11-28,-0.1965043159750554,0,-0.6865618798447529,0,0.0,0,0.0
2018-11-29,0.0949611416756173,0,0.333481637728998,0,0.0,0,0.0
2018-11-30,-0.1107046992918045,0,-0.3862884151484442,0,0.0,0,0.0
2018-12-03,-0.0166996428966465,0,-0.057298320857542,0,0.0,0,0.0
2018-12-04,0.0070371005250986,0,0.0257733112007642,0,0.0,0,0.0
2018-12-06,-0.8205742084770171,1,-2.870623255386981,0,0.0,0,0.0
2018-12-07,0.5099066396621753,1,1.7856690385251808,0,0.0,0,-1.0
2018-12-10,-0.2457587419673259,0,-0.8589379080375933,0,0.0,0,0.0
2018-12-11,-0.1520166675186974,0,-0.5308681733390717,0,0.0,0,0.0
2018-12-12,0.1183556198667541,0,0.4153554419809255,0,0.0,0,0.0
2018-12-13,0.0521016091401091,0,0.183485858875903,0,0.0,0,0.0
2018-12-14,-0.0031233758598525,0,-0.0097853726840076,0,0.0,0,0.0
2018-12-17,0.4055728800790564,1,1.4205315159361025,0,0.0,0,-1.0
2018-12-18,-0.380614277595849,0,-1.3308926845506912,1,0.2918891954302493,1,1.0
2018-12-19,0.234884154958973,0,0.8231710980496605,0,0.0,0,0.0
2018-12-20,0.1323553243369377,0,0.4643502968356446,0,0.0,0,0.0
2018-12-21,0.443108126818289,1,1.5518938578942147,0,0.0,0,-1.0
2018-12-24,-0.0003141719171264,0,4.6016237401840144e-05,0,0.0,0,0.0
2018-12-26,-0.3266890307766803,0,-1.142170154976077,1,-0.0692692069096562,0,1.0
2018-12-27,0.2074338644526953,0,0.7271031416196259,0,0.0,0,0.0
2018-12-28,-0.1736669821537859,0,-0.6066379172907634,0,0.0,0,0.0
2018-12-31,0.0682416901198074,0,0.2399714030263479,0,0.0,0,0.0
2019-01-02,0.1527783081066841,0,0.5358247431448594,0,0.0,0,0.0
2019-01-03,0.1611051890057229,0,0.5649663812351375,0,0.0,0,0.0
2019-01-04,-0.0702285415091532,0,-0.2446337480901967,0,0.0,0,0.0
2019-01-07,-0.3197433072686209,0,-1.1178621621992892,1,-0.0819365480518811,0,1.0
2019-01-08,-0.0873196791700452,0,-0.3044477113621263,0,0.0,0,0.0
2019-01-09,-0.0141758463430256,0,-0.0484657739926528,0,0.0,0,0.0
2019-01-10,0.0630857510059897,0,0.221927130087638,0,0.0,0,0.0
2019-01-11,-0.1505364834803278,0,-0.5256879638373178,0,0.0,0,0.0
2019-01-14,0.1565017814508771,0,0.5488558065107104,0,0.0,0,0.0
2019-01-15,-0.4583013216271035,1,-1.6027745270931562,0,0.0,0,1.0
2019-01-16,-0.0093053691689278,0,-0.0314205340215966,0,0.0,0,0.0
2019-01-17,0.1918070421587783,0,0.6724138521591525,0,0.0,0,0.0
2019-01-18,0.2104119050332188,0,0.7375254091971286,0,0.0,0,0.0
2019-01-22,-0.081861393962321,0,-0.2853453158738735,0,0.0,0,0.0
2019-01-23,-0.1002976617835315,0,-0.3498668397308049,0,0.0,0,0.0
2019-01-24,-0.2942384719330286,0,-1.0286027276146343,1,0.0188845383884558,1,1.0
2019-01-25,-0.120757481841205,0,-0.4214702022313735,0,0.0,0,0.0
2019-01-28,-0.1230538984527379,0,-0.4295069860654644,0,0.0,0,0.0
2019-01-29,0.573109187160847,1,2.0068593963460204,0,0.0,0,-1.0
2019-01-30,-0.22706250266883,0,-0.7935065603466593,0,0.0,0,0.0
2019-01-31,-0.3387414913114482,0,-1.1843502278341036,1,-0.0135754053753952,0,1.0
2019-02-01,0.1385277163828401,0,0.4859518565713869,0,0.0,0,0.0
2019-02-04,-0.0987944660618987,0,-0.3446060960946454,0,0.0,0,0.0
2019-02-05,-0.0628940442967022,0,-0.2189651615052638,0,0.0,0,0.0
2019-02-06,-0.0391908042379498,0,-0.1360107813797016,0,0.0,0,0.0
2019-02-07,-0.0803923846570696,0,-0.2802042146567502,0,0.0,0,0.0
2019-02-08,-0.0993434056566508,0,-0.346527223488882,0,0.0,0,0.0
2019-02-11,0.0612837129086309,0,0.2156205258867557,0,0.0,0,0.0
2019-02-12,0.2526500381659642,0,0.8853464726046213,0,0.0,0,0.0
2019-02-13,0.0833301342052507,0,0.2927765268433758,0,0.0,0,0.0
2019-02-14,-0.1280654045486013,0,-0.4470457858517965,0,0.0,0,0.0
2019-02-15,0.1855926995712087,0,0.6506654778456855,0,0.0,0,0.0
2019-02-19,-0.0298655231003105,0,-0.1033750356186987,0,0.0,0,0.0
2019-02-20,0.344763129472603,1,1.2077152446312132,0,0.0,0,-1.0
2019-02-21,-0.106186235438998,0,-0.3704751184387853,0,0.0,0,0.0
2019-02-22,-0.0819405756516311,0,-0.2856224285360129,0,0.0,0,0.0
2019-02-25,0.0710677253675732,0,0.2498616965731508,0,0.0,0,0.0
2019-02-26,-0.1747827611440675,0,-0.6105428161259656,0,0.0,0,0.0
2019-02-27,0.1563479405278285,0,0.5483174084529849,0,0.0,0,0.0
2019-02-28,-0.1767057760789984,0,-0.6172728037354227,0,0.0,0,0.0
2019-03-01,0.0303105400133672,0,0.107223515533746,0,0.0,0,0.0
2019-03-04,0.0813521839423834,0,0.2858542817170278,0,0.0,0,0.0
2019-03-05,-0.1566414557784582,0,-0.5470535742525967,0,0.0,0,0.0
2019-03-06,-0.0206093528019474,0,-0.0709811575018617,0,0.0,0,0.0
2019-03-07,0.0218009606293008,0,0.0774424863923802,0,0.0,0,0.0
2019-03-08,-0.2164423669090239,0,-0.7563392036215721,0,0.0,0,0.0
2019-03-11,-0.1091351234228032,0,-0.3807953604879712,0,0.0,0,0.0
2019-03-12,0.0093221737449397,0,0.0337703964947406,0,0.0,0,0.0
2019-03-13,0.0609834591555117,0,0.2145697259155858,0,0.0,0,0.0
2019-03-14,-0.0981369915907985,0,-0.3423051285027331,0,0.0,0,0.0
2019-03-15,-0.1628278340692375,0,-0.5687040817385696,0,0.0,0,0.0
2019-03-18,0.3884645484955643,1,1.3606573789837944,0,0.0,0,-1.0
2019-03-19,-0.1779646332472363,0,-0.6216784341808366,0,0.0,0,0.0
2019-03-20,-0.0454567779639007,0,-0.1579398495168395,0,0.0,0,0.0
2019-03-21,-0.3194250526698228,0,-1.1167483645539056,1,0.0248375085100709,1,1.0
2019-03-22,-0.1207749557822172,0,-0.4215313558939706,0,0.0,0,0.0
2019-03-25,0.1477008482190032,0,0.5180551244534499,0,0.0,0,0.0
2019-03-26,-0.0135634961620925,0,-0.0463227281662944,0,0.0,0,0.0
2019-03-27,0.2022170408626034,0,0.7088457908917163,0,0.0,0,0.0
2019-03-28,0.0240237794237522,0,0.0852216994775162,0,0.0,0,0.0
2019-03-29,0.0136483834539953,0,0.0489108601536478,0,0.0,0,0.0
2019-04-01,0.1145846381317676,0,0.4021581131973816,0,0.0,0,0.0
2019-04-02,-0.2262294234357076,0,-0.79059102765122,0,0.0,0,0.0
2019-04-03,-0.2534724578026133,0,-0.8859336484509266,0,0.0,0,0.0
2019-04-04,0.2402108449617996,0,0.8418129489616141,0,0.0,0,0.0
2019-04-05,0.0558300795124847,0,0.1965344103730955,0,0.0,0,0.0
2019-04-08,0.072240280821274,0,0.2539652963588132,0,0.0,0,0.0
2019-04-09,-0.2545043413039013,0,-0.8895449377092295,0,0.0,0,0.0
2019-04-10,-0.2631642980268781,0,-0.9198522433808634,0,0.0,0,0.0
2019-04-11,0.1835970716164902,0,0.6436813659886318,0,0.0,0,0.0
2019-04-12,0.0309327608044936,0,0.1094011055974332,0,0.0,0,0.0
2019-04-15,-0.0253799276411309,0,-0.0876767686354521,0,0.0,0,0.0
2019-04-16,0.1869575828090073,0,0.6554421684016899,0,0.0,0,0.0
2019-04-17,0.0651119208747583,0,0.2290181296757186,0,0.0,0,0.0
2019-04-18,0.0345197267166729,0,0.1219544330344762,0,0.0,0,0.0
2019-04-22,0.1445122350464278,0,0.5068959146350634,0,0.0,0,0.0
2019-04-23,-0.1617103584082969,0,-0.5647932450542617,0,0.0,0,0.0
2019-04-24,-0.3128554647517556,0,-1.093756735895847,1,0.0475471538114971,1,1.0
2019-04-25,-0.3615714091684034,0,-1.2642482366905732,1,0.154508659676688,1,1.0
2019-04-26,-0.0640653188041585,0,-0.2230642783551999,0,0.0,0,0.0
2019-04-29,0.1112258620960843,0,0.3904033833237406,0,0.0,0,0.0
2019-04-30,0.0063784965649934,0,0.0234683907289914,0,0.0,0,0.0
2019-05-01,-0.2485297939262058,0,-0.8686357762182656,0,0.0,0,0.0
2019-05-02,-0.0633499828239091,0,-0.2205608124713792,0,0.0,0,0.0
2019-05-03,0.0482441584794421,0,0.1699859142427045,0,0.0,0,0.0
2019-05-06,-0.0381585574278711,0,-0.1323982206473114,0,0.0,0,0.0
2019-05-07,0.3048980899751506,0,1.068199312125981,-1,0.0137996846356636,0,-1.0
2019-05-08,0.0136930382452427,0,0.0490671388108432,0,0.0,0,0.0
2019-05-09,-0.0127267493218079,0,-0.0433943599227217,0,0.0,0,0.0
2019-05-10,-0.0114910009890406,0,-0.0390696036159121,0,0.0,0,0.0
2019-05-13,0.2527047152305999,0,0.8855378262757944,0,0.0,0,0.0
2019-05-14,-0.1644786804592515,0,-0.5744815593587891,0,0.0,0,0.0
2019-05-15,-0.174248507891157,0,-0.6086730866157632,0,0.0,0,0.0
2019-05-16,0.0176441298120407,0,0.0628947991193351,0,0.0,0,0.0
2019-05-17,-0.0261006950284767,0,-0.0901992428492638,0,0.0,0,0.0
2019-05-20,0.3929925468851202,1,1.3765040437724108,0,0.0,0,-1.0
2019-05-21,0.0683352502423096,0,0.2402988359826613,0,0.0,0,0.0
2019-05-22,-0.2545599070147009,0,-0.889739401381039,0,0.0,0,0.0
2019-05-23,-0.2387183051033294,0,-0.8342984463260994,0,0.0,0,0.0
2019-05-24,-0.03724960998493,0,-0.1292171714950017,0,0.0,0,0.0
2019-05-28,-0.0680976067742225,0,-0.2371761022330882,0,0.0,0,0.0
2019-05-29,0.3256916373739996,1,1.140970622326929,0,0.0,0,-1.0
2019-05-30,-0.0870063363933037,0,-0.3033511036516618,0,0.0,0,0.0
2019-05-31,-0.0155246976441111,0,-0.0531863574776851,0,0.0,0,0.0
2019-06-03,0.7589185501788125,1,2.6571376069398243,0,0.0,0,0.0
2019-06-04,-0.1023508895886911,0,-0.3570525341511205,0,0.0,0,0.0
2019-06-05,-0.1848770259993841,0,-0.6458697790989807,0,0.0,0,0.0
2019-06-06,-0.0850034087644026,0,-0.296341445078403,0,0.0,0,0.0
2019-06-07,-0.1288725771327832,0,-0.4498706528830203,0,0.0,0,0.0
2019-06-10,-0.158229988666842,0,-0.5526129729144809,0,0.0,0,0.0
2019-06-11,-0.2738969575091834,0,-0.957413400093894,0,0.0,0,0.0
2019-06-12,-0.006652067925497,0,-0.0221347587693685,0,0.0,0,0.0
2019-06-13,0.0384782899126379,0,0.1358082418511273,0,0.0,0,0.0
2019-06-14,0.0206981120025598,0,0.0735828400327746,0,0.0,0,0.0
2019-06-17,-0.2238463191485067,0,-0.7822508624067507,0,0.0,0,0.0
2019-06-18,0.0889653297634111,0,0.3124980566112398,0,0.0,0,0.0
2019-06-19,-0.1773329724225223,0,-0.6194678067715088,0,0.0,0,0.0
2019-06-20,0.3081987248705368,0,1.0797505650808046,-1,-0.2059012389096709,-1,-1.0
2019-06-21,0.1309325319517778,0,0.4593709412679769,0,0.0,0,0.0
2019-06-24,0.0434850657483777,0,0.1533304871159926,0,0.0,0,0.0
2019-06-25,0.3806304095707313,1,1.33324019311738,0,0.0,0,-1.0
2019-06-26,0.028100275974037,0,0.0994882404050297,0,0.0,0,0.0
2019-06-27,-0.2222197327529494,0,-0.7765582876435675,0,0.0,0,0.0
2019-06-28,0.1152969375924254,0,0.4046509521542575,0,0.0,0,0.0
2019-07-01,-0.1633262896821899,0,-0.5704485300203272,0,0.0,0,0.0
2019-07-02,-0.3257090815673404,0,-1.1387406204899126,1,0.05857755940738,1,1.0
2019-07-03,-0.1065149808939827,0,-0.371625631000349,0,0.0,0,0.0
2019-07-05,-0.0461911139650097,0,-0.1605098098946143,0,0.0,0,0.0
2019-07-08,-0.0234405068663028,0,-0.0808893654036694,0,0.0,0,0.0
2019-07-09,-0.2549487624769918,0,-0.8911002813178251,0,0.0,0,0.0
2019-07-10,-0.2562459260284899,0,-0.8956399728565888,0,0.0,0,0.0
2019-07-11,0.1780858152411241,0,0.6243935869677746,0,0.0,0,0.0
2019-07-12,0.2179389923273024,0,0.7638680045167561,0,0.0,0,0.0
2019-07-15,-0.1948812875153775,0,-0.6808817568124161,0,0.0,0,0.0
2019-07-16,0.1648404355985443,0,0.5780386475141608,0,0.0,0,0.0
2019-07-17,-0.3920650387254131,0,-1.3709669861699807,1,0.1475249290339013,1,1.0
2019-07-18,-0.1021263119241677,0,-0.3562665782689538,0,0.0,0,0.0
2019-07-19,0.4446598767794854,1,1.5573245271116656,0,0.0,0,-1.0
2019-07-22,-0.0819878562536173,0,-0.2857878967597668,0,0.0,0,0.0
2019-07-23,-0.009593070788097,0,-0.0324274052096766,0,0.0,0,0.0
2019-07-24,-0.2321850326984389,0,-0.8114339113006855,0,0.0,0,0.0
2019-07-25,0.1119853524600125,0,0.3930613765852033,0,0.0,0,0.0
2019-07-26,-0.4077885616013088,0,-1.4259946992727892,1,0.080338155922408,1,1.0
2019-07-29,-0.1426284476531493,0,-0.4980121605113461,0,0.0,0,0.0
2019-07-30,0.314736825728495,0,1.1026319982741566,-1,-0.0163304978804865,-1,-1.0
2019-07-31,0.2092894745212647,0,0.7335972319891868,0,0.0,0,0.0
2019-08-01,-0.2361519259960189,0,-0.8253168730269872,0,0.0,0,0.0
2019-08-02,0.0386505138881186,0,0.1364109751944738,0,0.0,0,0.0
2019-08-05,0.2140778570878088,0,0.7503551649395825,0,0.0,0,0.0
2019-08-06,-0.0217151309241352,0,-0.0748510562353316,0,0.0,0,0.0
2019-08-07,-0.2294041064283627,0,-0.8017014859302611,0,0.0,0,0.0
2019-08-08,-0.114471227263853,0,-0.3994701570694818,0,0.0,0,0.0
2019-08-09,-0.0274582880360232,0,-0.0949504197400467,0,0.0,0,0.0
2019-08-12,-0.1823314743426128,0,-0.6369610957611057,0,0.0,0,0.0
2019-08-13,-0.0857254618438883,0,-0.298868418837181,0,0.0,0,0.0
2019-08-14,-0.0340935135354152,0,-0.118171760659308,0,0.0,0,0.0
2019-08-15,-0.0460169942275633,0,-0.1599004419410482,0,0.0,0,0.0
2019-08-16,0.0365923750479363,0,0.129208093593626,0,0.0,0,0.0
2019-08-19,0.0639235240015935,0,0.2248590895735139,0,0.0,0,0.0
2019-08-20,-0.0598260505998028,0,-0.20822808443375,0,0.0,0,0.0
2019-08-21,-0.1028025172253981,0,-0.3586330982663109,0,0.0,0,0.0
2019-08-22,-0.2386365196413281,0,-0.8340122212240971,0,0.0,0,0.0
2019-08-23,-0.0243072020444619,0,-0.0839225440359487,0,0.0,0,0.0
2019-08-26,-0.252891183987842,0,-0.8838993607810531,0,0.0,0,0.0
2019-08-27,0.0600758582337477,0,0.2113933891920109,0,0.0,0,0.0
2019-08-28,0.1565638130673078,0,0.5490728989536187,0,0.0,0,0.0
2019-08-29,0.112367584946677,0,0.3943990780520289,0,0.0,0,0.0
2019-08-30,0.1306059064568659,0,0.4582278479441757,0,0.0,0,0.0
2019-09-03,-0.1551207196252087,0,-0.5417314442562479,0,0.0,0,0.0
2019-09-04,-0.0636024247121704,0,-0.2214442849547417,0,0.0,0,0.0
2019-09-05,0.0632533975898543,0,0.2225138439044069,0,0.0,0,0.0
2019-09-06,0.0541264551954725,0,0.1905722255057824,0,0.0,0,0.0
2019-09-09,0.2422778389004664,0,0.8490468208069986,0,0.0,0,0.0
2019-09-10,0.2756776451740999,0,0.9659363354419422,0,0.0,0,0.0
2019-09-11,-0.0772050974642969,0,-0.2690496453783207,0,0.0,0,0.0
2019-09-12,-0.1806755651047195,0,-0.6311658996599333,0,0.0,0,0.0
2019-09-13,0.2939694257094655,0,1.0299521962248137,-1,-0.0872317902389035,-1,-1.0
2019-09-16,0.3047260264019526,0,1.067597140143524,-1,-0.1000989806919836,-1,-1.0
2019-09-17,-0.2906485298481085,0,-1.0160389844469042,1,-0.1007074051326668,0,1.0
2019-09-18,0.0547823100750678,0,0.1928675250029947,0,0.0,0,0.0
2019-09-19,-0.0314750728165216,0,-0.1090079870067205,0,0.0,0,0.0
2019-09-20,0.109188749732133,0,0.3832740882156102,0,0.0,0,0.0
2019-09-23,-0.0045716986096708,0,-0.0148540770313934,0,0.0,0,0.0
2019-09-24,-0.0140332241979382,0,-0.0479666383635751,0,0.0,0,0.0
2019-09-25,-0.142500212820434,0,-0.497563376250965,0,0.0,0,0.0
2019-09-26,-0.0788654114868347,0,-0.2748602569323536,0,0.0,0,0.0
2019-09-27,0.3232416946433941,0,1.1323965421565914,-1,-0.0245342968609607,-1,-1.0
2019-09-30,-0.1519107122803807,0,-0.5304973611170366,0,0.0,0,0.0
2019-10-01,-0.4096086682012696,0,-1.4323645379272494,1,0.0790835597370229,1,1.0
2019-10-02,-0.1793579312215737,0,-0.6265545679711908,0,0.0,0,0.0
2019-10-03,-0.090069544269757,0,-0.3140714317568949,0,0.0,0,0.0
2019-10-04,-0.0349851804685809,0,-0.1212923331015513,0,0.0,0,0.0
2019-10-07,-0.1508883709303658,0,-0.5269194665862886,0,0.0,0,0.0
2019-10-08,-0.0299274636680479,0,-0.1035918094179156,0,0.0,0,0.0
2019-10-09,-0.0623418692205963,0,-0.2170327108763365,0,0.0,0,0.0
2019-10-10,0.1883583606426732,0,0.660344479503352,0,0.0,0,0.0
2019-10-11,0.2370187194329391,0,0.8306414469275777,0,0.0,0,0.0
2019-10-14,-0.095352468795856,0,-0.3325601163513392,0,0.0,0,0.0
2019-10-15,-0.0769788261100779,0,-0.2682577620795445,0,0.0,0,0.0
2019-10-16,-0.0125008226621496,0,-0.0426036829536937,0,0.0,0,0.0
2019-10-17,-0.0022071193428574,0,-0.0065787439187022,0,0.0,0,0.0
2019-10-18,0.1867240061358672,0,0.6546247186317807,0,0.0,0,0.0
2019-10-21,-0.0133997368135697,0,-0.0457496185317968,0,0.0,0,0.0
2019-10-22,0.4999913422272388,1,1.7509684089725548,0,0.0,0,-1.0
2019-10-23,0.0700199874502461,0,0.2461949215141087,0,0.0,0,0.0
2019-10-24,-0.2934780403694765,0,-1.025941440430856,1,0.0492385552181665,1,1.0
2019-10-25,0.0131422463931899,0,0.0471395290599401,0,0.0,0,0.0
2019-10-28,-0.2045548556678283,0,-0.7147364048563075,0,0.0,0,0.0
2019-10-29,0.3791509431142393,1,1.3280624949414912,0,0.0,0,-1.0
2019-10-30,-0.3297027754921116,0,-1.1527173765418044,1,-0.1814496671226268,0,1.0
2019-10-31,-0.1012530258263859,0,-0.3532103333533138,0,0.0,0,0.0
2019-11-01,0.438190071871472,1,1.534682109689099,0,0.0,0,-1.0
2019-11-04,0.2403773607636422,0,0.842395705373342,0,0.0,0,0.0
2019-11-05,0.0257781780237945,0,0.0913615794263725,0,0.0,0,0.0
2019-11-06,-0.0968558943529832,0,-0.3378216643442416,0,0.0,0,0.0
2019-11-07,0.1549312257059951,0,0.54335932257238,0,0.0,0,0.0
2019-11-08,0.0265933033369678,0,0.0942142786738741,0,0.0,0,0.0
2019-11-11,-0.078076031552937,0,-0.2720976589525951,0,0.0,0,0.0
2019-11-12,0.1468163289850335,0,0.5149595668595839,0,0.0,0,0.0
2019-11-13,-0.2407353482802464,0,-0.8413575051726077,0,0.0,0,0.0
2019-11-14,-0.0735205615310605,0,-0.2561548515174653,0,0.0,0,0.0
2019-11-15,-0.0882336226325027,0,-0.3076462451157417,0,0.0,0,0.0
2019-11-18,-0.3050898844243744,0,-1.0665794849893706,1,0.0759353894092458,1,1.0
2019-11-19,-0.1151140111681898,0,-0.4017197119913736,0,0.0,0,0.0
2019-11-20,0.1151892918769044,0,0.4042742237583891,0,0.0,0,0.0
2019-11-21,0.2442435539832858,0,0.855926246395845,0,0.0,0,0.0
2019-11-22,-0.0129913916317499,0,-0.0443205302995065,0,0.0,0,0.0
2019-11-25,-0.1852960272830094,0,-0.6473361605585956,0,0.0,0,0.0
2019-11-26,-0.1463496665216346,0,-0.5110353338742112,0,0.0,0,0.0
2019-11-27,-0.1650371983035974,0,-0.5764362078141034,0,0.0,0,0.0
2019-11-29,-0.0368169873953164,0,-0.1277031194641081,0,0.0,0,0.0
2019-12-02,0.1184556562287575,0,0.4157055398738479,0,0.0,0,0.0
2019-12-03,-0.2181766917599613,0,-0.7624088313428992,0,0.0,0,0.0
2019-12-04,0.0220909003294809,0,0.0784571902068214,0,0.0,0,0.0
2019-12-05,0.0474690919634725,0,0.1672734090227865,0,0.0,0,0.0
2019-12-06,0.1255657631674465,0,0.4405888263892548,0,0.0,0,0.0
2019-12-09,0.1393941764365653,0,0.4889842123371885,0,0.0,0,0.0
2019-12-10,0.0862270017529237,0,0.3029147126410736,0,0.0,0,0.0
2019-12-11,0.1525758826797892,0,0.5351163135897395,0,0.0,0,0.0
2019-12-12,0.1472462053992437,0,0.5164640080829367,0,0.0,0,0.0
2019-12-13,-0.1772202697657852,0,-0.6190733805662745,0,0.0,0,0.0
2019-12-16,-0.0685998071013204,0,-0.2389336559147788,0,0.0,0,0.0
2019-12-17,0.1461893884463908,0,0.5127654590654688,0,0.0,0,0.0
2019-12-18,-0.1630736535962959,0,-0.5695643779022733,0,0.0,0,0.0
2019-12-19,-0.2204392536828598,0,-0.7703271337076614,0,0.0,0,0.0
2019-12-20,0.027095730894789,0,0.0959726275963735,0,0.0,0,0.0
2019-12-23,0.1798938513734733,0,0.6307211825298955,0,0.0,0,0.0
2019-12-24,-0.1060727544742958,0,-0.370077968384211,0,0.0,0,0.0
2019-12-26,-0.1163029285805438,0,-0.4058805738278925,0,0.0,0,0.0
2019-12-27,-0.0378364196099235,0,-0.1312708328751499,0,0.0,0,0.0
2019-12-30,0.1149283735403063,0,0.4033610861948222,0,0.0,0,0.0
2019-12-31,-0.0689785885802757,0,-0.2402592798679555,0,0.0,0,0.0
2020-01-02,0.0287766972966019,0,0.1018555164136262,0,0.0,0,0.0
2020-01-03,0.1178287163244605,0,0.4135114342997565,0,0.0,0,0.0
2020-01-06,-0.0309278083484749,0,-0.1070927220640785,0,0.0,0,0.0
2020-01-07,-0.0260000394857837,0,-0.0898469780057403,0,0.0,0,0.0
2020-01-08,-0.2894065557043652,0,-1.0116924396297893,1,0.0054631246896559,1,1.0
2020-01-09,0.0313710020811667,0,0.1109348213831966,0,0.0,0,0.0
2020-01-10,-0.1660339415440144,0,-0.5799245164777369,0,0.0,0,0.0
2020-01-13,-0.2333497652884978,0,-0.8155101333606608,0,0.0,0,0.0
2020-01-14,-0.011232439120702,0,-0.0381647129993142,0,0.0,0,0.0
2020-01-15,0.0219890841639794,0,0.0781008635242666,0,0.0,0,0.0
2020-01-16,-0.1262353503386054,0,-0.4406411334831708,0,0.0,0,0.0
2020-01-17,-0.059197368526647,0,-0.2060278817802127,0,0.0,0,0.0
2020-01-21,-0.2806982480111112,0,-0.9812159197596796,0,0.0,0,0.0
2020-01-22,-0.2367195149964076,0,-0.82730326786485,0,0.0,0,0.0
2020-01-23,-0.0379276293151334,0,-0.1315900400611031,0,0.0,0,0.0
2020-01-24,0.042375703388586,0,0.1494480446033635,0,0.0,0,0.0
2020-01-27,-0.0329862518699866,0,-0.1142966699601142,0,0.0,0,0.0
2020-01-28,-0.0464350694589741,0,-0.1613635824898326,0,0.0,0,0.0
2020-01-29,0.1505936725941878,0,0.5281791603346518,0,0.0,0,0.0
2020-01-30,0.0431242322559799,0,0.1520676758456257,0,0.0,0,0.0
2020-01-31,-0.1453122504487499,0,-0.507404682239872,0,0.0,0,0.0
2020-02-03,-0.1133134380277502,0,-0.3954182347095472,0,0.0,0,0.0
2020-02-04,-0.3127341466690684,0,-1.0933321582295707,1,-0.0224514466069821,0,1.0
2020-02-05,0.5844688658275532,1,2.0466149360902266,0,0.0,0,-1.0
2020-02-06,-0.3296039916326557,0,-1.1523716620400208,1,0.397019290287157,1,1.0
2020-02-07,0.048629556645265,0,0.171334694657033,0,0.0,0,0.0
2020-02-10,-0.21418464765003,0,-0.7484378491585046,0,0.0,0,0.0
2020-02-11,0.0572685637471491,0,0.2015686828063662,0,0.0,0,0.0
2020-02-12,-0.0258659249599669,0,-0.0893776165459823,0,0.0,0,0.0
2020-02-13,-0.1877037747308793,0,-0.6557625696293332,0,0.0,0,0.0
2020-02-14,-0.2522977949988594,0,-0.8818226735588683,0,0.0,0,0.0
2020-02-18,-0.1144547043346151,0,-0.3994123316688449,0,0.0,0,0.0
2020-02-19,-0.0635851152531633,0,-0.2213837069308644,0,0.0,0,0.0
2020-02-20,0.0906391259121519,0,0.3183558516481709,0,0.0,0,0.0
2020-02-21,0.3718191284185811,1,1.3024032963776546,0,0.0,0,-1.0
2020-02-24,0.225898871569377,0,0.7917252445718689,0,0.0,0,0.0
2020-02-25,0.0332119380290252,0,0.1173775566390914,0,0.0,0,0.0
2020-02-26,-0.042141399148929,0,-0.1463369971727844,0,0.0,0,0.0
2020-02-27,0.2656167910657165,0,0.930726300272658,0,0.0,0,0.0
2020-02-28,-0.2310899909471552,0,-0.8076015867128152,0,0.0,0,0.0
2020-03-02,-0.0514690177513981,0,-0.1789809233743321,0,0.0,0,0.0
2020-03-03,0.231330662871137,0,0.8107349191687617,0,0.0,0,0.0
2020-03-04,0.0229427648576794,0,0.0814384659190238,0,0.0,0,0.0
2020-03-05,0.159123106005609,0,0.5580296727419396,0,0.0,0,0.0
2020-03-06,-0.2296797910616714,0,-0.8026663011964266,0,0.0,0,0.0
2020-03-09,-1.4785416045254065,1,-5.173315939878032,0,0.0,0,0.0
2020-03-10,-0.1701994268847366,0,-0.5945024920416362,0,0.0,0,0.0
2020-03-11,0.5382370481543681,1,1.8848171494732464,0,0.0,0,-1.0
2020-03-12,0.463989378451286,1,1.6249721071617254,0,0.0,0,-1.0
2020-03-13,-0.6160145932401586,1,-2.1547246677408904,0,0.0,0,0.0
2020-03-16,1.1574487831379583,1,4.05187640022199,0,0.0,0,0.0
2020-03-17,-0.6391579649945562,1,-2.2357196731976483,0,0.0,0,0.0
2020-03-18,-0.5444252149361142,1,-1.9041828647609416,0,0.0,0,1.0
2020-03-19,0.4041563917589351,1,1.4155742227449808,0,0.0,0,-1.0
2020-03-20,0.2788006558239613,0,0.9768659556939684,0,0.0,0,0.0
2020-03-23,-1.7237702585137678,1,-6.031544221336917,0,0.0,0,0.0
2020-03-24,0.7333763387123948,1,2.5677473668721875,0,0.0,0,0.0
2020-03-25,0.3214366698707991,0,1.126079485469372,-1,-0.0279726367276015,-1,-1.0
2020-03-26,-0.1078851194043162,0,-0.3764207134670983,0,0.0,0,0.0
2020-03-27,0.0603829126599706,0,0.2124679895221345,0,0.0,0,0.0
2020-03-30,0.201464133046334,0,0.7062108346141985,0,0.0,0,0.0
2020-03-31,0.6341668354890024,1,2.220543236885637,0,0.0,0,0.0
2020-04-01,0.8968824848906469,1,3.1399708675124773,0,0.0,0,0.0
2020-04-02,1.3236651051679398,1,4.633584720543227,0,0.0,0,0.0
2020-04-03,0.1297410151564345,0,0.4552009823542629,0,0.0,0,0.0
2020-04-06,-1.0274682064957958,1,-3.594691497315356,0,0.0,0,0.0
2020-04-07,-0.0018916992513091,0,-0.0054748662163845,0,0.0,0,0.0
2020-04-08,-0.3094339814366571,0,-1.08178254895725,1,0.3046792595238356,1,1.0
2020-04-09,-0.3690748823818826,0,-1.2905081896619848,1,0.4170827839056246,1,1.0
2020-04-13,-0.0749240978278786,0,-0.2610668164301811,0,0.0,0,0.0
2020-04-14,-0.7036122946958918,1,-2.461290901161844,0,0.0,0,0.0
2020-04-15,-0.2361160060330676,0,-0.8251911637039842,0,0.0,0,0.0
2020-04-16,-0.0361618616674536,0,-0.1254103717838557,0,0.0,0,0.0
2020-04-17,0.4931771369614546,1,1.7271206914254866,0,0.0,0,-1.0
2020-04-20,0.1170582549473773,0,0.4108150457137148,0,0.0,0,0.0
2020-04-21,0.3555747071610866,1,1.245552591892789,0,0.0,0,-1.0
2020-04-22,0.0087494995742157,0,0.0317662050538837,0,0.0,0,0.0
2020-04-23,0.2161942278239645,0,0.7577618410774659,0,0.0,0,0.0
2020-04-24,-0.0605375238312549,0,-0.2107180318310151,0,0.0,0,0.0
2020-04-27,-0.1373278767353261,0,-0.4794617187274496,0,0.0,0,0.0
2020-04-28,0.3583401691591015,1,1.2552308968518369,0,0.0,0,-1.0
2020-04-29,-0.527920413770324,1,-1.8464209070534665,0,0.0,0,1.0
2020-04-30,-0.0654240283589011,0,-0.2278193628333125,0,0.0,0,0.0
2020-05-01,0.3856535773292269,1,1.3508198052986624,0,0.0,0,-1.0
2020-05-04,0.0939874123963621,0,0.3300738711717463,0,0.0,0,0.0
2020-05-05,0.1399190364139466,0,0.4908210681412246,0,0.0,0,0.0
2020-05-06,-0.4389502181086286,1,-1.5350513469227758,0,0.0,0,1.0
2020-05-07,-0.1454391618224886,0,-0.5078488347824476,0,0.0,0,0.0
2020-05-08,-0.0900725718683499,0,-0.3140820274629637,0,0.0,0,0.0
2020-05-11,0.0352606999862061,0,0.1245476219028073,0,0.0,0,0.0
2020-05-12,0.3278397034280966,1,1.14848822277078,0,0.0,0,-1.0
2020-05-13,0.0041592406906665,0,0.0157016468180961,0,0.0,0,0.0
2020-05-14,-0.0716213474738649,0,-0.2495081599913318,0,0.0,0,0.0
2020-05-15,0.081306617565068,0,0.285694812776267,0,0.0,0,0.0
2020-05-18,-0.0645606624904004,0,-0.2247978358072385,0,0.0,0,0.0
2020-05-19,-0.267177539127681,0,-0.9338974088091486,0,0.0,0,0.0
2020-05-20,-0.1843869069845789,0,-0.6441545064628288,0,0.0,0,0.0
2020-05-21,0.2230836995061972,0,0.7818729689813151,0,0.0,0,0.0
2020-05-22,-0.0774170244142339,0,-0.2697913274741163,0,0.0,0,0.0
2020-05-26,0.149505908361792,0,0.5243723049259612,0,0.0,0,0.0
2020-05-27,0.263182706860595,0,0.9222077202849096,0,0.0,0,0.0
2020-05-28,0.0676032779452954,0,0.2377371478751539,0,0.0,0,0.0
2020-05-29,-0.1562371809739593,0,-0.5456387311457276,0,0.0,0,0.0
2020-06-01,-0.4254852467174395,1,-1.4879279008286592,0,0.0,0,1.0
2020-06-02,0.2634026651889795,0,0.922977509846985,0,0.0,0,0.0
2020-06-03,-0.0257386475406449,0,-0.0889321829513485,0,0.0,0,0.0
2020-06-04,0.0568218035652804,0,0.2000051533538592,0,0.0,0,0.0
2020-06-05,0.0811584324823708,0,0.2851762084990236,0,0.0,0,0.0
2020-06-08,-0.2502733685774672,0,-0.8747377755246695,0,0.0,0,0.0
2020-06-09,-0.0748255142897483,0,-0.2607218029942157,0,0.0,0,0.0
2020-06-10,-0.3052968768612006,0,-1.06730389773822,1,0.0723802124675622,1,1.0
2020-06-11,-0.0258336559801386,0,-0.0892646845918569,0,0.0,0,0.0
2020-06-12,-0.4771854143973081,1,-1.6688633067748817,0,0.0,0,1.0
2020-06-15,-0.0209759146576549,0,-0.0722640163617695,0,0.0,0,0.0
2020-06-16,0.111455479670653,0,0.3912069774111762,0,0.0,0,0.0
2020-06-17,0.0078754647471123,0,0.0287073398054702,0,0.0,0,0.0
2020-06-18,-0.0240104105505064,0,-0.082883860955214,0,0.0,0,0.0
2020-06-19,0.1325831783730147,0,0.4651477190561944,0,0.0,0,0.0
2020-06-22,-0.0235398401190217,0,-0.0812370026205528,0,0.0,0,0.0
2020-06-23,-0.1976929796631185,0,-0.6907218537207557,0,0.0,0,0.0
2020-06-24,-0.1020257162676041,0,-0.3559145230092986,0,0.0,0,0.0
2020-06-25,0.1909479800036385,0,0.6694073868661243,0,0.0,0,0.0
2020-06-26,0.2753377357809149,0,0.9647467523747908,0,0.0,0,0.0
2020-06-29,-0.161307870334089,0,-0.5633846549787659,0,0.0,0,0.0
2020-06-30,0.0387873020703125,0,0.1368896936664748,0,0.0,0,0.0
2020-07-01,-0.7294890645977534,1,-2.5518519975157625,0,0.0,0,0.0
2020-07-02,0.2993169110680567,0,1.0486668247757174,-1,0.0933546154652947,0,-1.0
2020-07-06,-0.1115516431657666,0,-0.389252470015691,0,0.0,0,0.0
2020-07-07,0.1261857235210827,0,0.4427585055854675,0,0.0,0,0.0
2020-07-08,-0.4028319377759951,0,-1.4086479713180735,1,-0.0214621301073972,0,1.0
2020-07-09,-0.5122370543735848,1,-1.791533754334338,0,0.0,0,1.0
2020-07-10,0.0119121271183331,0,0.0428344728029339,0,0.0,0,0.0
2020-07-13,0.6877491592783811,1,2.408065636549889,0,0.0,0,0.0
2020-07-14,0.6809101573099272,1,2.384131137824636,0,0.0,0,0.0
2020-07-15,-0.1710133533363849,0,-0.5973509956258264,0,0.0,0,0.0
2020-07-16,0.5355580122820174,1,1.875441310576364,0,0.0,0,-1.0
2020-07-17,-0.0201194340635142,0,-0.0692665857742039,0,0.0,0,0.0
2020-07-20,-0.3889216576514583,0,-1.359966075415079,1,-0.2297164171497601,0,1.0
2020-07-21,0.6996741791150696,1,2.449799704385575,0,0.0,0,0.0
2020-07-22,0.0010705627275814,0,0.0048921808885387,0,0.0,0,0.0
2020-07-23,0.3853267736888118,1,1.3496760885179098,0,0.0,0,-1.0
2020-07-24,0.1639823070524025,0,0.5750354495784863,0,0.0,0,0.0
2020-07-27,-0.1823202135471192,0,-0.6369216862834318,0,0.0,0,0.0
2020-07-28,-0.3564848662713672,0,-1.2464468301335012,1,0.0833509630259111,1,1.0
2020-07-29,0.1830345298066382,0,0.6417126348356201,0,0.0,0,0.0
2020-07-30,-0.5112312022485261,1,-1.788013567249138,0,0.0,0,1.0
2020-07-31,-0.072111858945759,0,-0.251224806112056,0,0.0,0,0.0
2020-08-03,0.1707285622077169,0,0.5986453616913805,0,0.0,0,0.0
2020-08-04,-0.1383227829087596,0,-0.4829435981960666,0,0.0,0,0.0
2020-08-05,0.4223183057428894,1,1.4791355887311637,0,0.0,0,-1.0
2020-08-06,-0.356009269600641,0,-1.2447823814373704,1,-0.1082418564712067,0,1.0
2020-08-07,0.3744245298135036,1,1.3115214362251335,0,0.0,0,-1.0
2020-08-10,0.34959472724714,1,1.2246244181201245,0,0.0,0,-1.0
2020-08-11,0.3083201016375051,0,1.0801753481248333,-1,-0.0233506266743743,-1,-1.0
2020-08-12,-0.1135396137779241,0,-0.3962097834222382,0,0.0,0,0.0
2020-08-13,-0.1201119187900748,0,-0.4192109211117573,0,0.0,0,0.0
2020-08-14,0.1027644113836353,0,0.3607907904008154,0,0.0,0,0.0
2020-08-17,-0.2208535776566521,0,-0.7717771459562781,0,0.0,0,0.0
2020-08-18,-0.1578370925709547,0,-0.5512379519465754,0,0.0,0,0.0
2020-08-19,0.0880929976769914,0,0.3094451504552367,0,0.0,0,0.0
2020-08-20,-0.5119330198000338,1,-1.7904697226018345,0,0.0,0,1.0
2020-08-21,-0.0020189621137212,0,-0.0059202488661083,0,0.0,0,0.0
2020-08-24,-0.1765629395756981,0,-0.6167729179155429,0,0.0,0,0.0
2020-08-25,-0.2615903127533248,0,-0.91434375709921,0,0.0,0,0.0
2020-08-26,-0.2562665394204933,0,-0.8957121136758054,0,0.0,0,0.0
2020-08-27,-0.2490222770285717,0,-0.870359322466703,0,0.0,0,0.0
2020-08-28,-0.2047828636365964,0,-0.7155343657960765,0,0.0,0,0.0
2020-08-31,-0.1185456257202764,0,-0.4137293552845523,0,0.0,0,0.0
2020-09-01,0.1175642740300544,0,0.4125859639186158,0,0.0,0,0.0
2020-09-02,-0.299441246060491,0,-1.0468109093487423,1,0.0759186797769871,1,1.0
2020-09-03,0.2714075322619216,0,0.9509921941001718,0,0.0,0,0.0
2020-09-04,0.1080249927305063,0,0.3792012804286818,0,0.0,0,0.0
2020-09-08,0.0425462276536696,0,0.1500448294594133,0,0.0,0,0.0
2020-09-09,0.2200131660144469,0,0.7711270033735936,0,0.0,0,0.0
2020-09-10,-0.1843153683118393,0,-0.6439041421144356,0,0.0,0,0.0
2020-09-11,0.5838188266190533,1,2.0443399897341687,0,0.0,0,-1.0
2020-09-14,-0.4147492226100358,1,-1.450354968915753,0,0.0,0,1.0
2020-09-15,-0.3396513306541996,0,-1.1875343983738575,1,0.0783853421077159,1,1.0
2020-09-16,0.4359120698504051,1,1.526709771514487,0,0.0,0,-1.0
2020-09-17,0.5763904904316068,1,2.0183429942910767,0,0.0,0,-1.0
2020-09-18,0.2540124575873986,0,0.8901145405268119,0,0.0,0,0.0
2020-09-21,-0.341533876126139,0,-1.1941227547460596,1,0.0840070846674861,1,1.0
2020-09-22,-0.3243380767592042,0,-1.1339425062352282,1,0.0084130851363838,1,1.0
2020-09-23,0.0837614094076599,0,0.2942858634146927,0,0.0,0,0.0
2020-09-24,0.1208856805083669,0,0.4242099113144361,0,0.0,0,0.0
2020-09-25,-0.5404997849500417,1,-1.8904450124498733,0,0.0,0,1.0
2020-09-28,-0.1266260016290987,0,-0.4420082982913491,0,0.0,0,0.0
2020-09-29,-0.0666220406788146,0,-0.2320120541757146,0,0.0,0,0.0
2020-09-30,-0.1445365971697573,0,-0.5046901235216671,0,0.0,0,0.0
2020-10-01,-0.9616866388284976,1,-3.364475326192645,0,0.0,0,0.0
2020-10-02,0.60621286259242,1,2.122712539987873,0,0.0,0,-1.0
2020-10-05,0.2744499340847374,0,0.9616397071270406,0,0.0,0,0.0
2020-10-06,0.054536222744696,0,0.1920062916063303,0,0.0,0,0.0
2020-10-07,0.0368709609313181,0,0.1301830623831412,0,0.0,0,0.0
2020-10-08,0.1153892431898613,0,0.4049739946412102,0,0.0,0,0.0
2020-10-09,-0.2117381915986594,0,-0.7398759713416809,0,0.0,0,0.0
2020-10-12,-0.1789852401638298,0,-0.6252502587038986,0,0.0,0,0.0
2020-10-13,-0.0698241052762642,0,-0.243218340031363,0,0.0,0,0.0
2020-10-14,0.4241797496216221,1,1.48565009572329,0,0.0,0,-1.0
2020-10-15,0.2258468798941733,0,0.7915432889751857,0,0.0,0,0.0
2020-10-16,0.0351447821346143,0,0.1241419434596724,0,0.0,0,0.0
2020-10-19,0.0254629520513318,0,0.0902583810838548,0,0.0,0,0.0
2020-10-20,0.0478686095725517,0,0.1686716033425615,0,0.0,0,0.0
2020-10-21,-0.1623141459446497,0,-0.5669063241388735,0,0.0,0,0.0
2020-10-22,-0.0850116462715541,0,-0.2963702739346198,0,0.0,0,0.0
2020-10-23,-0.004203825113145,0,-0.013566627813764,0,0.0,0,0.0
2020-10-26,0.0991490324535516,0,0.3481380257441386,0,0.0,0,0.0
2020-10-27,-0.1521343838234172,0,-0.5312801458400674,0,0.0,0,0.0
2020-10-28,0.3169967386005017,0,1.110541029738649,-1,-0.0851369762084476,-1,-1.0
2020-10-29,-0.1016005473645625,0,-0.3544265566927503,0,0.0,0,0.0
2020-10-30,0.3227138255352743,0,1.1305491552785538,-1,-0.0768176067030769,-1,-1.0
2020-11-02,0.5637854045455152,1,1.9742288949730764,0,0.0,0,-1.0
2020-11-03,-0.2532283428942272,0,-0.8850793179520421,0,0.0,0,0.0
2020-11-04,-0.8275812376863034,1,-2.8951458001166173,0,0.0,0,0.0
2020-11-05,-0.3079007508476306,0,-1.0764166921044742,1,-0.1551974414486017,0,1.0
2020-11-06,-0.0497326838921068,0,-0.17290426471368,0,0.0,0,0.0
2020-11-09,-0.4824052889492526,1,-1.687131334973409,0,0.0,0,1.0
2020-11-10,0.8155038825860288,1,2.85516965498071,0,0.0,0,0.0
2020-11-11,-0.3163211522749,0,-1.105885624582741,1,0.0315421680643813,1,1.0
2020-11-12,0.0413448511249434,0,0.1458403643740131,0,0.0,0,0.0
2020-11-13,-0.1169195926957513,0,-0.4080387171574932,0,0.0,0,0.0
2020-11-16,0.1788935102833051,0,0.6272202824485841,0,0.0,0,0.0
2020-11-17,-0.0960096408774172,0,-0.3348600256686566,0,0.0,0,0.0
2020-11-18,0.2023845038739348,0,0.7094318622585221,0,0.0,0,0.0
2020-11-19,-0.1814802027667165,0,-0.63398189520785,0,0.0,0,0.0
2020-11-20,0.0171927492212543,0,0.0613150995923261,0,0.0,0,0.0
2020-11-23,0.341896662921144,1,1.197683453393494,0,0.0,0,-1.0
2020-11-24,0.1970341020198701,0,0.6907070268298436,0,0.0,0,0.0
2020-11-25,-0.3148660034896277,0,-1.1007930311156235,1,0.3663636996499856,1,1.0
2020-11-27,-0.1917246098094082,0,-0.6698343117498087,0,0.0,0,0.0
2020-11-30,-0.3601870504471732,0,-1.2594033876612245,1,-0.0730770750906906,0,1.0
2020-12-01,-0.3315240469052619,0,-1.159091291700399,1,-0.0962435781708407,0,1.0
2020-12-02,-0.1881906583785988,0,-0.6574665194306993,0,0.0,0,0.0
2020-12-03,-0.3175332022292289,0,-1.110127443523669,1,-0.0347402823253801,0,1.0
2020-12-04,0.3403270173336278,1,1.1921901547386904,0,0.0,0,-1.0
2020-12-07,-0.2969465227039057,0,-1.0380801101365948,1,-0.0060907548405168,0,1.0
2020-12-08,0.17778745080795,0,0.6233493990616435,0,0.0,0,0.0
2020-12-09,0.5850374601617686,1,2.0486048493012827,0,0.0,0,-1.0
2020-12-10,-0.023360057940595,0,-0.0806078177862416,0,0.0,0,0.0
2020-12-11,0.1755307829786816,0,0.6154517242938796,0,0.0,0,0.0
2020-12-14,-0.4037674916488417,0,-1.411922135162497,1,-0.0861802667950411,0,1.0
2020-12-15,0.0430646576990871,0,0.1518591823896236,0,0.0,0,0.0
2020-12-16,-0.2400495732428304,0,-0.8389574939086021,0,0.0,0,0.0
2020-12-17,-0.1108825145997582,0,-0.3869107165136405,0,0.0,0,0.0
2020-12-18,0.1449722285643244,0,0.5085057568779092,0,0.0,0,0.0
2020-12-21,0.0321408428675386,0,0.1136290380839752,0,0.0,0,0.0
2020-12-22,-0.2324759720174491,0,-0.8124521134875099,0,0.0,0,0.0
2020-12-23,0.1624632628349153,0,0.5697192408604951,0,0.0,0,0.0
2020-12-24,-0.0773819370373121,0,-0.2696685319577412,0,0.0,0,0.0
2020-12-28,-0.3662142248748736,0,-1.280496728374107,1,0.0051545825702789,1,1.0
2020-12-29,-0.0343830173853688,0,-0.1191849391259371,0,0.0,0,0.0
2020-12-30,0.1700420620852885,0,0.5962428128427417,0,0.0,0,0.0
2020-12-31,-0.0564314779171857,0,-0.1963480768069575,0,0.0,0,0.0
2021-01-04,0.2672953568766574,0,0.9366007877267538,0,0.0,0,0.0
2021-01-05,0.3064097187770144,0,1.073489569066709,-1,-0.1261812759757229,-1,-1.0
2021-01-06,0.9295239464639196,1,3.254206398372038,0,0.0,0,0.0
2021-01-07,-0.0580530317836607,0,-0.2020230391960751,0,0.0,0,0.0
2021-01-08,-0.3653685655187816,0,-1.2775371689422277,1,0.1281331602018107,1,1.0
2021-01-11,0.4346698733209738,1,1.5223624484127642,0,0.0,0,-1.0
2021-01-12,0.5891048040261735,1,2.0628393585157574,0,0.0,0,-1.0
2021-01-13,-0.5790992827716276,1,-2.0255319206957907,0,0.0,0,1.0
2021-01-14,-0.1210164579234582,0,-0.4223765424750452,0,0.0,0,0.0
2021-01-15,-0.2542568857846687,0,-0.8886789160532993,0,0.0,0,0.0
2021-01-19,0.0159638816622651,0,0.0570144239733101,0,0.0,0,0.0
2021-01-20,-0.4063246960588843,0,-1.420871599715176,1,0.0092231030704163,1,1.0
2021-01-21,-0.3991956496060806,0,-1.3959220304616553,1,0.0841404635256186,1,1.0
2021-01-22,0.0886621240966348,0,0.3114369258090525,0,0.0,0,0.0
2021-01-25,-0.2332439350824244,0,-0.8151397587147635,0,0.0,0,0.0
2021-01-26,-0.6348689014816178,1,-2.2207092103177604,0,0.0,0,0.0
2021-01-27,0.0650948011412955,0,0.2289582156355367,0,0.0,0,0.0
2021-01-28,-0.0169035000058186,0,-0.0580117608802412,0,0.0,0,0.0
2021-01-29,-0.0294875702183353,0,-0.102052311511648,0,0.0,0,0.0
2021-02-01,-0.2752114669279529,0,-0.9620137970747686,0,0.0,0,0.0
2021-02-02,-0.0475576303261647,0,-0.1652922159028259,0,0.0,0,0.0
2021-02-03,0.1667046735044132,0,0.584562932780842,0,0.0,0,0.0
2021-02-04,-0.3444917983102894,0,-1.204474613843704,1,0.0014184619149303,1,1.0
2021-02-05,0.0781273897007888,0,0.274568448781071,0,0.0,0,0.0
2021-02-08,0.1402742674270938,0,0.4920642723792934,0,0.0,0,0.0
2021-02-09,-0.0207464476704363,0,-0.0714609492858417,0,0.0,0,0.0
2021-02-10,-0.0711390600388682,0,-0.2478202955848907,0,0.0,0,0.0
2021-02-11,-0.3425121937173246,0,-1.1975465790477826,1,-0.3440208330682388,0,1.0
2021-02-12,0.0810888751469457,0,0.2849327782494428,0,0.0,0,0.0
2021-02-16,0.0194866608120836,0,0.069343116589514,0,0.0,0,0.0
2021-02-17,0.0718220786987045,0,0.2525017117282327,0,0.0,0,0.0
2021-02-18,-0.16362820305691,0,-0.5715051381797788,0,0.0,0,0.0
2021-02-19,0.2481563527792292,0,0.8696198932504097,0,0.0,0,0.0
2021-02-22,0.3444390443121838,1,1.2065810417322071,0,0.0,0,-1.0
2021-02-23,0.0249549455999038,0,0.0884805076718848,0,0.0,0,0.0
2021-02-24,0.0445524051598905,0,0.1570658616490168,0,0.0,0,0.0
2021-02-25,0.622567161138943,1,2.179947782720616,0,0.0,0,0.0
2021-02-26,-0.4605927052919721,1,-1.610793697091767,0,0.0,0,1.0
2021-03-01,0.1829675177509612,0,0.6414781123177766,0,0.0,0,0.0
2021-03-02,0.2179592858388378,0,0.7639390258482627,0,0.0,0,0.0
2021-03-03,0.5090523534232595,1,1.782679287536565,0,0.0,0,-1.0
2021-03-04,0.4966290439892492,1,1.7392013524250802,0,0.0,0,-1.0
2021-03-05,0.4669972815806382,1,1.635498884891465,0,0.0,0,-1.0
2021-03-08,0.4166452763730421,1,1.4592816517316936,0,0.0,0,-1.0
2021-03-09,-0.8712636511097303,1,-3.0480214204515206,0,0.0,0,0.0
2021-03-10,0.4310740275144494,1,1.5097780439529531,0,0.0,0,-1.0
2021-03-11,-0.5392469767596398,1,-1.8860605516506992,0,0.0,0,1.0
2021-03-12,-0.0188968607324536,0,-0.064987938104738,0,0.0,0,0.0
2021-03-15,-0.3067387971001315,0,-1.0723501951774954,1,-0.0177269249129523,0,1.0
2021-03-16,-0.3884813379202108,0,-1.3584250856486102,1,-0.0065032103325929,0,1.0
2021-03-17,0.0921589815661618,0,0.3236749001557259,0,0.0,0,0.0
2021-03-18,0.44919189285133,1,1.5731852526085637,0,0.0,0,-1.0
2021-03-19,-0.1854724743918448,0,-0.6479536736286273,0,0.0,0,0.0
2021-03-22,-0.3222264488604745,0,-1.1265524286356772,1,-0.0089510339938136,0,1.0
2021-03-23,0.0050507642951183,0,0.0188217176519269,0,0.0,0,0.0
2021-03-24,0.9682539698492616,1,3.3897501077643435,0,0.0,0,0.0
2021-03-25,0.0488017638454656,0,0.171937369291825,0,0.0,0,0.0
2021-03-26,0.1622194128219778,0,0.5688658374178983,0,0.0,0,0.0
2021-03-29,0.1989072584111077,0,0.6972625241765439,0,0.0,0,0.0
2021-03-30,-0.1531677836718622,0,-0.5348967418681683,0,0.0,0,0.0
2021-03-31,-0.2666401918251975,0,-0.9320168510339596,0,0.0,0,0.0
2021-04-01,-0.3060350676812561,0,-1.069887348850401,1,-0.0595616229111922,0,1.0
2021-04-05,-0.3114978698113631,0,-1.0890055522406714,1,-0.0630385689240734,0,1.0
2021-04-06,-0.1624834511983113,0,-0.5674988428128899,0,0.0,0,0.0
2021-04-07,-0.1139319933676658,0,-0.397582996770298,0,0.0,0,0.0
2021-04-08,-0.2465303116081624,0,-0.8616381752213474,0,0.0,0,0.0
2021-04-09,0.1360969767954573,0,0.4774449817636304,0,0.0,0,0.0
2021-04-12,0.1740161753386345,0,0.6101510422941988,0,0.0,0,0.0
2021-04-13,-0.272541220087871,0,-0.952668717210067,0,0.0,0,0.0
2021-04-14,0.4805587967600933,1,1.682960205895962,0,0.0,0,-1.0
2021-04-15,-0.2281875854401712,0,-0.7974440196836624,0,0.0,0,0.0
2021-04-16,0.0748481063315912,0,0.2630919198983707,0,0.0,0,0.0
2021-04-19,0.1889434698805133,0,0.6623921900277554,0,0.0,0,0.0
2021-04-20,-0.0630129991383141,0,-0.2193814685217051,0,0.0,0,0.0
2021-04-21,-0.1367005775062023,0,-0.4772663556219745,0,0.0,0,0.0
2021-04-22,0.0312662991036055,0,0.1105683917060994,0,0.0,0,0.0
2021-04-23,0.0023515306329626,0,0.0093751924214873,0,0.0,0,0.0
2021-04-26,-0.2294401374748408,0,-0.8018275840129898,0,0.0,0,0.0
2021-04-27,0.2366216922187087,0,0.8292519682585086,0,0.0,0,0.0
2021-04-28,0.3075445768112015,0,1.0774612389533218,-1,-0.0254876441303792,-1,-1.0
2021-04-29,0.1544372014350399,0,0.5416303826864195,0,0.0,0,0.0
2021-04-30,-0.1067876651312998,0,-0.3725799457615623,0,0.0,0,0.0
2021-05-03,0.526131415897723,1,1.842450991201681,0,0.0,0,-1.0
2021-05-04,0.8381501678361379,1,2.9344250036340176,0,0.0,0,0.0
2021-05-05,0.5320578903917468,1,1.8631919117156328,0,0.0,0,-1.0
2021-05-06,0.0912691351527534,0,0.3205606989980663,0,0.0,0,0.0
2021-05-07,-0.0787437813223843,0,-0.2744345870715435,0,0.0,0,0.0
2021-05-10,0.5711182401481941,1,1.9998916664117128,0,0.0,0,-1.0
2021-05-11,-0.2729169437879222,0,-0.9539836398349476,0,0.0,0,0.0
2021-05-12,0.4405327849507003,1,1.5428809175659013,0,0.0,0,-1.0
2021-05-13,0.0179353879233695,0,0.0639141169856665,0,0.0,0,0.0
2021-05-14,-0.3060648163228392,0,-1.0699914603607257,1,0.0358252874713516,1,1.0
2021-05-17,0.2569371802219282,0,0.900350210949304,0,0.0,0,0.0
2021-05-18,-0.4278958245819998,1,-1.4963642155267067,0,0.0,0,1.0
2021-05-19,-0.3419152468497421,0,-1.1954574402952132,1,0.0599351657128382,1,1.0
2021-05-20,-0.4254664349918268,1,-1.4878620653127794,0,0.0,0,1.0
2021-05-21,0.1473143861658727,0,0.5167026207459386,0,0.0,0,0.0
2021-05-24,-0.3700620523434451,0,-1.2939629946606692,1,-0.0178411056623935,0,1.0
2021-05-25,-0.3077180511827394,0,-1.0757772969242108,1,0.0661920603310864,1,1.0
2021-05-26,-0.1127107063611317,0,-0.393308850858966,0,0.0,0,0.0
2021-05-27,0.2632020218181833,0,0.9222753169649384,0,0.0,0,0.0
2021-05-28,-0.0204059581395834,0,-0.0702693359072007,0,0.0,0,0.0
2021-06-01,0.2642457991117715,0,0.9259282310038685,0,0.0,0,0.0
2021-06-02,-0.0895964007533382,0,-0.3124155683805099,0,0.0,0,0.0
2021-06-03,0.3485758794695639,1,1.2210587500670802,0,0.0,0,-1.0
2021-06-04,-0.1542709314050566,0,-0.5387574350125333,0,0.0,0,0.0
2021-06-07,-0.3758524786696148,0,-1.314227786535516,1,0.0038087442564845,1,1.0
2021-06-08,0.0211357652394646,0,0.0751144978520175,0,0.0,0,0.0
2021-06-09,-0.1787401908126837,0,-0.6243926579297379,0,0.0,0,0.0
2021-06-10,-0.3803943570199751,0,-1.3301230271113176,1,0.0532809225318456,1,1.0
2021-06-11,-0.046776120972001,0,-0.1625571626410655,0,0.0,0,0.0
2021-06-14,-0.265062678730622,0,-0.9264960184146172,0,0.0,0,0.0
2021-06-15,0.4910333872788899,1,1.7196181970145652,0,0.0,0,-1.0
2021-06-16,-0.1611639938734366,0,-0.5628811296135208,0,0.0,0,0.0
2021-06-17,-0.7941413571332707,1,-2.778116037270952,0,0.0,0,0.0
2021-06-18,-0.1106030368480923,0,-0.3859326264470139,0,0.0,0,0.0
2021-06-21,0.3423163565398085,1,1.1991522578224527,0,0.0,0,-1.0
2021-06-22,0.0705440702263734,0,0.2480290573419689,0,0.0,0,0.0
2021-06-23,-0.0390689967994869,0,-0.1355844911119017,0,0.0,0,0.0
2021-06-24,0.0834068569895492,0,0.293045034059993,0,0.0,0,0.0
2021-06-25,-0.0185596542089257,0,-0.0638078142877316,0,0.0,0,0.0
2021-06-28,-0.1929656310691423,0,-0.6741775217526905,0,0.0,0,0.0
2021-06-29,-0.0267033969904831,0,-0.0923085227424253,0,0.0,0,0.0
2021-06-30,0.2695357531588024,0,0.9444415168574672,0,0.0,0,0.0
2021-07-01,0.1280829888632872,0,0.4493983771813414,0,0.0,0,0.0
2021-07-02,-0.1845828147117241,0,-0.6448401259826437,0,0.0,0,0.0
2021-07-06,-0.3922903391547648,0,-1.371755471516818,1,0.0604742174640473,1,1.0
2021-07-07,0.3281105970495348,1,1.149436270902203,0,0.0,0,-1.0
2021-07-08,-0.1678461474161635,0,-0.5862667049047797,0,0.0,0,0.0
2021-07-09,0.0350606281706609,0,0.1238474292963107,0,0.0,0,0.0
2021-07-12,-0.0765629030146803,0,-0.2668021533748657,0,0.0,0,0.0
2021-07-13,0.0960828029745606,0,0.3374071229172696,0,0.0,0,0.0
2021-07-14,-0.2727425149451767,0,-0.9533731901035984,0,0.0,0,0.0
2021-07-15,0.1657418370018154,0,0.5811932877434004,0,0.0,0,0.0
2021-07-16,0.0110770795646173,0,0.0399120515633835,0,0.0,0,0.0
2021-07-19,-0.1844506555359655,0,-0.6443776076739319,0,0.0,0,0.0
2021-07-20,-0.0337370034991085,0,-0.116924080215746,0,0.0,0,0.0
2021-07-21,-0.0490486881209858,0,-0.1705104803592539,0,0.0,0,0.0
2021-07-22,-0.0865198116131806,0,-0.3016484097815075,0,0.0,0,0.0
2021-07-23,-0.0992169928882659,0,-0.346084815918637,0,0.0,0,0.0
2021-07-26,-0.1006512871799157,0,-0.3511044247816667,0,0.0,0,0.0
2021-07-27,0.1455106438024286,0,0.5103900521141886,0,0.0,0,0.0
2021-07-28,-0.068696094311301,0,-0.2392706328765008,0,0.0,0,0.0
2021-07-29,0.1813154704942288,0,0.635696432016658,0,0.0,0,0.0
2021-07-30,0.0939328058570355,0,0.3298827643184463,0,0.0,0,0.0
2021-08-02,-0.1631430050287358,0,-0.5698070875518659,0,0.0,0,0.0
2021-08-03,0.4760587658027289,1,1.667211418907823,0,0.0,0,-1.0
2021-08-04,-0.2785737886722165,0,-0.9737809358872996,0,0.0,0,0.0
2021-08-05,-0.4536557534391787,1,-1.5865164025327532,0,0.0,0,1.0
2021-08-06,0.2028823553183961,0,0.7111741961279648,0,0.0,0,0.0
2021-08-09,0.0159614334052781,0,0.0570058557927472,0,0.0,0,0.0
2021-08-10,0.4499504011561177,1,1.575839808951401,0,0.0,0,-1.0
2021-08-11,0.2835728905125947,0,0.9935673758132452,0,0.0,0,0.0
2021-08-12,0.0427733270880436,0,0.1508396107955794,0,0.0,0,0.0
2021-08-13,-0.175628101069973,0,-0.6135012576459882,0,0.0,0,0.0
2021-08-16,0.0908688866433816,0,0.3191599467418843,0,0.0,0,0.0
2021-08-17,0.0068543055012799,0,0.0251335822922551,0,0.0,0,0.0
2021-08-18,-0.1403867554461881,0,-0.4901668960243036,0,0.0,0,0.0
2021-08-19,-0.2207005341271264,0,-0.7712415385417405,0,0.0,0,0.0
2021-08-20,-0.059530611081251,0,-0.2071941328699422,0,0.0,0,0.0
2021-08-23,-0.0329993015165785,0,-0.1143423398913645,0,0.0,0,0.0
2021-08-24,-0.0113763457135973,0,-0.0386683438185616,0,0.0,0,0.0
2021-08-25,0.0515654325430842,0,0.1816093982260601,0,0.0,0,0.0
2021-08-26,0.0194963963780876,0,0.0693771882118334,0,0.0,0,0.0
2021-08-27,-0.0673453148475307,0,-0.2345433013882459,0,0.0,0,0.0
2021-08-30,-0.0798210832534349,0,-0.2782048274976145,0,0.0,0,0.0
2021-08-31,-0.2601913951731606,0,-0.90944795633857,0,0.0,0,0.0
2021-09-01,-0.3009519781152447,0,-1.0520980279379006,1,-0.1880397729552889,0,1.0
2021-09-02,0.4259520793081765,1,1.49185272920976,0,0.0,0,-1.0
2021-09-03,-0.0849519645164851,0,-0.2961614053164781,0,0.0,0,0.0
2021-09-07,-0.3281702461192951,0,-1.1473539737398628,1,0.0673181804020942,1,1.0
2021-09-08,0.0383562892263006,0,0.1353812752725111,0,0.0,0,0.0
2021-09-09,0.0091489720557685,0,0.0331642414405674,0,0.0,0,0.0
2021-09-10,0.2559413562806205,0,0.8968651195626153,0,0.0,0,0.0
2021-09-13,-0.0493536671663175,0,-0.1715778174656607,0,0.0,0,0.0
2021-09-14,-0.0977304123005076,0,-0.3408822203722679,0,0.0,0,0.0
2021-09-15,0.3639793198015952,1,1.27496626825352,0,0.0,0,-1.0
2021-09-16,-0.4243831752666525,1,-1.484070974356687,0,0.0,0,1.0
2021-09-17,-0.0292977117320215,0,-0.1013878625584795,0,0.0,0,0.0
2021-09-20,-0.0397002882588477,0,-0.1377938258509515,0,0.0,0,0.0
2021-09-21,0.0434754150913047,0,0.1532967126499991,0,0.0,0,0.0
2021-09-22,0.0098508092191919,0,0.0356204654292101,0,0.0,0,0.0
2021-09-23,0.0451189130418798,0,0.1590484728899351,0,0.0,0,0.0
2021-09-24,0.0620372927229786,0,0.2182578339602259,0,0.0,0,0.0
2021-09-27,0.4405505002997161,1,1.5429429160856256,0,0.0,0,-1.0
2021-09-28,0.3102743114780235,0,1.087014508743958,-1,0.0847786765516224,0,-1.0
2021-09-29,0.0474210153311184,0,0.1671051549264867,0,0.0,0,0.0
2021-09-30,-0.2284561528843949,0,-0.7983839268778798,0,0.0,0,0.0
2021-10-01,-0.1074649053627452,0,-0.3749500877107807,0,0.0,0,0.0
2021-10-04,0.4466466086949288,1,1.5642775054434368,0,0.0,0,-1.0
2021-10-05,0.1819284972078689,0,0.6378418455088382,0,0.0,0,0.0
2021-10-06,-0.0362148754397837,0,-0.1255959044203586,0,0.0,0,0.0
2021-10-07,0.1242690743740987,0,0.4360507963646123,0,0.0,0,0.0
2021-10-08,0.4212844466483127,1,1.4755173854764525,0,0.0,0,-1.0
2021-10-11,0.1552627386114172,0,0.5445195203978564,0,0.0,0,0.0
2021-10-12,-0.1017198914003634,0,-0.3548442257745725,0,0.0,0,0.0
2021-10-13,-0.0201355685983811,0,-0.0693230519085882,0,0.0,0,0.0
2021-10-14,0.1118416728973465,0,0.3925585403050947,0,0.0,0,0.0
2021-10-15,0.0825933554985639,0,0.29019801771334,0,0.0,0,0.0
2021-10-18,-0.0164172538427227,0,-0.0563100420878706,0,0.0,0,0.0
2021-10-19,0.1580897750533889,0,0.5544133178303954,0,0.0,0,0.0
2021-10-20,0.1294589122321295,0,0.4542137049542397,0,0.0,0,0.0
2021-10-21,-0.1429704819163301,0,-0.4992091799995485,0,0.0,0,0.0
2021-10-22,0.2724766517333598,0,0.9547337983202486,0,0.0,0,0.0
2021-10-25,0.083751777292649,0,0.294252153840472,0,0.0,0,0.0
2021-10-26,-0.2536830798398053,0,-0.8866707637352818,0,0.0,0,0.0
2021-10-27,-0.1660210756173669,0,-0.5798794895123459,0,0.0,0,0.0
2021-10-28,0.0420795360166995,0,0.1484115457666067,0,0.0,0,0.0
2021-10-29,0.0964939380682891,0,0.3388459750220272,0,0.0,0,0.0
2021-11-01,-0.3013116206228893,0,-1.053356671111345,1,0.3356752488041212,1,1.0
2021-11-02,0.0816372284222533,0,0.2868518536977872,0,0.0,0,0.0
2021-11-03,-0.5391127757119653,1,-1.8855908873898448,0,0.0,0,1.0
2021-11-04,0.0631813261416511,0,0.222261614998332,0,0.0,0,0.0
2021-11-05,-0.3531887363137,0,-1.2349113431378909,1,0.0099424161602693,1,1.0
2021-11-08,0.3014783684499782,0,1.0562312909348033,-1,-0.0270551415227694,-1,-1.0
2021-11-09,0.0793963192107398,0,0.2790093294648977,0,0.0,0,0.0
2021-11-10,0.0650296482894043,0,0.228730199785018,0,0.0,0,0.0
2021-11-11,-0.0088610092434033,0,-0.0298654047614975,0,0.0,0,0.0
2021-11-12,0.1051608715095909,0,0.3691776971591964,0,0.0,0,0.0
2021-11-15,-0.1330425990578493,0,-0.4644645051600272,0,0.0,0,0.0
2021-11-16,0.1587216839428739,0,0.5566248133935812,0,0.0,0,0.0
2021-11-17,-0.1040689336627518,0,-0.3630651839339706,0,0.0,0,0.0
2021-11-18,0.0082531827417391,0,0.0300292418757725,0,0.0,0,0.0
2021-11-19,-0.0848285668372718,0,-0.2957295496730009,0,0.0,0,0.0
2021-11-22,0.52616735850494,1,1.8425767797729649,0,0.0,0,-1.0
2021-11-23,0.2951308890270743,0,1.0340169767911835,-1,0.0408089819893908,0,-1.0
2021-11-24,-0.1366022321385816,0,-0.4769221757128575,0,0.0,0,0.0
2021-11-26,0.2571696244549638,0,0.9011636975113704,0,0.0,0,0.0
2021-11-29,-0.3496009026892939,0,-1.2223549789628436,1,0.0236631056586995,1,1.0
2021-11-30,-0.0981852277538366,0,-0.3424739409095832,0,0.0,0,0.0
2021-12-01,0.4784376282966665,1,1.6755367391214062,0,0.0,0,-1.0
2021-12-02,-0.1744441156336038,0,-0.6093576562772195,0,0.0,0,0.0
2021-12-03,0.313726432823357,0,1.0990959197920067,-1,0.0116247797344145,0,-1.0
2021-12-06,-0.1401032884125551,0,-0.4891748446421814,0,0.0,0,0.0
2021-12-07,-0.1831065750824423,0,-0.6396737207544839,0,0.0,0,0.0
2021-12-08,-0.2222727069285271,0,-0.7767436817030636,0,0.0,0,0.0
2021-12-09,0.2512348019162305,0,0.8803935612922064,0,0.0,0,0.0
2021-12-10,0.109012633398224,0,0.3826577327606937,0,0.0,0,0.0
2021-12-13,0.0765643677202461,0,0.2690983308057577,0,0.0,0,0.0
2021-12-14,0.1115545107658192,0,0.3915535571653492,0,0.0,0,0.0
2021-12-15,-0.1806512043749863,0,-0.6310806442590088,0,0.0,0,0.0
2021-12-16,0.5302703372323632,1,1.856936000544392,0,0.0,0,-1.0
2021-12-17,-0.7742111613212561,1,-2.7083662041144394,0,0.0,0,0.0
2021-12-20,-0.115230479275677,0,-0.4021273161685684,0,0.0,0,0.0
2021-12-21,-0.4077524078481696,0,-1.4258681717527777,1,0.0023895588953436,1,1.0
2021-12-22,-0.1978331495830778,0,-0.691212407281942,0,0.0,0,0.0
2021-12-23,0.000738862308547,0,0.0037313268204792,0,0.0,0,0.0
2021-12-27,0.1368750682367913,0,0.4801680733341026,0,0.0,0,0.0
2021-12-28,0.1550159415574149,0,0.5436558031768848,0,0.0,0,0.0
2021-12-29,-0.0003433405438833,0,-5.606539134319047e-05,0,0.0,0,0.0
2021-12-30,-0.1969673120662293,0,-0.6881822302124109,0,0.0,0,0.0
2021-12-31,0.2833795651870536,0,0.9928907939407632,0,0.0,0,0.0
2022-01-03,-0.5714873947486618,1,-1.9988925477254635,0,0.0,0,1.0
2022-01-04,0.613424544701241,1,2.147951309772805,0,0.0,0,0.0
2022-01-05,0.5808034847619411,1,2.0337871786415334,0,0.0,0,-1.0
2022-01-06,0.1052499276317195,0,0.3694893674367301,0,0.0,0,0.0
2022-01-07,0.1290282913471562,0,0.4527066583018184,0,0.0,0,0.0
2022-01-10,-0.0398925171716034,0,-0.1384665706006286,0,0.0,0,0.0
2022-01-11,-0.0192696740044202,0,-0.0662926750859233,0,0.0,0,0.0
2022-01-12,0.1435504113133214,0,0.5035298139934581,0,0.0,0,0.0
2022-01-13,0.0771030166413574,0,0.2709834438639444,0,0.0,0,0.0
2022-01-14,-0.1025367791357095,0,-0.3577030929821711,0,0.0,0,0.0
2022-01-18,0.4858621073242462,1,1.7015202356375585,0,0.0,0,-1.0
2022-01-19,0.1670890150772204,0,0.585908015429867,0,0.0,0,0.0
2022-01-20,0.0861547561570064,0,0.3026618742691351,0,0.0,0,0.0
2022-01-21,0.4082277052631577,1,1.429822624533196,0,0.0,0,-1.0
2022-01-24,0.0461516434992769,0,0.1626627262459242,0,0.0,0,0.0
2022-01-25,0.4575333722593516,1,1.6023779811936614,0,0.0,0,-1.0
2022-01-26,0.1131882314422982,0,0.39727109981689,0,0.0,0,0.0
2022-01-27,0.259083784669683,0,0.9078626962001348,0,0.0,0,0.0
2022-01-28,-0.6773065565611117,1,-2.3692285419524217,0,0.0,0,0.0
2022-01-31,-0.6751262106209507,1,-2.3615979713858226,0,0.0,0,0.0
2022-02-01,0.0505516142684323,0,0.1780613319564169,0,0.0,0,0.0
2022-02-02,0.1129707383165137,0,0.3965099377400472,0,0.0,0,0.0
2022-02-03,0.4455601415204409,1,1.5604751893565634,0,0.0,0,-1.0
2022-02-04,-0.2536802386193034,0,-0.8866608202978044,0,0.0,0,0.0
2022-02-07,-0.0742208028493418,0,-0.2586054905167056,0,0.0,0,0.0
2022-02-08,-0.1532288815208388,0,-0.5351105663991731,0,0.0,0,0.0
2022-02-09,-0.4649327691206741,1,-1.6259826461013942,0,0.0,0,1.0
2022-02-10,0.1341081166032026,0,0.4704845550879545,0,0.0,0,0.0
2022-02-11,0.7207850096486914,1,2.5236814123930733,0,0.0,0,0.0
2022-02-14,-0.1604331079763847,0,-0.5603232435868772,0,0.0,0,0.0
2022-02-15,-0.610329792414604,1,-2.1348295341029457,0,0.0,0,1.0
2022-02-16,0.238582883537614,0,0.836115562001987,0,0.0,0,0.0
2022-02-17,0.4634395626116745,1,1.623047913167776,0,0.0,0,-1.0
2022-02-18,0.2106236220912178,0,0.738266356732773,0,0.0,0,0.0
2022-02-22,0.0116877600006287,0,0.0420492537728102,0,0.0,0,0.0
2022-02-23,0.4186194004953733,1,1.46619050648965,0,0.0,0,-1.0
2022-02-24,-0.4008630156483863,0,-1.401757322014162,1,0.0176531371561532,1,1.0
2022-02-25,0.0286936833212501,0,0.1015649918756304,0,0.0,0,0.0
2022-02-28,0.8816036377480856,1,3.086499388904371,0,0.0,0,0.0
2022-03-01,0.4774510285447995,1,1.6720839296892231,0,0.0,0,-1.0
2022-03-02,-0.0666665316559982,0,-0.2321677595317881,0,0.0,0,0.0
2022-03-03,0.6143804110999145,1,2.1512965614931723,0,0.0,0,0.0
2022-03-04,0.8500904643439142,1,2.97621253533276,0,0.0,0,0.0
2022-03-07,1.2153499520684068,1,4.254513489719686,0,0.0,0,0.0
2022-03-08,-0.3013178158505269,0,-1.0533783525889462,1,0.0441958607906386,1,1.0
2022-03-09,-0.8144063258397526,1,-2.849037477257355,0,0.0,0,0.0
2022-03-10,0.3573858275129452,1,1.2518909813175607,0,0.0,0,-1.0
2022-03-11,0.3939533862255248,1,1.3798666993286115,0,0.0,0,-1.0
2022-03-14,0.3282647465443202,1,1.1499757488704003,0,0.0,0,-1.0
2022-03-15,-0.702571481455295,1,-2.457648360438037,0,0.0,0,0.0
2022-03-16,-1.0565738127199515,1,-3.696552572700787,0,0.0,0,0.0
2022-03-17,0.2441155210251006,0,0.8554781686370417,0,0.0,0,0.0
2022-03-18,-0.3077612066959068,0,-1.0759283285483656,1,0.0211426074306565,1,1.0
2022-03-21,0.7499744206422998,1,2.6258357798636487,0,0.0,0,0.0
2022-03-22,-0.4825832671841331,1,-1.687754206535008,0,0.0,0,1.0
2022-03-23,0.5667668226728219,1,1.9846629829725573,0,0.0,0,-1.0
2022-03-24,-0.3732260831362758,0,-1.3050361733681746,1,0.1895771904471906,1,1.0
2022-03-25,0.3062126147456183,0,1.0727997628332917,-1,0.1271360215134586,0,-1.0
2022-03-28,-0.5391102125585745,1,-1.8855819171056063,0,0.0,0,1.0
2022-03-29,-0.8011631461639097,1,-2.802690237041335,0,0.0,0,0.0
2022-03-30,0.5234311091301492,1,1.8330007104173784,0,0.0,0,-1.0
2022-03-31,-0.0576736430827914,0,-0.2006952901445003,0,0.0,0,0.0
2022-04-01,-0.0019985216127004,0,-0.0058487131145638,0,0.0,0,0.0
2022-04-04,-0.3660957682422885,0,-1.280082164942969,1,0.0170647512253191,1,1.0
2022-04-05,0.3240458194612658,0,1.1352107429006577,-1,0.054760082470472,0,-1.0
2022-04-06,0.5723808731216218,1,2.0043105110665853,0,0.0,0,-1.0
2022-04-07,0.4665877595547889,1,1.6340656780506329,0,0.0,0,-1.0
2022-04-08,0.3172290453558156,0,1.1113540351690578,-1,-0.0443018739148641,-1,-1.0
2022-04-11,0.0002110722508589,0,0.001884216595741,0,0.0,0,0.0
2022-04-12,0.0951549635781889,0,0.3341599574752746,0,0.0,0,0.0
2022-04-13,-0.401161882587237,0,-1.4028032685426088,1,0.0096680248455085,1,1.0
2022-04-14,0.3049095925259288,0,1.0682395676761631,-1,0.0280822210702382,0,-1.0
2022-04-18,0.1973174092291133,0,0.6916985188735314,0,0.0,0,0.0
2022-04-19,-0.6343658683682464,1,-2.2189487421286467,0,0.0,0,0.0
2022-04-20,0.5319483051832934,1,1.8628083956640025,0,0.0,0,-1.0
2022-04-21,0.0182328444941001,0,0.0649551276398245,0,0.0,0,0.0
2022-04-22,0.018937366122447,0,0.0674207464674492,0,0.0,0,0.0
2022-04-25,-0.5948006973606956,1,-2.0804822612864498,0,0.0,0,1.0
2022-04-26,0.7892205733454961,1,2.763185790315265,0,0.0,0,0.0
2022-04-27,0.5062589791946578,1,1.7729032979664463,0,0.0,0,-1.0
2022-04-28,-0.4564727738197192,1,-1.5963751466913398,0,0.0,0,1.0
2022-04-29,0.5506346773813038,1,1.9282052114005543,0,0.0,0,-1.0
2022-05-02,-0.2203100472582963,0,-0.769874949161104,0,0.0,0,0.0
2022-05-03,0.216477512036064,0,0.7587532526379034,0,0.0,0,0.0
2022-05-04,0.1633067600628484,0,0.5726712334786934,0,0.0,0,0.0
2022-05-05,0.5153313317363248,1,1.8046538679100128,0,0.0,0,-1.0
2022-05-06,0.7746671221501858,1,2.712252984521536,0,0.0,0,0.0
2022-05-09,0.3149140663646198,0,1.1032522884566949,-1,-0.0514990601818737,-1,-1.0
2022-05-10,-0.2602423867036174,0,-0.9096264117223154,0,0.0,0,0.0
2022-05-11,0.6287249495215907,1,2.2014982339231013,0,0.0,0,0.0
2022-05-12,-0.0643158493106517,0,-0.2239410615636207,0,0.0,0,0.0
2022-05-13,-0.756064474665828,1,-2.644858129306835,0,0.0,0,0.0
2022-05-16,0.5790319942091657,1,2.027587481876892,0,0.0,0,-1.0
2022-05-17,-0.3267316701006852,0,-1.1423193800897338,1,0.1961547902195585,1,1.0
2022-05-18,0.4150497360363891,1,1.4536977290584931,0,0.0,0,-1.0
2022-05-19,0.0293787306470199,0,0.1039624563625553,0,0.0,0,0.0
2022-05-20,-0.118280382752568,0,-0.4128010827819589,0,0.0,0,0.0
2022-05-23,0.1667966352457328,0,0.5848847718723555,0,0.0,0,0.0
2022-05-24,0.8209353628137426,1,2.874178240909784,0,0.0,0,0.0
2022-05-25,-0.4464144187578647,1,-1.5611738574511016,0,0.0,0,1.0
2022-05-26,-0.4154536161283879,1,-1.4528201393960138,0,0.0,0,1.0
2022-05-27,-0.2567282891923323,0,-0.8973281022917535,0,0.0,0,0.0
2022-05-31,-0.0611541833370088,0,-0.2128761590288815,0,0.0,0,0.0
2022-06-01,0.4290020303029256,1,1.502526662121701,0,0.0,0,-1.0
2022-06-02,-0.3709671117776614,0,-1.2971304369240944,1,0.1721693175633651,1,1.0
2022-06-03,0.699383629477926,1,2.44878286597086,0,0.0,0,0.0
2022-06-06,0.1410217031151158,0,0.4946800778147487,0,0.0,0,0.0
2022-06-07,0.1823631841912564,0,0.6393631223117638,0,0.0,0,0.0
2022-06-08,0.0343436106536614,0,0.1213380785276212,0,0.0,0,0.0
2022-06-09,0.4813688545874617,1,1.6857951704311327,0,0.0,0,-1.0
2022-06-10,0.3838821369894991,1,1.3446202842649433,0,0.0,0,-1.0
2022-06-13,0.9058229583168024,1,3.1712598992759613,0,0.0,0,0.0
2022-06-14,0.0299323864762777,0,0.1059000891927144,0,0.0,0,0.0
2022-06-15,-0.7477793016862004,1,-2.615862456687628,0,0.0,0,0.0
2022-06-16,0.2313263550722202,0,0.8107198431374697,0,0.0,0,0.0
2022-06-17,-1.0848948257862003,1,-3.7956678024168657,0,0.0,0,0.0
2022-06-21,0.4656267532468283,1,1.6307024381570134,0,0.0,0,-1.0
2022-06-22,-0.4034866796731187,0,-1.4109393757034443,1,0.0252527838232547,1,1.0
2022-06-23,-0.7418125179915738,1,-2.5949804658077227,0,0.0,0,0.0
2022-06-24,-0.4009450854943366,0,-1.4020445423764811,1,0.2323521035848021,1,1.0
2022-06-27,0.4684798504165444,1,1.640687440484339,0,0.0,0,-1.0
2022-06-28,0.5963983798839716,1,2.088364732375311,0,0.0,0,-1.0
2022-06-29,0.0047786182883297,0,0.0178692865395206,0,0.0,0,0.0
2022-06-30,0.3483115580493313,1,1.2201337027100545,0,0.0,0,-1.0
2022-07-01,-0.0405894145780934,0,-0.1409055068904856,0,0.0,0,0.0
2022-07-05,-1.0127504981100195,1,-3.543183839586512,0,0.0,0,0.0
2022-07-06,0.272427692324112,0,0.9545624547640346,0,0.0,0,0.0
2022-07-07,-0.0738793294954849,0,-0.2574104340464345,0,0.0,0,0.0
2022-07-08,0.0294334699504498,0,0.1041540278512324,0,0.0,0,0.0
2022-07-11,0.4768968456322846,1,1.670144452222434,0,0.0,0,-1.0
2022-07-12,-0.4236393875950349,1,-1.4814679359074647,0,0.0,0,1.0
2022-07-13,-0.1013438839205013,0,-0.3535283100036809,0,0.0,0,0.0
2022-07-14,-0.1775765166929441,0,-0.6203201402050773,0,0.0,0,0.0
2022-07-15,-0.3380678645855016,0,-1.1819927320930823,1,0.0413737035003908,1,1.0
2022-07-18,-0.05894190426032,0,-0.2051338318610937,0,0.0,0,0.0
2022-07-19,-0.1874849158176286,0,-0.6549966276974005,0,0.0,0,0.0
2022-07-20,-0.3966360211615511,0,-1.3869640825000518,1,-0.057628825225712,0,1.0
2022-07-21,-0.0307534358489585,0,-0.1064824695174869,0,0.0,0,0.0
2022-07-22,0.3008907376173768,0,1.0541747555691616,-1,-0.0854944643533867,-1,-1.0
2022-07-25,0.4603565943366957,1,1.612258429470031,0,0.0,0,-1.0
2022-07-26,0.54655388799201,1,1.9139236467970333,0,0.0,0,-1.0
2022-07-27,-0.5992890572254189,1,-2.096190202877376,0,0.0,0,1.0
2022-07-28,0.1133623188148108,0,0.3978803545026915,0,0.0,0,0.0
2022-07-29,0.5136372601893578,1,1.7987251149328385,0,0.0,0,-1.0
2022-08-01,-0.3895741842049744,0,-1.3622497267483245,1,-0.1489804792450884,0,1.0
2022-08-02,0.040630951518137,0,0.1433419253754746,0,0.0,0,0.0
2022-08-03,-0.7285067187591785,1,-2.548414075531008,0,0.0,0,0.0
2022-08-04,-0.1191369417789531,0,-0.4157987878593495,0,0.0,0,0.0
2022-08-05,0.4181782806178597,1,1.4646467164462005,0,0.0,0,-1.0
2022-08-08,-0.0673797469107514,0,-0.2346638034990897,0,0.0,0,0.0
2022-08-09,0.4929754275474433,1,1.7264147677052135,0,0.0,0,-1.0
2022-08-10,-0.4349582589892771,1,-1.5210806621804542,0,0.0,0,1.0
2022-08-11,0.3008234251653335,0,1.053939181752243,-1,-0.1223043933254115,-1,-1.0
2022-08-12,-0.1466970799152964,0,-0.5122511787396009,0,0.0,0,0.0
2022-08-15,-0.2163184137473531,0,-0.7559054039526022,0,0.0,0,0.0
2022-08-16,-0.0311343780440621,0,-0.1078156553427224,0,0.0,0,0.0
2022-08-17,0.5271077663241098,1,1.845867931004236,0,0.0,0,-1.0
2022-08-18,0.2906339450980222,0,1.0182789934956815,-1,-0.0647699362843814,-1,-1.0
2022-08-19,0.3353748840674446,1,1.1748591424223505,0,0.0,0,-1.0
2022-08-22,0.4891645831893273,1,1.713077931445743,0,0.0,0,-1.0
2022-08-23,0.3286182546615597,1,1.1512129234786932,0,0.0,0,-1.0
2022-08-24,-0.0828994962895825,0,-0.2889783691970237,0,0.0,0,0.0
2022-08-25,-0.1760731582881064,0,-0.6150588272254699,0,0.0,0,0.0
2022-08-26,0.4605761052697648,1,1.613026653279873,0,0.0,0,-1.0
2022-08-29,0.3424026923254317,1,1.1994544077210014,0,0.0,0,-1.0
2022-08-30,-0.3026247230460694,0,-1.0579521440207986,1,-0.0071353943828148,0,1.0
2022-08-31,-0.0102877496123148,0,-0.0348585771130329,0,0.0,0,0.0
2022-09-01,-0.0398505615764132,0,-0.1383197383370572,0,0.0,0,0.0
2022-09-02,0.3197498753650798,0,1.1201761999997772,-1,-0.0437665542306562,-1,-1.0
2022-09-06,0.0872705208324043,0,0.3065667230064474,0,0.0,0,0.0
2022-09-07,-0.3709643440198512,0,-1.297120750584467,1,0.0146542861036652,1,1.0
2022-09-08,-0.0863698395562834,0,-0.3011235516192806,0,0.0,0,0.0
2022-09-09,-0.2775289469276452,0,-0.970124296582488,0,0.0,0,0.0
2022-09-12,-0.1796884042918239,0,-0.627711126678897,0,0.0,0,0.0
2022-09-13,0.6820371979546989,1,2.3880754491437464,0,0.0,0,0.0
2022-09-14,0.0425193543597115,0,0.1499507808214758,0,0.0,0,0.0
2022-09-15,-0.0283560369536098,0,-0.0980922773418848,0,0.0,0,0.0
2022-09-16,-0.1005147220166216,0,-0.3506264868103294,0,0.0,0,0.0
2022-09-19,0.3630684878713603,1,1.2717786239490314,0,0.0,0,-1.0
2022-09-20,0.2606154558536964,0,0.9132230955932588,0,0.0,0,0.0
2022-09-21,0.3325076732986947,1,1.164824746642641,0,0.0,0,-1.0
2022-09-22,0.3635055397861872,1,1.2733081773175707,0,0.0,0,-1.0
2022-09-23,-0.3594334280303306,0,-1.2567659304915315,1,-0.0417123167922485,0,1.0
2022-09-26,0.0551178022672853,0,0.1940416491638007,0,0.0,0,0.0
2022-09-27,0.0497161021732385,0,0.1751372849580985,0,0.0,0,0.0
2022-09-28,-0.1118760594348631,0,-0.3903878316978426,0,0.0,0,0.0
2022-09-29,0.5182639132181038,1,1.814917041990252,0,0.0,0,-1.0
2022-09-30,0.2721436602385816,0,0.95356842586619,0,0.0,0,0.0
2022-10-03,0.3617292866409209,1,1.2670918128776705,0,0.0,0,-1.0
2022-10-04,-0.2316969919750469,0,-0.8097259120742225,0,0.0,0,0.0
2022-10-05,0.2280107173877299,0,0.7991160848261125,0,0.0,0,0.0
2022-10-06,0.2842524612406988,0,0.9959456738164558,0,0.0,0,0.0
2022-10-07,0.5294165215224889,1,1.8539478962692573,0,0.0,0,-1.0
2022-10-10,0.5755849410927826,1,2.0155238081419644,0,0.0,0,-1.0
2022-10-11,0.2818352225836326,0,0.9874860483004734,0,0.0,0,0.0
2022-10-12,-0.2905286696265017,0,-1.0156195088663311,1,0.0993081327259575,1,1.0
2022-10-13,0.0527516972138499,0,0.1857609762459556,0,0.0,0,0.0
2022-10-14,-0.2767987674574155,0,-0.967568882842291,0,0.0,0,0.0
2022-10-17,-0.2841351630885751,0,-0.9932441133352636,0,0.0,0,0.0
2022-10-18,0.1839495579798304,0,0.6449149647582991,0,0.0,0,0.0
2022-10-19,0.3708230449415842,1,1.2989172966922622,0,0.0,0,-1.0
2022-10-20,-0.4967636316328029,1,-1.7373813182664948,0,0.0,0,1.0
2022-10-21,0.155200093574056,0,0.544300281161813,0,0.0,0,0.0
2022-10-24,0.1567239775307058,0,0.5496334275457605,0,0.0,0,0.0
2022-10-25,-0.6401067915339441,1,-2.2390402874776587,0,0.0,0,0.0
2022-10-26,0.4893678038063144,1,1.7137891439326904,0,0.0,0,-1.0
2022-10-27,0.5711031616416227,1,1.9998388960662763,0,0.0,0,-1.0
2022-10-28,-0.1447824682470881,0,-0.5055506000961872,0,0.0,0,0.0
2022-10-31,0.2646604503028202,0,0.9273793884168008,0,0.0,0,0.0
2022-11-01,0.1991695780109077,0,0.6981805657498585,0,0.0,0,0.0
2022-11-02,0.4379701501076221,1,1.5339124480921582,0,0.0,0,-1.0
2022-11-03,1.0450074259476017,1,3.65836466667488,0,0.0,0,0.0
2022-11-04,-0.1123896802950373,0,-0.3921853538918425,0,0.0,0,0.0
2022-11-07,0.051611300318513,0,0.1817699219717168,0,0.0,0,0.0
2022-11-08,0.0895597876423715,0,0.3145784846344841,0,0.0,0,0.0
2022-11-09,0.0396882803361526,0,0.1400428530389537,0,0.0,0,0.0
2022-11-10,-1.3728904863017726,1,-4.803568048868598,0,0.0,0,0.0
2022-11-11,-0.9310053211897776,1,-3.2570997235388752,0,0.0,0,0.0
2022-11-14,0.3797790171154788,1,1.3302605695218717,0,0.0,0,-1.0
2022-11-15,-0.2908658430127112,0,-1.0167995167124535,1,-0.377327289374227,0,1.0
2022-11-16,0.5400829668026425,1,1.891277322717506,0,0.0,0,-1.0
2022-11-17,0.1996207342865453,0,0.6997594802397135,0,0.0,0,0.0
2022-11-18,0.0446365269634994,0,0.157360263260616,0,0.0,0,0.0
2022-11-21,0.1996859786295326,0,0.6999878162822037,0,0.0,0,0.0
2022-11-22,-0.0309132840368379,0,-0.1070418912381823,0,0.0,0,0.0
2022-11-23,-0.3599168271070127,0,-1.2584576853174556,1,0.135126652359806,1,1.0
2022-11-25,0.0415689532979842,0,0.1466246561756112,0,0.0,0,0.0
2022-11-28,0.0150724867627274,0,0.0538948035688862,0,0.0,0,0.0
2022-11-29,-0.0555357904886638,0,-0.1932134338115222,0,0.0,0,0.0
2022-11-30,-0.6102056141570226,1,-2.134394946664384,0,0.0,0,1.0
2022-12-01,-0.0583469733239122,0,-0.2030517482756893,0,0.0,0,0.0
2022-12-02,0.3196180858251497,0,1.119714975307928,-1,0.0215404528177164,0,-1.0
2022-12-05,0.1406231266050962,0,0.4932851770653436,0,0.0,0,0.0
2022-12-06,0.3519067194768864,1,1.2327157120444294,0,0.0,0,-1.0
2022-12-07,0.0891075663362288,0,0.3129958428505907,0,0.0,0,0.0
2022-12-08,-0.3511071744890423,0,-1.2276264879691663,1,0.1391440586586223,1,1.0
2022-12-09,-0.239737217163265,0,-0.8378643393485263,0,0.0,0,0.0
2022-12-12,0.009925142480308,0,0.0358806100163348,0,0.0,0,0.0
2022-12-13,-0.08587835205198,0,-0.2994034896717201,0,0.0,0,0.0
2022-12-14,0.1392540199989874,0,0.4884937059603782,0,0.0,0,0.0
2022-12-15,0.4712391678779064,1,1.6503442413693474,0,0.0,0,-1.0
2022-12-16,0.1907692556942713,0,0.6687819042628949,0,0.0,0,0.0
2022-12-19,0.4139586284936919,1,1.4498791730454577,0,0.0,0,-1.0
2022-12-20,0.1814235193211559,0,0.6360745711840806,0,0.0,0,0.0
2022-12-21,0.1228393390497349,0,0.4310471425484149,0,0.0,0,0.0
2022-12-22,0.021693552528933,0,0.0770665895797761,0,0.0,0,0.0
2022-12-23,0.1472578451441268,0,0.5165047437722012,0,0.0,0,0.0
2022-12-27,0.3430566589979864,1,1.2017430990480136,0,0.0,0,-1.0
2022-12-28,0.069053229508797,0,0.2428115525921557,0,0.0,0,0.0
2022-12-29,-0.6097491176771136,1,-2.132797343027645,0,0.0,0,1.0
2022-12-30,-0.087328067560612,0,-0.3044770682659923,0,0.0,0,0.0
2023-01-03,-0.3618339501099298,0,-1.2651670528949366,1,0.1297233488221642,1,1.0
2023-01-04,-0.710963811992154,1,-2.487019053042439,0,0.0,0,0.0
2023-01-05,0.1995686551547426,0,0.6995772185706142,0,0.0,0,0.0
2023-01-06,-0.2003856124571856,0,-0.7001452778511258,0,0.0,0,0.0
2023-01-09,-0.2599960857192796,0,-0.9087644305995064,0,0.0,0,0.0
2023-01-10,-0.1587100290743934,0,-0.5542929733846674,0,0.0,0,0.0
2023-01-11,-0.3326567184763838,0,-1.1630553096083045,1,0.2223048563892548,1,1.0
2023-01-12,-0.19376634402592,0,-0.6769797819847668,0,0.0,0,0.0
2023-01-13,0.001735137655707,0,0.0072179979951031,0,0.0,0,0.0
2023-01-17,-0.4205002538188424,1,-1.4704818894475795,0,0.0,0,1.0
2023-01-18,0.0103892890057682,0,0.0375049865661884,0,0.0,0,0.0
2023-01-19,-0.1404222803963819,0,-0.4902912229186444,0,0.0,0,0.0
2023-01-20,-0.4335933799908177,1,-1.516303986460892,0,0.0,0,1.0
2023-01-23,-0.4892841032559358,1,-1.711205165192204,0,0.0,0,1.0
2023-01-24,0.2615008066126688,0,0.91632156328047,0,0.0,0,0.0
2023-01-25,-0.2594419877646642,0,-0.9068252504604188,0,0.0,0,0.0
2023-01-26,-0.0865070829502968,0,-0.3016038631989841,0,0.0,0,0.0
2023-01-27,-0.3470400675751201,0,-1.2133928080118044,1,0.0822555335728739,1,1.0
2023-01-30,0.2566092944569062,0,0.8992027070501756,0,0.0,0,0.0
2023-01-31,-0.0096412021281886,0,-0.0325958507669935,0,0.0,0,0.0
2023-02-01,-0.6498095087235886,1,-2.272996948592576,0,0.0,0,0.0
2023-02-02,-1.0819919342163895,1,-3.785508534310544,0,0.0,0,0.0
2023-02-03,0.5669706955906257,1,1.9853764783208256,0,0.0,0,-1.0
2023-02-06,0.3583287171522876,1,1.255190818190688,0,0.0,0,-1.0
2023-02-07,-0.1491974554506315,0,-0.5210017589177001,0,0.0,0,0.0
2023-02-08,0.2956515075376571,0,1.0358389887068644,-1,0.0632060119537197,0,-1.0
2023-02-09,0.0926080992991795,0,0.3252466803449967,0,0.0,0,0.0
2023-02-10,0.6604517054927554,1,2.3125325637640604,0,0.0,0,0.0
2023-02-13,-0.2582652843230223,0,-0.9027071339349536,0,0.0,0,0.0
2023-02-14,-0.2575171965444752,0,-0.900089046374136,0,0.0,0,0.0
2023-02-15,-0.1865215450782815,0,-0.6516251129882065,0,0.0,0,0.0
2023-02-16,0.3122599953891007,0,1.093963819368177,-1,0.0547195250873997,0,-1.0
2023-02-17,0.1393762918916203,0,0.4889216216813935,0,0.0,0,0.0
2023-02-21,0.1987067216564115,0,0.696560704419541,0,0.0,0,0.0
2023-02-22,0.0338285428371225,0,0.1195354924112209,0,0.0,0,0.0
2023-02-23,0.0714883000962149,0,0.2513335846283059,0,0.0,0,0.0
2023-02-24,0.565299535705182,1,1.9795279094313367,0,0.0,0,-1.0
2023-02-27,0.0276386783328213,0,0.0978727842015927,0,0.0,0,0.0
2023-02-28,-0.0964151642779109,0,-0.336279238494877,0,0.0,0,0.0
2023-03-01,0.369117817655519,1,1.29294950190395,0,0.0,0,-1.0
2023-03-02,0.0615192349963484,0,0.2164447840364457,0,0.0,0,0.0
2023-03-03,-0.185201872370796,0,-0.6470066460129432,0,0.0,0,0.0
2023-03-06,0.044028851896902,0,0.1552335789616595,0,0.0,0,0.0
2023-03-07,0.1482585192647433,0,0.5200068093622925,0,0.0,0,0.0
2023-03-08,-0.3049496000580918,0,-1.0660885308996582,1,0.1945141998482733,1,1.0
2023-03-09,0.3708516411411429,1,1.2990173749938976,0,0.0,0,-1.0
2023-03-10,0.2364916863045856,0,0.8287969857332499,0,0.0,0,0.0
2023-03-13,-0.1034357530382334,0,-0.3608492376715929,0,0.0,0,0.0
2023-03-14,-0.0852132691359195,0,-0.2970758947565462,0,0.0,0,0.0
2023-03-15,-0.9637080799711498,1,-3.371549776627833,0,0.0,0,0.0
2023-03-16,0.0146437485689669,0,0.0523943457828875,0,0.0,0,0.0
2023-03-17,-0.1648567906903569,0,-0.5758048341415927,0,0.0,0,0.0
2023-03-20,0.3134149534813377,0,1.098005833555902,-1,0.0452349096014836,0,-1.0
2023-03-21,-0.0185920521439844,0,-0.0639211975472979,0,0.0,0,0.0
2023-03-22,0.3431753820065296,1,1.2021585947167883,0,0.0,0,-1.0
2023-03-23,-0.3835814501837815,0,-1.3412769173453387,1,0.2855543060411914,1,1.0
2023-03-24,0.0262523944528167,0,0.0930211976818259,0,0.0,0,0.0
2023-03-27,0.2536279917903123,0,0.8887690231292863,0,0.0,0,0.0
2023-03-28,0.2481125318777614,0,0.8694665329625842,0,0.0,0,0.0
2023-03-29,-0.3936894801397159,0,-1.376652054128613,1,0.1149117035279735,1,1.0
2023-03-30,-0.2152923515462011,0,-0.7523144875354432,0,0.0,0,0.0
2023-03-31,-0.2864228812160063,0,-1.0012504550291703,1,0.0326976056907903,1,1.0
2023-04-03,0.5881330902671001,1,2.0594386456873166,0,0.0,0,-1.0
2023-04-04,-0.5928042980935802,1,-2.0734954500624907,0,0.0,0,1.0
2023-04-05,0.0870405701616767,0,0.3057619631802643,0,0.0,0,0.0
2023-04-06,-0.2258112641418195,0,-0.7891275929084484,0,0.0,0,0.0
2023-04-10,0.0742200607182467,0,0.2608939446672868,0,0.0,0,0.0
2023-04-11,0.0960363549125062,0,0.3372445683388151,0,0.0,0,0.0
2023-04-12,0.6711376171739013,1,2.349930116899782,0,0.0,0,0.0
2023-04-13,-0.3625544302882699,0,-1.2676885219615628,1,0.2289885922082675,1,1.0
2023-04-14,0.1606024529694734,0,0.5632069527287186,0,0.0,0,0.0
2023-04-17,-0.2300844012876675,0,-0.8040823181800445,0,0.0,0,0.0
2023-04-18,0.0811357071671146,0,0.2850966765685548,0,0.0,0,0.0
2023-04-19,-0.1359599716451175,0,-0.4746744525753292,0,0.0,0,0.0
2023-04-20,0.4034676077488851,1,1.4131636809602937,0,0.0,0,-1.0
2023-04-21,-0.2900829016627079,0,-1.014059451885737,1,-0.0548007720699307,0,1.0
2023-04-24,0.2475355209879138,0,0.8674471642782033,0,0.0,0,0.0
2023-04-25,0.2380729374661011,0,0.8343309004892586,0,0.0,0,0.0
2023-04-26,-0.4925636852168289,1,-1.7226827390581618,0,0.0,0,1.0
2023-04-27,-0.1876609425838259,0,-0.6556126696916263,0,0.0,0,0.0
2023-04-28,-0.2281167530697411,0,-0.797196127185958,0,0.0,0,0.0
2023-05-01,0.213259149427773,0,0.7474899285299618,0,0.0,0,0.0
2023-05-02,0.0358893946335679,0,0.1267478685623732,0,0.0,0,0.0
2023-05-03,-0.2116348912152369,0,-0.7395144503322195,0,0.0,0,0.0
2023-05-04,0.0041868432374175,0,0.0157982476266752,0,0.0,0,0.0
2023-05-05,-0.0359764123564867,0,-0.1247613536497171,0,0.0,0,0.0
2023-05-08,-0.0700248074869674,0,-0.2439207388358072,0,0.0,0,0.0
2023-05-09,0.2051546647566941,0,0.7191266119344224,0,0.0,0,0.0
2023-05-10,-0.1295995303028395,0,-0.4524147755199618,0,0.0,0,0.0
2023-05-11,-0.0404616727135398,0,-0.1404584478739183,0,0.0,0,0.0
2023-05-12,0.0957870422545238,0,0.3363720472425797,0,0.0,0,0.0
2023-05-15,-0.3406507682633324,0,-1.1910321365368377,1,0.0541494233252851,1,1.0
2023-05-16,-0.1191510239063318,0,-0.4158480711701816,0,0.0,0,0.0
2023-05-17,-0.2730333062146405,0,-0.9543908741604826,0,0.0,0,0.0
2023-05-18,-0.243069517402394,0,-0.8495264117084245,0,0.0,0,0.0
2023-05-19,0.2823423768306771,0,0.9892609392473374,0,0.0,0,0.0
2023-05-22,-0.1930868380018167,0,-0.6746017104265596,0,0.0,0,0.0
2023-05-23,0.1404947323368535,0,0.4928358348274322,0,0.0,0,0.0
2023-05-24,0.1504310886896966,0,0.5276101644091148,0,0.0,0,0.0
2023-05-25,-0.2490914926688115,0,-0.8706015568834686,0,0.0,0,0.0
2023-05-26,-0.5260060178871493,1,-1.8397210835943083,0,0.0,0,1.0
2023-05-30,-0.1895673492902921,0,-0.6622845333781995,0,0.0,0,0.0
2023-05-31,-0.4504867355869905,1,-1.5754257705818673,0,0.0,0,1.0
2023-06-01,0.1131637583710589,0,0.3971854512536812,0,0.0,0,0.0
2023-06-02,0.4132620488803634,1,1.4474413489383506,0,0.0,0,-1.0
2023-06-05,-0.0243103602895576,0,-0.0839335969664154,0,0.0,0,0.0
2023-06-06,-0.1327237248609737,0,-0.4633485391033071,0,0.0,0,0.0
2023-06-07,0.4727805919573364,1,1.655738773032647,0,0.0,0,-1.0
2023-06-08,-0.1106099532327883,0,-0.3859568317625633,0,0.0,0,0.0
2023-06-09,-0.1351890378052345,0,-0.4719764105082192,0,0.0,0,0.0
2023-06-12,-0.4141479640892154,1,-1.4482507406428995,0,0.0,0,1.0
2023-06-13,0.0787014032849021,0,0.2765773277754928,0,0.0,0,0.0
2023-06-14,-0.330658106993832,0,-1.1560607562798997,1,0.0475140361809669,1,1.0
2023-06-15,0.1888420716480649,0,0.6620373259881669,0,0.0,0,0.0
2023-06-16,0.1659815740445703,0,0.5820322969980666,0,0.0,0,0.0
2023-06-20,-0.0721799040123098,0,-0.2514629438646305,0,0.0,0,0.0
2023-06-21,0.5815995217586951,1,2.036573074386548,0,0.0,0,-1.0
2023-06-22,-0.1451625013965476,0,-0.5068806045285954,0,0.0,0,0.0
2023-06-23,0.2171927598229191,0,0.7612564098707405,0,0.0,0,0.0
2023-06-26,0.0813390682559854,0,0.2858083806658478,0,0.0,0,0.0
2023-06-27,-0.3368762618231861,0,-1.1778224723202082,1,0.1777037875356995,1,1.0
2023-06-28,-0.114766734755368,0,-0.4005043465187016,0,0.0,0,0.0
2023-06-29,0.2513543280370946,0,0.8808118676182831,0,0.0,0,0.0
2023-06-30,-0.0831617124458611,0,-0.2898960487483883,0,0.0,0,0.0
2023-07-03,-0.2834545052391558,0,-0.9908620107266656,0,0.0,0,0.0
2023-07-05,-0.1804339403624212,0,-0.6303202840111581,0,0.0,0,0.0
2023-07-06,0.0296696833592787,0,0.104980705421817,0,0.0,0,0.0
2023-07-07,0.2418444075575058,0,0.847529938376868,0,0.0,0,0.0
2023-07-10,-0.066701227110537,0,-0.2322891834349047,0,0.0,0,0.0
2023-07-11,0.0600160917558473,0,0.2111842240688368,0,0.0,0,0.0
2023-07-12,-0.1728851889992794,0,-0.6039018708111369,0,0.0,0,0.0
2023-07-13,-0.4300632875323693,1,-1.5039496994119206,0,0.0,0,1.0
2023-07-14,0.0293593987935495,0,0.1038948005519005,0,0.0,0,0.0
2023-07-17,0.0986576153806151,0,0.3464182102856812,0,0.0,0,0.0
2023-07-18,-0.01037334422111,0,-0.0351581331103182,0,0.0,0,0.0
2023-07-19,-0.1529009585840824,0,-0.533962932409889,0,0.0,0,0.0
2023-07-20,0.6249773460214708,1,2.1883827220969434,0,0.0,0,0.0
2023-07-21,0.0458347048236188,0,0.1615535339451306,0,0.0,0,0.0
2023-07-24,0.1389631218736464,0,0.4874756479393002,0,0.0,0,0.0
2023-07-25,0.1418059082180737,0,0.497424565405725,0,0.0,0,0.0
2023-07-26,-0.0457759873223733,0,-0.1590569885407342,0,0.0,0,0.0
2023-07-27,0.0312576988198053,0,0.1105382932381352,0,0.0,0,0.0
2023-07-28,-0.2359216542567397,0,-0.8245109895551497,0,0.0,0,0.0
2023-07-31,-0.0691125731544901,0,-0.2407281865352633,0,0.0,0,0.0
2023-08-01,0.2225909922296482,0,0.7801486381890619,0,0.0,0,0.0
2023-08-02,0.4043564442039208,1,1.4162743475602069,0,0.0,0,-1.0
2023-08-03,0.200951275429619,0,0.7044159835481917,0,0.0,0,0.0
2023-08-04,-0.0605894590623789,0,-0.2108997898899929,0,0.0,0,0.0
2023-08-07,-0.1363838369384647,0,-0.4761578566407312,0,0.0,0,0.0
2023-08-08,0.1861567982829405,0,0.6526396576981169,0,0.0,0,0.0
2023-08-09,0.2912499707802135,0,1.0204349024971908,-1,-0.0213814690770031,-1,-1.0
2023-08-10,-0.1499457005427917,0,-0.5236203970299705,0,0.0,0,0.0
2023-08-11,0.3156470082411953,0,1.105817369807965,-1,0.0576042657233238,0,-1.0
2023-08-14,-0.0619187801435367,0,-0.2155520233400173,0,0.0,0,0.0
2023-08-15,0.0531341230878779,0,0.1870993545117678,0,0.0,0,0.0
2023-08-16,0.3976386083736124,1,1.39276389473995,0,0.0,0,-1.0
2023-08-17,0.2221176523879636,0,0.7784920877318944,0,0.0,0,0.0
2023-08-18,0.0265846820995297,0,0.09418410687433,0,0.0,0,0.0
2023-08-21,-0.1304997140507771,0,-0.4555651543130796,0,0.0,0,0.0
2023-08-22,-0.0678483430998498,0,-0.2363037525651037,0,0.0,0,0.0
2023-08-23,-0.2598496701555199,0,-0.908252019118953,0,0.0,0,0.0
2023-08-24,0.347516671934893,1,1.217351834715206,0,0.0,0,-1.0
2023-08-25,0.0526503646160139,0,0.1854063419082377,0,0.0,0,0.0
2023-08-28,-0.1378222566622494,0,-0.4811919033048656,0,0.0,0,0.0
2023-08-29,-0.361892219986986,0,-1.2653709803546094,1,0.0874588592465101,1,1.0
2023-08-30,0.025473072644921,0,0.0902938001896652,0,0.0,0,0.0
2023-08-31,-0.1034860181510716,0,-0.3610251508069741,0,0.0,0,0.0
2023-09-01,0.3770752438649095,1,1.3207981570649625,0,0.0,0,-1.0
2023-09-05,-0.2582917893788211,0,-0.9027998938474604,0,0.0,0,0.0
2023-09-06,0.0044695243208741,0,0.0167875484139614,0,0.0,0,0.0
2023-09-07,0.3342475507520408,1,1.1709138068419649,0,0.0,0,-1.0
2023-09-08,-0.0882798646185698,0,-0.3078080784887517,0,0.0,0,0.0
2023-09-11,-0.2077031392687468,0,-0.725754473016033,0,0.0,0,0.0
2023-09-12,0.2354111525683498,0,0.8250154349379991,0,0.0,0,0.0
2023-09-13,0.0441497353056472,0,0.155656635396774,0,0.0,0,0.0
2023-09-14,-0.094902568135305,0,-0.3309855961455957,0,0.0,0,0.0
2023-09-15,0.0620674360183156,0,0.2183633266428054,0,0.0,0,0.0
2023-09-18,0.3385656831304915,1,1.186026002215535,0,0.0,0,-1.0
2023-09-19,-0.0458109187686654,0,-0.159179238345692,0,0.0,0,0.0
2023-09-20,0.0993444335940446,0,0.3488218723594218,0,0.0,0,0.0
2023-09-21,0.2953016280434062,0,1.0346145132135445,-1,-0.0111361498420915,-1,-1.0
2023-09-22,0.2669226614976368,0,0.935296463336262,0,0.0,0,0.0
2023-09-25,0.2274781209417667,0,0.7972521536537307,0,0.0,0,0.0
2023-09-26,0.067861851513819,0,0.2386420794389639,0,0.0,0,0.0
2023-09-27,0.3493628050215234,1,1.2238127584307454,0,0.0,0,-1.0
2023-09-28,-0.2730624649297263,0,-0.9544929211012894,0,0.0,0,0.0
2023-09-29,-0.397776723629377,0,-1.3909562061882754,1,0.1454827107720697,1,1.0
2023-10-02,-0.1792650038289573,0,-0.6262293493836867,0,0.0,0,0.0
2023-10-03,0.6170826086956059,1,2.1607534596206754,0,0.0,0,0.0
2023-10-04,-0.3849660666402669,0,-1.3461226683724006,1,0.0580345214206911,1,1.0
2023-10-05,-0.0018262726003571,0,-0.0052458921495497,0,0.0,0,0.0
2023-10-06,0.0746566780809172,0,0.2624219772308776,0,0.0,0,0.0
2023-10-09,0.5524096242247684,1,1.934417004167724,0,0.0,0,-1.0
2023-10-10,-0.3245875918594094,0,-1.1348157358197992,1,-0.0345358139464629,0,1.0
2023-10-11,0.0484610784979405,0,0.17074507061233,0,0.0,0,0.0
2023-10-12,0.3145193522616898,0,1.101870904997969,-1,-0.0892511335610927,-1,-1.0
2023-10-13,0.3716612926275141,1,1.3018509174548938,0,0.0,0,-1.0
2023-10-16,-0.1696751543026819,0,-0.5926676919487639,0,0.0,0,0.0
2023-10-17,-0.0134734301145021,0,-0.0460075234461929,0,0.0,0,0.0
2023-10-18,0.0451986295462496,0,0.1593274572477436,0,0.0,0,0.0
2023-10-19,0.1078129998772661,0,0.3784593676906761,0,0.0,0,0.0
2023-10-20,0.0423486421868184,0,0.149353338343269,0,0.0,0,0.0
2023-10-23,-0.1383011737056027,0,-0.4828679723302171,0,0.0,0,0.0
2023-10-24,-0.4015507326657931,0,-1.4041641296379035,1,0.0870961331377677,1,1.0
2023-10-25,0.762983380841025,1,2.671363320684588,0,0.0,0,0.0
2023-10-26,0.3436317365140204,1,1.2037557014917517,0,0.0,0,-1.0
2023-10-27,0.0183647669154581,0,0.0654168173776535,0,0.0,0,0.0
2023-10-30,-0.0511114738897839,0,-0.1777296248457602,0,0.0,0,0.0
2023-10-31,-0.1785442982805939,0,-0.6237070915881553,0,0.0,0,0.0
2023-11-01,-0.1455406504617941,0,-0.5082040152194893,0,0.0,0,0.0
2023-11-02,-0.4308147618979662,1,-1.5065796390329944,0,0.0,0,1.0
2023-11-03,-0.8117182914714115,1,-2.839630146266772,0,0.0,0,0.0
2023-11-06,0.1672287377326192,0,0.5863970036964238,0,0.0,0,0.0
2023-11-07,-0.3405417529405877,0,-1.19065061491785,1,0.0524784768746506,1,1.0
2023-11-08,-0.0699628978647207,0,-0.2437040733367213,0,0.0,0,0.0
2023-11-09,0.4453052951117375,1,1.559583301757703,0,0.0,0,-1.0
2023-11-10,-0.1511784711654795,0,-0.527934732225859,0,0.0,0,0.0
2023-11-13,0.207193275524218,0,0.7262611510150743,0,0.0,0,0.0
2023-11-14,-0.7569158684810247,1,-2.6478377576617484,0,0.0,0,0.0
2023-11-15,-0.3297977254957763,0,-1.15304967367407,1,0.0846534737775758,1,1.0
2023-11-16,0.0779814089486233,0,0.2740575590134217,0,0.0,0,0.0
2023-11-17,0.0156915339715408,0,0.0560612870263498,0,0.0,0,0.0
2023-11-20,-0.3449366588875187,0,-1.2060314952377615,1,0.2024916541913855,1,1.0
2023-11-21,0.2627803737598195,0,0.9207996725709222,0,0.0,0,0.0
2023-11-22,-0.126556329576305,0,-0.4417644665646632,0,0.0,0,0.0
2023-11-24,0.0449384502183819,0,0.1584169059977351,0,0.0,0,0.0
2023-11-27,-0.0848588713076308,0,-0.2958356064208306,0,0.0,0,0.0
2023-11-28,-0.2661938470940198,0,-0.9304547755368806,0,0.0,0,0.0
2023-11-29,-0.2280433739485434,0,-0.7969393218083798,0,0.0,0,0.0
2023-11-30,0.2341202522196601,0,0.8204976627699748,0,0.0,0,0.0
2023-12-01,-0.3396713807753954,0,-1.187604567910643,1,0.2284591642585278,1,1.0
2023-12-04,-0.0305126802270185,0,-0.1056398955347624,0,0.0,0,0.0
2023-12-05,-0.1349077358480246,0,-0.4709919362578377,0,0.0,0,0.0
2023-12-06,-0.1160502603980151,0,-0.404996309381042,0,0.0,0,0.0
2023-12-07,-0.4392620961486448,1,-1.5361428284847982,0,0.0,0,1.0
2023-12-08,-0.0484105816198007,0,-0.1682772949749481,0,0.0,0,0.0
2023-12-11,-0.0026382275425182,0,-0.0080874960294375,0,0.0,0,0.0
2023-12-12,-0.0428585986770784,0,-0.1488469849270537,0,0.0,0,0.0
2023-12-13,-0.4587177051881774,1,-1.6042317472924936,0,0.0,0,1.0
2023-12-14,-0.3892660838804045,0,-1.3611714660810976,1,0.0290276856209242,1,1.0
2023-12-15,-0.0503623935057774,0,-0.1751080634572979,0,0.0,0,0.0
2023-12-18,0.0936204684117318,0,0.3287896749728148,0,0.0,0,0.0
2023-12-19,-0.036956891415477,0,-0.1281927424540762,0,0.0,0,0.0
2023-12-20,0.2165678432597252,0,0.7590693853963879,0,0.0,0,0.0
2023-12-21,-0.2163613247748153,0,-0.756055579948578,0,0.0,0,0.0
2023-12-22,0.0923048618520083,0,0.324185438320759,0,0.0,0,0.0
2023-12-26,-0.0330962526377833,0,-0.1146816403474241,0,0.0,0,0.0
2023-12-27,-0.0327208645939186,0,-0.1133678924206359,0,0.0,0,0.0
2023-12-28,-0.2160808634460272,0,-0.7550740476508356,0,0.0,0,0.0
2023-12-29,0.2635834389039524,0,0.9236101647680592,0,0.0,0,0.0
2024-01-02,0.1821453099223063,0,0.6386006263457581,0,0.0,0,0.0
2024-01-03,0.4790108808604203,1,1.6775429547680318,0,0.0,0,-1.0
2024-01-04,-0.1001039967484438,0,-0.3491890689746604,0,0.0,0,0.0
2024-01-05,-0.183665636486681,0,-0.6416302715098153,0,0.0,0,0.0
2024-01-08,-0.4994320179849892,1,-1.7467198869698644,0,0.0,0,1.0
2024-01-09,-0.1254141266537078,0,-0.4377670917253247,0,0.0,0,0.0
2024-01-10,-0.1989671622690676,0,-0.6951811186980875,0,0.0,0,0.0
2024-01-11,0.0925298849590748,0,0.3249729531210295,0,0.0,0,0.0
2024-01-12,0.2396462444721251,0,0.8398370130337219,0,0.0,0,0.0
2024-01-16,-0.2085828930489492,0,-0.728833352921013,0,0.0,0,0.0
2024-01-17,0.1991978719436332,0,0.6982795862063338,0,0.0,0,0.0
2024-01-18,0.0070841334663809,0,0.0259379126847758,0,0.0,0,0.0
2024-01-19,-0.3921192863106854,0,-1.3711568367894915,1,0.0210070885866401,1,1.0
2024-01-22,0.0094200157222662,0,0.0341128146856403,0,0.0,0,0.0
2024-01-23,-0.0909685109152739,0,-0.3172175510489227,0,0.0,0,0.0
2024-01-24,-0.0125204592533365,0,-0.0426724052568747,0,0.0,0,0.0
2024-01-25,-0.040571948197455,0,-0.1408443796869768,0,0.0,0,0.0
2024-01-26,0.119775031299362,0,0.4203229652074237,0,0.0,0,0.0
2024-01-29,-0.2029849154495048,0,-0.7092420750801922,0,0.0,0,0.0
2024-01-30,0.4800202414556114,1,1.6810754204684892,0,0.0,0,-1.0
2024-01-31,-0.0697458064634682,0,-0.2429443171777804,0,0.0,0,0.0
2024-02-01,-0.0249004310071616,0,-0.0859986712131325,0,0.0,0,0.0
2024-02-02,0.1108999431197181,0,0.3892627626073911,0,0.0,0,0.0
2024-02-05,0.1574901963283469,0,0.5523149683495207,0,0.0,0,0.0
2024-02-06,-0.0251032590162139,0,-0.0867085096875913,0,0.0,0,0.0
2024-02-07,0.2679088625120165,0,0.9387478773043224,0,0.0,0,0.0
2024-02-08,-0.2337258040424862,0,-0.8168261585818111,0,0.0,0,0.0
2024-02-09,0.0712910370916411,0,0.2506432220354466,0,0.0,0,0.0
2024-02-12,-0.012120046345816,0,-0.0412710776554452,0,0.0,0,0.0
2024-02-13,0.4230312779717901,1,1.481630782179342,0,0.0,0,-1.0
2024-02-14,-0.0993075353990985,0,-0.3464016881201803,0,0.0,0,0.0
2024-02-15,-0.0783659223810206,0,-0.2731121917290492,0,0.0,0,0.0
2024-02-16,0.314601617986474,0,1.1021588108786895,-1,-0.1227397327585916,-1,-1.0
2024-02-20,-0.0199966558737732,0,-0.0688368981619765,0,0.0,0,0.0
2024-02-21,0.3054585788421917,0,1.0701608585819684,-1,0.1993549716617337,0,-1.0
2024-02-22,-0.1597124661547312,0,-0.5578012088161183,0,0.0,0,0.0
2024-02-23,0.2205040640340467,0,0.7728450022977842,0,0.0,0,0.0
2024-02-26,0.1520968384810654,0,0.533439799557929,0,0.0,0,0.0
2024-02-27,-0.1055542095954142,0,-0.3682632135705954,0,0.0,0,0.0
2024-02-28,0.1257738210044302,0,0.4413169677258173,0,0.0,0,0.0
2024-02-29,-0.2777974432693003,0,-0.9710639549385932,0,0.0,0,0.0
2024-03-01,-0.1820553301228289,0,-0.6359946720772274,0,0.0,0,0.0
2024-03-04,0.0593048376395971,0,0.2086950435104388,0,0.0,0,0.0
2024-03-05,0.2520797138767798,0,0.8833505050591476,0,0.0,0,0.0
2024-03-06,0.0363742778273837,0,0.1284448173624778,0,0.0,0,0.0
2024-03-07,-0.1150985561950357,0,-0.4016656241234418,0,0.0,0,0.0
2024-03-08,-0.0127439801662836,0,-0.0434546628188227,0,0.0,0,0.0
2024-03-11,0.0208113946978597,0,0.0739792962026594,0,0.0,0,0.0
2024-03-12,0.0916333700022904,0,0.3218354140196658,0,0.0,0,0.0
2024-03-13,0.2632716494198816,0,0.9225189931258428,0,0.0,0,0.0
2024-03-14,0.3904843975793193,1,1.367726257680326,0,0.0,0,-1.0
2024-03-15,0.3189679629186832,0,1.1174397360335635,-1,-0.1767193519374108,-1,-1.0
2024-03-18,-0.10272169567003,0,-0.3583502465544889,0,0.0,0,0.0
2024-03-19,0.1168350549876939,0,0.4100339113939469,0,0.0,0,0.0
2024-03-20,-0.2946792653346887,0,-1.030145375088461,1,-0.0672816799836305,0,1.0
2024-03-21,-0.0289908775147098,0,-0.1003140328948842,0,0.0,0,0.0
2024-03-22,0.1797964176592886,0,0.6303801931401122,0,0.0,0,0.0
2024-03-25,-0.0233524984236698,0,-0.0805813616967356,0,0.0,0,0.0
2024-03-26,0.0141528601058037,0,0.0506763803034187,0,0.0,0,0.0
2024-03-27,-0.0998296826630847,0,-0.3482290502238791,0,0.0,0,0.0
2024-03-28,0.0413585392617607,0,0.1458882688335697,0,0.0,0,0.0
2024-04-01,0.1075170126130459,0,0.3774234991778659,0,0.0,0,0.0
2024-04-02,0.3760100670754869,1,1.3170703510742343,0,0.0,0,-1.0
2024-04-03,0.0366539132464637,0,0.129423459218757,0,0.0,0,0.0
2024-04-04,0.2746516013498472,0,0.9623454833385348,0,0.0,0,0.0
2024-04-05,0.1102622884029935,0,0.3870311583360374,0,0.0,0,0.0
2024-04-08,-0.3634549202004501,0,-1.2708399722396293,1,0.0058553674536465,1,1.0
2024-04-09,-0.3886854684018619,0,-1.3591394823947147,1,0.0447872276091831,1,1.0
2024-04-10,0.5956063914408128,1,2.0855930053790863,0,0.0,0,-1.0
2024-04-11,-0.4837073742056424,1,-1.691688251034113,0,0.0,0,1.0
2024-04-12,0.415630675808735,1,1.455730847677964,0,0.0,0,-1.0
2024-04-15,0.233494054058357,0,0.8183061530785609,0,0.0,0,0.0
2024-04-16,0.073208844059605,0,0.257354983289756,0,0.0,0,0.0
2024-04-17,-0.0406461250148428,0,-0.1411039767669895,0,0.0,0,0.0
2024-04-18,0.1683428182820663,0,0.5902959584874253,0,0.0,0,0.0
2024-04-19,0.2853525787381477,0,0.9997957620254918,0,0.0,0,0.0
2024-04-22,-0.2434491044364028,0,-0.85085485486775,0,0.0,0,0.0
2024-04-23,-0.3343501927396156,0,-1.168981972267788,1,-0.0856864639688492,0,1.0
2024-04-24,-0.3887131506130971,0,-1.3592363620055958,1,-0.0069049033566917,0,1.0
2024-04-25,0.3144712184541764,0,1.1017024508054003,-1,0.010452206915881,0,-1.0
2024-04-26,-0.3235644174765537,0,-1.131234925918715,1,0.0324443486225969,1,1.0
2024-04-29,-0.0134232020169398,0,-0.0458317398534079,0,0.0,0,0.0
2024-04-30,0.0996423266608649,0,0.3498644106217238,0,0.0,0,0.0
2024-05-01,0.1752212317537024,0,0.6143683859012544,0,0.0,0,0.0
2024-05-02,-0.5127685151207598,1,-1.793393710894441,0,0.0,0,1.0
2024-05-03,-0.0985433653291469,0,-0.3437273172617569,0,0.0,0,0.0
2024-05-06,-0.0412871436606553,0,-0.1433473538023862,0,0.0,0,0.0
2024-05-07,0.1771366308606938,0,0.6210717203491904,0,0.0,0,0.0
2024-05-08,0.1308056081211155,0,0.4589267451298264,0,0.0,0,0.0
2024-05-09,0.1666649719348655,0,0.5844239889451607,0,0.0,0,0.0
2024-05-10,0.0355623752660526,0,0.1256033968001141,0,0.0,0,0.0
2024-05-13,-0.2676960854669454,0,-0.9357121687336752,0,0.0,0,0.0
2024-05-14,-0.1971892067370197,0,-0.6889587964043307,0,0.0,0,0.0
2024-05-15,-0.2332071700804506,0,-0.8150110920033142,0,0.0,0,0.0
2024-05-16,-0.0767412742174473,0,-0.2674264002086787,0,0.0,0,0.0
2024-05-17,0.1925098764581026,0,0.6748735658306556,0,0.0,0,0.0
2024-05-20,-0.149340769778529,0,-0.5215033169833645,0,0.0,0,0.0
2024-05-21,-0.0045001094043444,0,-0.0146035358337845,0,0.0,0,0.0
2024-05-22,-0.0027371897874011,0,-0.0084338348278359,0,0.0,0,0.0
2024-05-23,0.2375809113686715,0,0.8326089536239056,0,0.0,0,0.0
2024-05-24,-0.0540533539551848,0,-0.1880253412382948,0,0.0,0,0.0
2024-05-28,-0.0958200548946785,0,-0.3341965303979845,0,0.0,0,0.0
2024-05-29,-0.1802757912327788,0,-0.6297668084953905,0,0.0,0,0.0
2024-05-30,0.2366635906513013,0,0.8293986004697733,0,0.0,0,0.0
2024-05-31,0.0146158727182124,0,0.0522967884905474,0,0.0,0,0.0
2024-06-03,-0.5540465554758883,1,-1.937854731496274,0,0.0,0,1.0
2024-06-04,-0.1767566114734572,0,-0.617450712689022,0,0.0,0,0.0
2024-06-05,-0.195371066319296,0,-0.6825958388103621,0,0.0,0,0.0
2024-06-06,-0.1669089260895485,0,-0.5829867054617879,0,0.0,0,0.0
2024-06-07,0.0721031486007181,0,0.2534853738535667,0,0.0,0,0.0
2024-06-10,0.0766176917667796,0,0.2692849493108652,0,0.0,0,0.0
2024-06-11,0.0642760752950712,0,0.2260929155795963,0,0.0,0,0.0
2024-06-12,-0.2293970222671041,0,-0.8016766934460077,0,0.0,0,0.0
2024-06-13,-0.0495949927797381,0,-0.1724223862511984,0,0.0,0,0.0
2024-06-14,-0.253333323236124,0,-0.8854467183228703,0,0.0,0,0.0
2024-06-17,0.057031278771214,0,0.2007382550655589,0,0.0,0,0.0
2024-06-18,0.0897865264740219,0,0.3153720039670029,0,0.0,0,0.0
2024-06-20,0.1684496966610515,0,0.5906700014307344,0,0.0,0,0.0
2024-06-21,-0.26456177375656,0,-0.9247429980881918,0,0.0,0,0.0
2024-06-24,0.3485437534429385,1,1.2209463184071887,0,0.0,0,-1.0
2024-06-25,-0.2940790549279177,0,-1.0280448149070185,1,-0.0672621457962637,0,1.0
2024-06-26,-0.1810198085942553,0,-0.6323706507916741,0,0.0,0,0.0
2024-06-27,-0.1190664834780063,0,-0.415552204494997,0,0.0,0,0.0
2024-06-28,-0.1482972580547225,0,-0.5178513323606901,0,0.0,0,0.0
2024-07-01,-0.1216678623359099,0,-0.424656266644064,0,0.0,0,0.0
2024-07-02,-0.1311706024999666,0,-0.4579130668895023,0,0.0,0,0.0
2024-07-03,0.1236533595039967,0,0.4338959751141501,0,0.0,0,0.0
2024-07-05,-0.3363795134927753,0,-1.17608399902603,1,-0.1836919920555215,0,1.0
2024-07-08,-0.0161687327789152,0,-0.0554402913388085,0,0.0,0,0.0
2024-07-09,-0.1977915909595763,0,-0.6910669643027167,0,0.0,0,0.0
2024-07-10,0.1269733177361094,0,0.4455148540735258,0,0.0,0,0.0
2024-07-11,0.3497783493573386,1,1.2252670415881024,0,0.0,0,-1.0
2024-07-12,-0.0573457544840076,0,-0.1995477763280377,0,0.0,0,0.0
2024-07-15,0.1506067326642122,0,0.528224866744855,0,0.0,0,0.0
2024-07-16,0.0678815305943372,0,0.2387109504423279,0,0.0,0,0.0
2024-07-17,0.2563329694100786,0,0.8982356505247412,0,0.0,0,0.0
2024-07-18,0.191760771848463,0,0.6722519196595911,0,0.0,0,0.0
2024-07-19,-0.1301817784334434,0,-0.4544524730091572,0,0.0,0,0.0
2024-07-22,-0.0845616312225365,0,-0.2947953534028321,0,0.0,0,0.0
2024-07-23,-0.0254783192444321,0,-0.0880211103558744,0,0.0,0,0.0
2024-07-24,0.2667650633117268,0,0.9347449159617816,0,0.0,0,0.0
2024-07-25,0.6016691666948434,1,2.1068109385305074,0,0.0,0,-1.0
2024-07-26,0.1014813572607241,0,0.3563004777190966,0,0.0,0,0.0
2024-07-29,-0.1808658488388766,0,-0.6318318368556861,0,0.0,0,0.0
2024-07-30,0.1822708744733255,0,0.6390400654042887,0,0.0,0,0.0
2024-07-31,-0.1059731371106856,0,-0.3697293368626325,0,0.0,0,0.0
2024-08-01,0.0810399660154568,0,0.2847616106506214,0,0.0,0,0.0
2024-08-02,0.2804834900812177,0,0.9827553814568072,0,0.0,0,0.0
2024-08-05,0.3520288078125926,1,1.2331429853701,0,0.0,0,-1.0
2024-08-06,-0.3498834598885977,0,-1.223343846191972,1,0.0658945743506044,1,1.0
2024-08-07,0.1783294381192579,0,0.6252461955052531,0,0.0,0,0.0
2024-08-08,-0.1830297412152016,0,-0.6394048247801867,0,0.0,0,0.0
2024-08-09,-0.1913207276295738,0,-0.6684208427139772,0,0.0,0,0.0
2024-08-12,0.1374979836322237,0,0.4823480943089012,0,0.0,0,0.0
2024-08-13,-0.4479360611374646,1,-1.566499158973578,0,0.0,0,1.0
2024-08-14,0.1660306338942844,0,0.58220399206642,0,0.0,0,0.0
2024-08-15,-0.3888831674592855,0,-1.359831371044508,1,-0.1077894299171652,0,1.0
2024-08-16,-0.1052434818289332,0,-0.3671757576281865,0,0.0,0,0.0
2024-08-19,-0.1948458081870675,0,-0.6807575895812724,0,0.0,0,0.0
2024-08-20,-0.1079718723991157,0,-0.3767243234752571,0,0.0,0,0.0
2024-08-21,-0.0456786502893489,0,-0.1587163375066229,0,0.0,0,0.0
2024-08-22,0.2720340883312435,0,0.9531849563645574,0,0.0,0,0.0
2024-08-23,-0.2440794952338997,0,-0.8530610375547413,0,0.0,0,0.0
2024-08-26,0.1735898855021325,0,0.6086591530396835,0,0.0,0,0.0
2024-08-27,-0.1988501173388123,0,-0.6947714958105792,0,0.0,0,0.0
2024-08-28,0.2797856207956128,0,0.9803130438754248,0,0.0,0,0.0
2024-08-29,0.2088057229644684,0,0.7319042435863629,0,0.0,0,0.0
2024-08-30,-0.0690302218333973,0,-0.2404399810925963,0,0.0,0,0.0
2024-09-03,-0.0918918203610035,0,-0.3204488629938183,0,0.0,0,0.0
2024-09-04,-0.0875271133099695,0,-0.30517366994212,0,0.0,0,0.0
2024-09-05,-0.3152463408245875,0,-1.1021241001079638,1,-0.0021714929981154,0,1.0
2024-09-06,0.1813798084200408,0,0.6359215958651899,0,0.0,0,0.0
2024-09-09,-0.098021481453554,0,-0.3419008769400949,0,0.0,0,0.0
2024-09-10,-0.2204405292989462,0,-0.7703315979893993,0,0.0,0,0.0
2024-09-11,-0.3732154273806594,0,-1.3049988813524105,1,-0.0894783428021206,0,1.0
2024-09-12,-0.0374050519036386,0,-0.1297611725674304,0,0.0,0,0.0
2024-09-13,-0.1706949224295593,0,-0.5962365809541166,0,0.0,0,0.0
2024-09-16,0.1040849233770239,0,0.3654121946302966,0,0.0,0,0.0
2024-09-17,0.1711116463776492,0,0.5999860437995598,0,0.0,0,0.0
2024-09-18,0.0202066051987962,0,0.0718627105427704,0,0.0,0,0.0
2024-09-19,0.0137284580206111,0,0.0491910976241783,0,0.0,0,0.0
2024-09-20,-0.0078355273563654,0,-0.0262765192733377,0,0.0,0,0.0
2024-09-23,0.0963533163827592,0,0.3383538404139976,0,0.0,0,0.0
2024-09-24,0.0341136626648724,0,0.1205333280874356,0,0.0,0,0.0
2024-09-25,0.0088104683333338,0,0.0319795778082891,0,0.0,0,0.0
2024-09-26,-0.3329265518833864,0,-1.163999647300518,1,0.0759239515627434,1,1.0
2024-09-27,0.1138057370895543,0,0.3994321882615582,0,0.0,0,0.0
2024-09-30,0.1168260354860717,0,0.4100023457867028,0,0.0,0,0.0
2024-10-01,0.5550842995879341,1,1.9437775825628527,0,0.0,0,-1.0
2024-10-02,0.030454367751532,0,0.1077268703845911,0,0.0,0,0.0
2024-10-03,0.2209977469370004,0,0.7745727474959764,0,0.0,0,0.0
2024-10-04,-0.2321848283756468,0,-0.8114331962309093,0,0.0,0,0.0
2024-10-07,0.1629741024100339,0,0.5715070293734805,0,0.0,0,0.0
2024-10-08,-0.4109740522365265,0,-1.437142981127307,1,0.0642518781939992,1,1.0
2024-10-09,-0.0600983196553403,0,-0.2091809461806462,0,0.0,0,0.0
2024-10-10,0.1536938986267119,0,0.5390290411163388,0,0.0,0,0.0
2024-10-11,0.1314468588695061,0,0.4611709344560934,0,0.0,0,0.0
2024-10-14,-0.1112524707554141,0,-0.3882054544266854,0,0.0,0,0.0
2024-10-15,-0.4290189574931645,1,-1.5002948509256373,0,0.0,0,1.0
2024-10-16,-0.0409833310971231,0,-0.1422840990397588,0,0.0,0,0.0
2024-10-17,0.1878471193912209,0,0.6585552852411447,0,0.0,0,0.0
2024-10-18,-0.2545465423517607,0,-0.8896926289850695,0,0.0,0,0.0
2024-10-21,0.2170286121108912,0,0.7606819410780119,0,0.0,0,0.0
2024-10-22,-0.3641438207709324,0,-1.2732509219516035,1,0.2235842814820806,1,1.0
2024-10-23,0.0414948849798255,0,0.1463654388110414,0,0.0,0,0.0
2024-10-24,-0.2767723738881731,0,-0.9674765130999952,0,0.0,0,0.0
2024-10-25,-0.0783500547648115,0,-0.2730566597315909,0,0.0,0,0.0
2024-10-28,-0.0822748144854698,0,-0.286792166310522,0,0.0,0,0.0
2024-10-29,-0.3296418308462842,0,-1.1525040881768362,1,0.0005359094071293,1,1.0
2024-10-30,0.1071807783343949,0,0.3762467779324444,0,0.0,0,0.0
2024-10-31,0.1321457119483173,0,0.4636167150248229,0,0.0,0,0.0
2024-11-01,-0.2397711124820279,0,-0.8379829630113742,0,0.0,0,0.0
2024-11-04,0.1284310980330002,0,0.4506166570586067,0,0.0,0,0.0
2024-11-05,0.0330420984866552,0,0.1167831681114815,0,0.0,0,0.0
2024-11-06,0.4958372972158764,1,1.7364304712021437,0,0.0,0,-1.0
2024-11-07,-0.5157481116369222,1,-1.803821423789804,0,0.0,0,1.0
2024-11-08,0.0250888145529589,0,0.0889490096990852,0,0.0,0,0.0
2024-11-11,0.0753895311867125,0,0.2649867479104835,0,0.0,0,0.0
2024-11-12,-0.0583517009226078,0,-0.2030682934829396,0,0.0,0,0.0
2024-11-13,0.0406059443047443,0,0.1432544074715714,0,0.0,0,0.0
2024-11-14,-0.1842132904173826,0,-0.6435468994573899,0,0.0,0,0.0
2024-11-15,0.3073982205029116,0,1.0769490348495132,-1,-0.393031759691215,-1,-1.0
2024-11-18,-0.0827533939866511,0,-0.2884670540373853,0,0.0,0,0.0
2024-11-19,-0.2155724352895011,0,-0.7532946983948492,0,0.0,0,0.0
2024-11-20,0.1197173645683447,0,0.4201211485817833,0,0.0,0,0.0
2024-11-21,0.0584902020343395,0,0.2058440580968473,0,0.0,0,0.0
2024-11-22,0.0796485264521532,0,0.2798919807531927,0,0.0,0,0.0
2024-11-25,-0.3585320835927642,0,-1.253611489625531,1,0.0315430170998088,1,1.0
2024-11-26,0.0194030231289659,0,0.0690504092574794,0,0.0,0,0.0
2024-11-27,0.0810398942465075,0,0.2847613594803727,0,0.0,0,0.0
2024-11-29,-0.0590116801066214,0,-0.2053780268345793,0,0.0,0,0.0
2024-12-02,-0.2881069740008513,0,-1.0071442852690222,1,-0.1824493797272884,0,1.0
2024-12-03,0.0562970186502043,0,0.1981685602458505,0,0.0,0,0.0
2024-12-04,-0.4575928762384256,1,-1.600295176256523,0,0.0,0,1.0
2024-12-05,-0.0573410689949877,0,-0.1995313784922873,0,0.0,0,0.0
2024-12-06,-0.4598124217716294,1,-1.6080629338884331,0,0.0,0,1.0
2024-12-09,0.0908834171298668,0,0.3192107991779361,0,0.0,0,0.0
2024-12-10,-0.0850128134665819,0,-0.296374358774489,0,0.0,0,0.0
2024-12-11,-0.3383428171952992,0,-1.1829549854919057,1,0.1741201199450867,1,1.0
2024-12-12,-0.1210267222859784,0,-0.4224124647298989,0,0.0,0,0.0
2024-12-13,0.0999811458199023,0,0.3510501781894889,0,0.0,0,0.0
2024-12-16,-0.259661667060956,0,-0.9075940634921028,0,0.0,0,0.0
2024-12-17,-0.202177158555898,0,-0.7064151631375543,0,0.0,0,0.0
2024-12-18,0.396225917987796,1,1.3878198932036931,0,0.0,0,-1.0
2024-12-19,-0.0757160938787676,0,-0.2638385700512277,0,0.0,0,0.0
2024-12-20,-0.2123865506564961,0,-0.7421450376637669,0,0.0,0,0.0
2024-12-23,-0.0419623461415412,0,-0.1457103642229995,0,0.0,0,0.0
2024-12-24,-0.0860271895440187,0,-0.2999243771900896,0,0.0,0,0.0
2024-12-26,-0.0449654277456507,0,-0.1562202680301543,0,0.0,0,0.0
2024-12-27,0.1739527705265058,0,0.6099291440695647,0,0.0,0,0.0
2024-12-30,0.1652356504011299,0,0.579421783274659,0,0.0,0,0.0
2024-12-31,0.0853168314553834,0,0.2997293838567383,0,0.0,0,0.0
2025-01-02,0.0676092855460968,0,0.2377581727139222,0,0.0,0,0.0
2025-01-03,-0.0666890612707074,0,-0.2322466065678068,0,0.0,0,0.0
2025-01-06,-0.0241422751095035,0,-0.0833453481917701,0,0.0,0,0.0
2025-01-07,0.4443622088276053,1,1.5562827766855527,0,0.0,0,-1.0
2025-01-08,0.0545800930078265,0,0.1921598246454808,0,0.0,0,0.0
2025-01-10,0.4318934472101299,1,1.5126457722782525,0,0.0,0,-1.0
2025-01-13,0.4160032449395601,1,1.4570347302368425,0,0.0,0,-1.0
2025-01-14,0.1548089892059336,0,0.5429315307149719,0,0.0,0,0.0
2025-01-15,-0.1113565194252909,0,-0.3885695942190144,0,0.0,0,0.0
2025-01-16,0.2833105424987532,0,0.9926492347991284,0,0.0,0,0.0
2025-01-17,-0.2193225370080518,0,-0.7664189532519532,0,0.0,0,0.0
2025-01-21,-0.0551824540626424,0,-0.1919768600720782,0,0.0,0,0.0
2025-01-22,-0.1073013186978308,0,-0.374377582418207,0,0.0,0,0.0
2025-01-23,-0.0634845036638325,0,-0.2210315959112024,0,0.0,0,0.0
2025-01-24,-0.0846781854013885,0,-0.2952032588045299,0,0.0,0,0.0
2025-01-27,-0.2718326971640467,0,-0.950189095023188,0,0.0,0,0.0
2025-01-28,-0.2925275427532655,0,-1.0226149778726497,1,0.1252151125857884,1,1.0
2025-01-29,-0.0474609719835353,0,-0.1649539400858104,0,0.0,0,0.0
2025-01-30,0.1245162940501008,0,0.436915992638487,0,0.0,0,0.0
2025-01-31,-0.1954973661132507,0,-0.6830378510032745,0,0.0,0,0.0
2025-02-03,0.135220859882349,0,0.4743788298255715,0,0.0,0,0.0
2025-02-04,-0.1209056554040745,0,-0.4219887661926026,0,0.0,0,0.0
2025-02-05,-0.3902122752031974,0,-1.3644828578768151,1,0.4613209863521745,1,1.0
2025-02-06,-0.3090613005863865,0,-1.080478275413117,1,0.1707049648911057,1,1.0
2025-02-07,0.1114531132730073,0,0.3911986957142712,0,0.0,0,0.0
2025-02-10,0.3868215083545923,1,1.3549072209430408,0,0.0,0,-1.0
2025-02-11,0.2003406928666714,0,0.7022791238657498,0,0.0,0,0.0
2025-02-12,-0.4787365130133302,1,-1.6742916964754793,0,0.0,0,1.0
2025-02-13,-0.1702218457961072,0,-0.594580951648476,0,0.0,0,0.0
2025-02-14,-0.117049871554902,0,-0.4084946549102022,0,0.0,0,0.0
2025-02-18,0.0762871723533785,0,0.2681282284157392,0,0.0,0,0.0
2025-02-19,0.1145835464606194,0,0.4021542926689146,0,0.0,0,0.0
2025-02-20,0.1423056642166712,0,0.4991735646554026,0,0.0,0,0.0
2025-02-21,0.1299649809614845,0,0.4559847969079356,0,0.0,0,0.0
2025-02-24,-0.0648561629755208,0,-0.2258320007361342,0,0.0,0,0.0
2025-02-25,0.2698238737493444,0,0.945449854322328,0,0.0,0,0.0
2025-02-26,-0.1995250728259219,0,-0.6971336418255015,0,0.0,0,0.0
2025-02-27,0.5446010858209589,1,1.9070894126077047,0,0.0,0,-1.0
2025-02-28,0.0193825800439956,0,0.0689788644628707,0,0.0,0,0.0
2025-03-03,-0.1756011943122818,0,-0.6134070918948111,0,0.0,0,0.0
2025-03-04,0.0831038820602986,0,0.291984710771393,0,0.0,0,0.0
2025-03-05,0.001155601919586,0,0.0051897930901463,0,0.0,0,0.0
2025-03-06,0.8337651691418002,1,2.919078795789075,0,0.0,0,0.0
2025-03-07,0.1373393067296839,0,0.4817927717429647,0,0.0,0,0.0
2025-03-10,0.7209807809333816,1,2.52436655440436,0,0.0,0,0.0
2025-03-11,0.1406372351219763,0,0.493334552731682,0,0.0,0,0.0
2025-03-12,-0.1501855213756022,0,-0.5244596995252275,0,0.0,0,0.0
2025-03-13,0.440215284218531,1,1.541769758232357,0,0.0,0,-1.0
2025-03-14,-0.2095284293340266,0,-0.7321424522770674,0,0.0,0,0.0
2025-03-17,-0.0900234299356012,0,-0.3139100451280913,0,0.0,0,0.0
2025-03-18,0.2588671260288826,0,0.9071044545757028,0,0.0,0,0.0
2025-03-19,-0.2028242796600035,0,-0.7086798969850867,0,0.0,0,0.0
2025-03-20,0.0288981800668631,0,0.1022806704380537,0,0.0,0,0.0
2025-03-21,-0.1980124550235373,0,-0.6918399236733547,0,0.0,0,0.0
2025-03-24,-0.1739539502533567,0,-0.6076422213756353,0,0.0,0,0.0
2025-03-25,0.1815072715312236,0,0.636367679326811,0,0.0,0,0.0
2025-03-26,0.1145876682633917,0,0.4021687177683157,0,0.0,0,0.0
2025-03-27,0.1239602007577194,0,0.4349698294031177,0,0.0,0,0.0
2025-03-28,0.2926286248455646,0,1.0252597869060442,-1,-0.0199874920705191,-1,-1.0
2025-03-31,0.0568757350272384,0,0.200193897634595,0,0.0,0,0.0
2025-04-01,0.1433789135617928,0,0.5029296222206995,0,0.0,0,0.0
2025-04-02,-0.123820650484915,0,-0.4321903930335247,0,0.0,0,0.0
2025-04-03,0.6270036627435913,1,2.1954742356286343,0,0.0,0,0.0
2025-04-04,-0.1780564329997447,0,-0.6219997063590762,0,0.0,0,0.0
2025-04-07,-0.1913144662988203,0,-0.6683989298948803,0,0.0,0,0.0
2025-04-08,0.4228582983311394,1,1.4810254042297897,0,0.0,0,-1.0
2025-04-09,-1.1378021781203476,1,-3.980828000182458,0,0.0,0,0.0
2025-04-10,0.685885433544003,1,2.401543143733034,0,0.0,0,0.0
2025-04-11,0.3188342746222877,0,1.1169718662516248,-1,0.2020580673377112,0,-1.0
2025-04-14,-0.1361424351583453,0,-0.4753130212941128,0,0.0,0,0.0
2025-04-15,-0.2543638058593114,0,-0.8890531049191663,0,0.0,0,0.0
2025-04-16,0.3677730300942359,1,1.2882431403149732,0,0.0,0,-1.0
2025-04-17,-0.11982401249515,0,-0.4182033336186324,0,0.0,0,0.0
2025-04-21,-0.1006753195840152,0,-0.3511885311392812,0,0.0,0,0.0
2025-04-22,-0.1487221680773194,0,-0.5193383926716979,0,0.0,0,0.0
2025-04-23,-0.4915884327665948,1,-1.7192696418497393,0,0.0,0,1.0
2025-04-24,-0.1460188587698885,0,-0.5098776038795434,0,0.0,0,0.0
2025-04-25,-0.1967186573750149,0,-0.6873120118066623,0,0.0,0,0.0
2025-04-28,0.0068129354148609,0,0.0249887991374574,0,0.0,0,0.0
2025-04-29,-0.0273456893946787,0,-0.0945563575581439,0,0.0,0,0.0
2025-04-30,-0.04500991928086,0,-0.1563759753391538,0,0.0,0,0.0
2025-05-01,-0.1699701360625595,0,-0.5937000414916253,0,0.0,0,0.0
2025-05-02,-0.1463898938552177,0,-0.5111761177296342,0,0.0,0,0.0
2025-05-05,-0.0733099545748058,0,-0.2554177890119622,0,0.0,0,0.0
2025-05-06,-0.0310144290616741,0,-0.1073958691254786,0,0.0,0,0.0
2025-05-07,-0.1032788209592767,0,-0.3603000214758575,0,0.0,0,0.0
2025-05-08,0.0084855197409013,0,0.0308423531507698,0,0.0,0,0.0
2025-05-09,0.0976175515932327,0,0.3427782924280594,0,0.0,0,0.0
2025-05-12,-0.2991821273900501,0,-1.0459040700882822,1,0.0822965369867697,1,1.0
2025-05-13,-0.08939943895819,0,-0.3117262599321948,0,0.0,0,0.0
2025-05-14,-0.216922572750818,0,-0.758019783063031,0,0.0,0,0.0
2025-05-15,0.1183670565845687,0,0.4153954671350656,0,0.0,0,0.0
2025-05-16,0.0481543896160615,0,0.1696717495800737,0,0.0,0,0.0
2025-05-19,0.0040874639070998,0,0.0154504491517255,0,0.0,0,0.0
2025-05-20,0.0097997842839545,0,0.0354418931385414,0,0.0,0,0.0
2025-05-21,0.2640984273335516,0,0.9254124730534814,0,0.0,0,0.0
2025-05-22,-0.0141856017767426,0,-0.0484999151461339,0,0.0,0,0.0
2025-05-23,0.2535537633761601,0,0.8885092454757487,0,0.0,0,0.0
2025-05-27,-0.3439344778328402,0,-1.2025241558209403,1,-0.1444346847414291,0,1.0
2025-05-28,-0.1748267414972684,0,-0.6106967344480362,0,0.0,0,0.0
2025-05-29,0.0954446717507294,0,0.3351738510109615,0,0.0,0,0.0
2025-05-30,0.0587006290512379,0,0.2065804908674395,0,0.0,0,0.0
2025-06-02,0.022694124364228,0,0.0805682972012767,0,0.0,0,0.0
2025-06-03,0.0392312229749098,0,0.1384432864822407,0,0.0,0,0.0
2025-06-04,-0.2905733806888383,0,-1.0157759844558156,1,0.2332561384943543,1,1.0
2025-06-05,-0.0250809981601451,0,-0.0866306032278976,0,0.0,0,0.0
2025-06-06,-0.0781147112624937,0,-0.272233026578361,0,0.0,0,0.0
2025-06-09,-0.219836514567501,0,-0.7682177237886761,0,0.0,0,0.0
2025-06-10,-0.2622533690329657,0,-0.9166642593820048,0,0.0,0,0.0
2025-06-11,0.2068314405334529,0,0.724994834794496,0,0.0,0,0.0
2025-06-12,0.240021833019586,0,0.8411514626642221,0,0.0,0,0.0
2025-06-13,0.696539456128396,1,2.4388290943938475,0,0.0,0,0.0
2025-06-16,-0.525390141756771,1,-1.837565697980231,0,0.0,0,1.0
2025-06-17,0.2971098634323882,0,1.0409428061153714,-1,0.0327795466871553,0,-1.0
2025-06-18,-0.110170633345657,0,-0.3844193411569129,0,0.0,0,0.0
2025-06-20,-0.0044004932765146,0,-0.0142549086370742,0,0.0,0,0.0
2025-06-23,-0.2669616235674116,0,-0.9331417677483816,0,0.0,0,0.0
2025-06-24,-0.4661355618154457,1,-1.6301920673521184,0,0.0,0,1.0
2025-06-25,0.030273387037931,0,0.1070934910291005,0,0.0,0,0.0
2025-06-26,0.072702232730853,0,0.2555819923974964,0,0.0,0,0.0
2025-06-27,-0.1778078938278854,0,-0.62112989223715,0,0.0,0,0.0
2025-06-30,-0.1177222357878296,0,-0.4108477322963678,0,0.0,0,0.0
2025-07-01,0.1259355286550029,0,0.4418828970199379,0,0.0,0,0.0
2025-07-02,-0.1214901269641058,0,-0.4240342450319194,0,0.0,0,0.0
2025-07-03,-0.1312286575476479,0,-0.458116242509444,0,0.0,0,0.0
2025-07-07,0.0698749430960033,0,0.2456873088642306,0,0.0,0,0.0
2025-07-08,0.0650895757862646,0,0.2289399284272712,0,0.0,0,0.0
2025-07-09,0.1097635878544502,0,0.3852858528516334,0,0.0,0,0.0
2025-07-10,-0.0250322249295672,0,-0.0864599112423594,0,0.0,0,0.0
2025-07-11,0.2169572392799612,0,0.7604321571272554,0,0.0,0,0.0
2025-07-14,-0.2466407352431552,0,-0.8620246255196754,0,0.0,0,0.0
2025-07-15,-0.1019730507924199,0,-0.3557302093105343,0,0.0,0,0.0
2025-07-16,-0.1634140880493596,0,-0.5707557985248246,0,0.0,0,0.0
2025-07-17,0.0648159125762249,0,0.2279821875489887,0,0.0,0,0.0
2025-07-18,-0.0758974123715821,0,-0.2644731315347824,0,0.0,0,0.0
2025-07-21,-0.3518935194561703,0,-1.2303784644564006,1,-0.3710873677953153,0,1.0
2025-07-22,0.0498181416027828,0,0.1754943929992454,0,0.0,0,0.0
2025-07-23,0.2595757882234206,0,0.9095845641691848,0,0.0,0,0.0
2025-07-24,0.224876151792137,0,0.7881460256569522,0,0.0,0,0.0
2025-07-25,0.2688677881107956,0,0.9421038353267734,0,0.0,0,0.0
2025-07-28,0.0255161757667492,0,0.0904446484595167,0,0.0,0,0.0
2025-07-29,-0.103040529825512,0,-0.3594660724780887,0,0.0,0,0.0
2025-07-30,-0.1389860847467648,0,-0.4852649598610324,0,0.0,0,0.0
2025-07-31,0.6725364928023505,1,2.354825770841738,0,0.0,0,0.0
2025-08-01,0.0046840194803078,0,0.0175382184888818,0,0.0,0,0.0
2025-08-04,-0.1830474442344234,0,-0.6394667801492526,0,0.0,0,0.0
2025-08-05,0.2717379052886229,0,0.952148402684833,0,0.0,0,0.0
2025-08-06,-0.204776163904068,0,-0.715510918699497,0,0.0,0,0.0
2025-08-07,-0.0006213716377823,0,-0.0010290925805737,0,0.0,0,0.0
2025-08-08,0.1006298513718025,0,0.3533204571390547,0,0.0,0,0.0
2025-08-11,0.0922800737703757,0,0.3240986873136715,0,0.0,0,0.0
2025-08-12,-0.384657214779066,0,-1.3450417775476424,1,-0.0639786311826139,0,1.0
2025-08-13,-0.0899478035051153,0,-0.3136453748278913,0,0.0,0,0.0
2025-08-14,-0.0594094480402241,0,-0.206770097803951,0,0.0,0,0.0
2025-08-15,-0.1214814759792309,0,-0.4240039691250815,0,0.0,0,0.0
2025-08-18,-0.0232310548777895,0,-0.0801563449461235,0,0.0,0,0.0
2025-08-19,0.1274967554248417,0,0.4473467322849228,0,0.0,0,0.0
2025-08-20,0.1470858665377515,0,0.5159028691486746,0,0.0,0,0.0
2025-08-21,0.0629318231979768,0,0.2213884279580494,0,0.0,0,0.0
2025-08-22,-0.2033684741237504,0,-0.7105844178141376,0,0.0,0,0.0
2025-08-25,-0.0114059259603625,0,-0.0387718659964701,0,0.0,0,0.0
2025-08-26,0.0331291599790322,0,0.1170878577705762,0,0.0,0,0.0
2025-08-27,-0.1231239560910854,0,-0.4297521672283675,0,0.0,0,0.0
2025-08-28,-0.0177729656060037,0,-0.0610546351761213,0,0.0,0,0.0
2025-08-29,-0.0755048190092582,0,-0.2630991700454558,0,0.0,0,0.0
2025-09-02,0.2288134595620982,0,0.8019254467239083,0,0.0,0,0.0
2025-09-03,-0.3631042718358845,0,-1.2696128059259744,1,-0.0558331548932139,0,1.0
2025-09-04,0.0006249588254761,0,0.0033326980756805,0,0.0,0,0.0
2025-09-05,-0.3474693529678758,0,-1.21489518083361,1,-0.1253625185063042,0,1.0
2025-09-08,-0.0511575751614135,0,-0.1778909657595573,0,0.0,0,0.0
2025-09-09,-0.2199958991368826,0,-0.7687755229807636,0,0.0,0,0.0
2025-09-10,0.5394379918599318,1,1.889020099804669,0,0.0,0,-1.0
2025-09-11,-0.1254206510693567,0,-0.4377899252643047,0,0.0,0,0.0
2025-09-12,-0.1389486711209751,0,-0.4851340231566854,0,0.0,0,0.0
2025-09-15,-0.1484015748050116,0,-0.5182164103557446,0,0.0,0,0.0
2025-09-16,0.1306335911783097,0,0.4583247363400502,0,0.0,0,0.0
2025-09-17,-0.1620917108237109,0,-0.5661278665301289,0,0.0,0,0.0
2025-09-18,-0.1985485685667639,0,-0.6937161636534185,0,0.0,0,0.0
2025-09-19,-0.1661776629089801,0,-0.5804274990536203,0,0.0,0,0.0
2025-09-22,0.0016405458916451,0,0.0068869545962557,0,0.0,0,0.0
2025-09-23,0.1368371399728462,0,0.4800353355473274,0,0.0,0,0.0
2025-09-24,0.2513743095750707,0,0.8808817971339381,0,0.0,0,0.0
2025-09-25,0.1194128953399383,0,0.4190555956849153,0,0.0,0,0.0
2025-09-26,0.1296195969628189,0,0.4547760543291329,0,0.0,0,0.0
2025-09-29,-0.1539191712168229,0,-0.5375263776425088,0,0.0,0,0.0
2025-09-30,0.2889889865662905,0,1.0125221216505738,-1,-0.0510210022452868,-1,-1.0
2025-10-01,-0.0443941523172668,0,-0.154220971776769,0,0.0,0,0.0
2025-10-02,-0.0233235831361004,0,-0.0804801666807578,0,0.0,0,0.0
2025-10-03,0.1595613917626172,0,0.559563544195815,0,0.0,0,0.0
2025-10-06,0.1119399137708146,0,0.3929023545153604,0,0.0,0,0.0
2025-10-07,0.2121078700547842,0,0.7434607887794082,0,0.0,0,0.0
2025-10-08,0.0906405843742832,0,0.3183609558373763,0,0.0,0,0.0
2025-10-09,-0.2981252643279017,0,-1.0422053597018195,1,-0.2144015070957151,0,1.0
2025-10-10,0.2442028912718286,0,0.8557839388457041,0,0.0,0,0.0
2025-10-13,-0.2903828167747676,0,-1.015109066712636,1,0.1284135251032516,1,1.0
2025-10-14,-0.0158622221942699,0,-0.0543675942945161,0,0.0,0,0.0
2025-10-15,-0.293264121645807,0,-1.0251927877118492,1,0.1417961600005128,1,1.0
2025-10-16,-0.0249650553570219,0,-0.0862248374617294,0,0.0,0,0.0
2025-10-17,-0.1992145355718469,0,-0.6960468526205725,0,0.0,0,0.0
2025-10-20,-0.1035711075906025,0,-0.3613229388601693,0,0.0,0,0.0
2025-10-21,-0.1009146483190445,0,-0.3520261114368009,0,0.0,0,0.0
2025-10-22,-0.0472710851740816,0,-0.164289392009969,0,0.0,0,0.0
2025-10-23,0.2806270619413578,0,0.9832578408097006,0,0.0,0,0.0
2025-10-24,-0.2731067216146432,0,-0.9546478065032256,0,0.0,0,0.0
2025-10-27,-0.2559151229668557,0,-0.8944822592759354,0,0.0,0,0.0
2025-10-28,0.1619386232417541,0,0.5678831563365172,0,0.0,0,0.0
2025-10-29,0.6274121981529226,1,2.196903989601358,0,0.0,0,0.0
2025-10-30,0.3443603268188477,1,1.2063055536196727,0,0.0,0,-1.0
2025-10-31,-0.1524629811721273,0,-0.5324301400731588,0,0.0,0,0.0
2025-11-03,-0.1439772456920484,0,-0.5027325575943657,0,0.0,0,0.0
2025-11-04,0.5018354706052848,1,1.7574223167966994,0,0.0,0,-1.0
2025-11-05,-0.3454547690129891,0,-1.2078447285420963,1,-0.0525273015994897,0,1.0
2025-11-06,0.3717240215475832,1,1.3020704502557845,0,0.0,0,-1.0
2025-11-07,-0.1472494388796926,0,-0.5141842729235484,0,0.0,0,0.0
2025-11-10,-0.0315150764225247,0,-0.1091479878813079,0,0.0,0,0.0
2025-11-11,-0.0012302232012983,0,-0.0031598942732856,0,0.0,0,0.0
2025-11-12,-0.0331333957364706,0,-0.1148116302863484,0,0.0,0,0.0
2025-11-13,0.308924836781965,0,1.08229174355957,-1,-0.0334739054827444,-1,-1.0
2025-11-14,0.2009052255551442,0,0.7042548225093443,0,0.0,0,0.0
2025-11-17,0.1258305198423022,0,0.4415153970096559,0,0.0,0,0.0
2025-11-18,0.1013338515106912,0,0.3557842509067027,0,0.0,0,0.0
2025-11-19,-0.1067895179883179,0,-0.3725864302170635,0,0.0,0,0.0
2025-11-20,0.2573268303988341,0,0.9017138721538872,0,0.0,0,0.0
2025-11-21,-0.341139103166172,0,-1.1927411653049862,1,0.2395243849481385,1,1.0
2025-11-24,-0.2337582485787223,0,-0.8169397049318147,0,0.0,0,0.0
2025-11-25,-0.2078256931988026,0,-0.7261833757852127,0,0.0,0,0.0
2025-11-26,-0.0632272357970926,0,-0.2201312339202367,0,0.0,0,0.0
2025-11-28,-0.0978813337365975,0,-0.341410401082899,0,0.0,0,0.0
2025-12-01,-0.0641947826958078,0,-0.2235173639609561,0,0.0,0,0.0
2025-12-02,-0.1739527020266632,0,-0.60763785294873,0,0.0,0,0.0
2025-12-03,0.2757165506738852,0,0.9660724932672086,0,0.0,0,0.0
2025-12-04,0.1854875878962626,0,0.6502976178477485,0,0.0,0,0.0
2025-12-05,-0.3678882871283183,0,-1.2863554546993647,1,-0.0383535772628899,0,1.0
2025-12-08,-0.116723323853158,0,-0.4073518338396457,0,0.0,0,0.0
2025-12-09,-0.1946472544349172,0,-0.680062709750903,0,0.0,0,0.0
2025-12-10,0.0196871842436495,0,0.0700448897194729,0,0.0,0,0.0
2025-12-11,0.1642230432099499,0,0.5758779554415517,0,0.0,0,0.0
2025-12-12,0.0261869933336176,0,0.0927923129686293,0,0.0,0,0.0
2025-12-15,-0.0215155257881862,0,-0.0741524968703889,0,0.0,0,0.0
2025-12-16,-0.3581476265561106,0,-1.2522660028869477,1,-0.1114238133952897,0,1.0
2025-12-17,0.1199225624001799,0,0.4208392807401212,0,0.0,0,0.0
2025-12-18,-0.2883337881975479,0,-1.007938068357073,1,0.085153048290535,1,1.0
2025-12-19,-0.0554890086621522,0,-0.1930497111554719,0,0.0,0,0.0
2025-12-22,0.0971467768686967,0,0.341130719127706,0,0.0,0,0.0
2025-12-23,0.1793066378343917,0,0.6286661075690417,0,0.0,0,0.0
2025-12-24,-0.1815563511634346,0,-0.6342483922365955,0,0.0,0,0.0
2025-12-26,-0.0491476477321032,0,-0.1708568099402463,0,0.0,0,0.0
2025-12-29,0.0696984012261138,0,0.2450694641583341,0,0.0,0,0.0
2025-12-30,0.0156243028326699,0,0.0558259977816579,0,0.0,0,0.0
2025-12-31,-0.0067379006793437,0,-0.0224351482044067,0,0.0,0,0.0
