,spread,regime,z_score,signal,minhash_signal,final_signal
0,0.1411349671029221,0,0.7316471104595935,0,0.0,0
1,-0.1453026530206456,0,-0.751803304090035,0,0.0,0
2,-0.0008675015470442,0,-0.0037787071930889,0,0.0,0
3,-0.007450877043476,0,-0.0378737785915474,0,0.0,0
4,-0.0577002585510144,0,-0.2981135676111008,0,0.0,0
5,0.1222842425707275,0,0.6340198675374477,0,0.0,0
6,-0.1175247092340987,0,-0.6079423049387617,0,0.0,0
7,0.096804187367799,0,0.5020595529767218,0,0.0,0
8,0.006805598441607,0,0.0359600092301767,0,0.0,0
9,-0.0283943427967325,0,-0.1463392550899608,0,0.0,0
10,-0.063275172249784,0,-0.3269858506371588,0,0.0,0
11,0.1733155685814567,0,0.898309319785291,0,0.0,0
12,-0.097718218163995,0,-0.5053651805511078,0,0.0,0
13,-0.061703647091147,0,-0.3188469768151744,0,0.0,0
14,0.1506053187717716,0,0.7806937304637154,0,0.0,0
15,-0.047712331001624,0,-0.2463864402273337,0,0.0,0
16,-0.0065296036625738,0,-0.0331025359795492,0,0.0,0
17,0.0301358972916165,0,0.1567868108412325,0,0.0,0
18,-0.0516750697534113,0,-0.266909325599565,0,0.0,0
19,0.0311435123811409,0,0.1620052141418071,0,0.0,0
20,-0.0587593443449431,0,-0.3035985358892528,0,0.0,0
21,-0.1739306527463807,0,-0.9000667132139752,0,0.0,0
22,-0.2200581436262518,0,-1.1389593748635154,1,0.1565309751469471,1
23,0.0406154093429819,0,0.2110598371642746,0,0.0,0
24,-0.0483205058183634,0,-0.2495361563282476,0,0.0,0
25,-0.0159902093704102,0,-0.0820986819925141,0,0.0,0
26,-0.0208388513253569,0,-0.1072096290635217,0,0.0,0
27,-0.0346350036754063,0,-0.1786594194717849,0,0.0,0
28,-0.0336809859460374,0,-0.1737185950245302,0,0.0,0
29,-0.0284995852428715,0,-0.1468843020369566,0,0.0,0
30,0.084161321520865,0,0.4365825930241895,0,0.0,0
31,-0.0095659406551926,0,-0.0488276190481405,0,0.0,0
32,-0.0713609054235457,0,-0.3688615798915073,0,0.0,0
33,0.0384030002065748,0,0.1996018476406194,0,0.0,0
34,-0.0319444113192773,0,-0.164724935780845,0,0.0,0
35,-0.1305243427870324,0,-0.6752669523603313,0,0.0,0
36,-0.0843986788388545,0,-0.4363837523261212,0,0.0,0
37,-0.1601275702679987,0,-0.8285810319135052,0,0.0,0
38,0.0893141753536302,0,0.4632690427685754,0,0.0,0
39,-0.1069624796887776,0,-0.5532408876081208,0,0.0,0
40,-0.0211816350817173,0,-0.1089848941465597,0,0.0,0
41,-0.0899224537959279,0,-0.4649911895978542,0,0.0,0
42,-0.0488092764166363,0,-0.2520674821586844,0,0.0,0
43,-0.0035734708323634,0,-0.017792827462394,0,0.0,0
44,0.131658535497688,0,0.682569002677623,0,0.0,0
45,0.1114908350636639,0,0.5781211876299368,0,0.0,0
46,-0.1611932743369586,0,-0.8341002760065254,0,0.0,0
47,0.0178614256399373,0,0.0932177515388752,0,0.0,0
48,-0.017696165027666,0,-0.0909337666642398,0,0.0,0
49,0.0531257211829479,0,0.2758503045516823,0,0.0,0
50,-0.0903848037346138,0,-0.4673856837565291,0,0.0,0
51,0.1781587603265147,0,0.9233920404099428,0,0.0,0
52,0.0701797502246572,0,0.3641725243800386,0,0.0,0
53,-0.0488546136251332,0,-0.2523022819755179,0,0.0,0
54,0.0143170454186533,0,0.0748615303612344,0,0.0,0
55,0.0833978117573278,0,0.4326284026676875,0,0.0,0
56,0.0779375282823195,0,0.4043497855605308,0,0.0,0
57,0.1018310633951272,0,0.5280935680736657,0,0.0,0
58,-0.0627807736782106,0,-0.3244253777298747,0,0.0,0
59,0.0471519944292155,0,0.244912582665124,0,0.0,0
60,-0.0235518123756544,0,-0.1212599594390665,0,0.0,0
61,-0.093386982681763,0,-0.4829338635025392,0,0.0,0
62,-0.0869174380118621,0,-0.44942831797269,0,0.0,0
63,-0.1253793129848485,0,-0.6486210229966279,0,0.0,0
64,-0.0058811596105348,0,-0.0297442669177042,0,0.0,0
65,0.0216556792585608,0,0.1128680583003449,0,0.0,0
66,-0.0828053461933462,0,-0.4281319382924933,0,0.0,0
67,-0.057247266173087,0,-0.295767535932251,0,0.0,0
68,-0.0221612500387685,0,-0.1140582857405468,0,0.0,0
69,-0.03015994753011,0,-0.1554832602402959,0,0.0,0
70,0.1512399046109332,0,0.7839802283258519,0,0.0,0
71,-0.1319912519244712,0,-0.682864023468175,0,0.0,0
72,0.1538464034886001,0,0.7974791948335684,0,0.0,0
73,-0.0331236661861999,0,-0.170832255484316,0,0.0,0
74,-0.0713750806978726,0,-0.3689349931413717,0,0.0,0
75,0.1697052833398148,0,0.8796117788126849,0,0.0,0
76,-0.2594046615669333,0,-1.3427336148708455,1,0.12391408857990546,1
77,-0.1503409315020829,0,-0.7778963720979323,0,0.0,0
78,-0.0749728225458343,0,-0.3875675723168967,0,0.0,0
79,-0.0506116720420314,0,-0.2614020260517716,0,0.0,0
80,0.1586428910694727,0,0.8223200362256948,0,0.0,0
81,-0.1782467437426532,0,-0.9224195974995388,0,0.0,0
82,0.1990746316161724,0,1.0317146061466786,-1,0.14144973866841373,0
83,-0.0202164052645579,0,-0.1039860026888553,0,0.0,0
84,0.1349402515191191,0,0.6995648951526612,0,0.0,0
85,-0.0428043466329688,0,-0.2209681608716271,0,0.0,0
86,0.3082245900391717,1,1.5969984225700316,0,0.0,0
87,-0.0059861474358118,0,-0.0302879951921627,0,0.0,0
88,0.0054937092467216,0,0.0291657809819585,0,0.0,0
89,0.0071635548332421,0,0.0378138528605376,0,0.0,0
90,0.3611440433685692,1,1.8710664201513847,0,0.0,0
91,-0.2459381052849936,0,-1.2729907909694969,1,-0.0016135993896574795,0
92,0.2652386308287898,1,1.374375643540708,0,0.0,0
93,-0.033209818783994,0,-0.1712784367745284,0,0.0,0
94,-0.2078790530086878,0,-1.0758842906002517,1,0.03435604840799908,1
95,-0.243744725103034,0,-1.261631351735261,1,0.03598312285537287,1
96,-0.151050120257177,0,-0.7815692358519479,0,0.0,0
97,-0.0379341524162508,0,-0.19574559539084,0,0.0,0
98,0.0311259663393291,0,0.1619143438050537,0,0.0,0
99,0.0845847695836382,0,0.4387756157283651,0,0.0,0
100,0.0562071857380102,0,0.2918091016875303,0,0.0,0
101,0.1353088773815752,0,0.701473995599168,0,0.0,0
102,0.0419789462010169,0,0.2181215468532223,0,0.0,0
103,-0.0083301260673685,0,-0.0424273785286748,0,0.0,0
104,0.2430829175239582,1,1.2596319793791482,0,0.0,0
105,0.1101096224925791,0,0.5709679360414301,0,0.0,0
106,-0.2115915575521415,0,-1.0951112217611374,1,-0.029223239948493022,0
107,0.0200953142628962,0,0.1047869825719936,0,0.0,0
108,-0.2304233328102809,0,-1.192640327055829,1,0.08049411337346066,1
109,-0.0604077902145224,0,-0.3121357793823917,0,0.0,0
110,0.0593488552922085,0,0.3080796984078314,0,0.0,0
111,0.1174602956075844,0,0.6090368149651181,0,0.0,0
112,-0.1221337445394637,0,-0.6318123375534304,0,0.0,0
113,-0.1120096874830111,0,-0.5793802002146277,0,0.0,0
114,0.0120617777807168,0,0.0631815781574216,0,0.0,0
115,0.2193539847739854,0,1.1367406667450677,-1,-0.2186199108444486,-1
116,-0.0641949589841008,0,-0.3317493939584964,0,0.0,0
117,-0.0472230540960153,0,-0.2438524922489166,0,0.0,0
118,-0.0021167377044481,0,-0.0102484575518986,0,0.0,0
119,0.1129183700252366,0,0.5855143412583448,0,0.0,0
120,0.0401580240544558,0,0.2086910547551056,0,0.0,0
121,-0.0297082397154722,0,-0.1531438812697869,0,0.0,0
122,-0.0085909504603401,0,-0.0437781789357986,0,0.0,0
123,0.1236192005695747,0,0.6409335683143986,0,0.0,0
124,0.0614875226780358,0,0.3191557819848444,0,0.0,0
125,0.0007340739295368,0,0.0045157961743177,0,0.0,0
126,-0.1168125940123281,0,-0.6042542851162017,0,0.0,0
127,-0.1059031492786725,0,-0.5477546524713484,0,0.0,0
128,-0.1694161978555654,0,-0.8766865092576773,0,0.0,0
129,0.0450471372886941,0,0.234011601165811,0,0.0,0
130,0.156607965215527,0,0.811781226413243,0,0.0,0
131,-0.1233741682108981,0,-0.6382364483556802,0,0.0,0
132,0.0431914604855618,0,0.2244011159170885,0,0.0,0
133,-0.0572471577659652,0,-0.2957669744955593,0,0.0,0
134,0.0907170805258369,0,0.4705346395794487,0,0.0,0
135,-0.0361445498558348,0,-0.1864773063337567,0,0.0,0
136,-0.1061089083302313,0,-0.548820271401573,0,0.0,0
137,-0.0800667214391837,0,-0.4139486964923916,0,0.0,0
138,-0.0074513214493427,0,-0.037876080153985,0,0.0,0
139,-0.0365803522453647,0,-0.1887343116640305,0,0.0,0
140,0.0011140988627064,0,0.0064839320092905,0,0.0,0
141,-0.1474579820929473,0,-0.7629656779584446,0,0.0,0
142,0.1122367860609862,0,0.5819844417504465,0,0.0,0
143,0.0081727761934399,0,0.0430405749807394,0,0.0,0
144,0.1900409202514556,0,0.9849293310032472,0,0.0,0
145,0.1045954268972019,0,0.5424101099488201,0,0.0,0
146,-0.1506257246637766,0,-0.7793713059197998,0,0.0,0
147,-0.0967741343471588,0,-0.5004758034893545,0,0.0,0
148,-0.0199712527700194,0,-0.1027163664954876,0,0.0,0
149,-0.0478930467763753,0,-0.2473223609030287,0,0.0,0
150,0.1181059039314063,0,0.6123803978897256,0,0.0,0
151,-0.22480735218343,0,-1.163555359845828,1,-0.0049989696308801726,0
152,0.0228598134128225,0,0.1191042269626262,0,0.0,0
153,0.052589758476797,0,0.2730745724454045,0,0.0,0
154,-0.0637436690159921,0,-0.3294121790005447,0,0.0,0
155,-0.0431978458929526,0,-0.2230060797738163,0,0.0,0
156,0.1173834297223022,0,0.6086387292341399,0,0.0,0
157,-0.1322001883142786,0,-0.683946097722041,0,0.0,0
158,0.0560604787562245,0,0.2910493113609194,0,0.0,0
159,0.0117884703927946,0,0.0617661287561251,0,0.0,0
160,0.0140653760770544,0,0.0735581436449116,0,0.0,0
161,0.081723484883516,0,0.4239571223589897,0,0.0,0
162,0.1496811847088903,0,0.7759076724798187,0,0.0,0
163,0.1266563929608727,0,0.6566630814628264,0,0.0,0
164,-0.0297926474367921,0,-0.153581025905778,0,0.0,0
165,0.1052805342311828,0,0.5459582568652986,0,0.0,0
166,0.0364409276263936,0,0.189440342384464,0,0.0,0
167,-0.0060019682569378,0,-0.0303699306713354,0,0.0,0
168,-0.0197668268777082,0,-0.1016576519503701,0,0.0,0
169,-0.0426443640854781,0,-0.2201396168546316,0,0.0,0
170,-0.1099746016874351,0,-0.568840562070068,0,0.0,0
171,0.0629344762728638,0,0.3266495040355848,0,0.0,0
172,-0.0434546544191549,0,-0.2243360821474232,0,0.0,0
173,-0.0643205536866804,0,-0.332399844529642,0,0.0,0
174,0.2348077840998841,1,1.216775352853971,0,0.0,0
175,-0.1409074268729964,0,-0.7290405816237722,0,0.0,0
176,0.0978946940124826,0,0.5077072487417795,0,0.0,0
177,-0.0260793590028268,0,-0.1343500350033548,0,0.0,0
178,0.25132843963802,1,1.3023352499656242,0,0.0,0
179,0.0080513422476308,0,0.042411672823358,0,0.0,0
180,0.0213659188525157,0,0.1113673992937447,0,0.0,0
181,0.0078308442636491,0,0.0412697214777075,0,0.0,0
182,0.0622849087895808,0,0.3232854167626268,0,0.0,0
183,0.0220756614214632,0,0.1150431312303335,0,0.0,0
184,-0.0944573002298681,0,-0.4884770006426651,0,0.0,0
185,0.008285864315977,0,0.0436262544113461,0,0.0,0
186,-0.0155645509394047,0,-0.0798942118685851,0,0.0,0
187,0.0894605111367602,0,0.4640269106703339,0,0.0,0
188,-0.0117897277772252,0,-0.0603445347613288,0,0.0,0
189,-0.0045448651407725,0,-0.0228236446046362,0,0.0,0
190,0.0282596381812096,0,0.1470697305431386,0,0.0,0
191,0.0031870867353401,0,0.017219863685054,0,0.0,0
192,0.0146644969627606,0,0.0766609697537262,0,0.0,0
193,0.0641037965941411,0,0.3327053730746862,0,0.0,0
194,-0.0432719844550879,0,-0.2233900407936234,0,0.0,0
195,0.0486679390934593,0,0.2527636070509453,0,0.0,0
196,-0.1197587116479175,0,-0.6195121252907628,0,0.0,0
197,-0.0749517506226046,0,-0.3874584415636214,0,0.0,0
198,-0.0321067111457846,0,-0.1655654809048048,0,0.0,0
199,-0.07184990279751,0,-0.3713940801853169,0,0.0,0
200,0.0090485103011878,0,0.0475759712901119,0,0.0,0
201,-0.0572151593189975,0,-0.2956012556580734,0,0.0,0
202,0.0080420791349599,0,0.0423636994868743,0,0.0,0
203,0.0208657046273301,0,0.1087768073198443,0,0.0,0
204,-0.1458416488517387,0,-0.7545947446442843,0,0.0,0
205,-0.0240855669496706,0,-0.1240242557062623,0,0.0,0
206,-0.1133469619539129,0,-0.586305897919315,0,0.0,0
207,0.1307354040831831,0,0.6777881373745933,0,0.0,0
208,0.0306414817103458,0,0.1594052148596374,0,0.0,0
209,-0.0101635741755459,0,-0.0519227421438234,0,0.0,0
210,0.0072285998994361,0,0.0381507189829706,0,0.0,0
211,0.0153158251007589,0,0.080034175395864,0,0.0,0
212,0.0539804766986079,0,0.2802770534664979,0,0.0,0
213,-0.0968892190158902,0,-0.5010718229628591,0,0.0,0
214,0.0500538932321978,0,0.2599414150524624,0,0.0,0
215,-0.0697076423818646,0,-0.3602993884325667,0,0.0,0
216,-0.0597326019623244,0,-0.3086390030434801,0,0.0,0
217,-0.0997358033731783,0,-0.5158141837709398,0,0.0,0
218,0.2478312788984751,1,1.2842235768320935,0,0.0,0
219,-0.0567823963182406,0,-0.293359991215932,0,0.0,0
220,-0.0128339399561268,0,-0.0657524731075598,0,0.0,0
221,-0.1287859988065258,0,-0.6662641296954879,0,0.0,0
222,-0.029375321039205,0,-0.151419707091455,0,0.0,0
223,-0.0876368809159543,0,-0.4531542876056592,0,0.0,0
224,-0.1163946916170737,0,-0.6020899832301085,0,0.0,0
225,-0.0192844325420387,0,-0.0991593485609039,0,0.0,0
226,0.0273598803435269,0,0.1424099161768243,0,0.0,0
227,0.0190385746747603,0,0.0993141652115679,0,0.0,0
228,0.0115386900527819,0,0.0604725251129363,0,0.0,0
229,0.0051280746178036,0,0.0272721720293073,0,0.0,0
230,-0.1391055522501255,0,-0.7197087359845324,0,0.0,0
231,0.0533265674479016,0,0.276890480331937,0,0.0,0
232,-0.0392626249286298,0,-0.2026257080602452,0,0.0,0
233,0.011492805521798,0,0.0602348907320888,0,0.0,0
234,0.3410547426208841,1,1.7670246343366949,0,0.0,0
235,0.0291443752936739,0,0.1516517530989974,0,0.0,0
236,-0.0727646929610245,0,-0.3761317464412578,0,0.0,0
237,-0.0038254556213569,0,-0.0190978478697395,0,0.0,0
238,0.0966690250210044,0,0.5013595519108792,0,0.0,0
239,0.1235950261756526,0,0.6408083699739368,0,0.0,0
240,-0.0488897224672358,0,-0.2524841094406013,0,0.0,0
241,0.1479247721470928,0,0.7668112732645389,0,0.0,0
242,-0.050904210817027,0,-0.2629170741339748,0,0.0,0
243,0.09719939695557,0,0.504106329606691,0,0.0,0
244,-0.0250532943291574,0,-0.1290360819518909,0,0.0,0
245,0.0810856172140131,0,0.4206536280123197,0,0.0,0
246,0.0269495309236555,0,0.1402847308860245,0,0.0,0
247,-0.1701193464666432,0,-0.8803280913171269,0,0.0,0
248,0.092432581313958,0,0.4794191581500211,0,0.0,0
249,0.0528495769956956,0,0.2744201634658914,0,0.0,0
250,0.1253528187043941,0,0.6499119159897463,0,0.0,0
251,-0.0659846760371033,0,-0.3410182759686802,0,0.0,0
252,0.0084579609333965,0,0.0445175367727321,0,0.0,0
253,-0.0197912060210392,0,-0.1017839106808576,0,0.0,0
254,-0.0573166936313289,0,-0.2961270983097966,0,0.0,0
255,-0.0327052287302423,0,-0.1686651825375583,0,0.0,0
256,-0.0868499029067786,0,-0.4490785560259546,0,0.0,0
257,-0.0658358128253732,0,-0.3402473186026155,0,0.0,0
258,0.0159504689079372,0,0.0833209734723314,0,0.0,0
259,0.0538723943560379,0,0.27971729879523,0,0.0,0
260,-0.175795670299715,0,-0.9097255738812388,0,0.0,0
261,0.0053643862990089,0,0.028496021959689,0,0.0,0
262,-0.0016438785042974,0,-0.0077995362957297,0,0.0,0
263,-0.0598079517507926,0,-0.3090292369620944,0,0.0,0
264,-0.1753404490696167,0,-0.9073679990549652,0,0.0,0
265,-0.2423620009072973,0,-1.2544702714955611,1,0.19241934547523412,1
266,-0.1546394405961861,0,-0.800158200327206,0,0.0,0
267,0.0320089714393169,0,0.1664873963288848,0,0.0,0
268,-0.0191485435453128,0,-0.0984555842004864,0,0.0,0
269,-0.0204134202927273,0,-0.1050063366278273,0,0.0,0
270,-0.1207414473652309,0,-0.6246016791929785,0,0.0,0
271,0.1103646477014025,0,0.5722887026767155,0,0.0,0
272,0.0628979770767384,0,0.3264604759756552,0,0.0,0
273,-0.0272994910545341,0,-0.1406690562168731,0,0.0,0
274,0.0584689654369725,0,0.3035227796275931,0,0.0,0
275,0.0365447654307801,0,0.1899781147409604,0,0.0,0
276,-0.0847799890834979,0,-0.4383585447442551,0,0.0,0
277,0.1747207241580798,0,0.9055865713619132,0,0.0,0
278,-0.0345178875167639,0,-0.1780528789830968,0,0.0,0
279,-0.1672472625123181,0,-0.8654536689880107,0,0.0,0
280,0.0180824367447898,0,0.0943623603195658,0,0.0,0
281,-0.0377324512609567,0,-0.1947009921634179,0,0.0,0
282,0.1560465059167153,0,0.8088734483454891,0,0.0,0
283,-0.0380785504860045,0,-0.1964934279428067,0,0.0,0
284,0.0243885450017006,0,0.1270214743838204,0,0.0,0
285,-0.1445959894211225,0,-0.7481435180283873,0,0.0,0
286,0.0338912015792465,0,0.1762354003800003,0,0.0,0
287,0.1523841577468666,0,0.7899062752889491,0,0.0,0
288,0.0347285179019231,0,0.1805718323244073,0,0.0,0
289,0.0343066640022285,0,0.1783870657350487,0,0.0,0
290,0.0309586535707369,0,0.1610478368293972,0,0.0,0
291,-0.0895397518117561,0,-0.4630091894093884,0,0.0,0
292,0.0802047704134973,0,0.416091753245953,0,0.0,0
293,0.0042010318309992,0,0.0224710498659652,0,0.0,0
294,0.0733557662111479,0,0.3806210000716862,0,0.0,0
295,-0.0640100299477457,0,-0.3307916529483425,0,0.0,0
296,0.1146988836469128,0,0.5947355590196408,0,0.0,0
297,0.184960406884908,0,0.9586175300028108,0,0.0,0
298,-0.0015222323831011,0,-0.0071695352894399,0,0.0,0
299,-0.1311270438257508,0,-0.6783883199563568,0,0.0,0
300,0.0233427570634847,0,0.1216053752352234,0,0.0,0
301,0.1071171012176151,0,0.5554697730418257,0,0.0,0
302,-0.0535936097594469,0,-0.2768453771770631,0,0.0,0
303,-0.1053380753462103,0,-0.5448281543423642,0,0.0,0
304,-0.167172560997213,0,-0.865066792454466,0,0.0,0
305,-0.0290721180053588,0,-0.1498494291857179,0,0.0,0
306,0.0794227957322128,0,0.4120419337263714,0,0.0,0
307,-0.0725304571092616,0,-0.3749186471589426,0,0.0,0
308,0.1756197315240685,0,0.9102424990615772,0,0.0,0
309,0.0193684129912422,0,0.1010223863143283,0,0.0,0
310,-0.2022622726548218,0,-1.0467951816320156,1,0.05719879732811791,1
311,0.0503117754062761,0,0.2612769778108612,0,0.0,0
312,-0.0477272529896582,0,-0.2464637206813668,0,0.0,0
313,0.1330251189046626,0,0.689646490336955,0,0.0,0
314,-0.0973078058817856,0,-0.5032396696984579,0,0.0,0
315,0.0946336157509333,0,0.490818238503225,0,0.0,0
316,-0.1883573537715852,0,-0.9747820931532124,0,0.0,0
317,-0.0295457287466557,0,-0.1523022426471934,0,0.0,0
318,-0.0741199028173457,0,-0.3831503308796226,0,0.0,0
319,-0.0039447675335389,0,-0.0197157600891982,0,0.0,0
320,-0.0427418958753219,0,-0.2206447305824065,0,0.0,0
321,0.0033537141833903,0,0.0180828214095973,0,0.0,0
322,-0.0855130643874562,0,-0.4421551160992465,0,0.0,0
323,0.03886412519587,0,0.2019899978292506,0,0.0,0
324,0.1539089368039178,0,0.7978030526860782,0,0.0,0
325,0.0087726214661479,0,0.046147152664496,0,0.0,0
326,0.1132721118172603,0,0.5873463576247518,0,0.0,0
327,0.0397953977478532,0,0.2068130257984894,0,0.0,0
328,0.0587353888485276,0,0.3049025771560977,0,0.0,0
329,0.0769117384142673,0,0.3990372557177453,0,0.0,0
330,0.0434467687568174,0,0.2257233485228079,0,0.0,0
331,-0.1759230313368024,0,-0.9103851722370108,0,0.0,0
332,-0.2159505907112822,0,-1.1176865020060065,1,0.0018042848258367594,1
333,-0.0010730140736642,0,-0.0048430493792792,0,0.0,0
334,-0.0909273722665411,0,-0.4701956272034193,0,0.0,0
335,-0.0297060435922248,0,-0.1531325076243126,0,0.0,0
336,-0.1265097637707245,0,-0.6544755880716078,0,0.0,0
337,-0.0761945430777532,0,-0.3938948202138628,0,0.0,0
338,-0.0800132420364929,0,-0.4136717285366552,0,0.0,0
339,0.1029302479290876,0,0.5337862063237204,0,0.0,0
340,-0.1420400761580736,0,-0.7349065326492072,0,0.0,0
341,0.004789432355679,0,0.0255183556000409,0,0.0,0
342,-0.1956318325192413,0,-1.012456364113806,1,0.04792444281414459,1
343,0.0220564176588085,0,0.1149434684567237,0,0.0,0
344,-0.0412695897496906,0,-0.2130197086615096,0,0.0,0
345,0.0158804825825941,0,0.0829585167416194,0,0.0,0
346,-0.0897630189629165,0,-0.4641654821749868,0,0.0,0
347,-0.0940318131273179,0,-0.4862734178228129,0,0.0,0
348,-0.0959556811138654,0,-0.4962370628250008,0,0.0,0
349,0.0124180181980749,0,0.0650265348170295,0,0.0,0
350,0.0564993534116425,0,0.2933222278487545,0,0.0,0
351,-0.0626278140716907,0,-0.3236332052784931,0,0.0,0
352,0.0164795298496248,0,0.086060961581889,0,0.0,0
353,0.0195578400975308,0,0.1020034226713176,0,0.0,0
354,0.3365523173629823,1,1.7437067314284391,0,0.0,0
355,0.0163257471758838,0,0.0852645264941612,0,0.0,0
356,-0.1085485330924581,0,-0.5614550027029627,0,0.0,0
357,0.0641610558944684,0,0.3330019169880543,0,0.0,0
358,-0.137770701121235,0,-0.7127955886833489,0,0.0,0
359,-0.0859820627735501,0,-0.4445840423344732,0,0.0,0
360,0.0121817117896505,0,0.0638027121941955,0,0.0,0
361,0.0516454714792403,0,0.2681841431178079,0,0.0,0
362,-0.0234759148408473,0,-0.1208668887613239,0,0.0,0
363,-0.0437937620502338,0,-0.2260923087062249,0,0.0,0
364,0.0847723548575264,0,0.4397471132997834,0,0.0,0
365,-0.1460091430203114,0,-0.7554621910840938,0,0.0,0
366,-0.0181083179503557,0,-0.0930682922330468,0,0.0,0
367,-0.0365256009353064,0,-0.1884507565445317,0,0.0,0
368,0.0386624320564208,0,0.2009454361156091,0,0.0,0
369,0.0400604956226334,0,0.208185958418406,0,0.0,0
370,-0.060618493649947,0,-0.3132270051036943,0,0.0,0
371,0.0275486320040682,0,0.1433874544239169,0,0.0,0
372,0.0241004485901953,0,0.1255294331467317,0,0.0,0
373,0.018618700580604,0,0.0971396519658354,0,0.0,0
374,0.0045686135325823,0,0.0243747426398372,0,0.0,0
375,0.0250172944870564,0,0.1302777459737619,0,0.0,0
376,0.1155965483425094,0,0.5993845330763127,0,0.0,0
377,-0.144507575447515,0,-0.7476856251519438,0,0.0,0
378,-0.1983703491526904,0,-1.0266390459605148,1,-0.05035168926346567,0
379,-0.1465687083447062,0,-0.7583601603245974,0,0.0,0
380,-0.0838397459769222,0,-0.4334890585865865,0,0.0,0
381,-0.0352203291888057,0,-0.1816907998300084,0,0.0,0
382,-0.0833509465319179,0,-0.4309575833599374,0,0.0,0
383,0.0605038447057654,0,0.3140613481771678,0,0.0,0
384,-0.0574313323031487,0,-0.2967208079808976,0,0.0,0
385,0.0610746897936649,0,0.3170177349182769,0,0.0,0
386,-0.0890154033300063,0,-0.460293606964999,0,0.0,0
387,-0.1012719788524593,0,-0.5237699828401305,0,0.0,0
388,-0.0831254508782867,0,-0.4297897492579991,0,0.0,0
389,-0.1396991602430385,0,-0.7227830110144218,0,0.0,0
390,-0.0724327523387337,0,-0.3744126375702558,0,0.0,0
391,-0.0048378184926334,0,-0.0243408397659223,0,0.0,0
392,-0.020533228531782,0,-0.1056268193067976,0,0.0,0
393,-0.0655037208233363,0,-0.3385274257412041,0,0.0,0
394,0.0235676836184161,0,0.1227702619949031,0,0.0,0
395,-0.0688395622459056,0,-0.3558036317753399,0,0.0,0
396,-0.1905848129037257,0,-0.9863180260782964,0,0.0,0
397,-0.1637248227387103,0,-0.8472110766213713,0,0.0,0
398,0.1025347598724714,0,0.5317379875133432,0,0.0,0
399,0.1091956482119616,0,0.5662344952144714,0,0.0,0
400,-0.0914403245790125,0,-0.472852189285773,0,0.0,0
401,0.0471467232808838,0,0.2448852835723076,0,0.0,0
402,0.3514794861969466,1,1.8210140166420363,0,0.0,0
403,-0.0431085651364423,0,-0.2225436978590407,0,0.0,0
404,-0.1097607971210401,0,-0.5677332756999519,0,0.0,0
405,-0.1282818266787277,0,-0.6636530398824115,0,0.0,0
406,-0.3556277594572052,1,-1.841069672798555,0,0.0,0
407,-0.1900252121325309,0,-0.983419873260056,0,0.0,0
408,0.1301380872251985,0,0.6746946542622406,0,0.0,0
409,-0.0956034775207387,0,-0.4944130127368722,0,0.0,0
410,0.0186325852054682,0,0.0972115599522999,0,0.0,0
411,0.0963311359809492,0,0.499609636392361,0,0.0,0
412,-0.1457074021081815,0,-0.7538994854555786,0,0.0,0
413,-0.072268641207272,0,-0.3735627117612997,0,0.0,0
414,-0.0338820008868241,0,-0.1747596443710235,0,0.0,0
415,-0.1059083238023629,0,-0.547781451148527,0,0.0,0
416,0.0304777143815236,0,0.1585570695925243,0,0.0,0
417,-0.1871431211044229,0,-0.9684936246458824,0,0.0,0
418,-0.1324971574347155,0,-0.6854840904083037,0,0.0,0
419,-0.0449030814582206,0,-0.2318374351143275,0,0.0,0
420,-0.0067362905659607,0,-0.0341729602219339,0,0.0,0
421,-0.073787424246853,0,-0.3814284359937012,0,0.0,0
422,-0.1228936343801373,0,-0.6357477804560525,0,0.0,0
423,-0.0371053076667741,0,-0.1914530374276853,0,0.0,0
424,0.1426890789210445,0,0.7396958012002008,0,0.0,0
425,0.0084075646812913,0,0.044256536346025,0,0.0,0
426,0.0262252624891492,0,0.1365337699998458,0,0.0,0
427,0.0961028461301483,0,0.4984273312410265,0,0.0,0
428,0.0949121100100084,0,0.4922605505287766,0,0.0,0
429,-0.2437369184895166,0,-1.261590921556943,1,0.03735134281340779,1
430,0.1179578021693471,0,0.6116133840448698,0,0.0,0
431,0.159035016439808,0,0.8243508398014552,0,0.0,0
432,0.1386463256062732,0,0.7187585232053196,0,0.0,0
433,-0.3082590659729843,1,-1.5957488662804444,0,0.0,0
434,0.518232847786473,1,2.684623843000784,0,0.0,0
435,0.1351553762541482,0,0.7006790186299517,0,0.0,0
436,-0.2651600091179955,0,-1.3725403585060472,1,0.01455546625375096,1
437,0.1729272956566119,0,0.8962984678899603,0,0.0,0
438,0.0334390540331038,0,0.17389374405541,0,0.0,0
439,-0.0584093141594322,0,-0.3017857418031373,0,0.0,0
440,-0.0393375634985194,0,-0.2030138122922259,0,0.0,0
441,0.0402131927497471,0,0.208976771498125,0,0.0,0
442,-0.0869490910793101,0,-0.4495922481017259,0,0.0,0
443,-0.11626556200379,0,-0.6014212254800835,0,0.0,0
444,-0.0185056489105422,0,-0.0951260553765465,0,0.0,0
445,-0.1541204603542883,0,-0.7974704198092201,0,0.0,0
446,0.2146058338183887,0,1.1121501590443486,-1,0.0032783406576523894,0
447,-0.0190415842315327,0,-0.0979016456560363,0,0.0,0
448,-0.1547844395534837,0,-0.8009091448547426,0,0.0,0
449,0.0138946807004879,0,0.072674118260885,0,0.0,0
450,-0.1866152962835932,0,-0.965760038363006,0,0.0,0
451,0.0586940554489752,0,0.3046885129257277,0,0.0,0
452,0.0785984612910676,0,0.4077727344922877,0,0.0,0
453,0.0606876255481901,0,0.3150131427311223,0,0.0,0
454,0.1859050518600765,0,0.9635098132839364,0,0.0,0
455,-0.3742943524657097,1,-1.9377433050007404,0,0.0,0
456,0.2296794907602368,0,1.1902161010442749,-1,0.16394108779393093,0
457,-0.1540330525812273,0,-0.797017738010208,0,0.0,0
458,-0.0902448299997386,0,-0.4666607646801274,0,0.0,0
459,0.1330895141361648,0,0.6899799909882512,0,0.0,0
460,-0.1283587879773483,0,-0.6640516197557315,0,0.0,0
461,-0.1046310446258332,0,-0.5411664669746565,0,0.0,0
462,-0.1763791988194584,0,-0.9127476476721796,0,0.0,0
463,-0.2282929144821263,0,-1.1816069650599372,1,0.20937862356988696,1
464,-0.223024365972639,0,-1.1543213366320018,1,0.1987457358403168,1
465,0.0058214999148335,0,0.0308633973854406,0,0.0,0
466,0.1644337142095063,0,0.8523105066951834,0,0.0,0
467,0.1540655779417802,0,0.7986142916594968,0,0.0,0
468,-0.1611011292702813,0,-0.8336230599295932,0,0.0,0
469,0.0222644322568896,0,0.1160207687834849,0,0.0,0
470,0.0032165252751764,0,0.0173723248530563,0,0.0,0
471,0.1181399419169939,0,0.6125566794263776,0,0.0,0
472,0.0125827530450067,0,0.0658796908265866,0,0.0,0
473,0.0659133281376046,0,0.3420768736378228,0,0.0,0
474,-0.0668101810506029,0,-0.3452935375560391,0,0.0,0
475,0.0347464673413329,0,0.1806647918432092,0,0.0,0
476,0.0788181502455814,0,0.408910495902625,0,0.0,0
477,0.0528326890474166,0,0.2743327013725232,0,0.0,0
478,-0.1088409980754183,0,-0.5629696686187959,0,0.0,0
479,-0.0675944382987649,0,-0.349355178409631,0,0.0,0
480,-0.1754981706275944,0,-0.9081848334863658,0,0.0,0
481,-0.1921608203865901,0,-0.9944801137006553,0,0.0,0
482,-0.0296635040473532,0,-0.1529121968095274,0,0.0,0
483,-0.1440631171869612,0,-0.7453837913684339,0,0.0,0
484,0.1939620060623819,0,1.0052364972518495,-1,0.05025954208327281,0
485,-0.0720390123827236,0,-0.3723734721117663,0,0.0,0
486,-0.0363594607703556,0,-0.1875903224421146,0,0.0,0
487,-0.0899138773068287,0,-0.4649467722608293,0,0.0,0
488,-0.159228329751849,0,-0.8239238967373136,0,0.0,0
489,0.0013311468239076,0,0.0076080158076482,0,0.0,0
490,0.0151403029869886,0,0.0791251525087069,0,0.0,0
491,-0.2074865066103821,0,-1.0738513065353603,1,-0.006585416699494801,0
492,-0.1065421117422054,0,-0.551063816718002,0,0.0,0
493,0.0122494479823784,0,0.0641535155668074,0,0.0,0
494,0.0047276118082789,0,0.0251981891476422,0,0.0,0
495,0.1392293389594616,0,0.7217779289666935,0,0.0,0
496,0.3089404908529685,1,1.600706047841269,0,0.0,0
497,-0.0018695056204589,0,-0.0089680512375133,0,0.0,0
498,0.2110855295576803,0,1.0939186264243113,-1,-0.1517426776918229,-1
499,-0.285937060978534,0,-1.480143983275512,1,0.1965618974051157,1
500,-0.0170004456632141,0,-0.0873306604131788,0,0.0,0
501,-0.1776061111687076,0,-0.9191017838094808,0,0.0,0
502,0.1780012375807413,0,0.9225762356199936,0,0.0,0
503,0.0026380753356121,0,0.0143765528512056,0,0.0,0
504,-0.1211981293948067,0,-0.6269668194486451,0,0.0,0
505,-0.1884953260734269,0,-0.9754966468779468,0,0.0,0
506,0.119198315601202,0,0.6180379597131976,0,0.0,0
507,-0.3069343928425317,1,-1.5888884304771271,0,0.0,0
508,-0.1775877222514471,0,-0.919006548250264,0,0.0,0
509,0.1197829412201007,0,0.6210657153422852,0,0.0,0
510,-0.1510663418974717,0,-0.781653247159574,0,0.0,0
511,-0.0566085331932936,0,-0.2924595601738562,0,0.0,0
512,0.0114365525036429,0,0.059943558318889,0,0.0,0
513,0.2462658217473257,1,1.2761161290086185,0,0.0,0
514,-0.130964245436459,0,-0.6775451927931765,0,0.0,0
515,-0.19215896758238,0,-0.9944705180924654,0,0.0,0
516,0.187978700681213,0,0.9742491679888744,0,0.0,0
517,-0.0373985307598853,0,-0.1929716295694704,0,0.0,0
518,0.250185276618433,1,1.296414848676951,0,0.0,0
519,0.2908704220335478,1,1.5071217935469277,0,0.0,0
520,0.4688005866621921,1,2.428615891861873,0,0.0,0
521,0.3370611108171371,1,1.7463417549290552,0,0.0,0
522,-0.2450565061789352,0,-1.268425020039042,1,-0.11065481927799345,0
523,-0.3311695191039426,1,-1.7144013015994444,0,0.0,0
524,0.1347947588645028,0,0.6988113937839815,0,0.0,0
525,-0.1432094245456116,0,-0.7409625470424911,0,0.0,0
526,-0.0797292734827845,0,-0.4122010653306979,0,0.0,0
527,-0.08914694994988,0,-0.4609748823076025,0,0.0,0
528,-0.0365505503974918,0,-0.188579968936416,0,0.0,0
529,-0.1323472702115895,0,-0.6847078297230416,0,0.0,0
530,0.0607997438427505,0,0.3155937994565634,0,0.0,0
531,-0.0546882444486704,0,-0.2825144519403871,0,0.0,0
532,0.1848746202339376,0,0.9581732439383964,0,0.0,0
533,-0.0155629540373598,0,-0.0798859415687569,0,0.0,0
534,0.1124010059393867,0,0.5828349307559948,0,0.0,0
535,-0.0144514387368248,0,-0.0741294427099631,0,0.0,0
536,0.0463091241122973,0,0.2405473867788279,0,0.0,0
537,-0.2402044276885829,0,-1.2432962752713843,1,0.14424119952902353,1
538,-0.0870455477423201,0,-0.4500917937852381,0,0.0,0
539,-0.2231181758716467,0,-1.1548071748173347,1,0.18600881890489043,1
540,0.0695372317492854,0,0.3608449436724665,0,0.0,0
541,-0.0146160488699994,0,-0.0749819528313349,0,0.0,0
542,-0.1032168576728571,0,-0.5338424422158343,0,0.0,0
543,-0.0367159432124744,0,-0.1894365325394915,0,0.0,0
544,-0.0968246003765419,0,-0.5007371652901432,0,0.0,0
545,-0.2144875919975483,0,-1.1101096828457369,1,0.150907707172468,1
546,0.5584380149137104,1,2.892844997108292,0,0.0,0
547,-0.0490689810283184,0,-0.2534124832576817,0,0.0,0
548,-0.1122291270260174,0,-0.5805166699314922,0,0.0,0
549,-0.0762180651599017,0,-0.3940166402544677,0,0.0,0
550,-0.2043234408007228,0,-1.0574698993565037,1,0.022920530629107264,1
551,0.0830346106114689,0,0.4307473966386718,0,0.0,0
552,0.0949278923753738,0,0.4923422868469104,0,0.0,0
553,-0.0569130203950093,0,-0.2940364887400667,0,0.0,0
554,0.3997506366083042,1,2.071008616016325,0,0.0,0
555,-0.057947266626035,0,-0.2993928137908741,0,0.0,0
556,0.0603876432589979,0,0.3134595449492813,0,0.0,0
557,-0.0079820048288666,0,-0.0406244708123407,0,0.0,0
558,0.0556611879013218,0,0.2889813979912447,0,0.0,0
559,-0.1656311731122749,0,-0.8570839985187159,0,0.0,0
560,-0.192396527697185,0,-0.9957008336167876,0,0.0,0
561,0.0191182517715209,0,0.0997268101084523,0,0.0,0
562,0.0589923827846161,0,0.3062335397610189,0,0.0,0
563,0.1391724074147623,0,0.721483082488257,0,0.0,0
564,0.0274022156632612,0,0.1426291693167679,0,0.0,0
565,0.2048575817296135,0,1.0616643024868564,-1,0.014675535937527396,0
566,-0.1505300675252132,0,-0.7788759009454277,0,0.0,0
567,0.2117995761714555,0,1.0976166488584995,-1,-0.03180965973093266,-1
568,0.1380192960359625,0,0.7155111589952309,0,0.0,0
569,0.2712620213588026,1,1.4055705723872995,0,0.0,0
570,-0.2413752014437037,0,-1.2493596715935176,1,0.2033572442927951,1
571,0.6580250469174203,1,3.408602752133416,0,0.0,0
572,-0.0601446516876091,0,-0.3107729941565365,0,0.0,0
573,-0.4909938554785774,1,-2.5421259487592383,0,0.0,0
574,0.1990628237687848,0,1.031653453718117,-1,-0.01311943919936418,-1
575,-0.2493969333501049,0,-1.290903940523078,1,-0.04777320515060503,0
576,-0.0928645752209512,0,-0.4802283335376879,0,0.0,0
577,0.1274086871304662,0,0.6605591866506341,0,0.0,0
578,-0.1200496709446118,0,-0.6210189933100966,0,0.0,0
579,-0.2228919113074306,0,-1.1536353585543748,1,0.05979732811829634,1
580,-0.0380179571509086,0,-0.1961796171800017,0,0.0,0
581,0.3644016373744159,1,1.88793738555154,0,0.0,0
582,-0.2097631668100419,0,-1.0856420500679906,1,0.030696137986881762,1
583,0.2630609092704684,1,1.3630972997705288,0,0.0,0
584,0.3162718396300343,1,1.6386748466947665,0,0.0,0
585,-0.186266400608749,0,-0.9639531198679462,0,0.0,0
586,-0.5238782735367138,1,-2.7124331995300035,0,0.0,0
587,0.3776213547451273,1,1.9564018393664784,0,0.0,0
588,-0.0042423778694289,0,-0.0212570736078619,0,0.0,0
589,0.0524558319350936,0,0.272380971570899,0,0.0,0
590,0.133533004947357,0,0.6922768143853605,0,0.0,0
591,-0.091207085267068,0,-0.4716442510483162,0,0.0,0
592,-0.0075440710316163,0,-0.0383564269960433,0,0.0,0
593,0.0815415224075216,0,0.4230147450611688,0,0.0,0
594,0.269104829760675,1,1.394398552562792,0,0.0,0
595,0.0562708785720723,0,0.2921389646470551,0,0.0,0
596,0.1776265879400884,0,0.9206359382369276,0,0.0,0
597,-0.2249623666457803,0,-1.164358174323673,1,0.11132640721446431,1
598,0.2336801084135689,1,1.210935159922539,0,0.0,0
599,0.4942097125967128,1,2.560208866222741,0,0.0,0
600,0.2702161267142086,1,1.400153920610103,0,0.0,0
601,-0.2233543131426126,0,-1.1560301214831876,1,0.05080769430587568,1
602,0.1067294763611162,0,0.5534622774697877,0,0.0,0
603,-0.2861476151610914,0,-1.4812344360214371,1,0.034786503844210004,1
604,0.0503746511100663,0,0.2616026088812924,0,0.0,0
605,-0.361156501368541,1,-1.86970283375266,0,0.0,0
606,-0.0062300266228271,0,-0.0315510369704105,0,0.0,0
607,-0.015293566971629,0,-0.0784907953789507,0,0.0,0
608,0.0194039983600193,0,0.1012066816943887,0,0.0,0
609,0.223998436932411,0,1.1607941220027955,-1,-0.0664406718859757,-1
610,-0.1388928598741359,0,-0.7186072096096198,0,0.0,0
611,0.1714607565324597,0,0.8887033130679844,0,0.0,0
612,-0.1858211916207867,0,-0.96164739809345,0,0.0,0
613,-0.0009832578872932,0,-0.0043782052298864,0,0.0,0
614,-0.1104529915347208,0,-0.5713181263542781,0,0.0,0
615,0.0297077796877066,0,0.1545696047468579,0,0.0,0
616,0.1674237714242419,0,0.867795908413062,0,0.0,0
617,0.1645654407787014,0,0.8529927139890271,0,0.0,0
618,-0.0832014840483616,0,-0.4301835223860485,0,0.0,0
619,-0.0525771040674656,0,-0.271580929757373,0,0.0,0
620,0.1959476573131071,0,1.0155201156179308,-1,-0.10409600691016595,-1
621,0.3383112164639228,1,1.7528160083429576,0,0.0,0
622,-0.0140302988982949,0,-0.071948374218398,0,0.0,0
623,-0.4854859942917084,1,-2.513600928346704,0,0.0,0
624,-0.0659877717671442,0,-0.3410343086462682,0,0.0,0
625,0.0080482930071933,0,0.0423958809137995,0,0.0,0
626,-0.0039405590030224,0,-0.0196939642568749,0,0.0,0
627,-0.0714206844067743,0,-0.369171173154479,0,0.0,0
628,0.1072686298673817,0,0.5562545346182393,0,0.0,0
629,-0.2683029964498358,0,-1.3888177799506582,1,-0.008369798634012252,0
630,-0.1834755609586061,0,-0.9494994589481272,0,0.0,0
631,0.0034238524240778,0,0.018446064904564,0,0.0,0
632,0.046277083604678,0,0.2403814501106985,0,0.0,0
633,0.0796419218047709,0,0.4131767799907508,0,0.0,0
634,0.0543373376232539,0,0.2821252237116432,0,0.0,0
635,-0.1566836883000037,0,-0.81074528767405,0,0.0,0
636,-0.2783440877432476,0,-1.4408202405049548,1,0.04231677299182473,1
637,-0.0874994430413468,0,-0.4524425016608755,0,0.0,0
638,0.0331437595018688,0,0.172364424008044,0,0.0,0
639,-0.0386607531849,0,-0.1995086353539555,0,0.0,0
640,0.0333022642182488,0,0.1731853143894142,0,0.0,0
641,0.094821713051442,0,0.4917923878425994,0,0.0,0
642,0.1207225167625706,0,0.6259317442088018,0,0.0,0
643,-0.0994283023468503,0,-0.5142216467124904,0,0.0,0
644,0.0920823320836641,0,0.4776052296386368,0,0.0,0
645,0.5245103703907528,1,2.717134912970036,0,0.0,0
646,-0.0617689653433788,0,-0.3191852577585404,0,0.0,0
647,-0.145592332480367,0,-0.7533035438784563,0,0.0,0
648,-0.1900268418557003,0,-0.9834283135393396,0,0.0,0
649,-0.158657484710995,0,-0.8209675102398514,0,0.0,0
650,-0.0567750525200818,0,-0.293321957942166,0,0.0,0
651,0.2675640906840639,1,1.3864191187826702,0,0.0,0
652,0.0132600308377628,0,0.0693872888229528,0,0.0,0
653,-0.2099254861291611,0,-1.086482696143506,1,0.030212577576442756,1
654,0.0113642695462667,0,0.059569207411217,0,0.0,0
655,-0.0515556088660447,0,-0.2662906418428364,0,0.0,0
656,0.0515264089971343,0,0.2675675226879871,0,0.0,0
657,-0.0388872012165007,0,-0.2006814017880819,0,0.0,0
658,0.02615208766971,0,0.1361548001697482,0,0.0,0
659,-0.0300287870711618,0,-0.1548039848116169,0,0.0,0
660,0.1007847682185707,0,0.522674841955447,0,0.0,0
661,0.0309024510387794,0,0.1607567658824482,0,0.0,0
662,0.0108193761720234,0,0.0567472236872989,0,0.0,0
663,-0.0005131794942139,0,-0.0019436856762626,0,0.0,0
664,-0.1722992304399718,0,-0.8916176341589833,0,0.0,0
665,-0.237286437355364,0,-1.2281841054118594,1,0.036623047425478304,1
666,-0.1022026877520853,0,-0.528590091673529,0,0.0,0
667,-0.0761249050575487,0,-0.3935341673432792,0,0.0,0
668,0.1428111635848143,0,0.740328073403138,0,0.0,0
669,-0.0542935304139677,0,-0.2804702417624231,0,0.0,0
670,-0.1073523063970195,0,-0.5552597864933106,0,0.0,0
671,0.0985719573159104,0,0.511214771698421,0,0.0,0
672,0.0687655733571441,0,0.3568485518534767,0,0.0,0
673,-0.0934935135811387,0,-0.4834855833037759,0,0.0,0
674,-0.0801558738580928,0,-0.4144104137512197,0,0.0,0
675,-0.0707664389106523,0,-0.3657828586166723,0,0.0,0
676,-0.106442779084582,0,-0.5505493763589943,0,0.0,0
677,-0.0215406133282623,0,-0.1108440299277524,0,0.0,0
678,-0.0437367684459798,0,-0.2257971408235256,0,0.0,0
679,0.009796872800786,0,0.0514517144965503,0,0.0,0
680,-0.0986464144866579,0,-0.5101722768363083,0,0.0,0
681,-0.0873115902723321,0,-0.4514696187415544,0,0.0,0
682,0.1512529972960996,0,0.7840480348843246,0,0.0,0
683,-0.0245850106779175,0,-0.1266108573034705,0,0.0,0
684,-0.1397651043043232,0,-0.7231245330009809,0,0.0,0
685,0.0597324074788375,0,0.3100661017650816,0,0.0,0
686,-0.1363057609911318,0,-0.7052087149956173,0,0.0,0
687,0.0529475799249173,0,0.2749277172080231,0,0.0,0
688,-0.053370000797443,0,-0.275687314185063,0,0.0,0
689,-0.0283385072745043,0,-0.1460500848735614,0,0.0,0
690,-0.0314177435802242,0,-0.1619973419840133,0,0.0,0
691,0.2505676309093781,1,1.2983950481743587,0,0.0,0
692,0.0745879135679089,0,0.3870022481297619,0,0.0,0
693,-0.0935797796023552,0,-0.4839323520099254,0,0.0,0
694,-0.1542271955265072,0,-0.7980231975323656,0,0.0,0
695,-0.1375612046093953,0,-0.7117106135770718,0,0.0,0
696,-0.0996020080339797,0,-0.5151212623896164,0,0.0,0
697,-0.1762470738185865,0,-0.9120633769146188,0,0.0,0
698,-0.0150052607727834,0,-0.0769976676605653,0,0.0,0
699,-0.3716923559273624,1,-1.9242676559508607,0,0.0,0
700,-0.2382019612602087,0,-1.2329255716884824,1,0.07035483042829078,1
701,0.1085503597438147,0,0.5628925688112162,0,0.0,0
702,-0.2496346017647861,0,-1.2921348169286706,1,0.048889965690052564,1
703,0.0133783646315918,0,0.0700001354016779,0,0.0,0
704,0.0561398248203865,0,0.2914602418515557,0,0.0,0
705,-0.1456005709150858,0,-0.7533462104436709,0,0.0,0
706,0.0291550611292916,0,0.1517070946678526,0,0.0,0
707,-0.0749188690220875,0,-0.3872881489047968,0,0.0,0
708,0.104249345113908,0,0.5406177644996644,0,0.0,0
709,0.1845768214447671,0,0.9566309544267856,0,0.0,0
710,0.1354557324984238,0,0.7022345531120878,0,0.0,0
711,-0.0025618074629178,0,-0.012553458261724,0,0.0,0
712,-0.1036480105939072,0,-0.5360753681114977,0,0.0,0
713,0.1144530295343504,0,0.5934622891710709,0,0.0,0
714,-0.1740588984136294,0,-0.9007308930384068,0,0.0,0
715,-0.0048215184830291,0,-0.0242564225863832,0,0.0,0
716,-0.123151304715709,0,-0.6370822461102363,0,0.0,0
717,0.2396025535093551,1,1.2416072958965128,0,0.0,0
718,-0.2511009406902964,0,-1.2997289349288834,1,-0.028746834148548492,0
719,-0.171747842029955,0,-0.8887620128720012,0,0.0,0
720,-0.3079711092240183,1,-1.5942575483507613,0,0.0,0
721,0.0081556421658882,0,0.0429518384514262,0,0.0,0
722,0.0585174169054036,0,0.3037737080876841,0,0.0,0
723,0.0288209765497385,0,0.1499768823171887,0,0.0,0
724,-0.0793744125680863,0,-0.4103632530671079,0,0.0,0
725,0.1980454378381607,0,1.026384447573288,-1,-0.20917453638626796,-1
726,-0.0476209426189412,0,-0.245913142990339,0,0.0,0
727,-0.2649829280867417,0,-1.3716232620397766,1,-0.011946581695115387,0
728,0.0505777285936366,0,0.2626543400647107,0,0.0,0
729,-0.0718054099855865,0,-0.3711636534687985,0,0.0,0
730,0.0459164470321213,0,0.238513725917102,0,0.0,0
731,0.6547772322978116,1,3.391782433832488,0,0.0,0
732,-0.1461561529448856,0,-0.7562235503408089,0,0.0,0
733,-0.1913749350899488,0,-0.990410041240941,0,0.0,0
734,-0.1219597527158413,0,-0.630911239985417,0,0.0,0
735,-0.1666969195332009,0,-0.8626034619510868,0,0.0,0
736,-0.0401681358365235,0,-0.2073153173759299,0,0.0,0
737,0.0791443135052354,0,0.4105996840146328,0,0.0,0
738,0.0117611049586575,0,0.0616244041300181,0,0.0,0
739,0.1197937280753841,0,0.6211215800884557,0,0.0,0
740,-0.0691123025326904,0,-0.3572161441796836,0,0.0,0
741,0.0341606897962183,0,0.1776310704285459,0,0.0,0
742,0.078003110882711,0,0.4046894355537687,0,0.0,0
743,-0.0756403845353671,0,-0.3910248525082445,0,0.0,0
744,0.0078366758265842,0,0.0412999229381502,0,0.0,0
745,0.1416188595722083,0,0.7341531726306537,0,0.0,0
746,0.0305715131177204,0,0.1590428499660494,0,0.0,0
747,0.2194846705442876,0,1.137417483777854,-1,-0.13523331969665198,-1
748,0.0183588585236372,0,0.0957939390425174,0,0.0,0
749,-0.0051421013303377,0,-0.0259167099380667,0,0.0,0
750,0.0570571797542044,0,0.2962111909631779,0,0.0,0
751,-0.2067374113557991,0,-1.0699717684164884,1,0.05868122497251272,1
752,-0.1076253233829569,0,-0.5566737319128866,0,0.0,0
753,-0.127265725201256,0,-0.6583906858755265,0,0.0,0
754,-0.1223252308743961,0,-0.6328040385835305,0,0.0,0
755,0.019462769990709,0,0.1015110579138,0,0.0,0
756,-0.2409272687991171,0,-1.2470398440966417,1,0.036274227528103754,1
757,-0.1510455925773846,0,-0.7815457871566891,0,0.0,0
758,-0.0696125061448332,0,-0.3598066811890066,0,0.0,0
759,0.0452133900608529,0,0.2348726184570193,0,0.0,0
760,0.045735173391553,0,0.2375749160738559,0,0.0,0
761,0.196799788735026,0,1.0199332744430567,-1,-0.028628111647676126,-1
762,-0.16499152553824,0,-0.8537712861087383,0,0.0,0
763,-0.0040268156607057,0,-0.0201406844696135,0,0.0,0
764,0.0929139902312223,0,0.4819123580920385,0,0.0,0
765,-0.1325701371758201,0,-0.6858620499345303,0,0.0,0
766,0.2194549094013746,0,1.1372633518598023,-1,-0.04879131154343762,-1
767,0.0039273543695813,0,0.0210536838669805,0,0.0,0
768,0.0131281024055484,0,0.068704036087593,0,0.0,0
769,-0.2064376699583488,0,-1.0684194182045523,1,0.014927668059914108,1
770,0.2389580127260354,1,1.2382692417268222,0,0.0,0
771,0.1258914455198594,0,0.6527014454249679,0,0.0,0
772,-0.0488680805228703,0,-0.252372026567804,0,0.0,0
773,-0.0717859903909243,0,-0.3710630800673734,0,0.0,0
774,0.0223300444159052,0,0.116360571859803,0,0.0,0
775,0.3626371821621839,1,1.8787993337310047,0,0.0,0
776,-0.242559379247902,0,-1.2554924870169262,1,0.002811533267629432,1
777,-0.0393707393616733,0,-0.2031856289269522,0,0.0,0
778,-0.2844978049990055,0,-1.4726901269051325,1,-0.014238357050933433,0
779,0.0209308688902172,0,0.1091142907577809,0,0.0,0
780,0.1126293640196532,0,0.5840175892653452,0,0.0,0
781,-0.1067688758046686,0,-0.5522382198649101,0,0.0,0
782,0.1484584352262687,0,0.769575095683158,0,0.0,0
783,-0.2319804148092439,0,-1.2007044002591076,1,-0.003258351604589605,0
784,0.0024675181568994,0,0.0134932431890303,0,0.0,0
785,-0.0580264811536553,0,-0.2998030630583622,0,0.0,0
786,-0.009021653341571,0,-0.0460087740909809,0,0.0,0
787,-0.1145995337298722,0,-0.592792923329938,0,0.0,0
788,-0.0924361842859053,0,-0.4780097118709211,0,0.0,0
789,0.0422268759640369,0,0.2194055664229021,0,0.0,0
790,-0.1483347341489072,0,-0.7675063461859974,0,0.0,0
791,-0.2063446786847041,0,-1.0679378196513378,1,-0.11726521005202926,0
792,0.1839234172767199,0,0.9532469970976476,0,0.0,0
793,0.0454177364776018,0,0.2359309214009803,0,0.0,0
794,0.1364546905812944,0,0.7074081220780386,0,0.0,0
795,0.0911679577319324,0,0.472869716857373,0,0.0,0
796,-0.1224629527268615,0,-0.6335172952397069,0,0.0,0
797,-0.0826612081066935,0,-0.4273854521839116,0,0.0,0
798,0.1070222515835814,0,0.5549785501051651,0,0.0,0
799,0.4209563986006157,1,2.18083251556124,0,0.0,0
800,0.7665990524409809,1,3.970903728638379,0,0.0,0
801,0.1973357015644785,0,1.0227087482396575,-1,-0.03580894119660565,-1
802,-0.253591388521915,0,-1.312626877128777,1,-0.04841451129096986,0
803,0.1291910360685895,0,0.6697899094516069,0,0.0,0
804,-0.1254789597727215,0,-0.6491370902252102,0,0.0,0
805,-0.2901438855526433,0,-1.5019309805830166,1,0.0411421667522335,1
806,0.0983667009366155,0,0.5101517560902665,0,0.0,0
807,0.0142112202158264,0,0.074313465337738,0,0.0,0
808,0.1501951102298104,0,0.7785692747746839,0,0.0,0
809,0.010062130242653,0,0.0528254735088276,0,0.0,0
810,0.0817273539660791,0,0.4239771602022369,0,0.0,0
811,-0.0987518844583786,0,-0.5107185021303324,0,0.0,0
812,-0.0159549871453432,0,-0.081916267321025,0,0.0,0
813,0.382386437466445,1,1.9810800360895644,0,0.0,0
814,0.0036698040534446,0,0.0197198397892525,0,0.0,0
815,-0.0222651897979104,0,-0.1145965861171549,0,0.0,0
816,0.074503200821953,0,0.386563523781851,0,0.0,0
817,-0.1740407455879007,0,-0.9006368801889745,0,0.0,0
818,-0.1204460265558141,0,-0.6230717051553263,0,0.0,0
819,-0.0190408985568864,0,-0.0978980945710287,0,0.0,0
820,0.01048876831239,0,0.0550350171474775,0,0.0,0
821,-0.105075862077519,0,-0.5434701609964737,0,0.0,0
822,0.0097531663996301,0,0.0512253605738877,0,0.0,0
823,0.1351545118121241,0,0.7006745417149484,0,0.0,0
824,-0.022731721062728,0,-0.1170127352175961,0,0.0,0
825,0.0710322976276666,0,0.3685878375566804,0,0.0,0
826,0.1958609257783486,0,1.0150709360334318,-1,-0.14508301761016135,-1
827,0.0887755462686603,0,0.460479501579669,0,0.0,0
828,0.2807961606758255,1,1.4549475463899115,0,0.0,0
829,-0.0437107223059659,0,-0.2256622487755314,0,0.0,0
830,0.5608784746505018,1,2.905484052713743,0,0.0,0
831,-0.0569556791895822,0,-0.2942574171448833,0,0.0,0
832,-0.3128818144412941,1,-1.6196899188862943,0,0.0,0
833,0.0192189006425653,0,0.100248067090724,0,0.0,0
834,-0.0609993937895519,0,-0.3151996736021799,0,0.0,0
835,0.2226300315759842,0,1.153707198530985,-1,-0.0009926092911557848,-1
836,-0.0551791092209441,0,-0.2850566234247158,0,0.0,0
837,-0.0302531551945766,0,-0.1559659794740074,0,0.0,0
838,0.1596596311684652,0,0.8275856976310961,0,0.0,0
839,0.2045894912353336,0,1.0602758711952378,-1,-0.067789908111594,-1
840,-0.0337835526375277,0,-0.174249784331803,0,0.0,0
841,-0.0129582413284333,0,-0.0663962255664637,0,0.0,0
842,-0.2505479258820569,0,-1.2968648905824,1,-0.04744905728559896,0
843,0.057837896115757,0,0.3002544936888857,0,0.0,0
844,-0.1277452504895131,0,-0.6608741305688076,0,0.0,0
845,0.0354701343471421,0,0.1844126379512043,0,0.0,0
846,-0.1163254787506309,0,-0.6017315322159839,0,0.0,0
847,-0.0999292754471038,0,-0.5168161688738209,0,0.0,0
848,0.1676282552053445,0,0.8688549227622053,0,0.0,0
849,-0.2027290415691421,0,-1.0492125615109178,1,-0.04360128918274561,0
850,-0.1336640695345268,0,-0.6915274873526758,0,0.0,0
851,-0.1754175831558067,0,-0.9077674737890624,0,0.0,0
852,0.1160983117252051,0,0.6019831480827655,0,0.0,0
853,0.0904577244051179,0,0.4691914433029585,0,0.0,0
854,0.0637474258846195,0,0.3308597416365215,0,0.0,0
855,-0.1246031758361358,0,-0.6446014358540296,0,0.0,0
856,0.0051056551050443,0,0.0271560621569991,0,0.0,0
857,-0.0491058680124857,0,-0.2536035196583153,0,0.0,0
858,0.1337850242463669,0,0.693582013518873,0,0.0,0
859,-0.0093206990266059,0,-0.0475575212326551,0,0.0,0
860,0.0888013784388226,0,0.4606132854852865,0,0.0,0
861,0.0238219550112976,0,0.1240871246437951,0,0.0,0
862,-0.0299360454970221,0,-0.1543236794434036,0,0.0,0
863,-0.0239479555676064,0,-0.1233115711724297,0,0.0,0
864,0.1047841676072975,0,0.5433875914839372,0,0.0,0
865,0.1059263448133675,0,0.5493028872788914,0,0.0,0
866,0.1107195351987222,0,0.5741266526107718,0,0.0,0
867,-0.1937520187596191,0,-1.0027208744117737,1,0.16547394443031696,1
868,-0.0486873067712975,0,-0.2514358056321788,0,0.0,0
869,-0.0018934048105153,0,-0.0090918243067815,0,0.0,0
870,0.0290235309244504,0,0.1510259043381284,0,0.0,0
871,-0.149202416154342,0,-0.7720000409391665,0,0.0,0
872,0.0288181846243264,0,0.1499624230331454,0,0.0,0
873,0.1088527420693113,0,0.5644585962971199,0,0.0,0
874,-0.0572392133107897,0,-0.2957258304401157,0,0.0,0
875,-0.096788958076436,0,-0.5005525750647225,0,0.0,0
876,-0.0130025720064711,0,-0.0666258125972597,0,0.0,0
877,0.1218479170823187,0,0.631760153096379,0,0.0,0
878,0.0196141219489701,0,0.1022949044110875,0,0.0,0
879,-0.2652340400015651,0,-1.372923761862329,1,-0.0494122971704948,0
880,-0.1167759244786968,0,-0.604064374884287,0,0.0,0
881,-0.1380750677542339,0,-0.7143718928283926,0,0.0,0
882,-0.0104289082519422,0,-0.0532968980436468,0,0.0,0
883,-0.0768091283516828,0,-0.3970777358483166,0,0.0,0
884,-0.2147455046869232,0,-1.1114454036417896,1,0.0938140353483478,1
885,0.0530136500816044,0,0.2752698922382601,0,0.0,0
886,-0.1574865394335909,0,-0.8149032256098137,0,0.0,0
887,0.1981269399889096,0,1.0268065443609338,-1,-0.059616181302340844,-1
888,0.0013035591407666,0,0.007465140161725,0,0.0,0
889,-0.0384205839217249,0,-0.1982648071414972,0,0.0,0
890,-0.0448697724967231,0,-0.2316649291679355,0,0.0,0
891,-0.0967264416576679,0,-0.5002288047188521,0,0.0,0
892,-0.1142485012758343,0,-0.5909749385301822,0,0.0,0
893,0.0848555856143815,0,0.4401781624779843,0,0.0,0
894,-0.069635204339901,0,-0.3599242343472414,0,0.0,0
895,-0.0890744679092274,0,-0.4605995003546067,0,0.0,0
896,-0.1642112092473173,0,-0.8497300553348277,0,0.0,0
897,-0.0374849822656457,0,-0.1934193588935842,0,0.0,0
898,-0.356693019658175,1,-1.8465866181147816,0,0.0,0
899,-0.0375567870150852,0,-0.1937912331790805,0,0.0,0
900,-0.1688176523027818,0,-0.8735866627779427,0,0.0,0
901,-0.054020900178353,0,-0.2790582993092395,0,0.0,0
902,0.455247463927651,1,2.3584247433307426,0,0.0,0
903,-0.1701291215733564,0,-0.8803787162528448,0,0.0,0
904,-0.1468829069022622,0,-0.7599873836629852,0,0.0,0
905,-0.0400445881639279,0,-0.2066754683014629,0,0.0,0
906,0.1367336414144033,0,0.7088527986845398,0,0.0,0
907,-0.0133016569568059,0,-0.0681747630925482,0,0.0,0
908,-0.1769360808306544,0,-0.9156317201274934,0,0.0,0
909,-0.2810937698245171,0,-1.4550607478153397,1,0.003944635228740591,1
910,-0.1411323417693208,0,-0.7302054080039345,0,0.0,0
911,-0.1342062784036762,0,-0.6943355681186215,0,0.0,0
912,0.2039273088728645,0,1.0568464519042646,-1,0.026165993476843098,0
913,0.3148057174905315,1,1.631081851421703,0,0.0,0
914,0.0528858897479458,0,0.2746082259395137,0,0.0,0
915,-0.0732437829483301,0,-0.3786129367261391,0,0.0,0
916,-0.1990150324855295,0,-1.0299778383891802,1,0.0023327717685620425,1
917,0.2942888208950935,1,1.524825561669524,0,0.0,0
918,-0.150397048947083,0,-0.7781870023825056,0,0.0,0
919,-0.4019451002748733,1,-2.080945560634675,0,0.0,0
920,0.1936337751589321,0,1.003536600884953,-1,-0.11469457729647663,-1
921,0.0773276091529264,0,0.4011910357254024,0,0.0,0
922,-0.0205108462877052,0,-0.1055109024476926,0,0.0,0
923,0.4131852012658122,1,2.140585756413863,0,0.0,0
924,0.5147446828124473,1,2.6665587586221897,0,0.0,0
925,-0.4188868905318408,1,-2.1686864997231554,0,0.0,0
926,-0.2092554787329832,0,-1.0830127512766876,1,0.027237025818779022,1
927,-0.1021001545325894,0,-0.5280590757165445,0,0.0,0
928,-0.9741509294839248,1,-5.04437953338482,0,0.0,0
929,-0.3864378624421825,1,-2.000634118368464,0,0.0,0
930,-0.7035909114653731,1,-3.643158664711809,0,0.0,0
931,-0.9322878047244108,1,-4.827571874697901,0,0.0,0
932,0.3236303834139835,1,1.6767844875375857,0,0.0,0
933,0.0204000298092394,0,0.1063650937270422,0,0.0,0
934,-0.2285901917453456,0,-1.1831465536068908,1,-0.10429617038514506,0
935,0.1069424204487168,0,0.5545651074503285,0,0.0,0
936,1.3166010615701569,1,6.819344893921867,0,0.0,0
937,-0.1421630882233171,0,-0.7355436078319343,0,0.0,0
938,-0.01951396543053,0,-0.1003480913609534,0,0.0,0
939,-0.4579837883925975,1,-2.371167966068686,0,0.0,0
940,0.2518599123275674,1,1.3050877284329807,0,0.0,0
941,-0.4452758824678797,1,-2.305354165828523,0,0.0,0
942,-0.529256950504363,1,-2.7402891793902806,0,0.0,0
943,-0.3772229222933788,1,-1.9529102656919344,0,0.0,0
944,0.198393088662216,0,1.028184919029659,-1,0.040205465159844515,0
945,0.5939432686049426,1,3.076725463941617,0,0.0,0
946,0.6044229034910433,1,3.130999126421456,0,0.0,0
947,0.1430665944769716,0,0.7416509410582178,0,0.0,0
948,-0.5037634151930453,1,-2.608259051819764,0,0.0,0
949,-0.2432410706584789,0,-1.2590229429855904,1,0.20980435606410697,1
950,-0.377521165927497,1,-1.954454859039968,0,0.0,0
951,-0.290231981125792,0,-1.502387224474622,1,-0.0057895236077589625,0
952,0.2553367989643575,1,1.323094402697567,0,0.0,0
953,-0.4547941849360055,1,-2.3546491213446963,0,0.0,0
954,0.280148615756068,1,1.4515939339026993,0,0.0,0
955,-0.2725678436740061,0,-1.410905274533098,1,-0.18824064385609982,0
956,0.2701137357900767,1,1.3996236415958312,0,0.0,0
957,-0.0066428095595726,0,-0.0336888253599729,0,0.0,0
958,0.2271793557826531,0,1.177267989454301,-1,-0.16813602217254678,-1
959,0.7196945395958996,1,3.727986897412552,0,0.0,0
960,-0.0228270129994776,0,-0.1175062488245496,0,0.0,0
961,-0.5786476371837692,1,-2.996081817933528,0,0.0,0
962,-0.2798797994493627,0,-1.4487736377091431,1,-0.1559290267326969,0
963,-0.4232981155810252,1,-2.1915320799408007,0,0.0,0
964,-0.2189635764789414,0,-1.1332906498973971,1,0.007100491363112618,1
965,-0.3777552562756809,1,-1.9556672047643373,0,0.0,0
966,-0.4215378630823376,1,-2.1824157938266944,0,0.0,0
967,0.4331875535045191,1,2.244177238942159,0,0.0,0
968,-0.4742891056639516,1,-2.455612633829572,0,0.0,0
969,-0.2622541832805147,0,-1.3574911881444156,1,0.1706628883528302,1
970,-0.2721247734710357,0,-1.408610629451256,1,0.15999353631740892,1
971,0.1561520705288446,0,0.8094201637788788,0,0.0,0
972,-0.248252672138553,0,-1.284977851736635,1,0.10623801312474546,1
973,0.8860066551147603,1,4.589311525806852,0,0.0,0
974,-0.0679251026849596,0,-0.3510676776985357,0,0.0,0
975,-0.1323706484407424,0,-0.6848289047540145,0,0.0,0
976,0.2292111697709313,0,1.187790683023319,-1,0.1440867672544341,0
977,-0.1891980691907006,0,-0.9791361288991696,0,0.0,0
978,0.83143034257591,1,4.306662712339468,0,0.0,0
979,0.3568838698874693,1,1.849003130720811,0,0.0,0
980,-0.3633557081692847,1,-1.8810924488417544,0,0.0,0
981,-0.392932051793148,1,-2.0342672978394343,0,0.0,0
982,0.0024012079834138,0,0.0131498251201895,0,0.0,0
983,0.2058752565734521,0,1.0669348049031169,-1,0.0656048210629007,0
984,0.4926653005662366,1,2.552210410343038,0,0.0,0
985,0.4030840232979154,1,2.088272109074341,0,0.0,0
986,0.2751576993793609,1,1.4257461525783934,0,0.0,0
987,0.1479075611093,0,0.7667221379018812,0,0.0,0
988,-0.551001905329952,1,-2.852905539756866,0,0.0,0
989,-0.5906168341250093,1,-3.058069870189545,0,0.0,0
990,-0.2210356287007959,0,-1.1440217358705054,1,0.048592209920971026,1
991,0.189741347357447,0,0.9833778534647412,0,0.0,0
992,-0.1658007112975713,0,-0.8579620308496346,0,0.0,0
993,0.1660023781243591,0,0.8604345622357004,0,0.0,0
994,-0.3224478148878583,1,-1.669231900564245,0,0.0,0
995,-0.1901978683702116,0,-0.984314053875198,0,0.0,0
996,-0.2065895038680457,0,-1.069205760711467,1,0.034554642800852076,1
997,-0.2408936175187832,0,-1.2468655652929703,1,-0.050766157707493396,0
998,0.0466514885939864,0,0.2423204804530095,0,0.0,0
999,-0.140193529970422,0,-0.725343334538655,0,0.0,0
1000,-0.3729297334727819,1,-1.930675990973037,0,0.0,0
1001,0.3865294200899415,1,2.0025363981681434,0,0.0,0
1002,0.4173878030586867,1,2.162350884085072,0,0.0,0
1003,-0.2651271101246907,0,-1.372369975770584,1,0.2685934078500239,1
1004,-0.2131325439099355,0,-1.1030919362018548,1,0.26349021136438305,1
1005,0.165476166442516,0,0.8577093303432056,0,0.0,0
1006,-0.0981649555301278,0,-0.5076788177426839,0,0.0,0
1007,-0.3392308753818152,1,-1.7561507837627277,0,0.0,0
1008,-0.3519273102899501,1,-1.8219051760092844,0,0.0,0
1009,-0.3616721080933814,1,-1.872373142943817,0,0.0,0
1010,0.0946773797625895,0,0.4910448907886536,0,0.0,0
1011,0.7594522754173537,1,3.933890820439309,0,0.0,0
1012,0.1311309071324098,0,0.6798364338311756,0,0.0,0
1013,0.459026518501871,1,2.3779963347729347,0,0.0,0
1014,0.1495692527607902,0,0.7753279808361764,0,0.0,0
1015,0.0654606694606598,0,0.3397325701846885,0,0.0,0
1016,-0.7908966628855241,1,-4.095312097214559,0,0.0,0
1017,0.2461516820270995,1,1.2755250033903662,0,0.0,0
1018,0.2308167381561964,0,1.1961058655251209,-1,-0.11539710777113747,-1
1019,0.2467917113070208,1,1.2788396926417769,0,0.0,0
1020,-0.1365630867061966,0,-0.7065413958722512,0,0.0,0
1021,-0.1272100841457217,0,-0.6581025227953322,0,0.0,0
1022,0.1605719999453406,0,0.8323108236103375,0,0.0,0
1023,-0.085226910312891,0,-0.4406731341572249,0,0.0,0
1024,-0.1847819498647057,0,-0.9562652013931328,0,0.0,0
1025,-0.3851801605296607,1,-1.9941205241600444,0,0.0,0
1026,-0.0395481801477335,0,-0.2041045885507806,0,0.0,0
1027,-0.0948175433058111,0,-0.4903426869310643,0,0.0,0
1028,0.007310657061025,0,0.0385756901523417,0,0.0,0
1029,-0.1449405992702986,0,-0.7499282403822378,0,0.0,0
1030,0.3601939096214368,1,1.8661457107122643,0,0.0,0
1031,0.6422143819613287,1,3.3267198714095043,0,0.0,0
1032,0.3421045771685032,1,1.7724616907338338,0,0.0,0
1033,-0.1524843550489886,0,-0.788997087666792,0,0.0,0
1034,-0.3569087092444218,1,-1.8477036669367688,0,0.0,0
1035,0.044337182461712,0,0.2303347699522862,0,0.0,0
1036,-0.2199451333638858,0,-1.138374098668011,1,-0.0007558643449138159,0
1037,-0.2810949005803325,0,-1.455066603960152,1,-0.06364613146546312,0
1038,0.0061287685014963,0,0.0324547306469946,0,0.0,0
1039,-0.3253885411721879,1,-1.6844618191192304,0,0.0,0
1040,0.116425623663726,0,0.6036782851624427,0,0.0,0
1041,0.1580797008276361,0,0.8194032936645659,0,0.0,0
1042,-0.2079679575404821,0,-1.0763447240603845,1,0.08882627377400491,1
1043,-0.5830179634299327,1,-3.018715584681037,0,0.0,0
1044,0.0493181883648802,0,0.2561312252808196,0,0.0,0
1045,0.1585363286201949,0,0.8217681530286189,0,0.0,0
1046,-0.2158814079898134,0,-1.1173282071116473,1,0.050382376306840754,1
1047,-0.2326042499078867,0,-1.2039352204121767,1,0.044972983096734365,1
1048,0.2188688100449711,0,1.1342279637957315,-1,0.10677128294013519,0
1049,0.5555494148205482,1,2.877885038273901,0,0.0,0
1050,0.4949585219350216,1,2.5640869235912302,0,0.0,0
1051,0.4813908811772969,1,2.493820586725896,0,0.0,0
1052,-0.363348954908997,1,-1.8810574739429649,0,0.0,0
1053,0.2555658938963842,1,1.3242808773364063,0,0.0,0
1054,0.198086131575167,0,1.0265951990137077,-1,-0.09290617880636308,-1
1055,0.1084778681843906,0,0.5625171375608357,0,0.0,0
1056,-0.2567019867376163,0,-1.3287365564739295,1,-0.07383811397448517,0
1057,0.4415034564125323,1,2.287245009198472,0,0.0,0
1058,0.2263080392576194,0,1.1727554716512707,-1,-0.22857144347157324,-1
1059,-0.2008832322193732,0,-1.039653179457984,1,0.1215939280109097,1
1060,-0.7654358738701518,1,-3.9634515615652224,0,0.0,0
1061,-0.2011666674525338,0,-1.041121080615481,1,-0.13702878680743538,0
1062,0.2131923821527032,0,1.1048299423126828,-1,-0.12567848767588655,-1
1063,0.0312739286240832,0,0.1626806353018254,0,0.0,0
1064,-0.1067438304324643,0,-0.5521085107583935,0,0.0,0
1065,-0.047866969395251,0,-0.2471873070584166,0,0.0,0
1066,-0.0413941716909847,0,-0.2136649141773857,0,0.0,0
1067,0.1106598211002084,0,0.5738173953834685,0,0.0,0
1068,-0.1876731431382956,0,-0.9712385902182454,0,0.0,0
1069,0.5843930577028885,1,3.027265255762339,0,0.0,0
1070,0.0846342215243488,0,0.4390317255993934,0,0.0,0
1071,0.2154317358165826,0,1.1164274766015518,-1,-0.061836885199036844,-1
1072,0.0163620741105954,0,0.0854526624182551,0,0.0,0
1073,0.1984091837806432,0,1.0282682750849588,-1,-0.010109787947355163,-1
1074,-0.3255488047305206,1,-1.6852918184815464,0,0.0,0
1075,-0.3391140511399522,1,-1.755545755100828,0,0.0,0
1076,-0.3285405040506817,1,-1.70078572460598,0,0.0,0
1077,0.2921767989216352,1,1.5138874737510686,0,0.0,0
1078,0.0910470896681541,0,0.4722437453832339,0,0.0,0
1079,0.1378261701340151,0,0.7145109667049144,0,0.0,0
1080,0.2191229355245684,0,1.1355440707648286,-1,-0.07003395166902983,-1
1081,0.0879189907145226,0,0.4560434303285453,0,0.0,0
1082,-0.0018508765697661,0,-0.0088715720356512,0,0.0,0
1083,0.4994791688383592,1,2.587499195763774,0,0.0,0
1084,0.019192856384884,0,0.1001131847912646,0,0.0,0
1085,0.0537962927235775,0,0.2793231711028811,0,0.0,0
1086,-0.2440683285100823,0,-1.263307282460172,1,0.1309799324175173,1
1087,0.1313410892507189,0,0.6809249596693743,0,0.0,0
1088,0.0846600865018687,0,0.4391656794131685,0,0.0,0
1089,0.3923117867553947,1,2.0324830728516017,0,0.0,0
1090,0.3828364429519508,1,1.9834105987570487,0,0.0,0
1091,0.0139456559799627,0,0.0729381174500842,0,0.0,0
1092,-0.9439682747744136,1,-4.888064620484352,0,0.0,0
1093,0.0972360656494255,0,0.5042962354894359,0,0.0,0
1094,-0.1743011616015344,0,-0.9019855656137928,0,0.0,0
1095,1.459455863398003,1,7.559184915286739,0,0.0,0
1096,0.5430262822830781,1,2.813028172942609,0,0.0,0
1097,-0.8204522677232398,1,-4.248379540764257,0,0.0,0
1098,-0.0469096538022097,0,-0.2422294030905676,0,0.0,0
1099,0.2574068369089096,1,1.3338150567989888,0,0.0,0
1100,0.2347531320659918,1,1.216492311882263,0,0.0,0
1101,-0.3083526535799366,1,-1.596233553222998,0,0.0,0
1102,-0.0719921005071347,0,-0.3721305171491481,0,0.0,0
1103,-0.2745181477686006,0,-1.4210058312140814,1,-0.1604076110312062,0
1104,0.1028437764260894,0,0.5333383734346117,0,0.0,0
1105,0.1369097383075732,0,0.7097647983341007,0,0.0,0
1106,0.2732453120873976,1,1.4158419656918435,0,0.0,0
1107,-0.3533667715040698,1,-1.8293600952824325,0,0.0,0
1108,-0.1820993095268114,0,-0.9423719009264552,0,0.0,0
1109,-0.2261687584697045,0,-1.170606035378159,1,-0.041898635106976403,0
1110,-0.1030406817909925,0,-0.5329300334865865,0,0.0,0
1111,0.2651387245726275,1,1.3738582325349324,0,0.0,0
1112,0.0345216371929289,0,0.1795004043695619,0,0.0,0
1113,0.0718057625886057,0,0.3725935855322771,0,0.0,0
1114,-0.155547445507605,0,-0.8048607259999033,0,0.0,0
1115,-0.0039506339164188,0,-0.0197461418809172,0,0.0,0
1116,0.4094468925170459,1,2.1212251861763374,0,0.0,0
1117,-0.2561664912838519,0,-1.325963244251417,1,-0.1419585185003611,0
1118,-0.201708832072493,0,-1.0439289322164182,1,-0.049241271854711346,0
1119,-0.2680550071772752,0,-1.3875334521831493,1,-0.014620054341485616,0
1120,0.190902613920069,0,0.9893920123695004,0,0.0,0
1121,-0.3859393011207992,1,-1.9980520867255345,0,0.0,0
1122,-0.0918428330965409,0,-0.4749367668176267,0,0.0,0
1123,-0.1585751786448669,0,-0.820541250002579,0,0.0,0
1124,-0.0532916185792002,0,-0.2752813754187259,0,0.0,0
1125,-0.1416465090123793,0,-0.732868262169298,0,0.0,0
1126,0.2103018702314175,0,1.089860082187319,-1,-0.002316711360494445,-1
1127,-0.0312536978171404,0,-0.1611477547155993,0,0.0,0
1128,-0.0578478805455223,0,-0.298878096756591,0,0.0,0
1129,0.0355763583888555,0,0.1849627685473422,0,0.0,0
1130,0.1556581134451656,0,0.8068619773219561,0,0.0,0
1131,-0.0085353147099833,0,-0.0434900433309327,0,0.0,0
1132,0.0204577747193793,0,0.1066641525966425,0,0.0,0
1133,0.1734574030094686,0,0.8990438753263571,0,0.0,0
1134,0.8218882871289408,1,4.257244740976783,0,0.0,0
1135,-0.2218094301860471,0,-1.1480292266937422,1,-0.0270697007777597,0
1136,-0.2469243562617805,0,-1.278098550277556,1,0.05902027580481662,1
1137,0.2854264465592981,1,1.4789276350052187,0,0.0,0
1138,0.1990255008499319,0,1.0314601596269963,-1,0.028579896148998998,0
1139,-0.0024946787226428,0,-0.0122058008641157,0,0.0,0
1140,0.3058209462433003,1,1.5845500354347215,0,0.0,0
1141,0.0438880813937725,0,0.2280088912317392,0,0.0,0
1142,-0.1094830267491037,0,-0.5662947126605684,0,0.0,0
1143,-0.2089080467297263,0,-1.0812134130855766,1,0.035066901949821115,1
1144,0.0559233494795179,0,0.290339123633869,0,0.0,0
1145,0.0571648823297151,0,0.2967689788341303,0,0.0,0
1146,-0.0755498642703621,0,-0.3905560512223347,0,0.0,0
1147,-0.2784276251305826,0,-1.4412528777116844,1,0.045271480981204135,1
1148,-0.025435471485588,0,-0.1310153640758445,0,0.0,0
1149,0.0581698421759068,0,0.3019736307223692,0,0.0,0
1150,0.144966637906461,0,0.7514911995128243,0,0.0,0
1151,-0.2650129874199503,0,-1.3717789382749377,1,0.07737279296274892,1
1152,-0.3378714481567795,1,-1.7491103577193217,0,0.0,0
1153,0.1077467372222347,0,0.5587306358840224,0,0.0,0
1154,-0.0744186362255419,0,-0.3846974607504728,0,0.0,0
1155,0.0467338359808597,0,0.2427469546889762,0,0.0,0
1156,-0.0339246579549155,0,-0.1749805638344526,0,0.0,0
1157,-0.0402334085945948,0,-0.2076533627066304,0,0.0,0
1158,0.1654117001126382,0,0.8573754614759094,0,0.0,0
1159,0.0154174883931789,0,0.0805606860309541,0,0.0,0
1160,-0.0354346215910231,0,-0.1828006126847834,0,0.0,0
1161,-0.1145835088398947,0,-0.5927099309853221,0,0.0,0
1162,-0.0969198090101681,0,-0.5012302474731349,0,0.0,0
1163,-0.1308784624712914,0,-0.6771009258174062,0,0.0,0
1164,0.3672429889199858,1,1.9026526458107849,0,0.0,0
1165,0.3168015333921398,1,1.6414181121591307,0,0.0,0
1166,0.2050582514949429,0,1.062703564181731,-1,-0.004053928545952277,-1
1167,0.1390839079514959,0,0.7210247468638608,0,0.0,0
1168,0.1247730406605007,0,0.6469092657820348,0,0.0,0
1169,-0.0736766087525906,0,-0.3808545264254286,0,0.0,0
1170,-0.1245835945052229,0,-0.6445000248262196,0,0.0,0
1171,0.2227697271101681,0,1.1544306768157384,-1,0.009895309239040405,0
1172,0.4973927759906113,1,2.576693840190823,0,0.0,0
1173,0.1074129713159237,0,0.5570020739309315,0,0.0,0
1174,0.0190650980121761,0,0.0994515286482135,0,0.0,0
1175,0.5866882361342338,1,3.03915190456907,0,0.0,0
1176,-0.4705041400505393,1,-2.436010429322181,0,0.0,0
1177,0.0795826133511743,0,0.4128696235842838,0,0.0,0
1178,-0.2877587048097431,0,-1.4895782129531752,1,0.054957005615200165,1
1179,0.302866754837265,1,1.569250381485455,0,0.0,0
1180,0.1300785947613823,0,0.6743865448732832,0,0.0,0
1181,-0.1959487740408253,0,-1.0140977931669413,1,0.14764790783202522,1
1182,0.2522946161735286,1,1.3073390444445412,0,0.0,0
1183,0.4410613355850751,1,2.2849552808992017,0,0.0,0
1184,-0.100852507099382,0,-0.5215975533047714,0,0.0,0
1185,-0.3350688663983847,1,-1.7345958848316247,0,0.0,0
1186,-0.4777521501129456,1,-2.4735476198877846,0,0.0,0
1187,0.3500929852862313,1,1.813833376927579,0,0.0,0
1188,0.3930509427039186,1,2.036311135652088,0,0.0,0
1189,-0.0535322199373096,0,-0.2765274414357334,0,0.0,0
1190,-0.0867905406221266,0,-0.4487711208303344,0,0.0,0
1191,0.3130602030479962,1,1.6220418931848477,0,0.0,0
1192,-0.2261455005117116,0,-1.1704855832273162,1,-0.05234458861147922,0
1193,-0.3759398494599224,1,-1.946265276371512,0,0.0,0
1194,-0.0621803057373308,0,-0.321315575269438,0,0.0,0
1195,0.0321564030085909,0,0.1672509392687506,0,0.0,0
1196,-0.1204184909689363,0,-0.6229290993141273,0,0.0,0
1197,-0.2376640886910386,0,-1.2301399484684383,1,0.04228523669914897,1
1198,0.0638210000798738,0,0.3312407798199941,0,0.0,0
1199,-0.0271804673546508,0,-0.1400526366388268,0,0.0,0
1200,-0.1504982302341238,0,-0.7787110167285979,0,0.0,0
1201,0.2065344644124746,0,1.0703488192412138,-1,-0.04479141154153731,-1
1202,-0.1129551109097797,0,-0.5842765150693587,0,0.0,0
1203,0.1791692363020498,0,0.9286252601390876,0,0.0,0
1204,0.0867175972746411,0,0.4498214557301651,0,0.0,0
1205,-0.0108304202643905,0,-0.0553763147105501,0,0.0,0
1206,0.1887464840537657,0,0.9782254912169692,0,0.0,0
1207,-0.0917929187074673,0,-0.4746782619427039,0,0.0,0
1208,-0.0649781624950407,0,-0.3358055775438766,0,0.0,0
1209,-0.0101336140577408,0,-0.0517675797417662,0,0.0,0
1210,-0.0869161345565745,0,-0.4494215674233529,0,0.0,0
1211,-0.1408944070185497,0,-0.7289731522530489,0,0.0,0
1212,0.0042396409676295,0,0.0226710052339611,0,0.0,0
1213,0.05627440785129,0,0.2921572426606635,0,0.0,0
1214,0.1637666745309359,0,0.8488559315340385,0,0.0,0
1215,0.3551303374733688,1,1.839921647689701,0,0.0,0
1216,0.0182146983271132,0,0.0950473384276859,0,0.0,0
1217,0.0378517453413238,0,0.1967469179773082,0,0.0,0
1218,0.0746991663790822,0,0.3875784225470178,0,0.0,0
1219,0.2832567731285363,1,1.467690972206134,0,0.0,0
1220,-0.1957596756795667,0,-1.0131184593689624,1,0.012089336266108428,1
1221,-0.0359472538658796,0,-0.1854555173035246,0,0.0,0
1222,0.2497357027862375,1,1.2940865215268609,0,0.0,0
1223,-0.1979901531617941,0,-1.0246700242235591,1,0.10834028840409073,1
1224,0.0950582579993132,0,0.4930174458528835,0,0.0,0
1225,-0.0020805950451889,0,-0.0100612759839267,0,0.0,0
1226,-0.070260663535798,0,-0.3631634656431762,0,0.0,0
1227,-0.2696811045894162,0,-1.3959549537970015,1,0.042755806360606476,1
1228,0.0794072902494949,0,0.4119616313737836,0,0.0,0
1229,-0.0936223803669571,0,-0.4841529798795523,0,0.0,0
1230,-0.0852875885428974,0,-0.4409873845878012,0,0.0,0
1231,0.0216211811841635,0,0.1126893939798422,0,0.0,0
1232,0.1400291844440482,0,0.7259203007514252,0,0.0,0
1233,-0.0410098101362343,0,-0.2116743191309479,0,0.0,0
1234,0.0988926660251411,0,0.5128757108845959,0,0.0,0
1235,-0.1873536505786847,0,-0.9695839494284084,0,0.0,0
1236,0.1253590435502922,0,0.649944154248897,0,0.0,0
1237,-0.2325076678782828,0,-1.20343502545946,1,0.03388978115871363,1
1238,0.0565389588887383,0,0.2935273432291675,0,0.0,0
1239,-0.0264136367481127,0,-0.1360812477525917,0,0.0,0
1240,0.0579723738709336,0,0.3009509492786869,0,0.0,0
1241,-0.1662162112420487,0,-0.8601138905271951,0,0.0,0
1242,-0.1264724292028281,0,-0.6542822336504983,0,0.0,0
1243,-0.2729425671277481,0,-1.4128459541915703,1,0.053108646998890105,1
1244,0.1263957918168952,0,0.6553134372544335,0,0.0,0
1245,-0.0879751752639006,0,-0.4549063021995671,0,0.0,0
1246,-0.3444498505129383,1,-1.7831796733982754,0,0.0,0
1247,-0.1830699204704584,0,-0.9473986610499976,0,0.0,0
1248,0.0898223100524007,0,0.4659006545981002,0,0.0,0
1249,-0.1775206028505715,0,-0.9186589392210794,0,0.0,0
1250,-0.0026781017946236,0,-0.0131557425374568,0,0.0,0
1251,-0.089058609211579,0,-0.4605173687142495,0,0.0,0
1252,-0.051018098015486,0,-0.2635068919508281,0,0.0,0
1253,-0.0538066687464864,0,-0.2779488022177787,0,0.0,0
1254,-0.1453803478984601,0,-0.7522056831443384,0,0.0,0
1255,0.1515298118673153,0,0.7854816478652107,0,0.0,0
1256,0.0636416853447787,0,0.3303121150796678,0,0.0,0
1257,-0.1606038902148974,0,-0.8310478762560196,0,0.0,0
1258,-0.1840159183019902,0,-0.9522979507269038,0,0.0,0
1259,-0.000597686837147,0,-0.002381346249104,0,0.0,0
1260,0.0189311344107458,0,0.0987577358426786,0,0.0,0
1261,0.0955470907143252,0,0.4955490933837388,0,0.0,0
1262,0.0614411301767008,0,0.3189155168433181,0,0.0,0
1263,-0.1800520167273402,0,-0.931769043135744,0,0.0,0
1264,0.0518462764354182,0,0.2692241049613577,0,0.0,0
1265,0.002631788443244,0,0.0143439932555574,0,0.0,0
1266,-0.0862579853003406,0,-0.4460130354484868,0,0.0,0
1267,-0.1648330655363307,0,-0.8529506273020476,0,0.0,0
1268,0.2431302119080458,1,1.2598769153399003,0,0.0,0
1269,-0.0028105313728638,0,-0.0138415906905526,0,0.0,0
1270,-0.2341636233241579,0,-1.212011160785537,1,0.03970997410027176,1
1271,-0.0528439868730409,0,-0.2729631064714378,0,0.0,0
1272,0.03278562589939,0,0.1705096626089227,0,0.0,0
1273,0.3053554763029488,1,1.5821393828965633,0,0.0,0
1274,0.0251285405189252,0,0.1308538852812373,0,0.0,0
1275,0.1550662074435398,0,0.803796516845405,0,0.0,0
1276,-0.0393708342174847,0,-0.2031861201818815,0,0.0,0
1277,0.0624635171868157,0,0.3242104234038841,0,0.0,0
1278,0.1926725084944872,0,0.9985582344565196,0,0.0,0
1279,-0.1909606685017016,0,-0.9882645690721517,0,0.0,0
1280,-0.1098533385008644,0,-0.5682125442688085,0,0.0,0
1281,0.0524223766814179,0,0.2722077079824334,0,0.0,0
1282,-0.0838761554249626,0,-0.4336776218443239,0,0.0,0
1283,0.2166094583218628,0,1.1225268602576817,-1,0.07205450354891779,0
1284,0.0964025259332246,0,0.4999793624578543,0,0.0,0
1285,-0.1106582521517992,0,-0.5723811639097651,0,0.0,0
1286,-0.0571211665625203,0,-0.2951144704603029,0,0.0,0
1287,0.0800915894518235,0,0.4155055930047046,0,0.0,0
1288,-0.0401197649431128,0,-0.2070648062110514,0,0.0,0
1289,0.097101518041987,0,0.503599418137214,0,0.0,0
1290,-0.2411494487847764,0,-1.248190506470141,1,0.07680363327755843,1
1291,-0.0861788378970596,0,-0.4456031338156036,0,0.0,0
1292,-0.1062575355692972,0,-0.5495900066734644,0,0.0,0
1293,0.0880999354482696,0,0.4569805367748697,0,0.0,0
1294,0.0682044557230181,0,0.353942543255178,0,0.0,0
1295,-0.0394002401012567,0,-0.203338412225269,0,0.0,0
1296,-0.129797963941239,0,-0.6715050617279228,0,0.0,0
1297,-0.0828687112199832,0,-0.4284601035488306,0,0.0,0
1298,-0.0607584218636379,0,-0.3139516884274751,0,0.0,0
1299,-0.108413171792592,0,-0.5607539712661227,0,0.0,0
1300,0.2360795103309546,1,1.22336157851756,0,0.0,0
1301,-0.1654751687805862,0,-0.8562760575421944,0,0.0,0
1302,-0.0548685628040572,0,-0.2834483143950953,0,0.0,0
1303,-0.1063811779301626,0,-0.5502303461351683,0,0.0,0
1304,-0.0001766334225794,0,-0.000200725344216,0,0.0,0
1305,-0.0616637227603149,0,-0.3186402101024154,0,0.0,0
1306,0.1352423729822766,0,0.7011295716416366,0,0.0,0
1307,-0.0952597310036988,0,-0.4926327615499549,0,0.0,0
1308,0.0113203281088907,0,0.0593416362441921,0,0.0,0
1309,-0.1458142322618394,0,-0.7544527550842743,0,0.0,0
1310,0.0954333329011235,0,0.4949599456486073,0,0.0,0
1311,0.1663140128862011,0,0.8620485077657716,0,0.0,0
1312,-0.1127027045704783,0,-0.5829693114677154,0,0.0,0
1313,-0.0799846164332316,0,-0.4135234775387367,0,0.0,0
1314,-0.089428143979519,0,-0.4624311763504622,0,0.0,0
1315,-0.1166043675336176,0,-0.6031758874670727,0,0.0,0
1316,0.1987625561380182,0,1.0300983781622437,-1,-0.023129399315494684,-1
1317,0.3467547213403223,1,1.7965446247298111,0,0.0,0
1318,-0.0418291407846969,0,-0.2159176038977696,0,0.0,0
1319,-0.27476848468921,0,-1.4223023173687106,1,-0.021882894904196096,0
1320,-0.0249927426697071,0,-0.1287224870257973,0,0.0,0
1321,0.3862985956576625,1,2.001340966507998,0,0.0,0
1322,-0.3074780385658394,1,-1.5917039526604948,0,0.0,0
1323,-0.1483705878887512,0,-0.7676920314504255,0,0.0,0
1324,-0.0526582980855291,0,-0.2720014307366204,0,0.0,0
1325,-0.1108196006204827,0,-0.5732167819848356,0,0.0,0
1326,0.0590107089248035,0,0.3063284501999707,0,0.0,0
1327,-0.1034935565426405,0,-0.53527545598305,0,0.0,0
1328,-0.1384934220918818,0,-0.7165385353083321,0,0.0,0
1329,-0.0145316869180848,0,-0.0745450452334922,0,0.0,0
1330,-0.0733057780905499,0,-0.378934007399001,0,0.0,0
1331,-0.2692528485166338,0,-1.39373703057718,1,0.026096497052222913,1
1332,-0.1272742282063307,0,-0.6584347226413586,0,0.0,0
1333,0.3494912488646376,1,1.8107170050498984,0,0.0,0
1334,-0.1091756816250169,0,-0.5647029830143728,0,0.0,0
1335,-0.1800345663029628,0,-0.9316786679983388,0,0.0,0
1336,-0.1171398682681936,0,-0.6059492270387243,0,0.0,0
1337,-0.0977136495603936,0,-0.5053415199128733,0,0.0,0
1338,0.2591203084856919,1,1.3426890661550228,0,0.0,0
1339,0.0759306917876281,0,0.3939564495570442,0,0.0,0
1340,-0.2170766803808221,0,-1.1235184810120404,1,0.12396071303001284,1
1341,0.3163689650854935,1,1.6391778560309775,0,0.0,0
1342,0.0423977274084173,0,0.220290400076677,0,0.0,0
1343,0.057738072456348,0,0.2997375104488064,0,0.0,0
1344,-0.2322391828810018,0,-1.2020445510505993,1,0.1416858471618264,1
1345,0.3605339829044676,1,1.8679069383487443,0,0.0,0
1346,-0.0932032067247081,0,-0.4819820942497442,0,0.0,0
1347,0.0776268872953532,0,0.4027409867557773,0,0.0,0
1348,0.3076321721452489,1,1.593930311021181,0,0.0,0
1349,-0.0069838076335402,0,-0.0354548424563641,0,0.0,0
1350,-0.1477559076671853,0,-0.7645086240854851,0,0.0,0
1351,-0.0423289549105593,0,-0.2185061237712711,0,0.0,0
1352,-0.1793857769701588,0,-0.9283186107394902,0,0.0,0
1353,0.2623433898830462,1,1.3593812919631056,0,0.0,0
1354,0.0245096102729105,0,0.127648467188349,0,0.0,0
1355,-0.0870635969948523,0,-0.4501852702327088,0,0.0,0
1356,0.367381331509286,1,1.9033691172413136,0,0.0,0
1357,0.0543997687958828,0,0.2824485525707411,0,0.0,0
1358,-0.186681671046091,0,-0.9661037909360812,0,0.0,0
1359,-0.1095529954387635,0,-0.566657078056694,0,0.0,0
1360,-0.314901445358426,1,-1.63014951675603,0,0.0,0
1361,0.0068877686111339,0,0.0363855656637056,0,0.0,0
1362,0.4109041960798066,1,2.1287725103489423,0,0.0,0
1363,-0.0932947605565196,0,-0.4824562483419889,0,0.0,0
1364,0.3801128932775555,1,1.9693054302677104,0,0.0,0
1365,0.2119016755782333,0,1.098145418114593,-1,-0.015338470171064551,-1
1366,-0.2770646350806047,0,-1.4341939999225362,1,0.04784071422441726,1
1367,0.0629425097566466,0,0.3266911091670712,0,0.0,0
1368,0.239524596571309,1,1.241203559641437,0,0.0,0
1369,-0.1459877621338266,0,-0.7553514602209287,0,0.0,0
1370,0.0017611009013313,0,0.0098347329341079,0,0.0,0
1371,0.2218564407257125,0,1.1497007985789385,-1,-0.01731303100002595,-1
1372,-0.1136282005848358,0,-0.5877624229506635,0,0.0,0
1373,0.165602827434153,0,0.8583653031880788,0,0.0,0
1374,-0.009145085538234,0,-0.0466480251196328,0,0.0,0
1375,0.0010110158819965,0,0.0059500688582106,0,0.0,0
1376,-0.052542917472421,0,-0.2714038785775416,0,0.0,0
1377,-0.0988353110877934,0,-0.5111505657256676,0,0.0,0
1378,0.0673856019334304,0,0.349701728123788,0,0.0,0
1379,-0.1121469948118022,0,-0.580091310067195,0,0.0,0
1380,0.1470388882999249,0,0.7622233118097655,0,0.0,0
1381,0.1332843301781037,0,0.6909889364544599,0,0.0,0
1382,0.0427366265115479,0,0.2220455466765289,0,0.0,0
1383,0.0996654824143364,0,0.5168780999298197,0,0.0,0
1384,-0.008144408597471,0,-0.0414655542487856,0,0.0,0
1385,0.3086916265513592,1,1.599417188328927,0,0.0,0
1386,0.5376829570377641,1,2.785355278415644,0,0.0,0
1387,-0.2172454723269258,0,-1.124392648596285,1,0.041423488011774104,1
1388,0.1371689446212992,0,0.7111072187654143,0,0.0,0
1389,0.2190120213414289,0,1.134969650090314,-1,0.047353064342708674,0
1390,-0.1797516787803253,0,-0.930213603414481,0,0.0,0
1391,-0.0548341798822712,0,-0.283270246445938,0,0.0,0
1392,0.6129713178824213,1,3.175271065516472,0,0.0,0
1393,0.0856003610446517,0,0.4440353283778546,0,0.0,0
1394,0.0622571378329424,0,0.3231415919496712,0,0.0,0
1395,-0.195918902327806,0,-1.0139430886101772,1,-0.14580998514374788,0
1396,0.0404032253324695,0,0.2099609435963847,0,0.0,0
1397,0.4046261514202788,1,2.0962587366738226,0,0.0,0
1398,-0.1597021102808636,0,-0.8263775895234395,0,0.0,0
1399,0.4013917052940231,1,2.0795076533323167,0,0.0,0
1400,0.2309634476238086,0,1.1968656687257402,-1,0.004953749114321419,0
1401,-0.1631920611317374,0,-0.8444519228957568,0,0.0,0
1402,-0.5876468118078465,1,-3.0426882285053414,0,0.0,0
1403,-0.4410249713607688,1,-2.2833388459088244,0,0.0,0
1404,-0.1442012271486358,0,-0.7460990580286281,0,0.0,0
1405,0.1296091203546357,0,0.6719551533437481,0,0.0,0
1406,0.4051418263740156,1,2.098929399220048,0,0.0,0
1407,-0.5578081067530958,1,-2.8881546188349403,0,0.0,0
1408,0.1775764574815506,0,0.920376314345808,0,0.0,0
1409,0.305012671367128,1,1.5803640081258417,0,0.0,0
1410,-0.189106098237913,0,-0.9786598145519816,0,0.0,0
1411,0.0587575958569338,0,0.3050175864757947,0,0.0,0
1412,0.1979770228570345,0,1.0260301287793063,-1,-0.0028811507365478005,-1
1413,-0.0212134702849045,0,-0.1091497675502167,0,0.0,0
1414,0.0614499468622609,0,0.3189611781494113,0,0.0,0
1415,0.3253152207282004,1,1.6855102010494685,0,0.0,0
1416,0.3094974478118015,1,1.603590508447773,0,0.0,0
1417,0.1126687167534138,0,0.5842213956968662,0,0.0,0
1418,0.1162966990130001,0,0.6030105889063343,0,0.0,0
1419,0.2131144492356553,0,1.1044263304615167,-1,-0.0893800356307423,-1
1420,-0.6074376332728524,1,-3.145184200556343,0,0.0,0
1421,0.1808893177732663,0,0.9375335019071714,0,0.0,0
1422,-0.0966907391438683,0,-0.500043902648818,0,0.0,0
1423,-0.2041462797322208,0,-1.0565523883801249,1,0.01331045600813649,1
1424,0.1313643079270567,0,0.6810452083818994,0,0.0,0
1425,0.3179959468259227,1,1.647603937550099,0,0.0,0
1426,-0.0049970873001294,0,-0.025165687348453,0,0.0,0
1427,0.2235153135190548,0,1.1582920427454944,-1,-0.09922872550295714,-1
1428,0.4193215467935869,1,2.172365675242508,0,0.0,0
1429,-0.3658898944121678,1,-1.8942169107435431,0,0.0,0
1430,0.1794501840655918,0,0.930080278778446,0,0.0,0
1431,0.255378938069142,1,1.3233126396471488,0,0.0,0
1432,0.0615821188186123,0,0.3196456920877575,0,0.0,0
1433,-0.1581450558691171,0,-0.8183136591933895,0,0.0,0
1434,-0.3266695405806952,1,-1.6910960702443727,0,0.0,0
1435,-0.2293586679786619,0,-1.1871264651366429,1,-0.0203293601053829,0
1436,-0.3892217724338065,1,-2.0150518908292248,0,0.0,0
1437,0.1907714024719007,0,0.988712472869434,0,0.0,0
1438,-0.3440911395470748,1,-1.781321921854382,0,0.0,0
1439,0.138263590381057,0,0.7167763508626479,0,0.0,0
1440,-0.0075255118620929,0,-0.0382603097063125,0,0.0,0
1441,0.1430972440816002,0,0.7418096742884144,0,0.0,0
1442,-0.2694873967533563,0,-1.394951747690274,1,0.047081021674033906,1
1443,-0.1163731823794078,0,-0.6019785876406663,0,0.0,0
1444,0.0198656001153332,0,0.1035973010375524,0,0.0,0
1445,-0.0151377863690861,0,-0.0776840130878485,0,0.0,0
1446,0.0091986709854658,0,0.048353648221114,0,0.0,0
1447,-0.4208250098721314,1,-2.178723951987842,0,0.0,0
1448,0.0927629538293001,0,0.4811301458499907,0,0.0,0
1449,0.4450588367205172,1,2.3056581994403347,0,0.0,0
1450,0.054124993967236,0,0.2810255033452654,0,0.0,0
1451,0.1192832654245066,0,0.618477911876404,0,0.0,0
1452,0.2048197918890861,0,1.0614685902247172,-1,0.015638703868745236,0
1453,0.1998286245122889,0,1.0356195089797249,-1,0.015113640375351983,0
1454,-0.0777521992836665,0,-0.4019618672148504,0,0.0,0
1455,0.3425827626309333,1,1.7749381965160267,0,0.0,0
1456,0.0870556577375696,0,0.4515722590417473,0,0.0,0
1457,-0.1411372172529217,0,-0.7302306579629506,0,0.0,0
1458,0.6090212571055402,1,3.154813838932782,0,0.0,0
1459,0.3686395243970669,1,1.909885254193425,0,0.0,0
1460,-0.007428751102448,0,-0.0377591891169657,0,0.0,0
1461,-0.242271099087994,0,-1.2539994941532882,1,0.07307027384512663,1
1462,0.3771289876931025,1,1.9538518876278703,0,0.0,0
1463,-0.1238596611260685,0,-0.6407507991799876,0,0.0,0
1464,-0.4874932293873826,1,-2.5239963286907363,0,0.0,0
1465,0.6103212066779147,1,3.1615462322936843,0,0.0,0
1466,-0.0762752177099438,0,-0.3943126313118434,0,0.0,0
1467,0.1239571177641397,0,0.642683629644138,0,0.0,0
1468,0.0690544585676276,0,0.3583446782528794,0,0.0,0
1469,0.5938402159707286,1,3.076191757953977,0,0.0,0
1470,0.3508508879718418,1,1.8177585284236435,0,0.0,0
1471,0.5449001102161826,1,2.8227326622585003,0,0.0,0
1472,-0.2593664487931343,0,-1.3425357122520878,1,0.02771618603819835,1
1473,0.2742061886874156,1,1.420818311990255,0,0.0,0
1474,0.0357923785851651,0,0.1860815295872793,0,0.0,0
1475,-0.4953009463018691,1,-2.564432221463776,0,0.0,0
1476,0.2611391098862663,1,1.3531443679875248,0,0.0,0
1477,0.1259576079344113,0,0.6530440982554597,0,0.0,0
1478,0.5450494089863736,1,2.8235058753665974,0,0.0,0
1479,-0.1470759188243922,0,-0.7609869856558144,0,0.0,0
1480,-0.3115497150440579,1,-1.6127910227070883,0,0.0,0
1481,-0.22316057898816,0,-1.1550267790744242,1,0.024890320576073568,1
1482,0.2645236814709587,1,1.3706729458266331,0,0.0,0
1483,-0.1355440373976852,0,-0.7012637751515316,0,0.0,0
1484,-0.2492423783829538,0,-1.2901035057547954,1,0.04361634241667423,1
1485,-0.2310897040278567,0,-1.196091440280867,1,0.016839736469325815,1
1486,-0.0380279857025599,0,-0.1962315546981883,0,0.0,0
1487,0.0424430179214532,0,0.2205249580593516,0,0.0,0
1488,-0.4510196679466932,1,-2.3351010298960087,0,0.0,0
1489,0.2369001114696262,1,1.2276114431087304,0,0.0,0
1490,0.0353297129485558,0,0.1836854004401027,0,0.0,0
1491,0.0307218479282097,0,0.1598214286906086,0,0.0,0
1492,-0.0927123062776078,0,-0.4794397380067363,0,0.0,0
1493,0.0747718367410994,0,0.3879547798097733,0,0.0,0
1494,0.2297763600085476,0,1.1907177834926272,-1,-0.24049258533153028,-1
1495,0.0785917238997913,0,0.4077378417785526,0,0.0,0
1496,-0.105194996611914,0,-0.5440871545825785,0,0.0,0
1497,-0.306844738239796,1,-1.5884241124258278,0,0.0,0
1498,0.0668177508837915,0,0.3467608474020938,0,0.0,0
1499,-0.1489652143836084,0,-0.7707715812662548,0,0.0,0
1500,-0.2849844778806355,0,-1.4752105887344569,1,-0.003162907046683025,0
1501,0.0342602550352941,0,0.1781467153187594,0,0.0,0
1502,-0.4138338653044469,1,-2.1425170588338145,0,0.0,0
1503,-0.1884680790163833,0,-0.9753555353226658,0,0.0,0
1504,0.3000564881567749,1,1.554696108655058,0,0.0,0
1505,0.4014378877345104,1,2.079746830576061,0,0.0,0
1506,-0.0832807697743148,0,-0.4305941403872118,0,0.0,0
1507,0.1422890973672356,0,0.737624310725053,0,0.0,0
1508,-0.0698339048512821,0,-0.3609532973448061,0,0.0,0
1509,-0.5324874396648182,1,-2.7570197697443266,0,0.0,0
1510,-0.0682406906098082,0,-0.35270209652153,0,0.0,0
1511,-0.0782472301525836,0,-0.4045256147679587,0,0.0,0
1512,0.0433896403544008,0,0.2254274825251402,0,0.0,0
1513,0.1883143028395086,0,0.9759872398267588,0,0.0,0
1514,0.4552514482667779,1,2.358445378083702,0,0.0,0
1515,-0.1217737375977342,0,-0.6299478741958624,0,0.0,0
1516,0.0064251287188204,0,0.0339895698453367,0,0.0,0
1517,-0.1942436645632212,0,-1.005267090830031,1,-0.08225490851427722,0
1518,-0.0088725306221595,0,-0.045236472743713,0,0.0,0
1519,-0.1633661984804466,0,-0.845353774133104,0,0.0,0
1520,-0.4074179440839157,1,-2.1092892272724124,0,0.0,0
1521,-0.0547975291146524,0,-0.2830804334025458,0,0.0,0
1522,0.2446437414584937,1,1.2677154319358577,0,0.0,0
1523,0.1870469752333567,0,0.9694237944877516,0,0.0,0
1524,0.5818875621860169,1,3.014289382126913,0,0.0,0
1525,-0.4486321128301542,1,-2.3227359654681523,0,0.0,0
1526,-0.1526376507624383,0,-0.7897910008042054,0,0.0,0
1527,-0.0560171146942992,0,-0.2893966244563795,0,0.0,0
1528,-0.0182718154036184,0,-0.0939150398240781,0,0.0,0
1529,-0.1349399647638587,0,-0.698135304112422,0,0.0,0
1530,-0.3530256070660632,1,-1.827593216592503,0,0.0,0
1531,0.077272973696729,0,0.4009080806089963,0,0.0,0
1532,-0.0288325165312966,0,-0.148608541533213,0,0.0,0
1533,0.0687252055765717,0,0.3566394885300252,0,0.0,0
1534,-0.038703727451594,0,-0.1997311975778514,0,0.0,0
1535,-0.149710649507363,0,-0.7746321636956036,0,0.0,0
1536,0.2239625618068353,0,1.1606083259824111,-1,-0.0161678401655418,-1
1537,-0.035294522855248,0,-0.1820750462330937,0,0.0,0
1538,-0.1006282516819769,0,-0.5204361423428625,0,0.0,0
1539,-0.0505134586319399,0,-0.2608933822365783,0,0.0,0
1540,-0.0072244791048097,0,-0.0367012715869756,0,0.0,0
1541,-0.0194428863937788,0,-0.0999799755160834,0,0.0,0
1542,0.2955116863769099,1,1.5311587392219572,0,0.0,0
1543,0.037063534583277,0,0.1926648020343234,0,0.0,0
1544,0.0385614174113807,0,0.2004222848026086,0,0.0,0
1545,-0.0438290142177568,0,-0.2262748784486464,0,0.0,0
1546,0.0714486459398117,0,0.3707440909007147,0,0.0,0
1547,0.0731387262091467,0,0.3794969574937469,0,0.0,0
1548,0.1721046302049363,0,0.8920379122939556,0,0.0,0
1549,-0.0610282767426272,0,-0.3153492574057828,0,0.0,0
1550,-0.0756788871329968,0,-0.3912242561144826,0,0.0,0
1551,0.0662095545845012,0,0.3436110200438004,0,0.0,0
1552,0.1280466216111865,0,0.6638630270102618,0,0.0,0
1553,-0.0572164416339819,0,-0.2956078967225202,0,0.0,0
1554,0.0023735661918495,0,0.0130066692486348,0,0.0,0
1555,0.060592153510657,0,0.3145186963885106,0,0.0,0
1556,-0.0997441198119772,0,-0.5158572543165563,0,0.0,0
1557,0.006837614963046,0,0.0361258216747174,0,0.0,0
1558,0.2726709191683152,1,1.4128672048571471,0,0.0,0
1559,-0.1939842953010436,0,-1.0039238264943866,1,-0.008514491896023074,0
1560,0.3350309501220962,1,1.7358276237078785,0,0.0,0
1561,0.0458411791819559,0,0.2381239163540914,0,0.0,0
1562,0.0935879210068786,0,0.485402622003929,0,0.0,0
1563,-0.0160425147103092,0,-0.0823695695181221,0,0.0,0
1564,0.0601539429988542,0,0.3122492194772258,0,0.0,0
1565,0.2078994060189415,0,1.07741780407315,-1,-0.0793105945986328,-1
1566,0.0886699473467247,0,0.4599326084569924,0,0.0,0
1567,-0.0973211828700283,0,-0.5033089486526172,0,0.0,0
1568,-0.045595803308562,0,-0.235425017344669,0,0.0,0
1569,-0.048205746842731,0,-0.2489418236079099,0,0.0,0
1570,-0.0784163945187372,0,-0.4054017111026141,0,0.0,0
1571,0.0913413938859138,0,0.4737679366317543,0,0.0,0
1572,0.0135682244801751,0,0.0709834129158735,0,0.0,0
1573,-0.0890953810289543,0,-0.460707808670096,0,0.0,0
1574,-0.1103926772018082,0,-0.5710057605340207,0,0.0,0
1575,-0.1033847119542893,0,-0.5347117536675462,0,0.0,0
1576,0.181530521560802,0,0.9408542738924308,0,0.0,0
1577,0.1095153761150101,0,0.5678903548397396,0,0.0,0
1578,0.3953833709897669,1,2.0483907001522264,0,0.0,0
1579,-0.2702497021387455,0,-1.3988997006144783,1,-0.07252800909887362,0
1580,-0.0065657504431929,0,-0.0332897388919003,0,0.0,0
1581,0.3586132339178776,1,1.8579594465382288,0,0.0,0
1582,-0.2795972644060114,0,-1.4473103986031783,1,-0.06918751595530506,0
1583,-0.0067521339627359,0,-0.0342550126196042,0,0.0,0
1584,-0.1185461889277471,0,-0.613232512539087,0,0.0,0
1585,-0.0054904324402619,0,-0.0277207045711551,0,0.0,0
1586,0.1073459322992236,0,0.5566548812085792,0,0.0,0
1587,-0.0039872202905049,0,-0.019935621432456,0,0.0,0
1588,-0.007326557846828,0,-0.0372299338210019,0,0.0,0
1589,0.1621203722677219,0,0.8403297897032788,0,0.0,0
1590,-0.0583443637791633,0,-0.3014493660557986,0,0.0,0
1591,-0.1636670289371398,0,-0.8469117645447619,0,0.0,0
1592,0.144752435694508,0,0.7503818537502738,0,0.0,0
1593,0.3291475768272087,1,1.705357839223962,0,0.0,0
1594,0.4542226528028081,1,2.353117282364801,0,0.0,0
1595,0.6119494246155098,1,3.169978716034684,0,0.0,0
1596,0.3117887693721353,1,1.6154571826544546,0,0.0,0
1597,-0.2749637758083039,0,-1.4233137232428854,1,0.1700802139411728,1
1598,-0.1434523894284809,0,-0.7422208536715502,0,0.0,0
1599,0.2110353876849864,0,1.0936589434196766,-1,-0.03448984490072778,-1
1600,-0.6081960535891762,1,-3.149112032843764,0,0.0,0
1601,-0.2754003304286276,0,-1.4255746243501264,1,-0.21694291943547553,0
1602,0.1361802495404172,0,0.7059868015277453,0,0.0,0
1603,-0.2335725891520611,0,-1.2089502154836185,1,-0.1446355580339255,0
1604,0.0458241333013728,0,0.2380356363348449,0,0.0,0
1605,0.1673070997311508,0,0.8671916697959158,0,0.0,0
1606,0.2723941301993826,1,1.4114337244695894,0,0.0,0
1607,0.1045912912467944,0,0.5423886915600314,0,0.0,0
1608,0.0087712967761829,0,0.0461402921415072,0,0.0,0
1609,-0.1297047217887584,0,-0.6710221638819931,0,0.0,0
1610,0.1148423863434285,0,0.5954787544649297,0,0.0,0
1611,-0.0270088307756275,0,-0.1391637368002017,0,0.0,0
1612,0.1996445970937806,0,1.0346664374168593,-1,0.005892497889638378,0
1613,-0.4566402323473326,1,-2.364209736310112,0,0.0,0
1614,-0.1097126289359542,0,-0.567483814354396,0,0.0,0
1615,0.1696213382022455,0,0.8791770298817562,0,0.0,0
1616,0.3715639280245771,1,1.9250306382797369,0,0.0,0
1617,0.3539475631015166,1,1.8337961005933183,0,0.0,0
1618,0.1258342189661016,0,0.6524050711049376,0,0.0,0
1619,0.0163942874615612,0,0.0856194942360298,0,0.0,0
1620,0.0015500458002523,0,0.0087416859486826,0,0.0,0
1621,0.0069169248428945,0,0.0365365647680596,0,0.0,0
1622,-0.1436142937117488,0,-0.7430593502909102,0,0.0,0
1623,0.1825996721163374,0,0.9463913672188612,0,0.0,0
1624,0.3121328317580307,1,1.6172390697151255,0,0.0,0
1625,4.234866028279827e-05,0,0.0009333752025655,0,0.0,0
1626,0.1736801157102867,0,0.9001972966130289,0,0.0,0
1627,-0.006674746094811,0,-0.0338542235587788,0,0.0,0
1628,-0.1141521366023068,0,-0.5904758692569817,0,0.0,0
1629,0.1926206489132483,0,0.9982896554994188,0,0.0,0
1630,-0.0089158757360284,0,-0.0454609555721547,0,0.0,0
1631,0.1798455030053574,0,0.9321276217385698,0,0.0,0
1632,0.0364561628573421,0,0.1895192451125922,0,0.0,0
1633,-0.2549353277500342,0,-1.319587091377949,1,-0.0064777330458826495,0
1634,0.0306772858768327,0,0.1595906433853831,0,0.0,0
1635,0.0034856153523302,0,0.0187659329494117,0,0.0,0
1636,-0.0188807482480077,0,-0.0970686817236739,0,0.0,0
1637,0.1611948768160034,0,0.835536681134218,0,0.0,0
1638,-0.195047883288298,0,-1.009432111474278,1,0.004963178399238718,1
1639,-0.249921317638783,0,-1.2936197084102965,1,0.16836950802278844,1
1640,0.0573293333746878,0,0.2976206650432696,0,0.0,0
1641,-0.074916205832203,0,-0.387274356337548,0,0.0,0
1642,-0.0924346815764426,0,-0.4780019293911811,0,0.0,0
1643,-0.0808876395072087,0,-0.4182002024495963,0,0.0,0
1644,-0.1655641822836952,0,-0.8567370553609535,0,0.0,0
1645,0.0267010323166083,0,0.1389977652930266,0,0.0,0
1646,-0.0246070108985533,0,-0.1267247956765384,0,0.0,0
1647,-0.3592617660614122,1,-1.859890065878072,0,0.0,0
1648,-0.1500438132380335,0,-0.7763576070021178,0,0.0,0
1649,0.1711966085549502,0,0.8873352999328038,0,0.0,0
1650,0.0364514319758494,0,0.1894947440428357,0,0.0,0
1651,-0.1474408521167434,0,-0.7628769624109198,0,0.0,0
1652,-0.0065342124318984,0,-0.0331264046346585,0,0.0,0
1653,0.0833722480719582,0,0.4324960092354188,0,0.0,0
1654,0.0695702850497788,0,0.3610161255594615,0,0.0,0
1655,-0.1576418239745808,0,-0.8157074388154852,0,0.0,0
1656,-0.2556104722220154,0,-1.3230836409806486,1,-0.024992177015914198,0
1657,0.1497839650591658,0,0.7764399683184658,0,0.0,0
1658,0.0956727831458392,0,0.4962000500896172,0,0.0,0
1659,-0.3098501766528859,1,-1.6039891728319235,0,0.0,0
1660,0.158404027314282,0,0.8210829691934183,0,0.0,0
1661,0.0390098166480314,0,0.2027445287634623,0,0.0,0
1662,0.1465454113840845,0,0.7596676121252817,0,0.0,0
1663,0.0076219653154782,0,0.0401879447120675,0,0.0,0
1664,-0.0174934033019393,0,-0.0898836707796479,0,0.0,0
1665,-0.0340583180528169,0,-0.1756727848058289,0,0.0,0
1666,0.1865930591216292,0,0.9670729788238652,0,0.0,0
1667,0.257549043972639,1,1.3345515422074008,0,0.0,0
1668,-0.0836802545709274,0,-0.4326630581742176,0,0.0,0
1669,-0.017760404325143,0,-0.0912664597386747,0,0.0,0
1670,0.1247612991078263,0,0.646848456691473,0,0.0,0
1671,0.2366486767158289,1,1.2263092713144252,0,0.0,0
1672,-0.0944675480416528,0,-0.4885300737014126,0,0.0,0
1673,-0.0839896894997357,0,-0.4342656108459611,0,0.0,0
1674,0.1005619731696042,0,0.5215209941905954,0,0.0,0
1675,-0.0780429418782809,0,-0.4034676129416929,0,0.0,0
1676,-0.0622872231128972,0,-0.3218692966173467,0,0.0,0
1677,-0.0787458499430497,0,-0.407107949220223,0,0.0,0
1678,0.0024708552726286,0,0.0135105259946539,0,0.0,0
1679,0.0079691306496039,0,0.0419859018330768,0,0.0,0
1680,0.1907959219344365,0,0.9888394583081748,0,0.0,0
1681,0.1597985236368343,0,0.828305016866087,0,0.0,0
1682,0.1996902232854187,0,1.034902733867272,-1,-0.05367669659720406,-1
1683,-0.228889246631921,0,-1.184695348403021,1,0.020462594204062694,1
1684,-0.2061023607251857,0,-1.0666828634156824,1,-0.05991312388841061,0
1685,-0.258570584963067,0,-1.3384139613168269,1,-0.04116152291698854,0
1686,-0.1118393575215374,0,-0.5784980673025839,0,0.0,0
1687,0.1444421569771599,0,0.7487749311271998,0,0.0,0
1688,-0.315442411403755,1,-1.6329511609808856,0,0.0,0
1689,0.0822291401039105,0,0.426575893056742,0,0.0,0
1690,-0.2806091002154658,0,-1.4525506608646224,1,0.01667481358895132,1
1691,0.09075886920735,0,0.4707510616991662,0,0.0,0
1692,0.0036448857680385,0,0.0195907888608179,0,0.0,0
1693,0.1081536438298188,0,0.5608379909704223,0,0.0,0
1694,-0.1081499419609154,0,-0.5593907131760922,0,0.0,0
1695,0.0503085557876706,0,0.261260303518731,0,0.0,0
1696,-0.1221675498461842,0,-0.6319874140543693,0,0.0,0
1697,0.0396884789956085,0,0.2062592973208121,0,0.0,0
1698,-0.2618194118308915,0,-1.3552395220158544,1,0.0415022013139432,1
1699,0.2103706904908232,0,1.0902164999033326,-1,0.008928644093905277,0
1700,-0.1167276823150156,0,-0.603814530406174,0,0.0,0
1701,0.1742963274403122,0,0.903388635606707,0,0.0,0
1702,0.0558689315956363,0,0.2900572953168754,0,0.0,0
1703,0.0901797206745559,0,0.4677516717074167,0,0.0,0
1704,-0.2451165596024449,0,-1.268736034618629,1,0.05380293424847032,1
1705,-0.0106230072837191,0,-0.0543021301393086,0,0.0,0
1706,0.0122103525387705,0,0.0639510416319864,0,0.0,0
1707,-0.0721838889209005,0,-0.3731237826349593,0,0.0,0
1708,-0.0325522251197786,0,-0.1678727821912909,0,0.0,0
1709,0.0196911943478768,0,0.102694059668903,0,0.0,0
1710,0.0014071118726874,0,0.0080014361378935,0,0.0,0
1711,0.166860333366195,0,0.8648778824204492,0,0.0,0
1712,0.2741386593857713,1,1.4204685800993275,0,0.0,0
1713,-0.1927581535919979,0,-0.9975736814757404,0,0.0,0
1714,-0.2533682387627658,0,-1.3114711923322977,1,-0.02663226595995165,0
1715,-0.0552636091054025,0,-0.2854942453703779,0,0.0,0
1716,0.2109478447044314,0,1.0932055613857832,-1,-0.10018995363971465,-1
1717,0.3018357194156362,1,1.5639106851041948,0,0.0,0
1718,0.0067608571389323,0,0.0357282955887508,0,0.0,0
1719,0.0257902177156257,0,0.1342806883363665,0,0.0,0
1720,-0.1419508411499308,0,-0.7344443876636267,0,0.0,0
1721,-0.0840418634003082,0,-0.4345358176518948,0,0.0,0
1722,-0.0382660530448629,0,-0.1974644971359789,0,0.0,0
1723,-0.1588262899997904,0,-0.8218417469254299,0,0.0,0
1724,-0.1133744761666919,0,-0.5864483930648039,0,0.0,0
1725,-0.0011103017231284,0,-0.0050361608114699,0,0.0,0
1726,0.0130581407891846,0,0.0683417073238203,0,0.0,0
1727,-0.145890770331214,0,-0.7548491430681347,0,0.0,0
1728,-0.0582637420763965,0,-0.3010318290774518,0,0.0,0
1729,-0.2768764290177522,0,-1.433219287306788,1,0.032503560951417695,1
1730,0.0339959495429826,0,0.1767778864199292,0,0.0,0
1731,-0.0839141795472279,0,-0.4338745474433884,0,0.0,0
1732,0.1836918445529974,0,0.9520476900622926,0,0.0,0
1733,-0.1555683826249244,0,-0.8049691585980848,0,0.0,0
1734,-0.1490004438037333,0,-0.7709540332006971,0,0.0,0
1735,-0.216592586926469,0,-1.1210113779463498,1,0.20881082038793194,1
1736,-0.0895770316969928,0,-0.4632022606309161,0,0.0,0
1737,-0.0356824588170335,0,-0.1840841530085278,0,0.0,0
1738,-0.0506053485351382,0,-0.2613692768307783,0,0.0,0
1739,0.2516736495934499,1,1.3041230802487704,0,0.0,0
1740,-0.0141833102079947,0,-0.0727408144387397,0,0.0,0
1741,0.0879622696163617,0,0.4562675702472012,0,0.0,0
1742,0.7033160635512028,1,3.643163342923741,0,0.0,0
1743,-0.2282204159661495,0,-1.1812314977818132,1,0.04148841675800528,1
1744,-0.0370021933576159,0,-0.1909190120276674,0,0.0,0
1745,0.0668228182369502,0,0.3467870910468384,0,0.0,0
1746,0.1355925605198188,0,0.7029431806484181,0,0.0,0
1747,-0.2074885205732397,0,-1.0738617367785483,1,0.014691060398449142,1
1748,-0.1422249511037013,0,-0.7358639935253765,0,0.0,0
1749,0.2110738871701951,0,1.0938583309067955,-1,0.00793835374775727,0
1750,-0.0288419827465062,0,-0.1486575667306393,0,0.0,0
1751,0.2055457893345388,0,1.0652285055981034,-1,-0.033191521959685666,-1
1752,-0.048710657514778,0,-0.2515567383158156,0,0.0,0
1753,0.0060950356721193,0,0.0322800295036825,0,0.0,0
1754,0.2475794995401777,1,1.2829196203431374,0,0.0,0
1755,-0.0732956698469765,0,-0.3788816571591379,0,0.0,0
1756,-0.2060177460749114,0,-1.066244647101875,1,-0.042398105165235504,0
1757,0.0882320111287536,0,0.4576645521038667,0,0.0,0
1758,-0.0344223184619634,0,-0.1775579301914512,0,0.0,0
1759,0.0026502374322133,0,0.0144395399240526,0,0.0,0
1760,-0.1257701589087102,0,-0.6506452003638592,0,0.0,0
1761,0.0361036083982962,0,0.1876933779021426,0,0.0,0
1762,0.0254234235284394,0,0.1323810740720066,0,0.0,0
1763,0.0566803902139593,0,0.2942598111149811,0,0.0,0
1764,0.0268853316978318,0,0.1399522453412801,0,0.0,0
1765,-0.1129871855162836,0,-0.5844426283344186,0,0.0,0
1766,-0.1541807658250851,0,-0.7977827397328897,0,0.0,0
1767,0.0159555447679788,0,0.0833472611739251,0,0.0,0
1768,-0.161651070038526,0,-0.8364711839304787,0,0.0,0
1769,-0.115965351713861,0,-0.599866446890403,0,0.0,0
1770,0.0474422513041885,0,0.2464158128669346,0,0.0,0
1771,0.2932441921747564,1,1.5194154660697698,0,0.0,0
1772,0.0849528993891544,0,0.4406821471133333,0,0.0,0
1773,-0.0618518515960046,0,-0.3196145227613889,0,0.0,0
1774,-0.0029598928399366,0,-0.0146151285036071,0,0.0,0
1775,-0.103009201023788,0,-0.5327669956944845,0,0.0,0
1776,0.3043431668927903,1,1.5768966678736407,0,0.0,0
1777,-0.1576043079289333,0,-0.8155131445274516,0,0.0,0
1778,-0.0428015696578728,0,-0.2209537790147482,0,0.0,0
1779,-0.0536633632813441,0,-0.2772066282268731,0,0.0,0
1780,0.2863863121980521,1,1.483898745570609,0,0.0,0
1781,-0.1946835869076154,0,-1.007545433262424,1,0.006499169456846408,1
1782,0.1654013698123334,0,0.8573219612120022,0,0.0,0
1783,-0.0320279294233329,0,-0.1651574731201447,0,0.0,0
1784,0.1966202299946474,0,1.019003346007903,-1,0.14334829169858154,0
1785,-0.1281606455273119,0,-0.6630254469383497,0,0.0,0
1786,-0.2267508071643819,0,-1.1736204452068495,1,0.08069415021678733,1
1787,-0.0038140849204982,0,-0.0190389594077585,0,0.0,0
1788,-0.0831640566544139,0,-0.4299896872220667,0,0.0,0
1789,0.0520790859002447,0,0.2704298170356273,0,0.0,0
1790,-0.0252926813368946,0,-0.1302758588908015,0,0.0,0
1791,0.0505984773053619,0,0.2627617969169113,0,0.0,0
1792,0.0616003777286452,0,0.3197402543440905,0,0.0,0
1793,-0.1080004111395395,0,-0.5586162982830267,0,0.0,0
1794,0.0608240393610564,0,0.3157196250959719,0,0.0,0
1795,-0.1221829660527674,0,-0.6320672540489788,0,0.0,0
1796,0.0819601439286298,0,0.4251827712749021,0,0.0,0
1797,-0.1235977588081053,0,-0.6393944162370403,0,0.0,0
1798,-0.0105764956321693,0,-0.0540612479229879,0,0.0,0
1799,-0.0607300269964004,0,-0.3138046324033521,0,0.0,0
1800,-0.1058609805328558,0,-0.5475362620118972,0,0.0,0
1801,-0.1148128498612237,0,-0.5938976801120497,0,0.0,0
1802,0.0384420931769926,0,0.1998043087668752,0,0.0,0
1803,-0.3596625625650941,1,-1.861965776950104,0,0.0,0
1804,0.0619404882777494,0,0.3215016749802618,0,0.0,0
1805,-0.0529614217762679,0,-0.2735712977271795,0,0.0,0
1806,-0.0016490433440862,0,-0.0078262848203208,0,0.0,0
1807,-0.0745257376990392,0,-0.3852521355351256,0,0.0,0
1808,0.0432518365563596,0,0.2247138014756936,0,0.0,0
1809,-0.0414653229663911,0,-0.2140334041437238,0,0.0,0
1810,0.0184822042864503,0,0.0964327424332838,0,0.0,0
1811,0.1875706961542269,0,0.9721361268162988,0,0.0,0
1812,-0.0586592316102719,0,-0.3030800555385026,0,0.0,0
1813,-0.0150448433016426,0,-0.0772026641928638,0,0.0,0
1814,0.162404919076365,0,0.8418034476713149,0,0.0,0
1815,0.2341838733673882,1,1.213544140995823,0,0.0,0
1816,0.0657562248254978,0,0.3412632410801603,0,0.0,0
1817,0.0666937567826875,0,0.3461186862899991,0,0.0,0
1818,-0.0672515788967632,0,-0.3475795215604632,0,0.0,0
1819,-0.0210882592844302,0,-0.1085013041588522,0,0.0,0
1820,-0.0576588555570299,0,-0.2978991429536015,0,0.0,0
1821,0.0039961662110774,0,0.0214100579869349,0,0.0,0
1822,-0.2597870260999459,0,-1.3447138674115626,1,0.027333408678565107,1
1823,0.271030491415306,1,1.404371486909238,0,0.0,0
1824,-0.1827773913199632,0,-0.9458836628127454,0,0.0,0
1825,0.0239697970381183,0,0.1248527933289364,0,0.0,0
1826,-0.0758231319640443,0,-0.3919712950485506,0,0.0,0
1827,-0.0014689604427422,0,-0.0068936417738637,0,0.0,0
1828,0.079672787780312,0,0.4133366337983346,0,0.0,0
1829,0.0110552078230968,0,0.0579685875584196,0,0.0,0
1830,-0.1166322433336243,0,-0.6033202552601652,0,0.0,0
1831,-0.04016106692227,0,-0.2072787077162938,0,0.0,0
1832,-0.0657135642097258,0,-0.3396141972986404,0,0.0,0
1833,-0.0217501443602344,0,-0.1119291838125878,0,0.0,0
1834,-0.1307918083602023,0,-0.6766521472073822,0,0.0,0
1835,-0.0145756609981811,0,-0.074772785456024,0,0.0,0
1836,0.1985984312639068,0,1.0292483811805853,-1,0.01784943795516551,0
1837,-0.0741575015494039,0,-0.3833450533976852,0,0.0,0
1838,-0.0179427991780446,0,-0.0922110763013729,0,0.0,0
1839,0.2308668895185102,0,1.196365597676165,-1,-0.20321944414690093,-1
1840,0.2028844614586758,0,1.0514455816267398,-1,-0.16983687316538232,-1
1841,0.0329239081924866,0,0.1712258217675227,0,0.0,0
1842,-0.3526477716400097,1,-1.8256364201382915,0,0.0,0
1843,-0.0954047676714444,0,-0.4933839013785823,0,0.0,0
1844,0.0017295587296835,0,0.0096713771305425,0,0.0,0
1845,-0.282328620363693,0,-1.46145599556058,1,-0.03427876500385129,0
1846,0.0528142082757453,0,0.274236990102526,0,0.0,0
1847,-0.0680341911640771,0,-0.3516326431157869,0,0.0,0
1848,-0.2130665687287054,0,-1.1027502530461868,1,0.0632111807423208,1
1849,-0.1826926896969871,0,-0.9454449960703576,0,0.0,0
1850,-0.1708210230725233,0,-0.8839620499131507,0,0.0,0
1851,-0.0530233472264195,0,-0.2738920074672581,0,0.0,0
1852,-0.0597359994466016,0,-0.3086565984957021,0,0.0,0
1853,0.1865161732885472,0,0.9666747897839292,0,0.0,0
1854,0.0361672846917426,0,0.1880231551983972,0,0.0,0
1855,0.005771333608948,0,0.0306035878421614,0,0.0,0
1856,0.0800564273924512,0,0.4153234899292439,0,0.0,0
1857,-0.1784511906047633,0,-0.9234784206465116,0,0.0,0
1858,0.0066015579095671,0,0.0349032904524237,0,0.0,0
1859,0.0206718202739073,0,0.107772687035869,0,0.0,0
1860,0.0290058723902781,0,0.150934451407375,0,0.0,0
1861,-0.0628347378394184,0,-0.3247048562330127,0,0.0,0
1862,-0.0946438099619891,0,-0.4894429280208955,0,0.0,0
1863,-0.135128092347461,0,-0.6991096102868785,0,0.0,0
1864,0.0201590064899347,0,0.1051168423877645,0,0.0,0
1865,0.175418890000797,0,0.9092023478383288,0,0.0,0
1866,0.1239995713765236,0,0.6429034954175754,0,0.0,0
1867,-0.1004356229497106,0,-0.519438524876933,0,0.0,0
1868,0.2505990269826674,1,1.2985576473396363,0,0.0,0
1869,0.0123151963557716,0,0.0644940240926215,0,0.0,0
1870,0.0344787239896466,0,0.1792781583909389,0,0.0,0
1871,0.0291546754991491,0,0.151705097502835,0,0.0,0
1872,-0.1494524009373074,0,-0.7732947033852559,0,0.0,0
1873,0.1111937453006732,0,0.5765825701401079,0,0.0,0
1874,0.580833411835529,1,3.008829974337691,0,0.0,0
1875,-0.2411700706878115,0,-1.2482973065845706,1,0.07338402884043067,1
1876,-0.2417120763890222,0,-1.251104335150869,1,0.044053594543530965,1
1877,0.1179042995659487,0,0.6113362959334809,0,0.0,0
1878,0.0131915119264197,0,0.0690324317780139,0,0.0,0
1879,0.0545792401221038,0,0.28337802829103,0,0.0,0
1880,0.020783840408398,0,0.1083528353937431,0,0.0,0
1881,0.0533630183197111,0,0.2770792581219253,0,0.0,0
1882,-0.0323816121719041,0,-0.1669891837025767,0,0.0,0
1883,0.0229594584987883,0,0.1196202853770898,0,0.0,0
1884,0.014900275443974,0,0.077882058260002,0,0.0,0
1885,0.3891420316592408,1,2.016067022091992,0,0.0,0
1886,-0.0527068619903386,0,-0.2722529415007819,0,0.0,0
1887,0.0912484800399609,0,0.473286739073847,0,0.0,0
1888,0.1105116377362722,0,0.5730499589253467,0,0.0,0
1889,-0.1434268300250196,0,-0.7420884824151353,0,0.0,0
1890,-0.0768871076493958,0,-0.397481587903325,0,0.0,0
1891,-0.1139408417023629,0,-0.5893815803616238,0,0.0,0
1892,-0.1837611217756065,0,-0.9509783684299744,0,0.0,0
1893,-0.1703153907023996,0,-0.8813433975561515,0,0.0,0
1894,-0.0152719350127213,0,-0.0783787642204896,0,0.0,0
1895,-0.1749680065147657,0,-0.9054391320920596,0,0.0,0
1896,-0.0591025194168226,0,-0.3053758275816749,0,0.0,0
1897,-0.2448647276207283,0,-1.2674318055948255,1,0.09278173626840835,1
1898,-0.0366121075762549,0,-0.1888987714118563,0,0.0,0
1899,-0.1773509616581308,0,-0.9177803734197636,0,0.0,0
1900,-0.2448470996296106,0,-1.2673405108454836,1,0.1938001422548159,1
1901,0.1602142324885419,0,0.8304579584668852,0,0.0,0
1902,-0.0317150129913962,0,-0.1635368898654885,0,0.0,0
1903,-0.0123982218590417,0,-0.0634959043249086,0,0.0,0
1904,0.0368057456680802,0,0.1913297222604095,0,0.0,0
1905,0.2621584980741245,1,1.3584237437525268,0,0.0,0
1906,0.1423697462063439,0,0.7380419882415626,0,0.0,0
1907,-0.1956073386604181,0,-1.0123295112757968,1,-0.031221245423578077,0
1908,-0.0372014197050449,0,-0.1919507983117286,0,0.0,0
1909,0.1552854956991963,0,0.8049322030503772,0,0.0,0
1910,-0.1714236670782368,0,-0.8870831221372387,0,0.0,0
1911,-0.0460408698973398,0,-0.2377300016387701,0,0.0,0
1912,-0.0235535508557515,0,-0.1212689629666741,0,0.0,0
1913,0.2711487254998331,1,1.4049838170969764,0,0.0,0
1914,0.0080284301908799,0,0.0422930120829473,0,0.0,0
1915,0.0712667994151317,0,0.3698023141106946,0,0.0,0
1916,0.0646771398472458,0,0.3356746977260026,0,0.0,0
1917,0.1877102321674552,0,0.9728587789476032,0,0.0,0
1918,0.056993821270549,0,0.295883059592713,0,0.0,0
1919,0.2964225838385917,1,1.53587624531128,0,0.0,0
1920,-0.2548978598724589,0,-1.3193930465506758,1,0.005156945533442758,1
1921,0.01508164557912,0,0.0788213678452905,0,0.0,0
1922,-0.1095000043275656,0,-0.5663826389455185,0,0.0,0
1923,0.0482538697480328,0,0.2506191563958245,0,0.0,0
1924,-0.0861735078977265,0,-0.4455755299355103,0,0.0,0
1925,-0.0150565900428497,0,-0.0772635001546543,0,0.0,0
1926,0.1017070768027053,0,0.5274514458487722,0,0.0,0
1927,0.226032801467936,0,1.1713300247667815,-1,-0.004392776779554042,-1
1928,0.1661266083979606,0,0.8610779464768985,0,0.0,0
1929,0.0870804606618972,0,0.4517007125191917,0,0.0,0
1930,0.0186890303699165,0,0.0975038874844307,0,0.0,0
1931,0.0296922063127038,0,0.1544889507825013,0,0.0,0
1932,-0.0344461543416008,0,-0.1776813753782742,0,0.0,0
1933,-0.2014412291112784,0,-1.04254302584149,1,0.028531592829808647,1
1934,0.0420819811513473,0,0.218655161256647,0,0.0,0
1935,-0.0666304384338991,0,-0.3443626568318295,0,0.0,0
1936,0.2070233054225238,0,1.072880509731777,-1,0.02151549584240659,0
1937,-0.1519593606512835,0,-0.7862781600462653,0,0.0,0
1938,0.0110269457822494,0,0.0578222194375249,0,0.0,0
1939,-0.038815632672039,0,-0.2003107507999031,0,0.0,0
1940,0.1100390197278809,0,0.5706022867928618,0,0.0,0
1941,0.130143953338282,0,0.6747250346566938,0,0.0,0
1942,-0.0345997393968841,0,-0.1784767870069224,0,0.0,0
1943,-0.0847466554987493,0,-0.4381859112749067,0,0.0,0
1944,0.3242987119881592,1,1.680245737843982,0,0.0,0
1945,0.0025807437773685,0,0.0140796347166168,0,0.0,0
1946,0.0363317443967413,0,0.1888748862575079,0,0.0,0
1947,-0.140384126287174,0,-0.7263304261957334,0,0.0,0
1948,0.1169683153316708,0,0.6064888663264602,0,0.0,0
1949,0.0393449417907032,0,0.2044801301541176,0,0.0,0
1950,-0.0665904628151192,0,-0.3441556245005826,0,0.0,0
1951,-0.0369645036492833,0,-0.1907238183466622,0,0.0,0
1952,0.023649295420524,0,0.1231929266631019,0,0.0,0
1953,-0.0715593048269852,0,-0.3698890834615754,0,0.0,0
1954,0.0407955376676469,0,0.2119927154565225,0,0.0,0
1955,0.0160881159305272,0,0.0840338425872006,0,0.0,0
1956,0.2290093173035783,0,1.1867452961560367,-1,0.09412683973077551,0
1957,-0.1318855255806418,0,-0.6823164704319683,0,0.0,0
1958,0.0390079023346315,0,0.2027346146013299,0,0.0,0
1959,-0.004044050762875,0,-0.0202299444608351,0,0.0,0
1960,0.0983662468892233,0,0.5101494045947057,0,0.0,0
1961,-0.0323550098696849,0,-0.1668514113099769,0,0.0,0
1962,0.0869570062178534,0,0.4510613462721332,0,0.0,0
1963,-0.019707915814416,0,-0.1013525536143878,0,0.0,0
1964,0.0426795414177277,0,0.2217499049725669,0,0.0,0
1965,-0.0460695511193974,0,-0.2378785406844889,0,0.0,0
1966,0.2316616300795744,0,1.200481531240553,-1,-0.05937569133875317,-1
1967,0.0063100351823397,0,0.0333935044460688,0,0.0,0
1968,0.0879585932439777,0,0.4562485304432303,0,0.0,0
1969,-0.101041544967952,0,-0.5225765738132329,0,0.0,0
1970,-0.0982685909884936,0,-0.5082155421562173,0,0.0,0
1971,-0.0506428047827826,0,-0.2615632614270463,0,0.0,0
1972,-0.0201470518699026,0,-0.1036268238840342,0,0.0,0
1973,0.1414322936132269,0,0.7331869540554804,0,0.0,0
1974,0.1954183228770155,0,1.0127787110904225,-1,-0.07485475871921046,-1
1975,0.0137919788531343,0,0.0721422289861247,0,0.0,0
1976,-0.014548414875487,0,-0.0746316787397065,0,0.0,0
1977,0.0152973632336863,0,0.0799385620321225,0,0.0,0
1978,-0.0096395317118731,0,-0.0492087445563498,0,0.0,0
1979,-0.2461061445311567,0,-1.2738610603470804,1,-0.025104393601402236,0
1980,-0.0178418731727094,0,-0.0916883840503033,0,0.0,0
1981,0.0101414182368824,0,0.0532361032573141,0,0.0,0
1982,0.0048800251523318,0,0.0259875325248172,0,0.0,0
1983,-0.010943186284461,0,-0.0559603259837499,0,0.0,0
1984,0.0088819454965789,0,0.0467133379937596,0,0.0,0
1985,0.1068148448818215,0,0.5539043980521859,0,0.0,0
1986,0.034831233836746,0,0.181103794557679,0,0.0,0
1987,-0.0119247323007388,0,-0.0610437184659203,0,0.0,0
1988,0.4578771536633862,1,2.3720438144811395,0,0.0,0
1989,0.0881392489579016,0,0.4571841400660012,0,0.0,0
1990,0.0071793325874092,0,0.0378955652974364,0,0.0,0
1991,-0.2211443262520037,0,-1.144584676685787,1,0.09812744341798493,1
1992,-0.0353805190391682,0,-0.1825204174613253,0,0.0,0
1993,-0.1932090228428506,0,-0.9999087175537412,0,0.0,0
1994,-0.0040468781253537,0,-0.0202445872722066,0,0.0,0
1995,0.0786578136390043,0,0.4080801182260068,0,0.0,0
1996,-0.1140056337958726,0,-0.5897171363473741,0,0.0,0
1997,0.096359343774222,0,0.4997557235669647,0,0.0,0
1998,0.1635194448040267,0,0.8475755374268881,0,0.0,0
1999,-0.3096535080570852,1,-1.6029706330540705,0,0.0,0
2000,-0.1524694040818167,0,-0.7889196571308187,0,0.0,0
2001,0.0823388467821858,0,0.4271440601058053,0,0.0,0
2002,-0.1644810142789871,0,-0.8511273661556109,0,0.0,0
2003,-0.1429156685887561,0,-0.7394411952180142,0,0.0,0
2004,0.1186624633070252,0,0.6152627994266714,0,0.0,0
2005,-0.2206666829538265,0,-1.1421109787532944,1,0.041533674662772135,1
2006,-0.030886360590433,0,-0.1592453280685564,0,0.0,0
2007,-0.1486256702105944,0,-0.7690130938720424,0,0.0,0
2008,-0.0011845557321265,0,-0.0054207197265405,0,0.0,0
2009,-0.2653169914429085,0,-1.3733533644752656,1,0.04415018432030934,1
2010,-0.219084753480158,0,-1.133918221347722,1,0.12050190863277348,1
2011,0.0273049507296372,0,0.14212543762802,0,0.0,0
2012,-0.2222102178090885,0,-1.1501048917732477,1,0.053493404400267106,1
2013,0.2439380099823511,1,1.2640604733085907,0,0.0,0
2014,0.0776465360494401,0,0.4028427469658469,0,0.0,0
2015,0.2040448393821779,0,1.0574551383005837,-1,0.13278668399771376,0
2016,0.2957662500411574,1,1.532477115534029,0,0.0,0
2017,-0.0333490552535505,0,-0.1719995375796356,0,0.0,0
2018,-0.2846915337670755,0,-1.4736934414180085,1,-0.07243394386722023,0
2019,0.4128590183953533,1,2.1388964667381822,0,0.0,0
2020,-0.013727069888209,0,-0.0703779617826243,0,0.0,0
2021,0.0873284264675487,0,0.4529849187523998,0,0.0,0
2022,0.0344612704378917,0,0.1791877670569549,0,0.0,0
2023,0.0657592228408352,0,0.3412787676967169,0,0.0,0
2024,-0.0727244753616877,0,-0.3759234609011723,0,0.0,0
2025,0.2536480557318885,1,1.314348460571692,0,0.0,0
2026,-0.0290584706993429,0,-0.1497787502652673,0,0.0,0
2027,0.2199674792461662,0,1.1399179331554217,-1,-0.04833881406545002,-1
2028,0.0277861007505237,0,0.1446172967547535,0,0.0,0
2029,0.0783917110244146,0,0.4067019820937643,0,0.0,0
2030,-0.0107120504527772,0,-0.0547632815969803,0,0.0,0
2031,0.0205445928152605,0,0.1071137804781679,0,0.0,0
2032,-0.0782024768748179,0,-0.4042938391079553,0,0.0,0
2033,0.1581747387160567,0,0.8198954915641107,0,0.0,0
2034,-0.1411077640846917,0,-0.7300781210350089,0,0.0,0
2035,-0.2938074283611374,0,-1.52090434063131,1,0.09282542681493947,1
2036,0.0162291435485961,0,0.0847642196877958,0,0.0,0
2037,-0.1282810984485049,0,-0.6636492684035622,0,0.0,0
2038,-6.974716031843409e-05,0,0.0003528348689723,0,0.0,0
2039,0.0562105072380345,0,0.2918263036199646,0,0.0,0
2040,-0.2024562105169987,0,-1.0477995790359569,1,-0.044613843131978324,0
2041,0.0460561687114402,0,0.2392373396065947,0,0.0,0
2042,-0.0749542112398001,0,-0.3874711850140003,0,0.0,0
2043,-0.0347668054807732,0,-0.179342016411131,0,0.0,0
2044,-0.0339009999272464,0,-0.1748580397367523,0,0.0,0
2045,0.116744184556142,0,0.6053281008804683,0,0.0,0
2046,0.0848754103408263,0,0.4402808340427391,0,0.0,0
2047,0.1595453124558962,0,0.826993645017762,0,0.0,0
2048,-0.1179618634507973,0,-0.610206311334653,0,0.0,0
2049,-0.1555822902437976,0,-0.8050411856697174,0,0.0,0
2050,0.1091417550832776,0,0.5659553845862898,0,0.0,0
2051,0.0934622835893334,0,0.4847519502134704,0,0.0,0
2052,0.0276224150233284,0,0.143769574099611,0,0.0,0
2053,-0.1090462892277017,0,-0.5640328643150417,0,0.0,0
2054,-0.0725342855539566,0,-0.3749384745400924,0,0.0,0
2055,-0.0822168676893342,0,-0.4250842287061842,0,0.0,0
2056,0.0988408050123541,0,0.5126071245135578,0,0.0,0
2057,-0.0270645630220102,0,-0.1394523721546099,0,0.0,0
2058,-0.0498537854643487,0,-0.2574769579781018,0,0.0,0
2059,0.1187828915381021,0,0.6158864930226365,0,0.0,0
2060,-0.0265941425121427,0,-0.1370160807901075,0,0.0,0
2061,0.1930179127911925,0,1.000347071226332,-1,-0.007708835715427514,-1
2062,-0.0186697323769794,0,-0.0959758379093086,0,0.0,0
2063,0.0637493579437978,0,0.3308697477034188,0,0.0,0
2064,0.10591419574617,0,0.5492399676848703,0,0.0,0
2065,-0.0621347201768804,0,-0.3210794892465254,0,0.0,0
2066,3.106119137846752e-05,0,0.0008749177959647,0,0.0,0
2067,0.0055867863691947,0,0.0296478241432526,0,0.0,0
2068,0.0881913372032993,0,0.4574539032667812,0,0.0,0
2069,0.0297071006504878,0,0.1545660880368559,0,0.0,0
2070,0.2851093333051502,1,1.477285316555142,0,0.0,0
2071,0.0409709062305055,0,0.2129009431088792,0,0.0,0
2072,-0.1138106094216565,0,-0.58870711193559,0,0.0,0
2073,0.011839262692698,0,0.0620291803005248,0,0.0,0
2074,-0.1406337541128869,0,-0.7276232399726992,0,0.0,0
2075,-0.1187757853361544,0,-0.6144215843065592,0,0.0,0
2076,-0.1385780379426874,0,-0.7169767578396492,0,0.0,0
2077,0.1658248169878249,0,0.8595149793209775,0,0.0,0
2078,-0.3677348937091115,1,-1.903772097561232,0,0.0,0
2079,-0.038283532256884,0,-0.1975550213635839,0,0.0,0
2080,-0.0135489114439041,0,-0.0694552854318519,0,0.0,0
2081,0.0057116363355229,0,0.0302944177514041,0,0.0,0
2082,0.0189928305266286,0,0.0990772578686013,0,0.0,0
2083,-0.1452825391156937,0,-0.7516991348799074,0,0.0,0
2084,0.1581810522444913,0,0.8199281891070157,0,0.0,0
2085,-0.0463314678770639,0,-0.2392349984101544,0,0.0,0
2086,-0.0324178375779179,0,-0.1671767938130966,0,0.0,0
2087,-0.0916651456082807,0,-0.474016529531735,0,0.0,0
2088,-0.1210094609903356,0,-0.6259897123818278,0,0.0,0
2089,0.1639228854202061,0,0.8496649422650486,0,0.0,0
2090,-0.183269741800722,0,-0.948433528729346,0,0.0,0
2091,-0.1303564444651926,0,-0.6743974128248892,0,0.0,0
2092,0.0994597623749005,0,0.5158126830420144,0,0.0,0
2093,-0.1438541718514623,0,-0.7443016707851452,0,0.0,0
2094,0.0021488513129792,0,0.01184287875187,0,0.0,0
2095,0.0539686962933104,0,0.2802160431595607,0,0.0,0
2096,-0.1105991912169846,0,-0.572075289394411,0,0.0,0
2097,-0.0183487464200109,0,-0.0943134628667982,0,0.0,0
2098,0.0614655655191219,0,0.3190420666269278,0,0.0,0
2099,-0.3980438251743208,1,-2.0607409933620864,0,0.0,0
2100,-0.0758009793730498,0,-0.3918565675547252,0,0.0,0
2101,-0.1390986603033352,0,-0.7196730428331973,0,0.0,0
2102,-0.1780118117994816,0,-0.9212028931841684,0,0.0,0
2103,-0.3585010913261174,1,-1.855950558033664,0,0.0,0
2104,-0.0846058194441806,0,-0.437456526274978,0,0.0,0
2105,-0.095021314091849,0,-0.4913980087037093,0,0.0,0
2106,0.2070865397648846,0,1.0732079981788198,-1,-0.09571734829125579,-1
2107,-0.019400057735755,0,-0.0997581673943968,0,0.0,0
2108,-0.0498377532884898,0,-0.2573939279001608,0,0.0,0
2109,0.0311029117483558,0,0.1617949448848915,0,0.0,0
2110,0.0374035869599328,0,0.194425921397419,0,0.0,0
2111,-0.0925743162115564,0,-0.4787250922817812,0,0.0,0
2112,0.1998303866803498,0,1.0356286351864683,-1,-0.049930946143848715,-1
2113,-0.1981608481965243,0,-1.025554047837227,1,-0.0896746849788449,0
2114,0.1070016711976952,0,0.5548719650065966,0,0.0,0
2115,0.0200199790137249,0,0.1043968239518891,0,0.0,0
2116,-0.0500865611254324,0,-0.2586824949839694,0,0.0,0
2117,-0.1212749411212725,0,-0.6273646246930078,0,0.0,0
2118,-0.2437926734585039,0,-1.261879674590925,1,0.06772292652922897,1
2119,-0.1028062530385217,0,-0.5317159351782527,0,0.0,0
2120,-0.1248048886507043,0,-0.6456460994644262,0,0.0,0
2121,0.2961475431619871,1,1.5344518192685308,0,0.0,0
2122,-0.2582092335340882,0,-1.336542534906827,1,0.044084019583975564,1
2123,-0.3416642059529972,1,-1.7687529176688783,0,0.0,0
2124,-0.0438991652848052,0,-0.2266381883708875,0,0.0,0
2125,0.1725888521271995,0,0.8945456806904579,0,0.0,0
2126,-0.1665949922773003,0,-0.8620755842583645,0,0.0,0
2127,0.0150421378037933,0,0.0786167584589221,0,0.0,0
2128,0.2513819235780892,1,1.3026122414202843,0,0.0,0
2129,-0.1083452162855712,0,-0.5604020320724598,0,0.0,0
2130,0.0921053884004506,0,0.4777246374967253,0,0.0,0
2131,0.0880749267960711,0,0.4568510178399785,0,0.0,0
2132,-0.152873544683893,0,-0.7910126871714531,0,0.0,0
2133,0.0228115255500826,0,0.1188541458106866,0,0.0,0
2134,0.1012291029293704,0,0.5249760358791022,0,0.0,0
2135,0.0268996203365262,0,0.1400262457012381,0,0.0,0
2136,0.1054615242097674,0,0.546895597633054,0,0.0,0
2137,-0.0426429573728053,0,-0.2201323315389084,0,0.0,0
2138,0.0703201614764463,0,0.3648997093412326,0,0.0,0
2139,0.2107197448896997,0,1.0920242404246034,-1,-0.17881318140526054,-1
2140,0.2139316340263431,0,1.1086585019059885,-1,-0.037929455559480685,-1
2141,-0.1492771076173903,0,-0.7723868654134608,0,0.0,0
2142,0.3086187555096565,1,1.5990397917531007,0,0.0,0
2143,0.2325851078129796,1,1.2052641901170522,0,0.0,0
2144,0.0467662365126576,0,0.2429147559097319,0,0.0,0
2145,-0.2175512030065587,0,-1.12597601709113,1,0.0048108747695378255,1
2146,0.0974138388452558,0,0.5052169166518353,0,0.0,0
2147,-0.0322861899857351,0,-0.1664949955384363,0,0.0,0
2148,0.1885796734719488,0,0.9773615850490548,0,0.0,0
2149,-0.2651661299163239,0,-1.372572057906474,1,-0.022372598386116316,0
2150,0.0792148993568643,0,0.410965245671007,0,0.0,0
2151,-0.1013784506265343,0,-0.5243213964335033,0,0.0,0
2152,-0.2986306304562027,0,-1.5458835355579217,1,0.07155113158749161,1
2153,-0.2919118121670275,0,-1.511087010673862,1,0.03339579838228492,1
2154,0.1061801563011298,0,0.5506173680952593,0,0.0,0
2155,0.1807482334879979,0,0.936802831329132,0,0.0,0
2156,-0.0476266776989663,0,-0.2459428447691666,0,0.0,0
2157,-0.1659913012166957,0,-0.8589490893736234,0,0.0,0
2158,0.0421324080648741,0,0.2189163204777842,0,0.0,0
2159,-0.0108155519828635,0,-0.0552993124006395,0,0.0,0
2160,-0.1846940627573298,0,-0.9558100371384723,0,0.0,0
2161,-0.0025939535728871,0,-0.0127199418407298,0,0.0,0
2162,-0.1054263081164892,0,-0.5452851087731075,0,0.0,0
2163,0.0451478218083956,0,0.2345330427712309,0,0.0,0
2164,-0.012390106770075,0,-0.0634538765630296,0,0.0,0
2165,-0.0736641173704666,0,-0.3807898339943784,0,0.0,0
2166,0.0201101740897043,0,0.1048639410952108,0,0.0,0
2167,0.0553767692428843,0,0.2875084037086409,0,0.0,0
2168,0.1604542183748135,0,0.831700836976775,0,0.0,0
2169,0.2838384216608714,1,1.470703309608052,0,0.0,0
2170,0.1340012628616258,0,0.6947019057429081,0,0.0,0
2171,0.056435898273597,0,0.2929935959085848,0,0.0,0
2172,0.1160417216692418,0,0.601690070162547,0,0.0,0
2173,0.0026390260062154,0,0.0143814763410043,0,0.0,0
2174,-0.0956639777399431,0,-0.4947263412557324,0,0.0,0
2175,-0.1737198852175458,0,-0.8989751555551424,0,0.0,0
2176,-0.0643852539780467,0,-0.332734925075303,0,0.0,0
2177,0.0328251250006679,0,0.1707142270726957,0,0.0,0
2178,0.1323351147527398,0,0.6860729829716543,0,0.0,0
2179,0.2689642643303751,1,1.393670569116484,0,0.0,0
2180,0.1634458916321963,0,0.8471946081229919,0,0.0,0
2181,0.4587446390265277,1,2.3765364908307505,0,0.0,0
2182,-0.0457171578477841,0,-0.2360535082581138,0,0.0,0
2183,-0.1572053498918592,0,-0.8134469548096684,0,0.0,0
2184,0.2501234925331875,1,1.2960948710607758,0,0.0,0
2185,-0.054255023434768,0,-0.2802708154641871,0,0.0,0
2186,-0.0502331811804784,0,-0.2594418351200364,0,0.0,0
2187,0.1285313690708262,0,0.6663735171464534,0,0.0,0
2188,-0.1490240077751474,0,-0.7710760701843432,0,0.0,0
2189,0.0247919049413941,0,0.1291104614012827,0,0.0,0
2190,-0.1839424975174636,0,-0.9519177070522228,0,0.0,0
2191,-0.0081344043683773,0,-0.041413742696274,0,0.0,0
2192,-0.3172858187333554,1,-1.642498103055393,0,0.0,0
2193,0.0107640160433538,0,0.0564605155175097,0,0.0,0
2194,-0.1174323027642495,0,-0.6074637350639467,0,0.0,0
2195,0.2712855494706119,1,1.4056924236553068,0,0.0,0
2196,-0.0387963963537724,0,-0.2002111265805195,0,0.0,0
2197,-0.1844953241704512,0,-0.9547807769492386,0,0.0,0
2198,0.0733530624323544,0,0.3806069972958973,0,0.0,0
2199,-0.0325519174910229,0,-0.1678711889927262,0,0.0,0
2200,0.5426371144558537,1,2.81101268637916,0,0.0,0
2201,0.0180283754264299,0,0.0940823786429359,0,0.0,0
2202,-0.0396498397397657,0,-0.2046310800216918,0,0.0,0
2203,-0.4152791027381664,1,-2.150001892946208,0,0.0,0
2204,-0.1536486566576882,0,-0.795026964969016,0,0.0,0
2205,-0.0480412047016455,0,-0.2480896656151892,0,0.0,0
2206,0.0222723332403816,0,0.1160616877006003,0,0.0,0
2207,-0.1721251042672829,0,-0.8907158408018541,0,0.0,0
2208,0.1990237015807201,0,1.0314508412746897,-1,-0.046269775649650714,-1
2209,-0.0336974604164646,0,-0.1738039157305681,0,0.0,0
2210,0.1327005312190703,0,0.6879654620678965,0,0.0,0
2211,-0.1230384918859512,0,-0.6364979924113034,0,0.0,0
2212,0.0344395864341525,0,0.1790754663601329,0,0.0,0
2213,0.1790999617738216,0,0.9282664897807332,0,0.0,0
2214,-0.1481931259566903,0,-0.7667729623121994,0,0.0,0
2215,0.1026951569339802,0,0.532568678283938,0,0.0,0
2216,-0.2387165829002884,0,-1.2355907791601233,1,-0.01852292495584254,0
2217,0.0474671453766952,0,0.2465447383976107,0,0.0,0
2218,-0.1301222814615555,0,-0.6731846908204691,0,0.0,0
2219,0.0502064631222066,0,0.2607315691756662,0,0.0,0
2220,-0.1068834183801538,0,-0.5528314318564558,0,0.0,0
2221,-0.1503268583143641,0,-0.7778234875510405,0,0.0,0
2222,0.0651965240705477,0,0.3383645704495484,0,0.0,0
2223,-0.0711710339971408,0,-0.3678782424161789,0,0.0,0
2224,0.0127246054478945,0,0.0666143394589066,0,0.0,0
2225,0.2719960036290456,1,1.4093718408889522,0,0.0,0
2226,-0.186900695805374,0,-0.9672381125025532,0,0.0,0
2227,-0.32001572354974,1,-1.656636184602781,0,0.0,0
2228,0.1026570679080291,0,0.5323714165509559,0,0.0,0
2229,0.147152271094682,0,0.7628105173374911,0,0.0,0
2230,0.0161703182865462,0,0.084459565713446,0,0.0,0
2231,0.1035366322443761,0,0.5369266494802549,0,0.0,0
2232,-0.0866543429737012,0,-0.4480657579735622,0,0.0,0
2233,-0.1434340927628445,0,-0.7421260958802677,0,0.0,0
2234,0.0964323869459527,0,0.5001340115981847,0,0.0,0
2235,0.1119787681916022,0,0.5806481762308066,0,0.0,0
2236,-0.1044082327549875,0,-0.5400125320898811,0,0.0,0
2237,0.1621012821637693,0,0.8402309227227122,0,0.0,0
2238,-0.1551963558703375,0,-0.8030424450502018,0,0.0,0
2239,-0.1497656435973148,0,-0.7749169761636785,0,0.0,0
2240,0.1417701026298969,0,0.7349364551356862,0,0.0,0
2241,0.0238271477890363,0,0.1241140178580518,0,0.0,0
2242,-0.0051980450017022,0,-0.0262064402550593,0,0.0,0
2243,-0.0170607551801185,0,-0.0876430012914981,0,0.0,0
2244,0.2501816745179511,1,1.2963961935245625,0,0.0,0
2245,0.131249880419052,0,0.68045259232081,0,0.0,0
2246,0.0100242275169727,0,0.0526291766184306,0,0.0,0
2247,0.0424768844712807,0,0.2207003517361992,0,0.0,0
2248,0.0936527846714178,0,0.4857385486535369,0,0.0,0
2249,-0.0710064100312806,0,-0.3670256606558122,0,0.0,0
2250,-0.0793944932986653,0,-0.4104672504683189,0,0.0,0
2251,0.1844914240070137,0,0.9561886840840068,0,0.0,0
2252,0.0037881515745207,0,0.0203327574609101,0,0.0,0
2253,-0.1001867726412238,0,-0.5181497378344827,0,0.0,0
2254,-0.0574543115972636,0,-0.2968398169412641,0,0.0,0
2255,0.1017355869275291,0,0.5275990987879028,0,0.0,0
2256,0.1232456484156506,0,0.6389989547767088,0,0.0,0
2257,-0.0761647408519226,0,-0.393740475528818,0,0.0,0
2258,-0.1636940814911974,0,-0.8470518687758823,0,0.0,0
2259,0.3306124116519471,1,1.7129441675388932,0,0.0,0
2260,-0.0014562587046116,0,-0.0068278599164133,0,0.0,0
2261,-0.1581638679369738,0,-0.8184110862347418,0,0.0,0
2262,-0.0286067971166046,0,-0.1474395485805683,0,0.0,0
2263,0.2111336797513153,0,1.094167994592772,-1,0.003923394573009236,0
2264,0.1333245235055371,0,0.6911970962912072,0,0.0,0
2265,0.4011613189518259,1,2.07831449052538,0,0.0,0
2266,0.1502489336405511,0,0.7788480243360765,0,0.0,0
2267,-0.2790416309665677,0,-1.4444327924572928,1,-0.02329889194710138,0
2268,0.0214275393215538,0,0.1116865295473053,0,0.0,0
2269,-0.0674154602967138,0,-0.3484282575979602,0,0.0,0
2270,-0.0775820296387461,0,-0.4010805645766284,0,0.0,0
2271,-0.0820588302296147,0,-0.4242657582307134,0,0.0,0
2272,-0.0643301487531922,0,-0.3324495370434553,0,0.0,0
2273,0.288004597630446,1,1.4922797892146276,0,0.0,0
2274,0.1779737901963249,0,0.9224340865762564,0,0.0,0
2275,-0.2940535843905993,0,-1.522179174096941,1,0.0773313253324316,1
2276,0.1147428678509702,0,0.5949633516738123,0,0.0,0
2277,-0.0537233322841214,0,-0.2775172055944402,0,0.0,0
2278,0.1385612764215888,0,0.7183180564530032,0,0.0,0
2279,0.091909947986874,0,0.4767124584316471,0,0.0,0
2280,-0.1108800666790313,0,-0.5735299335868541,0,0.0,0
2281,0.2461281562935626,1,1.2754031644393489,0,0.0,0
2282,-0.0367784330940612,0,-0.1897601654502282,0,0.0,0
2283,0.2651966889650979,1,1.3741584280958443,0,0.0,0
2284,-0.5193850207364461,1,-2.6891628004589667,0,0.0,0
2285,0.4434575645593941,1,2.297365266933075,0,0.0,0
2286,0.1536254273172046,0,0.7963347669720299,0,0.0,0
2287,0.0575629430338658,0,0.2988305212960929,0,0.0,0
2288,0.3047727830956873,1,1.579121635159746,0,0.0,0
2289,0.1240239190738957,0,0.6430295912905418,0,0.0,0
2290,-0.1235813080505976,0,-0.6393092183393833,0,0.0,0
2291,-0.0184703875967462,0,-0.094943438265897,0,0.0,0
2292,0.0077500265156484,0,0.0408511691879528,0,0.0,0
2293,0.1802202305662759,0,0.9340683226679656,0,0.0,0
2294,-0.0063105355363339,0,-0.0319679898171246,0,0.0,0
2295,-0.0058687614088134,0,-0.0296800570646991,0,0.0,0
2296,0.1917858388128432,0,0.993966203192484,0,0.0,0
2297,0.0080278378763116,0,0.042289944506518,0,0.0,0
2298,0.1532817698654358,0,0.7945549770510356,0,0.0,0
2299,-0.0290654092795184,0,-0.1498146849292731,0,0.0,0
2300,-0.0762781758707819,0,-0.3943279515233425,0,0.0,0
2301,-0.0656497593150569,0,-0.3392837539811528,0,0.0,0
2302,0.1203610254250471,0,0.6240595932173434,0,0.0,0
2303,-0.1291104604825548,0,-0.6679445053654263,0,0.0,0
2304,0.0784356562343552,0,0.4069295727987693,0,0.0,0
2305,0.3077778498987014,1,1.5946847710102583,0,0.0,0
2306,-0.190191278908492,0,-0.9842799272834628,0,0.0,0
2307,-0.0434941832076979,0,-0.2245408003605042,0,0.0,0
2308,0.4052516244201648,1,2.099498039460133,0,0.0,0
2309,0.0270472624238292,0,0.1407908789066115,0,0.0,0
2310,-0.0519628135993736,0,-0.2683995409120397,0,0.0,0
2311,0.0805006058094149,0,0.4176238744125894,0,0.0,0
2312,-0.0924246060221915,0,-0.4779497484481747,0,0.0,0
2313,-0.2349544521818436,0,-1.2161068357749658,1,0.04352548445247387,1
2314,0.3797190482595126,1,1.967265720696628,0,0.0,0
2315,-0.03607464593213,0,-0.1861152763582467,0,0.0,0
2316,0.0270112836402021,0,0.140604546044805,0,0.0,0
2317,0.2654298912954236,1,1.375366174806791,0,0.0,0
2318,0.0589638282216029,0,0.3060856566780602,0,0.0,0
2319,-0.1949950502772579,0,-1.0091584911582892,1,-0.05368793674628075,0
2320,0.1045199140125449,0,0.5420190313607489,0,0.0,0
2321,0.0066001799700566,0,0.0348961541519011,0,0.0,0
2322,0.509469087066688,1,2.639236632804126,0,0.0,0
2323,0.5477573730809965,1,2.837530326683505,0,0.0,0
2324,0.03768590983648,0,0.1958880616989271,0,0.0,0
2325,0.0444903522725762,0,0.2311280310446139,0,0.0,0
2326,-0.0061416000235754,0,-0.031093078706197,0,0.0,0
2327,-0.1661955459247864,0,-0.8600068655720016,0,0.0,0
2328,0.0821350158508567,0,0.4260884268428011,0,0.0,0
2329,-0.0986595223408639,0,-0.5102401619547063,0,0.0,0
2330,0.0577537903633813,0,0.2998189129394929,0,0.0,0
2331,0.0831607560476028,0,0.4314006994396298,0,0.0,0
2332,0.0699310425655238,0,0.3628844761135997,0,0.0,0
2333,0.2347206561003363,1,1.2163241199921973,0,0.0,0
2334,0.3560051469285242,1,1.8444522552556435,0,0.0,0
2335,-0.1627833067990585,0,-0.8423349985057275,0,0.0,0
2336,-0.0637208002354218,0,-0.3292937423859598,0,0.0,0
2337,-0.0412181354278359,0,-0.2127532285285829,0,0.0,0
2338,0.0060992993615908,0,0.032302111002304,0,0.0,0
2339,0.1720157840276113,0,0.8915777810495782,0,0.0,0
2340,0.0649475042664961,0,0.3370749055954973,0,0.0,0
2341,-0.070498285706104,0,-0.3643941025507674,0,0.0,0
2342,-0.1141725892857675,0,-0.5905817929891554,0,0.0,0
2343,0.9080680048573886,1,4.703566484380757,0,0.0,0
2344,-0.1140064349555567,0,-0.589721285525352,0,0.0,0
2345,-0.1226530213830408,0,-0.6345016541611376,0,0.0,0
2346,0.0486987688296305,0,0.2529232731761001,0,0.0,0
2347,0.0245617508400745,0,0.1279185013617265,0,0.0,0
2348,0.2385215937991187,1,1.2360090433709896,0,0.0,0
2349,0.2988864561934778,1,1.548636554046831,0,0.0,0
2350,-0.0526270413311243,0,-0.2718395530989719,0,0.0,0
2351,-0.0589528082598476,0,-0.3046004787368498,0,0.0,0
2352,-0.0766973528303883,0,-0.3964988543336279,0,0.0,0
2353,0.1235857919245493,0,0.6407605461105025,0,0.0,0
2354,-0.027359612071054,0,-0.1409804208582953,0,0.0,0
2355,-0.0970714551252553,0,-0.5020156173983352,0,0.0,0
2356,0.1782904054456104,0,0.9240738258765716,0,0.0,0
2357,0.0902665094431349,0,0.4682011477038701,0,0.0,0
2358,-0.088487058747522,0,-0.4575573288546959,0,0.0,0
2359,0.0028606045149794,0,0.0155290236867038,0,0.0,0
2360,0.2444448794683802,1,1.266685532645587,0,0.0,0
2361,0.334932813244826,1,1.7353193762534893,0,0.0,0
2362,0.0886779008900517,0,0.4599737995796549,0,0.0,0
2363,0.0955840553033675,0,0.4957405316973053,0,0.0,0
2364,-0.1411445919770319,0,-0.7302688514011373,0,0.0,0
2365,-0.2540276329847065,0,-1.314886171941008,1,0.026231967904589412,1
2366,-0.0671617874259559,0,-0.347114494674209,0,0.0,0
2367,-0.082334648493109,0,-0.4256942113687627,0,0.0,0
2368,-0.1209541705010643,0,-0.6257033648720463,0,0.0,0
2369,-0.114959847588197,0,-0.5946589761978168,0,0.0,0
2370,0.1150729749490826,0,0.5966729647872342,0,0.0,0
2371,-0.1060193361412666,0,-0.5483563801683106,0,0.0,0
2372,0.2830133645330722,1,1.4664303676050678,0,0.0,0
2373,0.0392819736940755,0,0.2041540205844128,0,0.0,0
2374,-0.2157298619153378,0,-1.116543355293275,1,-0.03216126560053471,0
2375,0.3712353231601837,1,1.9233288051821948,0,0.0,0
2376,-0.2543373188593554,0,-1.3164900242524813,1,0.03682676930518705,1
2377,-0.1948554637084388,0,-1.0084355772013485,1,0.04208978050933076,1
2378,0.1231644258249257,0,0.6385783058206475,0,0.0,0
2379,0.007807013480041,0,0.0411463026830422,0,0.0,0
2380,0.0179718788110818,0,0.0937897846483949,0,0.0,0
2381,0.0217379202423541,0,0.1132939814784824,0,0.0,0
2382,-0.0005039273011309,0,-0.001895768891943,0,0.0,0
2383,0.0005656452801536,0,0.0036435100910795,0,0.0,0
2384,-0.0717840632492938,0,-0.3710530994682837,0,0.0,0
2385,0.0674889564161157,0,0.3502369973741011,0,0.0,0
2386,0.0145401024407004,0,0.0760167348755062,0,0.0,0
