Date,spread,regime,z_score,gmm_signal,minhash_signal,final_signal,model_signal
2016-07-06,-0.0359035299726266,0,-0.2395586048089956,0,0.0,0,0.0
2016-07-07,0.113952699749753,0,0.7534917850292409,0,0.0,0,0.0
2016-07-08,-0.1142625007700148,0,-0.7588190095437639,0,0.0,0,0.0
2016-07-11,-0.0132362620868756,0,-0.0893497062385869,0,0.0,0,0.0
2016-07-12,0.1400729788846774,0,0.9265827097487116,0,0.0,0,0.0
2016-07-13,-0.1045410324768185,0,-0.694397878061654,0,0.0,0,0.0
2016-07-14,0.2010067110862905,1,1.330371505377766,0,0.0,0,-1.0
2016-07-15,-0.0547732171521845,0,-0.3646021231498755,0,0.0,0,0.0
2016-07-18,-0.0533700172321704,0,-0.3553035559153171,0,0.0,0,0.0
2016-07-19,0.1019085694931934,0,0.6736790987719081,0,0.0,0,0.0
2016-07-20,-0.0739561130083474,0,-0.4917211774826828,0,0.0,0,0.0
2016-07-21,-0.0340723454874857,0,-0.2274239176478162,0,0.0,0,0.0
2016-07-22,0.0028124787718833,0,0.0170002826522876,0,0.0,0,0.0
2016-07-25,-0.0194211546366927,0,-0.1303350557904999,0,0.0,0,0.0
2016-07-26,-0.1138152894441658,0,-0.7558554798840545,0,0.0,0,0.0
2016-07-27,0.2497452384815255,1,1.653346490933215,0,0.0,0,-1.0
2016-07-28,0.0277500359874365,0,0.182253678926811,0,0.0,0,0.0
2016-07-29,-0.0552917066711086,0,-0.3680379911137797,0,0.0,0,0.0
2016-08-01,0.0306392590803193,0,0.2013996572023369,0,0.0,0,0.0
2016-08-02,0.0862484118608774,0,0.5699041294529169,0,0.0,0,0.0
2016-08-03,0.1788556213022974,1,1.183583157732242,0,0.0,0,-1.0
2016-08-04,-0.0661112046923914,0,-0.4397354223636755,0,0.0,0,0.0
2016-08-05,0.2875629871647677,1,1.9039528897614224,0,0.0,0,0.0
2016-08-08,0.0115186978974669,0,0.074693675263958,0,0.0,0,0.0
2016-08-09,-0.0349457978623831,0,-0.2332120134981115,0,0.0,0,0.0
2016-08-10,-0.0498478901719577,0,-0.3319635208918569,0,0.0,0,0.0
2016-08-11,-0.0477598561359577,0,-0.3181267720474032,0,0.0,0,0.0
2016-08-12,-0.0572313741930559,0,-0.3808915614484584,0,0.0,0,0.0
2016-08-15,0.0883763849338913,0,0.5840055418108592,0,0.0,0,0.0
2016-08-16,0.1003029147622759,0,0.6630389267921574,0,0.0,0,0.0
2016-08-17,-0.034215156978915,0,-0.2283702847591463,0,0.0,0,0.0
2016-08-18,-0.1586948481628671,0,-1.0532582863201931,1,0.0269043362003285,1,1.0
2016-08-19,-0.0145438074280257,0,-0.0980144004802997,0,0.0,0,0.0
2016-08-22,-0.018069325691701,0,-0.1213769079490278,0,0.0,0,0.0
2016-08-23,-0.0646769152741335,0,-0.4302308347427239,0,0.0,0,0.0
2016-08-24,0.0872386971254038,0,0.5764664403412321,0,0.0,0,0.0
2016-08-25,0.0663572442042704,0,0.4380915793018481,0,0.0,0,0.0
2016-08-26,0.1974811055493173,1,1.3070084195761733,0,0.0,0,-1.0
2016-08-29,-0.0274215379319446,0,-0.1833510949963677,0,0.0,0,0.0
2016-08-30,0.2488851365529694,1,1.647646864317521,0,0.0,0,-1.0
2016-08-31,0.0776120276301423,0,0.5126735108592649,0,0.0,0,0.0
2016-09-01,-0.0622107841134859,0,-0.4138885544450663,0,0.0,0,0.0
2016-09-02,-0.0418666234449876,0,-0.2790741612082207,0,0.0,0,0.0
2016-09-06,-0.0879950653200216,0,-0.5847529259248796,0,0.0,0,0.0
2016-09-07,0.0071269437926198,0,0.0455908936580707,0,0.0,0,0.0
2016-09-08,0.0515074259352535,0,0.3396864756341965,0,0.0,0,0.0
2016-09-09,0.5270548694209036,1,3.490990729150165,0,0.0,0,0.0
2016-09-12,-0.1273505919049672,0,-0.8455496982036949,0,0.0,0,0.0
2016-09-13,0.0525290782554938,0,0.3464566461954956,0,0.0,0,0.0
2016-09-14,-0.1553735405269625,0,-1.0312490188461747,1,0.0738698082014886,1,1.0
2016-09-15,-0.0589423040842242,0,-0.392229359006546,0,0.0,0,0.0
2016-09-16,-0.1718785166876478,0,-1.1406223364653592,1,0.0937127733331272,1,1.0
2016-09-19,-0.0465135071692817,0,-0.3098676070495583,0,0.0,0,0.0
2016-09-20,0.0921487102649647,0,0.6090035625642108,0,0.0,0,0.0
2016-09-21,-0.1818009825826419,0,-1.2063754162234372,1,0.1119080666690771,1,1.0
2016-09-22,-0.1040654878662709,0,-0.6912465925811332,0,0.0,0,0.0
2016-09-23,0.0153857835131726,0,0.1003196428018352,0,0.0,0,0.0
2016-09-26,-0.1549563834317486,0,-1.0284846491780373,1,0.1633362997849498,1,1.0
2016-09-27,0.0760998496714458,0,0.5026527802285108,0,0.0,0,0.0
2016-09-28,-0.0312046955399373,0,-0.2084208978627315,0,0.0,0,0.0
2016-09-29,-0.1255183644459682,0,-0.8334080995807878,0,0.0,0,0.0
2016-09-30,0.0516670186864526,0,0.3407440469082584,0,0.0,0,0.0
2016-10-03,0.0806001746952406,0,0.5324750273753757,0,0.0,0,0.0
2016-10-04,0.3392160980977363,1,2.2462419093328374,0,0.0,0,0.0
2016-10-05,0.0963304327993083,0,0.6367145306075035,0,0.0,0,0.0
2016-10-06,-0.0728063039565831,0,-0.4841017523229188,0,0.0,0,0.0
2016-10-07,0.1920203754246519,1,1.2708218680451058,0,0.0,0,-1.0
2016-10-10,0.0083799163532012,0,0.0538939511422144,0,0.0,0,0.0
2016-10-11,0.1116987834211421,0,0.7385557860858776,0,0.0,0,0.0
2016-10-12,0.0011777017114066,0,0.0061671260980858,0,0.0,0,0.0
2016-10-13,-0.1598039151694993,0,-1.0606077266826872,1,0.1773166752838998,1,1.0
2016-10-14,0.1236702288345834,0,0.817886812608892,0,0.0,0,0.0
2016-10-17,-0.1127942873714082,0,-0.7490896183095584,0,0.0,0,0.0
2016-10-18,0.0214061173818756,0,0.1402145134144714,0,0.0,0,0.0
2016-10-19,0.0754836503737786,0,0.4985694201046104,0,0.0,0,0.0
2016-10-20,-0.0392744802157962,0,-0.2618968383232538,0,0.0,0,0.0
2016-10-21,0.0891075888649128,0,0.5888510016899536,0,0.0,0,0.0
2016-10-24,-0.0279786321998689,0,-0.1870427845641867,0,0.0,0,0.0
2016-10-25,0.1678224800755203,0,1.1104699797436526,-1,-0.1811875974377514,-1,-1.0
2016-10-26,0.1347354924054361,0,0.8912128553303383,0,0.0,0,0.0
2016-10-27,0.0612716447042708,0,0.4043909011559231,0,0.0,0,0.0
2016-10-28,-0.1363436621463179,0,-0.9051439634909008,0,0.0,0,0.0
2016-10-31,-0.1469919918447866,0,-0.9757071157721248,0,0.0,0,0.0
2016-11-01,0.1558610257508064,0,1.0312051610424555,-1,0.0020987492258414,0,-1.0
2016-11-02,-0.0265891855028263,0,-0.1778353556390514,0,0.0,0,0.0
2016-11-03,0.0822942634844429,0,0.5437012242152041,0,0.0,0,0.0
2016-11-04,-0.1282848363165813,0,-0.8517406438779346,0,0.0,0,0.0
2016-11-07,-0.0965338850372918,0,-0.6413370149861253,0,0.0,0,0.0
2016-11-08,-0.0897926342188172,0,-0.5966648531034632,0,0.0,0,0.0
2016-11-09,0.7217473571498213,1,4.781156985140684,0,0.0,0,0.0
2016-11-10,0.5652065672101794,1,3.743810104312737,0,0.0,0,0.0
2016-11-11,0.101201869581056,0,0.6689960193660882,0,0.0,0,0.0
2016-11-14,0.1843276608487241,1,1.219844653266036,0,0.0,0,-1.0
2016-11-15,-0.2275337921963141,1,-1.5094324496173095,0,0.0,0,1.0
2016-11-16,-0.0752615674102205,0,-0.5003720157234272,0,0.0,0,0.0
2016-11-17,0.1547081829815432,0,1.0235656323851556,-1,-0.0096919688608891,-1,-1.0
2016-11-18,0.091529171284296,0,0.604898071405032,0,0.0,0,0.0
2016-11-21,-0.1369602737961729,0,-0.90923005614385,0,0.0,0,0.0
2016-11-22,-0.1430937780430796,0,-0.9498748714761792,0,0.0,0,0.0
2016-11-23,0.0858780793516403,0,0.5674500516788471,0,0.0,0,0.0
2016-11-25,-0.1343952176893187,0,-0.8922322311512723,0,0.0,0,0.0
2016-11-28,-0.1936861754318126,0,-1.28513487396528,1,0.0537647926953715,1,1.0
2016-11-29,0.0090829347563978,0,0.0585526343391104,0,0.0,0,0.0
2016-11-30,0.3564517498914367,1,2.360457185965372,0,0.0,0,0.0
2016-12-01,0.4297738579127187,1,2.846339875588528,0,0.0,0,0.0
2016-12-02,-0.2132451042057737,1,-1.4147457808977644,0,0.0,0,1.0
2016-12-05,0.0180144341250302,0,0.1177388886996509,0,0.0,0,0.0
2016-12-06,0.0562627876487289,0,0.3711987712,0,0.0,0,0.0
2016-12-07,-0.1435525296729789,0,-0.9529148751233708,0,0.0,0,0.0
2016-12-08,0.0732451612525493,0,0.4837356524420739,0,0.0,0,0.0
2016-12-09,-0.0294686024149745,0,-0.1969163514202269,0,0.0,0,0.0
2016-12-12,-0.1232843368244515,0,-0.8186038968821985,0,0.0,0,0.0
2016-12-13,-0.0498220631892681,0,-0.3317923735509973,0,0.0,0,0.0
2016-12-14,0.2165820515664877,1,1.4335844179432098,0,0.0,0,-1.0
2016-12-15,0.0331367128632908,0,0.2179495027267933,0,0.0,0,0.0
2016-12-16,-0.1786442057921247,0,-1.185456443230036,1,0.1920202948045768,1,1.0
2016-12-19,0.007599444146477,0,0.0487220058011285,0,0.0,0,0.0
2016-12-20,0.0837479947245071,0,0.5533346467118208,0,0.0,0,0.0
2016-12-21,-0.0339848311969521,0,-0.22684398780111,0,0.0,0,0.0
2016-12-22,0.004761091283766,0,0.0299131286390952,0,0.0,0,0.0
2016-12-23,-0.0144994938822017,0,-0.0977207484643828,0,0.0,0,0.0
2016-12-27,-0.0537818001147595,0,-0.3580323123563497,0,0.0,0,0.0
2016-12-28,0.0841655998335704,0,0.5561019852276904,0,0.0,0,0.0
2016-12-29,-0.1975888593095448,0,-1.310996740057715,1,0.1772887503745402,1,1.0
2016-12-30,0.1764960104217981,1,1.167946754033261,0,0.0,0,-1.0
2017-01-03,0.0133760890124522,0,0.0870020255690154,0,0.0,0,0.0
2017-01-04,0.0957804645383828,0,0.6330700628605005,0,0.0,0,0.0
2017-01-05,-0.0346537809236221,0,-0.2312769085284133,0,0.0,0,0.0
2017-01-06,0.1036752266719734,0,0.6853861836448439,0,0.0,0,0.0
2017-01-09,-0.0471602635332322,0,-0.3141534592996866,0,0.0,0,0.0
2017-01-10,-0.0347218022978656,0,-0.231727664912282,0,0.0,0,0.0
2017-01-11,-0.0663215789790164,0,-0.441129506998875,0,0.0,0,0.0
2017-01-12,-0.0636738678583561,0,-0.4235839530674722,0,0.0,0,0.0
2017-01-13,0.0225337330706049,0,0.1476868700949704,0,0.0,0,0.0
2017-01-17,-0.2769834379853385,1,-1.837119794475284,0,0.0,0,0.0
2017-01-18,0.0449849230293266,0,0.296463887788158,0,0.0,0,0.0
2017-01-19,0.00480312510329,0,0.0301916736214561,0,0.0,0,0.0
2017-01-20,-0.0239308428105458,0,-0.160219349605913,0,0.0,0,0.0
2017-01-23,-0.0058805267946534,0,-0.0406055478340916,0,0.0,0,0.0
2017-01-24,-0.1697315396674245,0,-1.126394990889828,1,-0.1746358338435449,0,1.0
2017-01-25,0.0028877549991344,0,0.0174991146791957,0,0.0,0,0.0
2017-01-26,0.0963508001631065,0,0.6368494987606279,0,0.0,0,0.0
2017-01-27,-0.0768811880174259,0,-0.5111047351996544,0,0.0,0,0.0
2017-01-30,-0.0697143367070148,0,-0.4636122518981506,0,0.0,0,0.0
2017-01-31,-0.0856212793426827,0,-0.5690225882902279,0,0.0,0,0.0
2017-02-01,-0.0009457689827912,0,-0.0079044504028699,0,0.0,0,0.0
2017-02-02,-0.0318010531474017,0,-0.2123727733081008,0,0.0,0,0.0
2017-02-03,0.1184853498015672,0,0.7835282400320996,0,0.0,0,0.0
2017-02-06,0.0425228166653218,0,0.2801482785597144,0,0.0,0,0.0
2017-02-07,-0.0655237589473777,0,-0.4358426030449498,0,0.0,0,0.0
2017-02-08,-0.2825286627672596,1,-1.873866265687252,0,0.0,0,0.0
2017-02-09,0.1877533904743601,1,1.242545892624057,0,0.0,0,-1.0
2017-02-10,-0.029252761759657,0,-0.19548604286847,0,0.0,0,0.0
2017-02-13,0.0874372094205274,0,0.5777819192667691,0,0.0,0,0.0
2017-02-14,0.2190052874061452,1,1.4496424443575937,0,0.0,0,-1.0
2017-02-15,0.0576719837145218,0,0.3805370730182605,0,0.0,0,0.0
2017-02-16,-0.0355282462754602,0,-0.2370717170602413,0,0.0,0,0.0
2017-02-17,-0.0316932404061498,0,-0.2116583319737095,0,0.0,0,0.0
2017-02-21,-0.1672571972525948,0,-1.1099982971775146,1,0.1630818093287405,1,1.0
2017-02-22,0.126829668472052,0,0.8388234314566434,0,0.0,0,0.0
2017-02-23,0.0752510139986131,0,0.4970278115677037,0,0.0,0,0.0
2017-02-24,-0.1734050096586377,0,-1.1507379282077588,1,0.0626796517699337,1,1.0
2017-02-27,-0.0128158818390523,0,-0.0865639777456537,0,0.0,0,0.0
2017-02-28,-0.0292579974412204,0,-0.195520738093535,0,0.0,0,0.0
2017-03-01,0.180602353608506,1,1.1951582067030926,0,0.0,0,-1.0
2017-03-02,-0.202451522221412,1,-1.3432200871232822,0,0.0,0,1.0
2017-03-03,0.0666228674312335,0,0.4398517813940435,0,0.0,0,0.0
2017-03-06,-0.0143410099403794,0,-0.0966705249234509,0,0.0,0,0.0
2017-03-07,-0.0041753879238543,0,-0.0293061255577379,0,0.0,0,0.0
2017-03-08,0.107389392584626,0,0.7099988001127507,0,0.0,0,0.0
2017-03-09,0.1153495517132595,0,0.7627482863403718,0,0.0,0,0.0
2017-03-10,-0.1506517206749164,0,-0.9999589947109948,0,0.0,0,0.0
2017-03-13,-0.0409270965685144,0,-0.27284821029064,0,0.0,0,0.0
2017-03-14,0.0858761572989428,0,0.5674373148364473,0,0.0,0,0.0
2017-03-15,-0.3104910267066718,1,-2.059164110576812,0,0.0,0,0.0
2017-03-16,0.1214398997670379,0,0.8031071190713144,0,0.0,0,0.0
2017-03-17,-0.1934172533821875,0,-1.2833528116065038,1,-0.0139637635519188,0,1.0
2017-03-20,-0.0754634511822688,0,-0.5017098363726318,0,0.0,0,0.0
2017-03-21,-0.2887628239555729,1,-1.915178103105276,0,0.0,0,0.0
2017-03-22,-0.1236445323884017,0,-0.8209908002886257,0,0.0,0,0.0
2017-03-23,0.0417712615566815,0,0.2751679577882472,0,0.0,0,0.0
2017-03-24,-0.0718139916788699,0,-0.4775260090518521,0,0.0,0,0.0
2017-03-27,-0.0853723878629052,0,-0.5673732622563467,0,0.0,0,0.0
2017-03-28,0.0534504094955978,0,0.3525620203187497,0,0.0,0,0.0
2017-03-29,-0.0855854575479725,0,-0.5687852084544514,0,0.0,0,0.0
2017-03-30,0.1906129598687742,1,1.261495365109473,0,0.0,0,-1.0
2017-03-31,-0.0847223382168627,0,-0.5630655864552628,0,0.0,0,0.0
2017-04-03,-0.0052534204153237,0,-0.0364499098895292,0,0.0,0,0.0
2017-04-04,-0.0144626937163322,0,-0.097476885268769,0,0.0,0,0.0
2017-04-05,-0.0400973178522937,0,-0.2673495261241625,0,0.0,0,0.0
2017-04-06,-0.0021715250219708,0,-0.0160271525074733,0,0.0,0,0.0
2017-04-07,0.0037267457230519,0,0.0230588439410387,0,0.0,0,0.0
2017-04-10,-0.061077994381442,0,-0.4063819109969097,0,0.0,0,0.0
2017-04-11,-0.0306067644574621,0,-0.2044585954903286,0,0.0,0,0.0
2017-04-12,0.0240023495230091,0,0.1574189322406992,0,0.0,0,0.0
2017-04-13,-0.0467997165011509,0,-0.3117642268238221,0,0.0,0,0.0
2017-04-17,0.0962194709186142,0,0.635979220910439,0,0.0,0,0.0
2017-04-18,-0.1554006460944704,0,-1.031428638968944,1,0.0723970214503457,1,1.0
2017-04-19,0.0185704783334336,0,0.1214236198512701,0,0.0,0,0.0
2017-04-20,0.1156637531244971,0,0.764830400874384,0,0.0,0,0.0
2017-04-21,-0.1021433614994868,0,-0.6785092619984173,0,0.0,0,0.0
2017-04-24,0.0461514718082176,0,0.3041942418868104,0,0.0,0,0.0
2017-04-25,0.0127867971962309,0,0.0830969729134724,0,0.0,0,0.0
2017-04-26,0.1306149235635265,0,0.8639071336903753,0,0.0,0,0.0
2017-04-27,-0.0877554498081527,0,-0.583165068830693,0,0.0,0,0.0
2017-04-28,0.0046808594121934,0,0.0293814571063858,0,0.0,0,0.0
2017-05-01,0.1689824396840112,0,1.118156669469815,-1,0.0095726153777008,0,-1.0
2017-05-02,-0.0325321803030983,0,-0.2172177244211172,0,0.0,0,0.0
2017-05-03,0.1082877848986824,0,0.7159521651437154,0,0.0,0,0.0
2017-05-04,0.0011911541312513,0,0.0062562710792176,0,0.0,0,0.0
2017-05-05,-0.1264926594064598,0,-0.839864447722777,0,0.0,0,0.0
2017-05-08,-0.0072110666459167,0,-0.0494226195063212,0,0.0,0,0.0
2017-05-09,-0.0916465744899725,0,-0.6089503357451809,0,0.0,0,0.0
2017-05-10,-0.0430285233183955,0,-0.2867737084634685,0,0.0,0,0.0
2017-05-11,-0.0661606211885676,0,-0.4400628900364121,0,0.0,0,0.0
2017-05-12,-0.0526276841818268,0,-0.3503843468413991,0,0.0,0,0.0
2017-05-15,0.0135209307034535,0,0.0879618461782764,0,0.0,0,0.0
2017-05-16,0.0122281132037493,0,0.079394748737954,0,0.0,0,0.0
2017-05-17,-0.1537079367861191,0,-1.020211583517495,1,0.1607956049544155,1,1.0
2017-05-18,-0.00133638980346,0,-0.0104929724747433,0,0.0,0,0.0
2017-05-19,-0.1098564620982166,0,-0.7296215685779971,0,0.0,0,0.0
2017-05-22,-0.0633061225743402,0,-0.4211470200261848,0,0.0,0,0.0
2017-05-23,0.1688584625123786,0,1.1173351115082353,-1,0.0054248376931879,0,-1.0
2017-05-24,-0.0828164057736076,0,-0.5504355679416102,0,0.0,0,0.0
2017-05-25,0.0009998333351857,0,0.0049884479699003,0,0.0,0,0.0
2017-05-26,-0.0454392474273028,0,-0.3027488235492928,0,0.0,0,0.0
2017-05-30,-0.1325423181230995,0,-0.8799536449358453,0,0.0,0,0.0
2017-05-31,-0.0438715279692182,0,-0.2923600367641725,0,0.0,0,0.0
2017-06-01,0.0070876681682964,0,0.0453306263731018,0,0.0,0,0.0
2017-06-02,-0.14320858502188,0,-0.95063566143643,0,0.0,0,0.0
2017-06-05,0.1111114870106555,0,0.7346639563603817,0,0.0,0,0.0
2017-06-06,-0.1303077475668225,0,-0.8651458443783185,0,0.0,0,0.0
2017-06-07,0.0812619614335663,0,0.5368604812180464,0,0.0,0,0.0
2017-06-08,0.1760065986980969,1,1.1647035755286823,0,0.0,0,-1.0
2017-06-09,0.3497622094494974,1,2.3161276925835272,0,0.0,0,0.0
2017-06-12,0.0606602475359462,0,0.4003393632420471,0,0.0,0,0.0
2017-06-13,-0.0698145049443858,0,-0.4642760354949686,0,0.0,0,0.0
2017-06-14,0.1195194675269453,0,0.7903810149366054,0,0.0,0,0.0
2017-06-15,0.031510790916963,0,0.2071750262459785,0,0.0,0,0.0
2017-06-16,-0.0202899945492966,0,-0.1360925862950152,0,0.0,0,0.0
2017-06-19,-0.0241419097328906,0,-0.1616180241215125,0,0.0,0,0.0
2017-06-20,0.0251030935574526,0,0.1647132188682305,0,0.0,0,0.0
2017-06-21,-0.0293234985759966,0,-0.1959547936382716,0,0.0,0,0.0
2017-06-22,-0.0757857894539876,0,-0.503845871337499,0,0.0,0,0.0
2017-06-23,-0.1386044022622004,0,-0.9201251815394204,0,0.0,0,0.0
2017-06-26,0.0369696251869141,0,0.2433490145404915,0,0.0,0,0.0
2017-06-27,0.3337565988931163,1,2.210063514724129,0,0.0,0,0.0
2017-06-28,0.1320675228246329,0,0.8735330549162921,0,0.0,0,0.0
2017-06-29,0.3011104438822102,1,1.993727650540445,0,0.0,0,0.0
2017-06-30,-0.1017646108787682,0,-0.6759994000310318,0,0.0,0,0.0
2017-07-03,0.2429778417966012,1,1.608501068566697,0,0.0,0,-1.0
2017-07-05,0.0207975923389278,0,0.1361820081776514,0,0.0,0,0.0
2017-07-06,-0.0021088995269438,0,-0.0156121529284397,0,0.0,0,0.0
2017-07-07,-0.0765000337527764,0,-0.5085789450353091,0,0.0,0,0.0
2017-07-10,-0.0732423809867156,0,-0.4869914984854565,0,0.0,0,0.0
2017-07-11,-0.0872191683127241,0,-0.5796112990002033,0,0.0,0,0.0
2017-07-12,-0.1054545138942381,0,-0.7004512338638054,0,0.0,0,0.0
2017-07-13,0.1229641871133349,0,0.8132080948283444,0,0.0,0,0.0
2017-07-14,-0.1968190919465468,0,-1.3058957323697054,1,0.033969072275683,1,1.0
2017-07-17,-0.0037211015766102,0,-0.0262957119428707,0,0.0,0,0.0
2017-07-18,-0.0201460887257286,0,-0.1351389673866861,0,0.0,0,0.0
2017-07-19,-0.0715278735812321,0,-0.4756299938583206,0,0.0,0,0.0
2017-07-20,0.0501350597516934,0,0.3305922339326008,0,0.0,0,0.0
2017-07-21,1.3057748350440556e-05,0,-0.0015506053814684,0,0.0,0,0.0
2017-07-24,0.1827863684640075,1,1.2096309904351146,0,0.0,0,-1.0
2017-07-25,0.1514370361783503,0,1.0018887650694177,-1,0.1752079585875377,0,-1.0
2017-07-26,-0.0989718419540137,0,-0.6574925933764568,0,0.0,0,0.0
2017-07-27,-0.046473331965909,0,-0.3096013785354356,0,0.0,0,0.0
2017-07-28,0.1549669654629202,0,1.025280502994745,-1,-0.0285809110347476,-1,-1.0
2017-07-31,0.090024884513125,0,0.594929633207252,0,0.0,0,0.0
2017-08-01,0.0989147804295897,0,0.6538401944953709,0,0.0,0,0.0
2017-08-02,0.0031728441877691,0,0.0193883116143974,0,0.0,0,0.0
2017-08-03,-0.0704751974511025,0,-0.4686542382068193,0,0.0,0,0.0
2017-08-04,0.0286619807321274,0,0.1882968516791478,0,0.0,0,0.0
2017-08-07,-0.1817993984400439,0,-1.2063649186056375,1,-0.0544947386292652,0,1.0
2017-08-08,0.0411553281367925,0,0.2710863595532702,0,0.0,0,0.0
2017-08-09,0.0774940892649441,0,0.5118919701802159,0,0.0,0,0.0
2017-08-10,-0.0187366085983849,0,-0.1257987831813256,0,0.0,0,0.0
2017-08-11,-0.1349784222278047,0,-0.8960969453201256,0,0.0,0,0.0
2017-08-14,0.0386931838125322,0,0.2547704987740801,0,0.0,0,0.0
2017-08-15,0.027796589296342,0,0.1825621731525269,0,0.0,0,0.0
2017-08-16,-0.1081986647430598,0,-0.7186358637270135,0,0.0,0,0.0
2017-08-17,-0.0127631145160349,0,-0.0862143051908973,0,0.0,0,0.0
2017-08-18,-0.006685268265145,0,-0.0459383179996771,0,0.0,0,0.0
2017-08-21,-0.0297242425176341,0,-0.1986103984683523,0,0.0,0,0.0
2017-08-22,0.0080428391463416,0,0.0516602458615087,0,0.0,0,0.0
2017-08-23,-0.0066909089589906,0,-0.0459756971145307,0,0.0,0,0.0
2017-08-24,0.0369808475020569,0,0.2434233813148868,0,0.0,0,0.0
2017-08-25,0.0285663202579539,0,0.1876629396199292,0,0.0,0,0.0
2017-08-28,-0.125327119109501,0,-0.8321407765186416,0,0.0,0,0.0
2017-08-29,-0.0877586447262811,0,-0.5831862405544099,0,0.0,0,0.0
2017-08-30,-0.0650508289217279,0,-0.4327086436012368,0,0.0,0,0.0
2017-08-31,-0.0891870516589937,0,-0.5926518467824977,0,0.0,0,0.0
2017-09-01,-0.0121063118965406,0,-0.0818618795457048,0,0.0,0,0.0
2017-09-05,-0.3257240010057876,1,-2.1601082694826976,0,0.0,0,0.0
2017-09-06,0.0904572672893407,0,0.5977948987038939,0,0.0,0,0.0
2017-09-07,-0.3742179846141014,1,-2.4814627398057505,0,0.0,0,0.0
2017-09-08,0.2204261279028868,1,1.4590579101797427,0,0.0,0,-1.0
2017-09-11,0.0150699445546261,0,0.0982266767536984,0,0.0,0,0.0
2017-09-12,0.1882512845510873,1,1.2458452810305851,0,0.0,0,-1.0
2017-09-13,0.0573808686431252,0,0.3786079444416659,0,0.0,0,0.0
2017-09-14,-0.139079269489028,0,-0.9232719782097768,0,0.0,0,0.0
2017-09-15,-0.0405165259305882,0,-0.2701274870160449,0,0.0,0,0.0
2017-09-18,0.1077890306302991,0,0.7126470765159749,0,0.0,0,0.0
2017-09-19,0.1142038936961956,0,0.7551563687899685,0,0.0,0,0.0
2017-09-20,0.2268953988387703,1,1.501927746400431,0,0.0,0,-1.0
2017-09-21,0.0744138293793856,0,0.4914800507970597,0,0.0,0,0.0
2017-09-22,0.0353732810142903,0,0.232770540720105,0,0.0,0,0.0
2017-09-25,0.0100037635438109,0,0.0646546788654469,0,0.0,0,0.0
2017-09-26,-0.0073359904809731,0,-0.0502504507104871,0,0.0,0,0.0
2017-09-27,0.1586939299289652,0,1.049977931475201,-1,-0.0279861662688526,-1,-1.0
2017-09-28,-0.0794334382285875,0,-0.528017699524555,0,0.0,0,0.0
2017-09-29,0.0068253308572927,0,0.0435921990188039,0,0.0,0,0.0
2017-10-02,0.0087692513125877,0,0.0564739522133257,0,0.0,0,0.0
2017-10-03,0.0228367650296938,0,0.1496949681611246,0,0.0,0,0.0
2017-10-04,-0.166523484189051,0,-1.1051362100615412,1,-0.0573547142256592,0,1.0
2017-10-05,0.1443032361309554,0,0.9546153021562136,0,0.0,0,0.0
2017-10-06,-0.0372599218852698,0,-0.2485469900107262,0,0.0,0,0.0
2017-10-09,-0.0007799310425405,0,-0.0068054942131873,0,0.0,0,0.0
2017-10-10,-0.0058483549757237,0,-0.0403923552468421,0,0.0,0,0.0
2017-10-11,-0.0864208050707676,0,-0.5743207953613074,0,0.0,0,0.0
2017-10-12,-0.1285210553903273,0,-0.8533059938383947,0,0.0,0,0.0
2017-10-13,0.0043884396150665,0,0.0274436825202291,0,0.0,0,0.0
2017-10-16,0.0404410538819325,0,0.2663530873459407,0,0.0,0,0.0
2017-10-17,-0.1147443021443469,0,-0.7620117566420421,0,0.0,0,0.0
2017-10-18,0.0810028008446947,0,0.5351431050082854,0,0.0,0,0.0
2017-10-19,0.0096285889400523,0,0.0621685140446045,0,0.0,0,0.0
2017-10-20,0.0197893442568073,0,0.1295006633122543,0,0.0,0,0.0
2017-10-23,-0.0493117003608448,0,-0.3284103586246671,0,0.0,0,0.0
2017-10-24,-0.0695680255589682,0,-0.4626426936563976,0,0.0,0,0.0
2017-10-25,0.1096289765312823,0,0.7248398228411531,0,0.0,0,0.0
2017-10-26,0.0104545258084508,0,0.067641739486512,0,0.0,0,0.0
2017-10-27,-0.1554869361575662,0,-1.032000456243109,1,-0.03559299324309,0,1.0
2017-10-30,0.0128003509459169,0,0.0831867893757867,0,0.0,0,0.0
2017-10-31,-0.1316631601114599,0,-0.8741277396144217,0,0.0,0,0.0
2017-11-01,0.1441076299036618,0,0.9533190808337594,0,0.0,0,0.0
2017-11-02,0.1451859506214461,0,0.9604647751512404,0,0.0,0,0.0
2017-11-03,-0.0768705427381487,0,-0.5110341922615618,0,0.0,0,0.0
2017-11-06,0.0240673483088151,0,0.1578496588758427,0,0.0,0,0.0
2017-11-07,-0.2555945791015549,1,-1.6953825127347422,0,0.0,0,1.0
2017-11-08,-0.0814278556977101,0,-0.541234080644523,0,0.0,0,0.0
2017-11-09,0.1161301188624802,0,0.7679208608357038,0,0.0,0,0.0
2017-11-10,-0.0463185994035796,0,-0.3085760142137351,0,0.0,0,0.0
2017-11-13,-0.0600435555005361,0,-0.3995270078951135,0,0.0,0,0.0
2017-11-14,-0.0333474554503751,0,-0.2226202979699683,0,0.0,0,0.0
2017-11-15,0.1999189097620375,1,1.3231629860448209,0,0.0,0,-1.0
2017-11-16,-0.229021339404112,1,-1.5192899599613447,0,0.0,0,1.0
2017-11-17,0.0743384923094996,0,0.4909808155850285,0,0.0,0,0.0
2017-11-20,-0.0094889924180749,0,-0.0645177215268045,0,0.0,0,0.0
2017-11-21,-0.0600354905733694,0,-0.3994735641438476,0,0.0,0,0.0
2017-11-22,-0.0800780980166273,0,-0.5322896584215054,0,0.0,0,0.0
2017-11-24,-0.0463023245482295,0,-0.3084681658347922,0,0.0,0,0.0
2017-11-27,0.0448569464735954,0,0.2956158271583494,0,0.0,0,0.0
2017-11-28,0.1557792381452175,0,1.0306631801467363,-1,0.0689080594208359,0,-1.0
2017-11-29,0.2792730926237619,1,1.849018350030144,0,0.0,0,0.0
2017-11-30,-0.1097776215717368,0,-0.7290991170542874,0,0.0,0,0.0
2017-12-01,0.1390655557679218,0,0.9199068316709064,0,0.0,0,0.0
2017-12-04,0.1744802436724946,0,1.1545888979072452,-1,-0.1546464306442444,-1,-1.0
2017-12-05,0.0291371581465649,0,0.1914457038658315,0,0.0,0,0.0
2017-12-06,-0.0156375629218981,0,-0.10526237623406,0,0.0,0,0.0
2017-12-07,-0.0869802785666755,0,-0.5780282513292357,0,0.0,0,0.0
2017-12-08,0.0388644999059522,0,0.2559057569723637,0,0.0,0,0.0
2017-12-11,-0.0250072503198202,0,-0.1673523656886615,0,0.0,0,0.0
2017-12-12,0.2864399276648418,1,1.8965107255198752,0,0.0,0,0.0
2017-12-13,-0.2607378766426855,1,-1.7294655377630377,0,0.0,0,0.0
2017-12-14,0.0079547477972988,0,0.0510764920284492,0,0.0,0,0.0
2017-12-15,0.0022628670260437,0,0.0133581774193131,0,0.0,0,0.0
2017-12-18,-0.0713180637712005,0,-0.4742396498330525,0,0.0,0,0.0
2017-12-19,0.0326667886140788,0,0.2148354616239381,0,0.0,0,0.0
2017-12-20,-0.061631830638289,0,-0.4100520107437623,0,0.0,0,0.0
2017-12-21,0.1501784610365647,0,0.9935485810309804,0,0.0,0,0.0
2017-12-22,-0.0444442606047619,0,-0.2961553569057066,0,0.0,0,0.0
2017-12-26,0.0119056454755085,0,0.0772578559051833,0,0.0,0,0.0
2017-12-27,-0.0396096405457264,0,-0.2641178410597571,0,0.0,0,0.0
2017-12-28,0.025940058386844,0,0.170259523160336,0,0.0,0,0.0
2017-12-29,-0.0021444664180719,0,-0.0158478435978598,0,0.0,0,0.0
2018-01-02,-0.2488806713228757,1,-1.6508915446294663,0,0.0,0,1.0
2018-01-03,0.0193144731518165,0,0.126353840942522,0,0.0,0,0.0
2018-01-04,0.1479659414678047,0,0.9788869054746676,0,0.0,0,0.0
2018-01-05,-0.0006944899568242,0,-0.0062393028467293,0,0.0,0,0.0
2018-01-08,-0.1205593320450951,0,-0.8005461420363426,0,0.0,0,0.0
2018-01-09,0.2034633422051299,1,1.34665083186804,0,0.0,0,-1.0
2018-01-10,0.3114099001810742,1,2.06197892785909,0,0.0,0,0.0
2018-01-11,-0.0825391670817141,0,-0.548598393794275,0,0.0,0,0.0
2018-01-12,0.0458928739571117,0,0.3024805947643133,0,0.0,0,0.0
2018-01-16,-0.0168070373196838,0,-0.1130121174945889,0,0.0,0,0.0
2018-01-17,-0.1044622281409464,0,-0.693875666361789,0,0.0,0,0.0
2018-01-18,0.0041968490684276,0,0.026174071858186,0,0.0,0,0.0
2018-01-19,0.0464024082213525,0,0.3058571190548125,0,0.0,0,0.0
2018-01-22,0.1191947615993141,0,0.7882292902561282,0,0.0,0,0.0
2018-01-23,-0.0043395207618147,0,-0.0303937825675519,0,0.0,0,0.0
2018-01-24,0.1862101029486309,1,1.2323190086173188,0,0.0,0,-1.0
2018-01-25,-0.0012162890156553,0,-0.0096971020970468,0,0.0,0,0.0
2018-01-26,0.0237403820609757,0,0.1556829557599137,0,0.0,0,0.0
2018-01-29,0.1149449548458682,0,0.7600671493757322,0,0.0,0,0.0
2018-01-30,-0.0580741368616608,0,-0.3864762862086477,0,0.0,0,0.0
2018-01-31,0.0218119895077502,0,0.1429041011184389,0,0.0,0,0.0
2018-02-01,0.3245635849746561,1,2.1491442851904115,0,0.0,0,0.0
2018-02-02,0.1937677717926186,1,1.2824013175456437,0,0.0,0,-1.0
2018-02-05,-0.0781835080954556,0,-0.5197348032560669,0,0.0,0,0.0
2018-02-06,-0.122889927632389,0,-0.8159902704573305,0,0.0,0,0.0
2018-02-07,0.1978208211749733,1,1.3092596088334822,0,0.0,0,-1.0
2018-02-08,-0.1740354873070821,0,-1.154915906498898,1,-0.0501637804288548,0,1.0
2018-02-09,-0.0499635716488476,0,-0.3327301058775825,0,0.0,0,0.0
2018-02-12,-0.0379998582111736,0,-0.2534503167409895,0,0.0,0,0.0
2018-02-13,0.1090154657651418,0,0.7207742787752547,0,0.0,0,0.0
2018-02-14,0.2529864657041426,1,1.6748250905412336,0,0.0,0,-1.0
2018-02-15,-0.1235802112935871,0,-0.8205645644998378,0,0.0,0,0.0
2018-02-16,-0.0141848738063436,0,-0.0956358595708043,0,0.0,0,0.0
2018-02-20,0.0282224976753278,0,0.1853845348425997,0,0.0,0,0.0
2018-02-21,0.1194438151438652,0,0.7898796902426032,0,0.0,0,0.0
2018-02-22,-0.2566420800612738,1,-1.7023239741496723,0,0.0,0,0.0
2018-02-23,-0.0538333885511684,0,-0.3583741727980675,0,0.0,0,0.0
2018-02-26,0.0488753224500821,0,0.3222443486242862,0,0.0,0,0.0
2018-02-27,0.1410244605755983,0,0.9328878814846044,0,0.0,0,0.0
2018-02-28,0.0113071736965864,0,0.0732919705064461,0,0.0,0,0.0
2018-03-01,-0.0323782756865385,0,-0.2161978466372186,0,0.0,0,0.0
2018-03-02,0.0445030379814758,0,0.2932705862116269,0,0.0,0,0.0
2018-03-05,0.0685370308041832,0,0.4525363437058223,0,0.0,0,0.0
2018-03-06,-0.0088938479064948,0,-0.0605738848886508,0,0.0,0,0.0
2018-03-07,0.0496083656804435,0,0.3271019969651475,0,0.0,0,0.0
2018-03-08,-0.0372405396982116,0,-0.2484185503158948,0,0.0,0,0.0
2018-03-09,0.0585921743540635,0,0.3866348887381355,0,0.0,0,0.0
2018-03-12,-0.1121334749458497,0,-0.7447106209330295,0,0.0,0,0.0
2018-03-13,-0.0766051574366349,0,-0.5092755668269441,0,0.0,0,0.0
2018-03-14,-0.1228178435450657,0,-0.815512591743872,0,0.0,0,0.0
2018-03-15,0.0260857990336846,0,0.1712253008689335,0,0.0,0,0.0
2018-03-16,-0.0689814240702521,0,-0.4587554689602446,0,0.0,0,0.0
2018-03-19,0.0963079486846449,0,0.6365655354080851,0,0.0,0,0.0
2018-03-20,0.0644544369640589,0,0.4254822705318381,0,0.0,0,0.0
2018-03-21,-0.0537398194528803,0,-0.3577541196330838,0,0.0,0,0.0
2018-03-22,-0.2294039355465229,1,-1.5218253049988892,0,0.0,0,1.0
2018-03-23,-0.0728159264153516,0,-0.4841655173492307,0,0.0,0,0.0
2018-03-26,0.0934352890563805,0,0.6175293180349041,0,0.0,0,0.0
2018-03-27,-0.1994822990241125,0,-1.3235439731635388,1,0.144970224065571,1,1.0
2018-03-28,0.2202432021969024,1,1.4578457187081182,0,0.0,0,-1.0
2018-03-29,-0.0812716102373778,0,-0.5401986908206837,0,0.0,0,0.0
2018-04-02,0.1015164554595675,0,0.6710806816445416,0,0.0,0,0.0
2018-04-03,0.0010566982639674,0,0.0053652740771597,0,0.0,0,0.0
2018-04-04,-0.0526152840424019,0,-0.3503021749936701,0,0.0,0,0.0
2018-04-05,-0.0034910090356644,0,-0.0247709606001447,0,0.0,0,0.0
2018-04-06,0.0111325995781823,0,0.0721351223950398,0,0.0,0,0.0
2018-04-09,0.0877918514974303,0,0.5801320214505344,0,0.0,0,0.0
2018-04-10,-0.0115721436310858,0,-0.0783221134296622,0,0.0,0,0.0
2018-04-11,-0.0810035497132669,0,-0.5384223375221805,0,0.0,0,0.0
2018-04-12,0.206937765584311,1,1.3696747495093076,0,0.0,0,-1.0
2018-04-13,-0.2028554232692634,1,-1.3458966131093415,0,0.0,0,1.0
2018-04-16,-0.0393745526128162,0,-0.2625599868160249,0,0.0,0,0.0
2018-04-17,-0.1965345131263733,0,-1.3040099174867574,1,0.0124945241372548,1,1.0
2018-04-18,-0.0583491939886129,0,-0.3882990038070658,0,0.0,0,0.0
2018-04-19,0.577824504259623,1,3.82742522881652,0,0.0,0,0.0
2018-04-20,0.2433721765806748,1,1.6111142019130822,0,0.0,0,-1.0
2018-04-23,0.0851978524138815,0,0.5629424003988751,0,0.0,0,0.0
2018-04-24,0.1110799559968899,0,0.7344550101886411,0,0.0,0,0.0
2018-04-25,-0.0535276471398104,0,-0.3563481200386907,0,0.0,0,0.0
2018-04-26,-0.0450368216306383,0,-0.3000820735916903,0,0.0,0,0.0
2018-04-27,-0.0556993875716324,0,-0.3707395650019308,0,0.0,0,0.0
2018-04-30,0.0671272878032411,0,0.4431944175192981,0,0.0,0,0.0
2018-05-01,-0.0524820028494537,0,-0.3494189621912357,0,0.0,0,0.0
2018-05-02,-0.1432575371500556,0,-0.9509600518875866,0,0.0,0,0.0
2018-05-03,-0.1443378753286099,0,-0.9581191152869388,0,0.0,0,0.0
2018-05-04,-0.10034392107903,0,-0.6665849328308163,0,0.0,0,0.0
2018-05-07,0.0781890087411743,0,0.5164969843198015,0,0.0,0,0.0
2018-05-08,0.16885698929194,0,1.1173253489369126,-1,-0.0114605481760693,-1,-1.0
2018-05-09,0.0962103778868732,0,0.6359189642315412,0,0.0,0,0.0
2018-05-10,-0.0626668235468754,0,-0.4169105852138104,0,0.0,0,0.0
2018-05-11,0.0040954097705864,0,0.0255018653409614,0,0.0,0,0.0
2018-05-14,-0.1099237083791793,0,-0.7300671886609854,0,0.0,0,0.0
2018-05-15,0.2065364212712377,1,1.3670151662053962,0,0.0,0,-1.0
2018-05-16,-0.0630794136160856,0,-0.4196446906282572,0,0.0,0,0.0
2018-05-17,0.0552030474281031,0,0.3641762040289902,0,0.0,0,0.0
2018-05-18,-0.0881151421502662,0,-0.5855486375433143,0,0.0,0,0.0
2018-05-21,-0.0547538011751447,0,-0.364473459539399,0,0.0,0,0.0
2018-05-22,0.1325939754967977,0,0.8770216922074683,0,0.0,0,0.0
2018-05-23,-0.1593666422034514,0,-1.0577100554266834,1,0.141414353988613,1,1.0
2018-05-24,-0.1079662914563255,0,-0.7170959985948999,0,0.0,0,0.0
2018-05-25,-0.1355412222428774,0,-0.899826445090701,0,0.0,0,0.0
2018-05-29,-0.4286022195619291,1,-2.8418500644838462,0,0.0,0,0.0
2018-05-30,0.1429399797699061,0,0.945581428400698,0,0.0,0,0.0
2018-05-31,0.0838721724362979,0,0.554157533590341,0,0.0,0,0.0
2018-06-01,0.1320066584639831,0,0.8731297258242516,0,0.0,0,0.0
2018-06-04,0.1045258771632181,0,0.6910231785399612,0,0.0,0,0.0
2018-06-05,-0.06956657332714,0,-0.462633070170035,0,0.0,0,0.0
2018-06-06,0.2500248651721103,1,1.6551994896013975,0,0.0,0,-1.0
2018-06-07,-0.0363247078245677,0,-0.2423496187750894,0,0.0,0,0.0
2018-06-08,0.0408028251864645,0,0.2687504326926327,0,0.0,0,0.0
2018-06-11,-0.0739876972791174,0,-0.4919304765719434,0,0.0,0,0.0
2018-06-12,-0.1587868641005768,0,-1.053868047175536,1,0.072840723325981,1,1.0
2018-06-13,0.1560780248587811,0,1.0326431462978436,-1,-0.0110083437105671,-1,-1.0
2018-06-14,-0.2207455895407152,1,-1.4644491525870045,0,0.0,0,1.0
2018-06-15,-0.0115206011580691,0,-0.0779805575729769,0,0.0,0,0.0
2018-06-18,0.0492349131938425,0,0.3246272440763806,0,0.0,0,0.0
2018-06-19,0.1235310485488094,0,0.8169645083623369,0,0.0,0,0.0
2018-06-20,-0.1234179497107385,0,-0.8194893077127023,0,0.0,0,0.0
2018-06-21,0.0651802559780052,0,0.4302920462487815,0,0.0,0,0.0
2018-06-22,-0.0716591658523861,0,-0.4765000266977549,0,0.0,0,0.0
2018-06-25,-0.0379052227923176,0,-0.2528231974029308,0,0.0,0,0.0
2018-06-26,-0.1490533418361317,0,-0.9893670377939896,0,0.0,0,0.0
2018-06-27,-0.110749763026453,0,-0.7355411945866814,0,0.0,0,0.0
2018-06-28,0.1221040319126631,0,0.8075081151949924,0,0.0,0,0.0
2018-06-29,-0.0593498161288226,0,-0.3949298139392631,0,0.0,0,0.0
2018-07-02,0.1128271528337503,0,0.7460331374589101,0,0.0,0,0.0
2018-07-03,-0.0482026207584573,0,-0.32106083479404,0,0.0,0,0.0
2018-07-05,-0.2155369902752522,1,-1.4299333934446483,0,0.0,0,1.0
2018-07-06,0.0137898464347387,0,0.0897438666673886,0,0.0,0,0.0
2018-07-09,0.4053038837393322,1,2.684185005969624,0,0.0,0,0.0
2018-07-10,-0.196084772490849,0,-1.301029626882483,1,0.0157834898136251,1,1.0
2018-07-11,0.1402512667602101,0,0.9277641677677024,0,0.0,0,0.0
2018-07-12,-0.0414752430415812,0,-0.276480605618988,0,0.0,0,0.0
2018-07-13,-0.1122912970606794,0,-0.7457564587533663,0,0.0,0,0.0
2018-07-16,0.3469634441362119,1,2.297581149736608,0,0.0,0,0.0
2018-07-17,-0.0803199511702117,0,-0.5338923436678619,0,0.0,0,0.0
2018-07-18,0.1971761374100799,1,1.304987491049418,0,0.0,0,-1.0
2018-07-19,-0.3646797733030769,1,-2.4182559950590035,0,0.0,0,0.0
2018-07-20,0.1128483205182274,0,0.7461734090869963,0,0.0,0,0.0
2018-07-23,0.3080791792012283,1,2.0399072810973515,0,0.0,0,0.0
2018-07-24,0.0290742493147928,0,0.1910288267027584,0,0.0,0,0.0
2018-07-25,-0.1077463489952713,0,-0.7156385086587357,0,0.0,0,0.0
2018-07-26,-0.2014018925524918,0,-1.336264519417902,1,-0.0152988610455126,0,1.0
2018-07-27,0.091267046021118,0,0.60316104922539,0,0.0,0,0.0
2018-07-30,0.0081364805523201,0,0.0522807781869535,0,0.0,0,0.0
2018-07-31,-0.330530055269174,1,-2.191956488730449,0,0.0,0,0.0
2018-08-01,0.2717553499315648,1,1.7992006192289598,0,0.0,0,0.0
2018-08-02,-0.1149147113027907,0,-0.7631410048657439,0,0.0,0,0.0
2018-08-03,-0.1004987026516867,0,-0.6676106219286356,0,0.0,0,0.0
2018-08-06,-0.0199738624595956,0,-0.1339976777583499,0,0.0,0,0.0
2018-08-07,0.0144380335775921,0,0.0940392002420497,0,0.0,0,0.0
2018-08-08,0.1224871969309404,0,0.8100472299950751,0,0.0,0,0.0
2018-08-09,-0.0162108612123604,0,-0.1090614447939179,0,0.0,0,0.0
2018-08-10,0.0740183747182359,0,0.4888594963753611,0,0.0,0,0.0
2018-08-13,-0.0219424404053242,0,-0.14704282843413,0,0.0,0,0.0
2018-08-14,0.0603594305978765,0,0.398345943427779,0,0.0,0,0.0
2018-08-15,0.0022143601163944,0,0.0130367372921571,0,0.0,0,0.0
2018-08-16,0.0595348312990997,0,0.3928815816416346,0,0.0,0,0.0
2018-08-17,-0.0403745853139753,0,-0.2691868909198905,0,0.0,0,0.0
2018-08-20,0.0226880944245878,0,0.1487097745349966,0,0.0,0,0.0
2018-08-21,-0.0452482305244595,0,-0.3014830142453646,0,0.0,0,0.0
2018-08-22,0.0882199688228781,0,0.5829690211383022,0,0.0,0,0.0
2018-08-23,-0.0029037167822195,0,-0.0208791584220644,0,0.0,0,0.0
2018-08-24,-0.0023575371994025,0,-0.0172597970605585,0,0.0,0,0.0
2018-08-27,0.0279901784625922,0,0.1838450280419723,0,0.0,0,0.0
2018-08-28,0.0345052793577306,0,0.2270185650763584,0,0.0,0,0.0
2018-08-29,-0.0196324823664685,0,-0.1317354585954167,0,0.0,0,0.0
2018-08-30,0.0314767782004021,0,0.2069496346055851,0,0.0,0,0.0
2018-08-31,0.0253773499259734,0,0.1665306300908387,0,0.0,0,0.0
2018-09-04,0.1371737392824167,0,0.9073703551966642,0,0.0,0,0.0
2018-09-05,-0.2150952912777451,1,-1.427006392261727,0,0.0,0,1.0
2018-09-06,0.0314077744927037,0,0.2064923686049852,0,0.0,0,0.0
2018-09-07,0.106011019120971,0,0.700864750043821,0,0.0,0,0.0
2018-09-10,-0.173332886654412,0,-1.1502599916041532,1,0.1371799065886778,1,1.0
2018-09-11,0.1395914233988575,0,0.9233915920767396,0,0.0,0,0.0
2018-09-12,-0.1890423029002277,0,-1.2543613823567372,1,0.0828755131111699,1,1.0
2018-09-13,-0.0589521901928251,0,-0.3922948711578812,0,0.0,0,0.0
2018-09-14,0.12486950256516,0,0.8258340247326603,0,0.0,0,0.0
2018-09-17,-0.0624344592716438,0,-0.4153707797981084,0,0.0,0,0.0
2018-09-18,0.0273150446780265,0,0.1793711274961094,0,0.0,0,0.0
2018-09-19,0.2451213715077935,1,1.6227055699028967,0,0.0,0,-1.0
2018-09-20,0.012042366631837,0,0.0781638642696184,0,0.0,0,0.0
2018-09-21,-0.0004823271961272,0,-0.0048333665529255,0,0.0,0,0.0
2018-09-24,0.0364134503937302,0,0.2396634180443522,0,0.0,0,0.0
2018-09-25,0.158894873644171,0,1.0513095226615683,-1,0.0569135545547676,0,-1.0
2018-09-26,-0.0425947269232012,0,-0.2838990753557474,0,0.0,0,0.0
2018-09-27,-0.0757050411890565,0,-0.5033107778274252,0,0.0,0,0.0
2018-09-28,-0.1408570699486154,0,-0.9350529061212725,0,0.0,0,0.0
2018-10-01,0.0177025588275268,0,0.1156721885942201,0,0.0,0,0.0
2018-10-02,-0.0897896277360211,0,-0.5966449300817895,0,0.0,0,0.0
2018-10-03,0.2352710269165672,1,1.5574304154800211,0,0.0,0,-1.0
2018-10-04,0.2418538916954673,1,1.6010530025893437,0,0.0,0,-1.0
2018-10-05,0.011971925205006,0,0.0776970709537521,0,0.0,0,0.0
2018-10-08,0.0185844996323518,0,0.1215165346161926,0,0.0,0,0.0
2018-10-09,0.2158084281989386,1,1.4284578577184144,0,0.0,0,-1.0
2018-10-10,-0.0871099631991858,0,-0.5788876308499203,0,0.0,0,0.0
2018-10-11,-0.1951641207933403,0,-1.2949287558755858,1,0.1587983625260729,1,1.0
2018-10-12,-0.113462324018818,0,-0.7535164883460295,0,0.0,0,0.0
2018-10-15,-0.1263973795175351,0,-0.8392330576830327,0,0.0,0,0.0
2018-10-16,-0.0104382927141652,0,-0.0708084378410509,0,0.0,0,0.0
2018-10-17,0.2746576029968663,1,1.818432943058581,0,0.0,0,0.0
2018-10-18,0.0356987131526533,0,0.2349270777720914,0,0.0,0,0.0
2018-10-19,0.1080596811090137,0,0.7144405926340257,0,0.0,0,0.0
2018-10-22,-0.1363492495729625,0,-0.9051809896206646,0,0.0,0,0.0
2018-10-23,-0.0186999141539835,0,-0.1255556205688318,0,0.0,0,0.0
2018-10-24,-0.1243564450891894,0,-0.8257084232153316,0,0.0,0,0.0
2018-10-25,0.118936525918169,0,0.7865180431207479,0,0.0,0,0.0
2018-10-26,0.164731909440839,0,1.0899897342491638,-1,-0.0549612270892936,-1,-1.0
2018-10-29,0.0582671777187712,0,0.3844812376288625,0,0.0,0,0.0
2018-10-30,-0.1377522802366431,0,-0.9144784352464096,0,0.0,0,0.0
2018-10-31,0.2778680324920132,1,1.839707455753916,0,0.0,0,0.0
2018-11-01,-0.5089478822655416,1,-3.374275655448239,0,0.0,0,0.0
2018-11-02,0.0682928331272685,0,0.4509181220362457,0,0.0,0,0.0
2018-11-05,0.0684755239366886,0,0.4521287569217662,0,0.0,0,0.0
2018-11-06,-0.0957075621690596,0,-0.6358612316439818,0,0.0,0,0.0
2018-11-07,-0.008003931088618,0,-0.0546766843214581,0,0.0,0,0.0
2018-11-08,0.1542422829008415,0,1.020478258189077,-1,-0.0876488896159789,-1,-1.0
2018-11-09,0.120002552023827,0,0.7935822648869205,0,0.0,0,0.0
2018-11-12,0.0837916129246967,0,0.5536236908895809,0,0.0,0,0.0
2018-11-13,-0.0622061653932687,0,-0.413857947629982,0,0.0,0,0.0
2018-11-14,-0.2213613810804096,1,-1.4685298106262832,0,0.0,0,1.0
2018-11-15,0.0856864704577754,0,0.5661803194354725,0,0.0,0,0.0
2018-11-16,-0.1203157326701569,0,-0.7989318851269377,0,0.0,0,0.0
2018-11-19,0.2133814379977954,1,1.4123749523240654,0,0.0,0,-1.0
2018-11-20,-0.139331131799902,0,-0.924940991012664,0,0.0,0,0.0
2018-11-21,-0.0257455696089897,0,-0.1722449768219665,0,0.0,0,0.0
2018-11-23,-0.0601045392485513,0,-0.3999311281299039,0,0.0,0,0.0
2018-11-26,0.1135381210580849,0,0.7507445016354013,0,0.0,0,0.0
2018-11-27,-0.0759402755491454,0,-0.5048696023982983,0,0.0,0,0.0
2018-11-28,0.0283078291459764,0,0.1859499998242691,0,0.0,0,0.0
2018-11-29,-0.0235638469338356,0,-0.1577873826525789,0,0.0,0,0.0
2018-11-30,-0.043212770741656,0,-0.2879946585423169,0,0.0,0,0.0
2018-12-03,-0.2781156537313236,1,-1.844622634297256,0,0.0,0,0.0
2018-12-04,-0.032094699147168,0,-0.2143186735558422,0,0.0,0,0.0
2018-12-06,-0.1138569807137179,0,-0.7561317548948321,0,0.0,0,0.0
2018-12-07,0.1598643625587397,0,1.05773402263958,-1,-0.0391092659181906,-1,-1.0
2018-12-10,-0.1690646551828064,0,-1.1219757558760155,1,0.1801737439062455,1,1.0
2018-12-11,-0.1742541889820257,0,-1.156365174133372,1,-0.0121080389846752,0,1.0
2018-12-12,-0.00996296957107,0,-0.0676586199561068,0,0.0,0,0.0
2018-12-13,-0.0877216773887143,0,-0.5829412695642149,0,0.0,0,0.0
2018-12-14,0.0480404857119796,0,0.3167121465279179,0,0.0,0,0.0
2018-12-17,0.2106736525613358,1,1.394431304680881,0,0.0,0,-1.0
2018-12-18,-0.113967005029898,0,-0.7568608516449422,0,0.0,0,0.0
2018-12-19,0.1811499397696091,1,1.1987868890192086,0,0.0,0,-1.0
2018-12-20,0.0089792619656978,0,0.0578656271628926,0,0.0,0,0.0
2018-12-21,-0.0411904119570573,0,-0.2745931190590463,0,0.0,0,0.0
2018-12-24,0.2092655174291864,1,1.3851000333382315,0,0.0,0,-1.0
2018-12-26,0.0025845075644208,0,0.0154895887234339,0,0.0,0,0.0
2018-12-27,0.0048696474731911,0,0.0306324965721317,0,0.0,0,0.0
2018-12-28,-0.0003889179164565,0,-0.0042143724559612,0,0.0,0,0.0
2018-12-31,0.0579804144197494,0,0.382580946887447,0,0.0,0,0.0
2019-01-02,0.079541191964422,0,0.5254574798525293,0,0.0,0,0.0
2019-01-03,0.2134200778336501,1,1.412631006437597,0,0.0,0,-1.0
2019-01-04,-0.0367239778101029,0,-0.2449954561588335,0,0.0,0,0.0
2019-01-07,-0.1177036737470162,0,-0.7816225871637454,0,0.0,0,0.0
2019-01-08,-0.161054619707303,0,-1.0688957546888591,1,0.0353894922546146,1,1.0
2019-01-09,-0.1265539802161344,0,-0.8402708015598206,0,0.0,0,0.0
2019-01-10,-0.1508520054118297,0,-1.001286219054213,1,0.005761566148638,1,1.0
2019-01-11,0.003277434151667,0,0.0200813966106926,0,0.0,0,0.0
2019-01-14,0.4013331274784559,1,2.657872045473281,0,0.0,0,0.0
2019-01-15,0.1435294339126119,0,0.9494875567431108,0,0.0,0,0.0
2019-01-16,0.2977599791789049,1,1.97152516829516,0,0.0,0,0.0
2019-01-17,-0.0849616834041739,0,-0.5646516521931079,0,0.0,0,0.0
2019-01-18,-0.0408926495452395,0,-0.2726199406354158,0,0.0,0,0.0
2019-01-22,0.2147404265076651,1,1.421380544363929,0,0.0,0,-1.0
2019-01-23,0.0391280142732312,0,0.2576519843106546,0,0.0,0,0.0
2019-01-24,-0.3169546645105403,1,-2.101996617792535,0,0.0,0,0.0
2019-01-25,-0.0235309502487176,0,-0.1575693866036905,0,0.0,0,0.0
2019-01-28,0.043618820435562,0,0.2874111529381609,0,0.0,0,0.0
2019-01-29,-0.2500995798728153,1,-1.6589688705633767,0,0.0,0,1.0
2019-01-30,-0.2232678051453555,1,-1.481163086963201,0,0.0,0,1.0
2019-01-31,-0.175334262378652,0,-1.163522482905658,1,0.0546530334701049,1,1.0
2019-02-01,0.1192490877540574,0,0.7885892927014462,0,0.0,0,0.0
2019-02-04,-0.0055420625345899,0,-0.038362650985392,0,0.0,0,0.0
2019-02-05,-0.0513135739029373,0,-0.3416761488094635,0,0.0,0,0.0
2019-02-06,-0.1471945090171897,0,-0.9770491337674824,0,0.0,0,0.0
2019-02-07,0.0756769001177592,0,0.4998500257487771,0,0.0,0,0.0
2019-02-08,-0.0347181889399934,0,-0.2317037203191858,0,0.0,0,0.0
2019-02-11,-0.0553885541026693,0,-0.368679768768565,0,0.0,0,0.0
2019-02-12,-0.0894045457370786,0,-0.5940931120500803,0,0.0,0,0.0
2019-02-13,0.0005739074198354,0,0.0021659700718219,0,0.0,0,0.0
2019-02-14,-0.1087940947564746,0,-0.7225815922965787,0,0.0,0,0.0
2019-02-15,0.1078126228278236,0,0.7128034146341317,0,0.0,0,0.0
2019-02-19,0.0008237538313698,0,0.0038216241399483,0,0.0,0,0.0
2019-02-20,0.0790979623795191,0,0.5225203359453922,0,0.0,0,0.0
2019-02-21,-0.0821915112880987,0,-0.5462945875259684,0,0.0,0,0.0
2019-02-22,-0.0389763375389906,0,-0.2599211400024181,0,0.0,0,0.0
2019-02-25,0.0296254402590644,0,0.1946813967900896,0,0.0,0,0.0
2019-02-26,0.0838536406702007,0,0.5540347293693805,0,0.0,0,0.0
2019-02-27,0.1621241801804284,0,1.072709127607446,-1,-0.0746142846301923,-1,-1.0
2019-02-28,0.111951259687977,0,0.740228867382997,0,0.0,0,0.0
2019-03-01,0.0241862378615066,0,0.1586375027770721,0,0.0,0,0.0
2019-03-04,-0.1322492295468201,0,-0.8780114385593033,0,0.0,0,0.0
2019-03-05,0.0785735588695662,0,0.5190452778116328,0,0.0,0,0.0
2019-03-06,-0.0336507671306344,0,-0.2246302496608785,0,0.0,0,0.0
2019-03-07,-0.1176669038701163,0,-0.7813789246836638,0,0.0,0,0.0
2019-03-08,-0.0416399016373727,0,-0.2775717466615985,0,0.0,0,0.0
2019-03-11,-0.1214859173294792,0,-0.8066863330686449,0,0.0,0,0.0
2019-03-12,0.0173522445042438,0,0.1133507650808529,0,0.0,0,0.0
2019-03-13,0.0419679971114098,0,0.2764716628105866,0,0.0,0,0.0
2019-03-14,0.1652088607888577,0,1.0931503417391644,-1,-0.0457894860711406,-1,-1.0
2019-03-15,-0.0432544607717509,0,-0.2882709253395984,0,0.0,0,0.0
2019-03-18,0.0786448164194912,0,0.5195174793201258,0,0.0,0,0.0
2019-03-19,-0.1048704595553531,0,-0.6965808883333535,0,0.0,0,0.0
2019-03-20,-0.2321045109851328,1,-1.539721174240144,0,0.0,0,1.0
2019-03-21,-0.3908532765605605,1,-2.591699619401001,0,0.0,0,0.0
2019-03-22,-0.0818037174938566,0,-0.5437247992745059,0,0.0,0,0.0
2019-03-25,-0.0280441917400479,0,-0.1874772271432706,0,0.0,0,0.0
2019-03-26,0.1034286454046073,0,0.6837521666664484,0,0.0,0,0.0
2019-03-27,0.0577880017456214,0,0.3813058882435275,0,0.0,0,0.0
2019-03-28,0.1151076435992267,0,0.7611452368883047,0,0.0,0,0.0
2019-03-29,-0.0994990165799208,0,-0.6609860148294037,0,0.0,0,0.0
2019-04-01,0.0971841895789619,0,0.6423721099048921,0,0.0,0,0.0
2019-04-02,-0.0026083760305064,0,-0.0189220275829455,0,0.0,0,0.0
2019-04-03,-0.0895878854856457,0,-0.5953080472524719,0,0.0,0,0.0
2019-04-04,-0.0613678183453152,0,-0.4083024838075423,0,0.0,0,0.0
2019-04-05,-0.1490364348125647,0,-0.9892550002338872,0,0.0,0,0.0
2019-04-08,0.0309978339814753,0,0.2037758209830407,0,0.0,0,0.0
2019-04-09,0.0491690997746183,0,0.3241911191202262,0,0.0,0,0.0
2019-04-10,0.0265223018392435,0,0.1741178685121259,0,0.0,0,0.0
2019-04-11,0.007681332793293,0,0.0492646562654744,0,0.0,0,0.0
2019-04-12,0.1021643629863197,0,0.6753741622907069,0,0.0,0,0.0
2019-04-15,-0.0574650019279619,0,-0.3824397394164696,0,0.0,0,0.0
2019-04-16,0.2094214749712912,1,1.3861335152179797,0,0.0,0,-1.0
2019-04-17,-0.0515620611879898,0,-0.3433227963712528,0,0.0,0,0.0
2019-04-18,-0.0839629402964567,0,-0.5580332938218596,0,0.0,0,0.0
2019-04-22,0.0749296368207293,0,0.4948981454712464,0,0.0,0,0.0
2019-04-23,0.0213509904557884,0,0.1398492045077753,0,0.0,0,0.0
2019-04-24,-0.1431371454253101,0,-0.9501622535617288,0,0.0,0,0.0
2019-04-25,0.393209139126426,1,2.604036914194653,0,0.0,0,0.0
2019-04-26,0.0510928416032121,0,0.3369391548633668,0,0.0,0,0.0
2019-04-29,0.1915528091445509,1,1.267723452466457,0,0.0,0,-1.0
2019-04-30,-0.0914657733444759,0,-0.6077522230717789,0,0.0,0,0.0
2019-05-01,-0.0150403027223836,0,-0.1013045195933213,0,0.0,0,0.0
2019-05-02,-0.0546454412384454,0,-0.3637553921118289,0,0.0,0,0.0
2019-05-03,-0.0438811696749317,0,-0.292423929333972,0,0.0,0,0.0
2019-05-06,0.2140989228896332,1,1.417129500419013,0,0.0,0,-1.0
2019-05-07,0.0215193813786374,0,0.1409650785150835,0,0.0,0,0.0
2019-05-08,0.15829435682373,0,1.047330085411959,-1,-0.0474549694857944,-1,-1.0
2019-05-09,0.0897550016856433,0,0.5931412040739563,0,0.0,0,0.0
2019-05-10,0.0833302931183407,0,0.5505666687398136,0,0.0,0,0.0
2019-05-13,-0.0053977214898139,0,-0.0374061480021659,0,0.0,0,0.0
2019-05-14,0.0712009937971019,0,0.4701895937144036,0,0.0,0,0.0
2019-05-15,-0.1035695304960985,0,-0.6879600381235358,0,0.0,0,0.0
2019-05-16,0.2496474609010497,1,1.652698549472331,0,0.0,0,-1.0
2019-05-17,0.1120558138190485,0,0.7409217149263525,0,0.0,0,0.0
2019-05-20,0.2998900266091913,1,1.985640326770309,0,0.0,0,0.0
2019-05-21,-0.0813439731127894,0,-0.540678216975655,0,0.0,0,0.0
2019-05-22,0.1371597618965269,0,0.9072777314296546,0,0.0,0,0.0
2019-05-23,-0.0645911983144269,0,-0.4296628152455691,0,0.0,0,0.0
2019-05-24,0.13728244803819,0,0.9080907341391976,0,0.0,0,0.0
2019-05-28,0.159848271600524,0,1.0576273928894615,-1,-0.0685413903863537,-1,-1.0
2019-05-29,0.1466388268732262,0,0.9700925319077648,0,0.0,0,0.0
2019-05-30,-0.1103580965919847,0,-0.7329457435590143,0,0.0,0,0.0
2019-05-31,0.0227475210456193,0,0.1491035761760194,0,0.0,0,0.0
2019-06-03,-0.1802387463190617,0,-1.1960229648542695,1,0.0179037629267786,1,1.0
2019-06-04,-0.0817207100728245,0,-0.5431747350431552,0,0.0,0,0.0
2019-06-05,-0.0142109421888858,0,-0.0958086065930262,0,0.0,0,0.0
2019-06-06,-0.0743241679583213,0,-0.4941601625834729,0,0.0,0,0.0
2019-06-07,-0.0645001269224443,0,-0.4290593135994982,0,0.0,0,0.0
2019-06-10,-0.0403364082561635,0,-0.2689339034917857,0,0.0,0,0.0
2019-06-11,-0.0240779696124563,0,-0.1611943129308519,0,0.0,0,0.0
2019-06-12,-0.0177428464349743,0,-0.1192134319709709,0,0.0,0,0.0
2019-06-13,-0.1155394099218485,0,-0.7672806873356417,0,0.0,0,0.0
2019-06-14,0.1885635141337304,1,1.2479143288728882,0,0.0,0,-1.0
2019-06-17,-0.0739002398183704,0,-0.4913509233184684,0,0.0,0,0.0
2019-06-18,-0.1167573202267677,0,-0.7753513982118507,0,0.0,0,0.0
2019-06-19,-0.0787735030516019,0,-0.5236445154000938,0,0.0,0,0.0
2019-06-20,-0.1696356480803534,0,-1.1257595473176818,1,0.0855822374510383,1,1.0
2019-06-21,0.0109829105076597,0,0.0711431797169651,0,0.0,0,0.0
2019-06-24,-0.0293321820001147,0,-0.1960123359754945,0,0.0,0,0.0
2019-06-25,0.0729404240734316,0,0.4817162544158345,0,0.0,0,0.0
2019-06-26,-0.1508388737946087,0,-1.0011991999317869,1,-0.0460992266570122,0,1.0
2019-06-27,0.0342274514551128,0,0.225177486413738,0,0.0,0,0.0
2019-06-28,0.029030528667497,0,0.1907391036400497,0,0.0,0,0.0
2019-07-01,0.065485951362121,0,0.4323177940000116,0,0.0,0,0.0
2019-07-02,0.045785282045104,0,0.3017676167962926,0,0.0,0,0.0
2019-07-03,0.0720376349539377,0,0.4757337531296619,0,0.0,0,0.0
2019-07-05,0.1646637069989198,0,1.0895377779864093,-1,-0.0195337340745155,-1,-1.0
2019-07-08,-0.0295983538275593,0,-0.1977761734715895,0,0.0,0,0.0
2019-07-09,0.1828050004981855,1,1.2097544591013034,0,0.0,0,-1.0
2019-07-10,-0.0725796646198019,0,-0.4825998842847318,0,0.0,0,0.0
2019-07-11,0.1033253861227118,0,0.6830678996838164,0,0.0,0,0.0
2019-07-12,-0.1799385524248714,0,-1.1940336737570292,1,0.1373691134277074,1,1.0
2019-07-15,-0.0876287681178273,0,-0.5823255888691588,0,0.0,0,0.0
2019-07-16,-0.0214968840406015,0,-0.1440902656844696,0,0.0,0,0.0
2019-07-17,0.0497968498370088,0,0.3283510225512194,0,0.0,0,0.0
2019-07-18,0.0357339044893201,0,0.2351602797594937,0,0.0,0,0.0
2019-07-19,0.0242831775640487,0,0.1592798918828078,0,0.0,0,0.0
2019-07-22,-0.0157369476388653,0,-0.1059209676860873,0,0.0,0,0.0
2019-07-23,-0.0771986417943274,0,-0.5132084021442431,0,0.0,0,0.0
2019-07-24,-0.059748012464785,0,-0.3975685365829075,0,0.0,0,0.0
2019-07-25,0.1378011077097451,0,0.9115277296513988,0,0.0,0,0.0
2019-07-26,0.1353809387657626,0,0.8954900265959532,0,0.0,0,0.0
2019-07-29,-0.1560426353582389,0,-1.0356829011363455,1,0.0652878676719464,1,1.0
2019-07-30,-0.1074609515740593,0,-0.713747269162597,0,0.0,0,0.0
2019-07-31,0.230086463560328,1,1.5230739347945508,0,0.0,0,-1.0
2019-08-01,-0.0867853289680624,0,-0.5767363812797881,0,0.0,0,0.0
2019-08-02,0.1732055928501535,0,1.1461421853589682,-1,0.077011517682274,0,-1.0
2019-08-05,-0.0267993775517043,0,-0.1792282326416685,0,0.0,0,0.0
2019-08-06,0.1129163442720524,0,0.7466241812396073,0,0.0,0,0.0
2019-08-07,-0.2080772381946383,1,-1.380499948298765,0,0.0,0,1.0
2019-08-08,-0.0020363559568594,0,-0.015131429366356,0,0.0,0,0.0
2019-08-09,0.2230135755907016,1,1.476204117179816,0,0.0,0,-1.0
2019-08-12,-0.1164790623483356,0,-0.7735074702339179,0,0.0,0,0.0
2019-08-13,-0.0557303759433174,0,-0.370944915254231,0,0.0,0,0.0
2019-08-14,-0.0913686049043505,0,-0.6071083181935815,0,0.0,0,0.0
2019-08-15,0.1166992548613866,0,0.7716923471905385,0,0.0,0,0.0
2019-08-16,-0.0297219206573152,0,-0.1985950122258244,0,0.0,0,0.0
2019-08-19,-0.0328384388361953,0,-0.2192472039846071,0,0.0,0,0.0
2019-08-20,-0.0908531933575618,0,-0.6036928469888552,0,0.0,0,0.0
2019-08-21,-0.0498070772285762,0,-0.3316930662740508,0,0.0,0,0.0
2019-08-22,0.0954256988645967,0,0.6307191416388258,0,0.0,0,0.0
2019-08-23,0.1074320626770723,0,0.7102815614768717,0,0.0,0,0.0
2019-08-26,0.0521919928039804,0,0.3442228862800466,0,0.0,0,0.0
2019-08-27,0.0446164640600462,0,0.2940222253777186,0,0.0,0,0.0
2019-08-28,-0.0719673110746071,0,-0.4785420087602974,0,0.0,0,0.0
2019-08-29,-0.0713993116630221,0,-0.474778054214348,0,0.0,0,0.0
2019-08-30,0.0091888619529547,0,0.0592545807582231,0,0.0,0,0.0
2019-09-03,-0.0342282759150848,0,-0.2284572198482101,0,0.0,0,0.0
2019-09-04,-0.0256839250074849,0,-0.1718364773176807,0,0.0,0,0.0
2019-09-05,0.0354439911708368,0,0.2332391148237917,0,0.0,0,0.0
2019-09-06,0.0110062254612253,0,0.0712976806260715,0,0.0,0,0.0
2019-09-09,0.0138249928147057,0,0.0899767707407948,0,0.0,0,0.0
2019-09-10,-0.3360100593235996,1,-2.228270762569074,0,0.0,0,0.0
2019-09-11,-0.1662079231168563,0,-1.1030450854793916,1,0.0479688527339444,1,1.0
2019-09-12,0.1698083534744439,0,1.1236297419812578,-1,0.0134454681669459,0,-1.0
2019-09-13,0.0289508884338208,0,0.1902113527067359,0,0.0,0,0.0
2019-09-16,0.1122361389533209,0,0.7421166732221715,0,0.0,0,0.0
2019-09-17,0.0779083456023525,0,0.5146371174331424,0,0.0,0,0.0
2019-09-18,0.0329117938806509,0,0.2164590349377241,0,0.0,0,0.0
2019-09-19,-0.0100278349561716,0,-0.0680884625864828,0,0.0,0,0.0
2019-09-20,-0.037288864823559,0,-0.2487387858153072,0,0.0,0,0.0
2019-09-23,-0.0084339847928355,0,-0.0575265157860274,0,0.0,0,0.0
2019-09-24,-0.0177750050539008,0,-0.1194265370859258,0,0.0,0,0.0
2019-09-25,-0.0581337907488297,0,-0.3868715938713204,0,0.0,0,0.0
2019-09-26,-0.0525438993139229,0,-0.3498291307126553,0,0.0,0,0.0
2019-09-27,-0.0067961831254184,0,-0.0466733161071129,0,0.0,0,0.0
2019-09-30,-0.0976433240235636,0,-0.6486889203414109,0,0.0,0,0.0
2019-10-01,-0.1130440581736873,0,-0.7507447713387848,0,0.0,0,0.0
2019-10-02,0.0029139967336639,0,0.0176730104508491,0,0.0,0,0.0
2019-10-03,-0.0075065753922063,0,-0.0513808635929843,0,0.0,0,0.0
2019-10-04,0.0662538601121408,0,0.4374064852408101,0,0.0,0,0.0
2019-10-07,0.0579286534475312,0,0.3822379431048554,0,0.0,0,0.0
2019-10-08,0.0605728281716955,0,0.3997600624421442,0,0.0,0,0.0
2019-10-09,-0.0101027047995284,0,-0.0685846016343581,0,0.0,0,0.0
2019-10-10,0.0798670667948815,0,0.5276169504866552,0,0.0,0,0.0
2019-10-11,-0.1467258356028938,0,-0.9739433815566098,0,0.0,0,0.0
2019-10-14,0.0704770309796234,0,0.4653921184312115,0,0.0,0,0.0
2019-10-15,-0.0340929851058752,0,-0.2275606899470111,0,0.0,0,0.0
2019-10-16,-0.0259350055568057,0,-0.1735003096311303,0,0.0,0,0.0
2019-10-17,-0.153360471315907,0,-1.0179090384628866,1,-0.016151346683919,0,1.0
2019-10-18,0.0126338099650328,0,0.0820831743555944,0,0.0,0,0.0
2019-10-21,-0.0166543761362982,0,-0.1120004795536437,0,0.0,0,0.0
2019-10-22,-0.2744451571048934,1,-1.820299400538278,0,0.0,0,0.0
2019-10-23,0.0901806082299087,0,0.5959615655996897,0,0.0,0,0.0
2019-10-24,-0.0628161568335299,0,-0.4179001702234076,0,0.0,0,0.0
2019-10-25,-0.0630940204551545,0,-0.4197414855847203,0,0.0,0,0.0
2019-10-28,0.0962452440232881,0,0.6361500112185309,0,0.0,0,0.0
2019-10-29,0.0462353681196385,0,0.3047501965169039,0,0.0,0,0.0
2019-10-30,0.1147223349605674,0,0.758591916986039,0,0.0,0,0.0
2019-10-31,0.0419590881470406,0,0.2764126258886231,0,0.0,0,0.0
2019-11-01,-0.1395860329368889,0,-0.9266301411662746,0,0.0,0,0.0
2019-11-04,-0.1051168003972865,0,-0.6982133120875627,0,0.0,0,0.0
2019-11-05,0.0006679236860875,0,0.0027889864791193,0,0.0,0,0.0
2019-11-06,0.1149073161861616,0,0.7598177297435692,0,0.0,0,0.0
2019-11-07,0.2164846825160448,1,1.4329391836831484,0,0.0,0,-1.0
2019-11-08,0.0199723181723961,0,0.1307131742538566,0,0.0,0,0.0
2019-11-11,0.070109347126506,0,0.4629555924732861,0,0.0,0,0.0
2019-11-12,-0.0089830111644042,0,-0.0611647419266944,0,0.0,0,0.0
2019-11-13,-0.0619115649407423,0,-0.4119057225221587,0,0.0,0,0.0
2019-11-14,0.0651691603877307,0,0.430218519240475,0,0.0,0,0.0
2019-11-15,-0.1138830645044461,0,-0.7563046040222863,0,0.0,0,0.0
2019-11-18,0.110999259132433,0,0.7339202572934422,0,0.0,0,0.0
2019-11-19,0.149412454127418,0,0.9884724926951396,0,0.0,0,0.0
2019-11-20,0.070067841581964,0,0.4626805482040935,0,0.0,0,0.0
2019-11-21,0.0507518594380949,0,0.334679572644964,0,0.0,0,0.0
2019-11-22,0.0156799397800392,0,0.1022689244301426,0,0.0,0,0.0
2019-11-25,-0.1044598970618287,0,-0.693860219029163,0,0.0,0,0.0
2019-11-26,-0.007037058267624,0,-0.0482695203777842,0,0.0,0,0.0
2019-11-27,-0.026770432120418,0,-0.1790364203167747,0,0.0,0,0.0
2019-11-29,0.0853966777110304,0,0.5642599534909902,0,0.0,0,0.0
2019-12-02,-0.0086548947891693,0,-0.0589904172760411,0,0.0,0,0.0
2019-12-03,-0.0309997215637687,0,-0.2070625993968085,0,0.0,0,0.0
2019-12-04,-0.0711775211269599,0,-0.4733083176628077,0,0.0,0,0.0
2019-12-05,-0.0217870097807817,0,-0.146012838272355,0,0.0,0,0.0
2019-12-06,0.0338956249383236,0,0.222978575814782,0,0.0,0,0.0
2019-12-09,0.0239970487898973,0,0.157383805939358,0,0.0,0,0.0
2019-12-10,-0.046547794615581,0,-0.3100948192380488,0,0.0,0,0.0
2019-12-11,-0.2224711819447243,1,-1.4758841140342376,0,0.0,0,1.0
2019-12-12,0.0456067341271968,0,0.3005844355577746,0,0.0,0,0.0
2019-12-13,-0.0081616353596866,0,-0.0557217412280271,0,0.0,0,0.0
2019-12-16,-0.0893893544949147,0,-0.5939924444369892,0,0.0,0,0.0
2019-12-17,0.0332075844492227,0,0.218419146572555,0,0.0,0,0.0
2019-12-18,-0.1056582786326695,0,-0.701801519089248,0,0.0,0,0.0
2019-12-19,-0.0265646735538825,0,-0.17767292261575,0,0.0,0,0.0
2019-12-20,-0.1248280238332399,0,-0.8288334281382927,0,0.0,0,0.0
2019-12-23,-0.0766562231018624,0,-0.5096139630274586,0,0.0,0,0.0
2019-12-24,0.0083945894955044,0,0.0539911854694847,0,0.0,0,0.0
2019-12-26,0.0291687055611504,0,0.1916547587206784,0,0.0,0,0.0
2019-12-27,0.0117208467092861,0,0.0760332522488738,0,0.0,0,0.0
2019-12-30,-0.0284893125217944,0,-0.1904269034207093,0,0.0,0,0.0
2019-12-31,-0.0181360269132272,0,-0.1218189160935144,0,0.0,0,0.0
2020-01-02,0.1452151532526717,0,0.9606582918597322,0,0.0,0,0.0
2020-01-03,0.0578397424584297,0,0.381648757773343,0,0.0,0,0.0
2020-01-06,0.0605754317232395,0,0.3997773153643651,0,0.0,0,0.0
2020-01-07,-0.1563055772274962,0,-1.0374253347092066,1,0.1457992888739954,1,1.0
2020-01-08,0.0337539891739575,0,0.2220399998791714,0,0.0,0,0.0
2020-01-09,0.1164169427843245,0,0.7698215533056139,0,0.0,0,0.0
2020-01-10,-0.1112299707974129,0,-0.7387233813735675,0,0.0,0,0.0
2020-01-13,-0.0702416950842944,0,-0.467106891014003,0,0.0,0,0.0
2020-01-14,-0.1155899630426794,0,-0.7676156870646602,0,0.0,0,0.0
2020-01-15,-0.0683587154032409,0,-0.4546289732805076,0,0.0,0,0.0
2020-01-16,-0.0476599576523195,0,-0.3174647760242489,0,0.0,0,0.0
2020-01-17,0.0562300589172269,0,0.370981888127223,0,0.0,0,0.0
2020-01-21,-0.0133474641993651,0,-0.0900866078766647,0,0.0,0,0.0
2020-01-22,0.0415470144307594,0,0.2736819421836267,0,0.0,0,0.0
2020-01-23,-0.2287640960053435,1,-1.5175852883710903,0,0.0,0,1.0
2020-01-24,-0.0054910408899717,0,-0.0380245464956938,0,0.0,0,0.0
2020-01-27,0.1721026637810603,0,1.1388334191898473,-1,0.0329810633095514,0,-1.0
2020-01-28,0.0483890912559894,0,0.3190222464952004,0,0.0,0,0.0
2020-01-29,0.0615909164721364,0,0.4065066153583332,0,0.0,0,0.0
2020-01-30,0.2420079411936754,1,1.6020738404586357,0,0.0,0,-1.0
2020-01-31,0.1094351724737727,0,0.723555543934506,0,0.0,0,0.0
2020-02-03,0.0709324249959459,0,0.4684098722228084,0,0.0,0,0.0
2020-02-04,-0.0882561360017283,0,-0.5864829597227701,0,0.0,0,0.0
2020-02-05,-0.0730531296151096,0,-0.4857373888051389,0,0.0,0,0.0
2020-02-06,0.0387420516734669,0,0.2550943308125721,0,0.0,0,0.0
2020-02-07,0.1935084804011164,1,1.2806830745477382,0,0.0,0,-1.0
2020-02-10,-0.0341054458229136,0,-0.2276432632236479,0,0.0,0,0.0
2020-02-11,-0.1083761301981091,0,-0.7198118718225459,0,0.0,0,0.0
2020-02-12,-0.2171512703089627,1,-1.44063072260977,0,0.0,0,1.0
2020-02-13,0.0862536478577565,0,0.5699388267674806,0,0.0,0,0.0
2020-02-14,0.1391322112632282,0,0.9203485368020274,0,0.0,0,0.0
2020-02-18,-0.023910213674105,0,-0.1600826467673156,0,0.0,0,0.0
2020-02-19,0.0380906563420402,0,0.2507777375751037,0,0.0,0,0.0
2020-02-20,-0.0979924685235324,0,-0.6510025918013579,0,0.0,0,0.0
2020-02-21,-0.0271376749199636,0,-0.1814700235505518,0,0.0,0,0.0
2020-02-24,0.1391551436540521,0,0.9205005025874328,0,0.0,0,0.0
2020-02-25,0.0375723851988341,0,0.247343316718819,0,0.0,0,0.0
2020-02-26,0.1184724278602212,0,0.7834426103661536,0,0.0,0,0.0
2020-02-27,0.0010714647844305,0,0.0054631271923059,0,0.0,0,0.0
2020-02-28,-0.2175361342369485,1,-1.443181095553417,0,0.0,0,1.0
2020-03-02,0.1328287655538309,0,0.878577572520879,0,0.0,0,0.0
2020-03-03,-0.252285341988236,1,-1.6734532328406966,0,0.0,0,1.0
2020-03-04,-0.3564212832385589,1,-2.3635295629764808,0,0.0,0,0.0
2020-03-05,-0.2160941364079864,1,-1.433625426704351,0,0.0,0,1.0
2020-03-06,-0.2208955213847478,1,-1.4654427040492402,0,0.0,0,1.0
2020-03-09,-0.3858811554538972,1,-2.5587509270947675,0,0.0,0,0.0
2020-03-10,0.144882492253894,0,0.9584538514094944,0,0.0,0,0.0
2020-03-11,0.2802567326322291,1,1.8555366248838383,0,0.0,0,0.0
2020-03-12,0.2205654514527868,1,1.4599811637928766,0,0.0,0,-1.0
2020-03-13,0.8047987100770086,1,5.33151233942743,0,0.0,0,0.0
2020-03-16,0.1681485489156422,0,1.1126307360191643,-1,0.0061944345103089,0,-1.0
2020-03-17,-0.0308013433591147,0,-0.2057480090468979,0,0.0,0,0.0
2020-03-18,0.6867815574300242,1,4.549449560583981,0,0.0,0,0.0
2020-03-19,-0.3557570162686743,1,-2.359127673414581,0,0.0,0,0.0
2020-03-20,0.5358846399779456,1,3.549502858476365,0,0.0,0,0.0
2020-03-23,-0.7560937787978648,1,-5.01203425482725,0,0.0,0,0.0
2020-03-24,-0.4421917494642304,1,-2.9319036311069984,0,0.0,0,0.0
2020-03-25,-0.5285515237234978,1,-3.504182859360531,0,0.0,0,0.0
2020-03-26,0.2280821661873782,1,1.5097920826403433,0,0.0,0,-1.0
2020-03-27,0.4008233494367184,1,2.654493905745515,0,0.0,0,0.0
2020-03-30,-0.0257567502035953,0,-0.1723190671274035,0,0.0,0,0.0
2020-03-31,-0.2790761809196922,1,-1.8509877477171428,0,0.0,0,0.0
2020-04-01,0.164237788516175,0,1.0867153493418835,-1,-0.0197121662192401,-1,-1.0
2020-04-02,0.0863459536741487,0,0.5705505085582374,0,0.0,0,0.0
2020-04-03,0.0751099448411403,0,0.496092990358855,0,0.0,0,0.0
2020-04-06,-0.4030657425159631,1,-2.6726278137134165,0,0.0,0,0.0
2020-04-07,-0.1068087437912586,0,-0.7094252920638427,0,0.0,0,0.0
2020-04-08,-0.2984586322863589,1,-1.979429194037706,0,0.0,0,0.0
2020-04-09,0.3773877447325161,1,2.499193479258625,0,0.0,0,0.0
2020-04-13,-0.018520592682568,0,-0.1243673132330243,0,0.0,0,0.0
2020-04-14,-0.4442355923686182,1,-2.9454475391362505,0,0.0,0,0.0
2020-04-15,-0.0988008723321189,0,-0.6563596311366648,0,0.0,0,0.0
2020-04-16,-0.3556920029065274,1,-2.3586968501865826,0,0.0,0,0.0
2020-04-17,0.3533486958494041,1,2.3398942168326355,0,0.0,0,0.0
2020-04-20,0.337797397457714,1,2.236840623672255,0,0.0,0,0.0
2020-04-21,-0.1402390544267149,0,-0.930957510447123,0,0.0,0,0.0
2020-04-22,-0.366559869636484,1,-2.4307148057489707,0,0.0,0,0.0
2020-04-23,-0.1351321039686406,0,-0.8971153461762714,0,0.0,0,0.0
2020-04-24,-0.1560632915203145,0,-1.035819783065376,1,0.0095004354205765,1,1.0
2020-04-27,0.1913395970545797,1,1.2663105625955688,0,0.0,0,-1.0
2020-04-28,-0.2350891455926824,1,-1.559499414798062,0,0.0,0,1.0
2020-04-29,0.0373558039116532,0,0.2459081002312227,0,0.0,0,0.0
2020-04-30,0.1539554858533396,0,1.0185777438070336,-1,-0.0543773779313554,-1,-1.0
2020-05-01,0.1246403321997089,0,0.8243153843586681,0,0.0,0,0.0
2020-05-04,-0.0387105748952102,0,-0.2581600140385561,0,0.0,0,0.0
2020-05-05,-0.1241200868459722,0,-0.8241421510222892,0,0.0,0,0.0
2020-05-06,-0.131553986507225,0,-0.8734042802664429,0,0.0,0,0.0
2020-05-07,0.342877760180298,1,2.2705065993312457,0,0.0,0,0.0
2020-05-08,-0.3444015880046606,1,-2.283878799976022,0,0.0,0,0.0
2020-05-11,0.0158251853428429,0,0.1032314213715893,0,0.0,0,0.0
2020-05-12,-0.003005606546564,0,-0.0215543500399921,0,0.0,0,0.0
2020-05-13,-0.2175394051568828,1,-1.4432027709173438,0,0.0,0,1.0
2020-05-14,0.0700380750296614,0,0.4624832945669042,0,0.0,0,0.0
2020-05-15,0.0507488940659201,0,0.3346599220505268,0,0.0,0,0.0
2020-05-18,-0.2193828579209165,1,-1.4554187561277243,0,0.0,0,1.0
2020-05-19,-0.2225619891968111,1,-1.4764858653077884,0,0.0,0,1.0
2020-05-20,0.0992356626419678,0,0.6559665806101458,0,0.0,0,0.0
2020-05-21,0.2383966390653691,1,1.5781428701347329,0,0.0,0,-1.0
2020-05-22,-0.058543685270319,0,-0.3895878367336396,0,0.0,0,0.0
2020-05-26,0.1584921174227491,0,1.0486405830823886,-1,-0.0491223726513515,-1,-1.0
2020-05-27,0.087823764986727,0,0.5803435021680591,0,0.0,0,0.0
2020-05-28,0.0189723292084482,0,0.124086559982818,0,0.0,0,0.0
2020-05-29,-0.2331088377919431,1,-1.5463765340398377,0,0.0,0,1.0
2020-06-01,0.0126457697770523,0,0.0821624282912526,0,0.0,0,0.0
2020-06-02,-0.1249331821801138,0,-0.8295302796308954,0,0.0,0,0.0
2020-06-03,0.0763192634575586,0,0.5041067668011003,0,0.0,0,0.0
2020-06-04,0.3343972432343514,1,2.21430886451032,0,0.0,0,0.0
2020-06-05,0.0413202937978449,0,0.2721795354213772,0,0.0,0,0.0
2020-06-08,0.1306212259343649,0,0.8639488975318224,0,0.0,0,0.0
2020-06-09,0.1119399196176441,0,0.740153720281767,0,0.0,0,0.0
2020-06-10,-0.3421699422526436,1,-2.269090381182042,0,0.0,0,0.0
2020-06-11,-0.1068834539152971,0,-0.7099203727017237,0,0.0,0,0.0
2020-06-12,0.2108590824624113,1,1.3956600906705716,0,0.0,0,-1.0
2020-06-15,-0.0739773539366587,0,-0.491861934474762,0,0.0,0,0.0
2020-06-16,-0.0848554984481152,0,-0.5639479976823519,0,0.0,0,0.0
2020-06-17,-0.1004449340012269,0,-0.6672543138899304,0,0.0,0,0.0
2020-06-18,0.0772331823851061,0,0.5101630218461053,0,0.0,0,0.0
2020-06-19,0.1840840000410956,1,1.2182299892613964,0,0.0,0,-1.0
2020-06-22,-0.1347740043839996,0,-0.8947423321695301,0,0.0,0,0.0
2020-06-23,0.0257973920727994,0,0.1693141180941525,0,0.0,0,0.0
2020-06-24,-0.1129040055829635,0,-0.749816686600007,0,0.0,0,0.0
2020-06-25,0.4483349488072217,1,2.9693384228144657,0,0.0,0,0.0
2020-06-26,-0.521619676027699,1,-3.458247671551757,0,0.0,0,0.0
2020-06-29,-0.2822575536955328,1,-1.8720697106166635,0,0.0,0,0.0
2020-06-30,0.1143820990713234,0,0.7563372801045654,0,0.0,0,0.0
2020-07-01,-0.1375920861021739,0,-0.9134168787934074,0,0.0,0,0.0
2020-07-02,-0.2040157257527464,1,-1.353585574960896,0,0.0,0,1.0
2020-07-06,0.0575035829099956,0,0.3794211335281666,0,0.0,0,0.0
2020-07-07,-0.1085382090161417,0,-0.720885917484378,0,0.0,0,0.0
2020-07-08,0.1239332673520495,0,0.8196298866392218,0,0.0,0,0.0
2020-07-09,-0.2326447303230919,1,-1.5433010389221278,0,0.0,0,1.0
2020-07-10,0.3162527353534338,1,2.094070882693023,0,0.0,0,0.0
2020-07-13,0.0068760215344313,0,0.0439281102904735,0,0.0,0,0.0
2020-07-14,-0.3450733203395959,1,-2.288330160178466,0,0.0,0,0.0
2020-07-15,0.0693039301457948,0,0.4576183459126369,0,0.0,0,0.0
2020-07-16,0.0026849594467044,0,0.0161552519464208,0,0.0,0,0.0
2020-07-17,-0.3677360210996649,1,-2.438508793834647,0,0.0,0,0.0
2020-07-20,0.1215383680776004,0,0.8037596377845632,0,0.0,0,0.0
2020-07-21,0.1635469163310552,0,1.0821371553353178,-1,-0.0366085870566454,-1,-1.0
2020-07-22,-0.2236332904490787,1,-1.4835850438215508,0,0.0,0,1.0
2020-07-23,0.0557309825052269,0,0.3676746647544351,0,0.0,0,0.0
2020-07-24,0.0853480471811238,0,0.5639376941710323,0,0.0,0,0.0
2020-07-27,-0.3485564657659619,1,-2.3114118760999456,0,0.0,0,0.0
2020-07-28,0.0493693357133017,0,0.3255180200928284,0,0.0,0,0.0
2020-07-29,0.0102406481841836,0,0.0662244393278889,0,0.0,0,0.0
2020-07-30,-0.2004188438924527,0,-1.3297501632453874,1,0.0132588905395626,1,1.0
2020-07-31,0.0398560391673565,0,0.2624763777059941,0,0.0,0,0.0
2020-08-03,-0.0384916316173513,0,-0.2567091453770861,0,0.0,0,0.0
2020-08-04,-0.3076907415097272,1,-2.040607495935995,0,0.0,0,0.0
2020-08-05,0.2377518543991677,1,1.573870083709242,0,0.0,0,-1.0
2020-08-06,-0.1055728244194645,0,-0.7012352407310255,0,0.0,0,0.0
2020-08-07,0.2289020808768024,1,1.5152254009847008,0,0.0,0,-1.0
2020-08-10,-0.2439633852851265,1,-1.6183062271836763,0,0.0,0,1.0
2020-08-11,0.2424233469506146,1,1.6048266045554889,0,0.0,0,-1.0
2020-08-12,-0.3276902583758975,1,-2.1731380424292563,0,0.0,0,0.0
2020-08-13,0.0338887347774271,0,0.2229329168723611,0,0.0,0,0.0
2020-08-14,0.1317999829775774,0,0.8717601519818733,0,0.0,0,0.0
2020-08-17,-0.2546282220084254,1,-1.6889787663584122,0,0.0,0,1.0
2020-08-18,0.0067274413845615,0,0.0429435160829201,0,0.0,0,0.0
2020-08-19,0.0235042164820364,0,0.1541179602928151,0,0.0,0,0.0
2020-08-20,0.0105129875697649,0,0.0680291473037988,0,0.0,0,0.0
2020-08-21,-0.1928422335246374,0,-1.279542334759711,1,0.0347070515462319,1,1.0
2020-08-24,0.16117355038831,0,1.066409601138617,-1,0.0308562996396756,0,-1.0
2020-08-25,0.1317920420820568,0,0.871707530149554,0,0.0,0,0.0
2020-08-26,0.0107060416814421,0,0.0693084565538451,0,0.0,0,0.0
2020-08-27,0.375147871589386,1,2.484350540115593,0,0.0,0,0.0
2020-08-28,-0.225405628182571,1,-1.495329771954843,0,0.0,0,1.0
2020-08-31,-0.0615608163503631,0,-0.4095814212564947,0,0.0,0,0.0
2020-09-01,-0.0532363038435507,0,-0.3544174790872706,0,0.0,0,0.0
2020-09-02,-0.2091049129807923,1,-1.3873100278590729,0,0.0,0,1.0
2020-09-03,0.3543614316148198,1,2.346605300172396,0,0.0,0,0.0
2020-09-04,0.1387741402381243,0,0.9179757120504112,0,0.0,0,0.0
2020-09-08,-0.1131257083899324,0,-0.7512858417982695,0,0.0,0,0.0
2020-09-09,-0.1607677775697186,0,-1.0669949415089333,1,0.033680953312012,1,1.0
2020-09-10,-0.0318326869197965,0,-0.2125824004291553,0,0.0,0,0.0
2020-09-11,0.0086509214471064,0,0.055689817184282,0,0.0,0,0.0
2020-09-14,-0.0222174283764512,0,-0.1488650877585127,0,0.0,0,0.0
2020-09-15,-0.2393384452554384,1,-1.5876581953469702,0,0.0,0,1.0
2020-09-16,0.064827498160781,0,0.4279544304648934,0,0.0,0,0.0
2020-09-17,-0.020977068297606,0,-0.140645609248217,0,0.0,0,0.0
2020-09-18,0.2316370758820131,1,1.5333493579343829,0,0.0,0,-1.0
2020-09-21,0.007768290724305,0,0.0498408992915465,0,0.0,0,0.0
2020-09-22,-0.3040655253948897,1,-2.016584321972813,0,0.0,0,0.0
2020-09-23,0.0246957969387595,0,0.1620141914956463,0,0.0,0,0.0
2020-09-24,-0.183194856292074,0,-1.2156121815758094,1,0.0172169979174939,1,1.0
2020-09-25,-0.0066571201549375,0,-0.045751789272333,0,0.0,0,0.0
2020-09-28,0.0628591438434961,0,0.4149107617049042,0,0.0,0,0.0
2020-09-29,-0.1181324346217821,0,-0.7844638514516724,0,0.0,0,0.0
2020-09-30,0.0259693459507177,0,0.1704536026909377,0,0.0,0,0.0
2020-10-01,-0.086417148030413,0,-0.5742965612980557,0,0.0,0,0.0
2020-10-02,0.0578465998494528,0,0.3816941995600568,0,0.0,0,0.0
2020-10-05,-0.0489631320262595,0,-0.3261005052326093,0,0.0,0,0.0
2020-10-06,-0.1239468716740408,0,-0.8229943082243558,0,0.0,0,0.0
2020-10-07,-0.0522138112210128,0,-0.347641740105321,0,0.0,0,0.0
2020-10-08,-0.0937315609173013,0,-0.6227668890396425,0,0.0,0,0.0
2020-10-09,-0.0966299303316588,0,-0.641973477128473,0,0.0,0,0.0
2020-10-12,0.1178684424415101,0,0.779440187800079,0,0.0,0,0.0
2020-10-13,-0.2219717730923007,1,-1.4725746876826828,0,0.0,0,1.0
2020-10-14,-0.1987704651983776,0,-1.3188268729171515,1,0.0250842730903028,1,1.0
2020-10-15,0.0282591061638231,0,0.1856271278521727,0,0.0,0,0.0
2020-10-16,-0.0304272483335189,0,-0.2032689982530676,0,0.0,0,0.0
2020-10-19,-0.1179936434230006,0,-0.7835441255629899,0,0.0,0,0.0
2020-10-20,0.0667272376704203,0,0.4405434103433634,0,0.0,0,0.0
2020-10-21,0.1213997439771473,0,0.8028410192042683,0,0.0,0,0.0
2020-10-22,0.0891948664384318,0,0.5894293628870004,0,0.0,0,0.0
2020-10-23,-0.0045736992520375,0,-0.0319456102188839,0,0.0,0,0.0
2020-10-26,-0.0353363790566437,0,-0.2358002729781646,0,0.0,0,0.0
2020-10-27,-0.1961024486302683,0,-1.3011467611329162,1,0.0621743968259889,1,1.0
2020-10-28,0.2025621239453092,1,1.3406787401778768,0,0.0,0,-1.0
2020-10-29,-0.0845016707960742,0,-0.5616032924375599,0,0.0,0,0.0
2020-10-30,0.1755254006269321,0,1.1615148263319028,-1,0.0157750143089184,0,-1.0
2020-11-02,-0.0539857212794223,0,-0.3593836341695292,0,0.0,0,0.0
2020-11-03,0.0037031668257507,0,0.0229025939593045,0,0.0,0,0.0
2020-11-04,-0.1002477502964213,0,-0.665947639117118,0,0.0,0,0.0
2020-11-05,-0.1367410287189077,0,-0.9077771875520558,0,0.0,0,0.0
2020-11-06,-0.1714776619955107,0,-1.137965997726338,1,0.0587048189044371,1,1.0
2020-11-09,1.111926782016416,1,7.36675406501147,0,0.0,0,0.0
2020-11-10,-0.0465882708526678,0,-0.310363042608493,0,0.0,0,0.0
2020-11-11,-0.1653606581353506,0,-1.0974305252990155,1,-0.0079886281921363,0,1.0
2020-11-12,-0.0265442183479396,0,-0.1775373723601921,0,0.0,0,0.0
2020-11-13,-0.090489303879846,0,-0.6012814651706073,0,0.0,0,0.0
2020-11-16,0.0281921457885825,0,0.1851834023770318,0,0.0,0,0.0
2020-11-17,0.2366779461983189,1,1.566753629762155,0,0.0,0,-1.0
2020-11-18,0.026616138196657,0,0.1747396927197892,0,0.0,0,0.0
2020-11-19,-0.0210782397956699,0,-0.1413160411400313,0,0.0,0,0.0
2020-11-20,-0.1176602638265443,0,-0.7813349231905667,0,0.0,0,0.0
2020-11-23,-0.0136731457627005,0,-0.0922447977899731,0,0.0,0,0.0
2020-11-24,0.1966245211517161,1,1.3013321025385498,0,0.0,0,-1.0
2020-11-25,0.029604808196915,0,0.1945446745637359,0,0.0,0,0.0
2020-11-27,-0.0911925462628202,0,-0.6059416326114742,0,0.0,0,0.0
2020-11-30,-0.1551120200758135,0,-1.0295160045667864,1,-0.0512816218697509,0,1.0
2020-12-01,0.238450106613459,1,1.5784971828621563,0,0.0,0,-1.0
2020-12-02,0.1443853261117857,0,0.9551592867981354,0,0.0,0,0.0
2020-12-03,-0.0014009258219693,0,-0.0109206324956712,0,0.0,0,0.0
2020-12-04,0.0448162681489723,0,0.2953462646169739,0,0.0,0,0.0
2020-12-07,-0.1791125545279186,0,-1.1885600438979695,1,0.0628288418586014,1,1.0
2020-12-08,0.0016783470514176,0,0.0094847462663609,0,0.0,0,0.0
2020-12-09,0.0126720479860756,0,0.0823365657679743,0,0.0,0,0.0
2020-12-10,0.1685030546541903,0,1.114979934731272,-1,-0.0200109448773436,-1,-1.0
2020-12-11,-0.0449389524569302,0,-0.2994335251710874,0,0.0,0,0.0
2020-12-14,-0.1033734406141864,0,-0.6866606117731135,0,0.0,0,0.0
2020-12-15,-0.0256196894575793,0,-0.1714108084082637,0,0.0,0,0.0
2020-12-16,0.2159982118665713,1,1.4297154947581072,0,0.0,0,-1.0
2020-12-17,-0.1038582157260361,0,-0.6898730649003411,0,0.0,0,0.0
2020-12-18,-0.0604239551328803,0,-0.4020477973470669,0,0.0,0,0.0
2020-12-21,0.187683583735736,1,1.2420833051885367,0,0.0,0,-1.0
2020-12-22,-0.0633802086470883,0,-0.4216379652712404,0,0.0,0,0.0
2020-12-23,0.1774652072196715,1,1.1743693182452473,0,0.0,0,-1.0
2020-12-24,-0.0978994473586777,0,-0.6503861696199559,0,0.0,0,0.0
2020-12-28,0.1076435689142103,0,0.7116831471942766,0,0.0,0,0.0
2020-12-29,0.0069309728769683,0,0.0442922556598694,0,0.0,0,0.0
2020-12-30,-0.0865638766395212,0,-0.5752688859237668,0,0.0,0,0.0
2020-12-31,0.0877411371912851,0,0.5797959535968249,0,0.0,0,0.0
2021-01-04,0.014970708491908,0,0.0975690703869111,0,0.0,0,0.0
2021-01-05,-0.1574181069776898,0,-1.0447977215908408,1,0.0041216942812764,1,1.0
2021-01-06,0.2568928204963294,1,1.7007112826362445,0,0.0,0,-1.0
2021-01-07,0.0588397869796007,0,0.3882757402047326,0,0.0,0,0.0
2021-01-08,0.026031930947835,0,0.1708683339029831,0,0.0,0,0.0
2021-01-11,-0.0009500702516014,0,-0.007932953566714,0,0.0,0,0.0
2021-01-12,0.0155802200379988,0,0.1016081128716828,0,0.0,0,0.0
2021-01-13,-0.0699939012134052,0,-0.4654648384911152,0,0.0,0,0.0
2021-01-14,-0.0447219232153748,0,-0.2979953402298797,0,0.0,0,0.0
2021-01-15,-0.0645013197681881,0,-0.4290672182153632,0,0.0,0,0.0
2021-01-19,0.0061074970457022,0,0.0388353387417266,0,0.0,0,0.0
2021-01-20,-0.1676401464826613,0,-1.1125359820165788,1,-0.0347722951104766,0,1.0
2021-01-21,-0.1964040002778733,0,-1.3031450496376067,1,-0.0616393364589305,0,1.0
2021-01-22,-0.0511759515954897,0,-0.3407641687982589,0,0.0,0,0.0
2021-01-25,-0.1474068225561677,0,-0.9784560692218216,0,0.0,0,0.0
2021-01-26,0.0547606025045113,0,0.3612442598270791,0,0.0,0,0.0
2021-01-27,-0.0615552412750017,0,-0.4095444769748242,0,0.0,0,0.0
2021-01-28,0.1587651399819609,0,1.0504498182363902,-1,-0.085132113292302,-1,-1.0
2021-01-29,-0.0577058551960119,0,-0.3840357987339496,0,0.0,0,0.0
2021-02-01,-0.0308396139850747,0,-0.2060016165218711,0,0.0,0,0.0
2021-02-02,0.2310248856621958,1,1.5292925647161697,0,0.0,0,-1.0
2021-02-03,0.0998667649238677,0,0.6601486981519362,0,0.0,0,0.0
2021-02-04,0.2119278338332187,1,1.4027423719169807,0,0.0,0,-1.0
2021-02-05,-0.1204626476831532,0,-0.7999054449929466,0,0.0,0,0.0
2021-02-08,0.0008646521805032,0,0.0040926447149746,0,0.0,0,0.0
2021-02-09,0.0751210207762373,0,0.4961663871184448,0,0.0,0,0.0
2021-02-10,-0.0874030295221567,0,-0.5808296897607435,0,0.0,0,0.0
2021-02-11,-0.0318595048743692,0,-0.2127601146309097,0,0.0,0,0.0
2021-02-12,0.0228456608614993,0,0.1497539180576932,0,0.0,0,0.0
2021-02-16,0.3207006102075311,1,2.123545558961042,0,0.0,0,0.0
2021-02-17,0.1644092244416403,0,1.087851401629673,-1,-0.0290857996432332,-1,-1.0
2021-02-18,0.0101092787153526,0,0.0653538949235811,0,0.0,0,0.0
2021-02-19,-0.0590641163402207,0,-0.3930365707489505,0,0.0,0,0.0
2021-02-22,0.4152047677885372,1,2.749795069582067,0,0.0,0,0.0
2021-02-23,0.014811260230088,0,0.0965124565987974,0,0.0,0,0.0
2021-02-24,0.1283757788278882,0,0.849069021476094,0,0.0,0,0.0
2021-02-25,0.1951828688372318,1,1.2917787233059206,0,0.0,0,-1.0
2021-02-26,-0.2871553968980469,1,-1.9045261864711125,0,0.0,0,0.0
2021-03-01,0.0324287211202058,0,0.2132578627611058,0,0.0,0,0.0
2021-03-02,0.0302189538551141,0,0.1986144258608421,0,0.0,0,0.0
2021-03-03,0.2340985482448193,1,1.5496607658350696,0,0.0,0,-1.0
2021-03-04,0.1417976426339726,0,0.9380115172914504,0,0.0,0,0.0
2021-03-05,-0.1096567879197809,0,-0.7282983902149518,0,0.0,0,0.0
2021-03-08,0.1859945706305066,1,1.230890743319756,0,0.0,0,-1.0
2021-03-09,-0.4016684608892377,1,-2.6633684651584444,0,0.0,0,0.0
2021-03-10,0.0944641570781978,0,0.6243473047949512,0,0.0,0,0.0
2021-03-11,-0.1649979555034524,0,-1.0950270083369973,1,0.0526072375512606,1,1.0
2021-03-12,0.1098462362079287,0,0.7262795348036756,0,0.0,0,0.0
2021-03-15,-0.3540149236247046,1,-2.3475833700350464,0,0.0,0,0.0
2021-03-16,-0.0812451105186246,0,-0.5400230854682255,0,0.0,0,0.0
2021-03-17,-0.096677831828505,0,-0.6422909053742325,0,0.0,0,0.0
2021-03-18,0.2879057852130358,1,1.9062245052698268,0,0.0,0,0.0
2021-03-19,-0.332178208402051,1,-2.2028782843351338,0,0.0,0,0.0
2021-03-22,-0.1782672050734107,0,-1.1829581773162212,1,0.0126660377383471,1,1.0
2021-03-23,0.1410895558296265,0,0.9333192473845008,0,0.0,0,0.0
2021-03-24,0.054485398849166,0,0.3594205712308037,0,0.0,0,0.0
2021-03-25,-0.0434742315349786,0,-0.2897272774879387,0,0.0,0,0.0
2021-03-26,-0.2802403084035723,1,-1.8587020566506465,0,0.0,0,0.0
2021-03-29,-0.0275758163068026,0,-0.1843734495596726,0,0.0,0,0.0
2021-03-30,0.0738204355004919,0,0.4875478150544767,0,0.0,0,0.0
2021-03-31,-0.2177066817631525,1,-1.4443112606970123,0,0.0,0,1.0
2021-04-01,0.077652186512743,0,0.5129396312207339,0,0.0,0,0.0
2021-04-05,-0.1450234798506895,0,-0.9626624021371908,0,0.0,0,0.0
2021-04-06,-0.025590931714788,0,-0.1712202398363557,0,0.0,0,0.0
2021-04-07,0.2049733107387748,1,1.356656921329636,0,0.0,0,-1.0
2021-04-08,-0.0517161540373852,0,-0.3443439215153115,0,0.0,0,0.0
2021-04-09,0.0719366480000624,0,0.4750645441544981,0,0.0,0,0.0
2021-04-12,0.0881042713535505,0,0.5822023301756913,0,0.0,0,0.0
2021-04-13,-0.0640092936660809,0,-0.4258067150423329,0,0.0,0,0.0
2021-04-14,0.1058027173564127,0,0.6994843993644946,0,0.0,0,0.0
2021-04-15,-0.1993390367752558,0,-1.3225946190236426,1,0.0533314121171883,1,1.0
2021-04-16,-0.0518883483058059,0,-0.3454849991048105,0,0.0,0,0.0
2021-04-19,0.1440238961338186,0,0.9527642033158912,0,0.0,0,0.0
2021-04-20,-0.1616338547949611,0,-1.0727341645479116,1,0.0094838137734175,1,1.0
2021-04-21,-0.0436059287318035,0,-0.2905999936432155,0,0.0,0,0.0
2021-04-22,0.0201625716281265,0,0.1319739244324184,0,0.0,0,0.0
2021-04-23,0.1404094186854345,0,0.9288121911384272,0,0.0,0,0.0
2021-04-26,-0.0092203836010117,0,-0.0627377348623005,0,0.0,0,0.0
2021-04-27,0.1758001179006514,1,1.163335291829184,0,0.0,0,-1.0
2021-04-28,0.089367235693519,0,0.5905716000584388,0,0.0,0,0.0
2021-04-29,0.0767433711702523,0,0.5069171960385371,0,0.0,0,0.0
2021-04-30,0.1370363148904612,0,0.906459686709558,0,0.0,0,0.0
2021-05-03,-0.003378190922186,0,-0.0240233502286702,0,0.0,0,0.0
2021-05-04,0.0979348593330238,0,0.6473465637083275,0,0.0,0,0.0
2021-05-05,0.0840738852290713,0,0.5554942212133391,0,0.0,0,0.0
2021-05-06,-0.0028228503234472,0,-0.0203432816783516,0,0.0,0,0.0
2021-05-07,-0.1366214117078037,0,-0.906984523011328,0,0.0,0,0.0
2021-05-10,0.0523193411823496,0,0.345066784174843,0,0.0,0,0.0
2021-05-11,-0.0071694385746698,0,-0.0491467632909574,0,0.0,0,0.0
2021-05-12,0.4250179759457322,1,2.814824132465336,0,0.0,0,0.0
2021-05-13,-0.0717205394246959,0,-0.476906730176288,0,0.0,0,0.0
2021-05-14,-0.0515440682802046,0,-0.3432035629958798,0,0.0,0,0.0
2021-05-17,0.0610523923223317,0,0.4029379841583387,0,0.0,0,0.0
2021-05-18,-0.009528477426497,0,-0.0647793763347426,0,0.0,0,0.0
2021-05-19,-0.0838116427995343,0,-0.557030692604822,0,0.0,0,0.0
2021-05-20,-0.119281822163857,0,-0.7920804833984872,0,0.0,0,0.0
2021-05-21,0.0805267555920673,0,0.5319885019292009,0,0.0,0,0.0
2021-05-24,-0.1255173046008233,0,-0.8334010763183166,0,0.0,0,0.0
2021-05-25,-0.1276430434532383,0,-0.8474876831947589,0,0.0,0,0.0
2021-05-26,-0.0305751753074009,0,-0.2042492640675304,0,0.0,0,0.0
2021-05-27,0.1255198595890747,0,0.830143737430817,0,0.0,0,0.0
2021-05-28,0.0184105614373235,0,0.1203639005702095,0,0.0,0,0.0
2021-06-01,0.0057614552836892,0,0.0365422281563076,0,0.0,0,0.0
2021-06-02,0.0395328432861958,0,0.260334659631441,0,0.0,0,0.0
2021-06-03,0.0967186722697871,0,0.6392872722160695,0,0.0,0,0.0
2021-06-04,-0.098622188035247,0,-0.655175546157379,0,0.0,0,0.0
2021-06-07,-0.0541470227302999,0,-0.3604525284622272,0,0.0,0,0.0
2021-06-08,0.0403668374052689,0,0.2658612779549014,0,0.0,0,0.0
2021-06-09,-0.0694431795272907,0,-0.4618153780309025,0,0.0,0,0.0
2021-06-10,-0.0912396596394808,0,-0.6062538382311282,0,0.0,0,0.0
2021-06-11,0.0281897512085582,0,0.1851675342437483,0,0.0,0,0.0
2021-06-14,-0.0493774418721491,0,-0.3288460070695144,0,0.0,0,0.0
2021-06-15,0.1066648365413655,0,0.7051973937077426,0,0.0,0,0.0
2021-06-16,0.2265710291275436,1,1.4997782497209662,0,0.0,0,-1.0
2021-06-17,-0.3360416055036573,1,-2.228479809243091,0,0.0,0,0.0
2021-06-18,0.0040775172120947,0,0.0253832969489875,0,0.0,0,0.0
2021-06-21,0.0826143721060845,0,0.5458224839859903,0,0.0,0,0.0
2021-06-22,0.0132290837812519,0,0.0860278678551708,0,0.0,0,0.0
2021-06-23,0.0906671760043599,0,0.599185898141598,0,0.0,0,0.0
2021-06-24,0.11585220891233,0,0.766079238469734,0,0.0,0,0.0
2021-06-25,0.1280724605743476,0,0.8470590262261031,0,0.0,0,0.0
2021-06-28,-0.3202155705551081,1,-2.1236056228020894,0,0.0,0,0.0
2021-06-29,0.0328575532020149,0,0.2160995989158492,0,0.0,0,0.0
2021-06-30,-0.0508746158249385,0,-0.3387673108433219,0,0.0,0,0.0
2021-07-01,0.1053340931008124,0,0.6963789729129306,0,0.0,0,0.0
2021-07-02,-0.0425381211234014,0,-0.2835239664152487,0,0.0,0,0.0
2021-07-06,-0.1022353461725765,0,-0.679118815672897,0,0.0,0,0.0
2021-07-07,-0.0513685670177043,0,-0.3420405709903698,0,0.0,0,0.0
2021-07-08,-0.1288703606369615,0,-0.8556207305162444,0,0.0,0,0.0
2021-07-09,0.1611781661470779,0,1.066440188329102,-1,-0.1399435999422618,-1,-1.0
2021-07-12,0.0499849767103085,0,0.3295976805327756,0,0.0,0,0.0
2021-07-13,0.0354532184745304,0,0.2333002612809466,0,0.0,0,0.0
2021-07-14,-0.0552981474739149,0,-0.3680806723006051,0,0.0,0,0.0
2021-07-15,0.1384357305580189,0,0.9157331768860316,0,0.0,0,0.0
2021-07-16,0.0170158270599971,0,0.1111214318407435,0,0.0,0,0.0
2021-07-19,-0.2458794269590225,1,-1.6310032364086762,0,0.0,0,1.0
2021-07-20,0.0373949486470455,0,0.24616750015616,0,0.0,0,0.0
2021-07-21,0.117816455961237,0,0.7790956896461004,0,0.0,0,0.0
2021-07-22,-0.0432681938654617,0,-0.288361930258703,0,0.0,0,0.0
2021-07-23,-0.1279032044423113,0,-0.8492116887439328,0,0.0,0,0.0
2021-07-26,0.036266444606311,0,0.2386892566446189,0,0.0,0,0.0
2021-07-27,0.0114053691984709,0,0.0739426814018653,0,0.0,0,0.0
2021-07-28,-0.0340078082322523,0,-0.226996249431504,0,0.0,0,0.0
2021-07-29,-0.0603930156520942,0,-0.4018427710794703,0,0.0,0,0.0
2021-07-30,-0.0674048357406711,0,-0.4483079109360955,0,0.0,0,0.0
2021-08-02,-0.0823452396312392,0,-0.5473132972010191,0,0.0,0,0.0
2021-08-03,-0.0310902748956128,0,-0.2076626680202857,0,0.0,0,0.0
2021-08-04,0.02961502306085,0,0.1946123652739026,0,0.0,0,0.0
2021-08-05,0.1210277465747803,0,0.8003759087038661,0,0.0,0,0.0
2021-08-06,0.26186403985786,1,1.7336539993593654,0,0.0,0,0.0
2021-08-09,0.0695190384975244,0,0.4590438017174325,0,0.0,0,0.0
2021-08-10,0.0315104235887253,0,0.2071725920765727,0,0.0,0,0.0
2021-08-11,0.0042980714855231,0,0.0268448411745051,0,0.0,0,0.0
2021-08-12,0.1343225104524426,0,0.8884761530245606,0,0.0,0,0.0
2021-08-13,-0.0818084969362177,0,-0.5437564711449965,0,0.0,0,0.0
2021-08-16,-0.0731036313577375,0,-0.4860720480668662,0,0.0,0,0.0
2021-08-17,0.1638762344293701,0,1.084319443429168,-1,-0.107659838656455,-1,-1.0
2021-08-18,-0.0309877632428958,0,-0.2069833553425132,0,0.0,0,0.0
2021-08-19,-0.0235316353721922,0,-0.1575739267027892,0,0.0,0,0.0
2021-08-20,0.0243388246733405,0,0.1596486478809933,0,0.0,0,0.0
2021-08-23,0.0317872630438878,0,0.2090071206068914,0,0.0,0,0.0
2021-08-24,0.0375056328983383,0,0.2469009700899689,0,0.0,0,0.0
2021-08-25,0.0496869348137321,0,0.3276226500510157,0,0.0,0,0.0
2021-08-26,0.0010587392328213,0,0.0053787989397544,0,0.0,0,0.0
2021-08-27,0.0531680430442397,0,0.3506908661123626,0,0.0,0,0.0
2021-08-30,-0.2201663516882916,1,-1.460610724406715,0,0.0,0,1.0
2021-08-31,0.1223012568598905,0,0.8088150632684415,0,0.0,0,0.0
2021-09-01,-0.0890102056487806,0,-0.5914799435542579,0,0.0,0,0.0
2021-09-02,-0.1429587639757351,0,-0.9489801754568108,0,0.0,0,0.0
2021-09-03,0.0418520378619499,0,0.2757032371128707,0,0.0,0,0.0
2021-09-07,0.1028345266267207,0,0.6798151272448406,0,0.0,0,0.0
2021-09-08,0.0128840765036485,0,0.0837416124745582,0,0.0,0,0.0
2021-09-09,0.056019486395369,0,0.3695864898491027,0,0.0,0,0.0
2021-09-10,-0.0431316884799207,0,-0.2874573517398281,0,0.0,0,0.0
2021-09-13,0.0730032912389346,0,0.4821328554695675,0,0.0,0,0.0
2021-09-14,-0.0657309436296864,0,-0.4372155511694042,0,0.0,0,0.0
2021-09-15,0.078798163493076,0,0.5205336624410146,0,0.0,0,0.0
2021-09-16,0.0425777938430741,0,0.2805125951310061,0,0.0,0,0.0
2021-09-17,0.1268784181143223,0,0.8391464800970014,0,0.0,0,0.0
2021-09-20,-0.0803881476486048,0,-0.5343442604121924,0,0.0,0,0.0
2021-09-21,0.0496806131120653,0,0.3275807581102113,0,0.0,0,0.0
2021-09-22,0.0847099792900654,0,0.5597094177147737,0,0.0,0,0.0
2021-09-23,0.2072468961799165,1,1.3717232613332448,0,0.0,0,-1.0
2021-09-24,0.1405085465418172,0,0.9294690804556546,0,0.0,0,0.0
2021-09-27,0.1474275905499025,0,0.975319422228339,0,0.0,0,0.0
2021-09-28,0.0324187284913002,0,0.2131916447330087,0,0.0,0,0.0
2021-09-29,0.0911237818749239,0,0.6022116825124316,0,0.0,0,0.0
2021-09-30,0.1038912077543705,0,0.6868174227629602,0,0.0,0,0.0
2021-10-01,0.1907069307090634,1,1.2621180804931138,0,0.0,0,-1.0
2021-10-04,-0.1069985714894198,0,-0.7106832208800843,0,0.0,0,0.0
2021-10-05,0.2181704024557971,1,1.4441099227737444,0,0.0,0,-1.0
2021-10-06,0.0048212186655816,0,0.0303115740027784,0,0.0,0,0.0
2021-10-07,0.0238380622673932,0,0.1563302519533527,0,0.0,0,0.0
2021-10-08,0.2514039913447448,1,1.6643385276374405,0,0.0,0,-1.0
2021-10-11,-0.0167908700086641,0,-0.1129049817783063,0,0.0,0,0.0
2021-10-12,0.0339434403417627,0,0.2232954335464456,0,0.0,0,0.0
2021-10-13,-0.1548798368820028,0,-1.0279773991210552,1,-0.0281562900291643,0,1.0
2021-10-14,-0.1584839474683035,0,-1.0518607133441376,1,0.089531597986969,1,1.0
2021-10-15,0.1110496385860941,0,0.7342541061844136,0,0.0,0,0.0
2021-10-18,0.0377153297124554,0,0.2482905653266341,0,0.0,0,0.0
2021-10-19,0.1089999224136802,0,0.7206712778439155,0,0.0,0,0.0
2021-10-20,0.0037249505025284,0,0.0230469475758092,0,0.0,0,0.0
2021-10-21,-0.1054977245096009,0,-0.7007375771043283,0,0.0,0,0.0
2021-10-22,0.2370923105830252,1,1.56949949301075,0,0.0,0,-1.0
2021-10-25,-0.0480668409214362,0,-0.3201610642584021,0,0.0,0,0.0
2021-10-26,-0.0128179688346935,0,-0.0865778076133802,0,0.0,0,0.0
2021-10-27,-0.2888062696028702,1,-1.9154660038289573,0,0.0,0,0.0
2021-10-28,-0.1770188149804576,0,-1.174685486412587,1,0.0204492777039772,1,1.0
2021-10-29,-0.0011215289147637,0,-0.0090691565301134,0,0.0,0,0.0
2021-11-01,-0.2037199748185899,1,-1.351625725970946,0,0.0,0,1.0
2021-11-02,-0.0710009841692985,0,-0.4721384624292196,0,0.0,0,0.0
2021-11-03,-0.0059888081843423,0,-0.0413230947551773,0,0.0,0,0.0
2021-11-04,-0.3450782659757535,1,-2.288362933363294,0,0.0,0,0.0
2021-11-05,-0.2332240163548654,1,-1.5471397863719083,0,0.0,0,1.0
2021-11-08,0.1706110196704972,0,1.1289487599518646,-1,-0.0349849374268083,-1,-1.0
2021-11-09,-0.2225918229355863,1,-1.4766835641687297,0,0.0,0,1.0
2021-11-10,0.0789097949359475,0,0.5212734091173266,0,0.0,0,0.0
2021-11-11,-0.0316503600011389,0,-0.2113741769339668,0,0.0,0,0.0
2021-11-12,-0.0662508813341057,0,-0.4406610158058882,0,0.0,0,0.0
2021-11-15,-0.0228660777507391,0,-0.1531634843963984,0,0.0,0,0.0
2021-11-16,-0.0482383013568219,0,-0.321297278965772,0,0.0,0,0.0
2021-11-17,-0.1519812854647492,0,-1.0087696049559256,1,0.0665143914145174,1,1.0
2021-11-18,-0.0246644707467363,0,-0.165080872609527,0,0.0,0,0.0
2021-11-19,-0.179550411895213,0,-1.191461587798352,1,-0.0332464365567795,0,1.0
2021-11-22,0.0994261680306315,0,0.6572290002695041,0,0.0,0,0.0
2021-11-23,0.2086983570429214,1,1.381341638750802,0,0.0,0,-1.0
2021-11-24,0.0405844005183347,0,0.2673030006957219,0,0.0,0,0.0
2021-11-26,-0.1087647121529258,0,-0.7223868829677598,0,0.0,0,0.0
2021-11-29,-0.2058971858072101,1,-1.3660534226040109,0,0.0,0,1.0
2021-11-30,0.0599579997069672,0,0.3956857863996122,0,0.0,0,0.0
2021-12-01,-0.1762024512777634,0,-1.1692756993472635,1,0.0103694968366036,1,1.0
2021-12-02,0.2289154872429463,1,1.5153142407823528,0,0.0,0,-1.0
2021-12-03,-0.3684856094401935,1,-2.443476081448643,0,0.0,0,0.0
2021-12-06,-0.0066371900319445,0,-0.0456197185773449,0,0.0,0,0.0
2021-12-07,-0.0831299494216876,0,-0.5525133236847914,0,0.0,0,0.0
2021-12-08,-0.0446542544817039,0,-0.2975469206848513,0,0.0,0,0.0
2021-12-09,-0.0056425215649636,0,-0.0390283615765375,0,0.0,0,0.0
2021-12-10,-0.1398901428157641,0,-0.9286453822698988,0,0.0,0,0.0
2021-12-13,-0.0510745547615399,0,-0.3400922436759685,0,0.0,0,0.0
2021-12-14,0.21191327539281,1,1.4026458976833096,0,0.0,0,-1.0
2021-12-15,-0.1998772364895352,0,-1.3261611002908285,1,0.0933194611199342,1,1.0
2021-12-16,0.271933924728698,1,1.8003839785877058,0,0.0,0,0.0
2021-12-17,-0.1437253236298619,0,-0.954059926660849,0,0.0,0,0.0
2021-12-20,-0.1614715701549796,0,-1.0716587549683634,1,0.0683588430190726,1,1.0
2021-12-21,0.091845667717022,0,0.6069953943290326,0,0.0,0,0.0
2021-12-22,-0.0129402454052434,0,-0.0873880962231869,0,0.0,0,0.0
2021-12-23,-0.0282356861866466,0,-0.1887462009803881,0,0.0,0,0.0
2021-12-27,-0.0691066524674535,0,-0.4595853184025404,0,0.0,0,0.0
2021-12-28,-0.0508546891246662,0,-0.3386352628296339,0,0.0,0,0.0
2021-12-29,-0.1244475109899278,0,-0.8263118884726438,0,0.0,0,0.0
2021-12-30,0.0160682006765031,0,0.104841808022014,0,0.0,0,0.0
2021-12-31,-0.0999488153191282,0,-0.6639666904686228,0,0.0,0,0.0
2022-01-03,0.2129087364005552,1,1.4092425066040162,0,0.0,0,-1.0
2022-01-04,0.1735253507886316,0,1.148261121262052,-1,-0.0011554744523117,-1,-1.0
2022-01-05,0.0134496683461153,0,0.0874896128125594,0,0.0,0,0.0
2022-01-06,0.3386001114487122,1,2.2421599583650216,0,0.0,0,0.0
2022-01-07,0.3566796091686473,1,2.361967138167436,0,0.0,0,0.0
2022-01-10,0.0142172417665312,0,0.0925760819288952,0,0.0,0,0.0
2022-01-11,0.0804207473887964,0,0.5312860187039167,0,0.0,0,0.0
2022-01-12,-0.0471170881985058,0,-0.3138673498529136,0,0.0,0,0.0
2022-01-13,-0.0819854892784103,0,-0.5449293440695208,0,0.0,0,0.0
2022-01-14,-0.0442969320543829,0,-0.2951790566567329,0,0.0,0,0.0
2022-01-18,0.1358703801305137,0,0.8987334015225042,0,0.0,0,0.0
2022-01-19,-0.0708822510810351,0,-0.4713516553688452,0,0.0,0,0.0
2022-01-20,0.1354951524751259,0,0.8962468851450981,0,0.0,0,0.0
2022-01-21,-0.2463514616717534,1,-1.634131262893548,0,0.0,0,1.0
2022-01-24,0.0525064277597708,0,0.3463065484408054,0,0.0,0,0.0
2022-01-25,0.2359420113910613,1,1.5618768198450992,0,0.0,0,-1.0
2022-01-26,0.0432434073096555,0,0.284923407505605,0,0.0,0,0.0
2022-01-27,0.1296989158963015,0,0.8578370372204607,0,0.0,0,0.0
2022-01-28,0.1137148984170306,0,0.751915949933152,0,0.0,0,0.0
2022-01-31,-0.1871085511666672,0,-1.2415470141024436,1,-0.0002448929212007,0,1.0
2022-02-01,0.2197236880271152,1,1.4544030607032463,0,0.0,0,-1.0
2022-02-02,-0.0421228693374262,0,-0.2807722226358433,0,0.0,0,0.0
2022-02-03,0.1487486781397127,0,0.9840738567186628,0,0.0,0,0.0
2022-02-04,0.5979775832710527,1,3.960973383643428,0,0.0,0,0.0
2022-02-07,-0.0143978691215083,0,-0.0970473129428119,0,0.0,0,0.0
2022-02-08,-0.0656634954573472,0,-0.4367685932153751,0,0.0,0,0.0
2022-02-09,-0.1724240167938924,0,-1.1442371951480217,1,-0.0162784126486589,0,1.0
2022-02-10,0.3330102492931233,1,2.205117689231244,0,0.0,0,0.0
2022-02-11,0.0315644402600578,0,0.2075305436720714,0,0.0,0,0.0
2022-02-14,-0.0896901913339662,0,-0.5959859961288423,0,0.0,0,0.0
2022-02-15,-0.1584503899703172,0,-1.0516383382949386,1,0.0055715203747662,1,1.0
2022-02-16,-0.1204740907939556,0,-0.7999812749111572,0,0.0,0,0.0
2022-02-17,-0.2245087125981979,1,-1.489386192749869,0,0.0,0,1.0
2022-02-18,0.0371334252836109,0,0.2444344665779655,0,0.0,0,0.0
2022-02-22,0.1587065848524654,0,1.050061791697352,-1,0.0545707006694688,0,-1.0
2022-02-23,0.0232939860754934,0,0.1527248291059428,0,0.0,0,0.0
2022-02-24,-0.2712644963679055,1,-1.7992221560976531,0,0.0,0,0.0
2022-02-25,-0.0278931614642719,0,-0.1864763967172376,0,0.0,0,0.0
2022-02-28,-0.1412515470629743,0,-0.9376669826459664,0,0.0,0,0.0
2022-03-01,-0.2403263768431024,1,-1.5942049091544692,0,0.0,0,1.0
2022-03-02,-0.015255639999842,0,-0.1027314924173601,0,0.0,0,0.0
2022-03-03,-0.127012147925752,0,-0.8433069357498368,0,0.0,0,0.0
2022-03-04,-0.1154159633111437,0,-0.7664626452354792,0,0.0,0,0.0
2022-03-07,-0.051575897391348,0,-0.3434144845657586,0,0.0,0,0.0
2022-03-08,-0.087786109989051,0,-0.583368244265241,0,0.0,0,0.0
2022-03-09,0.2343479952701335,1,1.551313773295561,0,0.0,0,-1.0
2022-03-10,-0.0548622116114975,0,-0.3651918616123866,0,0.0,0,0.0
2022-03-11,0.1323898463195026,0,0.8756689919595994,0,0.0,0,0.0
2022-03-14,0.4797660004215641,1,3.1776221766261843,0,0.0,0,0.0
2022-03-15,-0.201514526835471,0,-1.3370109116021232,1,-0.0350648294547418,0,1.0
2022-03-16,0.0424892686476889,0,0.2799259663338542,0,0.0,0,0.0
2022-03-17,0.0050865143719722,0,0.0320696057185218,0,0.0,0,0.0
2022-03-18,0.0038552005541585,0,0.0239100739522524,0,0.0,0,0.0
2022-03-21,-0.0101522587785231,0,-0.0689129803627555,0,0.0,0,0.0
2022-03-22,0.2213084891824125,1,1.4649050425561174,0,0.0,0,-1.0
2022-03-23,-0.0651933747844397,0,-0.433653250474091,0,0.0,0,0.0
2022-03-24,-0.1642921200257787,0,-1.090349657268149,1,0.0022286443531427,1,1.0
2022-03-25,0.0743349262772453,0,0.4909571846040088,0,0.0,0,0.0
2022-03-28,-0.0617740273181721,0,-0.410994303691164,0,0.0,0,0.0
2022-03-29,-0.2044002487688883,1,-1.3561336887883213,0,0.0,0,1.0
2022-03-30,0.0758921451122043,0,0.5012763870421342,0,0.0,0,0.0
2022-03-31,-0.0635198142209625,0,-0.4225630877690915,0,0.0,0,0.0
2022-04-01,-0.0331854411323322,0,-0.2215466797294057,0,0.0,0,0.0
2022-04-04,-0.0901014297440466,0,-0.5987111445207599,0,0.0,0,0.0
2022-04-05,0.3077194584564258,1,2.0375235241689884,0,0.0,0,0.0
2022-04-06,-0.0293918698265558,0,-0.1964078685431141,0,0.0,0,0.0
2022-04-07,-0.0717287239062033,0,-0.4769609661767973,0,0.0,0,0.0
2022-04-08,0.1818875796969526,1,1.203674998234059,0,0.0,0,-1.0
2022-04-11,0.0557934128533131,0,0.3680883711556951,0,0.0,0,0.0
2022-04-12,-0.2210816608238522,1,-1.4666761919256488,0,0.0,0,1.0
2022-04-13,-0.1175796491746091,0,-0.7808007150920498,0,0.0,0,0.0
2022-04-14,0.0508375617462653,0,0.3352474950509682,0,0.0,0,0.0
2022-04-18,-0.0346973595157535,0,-0.2315656902359529,0,0.0,0,0.0
2022-04-19,-0.2080025957324878,1,-1.3800053160350654,0,0.0,0,1.0
2022-04-20,-0.0842553014665183,0,-0.5599706799047816,0,0.0,0,0.0
2022-04-21,-0.0418668907666025,0,-0.2790759326649987,0,0.0,0,0.0
2022-04-22,-0.0599913162342868,0,-0.3991808346074907,0,0.0,0,0.0
2022-04-25,-0.0270658893821061,0,-0.1809943232310777,0,0.0,0,0.0
2022-04-26,-0.0097139885452723,0,-0.0660087005287412,0,0.0,0,0.0
2022-04-27,0.0449342053314611,0,0.2961277974585772,0,0.0,0,0.0
2022-04-28,-0.1381104328844384,0,-0.9168518008860876,0,0.0,0,0.0
2022-04-29,-0.1159081445613126,0,-0.7697241765262148,0,0.0,0,0.0
2022-05-02,-0.0785180598793952,0,-0.5219517733485199,0,0.0,0,0.0
2022-05-03,0.0560046024437875,0,0.3694878585546434,0,0.0,0,0.0
2022-05-04,-0.1782125955940157,0,-1.182596297367002,1,0.010645990988749,1,1.0
2022-05-05,0.0724571539078351,0,0.478513774096986,0,0.0,0,0.0
2022-05-06,-0.113153689716809,0,-0.7514712653046164,0,0.0,0,0.0
2022-05-09,-0.1371298932539519,0,-0.910354071268104,0,0.0,0,0.0
2022-05-10,0.0003817345601404,0,0.0008925006031853,0,0.0,0,0.0
2022-05-11,0.0601595281680714,0,0.3970212525142595,0,0.0,0,0.0
2022-05-12,-0.1885508289650297,0,-1.251104538221209,1,0.0682085868216674,1,1.0
2022-05-13,-0.1358714395951945,0,-0.9020146922597198,0,0.0,0,0.0
2022-05-16,0.0083197685458183,0,0.053495370424682,0,0.0,0,0.0
2022-05-17,-0.0242036139515171,0,-0.1620269186898279,0,0.0,0,0.0
2022-05-18,0.3573300856366521,1,2.3662776423842407,0,0.0,0,0.0
2022-05-19,-0.0507032229661453,0,-0.3376315439449061,0,0.0,0,0.0
2022-05-20,0.1180601791724248,0,0.780710767179621,0,0.0,0,0.0
2022-05-23,0.2964272285292848,1,1.962693446353307,0,0.0,0,0.0
2022-05-24,-0.0353153900592183,0,-0.235661185453313,0,0.0,0,0.0
2022-05-25,-0.0654085387294908,0,-0.4350790746784498,0,0.0,0,0.0
2022-05-26,-0.063750561913898,0,-0.4240921805992554,0,0.0,0,0.0
2022-05-27,-0.113876427522787,0,-0.7562606228195284,0,0.0,0,0.0
2022-05-31,0.143974755184179,0,0.9524385616039182,0,0.0,0,0.0
2022-06-01,-0.0836932535338113,0,-0.5562461639489447,0,0.0,0,0.0
2022-06-02,-0.0460266813869856,0,-0.3066415647703147,0,0.0,0,0.0
2022-06-03,-0.0381755185466389,0,-0.2546143628733127,0,0.0,0,0.0
2022-06-06,-0.0327710481403347,0,-0.2188006269092341,0,0.0,0,0.0
2022-06-07,-0.0042485814059247,0,-0.0297911558833927,0,0.0,0,0.0
2022-06-08,0.1031442775918612,0,0.6818677500637612,0,0.0,0,0.0
2022-06-09,-0.0499621043372848,0,-0.3327203824625322,0,0.0,0,0.0
2022-06-10,-0.0433582328466761,0,-0.2889585904413414,0,0.0,0,0.0
2022-06-13,0.4057241388217287,1,2.6869699050304003,0,0.0,0,0.0
2022-06-14,0.1691568037033599,0,1.119312125320458,-1,-0.038372275895513,-1,-1.0
2022-06-15,0.0927580033072908,0,0.6130411570928374,0,0.0,0,0.0
2022-06-16,0.3578327102050587,1,2.369608378280393,0,0.0,0,0.0
2022-06-17,0.1723718032298198,0,1.1406169221847289,-1,-0.0440535769640955,-1,-1.0
2022-06-21,0.0348752767982527,0,0.2294704224547956,0,0.0,0,0.0
2022-06-22,0.0479491319828594,0,0.3161067739218938,0,0.0,0,0.0
2022-06-23,-0.1713127005100387,0,-1.1368728495284972,1,0.1224445046586226,1,1.0
2022-06-24,0.0256123583524776,0,0.1680879574704719,0,0.0,0,0.0
2022-06-27,-0.1309829786540234,0,-0.8696203897183287,0,0.0,0,0.0
2022-06-28,0.0778243430723237,0,0.5140804589255382,0,0.0,0,0.0
2022-06-29,0.0653885515478566,0,0.4316723558777218,0,0.0,0,0.0
2022-06-30,-0.0466870408285745,0,-0.3110175603636784,0,0.0,0,0.0
2022-07-01,0.1229856851844959,0,0.8133505558257069,0,0.0,0,0.0
2022-07-05,0.1297565257088966,0,0.8582187994399025,0,0.0,0,0.0
2022-07-06,-0.0404414120602045,0,-0.2696297308773444,0,0.0,0,0.0
2022-07-07,-0.1366968027423035,0,-0.9074841158299854,0,0.0,0,0.0
2022-07-08,-0.0231793602818679,0,-0.1552395097991681,0,0.0,0,0.0
2022-07-11,0.0359684757957768,0,0.2367147104812145,0,0.0,0,0.0
2022-07-12,-0.1735124539627921,0,-1.1514499280246775,1,-0.0281543068380813,0,1.0
2022-07-13,-0.147219566068034,0,-0.977215179010681,0,0.0,0,0.0
2022-07-14,-0.3647156228730127,1,-2.4184935589525187,0,0.0,0,0.0
2022-07-15,0.2922757186009702,1,1.9351826878058127,0,0.0,0,0.0
2022-07-18,0.0097493466181428,0,0.0629687374288833,0,0.0,0,0.0
2022-07-19,-0.0600896953976208,0,-0.3998327625699236,0,0.0,0,0.0
2022-07-20,-0.0078472692289652,0,-0.0536385351494867,0,0.0,0,0.0
2022-07-21,-0.0494397475352639,0,-0.3292588872224442,0,0.0,0,0.0
2022-07-22,-0.0857461255592119,0,-0.5698499051406773,0,0.0,0,0.0
2022-07-25,0.1030436812544626,0,0.6812011295818827,0,0.0,0,0.0
2022-07-26,-0.2353607296373074,1,-1.5612991173655717,0,0.0,0,1.0
2022-07-27,-0.1908494854695841,0,-1.2663370163249277,1,0.1202166459289004,1,1.0
2022-07-28,-0.4061385000885685,1,-2.692990017613829,0,0.0,0,0.0
2022-07-29,0.0137512164302405,0,0.0894878777031832,0,0.0,0,0.0
2022-08-01,-0.2057652643382138,1,-1.365179220267161,0,0.0,0,1.0
2022-08-02,0.067899436488742,0,0.448311205487141,0,0.0,0,0.0
2022-08-03,0.0440988134243197,0,0.2905919164305326,0,0.0,0,0.0
2022-08-04,-0.0924320675401639,0,-0.6141555526464261,0,0.0,0,0.0
2022-08-05,0.2038260023058931,1,1.3490540669895226,0,0.0,0,-1.0
2022-08-08,-0.0384223073262697,0,-0.2562497549706191,0,0.0,0,0.0
2022-08-09,0.3925505323209621,1,2.5996725327730217,0,0.0,0,0.0
2022-08-10,-0.0935686089056802,0,-0.6216870569968563,0,0.0,0,0.0
2022-08-11,0.0786352560879651,0,0.5194541259916281,0,0.0,0,0.0
2022-08-12,-0.086116296963029,0,-0.5723029153194905,0,0.0,0,0.0
2022-08-15,-0.0379244085896759,0,-0.2529503356846114,0,0.0,0,0.0
2022-08-16,0.0543418172346118,0,0.3584691007542622,0,0.0,0,0.0
2022-08-17,0.2020190212545095,1,1.3370797684179436,0,0.0,0,-1.0
2022-08-18,-0.1246832104742214,0,-0.8278737952762252,0,0.0,0,0.0
2022-08-19,-0.0180331384992176,0,-0.1211371067364298,0,0.0,0,0.0
2022-08-22,0.0792923848098554,0,0.5238087126154609,0,0.0,0,0.0
2022-08-23,-0.1190812956670437,0,-0.7907516569879858,0,0.0,0,0.0
2022-08-24,-0.0143007145109723,0,-0.0964034997089802,0,0.0,0,0.0
2022-08-25,-0.1163551760149212,0,-0.7726865142288147,0,0.0,0,0.0
2022-08-26,0.2749062265434965,1,1.82008049358325,0,0.0,0,0.0
2022-08-29,-0.0831105025832129,0,-0.5523844555652334,0,0.0,0,0.0
2022-08-30,0.1651232462558283,0,1.0925830009915811,-1,0.0643790938048979,0,-1.0
2022-08-31,0.0991586393846701,0,0.6554561715612341,0,0.0,0,0.0
2022-09-01,0.0986675364060366,0,0.6522017856388992,0,0.0,0,0.0
2022-09-02,0.0249852129727743,0,0.1639320610826247,0,0.0,0,0.0
2022-09-06,0.1430058001533666,0,0.94601759950667,0,0.0,0,0.0
2022-09-07,-0.1170566968595752,0,-0.7773352735733798,0,0.0,0,0.0
2022-09-08,0.1513738648103367,0,1.001470148160739,-1,-0.0191618579406616,-1,-1.0
2022-09-09,-0.1603956936730493,0,-1.0645292578378271,1,0.0571857255033954,1,1.0
2022-09-12,-0.0079392959826393,0,-0.0542483676788443,0,0.0,0,0.0
2022-09-13,0.286825016753784,1,1.899062590534796,0,0.0,0,0.0
2022-09-14,-0.0019674436031884,0,-0.0146747687403384,0,0.0,0,0.0
2022-09-15,0.2828578131177806,1,1.872773172172948,0,0.0,0,0.0
2022-09-16,-0.0778689189328639,0,-0.5176501192150412,0,0.0,0,0.0
2022-09-19,-0.0795435723933044,0,-0.5287475242065804,0,0.0,0,0.0
2022-09-20,0.0654797996842606,0,0.4322770287538237,0,0.0,0,0.0
2022-09-21,-0.1097344855513112,0,-0.728813268131096,0,0.0,0,0.0
2022-09-22,0.0072943257021128,0,0.0467000812492828,0,0.0,0,0.0
2022-09-23,0.0234147239119187,0,0.1535249210057089,0,0.0,0,0.0
2022-09-26,0.0170843624896215,0,0.1115755947089296,0,0.0,0,0.0
2022-09-27,0.0803263046624097,0,0.5306601762786174,0,0.0,0,0.0
2022-09-28,-0.0823875644815419,0,-0.5475937707533753,0,0.0,0,0.0
2022-09-29,0.4350544329057763,1,2.881332595378293,0,0.0,0,0.0
2022-09-30,0.190631682324141,1,1.2616194329686143,0,0.0,0,-1.0
2022-10-03,-0.1946310804138054,0,-1.2913964639069613,1,0.0208327841295157,1,1.0
2022-10-04,-0.0326622734738299,0,-0.2180798111968867,0,0.0,0,0.0
2022-10-05,0.0558327960972058,0,0.3683493516019079,0,0.0,0,0.0
2022-10-06,0.060084867760778,0,0.3965265013337076,0,0.0,0,0.0
2022-10-07,0.1919661463525184,1,1.270462508935895,0,0.0,0,-1.0
2022-10-10,0.1469180114846343,0,0.9719426010554358,0,0.0,0,0.0
2022-10-11,-0.1021097921441721,0,-0.6782868083744096,0,0.0,0,0.0
2022-10-12,0.207803344370498,1,1.3754106695484751,0,0.0,0,-1.0
2022-10-13,0.2190678018659044,1,1.4500567081406168,0,0.0,0,-1.0
2022-10-14,0.1154712282540724,0,0.763554598740679,0,0.0,0,0.0
2022-10-17,0.0043258109915376,0,0.0270286622095908,0,0.0,0,0.0
2022-10-18,-0.0660433583624728,0,-0.4392858259438302,0,0.0,0,0.0
2022-10-19,-0.0190396238457666,0,-0.1278067705042198,0,0.0,0,0.0
2022-10-20,-0.0564241366016085,0,-0.3755422502695767,0,0.0,0,0.0
2022-10-21,-0.1323428130394193,0,-0.8786315871108863,0,0.0,0,0.0
2022-10-24,0.0661981735990335,0,0.4370374681258569,0,0.0,0,0.0
2022-10-25,-0.327965480260435,1,-2.174961851824691,0,0.0,0,0.0
2022-10-26,-0.0183131183926538,0,-0.1229924459694984,0,0.0,0,0.0
2022-10-27,0.1705141311671492,0,1.1283067101271835,-1,0.0122685610298626,0,-1.0
2022-10-28,-0.0369931105964205,0,-0.2467789150037947,0,0.0,0,0.0
2022-10-31,0.1054245432796092,0,0.6969783579734079,0,0.0,0,0.0
2022-11-01,-0.1363101151348295,0,-0.9049216579324452,0,0.0,0,0.0
2022-11-02,0.2239412763781065,1,1.4823517003019353,0,0.0,0,-1.0
2022-11-03,-0.3089700193802155,1,-2.049084870485944,0,0.0,0,0.0
2022-11-04,-0.2562361317669186,1,-1.6996338817009935,0,0.0,0,1.0
2022-11-07,0.0757301646709946,0,0.5002029932927555,0,0.0,0,0.0
2022-11-08,-0.0132206307333975,0,-0.0892461221453937,0,0.0,0,0.0
2022-11-09,0.0276301338020695,0,0.1814591246253869,0,0.0,0,0.0
2022-11-10,-0.487194248410197,1,-3.230121123998539,0,0.0,0,0.0
2022-11-11,-0.2559197863541257,1,-1.6975375595388824,0,0.0,0,1.0
2022-11-14,-0.0053442791349209,0,-0.0370520022221826,0,0.0,0,0.0
2022-11-15,-0.1627365428733405,0,-1.080041333746905,1,0.0350293730736092,1,1.0
2022-11-16,0.1839433395394533,1,1.217297876086992,0,0.0,0,-1.0
2022-11-17,0.0343116378011386,0,0.2257353630124944,0,0.0,0,0.0
2022-11-18,-0.1097296166081495,0,-0.728781003166778,0,0.0,0,0.0
2022-11-21,0.1333493264198315,0,0.8820271666543635,0,0.0,0,0.0
2022-11-22,-0.1519580001515439,0,-1.0086153004642215,1,-0.0140103119028053,0,1.0
2022-11-23,-0.0682033399944631,0,-0.4535993490163447,0,0.0,0,0.0
2022-11-25,0.0810544243940505,0,0.5354851981325257,0,0.0,0,0.0
2022-11-28,0.0673732026209059,0,0.444824018143853,0,0.0,0,0.0
2022-11-29,0.096292821730663,0,0.6364652938126794,0,0.0,0,0.0
2022-11-30,-0.1304789244185111,0,-0.8662801798651757,0,0.0,0,0.0
2022-12-01,-0.0659671357743222,0,-0.4387807226790695,0,0.0,0,0.0
2022-12-02,0.0001063030782623,0,-0.0009326977283056,0,0.0,0,0.0
2022-12-05,-0.2200633188967939,1,-1.4599279583051494,0,0.0,0,1.0
2022-12-06,0.0024945169771163,0,0.0148932492321088,0,0.0,0,0.0
2022-12-07,-0.0899812944583525,0,-0.5979150455363341,0,0.0,0,0.0
2022-12-08,-0.1807233099364689,0,-1.1992340164739397,1,0.0708759425292272,1,1.0
2022-12-09,0.0691230377761275,0,0.4564196287251723,0,0.0,0,0.0
2022-12-12,-0.1366861433440009,0,-0.9074134793295248,0,0.0,0,0.0
2022-12-13,-0.172097717052196,0,-1.1420749087599549,1,-0.001779096396367,0,1.0
2022-12-14,-0.1083360551452233,0,-0.7195463069743933,0,0.0,0,0.0
2022-12-15,0.1402878562746554,0,0.9280066350421774,0,0.0,0,0.0
2022-12-16,0.0536943890225181,0,0.3541787963765058,0,0.0,0,0.0
2022-12-19,0.0686047477626418,0,0.4529850828214432,0,0.0,0,0.0
2022-12-20,0.1064176442910484,0,0.7035593279363219,0,0.0,0,0.0
2022-12-21,-0.0108529118572282,0,-0.0735559892936388,0,0.0,0,0.0
2022-12-22,0.1290717236022054,0,0.8536808299455976,0,0.0,0,0.0
2022-12-23,0.0077801643859345,0,0.0499195823354998,0,0.0,0,0.0
2022-12-27,-0.0220945355743538,0,-0.1480507155748722,0,0.0,0,0.0
2022-12-28,0.1529180047177486,0,1.0117026806344374,-1,-0.0373987737865184,-1,-1.0
2022-12-29,-0.0575993275759421,0,-0.3833298734959076,0,0.0,0,0.0
2022-12-30,0.0313303138484087,0,0.2059790611291682,0,0.0,0,0.0
2023-01-03,0.093549016308523,0,0.6182829529841124,0,0.0,0,0.0
2023-01-04,-0.0568478732642573,0,-0.3783502206743556,0,0.0,0,0.0
2023-01-05,0.134942352089286,0,0.8925836497916,0,0.0,0,0.0
2023-01-06,-0.188710434515871,0,-1.2521621943144985,1,0.0349225022728761,1,1.0
2023-01-09,-0.219778810421524,1,-1.4580426095758876,0,0.0,0,1.0
2023-01-10,-0.0148148505166884,0,-0.0998105183017479,0,0.0,0,0.0
2023-01-11,-0.1041857249866337,0,-0.6920433663920749,0,0.0,0,0.0
2023-01-12,0.0400343252817331,0,0.2636578240543535,0,0.0,0,0.0
2023-01-13,0.0603563748706612,0,0.3983256940787331,0,0.0,0,0.0
2023-01-17,0.0006422483206679,0,0.0026188438585128,0,0.0,0,0.0
2023-01-18,0.0255170943793673,0,0.1674566728998537,0,0.0,0,0.0
2023-01-19,0.1819167197330037,1,1.2038681001438964,0,0.0,0,-1.0
2023-01-20,-0.0175953353060223,0,-0.1182359218308677,0,0.0,0,0.0
2023-01-23,-0.0650269589839458,0,-0.4325504649852134,0,0.0,0,0.0
2023-01-24,-0.0601376016934412,0,-0.4001502226169854,0,0.0,0,0.0
2023-01-25,0.1355925624361971,0,0.896892390507105,0,0.0,0,0.0
2023-01-26,-0.0297525570658641,0,-0.198798030128444,0,0.0,0,0.0
2023-01-27,-0.0553322346146148,0,-0.3683065571265022,0,0.0,0,0.0
2023-01-30,0.1293628010521098,0,0.855609709216324,0,0.0,0,0.0
2023-01-31,-0.1829599307889886,0,-1.2140554037037512,1,-0.0286385055621166,0,1.0
2023-02-01,-0.3351552792720347,1,-2.2226064023686,0,0.0,0,0.0
2023-02-02,-0.212638423591902,1,-1.4107254981158688,0,0.0,0,1.0
2023-02-03,0.2695009994169873,1,1.7842617430709211,0,0.0,0,0.0
2023-02-06,0.084347049336145,0,0.557304394360774,0,0.0,0,0.0
2023-02-07,0.1969581515601386,1,1.30354296696347,0,0.0,0,-1.0
2023-02-08,0.2093259933313043,1,1.385500788237012,0,0.0,0,-1.0
2023-02-09,-0.083602009578886,0,-0.5556415187821957,0,0.0,0,0.0
2023-02-10,-0.0071274267737211,0,-0.0488683642188117,0,0.0,0,0.0
2023-02-13,-0.1234513902811048,0,-0.8197109079191148,0,0.0,0,0.0
2023-02-14,-0.1284035985566829,0,-0.8525276441184276,0,0.0,0,0.0
2023-02-15,-0.080293408413374,0,-0.533716453115471,0,0.0,0,0.0
2023-02-16,0.0490670218521503,0,0.3235146806372316,0,0.0,0,0.0
2023-02-17,0.0202518861051449,0,0.1325657835522271,0,0.0,0,0.0
2023-02-21,0.1945314587487177,1,1.2874620322778474,0,0.0,0,-1.0
2023-02-22,0.0599683327257189,0,0.3957542600848145,0,0.0,0,0.0
2023-02-23,-0.1317403656914337,0,-0.8746393568587144,0,0.0,0,0.0
2023-02-24,0.1232942363161044,0,0.8153952277228745,0,0.0,0,0.0
2023-02-27,-0.0584336844798322,0,-0.3888588958809448,0,0.0,0,0.0
2023-02-28,0.0980538687791051,0,0.648135202105573,0,0.0,0,0.0
2023-03-01,0.0341275642422334,0,0.2245155650783793,0,0.0,0,0.0
2023-03-02,-0.3488945868973805,1,-2.313652499142377,0,0.0,0,0.0
2023-03-03,-0.0614269651387749,0,-0.4086944311187197,0,0.0,0,0.0
2023-03-06,0.0684640407467304,0,0.4520526614115185,0,0.0,0,0.0
2023-03-07,-0.1342833428246463,0,-0.8914908713947793,0,0.0,0,0.0
2023-03-08,-0.3103710385011511,1,-2.05836898624672,0,0.0,0,0.0
2023-03-09,-0.3620712181359533,1,-2.400969915391675,0,0.0,0,0.0
2023-03-10,-0.1115102576611128,0,-0.7405807548026162,0,0.0,0,0.0
2023-03-13,-0.981939144265114,1,-6.508640893309341,0,0.0,0,0.0
2023-03-14,0.1311992449839696,0,0.8677792490868247,0,0.0,0,0.0
2023-03-15,-0.278672952668885,1,-1.8483156801467808,0,0.0,0,0.0
2023-03-16,0.1689455116953473,0,1.1179119592324995,-1,0.0571982892719435,0,-1.0
2023-03-17,-0.3711175199660466,1,-2.4609169297774693,0,0.0,0,0.0
2023-03-20,0.0494359699527197,0,0.3259595843678218,0,0.0,0,0.0
2023-03-21,0.55294376446522,1,3.6625483438310327,0,0.0,0,0.0
2023-03-22,-0.216518996927868,1,-1.4364408445596972,0,0.0,0,1.0
2023-03-23,-0.1746241449560179,0,-1.158816756726078,1,0.3123342134961628,1,1.0
2023-03-24,-0.0709884348730023,0,-0.4720553021655302,0,0.0,0,0.0
2023-03-27,0.2384003097580866,1,1.578167194667926,0,0.0,0,-1.0
2023-03-28,-0.033069842379402,0,-0.2207806429295018,0,0.0,0,0.0
2023-03-29,-0.0022327311190483,0,-0.0164327461799944,0,0.0,0,0.0
2023-03-30,-0.2008266997895814,0,-1.3324528967813356,1,-0.0032312019780841,0,1.0
2023-03-31,-0.072372358390452,0,-0.4812261307060309,0,0.0,0,0.0
2023-04-03,0.0389908303369956,0,0.2567429092484388,0,0.0,0,0.0
2023-04-04,0.1182369726933555,0,0.781882322577794,0,0.0,0,0.0
2023-04-05,0.0821312153422759,0,0.5426207551453409,0,0.0,0,0.0
2023-04-06,0.18728806171249,1,1.239462304379283,0,0.0,0,-1.0
2023-04-10,-0.173240432765582,0,-1.1496473285836386,1,-0.0200666883527871,0,1.0
2023-04-11,0.0317915804968078,0,0.2090357310177719,0,0.0,0,0.0
2023-04-12,0.0289107327811534,0,0.1899452537490251,0,0.0,0,0.0
2023-04-13,0.0417471004007959,0,0.2750078493608857,0,0.0,0,0.0
2023-04-14,0.0363524229943707,0,0.239259008545748,0,0.0,0,0.0
2023-04-17,0.1304617074776592,0,0.8628918185841445,0,0.0,0,0.0
2023-04-18,0.0149846624736953,0,0.0976615390622493,0,0.0,0,0.0
2023-04-19,0.1899482145613582,1,1.257090305754279,0,0.0,0,-1.0
2023-04-20,-0.1849975334612214,0,-1.227557959665187,1,-0.0310624234065942,0,1.0
2023-04-21,-0.1651965249518949,0,-1.0963428659997123,1,-0.0173208120129958,0,1.0
2023-04-24,-0.1745996878554578,0,-1.1586546871658705,1,0.0125205545573524,1,1.0
2023-04-25,-0.1277355256278809,0,-0.848100533656512,0,0.0,0,0.0
2023-04-26,0.1580912496912837,0,1.0459841579358145,-1,-0.0131355128201692,-1,-1.0
2023-04-27,0.0431200778827232,0,0.2841061419456709,0,0.0,0,0.0
2023-04-28,0.104362960520796,0,0.6899435808778015,0,0.0,0,0.0
2023-05-01,-0.2326350749031093,1,-1.5432370554721535,0,0.0,0,1.0
2023-05-02,-0.3994806780640415,1,-2.648870712269109,0,0.0,0,0.0
2023-05-03,-0.1212004134894751,0,-0.8047943883684375,0,0.0,0,0.0
2023-05-04,-0.1864938352408347,0,-1.2374734838199946,1,-0.0511620090894761,0,1.0
2023-05-05,0.2474400746359499,1,1.6380708907147217,0,0.0,0,-1.0
2023-05-08,0.0785424658694468,0,0.5188392342194041,0,0.0,0,0.0
2023-05-09,0.1345912432576894,0,0.8902569613199989,0,0.0,0,0.0
2023-05-10,-0.0803532664760209,0,-0.5341131137852112,0,0.0,0,0.0
2023-05-11,0.0372700042539833,0,0.2453395327205159,0,0.0,0,0.0
2023-05-12,-0.0935133094747454,0,-0.6213206049544602,0,0.0,0,0.0
2023-05-15,0.0779926647777694,0,0.5151958742507519,0,0.0,0,0.0
2023-05-16,0.1009681825997258,0,0.6674474487905442,0,0.0,0,0.0
2023-05-17,0.170105027484946,0,1.1255957079096,-1,-0.0656149502397783,-1,-1.0
2023-05-18,-0.0168638002662555,0,-0.1133882677976219,0,0.0,0,0.0
2023-05-19,0.0095225498292481,0,0.0614658260047587,0,0.0,0,0.0
2023-05-22,0.1870508909211663,1,1.2378906476839384,0,0.0,0,-1.0
2023-05-23,0.1233886342840012,0,0.8160207735476531,0,0.0,0,0.0
2023-05-24,0.0277469993741794,0,0.182233556239991,0,0.0,0,0.0
2023-05-25,-0.1434489303423359,0,-0.9522283547439871,0,0.0,0,0.0
2023-05-26,-0.2113187678897624,1,-1.4019805522975357,0,0.0,0,1.0
2023-05-30,0.1414324708565298,0,0.9355916380737542,0,0.0,0,0.0
2023-05-31,-0.0911427678749799,0,-0.6056117667958066,0,0.0,0,0.0
2023-06-01,0.0847320267462534,0,0.5598555193149737,0,0.0,0,0.0
2023-06-02,0.0038916258572565,0,0.0241514530494608,0,0.0,0,0.0
2023-06-05,0.0494729099181296,0,0.3262043739712902,0,0.0,0,0.0
2023-06-06,0.0940122560613399,0,0.621352698018907,0,0.0,0,0.0
2023-06-07,-0.1956861292362437,0,-1.2983879426486975,1,0.064180104620792,1,1.0
2023-06-08,-0.038738987472596,0,-0.2583482953072197,0,0.0,0,0.0
2023-06-09,0.076980908168931,0,0.5084912794755478,0,0.0,0,0.0
2023-06-12,-0.3759644986662332,1,-2.4930363424750595,0,0.0,0,0.0
2023-06-13,-0.0755490740613977,0,-0.5022772324272077,0,0.0,0,0.0
2023-06-14,-0.1917007829630887,0,-1.271978298701771,1,-0.0266762281946665,0,1.0
2023-06-15,0.0739302928723845,0,0.4882758055169796,0,0.0,0,0.0
2023-06-16,-0.0429375352293898,0,-0.2861707588401848,0,0.0,0,0.0
2023-06-20,0.023107106866832,0,0.1514864390079291,0,0.0,0,0.0
2023-06-21,-0.0445691690457281,0,-0.2969830860980486,0,0.0,0,0.0
2023-06-22,-0.1406369472590376,0,-0.9335942218670216,0,0.0,0,0.0
2023-06-23,0.0532494130106798,0,0.3512300794439949,0,0.0,0,0.0
2023-06-26,-0.1715609902914193,0,-1.1385181882951914,1,-0.0190989425792776,0,1.0
2023-06-27,-0.181068959758751,0,-1.2015245297972803,1,0.0259853470738687,1,1.0
2023-06-28,0.1250543005215552,0,0.8270586230224977,0,0.0,0,0.0
2023-06-29,0.1493188004510866,0,0.9878518790579024,0,0.0,0,0.0
2023-06-30,-0.0998394520352104,0,-0.6632419741726783,0,0.0,0,0.0
2023-07-03,0.0456993996041727,0,0.3011985007067908,0,0.0,0,0.0
2023-07-05,0.1003384152714431,0,0.6632741775690735,0,0.0,0,0.0
2023-07-06,0.1029046721089826,0,0.6802799594285581,0,0.0,0,0.0
2023-07-07,0.0846505280172812,0,0.5593154527142921,0,0.0,0,0.0
2023-07-10,-0.2357993695912514,1,-1.564205847223047,0,0.0,0,1.0
2023-07-11,0.0460114980207423,0,0.3032666793525266,0,0.0,0,0.0
2023-07-12,-0.1501601508713941,0,-0.9967015152860496,0,0.0,0,0.0
2023-07-13,0.0123648498671316,0,0.0803008598627871,0,0.0,0,0.0
2023-07-14,-0.1008393241658151,0,-0.6698678142256735,0,0.0,0,0.0
2023-07-17,0.12093321463343,0,0.7997494750788912,0,0.0,0,0.0
2023-07-18,0.2700056704468913,1,1.7876060402277008,0,0.0,0,0.0
2023-07-19,0.122106085794936,0,0.8075217256307787,0,0.0,0,0.0
2023-07-20,0.2813300079518686,1,1.862648884924987,0,0.0,0,0.0
2023-07-21,-0.1786465193810758,0,-1.185471774660795,1,-0.0132880870664922,0,1.0
2023-07-24,0.1366672613890047,0,0.9040140845202368,0,0.0,0,0.0
2023-07-25,-0.2740281156458992,1,-1.817535797155221,0,0.0,0,0.0
2023-07-26,0.2486219870835601,1,1.6459030550433469,0,0.0,0,-1.0
2023-07-27,-0.2000118839915295,0,-1.3270533671962077,1,0.1295986775737614,1,1.0
2023-07-28,-0.0555345300107024,0,-0.3696471054795436,0,0.0,0,0.0
2023-07-31,0.0032793238450732,0,0.0200939190181839,0,0.0,0,0.0
2023-08-01,0.073310170209791,0,0.4841664464801425,0,0.0,0,0.0
2023-08-02,0.211185064589183,1,1.3978202723238178,0,0.0,0,-1.0
2023-08-03,0.2962409439286775,1,1.9614589965369955,0,0.0,0,0.0
2023-08-04,0.0540972144014383,0,0.3568481942408095,0,0.0,0,0.0
2023-08-07,0.0585822716728297,0,0.3865692667651429,0,0.0,0,0.0
2023-08-08,-0.0733816313826734,0,-0.4879142673302832,0,0.0,0,0.0
2023-08-09,0.0429584749484236,0,0.2830352498165783,0,0.0,0,0.0
2023-08-10,0.1600659860346804,0,1.0590701183878477,-1,0.0907864484580169,0,-1.0
2023-08-11,0.1578077579935331,0,1.0441055470733318,-1,-0.0702114049217647,-1,-1.0
2023-08-14,-0.1934712224218105,0,-1.2837104475615528,1,0.1411489843977258,1,1.0
2023-08-15,-0.0324646705776264,0,-0.2167703585737185,0,0.0,0,0.0
2023-08-16,0.1924612663523136,1,1.273743514401762,0,0.0,0,-1.0
2023-08-17,0.0879386842344097,0,0.5811050360990981,0,0.0,0,0.0
2023-08-18,-0.1121248900210845,0,-0.7446537313202276,0,0.0,0,0.0
2023-08-21,-0.0282174904650517,0,-0.1886256236212972,0,0.0,0,0.0
2023-08-22,-0.2589778224365252,1,-1.7178022087255866,0,0.0,0,0.0
2023-08-23,-0.0231846842790107,0,-0.1552747902639711,0,0.0,0,0.0
2023-08-24,0.2878290947595257,1,1.9057163016075824,0,0.0,0,0.0
2023-08-25,-0.0967656211460768,0,-0.6428726577391481,0,0.0,0,0.0
2023-08-28,-0.0473753022852192,0,-0.3155784538887448,0,0.0,0,0.0
2023-08-29,-0.1085443742871837,0,-0.7209267728083315,0,0.0,0,0.0
2023-08-30,-0.0280029863826277,0,-0.1872041721202976,0,0.0,0,0.0
2023-08-31,0.017719868997002,0,0.115786897676234,0,0.0,0,0.0
2023-09-01,0.1174510425663805,0,0.7766742093053329,0,0.0,0,0.0
2023-09-05,0.1918791038548338,1,1.2698857055129191,0,0.0,0,-1.0
2023-09-06,-0.1034653741321064,0,-0.6872698264582743,0,0.0,0,0.0
2023-09-07,0.0841701310157801,0,0.5561320119557626,0,0.0,0,0.0
2023-09-08,0.0760344281029368,0,0.5022192519445544,0,0.0,0,0.0
2023-09-11,0.0886350112884378,0,0.5857193778167472,0,0.0,0,0.0
2023-09-12,0.3316759787343156,1,2.196275895326324,0,0.0,0,0.0
2023-09-13,-0.1043812170608273,0,-0.693338831257619,0,0.0,0,0.0
2023-09-14,0.0009681006215951,0,0.0047781651964706,0,0.0,0,0.0
2023-09-15,0.1278874411311583,0,0.8458329602125163,0,0.0,0,0.0
2023-09-18,0.0203692546962391,0,0.1333435485163984,0,0.0,0,0.0
2023-09-19,0.1134241893742708,0,0.7499895119814105,0,0.0,0,0.0
2023-09-20,0.0351640395396968,0,0.231383962876125,0,0.0,0,0.0
2023-09-21,0.0280725254535711,0,0.184390715809809,0,0.0,0,0.0
2023-09-22,-0.120797201573348,0,-0.8021224290428939,0,0.0,0,0.0
2023-09-25,0.0048595321191333,0,0.0305654652828145,0,0.0,0,0.0
2023-09-26,0.1648024256817467,0,1.0904570233345294,-1,0.0009077411558482,0,-1.0
2023-09-27,-0.0031642484633136,0,-0.022605620431385,0,0.0,0,0.0
2023-09-28,0.0170230216519258,0,0.1111691081524512,0,0.0,0,0.0
2023-09-29,-0.0844680310341092,0,-0.5613803722506895,0,0.0,0,0.0
2023-10-02,0.1339405258111013,0,0.885944860213452,0,0.0,0,0.0
2023-10-03,-0.1204646844667192,0,-0.7999189421209465,0,0.0,0,0.0
2023-10-04,0.014972165796222,0,0.0975787274870518,0,0.0,0,0.0
2023-10-05,0.3255481299161735,1,2.15566855675255,0,0.0,0,0.0
2023-10-06,-0.0820399250304007,0,-0.5452900727815359,0,0.0,0,0.0
2023-10-09,-0.0282139336043824,0,-0.188602053417504,0,0.0,0,0.0
2023-10-10,-0.1332233741472551,0,-0.8844667903121997,0,0.0,0,0.0
2023-10-11,-0.0995292945339927,0,-0.661186657366256,0,0.0,0,0.0
2023-10-12,0.1722712796350383,0,1.1399507837454346,-1,-0.0159100048755893,-1,-1.0
2023-10-13,0.1515600656292994,0,1.002704042782282,-1,-0.0244131030455796,-1,-1.0
2023-10-16,-0.0137935816670671,0,-0.0930428888803692,0,0.0,0,0.0
2023-10-17,0.1552262271884424,0,1.0269985494054743,-1,-0.0246312718628771,-1,-1.0
2023-10-18,0.0933369489122788,0,0.6168776486407264,0,0.0,0,0.0
2023-10-19,0.0465161287627083,0,0.3066107095337351,0,0.0,0,0.0
2023-10-20,-0.2099444057689919,1,-1.3928730841439696,0,0.0,0,1.0
2023-10-23,-0.0148872202109524,0,-0.1002900896431231,0,0.0,0,0.0
2023-10-24,-0.0644525394519608,0,-0.4287439663082806,0,0.0,0,0.0
2023-10-25,0.1840201454498663,1,1.217806844846041,0,0.0,0,-1.0
2023-10-26,0.1202779126841329,0,0.7954069939059907,0,0.0,0,0.0
2023-10-27,-0.2812315231202745,1,-1.8652705267279872,0,0.0,0,0.0
2023-10-30,0.3260559168434001,1,2.1590335019868685,0,0.0,0,0.0
2023-10-31,0.0740851503887381,0,0.4893019978699385,0,0.0,0,0.0
2023-11-01,-0.0094521195457149,0,-0.0642733765280052,0,0.0,0,0.0
2023-11-02,0.0324722823825582,0,0.2135465296296172,0,0.0,0,0.0
2023-11-03,-0.0340734062379063,0,-0.2274309469092664,0,0.0,0,0.0
2023-11-06,0.0987803072152181,0,0.6529490825395855,0,0.0,0,0.0
2023-11-07,-0.0002478269796496,0,-0.003279406922274,0,0.0,0,0.0
2023-11-08,0.0650676791473164,0,0.4295460347829292,0,0.0,0,0.0
2023-11-09,0.0809530869401883,0,0.5348136665035141,0,0.0,0,0.0
2023-11-10,-0.1470538552844205,0,-0.9761170654482844,0,0.0,0,0.0
2023-11-13,0.1169793005747193,0,0.7735481225914866,0,0.0,0,0.0
2023-11-14,-0.395406638035406,1,-2.6218733225299697,0,0.0,0,0.0
2023-11-15,-0.0412406731196695,0,-0.2749261840722145,0,0.0,0,0.0
2023-11-16,0.0672753541554179,0,0.4441756069501512,0,0.0,0,0.0
2023-11-17,-0.0105720002185527,0,-0.0716944756761292,0,0.0,0,0.0
2023-11-20,0.0259659725775946,0,0.1704312484017552,0,0.0,0,0.0
2023-11-21,0.0476426046048634,0,0.3140755128072981,0,0.0,0,0.0
2023-11-22,-0.0353291668612887,0,-0.2357524800140535,0,0.0,0,0.0
2023-11-24,0.0302178984243699,0,0.1986074318512237,0,0.0,0,0.0
2023-11-27,0.0206695630939859,0,0.1353335983929141,0,0.0,0,0.0
2023-11-28,-0.0285913777747437,0,-0.1911032579467643,0,0.0,0,0.0
2023-11-29,0.1799397889108381,1,1.1907675975670484,0,0.0,0,-1.0
2023-11-30,0.1504692275554343,0,0.9954753998589354,0,0.0,0,0.0
2023-12-01,-0.1046993823325093,0,-0.6954472130557072,0,0.0,0,0.0
2023-12-04,0.0734677879176533,0,0.4852109297594037,0,0.0,0,0.0
2023-12-05,0.1113321862381723,0,0.736126461151331,0,0.0,0,0.0
2023-12-06,-0.244805574881341,1,-1.6238871543722753,0,0.0,0,1.0
2023-12-07,-0.1004685168829209,0,-0.6674105902749898,0,0.0,0,0.0
2023-12-08,0.0847052984902864,0,0.5596783995178397,0,0.0,0,0.0
2023-12-11,-0.1474061812278284,0,-0.9784518193393944,0,0.0,0,0.0
2023-12-12,0.0874937628139005,0,0.57815668092626,0,0.0,0,0.0
2023-12-13,-0.1756318370714763,0,-1.165494417374199,1,-0.0176336950152934,0,1.0
2023-12-14,-0.2775741457430328,1,-1.8410342301323508,0,0.0,0,0.0
2023-12-15,0.0814366209829815,0,0.5380178954540582,0,0.0,0,0.0
2023-12-18,0.1163244117661839,0,0.7692083791732675,0,0.0,0,0.0
2023-12-19,-0.0475696543765992,0,-0.3168663644445375,0,0.0,0,0.0
2023-12-20,0.0658543151573054,0,0.4347588257214678,0,0.0,0,0.0
2023-12-21,-0.1032894720253394,0,-0.686104178183111,0,0.0,0,0.0
2023-12-22,-0.024267304755469,0,-0.162448977738095,0,0.0,0,0.0
2023-12-26,-0.0680719929006467,0,-0.4527289528842648,0,0.0,0,0.0
2023-12-27,0.0391345730456078,0,0.257695447244945,0,0.0,0,0.0
2023-12-28,0.0387867627348969,0,0.2553906170401476,0,0.0,0,0.0
2023-12-29,0.0189789568956311,0,0.1241304795939867,0,0.0,0,0.0
2024-01-02,0.1663592194352243,0,1.1007734088905563,-1,0.0211863715221354,0,-1.0
2024-01-03,0.1174241465570637,0,0.7764959778591888,0,0.0,0,0.0
2024-01-04,0.1674380330587411,0,1.1079223695402467,-1,-0.0138028220883679,-1,-1.0
2024-01-05,0.0835347329659825,0,0.5519214277029563,0,0.0,0,0.0
2024-01-08,-0.1644911424030214,0,-1.0916685163484394,1,0.0710679079201798,1,1.0
2024-01-09,-0.0637642651237611,0,-0.4241829874874425,0,0.0,0,0.0
2024-01-10,0.0395245893741558,0,0.260279963536496,0,0.0,0,0.0
2024-01-11,0.1094659506662678,0,0.723759501395016,0,0.0,0,0.0
2024-01-12,0.0292119961987241,0,0.1919416322433778,0,0.0,0,0.0
2024-01-16,-0.0055884167506022,0,-0.0386698258847401,0,0.0,0,0.0
2024-01-17,0.2184248802962489,1,1.445796267873538,0,0.0,0,-1.0
2024-01-18,-0.1531093840643778,0,-1.0162451617359975,1,0.146942186134226,1,1.0
2024-01-19,0.2019416811523107,1,1.3365672597369171,0,0.0,0,-1.0
2024-01-22,0.0415462208483806,0,0.2736766833612734,0,0.0,0,0.0
2024-01-23,0.0435787270130565,0,0.2871454663602801,0,0.0,0,0.0
2024-01-24,0.2917395406288892,1,1.9316296039921863,0,0.0,0,0.0
2024-01-25,-0.1968184151312376,0,-1.3058912473262214,1,0.0727647778008491,1,1.0
2024-01-26,0.1472997540584746,0,0.9744722897608852,0,0.0,0,0.0
2024-01-29,-0.140509643783894,0,-0.9327506215318648,0,0.0,0,0.0
2024-01-30,0.1216939083502545,0,0.8047903545500982,0,0.0,0,0.0
2024-01-31,-0.0059665107702797,0,-0.0411753367622779,0,0.0,0,0.0
2024-02-01,-0.4889134368896066,1,-3.241513648639296,0,0.0,0,0.0
2024-02-02,0.1691339278805977,0,1.1191605343939153,-1,0.0804979786664236,0,-1.0
2024-02-05,0.0738552999694305,0,0.4877788509916221,0,0.0,0,0.0
2024-02-06,-0.0855667525975178,0,-0.56866125659489,0,0.0,0,0.0
2024-02-07,-0.0063114385334706,0,-0.0434610652257342,0,0.0,0,0.0
2024-02-08,-0.0496163788795689,0,-0.3304293679268148,0,0.0,0,0.0
2024-02-09,-0.0017426206296531,0,-0.013184937173593,0,0.0,0,0.0
2024-02-12,-0.0809561739893156,0,-0.5381083934090408,0,0.0,0,0.0
2024-02-13,0.1846964818645031,1,1.2222887148454475,0,0.0,0,-1.0
2024-02-14,-0.0219511194289603,0,-0.1471003416107337,0,0.0,0,0.0
2024-02-15,0.0634332340001973,0,0.4187150777147932,0,0.0,0,0.0
2024-02-16,0.014600794523463,0,0.0951177661518353,0,0.0,0,0.0
2024-02-20,-0.0146257620259742,0,-0.0985574879821845,0,0.0,0,0.0
2024-02-21,-0.0714589402942274,0,-0.4751731945136443,0,0.0,0,0.0
2024-02-22,-0.0369705155435664,0,-0.2466291846516651,0,0.0,0,0.0
2024-02-23,0.0226131398030996,0,0.1482130736889463,0,0.0,0,0.0
2024-02-26,0.0364950760100023,0,0.2402043254875059,0,0.0,0,0.0
2024-02-27,0.0320065553057227,0,0.2104603018760795,0,0.0,0,0.0
2024-02-28,0.0746606633036412,0,0.4931157420536822,0,0.0,0,0.0
2024-02-29,-0.1618241691107506,0,-1.0739953180270605,1,-0.0476452848393421,0,1.0
2024-03-01,-0.2701310579912519,1,-1.7917112142844325,0,0.0,0,0.0
2024-03-04,0.0180386929184882,0,0.1178996441406834,0,0.0,0,0.0
2024-03-05,0.2634852530092312,1,1.7443972721279557,0,0.0,0,0.0
2024-03-06,-0.1864528353369587,0,-1.2372017902734345,1,0.0595591654527321,1,1.0
2024-03-07,-0.2292353971961604,1,-1.520708454035535,0,0.0,0,1.0
2024-03-08,0.1472177501277976,0,0.9739288753464302,0,0.0,0,0.0
2024-03-11,0.0666519125335368,0,0.4400442542076098,0,0.0,0,0.0
2024-03-12,0.011377742152107,0,0.0737596056017298,0,0.0,0,0.0
2024-03-13,0.0603408939286344,0,0.3982231067152095,0,0.0,0,0.0
2024-03-14,0.0737076924477401,0,0.4868007020869738,0,0.0,0,0.0
2024-03-15,0.0679878817182675,0,0.4488973043755374,0,0.0,0,0.0
2024-03-18,0.0205178236602972,0,0.134328068599074,0,0.0,0,0.0
2024-03-19,-0.0486077096071125,0,-0.3237452319647237,0,0.0,0,0.0
2024-03-20,0.0200008871404405,0,0.1309024918745276,0,0.0,0,0.0
2024-03-21,-0.1048486275466328,0,-0.6964362144361734,0,0.0,0,0.0
2024-03-22,-0.1324892618345538,0,-0.879602057496863,0,0.0,0,0.0
2024-03-25,0.1544273300102765,0,1.0217045075382254,-1,-0.0837521285896727,-1,-1.0
2024-03-26,0.1113540569367587,0,0.7362713914341592,0,0.0,0,0.0
2024-03-27,-0.1710562098959472,0,-1.1351731664069795,1,-0.1111131317920675,0,1.0
2024-03-28,0.0295441502836063,0,0.19414271353369,0,0.0,0,0.0
2024-04-01,-0.0853485665817088,0,-0.5672154060723067,0,0.0,0,0.0
2024-04-02,0.0884127414536621,0,0.5842464651024597,0,0.0,0,0.0
2024-04-03,-0.0547394077506558,0,-0.364378078814645,0,0.0,0,0.0
2024-04-04,0.0225485535952307,0,0.1477850810788214,0,0.0,0,0.0
2024-04-05,0.0158483760480043,0,0.1033850989253606,0,0.0,0,0.0
2024-04-08,0.0739772386607414,0,0.488586900581332,0,0.0,0,0.0
2024-04-09,-0.2743822563051651,1,-1.819882576601048,0,0.0,0,0.0
2024-04-10,0.1437779089621138,0,0.951134123223731,0,0.0,0,0.0
2024-04-11,-0.5127612161984556,1,-3.3995454273868435,0,0.0,0,0.0
2024-04-12,0.2432555633303736,1,1.6103414423562294,0,0.0,0,-1.0
2024-04-15,0.0521925409186216,0,0.3442265184644356,0,0.0,0,0.0
2024-04-16,0.0411317985255029,0,0.270930436174528,0,0.0,0,0.0
2024-04-17,0.0360760943802626,0,0.2374278651994092,0,0.0,0,0.0
2024-04-18,0.1751540149997539,0,1.159053769874438,-1,0.0111946703102155,0,-1.0
2024-04-19,0.3047882395665107,1,2.0180992528742685,0,0.0,0,0.0
2024-04-22,0.0327123348585152,0,0.2151372823482218,0,0.0,0,0.0
2024-04-23,-0.1236757337118879,0,-0.8211975617059445,0,0.0,0,0.0
2024-04-24,-0.0701415050225787,0,-0.466442962794075,0,0.0,0,0.0
2024-04-25,-0.2161982255269427,1,-1.4343151927577806,0,0.0,0,1.0
2024-04-26,-0.121817674733366,0,-0.8088847856780017,0,0.0,0,0.0
2024-04-29,-0.1815361584042923,0,-1.2046205091766244,1,-0.0179929610137493,0,1.0
2024-04-30,0.1397480404935714,0,0.9244294446054544,0,0.0,0,0.0
2024-05-01,0.3548261113416561,1,2.349684587464887,0,0.0,0,0.0
2024-05-02,-0.150541076040362,0,-0.999225787304928,0,0.0,0,0.0
2024-05-03,-0.0757996947094343,0,-0.50393801711861,0,0.0,0,0.0
2024-05-06,0.0751710907691932,0,0.4964981853100593,0,0.0,0,0.0
2024-05-07,-0.0108042138580526,0,-0.0732332828759259,0,0.0,0,0.0
2024-05-08,0.0150466829587145,0,0.0980725294290859,0,0.0,0,0.0
2024-05-09,-0.1551277903536513,0,-1.0296205092682835,1,-0.077907040436457,0,1.0
2024-05-10,-0.0073739963697391,0,-0.0505023038548318,0,0.0,0,0.0
2024-05-13,-0.0432485424978968,0,-0.288231706788799,0,0.0,0,0.0
2024-05-14,-0.0061281303995646,0,-0.0422463395238195,0,0.0,0,0.0
2024-05-15,-0.17273257767098,0,-1.146281931625433,1,0.02542695323211,1,1.0
2024-05-16,0.1554033544898874,0,1.0281723166627763,-1,-0.0143020961670047,-1,-1.0
2024-05-17,0.1323948577684087,0,0.8757022012649381,0,0.0,0,0.0
2024-05-20,-0.2863606983146669,1,-1.899259967379044,0,0.0,0,0.0
2024-05-21,0.0916724965832296,0,0.6058478433580793,0,0.0,0,0.0
2024-05-22,0.0026217911987508,0,0.0157366557134056,0,0.0,0,0.0
2024-05-23,0.005857249165708,0,0.0371770242676148,0,0.0,0,0.0
2024-05-24,-0.0444286220798072,0,-0.2960517252893798,0,0.0,0,0.0
2024-05-28,-0.1370497515234163,0,-0.9098229970718684,0,0.0,0,0.0
2024-05-29,0.1076928878672029,0,0.7120099684788272,0,0.0,0,0.0
2024-05-30,-0.1176551538968465,0,-0.7813010612838053,0,0.0,0,0.0
2024-05-31,-0.0328251463715456,0,-0.2191591189765513,0,0.0,0,0.0
2024-06-03,-0.0185564563338383,0,-0.1246049704391412,0,0.0,0,0.0
2024-06-04,0.0380156454273833,0,0.2502806636918216,0,0.0,0,0.0
2024-06-05,-0.1706202130924705,0,-1.132283951881411,1,0.217148167299871,1,1.0
2024-06-06,0.135136860505447,0,0.8938725962628499,0,0.0,0,0.0
2024-06-07,0.1743586209669037,0,1.153782942256125,-1,-0.0459823931006957,-1,-1.0
2024-06-10,-0.2031149144295896,1,-1.3476161799127968,0,0.0,0,1.0
2024-06-11,-0.1865769315819701,0,-1.2380241372970735,1,0.0253593897367444,1,1.0
2024-06-12,-0.1002800462494386,0,-0.6661616543021621,0,0.0,0,0.0
2024-06-13,-0.1296493370541435,0,-0.860782763727613,0,0.0,0,0.0
2024-06-14,0.13736109603471,0,0.908611909827048,0,0.0,0,0.0
2024-06-17,0.043876962265645,0,0.2891217781518899,0,0.0,0,0.0
2024-06-18,0.0447845690929065,0,0.2951362048814401,0,0.0,0,0.0
2024-06-20,0.2999076656263671,1,1.985757215023238,0,0.0,0,0.0
2024-06-21,0.0368174013497655,0,0.2423402747563458,0,0.0,0,0.0
2024-06-24,0.0978144457436334,0,0.6465486204923033,0,0.0,0,0.0
2024-06-25,0.0562938163491297,0,0.3714043886980934,0,0.0,0,0.0
2024-06-26,-0.042587952038479,0,-0.2838541803124992,0,0.0,0,0.0
2024-06-27,0.0669382909698528,0,0.4419419945841812,0,0.0,0,0.0
2024-06-28,0.1279258237819288,0,0.8460873100408909,0,0.0,0,0.0
2024-07-01,0.2871892670081952,1,1.9014763631074267,0,0.0,0,0.0
2024-07-02,0.0315848958585602,0,0.207666096528998,0,0.0,0,0.0
2024-07-03,-0.168758116922381,0,-1.1199444226469617,1,-0.0396573605498353,0,1.0
2024-07-05,-0.0798254200412078,0,-0.5306152404646494,0,0.0,0,0.0
2024-07-08,-0.1212996142306709,0,-0.8054517606705383,0,0.0,0,0.0
2024-07-09,0.145152170142071,0,0.9602409224740812,0,0.0,0,0.0
2024-07-10,-0.1590153403836623,0,-1.0553820880826583,1,-0.0303409541932397,0,1.0
2024-07-11,-0.0394339746142315,0,-0.2629537578442951,0,0.0,0,0.0
2024-07-12,-0.1221296928810761,0,-0.8109524324070978,0,0.0,0,0.0
2024-07-15,0.3586471443137554,1,2.37500537852948,0,0.0,0,0.0
2024-07-16,-0.2913750838483248,1,-1.9324887328312583,0,0.0,0,0.0
2024-07-17,0.4217567581978266,1,2.7932130618951985,0,0.0,0,0.0
2024-07-18,-0.0775800204106354,0,-0.515735679016898,0,0.0,0,0.0
2024-07-19,0.0091629533255223,0,0.0590828923831741,0,0.0,0,0.0
2024-07-22,-0.1670016969957103,0,-1.1083051768436256,1,0.0393590888969835,1,1.0
2024-07-23,0.2575657161217181,1,1.705170351600882,0,0.0,0,-1.0
2024-07-24,0.144927449943607,0,0.9587517719656063,0,0.0,0,0.0
2024-07-25,0.1998243706559766,1,1.3225365049415485,0,0.0,0,-1.0
2024-07-26,-0.1595295815919108,0,-1.0587898038197228,1,0.0213662232399577,1,1.0
2024-07-29,-0.1259903676344133,0,-0.8365359171640718,0,0.0,0,0.0
2024-07-30,0.272332930397221,1,1.803028064425235,0,0.0,0,0.0
2024-07-31,-0.4611773339479899,1,-3.0577151646537315,0,0.0,0,0.0
2024-08-01,0.0795432188960513,0,0.5254709116948251,0,0.0,0,0.0
2024-08-02,0.0718318994455413,0,0.4743704082277177,0,0.0,0,0.0
2024-08-05,-0.0386593322652515,0,-0.2578204451480864,0,0.0,0,0.0
2024-08-06,0.0716895045277463,0,0.4734268016196423,0,0.0,0,0.0
2024-08-07,0.239383971501444,1,1.5846856135519438,0,0.0,0,-1.0
2024-08-08,-0.2044368541581676,1,-1.356376261260359,0,0.0,0,1.0
2024-08-09,0.1095640191131665,0,0.7244093703367609,0,0.0,0,0.0
2024-08-12,-0.0230074023841495,0,-0.1540999985644245,0,0.0,0,0.0
2024-08-13,-0.2138268024256278,1,-1.418600513163913,0,0.0,0,1.0
2024-08-14,0.2795803159072343,1,1.851054222692794,0,0.0,0,0.0
2024-08-15,-0.2531993171057772,1,-1.679509860239225,0,0.0,0,1.0
2024-08-16,0.1246629098957057,0,0.8244649996923306,0,0.0,0,0.0
2024-08-19,-0.034111011302742,0,-0.2276801439187211,0,0.0,0,0.0
2024-08-20,0.0036514210939398,0,0.0225596911701276,0,0.0,0,0.0
2024-08-21,-0.2513959119182297,1,-1.6675592577994862,0,0.0,0,1.0
2024-08-22,0.2787821559813229,1,1.8457650663657728,0,0.0,0,0.0
2024-08-23,-0.1209928542859976,0,-0.8034189584092708,0,0.0,0,0.0
2024-08-26,0.1414744470924234,0,0.9358698014673968,0,0.0,0,0.0
2024-08-27,0.104540469623984,0,0.691119878215905,0,0.0,0,0.0
2024-08-28,0.1894850643932535,1,1.254021154369368,0,0.0,0,-1.0
2024-08-29,0.0506621585282759,0,0.3340851527557836,0,0.0,0,0.0
2024-08-30,-0.0701747848726483,0,-0.4666634979573221,0,0.0,0,0.0
2024-09-03,0.4068913550365978,1,2.6947046820186413,0,0.0,0,0.0
2024-09-04,-0.0220485772438744,0,-0.1477461640851983,0,0.0,0,0.0
2024-09-05,0.0119787841912238,0,0.0777425233113229,0,0.0,0,0.0
2024-09-06,0.0117099303816549,0,0.0759609131580675,0,0.0,0,0.0
2024-09-09,0.0132102801787289,0,0.0859032622591912,0,0.0,0,0.0
2024-09-10,-0.1498557720372506,0,-0.9946844918999368,0,0.0,0,0.0
2024-09-11,-0.2796432383426432,1,-1.8547454599988769,0,0.0,0,0.0
2024-09-12,-0.0267287997599955,0,-0.1787605356783844,0,0.0,0,0.0
2024-09-13,-0.2326547573255712,1,-1.5433674847331524,0,0.0,0,1.0
2024-09-16,0.1551828119045571,0,1.026710849890632,-1,0.0365222118459762,0,-1.0
2024-09-17,-0.0764696486882583,0,-0.5083775927110121,0,0.0,0,0.0
2024-09-18,0.0143198946629412,0,0.0932563305844687,0,0.0,0,0.0
2024-09-19,-0.0643842469113831,0,-0.4282914129898806,0,0.0,0,0.0
2024-09-20,0.0430615203925165,0,0.2837180997629378,0,0.0,0,0.0
2024-09-23,-0.1061141562339987,0,-0.7048224774475166,0,0.0,0,0.0
2024-09-24,-0.2117910476448369,1,-1.4051102026014182,0,0.0,0,1.0
2024-09-25,-0.0591481163385594,0,-0.3935932124798358,0,0.0,0,0.0
2024-09-26,-0.2862536378382648,1,-1.898550511068657,0,0.0,0,0.0
2024-09-27,-0.0382370461652624,0,-0.255022087168613,0,0.0,0,0.0
2024-09-30,0.1428342717291858,0,0.9448809342588076,0,0.0,0,0.0
2024-10-01,0.0538703565668714,0,0.355344878286098,0,0.0,0,0.0
2024-10-02,0.0371841650123895,0,0.2447707028995203,0,0.0,0,0.0
2024-10-03,0.0790155836755285,0,0.5219744380253404,0,0.0,0,0.0
2024-10-04,0.2708608158825901,1,1.793272821714612,0,0.0,0,0.0
2024-10-07,-0.1819431834585415,0,-1.2073177369765284,1,-0.1726077542695076,0,1.0
2024-10-08,0.1349972961414758,0,0.8929477468501434,0,0.0,0,0.0
2024-10-09,0.0909487224360273,0,0.6010516183338301,0,0.0,0,0.0
2024-10-10,0.0604577939652851,0,0.398997766715552,0,0.0,0,0.0
2024-10-11,0.0663150830097558,0,0.4378121902452416,0,0.0,0,0.0
2024-10-14,-0.0498974403252441,0,-0.3322918742684816,0,0.0,0,0.0
2024-10-15,0.2561391123837102,1,1.6957166945804296,0,0.0,0,-1.0
2024-10-16,-0.0068020057590304,0,-0.0467119008799244,0,0.0,0,0.0
2024-10-17,0.1149558908056368,0,0.7601396185625758,0,0.0,0,0.0
2024-10-18,-0.0784609859448389,0,-0.5215735622253274,0,0.0,0,0.0
2024-10-21,0.0106368212622052,0,0.0688497544736225,0,0.0,0,0.0
2024-10-22,0.1126226048632029,0,0.744677661999071,0,0.0,0,0.0
2024-10-23,0.0369747125567541,0,0.2433827269501276,0,0.0,0,0.0
2024-10-24,0.1121950426101224,0,0.7418443406023675,0,0.0,0,0.0
2024-10-25,-0.1289068214853125,0,-0.8558623451607332,0,0.0,0,0.0
2024-10-28,0.1208773190131816,0,0.7993790722762799,0,0.0,0,0.0
2024-10-29,0.0756606431648378,0,0.4997422960036337,0,0.0,0,0.0
2024-10-30,0.38017467455654,1,2.5176615920179404,0,0.0,0,0.0
2024-10-31,-0.080999425938752,0,-0.5383950105575482,0,0.0,0,0.0
2024-11-01,-0.036586085571128,0,-0.2440816873957776,0,0.0,0,0.0
2024-11-04,-0.106924514804406,0,-0.7101924703783582,0,0.0,0,0.0
2024-11-05,-0.0479358114703536,0,-0.3192927730454244,0,0.0,0,0.0
2024-11-06,0.884427193987267,1,5.859185410715841,0,0.0,0,0.0
2024-11-07,-0.332118650684952,1,-2.2024836139614523,0,0.0,0,0.0
2024-11-08,0.0409286479163821,0,0.2695842205920524,0,0.0,0,0.0
2024-11-11,0.2680310627715003,1,1.7745209324183204,0,0.0,0,0.0
2024-11-12,0.2698512044089101,1,1.786582442079541,0,0.0,0,0.0
2024-11-13,0.0550017999750738,0,0.3628426000670131,0,0.0,0,0.0
2024-11-14,-0.0284959995495063,0,-0.1904712162630144,0,0.0,0,0.0
2024-11-15,0.1874369410727738,1,1.2404488813607175,0,0.0,0,-1.0
2024-11-18,-0.0730633063147797,0,-0.4858048266126518,0,0.0,0,0.0
2024-11-19,-0.1036545822971256,0,-0.6885236498220474,0,0.0,0,0.0
2024-11-20,-0.0091470372343026,0,-0.0622516914179364,0,0.0,0,0.0
2024-11-21,-0.04591186131507,0,-0.3058806880460823,0,0.0,0,0.0
2024-11-22,0.0712085613579264,0,0.4702397415743945,0,0.0,0,0.0
2024-11-25,-0.1735613590874842,0,-1.1517740069984417,1,-0.0488369121514387,0,1.0
2024-11-26,0.1835964381747832,1,1.2149990691834742,0,0.0,0,-1.0
2024-11-27,0.0988401142418352,0,0.65334540500951,0,0.0,0,0.0
2024-11-29,-0.1217193832672026,0,-0.8082334388573047,0,0.0,0,0.0
2024-12-02,-0.2099737120327869,1,-1.3930672875931034,0,0.0,0,1.0
2024-12-03,0.0482138933915799,0,0.3178612650139969,0,0.0,0,0.0
2024-12-04,0.0441920975806351,0,0.2912100813741347,0,0.0,0,0.0
2024-12-05,0.1948324332764006,1,1.2894564963892203,0,0.0,0,-1.0
2024-12-06,-0.0374169969989576,0,-0.2495878776880049,0,0.0,0,0.0
2024-12-09,-0.3092960838335942,1,-2.05124559769188,0,0.0,0,0.0
2024-12-10,0.1206080768181132,0,0.7975948884137273,0,0.0,0,0.0
2024-12-11,0.0146343233590079,0,0.0953399512639953,0,0.0,0,0.0
2024-12-12,-0.0014467411772846,0,-0.0112242365336267,0,0.0,0,0.0
2024-12-13,-0.0138928753887133,0,-0.0937008773348496,0,0.0,0,0.0
2024-12-16,0.0484588323964239,0,0.3194843992320237,0,0.0,0,0.0
2024-12-17,-0.0647608245033579,0,-0.430786874975063,0,0.0,0,0.0
2024-12-18,0.0329955746711667,0,0.217014224046891,0,0.0,0,0.0
2024-12-19,0.1871884840485639,1,1.238802434328073,0,0.0,0,-1.0
2024-12-20,0.0272380797742961,0,0.1788611051380468,0,0.0,0,0.0
2024-12-23,-0.0546016755285527,0,-0.363465370433378,0,0.0,0,0.0
2024-12-24,0.0359675185187697,0,0.2367083669057298,0,0.0,0,0.0
2024-12-26,0.0557593095865912,0,0.3678623794676903,0,0.0,0,0.0
2024-12-27,-0.0119391402979129,0,-0.0807540856188542,0,0.0,0,0.0
2024-12-30,0.0943635013501559,0,0.6236802907498451,0,0.0,0,0.0
2024-12-31,0.0060508420243779,0,0.0384599036255712,0,0.0,0,0.0
2025-01-02,0.0327596132843867,0,0.215450581697402,0,0.0,0,0.0
2025-01-03,-0.0853846953944102,0,-0.5674548204203393,0,0.0,0,0.0
2025-01-06,-0.1221659896445648,0,-0.8111929597124964,0,0.0,0,0.0
2025-01-07,0.089894261387662,0,0.5940640345871401,0,0.0,0,0.0
2025-01-08,0.0896301065759115,0,0.5923135632235375,0,0.0,0,0.0
2025-01-10,-0.0692265092540889,0,-0.4603795718607619,0,0.0,0,0.0
2025-01-13,0.0203616503985526,0,0.1332931572127068,0,0.0,0,0.0
2025-01-14,0.0249993072128168,0,0.1640254592055764,0,0.0,0,0.0
2025-01-15,0.1588167195787213,0,1.0507916201005203,-1,-0.0188156996732108,-1,-1.0
2025-01-16,-0.113836247592128,0,-0.7559943629791569,0,0.0,0,0.0
2025-01-17,-0.1172841024017921,0,-0.7788422190154761,0,0.0,0,0.0
2025-01-21,-0.1782668114568197,0,-1.182955568942116,1,0.0103295112980934,1,1.0
2025-01-22,0.0480136619440357,0,0.3165343938027699,0,0.0,0,0.0
2025-01-23,-0.042286455248087,0,-0.2818562553294106,0,0.0,0,0.0
2025-01-24,0.2295057253019946,1,1.5192255638933183,0,0.0,0,-1.0
2025-01-27,0.5651182978588382,1,3.743225170914089,0,0.0,0,0.0
2025-01-28,0.1788989642269401,1,1.183870377745003,0,0.0,0,-1.0
2025-01-29,-0.0405958565371361,0,-0.270653186147168,0,0.0,0,0.0
2025-01-30,-0.1748886528067739,0,-1.1605695675688112,1,0.014004268377746,1,1.0
2025-01-31,0.0892165707249811,0,0.5895731904092788,0,0.0,0,0.0
2025-02-03,0.196301751778783,1,1.2991932108006965,0,0.0,0,-1.0
2025-02-04,-0.0075859528108255,0,-0.0519068729330709,0,0.0,0,0.0
2025-02-05,-0.0233511186706605,0,-0.1563776989506267,0,0.0,0,0.0
2025-02-06,0.1642669592070438,0,1.0869086543916155,-1,-0.0577692427672369,-1,-1.0
2025-02-07,0.0860281791180558,0,0.5684447159102216,0,0.0,0,0.0
2025-02-10,-0.326806449220623,1,-2.167281315432896,0,0.0,0,0.0
2025-02-11,-0.0646057597257678,0,-0.4297593091666793,0,0.0,0,0.0
2025-02-12,-0.0069650542938654,0,-0.0477923725518756,0,0.0,0,0.0
2025-02-13,-0.1017022755215226,0,-0.6755863231043789,0,0.0,0,0.0
2025-02-14,-0.0046733727700558,0,-0.0326061154651987,0,0.0,0,0.0
2025-02-18,-0.0607696633742383,0,-0.4043386977953622,0,0.0,0,0.0
2025-02-19,-0.0170535241064883,0,-0.1146455083798373,0,0.0,0,0.0
2025-02-20,-0.296563286694809,1,-1.9668693312808911,0,0.0,0,0.0
2025-02-21,0.0373798770732195,0,0.2460676255477364,0,0.0,0,0.0
2025-02-24,0.1748364428653006,0,1.1569493186113515,-1,-0.0330284384000786,-1,-1.0
2025-02-25,0.0335748949737279,0,0.2208531985984688,0,0.0,0,0.0
2025-02-26,-0.0065779103983581,0,-0.0452268909761734,0,0.0,0,0.0
2025-02-27,0.5232966887474797,1,3.466086440621486,0,0.0,0,0.0
2025-02-28,0.1161138964675204,0,0.767813360095369,0,0.0,0,0.0
2025-03-03,0.2288833902520106,1,1.5151015440568292,0,0.0,0,-1.0
2025-03-04,-0.2628613976229929,1,-1.7435374474943213,0,0.0,0,0.0
2025-03-05,-0.1403822588262536,0,-0.9319064812376732,0,0.0,0,0.0
2025-03-06,-0.0460973741663032,0,-0.3071100237205375,0,0.0,0,0.0
2025-03-07,-0.3609580477007516,1,-2.393593282890768,0,0.0,0,0.0
2025-03-10,-0.1744282412100624,0,-1.157518563840455,1,0.0,0,1.0
2025-03-11,0.1578518680408166,0,1.0443978505680336,-1,0.0086700815365183,0,-1.0
2025-03-12,0.1109737798194809,0,0.7337514138512524,0,0.0,0,0.0
2025-03-13,0.0170356118243517,0,0.1112525392894738,0,0.0,0,0.0
2025-03-14,-0.0230524915266603,0,-0.1543987902171356,0,0.0,0,0.0
2025-03-17,-0.0860386381623116,0,-0.571788294723005,0,0.0,0,0.0
2025-03-18,0.0854663835721589,0,0.5647218724428805,0,0.0,0,0.0
2025-03-19,0.0335578693566752,0,0.2207403751564083,0,0.0,0,0.0
2025-03-20,0.0856102388321721,0,0.5656751562823381,0,0.0,0,0.0
2025-03-21,0.0962880599342859,0,0.6364337388766091,0,0.0,0,0.0
2025-03-24,-0.0496619353656299,0,-0.3307312565191428,0,0.0,0,0.0
2025-03-25,0.2352582571299457,1,1.5573457940958706,0,0.0,0,-1.0
2025-03-26,0.0465845668996259,0,0.3070642276735663,0,0.0,0,0.0
2025-03-27,0.0416644742990513,0,0.274460312013254,0,0.0,0,0.0
2025-03-28,0.0325760759533944,0,0.2142343371780418,0,0.0,0,0.0
2025-03-31,0.0926015614370762,0,0.6120044657221048,0,0.0,0,0.0
2025-04-01,-0.0719676032662558,0,-0.4785439450230149,0,0.0,0,0.0
2025-04-02,-0.0277015034862415,0,-0.1852063392084425,0,0.0,0,0.0
2025-04-03,0.1169099266557172,0,0.7730884033163031,0,0.0,0,0.0
2025-04-04,-0.2904630851968823,1,-1.9264452028557304,0,0.0,0,0.0
2025-04-07,0.0025373140140903,0,0.015176851817932,0,0.0,0,0.0
2025-04-08,0.393608693986708,1,2.606684639354293,0,0.0,0,0.0
2025-04-09,-0.4509232011657467,1,-2.98976423211176,0,0.0,0,0.0
2025-04-10,0.1798623998568613,1,1.1902547644978914,0,0.0,0,-1.0
2025-04-11,-0.104568823565662,0,-0.6945820409200228,0,0.0,0,0.0
2025-04-14,-0.000292981310293,0,-0.0035786305563624,0,0.0,0,0.0
2025-04-15,0.1648259923344063,0,1.0906131921748516,-1,0.0345356855296437,0,-1.0
2025-04-16,0.0810409569914241,0,0.5353959538651833,0,0.0,0,0.0
2025-04-17,-0.1375827211081413,0,-0.9133548199054178,0,0.0,0,0.0
2025-04-21,-0.0353148650106418,0,-0.2356577061205252,0,0.0,0,0.0
2025-04-22,0.0441603687082068,0,0.2909998240548864,0,0.0,0,0.0
2025-04-23,-0.0574849835398222,0,-0.3825721513120859,0,0.0,0,0.0
2025-04-24,-0.3192966267442931,1,-2.1175160694264323,0,0.0,0,0.0
2025-04-25,-0.0323438158218106,0,-0.2159694918856997,0,0.0,0,0.0
2025-04-28,0.0415445500035168,0,0.2736656111946609,0,0.0,0,0.0
2025-04-29,0.1577456571129817,0,1.043694023950435,-1,0.0481119739344219,0,-1.0
2025-04-30,-0.1175321142226037,0,-0.780485715824369,0,0.0,0,0.0
2025-05-01,0.0208982236910938,0,0.1368488606914477,0,0.0,0,0.0
2025-05-02,0.0704430339920528,0,0.4651668310219206,0,0.0,0,0.0
2025-05-05,0.0963549162716952,0,0.6368767749255643,0,0.0,0,0.0
2025-05-06,0.0233748543877414,0,0.1532607181320591,0,0.0,0,0.0
2025-05-07,-0.0833048401474438,0,-0.5536722698541502,0,0.0,0,0.0
2025-05-08,0.0350089045821255,0,0.2303559320069441,0,0.0,0,0.0
2025-05-09,-0.0475750073811299,0,-0.3169018371322321,0,0.0,0,0.0
2025-05-12,-0.3051563765504759,1,-2.023813051584636,0,0.0,0,0.0
2025-05-13,-0.0485466206886205,0,-0.3233404147980596,0,0.0,0,0.0
2025-05-14,0.0582872072746857,0,0.384613967234739,0,0.0,0,0.0
2025-05-15,-0.0363300972139808,0,-0.242385332574026,0,0.0,0,0.0
2025-05-16,-0.0644993767392966,0,-0.4290543423702829,0,0.0,0,0.0
2025-05-19,0.0426293312423802,0,0.2808541173657974,0,0.0,0,0.0
2025-05-20,-0.0661862765037753,0,-0.4402328997905317,0,0.0,0,0.0
2025-05-21,0.0409887878474721,0,0.2699827491158544,0,0.0,0,0.0
2025-05-22,0.1340749473869918,0,0.886835629977165,0,0.0,0,0.0
2025-05-23,0.028465383649274,0,0.1869940642666372,0,0.0,0,0.0
2025-05-27,-0.0672869234620876,0,-0.4475265431248874,0,0.0,0,0.0
2025-05-28,0.1084173009643949,0,0.7168104276249242,0,0.0,0,0.0
2025-05-29,0.0255204869546172,0,0.1674791544355277,0,0.0,0,0.0
2025-05-30,0.1347299214460253,0,0.8911759383237852,0,0.0,0,0.0
2025-06-02,0.0407708022402676,0,0.2685382266384463,0,0.0,0,0.0
2025-06-03,-0.2189056081196667,1,-1.452256170881457,0,0.0,0,1.0
2025-06-04,-0.1552545730789986,0,-1.0304606587573248,1,-0.0269600265686943,0,1.0
2025-06-05,0.0422002897818343,0,0.2780109937236159,0,0.0,0,0.0
2025-06-06,0.1772111987933732,1,1.172686083806312,0,0.0,0,-1.0
2025-06-09,-0.2643482990876494,1,-1.753390678700416,0,0.0,0,0.0
2025-06-10,-0.2061403948683552,1,-1.3676650930259195,0,0.0,0,1.0
2025-06-11,0.0427201038624647,0,0.2814556391438942,0,0.0,0,0.0
2025-06-12,0.0236929275237652,0,0.1553684893759415,0,0.0,0,0.0
2025-06-13,0.0647594989818747,0,0.4275038211625861,0,0.0,0,0.0
2025-06-16,-0.0676998136695755,0,-0.4502626374618786,0,0.0,0,0.0
2025-06-17,0.0964041654795896,0,0.6372031340311506,0,0.0,0,0.0
2025-06-18,0.0293416877627667,0,0.19280105769716,0,0.0,0,0.0
2025-06-20,0.0406609686585715,0,0.2678103938261387,0,0.0,0,0.0
2025-06-23,-0.0021318017851343,0,-0.0157639190343027,0,0.0,0,0.0
2025-06-24,-0.095474535409025,0,-0.6343170361485806,0,0.0,0,0.0
2025-06-25,0.0379750327009757,0,0.2500115358493143,0,0.0,0,0.0
2025-06-26,-0.0068906372456259,0,-0.0472992340357014,0,0.0,0,0.0
2025-06-27,0.0030215364326818,0,0.0183856424197074,0,0.0,0,0.0
2025-06-30,0.1105008715569441,0,0.7306175986248857,0,0.0,0,0.0
2025-07-01,-0.1883959903911547,0,-1.2500784713941346,1,0.1222665871043309,1,1.0
2025-07-02,-0.1897047753349603,0,-1.25875138009515,1,-0.002789627773294,0,1.0
2025-07-03,0.1358884056732964,0,0.8988528511598036,0,0.0,0,0.0
2025-07-07,0.0770012596139079,0,0.5086261421396195,0,0.0,0,0.0
2025-07-08,-0.1885620797278678,0,-1.2511790935095883,1,-0.1766338999013097,0,1.0
2025-07-09,-0.1455807187621385,0,-0.9663550502124332,0,0.0,0,0.0
2025-07-10,-0.1422068773922634,0,-0.9439976581052536,0,0.0,0,0.0
2025-07-11,-0.0693606834188725,0,-0.4612687021084098,0,0.0,0,0.0
2025-07-14,0.2270153434091282,1,1.502722581573941,0,0.0,0,-1.0
2025-07-15,-0.1195400556923186,0,-0.7937917162687067,0,0.0,0,0.0
2025-07-16,0.0651518136800358,0,0.4301035680311009,0,0.0,0,0.0
2025-07-17,-0.028416462744406,0,-0.1899441507185411,0,0.0,0,0.0
2025-07-18,0.0407239095657426,0,0.2682274835428551,0,0.0,0,0.0
2025-07-21,-0.0996856653642077,0,-0.6622228779771178,0,0.0,0,0.0
2025-07-22,-0.1630170117683281,0,-1.0818999134403948,1,-0.1721267226621332,0,1.0
2025-07-23,0.0298576821100968,0,0.1962203909388927,0,0.0,0,0.0
2025-07-24,0.1326462008127432,0,0.8773677730507885,0,0.0,0,0.0
2025-07-25,0.0147826947265823,0,0.0963231619365413,0,0.0,0,0.0
2025-07-28,-0.0774341082886579,0,-0.5147687649961707,0,0.0,0,0.0
2025-07-29,-0.0610934922610376,0,-0.4064846106004066,0,0.0,0,0.0
2025-07-30,-0.0614718824833608,0,-0.408992084320286,0,0.0,0,0.0
2025-07-31,-0.0048831383871011,0,-0.0339961666373618,0,0.0,0,0.0
2025-08-01,-0.1657817983175995,0,-1.100221289639835,1,-0.0425894136709732,0,1.0
2025-08-04,-0.0127638984201238,0,-0.0862194998782486,0,0.0,0,0.0
2025-08-05,-0.0143020551846223,0,-0.096412383934169,0,0.0,0,0.0
2025-08-06,0.1727330629781062,0,1.143010877608092,-1,-0.0361326801554165,-1,-1.0
2025-08-07,-0.3512867147183675,1,-2.3295043824412884,0,0.0,0,0.0
2025-08-08,0.0899454902868248,0,0.5944035124879177,0,0.0,0,0.0
2025-08-11,0.0130399981492999,0,0.0847748564797306,0,0.0,0,0.0
2025-08-12,-0.2650967501102662,1,-1.758350429664132,0,0.0,0,0.0
2025-08-13,-0.1732408690408196,0,-1.1496502196432596,1,-0.0185183892005941,0,1.0
2025-08-14,0.3013574080467732,1,1.995364204858872,0,0.0,0,0.0
2025-08-15,-0.0125049919280413,0,-0.0845038074884795,0,0.0,0,0.0
2025-08-18,0.0200070745150043,0,0.1309434936716104,0,0.0,0,0.0
2025-08-19,-0.0666504034672018,0,-0.4433085240926975,0,0.0,0,0.0
2025-08-20,0.2036907429353125,1,1.3481577454222893,0,0.0,0,-1.0
2025-08-21,0.0547560351367027,0,0.3612139933083549,0,0.0,0,0.0
2025-08-22,-0.2066769632399741,1,-1.371220763895246,0,0.0,0,1.0
2025-08-25,0.0614217710915759,0,0.4053857417956115,0,0.0,0,0.0
2025-08-26,0.0263603377443556,0,0.1730445830847118,0,0.0,0,0.0
2025-08-27,0.0202927368704451,0,0.1328364888040654,0,0.0,0,0.0
2025-08-28,0.058975479730522,0,0.3891749336480096,0,0.0,0,0.0
2025-08-29,0.1644648231845525,0,1.0882198371189802,-1,-0.0237088191040289,-1,-1.0
2025-09-02,-0.0140691068499493,0,-0.0948687081391235,0,0.0,0,0.0
2025-09-03,0.070120236870684,0,0.4630277554038575,0,0.0,0,0.0
2025-09-04,-0.074109945262854,0,-0.492740575745875,0,0.0,0,0.0
2025-09-05,-0.4554899994172501,1,-3.020026976559352,0,0.0,0,0.0
2025-09-08,0.08207972460796,0,0.5422795421448524,0,0.0,0,0.0
2025-09-09,0.1244544226481777,0,0.823083419875345,0,0.0,0,0.0
2025-09-10,-0.1790120603828264,0,-1.187894100612561,1,-0.0241484431866985,0,1.0
2025-09-11,-0.0229849107142509,0,-0.1539509532988233,0,0.0,0,0.0
2025-09-12,0.0896244849318773,0,0.5922763103458291,0,0.0,0,0.0
2025-09-15,-0.1736561399910455,0,-1.152402090418164,1,-0.0196315270683455,0,1.0
2025-09-16,-0.0462758456209309,0,-0.3082926982608044,0,0.0,0,0.0
2025-09-17,0.211977633579823,1,1.403072379270501,0,0.0,0,-1.0
2025-09-18,-0.1775059927110956,0,-1.1779138609434747,1,0.0234922068000523,1,1.0
2025-09-19,0.0292184258937242,0,0.1919842398222434,0,0.0,0,0.0
2025-09-22,-0.0737170962484427,0,-0.4901372881305958,0,0.0,0,0.0
2025-09-23,-0.1138176118463917,0,-0.7558708697176313,0,0.0,0,0.0
2025-09-24,-0.0108599833206982,0,-0.0736028496715398,0,0.0,0,0.0
2025-09-25,0.1716785308829828,0,1.1360228230567448,-1,-0.0362237212643423,-1,-1.0
2025-09-26,-0.0659665977880316,0,-0.4387771576120946,0,0.0,0,0.0
2025-09-29,-0.0392063546975734,0,-0.2614453918097896,0,0.0,0,0.0
2025-09-30,-0.1931311427040347,0,-1.2814568455795798,1,-0.0878893895155531,0,1.0
2025-10-01,-0.2766179195523368,1,-1.8346976180795629,0,0.0,0,0.0
2025-10-02,-0.0912435225678363,0,-0.6062794366498017,0,0.0,0,0.0
2025-10-03,0.070588772135408,0,0.4661325921407027,0,0.0,0,0.0
2025-10-06,-0.127140039407249,0,-0.8441544326192892,0,0.0,0,0.0
2025-10-07,0.2833521131385075,1,1.876048743893852,0,0.0,0,0.0
2025-10-08,-0.2360120348570847,1,-1.565615113461308,0,0.0,0,1.0
2025-10-09,0.1726412707152558,0,1.1424025989761222,-1,0.1124201356021313,0,-1.0
2025-10-10,0.115466953374377,0,0.7635262704492504,0,0.0,0,0.0
2025-10-13,-0.1752369616981242,0,-1.1628777017116516,1,0.0911949358455573,1,1.0
2025-10-14,0.0352814707456682,0,0.2321621427695143,0,0.0,0,0.0
2025-10-15,-0.37387852101072,1,-2.4792132206212747,0,0.0,0,0.0
2025-10-16,-0.6299649279498345,1,-4.176217787693886,0,0.0,0,0.0
2025-10-17,0.1618110938215644,0,1.0706344021769525,-1,-0.0280942890676899,-1,-1.0
2025-10-20,0.0047991911322938,0,0.0301656044254103,0,0.0,0,0.0
2025-10-21,0.0609213453312524,0,0.4020695767132858,0,0.0,0,0.0
2025-10-22,0.1159913653042745,0,0.7670013843793505,0,0.0,0,0.0
2025-10-23,-0.1452640987825306,0,-0.9642569085818676,0,0.0,0,0.0
2025-10-24,0.0948165320908898,0,0.6266823838528678,0,0.0,0,0.0
2025-10-27,-0.1167763653322537,0,-0.775477604172473,0,0.0,0,0.0
2025-10-28,-0.0623447169650734,0,-0.4147760855855968,0,0.0,0,0.0
2025-10-29,-0.4988957777640351,1,-3.3076635011693774,0,0.0,0,0.0
2025-10-30,0.0779737918975535,0,0.5150708095731569,0,0.0,0,0.0
2025-10-31,0.0433470660881207,0,0.2856103218271235,0,0.0,0,0.0
2025-11-03,0.0213564971050942,0,0.1398856953513661,0,0.0,0,0.0
2025-11-04,0.2956406394439081,1,1.957480966369506,0,0.0,0,0.0
2025-11-05,-0.2462845779721872,1,-1.6336880455241325,0,0.0,0,1.0
2025-11-06,0.0863337023671325,0,0.5704693229763567,0,0.0,0,0.0
2025-11-07,0.0351668595141159,0,0.2314026499650865,0,0.0,0,0.0
2025-11-10,-0.0564262867105838,0,-0.37555649836964,0,0.0,0,0.0
2025-11-11,0.1342001985210354,0,0.8876656300894065,0,0.0,0,0.0
2025-11-12,0.0379974119205112,0,0.2501598359415102,0,0.0,0,0.0
2025-11-13,0.1895198198865295,1,1.2542514681588626,0,0.0,0,-1.0
2025-11-14,0.0470159193321118,0,0.3099226654043919,0,0.0,0,0.0
2025-11-17,-0.1280324837106068,0,-0.850068382042681,0,0.0,0,0.0
2025-11-18,0.1401748676714718,0,0.9272578948887208,0,0.0,0,0.0
2025-11-19,0.0629894777811917,0,0.415774443968081,0,0.0,0,0.0
2025-11-20,0.2625039250712648,1,1.7378943186427251,0,0.0,0,0.0
2025-11-21,-0.2426464503153791,1,-1.6095793108084144,0,0.0,0,1.0
2025-11-24,-0.2359836247255332,1,-1.5654268484004237,0,0.0,0,1.0
2025-11-25,-0.0503423239186646,0,-0.3352399787730282,0,0.0,0,0.0
2025-11-26,-0.2177744915173028,1,-1.444760614740675,0,0.0,0,1.0
2025-11-28,-0.0851511481399378,0,-0.5659071757710031,0,0.0,0,0.0
2025-12-01,0.1221213577029534,0,0.8076229277912648,0,0.0,0,0.0
2025-12-02,-0.0389326699897529,0,-0.2596317688039431,0,0.0,0,0.0
2025-12-03,0.0341490411375029,0,0.2246578857497278,0,0.0,0,0.0
2025-12-04,0.1444907519149361,0,0.9558579106398766,0,0.0,0,0.0
2025-12-05,-0.0887945581170619,0,-0.5900509147722206,0,0.0,0,0.0
2025-12-08,0.0445528924282123,0,0.2936009560458245,0,0.0,0,0.0
2025-12-09,0.1198595043965886,0,0.7926343329773986,0,0.0,0,0.0
2025-12-10,-0.0414206977697215,0,-0.2761191511530348,0,0.0,0,0.0
2025-12-11,0.1145544964270858,0,0.757479703490394,0,0.0,0,0.0
2025-12-12,0.3489793273317,1,2.310939777515089,0,0.0,0,0.0
2025-12-15,-0.0636384540142012,0,-0.4233492765925009,0,0.0,0,0.0
2025-12-16,0.126701475181755,0,0.8379739345946186,0,0.0,0,0.0
2025-12-17,0.2177799837015646,1,1.4415227397329793,0,0.0,0,-1.0
2025-12-18,-0.1628864508574191,0,-1.0810347270966836,1,-0.12659695769343,0,1.0
2025-12-19,0.0338803338947973,0,0.2228772468492598,0,0.0,0,0.0
2025-12-22,0.080853833382414,0,0.534155944202458,0,0.0,0,0.0
2025-12-23,0.0186344445179946,0,0.1218475037607512,0,0.0,0,0.0
2025-12-24,0.015764241317482,0,0.102827564366411,0,0.0,0,0.0
2025-12-26,-0.0359756891015257,0,-0.2400367807995191,0,0.0,0,0.0
2025-12-29,0.0210442614977781,0,0.1378166075854381,0,0.0,0,0.0
2025-12-30,-0.0461030904076436,0,-0.3071479034650237,0,0.0,0,0.0
2025-12-31,0.0495842979413978,0,0.3269425075819827,0,0.0,0,0.0
