,spread,regime,z_score,signal,minhash_signal,final_signal
0,0.0678072548025547,2,0.2582213057938193,0,0.0,0
1,-0.1380223140709087,2,-0.5298475128887505,0,0.0,0
2,-0.1435565146431494,2,-0.5510365525937277,0,0.0,0
3,-0.0853492423053756,2,-0.3281757819035649,0,0.0,0
4,-0.0211099673990859,2,-0.0822200148798921,0,0.0,0
5,-0.0050468201092821,2,-0.0207183289059881,0,0.0,0
6,0.08198039415368,2,0.312486634369284,0,0.0,0
7,0.0167752907406328,2,0.0628329568144076,0,0.0,0
8,-0.0920364395266211,2,-0.3537793511248757,0,0.0,0
9,-0.0242974723049084,2,-0.0944241565852111,0,0.0,0
10,-0.169138485545276,2,-0.6489833816074182,0,0.0,0
11,-0.0044662908821079,2,-0.0184956308516033,0,0.0,0
12,-0.1076450984198705,2,-0.413540917174622,0,0.0,0
13,-0.2345397839833937,0,-0.8993882397749006,0,0.0,0
14,-0.0450205052698475,2,-0.1737673539575929,0,0.0,0
15,-0.0582012199232486,2,-0.2242329419834006,0,0.0,0
16,0.0655160982605488,2,0.2494490529083,0,0.0,0
17,-0.0749426609202085,2,-0.2883316412214532,0,0.0,0
18,-0.3104568674313575,0,-1.190055351395986,0,0.0,0
19,0.354625208629005,3,1.3563739535697033,0,0.0,0
20,0.1797850393643515,2,0.6869556265296173,0,0.0,0
21,-0.1716826251501086,2,-0.6587242419897114,0,0.0,0
22,0.0406459814178938,2,0.1542277311712975,0,0.0,0
23,0.0890788254672422,2,0.3396647138376297,0,0.0,0
24,-0.1714236610201651,2,-0.6577327345154319,0,0.0,0
25,0.0758219265436029,2,0.2889074357102617,0,0.0,0
26,0.0794606111570427,2,0.3028390292153464,0,0.0,0
27,-0.0308836945394986,2,-0.1196411183871631,0,0.0,0
28,0.0680226392731495,2,0.2590459578894012,0,0.0,0
29,0.0856932555447614,2,0.3267022317997993,0,0.0,0
30,0.0219497219873769,2,0.0826445317124858,0,0.0,0
31,0.0594907598711475,2,0.2263795720135633,0,0.0,0
32,-0.060954837499155,2,-0.2347758399840383,0,0.0,0
33,-0.0481783725191698,2,-0.1858580206501892,0,0.0,0
34,-0.047361391476461,2,-0.1827300090202887,0,0.0,0
35,0.0166433755427239,2,0.0623278872330479,0,0.0,0
36,-0.1849269384093023,2,-0.709433332824232,0,0.0,0
37,-0.1091232673192254,2,-0.4192004481385336,0,0.0,0
38,0.0532048059572851,2,0.2023122608769598,0,-0.0982178744936455,0
39,-0.028598295254801,2,-0.1108909085685879,0,0.0,0
40,-0.0744860160037566,2,-0.2865832645337148,0,0.0,0
41,-0.1339371018102141,2,-0.5142062791341759,0,0.0,0
42,0.0193361486037237,2,0.0726378271351568,0,0.0,0
43,-0.0567321349028223,2,-0.218608190870487,0,0.0,0
44,-0.0367791712411677,2,-0.1422133920662243,0,0.0,0
45,0.1387661226330603,2,0.5299046769066307,0,0.0,0
46,0.2227290911105,3,0.851377426148873,0,0.0,0
47,-0.0426496517296293,2,-0.1646899616327915,0,0.0,0
48,-0.0125302994256389,2,-0.049370658776544,0,0.0,0
49,-0.2528755799936469,0,-0.9695913169153286,0,0.0,0
50,-0.1146849365966137,2,-0.440494658495788,0,0.0,0
51,-0.0974352490520343,2,-0.3744500131112504,0,0.0,0
52,-0.1026553643790889,2,-0.394436500678096,0,0.0,0
53,-0.0625305255053139,2,-0.2408087466865215,0,0.0,0
54,-0.0077672672357663,2,-0.0311342257326233,0,0.0,0
55,-0.0748063800037304,2,-0.2878098564193684,0,0.0,0
56,-0.1370101827800136,2,-0.5259723208299374,0,0.0,0
57,0.0151760322488059,2,0.0567098047458295,0,0.0,0
58,-0.0436469335162103,2,-0.1685082987344336,0,0.0,0
59,0.2109587105551529,3,0.8063116469682389,0,0.0,0
60,0.041315233834357,2,0.1567901276439192,0,0.0,0
61,0.0616829735564189,2,0.2347729979858722,0,0.0,0
62,0.0411049081360479,2,0.1559848442946305,0,0.0,0
63,0.0254270378688925,2,0.0959582855814299,0,0.0,0
64,0.1222675683111694,2,0.4667359286767983,0,0.0,0
65,0.0410915271893866,2,0.1559336120694166,0,0.0,0
66,-0.0088099869117737,2,-0.0351265329010523,0,0.0,0
67,-0.0054397683629942,2,-0.0222228273500217,0,0.21635882822911418,0
68,0.2090960996619769,3,0.7991801858556089,0,0.0,0
69,0.0210279993904023,2,0.0791154914384066,0,0.0,0
70,0.0055394923979093,2,0.0198139563113789,0,0.0,0
71,-0.0307701162963204,2,-0.1192062563193883,0,0.0,0
72,-0.0718152482965372,2,-0.2763575775076786,0,0.0,0
73,-0.119814611837469,2,-0.4601348740848865,0,0.0,0
74,0.0147806136448535,2,0.0551958479620329,0,0.0,0
75,-0.0655120891886627,2,-0.2522243920800561,0,0.0,0
76,-0.0439292238953887,2,-0.1695891164559211,0,0.0,0
77,-0.1953177466250098,2,-0.7492170820713767,0,0.0,0
78,0.0917907223997603,2,0.3500478741566037,0,-0.07086142668083215,0
79,0.1264095667415818,2,0.4825945821632993,0,0.0,0
80,0.0175128320158227,2,0.0656568138756145,0,-0.12678085001082184,0
81,-0.0626702579716627,2,-0.2413437465910044,0,-0.09903001208507481,0
82,-0.1624527296175882,2,-0.6233853307308116,0,-0.09903001208507481,0
83,0.2178269082551733,3,0.8326082207674139,0,0.013354524943931897,0
84,0.3762323134227607,3,1.4391020360466853,0,-0.08006905835923726,0
85,-0.0796723307517632,2,-0.306440338321253,0,0.046212227215896094,0
86,-0.0797310601353672,2,-0.3066651981225539,0,-0.0206158006118001,0
87,-0.0473882778006485,2,-0.1828329498846998,0,0.0,0
88,0.0547388674994086,2,0.2081857904864536,0,0.0,0
89,0.7263680929472892,3,2.779682457307872,0,0.0,0
90,0.6225015146370982,3,2.382003872459677,0,0.0,0
91,-0.2403686292805354,0,-0.9217053988339368,0,0.0,0
92,0.250892869875273,3,0.9592093376777584,0,0.0,0
93,-0.0425762242596561,2,-0.1644088266149351,0,0.0,0
94,-0.1931177843237244,2,-0.7407939886285387,0,0.46383429054879977,0
95,-0.1739286667766282,2,-0.6673237613931228,0,0.46383429054879977,0
96,0.0047919815884755,2,0.0169519284513046,0,0.46383429054879977,0
97,0.0795791905594717,2,0.3032930394438272,0,0.46383429054879977,0
98,-0.026755098264962,2,-0.1038337783305383,0,0.46383429054879977,0
99,0.166283028670374,2,0.6352598780728752,0,0.46383429054879977,0
100,-0.0827686182466676,2,-0.3182952318711249,0,0.0,0
101,-0.1412915447400651,2,-0.5423645616565433,0,0.0,0
102,-0.0930112506841521,2,-0.3575116539303405,0,0.09907708454047029,0
103,0.6317912796471823,3,2.417572008648294,0,-0.1224135180094774,0
104,0.6737515173658586,3,2.5782270357737977,0,0.14318015596262787,0
105,-0.106444748033094,2,-0.4089450822977889,0,0.0,0
106,-0.1636436128997814,2,-0.62794491848355,0,0.0,0
107,-0.0724799751729437,2,-0.2789026468439425,0,0.19924301563879063,0
108,-0.2375606948200566,0,-0.910954535363159,0,0.14905698972861833,0
109,-0.3114802055841671,0,-1.1939734516651133,0,0.10407416644315423,0
110,0.0911306714249332,2,0.3475207076525429,0,-0.0311166340905714,0
111,-0.0106081329517063,2,-0.0420111745648532,0,-0.1279969063593204,0
112,-0.1086151894851907,2,-0.4172551479532492,0,-0.0311166340905714,0
113,-0.0720992894409144,2,-0.2774450984616977,0,-0.09697601675898566,0
114,0.0214001631837251,2,0.0805404114951583,0,-0.09697601675898566,0
115,0.1802315271288334,2,0.688665114078162,0,-0.023321406535623004,0
116,-0.1420980229386498,2,-0.5454523605803345,0,-0.05088807595147261,0
117,-0.0914886731063758,2,-0.3516820934855613,0,-0.13643204894293426,0
118,0.1537675888321257,2,0.5873414573007629,0,-0.13643204894293426,0
119,0.0366164575144234,2,0.1387997139051615,0,-0.13643204894293426,0
120,-0.0598014967605498,2,-0.2303599930365581,0,-0.13643204894293426,0
121,-0.0383932858296533,2,-0.1483934243323762,0,-0.05450599584539944,0
122,0.0562835077453907,2,0.2140998232495937,0,0.15755919651971195,0
123,-0.0541336345176608,2,-0.20865919695242,0,0.007749467257479793,0
124,-0.0254859627369907,2,-0.0989745827263765,0,0.060259953841315064,0
125,0.0694090277706016,2,0.2643540851492598,0,0.0,0
126,-0.1581161280265044,2,-0.6067815914736823,0,0.0,0
127,-0.0376496471720732,2,-0.1455462219522063,0,0.0,0
128,-0.1510481071759478,2,-0.579719945896675,0,0.0,0
129,-0.1258825153203949,2,-0.4833673258450564,0,-0.0950819316544914,0
130,-0.0059394100802606,2,-0.0241358278000823,0,-0.0950819316544914,0
131,-0.0014404978763692,2,-0.0069106426856106,0,-0.1713554568081507,0
132,0.0253697374639393,2,0.0957388969742018,0,-0.1287620374012564,0
133,-0.0492368226096507,2,-0.1899105555556699,0,-0.07041786076771846,0
134,0.1717121506135633,2,0.6560465985604603,0,-0.07041786076771846,0
135,0.0019298280536579,2,0.0059934740007757,0,-0.07041786076771847,0
136,0.0306645952839929,2,0.1160115544460107,0,-0.09425633602486498,0
137,-0.0702560223591731,2,-0.2703876998596661,0,0.0,0
138,-0.1333439824812904,2,-0.5119353767976412,0,0.0,0
139,-0.0111633263051137,2,-0.0441368680332644,0,0.0,0
140,-0.0050696296510059,2,-0.020805660812183,0,0.0,0
141,0.0017094774037641,2,0.0051498076737842,0,0.0,0
142,-0.0895761235508711,2,-0.3443594299968908,0,0.0,0
143,-0.0524262250808069,2,-0.2021219625537213,0,0.0,0
144,-0.0197232499680222,2,-0.076910628217295,0,0.0,0
145,-0.0544467139215977,2,-0.2098578979814546,0,0.0,0
146,0.0100395900502353,2,0.0370436802049609,0,0.0,0
147,-0.0813740322709901,2,-0.3129557185620379,0,0.0,0
148,-0.0399097881281392,2,-0.1541997240853134,0,0.0,0
149,-0.1185313145907789,2,-0.4552214568788321,0,-0.1578353173769746,0
150,-0.0869354617358971,2,-0.3342490107385866,0,-0.1578353173769746,0
151,0.046920595793696,2,0.1782516261145306,0,-0.0385007736045066,0
152,0.0088108935509212,2,0.0323393153071789,0,0.0,0
153,0.0013966286284116,2,0.0039519896626611,0,-0.272355339539481,0
154,0.0904213814501204,2,0.344805017600752,0,0.0,0
155,-0.0338455015676778,2,-0.130981120596942,0,0.46383429054879977,0
156,-0.1286072627615856,2,-0.4937996874777409,0,0.0,0
157,-0.1066493568606821,2,-0.4097284772100551,0,0.0,0
158,-0.1416013385601387,2,-0.5435506830246091,0,-0.060161857988325546,0
159,-0.0629120750531359,2,-0.242269602398685,0,-0.06415472216965033,0
160,-0.1697245309365846,2,-0.6512271996445969,0,-0.06415472216965033,0
161,-0.0831421407750969,2,-0.3197253541773691,0,-0.19086176298174365,0
162,0.0757205445845409,2,0.2885192700975608,0,-0.0378016148680796,0
163,0.0737456662075748,2,0.2809579654798836,0,-0.11196088625566825,0
164,0.1759977860654284,2,0.6724552014951133,0,-0.36652764288085643,0
165,-0.0069376020652049,2,-0.0279576498186528,0,-0.1535916777621161,0
166,0.0288340172312984,2,0.1090027388934694,0,-0.1535916777621161,0
167,0.0411264219637001,2,0.1560672152427699,0,-0.1535916777621161,0
168,-0.1306749696458718,2,-0.5017164087272664,0,0.2802119702684214,0
169,-0.0336445411749579,2,-0.1302116946094147,0,0.2802119702684214,0
170,0.0542913157153302,2,0.2064722290787884,0,0.2174758611708605,0
171,-0.0216262453551319,2,-0.0841967112367851,0,0.28441396891193343,0
172,-0.0244485000567385,2,-0.0950024032512484,0,0.1266416902650464,0
173,-0.0989568455064988,2,-0.3802758170855986,0,0.28441396891193343,0
174,0.0046187845129579,2,0.016288801110323,0,0.20815652653100003,0
175,-0.0323396141443139,2,-0.1252154624881745,0,0.3640793610369737,0
176,0.0489315413797957,2,0.1859510228588672,0,0.12820019586823989,0
177,-0.0635075430291004,2,-0.2445494971045332,0,0.0,0
178,0.0420804672797742,2,0.1597200109480863,0,0.0,0
179,-0.1534754999708985,2,-0.5890138125790241,0,0.0,0
180,-0.0640789381776858,2,-0.2467372231062501,0,-0.059178551000879,0
181,-0.126127741227254,2,-0.4843062331740008,0,0.0,0
182,0.0170230528752788,2,0.0637815747114056,0,-0.137257197986412,0
183,0.1063135249920406,2,0.4056519739246715,0,0.0,0
184,0.0885177671109323,2,0.3375165647719291,0,-0.10450149587212211,0
185,0.0088535326096292,2,0.0325025693663971,0,0.0,0
186,-0.0307012398169601,2,-0.1189425458815655,0,0.0,0
187,-0.0343123947909471,2,-0.1327687354324903,0,0.0,0
188,0.0928157105424829,2,0.3539722918154464,0,0.0,0
189,-0.0492621490578243,2,-0.1900075240534556,0,0.0,0
190,0.0375859591357654,2,0.1425116878534309,0,0.0,0
191,0.0321544478308141,2,0.1217158191102699,0,0.0,0
192,0.0716602121633364,2,0.2729732948902558,0,0.12997354318575965,0
193,0.0227107322132927,2,0.0855582453884422,0,0.0,0
194,-0.0709706432853265,2,-0.2731238007617954,0,0.0,0
195,-0.0916791558824536,2,-0.3524114033565608,0,0.0,0
196,-0.167626799658501,2,-0.6431955226640698,0,0.0,0
197,-0.1838804601850792,2,-0.7054266351351962,0,-0.0023957894423676795,0
198,-0.1599558615847278,2,-0.6138254611171693,0,0.0,0
199,0.0171956698152517,2,0.0644424808616421,0,0.0,0
200,-0.0129027125319103,2,-0.0507965333888626,0,0.0,0
201,0.0250962059107988,2,0.0946916145592619,0,0.0,0
202,-0.0145171918450873,2,-0.0569779620926513,0,-0.17153718722705522,0
203,0.0248470469106596,2,0.0937376484212646,0,-0.17153718722705522,0
204,-0.2398653540812172,0,-0.9197784867096503,0,0.0,0
205,-0.0455447522082281,2,-0.1757745615113413,0,0.14049730690330375,0
206,-0.1606489065822669,2,-0.6164789533024453,0,0.0,0
207,0.0225111985413128,2,0.0847942819500248,0,0.0,0
208,0.1117782612106518,2,0.4265750523714828,0,0.0,0
209,-0.1844893036975357,2,-0.707757741352103,0,-0.2011698187606714,0
210,0.0346277818936708,2,0.1311855831669642,0,0.0,0
211,0.0011370308043292,2,0.0029580559354667,0,0.0,0
212,-0.0969307017060563,2,-0.3725182302625056,0,0.0,0
213,0.0353493148880063,2,0.1339481486117574,0,0.0,0
214,0.0145342195701383,2,0.0542524680168972,0,0.0,0
215,-0.2067994257257326,0,-0.7931774971610158,0,0.0,0
216,-0.1027625239895187,2,-0.3948467874413834,0,0.0,0
217,-0.1526185956622797,2,-0.5857329449664975,0,0.0,0
218,0.2448434035125467,3,0.9360474769391564,0,0.0,0
219,-0.0659214161611777,2,-0.2537916004527418,0,0.13306514230189487,0
220,0.1060700492914732,2,0.4047197676883462,0,0.13306514230189487,0
221,-0.2293934949396363,0,-0.8796844141802104,0,0.0,0
222,-0.0346235755540575,2,-0.1339601670510055,0,0.0,0
223,-0.1455683401893365,2,-0.5587393184803615,0,0.0,0
224,-0.1419390344924488,2,-0.544843634449937,0,0.0,0
225,0.0095146879825787,2,0.0350339643286354,0,0.0,0
226,-0.1946153958728377,2,-0.7465279605297319,0,-0.054237839079776175,0
227,0.0226972362332219,2,0.0855065727297005,0,0.06271445995971103,0
228,0.07542877044387,2,0.2874021414769301,0,0.06271445995971103,0
229,-0.2409366106136936,0,-0.9238800542087964,0,0.06271445995971103,0
230,-0.0734283366581958,2,-0.2825336806135663,0,0.06271445995971103,0
231,-0.0469440968965229,2,-0.1811322947149324,0,0.06271445995971103,0
232,-0.2224886436651891,0,-0.8532475032115165,0,0.05146695066720164,0
233,-0.0156661016769871,2,-0.0613768442306919,0,0.0,0
234,0.6975105447403317,3,2.669194279880297,0,0.0,0
235,0.1550644669552839,2,0.5923068722121685,0,-0.021543742739457996,0
236,-0.0760437580217425,2,-0.2925474606336495,0,-0.065735105382924,0
237,-0.0643904805918849,2,-0.2479300393943623,0,-0.065735105382924,0
238,-0.0637159452398606,2,-0.2453474159115516,0,-0.065735105382924,0
239,-0.0105942321120353,2,-0.0419579518021658,0,-0.065735105382924,0
240,-0.1976568190867205,2,-0.7581727927683489,0,-0.065735105382924,0
241,-0.1216625581082689,2,-0.4672101881060388,0,0.0,0
242,-0.2983083328281678,0,-1.1435417170048765,0,-0.065735105382924,0
243,-0.0344156924604646,2,-0.1331642358109583,0,-0.1224135180094774,0
244,-0.0790653593959056,2,-0.3041164001135268,0,-0.1224135180094774,0
245,0.1026475950046552,2,0.3916160648454089,0,-0.04558697896703898,0
246,0.2457518352354067,3,0.9395256298527844,0,-0.04528884451233882,0
247,-0.0339565703189024,2,-0.1314063744613364,0,0.016475473853200175,0
248,0.217459269623935,3,0.8312006263998615,0,0.07200325112396652,0
249,0.1688621554754836,2,0.6451346955039158,0,0.13170027550396948,0
250,0.3322944772208878,3,1.2708752897118811,0,0.09374047087596489,0
251,-0.4167285002581471,0,-1.596942275367352,0,0.0625013468779931,0
252,0.0481347050655943,2,0.1829001402463591,0,-0.002334564432770199,0
253,-0.1789043803357071,2,-0.6863744970481968,0,0.017814218193602776,0
254,-0.0531271886197974,2,-0.2048057728106012,0,0.04332093799983627,0
255,-0.1074517765325265,2,-0.4128007370721295,0,0.0,0
256,-0.2424454058340544,0,-0.9296568455291658,0,0.0,0
257,0.0908247443226331,2,0.3463493909586774,0,0.0,0
258,-0.1153800141364923,2,-0.4431559327662582,0,-0.019641137963415822,0
259,0.004995922583404,2,0.017732766402984,0,0.08557640461530801,0
260,-0.1972823668746388,2,-0.7567391109409838,0,0.08557640461530801,0
261,0.0374361268126768,2,0.141938018178548,0,0.08557640461530801,0
262,5.690638265321013e-05,2,-0.0011774644452017,0,0.0,0
263,0.0091776104262629,2,0.0337433805069615,0,0.0,0
264,-0.1035003504760095,2,-0.3976717365037748,0,0.0,0
265,0.29001107591361,3,1.1089829517913137,0,0.0,0
266,-0.2743454592707808,0,-1.0517939979576718,0,0.0,0
267,0.3551394062155436,3,1.3583426847233988,0,-0.007375271770073305,0
268,0.0498014435068778,2,0.1892816557966475,0,0.0,0
269,0.0367871487389944,2,0.1394532469832484,0,0.0,0
270,-0.0800539013109519,2,-0.3079012744805699,0,0.0,0
271,0.1793117889324958,2,0.6851436715670007,0,0.0,0
272,-0.0655993081176078,2,-0.2525583310698559,0,0.0,0
273,0.0361213009836059,2,0.1369038860878075,0,0.0,0
274,-0.1677017898582375,2,-0.6434826409748283,0,0.0,0
275,-0.0865707452953812,2,-0.3328526046925332,0,0.0,0
276,0.1171732494284081,2,0.447231083547389,0,0.0,0
277,0.1552079813297171,2,0.5928563520762259,0,0.3915187086991889,0
278,-0.0735346934804134,2,-0.2829408937059445,0,0.11808698662476798,0
279,-0.3152524240764942,0,-1.2084163122673637,0,0.20923119962826597,0
280,-0.1033602687754423,2,-0.3971353994707177,0,-0.3976627474598574,0
281,-0.107117575261444,2,-0.4115211658115683,0,-0.7765759041362373,0
282,0.1117635203482223,2,0.426518613376324,0,-0.26062679735561634,0
283,-0.0599423747249155,2,-0.2308993787602115,0,-0.26062679735561634,0
284,-0.0609352959465728,2,-0.2347010203731195,0,-0.26062679735561634,0
285,-0.0734902977778994,2,-0.2827709139065101,0,-0.26062679735561634,0
286,-0.0582424597256018,2,-0.2243908386476217,0,-0.011754863627810428,0
287,-0.1345100795829946,2,-0.5164000645994905,0,0.02631669154877809,0
288,0.1230243537766942,2,0.4696334668248711,0,0.06595863122714633,0
289,-0.1258974169918625,2,-0.4834243805369265,0,0.08038923730396368,0
290,0.0372046588734816,2,0.1410517865918872,0,0.06737589609683965,0
291,-0.1430638447184399,2,-0.5491502453556992,0,-0.0036748362503020715,0
292,-0.046192808282268,2,-0.1782558026056306,0,-0.02871284418605165,0
293,0.0719439751392911,2,0.2740597508084718,0,0.0,0
294,-0.0246631602012993,2,-0.0958242820875504,0,0.0,0
295,0.1617145250763101,2,0.6177682453097793,0,0.0,0
296,-0.1200788775495948,2,-0.4611466799625023,0,-0.033876701979641724,0
297,0.2496269454293601,3,0.954362436486194,0,0.0,0
298,-0.0879549221529918,2,-0.3381522641486317,0,-0.10164254033299991,0
299,0.0908501346117955,2,0.3464466038872947,0,0.0,0
300,0.2726116818293621,3,1.0423651183244649,0,0.0,0
301,-0.1491216945017723,2,-0.5723442040693872,0,0.0669096510336197,0
302,-0.0137369613624582,2,-0.0539906589655498,0,0.0669096510336197,0
303,0.0434039500857232,2,0.16478728839097,0,0.0,0
304,-0.0337909587099633,2,-0.1307722899333891,0,0.0669096510336197,0
305,0.2059819042179698,2,0.7872567273450677,0,0.0669096510336197,0
306,0.0090541167780795,2,0.0332705548873418,0,0.0,0
307,0.0218256891991984,2,0.082169641863604,0,0.0,0
308,0.3709620842826355,3,1.418923675496369,0,-0.040300898830667876,0
309,0.0805625569336632,2,0.3070580979875666,0,0.0007845255651643991,0
310,-0.0726421392368617,2,-0.2795235316030373,0,0.0,0
311,-0.0442190547244222,2,-0.1706988046329131,0,-0.01358491483152225,0
312,-0.1023876897038721,2,-0.3934116427519787,0,0.10490263977735009,0
313,0.0220324756095128,2,0.0829613741836396,0,0.005089572695985237,0
314,0.0134507717091972,2,0.0501042230366003,0,0.005089572695985237,0
315,-0.2138304029870164,0,-0.8200973123013288,0,0.012114932316514448,0
316,-0.0328458840265091,2,-0.1271538404878946,0,0.11589790719311699,0
317,-0.170455867053245,2,-0.6540272987395465,0,0.0,0
318,-0.105809447775974,2,-0.4065126799666883,0,0.14232433226753488,0
319,-0.0523166726760416,2,-0.2017025143924111,0,0.0,0
320,-0.0743272135312851,2,-0.2859752504492007,0,0.0,0
321,-0.0648760073258992,2,-0.2497889971806886,0,-0.11452546266450045,0
322,0.013842140544676,2,0.0516026742918449,0,-0.11452546266450045,0
323,0.0158492434460885,2,0.059287358378527,0,-0.060774927035196734,0
324,0.1261761210648112,2,0.4817007783248805,0,-0.060774927035196734,0
325,-0.0752756638821737,2,-0.2896066244626369,0,-0.12188292026842083,0
326,0.0199451598437534,2,0.0749695755380778,0,-0.13833860278419194,0
327,-0.0407261672022024,2,-0.157325430931105,0,-0.13833860278419194,0
328,-0.0521105042687219,2,-0.2009131482479093,0,-0.13833860278419194,0
329,-0.0306451527102291,2,-0.1187278026831672,0,0.0,0
330,-0.0102532281633776,2,-0.0406523348276195,0,0.15828218905806812,0
331,-0.1125751261368568,2,-0.4324167334155148,0,0.15828218905806812,0
332,-0.3410304648545671,0,-1.3071138427296458,0,0.10421335091307418,0
333,-0.0239705165213339,2,-0.0931723264447059,0,0.029764679244890117,0
334,-0.085848426118112,2,-0.3300870291541989,0,0.06767994485155425,0
335,0.1990282167445006,2,0.7606328350505958,0,0.08472853873329592,0
336,0.0135789258301647,2,0.0505948924155089,0,0.05521303516344429,0
337,-0.1719050690863441,2,-0.659575922975158,0,0.0,0
338,-0.0793144624490664,2,-0.305070152044841,0,0.0,0
339,0.0578501034367589,2,0.2200979178023192,0,0.012100727598349723,0
340,-0.083391811446948,2,-0.3206812793755914,0,0.04262344539503615,0
341,0.1483659444491168,2,0.5666599413691128,0,-0.03606032363042976,0
342,0.0139762990073266,2,0.0521163327606256,0,-0.03606032363042976,0
343,-0.2078844718597456,0,-0.7973318615204603,0,0.009948894260636382,0
344,-0.1118091960914486,2,-0.4294841830080005,0,-0.13310092227975875,0
345,0.0270584518188474,2,0.1022045526817296,0,0.0,0
346,-0.1873070323734419,2,-0.7185461043708026,0,0.0,0
347,0.0934215082242339,2,0.3562917363249556,0,0.0,0
348,-0.0411441989486623,2,-0.1589259676586876,0,0.04426737914165971,0
349,-0.0989989176083747,2,-0.380436900411995,0,0.04426737914165971,0
350,0.1311460251151421,2,0.5007292708556007,0,0.05812715050473637,0
351,-0.1262370058326157,2,-0.484724579424943,0,0.03056137437405925,0
352,0.060033987319018,2,0.2284594510876066,0,-0.11516778557003642,0
353,0.3016355462226293,3,1.1534900779266808,0,0.051456712665744045,0
354,0.6901120186214005,3,2.640867214092569,0,-0.04265227590878977,0
355,0.138607865371766,2,0.5292987502963837,0,-0.01424569040007225,0
356,0.0643752137568326,2,0.2450808977009711,0,-0.01424569040007225,0
357,0.5929207456755355,3,2.268746667584552,0,-0.01424569040007225,0
358,-0.0589362198699315,2,-0.2270470689472008,0,0.006511171051562639,0
359,-0.1780181213183964,2,-0.682981237757797,0,0.006511171051562625,0
360,-0.1355533852250556,2,-0.5203946152821928,0,-0.03067158452237611,0
361,0.1171406907724194,2,0.4471064247740972,0,-0.05512071043336789,0
362,-0.1293588904062614,2,-0.4966774776478839,0,-0.05512071043336789,0
363,0.130867689930938,2,0.4996635965649046,0,-0.05512071043336789,0
364,0.0424845279924605,2,0.1612670561577011,0,-0.14133629041579468,0
365,-0.1733776836022447,2,-0.6652141876242669,0,0.01008056926223213,0
366,-0.0377720057820078,2,-0.1460147018004349,0,-0.007752762485443254,0
367,-0.0392157704435238,2,-0.1515425077297958,0,0.0013649548932031827,0
368,0.2881880728152056,3,1.1020031388029408,0,-0.007752762485443254,0
369,0.1990475553270861,2,0.7607068775412669,0,0.0013649548932031827,0
370,0.2338156234426373,3,0.8938249252428674,0,0.006507698558848813,0
371,-0.010107263874549,2,-0.0400934748674272,0,0.006507698558848818,0
372,0.2171417458650116,3,0.8299849090713552,0,0.0029243179423870985,0
373,-0.0572526465110885,2,-0.2206010967998048,0,0.014637266159085996,0
374,-0.0272472299031466,2,-0.1057180246070238,0,0.05352085277241867,0
375,0.0267581685355147,2,0.1010548447283908,0,0.03668382323841437,0
376,-0.1097775107226583,2,-0.4217053789358727,0,-0.05901379811094875,0
377,-0.0639475796776022,2,-0.2462342849785973,0,-0.03613407472446119,0
378,0.2502021498705913,3,0.9565647472959724,0,-0.1696382259721249,0
379,-0.0863512658417306,2,-0.3320122739533191,0,-0.04314460618237904,0
380,-0.2096882923038214,0,-0.8042382290276099,0,-0.038368888570774876,0
381,0.092287567817374,2,0.3519501682898988,0,-0.04314460618237904,0
382,0.100210386105675,2,0.3822846148092735,0,-0.06045941838981712,0
383,0.1881569119356578,2,0.719009387141079,0,-0.06787416590399381,0
384,0.1505374110804984,2,0.5749739321740666,0,-0.0565300153416968,0
385,-0.1040788144165847,2,-0.399886527103564,0,-0.0565300153416968,0
386,-0.0651202068652078,2,-0.2507239748105745,0,-0.04763996278285738,0
387,-0.0153982332409658,2,-0.0603512444439701,0,-0.10408243164470125,0
388,0.0473023882118266,2,0.1797134117150396,0,0.05770269131929595,0
389,0.0432799916230242,2,0.1643126831153548,0,0.008802506078986484,0
390,-0.275041444835408,0,-1.0544587488228552,0,0.01809702541635325,0
391,0.2323022407156171,3,0.8880305695318539,0,-0.17196976492565322,0
392,0.0077986324681351,2,0.0284636263083839,0,0.0,0
393,0.0758632430002265,2,0.289065625864095,0,0.0,0
394,0.0704181157917235,2,0.2682176253058307,0,0.0,0
395,-0.1254459631989887,2,-0.4816958793347571,0,0.0,0
396,-0.3533592594197529,0,-1.3543176464491156,0,0.0,0
397,0.2661255197619598,3,1.0175312613319167,0,-0.29335112267370395,0
398,-0.0894386025925079,2,-0.3438328973913252,0,0.0,0
399,-0.0028198839815543,2,-0.0121919595749668,0,-0.03143235549190484,0
400,-0.0954783749507929,2,-0.3669576422642615,0,0.0,0
401,0.1766699973541641,2,0.6750289267335151,0,0.0,0
402,0.1274352084071728,2,0.4865215019941951,0,-0.1578353173769746,0
403,-0.3355906548576577,0,-1.2862862004157398,0,0.0,0
404,-0.1081610215481876,2,-0.4155162549868184,0,0.0,0
405,-0.0604298451406933,2,-0.2327657784072946,0,-0.016478923490813542,0
406,0.0164041252260201,2,0.0614118589117232,0,-0.016478923490813542,0
407,-0.1886943125696839,2,-0.7238576457174508,0,0.07234903757916321,0
408,-0.0206160722132424,2,-0.0803290164301018,0,0.0,0
409,-0.1046431721810637,2,-0.4020473087599678,0,0.0,0
410,-0.024692013483468,2,-0.0959347539314077,0,0.0,0
411,-0.0590095566060343,2,-0.227327856568255,0,0.08828119424611869,0
412,-0.2472601640801419,0,-0.9480913244235416,0,0.0,0
413,-0.0431703683935763,2,-0.1666836526679088,0,-0.0011431258454393176,0
414,0.0193511876900639,2,0.0726954079534572,0,0.05094649840356835,0
415,-0.1831941468491698,2,-0.7027989167619981,0,0.05094649840356836,0
416,0.0787255454078067,2,0.3000246503103868,0,0.05094649840356835,0
417,-0.0681333228708246,2,-0.2622604259827563,0,0.0,0
418,-0.1168346838954041,2,-0.4487254915267085,0,0.49949923745130165,0
419,-0.094599386813528,2,-0.3635922213154561,0,0.0,0
420,-0.2515943149868864,0,-0.964685680636618,0,0.0,0
421,-0.1515745059075554,2,-0.5817353921167902,0,0.0,0
422,-0.0054202037097825,2,-0.0221479192926964,0,-0.022020199349349283,0
423,-0.2744174844758634,0,-1.0520697640616163,0,0.09482612303946013,0
424,0.0925126154549232,2,0.3528118181822897,0,-0.042744830112316404,0
425,-0.2153410839421807,0,-0.8258813236183544,0,0.0,0
426,-0.0857255712768369,2,-0.3296166493629817,0,0.0,0
427,0.0791054131033328,2,0.301479066639913,0,0.0,0
428,0.0858804269577957,2,0.3274188633079368,0,-0.02527532458969199,0
429,-0.0528128311318393,2,-0.2036021783244685,0,0.0669326572109464,0
430,0.157297284897524,2,0.6008557615078371,0,0.066457818873076,0
431,-0.074911794821989,2,-0.2882134628193204,0,-0.0927238171729436,0
432,0.362666645995456,3,1.387162562225755,0,0.0,0
433,-0.2244448754020904,0,-0.8607374146096058,0,0.06291557820524855,0
434,0.2021590466737319,2,0.7726199827540542,0,-0.07683784633226053,0
435,0.1064913529899971,2,0.4063328318842216,0,-0.07683784633226053,0
436,-0.1338162134617649,2,-0.5137434285414443,0,0.0395193764497446,0
437,0.1076991434153979,2,0.4109571527676169,0,0.02819235668441577,0
438,0.0913645787246242,2,0.3484162789271542,0,0.015214654642854236,0
439,-0.0007740224330461,2,-0.0043588785334762,0,0.0772504945729323,0
440,0.1734837794011904,2,0.6628297124417685,0,0.1502304812279837,0
441,0.0437427569433761,2,0.1660844932655339,0,-0.005394627120458554,0
442,-0.1361553819705265,2,-0.522699506978029,0,0.010582220235293295,0
443,0.0195243981684273,2,0.0733585866105101,0,0.010582220235293295,0
444,-0.0387231385696744,2,-0.1496563461787868,0,0.0,0
445,-0.017026767576709,2,-0.0665864862373498,0,0.09217458974767845,0
446,0.0596966764284704,2,0.2271679738887889,0,-0.007211422063272777,0
447,0.1246494545320255,2,0.4758555623163184,0,-0.03371018639421127,0
448,-0.293506925356469,0,-1.1251583548137931,0,-0.04421779218965897,0
449,0.1398929767691463,2,0.5342191134218179,0,0.0460854467444137,0
450,0.1158436817575624,2,0.4421405087118265,0,-0.0148178333158644,0
451,0.0768743446825713,2,0.2929368758148892,0,-0.03381221638886478,0
452,0.1453636266235563,2,0.5551648336688503,0,-0.03381221638886478,0
453,-0.1045032837253994,2,-0.401511711612259,0,-0.03381221638886478,0
454,0.2611344656211968,3,0.9984217905099187,0,-0.03381221638886478,0
455,-0.2261799873393141,0,-0.8673807148027404,0,-0.06942275760484555,0
456,0.0260539724952431,2,0.0983586580501837,0,-0.0010778483650397937,0
457,-0.0957160723224215,2,-0.3678677247557548,0,-0.0336427039332273,0
458,-0.2693108942823894,0,-1.0325179352194689,0,-0.041309026682775876,0
459,0.0094749119486176,2,0.034881672059516,0,-0.1893928777252794,0
460,-0.2364233800981872,0,-0.9066000479382504,0,0.0,0
461,-0.1087139167037778,2,-0.4176331492431007,0,0.0,0
462,-0.1035944684745618,2,-0.3980320902680169,0,0.0,0
463,0.1435082487174996,2,0.5480610658154825,0,0.0,0
464,-0.0871903811120771,2,-0.3352250318843579,0,-0.04094480239278608,0
465,-0.1627111203519318,2,-0.6243746428198725,0,0.0,0
466,0.1291475798973709,2,0.493077734827077,0,0.002662740038042094,0
467,0.0583598994295671,2,0.2220497963784652,0,0.002662740038042094,0
468,0.281982139019462,3,1.0782422042491666,0,0.008446077912350978,0
469,0.0713864317271615,2,0.2719250595657801,0,-0.0531929129353318,0
470,0.2329820365875335,3,0.8906333342009856,0,-0.0531929129353318,0
471,-0.0265804401166519,2,-0.1031650569152169,0,-0.0531929129353318,0
472,-0.008403986137473,2,-0.0335720596913063,0,-0.09420747115743937,0
473,-0.1967585726437336,2,-0.7547336366884677,0,-0.08575254367614873,0
474,-0.1298261613100097,2,-0.4984665385254684,0,0.06694300787905494,0
475,-0.0548219038608646,2,-0.2112944043776831,0,0.2352048228542095,0
476,-0.1668320775879336,2,-0.6401527349501331,0,0.2352048228542095,0
477,-0.0962386920941942,2,-0.3698687023043898,0,0.023009004790364433,0
478,0.153992597163609,2,0.5882029567002722,0,0.02553997146355692,0
479,-0.3154652454269814,0,-1.209231150831069,0,-0.012599154830309947,0
480,-0.1189024990393849,2,-0.4566426272749385,0,0.007915540997847432,0
481,-0.1176442665959029,2,-0.4518251767949612,0,0.0267266151985728,0
482,0.0027002099153166,2,0.0089430692750343,0,0.1537951730786913,0
483,0.0611366969234576,2,0.2326814443613472,0,0.08240919513100022,0
484,0.3833584208535758,3,1.4663860802952549,0,-0.03590738731636327,0
485,0.0241944795421579,2,0.0912391347333597,0,-0.14936125041612366,0
486,0.0982354785099858,2,0.3747231983205726,0,-0.08629727935657933,0
487,-0.2870285726266184,0,-1.1003543977790244,0,-0.08564006644155103,0
488,0.0945868705840079,2,0.3607536109877199,0,-0.08432873434510797,0
489,-0.2562736983178763,0,-0.9826018435766626,0,-0.08432873434510797,0
490,-0.0773464415483793,2,-0.2975351029513817,0,-0.06445673658550546,0
491,-0.0636357473116695,2,-0.2450403585393952,0,0.022076144461003908,0
492,-0.0110043221152038,2,-0.0435280816242284,0,-0.03732363255854646,0
493,-0.0812943927533839,2,-0.3126507992013072,0,-0.09915978495036386,0
494,-0.1267449253696493,2,-0.4866692735314635,0,-0.12747196154054216,0
495,0.3030693724407332,3,1.1589798320960238,0,0.01447153799194115,0
496,0.1695285780648197,2,0.6476862572916409,0,0.0,0
497,-0.0629341110681506,2,-0.2423539726687882,0,-0.06488450109649416,0
498,0.2082606451503041,3,0.795981444034011,0,-0.052347612119829745,0
499,-0.2316444874378438,0,-0.8883028892061009,0,-0.06248753568609655,0
500,-0.0779816556867225,2,-0.2999671755556944,0,-0.06579819971073987,0
501,-0.2779945823409694,0,-1.0657655576460603,0,-0.06579819971073987,0
502,0.2317750196493574,3,0.8860119748025065,0,-0.18820392453293333,0
503,-0.1460584301502709,2,-0.5606157476964146,0,-0.024527780579961425,0
504,-0.1181670578587612,2,-0.4538268109391379,0,-0.06396956184790592,0
505,0.318145008970871,3,1.2167005917333205,0,-0.1876729701399895,0
506,0.0568486305266879,2,0.2162635339598917,0,0.003980370094653725,0
507,-0.1521741076611777,2,-0.5840311140008875,0,-0.03978688072583183,0
508,-0.1672644955526953,2,-0.6418083528311401,0,0.015449384726222653,0
509,0.2174669483113338,3,0.8312300261315934,0,-0.1893928777252794,0
510,-0.0451763175647536,2,-0.1743639194163604,0,-0.04583308133459688,0
511,-0.0091725341754801,2,-0.0365146337234437,0,-0.034265173739925825,0
512,0.0418778065139591,2,0.1589440746665145,0,-0.09425633602486498,0
513,-0.00932854595556,2,-0.0371119629599622,0,0.0,0
514,0.1349010401403227,2,0.5151062637785593,0,0.0,0
515,-0.1544582940865491,2,-0.5927766800910533,0,-0.048222347198368154,0
516,0.1200384501599959,2,0.458201204935628,0,0.03619613955820465,0
517,-0.0591079251070422,2,-0.2277044844201674,0,0.03619613955820465,0
518,0.1865369854521113,2,0.712807102613991,0,0.03619613955820465,0
519,0.2419951045769945,3,0.9251420682086188,0,0.03619613955820465,0
520,0.3598535904144216,3,1.376392091293092,0,-0.05652438181867096,0
521,-0.0965099468022663,2,-0.3709072672614192,0,0.0,0
522,-0.1729343081575104,2,-0.6635166163526708,0,-0.04809427278493198,0
523,-0.1296615130307523,2,-0.4978361423406898,0,-0.020625005233757602,0
524,-0.0367335748106886,2,-0.1420388149862618,0,-0.020625005233757602,0
525,-0.0511311084144454,2,-0.1971632918102427,0,0.053100432810740866,0
526,-0.0852440215975655,2,-0.3277729187029146,0,0.053100432810740866,0
527,-0.0374057856222608,2,-0.1446125383977268,0,-0.015468497459443524,0
528,-0.0387136359559709,2,-0.1496199630993457,0,0.0,0
529,0.1801184991446077,2,0.6882323588112957,0,0.0,0
530,-0.0369767075990784,2,-0.1429697082994921,0,0.0,0
531,0.0251010705465895,2,0.0947102400065282,0,0.0,0
532,-0.0290388556932053,2,-0.1125777019003321,0,0.0,0
533,0.0568535016704506,2,0.2162821843245197,0,0.0,0
534,0.1163171680844795,2,0.4439533668563495,0,0.0,0
535,0.082119120848845,2,0.313017783432933,0,0.0,0
536,0.0197983420947281,2,0.0744074478968972,0,0.0,0
537,-0.1324638583023705,2,-0.5085656062356587,0,-0.09425633602486498,0
538,-0.0743622525941784,2,-0.2861094060666526,0,-0.03473015013553333,0
539,-0.171550607408641,2,-0.6582187797952708,0,-0.034327965288255186,0
540,0.0057636007894269,2,0.0206720100707428,0,0.05878178595384019,0
541,-0.1759988222611713,2,-0.675249857707283,0,0.0,0
542,-0.025462235140456,2,-0.0988837358229231,0,0.012890662030512798,0
543,-0.0516528620041478,2,-0.1991609529690869,0,0.05788638259274821,0
544,-0.0053959869831566,2,-0.0220551996351229,0,0.16034568278952974,0
545,0.0393523314816191,2,0.149274676162493,0,0.05788638259274821,0
546,0.2831277425918678,3,1.082628427564532,0,-0.2312471160822871,0
547,0.07591206211572,2,0.2892525417814079,0,0.0,0
548,0.1035129114863718,2,0.3949291405189638,0,0.0,0
549,-0.2824327960627799,0,-1.0827583437843733,0,-0.02658145773393161,0
550,0.0699101468294146,2,0.2662727419625617,0,-0.017469611335840417,0
551,0.157603617839051,2,0.6020286320563888,0,-0.028369955801179274,0
552,-0.079405236740334,2,-0.305417703608387,0,-0.008748566485690444,0
553,0.0671124889252843,2,0.2555612247998294,0,-0.05052284396792905,0
554,0.3043285568173838,3,1.1638009272848338,0,-0.05052284396792904,0
555,-0.0012117737268862,2,-0.0060349163685719,0,-0.05251665057942298,0
556,0.2169890902601551,3,0.8294004297720837,0,0.004073529565605818,0
557,-0.1688681842734998,2,-0.6479484671143115,0,0.1393836415542198,0
558,0.0811685666620447,2,0.3093783543694345,0,0.11023755668151192,0
559,-0.0329682280762974,2,-0.1276222645890437,0,0.05196096185219697,0
560,0.0759019144473771,2,0.2892136889525981,0,-0.053943001599878006,0
561,0.1013707260845485,2,0.3867272600590586,0,0.12990223851234942,0
562,-0.1217852002104749,2,-0.467679753373727,0,0.0,0
563,-0.0831287341978467,2,-0.3196740238191804,0,0.0,0
564,0.1786974193495692,2,0.6827914074384724,0,0.0,0
565,0.0911123910982912,2,0.347450716953438,0,0.10012533846249275,0
566,0.0580838039378812,2,0.2209926972980593,0,0.10012533846249275,0
567,0.4297981870452645,3,1.644192077183281,0,-0.1900837381003087,0
568,0.1840112759556016,2,0.7031368064065818,0,0.1560001704309707,0
569,0.3234629139547678,3,1.2370614909056938,0,-0.012163071707441473,0
570,-0.0099988809327914,2,-0.0396785042811129,0,-0.040022034140625544,0
571,0.3066413882498029,3,1.1726561677866438,0,-0.04256946099777515,0
572,-0.2420490616077777,0,-0.928139344774036,0,-0.046945104229716435,0
573,-0.3289667867602713,0,-1.260925102225685,0,-0.10197559852021346,0
574,0.0834954132974106,2,0.3182872555016893,0,-0.05714083781037328,0
575,-0.3228946383700424,0,-1.2376763978002547,0,-0.05714083781037328,0
576,-0.1342581392983878,2,-0.5154354496340348,0,-0.03784740999361117,0
577,0.2280555433434226,3,0.8717710505534841,0,-0.1386468528118209,0
578,0.0013793253667625,2,0.0038857398957213,0,-0.04105677744685145,0
579,-0.1181800974602269,2,-0.4538767362408303,0,-0.024064527598567993,0
580,-0.2425837381659829,0,-0.9301864846767632,0,0.035024574641296116,0
581,-0.0189020847158876,2,-0.0737665963187937,0,0.07075633630609346,0
582,-0.2852192446924603,0,-1.09342694349981,0,0.0003774638398285346,0
583,0.461477982251272,3,1.765485917134198,0,-0.03821364130982979,0
584,0.0373455601287151,2,0.1415912614903216,0,0.050018352081847746,0
585,0.0686437384935132,2,0.2614239880798914,0,0.03442414584366779,0
586,-0.1775716900191557,2,-0.6812719664002312,0,0.05923791270387721,0
587,-0.1628142703792741,2,-0.6247695779141819,0,0.03745398798851369,0
588,0.0598288229834434,2,0.2276739292772226,0,-0.0453149424595142,0
589,0.1877800359110037,2,0.7175664251547886,0,-0.06114211195944355,0
590,0.0305433034955912,2,0.1155471591848009,0,-0.040767065876326766,0
591,-0.1032915985018054,2,-0.3968724785419132,0,-0.06830932745643345,0
592,-0.0640407401161892,2,-0.2465909724904405,0,-0.055182504178148184,0
593,0.3220289669187969,3,1.2315712741556133,0,-0.05853590967747672,0
594,0.2678588372738683,3,1.0241676911290911,0,-0.03707730200854147,0
595,-0.2552103661899548,0,-0.9785306165974452,0,-0.030059802645832943,0
596,-0.1067445600597705,2,-0.4100929859298228,0,-0.05062450402252355,0
597,-0.1710837170801799,2,-0.6564311760432031,0,-0.14414530814555818,0
598,0.1287197793317895,2,0.4914397957875375,0,-0.13569243246672263,0
599,0.5741566520591976,3,2.1969037483635168,0,-0.0892584449526885,0
600,-0.3391922165309599,0,-1.3000756596699468,0,-0.03325048261796801,0
601,-0.0502072040143332,2,-0.1936258979695178,0,0.07130411380972863,0
602,-0.1846448571814828,2,-0.7083533158898481,0,-0.07344012983858988,0
603,-0.2284800496811062,0,-0.8761870657197299,0,-0.07093623291876584,0
604,-0.074304667751851,2,-0.2858889284214079,0,0.0205285800828161,0
605,-0.2068453886703577,0,-0.7933534775299791,0,-0.05017452690924351,0
606,0.1547914024274976,2,0.5912613779179599,0,-0.05017452690924351,0
607,-0.3288137059606121,0,-1.2603389949641743,0,-0.027150384395030452,0
608,-0.1766138396483392,2,-0.6776046021127023,0,-0.1080483766795384,0
609,0.1755375771043061,2,0.670693178991137,0,-0.12387544281096925,0
610,-0.457501905125786,0,-1.75305322280591,0,-0.12387544281096925,0
611,0.328588931494165,3,1.256687702090649,0,-0.10793079557302258,0
612,-0.232016379387722,0,-0.8897267684437737,0,-0.10581289988492812,0
613,-0.0866565918139219,2,-0.3331812890736193,0,-0.08924269238773651,0
614,0.126566178359778,2,0.4831942080266743,0,-0.06610649488124358,0
615,0.0761071488602642,2,0.2899994790711035,0,-0.06610649488124358,0
616,-0.0883806488699873,2,-0.3397822629519159,0,-0.07839474814955931,0
617,0.3346660989916603,3,1.2799556233951508,0,-0.06727264106586509,0
618,-0.3940953566335194,0,-1.51028575241511,0,0.008972511832809804,0
619,0.2850868682184246,3,1.0901294189265678,0,-0.001976821298094044,0
620,-0.1487205806202438,2,-0.5708084415232018,0,-0.06625226575420741,0
621,0.2344558502325183,3,0.8962761900089159,0,-0.06625226575420741,0
622,0.0896872601828937,2,0.3419942548760397,0,-0.23883374903650562,0
623,-0.1839291350865677,2,-0.7056129988939382,0,-0.14357941344944417,0
624,-0.0152115205149377,2,-0.0596363691311602,0,-0.11331056099377057,0
625,-0.0835223677789138,2,-0.3211811462065184,0,-0.04070860663490848,0
626,0.0512740002935332,2,0.1949196994152296,0,0.06409998890886145,0
627,0.2302414937556556,3,0.8801404960539323,0,0.0,0
628,0.4143344354821749,3,1.5849853242690943,0,0.008937747817813238,0
629,-0.1703534321353392,2,-0.6536351016165204,0,-0.14537469403906686,0
630,-0.1437910775414989,2,-0.5519346339880615,0,0.0473698383370765,0
631,-0.1977148766539559,2,-0.7583950803564597,0,-0.14537469403906686,0
632,-0.0525339855910327,2,-0.2025345500087653,0,0.0,0
633,-0.0556783978399259,2,-0.2145737009431951,0,0.032268623795807805,0
634,-0.0163796112326575,2,-0.0641086899792566,0,0.0,0
635,0.1101997051148198,2,0.4205311644865926,0,0.0,0
636,-0.24098144021088,0,-0.924051695280048,0,0.0,0
637,-0.1284103334445042,2,-0.4930456954486767,0,0.14446458763798875,0
638,0.0132951604259997,2,0.0495084272002959,0,-0.03881550176979058,0
639,0.1108244897885147,2,0.4229233053360564,0,0.0,0
640,-0.0058845101755927,2,-0.0239256300949896,0,0.016542249863667355,0
641,0.0328894548730583,2,0.1245299732411605,0,0.0361849975422605,0
642,-0.4393707368941213,0,-1.6836336131362852,0,-0.03825404262060535,0
643,-0.1480388673671324,2,-0.5681983356914686,0,0.17823764448629553,0
644,0.0223560937238948,2,0.0842004252417606,0,0.06274076088099971,0
645,0.3511167417128626,3,1.3429409303499396,0,0.0878008620837328,0
646,-0.1369713031571909,2,-0.525823460689986,0,0.012856776804687567,0
647,-0.2174869488332372,0,-0.8340972919022257,0,0.012856776804687567,0
648,0.106078205824395,2,0.4047509969684706,0,-0.04924583366817991,0
649,-0.0534009183113294,2,-0.2058538138468074,0,0.0020540600597419,0
650,-0.1597668942465704,2,-0.6131019534706907,0,-0.047420681266097026,0
651,-0.0262388228369296,2,-0.1018570916527631,0,-0.037977852586039876,0
652,-0.0053357115274356,2,-0.0218244203187903,0,-0.040412653317496106,0
653,-0.1508004252017505,2,-0.5787716349135495,0,-0.027997634616847494,0
654,0.0311450075589964,2,0.1178509302758038,0,-0.03905932850186378,0
655,0.0912807459588647,2,0.3480953046908451,0,0.05691335471243546,0
656,0.0898692249733397,2,0.3426909515568589,0,-0.18949715674773046,0
657,-0.1096882373042034,2,-0.4213635738307726,0,0.2418399603703594,0
658,0.1676787540945502,2,0.640603754039073,0,0.2418399603703594,0
659,-0.0392724276848352,2,-0.1517594338278025,0,0.17637642440226908,0
660,0.2449500015913662,3,0.9364556137414092,0,0.07199917970448058,0
661,-0.0896427290207633,2,-0.3446144453198255,0,0.014859604731397153,0
662,-0.2324433698168294,0,-0.8913616056777878,0,0.17637642440226908,0
663,-0.1202440750752294,2,-0.4617791790712975,0,0.014859604731397146,0
664,-0.046153741281433,2,-0.178106225043155,0,-0.003818751146319667,0
665,-0.0723846207941432,2,-0.2785375592956916,0,0.10632702603743131,0
666,-0.0732893190328935,2,-0.2820014176527697,0,0.0,0
667,-0.0458476488684967,2,-0.1769342754171092,0,0.0,0
668,-0.0535540890376123,2,-0.2064402654143794,0,0.0,0
669,-0.0446084004965471,2,-0.1721895100955773,0,0.0,0
670,-0.0545694066381242,2,-0.2103276570384413,0,0.0,0
671,-0.0369831866057477,2,-0.1429945147602938,0,0.0,0
672,-0.2144108337427383,0,-0.8223196333336874,0,0.0,0
673,-0.1329117249967986,2,-0.5102803733545762,0,0.0,0
674,-0.0346848454125319,2,-0.1341947536813568,0,-0.09645826411459542,0
675,0.0250907602494688,2,0.0946707645136888,0,0.0,0
676,-0.0460773063750982,2,-0.1778135753200316,0,0.0,0
677,-0.1079434638715496,2,-0.4146832822406683,0,0.0,0
678,0.2380408798732122,3,0.91000235233509,0,0.0,0
679,-0.0559165159461525,2,-0.2154853943199435,0,0.2167092133890044,0
680,-0.0508561833689478,2,-0.1961106740691798,0,0.2167092133890044,0
681,-0.158918333508181,2,-0.6098530312563415,0,0.0,0
682,0.1688390924909051,2,0.6450463932297987,0,0.0538228537092185,0
683,0.103267127118125,2,0.3939880949840825,0,0.0,0
684,-0.1164969618545641,2,-0.4474324401384916,0,0.1397371827248873,0
685,0.1706168501360367,2,0.6518529729402391,0,-0.090637481321051,0
686,-0.020020851505106,2,-0.0780500684495771,0,0.0,0
687,-0.0286646309177613,2,-0.1111448908697307,0,0.0,0
688,-0.0627240572591927,2,-0.2415497303143431,0,0.0,0
689,-0.2732169003682868,0,-1.0474730343275682,0,0.0,0
690,-0.2723943797053817,0,-1.0443238129076071,0,-0.08517315203675269,0
691,0.3096210997872001,3,1.1840647217866525,0,0.033218142964997595,0
692,0.0677814372290827,2,0.2581224569027748,0,0.0,0
693,0.0516623579404668,2,0.1964066215990553,0,0.0,0
694,-0.1002035095241489,2,-0.3850489750194209,0,0.008135795612699372,0
695,-0.1232836087660165,2,-0.473416776808856,0,-0.1754157091540099,0
696,0.0023226811415173,2,0.0074976080790795,0,-0.1754157091540099,0
697,-0.1328017146117943,2,-0.5098591717039695,0,-0.027203958180344497,0
698,0.1235757965889304,2,0.4717448004296028,0,-0.027203958180344497,0
699,0.0853391629174283,2,0.3253465016194665,0,0.0,0
700,0.0396632989344734,2,0.1504652910705494,0,-0.027203958180344497,0
701,-0.0215008152769372,2,-0.0837164715215141,0,-0.027203958180344497,0
702,0.0451039888705572,2,0.1712963024466825,0,0.0,0
703,0.0142339732795622,2,0.0531029016993697,0,-0.11941370424112936,0
704,-0.1914259196223912,2,-0.7343162710496323,0,-0.03584474972860113,0
705,-0.1465626737583217,2,-0.5625463676102578,0,0.014749479633147076,0
706,0.0333932005056319,2,0.1264586865341611,0,0.07325875915829576,0
707,0.0959962514882549,2,0.3661497702973986,0,0.05659036457254078,0
708,-0.0320258215886464,2,-0.1240140309834122,0,0.006475987795967299,0
709,-0.1637534718208717,2,-0.6283655402175371,0,0.006475987795967299,0
710,-0.074689312874122,2,-0.2873616362970507,0,0.006475987795967299,0
711,-0.0828080464645149,2,-0.3184461924412299,0,0.02518492187648074,0
712,0.1890394934694406,2,0.7223885662868454,0,0.0037703658329078698,0
713,0.2848650551103616,3,1.089280153220983,0,-0.008918392484160648,0
714,0.1537060121245506,2,0.5871056958236212,0,-0.01268632284287963,0
715,0.0576419945448289,2,0.2193011220381429,0,0.1297296998510426,0
716,-0.0105225253890099,2,-0.0416834050846289,0,0.14909814795490978,0
717,0.2162163090278268,3,0.8264416479206995,0,0.12315507442815113,0
718,-0.1120372145331312,2,-0.4303572073502182,0,-0.04573762501069421,0
719,-0.0117706227604168,2,-0.046462050963687,0,0.023843797382408376,0
720,-0.0134580846963248,2,-0.0529229114789239,0,0.1083928797532275,0
721,0.136920157517356,2,0.5228369482220478,0,0.050809560324453565,0
722,0.3793332107657358,3,1.4509745795267557,0,-0.008287991131150271,0
723,0.0416015160768318,2,0.1578862291898325,0,-0.06414868372887424,0
724,-0.1550874741847313,2,-0.5951856498976111,0,0.004673079545529069,0
725,-0.1589272495737017,2,-0.6098871685926857,0,-0.18628528839291283,0
726,-0.0580073911026056,2,-0.2234908209628555,0,-0.06942469681787677,0
727,-0.0982129592912134,2,-0.3774276668702399,0,-0.026099216596208154,0
728,0.1334093613400528,2,0.5093950068565509,0,0.14462519984713054,0
729,-0.102664889561598,2,-0.3944729701677265,0,0.14462519984713054,0
730,-0.0055436365293742,2,-0.0226205120151837,0,-0.18196706067811327,0
731,0.5665275881062815,3,2.167694012124286,0,-0.27989373926994804,0
732,-0.1745272447783163,2,-0.669615563592688,0,0.07992466268499301,0
733,-0.2699499034311357,0,-1.0349645379487848,0,0.07658317906677432,0
734,-0.05233145563496,2,-0.201759114564268,0,0.02896094871722153,0
735,-0.0265163488703386,2,-0.1029196679118465,0,0.02896094871722153,0
736,-0.2230937925557856,0,-0.855564463665496,0,0.011461947120025961,0
737,-0.0723565093014889,2,-0.278429927574318,0,-0.010649495897989093,0
738,-0.0384443206846109,2,-0.1485888237498563,0,-0.012955100340809917,0
739,0.0866440817002461,2,0.3303427021618877,0,-0.010649495897989093,0
740,0.0988841823518074,2,0.3772069195521584,0,-0.025006154391949094,0
741,-0.0388449951541026,2,-0.1501229038996461,0,-0.02301599526049921,0
742,-0.0922035174955036,2,-0.3544190499703125,0,-0.031032984089719044,0
743,-0.1402737919336465,2,-0.5384678462513907,0,-0.038825967806889954,0
744,0.0692484370986289,2,0.263739224505837,0,-0.004768667748880801,0
745,0.0720439146291457,2,0.2744423935752061,0,-0.007215479914735569,0
746,0.0375923685559536,2,0.1425362278853796,0,-0.12494904960397257,0
747,0.2986421463251851,3,1.142029114694165,0,-0.12494904960397257,0
748,-0.1045913518148998,2,-0.4018489018208189,0,-0.07141896263089952,0
749,-0.1748265442893104,2,-0.6707615049331489,0,-0.1780415272943869,0
750,-0.0153192555559749,2,-0.0600488590711893,0,-0.08439940059629131,0
751,-0.1713185424930688,2,-0.6573302625386223,0,-0.08439940059629131,0
752,-0.1378815568705737,2,-0.529308589539709,0,-0.0015067527170494516,0
753,0.0061955439379742,2,0.0223258100018059,0,-0.015391632797305887,0
754,0.0256749641195208,2,0.0969075318365836,0,-0.06773441793920172,0
755,0.1251634234549532,2,0.4778234179754836,0,-0.05915772253787245,0
756,-0.2522046729959133,0,-0.9670225854738574,0,-0.06939689318574775,0
757,-0.0153971794052414,2,-0.0603472095762931,0,-0.076682678957401,0
758,0.1736220257400894,2,0.6633590223440318,0,-0.04207265845767013,0
759,0.1696630083868576,2,0.6482009566405409,0,-0.06265640626034814,0
760,-0.0801177688747416,2,-0.3081458070607206,0,0.059276935696198296,0
761,0.1171599783697589,2,0.4471802720552911,0,-0.048810190575516756,0
762,-0.2650456339172012,0,-1.01618734328477,0,-0.04985155773493108,0
763,-0.1450611730336573,2,-0.5567975050497733,0,-0.06269247116140408,0
764,0.1713857496179492,2,0.6547968925612772,0,-0.1005326884920828,0
765,-0.1303956378174053,2,-0.5006469185403857,0,-0.06121179820813507,0
766,-0.0753284583561618,2,-0.2898087610117075,0,-0.04096948663278277,0
767,-0.2117117018719032,0,-0.8119853471737373,0,-0.05609114086908717,0
768,0.1190234504527839,2,0.4543150304437723,0,-0.004505653269628862,0
769,-0.0715562374939779,2,-0.2753658913358809,0,0.0031218559326343814,0
770,-0.0445190888306015,2,-0.1718475585506096,0,-0.05844260866938854,0
771,0.1385637854654254,2,0.5291299795997941,0,-0.08186595683344977,0
772,0.1458263095350073,2,0.5569363282964077,0,0.0,0
773,-0.0796395611848992,2,-0.3063148720241188,0,0.05788638259274821,0
774,0.1696177682431126,2,0.6480277436914332,0,0.0,0
775,0.2544632812818792,3,0.9728795305213565,0,0.0,0
776,-0.1802587068571401,2,-0.6915598671954389,0,0.011881153244329354,0
777,0.0068536327684554,2,0.0248454639565998,0,0.014592647393612032,0
778,-0.148928776972838,2,-0.5716055721519102,0,0.04056958284148925,0
779,0.1119372210510458,2,0.4271836689775558,0,-0.0253785842423437,0
780,-0.0533074125763132,2,-0.2054958042831785,0,-0.029967869609898747,0
781,-0.0824833998076873,2,-0.3172032033569328,0,-0.062023416833745355,0
782,-0.04591249002647,2,-0.1771825356405828,0,-0.052765176571086765,0
783,-0.0801181461593597,2,-0.3081472515871065,0,-0.00418543413871812,0
784,-0.0429636274265866,2,-0.1658920943387505,0,0.33724198422410706,0
785,-0.0400038969013597,2,-0.1545600425281176,0,0.062293284989274895,0
786,-0.0597558399366061,2,-0.2301851847254534,0,-0.0488525062503625,0
787,-0.1448522849819152,2,-0.5559977260817937,0,0.017463056641751674,0
788,-0.1013472464519566,2,-0.3894280514296483,0,-0.0168878181833671,0
789,0.0264867390624763,2,0.1000156106409673,0,-0.04676386976149552,0
790,-0.0774796560600802,2,-0.2980451472732065,0,-0.04232985588930183,0
791,-0.208143318111082,0,-0.7983229176676776,0,-0.04232985588930183,0
792,0.1855679333962553,2,0.7090968499370792,0,-0.07542834918768225,0
793,-0.0766557288866304,2,-0.2948905406838088,0,-0.02811998163431967,0
794,0.0193634875832711,2,0.0727425011012628,0,-0.0014002777529599196,0
795,0.0774206819022813,2,0.2950286614105919,0,-0.0182732504016967,0
796,-0.0504811210796893,2,-0.1946746564122124,0,-0.011308115449605395,0
797,-0.1702487961688108,2,-0.6532344772408047,0,-0.008269446700905791,0
798,0.1722122377138687,2,0.6579613042683575,0,-0.02948233511301848,0
799,0.3182471035190929,3,1.2170914856678094,0,-0.1769023367793044,0
800,0.2084219643430428,3,0.7965990939972704,0,-0.019681661295843988,0
801,-0.1834547887650589,2,-0.7037968480498987,0,-0.011481329276586651,0
802,-0.234909626617537,0,-0.9008042727063348,0,0.003002835409265912,0
803,0.143110754752434,2,0.54653916300435,0,0.13492145296263092,0
804,0.2302644098548037,3,0.8802282359412735,0,-0.00039613450702555405,0
805,-0.2044847116395807,0,-0.7843150484591822,0,-0.040495245819074176,0
806,0.0428817960253687,2,0.1627880939323405,0,-0.04088756571774348,0
807,-0.0145677904204687,2,-0.0571716911071269,0,-0.05189389539208803,0
808,0.0534226369443489,2,0.203146280058885,0,-0.0020613377212776777,0
809,-0.0297930911066499,2,-0.1154654765506657,0,-0.006413383815384078,0
810,-0.0036168433961107,2,-0.0152433135072755,0,0.024294849998698187,0
811,-0.1963695617015876,2,-0.7532442132042253,0,-0.05176683041335463,0
812,-0.1187591206798446,2,-0.4560936681771467,0,-0.09911772374192136,0
813,0.3309144574822835,3,1.2655915468020902,0,0.032609215109160726,0
814,0.0036551453478616,2,0.0125992730088452,0,0.02519826718910346,0
815,-0.0318517535042197,2,-0.1233475687719074,0,0.04659905952790077,0
816,-0.0958276514423628,2,-0.3682949326915388,0,0.05292042098022144,0
817,-0.1690377914936202,2,-0.6485978498163786,0,0.05292042098022144,0
818,-0.0565299316673153,2,-0.2178340063555411,0,-1.1864935285850548e-05,0
819,-0.0620905393071651,2,-0.2391241519739662,0,0.03494022538592785,0
820,0.1378569578195131,2,0.5264237171761056,0,0.14146896255050193,0
821,-0.0934868289870396,2,-0.3593325217162418,0,0.05577211608516551,0
822,0.0954724005520857,2,0.3641440789349181,0,0.034374361879596436,0
823,0.0163895314800048,2,0.0613559831877182,0,-0.281905393541862,0
824,-0.0678807756953334,2,-0.2612934873871978,0,-0.281905393541862,0
825,-0.0759167084771858,2,-0.292061020395539,0,0.05670210122539633,0
826,0.0836401283802271,2,0.3188413325713006,0,0.07353019714147718,0
827,-0.0115007533104587,2,-0.045428789805968,0,0.09567800503658717,0
828,0.0811194716532335,2,0.3091903821271138,0,0.13698825623185204,0
829,-0.1562302164830864,2,-0.599560918125846,0,0.11828296926968075,0
830,0.2965864958980748,3,1.134158554538092,0,-0.3495071654898085,0
831,-0.0312288803295605,2,-0.1209627465637604,0,-0.13438145127094886,0
832,-0.2126139237131207,0,-0.8154397240375153,0,-0.007652987218656722,0
833,-0.0930738701650469,2,-0.3577514079200388,0,-0.09750046570322056,0
834,-0.1657549488367575,2,-0.6360286842262539,0,0.032161795662783106,0
835,0.2850384554789107,3,1.0899440589190297,0,-0.01748789557195519,0
836,-0.1101169303197485,2,-0.4230049298331543,0,-0.0009121459143227066,0
837,-0.0569602854592752,2,-0.2194817210463975,0,-0.03502573102931648,0
838,0.1585989040591419,2,0.6058393286439147,0,-0.033382218231634,0
839,0.093254268271039,2,0.3556514172829822,0,0.0,0
840,0.1934009872214589,2,0.739087611266906,0,0.0,0
841,-0.017999257966242,2,-0.0703099034152313,0,0.0,0
842,0.1619520888135009,2,0.6186778161491605,0,-0.016289733506180668,0
843,0.0981858049361695,2,0.374533010900702,0,-0.016289733506180668,0
844,-0.065220184804408,2,-0.251106764790027,0,-0.019537885228776787,0
845,0.1015347930729795,2,0.3873554306298143,0,-0.06561151393819807,0
846,-0.1438647970132934,2,-0.5522168870062699,0,-0.014232092318403907,0
847,-0.0647497873176491,2,-0.249305733025105,0,-0.05472669477055646,0
848,-0.0601348977742002,2,-0.2316365003159207,0,-0.03424992278759784,0
849,-0.1011115695950464,2,-0.3885257049726618,0,-0.017582398117786485,0
850,-0.203660273977129,0,-0.7811584873378538,0,-0.06962475769262153,0
851,0.0983836843327256,2,0.3752906405412782,0,-0.01966862551518379,0
852,0.2149977222708195,3,0.8217759906426272,0,-0.008402184932846451,0
853,0.0362678530836191,2,0.1374649966268081,0,0.0322362316400732,0
854,-0.1272045471836262,2,-0.4884290479990678,0,0.0322362316400732,0
855,-0.1556130369322173,2,-0.597197895348164,0,0.009218206397585861,0
856,-0.0830839201490319,2,-0.3195024422786699,0,0.047189836307893945,0
857,-0.0018448813566744,2,-0.0084589236899536,0,0.074388555495574,0
858,0.2255875620110788,3,0.8623217807340129,0,0.074388555495574,0
859,-0.1503985064314539,2,-0.5772327906539635,0,0.05431868150446105,0
860,0.0191745494081855,2,0.0720191051127336,0,-0.129507414226492,0
861,-0.0253643970040839,2,-0.0985091386016645,0,0.14044622482510816,0
862,0.1241668346569276,2,0.4740077341499243,0,-0.07041786076771846,0
863,0.115277468932012,2,0.4399726245006481,0,0.11625591009535284,0
864,0.0078261804346199,2,0.028569100432066,0,0.11625591009535284,0
865,0.0007678034994921,2,0.001544378942696,0,0.05894776371586502,0
866,0.0202970564936326,2,0.0763168978819296,0,0.1181033173641929,0
867,-0.1214127203914335,2,-0.4662536233352606,0,0.1181033173641929,0
868,-0.0857343009721075,2,-0.3296500731352658,0,0.19841994796819548,0
869,0.066783786988934,2,0.2543027090865815,0,0.014097168149037002,0
870,-0.1215333618441443,2,-0.4667155286273055,0,0.0018142454765990746,0
871,-0.0801832714051962,2,-0.3083965995104089,0,-0.01686175350919326,0
872,0.0636843840324127,2,0.2424358872303469,0,-0.01252731426814173,0
873,0.0894185795336994,2,0.3409655453326426,0,0.061612201039747704,0
874,-0.0321971443851233,2,-0.124669982188926,0,0.04213795655756191,0
875,-0.1083845038510012,2,-0.4163719116125339,0,0.021494951600501938,0
876,0.0097966936159461,2,0.0361136918311807,0,-0.029526957174794484,0
877,0.0564541111456777,2,0.214753020070941,0,0.24768784964183319,0
878,-0.033699810047165,2,-0.1304233049969238,0,0.008133378102557185,0
879,-0.0602908112562912,2,-0.23223345319456,0,0.20087084611162898,0
880,0.1364525448710368,2,0.5210465788994927,0,0.0,0
881,0.0662742586224595,2,0.2523518551832746,0,0.031820779586672954,0
882,-0.1202953882457322,2,-0.4619756440878756,0,-0.014569717593910469,0
883,-0.1750566063331268,2,-0.6716423537056864,0,-0.002904149784555739,0
884,-0.034049323443933,2,-0.1317615024736625,0,-0.0073299734380900886,0
885,-0.14615810890053,2,-0.5609973921578706,0,0.06256854701803138,0
886,-0.3069307794870252,0,-1.1765548617624044,0,0.06936196782514212,0
887,0.0884227620704668,2,0.3371528147508882,0,-0.022793388143990782,0
888,0.0092222366455293,2,0.0339142428961316,0,0.004658385906408649,0
889,-0.1529986868082152,2,-0.587188216830538,0,-0.013333072242892161,0
890,-0.0259048202382483,2,-0.1005782810580545,0,0.04797322307738096,0
891,-0.263024290436968,0,-1.008448135661018,0,0.12761602941073305,0
892,-0.1713584993490686,2,-0.6574832471291179,0,0.10493993462483243,0
893,-0.1006604588914022,2,-0.3867985173714746,0,0.10493993462483243,0
894,-0.0989693365481472,2,-0.3803236420919371,0,0.12124384235298798,0
895,0.0156487252505519,2,0.0585196254510095,0,0.02135830987905064,0
896,-0.0018709436438026,2,-0.0085587095270503,0,0.10779522354690006,0
897,-0.0266299086139034,2,-0.103354459149329,0,-0.04782776482203075,0
898,0.0840475805468742,2,0.3204013627914319,0,0.08255981031725794,0
899,-0.0547504803656455,2,-0.2110209420670366,0,0.0623271150098577,0
900,-0.2006138371837034,2,-0.769494459384407,0,0.002470139787010004,0
901,-0.2815427665070464,0,-1.0793506480659285,0,0.05220749027864878,0
902,0.5682270401823326,3,2.174200779822005,0,-0.046031297344919744,0
903,-0.1914163001796223,2,-0.7342794406615558,0,-0.04331383593221959,0
904,0.1189971518190105,2,0.4542143396957704,0,-0.05664942253057036,0
905,-0.180672777411179,2,-0.6931452375295393,0,-0.061257286279042145,0
906,-0.0263589768738731,2,-0.1023171307543961,0,-0.027276266817260107,0
907,-0.0564800229380277,2,-0.2176429185854656,0,-0.013065098576663032,0
908,-0.1467605628678183,2,-0.5633040344392009,0,-0.006711793926061977,0
909,-0.232652504618929,0,-0.8921623293898284,0,-0.017642310962148043,0
910,-0.0466189280700102,2,-0.1798873063763531,0,-0.026087013062786567,0
911,-0.0114302059998835,2,-0.0451586821824109,0,-0.026087013062786567,0
912,0.061927112538562,2,0.2357077437578471,0,-0.03841744775505052,0
913,0.2990274008768376,3,1.1435041559191674,0,-0.09825046032023525,0
914,0.0555220346907008,2,0.211184337520539,0,0.06494977617595069,0
915,-0.0753533916021191,2,-0.2899042240386917,0,0.0529768608280648,0
916,-0.2548688891315575,0,-0.9772231882066108,0,0.060368631921200906,0
917,0.0820400709044177,2,0.3127151213972369,0,0.049669426581242196,0
918,-0.1250183192811603,2,-0.4800585400594317,0,-0.008830349709340492,0
919,-0.1690195995468921,2,-0.6485281975013782,0,-0.007738471377340546,0
920,-0.0798961094743083,2,-0.3072971298623694,0,0.013767493506440822,0
921,-0.0386972051538119,2,-0.149557053756833,0,0.002704444351533228,0
922,-0.2106194926149796,0,-0.8078035570472317,0,0.020616782120838898,0
923,-0.1678307415237414,2,-0.6439763639479511,0,0.023044103493325842,0
924,-1.1529046116605768,1,-4.415572473305047,0,0.023044103493325842,0
925,-0.1897006321338579,2,-0.7277105861598576,0,0.17189690140633312,0
926,-0.0717406490459873,2,-0.2760719560414469,0,0.12396667830663134,0
927,-0.7012039191974235,0,-2.686125955704001,0,0.20534006877283373,0
928,-0.5814203213596865,0,-2.227505170740079,0,0.36808684970523853,0
929,-0.0352989185359717,2,-0.1365458827422717,0,0.0,0
930,-1.7380635696059226,1,-6.655996583666993,0,0.0,0
931,-1.983621697155064,1,-7.596175900733543,0,0.039193214569391115,0
932,1.8546911582374963,1,7.099743127027271,0,0.001226766466379822,0
933,1.0501591255523044,1,4.019395575115123,0,-0.1970813481236583,0
934,-0.5206447589182881,0,-1.9948110735795008,0,-0.1838227548740421,0
935,0.4676731095539983,3,1.789205476387849,0,-0.1838227548740421,0
936,0.5940460589014436,3,2.273055204348452,0,-0.00831494542891689,0
937,-0.3649137289872364,0,-1.3985567576340994,0,0.10314440763430388,0
938,-0.4115150798395226,0,-1.5769814208939754,0,0.0029084384292442883,0
939,-0.2517027787994335,0,-0.9651009608565184,0,0.018871090664290692,0
940,0.6102757411259597,3,2.33519451002873,0,0.018871090664290692,0
941,0.174262816361653,2,0.6658124458775039,0,-0.10192584802046549,0
942,0.304765618889245,3,1.1654743262651053,0,-0.10192584802046549,0
943,0.1490637606460503,2,0.5693317012575718,0,-0.10192584802046549,0
944,-0.4135208099656684,0,-1.5846608489749792,0,-0.0874296066633346,0
945,0.5232059853982857,3,2.00182666635671,0,-0.005733536101719938,0
946,-0.0499951616182858,2,-0.1928140418232983,0,0.034442396483567075,0
947,-0.1519401681980392,2,-0.5831354195806552,0,-0.011445033804261817,0
948,0.0142375727871331,2,0.0531166832939905,0,0.018723438716306842,0
949,-0.213980765643418,0,-0.8206730124869385,0,-0.029242590523461363,0
950,-0.27154638445764,0,-1.0410770558124347,0,0.0747853457269798,0
951,-0.417945871575185,0,-1.6016032790363917,0,0.014432999667314322,0
952,0.5701212829945057,3,2.181453351468817,0,-0.008203603146614469,0
953,0.0080813412408968,2,0.0295460459519801,0,0.026700763871708767,0
954,0.1308412301294581,2,0.4995622887469415,0,-0.03499601338604478,0
955,-0.2931538118589786,0,-1.123806373471408,0,0.004637300281406848,0
956,0.3018775170253131,3,1.1544165222935925,0,-0.004267274765549193,0
957,-0.1443342507757156,2,-0.5540143054918789,0,0.07003842352277281,0
958,0.0077352589475636,2,0.0282209852934615,0,0.009385859762728294,0
959,0.5204141059074909,3,1.991137273261944,0,0.009385859762728294,0
960,0.1543343964528589,2,0.5895116188306939,0,-0.03917029046258821,0
961,-0.1999428256320223,2,-0.7669253276325897,0,-0.02041916196729133,0
962,-0.0906950068118848,2,-0.3486433480684135,0,0.013919551721386147,0
963,-0.0079743717995729,2,-0.0319271761810751,0,0.019395317378279858,0
964,-0.2020377641215535,2,-0.7749463117394574,0,0.021865675033304305,0
965,-0.5827350199040288,0,-2.2325388154901216,0,0.04642044105152661,0
966,0.0201255934084921,2,0.0756604095469744,0,0.007225491579178038,0
967,0.3694241317090471,3,1.4130352481217638,0,-0.01550067450670592,0
968,-0.2099078895579129,0,-0.8050790107946076,0,-0.1373461159787072,0
969,0.2755313620642408,3,1.053543827808359,0,-0.18701087434295877,0
970,-0.3741948001044777,0,-1.4340916071287788,0,-0.18701087434295877,0
971,-0.0021660285083419,2,-0.0096885140633047,0,-0.18701087434295877,0
972,0.3267355491599155,3,1.2495915747717552,0,-0.19234194323626902,0
973,0.4093589196196192,3,1.5659353455434857,0,0.10337229497128148,0
974,-0.117067105217859,2,-0.4496153733742297,0,-0.07334953412828522,0
975,-0.0931567053371168,2,-0.3580685626250493,0,-0.05492542360458119,0
976,0.4193152712662915,3,1.6040556716148329,0,-0.05492542360458119,0
977,-0.1858603014511718,2,-0.7130069413870537,0,-0.13188229150901945,0
978,0.1970665373558384,2,0.7531220659860823,0,-0.08637750272594914,0
979,0.3884712259275309,3,1.4859617043265283,0,-0.08637750272594914,0
980,-0.3184230620182278,0,-1.2205558746776035,0,0.07072115613941424,0
981,-0.403023499931792,0,-1.544469331483013,0,0.07072115613941424,0
982,-0.0875447811051898,2,-0.336581938889712,0,0.061248000415592974,0
983,0.2226351340223598,3,0.8510176884694776,0,-0.01800672136452339,0
984,0.1492383722885766,2,0.5700002446141317,0,0.018820412704156637,0
985,0.3731212314264053,3,1.4271904981315489,0,-0.03012549374609814,0
986,0.3382683923491287,3,1.293747884081046,0,-0.09261224581152078,0
987,0.3044290824729408,3,1.1641858143302457,0,-8.173311800441104e-05,0
988,-0.4172535973490038,0,-1.5989527379376711,0,-0.07610682580840536,0
989,-0.6835961119022373,0,-2.6187101613132624,0,0.00971394104550927,0
990,-0.3791551190688573,0,-1.4530834008148967,0,-0.043176710394757706,0
991,-0.0686970633964428,2,-0.2644188443893002,0,-0.030217064909387633,0
992,-0.0458263734591303,2,-0.1768528173116574,0,0.1694156819508634,0
993,0.1876844343230364,2,0.7172003911058135,0,0.11478522552839096,0
994,-0.3177526978511295,0,-1.2179892215959125,0,0.06161026891298138,0
995,0.0910054697523455,2,0.3470413424439711,0,0.06161026891298138,0
996,-0.1190933985151257,2,-0.4573735325824585,0,0.06161026891298138,0
997,-0.123291772066951,2,-0.4734480320019713,0,0.056909043325394676,0
998,-0.0511618408683021,2,-0.1972809585222638,0,-0.09898373790491287,0
999,-0.3656233637389754,0,-1.401273767748632,0,-0.020221214253797273,0
1000,0.0584518299454572,2,0.2224017748306134,0,-0.007246305522127151,0
1001,-0.1051150073098154,2,-0.4038538448886855,0,-0.023327852179524444,0
1002,0.2799832634416185,3,1.0705890204819064,0,-0.02332785217952444,0
1003,-0.2386217194297758,0,-0.915016927444875,0,0.04857755449652944,0
1004,-0.5009385167294631,0,-1.919360908244086,0,-0.03580418073342974,0
1005,0.0198038772492812,2,0.0744286405891514,0,-0.03580418073342974,0
1006,-0.1039033027725456,2,-0.3992145378712104,0,0.025821675764958137,0
1007,-0.1691530177287961,2,-0.6490390216243616,0,-0.0076501216099104695,0
1008,-0.3904465424473331,0,-1.49631537536463,0,-0.03449911090629304,0
1009,-0.8110096097163079,1,-3.106543883436431,0,-0.016642599595377297,0
1010,0.4664645917970549,3,1.7845783707378502,0,0.09661110205622901,0
1011,0.4608006358445008,3,1.7628925308411372,0,0.06361636654270252,0
1012,0.3513334750115519,3,1.3437707467635966,0,0.12954118702307152,0
1013,0.3784982122052791,3,1.447777583425844,0,-0.10700129220730743,0
1014,0.2655693953456103,3,1.0154020030614368,0,0.07986320521733246,0
1015,-0.2891441661551767,0,-1.1084544647518528,0,-0.05647679700914209,0
1016,-0.5920014245535867,0,-2.268017510828113,0,-0.07353811010798607,0
1017,0.6935876764405456,3,2.654174619664421,0,0.040989829845245594,0
1018,0.0445333536638702,2,0.1691114860682889,0,-0.22485211998931257,0
1019,0.2378883198796614,3,0.909418239107074,0,-0.20542343182376996,0
1020,0.141029131470866,2,0.5385691594260209,0,0.02954455343332176,0
1021,-0.4258846945442918,0,-1.631999003388514,0,0.0067657455694517905,0
1022,-0.0905315592625194,2,-0.3480175491715402,0,0.09953168410689872,0
1023,0.0562257670337379,2,0.213878748820535,0,0.06455691514513366,0
1024,-0.4132085636860356,0,-1.5834653377659968,0,0.07981150279869727,0
1025,-0.351254056861329,0,-1.3462573638454798,0,0.07981150279869727,0
1026,0.0570415744836763,2,0.2170022670636338,0,0.07981150279869727,0
1027,0.1013628464088448,2,0.3866970907944703,0,0.06455691514513366,0
1028,0.3101185718431837,3,1.1859694151581264,0,0.09253181477175589,0
1029,-0.1436797401721084,2,-0.5515083516533562,0,0.08864700615906448,0
1030,0.3294975530619525,3,1.2601665818719892,0,0.2291483819817245,0
1031,0.6097168097221696,3,2.3330545045206765,0,0.2291483819817245,0
1032,0.3799135125302904,3,1.4531964066848986,0,0.02275563775136059,0
1033,-0.2812725728748,0,-1.0783161456970736,0,0.02275563775136059,0
1034,-0.1587154301969676,2,-0.609076166330423,0,-0.002076586230220629,0
1035,0.2754419070773095,3,1.0532013275239636,0,0.1155871044980646,0
1036,-0.2861687551869448,0,-1.0970623765321512,0,0.04600681192648689,0
1037,-0.1627967424014249,2,-0.6247024677663392,0,-0.019483133409431735,0
1038,-0.016032399786497,2,-0.0627793060831215,0,-0.0397956730524463,0
1039,-0.3042743907293391,0,-1.1663842280595358,0,-0.04474651160003563,0
1040,-0.0870639031285441,2,-0.3347407800073425,0,0.010034766762871152,0
1041,0.1967912025532371,2,0.7520678793897843,0,0.010884522052886137,0
1042,-0.2001990007208859,2,-0.767906156581324,0,-0.04474651160003563,0
1043,-0.3765065812928664,0,-1.4429428265145905,0,-0.04240230129506774,0
1044,0.1516041673636333,2,0.5790582693685398,0,-0.05989713479853036,0
1045,-0.0164640705030115,2,-0.0644320629415522,0,-0.038517281614761305,0
1046,-0.3033629118267705,0,-1.162894408273522,0,-0.047803583815073845,0
1047,-0.1356154943626992,2,-0.5206324152980025,0,-0.07026354097111964,0
1048,-0.1973221379140052,2,-0.7568913840870762,0,-0.035424897942540334,0
1049,0.6133399243831077,3,2.3469264846565934,0,-0.029539999181820317,0
1050,0.311907007202705,3,1.192816877108234,0,-0.0242885003146947,0
1051,0.0485906931766479,2,0.184646002194077,0,-0.008999974803053841,0
1052,-0.185274219472561,2,-0.710762983266445,0,-0.013432201644558142,0
1053,-0.1011096283032694,2,-0.3885182722625521,0,-0.023754708133020993,0
1054,0.2447941841717021,3,0.9358590286612531,0,-0.030336882226662067,0
1055,-0.198348194942436,2,-0.7608198942361382,0,-0.03816196496251416,0
1056,-0.3912571897345987,0,-1.499419136663554,0,-0.047012595172090686,0
1057,0.4609105656645195,3,1.7633134240290025,0,-0.07900397764416395,0
1058,0.2982369462649841,3,1.140477707214081,0,-0.17469503065664188,0
1059,0.0904981552483464,2,0.3450989648543212,0,-0.13081649387444627,0
1060,-0.5370535667457081,0,-2.0576362054170643,0,-0.17427200658270917,0
1061,-0.3114840249318505,0,-1.1939880749713443,0,-0.20187540237518725,0
1062,-0.0337894740067639,2,-0.13076660538426,0,-0.28007604425627186,0
1063,0.0205642925325238,2,0.077340076381652,0,-0.12431278806074796,0
1064,-0.3801280645930776,0,-1.4568085605871846,0,-0.15508862720442712,0
1065,0.0052211393210679,2,0.0185950637365001,0,-0.016680777471863893,0
1066,-0.3005130484197548,0,-1.151983009581557,0,-0.04126850467052075,0
1067,0.0244969434658472,2,0.0923971918013531,0,-0.019055583794812102,0
1068,-0.58094653445793,0,-2.2256911617713087,0,-0.019055583794812102,0
1069,0.4181435074509861,3,1.5995692874147556,0,0.0810668604732705,0
1070,-0.0339692451463476,2,-0.1314549031365237,0,-0.08342544079314484,0
1071,-0.1419706125440851,2,-0.5449645387397601,0,0.15248912243759516,0
1072,0.0068042317030273,2,0.0246563199017069,0,-0.23346432414359075,0
1073,0.1917965808200811,2,0.7329447491682256,0,0.034895175144231474,0
1074,-0.3595189726640466,0,-1.377901614323227,0,0.0,0
1075,-0.2010079238261136,2,-0.7710033164278461,0,0.008557443917229,0
1076,-0.164080676982296,2,-0.6296183251620995,0,0.00855744391722901,0
1077,0.2342958592002946,3,0.8956636252328517,0,0.5659156431543162,0
1078,0.1243501581392429,2,0.4747096329146922,0,-0.006610953308048452,0
1079,-0.1122342958578259,2,-0.4311117813775876,0,-0.19506653328167534,0
1080,-0.0984430151603346,2,-0.378308492001447,0,-0.2535524108041943,0
1081,0.04764970920245,2,0.1810432150289283,0,0.01950455285102634,0
1082,-0.0346234089300995,2,-0.1339595290904514,0,0.07288659927617716,0
1083,0.2374861266805985,3,0.9078783441298734,0,0.08585181173154706,0
1084,0.0844556342466495,2,0.3219636961281871,0,0.023524097855878424,0
1085,-0.3068529040481856,0,-1.176256696608454,0,-0.014125649695305045,0
1086,-0.3301864867080522,0,-1.2655950216267495,0,0.010614934130763466,0
1087,0.1337903258539534,2,0.5108536226233371,0,0.001522620563874774,0
1088,-0.0250690275012043,2,-0.0973782442579451,0,0.02776420055143275,0
1089,0.3940878529365557,3,1.50746633379356,0,-0.01702600885394536,0
1090,0.4040735782764513,3,1.5456991242297,0,0.027421299336593888,0
1091,-0.1208513577373617,2,-0.4641043091911941,0,0.033214590962503066,0
1092,-0.4380439652170448,0,-1.6785537434463382,0,-0.04623749124900136,0
1093,-0.3918224699258712,0,-1.5015834500564205,0,-0.2563688591142972,0
1094,-0.2166436706921441,0,-0.8308685954029361,0,0.047342493054010656,0
1095,1.4307731452715156,1,5.476669389250843,0,0.20643695940026457,0
1096,0.8892676455279077,1,3.4033832145350718,0,-0.13413192678397876,0
1097,-0.598311700713853,0,-2.2921779456305544,0,-0.13016798787084152,0
1098,-0.0648626072108994,2,-0.2497376915648048,0,-0.08164786080237495,0
1099,0.224045455331146,3,0.8564174483478132,0,-0.08778120270901373,0
1100,0.4209628697814022,3,1.6103639052790868,0,-0.08778120270901371,0
1101,-0.0518727649687659,2,-0.2000029052235658,0,-0.05384616735888081,0
1102,0.2053203503133039,2,0.7847238065067336,0,-0.05384616735888081,0
1103,-0.1038681800492672,2,-0.3990800619395235,0,-0.03194330741605,0
1104,-0.1256946224719385,2,-0.4826479321450531,0,-0.048001027176831725,0
1105,0.5216029198079198,3,1.995688937880745,0,-0.048001027176831725,0
1106,0.5294500263204491,3,2.025733503359124,0,0.01884596685211155,0
1107,-0.3504008141592349,0,-1.3429905155885988,0,-0.06973414638131573,0
1108,-0.2069992656754841,0,-0.7939426332587507,0,-0.014507072641812313,0
1109,-0.5029653569870424,0,-1.9271211616235733,0,-0.014507072641812313,0
1110,-0.0642411444520283,2,-0.2473582694782736,0,-0.26775476114755786,0
1111,0.0863817646186334,2,0.3293383570925266,0,-0.035812088727257156,0
1112,0.1353336078940337,2,0.516762455163174,0,-0.019518392878113886,0
1113,0.3901619672518379,3,1.492435120781885,0,-0.058820377280339065,0
1114,-0.4625541905654614,0,-1.7723971326235504,0,0.14524361484850845,0
1115,0.0915341146543215,2,0.3490653886764095,0,-0.005740042458765602,0
1116,0.5221332510758485,3,1.9977194407774592,0,0.03554037350592225,0
1117,0.0665549244641698,2,0.2534264529659533,0,-0.08594746687212794,0
1118,-0.1143905110601314,2,-0.4393673783581697,0,0.10642324536855606,0
1119,-0.3395138334654356,0,-1.3013070487216165,0,0.111637257941868,0
1120,0.0331620178798575,2,0.1255735473396754,0,0.15088298479758608,0
1121,-0.1008226586506501,2,-0.3874195387988658,0,0.10902662467592249,0
1122,-0.2297774653764567,0,-0.8811545388576815,0,-0.021320517661392396,0
1123,-0.0311593912621612,2,-0.1206966906828855,0,0.2558004762862835,0
1124,-0.1140918636254799,2,-0.4382239336513838,0,0.4142346529103545,0
1125,-0.3400749595409141,0,-1.3034554570667076,0,0.3050220549853688,0
1126,0.4275576207322497,3,1.635613521356042,0,-0.027170858877341015,0
1127,-0.1587317072105503,2,-0.609138486855778,0,0.10381538414887297,0
1128,-0.0963772714032135,2,-0.3703992870641521,0,-0.00386881273062371,0
1129,0.0244408595092202,2,0.0921824606638978,0,0.0,0
1130,0.0581749044646406,2,0.2213414979339329,0,0.12377876952198966,0
1131,-0.1006521979394974,2,-0.3867668882977489,0,-0.2187338018333421,0
1132,0.1437163323943793,2,0.5488577650376749,0,0.00466932475289128,0
1133,0.2025081460803953,2,0.7739565951684791,0,0.010506207428856214,0
1134,0.7019928141713585,3,2.6863557440705947,0,-0.08216605115942531,0
1135,-0.1668333962647422,2,-0.6401577838266405,0,-0.01286477812920357,0
1136,-0.3208442939642136,0,-1.229826153043695,0,-0.02682086812576333,0
1137,0.1692400258235447,2,0.6465814645004285,0,-0.08378107498672305,0
1138,0.5187935970804894,3,1.9849327590905868,0,-0.028910014724698577,0
1139,-0.4051979387905411,0,-1.5527947021869926,0,0.004555373493338969,0
1140,0.0804370181019493,2,0.306577441882863,0,0.004555373493338969,0
1141,-0.2681875795971083,0,-1.0282170503568933,0,0.006146540281867604,0
1142,-0.0822441970101148,2,-0.3162873569742179,0,0.006146540281867604,0
1143,-0.2785900747670633,0,-1.0680455459652056,0,0.0042123147011479236,0
1144,-0.2400434358201599,0,-0.920460316178592,0,0.0011798696037979774,0
1145,-0.0122321940998224,2,-0.0482292896659493,0,-0.01923952172513998,0
1146,-0.2413309058053324,0,-0.9253897097339364,0,-0.012611952927437543,0
1147,-0.234189564235416,0,-0.8980473378598907,0,-0.01353429761382029,0
1148,0.0753482278380972,2,0.2870937644223972,0,-0.035181320071208166,0
1149,-0.0175610591999346,2,-0.0686321523224117,0,-0.020502622422834144,0
1150,-0.2638993507372769,0,-1.0117985179258924,0,-0.018289613244803545,0
1151,-0.3373982509201461,0,-1.2932070238009172,0,-0.03146654715937744,0
1152,0.01000766838609,2,0.0369214603106517,0,-0.03016973793814032,0
1153,0.457661346128294,3,1.7508729927752804,0,-0.02687284868625317,0
1154,-0.0393420434600166,2,-0.1520259748403945,0,-0.01665974989608257,0
1155,-0.018576796865574,2,-0.0725211522684978,0,-0.017205699546040287,0
1156,0.1668185746404265,2,0.6373103467313841,0,0.010405131241128247,0
1157,-0.0221736094995143,2,-0.0862924286646238,0,0.15248417042737167,0
1158,-0.0160143172172352,2,-0.0627100725464882,0,0.08735569015297041,0
1159,-0.3661289176898125,0,-1.4032094046301409,0,0.033700330689945976,0
1160,-0.0444943409049692,2,-0.1717528050677909,0,0.028425106105571418,0
1161,0.1597087158296959,2,0.6100885142967213,0,0.028425106105571418,0
1162,0.2607329868184067,3,0.9968846307734796,0,0.02794628851388291,0
1163,-0.0162628717604728,2,-0.06366172437348,0,0.03356245686936702,0
1164,0.2022449844847985,2,0.7729490166708916,0,0.22316856302177754,0
1165,0.8359722175960942,3,3.1993286408346973,0,0.19176702584155375,0
1166,0.1671373705137305,2,0.63853093466076,0,-0.06379237805520799,0
1167,0.175588133663738,2,0.6708867471372791,0,-0.0650125841389611,0
1168,0.2216282200632038,3,0.8471624722405845,0,0.030657620490998107,0
1169,-0.3302958833742017,0,-1.2660138735046995,0,-0.05813847220799685,0
1170,0.0042494099659458,2,0.0148745603648924,0,0.016282385305108244,0
1171,0.2644255562008091,3,1.0110225352884632,0,-0.05110760962944443,0
1172,0.6716633031557132,3,2.570231797214283,0,0.14954355967042793,0
1173,0.5551084479752996,3,2.123973042767712,0,0.07135225959008462,0
1174,0.3321965592194837,3,1.270500386707825,0,-0.00149595849312748,0
1175,0.7712220533779206,3,2.9514168091955395,0,-0.08736556657539903,0
1176,-1.0104392611587818,1,-3.8701090537991303,0,-0.09938722562015119,0
1177,0.4860655888759921,3,1.859625579443295,0,-0.21969290899320237,0
1178,-0.6166537937840949,0,-2.362405132604441,0,-0.07875038599766332,0
1179,0.1963135573099328,2,0.7502390978172417,0,0.344489552676168,0
1180,-0.2237068941393484,0,-0.8579118729485021,0,0.0,0
1181,-0.3787654328645441,0,-1.451591391924382,0,0.0,0
1182,0.2127164475110016,3,0.8130415725757786,0,0.0,0
1183,0.2762847720046344,3,1.0564284419333332,0,0.0,0
1184,-0.1205970415261451,2,-0.4631305974099265,0,0.3376415200926423,0
1185,-0.3208900329913786,0,-1.230001276089926,0,0.008851750379383051,0
1186,-0.2564679560898665,0,-0.9833456069422962,0,-0.1803617938427391,0
1187,0.5595294149484192,3,2.14089979551276,0,-0.03377041281059817,0
1188,0.2375035331887096,3,0.9079449892011308,0,0.02153509445873195,0
1189,-0.1923655586939205,2,-0.737913908926158,0,0.02153509445873195,0
1190,0.1426217504074015,2,0.544666890334152,0,0.005715372120019314,0
1191,0.0592905092417648,2,0.2256128635284716,0,-0.04228720013515705,0
1192,-0.4746651693804617,0,-1.8187669754992088,0,-0.00419856463417035,0
1193,-0.2843032634184514,0,-1.0899198852841494,0,-0.05914724465034594,0
1194,-0.2896695272594041,0,-1.110465938161899,0,-0.0529055681308652,0
1195,0.0222791333300742,2,0.0839057635613447,0,-0.016069774453012612,0
1196,0.0248102289211653,2,0.093596681748469,0,0.04236975693160752,0
1197,-0.3011843053484803,0,-1.1545530808193707,0,0.03302921655697131,0
1198,0.0041243663576177,2,0.0143958003439769,0,-0.00739624125238026,0
1199,0.0705406125488022,2,0.2686866340841699,0,-0.05603308265027665,0
1200,-0.2992363059891332,0,-1.147094689091121,0,-0.06560871161530901,0
1201,0.4385696906599692,3,1.677775922932673,0,-0.07163413142825976,0
1202,-0.3175195987751463,0,-1.2170967448033332,0,0.016362697758048043,0
1203,0.0892284847701475,2,0.3402377210624465,0,-0.05169645562690293,0
1204,0.1286736683893034,2,0.4912632487725857,0,-0.14871401008221924,0
1205,-0.2108088349219725,0,-0.8085285003535565,0,-0.14130502309828577,0
1206,0.0671672680075732,2,0.2557709599069096,0,-0.2179492436623463,0
1207,-0.0336191744092461,2,-0.1301145717460785,0,-0.20598097953023423,0
1208,-0.1590083761806601,2,-0.6101977816385145,0,0.0011258782101505975,0
1209,-0.2258395311157205,0,-0.8660771949274915,0,0.056937137433059046,0
1210,0.2289104461403585,3,0.8750442548892707,0,0.05427264903509177,0
1211,0.2624566789090393,3,1.0034842072924026,0,-0.015563763443428785,0
1212,0.2395164113432627,3,0.9156517852562004,0,-0.15376567214987896,0
1213,0.0509363610821065,2,0.1936269651596689,0,-0.0070482498035402,0
1214,0.5836471471885917,3,2.233240428881621,0,-0.01297286126954373,0
1215,0.4235214759070854,3,1.6201601542727422,0,-0.20573931567499687,0
1216,0.3344344960003047,3,1.2790688747282808,0,0.037233589539737294,0
1217,0.0525646274334225,2,0.1998611809091614,0,0.036883873919507905,0
1218,0.0588059635564333,2,0.2237576619268412,0,-0.060507503101823804,0
1219,0.4778442714979725,3,1.8281482561919724,0,-0.030280491793873085,0
1220,-0.3343757905790965,0,-1.281634795556344,0,-0.04480447915590727,0
1221,0.4150083399654627,3,1.5875655323167337,0,-0.01084854075566885,0
1222,-0.0549714603121338,2,-0.2118670178098694,0,-0.052103827830830625,0
1223,-0.1418591633078786,2,-0.5445378280956044,0,-0.04375515416015353,0
1224,0.2538986714317962,3,0.9707177836935964,0,-0.029239508463480984,0
1225,-0.2293118868214501,0,-0.8793719575509423,0,-0.029239508463480984,0
1226,-0.3865106439340731,0,-1.481245825791283,0,0.029103203886376865,0
1227,-0.353353997763207,0,-1.354297500910838,0,-0.12232984588405313,0
1228,0.0552646398815201,2,0.2101988385744146,0,-0.13126755255369266,0
1229,-0.2505682901815719,0,-0.960757293861634,0,0.08203939471464228,0
1230,-0.2182849197596983,0,-0.8371525186551215,0,-0.07301071009866847,0
1231,-0.0043726698003074,2,-0.018137179654615,0,-0.025617760350750557,0
1232,0.1736371461321262,2,0.6634169144610668,0,-0.031011777466024792,0
1233,-0.083240095572073,2,-0.3201003980622676,0,-0.03748809362947889,0
1234,0.340268339395794,3,1.3014051702286067,0,-0.05712502263898236,0
1235,-0.0830651204866059,2,-0.3194304631755664,0,-0.013260896798209873,0
1236,0.1508771850579761,2,0.5762748399032883,0,-0.0379334851190443,0
1237,-0.2065532762850085,0,-0.7922350538569148,0,-0.13211301590951793,0
1238,-0.1615468242872619,2,-0.6199168507285661,0,-0.10862576454973807,0
1239,0.0272682786931641,2,0.1030079261614276,0,-0.08781813209451331,0
1240,-0.2439130603807021,0,-0.9352761197235449,0,-0.2188277373700549,0
1241,-0.378362626626913,0,-1.450049149779168,0,-0.2188277373700549,0
1242,-0.0036041223444374,2,-0.0151946078513319,0,0.0,0
1243,-0.3384706230486989,0,-1.2973128626323454,0,0.0,0
1244,0.3185560031584758,3,1.2182741834465218,0,-0.12191869329208041,0
1245,-0.0733584096518758,2,-0.2822659479764811,0,0.0,0
1246,-0.6573528899816765,0,-2.5182315711352152,0,0.0,0
1247,-0.1175690772183697,2,-0.4515372958833197,0,-0.19266487806330665,0
1248,0.3300740588796655,3,1.2623738753197449,0,-0.14033915944981012,0
1249,0.0436309128106134,2,0.1656562706633816,0,-0.04053942831777612,0
1250,-0.052750848688039,2,-0.203364863387008,0,-0.11755403298838184,0
1251,0.0633488943783217,2,0.2411513830804973,0,-0.03993686920526488,0
1252,0.0114614313672599,2,0.0424875472508586,0,-0.06622953467983858,0
1253,-0.505551012328795,0,-1.937020975153028,0,-0.005362765684357997,0
1254,-0.0476263818583444,2,-0.1837445894732141,0,-0.06036772542700328,0
1255,0.3328190492933627,3,1.272883742120987,0,-0.1405247695267672,0
1256,0.176747608953573,2,0.6753260817137107,0,-0.1405247695267672,0
1257,-0.1710418783029779,2,-0.6562709860573563,0,-0.1405247695267672,0
1258,-0.5025782648977132,0,-1.925639084936397,0,-0.1405247695267672,0
1259,-3.15898117729807e-05,2,-0.0015162937581185,0,0.05259783264985823,0
1260,-0.1062320917752938,2,-0.4081308758317923,0,0.1401340149700804,0
1261,0.1380312405643927,2,0.5270910012676273,0,0.24590184257071107,0
1262,-0.1181669231503583,2,-0.4538262951750885,0,-0.21357250263679067,0
1263,-0.0284723411389308,2,-0.1104086624469772,0,-0.21357250263679067,0
1264,-0.1853968588128015,2,-0.7112325379592732,0,1.0659677252342101,0
1265,0.0278358277522908,2,0.10518092646949,0,-0.1377704769544571,0
1266,-0.1108317681647597,2,-0.4257418612621556,0,0.0,0
1267,-0.3221142283821788,0,-1.2346884073934836,0,0.0,0
1268,0.1461868734046447,2,0.5583168352097728,0,0.0,0
1269,0.2435831086137296,3,0.9312221298447696,0,0.0,0
1270,-0.2029476968160385,2,-0.7784302114898585,0,0.0,0
1271,-0.1476514521619665,2,-0.5667150218763265,0,0.0,0
1272,0.0801356109807777,2,0.3054234310416401,0,-0.10460818094390553,0
1273,0.0879398812929163,2,0.3353039876556778,0,-0.030744765316020627,0
1274,-0.1245792020117682,2,-0.4783772722530279,0,0.0732644443448928,0
1275,0.1207032946109952,2,0.4607467244349612,0,0.1308609020184952,0
1276,-0.1329872376475406,2,-0.5105694919967205,0,0.11474933675047301,0
1277,-0.1531908741035716,2,-0.5879240528702588,0,-0.1026837660803541,0
1278,0.162425567979747,2,0.6204906468773043,0,-0.02820225845120658,0
1279,-0.4882121746995798,0,-1.8706349968770652,0,-0.006802814088954187,0
1280,-0.2217528325228858,0,-0.8504302703869899,0,-0.03118931598821453,0
1281,0.1869819939794597,2,0.7145109265415761,0,-0.007329869423188132,0
1282,-0.0530014201177961,2,-0.2043242373570601,0,0.011084534103359769,0
1283,0.4915475905480738,3,1.880614762899192,0,0.010066318444858155,0
1284,0.2094342553037661,3,0.8004748973910515,0,0.015237247734685506,0
1285,-0.078592341633802,2,-0.302305335983931,0,0.004421968185360976,0
1286,-0.177848973243295,2,-0.6823336130046718,0,0.04851575553927321,0
1287,-0.0514313809653267,2,-0.1983129586717678,0,0.07307107903048926,0
1288,0.0437165592390567,2,0.1659841889506184,0,0.011938984662675487,0
1289,-0.06008545570581,2,-0.2314471992711642,0,0.013042404712704526,0
1290,-0.3177847485134292,0,-1.2181119353911884,0,0.016000597399403342,0
1291,-0.0449694902321409,2,-0.1735720304153026,0,0.016000597399403342,0
1292,0.0901833614272858,2,0.3438936997602457,0,0.061288591152753,0
1293,0.1191944892762652,2,0.4549698943892564,0,0.046990705381152485,0
1294,0.0214147730482124,2,0.0805963489326735,0,-0.020785040824845138,0
1295,-0.2295489261361862,0,-0.8802795205107631,0,0.09126410796254529,0
1296,0.0407756476605054,2,0.1547241900775527,0,0.04988581772221818,0
1297,-0.3120843895103319,0,-1.1962867175168843,0,-0.0276680444630991,0
1298,0.0239134614859621,2,0.0901631884114256,0,-0.19315646342419995,0
1299,-0.328331591130081,0,-1.2584931004843605,0,-0.11538602149111278,0
1300,0.1681185438442327,2,0.642287596600654,0,-0.11247634043461138,0
1301,-0.1600680922377761,2,-0.6142551636067185,0,0.053948037629620145,0
1302,-0.0714701629738067,2,-0.2750363339948182,0,0.03809180682427535,0
1303,-0.0857382635669273,2,-0.3296652448981743,0,0.06843886932540834,0
1304,0.133553649642753,2,0.5099474498941622,0,0.0,0
1305,0.0706655432500217,2,0.2691649618126208,0,0.0,0
1306,0.3785250353887026,3,1.4478802825404054,0,-0.0982178744936455,0
1307,-0.1824687159054515,2,-0.7000214270651542,0,-0.03930616041693589,0
1308,0.2815652412660389,3,1.0766460092911256,0,0.1199391235122416,0
1309,-0.1445608779650624,2,-0.5548820030844424,0,0.0,0
1310,0.1529541310821759,2,0.5842269354584456,0,-0.0070582419200153,0
1311,0.0159104724133869,2,0.0595217884470157,0,0.044144931270364195,0
1312,0.003683399029808,2,0.0127074491366814,0,0.044144931270364195,0
1313,0.1205690657538435,2,0.4602327964436253,0,0.010206040992593696,0
1314,0.1469553076539341,2,0.5612589735739891,0,-0.1594884103962588,0
1315,0.141107155508502,2,0.538867893526788,0,-0.047808725967753846,0
1316,0.6327218643059109,3,2.421134979492096,0,-0.047808725967753846,0
1317,0.4468767233542843,3,1.709581428225214,0,-0.05609176978647414,0
1318,0.1378686103789045,2,0.526468331848159,0,-0.030154507499951577,0
1319,-0.2893249589889258,0,-1.1091466743099778,0,0.06665657849915056,0
1320,0.1481580872001672,2,0.5658641090816002,0,-0.030154507499951577,0
1321,0.3621118448253366,3,1.3850383703269298,0,0.13540407012904443,0
1322,-0.0199087041798206,2,-0.0776206850007373,0,-0.06352711731847643,0
1323,-0.0955722265568601,2,-0.3673169760797556,0,-0.06352711731847643,0
1324,0.093998195046859,2,0.3584997227942629,0,-0.05518396486384522,0
1325,0.4101159905846797,3,1.5688339767963204,0,-0.05755424660238375,0
1326,0.1442157825218982,2,0.5507700319395539,0,-0.08407700014643131,0
1327,-0.0433771437445051,2,-0.1674753426443828,0,-0.043247622266297164,0
1328,-0.2498594137687059,0,-0.9580431872328498,0,-0.1785089452943917,0
1329,-0.1195002116882877,2,-0.4589311162598325,0,-0.09466741833586642,0
1330,0.0211314977728524,2,0.0795117602954005,0,-0.11055614443943436,0
1331,-0.1156457990783117,2,-0.4441735553861257,0,0.0,0
1332,-0.1048553324811016,2,-0.4028596163304365,0,-0.14889033094718077,0
1333,0.0844407588407742,2,0.3219067420005578,0,-0.16668305061245184,0
1334,-0.2057234307883912,0,-0.7890577875205591,0,-0.0014522094905586684,0
1335,0.0402972323099131,2,0.1528924599610084,0,0.0,0
1336,-0.0291676269159545,2,-0.1130707340042602,0,0.008745034847755651,0
1337,-0.2018226052284579,2,-0.7741225233224729,0,0.0773974757292179,0
1338,-0.1664536639295182,2,-0.6387038857571189,0,-0.012881470594661352,0
1339,-0.2514075172094612,0,-0.9639704796837436,0,-0.0018830829778770065,0
1340,-0.0880660641886734,2,-0.3385777986004843,0,-0.004099080490371903,0
1341,0.0171177901051615,2,0.0641442993541647,0,-0.004099080490371903,0
1342,-0.138017426887141,2,-0.5298288011110427,0,0.020607785376897,0
1343,0.0020342097999452,2,0.0063931250321549,0,-0.0588144055823073,0
1344,-0.0921476419030133,2,-0.3542051166058887,0,-0.05804186409571702,0
1345,0.2206416885777426,3,0.8433852952946498,0,-0.038811791847135235,0
1346,0.0242769588317314,2,0.0915549268552387,0,0.020645208868749543,0
1347,-0.0161880447007792,2,-0.0633752306842549,0,0.05218866845659773,0
1348,0.069425312585459,2,0.2644164355437022,0,-0.0035703494411993353,0
1349,-0.1046129186839798,2,-0.4019314758510304,0,-0.034706332022446516,0
1350,-0.1122714563702773,2,-0.4312540594832528,0,-0.008871413410124263,0
1351,-0.0351781446688517,2,-0.136083470469293,0,-0.06437928412511268,0
1352,-0.1414815794655786,2,-0.5430921560564335,0,0.023188388373897216,0
1353,-0.0515654116037328,2,-0.1988261277341824,0,0.023298447151147587,0
1354,-0.0395596547494598,2,-0.1528591528562745,0,0.031980805762241944,0
1355,-0.4786526349219594,0,-1.8340339620455264,0,0.0239545485038399,0
1356,0.570928343895472,3,2.1845433814111157,0,-0.08177009571836799,0
1357,0.441912312442948,3,1.6905739675199118,0,-0.06668862122315766,0
1358,-0.1503454062972302,2,-0.5770294838099638,0,0.030598095722195285,0
1359,-0.1693271851223419,2,-0.6497058640651046,0,-0.06223466255971888,0
1360,-0.5277325011685396,0,-2.0219482273560607,0,-0.002059111374220396,0
1361,-0.1150141908203972,2,-0.441755288776478,0,0.03561405524535884,0
1362,0.1814452472754448,2,0.6933121383487092,0,-0.0786961273482279,0
1363,0.2004782684114043,2,0.7661847123169182,0,-0.073877574879316,0
1364,0.2248935023965378,3,0.8596644038395256,0,0.19806125436498476,0
1365,0.3118610458860342,3,1.1926409029722915,0,0.0048968119080101055,0
1366,-0.3191663702098769,0,-1.2234018117881753,0,0.0048968119080101055,0
1367,-0.1187038959907528,2,-0.4558822269554952,0,0.0048968119080101055,0
1368,0.2353795149656272,3,0.8998126662259329,0,-0.022793462551399475,0
1369,0.1121561399422569,2,0.4280218534664428,0,-0.022793462551399475,0
1370,-0.1596138233152303,2,-0.612515883992452,0,0.0688225303792655,0
1371,0.3752437837873524,3,1.435317208695238,0,0.0688225303792655,0
1372,-0.3943538559196871,0,-1.5112754801213646,0,-0.10192256116386549,0
1373,0.4639205756549043,3,1.774837983062615,0,-0.03067375129610561,0
1374,-0.3289874815473367,0,-1.2610043372767266,0,-0.007425930987676653,0
1375,-0.0597408011243163,2,-0.230127604956422,0,-0.04636072584726026,0
1376,-0.0342613028702379,2,-0.1325731175248307,0,0.007445468237005366,0
1377,-0.1267351989863349,2,-0.486632033695367,0,0.004784595588971196,0
1378,0.0198793478150616,2,0.0747175980987324,0,-0.01591989810255496,0
1379,-0.0672609666056718,2,-0.2589203967774678,0,-0.01800848322422923,0
1380,0.1810317458026516,2,0.6917289468812678,0,-0.0126836631899114,0
1381,-0.0197074255172738,2,-0.0768500404393784,0,-0.09603191599054339,0
1382,-0.0866035931366423,2,-0.3329783706823305,0,0.08165208175771156,0
1383,0.1618187758832061,2,0.6181673950076914,0,-0.06510002019354065,0
1384,0.0931635701468686,2,0.3553041573437862,0,0.008872464679323988,0
1385,0.6689957908827722,3,2.56001857441416,0,0.008872464679323988,0
1386,0.6832507353880132,3,2.614597114019114,0,0.015703514102173077,0
1387,0.0872173181676524,2,0.3325374781028141,0,0.09376233886172876,0
1388,0.3918011474586705,3,1.498711122895073,0,-0.05175222757936812,0
1389,-0.0301389255077795,2,-0.1167895880932863,0,0.07075473730757534,0
1390,0.0496451243403131,2,0.1886831496558323,0,0.0047819809678931,0
1391,-0.0455732741338339,2,-0.1758837646755986,0,0.03130852818144382,0
1392,0.4784766900590544,3,1.830569625245372,0,-0.02119264794684212,0
1393,0.1853551312750516,2,0.7082820849973868,0,-0.009945361189555066,0
1394,0.4185698012217549,3,1.6012014573220248,0,0.14821562639031474,0
1395,0.0383621792000717,2,0.1454836361136523,0,-0.048977409914463206,0
1396,0.0641668632298648,2,0.2442831767779859,0,-0.048977409914463206,0
1397,0.2503297957109915,3,0.957053470598482,0,-0.048977409914463206,0
1398,0.1355101408047838,2,0.5174383545647753,0,-0.060898823004140984,0
1399,0.6334669565724587,3,2.423987747369527,0,-0.04547982834501668,0
1400,0.0522359362538291,2,0.198602706380787,0,-0.060898823004140984,0
1401,0.2028672136414575,2,0.7753313730986969,0,-0.020980244259116803,0
1402,-0.4896474559360313,0,-1.8761303219398264,0,-0.020980244259116803,0
1403,-0.6912931316169808,0,-2.648180082798175,0,0.003781920036557418,0
1404,0.1426954669092871,2,0.544949131981338,0,0.05781848655605037,0
1405,-0.0166548983331635,2,-0.0651626939364223,0,0.05781848655605037,0
1406,0.6386168584867135,3,2.443705405722069,0,0.3857249212628574,0
1407,-0.1788032422353531,2,-0.6859872651081697,0,0.0,0
1408,0.2075541119369433,3,0.7932763089173186,0,0.0,0
1409,0.1124087468891378,2,0.4289890209113778,0,0.0,0
1410,-0.48347878345148,0,-1.8525120514243367,0,0.0,0
1411,0.4105406851202954,3,1.570460023640879,0,0.0,0
1412,0.7726700558718508,3,2.9569608407022203,0,0.0,0
1413,-0.1484560576255036,2,-0.569795650576205,0,0.0,0
1414,-0.3063919786895235,0,-1.1744919312013755,0,0.0,0
1415,0.2181862596856732,3,0.8339840855611649,0,0.060451006176230206,0
1416,0.5111795116813231,3,1.9557803719058375,0,-0.032040330646168666,0
1417,0.2172178798913125,3,0.8302764068017197,0,-0.08649064824115661,0
1418,-0.0575984657911211,2,-0.2219251504476095,0,0.06678941799773527,0
1419,0.37219091145171,3,1.42362854069527,0,0.06237860097549884,0
1420,-0.6971302011278443,0,-2.6705287302698224,0,0.05821966019467595,0
1421,0.1578888040205177,2,0.6031205370648047,0,0.0025092417315281906,0
1422,0.5757226046562007,3,2.2028993806722634,0,-0.026035786479303883,0
1423,0.3109253403365256,3,1.189058325546357,0,0.054029136848477155,0
1424,-0.0131280831369866,2,-0.0516594198413794,0,0.3581439431866697,0
1425,0.2849332210226509,3,1.089541143079079,0,0.26896927676454174,0
1426,0.4837827065735227,3,1.8508850065064475,0,0.2793322019994239,0
1427,0.5556784625463618,3,2.126155482890904,0,0.2793322019994239,0
1428,-0.1118666050198905,2,-0.4297039871239334,0,-0.10252141542549142,0
1429,-0.5989278450046858,0,-2.294537004662122,0,0.015562516349730268,0
1430,0.406693793832217,3,1.5557312599866155,0,-0.013968220575908309,0
1431,0.3077373782463415,3,1.176852433398953,0,0.026361330849774087,0
1432,0.2913623738398684,3,1.1141567262216017,0,0.04812287483235096,0
1433,-0.4428118865150756,0,-1.6968088956359664,0,0.019710935285598162,0
1434,-0.9086360090477468,1,-3.480330417676599,0,0.044125685191810655,0
1435,0.1388094178894802,2,0.5300704433791941,0,0.053606825713110005,0
1436,-0.3280710801981063,0,-1.2574956707003948,0,-0.06002447370368778,0
1437,0.5294971708610151,3,2.0259140077569837,0,-0.07611703127481016,0
1438,-0.3233066818367759,0,-1.2392540069350928,0,-0.02706886301589938,0
1439,0.523672827554449,3,2.0036140856693603,0,0.025376778663919946,0
1440,-0.1858957090636556,2,-0.7131425080867033,0,0.06845338887386278,0
1441,0.2927493582442524,3,1.1194671350568162,0,-0.19342786168136158,0
1442,-0.5019684828737734,0,-1.9233043853988607,0,-0.19342786168136158,0
1443,-0.5974654649483473,0,-2.288937925143221,0,0.07944288186156066,0
1444,0.4383748205066748,3,1.6770298149155225,0,0.17690207923765633,0
1445,0.1198923249651424,2,0.4576417289073868,0,0.1044825557106559,0
1446,0.0641824245651226,2,0.2443427571539291,0,0.08417167837640833,0
1447,-0.2930851824728405,0,-1.1235436090903874,0,0.010527330827736523,0
1448,0.3359916099735085,3,1.285030666205244,0,0.008477197971021812,0
1449,0.4918725263861626,3,1.8818588591846368,0,0.010527330827736523,0
1450,0.3638373932760212,3,1.391645054374092,0,0.04885400436577244,0
1451,0.4508232057309776,3,1.7246915007069006,0,0.05887158632525053,0
1452,0.291857637688751,3,1.1160529649324011,0,0.06470119121831862,0
1453,0.3188651608170469,3,1.219457869114768,0,0.06794297312205741,0
1454,-0.1154270309446259,2,-0.4433359481092765,0,-0.012336678364860326,0
1455,0.4864231263978713,3,1.860994499244489,0,0.0,0
1456,0.1493704538147882,2,0.5705059510240567,0,0.0,0
1457,-0.551556944024926,0,-2.1131659306256294,0,0.2314804234227253,0
1458,0.3303765839054463,3,1.2635321663320311,0,0.0,0
1459,0.2104679279279021,3,0.8044325657098739,0,0.0,0
1460,-0.0760766719215324,2,-0.2926734795446719,0,0.0,0
1461,-0.3064037868002445,0,-1.1745371414397183,0,-0.9711187564563958,0
1462,0.6406304717695905,3,2.4514150163956256,0,0.019135474191094966,0
1463,0.3645330791146949,3,1.3943086576651955,0,0.006076722218830089,0
1464,-0.5460639524827671,0,-2.09213466976571,0,0.12101881073156731,0
1465,0.4124635833774779,3,1.5778223096636237,0,-0.06501329942736782,0
1466,-0.1759948624842387,2,-0.6752346967333444,0,-0.08322879219062898,0
1467,0.1086526466448525,2,0.4146078729617994,0,-0.10040949368803329,0
1468,0.0747564372980447,2,0.284827949678873,0,-0.08297690027756265,0
1469,0.4432138480184551,3,1.6955572146261315,0,-0.08297690027756265,0
1470,0.6472838252308787,3,2.476889006508962,0,-0.08322088888200946,0
1471,0.224028301074719,3,0.8563517690837901,0,-0.08322088888200946,0
1472,-0.0647273124734695,2,-0.2492196825902738,0,0.011145274181159548,0
1473,0.48100468884581,3,1.840248686560096,0,0.032607811674722965,0
1474,-0.1866197118931156,2,-0.7159145298990118,0,0.021197666447205023,0
1475,-0.5311490936923502,0,-2.0350294870064385,0,-0.1530259534118983,0
1476,0.5850057177420883,3,2.2384420483430567,0,-0.09703603123586327,0
1477,-0.3679769174220162,0,-1.4102849233413457,0,-0.08275765882260556,0
1478,-0.0616543991255733,2,-0.2374542826759436,0,-0.13141309279521496,0
1479,-0.2431259479827988,0,-0.9322624675015582,0,-0.027626370552616724,0
1480,-0.3592647476700538,0,-1.3769282517893984,0,-0.04721190587368388,0
1481,0.1562089401143406,2,0.5966887674637016,0,-0.0366451065943034,0
1482,0.5433113521308136,3,2.078804977572159,0,-0.10645222656364503,0
1483,-0.0262959371197188,2,-0.1020757676457895,0,-0.2515049625813567,0
1484,-0.1902377799473431,2,-0.7297671878675135,0,-0.11020492908634553,0
1485,-0.4218590458859574,0,-1.6165858234456707,0,-0.23668195234515388,0
1486,0.0948681248039388,2,0.361830461520243,0,0.0722299297685318,0
1487,0.2033598245297183,2,0.77721745430125,0,-0.06417727829230326,0
1488,-0.5552206170194409,0,-2.1271931982559744,0,-0.06959938354456195,0
1489,0.4541361025463374,3,1.737375735989455,0,-0.003881756262301242,0
1490,0.1112101449207178,2,0.4243998802816173,0,-0.006513970985400158,0
1491,0.0924282181747315,2,0.3524886825644838,0,0.000790386740647802,0
1492,0.1717038482822525,2,0.6560148110555635,0,-0.02197682951132077,0
1493,0.307290149738984,3,1.1751401097352374,0,-0.00219856661313267,0
1494,0.4295797926202458,3,1.6433559007414156,0,0.0,0
1495,0.6246259672864225,3,2.3901378587419364,0,-0.03652132395941346,0
1496,0.1009132433398754,2,0.3849756755411713,0,-0.07012233766115535,0
1497,-0.5266546620310102,0,-2.0178214567443766,0,-0.042403462255468045,0
1498,0.2007467024081162,2,0.7672124774909929,0,-0.07281294929771776,0
1499,-0.5677911577043728,0,-2.175322586088806,0,0.15407597175198862,0
1500,0.2775350100400618,3,1.0612152838678708,0,-0.12696769496061136,0
1501,-0.3720206611089414,0,-1.42576738452441,0,0.0,0
1502,-0.7992560240226506,1,-3.061542407489216,0,-0.17196976492565322,0
1503,-0.252176751738516,0,-0.9669156821146672,0,-0.03521306241400412,0
1504,0.3675495479216304,3,1.4058579458568052,0,0.03466194570262342,0
1505,0.5015200244631514,3,1.918796663866378,0,-0.31772400483205837,0
1506,0.0211638290832782,2,0.0796355486206308,0,-0.09611457910958299,0
1507,0.0764992208874771,2,0.2915006226677947,0,-0.014060123683639018,0
1508,0.089728200833715,2,0.3421510061654944,0,-0.014060123683639018,0
1509,-0.6092668335188607,0,-2.3341223495148213,0,0.0,0
1510,-0.0335482934556489,2,-0.1298431866886536,0,-0.03641794391337261,0
1511,-0.0356142548240645,2,-0.1377532248039839,0,-0.03641794391337261,0
1512,0.1068608555731594,2,0.4077475628473512,0,0.0,0
1513,0.2639336333854822,3,1.0091390885413345,0,0.0,0
1514,0.0914337443364968,2,0.3486810963794778,0,0.0,0
1515,0.0309768956155054,2,0.1172072726058274,0,0.10477929259526038,0
1516,-0.2577762309708601,0,-0.9883546571269688,0,-0.02829164429466149,0
1517,-0.2579705284594942,0,-0.989098572557482,0,-0.02829164429466149,0
1518,0.1355631310191181,2,0.517641240553609,0,-0.00868003767250429,0
1519,-0.2692894116909148,0,-1.0324356838666706,0,-0.10547994871008586,0
1520,-0.34281812235889,0,-1.3139583264709824,0,-0.10547994871008586,0
1521,-0.4648135514433263,0,-1.7810476480365778,0,-0.1555011020977288,0
1522,0.2221758085547308,3,0.8492590486363073,0,-0.14593713004084255,0
1523,0.4377424353878316,3,1.6746085739039085,0,-0.07462089331831226,0
1524,0.2012264361978485,2,0.7690492555740722,0,0.018790284546533895,0
1525,-0.6051479627186793,0,-2.3183522458141206,0,-0.052186904624263016,0
1526,-0.4133342326751786,0,-1.5839464922102344,0,-0.17498363070278056,0
1527,0.0780089298463103,2,0.2972809124592659,0,-0.1201222619245266,0
1528,-0.1722503275345224,2,-0.6608978293411151,0,-0.08180455560560994,0
1529,0.0932167078123018,2,0.3555076078851964,0,0.015467092178684977,0
1530,-0.5070786295788196,0,-1.9428698312149384,0,-0.0027570005923509507,0
1531,-0.2556116378052505,0,-0.9800669830659158,0,-0.005788140582477655,0
1532,0.3266461061125715,3,1.249249120200988,0,0.0069394376718879235,0
1533,0.023866928157866,2,0.0899850241899157,0,0.0069394376718879235,0
1534,0.5258804978023687,3,2.012066690870065,0,0.00586596253778425,0
1535,-0.520590400542005,0,-1.994602949248204,0,-0.05187768293057403,0
1536,0.3337877892439944,3,1.2765927998267548,0,0.07470900164632037,0
1537,-0.177184460882692,2,-0.6797893649945992,0,0.052596531491956276,0
1538,-0.1668852364598643,2,-0.6403562666858028,0,0.04613483059506553,0
1539,0.1754462827038105,2,0.6703436360622725,0,0.18617298285938122,0
1540,0.3391486967679601,3,1.2971183447355883,0,0.05179784545015505,0
1541,0.1915409644045195,2,0.7319660592367933,0,0.13349613111934275,0
1542,0.4014771452903415,3,1.5357580458542703,0,-0.07249839546636459,0
1543,0.3883589152776081,3,1.4855316955493902,0,0.0,0
1544,0.284339334468406,3,1.0872673032328566,0,-0.33287899425101164,0
1545,0.0374499660262781,2,0.1419910049907637,0,-0.33287899425101164,0
1546,-0.2520389133479255,0,-0.966387934142224,0,-0.519835057015812,0
1547,0.5049351571783487,3,1.9318723342826356,0,-0.20443204457900888,0
1548,0.3663510899608154,3,1.4012693565953624,0,-0.018038198715718285,0
1549,-0.2138469573630486,0,-0.820160694776622,0,-0.025402718038297103,0
1550,-0.0154216846309097,2,-0.0604410338229728,0,-0.022582464831092722,0
1551,0.0220420280477481,2,0.0829979480284803,0,-0.11502168003792551,0
1552,0.3411383740860499,3,1.3047363107169023,0,-0.0017767736941543821,0
1553,-0.0988874854709294,2,-0.3800102552346259,0,-0.01120705580012098,0
1554,-0.2473745409921158,0,-0.9485292443900324,0,-0.04969918770872061,0
1555,-0.2026175029379359,2,-0.7771659835129126,0,0.02101435668322083,0
1556,-0.1984538907505207,2,-0.7612245764743264,0,-0.006795040516249731,0
1557,-0.0928545224524975,2,-0.3569115815838347,0,-0.023471280722636358,0
1558,0.4996757488249037,3,1.911735403759224,0,-0.020447816570664027,0
1559,0.130049731457003,2,0.4965318426006253,0,-0.04766951651587629,0
1560,0.3457008190775497,3,1.3222047466390796,0,-0.03798480394794802,0
1561,0.1251824869382826,2,0.4778964071814057,0,-0.030375524686568664,0
1562,0.1587493575995244,2,0.6064153768010615,0,-0.03826971623605373,0
1563,0.3874988887051264,3,1.4822388735864391,0,0.04277809203136394,0
1564,0.0848035678939049,2,0.3232958451477534,0,-0.004595932380599216,0
1565,0.3482323603298821,3,1.3318973711492064,0,0.04237181006477499,0
1566,-0.3938540937355406,0,-1.509362018434406,0,-0.03152240370169835,0
1567,0.0678777220836087,2,0.2584911070047918,0,0.05879612521679952,0
1568,0.2219372284593275,3,0.8483455864210641,0,0.022559305071061308,0
1569,0.0423940567587035,2,0.1609206649239155,0,0.022559305071061308,0
1570,0.5103566615970789,3,1.9526298892157543,0,-0.009033530184950218,0
1571,0.044658743338216,2,0.1695915710875478,0,-0.02291379493780714,0
1572,0.0990627530460572,2,0.3778906211060168,0,0.01404332449953071,0
1573,-0.149350611588177,2,-0.5732206690925935,0,0.10520803663409765,0
1574,0.3061935078675517,3,1.1709413482605493,0,0.22889565902700007,0
1575,0.2919478437755995,3,1.1163983409864338,0,0.006218139708528771,0
1576,0.6531499777630415,3,2.4993490054368874,0,0.013932062118769711,0
1577,0.4900951072644448,3,1.8750535755938376,0,0.1060099304419538,0
1578,0.4693010789140819,3,1.7954385550338103,0,0.07193165642398927,0
1579,0.1306636842392077,2,0.4988825109057044,0,0.07193165642398927,0
1580,0.057962691062332,2,0.2205289870484403,0,0.03796093328643736,0
1581,0.0139790463154476,2,0.052126851501336,0,0.05847831794162703,0
1582,-0.4649256021158456,0,-1.7814766614266762,0,0.06728318953680332,0
1583,0.0831373940150572,2,0.3169164911627558,0,0.04399417361048365,0
1584,0.6163819510073713,3,2.3585736271993545,0,-0.06984588592227484,0
1585,-0.0125185429110392,2,-0.0493256460865639,0,0.029659714514906402,0
1586,0.00321455001163,2,0.0109123460622386,0,0.07598856791661437,0
1587,0.2047149916796546,2,0.7824060430002059,0,0.13941649836342895,0
1588,-0.6439270291924312,0,-2.466827381203293,0,0.027117808308805544,0
1589,0.4022444613561978,3,1.5386959029798772,0,0.01808309126451411,0
1590,0.4989238048829043,3,1.90885640256746,0,-0.01277563076398975,0
1591,-0.0775330947830988,2,-0.2982497504871746,0,-0.009065806776463481,0
1592,0.2853092065881162,3,1.0909806957246957,0,-0.031100342138732626,0
1593,0.058571562386018,2,0.2228601997474372,0,-0.016114372572086064,0
1594,0.4914385812277813,3,1.880197394069541,0,-0.04918121479054083,0
1595,0.6331404768752802,3,2.422737740042167,0,-0.04918121479054083,0
1596,-0.2352570150904204,0,-0.902134334392552,0,0.12930467214218208,0
1597,0.1536374155261294,2,0.5868430569783893,0,0.027531799194808484,0
1598,-0.0910839529739578,2,-0.3501325235263113,0,0.03210729710245717,0
1599,0.0078584230344554,2,0.0286925491071167,0,-0.41901753922848783,0
1600,-1.7534946495258683,1,-6.715078245208946,0,0.0,0
1601,-0.9124396094591696,1,-3.4948934316272977,0,-0.1932262457204782,0
1602,0.462983905465113,3,1.7712517122755551,0,-0.1716644032273352,0
1603,-0.2715840588067776,0,-1.0412213012674585,0,-0.18264005521106663,0
1604,0.5267536265120432,3,2.015409677568026,0,-0.18264005521106663,0
1605,0.4111120802213464,3,1.5726477494605988,0,-0.07620028276984697,0
1606,0.0107630594653859,2,0.0398136597101949,0,-0.0737145455206494,0
1607,0.185825288425399,2,0.710082196575608,0,-0.0737145455206494,0
1608,0.0201329480139624,2,0.0756885684518226,0,-0.0737145455206494,0
1609,-0.293064941560257,0,-1.1234661118087477,0,-0.0737145455206494,0
1610,0.1292681815430004,2,0.4935394877079803,0,-0.0798265109494768,0
1611,0.2250201945619933,3,0.860149475764387,0,0.04539364241774854,0
1612,0.1186555666325922,2,0.4529064973103764,0,0.20804286813558384,0
1613,-0.6748845843503232,0,-2.5853559485811832,0,0.20804286813558384,0
1614,-0.1308753290751078,2,-0.5024835337791923,0,0.16002362701670986,0
1615,0.3750743683599434,3,1.4346685603184497,0,-0.17418026421471228,0
1616,0.2689362525565175,3,1.0282928389087571,0,0.05850035271916385,0
1617,0.2295984717284684,3,0.877678529038572,0,-0.024619238461139434,0
1618,0.1010974017397184,2,0.3856807709917864,0,0.022220807559377248,0
1619,-0.3468848411650228,0,-1.3295287535141131,0,0.09999689925566502,0
1620,-0.2296997450055101,0,-0.880856967419065,0,0.13326390830922313,0
1621,-0.0695115907168912,2,-0.2675374613437236,0,0.1076262381156039,0
1622,-0.478451334239801,0,-1.8332632331767011,0,0.06884462564792838,0
1623,0.2954291732583208,3,1.1297274619087028,0,-0.09693094846493533,0
1624,0.5452038248315932,3,2.0860507719148043,0,0.1182412045578047,0
1625,0.288046421929062,3,1.101460793759323,0,0.10295604376201765,0
1626,0.3161180943185249,3,1.2089400535152823,0,0.04380389401068281,0
1627,0.1830117337851071,2,0.6993098148725846,0,0.03775308797456304,0
1628,-0.0416253769770421,2,-0.1607682753624677,0,0.03775308797456304,0
1629,0.1180589720790405,2,0.4506222892268481,0,0.03813439642607973,0
1630,0.1649531292184807,2,0.6301680329324695,0,0.05843898582399967,0
1631,0.2371252682333154,3,0.9064967093539832,0,0.06522817256133806,0
1632,0.0268243812984991,2,0.1013083564769333,0,0.019912997294316313,0
1633,-0.6041891106179064,0,-2.3146810461585843,0,0.00973845092777957,0
1634,0.1151549880375025,2,0.4395036764560325,0,0.00973845092777957,0
1635,-0.3924610957188451,0,-1.5040285850144524,0,-0.032515242867820204,0
1636,-0.4781475596453063,0,-1.832100157885141,0,-0.16691653147231555,0
1637,0.6153914435686378,3,2.3547812273444104,0,-0.004925348122466495,0
1638,-0.1511066060235864,2,-0.5799439230346785,0,0.012408283685625379,0
1639,-0.5421244583305824,0,-2.0770513534098,0,-0.02411387510760689,0
1640,-0.2227971150313831,0,-0.8544285612416354,0,-0.23746874704458448,0
1641,-0.4892374667622399,0,-1.874560578167681,0,-0.2252285927572457,0
1642,-0.0962524824322552,2,-0.3699215019846519,0,-0.018021596818903515,0
1643,0.0519823723036114,2,0.1976318748146411,0,-0.015602499167134666,0
1644,-0.2078496755279372,0,-0.7971986352583016,0,-0.01867734886113794,0
1645,-0.1125691996670847,2,-0.4323940424772897,0,-0.011399843785310443,0
1646,0.1743260040754046,2,0.6660543754855967,0,-0.0010129375954056428,0
1647,-0.4606981771783032,0,-1.7652909316754448,0,0.04143818846575183,0
1648,-0.4692990862460477,0,-1.7982216145006154,0,-0.15069716409431583,0
1649,0.2988045954178082,3,1.1426510907553316,0,-0.33435285213990423,0
1650,0.1497919734462947,2,0.5721198419721404,0,-0.18572859163396366,0
1651,-0.1745127746448155,2,-0.6695601611494114,0,-0.10565492184560639,0
1652,-0.436169990579178,0,-1.6713787734593355,0,-0.0037333408901137808,0
1653,0.3645121749618122,3,1.3942286210059436,0,0.010907045952395914,0
1654,-0.1545698679571847,2,-0.5932038679285875,0,-0.09053721001721814,0
1655,-0.6869007396895302,0,-2.631362736600531,0,-0.048995087910908175,0
1656,-1.1789277268108365,1,-4.515208330908738,0,-0.02737009827736248,0
1657,0.5792676776520487,3,2.2164725592163963,0,0.043468754098185514,0
1658,0.4348518081031709,3,1.663541100741806,0,0.0897495397781121,0
1659,-0.1248536653769483,2,-0.479428122338139,0,0.10676724999459225,0
1660,0.3848337338108796,3,1.4720346765868997,0,0.1394674918011217,0
1661,0.3056756738795293,3,1.1689586942548689,0,0.13600749121199157,0
1662,0.4651487190728834,3,1.7795402303533072,0,-0.011625266678439798,0
1663,-0.1854945368392175,2,-0.7116065221604267,0,-0.0939521999478454,0
1664,-0.1601500555158768,2,-0.6145689800525365,0,-0.024327386260292534,0
1665,-0.1872922191891223,2,-0.7184893884736089,0,-0.0019039042725653103,0
1666,0.2807819463178925,3,1.0736469731086946,0,0.04984574363564138,0
1667,0.1443084531432874,2,0.551124844066521,0,0.059544194698302966,0
1668,0.5034847666186995,3,1.926319159482596,0,-0.060553241042007606,0
1669,0.1610533887109943,2,0.615236923122913,0,-0.0696525596109947,0
1670,-0.0972395852421642,2,-0.373700866385893,0,-0.07990013419959141,0
1671,0.4309750021891413,3,1.6486978016295726,0,-0.061624490677615947,0
1672,-0.063388025515065,2,-0.2440918950864496,0,-0.021600240296606798,0
1673,-0.2001311944636628,2,-0.7676465437505652,0,0.008409229844477102,0
1674,0.3493519140481365,3,1.3361838562301658,0,-0.06866952683200751,0
1675,-0.130752899365206,2,-0.5020147817073589,0,0.050976879723300055,0
1676,-0.3296657205773813,0,-1.263601141196188,0,0.024410352678609443,0
1677,0.1139965823943833,2,0.4350684372835238,0,-0.012224495592470904,0
1678,0.2087857653088863,3,0.7979919949247565,0,0.08317097779621564,0
1679,-0.3940883962859366,0,-1.510259103022959,0,0.10791435646398068,0
1680,0.2461065426692251,3,0.9408837139700332,0,0.07727335002408646,0
1681,0.5046153087034435,3,1.9306477162107247,0,0.057051040737844415,0
1682,-0.223776897013896,0,-0.8581798960656425,0,-0.04664127895701412,0
1683,-0.1872037642772043,2,-0.7181507172208659,0,-0.1456930170867132,0
1684,-0.6173442797257146,0,-2.3650488268185788,0,-0.2514681425776564,0
1685,-0.047176308812539,2,-0.1820213747987145,0,0.045818607079743764,0
1686,-0.1153925895217118,2,-0.4432040807025757,0,0.04734429623408407,0
1687,0.3237413665159998,3,1.2381276146030338,0,0.05906667903514937,0
1688,0.1051955464468439,2,0.4013715197788086,0,-0.09605118815256786,0
1689,0.2588875919059756,3,0.9898190852515124,0,0.07715695452316179,0
1690,-0.3562899172912317,0,-1.365538386498175,0,0.07083474778513393,0
1691,0.0001968727184908,2,-0.0006415691142119,0,0.06782413358905588,0
1692,0.2696883428240043,3,1.0311724003434184,0,0.06208934747690657,0
1693,0.297245533369719,3,1.13668184059747,0,0.06819084838116879,0
1694,-0.3439347906806193,0,-1.3182337641060216,0,-0.008034524318832588,0
1695,-0.1623564910562771,2,-0.6230168578736842,0,-0.03693730976238821,0
1696,-0.2627295244357891,0,-1.0073195519710834,0,-0.03365264727921711,0
1697,0.7544930186135217,3,2.887365610251503,0,-0.07467103568185521,0
1698,-0.2181646695225781,0,-0.8366921112275968,0,0.030107790784392248,0
1699,0.2640729584279265,3,1.009672528523806,0,-0.0514206038933551,0
1700,-0.1660998557608234,2,-0.6373492446962181,0,0.06806325169119087,0
1701,-0.0152833501388398,2,-0.0599113864047457,0,-0.015465841441541032,0
1702,0.0779763257670337,2,0.2971560797718129,0,-0.019576681818532598,0
1703,0.2788528437528161,3,1.066260932376559,0,-0.046336048982298504,0
1704,-0.2379406908149008,0,-0.9124094429179872,0,0.12044830779720418,0
1705,0.1255735844389564,2,0.4793938195650231,0,0.12053643618105327,0
1706,-0.1536273908202248,2,-0.5895953638248068,0,0.09606126931043801,0
1707,0.1425556183962733,2,0.5444136877638308,0,0.0738941777139345,0
1708,-0.1671952094153495,2,-0.6415430739175805,0,-0.049866102162077874,0
1709,0.3345348893049057,3,1.2794532550357047,0,-0.049866102162077874,0
1710,-0.125731726212292,2,-0.4827899928848639,0,-0.049866102162077874,0
1711,0.1522494695156517,2,0.5815289663991839,0,-0.08782483417113972,0
1712,0.5749385731604226,3,2.199897524437178,0,-0.1684102740211697,0
1713,-0.2263489933230427,0,-0.8680277955243113,0,-0.12008617635255603,0
1714,-0.2112471801315796,0,-0.8102068121403465,0,-0.09469362497300202,0
1715,-0.1076937355967146,2,-0.4137271364953415,0,-0.05523862910668608,0
1716,0.2353966413247568,3,0.8998782386783336,0,-0.05528031748417941,0
1717,0.2135799108938127,3,0.8163475532071909,0,-0.0091207445147156,0
1718,-0.1321398902693547,2,-0.5073252154285116,0,-0.015804584498084827,0
1719,-0.0783698683126761,2,-0.3014535424912484,0,0.01679141080373224,0
1720,0.034638262584786,2,0.1312257110548638,0,-0.02250370888805261,0
1721,0.024524388661085,2,0.092502272440194,0,-0.0027267918701638,0
1722,0.3084688855760457,3,1.179653188024893,0,-0.024441408161164024,0
1723,-0.2593754451436293,0,-0.9944776395092008,0,0.00801550412348355,0
1724,0.0694236616958003,2,0.26441011470909,0,-0.0016447129396041473,0
1725,0.0801236503757105,2,0.3053776369414163,0,-0.00027476112991460224,0
1726,-0.2391754595950915,0,-0.9171370570274509,0,0.0013192401167153862,0
1727,0.0777507673322126,2,0.2962924741672041,0,0.01102568903387932,0
1728,-0.2340269843792457,0,-0.8974248611385189,0,-0.0020762510485801003,0
1729,-0.2548586704869974,0,-0.977184063628004,0,0.0157866529284395,0
1730,0.173663117945114,2,0.6635163538958011,0,-0.008179960015974097,0
1731,-0.3791450762629612,0,-1.453044949477598,0,-0.030967371706855727,0
1732,0.069504260702437,2,0.2647187077081176,0,-0.012349256176415437,0
1733,0.3205693534391793,3,1.2259827871519675,0,-0.0030105780274601378,0
1734,-0.4873379383581801,0,-1.8672877693402885,0,-0.017475999585148724,0
1735,-0.64265435601328,0,-2.461954640836824,0,-0.01671032228124453,0
1736,-0.1828441255028297,2,-0.7014587744761565,0,0.01841110029273407,0
1737,-0.1011931779407351,2,-0.3888381624729787,0,-0.025716193255860886,0
1738,0.0271249266931074,2,0.1024590679873628,0,0.06657697142785099,0
1739,0.2148053758018535,3,0.8210395451678325,0,0.06430390600826705,0
1740,0.0961887930552077,2,0.3668869627525266,0,0.05840906590873986,0
1741,-0.1452321068276643,2,-0.5574519668642408,0,0.05840906590873986,0
1742,0.1420731234019411,2,0.5425663377339748,0,0.045630478261562205,0
1743,0.0345058440775394,2,0.1307187144306727,0,0.048792397595607946,0
1744,0.0740225602246743,2,0.2820181219100322,0,0.05772649382683622,0
1745,-0.2745374366844239,0,-1.0525290304139483,0,0.05772649382683622,0
1746,-0.0436390439671529,2,-0.1684780916672972,0,0.039791917184805514,0
1747,-0.3922872610215965,0,-1.5033630163828096,0,0.03815047570705105,0
1748,-0.005241139315658,2,-0.0214623274881847,0,0.03677470722460402,0
1749,0.1663765525674607,2,0.6356179571744303,0,0.03732503839603293,0
1750,0.047802754790802,2,0.1816291874753426,0,-0.05085507793457637,0
1751,0.5077367233800867,3,1.9425988153181275,0,0.0,0
1752,0.107292464675807,2,0.4094000838020312,0,0.18476841245658432,0
1753,0.1701794861241706,2,0.6501784179088506,0,-0.08469526210368351,0
1754,-0.0762338821424151,2,-0.2932753973047583,0,-0.06468533562962461,0
1755,-0.2605302565725526,0,-0.9988991173540684,0,0.10744377055077632,0
1756,-0.0390073163387476,2,-0.150744390233852,0,0.0018917146948012266,0
1757,0.1043686146614213,2,0.3982054092980074,0,0.0018917146948012266,0
1758,-0.0180126019488046,2,-0.0703609941143578,0,0.05629338652732795,0
1759,-0.1552798108421463,2,-0.5959220578064846,0,0.04837400010272569,0
1760,-0.0434949575371446,2,-0.1679264215486342,0,0.07144734695103279,0
1761,0.1272263016717332,2,0.4857216514911124,0,0.03564927354795728,0
1762,0.0685405364913064,2,0.2610288539871081,0,0.03978242212750521,0
1763,-0.1539381775812161,2,-0.5907852869098964,0,-0.0002891325861587183,0
1764,0.0145160148050004,2,0.0541827666234813,0,0.2202158608985803,0
1765,-0.4099261722597226,0,-1.570897899822333,0,0.2202158608985803,0
1766,-0.4312985358813002,0,-1.65272721834005,0,-0.8163597972572643,0
1767,0.0648561621239407,2,0.2469223260904325,0,-0.08414367551494355,0
1768,0.0832329923012213,2,0.31728251256997,0,0.0,0
1769,0.0193623262543555,2,0.0727380546696269,0,0.0,0
1770,-0.1588508188587921,2,-0.6095945349174583,0,-0.12805443701959865,0
1771,0.6786623017222235,3,2.5970291741045863,0,-0.3738144321880332,0
1772,-0.1004829007554111,2,-0.3861186926444257,0,-0.3738144321880332,0
1773,0.1007785172553578,2,0.3844598437933196,0,-0.3738144321880332,0
1774,0.0191115827268948,2,0.0717780217814481,0,-0.3738144321880332,0
1775,-0.1462909184353588,2,-0.5615058859267452,0,-0.3738144321880332,0
1776,0.1907404590227565,2,0.728901128702236,0,-0.3738144321880332,0
1777,-0.2428853834597698,0,-0.9313414074200642,0,0.04036812954853139,0
1778,0.0051544226511365,2,0.0183396226570329,0,0.04036812954853139,0
1779,0.1695841897096431,2,0.6478991800679011,0,0.04036812954853139,0
1780,0.4287132288327032,3,1.6400380494526068,0,0.04036812954853139,0
1781,0.2558086677575266,3,0.9780306715179484,0,-0.281905393541862,0
1782,0.0118515142290315,2,0.0439810748414144,0,-0.4726033030574201,0
1783,-0.0033928072881488,2,-0.014385536503174,0,0.027192398334162565,0
1784,0.0799343716801119,2,0.3046529371868641,0,-0.4726033030574201,0
1785,0.2672363422866273,3,1.0217843169039218,0,-0.4726033030574201,0
1786,-0.1110100552286031,2,-0.4264244768676707,0,0.14320084343569442,0
1787,0.2669386726441235,3,1.0206446159133908,0,0.07003813769174275,0
1788,-0.0718511285663096,2,-0.2764949538912969,0,0.01556400817885828,0
1789,0.1342783828083338,2,0.5127222679768373,0,0.08703765832165669,0
1790,0.4082148171404264,3,1.5615548695304229,0,-0.0018133742794041242,0
1791,-0.0522410443289574,2,-0.2014129527785392,0,-0.022926247072057832,0
1792,0.1480870812437332,2,0.5655922454202582,0,0.03252213069750886,0
1793,-0.1126117074162632,2,-0.4325567937858762,0,0.029905137062702425,0
1794,-0.1041811815263362,2,-0.4002784646064957,0,0.06360775633378649,0
1795,-0.3284773017177501,0,-1.2590509890876471,0,0.08656315059902252,0
1796,0.2414866573925302,3,0.9231953538749288,0,-0.1157617254754683,0
1797,-0.0713181369157175,2,-0.2744542650692356,0,-0.1157617254754683,0
1798,-0.0860580933894958,2,-0.3308897915550541,0,0.06944654844031184,0
1799,-0.3707267764765845,0,-1.420813430924284,0,0.08206271588499214,0
1800,-0.0138863729842928,2,-0.0545627178828428,0,-0.03560313782261861,0
1801,-0.1559232083880635,2,-0.5983854625870968,0,-0.10332334823554372,0
1802,0.1856478791331747,2,0.7094029417333045,0,-0.0037164493547201735,0
1803,-0.0502166694209812,2,-0.1936621385926522,0,0.08349027288412264,0
1804,0.0723359922537038,2,0.2755606841580844,0,-0.027006323250520867,0
1805,0.3817124911358723,3,1.4600842360298056,0,-0.0055939974812366,0
1806,0.1353036969396017,2,0.5166479337625125,0,0.03883988437318482,0
1807,-0.0675259779283001,2,-0.2599350574071541,0,0.03580091693338725,0
1808,0.26308437485085,3,1.005887494643496,0,0.14716973102841935,0
1809,-0.0283998115927949,2,-0.1101309653500259,0,-0.0024731548577552123,0
1810,-0.0842639083378338,2,-0.3240203155030958,0,0.05499462904197374,0
1811,0.0450351912036755,2,0.1710328937616997,0,0.0013746431225857881,0
1812,0.2946079965750992,3,1.1265833862434909,0,0.0051211120654001685,0
1813,0.0475621046529399,2,0.1807077995965319,0,-0.1534336349056152,0
1814,0.2097445284713332,3,0.8016628540581705,0,0.026058455744705004,0
1815,0.4053374517963355,3,1.5505381729496226,0,-0.036747192657640884,0
1816,0.0543145223327135,2,0.2065610812862094,0,0.01725056445561676,0
1817,0.0950591397261557,2,0.3625618088428174,0,0.01725056445561676,0
1818,0.2892175034844712,3,1.105944565760612,0,0.033615972925152365,0
1819,0.1513350286864357,2,0.5780278061529692,0,-0.05696678684466724,0
1820,-0.1366552979581168,2,-0.5246135575390688,0,-0.05077256946387061,0
1821,-0.4273418020891266,0,-1.637577895808278,0,0.0010410105965676768,0
1822,0.1251881708000815,2,0.477918169235701,0,-0.08315469880633246,0
1823,0.3161638756564553,3,1.2091153385586215,0,-0.026818309000763717,0
1824,-0.2777019408903861,0,-1.064645108317419,0,-0.031838683668835514,0
1825,0.0083203764942314,2,0.0304612508506246,0,-0.028838100223715267,0
1826,-0.1931081402725689,2,-0.7407570640212385,0,-0.014042517783419002,0
1827,0.3930618272223883,3,1.5035379435388103,0,-0.1141154336353775,0
1828,-0.2088144434363335,0,-0.8008924850294205,0,-0.09677133194467014,0
1829,-0.207088680834602,0,-0.7942849810526271,0,0.059752425934665725,0
1830,0.2727959921219048,3,1.0430707953334102,0,0.09494975103621753,0
1831,0.5006621876210756,3,1.9155122258215576,0,0.0978499447730805,0
1832,-0.1219665395234897,2,-0.4683740552613057,0,-0.02411957576986299,0
1833,0.1054585266135743,2,0.4023784036316313,0,-0.05056096866770801,0
1834,0.4908229010204714,3,1.877840111895184,0,-0.008421324731217022,0
1835,0.1524895233501264,2,0.5824480711847119,0,-0.013269434704259753,0
1836,0.1098767348189009,2,0.419294593759814,0,0.01667598997977552,0
1837,-0.0533337129314857,2,-0.2055965016219775,0,0.02010653421733847,0
1838,-0.1988246610258253,2,-0.7626441611067052,0,0.07448609997520919,0
1839,0.8638485924186722,3,3.306060156116095,0,-0.013435129377944645,0
1840,-0.0184864190530162,2,-0.0721751187206098,0,-0.07483447599965574,0
1841,0.0480784852625691,2,0.1826848889877617,0,-0.0749465830992029,0
1842,0.1649283820568385,2,0.6300732823747732,0,-0.0938083567837447,0
1843,-0.1143899113695597,2,-0.4393650822962238,0,-0.094353543873335,0
1844,0.0837818047702639,2,0.3193837752628077,0,-0.06292368403564147,0
1845,-0.5228140051639881,0,-2.0031165630951078,0,-0.16149511881463482,0
1846,-0.6637526962704166,0,-2.542734793919815,0,-0.1661201380941404,0
1847,0.2665550937434748,3,1.0191759903278628,0,-0.09150769000058893,0
1848,-0.2041020363785732,0,-0.7828498826789115,0,0.1874657157724043,0
1849,-0.1550180274338134,2,-0.5949197560357297,0,-0.017117779020735795,0
1850,0.4607080200139392,3,1.7625379284942466,0,-0.17239070888252,0
1851,-0.140171643825226,2,-0.5380767472485887,0,-0.09057796742388162,0
1852,0.3316684750663898,3,1.2684784874395545,0,0.1507200057938623,0
1853,-1.1070832840926783,1,-4.240134319863157,0,-0.03288355995771097,0
1854,-0.3357406507535556,0,-1.2868604963691077,0,0.14186700696744417,0
1855,0.0628572119829156,2,0.2392688568398047,0,-0.08624042720082768,0
1856,0.0387236756795413,2,0.1468677137517328,0,-0.11205104333894522,0
1857,-0.2073301267160727,0,-0.7952094156303594,0,-0.03109404644191923,0
1858,0.2053616404225505,2,0.7848818957831936,0,-0.0979972140432372,0
1859,-0.0236310167048414,2,-0.0918724684078333,0,-0.1642324160509498,0
1860,0.0141246225640373,2,0.0526842257546185,0,-0.0056150260680622455,0
1861,-0.0445687388151228,2,-0.1720376556530984,0,-0.1269504501276836,0
1862,-0.2721875576313722,0,-1.0435319440403974,0,-0.06240089509936989,0
1863,-0.4661632584012319,0,-1.7862153310556206,0,0.05197465250444297,0
1864,0.2925151600524201,3,1.1185704500305342,0,-0.07146340253965584,0
1865,-0.3255047107313146,0,-1.2476696978575867,0,-0.03484686524058148,0
1866,0.0379550509655111,2,0.1439248461466979,0,-0.14431483360284444,0
1867,0.0044381562892373,2,0.0155972218019307,0,-0.03673694360096844,0
1868,-0.1488142598660375,2,-0.5711671154152559,0,0.0410605075232445,0
1869,-0.3178398663484252,0,-1.2183229674958145,0,-0.016775296526615194,0
1870,0.0139529323143628,2,0.0520268676647151,0,-0.018318463932017262,0
1871,0.0655084933845533,2,0.2494199357815684,0,0.03202330601486422,0
1872,0.0015082878311545,2,0.004379504215027,0,-0.014149909814333561,0
1873,-0.6285118713319389,0,-2.4078066811580445,0,0.04582911815388198,0
1874,-0.8477456746358537,1,-3.247196887971413,0,-0.07094575159078514,0
1875,-0.0470873925829545,2,-0.1816809372785181,0,0.0363933635956693,0
1876,0.1991115233290223,2,0.7609517946734129,0,-0.0978581724221443,0
1877,-0.0856146247384545,2,-0.3291918634203278,0,0.19686647951849168,0
1878,0.155107632844945,2,0.5924721433724727,0,0.0024321635174343395,0
1879,-0.172809144860848,2,-0.66303739807571,0,0.01333500838962362,0
1880,0.0355531122124503,2,0.1347284364858674,0,0.01333500838962362,0
1881,-0.1045555246688873,2,-0.4017117288345013,0,0.01333500838962362,0
1882,-0.0536257935538357,2,-0.2067148036826351,0,0.020592312267749168,0
1883,-0.1292798625361285,2,-0.4963749001290196,0,0.12212390484913058,0
1884,0.3218197416561271,3,1.230770204093167,0,0.17441186766913358,0
1885,0.4170627560360286,3,1.5954313664370428,0,0.144169146855895,0
1886,0.6302297200691976,3,2.411593196086716,0,-0.02426549018347817,0
1887,-0.0753069326621075,2,-0.2897263446301469,0,-0.1091975619615258,0
1888,-0.0751667682986122,2,-0.289189691101863,0,-0.1091975619615258,0
1889,-0.5033424527626765,0,-1.9285649649802084,0,0.0,0
1890,0.034165141657056,2,0.1294142519304491,0,0.2348411580188367,0
1891,-0.1593733342731836,2,-0.6115951129083498,0,0.2348411580188367,0
1892,0.2352209534902212,3,0.8992055748575949,0,0.0,0
1893,0.1285668869836893,2,0.4908544100588862,0,0.014566872757610528,0
1894,0.0341621132014473,2,0.1294026567478566,0,0.13903007588941865,0
1895,0.3316739633067427,3,1.2684995005093247,0,0.02479948962609622,0
1896,-0.0244904849119348,2,-0.095163152532405,0,-0.006965601036736649,0
1897,-0.3837702205696471,0,-1.470753445054573,0,0.04894757413318015,0
1898,-0.1539071478090047,2,-0.5906664818418761,0,-0.004834528157547977,0
1899,0.0784594327913155,2,0.2990057731079396,0,0.020483033993910972,0
1900,0.1043138708043048,2,0.3979958090591107,0,-0.11416248660095346,0
1901,-0.0828528259155022,2,-0.3186176415155005,0,-0.08118334130517843,0
1902,0.1050643148805157,2,0.400869067648067,0,-0.10262607465273374,0
1903,-0.2761732730010429,0,-1.0587922296260526,0,-0.06639826409706438,0
1904,0.4282837406161766,3,1.6383936488288833,0,-0.06639826409706438,0
1905,0.28695242125992,3,1.0972721447732354,0,-0.06639826409706438,0
1906,-0.0852786802764493,2,-0.3279056179272026,0,-0.051996161527800955,0
1907,0.0917932819076837,2,0.3500576738583502,0,0.09705191463856397,0
1908,0.1199575635089815,2,0.4578915106197873,0,0.22841647995242942,0
1909,-0.0866462963272171,2,-0.3331418702860776,0,0.0777719536519668,0
1910,0.0790543979950432,2,0.3012837428273784,0,-0.03868208946225909,0
1911,-0.2078355694553628,0,-0.7971446267112752,0,-0.0177718845249231,0
1912,-0.2015913910384637,2,-0.7732372632766559,0,-0.2242772847388459,0
1913,0.0221649356119975,2,0.083468529682493,0,0.10500455481450638,0
1914,0.6219630201869722,3,2.379942114824462,0,0.07488726440143316,0
1915,-0.3091237702844425,0,-1.1849512630985253,0,0.027884108589613397,0
1916,-0.1023147542394586,2,-0.3931323914976765,0,0.0338658344347327,0
1917,0.2884642211320794,3,1.1030604401374915,0,0.10307364458438811,0
1918,0.2191504613226895,3,0.8376757672238826,0,-0.02016321093437813,0
1919,0.2135568967076193,3,0.8162594377696196,0,0.060460506930710305,0
1920,-0.126753667515133,2,-0.4867027449724317,0,0.20726259760032634,0
1921,0.0949416521427377,2,0.3621119789103115,0,-0.017426019957013664,0
1922,0.1939605622881241,2,0.7412300811956177,0,0.20726259760032634,0
1923,-0.1087397757055476,2,-0.4177321567525105,0,0.08731457634658825,0
1924,-0.0066941362343561,2,-0.0270254813709572,0,0.12070493139845177,0
1925,-0.2789967350872674,0,-1.0696025444076662,0,0.03508353374584398,0
1926,-0.2910717773411465,0,-1.115834795374517,0,0.016255730173196238,0
1927,-0.2009633303659689,2,-0.7708325794649815,0,0.01039822293677099,0
1928,0.4235924785821402,3,1.6204320053705217,0,0.008943291291204131,0
1929,-0.0155391883603506,2,-0.0608909255744742,0,0.00626142562873259,0
1930,-0.2166798720135244,0,-0.8310072010111149,0,-0.01984868597580439,0
1931,0.0574679820171645,2,0.2186348725392833,0,0.010055473683893347,0
1932,0.2212500380233912,3,0.8457145098560093,0,-0.022813336236056636,0
1933,0.0708983885697006,2,0.2700564670371588,0,-0.022431806223591748,0
1934,0.2245341134511736,3,0.8582883954109464,0,0.017499752745550833,0
1935,0.3694444484351124,3,1.413113035673851,0,0.13597703926973861,0
1936,0.2605829774280499,3,0.9963102831532772,0,0.002903762752523261,0
1937,0.0343093506570793,2,0.1299663913383762,0,-0.047974212555112965,0
1938,0.1833018896153723,2,0.7004207473962375,0,-0.014815989155727701,0
1939,-0.2458305246030633,0,-0.9426176002156466,0,-0.7287125277148738,0
1940,-0.2024869837130191,2,-0.7766662587553935,0,0.10021859841313685,0
1941,0.1846081667217046,2,0.7054221486122709,0,0.20572708635368647,0
1942,0.0748538658962111,2,0.2852009788830013,0,-0.009267196005165805,0
1943,0.139650233298879,2,0.5332897107081868,0,-0.0433761662868337,0
1944,-0.20198734172916,2,-0.7747532572846179,0,0.07150697596489969,0
1945,-0.05347192151192,2,-0.2061256669567292,0,0.04368559030804028,0
1946,0.154453764285431,2,0.5899686477567059,0,0.0790427479516163,0
1947,0.2068177619422707,2,0.790457012964776,0,-0.04750282097792481,0
1948,-0.0617167951406528,2,-0.2376931810721425,0,0.12835308004417034,0
1949,0.1663681785243976,2,0.6355858951035607,0,0.02583102780810735,0
1950,0.0104370146089028,2,0.0385653172767321,0,0.15993708329821033,0
1951,-0.3941695305305046,0,-1.5105697453112432,0,0.29795885446986325,0
1952,-0.5011970812530167,0,-1.9203508857276197,0,0.01691584255833044,0
1953,0.6724850514503425,3,2.573378061433498,0,-0.1478113013766309,0
1954,-0.3939594518018088,0,-1.50976540754549,0,0.032141742815932565,0
1955,0.3497458343519686,3,1.337692076405698,0,-0.06420611252269647,0
1956,0.3126021387058686,3,1.195478357990332,0,-0.06420611252269647,0
1957,0.2247145460283758,3,0.858979225638818,0,-0.036506043287509664,0
1958,0.0695343551564732,2,0.2648339316818692,0,0.027449197464529757,0
1959,0.2182856475637381,3,0.8343646163473228,0,0.050488312304087776,0
1960,0.3915605391477906,3,1.497789895161088,0,-0.040474123078346226,0
1961,-0.2008251840058983,2,-0.7703036523561022,0,-0.025190822244543012,0
1962,-0.2977863732310764,0,-1.1415432670963856,0,-0.08903665661699625,0
1963,-0.2044476106556931,0,-0.7841729982731749,0,0.0472937658691153,0
1964,0.1623968193533871,2,0.6203805757337936,0,0.15719669879143316,0
1965,-0.3878091121418405,0,-1.4862173287303055,0,0.04625410306336763,0
1966,-0.0156100226641077,2,-0.061162132021583,0,-0.028705122201823825,0
1967,0.1330888637824728,2,0.5081679036129544,0,-0.03280795835481222,0
1968,0.0603068879021389,2,0.2295043176795884,0,-0.03775813950951224,0
1969,-0.4134897400974166,0,-1.5845418903894668,0,-0.037382735927207256,0
1970,-0.2383507114643389,0,-0.9139793072023394,0,-0.04510212101466113,0
1971,-0.0731522946332096,2,-0.2814767862434899,0,-0.03486085368294066,0
1972,0.0806386024228551,2,0.3073492567319668,0,-0.05260054122754014,0
1973,0.0460856258771987,2,0.1750547396840197,0,-0.04646660829847603,0
1974,0.0305887896048718,2,0.1157213138730874,0,0.05149737953895344,0
1975,0.0052018877249647,2,0.01852135429484,0,-0.1526696357425043,0
1976,-0.180703617173258,2,-0.6932633150973205,0,0.06749545896021465,0
1977,-0.2924922001376728,0,-1.121273231267935,0,0.01975335206439642,0
1978,-0.4309437977693423,0,-1.6513690167640451,0,0.09100240179035513,0
1979,0.1565367601171643,2,0.5979439064788576,0,0.03850201314206797,0
1980,0.1765585701082796,2,0.6746023002846825,0,0.03160875189252093,0
1981,-0.1901529470477595,2,-0.72944238437438,0,0.01653845340878816,0
1982,0.0359513231486176,2,0.1362530843961235,0,-0.006926290301750425,0
1983,-0.0304722512875701,2,-0.1180658073214261,0,0.03462342427788966,0
1984,0.196508393036471,2,0.7509850740231411,0,-0.034612233147850904,0
1985,-0.0169536375782578,2,-0.066306490161931,0,0.02236786857213425,0
1986,-0.040379372984722,2,-0.155997644496962,0,0.034709269278219775,0
1987,0.0596508852998394,2,0.2269926513593587,0,0.042128208443608005,0
1988,0.2525924657373067,3,0.9657166558952596,0,-0.1525606979080862,0
1989,0.203858383097321,2,0.7791263076480512,0,-0.021407282622221545,0
1990,-0.2665742193364245,0,-1.022039906219123,0,-0.054982202496624034,0
1991,-0.0266034902424746,2,-0.103253309956444,0,-0.133438042775906,0
1992,-0.3041067570296127,0,-1.165742401462717,0,-0.1117740394076343,0
1993,0.0675924726556541,2,0.2573989598417363,0,-0.10552239399809477,0
1994,0.1468907299450114,2,0.5610117220296047,0,-0.12807305087375087,0
1995,-0.1245731727553104,2,-0.4783541877708504,0,0.07341104027149681,0
1996,-0.0127097013316842,2,-0.0500575428279478,0,0.12658372680327348,0
1997,-0.4184753061942638,0,-1.6036303488938015,0,0.17780686604930265,0
1998,0.0644157861855916,2,0.24523623916225,0,-0.08336313086280152,0
1999,-0.1306046804852521,2,-0.5014472894939176,0,-0.09292823598327023,0
2000,0.2396556437733266,3,0.9161848706495344,0,-0.1597714246081893,0
2001,0.011177843242872,2,0.0414017607946079,0,-0.0045381115495815956,0
2002,0.2039866489203604,2,0.7796174047056473,0,0.0602378718252465,0
2003,-0.117653851087345,2,-0.4518618733633396,0,0.05623072912153552,0
2004,0.3294715759342304,3,1.2600671220884954,0,-0.17234179150522577,0
2005,-0.1248314744042795,2,-0.4793431587747783,0,-0.03697548204028752,0
2006,-0.1586847073623251,2,-0.6089585364479149,0,-0.24256945712712183,0
2007,-0.102595879589938,2,-0.3942087486220029,0,0.06953744076622452,0
2008,-0.0972210665587687,2,-0.3736299630796921,0,0.10603923511403997,0
2009,-0.0475800831620218,2,-0.1835673235968041,0,0.10603923511403997,0
2010,-0.132651789194532,2,-0.5092851455952866,0,-0.8166164531921438,0
2011,-0.0750648355139452,2,-0.2887994165186863,0,-1.008334516301019,0
2012,-0.2285908065831357,0,-0.8766111255932505,0,-0.285469433351684,0
2013,-0.053627851087564,2,-0.2067226814534701,0,-1.5436624845424216,0
2014,-0.075413795394835,2,-0.2901354947245802,0,-0.05241085541061247,0
2015,-0.0492530405913156,2,-0.1899726500628973,0,0.0,0
2016,-0.0220593857979676,2,-0.0858550953017053,0,0.4340350253666857,0
2017,-0.1111901039491023,2,-0.4271138374063228,0,0.4210922529062223,0
2018,0.0876565434967283,2,0.3342191596421319,0,0.4210922529062223,0
2019,-0.0249187323728499,2,-0.0968028026199713,0,0.4210922529062223,0
2020,0.5800013943774971,3,2.2192817730540213,0,0.19719811335055398,0
2021,0.1953279580133748,2,0.7464654899843929,0,0.08504570101774289,0
2022,-0.0957189059940404,2,-0.3678785741602279,0,-0.035825379690944695,0
2023,-0.3704548211217162,0,-1.419772183369725,0,-0.034730307491042195,0
2024,-0.0073322990228238,2,-0.0294688436030578,0,0.05778369369067724,0
2025,0.3206155289689087,3,1.226159581454968,0,-0.00825666304523108,0
2026,0.3702432174378745,3,1.416171318056952,0,0.3002144693862079,0
2027,0.0395359325284014,2,0.1499776376506724,0,-0.009312495918092113,0
2028,-0.059457237455412,2,-0.2290419121339681,0,-0.007849189162563183,0
2029,0.2710357371486259,3,1.036331228880619,0,-0.018618517441719645,0
2030,-0.4075729199709779,0,-1.5618878981913566,0,-0.08014135567817797,0
2031,0.1086865128953239,2,0.4147375381802046,0,-0.06551700726330481,0
2032,0.5238822299801752,3,2.0044158340438747,0,-0.12008357563999718,0
2033,0.2989440796816192,3,1.1431851403557265,0,0.09933531057614914,0
2034,-0.2469991971284523,0,-0.9470921486566256,0,0.04241472863429195,0
2035,0.2974045438011666,3,1.1372906509037586,0,0.07470065015177882,0
2036,-0.2436938332818981,0,-0.934436755186548,0,0.04241472863429195,0
2037,-0.081993168113437,2,-0.3153262314802335,0,0.0,0
2038,0.0783747841569498,2,0.2986816751192354,0,-0.024289734460949744,0
2039,-0.4636993465777099,0,-1.7767816423454494,0,0.056462339815086075,0
2040,0.1854281104729472,2,0.7085615036960157,0,-0.03991487618712031,0
2041,-0.3297097428125433,0,-1.2637696910845726,0,-0.06656994547455303,0
2042,-0.0067603524269471,2,-0.0272790062505869,0,-0.12362383691707055,0
2043,-0.068300408807215,2,-0.2629001553337447,0,-0.11516239077242238,0
2044,-0.0531841345806614,2,-0.2050238043419913,0,-0.11485525146337494,0
2045,-0.0253170567014101,2,-0.0983278846807219,0,-0.05898031086769341,0
2046,0.2400896591458534,3,0.9178466045966508,0,0.04270748841167793,0
2047,-0.2331987490483279,0,-0.8942537597151426,0,-0.2339888173561738,0
2048,0.1780038257293938,2,0.6801358147173246,0,0.6666295575328905,0
2049,-0.0584994598568972,2,-0.2253748264729851,0,-0.046100025146626644,0
2050,0.2446212449631911,3,0.9351968886271412,0,0.6666295575328905,0
2051,0.0063334138937615,2,0.0228536788293207,0,0.0235471949273698,0
2052,-0.1346727110833648,2,-0.5170227390533055,0,-0.0012717376836035897,0
2053,0.3928213036270763,3,1.502617040159086,0,-0.04571065792401374,0
2054,-0.0597213073735129,2,-0.2300529683662984,0,-0.041871789663099034,0
2055,-0.1919717449291548,2,-0.7364060966614844,0,-0.0899134370424201,0
2056,0.260997431524357,3,0.9978971219727072,0,-0.022287412839406325,0
2057,-0.1652424169197714,2,-0.6340663304956066,0,0.0,0
2058,-0.3666015012636366,0,-1.4050188063637723,0,0.2165791114894784,0
2059,-0.456434478440259,0,-1.7489663188120008,0,0.4932144120504456,0
2060,0.1113136543459629,2,0.4247961914186509,0,0.09853950488988926,0
2061,-0.1308302962712688,2,-0.5023111146815981,0,-0.09104959676660888,0
2062,0.038931246175937,2,0.1476624481369973,0,-0.1451644914524741,0
2063,-0.0332667895529831,2,-0.1287653801847458,0,-0.1451644914524741,0
2064,0.0060781381609859,2,0.0218762932852133,0,0.16455196436405353,0
2065,-0.2992596944980927,0,-1.1471842377149035,0,0.1645519643640535,0
2066,0.1237310443911578,2,0.4723392045901617,0,-0.0807411058464611,0
2067,0.0827741877546044,2,0.3155258672102314,0,-0.006352605120649943,0
2068,-0.1452872286578415,2,-0.5576630142653947,0,0.11964247729254925,0
2069,0.0701465756558913,2,0.26717796751885,0,0.1026851320930193,0
2070,-0.372173587741991,0,-1.4263529015213705,0,0.06419403430775576,0
2071,0.1803203410851236,2,0.689005160020051,0,0.020317914667606303,0
2072,-0.0137739495733194,2,-0.0541322773724585,0,-0.13121495442850853,0
2073,0.5549114702989393,3,2.1232188655833277,0,-0.14408993878744514,0
2074,-0.1315952033845837,2,-0.5052397485435413,0,0.0033243545879405403,0
2075,0.1442363716236631,2,0.5508488623485878,0,0.0218525407045939,0
2076,0.0184883220721578,2,0.069391716011105,0,0.030589234914764462,0
2077,-0.0561313389189305,2,-0.2163078965838777,0,0.011843102872263835,0
2078,-0.2257859404301641,0,-0.8658720098878007,0,0.049936126488672884,0
2079,0.0319553253210765,2,0.120953429907004,0,-0.2874842210644983,0
2080,0.1478397596832718,2,0.5646453143692228,0,0.0,0
2081,-0.0196293302997081,2,-0.0765510338088508,0,0.3040027351128188,0
2082,-0.0912441906500196,2,-0.3507460326386006,0,0.36916156593390076,0
2083,-0.1651764849740026,2,-0.6338138939244188,0,-0.007257002519689614,0
2084,0.0593854863720464,2,0.2259765066885508,0,-0.06931719537849772,0
2085,0.1562253976475572,2,0.5967517791526026,0,-0.013808834491765638,0
2086,-0.2103540191334988,0,-0.806787126929406,0,-0.14261258837227656,0
2087,0.1373172533316626,2,0.5243573266156731,0,-0.03977551541735602,0
2088,-0.1590352183072969,2,-0.6103005532817987,0,-0.13788471863602575,0
2089,-0.0371478326024207,2,-0.1436249022056404,0,-0.09386678744979036,0
2090,-0.143155733881662,2,-0.5495020654790497,0,-0.034798247667102905,0
2091,-0.1101304773909198,2,-0.4230567981066632,0,-0.0010316897239994471,0
2092,-0.1064909460513328,2,-0.4091219627035452,0,-0.039091216390936094,0
2093,-0.2484965437809962,0,-0.9528251063365496,0,-0.0063465732187823936,0
2094,0.2732893736395657,3,1.0449598270789988,0,-0.03296562331027223,0
2095,0.3091649115717148,3,1.1823180936902036,0,-0.048639703466731694,0
2096,-0.0903645109304778,2,-0.3473779637979935,0,-0.0424428809198201,0
2097,0.1034937021971538,2,0.3948555930595552,0,-0.043160492228336005,0
2098,-0.1132335598946462,2,-0.4349377080088241,0,-0.03164880289947315,0
2099,0.3254752369118612,3,1.2447661612515726,0,-0.04713411552486031,0
2100,-0.3688383397969479,0,-1.413583089475175,0,-0.052851107511451854,0
2101,0.0981322057908367,2,0.3743277934706892,0,-0.06526259018749242,0
2102,0.0907262206873773,2,0.3459721691373751,0,-0.06717233968827657,0
2103,0.1555303307641098,2,0.5940905456828843,0,-0.05724987309754808,0
2104,0.0493443671277041,2,0.187531627148409,0,-0.0508420697765125,0
2105,-0.0641335119292733,2,-0.2469461720545475,0,-0.04278239172847174,0
2106,0.2359809532262907,3,0.9021154196261646,0,-0.04407869085732419,0
2107,-0.0086752025625736,2,-0.0346104780726216,0,-0.038861449237407385,0
2108,-0.242580167603495,0,-0.9301728139054682,0,-0.03797897053670554,0
2109,0.1156551570342835,2,0.4414186957246059,0,0.08360662948515359,0
2110,-0.0635628434255251,2,-0.2447612281902154,0,0.013693680799452412,0
2111,-0.0032705637819958,2,-0.0139174973579101,0,0.013693680799452412,0
2112,-0.3434663827972599,0,-1.3164403500240651,0,-0.08462272614831712,0
2113,0.0969153501927473,2,0.3696687643577091,0,-0.07005333319586199,0
2114,0.1165283968481162,2,0.4447621078119955,0,-0.055053685392939464,0
2115,0.0348434184798778,2,0.1320112005487963,0,0.2460200745558063,0
2116,-0.2108794144326878,0,-0.8087987312632217,0,0.13510805281494292,0
2117,0.0889669898692374,2,0.3392365239128845,0,0.13510805281494292,0
2118,-0.3316281808357314,0,-1.2711149000111823,0,0.09275168713195425,0
2119,0.1094077413668162,2,0.4174989376848531,0,0.08980352672816962,0
2120,-0.3809851548217843,0,-1.460090140040215,0,0.03629579102061239,0
2121,-0.1593156753261352,2,-0.611374351535066,0,0.08160552968546274,0
2122,0.0615100628542789,2,0.2341109670953696,0,0.08160552968546274,0
2123,-0.332671434290087,0,-1.275109250880498,0,0.0,0
2124,-0.1180312042149918,2,-0.4533066620550637,0,-0.5922248300317008,0
2125,0.1531361076932537,2,0.5849236773974433,0,-0.015166218934227827,0
2126,-0.3751371782418969,0,-1.437699732188618,0,0.024073498054730788,0
2127,-0.0493711789254713,2,-0.1904249715536763,0,0.045154278076011876,0
2128,0.6135058752005083,3,2.3475618679270536,0,0.045154278076011876,0
2129,-0.0037289732263426,2,-0.0156726299720265,0,-0.04657447323651972,0
2130,-0.1464627401489716,2,-0.5621637473584722,0,-0.040594897047114394,0
2131,-0.0644244249876344,2,-0.2480600038110669,0,-0.01032221271823913,0
2132,-0.059374296885467,2,-0.2287243538874288,0,-0.017673088167769635,0
2133,0.003049180346239,2,0.0102791878743072,0,0.12815884789306414,0
2134,0.166355195685021,2,0.6355361871294019,0,0.07361689923365554,0
2135,0.085667298838013,2,0.3266028502029952,0,0.03484181055089451,0
2136,0.127707471285358,2,0.4875639269769458,0,-0.019083542564896482,0
2137,0.0579897572941731,2,0.2206326167332806,0,-0.047091553858870004,0
2138,-0.1949221092346681,2,-0.7477022876104074,0,-0.010895588882481603,0
2139,-0.1861235991847069,2,-0.7140150411220159,0,-0.07829846404794097,0
2140,0.3194173361120496,3,1.2215720072088236,0,0.06365935808972789,0
2141,0.0473949732950242,2,0.180067896338131,0,-0.15164506947318596,0
2142,0.4226941768646253,3,1.6169926376585984,0,-0.12541076372666266,0
2143,0.245268854951124,3,0.9376764217717258,0,-0.04289152930862521,0
2144,0.0368874408709173,2,0.1398372399263429,0,-0.025464640933068144,0
2145,-0.3307821554535812,0,-1.267875685027953,0,-0.0353120405971887,0
2146,0.0258527229591113,2,0.0975881250064239,0,0.038555951834089885,0
2147,-0.1414660675884643,2,-0.5430327650430822,0,0.05443393412251647,0
2148,-0.2208186245291653,0,-0.8468534267194618,0,0.06029464021185469,0
2149,-0.1554014557487419,2,-0.5963878050670176,0,0.00473123634426601,0
2150,-0.0196613767377001,2,-0.0766737314303322,0,0.00473123634426601,0
2151,-0.0463290323593508,2,-0.1787773697841964,0,0.00473123634426601,0
2152,0.5531658374277302,3,2.1165352834226274,0,-0.24491661143788088,0
2153,-0.2669054933886441,0,-1.0233082699067202,0,-0.04746134321129693,0
2154,0.1756027321754889,2,0.670942641108068,0,-0.09909612155890482,0
2155,0.0044811583091344,2,0.0157618655467858,0,-0.0025292543505593622,0
2156,-0.2965707608426166,0,-1.1368889979153702,0,-0.05205842537938875,0
2157,0.3813137864623175,3,1.4585576977252692,0,-0.0077821237317660386,0
2158,0.086328466342882,2,0.3291342916152529,0,-0.02575064232374044,0
2159,-0.2600495363100834,0,-0.9970585623189764,0,-0.007678020764767886,0
2160,-0.2166908911547492,0,-0.8310493904868809,0,-0.0028966176974877284,0
2161,0.1602199070554293,2,0.6120457348631808,0,0.14851725692845463,0
2162,0.1465496598806646,2,0.5597058519149806,0,0.030129646251392812,0
2163,0.180207580491306,2,0.6885734285227244,0,0.02427936440113479,0
2164,-0.1192060799837414,2,-0.4578049611296074,0,0.018909635736916737,0
2165,0.1146477043770809,2,0.4375614169585589,0,0.08423498122675688,0
2166,-0.1724225961155256,2,-0.6615574017138812,0,0.061990583448430926,0
2167,-0.0698881758964911,2,-0.2689793097586277,0,-0.00727106876254923,0
2168,0.26630527084639,3,1.0182194822981223,0,-0.008495093528500579,0
2169,0.107266661422459,2,0.4093012897390818,0,-0.020655509828254953,0
2170,0.2624376359948033,3,1.0034112968402824,0,-0.09028335052910103,0
2171,0.2159265025837196,3,0.8253320531073586,0,-0.15018426519049105,0
2172,0.3927096832855344,3,1.5021896743963277,0,-0.10331853257641216,0
2173,-0.4133290460201468,0,-1.5839266338335871,0,-0.012129259013244022,0
2174,0.7151982694706595,3,2.736916057706986,0,0.05177524656697569,0
2175,0.0381021113248336,2,0.1444879026807062,0,0.00657527386694961,0
2176,0.1636850315847441,2,0.6253128111600945,0,-0.015078826599803618,0
2177,0.0770517425186945,2,0.2936160867947091,0,-0.02269689989230518,0
2178,-0.1502670636276424,2,-0.5767295297488808,0,0.015716836485002716,0
2179,0.7067132043568846,3,2.7044289117772,0,-0.11107577304946929,0
2180,-0.0444085553202076,2,-0.1714243539865731,0,-0.01876253034542088,0
2181,0.7857318892813083,3,3.006971262825525,0,0.16149035378802706,0
2182,0.07754538915191,2,0.2955061336000052,0,0.1795035094897337,0
2183,-0.3218397364416313,0,-1.233637447900593,0,0.014242527717677728,0
2184,0.4809131326088217,3,1.8398981411262143,0,0.21176828300531,0
2185,-0.3242900626094912,0,-1.2430191206071004,0,-0.03008954170114883,0
2186,0.0016269056536831,2,0.0048336615442507,0,0.21176828300531,0
2187,0.1423846741656115,2,0.5437591859900791,0,-0.03008954170114883,0
2188,-0.096786636581268,2,-0.3719666417160852,0,0.0866310269148115,0
2189,0.1246701816769604,2,0.4759349212573729,0,0.15412933629016415,0
2190,-0.1212057608535119,2,-0.4654612281538609,0,0.4916208831669274,0
2191,-0.1738013932291132,2,-0.6668364635049301,0,0.4916208831669274,0
2192,0.2184941840305913,3,0.8351630491866116,0,-0.31276308672485487,0
2193,0.4129021685256429,3,1.5795015401138344,0,-0.1289188085650707,0
2194,0.308147849737533,3,1.178424023841165,0,-0.07761943227645648,0
2195,0.3211059600698149,3,1.2280373168087937,0,-9.549408682926912e-05,0
2196,0.1625148515470487,2,0.6208324908397452,0,-0.0925222863635612,0
2197,0.0790241235405477,2,0.3011678296778679,0,0.04110924963247456,0
2198,-0.2802733128799816,0,-1.074490234541629,0,-0.15505182635963197,0
2199,1.3150791998287286,1,5.033706838180867,0,-0.05917299626427699,0
2200,-0.0049862351899152,2,-0.0204863647324402,0,-0.08189435442190186,0
2201,-0.3263464317298452,0,-1.2508924324559385,0,-0.08073616978081555,0
2202,0.5710611903248007,3,2.185052016439602,0,-0.03727958540725641,0
2203,-1.3412426726896909,1,-5.136670778473363,0,-0.06335931992473655,0
2204,0.9822970519384322,1,3.759569037660189,0,-0.08837238220533924,0
2205,0.1045785917611581,2,0.3990093579524483,0,-0.08837238220533924,0
2206,-0.2222876933066705,0,-0.8524781156423819,0,-0.07597693301861845,0
2207,-0.1653015248614656,2,-0.6342926396990932,0,-0.10685949420212855,0
2208,0.3681222417987361,3,1.408050644358131,0,-0.21228505160623196,0
2209,-0.0163573852267157,2,-0.0640235922824463,0,-0.2906682756016063,0
2210,0.0091182955238062,2,0.0335162789036053,0,-0.43934946266644026,0
2211,-0.2325504919644552,0,-0.8917717490055723,0,-0.38266771349392004,0
2212,-0.4494301094580533,0,-1.7221483799724304,0,-0.21042544563357343,0
2213,-0.5304460067673009,0,-2.032337546846979,0,-0.3724386164634296,0
2214,-0.1868362377817433,2,-0.7167435521925483,0,-0.17788393471594283,0
2215,0.0551127428233415,2,0.209617263556523,0,0.028566941786040884,0
2216,-0.0147600729781007,2,-0.0579078918817565,0,0.0579525395787404,0
2217,-0.0509214066534343,2,-0.1963603973574187,0,0.08009971983654503,0
2218,-0.2389831743081706,0,-0.9164008458030716,0,0.03201407719689322,0
2219,-0.1801709486468649,2,-0.6912238634352413,0,-0.22862656854419383,0
2220,-0.0323667848951108,2,-0.1253194923493869,0,-0.03754646780868371,0
2221,0.1511995489173706,2,0.5775090887395922,0,-0.08874621392946082,0
2222,-0.1635370140051166,2,-0.6275367785576338,0,-0.112008735428492,0
2223,-0.2413115701413737,0,-0.9253156784179414,0,0.05569180210033377,0
2224,-0.0172647911285438,2,-0.0674978175894958,0,-0.14434840864461945,0
2225,-0.7132979841454621,0,-2.7324310397054656,0,-0.020153529275230685,0
2226,-0.2631459706173306,0,-1.0089140179757905,0,-0.0279511035220611,0
2227,-0.0931043888121213,2,-0.3578682560205295,0,0.031461589440815424,0
2228,0.256541461918928,3,0.9808363530936026,0,0.09504822736166865,0
2229,0.035546727585944,2,0.1347039913825904,0,-0.013292444519269218,0
2230,0.0641532120138903,2,0.2442309097606401,0,-0.014987271129377921,0
2231,0.0140615542785614,2,0.0524427534068731,0,-0.00875474066982803,0
2232,0.3442379785789351,3,1.3166039042043711,0,-0.09276842359551582,0
2233,-0.0936742273793141,2,-0.3600500222698847,0,0.04139020348201296,0
2234,0.2019973468236811,2,0.7720008753512249,0,0.03720496324912156,0
2235,-0.3218542826012626,0,-1.2336931414284944,0,-0.00255781520485812,0
2236,-0.0566824488062239,2,-0.2184179555040838,0,0.270947020883468,0
2237,0.0102947272997692,2,0.0380205355321256,0,0.1066790228190075,0
2238,0.2441868241935827,3,0.9335336025182008,0,0.10224286036497976,0
2239,0.1171227220533989,2,0.4470376271409428,0,0.04460894777871207,0
2240,-0.1656829809891179,2,-0.6357531377293006,0,-0.16474581341644762,0
2241,-0.346383530826337,0,-1.3276093643390607,0,-0.12238447805494075,0
2242,0.0414851420739952,2,0.1574406628727929,0,0.050895468321507924,0
2243,-0.0917020363714086,2,-0.3524990069015729,0,-0.04590751727358415,0
2244,-0.3254028831317481,0,-1.2472798260012792,0,-0.045394250458684345,0
2245,-0.3340490283856256,0,-1.2803837066228727,0,0.033257548818629794,0
2246,0.179903766798354,2,0.6874102035331631,0,-0.09122683881494228,0
2247,0.2010891251191509,2,0.7685235265441106,0,0.10119502367928153,0
2248,0.5937436426513207,3,2.2718973298103617,0,0.025012886584783102,0
2249,-0.5037764962300932,0,-1.930226806495478,0,-0.009428221315101145,0
2250,0.3308319603378203,3,1.2652756863184016,0,0.013503969771812467,0
2251,-0.102025647074524,2,-0.3920254740455839,0,-0.0030550903336069813,0
2252,0.1133641636005764,2,0.4326470673390799,0,-0.0062493363453629295,0
2253,-0.3131116723771277,0,-1.2002199210877778,0,0.0589119060230237,0
2254,-0.5025583646276328,0,-1.925562891887849,0,0.059055500213767854,0
2255,-0.1426238993968623,2,-0.5474658071490891,0,0.05239457997048655,0
2256,0.0336271552928529,2,0.1273544396263891,0,-0.011728624615961976,0
2257,-0.0252109055075754,2,-0.0979214588868726,0,-0.029382639413642223,0
2258,0.031671811420382,2,0.1198679276343069,0,0.037028279178708226,0
2259,0.0408337121795403,2,0.1549465042823273,0,0.0811831070268493,0
2260,-0.4343760225121755,0,-1.6645101281861874,0,0.07265118441256775,0
2261,-0.0855540505071075,2,-0.3289599401684766,0,0.012701801835839943,0
2262,0.2076775598427061,3,0.7937489594008997,0,-0.09692125327244944,0
2263,-0.0476250647003928,2,-0.1837395464120224,0,-0.17367643440536001,0
2264,-0.1009258565675491,2,-0.3878146572500495,0,-0.12142155046988325,0
2265,-0.1351946406119639,2,-0.5190210738372235,0,0.10631806890194695,0
2266,0.206451017775048,2,0.7890528432713555,0,0.19270140180389014,0
2267,0.0170912027937986,2,0.0640425033334453,0,0.17562426265545716,0
2268,-0.1209396280927401,2,-0.4644422738241109,0,0.25470647001127067,0
2269,-0.1463685184832433,2,-0.5618029966791058,0,0.10544792913388451,0
2270,-0.0973172826651843,2,-0.3739983499627634,0,0.030685845190273602,0
2271,-0.1061502958025827,2,-0.4078176999555554,0,0.02179843417688155,0
2272,-0.1759117324897816,2,-0.6749164132287563,0,0.08471310966088025,0
2273,-0.0303161098600461,2,-0.1174679816979761,0,0.31843506123508397,0
2274,0.1453387123154501,2,0.5550694431500585,0,0.0846014621509936,0
2275,-0.2181779643999932,0,-0.8367430139156623,0,0.2940513151017438,0
2276,0.1020805895021529,2,0.3894451456767533,0,0.010926857306290802,0
2277,-0.0210531594199371,2,-0.0820025116452279,0,0.03143072457906628,0
2278,0.0092944234905935,2,0.034190627878258,0,0.009521056057587098,0
2279,-0.0221818164652759,2,-0.0863238510392034,0,0.06761827813114515,0
2280,0.3548470563971809,3,1.3572233519800023,0,-0.03152095888192175,0
2281,0.1919588673731567,2,0.7335661029070023,0,0.006535271714014632,0
2282,-0.1790233085661713,2,-0.6868298428500796,0,-0.031037044738757628,0
2283,0.2689000847884201,3,1.0281543617675235,0,0.009701142522550015,0
2284,0.1067819556242694,2,0.4074454751062351,0,0.010659532227632114,0
2285,-0.1046533293216143,2,-0.4020861978554396,0,0.06446122149786447,0
2286,0.1131442904731162,2,0.431805229323454,0,0.06446122149786447,0
2287,0.1616554158828471,2,0.61754193131359,0,-0.12494418163365902,0
2288,-0.366260405125747,0,-1.4037128364202165,0,-0.0761224721826602,0
2289,-0.0348984098956207,2,-0.1350124375098832,0,-0.1620854855220284,0
2290,0.1187297362885616,2,0.4531904739687436,0,-0.09052597069797745,0
2291,0.0896961772583085,2,0.3420283960790102,0,-0.0652943172967238,0
2292,-0.0077892428437006,2,-0.031218364719453,0,0.03928759982741064,0
2293,0.156391279913462,2,0.5973868999569043,0,-0.10735486350242089,0
2294,0.315574851117713,3,1.2068601141272524,0,-0.08088957207789861,0
2295,0.1261660572176121,2,0.4816622464258099,0,-0.020279243849477175,0
2296,-0.4906269064678942,0,-1.879880387723998,0,-0.0843376591859614,0
2297,0.0072907990443198,2,0.0265192619073701,0,-0.003244268353295404,0
2298,-0.025092285357215,2,-0.097467292644976,0,0.035795900975071356,0
2299,-0.0143602424057471,2,-0.0563770427984472,0,-0.0345008201968459,0
2300,-0.041260083924385,2,-0.1593696616158809,0,-0.04734578760642171,0
2301,0.1035706695644606,2,0.3951502814396676,0,0.0473959366806872,0
2302,0.4139020335704323,3,1.583329767850995,0,-0.00412226561990163,0
2303,-0.1629473167790736,2,-0.6252789785784979,0,0.30703573325533345,0
2304,-0.1122918721136148,2,-0.4313322261471706,0,-0.016811579437224635,0
2305,-0.3397664174011977,0,-1.3022741280628578,0,-0.06103822528653853,0
2306,-0.0419598576571224,2,-0.1620489164086775,0,-0.027488569684067213,0
2307,-0.0443735357236051,2,-0.171290272900574,0,0.052927862019039484,0
2308,0.2853492175364965,3,1.0911338874210927,0,0.057227121023653925,0
2309,-0.121535825137606,2,-0.4667249599484664,0,0.052927862019039484,0
2310,-0.0036056418531188,2,-0.0152004256617567,0,0.052927862019039484,0
2311,-0.3877119394621101,0,-1.485845279372468,0,0.05221475419866872,0
2312,0.1017925001733881,2,0.3883421252592431,0,0.010816027176994118,0
2313,-0.0346461865918663,2,-0.1340467389364378,0,-0.08907661538873299,0
2314,-0.3518766291749866,0,-1.3486410341337376,0,0.0,0
2315,-0.1355692557859664,2,-0.520455379604138,0,-0.1666546882277447,0
2316,-0.1193652947170212,2,-0.4584145536554016,0,-0.12657838992440557,0
2317,0.3379608271852354,3,1.2925702956679528,0,0.042872752666860005,0
2318,0.4412939008020535,3,1.688206227384388,0,-0.12188292026842083,0
2319,0.0771486397688034,2,0.2939870816029133,0,-0.056153765570750046,0
2320,0.0822148824388099,2,0.3133844300886679,0,-0.06502743222093299,0
2321,-0.1413199688284157,2,-0.5424733902269533,0,-0.06502743222093299,0
2322,0.0857376864647174,2,0.326872346437819,0,-0.09819972810837742,0
2323,-0.1327394905190472,2,-0.509620931554446,0,-0.110685558016664,0
2324,-0.0902780957550689,2,-0.3470471021750815,0,-0.10558285856599949,0
2325,0.0118575822145899,2,0.0440043076074205,0,-0.12374335465528975,0
2326,-0.0867347089150278,2,-0.3334803794906296,0,-0.0680647023041574,0
2327,0.3016502092432547,3,1.1535462188854644,0,-0.013430074229989257,0
2328,-0.2472043507894674,0,-0.9478776295968492,0,0.0797827624126586,0
2329,-0.1813665390664032,2,-0.6958014736139472,0,-0.09770709285922147,0
2330,0.564155085861413,3,2.158610307330712,0,-0.10323156852670258,0
2331,-0.4232179511135607,0,-1.621788724288733,0,-0.036142309013223996,0
2332,0.0665587678469824,2,0.2534411682965518,0,-0.004044069400952083,0
2333,-0.3932485823295653,0,-1.5070436700016834,0,0.0044952184059244326,0
2334,-0.2266363678379606,0,-0.869128079102275,0,-0.05669466452584125,0
2335,0.1049041336069479,2,0.4002557744865131,0,-0.018597008491377517,0
2336,-0.2432097983876446,0,-0.9325835092734208,0,0.08887308548866671,0
2337,-0.0581464465217812,2,-0.2240232286267345,0,-0.0536749079857632,0
2338,0.21141790652578,3,0.8080697909904825,0,-0.124343853494081,0
2339,-0.1387773697860871,2,-0.5327384282647917,0,-0.04103074235637281,0
2340,-0.3113348202623718,0,-1.1934168084217345,0,-0.03809527689876822,0
2341,-0.0465564721302476,2,-0.1796481785438567,0,0.14085007389166704,0
2342,0.0381707182028072,2,0.1447505808837169,0,-0.01336385238370175,0
2343,0.1229224445130493,2,0.4692432822976772,0,-0.08858364788175059,0
2344,0.1407404106948727,2,0.5374637213584418,0,0.0723599444900807,0
2345,-0.1631552442938842,2,-0.6260750798960355,0,-0.02346159852935862,0
2346,-0.1296294980216428,2,-0.4977135650523677,0,-0.07999326093549089,0
2347,0.5493789152603397,3,2.1020361262061398,0,-0.07999326093549089,0
2348,-0.2588805812953583,0,-0.992582932298521,0,-0.09841481178736292,0
2349,0.2723145712192774,3,1.0412275577262036,0,-0.09841481178736292,0
2350,0.1324430034888939,2,0.5056950696009103,0,-0.03569876601889963,0
2351,-0.1861611770562965,2,-0.7141589171891637,0,-0.03676280306268659,0
2352,0.1395172951439388,2,0.5327807244857752,0,-0.04859783859692574,0
2353,-0.0290041102601064,2,-0.1124446705163249,0,-0.03127044529683118,0
2354,0.5733163585531403,3,2.193686479269044,0,-0.07047095135776997,0
2355,0.2159673957601472,3,0.8254886226294925,0,0.0021284968205191246,0
2356,0.1199045095451095,2,0.4576883805502648,0,-0.029305744652034334,0
2357,0.1764144152853631,2,0.6740503683070518,0,0.011641588903294878,0
2358,-0.2113653852949049,0,-0.8106593895029375,0,-0.09104016972509604,0
2359,0.3615793847352115,3,1.3829997167140544,0,-0.011737298099752849,0
2360,-0.2584657116344847,0,-0.9909945023885656,0,-0.07837420328343989,0
2361,-0.4371107565463044,0,-1.6749807259311198,0,-0.06017538216852158,0
2362,-0.0520946013894852,2,-0.2008522601873539,0,-0.07990531842144843,0
2363,-0.0427396486914131,2,-0.1650345370003941,0,-0.07374580902468253,0
2364,-0.1106500105062338,2,-0.4250459576365253,0,-0.10919428773637477,0
2365,0.047436237118085,2,0.1802258849715026,0,-0.05828132738061889,0
2366,-0.2852150329458695,0,-1.0934108177984416,0,-0.006033343367316837,0
2367,-0.0668844798809571,2,-0.2574789253211584,0,-0.01752626300586495,0
2368,0.0425812928830351,2,0.1616375441950729,0,0.11473908555169557,0
2369,-0.2254378967028868,0,-0.864539439399962,0,0.027555215780128997,0
2370,-0.0479974883770462,2,-0.1851654614956326,0,0.19846859245237122,0
2371,-0.1402773037274737,2,-0.5384812920125026,0,-0.03378086964196083,0
2372,-0.1723914280206817,2,-0.66143806704385,0,-0.03378086964196083,0
2373,0.231400481891464,3,0.8845779654420897,0,0.15039985795030186,0
2374,0.4268791113594249,3,1.6330156823631627,0,0.12457095271263581,0
2375,0.1495878381256636,2,0.5713382599970058,0,-0.03671984524113402,0
2376,-0.2789720648975013,0,-1.0695080885556132,0,-0.0713443109067073,0
2377,0.2894660190959746,3,1.1068960685279432,0,-0.04909555595380242,0
2378,-0.3093584567325038,0,-1.1858498175331325,0,-0.027377018064468232,0
2379,-0.119661497297003,2,-0.4595486376384491,0,-0.04018061256646359,0
2380,-0.0274420013156695,2,-0.1064637545709943,0,-0.0764369413203866,0
2381,0.0328954319252341,2,0.1245528578464832,0,-0.05348265296609035,0
2382,-0.0625726441601425,2,-0.2409700082522769,0,0.005378333096654504,0
2383,-0.0622677576780125,2,-0.2398026758271082,0,-0.010682690063876716,0
2384,0.0792815981452312,2,0.3021536341405805,0,-0.009824999693077888,0
2385,0.0551993750084882,2,0.2099489560542636,0,-0.026166518605943743,0
2386,0.0518846551547532,2,0.1972577408236542,0,-0.02106158957636575,0
