Date,spread,regime,z_score,gmm_signal
2016-07-06,-0.05420930281888542,1,-0.1877397824295054,0
2016-07-07,-0.04840710366065726,1,-0.16769993622574084,0
2016-07-08,-0.2885923571416631,0,-0.9972604888561697,0
2016-07-11,0.03465003991171234,1,0.11916584309758702,0
2016-07-12,0.07331959324085502,1,0.25272415096527745,0
2016-07-13,-0.040313753046716,1,-0.13974682790361034,0
2016-07-14,-0.022279398139259443,1,-0.07745911786921372,0
2016-07-15,-0.07420680574967445,1,-0.2568078844135677,0
2016-07-18,0.04096602633977339,1,0.14098022643600028,0
2016-07-19,0.15430317379276126,1,0.5324281830112869,0
2016-07-20,-0.10776719755934083,1,-0.37271998464715766,0
2016-07-21,0.1615683656217032,1,0.5575209664408899,0
2016-07-22,-0.0883543767716718,1,-0.3056712790861906,0
2016-07-25,-0.08962711379414716,1,-0.31006710444355945,0
2016-07-26,-0.1917312841766467,1,-0.6627181968016342,0
2016-07-27,0.12047995181967949,1,0.41560831041261276,0
2016-07-28,0.11498660956226252,1,0.3966352053913618,0
2016-07-29,0.22761652565423174,3,0.7856405006034661,0
2016-08-01,-0.03233234618928979,1,-0.11218035499382205,0
2016-08-02,-0.0039678669508779185,1,-0.014214086327989659,0
2016-08-03,0.09410511391889406,1,0.32451393726766115,0
2016-08-04,-0.13545614872793343,1,-0.46835308992849883,0
2016-08-05,-0.010570184677025918,1,-0.037017411104038576,0
2016-08-08,0.09427291625808325,1,0.3250934990817734,0
2016-08-09,-0.09368910263065978,1,-0.32409654902918433,0
2016-08-10,-0.042316000914164986,1,-0.1466622643150944,0
2016-08-11,-0.13479235450512206,1,-0.4660604533310075,0
2016-08-12,-0.0018863425130354328,1,-0.007024841618147768,0
2016-08-15,-0.01700264593704187,1,-0.05923407944772874,0
2016-08-16,0.09660186413370492,1,0.3331373038480846,0
2016-08-17,0.0014685736015649375,1,0.004562489517802699,0
2016-08-18,-0.23395406877057565,1,-0.808548783874313,0
2016-08-19,-0.1966820870226668,1,-0.6798174594973496,0
2016-08-22,0.004674038712995346,1,0.01563364135055273,0
2016-08-23,-0.020636501511977906,1,-0.07178482182359859,0
2016-08-24,-0.0022036969359862657,1,-0.008120931851279515,0
2016-08-25,0.0511236656032006,1,0.17606304987609786,0
2016-08-26,-0.0006866442656348754,1,-0.0028812802350919723,0
2016-08-29,-0.002823917428480982,1,-0.010263071916291134,0
2016-08-30,0.24057123715369905,3,0.8303839537293914,0
2016-08-31,0.08853594222769101,1,0.3052789297936761,0
2016-09-01,-0.07611830322598206,1,-0.2634098838278357,0
2016-09-02,-0.12215882923137719,1,-0.42242632485780757,0
2016-09-06,0.06408361660582741,1,0.22082459938834795,0
2016-09-07,0.30746016912112556,3,1.061407376539758,0
2016-09-08,0.13235029002976306,1,0.4566065156843854,0
2016-09-09,0.5078534274730575,3,1.7535328910438668,0
2016-09-12,-0.21527251631221955,1,-0.7440257594307087,0
2016-09-13,0.0188588415506028,1,0.06462562862028691,0
2016-09-14,-0.021320945022292818,1,-0.07414877768030588,0
2016-09-15,-0.3018635611147817,0,-1.0430970551834278,0
2016-09-16,0.03235308126676409,1,0.11123252389810837,0
2016-09-19,-0.006158367677088994,1,-0.021779717300903317,0
2016-09-20,0.09378410463173328,1,0.32340522373176683,0
2016-09-21,-0.2335761137399634,1,-0.8072433890612674,0
2016-09-22,0.036812905998115264,1,0.12663602854776876,0
2016-09-23,0.28135272900089786,3,0.9712365515618847,0
2016-09-26,0.04010020420107485,1,0.13798981848443456,0
2016-09-27,-0.14560940648824133,1,-0.5034207803739753,0
2016-09-28,0.02182435424046747,1,0.07486802406373252,0
2016-09-29,-0.09427485770146582,1,-0.3261196511688932,0
2016-09-30,-0.2819683845658618,0,-0.9743823717738274,0
2016-10-03,-0.03516569942848455,1,-0.1219662933261664,0
2016-10-04,0.2502849188906163,3,0.8639334205387285,0
2016-10-05,-0.18616991145520068,1,-0.643510125692675,0
2016-10-06,-0.12543999725724517,1,-0.43375894216617034,0
2016-10-07,0.14098267005453174,1,0.4864213433645922,0
2016-10-10,0.13135964179050644,1,0.45318497881270114,0
2016-10-11,0.2989606530973423,3,1.0320514393721234,0
2016-10-12,0.0350782684826189,1,0.12064487449016782,0
2016-10-13,0.1295233199014563,1,0.4468426235722773,0
2016-10-14,-0.10971335748866734,1,-0.3794417025006934,0
2016-10-17,0.03564818233578822,1,0.12261326365700843,0
2016-10-18,0.038170230253107756,1,0.13132400436123517,0
2016-10-19,0.11036317049403921,1,0.380666603602111,0
2016-10-20,0.18518420182154466,1,0.6390861992969503,0
2016-10-21,-0.021517610326143848,1,-0.07482802745014569,0
2016-10-24,-0.17270080309171007,1,-0.5969900299935441,0
2016-10-25,0.044970052635958435,1,0.15480947789449045,0
2016-10-26,-0.2080699358777902,1,-0.7191492255096834,0
2016-10-27,-0.10698963689425717,1,-0.370034417379051,0
2016-10-28,-0.06225114024133421,1,-0.21551497261976515,0
2016-10-31,0.021053139921860975,1,0.07220437603760466,0
2016-11-01,0.15647028600535579,1,0.5399130338863397,0
2016-11-02,-0.08441867380618306,1,-0.29207800522894173,0
2016-11-03,-0.002807616957990422,1,-0.010206772759235039,0
2016-11-04,0.29666509528171436,3,1.024122958407833,0
2016-11-07,-0.3207063081596597,0,-1.1081768193449713,0
2016-11-08,-0.11245179106963189,1,-0.3888998038697116,0
2016-11-09,-0.12292527432573674,1,-0.42507350076400063,0
2016-11-10,0.40684524891841173,3,1.4046671750701283,0
2016-11-11,-0.15586202010766412,1,-0.5388316296945279,0
2016-11-14,0.4251301210587789,3,1.4678201306229939,0
2016-11-15,-0.360152147701819,0,-1.2444162927319276,0
2016-11-16,-0.0984035849182686,1,-0.3403795991964771,0
2016-11-17,-0.0640106173202104,1,-0.22159191846360538,0
2016-11-18,0.02590009025345537,1,0.0889449491468012,0
2016-11-21,-0.26177721608839827,0,-0.9046453806902205,0
2016-11-22,-0.09335425937753589,1,-0.32294005523916075,0
2016-11-23,0.06643377364377581,1,0.22894165712987555,0
2016-11-25,-0.14344895946193495,1,-0.4959589499614216,0
2016-11-28,-0.024907516760447723,1,-0.08653620942322822,0
2016-11-29,0.05124606460333041,1,0.1764857959885986,0
2016-11-30,0.3200221783462656,3,1.1047945002866364,0
2016-12-01,0.47967192463221936,3,1.656198592906157,0
2016-12-02,-0.12793654506446112,1,-0.4423816096638905,0
2016-12-05,-0.05046412004257356,1,-0.17480453412182806,0
2016-12-06,-0.0006175742029365106,1,-0.002642723543738708,0
2016-12-07,-0.2959502305969173,0,-1.0226733794531693,0
2016-12-08,0.10023988543058326,1,0.3457024339457087,0
2016-12-09,-0.0389762081936994,1,-0.13512716690712798,0
2016-12-12,0.013654363972119554,1,0.04665021491945924,0
2016-12-13,-0.1224001749025158,1,-0.42325989330309327,0
2016-12-14,0.08439588320255198,1,0.2909798435548595,0
2016-12-15,-0.13275711014404007,1,-0.45903105243129466,0
2016-12-16,0.24650860713879397,3,0.850890657844747,0
2016-12-19,-0.05731774734406424,1,-0.19847584103741778,0
2016-12-20,0.011887423670249808,1,0.04054749232496008,0
2016-12-21,-0.04893345037314498,1,-0.16951785161962263,0
2016-12-22,-0.00791784858351191,1,-0.027856676364463432,0
2016-12-23,0.01849868376813875,1,0.06338170258933823,0
2016-12-27,-0.09071137942601457,1,-0.3138119804662718,0
2016-12-28,0.22084021321476643,3,0.762236226566618,0
2016-12-29,-0.03041756278575668,1,-0.10556700652474915,0
2016-12-30,0.3731238879619211,3,1.2881991137504156,0
2017-01-03,-0.011999968690590113,1,-0.041955651063588235,0
2017-01-04,0.130770219068159,1,0.4511492092048799,0
2017-01-05,0.04733892598295014,1,0.1629911787040172,0
2017-01-06,-0.029126820591425462,1,-0.10110899425082953,0
2017-01-09,0.08868722201411616,1,0.3058014254149095,0
2017-01-10,-0.015146705912546576,1,-0.05282396637852233,0
2017-01-11,-0.25233632202397116,0,-0.8720380778524931,0
2017-01-12,0.107815618402265,1,0.37186777565377427,0
2017-01-13,-0.10135233886968754,1,-0.35056411270035753,0
2017-01-17,0.1369968186259623,1,0.4726548649240316,0
2017-01-18,-0.10421024944451873,1,-0.3604348680505098,0
2017-01-19,-0.12062732051809749,1,-0.4171367444354729,0
2017-01-20,-0.11033709178089052,1,-0.38159597865483763,0
2017-01-23,0.12500969660914735,1,0.4312533074986763,0
2017-01-24,-0.3979422941761586,0,-1.3749372732621379,0
2017-01-25,-0.22003506818247248,1,-0.7604748340685509,0
2017-01-26,0.12659517900181164,1,0.4367293041753349,0
2017-01-27,-0.11911686043773922,1,-0.4119198625460637,0
2017-01-30,-0.010518138291023937,1,-0.03683765140560383,0
2017-01-31,0.14006486627607415,1,0.4832513993375173,0
2017-02-01,-0.012526872570016806,1,-0.04377549082088162,0
2017-02-02,-0.07116286774150543,1,-0.24629462075714947,0
2017-02-03,-0.10823167539299927,1,-0.3743242150600991,0
2017-02-06,0.0739070531763252,1,0.2547531414284885,0
2017-02-07,-0.1900787922168529,1,-0.6570107600480606,0
2017-02-08,-0.03592332885733221,1,-0.12458302136660641,0
2017-02-09,0.030929366798444657,1,0.10631524715438685,0
2017-02-10,-0.08318560404453973,1,-0.2878191840978534,0
2017-02-13,-0.032490693070646975,1,-0.11272725920422712,0
2017-02-14,0.1008566941412872,1,0.3478327902748465,0
2017-02-15,-0.14886829266212054,1,-0.5146764398126039,0
2017-02-16,-0.03690905444544917,1,-0.12798755620698088,0
2017-02-17,-0.121377124373478,1,-0.41972644422602673,0
2017-02-21,-0.10416424614982636,1,-0.3602759802003411,0
2017-02-22,0.10403216365341063,1,0.3588003422171913,0
2017-02-23,0.21855139514606736,1,0.7543310235850759,0
2017-02-24,-0.15812811126388485,1,-0.5466583376402514,0
2017-02-27,0.12731456661955143,1,0.4392139512595278,0
2017-02-28,0.0560243131256391,1,0.1929890842934545,0
2017-03-01,-0.20787863753702562,1,-0.7184885123518937,0
2017-03-02,0.03638813094974147,1,0.12516892505675262,0
2017-03-03,0.028507539470184348,1,0.09795065196092725,0
2017-03-06,-0.003396643094799756,1,-0.01224117262551975,0
2017-03-07,-0.03432326625026863,1,-0.11905666701586391,0
2017-03-08,0.016157381877826657,1,0.055295229078359084,0
2017-03-09,-0.06914413742752162,1,-0.2393222566731378,0
2017-03-10,-0.2770906344220236,0,-0.9575354211543732,0
2017-03-13,-0.05374733273277141,1,-0.18614421336612086,0
2017-03-14,0.1238191295620964,1,0.42714128378705707,0
2017-03-15,-0.11013944355476668,1,-0.38091333403234967,0
2017-03-16,0.0876764406031722,1,0.302310351863562,0
2017-03-17,-0.08014355358640714,1,-0.2773124397303117,0
2017-03-20,-0.055317310479365306,1,-0.19156665953301222,0
2017-03-21,0.15963423652268893,1,0.5508408011060777,0
2017-03-22,-0.11222431631160266,1,-0.388114143287951,0
2017-03-23,0.14962915936451535,1,0.5162849022065605,0
2017-03-24,0.049934188296127696,1,0.17195478994799707,0
2017-03-27,0.01531127111488706,1,0.052372900992358445,0
2017-03-28,0.04186491481376042,1,0.14408484009744127,0
2017-03-29,-0.00681649012644335,1,-0.02405276452121514,0
2017-03-30,0.129738774964597,1,0.447586770095245,0
2017-03-31,0.020127106450046214,1,0.06900600799668878,0
2017-04-03,0.19919728511186124,1,0.6874850953569475,0
2017-04-04,-0.11009012782547462,1,-0.38074300557524426,0
2017-04-05,0.07425200510767216,1,0.2559445489385325,0
2017-04-06,0.07515648733263366,1,0.25906848250026887,0
2017-04-07,-0.004324121781428519,1,-0.015444532201854216,0
2017-04-10,0.053479166538018354,1,0.18419856456273717,0
2017-04-11,0.07551324165261679,1,0.26030065352887827,0
2017-04-12,0.24904531529224522,3,0.8596520326050237,0
2017-04-13,0.094915938864014,1,0.3273143939144029,0
2017-04-17,-0.07968885055487707,1,-0.2757419698840077,0
2017-04-18,-0.08601651097610695,1,-0.2975966732840574,0
2017-04-19,-0.01475959058811964,1,-0.051486933409973686,0
2017-04-20,-0.08301760430310645,1,-0.28723894048870036,0
2017-04-21,-0.13375294778070027,1,-0.46247051263222383,0
2017-04-24,-0.3519806248294228,0,-1.216193190224124,0
2017-04-25,-0.0009661918961046956,1,-0.0038467919951110366,0
2017-04-26,0.1861016944882139,1,0.6422550687948302,0
2017-04-27,-0.2732751473827148,0,-0.944357353429522,0
2017-04-28,0.11689724811644356,1,0.40323423822919074,0
2017-05-01,0.17254791159941105,1,0.5954425211445753,0
2017-05-02,0.20332146570938892,1,0.7017293401057338,0
2017-05-03,-0.06315056979844796,1,-0.2186214550937628,0
2017-05-04,-0.1749730599978328,1,-0.6048380334302353,0
2017-05-05,-0.05345933754049925,1,-0.18514952511031132,0
2017-05-08,0.02565559720252461,1,0.08810051016686833,0
2017-05-09,0.01064274835741668,1,0.03624858751962841,0
2017-05-10,-0.084110278462453,1,-0.29101285818903994,0
2017-05-11,-0.01357647757135838,1,-0.04740065469891894,0
2017-05-12,-0.0620822585811924,1,-0.21493168300774296,0
2017-05-15,-0.12171844790189784,1,-0.42090531982624807,0
2017-05-16,-0.1483809712740921,1,-0.5129933115018417,0
2017-05-17,0.3715941222422515,3,1.2829155533427217,0
2017-05-18,0.01986665626227682,1,0.0681064556779376,0
2017-05-19,-0.13945816386033483,1,-0.4821753951564623,0
2017-05-22,-0.18423734874751677,1,-0.6368353704171351,0
2017-05-23,0.04102372468798463,1,0.14117950708680743,0
2017-05-24,-0.10564424417934792,1,-0.3653876511521089,0
2017-05-25,-0.1346483026746501,1,-0.46556292188658355,0
2017-05-26,-0.06006572860639793,1,-0.2079669185351455,0
2017-05-30,-0.22714189779812066,1,-0.7850206603337493,0
2017-05-31,-0.07286821201221333,1,-0.2521846007418926,0
2017-06-01,-0.030937221477571664,1,-0.10736182258990501,0
2017-06-02,-0.07312621840758388,1,-0.2530757126016917,0
2017-06-05,0.06454548411705002,1,0.22241981417484677,0
2017-06-06,0.029954623112990242,1,0.10294864200831974,0
2017-06-07,0.06898730660874197,1,0.23776114203528362,0
2017-06-08,0.023340551976720747,1,0.08010472287747855,0
2017-06-09,0.5443006189375797,3,1.8794155247815254,0
2017-06-12,0.1359740515923502,1,0.4691223949937637,0
2017-06-13,-0.10847879160082946,1,-0.37517771399461114,0
2017-06-14,0.18344026393282353,1,0.6330629232724918,0
2017-06-15,0.11866538430919575,1,0.4093410912350576,0
2017-06-16,0.07038031060487412,1,0.24257234983467987,0
2017-06-19,-0.15732533672844073,1,-0.5438856857908599,0
2017-06-20,0.1823320040195054,1,0.6292351749289697,0
2017-06-21,0.03774718344213587,1,0.12986286991933188,0
2017-06-22,0.07113815560044265,1,0.24518982240729037,0
2017-06-23,-0.10935888726683839,1,-0.3782174203732534,0
2017-06-26,0.10873584027868703,1,0.3750460713954304,0
2017-06-27,0.4429135885095433,3,1.5292413164465775,0
2017-06-28,-0.09697317852489123,1,-0.3354392096389222,0
2017-06-29,0.5123575692041595,3,1.7690894593569764,0
2017-06-30,-0.10759549000009597,1,-0.3721269348421693,0
2017-07-03,0.3071617202002142,3,1.0603765828162677,0
2017-07-05,-0.17900087148499633,1,-0.6187494350452675,0
2017-07-06,-0.07706540068495671,1,-0.2666810034327036,0
2017-07-07,-0.15911665782065298,1,-0.5500726156446183,0
2017-07-10,-0.19972158014085029,1,-0.6903153712312858,0
2017-07-11,-0.08285930937291085,1,-0.28669221570910414,0
2017-07-12,-0.10019471644794259,1,-0.34656587433225533,0
2017-07-13,0.09001988240159256,1,0.3104042162668925,0
2017-07-14,-0.12969452489057548,1,-0.4484533842417578,0
2017-07-17,0.056555196204761474,1,0.19482266755519176,0
2017-07-18,-0.10939364166946082,1,-0.3783374563914017,0
2017-07-19,-0.019842189064859322,1,-0.06904139664223112,0
2017-07-20,0.0038568027866295596,1,0.01281104222392044,0
2017-07-21,-0.012413066820712436,1,-0.043382424390211186,0
2017-07-24,0.015630763148431752,1,0.053476374182602884,0
2017-07-25,-0.05531787734142633,1,-0.19156861738178851,0
2017-07-26,0.009381386617219462,1,0.031892050525371876,0
2017-07-27,0.1504274654635482,1,0.5190421208079694,0
2017-07-28,0.10305173597457574,1,0.3554141054883292,0
2017-07-31,0.05036222434765463,1,0.1734331564101517,0
2017-08-01,0.04398643628820118,1,0.15141222802508345,0
2017-08-02,-0.02109135464866041,1,-0.07335581010853033,0
2017-08-03,-0.06307650619256082,1,-0.21836565152156553,0
2017-08-04,0.017566799388845894,1,0.06016312647165423,0
2017-08-07,-0.17854965762133854,1,-0.6171910162136964,0
2017-08-08,0.12162586435905134,1,0.4195661047636412,0
2017-08-09,-0.05468804086240067,1,-0.18939326527321848,0
2017-08-10,0.2733971023398456,3,0.9437591192307371,0
2017-08-11,-0.21150969436851397,1,-0.7310295883259862,0
2017-08-14,-0.17807065172940745,1,-0.6155366082653957,0
2017-08-15,0.03582234102592936,1,0.12321477926691787,0
2017-08-16,-0.14347389465724805,1,-0.4960450720447056,0
2017-08-17,0.3166724627926141,3,1.093225131036989,0
2017-08-18,-0.03180525742189838,1,-0.11035987666376051,0
2017-08-21,0.16317845555649613,1,0.5630819535403627,0
2017-08-22,-0.32309910609363024,0,-1.116441151762009,0
2017-08-23,0.1697208523624737,1,0.5856783212658422,0
2017-08-24,0.23651489462843378,3,0.8163740105786415,0
2017-08-25,0.05763623304729565,1,0.1985563918680269,0
2017-08-28,-0.1726282681534902,1,-0.5967395061892613,0
2017-08-29,-0.13035454143658384,1,-0.4507329733618918,0
2017-08-30,-0.1520553813453761,1,-0.5256841224702437,0
2017-08-31,0.030969821599016678,1,0.10645497141402685,0
2017-09-01,0.041477313461311824,1,0.1427461284676576,0
2017-09-05,-0.07226595686473186,1,-0.25010451003803613,0
2017-09-06,0.007099212982790135,1,0.0240097963322538,0
2017-09-07,-0.23574005916455043,1,-0.8147173023688739,0
2017-09-08,0.09482042975586938,1,0.32698452108755194,0
2017-09-11,-0.1100144276995052,1,-0.38048154973054416,0
2017-09-12,-0.07174294236342943,1,-0.24829810355618073,0
2017-09-13,0.13251990305430142,1,0.4571923313093254,0
2017-09-14,-0.03885069183265055,1,-0.13469365394025434,0
2017-09-15,-0.1644852375062492,1,-0.5686148111636111,0
2017-09-18,-0.1492115899597108,1,-0.5158621324884785,0
2017-09-19,-0.11935953625663445,1,-0.4127580251039857,0
2017-09-20,0.17395962739923682,1,0.6003183564512303,0
2017-09-21,0.13396924164152066,1,0.4621981095656382,0
2017-09-22,-0.10611474001184491,1,-0.3670126667480284,0
2017-09-25,0.19185045132981332,1,0.6621103339842574,0
2017-09-26,0.0033785986263268966,1,0.011159403325439028,0
2017-09-27,-0.19710366521734612,1,-0.6812735215789578,0
2017-09-28,-0.03227748284036306,1,-0.11199086596651833,0
2017-09-29,-0.027116748723359896,1,-0.09416653502182772,0
2017-10-02,-0.1544914953863987,1,-0.5340980616311725,0
2017-10-03,0.062435488209897194,1,0.21513223367014245,0
2017-10-04,-0.010948603461089307,1,-0.03832440764559847,0
2017-10-05,0.058625044044761446,1,0.20197158320728054,0
2017-10-06,-0.04850953245740371,1,-0.16805370852442603,0
2017-10-09,-0.024862204920882605,1,-0.08637970974589347,0
2017-10-10,-0.03936661812806033,1,-0.1364755789191355,0
2017-10-11,-0.07392890650806211,1,-0.2558480659188584,0
2017-10-12,-0.23724210882599853,1,-0.8199051360479626,0
2017-10-13,-0.02129510974240064,1,-0.07405954685220921,0
2017-10-16,0.006211099157046835,1,0.020942396542280438,0
2017-10-17,0.06297348532018923,1,0.2169903876311338,0
2017-10-18,-0.012603404325004813,1,-0.04403981897609307,0
2017-10-19,-0.007686163641661775,1,-0.027056474496897295,0
2017-10-20,-0.10025566720435308,1,-0.34677638826863705,0
2017-10-23,-0.0983487287656625,1,-0.34019013502408696,0
2017-10-24,-0.0951002786841848,1,-0.32897052014046085,0
2017-10-25,0.15522718975805966,1,0.5356195829149155,0
2017-10-26,-0.31270474004961324,0,-1.0805407127685736,0
2017-10-27,-0.19868741378848542,1,-0.6867435299198564,0
2017-10-30,0.17313628976414167,1,0.5974746830213585,0
2017-10-31,-0.1927240729749861,1,-0.6661471268140292,0
2017-11-01,0.17518190800324668,1,0.6045399135977937,0
2017-11-02,-0.018777679100812197,1,-0.06536475346261407,0
2017-11-03,-0.027539653586745587,1,-0.09562717920000194,0
2017-11-06,0.1499696433340117,1,0.5174608781076768,0
2017-11-07,-0.22079659530889406,1,-0.7631050241184463,0
2017-11-08,-0.2131560964588195,1,-0.7367159916671212,0
2017-11-09,0.39900632848295536,3,1.3775928269400197,0
2017-11-10,-0.21029580640373638,1,-0.7268370179816459,0
2017-11-13,-0.04731736132049999,1,-0.16393614454900857,0
2017-11-14,-0.1080376553322886,1,-0.3736541015270996,0
2017-11-15,0.2705929449360568,3,0.934074018535187,0
2017-11-16,-0.3954751366300028,0,-1.3664161149155984,0
2017-11-17,0.16516965000284778,1,0.5699592132445717,0
2017-11-20,-0.22656767077191614,1,-0.783037374173214,0
2017-11-21,-0.05030441535312316,1,-0.17425294026451152,0
2017-11-22,0.04919492958472654,1,0.16940151135874637,0
2017-11-24,-0.0435376420022357,1,-0.15088161267827827,0
2017-11-27,-0.067583564260552,1,-0.23393229238495172,0
2017-11-28,-0.13475947636975305,1,-0.46594689763284997,0
2017-11-29,0.5486682048445158,3,1.894500451629065,0
2017-11-30,-0.24039230616417795,1,-0.830785402037988,0
2017-12-01,0.22604409611505608,3,0.7802095863463004,0
2017-12-04,0.2370204122471402,3,0.8181199856918542,0
2017-12-05,-0.04639818563328463,1,-0.16076146217363482,0
2017-12-06,-0.12790822701603582,1,-0.44228380375965354,0
2017-12-07,-0.05519211063470231,1,-0.19113423976192875,0
2017-12-08,0.0594775347784719,1,0.2049159466680668,0
2017-12-11,-0.0022863693145981356,1,-0.008406468715406599,0
2017-12-12,0.3259943443180426,3,1.1254213840446758,0
2017-12-13,-0.15226781058108874,1,-0.5264178182805344,0
2017-12-14,0.11928621247601895,1,0.41148533010773725,0
2017-12-15,-0.15893913800043324,1,-0.5494594912415584,0
2017-12-18,-0.07456826125257565,1,-0.2580562925584988,0
2017-12-19,-0.08517282193334383,1,-0.29468270942316555,0
2017-12-20,-0.1735369374624999,1,-0.5998779012539692,0
2017-12-21,0.1494593672567804,1,0.5156984680575714,0
2017-12-22,0.057769515725070913,1,0.19901672842170318,0
2017-12-26,0.15481388555850273,1,0.5341920978581943,0
2017-12-27,-0.05864916572835881,1,-0.20307434221369863,0
2017-12-28,0.04268208871347817,1,0.1469072249941836,0
2017-12-29,0.11234332583889584,1,0.38750573605660726,0
2018-01-02,-0.10653766483387764,1,-0.3684733798601027,0
2018-01-03,-0.13641360896427374,1,-0.47166000087023546,0
2018-01-04,-0.3371127188590002,0,-1.1648418765421773,0
2018-01-05,-0.11989333294503388,1,-0.41460167149527394,0
2018-01-08,-0.19748182064835945,1,-0.6825796085421877,0
2018-01-09,0.03244431962619052,1,0.11154764625791165,0
2018-01-10,0.3440002515985692,3,1.1876108406318893,0
2018-01-11,-0.10305464909321077,1,-0.35644361358272975,0
2018-01-12,-0.14161800742093344,1,-0.48963514129723507,0
2018-01-16,0.08756094810033743,1,0.30191145966228095,0
2018-01-17,-0.30380862451976165,0,-1.0498149858213468,0
2018-01-18,-0.06991865048574548,1,-0.241997298005975,0
2018-01-19,-0.009496056785828821,1,-0.03330754917828265,0
2018-01-22,0.11650218568036369,1,0.4018697572377553,0
2018-01-23,0.052870248992155894,1,0.18209546302535667,0
2018-01-24,0.14001122642220987,1,0.4830661360619008,0
2018-01-25,-0.12105046050277159,1,-0.4185982006840932,0
2018-01-26,-0.31819054473251485,0,-1.0994877842411788,0
2018-01-29,0.16350303482888034,1,0.564202997220893,0
2018-01-30,0.04256450769748826,1,0.14650111941030708,0
2018-01-31,0.09570888751125334,1,0.3300531087542106,0
2018-02-01,-0.020422297717299864,1,-0.0710449969770965,0
2018-02-02,0.477258589783347,3,1.6478633293464764,0
2018-02-05,0.5711755598036967,3,1.972237171713189,0
2018-02-06,-0.33766633486799824,0,-1.166753975622839,0
2018-02-07,0.2258713625027996,3,0.7796129927221516,0
2018-02-08,0.33575155170943916,3,1.1591211813404192,0
2018-02-09,-0.2355859288664548,1,-0.8141849615468948,0
2018-02-12,-0.3073353172048661,0,-1.0619956051158794,0
2018-02-13,0.025278910804154203,1,0.08679949700193966,0
2018-02-14,-0.28328030657594494,0,-0.9789135356646973,0
2018-02-15,-0.338316005412387,0,-1.168997831346785,0
2018-02-16,0.11999523577436223,1,0.4139341805291392,0
2018-02-20,0.052358227061848506,1,0.18032702308448292,0
2018-02-21,0.036620195203051695,1,0.1259704370040172,0
2018-02-22,-0.11209271494096175,1,-0.3876596136939248,0
2018-02-23,-0.19242046616214892,1,-0.6650985185760573,0
2018-02-26,-0.2786601690236019,0,-0.9629563367709135,0
2018-02-27,0.004339527263748089,1,0.014478293556810242,0
2018-02-28,0.22564627780472352,3,0.7788355870162704,0
2018-03-01,0.29368831790391825,3,1.0138416565760469,0
2018-03-02,-0.12794544092340684,1,-0.4424123345046382,0
2018-03-05,-0.19439789039349548,1,-0.6719282182115113,0
2018-03-06,-0.12215843984914648,1,-0.42242497999531575,0
2018-03-07,0.10863720845588319,1,0.3747054132232642,0
2018-03-08,-0.05806657420258868,1,-0.20106216644074304,0
2018-03-09,-0.31890996739071986,0,-1.1019725523494033,0
2018-03-12,0.04978580448184551,1,0.17144229654054033,0
2018-03-13,0.07697804606918068,1,0.2653598482283411,0
2018-03-14,0.04762866456601225,1,0.1639918883462616,0
2018-03-15,0.001838382226545733,1,0.005839747979179588,0
2018-03-16,-0.002556257688630853,1,-0.009338618984693695,0
2018-03-19,0.21656721985569183,1,0.7474780068967315,0
2018-03-20,-0.17856388543516494,1,-0.6172401567538814,0
2018-03-21,0.06546339836137993,1,0.22559013973296385,0
2018-03-22,0.34525919969351593,3,1.19195904129051,0
2018-03-23,0.28160464829187737,3,0.9721066395594385,0
2018-03-26,-0.503639377445037,0,-1.7399976986511978,0
2018-03-27,0.49840559172153787,3,1.7209016127551189,0
2018-03-28,0.4812782425248417,3,1.6617465519893704,0
2018-03-29,-0.4575840668523145,0,-1.5809301940765,0
2018-04-02,0.5001808726409444,3,1.7270331424774197,0
2018-04-03,-0.13357361443937166,1,-0.4618511246240863,0
2018-04-04,-0.09953047971154333,1,-0.34427170936526086,0
2018-04-05,0.024625558157870514,1,0.08454292390072504,0
2018-04-06,0.4245626256916256,3,1.4658600945110012,0
2018-04-09,-0.05816170370166561,1,-0.2013907281600076,0
2018-04-10,-0.3665331546678394,0,-1.2664552463660612,0
2018-04-11,0.03264371188382681,1,0.1122363144797851,0
2018-04-12,-0.19713366048614858,1,-0.6813771203278545,0
2018-04-13,0.027243311949817273,1,0.09358421703102743,0
2018-04-16,-0.15104585896574785,1,-0.5221973974069857,0
2018-04-17,-0.28618396490914483,0,-0.9889422962843818,0
2018-04-18,0.009503176779755429,1,0.032312693812476416,0
2018-04-19,0.4761306863075757,3,1.643967735353448,0
2018-04-20,0.3416310890204711,3,1.1794281408654619,0
2018-04-23,0.22957475578377373,3,0.7924039069529275,0
2018-04-24,0.508405353229881,3,1.7554391522701736,0
2018-04-25,0.07295851000631348,1,0.2514770285743287,0
2018-04-26,-0.1571979737407993,1,-0.5434457948779865,0
2018-04-27,0.28463049919928274,3,0.9825574333302683,0
2018-04-30,0.17370237549281575,1,0.59942985047277,0
2018-05-01,0.11012012002730406,1,0.3798271470718714,0
2018-05-02,0.15427269591565007,1,0.532322917412284,0
2018-05-03,-0.1979528609579551,1,-0.6842065046728875,0
2018-05-04,-0.27381888071657934,0,-0.9462353193678427,0
2018-05-07,-0.051497963301061794,1,-0.17837525951989072,0
2018-05-08,-0.18638028584943975,1,-0.6442367244168471,0
2018-05-09,-0.11276847990388761,1,-0.38999359526843225,0
2018-05-10,-0.1346085907511076,1,-0.46542576340261127,0
2018-05-11,-0.0006314491627230079,1,-0.002690645383824207,0
2018-05-14,-0.04172365172363229,1,-0.14461638716515796,0
2018-05-15,0.01547783464595176,1,0.05294818416597358,0
2018-05-16,-0.13364739060346081,1,-0.46210593541936096,0
2018-05-17,0.028385608566867115,1,0.0975295225782003,0
2018-05-18,0.04770738675353235,1,0.16426378189691465,0
2018-05-21,-0.12573947669529856,1,-0.434793295127197,0
2018-05-22,0.25937684720198273,3,0.8953354527831844,0
2018-05-23,-0.08910097397243455,1,-0.3082499036165515,0
2018-05-24,-0.1305151559837696,1,-0.4512877097189031,0
2018-05-25,0.003655916180101651,1,0.012117212765566446,0
2018-05-29,-0.045775515654909005,1,-0.158610861985316,0
2018-05-30,-0.015143992137918283,1,-0.052814593445139724,0
2018-05-31,0.3104794847699368,3,1.0718355985970778,0
2018-06-01,-0.1484723534974678,1,-0.5133089307441784,0
2018-06-04,0.04313401522713209,1,0.1484681052021966,0
2018-06-05,-0.20664016879448796,1,-0.7142110440244873,0
2018-06-06,0.16025331445563434,1,0.5529789949574172,0
2018-06-07,0.06703384600268208,1,0.23101420883926638,0
2018-06-08,-0.01420565716285499,1,-0.04957373802548124,0
2018-06-11,-0.01747483426970354,1,-0.06086494066219306,0
2018-06-12,-0.10668261330152459,1,-0.3689740081425699,0
2018-06-13,-0.07785553196268596,1,-0.2694099875393632,0
2018-06-14,0.030831336415928265,1,0.10597666625853139,0
2018-06-15,-0.042940977370002215,1,-0.14882083069904745,0
2018-06-18,0.07935000130528856,1,0.27355219337843956,0
2018-06-19,0.18725072280882893,1,0.6462236245442896,0
2018-06-20,0.11999968816601186,1,0.4139495583611413,0
2018-06-21,0.28348841223685645,3,0.9786128518958495,0
2018-06-22,0.06615585319934647,1,0.22798176540410675,0
2018-06-25,0.12916443492049456,1,0.4456030935893888,0
2018-06-26,-0.019128800624462136,1,-0.06657746973464997,0
2018-06-27,0.1705175035019016,1,0.5884298239076551,0
2018-06-28,-0.03625551433097965,1,-0.12573033562133673,0
2018-06-29,-0.10383480921262109,1,-0.35913815894060874,0
2018-07-02,-0.12505546516266217,1,-0.4324308312506864,0
2018-07-03,0.24020383112309235,3,0.8291149934357324,0
2018-07-05,-0.2950909284556527,0,-1.0197054905055645,0
2018-07-06,-0.05928381321788728,1,-0.20526631076509178,0
2018-07-09,0.029095907031748913,1,0.0999827772161104,0
2018-07-10,-0.1671612302774255,1,-0.5778572521957689,0
2018-07-11,0.14195949073096642,1,0.48979512209754866,0
2018-07-12,-0.24154671494284197,1,-0.8347725410088893,0
2018-07-13,-0.10882034249889835,1,-0.376357374892385,0
2018-07-16,0.2606230845285115,3,0.8996397525281545,0
2018-07-17,-0.31960366181559996,0,-1.1043684593508531,0
2018-07-18,0.07827942680142994,1,0.26985460427094154,0
2018-07-19,0.0011840759370290999,1,0.0035798811503282165,0
2018-07-20,-0.04037304349627696,1,-0.13995160741188847,0
2018-07-23,0.288758081480809,3,0.9968134269388071,0
2018-07-24,0.001036354391480844,1,0.003069675110680062,0
2018-07-25,-0.2505812088231599,0,-0.8659762041292209,0
2018-07-26,-0.3008176395694704,0,-1.0394846133596205,0
2018-07-27,0.13843915667763185,1,0.477636464476385,0
2018-07-30,0.4274429456921216,3,1.4758082483494837,0
2018-07-31,-0.2204404819444863,1,-0.7618750668454842,0
2018-08-01,0.2638430309039706,3,0.9107609202766043,0
2018-08-02,-0.29541732329656245,0,-1.0208328048626143,0
2018-08-03,0.04895088452410147,1,0.16855861966400346,0
2018-08-06,-0.1578816129526041,1,-0.5458069728192854,0
2018-08-07,-0.09671417510840416,1,-0.33454465423137647,0
2018-08-08,0.04686897773748294,1,0.16136805438407095,0
2018-08-09,0.10575992885619659,1,0.36476776043153264,0
2018-08-10,0.05984712049315721,1,0.20619243523376848,0
2018-08-13,0.04724800471305002,1,0.1626771515195374,0
2018-08-14,0.031636213998228635,1,0.10875658168754311,0
2018-08-15,0.1583130385754637,1,0.54627759964658,0
2018-08-16,-0.0797026280362213,1,-0.27578955504950864,0
2018-08-17,0.040759248433397816,1,0.14026604939224493,0
2018-08-20,0.006503566122822213,1,0.021952529571841947,0
2018-08-21,-0.05784597606072012,1,-0.2003002565656549,0
2018-08-22,0.04723617334763483,1,0.1626362879199202,0
2018-08-23,-0.027665303860389984,1,-0.09606115467906212,0
2018-08-24,-0.17151304605261444,1,-0.5928877115894678,0
2018-08-27,-0.11052103875680819,1,-0.3822313014016982,0
2018-08-28,0.15632812170351662,1,0.5394220216568676,0
2018-08-29,-0.09444240416882083,1,-0.3266983292435706,0
2018-08-30,0.046069132740776175,1,0.15860552068197914,0
2018-08-31,-0.021590570103813815,1,-0.07508001858035251,0
2018-09-04,-0.09324208356410507,1,-0.3225526183402139,0
2018-09-05,-0.015546324104115744,1,-0.054204182203743706,0
2018-09-06,0.05843478657532547,1,0.20131446504869277,0
2018-09-07,0.029733439237609544,1,0.102184709105552,0
2018-09-10,-0.20480406932232226,1,-0.7078694569755778,0
2018-09-11,0.1345204053854715,1,0.4641017389242069,0
2018-09-12,0.006126801578807517,1,0.020651246504648568,0
2018-09-13,-0.0862098459230204,1,-0.298264420546139,0
2018-09-14,-0.052366822242873375,1,-0.18137615609235289,0
2018-09-17,0.26465833614662604,3,0.9135768511377103,0
2018-09-18,-0.06320342885812641,1,-0.21880402163405974,0
2018-09-19,0.2037611332421883,1,0.7032478798003932,0
2018-09-20,-0.0729555582116296,1,-0.2524862802180794,0
2018-09-21,0.03157035352229813,1,0.10852911038354929,0
2018-09-24,-0.042886100701810925,1,-0.14863129566918398,0
2018-09-25,0.24629030819299283,3,0.8501366890165494,0
2018-09-26,0.045470409541119416,1,0.15653762874780924,0
2018-09-27,0.03592830282016969,1,0.12358075396067511,0
2018-09-28,0.04639399596350298,1,0.1597275450805164,0
2018-10-01,-0.0829094139424141,1,-0.28686526869118373,0
2018-10-02,-0.09649095649617759,1,-0.33377369368058346,0
2018-10-03,0.077962239154077,1,0.2687590900534276,0
2018-10-04,0.3273443511211239,3,1.1300840865769424,0
2018-10-05,0.2067028243428411,1,0.7134079993737562,0
2018-10-08,0.28077326153313453,3,0.9692351657739471,0
2018-10-09,0.28598189263676305,3,0.9872249250707884,0
2018-10-10,0.6748072702262509,3,2.3301641373458613,0
2018-10-11,0.0794645018072816,1,0.2739476593711813,0
2018-10-12,-0.44053627986826155,0,-1.5220499281706865,0
2018-10-15,0.05610461224385815,1,0.19326642430463378,0
2018-10-16,-0.27931635573372904,0,-0.9652226982647713,0
2018-10-17,0.2616732933888771,3,0.9032670020364229,0
2018-10-18,0.3035478435957938,3,1.0478948445344531,0
2018-10-19,9.521391686140301e-06,1,-0.0004768380012759076,0
2018-10-22,-0.35633356609066524,0,-1.2312275368624352,0
2018-10-23,0.26538249075788406,3,0.916077962637266,0
2018-10-24,0.6204402457707399,3,2.1423893335286386,0
2018-10-25,0.025464715350346,1,0.08744123549248484,0
2018-10-26,0.19517639872546555,1,0.673597611906485,0
2018-10-29,0.4076323399961452,3,1.4073856588236144,0
2018-10-30,-0.5508357258473148,0,-1.9030061610580211,0
2018-10-31,-0.103712904880219,1,-0.3587171213294737,0
2018-11-01,-0.500026178229723,0,-1.7275182999604837,0
2018-11-02,-0.05919989800409641,1,-0.20497648135168042,0
2018-11-05,0.03879605088401414,1,0.13348548638770472,0
2018-11-06,-0.19328779498040793,1,-0.6680941303522154,0
2018-11-07,-0.19873392986763816,1,-0.68690418884362,0
2018-11-08,0.09297113562785206,1,0.32059736185699755,0
2018-11-09,0.3007410241536413,3,1.0382005495941105,0
2018-11-12,0.5959031847707347,3,2.057642340996474,0
2018-11-13,-0.09122364321129597,1,-0.31558125573463963,0
2018-11-14,-0.00732385516979478,1,-0.02580512033677006,0
2018-11-15,-0.5315483739283872,0,-1.836390804433271,0
2018-11-16,0.10067686216690354,1,0.34721168006975167,0
2018-11-19,0.589406491256659,3,2.035203824960629,0
2018-11-20,0.22787677752455238,3,0.7865393679662094,0
2018-11-21,-0.031451388379005574,1,-0.1091376709099665,0
2018-11-23,0.001988241500792326,1,0.006357337383853967,0
2018-11-26,-0.15605993127505868,1,-0.5395151824731274,0
2018-11-27,0.07888964447570174,1,0.2719621962390463,0
2018-11-28,-0.36119225806456,0,-1.248008663682296,0
2018-11-29,0.07513537335674775,1,0.2589955582834392,0
2018-11-30,-0.2478626784501758,0,-0.8565868451828623,0
2018-12-03,-0.2368877100945792,1,-0.818681100836696,0
2018-12-04,0.4829196286461197,3,1.6674156309944852,0
2018-12-06,0.250729330744207,3,0.8654683463408629,0
2018-12-07,0.44753214038133093,3,1.545193038659263,0
2018-12-10,-0.43358651019726635,0,-1.4980465612471594,0
2018-12-11,-0.16307457486919352,1,-0.5637426133087852,0
2018-12-12,-0.27866622900960575,0,-0.9629772669706882,0
2018-12-13,-0.025937635583686447,1,-0.09009407123154486,0
2018-12-14,0.41823534688997976,3,1.4440067091625322,0
2018-12-17,0.28868553858841317,3,0.9965628756621026,0
2018-12-18,-0.09012661015838663,1,-0.31179228312938645,0
2018-12-19,0.3287558326605676,3,1.134959112786581,0
2018-12-20,0.11253872086525119,1,0.3881805984958927,0
2018-12-21,0.25746392806741614,3,0.8887285431939831,0
2018-12-24,0.46127903075663257,3,1.5926725479605572,0
2018-12-26,-0.5930027640163096,0,-2.048644209103406,0
2018-12-27,-0.36448065605332436,0,-1.2593662520991216,0
2018-12-28,0.059512614749845344,1,0.2050371071473929,0
2018-12-31,-0.07913747555979783,1,-0.2738376108986185,0
2019-01-02,0.003886078257207548,1,0.012912154907564494,0
2019-01-03,0.8424402228492013,2,2.909140917983072,0
2019-01-04,-0.6004277145734687,0,-2.074288773031381,0
2019-01-07,-0.12532521745339548,1,-0.43336251151053107,0
2019-01-08,-0.02946989768434438,1,-0.10229392637581183,0
2019-01-09,-0.17005048260273353,1,-0.5878362568221325,0
2019-01-10,-0.22512851749976434,1,-0.7780667743280384,0
2019-01-11,0.07784893601318552,1,0.2683677595499496,0
2019-01-14,0.3449239716560528,3,1.1908012185183592,0
2019-01-15,0.05029721447192981,1,0.17320862294004427,0
2019-01-16,0.2905832373276504,3,1.0031172164970705,0
2019-01-17,-0.19840585754735257,1,-0.6857710807473715,0
2019-01-18,-0.3934946150820541,0,-1.3595757176555614,0
2019-01-22,0.4604430908144696,3,1.5897853482247857,0
2019-01-23,0.060832024690002345,1,0.20959413312313324,0
2019-01-24,-0.2828272213299122,0,-0.9773486533847062,0
2019-01-25,-0.01882570971564823,1,-0.06553064334473255,0
2019-01-28,0.357230397003001,3,1.2333055973832623,0
2019-01-29,0.05894113109728907,1,0.2030632961504104,0
2019-01-30,-0.25309882347226464,0,-0.8746716330506596,0
2019-01-31,-0.24813664542203862,0,-0.8575330822614804,0
2019-02-01,-0.1395321798100397,1,-0.4824310341320062,0
2019-02-04,-0.1507566064317365,1,-0.5211983664986073,0
2019-02-05,-0.03431229573379935,1,-0.11901877664760441,0
2019-02-06,-0.12291023700842992,1,-0.42502156433129157,0
2019-02-07,0.287377139748367,3,0.9920438802238769,0
2019-02-08,-0.24838432991773945,0,-0.8583885439692819,0
2019-02-11,-0.09424181251400203,1,-0.326005518500143,0
2019-02-12,-0.5035551595239522,0,-1.73970682373634,0
2019-02-13,0.03821742593714769,1,0.1314870105290432,0
2019-02-14,0.0045933254682110625,1,0.01535487101400024,0
2019-02-15,-0.078651465491062,1,-0.27215901167005957,0
2019-02-19,0.010120197886620913,1,0.03444378372319172,0
2019-02-20,-0.07027799673426727,1,-0.24323842113151684,0
2019-02-21,-0.0179117782753557,1,-0.062374073739865636,0
2019-02-22,-0.06309494351688416,1,-0.21842933102200543,0
2019-02-25,-0.09771496305727213,1,-0.33800121200041716,0
2019-02-26,0.009317877881889647,1,0.03167270174848609,0
2019-02-27,-0.04025121484714554,1,-0.1395308311983826,0
2019-02-28,0.07126434496172329,1,0.2456256598068097,0
2019-03-01,-0.052167504235146656,1,-0.18068774431751405,0
2019-03-04,0.02505354387921606,1,0.08602111653067107,0
2019-03-05,0.1774739133014958,1,0.6124561247485244,0
2019-03-06,-0.011302542617609546,1,-0.03954685556038561,0
2019-03-07,0.09213217616950015,1,0.31769973320653594,0
2019-03-08,0.006617551682457659,1,0.02234621703796504,0
2019-03-11,-0.30162864596339023,0,-1.042285696700818,0
2019-03-12,0.085353596339338,1,0.29428762797334157,0
2019-03-13,-0.08721418084191934,1,-0.3017332289691079,0
2019-03-14,0.19767073222812503,1,0.6822126315586987,0
2019-03-15,-0.22602997336075778,1,-0.7811802553239764,0
2019-03-18,-0.08497887213003491,1,-0.2940128385477322,0
2019-03-19,-0.020005383762615625,1,-0.06960504441700086,0
2019-03-20,-0.028572837492244207,1,-0.09919562730075963,0
2019-03-21,-0.5216778915931585,0,-1.8022997740220776,0
2019-03-22,0.304793029698573,3,1.052195513524654,0
2019-03-25,-0.0080197440330498,1,-0.0282086065691871,0
2019-03-26,-0.08911656065509954,1,-0.308303737467289,0
2019-03-27,0.13773922789058907,1,0.4752190250084492,0
2019-03-28,0.013922637324508935,1,0.04757678716833277,0
2019-03-29,-0.28227642655283897,0,-0.9754462983773411,0
2019-04-01,-0.2179712767820371,1,-0.7533468363674161,0
2019-04-02,0.10711712582087142,1,0.3694552966050764,0
2019-04-03,-0.1647420564850464,1,-0.5695018218809191,0
2019-04-04,0.11162518450225531,1,0.38502539342334324,0
2019-04-05,-0.09173076779187633,1,-0.3173327810311416,0
2019-04-08,-0.08713854933424274,1,-0.3014720101207599,0
2019-04-09,0.10187290602842758,1,0.35134261980213033,0
2019-04-10,0.011113738727463407,1,0.037875311167300106,0
2019-04-11,-0.1915738360176818,1,-0.6621743966312715,0
2019-04-12,-0.1346663161327567,1,-0.46562513742248807,0
2019-04-15,-0.05745008211820851,1,-0.198932903687103,0
2019-04-16,-0.37577785690653476,0,-1.298384934749875,0
2019-04-17,-0.2444262868502987,0,-0.8447181110564601,0
2019-04-18,0.025618010392805812,1,0.08797069147821014,0
2019-04-22,-0.12225978153312933,1,-0.42277499758445125,0
2019-04-23,0.06019732786870963,1,0.2074019941879009,0
2019-04-24,0.04708679673934304,1,0.16212036556445222,0
2019-04-25,0.4217322535180566,3,1.4560844522913952,0
2019-04-26,0.12522095495573937,1,0.43198295924959246,0
2019-04-29,0.0027637019618387826,1,0.009035650890971997,0
2019-04-30,-0.15597755594984403,1,-0.5392306715828133,0
2019-05-01,0.3439708375143786,3,1.1875092491995154,0
2019-05-02,-0.04319670620748975,1,-0.14970407624670332,0
2019-05-03,-0.10619387111812739,1,-0.36728597263715596,0
2019-05-06,0.28398197744456194,3,0.9803175453378042,0
2019-05-07,0.22269136548430302,3,0.7686298035138442,0
2019-05-08,0.12657513334822454,1,0.4366600697688651,0
2019-05-09,0.2034304895854488,1,0.7021058907289023,0
2019-05-10,-0.021728549091924704,1,-0.07555657542124829,0
2019-05-13,0.5532909383545985,3,1.910466616535982,0
2019-05-14,-0.0720531617068848,1,-0.2493695503925863,0
2019-05-15,-0.18853606536055567,1,-0.6516824339958996,0
2019-05-16,0.004160512642567449,1,0.01386000635589646,0
2019-05-17,0.26150079518747055,3,0.9026712214828181,0
2019-05-20,0.33913033041582685,3,1.1707909299626367,0
2019-05-21,-0.14461723223889683,1,-0.49999397291322084,0
2019-05-22,0.13563263796638855,1,0.46794320821137986,0
2019-05-23,0.22673489394189872,3,0.7825954889722366,0
2019-05-24,0.14429006136141243,1,0.49784453159341485,0
2019-05-28,0.153839481631951,1,0.5308266661837662,0
2019-05-29,0.027112349768135424,1,0.09313189509104508,0
2019-05-30,-0.21070571467507915,1,-0.728252774058152,0
2019-05-31,0.2615074499517132,3,0.9026942059492779,0
2019-06-03,-0.07106887920418928,1,-0.245969999733057,0
2019-06-04,-0.4966915680472449,0,-1.716001102190462,0
2019-06-05,-0.20193125037601528,1,-0.6979472105505113,0
2019-06-06,-0.19377009353956257,1,-0.6697599106341711,0
2019-06-07,-0.2370982083340112,1,-0.8194081273018938,0
2019-06-10,-0.18693345117196197,1,-0.6461472669001883,0
2019-06-11,0.18243771732682876,1,0.6296002913895875,0
2019-06-12,0.035532467885817764,1,0.12221360488664847,0
2019-06-13,0.02800646666115797,1,0.09622002849283463,0
2019-06-14,0.27560044586436044,3,0.9513691071269164,0
2019-06-17,0.20451287144769958,1,0.7058442605196893,0
2019-06-18,-0.34102394594623536,0,-1.178350614722086,0
2019-06-19,-0.08993164889169916,1,-0.3111189188249972,0
2019-06-20,-0.3391757681525524,0,-1.1719673111276039,0
2019-06-21,0.05491056049424081,1,0.18914236500071727,0
2019-06-24,-0.06338141528293625,1,-0.21941875761300128,0
2019-06-25,0.13718388744258436,1,0.47330096999771043,0
2019-06-26,-0.16432044488192638,1,-0.5680456444120251,0
2019-06-27,0.02501814194959373,1,0.08589884406025064,0
2019-06-28,-0.0034255044911736254,1,-0.012340855164637357,0
2019-07-01,-0.31201567042553047,0,-1.0781607790721022,0
2019-07-02,0.1341923293592187,1,0.4629686180281542,0
2019-07-03,-0.03761608770510161,1,-0.13042953336046903,0
2019-07-05,0.17689514428458764,1,0.6104571512955198,0
2019-07-08,0.21958726330692202,3,0.7579087426644815,0
2019-07-09,0.06948482405031844,1,0.23947948584613749,0
2019-07-10,-0.014682080341802323,1,-0.051219225705867705,0
2019-07-11,-0.03542732556743228,1,-0.12286990718781093,0
2019-07-12,-0.33194608863618835,0,-1.1469971814130826,0
2019-07-15,-0.04417780824523922,1,-0.15309264210087908,0
2019-07-16,0.06634254450375834,1,0.2286265666124018,0
2019-07-17,0.12053871121333326,1,0.4158112557407093,0
2019-07-18,-0.09287763592000281,1,-0.3212938758293202,0
2019-07-19,-0.04659236547972531,1,-0.16143212758039246,0
2019-07-22,-0.13907867870164997,1,-0.4808647155315013,0
2019-07-23,0.010238133626169654,1,0.03485111446418023,0
2019-07-24,-0.16225422163436554,1,-0.5609092475089573,0
2019-07-25,0.10613938904437176,1,0.3660783538124403,0
2019-07-26,0.05643094992538357,1,0.19439354124252595,0
2019-07-29,0.07258644463515515,1,0.2501919756810329,0
2019-07-30,0.04131868384745288,1,0.14219824774546838,0
2019-07-31,0.3758192307111201,3,1.29750838643951,0
2019-08-01,0.01979217296411373,1,0.06784920255731337,0
2019-08-02,0.42260347001703336,3,1.4590934914804272,0
2019-08-05,0.5499558625958867,3,1.8989478107418531,0
2019-08-06,-0.275337591368334,0,-0.9514806973804232,0
2019-08-07,-0.12932658520007212,1,-0.4471825807741636,0
2019-08-08,-0.3993732628282659,0,-1.379879604769317,0
2019-08-09,0.37130691630818485,3,1.2819235910555702,0
2019-08-12,0.16522938552073319,1,0.5701655299459948,0
2019-08-13,-0.38115796361316095,0,-1.316966942712793,0
2019-08-14,0.3526927842932459,3,1.2176334257883272,0
2019-08-15,-0.10357372965138394,1,-0.35823643286891416,0
2019-08-16,-0.2457789194677289,0,-0.8493898827217012,0
2019-08-19,-0.13148251032093033,1,-0.454628793265433,0
2019-08-20,0.10682320133244116,1,0.36844012953082844,0
2019-08-21,-0.20556880441506836,1,-0.7105107268160865,0
2019-08-22,0.032843908601674444,1,0.1129277611755566,0
2019-08-23,0.5430526183507249,3,1.875105135023995,0
2019-08-26,-0.10383880784416982,1,-0.3591519695594926,0
2019-08-27,-0.0879745186764288,1,-0.30435931139939904,0
2019-08-28,0.017062620480522206,1,0.05842177504498689,0
2019-08-29,-0.2827626707953661,0,-0.9771257064038463,0
2019-08-30,-0.10645888826853328,1,-0.3682012984973451,0
2019-09-03,0.2416325961147464,3,0.8340497138603953,0
2019-09-04,-0.24217758975076692,1,-0.8369514793355266,0
2019-09-05,-0.2614825759679573,0,-0.9036277419401404,0
2019-09-06,0.09483412172201001,1,0.3270318108975366,0
2019-09-09,0.31611423333443267,3,1.0912970978579655,0
2019-09-10,0.11045765331951468,1,0.380992931816602,0
2019-09-11,-0.21732453052125245,1,-0.7511130806403993,0
2019-09-12,0.012368291813755455,1,0.04220833218539081,0
2019-09-13,0.057532266176991705,1,0.198197307315022,0
2019-09-16,0.20247630359179264,1,0.6988102884854772,0
2019-09-17,-0.11225178280066929,1,-0.3882090080455442,0
2019-09-18,0.05654408981781415,1,0.19478430791254,0
2019-09-19,0.03946210772856454,1,0.13578593771034264,0
2019-09-20,0.13039786327198827,1,0.44986315323112724,0
2019-09-23,-0.0015346276158258454,1,-0.005810075930958678,0
2019-09-24,0.10021201660560974,1,0.3456061795857464,0
2019-09-25,-0.2636109860071568,0,-0.910978921842957,0
2019-09-26,-0.051289700268479683,1,-0.1776559530932996,0
2019-09-27,0.31905513057032076,3,1.101454475552369,0
2019-09-30,-0.10319855295568195,1,-0.356940633969898,0
2019-10-01,0.26851554334337513,3,0.9268990134577142,0
2019-10-02,0.3783729817895255,3,1.306328624673037,0
2019-10-03,-0.1719669583559336,1,-0.5944554503899557,0
2019-10-04,-0.32152491807737676,0,-1.1110041640128394,0
2019-10-07,0.15968301742644178,1,0.5510092823633096,0
2019-10-08,0.35821250291815565,3,1.2366976304656834,0
2019-10-09,-0.19235673317866542,1,-0.6648783952827529,0
2019-10-10,-0.05002323572778333,1,-0.17328179186133208,0
2019-10-11,-0.30139521937725444,0,-1.041479479478957,0
2019-10-14,0.11640665425164376,1,0.4015398073192906,0
2019-10-15,-0.057237051582446186,1,-0.19819713108485987,0
2019-10-16,0.21366461435106548,1,0.7374528825746157,0
2019-10-17,-0.12062596872222203,1,-0.41713207555377746,0
2019-10-18,0.22988740954455927,3,0.7934837618683324,0
2019-10-21,-0.13902472825572815,1,-0.4806783795217549,0
2019-10-22,0.13329985490553278,1,0.45988615734300314,0
2019-10-23,0.07887880477667197,1,0.27192475769281105,0
2019-10-24,-0.3215814501003422,0,-1.1111994163671486,0
2019-10-25,-0.15353200065351483,1,-0.5307841238713754,0
2019-10-28,-0.06422203696766099,1,-0.22232212732128573,0
2019-10-29,0.1088456971740431,1,0.37542549913090145,0
2019-10-30,0.05671292568236688,1,0.19536743935409323,0
2019-10-31,0.13947054254930802,1,0.4811987024626175,0
2019-11-01,-0.16554305306531436,1,-0.5722683329641431,0
2019-11-04,-0.06856708755581373,1,-0.23732922086626976,0
2019-11-05,-0.11969563360132811,1,-0.4139188503210248,0
2019-11-06,0.03941382273080239,1,0.13561916923123413,0
2019-11-07,-0.08470212312324799,1,-0.2930569927758424,0
2019-11-08,-0.04658547869409378,1,-0.16140834175003219,0
2019-11-11,0.08043205479434783,1,0.27728942902197035,0
2019-11-12,-0.11603445261816991,1,-0.4012737304577068,0
2019-11-13,-0.026933301322042136,1,-0.09353293772386616,0
2019-11-14,0.1246076449935638,1,0.4298646870252057,0
2019-11-15,0.004856020381234505,1,0.016262176246368148,0
2019-11-18,0.09608925951443859,1,0.3313668513949196,0
2019-11-19,0.045472447472288735,1,0.15654466742850484,0
2019-11-20,0.021045134653303432,1,0.07217672715028828,0
2019-11-21,0.15377903901261752,1,0.530617907269678,0
2019-11-22,0.02370818510613712,1,0.08137446753325533,0
2019-11-25,-0.11047279201579152,1,-0.3820646650551268,0
2019-11-26,-0.04686295317419947,1,-0.16236669318802135,0
2019-11-27,0.005561788796033029,1,0.018699784832757346,0
2019-11-29,0.10861959871371868,1,0.3746445920561445,0
2019-12-02,0.12715783698526006,1,0.4386726327557813,0
2019-12-03,0.1779353452707948,1,0.6140498352445074,0
2019-12-04,-0.09463889737975831,1,-0.32737698463265474,0
2019-12-05,0.003831600921148731,1,0.012723999105524969,0
2019-12-06,-0.087896943031406,1,-0.3040913778188686,0
2019-12-09,0.02704664426435363,1,0.09290495903548746,0
2019-12-10,-0.031602166849667074,1,-0.10965843506860631,0
2019-12-11,-0.3794225941652861,0,-1.3109732606805575,0
2019-12-12,-0.2597959650506589,0,-0.8978024638918474,0
2019-12-13,-0.0027569725291425595,1,-0.01003185519134194,0
2019-12-16,-0.09442357989244732,1,-0.32663331327408474,0
2019-12-17,-0.12207384550258807,1,-0.422132804968484,0
2019-12-18,0.10732026426070226,1,0.3701569035270846,0
2019-12-19,-0.10074607263062545,1,-0.34847016834270655,0
2019-12-20,-0.14703900290250638,1,-0.5083583723962515,0
2019-12-23,0.029781274075773183,1,0.10234992280708824,0
2019-12-24,0.03017631324969694,1,0.10371432345484397,0
2019-12-26,0.01977993002009923,1,0.06780691743258029,0
2019-12-27,0.027105259207137855,1,0.09310740545392392,0
2019-12-30,0.08246324706076344,1,0.2843048346499417,0
2019-12-31,0.07510340803780763,1,0.25888515530381967,0
2020-01-02,-0.28012742359376924,0,-0.9680239938998879,0
2020-01-03,0.1622665668431043,1,0.5599324391798627,0
2020-01-06,0.09179714934513719,1,0.3165426053914991,0
2020-01-07,-0.18781021602898904,1,-0.6491754692097852,0
2020-01-08,0.011222238897262038,1,0.03825005299476107,0
2020-01-09,-0.14567231043029466,1,-0.503638040293875,0
2020-01-10,0.0884299334206817,1,0.3049127927255097,0
2020-01-13,-0.21692490595910985,1,-0.7497328428122599,0
2020-01-14,0.04122791085350709,1,0.14188473268186544,0
2020-01-15,-0.03163007804948782,1,-0.10975483578435512,0
2020-01-16,-0.1631276077031008,1,-0.5639257800368256,0
2020-01-17,-0.008965953528384932,1,-0.031476659292983676,0
2020-01-21,-0.0230693035970595,1,-0.08018732203079945,0
2020-01-22,-0.06603107199923447,1,-0.22857023822222652,0
2020-01-23,-0.146327599847823,1,-0.5059013026859631,0
2020-01-24,-0.05122967952019858,1,-0.17744865125277548,0
2020-01-27,0.28173597853621635,3,0.9725602327275951,0
2020-01-28,-0.14061214266380284,1,-0.4861610490634139,0
2020-01-29,0.009195916051356806,1,0.031251465548218525,0
2020-01-30,-0.09691918883222855,1,-0.3352527380773568,0
2020-01-31,0.40606142932771017,3,1.401959990497382,0
2020-02-03,-0.24117316677659129,1,-0.8334823667840446,0
2020-02-04,-0.2284102671783398,1,-0.7894014005696492,0
2020-02-05,-0.09135944909034122,1,-0.3160503070125114,0
2020-02-06,0.038034620236804005,1,0.1308556295612142,0
2020-02-07,0.16591920501313817,1,0.5725480535649146,0
2020-02-10,-0.13661408996741617,1,-0.4723524294408841,0
2020-02-11,-0.08312645682554959,1,-0.2876148992845233,0
2020-02-12,-0.19090978267589886,1,-0.6598808650792644,0
2020-02-13,0.04616133798806474,1,0.15892398251420053,0
2020-02-14,0.11648907619577528,1,0.401824479223713,0
2020-02-18,0.025727109860306574,1,0.08834750318184278,0
2020-02-19,-0.13356736459982102,1,-0.4618295387012357,0
2020-02-20,0.16989758029162852,1,0.5862887106067786,0
2020-02-21,0.21738001988592082,1,0.7502852851641632,0
2020-02-24,0.3244195906877576,3,1.1199824427572196,0
2020-02-25,0.04926787584887804,1,0.16965345581547225,0
2020-02-26,-0.26207872301942275,0,-0.9056867362801146,0
2020-02-27,0.3609803549262034,3,1.246257338266716,0
2020-02-28,0.04635118766960222,1,0.15957969224013258,0
2020-03-02,-0.8221376206458131,0,-2.8400384997087484,0
2020-03-03,0.16432791403402636,1,0.5670519949814004,0
2020-03-04,-0.971847999144003,2,-3.3571136428390096,0
2020-03-05,-0.13570448428817294,1,-0.4692108003066523,0
2020-03-06,-0.05490697918513443,1,-0.1901494424046899,0
2020-03-09,-0.12374817632394564,1,-0.42791566957537125,0
2020-03-10,-0.4163956662094126,0,-1.4386721998654137,0
2020-03-11,-0.007287386458695977,1,-0.025679163377737874,0
2020-03-12,0.49126795005109525,3,1.696249366695897,0
2020-03-13,-0.8443314865224756,0,-2.9166924798129257,0
2020-03-16,-0.6047430369261217,0,-2.089193190116789,0
2020-03-17,-2.8953212621796776,2,-10.000475464300347,0
2020-03-18,-1.117585422545583,2,-3.8604668493484597,0
2020-03-19,1.4981328015204383,2,5.173795762670269,0
2020-03-20,1.5283460760341214,2,5.278147467610922,0
2020-03-23,0.008685936129389837,1,0.02949007836992201,0
2020-03-24,-0.7119077664275153,0,-2.4593226253724665,0
2020-03-25,1.51267910308859,2,5.224036307386138,0
2020-03-26,-0.8604571977028379,2,-2.9723880468157433,0
2020-03-27,0.2792890723421271,3,0.9641090192364052,0
2020-03-30,-1.6020544903514553,2,-5.533743712922312,0
2020-03-31,0.20599771783342014,1,0.7109726769002023,0
2020-04-01,-0.8487267783491217,2,-2.9318730983723116,0
2020-04-02,-1.3913826388864399,2,-4.806117620178802,0
2020-04-03,0.055619772947887114,1,0.19159186873357545,0
2020-04-06,-0.07102004896383907,1,-0.2458013480752932,0
2020-04-07,0.9169939009855049,2,3.1666371195151704,0
2020-04-08,0.5154989516589585,3,1.7799392801826028,0
2020-04-09,0.9632172050006796,2,3.3262848458742953,0
2020-04-13,-0.5704575137190198,0,-1.9707766047240636,0
2020-04-14,-0.7854393969847121,0,-2.7132888418523993,0
2020-04-15,-0.3709726572475682,0,-1.2817885616302944,0
2020-04-16,-1.2559421630902212,2,-4.338328385320865,0
2020-04-17,0.7901467430985392,3,2.7285277981840332,0
2020-04-20,-0.05987615112528033,1,-0.2073121489449107,0
2020-04-21,0.429397625382987,3,1.4825593920648825,0
2020-04-22,-0.8015595698742712,0,-2.7689652805052756,0
2020-04-23,0.3829186985508356,3,1.322028786335593,0
2020-04-24,-0.34602524691616965,0,-1.1956242896724005,0
2020-04-27,0.5333722361725788,3,1.8416706794402689,0
2020-04-28,0.5910595132150065,3,2.040913092242458,0
2020-04-29,0.6644097963879472,3,2.294252964539635,0
2020-04-30,-0.0705232494205863,1,-0.24408548376774566,0
2020-05-01,-0.21984500829287112,1,-0.7598183983183725,0
2020-05-04,-0.31407890949758305,0,-1.0852868691214064,0
2020-05-05,-0.6486209179848139,0,-2.240740209476907,0
2020-05-06,-0.39630318830823197,0,-1.369276069878873,0
2020-05-07,0.25893285965307145,3,0.8938019924599635,0
2020-05-08,0.0742983023305599,1,0.2561044519685787,0
2020-05-11,-0.6888437791317834,0,-2.3796633883060174,0
2020-05-12,-0.2714183283779219,0,-0.9379442045062368,0
2020-05-13,-0.4331706376565363,0,-1.4966102055604056,0
2020-05-14,0.136373798913775,1,0.4705030568123707,0
2020-05-15,0.05523994282987651,1,0.1902799976755653,0
2020-05-18,0.8861841588165569,2,3.0602253129214954,0
2020-05-19,-0.06688485379477016,1,-0.23151906079923956,0
2020-05-20,-0.05415958197898485,1,-0.18756805478666563,0
2020-05-21,0.5144439501344391,3,1.776295477596798,0
2020-05-22,-0.189517690765018,1,-0.6550728074730383,0
2020-05-26,0.9984720980287038,2,3.4480494759645732,0
2020-05-27,0.05396727835734905,1,0.18588442289384172,0
2020-05-28,-0.5139536470659838,0,-1.7756214977093217,0
2020-05-29,-0.9525677123413594,2,-3.290522687969505,0
2020-06-01,0.6291634286598556,3,2.172517779439925,0
2020-06-02,-0.06492807105055387,1,-0.22476065348178897,0
2020-06-03,0.5462525249787331,3,1.8861570887648025,0
2020-06-04,0.652338133224674,3,2.2525594158318865,0
2020-06-05,0.5072283762669119,3,1.7513740664845836,0
2020-06-08,0.6811306961787847,3,2.3520042155841216,0
2020-06-09,-0.566436778025131,0,-1.9568896417408552,0
2020-06-10,-1.0188693997786953,2,-3.519517864291584,0
2020-06-11,-0.1565165125035599,1,-0.5410921393043515,0
2020-06-12,0.8305705676814812,2,2.8681450718278243,0
2020-06-15,-0.21717276085577525,1,-0.7505888930571022,0
2020-06-16,-0.0625421455545353,1,-0.21652005734057453,0
2020-06-17,-0.6888537730242352,0,-2.3796979055747722,0
2020-06-18,-0.02858063292165547,1,-0.09922255143801066,0
2020-06-19,-0.34489437372154674,0,-1.1917184387565345,0
2020-06-22,-0.2823418159901593,0,-0.9756721427910737,0
2020-06-23,0.18579919260824418,1,0.6412102768141299,0
2020-06-24,-0.31904582306405294,0,-1.102441775608595,0
2020-06-25,-0.026349528518277543,1,-0.0915166820100662,0
2020-06-26,-0.33645706363311745,0,-1.1625773507079078,0
2020-06-29,0.1697425020839345,1,0.5857530958601981,0
2020-06-30,-0.27747260550567987,0,-0.9588546867572958,0
2020-07-01,0.18670227296811748,1,0.6443293685633052,0
2020-07-02,-0.35796114927557576,0,-1.236848942784565,0
2020-07-06,-0.2227406604621529,1,-0.7698195069583118,0
2020-07-07,-0.5812146036377527,0,-2.0079298326110746,0
2020-07-08,-0.017855089924199152,1,-0.06217828145357171,0
2020-07-09,-0.663095076485586,0,-2.290731583846235,0
2020-07-10,0.45638591665272704,3,1.5757725327377632,0
2020-07-13,0.3072721805814557,3,1.06075809489321,0
2020-07-14,-0.6001303336404834,0,-2.073261667963382,0
2020-07-15,0.8099497669508611,3,2.7969242012628963,0
2020-07-16,-0.32825258001740026,0,-1.1342404071876018,0
2020-07-17,-0.4372312335347372,0,-1.5106348390960176,0
2020-07-20,-0.681042760020421,0,-2.35271994514574,0
2020-07-21,0.29835401334375444,3,1.0299562049564364,0
2020-07-22,-0.012029352071251498,1,-0.0420571364509979,0
2020-07-23,0.06386963042100043,1,0.22008552613065357,0
2020-07-24,0.1490442236765166,1,0.5142646300809536,0
2020-07-27,-0.5910860913400773,0,-2.0420243353956615,0
2020-07-28,0.5622143840111378,3,1.9412867372674645,0
2020-07-29,-0.05489710896858546,1,-0.19011535229226093,0
2020-07-30,-0.2684169771783461,0,-0.9275780287162024,0
2020-07-31,-0.38182389660348254,0,-1.3192669662631966,0
2020-08-03,-0.32245650458169295,0,-1.1142217113191093,0
2020-08-04,-0.08873015475838658,1,-0.3069691547459472,0
2020-08-05,0.24515732657042738,3,0.8462235559356717,0
2020-08-06,0.07459321843979423,1,0.257123043938778,0
2020-08-07,0.36102324689192694,3,1.2464054800958806,0
2020-08-10,0.3784985989292897,3,1.3067624857130984,0
2020-08-11,0.4483031318164252,3,1.5478559168822206,0
2020-08-12,-0.5898805828144211,0,-2.037860706262522,0
2020-08-13,-0.1833824520278886,1,-0.6338826970747946,0
2020-08-14,0.22882477245936278,3,0.7898135873057175,0
2020-08-17,-0.2760748760926691,0,-0.9540271581414448,0
2020-08-18,-0.22280568523205857,1,-0.7700440918704821,0
2020-08-19,-0.13441805390813769,1,-0.46476768033356447,0
2020-08-20,0.03005920201293716,1,0.10330984041153607,0
2020-08-21,-0.0874816506837792,1,-0.3026570260241289,0
2020-08-24,0.41666699848360716,3,1.4385898904700791,0
2020-08-25,0.016745164628339856,1,0.05732533449189115,0
2020-08-26,-0.5599760882020597,0,-1.934575476560749,0
2020-08-27,0.7582296148965021,3,2.6182912614861134,0
2020-08-28,0.09820893104505096,1,0.33868784991937256,0
2020-08-31,-0.4109819823503513,0,-1.4199742219138054,0
2020-09-01,-0.24377389055060777,0,-0.8424648410198445,0
2020-09-02,-0.3103337257038502,0,-1.0723516172997236,0
2020-09-03,1.36724450683168,2,4.721729016268425,0
2020-09-04,0.6058032186665977,3,2.0918354376611763,0
2020-09-08,0.6390556030179204,3,2.206683730547501,0
2020-09-09,-0.8069385356424361,0,-2.787543347853494,0
2020-09-10,0.36272690582558637,3,1.2522896392023097,0
2020-09-11,-0.2273505395551018,1,-0.785741274812426,0
2020-09-14,0.24030144071778436,3,0.8294521209993159,0
2020-09-15,-0.3219539601421272,0,-1.1124860050800063,0
2020-09-16,0.5551693079078096,3,1.9169541975261664,0
2020-09-17,-0.1535244912608332,1,-0.5307581876581708,0
2020-09-18,-0.08112867162914283,1,-0.28071487620838076,0
2020-09-21,-0.6912701238079957,0,-2.388043585679916,0
2020-09-22,-0.37683276320084924,0,-1.302028408426139,0
2020-09-23,0.09129990190019244,1,0.31482519410481885,0
2020-09-24,-0.31257046485730744,0,-1.0800769482321608,0
2020-09-25,0.021194502189615272,1,0.0726926181726224,0
2020-09-28,0.0020153830327815925,1,0.006451079792890053,0
2020-09-29,-0.290346542663893,0,-1.0033191585294616,0
2020-09-30,0.1349776875815533,1,0.4656811167827217,0
2020-10-01,0.14474488957921128,1,0.4994154338126011,0
2020-10-02,0.6529033483160671,3,2.254511576244633,0
2020-10-05,-0.337463393017839,0,-1.1660530476893791,0
2020-10-06,0.017453904387209618,1,0.05977320561436059,0
2020-10-07,-0.24207852091579662,1,-0.8366093117948665,0
2020-10-08,0.14174717757436583,1,0.48906182720551145,0
2020-10-09,-0.5096607555933776,0,-1.7607945532121683,0
2020-10-12,-0.37901180359296316,0,-1.3095544572808786,0
2020-10-13,-0.4979985279732676,0,-1.720515127855168,0
2020-10-14,-0.08647013501763394,1,-0.2991634164754971,0
2020-10-15,0.0934315433411953,1,0.3221875347405569,0
2020-10-16,-0.14381703731268936,1,-0.49723023061190913,0
2020-10-19,0.0541231690589542,1,0.18642284386140434,0
2020-10-20,0.2914187717144112,3,1.0060030155108632,0
2020-10-21,0.07439794683311757,1,0.25644860777086176,0
2020-10-22,0.6997777558278593,3,2.41640810751016,0
2020-10-23,0.05548473856445041,1,0.19112548207525912,0
2020-10-26,-0.11002717321842825,1,-0.38052557066675124,0
2020-10-27,-0.41698382294688696,0,-1.4407035969686963,0
2020-10-28,0.3376457202589114,3,1.1656633294777512,0
2020-10-29,-0.014138288077969463,1,-0.04934105623308193,0
2020-10-30,0.47335900068764525,3,1.6343947868844482,0
2020-11-02,0.025362819988309804,1,0.0870893055899777,0
2020-11-03,-0.043579267701582936,1,-0.1510253810306382,0
2020-11-04,-0.6927777044548948,0,-2.393250522477455,0
2020-11-05,-0.27120376085500997,0,-0.937203123401949,0
2020-11-06,-0.630123523677695,0,-2.1768532371451523,0
2020-11-09,3.576709657844892,2,12.352860008401299,0
2020-11-10,0.2857435876611147,3,0.9864018586900329,0
2020-11-11,-0.9935378674981705,2,-3.4320268979934827,0
2020-11-12,-0.11672995603580827,1,-0.40367588542405264,0
2020-11-13,0.2888820949564227,3,0.9972417491853761,0
2020-11-16,0.3039536693762024,3,1.0492965003554842,0
2020-11-17,0.3045929719452798,3,1.051504546789708,0
2020-11-18,0.0019122741411704558,1,0.006094958557858404,0
2020-11-19,-0.1214541053273066,1,-0.4199923238405099,0
2020-11-20,-0.004398483391348018,1,-0.01570136503120269,0
2020-11-23,0.25025037239798964,3,0.8638141026076753,0
2020-11-24,0.46182481143136245,3,1.5945575850791234,0
2020-11-25,-0.14962392893243298,1,-0.5172862838096983,0
2020-11-27,-0.32887707825809975,0,-1.136397321894742,0
2020-11-30,-0.49176010737705833,0,-1.6989686442041987,0
2020-12-01,0.09019416434325894,1,0.31100615756739663,0
2020-12-02,0.5651999145453226,3,1.9515982710687236,0
2020-12-03,0.41455134509050495,3,1.4312827699349082,0
2020-12-04,0.05050093831561786,1,0.17391225175115788,0
2020-12-07,-0.28530716449249865,0,-0.9859139711576808,0
2020-12-08,-0.175477144121111,1,-0.6065790574848697,0
2020-12-09,0.26520056937889436,3,0.9154496359706503,0
2020-12-10,0.19167087327448898,1,0.6614901007740328,0
2020-12-11,-0.3701713363819832,0,-1.2790209305186633,0
2020-12-14,-0.28556438171502707,0,-0.9868023573436528,0
2020-12-15,0.08699059758408789,1,0.29994156233263314,0
2020-12-16,0.0005999407914405175,1,0.001562373967175354,0
2020-12-17,-0.15095039223663786,1,-0.5218676709503839,0
2020-12-18,-0.4281777222089365,0,-1.4793654928317141,0
2020-12-21,0.1300667958414433,1,0.4487197005142745,0
2020-12-22,-0.06956570139736473,1,-0.2407782696244899,0
2020-12-23,0.38322550078909823,3,1.3230884310499658,0
2020-12-24,-0.14112143982431047,1,-0.48792007809538246,0
2020-12-28,0.16975082623328586,1,0.5857818461095828,0
2020-12-29,0.08046681862121358,1,0.2774094975899125,0
2020-12-30,0.03391347664614419,1,0.11662187413706003,0
2020-12-31,-0.07148467064069963,1,-0.24740607529911088,0
2021-01-04,-0.02223965331203015,1,-0.07732184574129292,0
2021-01-05,-0.04123807599632712,1,-0.1429392880808086,0
2021-01-06,0.47220668004349364,3,1.6304148599883723,0
2021-01-07,-0.26227577522439927,0,-0.9063673223431149,0
2021-01-08,-0.10691286087165335,1,-0.3697692455634756,0
2021-01-11,0.014609844168742895,1,0.04995028712810119,0
2021-01-12,0.1830345542367439,1,0.6316616683877327,0
2021-01-13,0.24352715936916497,3,0.8405932252440076,0
2021-01-14,0.3553206691049085,3,1.2267097098025093,0
2021-01-15,-0.0086011040622756,1,-0.03021652895464669,0
2021-01-19,-0.2476083744682667,0,-0.8557085208531577,0
2021-01-20,-0.0003178126133877024,1,-0.001607396077628678,0
2021-01-21,-0.1615668130952594,1,-0.5585350509281132,0
2021-01-22,0.054380235900465396,1,0.18731071065595695,0
2021-01-25,-0.3472443061376117,0,-1.1998347206908422,0
2021-01-26,0.09378241118334973,1,0.3233993748382293,0
2021-01-27,0.15790688922086749,1,0.5448748262532669,0
2021-01-28,0.4198656737323609,3,1.449637591228491,0
2021-01-29,0.1424792333835505,1,0.4915902281494585,0
2021-02-01,-0.2271205057759118,1,-0.78494677579043,0
2021-02-02,-0.05474067293857554,1,-0.18957504784964616,0
2021-02-03,0.5430201544268206,3,1.8749930099444394,0
2021-02-04,0.24123398035191074,3,0.8326729602599444,0
2021-02-05,-0.05516486169453888,1,-0.1910401263826394,0
2021-02-08,-0.049236604462775,1,-0.17056489622573767,0
2021-02-09,0.01232992143345266,1,0.04207580717218826,0
2021-02-10,0.27815297063062694,3,0.9601851098790352,0
2021-02-11,-0.049827034130237785,1,-0.17260414365717316,0
2021-02-12,-0.06651751616957066,1,-0.2302503367666605,0
2021-02-16,0.38999657954258204,3,1.34647462879207,0
2021-02-17,0.1334448709871364,1,0.4603870191530097,0
2021-02-18,-0.12993553933027585,1,-0.4492858086678709,0
2021-02-19,0.29662444742194216,3,1.023982567353315,0
2021-02-22,0.9687004652698878,2,3.3452231293584664,0
2021-02-23,0.3600585131384933,3,1.2430734476166136,0
2021-02-24,0.2868207325955618,3,0.9901221409893527,0
2021-02-25,0.17551715117108513,1,0.6056977886277843,0
2021-02-26,-0.19388410717223473,1,-0.670153695059968,0
2021-03-01,-0.39412664644464,0,-1.3617586505326957,0
2021-03-02,0.32550598288897314,3,1.123734663602389,0
2021-03-03,0.7026423309302048,3,2.426301881047514,0
2021-03-04,0.45448205876373204,3,1.5691969192076454,0
2021-03-05,-0.5268975458904982,0,-1.82032760562575,0
2021-03-08,0.8136155119842969,2,2.8095850846088415,0
2021-03-09,-0.8187214003866788,0,-2.82823943409168,0
2021-03-10,0.15156098838363796,1,0.5229571234418978,0
2021-03-11,-0.23948389335774511,1,-0.827647892891197,0
2021-03-12,0.40040964834874176,3,1.3824396640647272,0
2021-03-15,-0.20763861765804043,1,-0.7176595229757037,0
2021-03-16,-0.3783382588920268,0,-1.3072281441278764,0
2021-03-17,0.14547862755649216,1,0.5019496446898196,0
2021-03-18,0.34797383555745376,3,1.2013349492400658,0
2021-03-19,-0.3722988454209478,0,-1.2863689985141422,0
2021-03-22,-0.5858673728421467,0,-2.023999735889979,0
2021-03-23,-0.2559291956586013,0,-0.884447275314363,0
2021-03-24,0.08619745074676925,1,0.2972021629767307,0
2021-03-25,0.16614831080942372,1,0.5733393474858484,0
2021-03-26,-0.775955685361388,0,-2.6805336541745075,0
2021-03-29,-0.34493461782855556,0,-1.1918574353150928,0
2021-03-30,0.5513317011583123,3,1.9036997319428204,0
2021-03-31,-0.46025443693018975,0,-1.5901532152463034,0
2021-04-01,-0.09497858518005853,1,-0.3285502106956826,0
2021-04-05,-0.4513533408164433,0,-1.5594102861775128,0
2021-04-06,0.2515840194279253,3,0.8684203011612216,0
2021-04-07,0.24943646316665205,3,0.8610029933411657,0
2021-04-08,-0.24263211770853468,0,-0.8385213445057113,0
2021-04-09,0.004046997038777755,1,0.013467942040343456,0
2021-04-12,-0.012313149829985284,1,-0.043037327458390846,0
2021-04-13,0.013390083311931492,1,0.04573743277593568,0
2021-04-14,0.177978263405844,1,0.6141980674582395,0
2021-04-15,-0.3380853506907578,0,-1.1682011876912384,0
2021-04-16,0.012860056008047405,1,0.043906805221800384,0
2021-04-19,0.25685680874437883,3,0.8866316524239123,0
2021-04-20,-0.25257247196403315,0,-0.8728537010930638,0
2021-04-21,0.13812973135530449,1,0.4765677600589924,0
2021-04-22,0.1686162724758744,1,0.58186328313227,0
2021-04-23,0.04147985634261364,1,0.14275491116346195,0
2021-04-26,0.19075232179206128,1,0.6583175742998274,0
2021-04-27,0.17266006870083248,1,0.5958298934153045,0
2021-04-28,0.1903453925399174,1,0.6569121072680362,0
2021-04-29,-0.12998478179927103,1,-0.4494558840959019,0
2021-04-30,0.3820765572289972,3,1.3191201680494482,0
2021-05-03,-0.10519913345064816,1,-0.36385031154973774,0
2021-05-04,0.0413591211246806,1,0.14233791148234534,0
2021-05-05,-0.17167080827145073,1,-0.5934325964712218,0
2021-05-06,-0.11214928161284748,1,-0.38785498571993354,0
2021-05-07,0.08202819421460317,1,0.2828022333276141,0
2021-05-10,0.21008172375975057,1,0.7250781649103583,0
2021-05-11,-0.052707159294538286,1,-0.1825516245633266,0
2021-05-12,0.44792441618326295,3,1.5465478950724607,0
2021-05-13,-0.2327948698813418,1,-0.8045451006455362,0
2021-05-14,-0.006048951250192225,1,-0.021401810871395942,0
2021-05-17,0.1721418886006505,1,0.5940401841636369,0
2021-05-18,0.24159130182828192,3,0.8339070901538875,0
2021-05-19,-0.2155155558916443,1,-0.7448651783579603,0
2021-05-20,-0.34576618945209825,0,-1.1947295475933448,0
2021-05-21,0.13929437700861058,1,0.48059025551936263,0
2021-05-24,-0.02559442452129096,1,-0.08890867639791827,0
2021-05-25,0.013559892090482292,1,0.0463239245031942,0
2021-05-26,0.15068706339668025,1,0.519938729578698,0
2021-05-27,0.13360840643438623,1,0.46095184382075716,0
2021-05-28,0.010842903946300761,1,0.036939892162691675,0
2021-06-01,0.3906911512702852,3,1.348873565853876,0
2021-06-02,-0.045629190036445666,1,-0.15810547724933743,0
2021-06-03,-0.02993247988713635,1,-0.10389160959001237,0
2021-06-04,-0.3892652880695054,0,-1.344968314399382,0
2021-06-07,0.31901971656142747,3,1.1013321613621236,0
2021-06-08,0.19336297441895717,1,0.6673343411683441,0
2021-06-09,0.04404556207603494,1,0.1516164388187072,0
2021-06-10,-0.21894889549825308,1,-0.7567233713991561,0
2021-06-11,0.01918721752568109,1,0.06575978549048811,0
2021-06-14,-0.2106625070659472,1,-0.7281035420483185,0
2021-06-15,0.044044653079406304,1,0.1516132992931341,0
2021-06-16,0.3840195084991095,3,1.325830803719243,0
2021-06-17,-0.3714467951046569,0,-1.2834261561830365,0
2021-06-18,0.14731335657173372,1,0.5082864984048261,0
2021-06-21,0.12535605183234788,1,0.43244956174909543,0
2021-06-22,-0.1601197859470027,1,-0.5535372560036469,0
2021-06-23,0.2355603061315789,3,0.8130770181550487,0
2021-06-24,-0.1472410767591992,1,-0.5090563024223491,0
2021-06-25,0.07137886596796134,1,0.24602119661785765,0
2021-06-28,-0.6356942406325983,0,-2.196093581707033,0
2021-06-29,-0.08883806844548808,1,-0.30734187095816623,0
2021-06-30,0.01725025631796131,1,0.05906983851575932,0
2021-07-01,0.24089755138444222,3,0.8315109896721201,0
2021-07-02,-0.11382900430592637,1,-0.39365647296921874,0
2021-07-06,-0.11469184061257859,1,-0.3966365683456096,0
2021-07-07,-0.3221276144472285,0,-1.1130857786265445,0
2021-07-08,0.12245445158513746,1,0.4224279094215565,0
2021-07-09,0.23989666268497456,3,0.8280540839269986,0
2021-07-12,0.15445881634631756,1,0.532965746916105,0
2021-07-13,-0.19625188791799797,1,-0.6783316222036858,0
2021-07-14,-0.09418435358196298,1,-0.3258070647536075,0
2021-07-15,0.03405945598513549,1,0.11712606288042025,0
2021-07-16,-0.12366951224689232,1,-0.4276439767287591,0
2021-07-19,-0.4760553897021954,0,-1.6447271198622624,0
2021-07-20,0.4079201616803506,3,1.4083797478109608,0
2021-07-21,0.2683649342213539,3,0.9263788342015592,0
2021-07-22,-0.2523803746740873,0,-0.8721902284955719,0
2021-07-23,-0.27268305745031574,0,-0.9423123717147444,0
2021-07-26,0.242114400251885,3,0.8357137864896331,0
2021-07-27,0.185046925900914,1,0.6386120707360551,0
2021-07-28,0.06335333899944039,1,0.2183023400658123,0
2021-07-29,-0.11531959975113965,1,-0.39880474566022855,0
2021-07-30,-0.24963253319982154,0,-0.8626996338029507,0
2021-08-02,-0.04264019453035546,1,-0.14778197600225465,0
2021-08-03,-0.1885479186787396,1,-0.6517233734167869,0
2021-08-04,-0.0991169755120534,1,-0.3428435335415066,0
2021-08-05,0.4215651943163309,3,1.4555074571524471,0
2021-08-06,0.17135463496180667,1,0.5913211389506833,0
2021-08-09,-0.1058567343157149,1,-0.3661215573032917,0
2021-08-10,0.11524588498223093,1,0.3975307002544113,0
2021-08-11,-0.035580186027574845,1,-0.12339786219734376,0
2021-08-12,0.0978951333431976,1,0.33760404401875665,0
2021-08-13,-0.1734723507570911,1,-0.5996548293448699,0
2021-08-16,-0.27402978488051366,0,-0.946963747829831,0
2021-08-17,0.0745743244757846,1,0.25705778727960327,0
2021-08-18,0.2744030013098102,3,0.9472333296300871,0
2021-08-19,-0.39839196208059646,0,-1.3764903526036019,0
2021-08-20,-0.029444687901010902,1,-0.10220685591044927,0
2021-08-23,0.07090438765969048,1,0.24438242620245643,0
2021-08-24,0.35056207495182157,3,1.2102743044719697,0
2021-08-25,0.11371428332797251,1,0.3922407988291484,0
2021-08-26,-0.05017929335116331,1,-0.1738207893493836,0
2021-08-27,0.040453263698512654,1,0.13920922820073128,0
2021-08-30,-0.3326183311143702,0,-1.1493189969018354,0
2021-08-31,0.2615228842085439,3,0.9027475133461325,0
2021-09-01,0.023248871930096268,1,0.07978807500238742,0
2021-09-02,-0.14308019547782566,1,-0.4946852995186308,0
2021-09-03,-0.12482466813951242,1,-0.4316336961089791,0
2021-09-07,0.3435900650858106,3,1.1861941235550748,0
2021-09-08,-0.18001281036225075,1,-0.6222445062958002,0
2021-09-09,0.09678545162648161,1,0.3337713849990155,0
2021-09-10,-0.20431683188442798,1,-0.7061866186148381,0
2021-09-13,0.34998996440657193,3,1.2082983282902324,0
2021-09-14,-0.03726511822919837,1,-0.12921734223646344,0
2021-09-15,0.01680124660257265,1,0.05751903245154063,0
2021-09-16,0.14707340993402562,1,0.5074577619920193,0
2021-09-17,0.3182311088378471,3,1.0986084393621232,0
2021-09-20,0.1688358714331898,1,0.5826217419874553,0
2021-09-21,0.044950981115006866,1,0.15474360798270032,0
2021-09-22,0.11227252165336027,1,0.387261189988811,0
2021-09-23,0.17224143613732634,1,0.5943840050616354,0
2021-09-24,-0.02434794717440479,1,-0.0846035476619196,0
2021-09-27,0.3119364234895741,3,1.076867626466793,0
2021-09-28,0.5091958403227138,3,1.7581693653039618,0
2021-09-29,0.017323944344063272,1,0.05932434489685246,0
2021-09-30,0.0337312256840705,1,0.11599240914441744,0
2021-10-01,0.3897745191072137,3,1.345707668394578,0
2021-10-04,0.2929591423552558,3,1.0113232035805098,0
2021-10-05,-0.327621917571443,0,-1.132062202324442,0
2021-10-06,-0.11913036094972818,1,-0.41196649110474515,0
2021-10-07,-0.14886077266460618,1,-0.5146504669720429,0
2021-10-08,0.09172097136970098,1,0.31627949913295383,0
2021-10-11,0.04961959015165518,1,0.17086821944958897,0
2021-10-12,0.2548174269877398,3,0.8795879616371435,0
2021-10-13,-0.2702266477715161,0,-0.9338283347428705,0
2021-10-14,-0.44140436463396504,0,-1.5250481508655864,0
2021-10-15,0.01128889100111291,1,0.038480258452020265,0
2021-10-18,-0.057152680932980454,1,-0.19790572867117207,0
2021-10-19,-0.2929741084124139,0,-1.012394340551776,0
2021-10-20,0.13416677197886545,1,0.4628803470195791,0
2021-10-21,-0.25639811286858044,0,-0.8860668386064906,0
2021-10-22,-0.02226782994597315,1,-0.07741916322305442,0
2021-10-25,-0.06047034091754694,1,-0.20936438323197124,0
2021-10-26,0.08569280188133757,1,0.2954591883951337,0
2021-10-27,-0.05130355347404136,1,-0.17770379979785325,0
2021-10-28,-0.2882062627123483,0,-0.9959269818922408,0
2021-10-29,-0.34287094464490286,0,-1.1847298459153761,0
2021-11-01,0.22572528637781397,3,0.7791084696958086,0
2021-11-02,-0.34578232603957876,0,-1.194785280725308,0
2021-11-03,0.15628919079172016,1,0.5392875606596322,0
2021-11-04,-0.6843838562689661,0,-2.3642595447263353,0
2021-11-05,0.4107520008906655,3,1.4181604569353663,0
2021-11-08,-0.02283714618311647,1,-0.07938548832195745,0
2021-11-09,-0.1944462498132583,1,-0.672095243732029,0
2021-11-10,0.1641036862663233,1,0.5662775489727675,0
2021-11-11,-0.05638815948631576,1,-0.19526519672925943,0
2021-11-12,-0.36018234409615024,0,-1.2445205861354809,0
2021-11-15,0.07740149253866363,1,0.2668223630253265,0
2021-11-16,-0.36377627999940276,0,-1.2569334524993032,0
2021-11-17,0.15831939311702112,1,0.5462995471930246,0
2021-11-18,-0.012683355081707023,1,-0.044315955803612125,0
2021-11-19,-0.4120007247140569,0,-1.4234927912929636,0
2021-11-22,0.16251704674759748,1,0.5607975557720877,0
2021-11-23,0.15367803939068458,1,0.530269071106875,0
2021-11-24,0.08140797021256994,1,0.2806600811412309,0
2021-11-26,-0.4024136138672838,0,-1.390380479621393,0
2021-11-29,-0.4684729188028398,0,-1.6185385064548576,0
2021-11-30,0.32706158707894306,3,1.1291074658573272,0
2021-12-01,-0.23837253012124815,1,-0.8238094261773591,0
2021-12-02,0.43259083655414454,3,1.4935882207936229,0
2021-12-03,-0.35144853811119936,0,-1.2143554497899403,0
2021-12-06,0.316393534098251,3,1.0922617569809767,0
2021-12-07,-0.2997557540331285,0,-1.0358170345237379,0
2021-12-08,0.20010167613026636,1,0.6906087139061665,0
2021-12-09,-0.011094805069384484,1,-0.03882936407075383,0
2021-12-10,-0.4614633574086905,0,-1.5943286287061087,0
2021-12-13,-0.22767293269618272,1,-0.7868547679532549,0
2021-12-14,0.289395963744794,3,0.9990165678717137,0
2021-12-15,-0.5689573652921932,0,-1.9655953375981685,0
2021-12-16,0.2143735619091576,1,0.7399014714015871,0
2021-12-17,0.4323751404620939,3,1.4928432417962512,0
2021-12-20,-0.07766523969118866,1,-0.2687527491801519,0
2021-12-21,0.34940023071680404,3,1.2062614846518394,0
2021-12-22,0.023174817506803225,1,0.07953230314536722,0
2021-12-23,-0.08952103255403687,1,-0.30970071720331793,0
2021-12-27,-0.3584852012110403,0,-1.2386589323942119,0
2021-12-28,-0.005958199307156764,1,-0.02108836851419171,0
2021-12-29,-0.13001638986505612,1,-0.44956505318159823,0
2021-12-30,0.24509973503295487,3,0.8460246441916737,0
2021-12-31,-0.11296768302624889,1,-0.390681610248023,0
2022-01-03,0.5856524747604983,3,2.0222380664304733,0
2022-01-04,0.33725585111327594,3,1.1643167852614866,0
2022-01-05,0.16109269496828138,1,0.555878077860497,0
2022-01-06,0.1637492473161571,1,0.565053374852532,0
2022-01-07,0.4756248124798782,3,1.6422205299526835,0
2022-01-10,0.07792187582381133,1,0.2686196817172541,0
2022-01-11,0.05344015898414839,1,0.18406383885632452,0
2022-01-12,-0.12190354669855186,1,-0.421544620773405,0
2022-01-13,0.4941018403626043,3,1.7060371599881083,0
2022-01-14,-0.01836597915307292,1,-0.06394280922909133,0
2022-01-18,0.3338399286448488,3,1.1525187481647785,0
2022-01-19,-0.19295157877403457,1,-0.6669328946063896,0
2022-01-20,0.19348168437619429,1,0.6677443459305064,0
2022-01-21,-0.03669295556799135,1,-0.12724118605473964,0
2022-01-24,-0.12394347920795518,1,-0.42859021377007583,0
2022-01-25,0.9191029778296154,2,3.173921525726556,0
2022-01-26,0.10590439454808442,1,0.3652667212855473,0
2022-01-27,0.011885014085851742,1,0.04053917001484362,0
2022-01-28,-0.1075208656913107,1,-0.3718691946939363,0
2022-01-31,-0.4395622002619588,0,-1.5186856166453147,0
2022-02-01,0.1847985030359946,1,0.6377540588218271,0
2022-02-02,-0.20872949945579786,1,-0.7214272501524835,0
2022-02-03,0.4993173494409523,3,1.724050674683862,0
2022-02-04,0.3565963825857051,3,1.2311158153597408,0
2022-02-07,0.22955132568195885,3,0.7923229832162366,0
2022-02-08,-0.03144402147362502,1,-0.10911222682457783,0
2022-02-09,-0.10957585324938479,1,-0.37896678536454514,0
2022-02-10,0.5781307891759647,3,1.996259395551283,0
2022-02-11,0.28893449207947675,3,0.9974227202721809,0
2022-02-14,-0.08026843815244,1,-0.2777437705806107,0
2022-02-15,-0.13571409703145365,1,-0.4692440011485552,0
2022-02-16,0.07223878009132031,1,0.24899119925144897,0
2022-02-17,0.0033532988768261163,1,0.011072022131660041,0
2022-02-18,0.01906030729104405,1,0.06532145831238645,0
2022-02-22,0.2592515054448551,3,0.8949025428696759,0
2022-02-23,0.2585617740488688,3,0.892520323521367,0
2022-02-24,-0.4847418631668484,0,-1.674728777429957,0
2022-02-25,-0.11825335659489444,1,-0.40893746160892436,0
2022-02-28,-0.28679228609051954,0,-0.991043338076433,0
2022-03-01,-0.23735576626888466,1,-0.8202976902525388,0
2022-03-02,-0.0807290495591011,1,-0.27933464698754995,0
2022-03-03,-0.13289734050208785,1,-0.4595153851354541,0
2022-03-04,-0.23936312923487035,1,-0.8272307933771428,0
2022-03-07,-0.16390370223236306,1,-0.5666062835117783,0
2022-03-08,0.7462266603500052,3,2.5768350210946633,0
2022-03-09,-0.0746769210630871,1,-0.2584315857588523,0
2022-03-10,0.34317469163423087,3,1.1847594916405568,0
2022-03-11,0.19451226409634753,1,0.6713037996013274,0
2022-03-14,0.19725491223373373,1,0.6807764573583984,0
2022-03-15,-0.4896399211544433,0,-1.6916458680178121,0
2022-03-16,-0.002131459957990911,1,-0.007871437152842846,0
2022-03-17,-0.24159085047408518,1,-0.8349249779098153,0
2022-03-18,-0.27295192506076205,0,-0.94324099643368,0
2022-03-21,-0.11104840030643354,1,-0.3840527218769475,0
2022-03-22,0.02438470340632748,1,0.08371105101137005,0
2022-03-23,0.12297005053809007,1,0.42420870381316916,0
2022-03-24,-0.30929066616614215,0,-1.068749060381732,0
2022-03-25,0.08470919373311935,1,0.29206196684559244,0
2022-03-28,-0.18612037648750884,1,-0.6433390400220211,0
2022-03-29,0.058158050825310115,1,0.2003586650635222,0
2022-03-30,0.005793449473020296,1,0.019499902893458744,0
2022-03-31,0.08015545880180164,1,0.27633411173622313,0
2022-04-01,0.17695536512408205,1,0.6106651442183443,0
2022-04-04,-0.27816317494679016,0,-0.9612398005762941,0
2022-04-05,0.30918117084332886,3,1.0673514347991957,0
2022-04-06,0.06784335650571555,1,0.23381012561818587,0
2022-04-07,-0.34971262736968456,0,-1.2083598982180699,0
2022-04-08,0.3913340884941684,3,1.3510941657908884,0
2022-04-11,0.29848821027590544,3,1.0304196991950836,0
2022-04-12,0.10010820681105598,1,0.34524763754667287,0
2022-04-13,0.013917497718756389,1,0.04755903581130067,0
2022-04-14,0.4498677414338895,3,1.5532598224097396,0
2022-04-18,0.0004856087326823022,1,0.0011674897497962874,0
2022-04-19,-0.16787483006377935,1,-0.5803219090576918,0
2022-04-20,0.05315730779956296,1,0.18308691716110723,0
2022-04-21,0.19959157378905323,1,0.688846903911831,0
2022-04-22,0.02797680305484862,1,0.0961175752519035,0
2022-04-25,-0.22679033858423037,1,-0.7838064323512631,0
2022-04-26,0.3075143454408884,3,1.061594492680781,0
2022-04-27,-0.1635748977282221,1,-0.5654706465723351,0
2022-04-28,-0.5503016218049933,0,-1.901161453116593,0
2022-04-29,0.4890704885398738,3,1.6886596943108805,0
2022-05-02,-0.23856506074961653,1,-0.8244743954548346,0
2022-05-03,0.0378052062765461,1,0.13006327129235928,0
2022-05-04,-0.5018890844730777,0,-1.733952473209418,0
2022-05-05,0.5313359240505557,3,1.834637590669034,0
2022-05-06,-0.18204421980243302,1,-0.6292606620064152,0
2022-05-09,-0.2311069752921806,1,-0.7987153890047373,0
2022-05-10,-0.18037645864361376,1,-0.6235004879386302,0
2022-05-11,0.2317550370361494,3,0.7999342415359104,0
2022-05-12,-0.10320087094304231,1,-0.35694863991883863,0
2022-05-13,-0.23264202593859262,1,-0.8040172026843766,0
2022-05-16,0.03467791905546458,1,0.11926213309692206,0
2022-05-17,-0.028188716263809033,1,-0.09786893544970075,0
2022-05-18,1.0395962688262086,2,3.590085630802631,0
2022-05-19,0.07290863643454969,1,0.2513047734206321,0
2022-05-20,-0.06861636018171155,1,-0.23749940045130655,0
2022-05-23,-0.06445567974601774,1,-0.22312909123569216,0
2022-05-24,-0.19998230605541428,1,-0.6912158758652553,0
2022-05-25,0.1681080027221481,1,0.5801078025951608,0
2022-05-26,-0.2586353822841523,0,-0.8937940009774799,0
2022-05-27,-0.3603805702854719,0,-1.2452052269482545,0
2022-05-31,0.20994634442751142,1,0.7246105868553386,0
2022-06-01,-0.035058202277681194,1,-0.1215950157621436,0
2022-06-02,-0.4026908423342712,0,-1.3913379813703384,0
2022-06-03,0.08809890398540143,1,0.3037694712380823,0
2022-06-06,-0.15994519497087586,1,-0.5529342473486982,0
2022-06-07,0.008689879048382976,1,0.02950369656675766,0
2022-06-08,0.15207155960867902,1,0.5247205528842294,0
2022-06-09,-0.0075832217771061305,1,-0.026700930145976763,0
2022-06-10,0.13027988377118271,1,0.44945567134592046,0
2022-06-13,0.09621740407170964,1,0.3318094417213685,0
2022-06-14,0.04367926391873356,1,0.15035130493811089,0
2022-06-15,0.06469157905962042,1,0.22292440219404752,0
2022-06-16,0.3598020444707155,3,1.2421876468162287,0
2022-06-17,0.3567646262266246,3,1.2316969013577983,0
2022-06-21,-0.6300111347147127,0,-2.1764650640625427,0
2022-06-22,0.10614233950371853,1,0.3660885442161006,0
2022-06-23,-0.3697162982198936,0,-1.2774493031862602,0
2022-06-24,-0.30705157397040295,0,-1.0610156024263928,0
2022-06-27,0.03984595391050472,1,0.1371116795958267,0
2022-06-28,0.49886374340123396,3,1.7224839936677228,0
2022-06-29,-0.17815865759944477,1,-0.6158405661359344,0
2022-06-30,-0.20943505087434666,1,-0.7238641092693435,0
2022-07-01,0.33413947567626057,3,1.1535533345822016,0
2022-07-05,0.09427440752309324,1,0.32509864966703156,0
2022-07-06,-0.5352153787728868,0,-1.8490560389604282,0
2022-07-07,-0.18258397778322555,1,-0.6311248977259006,0
2022-07-08,-0.03282225542962314,1,-0.11387242132287262,0
2022-07-11,0.007631256355317084,1,0.025847387057496708,0
2022-07-12,0.4796784683708102,3,1.6562211939081875,0
2022-07-13,-0.12583462666301026,1,-0.4351219275417758,0
2022-07-14,-0.38505759742583845,0,-1.3304356396199362,0
2022-07-15,0.15796767751984142,1,0.5450847790882534,0
2022-07-18,0.448289765986436,3,1.5478097534931219,0
2022-07-19,-0.2534128268291691,0,-0.8757561492501609,0
2022-07-20,-0.10603696348519692,1,-0.36674403935524436,0
2022-07-21,-0.38203397824272023,0,-1.3199925538595114,0
2022-07-22,0.11021249782520742,1,0.3801462048656737,0
2022-07-25,0.118123689221602,1,0.4074701650657414,0
2022-07-26,-0.058868699217958065,1,-0.2038325749541081,0
2022-07-27,-0.36743632052439557,0,-1.2695746334067852,0
2022-07-28,-0.5330767067047789,0,-1.841669415689424,0
2022-07-29,-0.27436585103134076,0,-0.9481244653083607,0
2022-08-01,-0.1273068886405545,1,-0.4402068794362307,0
2022-08-02,0.004484117929951736,1,0.014977686051656247,0
2022-08-03,-0.2936197359593705,0,-1.0146242324243389,0
2022-08-04,-0.09447083273004722,1,-0.32679651684093414,0
2022-08-05,0.08815089516918544,1,0.30394904027709146,0
2022-08-08,0.2161297975956819,1,0.7459672220067866,0
2022-08-09,0.4243132944162147,3,1.4649989450956218,0
2022-08-10,-0.1958468186001474,1,-0.6769325790805146,0
2022-08-11,0.3108352040581895,3,1.0730641947955015,0
2022-08-12,-0.27335592895888405,0,-0.9446363597714938,0
2022-08-15,-0.2267245038799006,1,-0.7835790500581601,0
2022-08-16,0.031885303691199546,1,0.10961689671671634,0
2022-08-17,0.060299669870450434,1,0.20775546671084294,0
2022-08-18,-0.31068671915819507,0,-1.073570798913987,0
2022-08-19,0.1385886968985769,1,0.4781529519231777,0
2022-08-22,0.21230941903674339,1,0.7327722597737655,0
2022-08-23,-0.05837089122675637,1,-0.2021132276324051,0
2022-08-24,0.16330507400506966,1,0.5635192729371599,0
2022-08-25,-0.10587693031841239,1,-0.36619131099098,0
2022-08-26,0.5443636688181912,3,1.8796332887493181,0
2022-08-29,0.06985125953701582,1,0.2407450940399899,0
2022-08-30,0.2037706749631077,1,0.7032808353426848,0
2022-08-31,0.10701064240899244,1,0.36908752032937225,0
2022-09-01,0.08108138960192002,1,0.27953212516590475,0
2022-09-02,0.28499590433214583,3,0.9838194828506227,0
2022-09-06,0.14397113233668504,1,0.49674300294347357,0
2022-09-07,-0.2169129569338334,1,-0.7496915728347402,0
2022-09-08,0.13852321302723697,1,0.4779267813497981,0
2022-09-09,-0.12333442930661642,1,-0.42648665509854383,0
2022-09-12,0.1387049939018032,1,0.47855462273713256,0
2022-09-13,0.5677438544400757,3,1.9603846230797843,0
2022-09-14,-0.09846310439301548,1,-0.3405851697202611,0
2022-09-15,0.6238428093762245,3,2.154141231299287,0
2022-09-16,-0.026668451061882648,1,-0.09261818827527192,0
2022-09-19,-0.25960963006102855,0,-0.897158893336487,0
2022-09-20,0.01774842513101338,1,0.06079043205707513,0
2022-09-21,-0.21868674494071616,1,-0.75581794628154,0
2022-09-22,-0.0038521403520090924,1,-0.013814385597323214,0
2022-09-23,0.06237064339521292,1,0.21490827029385234,0
2022-09-26,-0.1419908510406641,1,-0.49092288213371804,0
2022-09-27,0.08340897189169139,1,0.2875712134222045,0
2022-09-28,0.025904582820024613,1,0.08896046573639986,0
2022-09-29,0.3349676939773766,3,1.1564138650336548,0
2022-09-30,0.4159993850296133,3,1.4362840628732052,0
2022-10-03,-0.5828884113593695,0,-2.0137108905170766,0
2022-10-04,-0.19866763642462426,1,-0.6866752221421871,0
2022-10-05,-0.10936362433937341,1,-0.3782337814464377,0
2022-10-06,0.061137964366700825,1,0.21065079869104514,0
2022-10-07,0.522753311986363,3,1.804994653378767,0
2022-10-10,-0.03847355910385131,1,-0.13339109922307865,0
2022-10-11,0.2874765349569216,3,0.9923871750054772,0
2022-10-12,0.32809269360288,3,1.1326687390221915,0
2022-10-13,-0.1291929348451618,1,-0.44672097432384333,0
2022-10-14,0.6385942597570572,3,2.205090326435936,0
2022-10-17,-0.15792436592134496,1,-0.5459546345756224,0
2022-10-18,-0.22527535741594784,1,-0.7785739353641634,0
2022-10-19,-0.23329714131478352,1,-0.8062798639661717,0
2022-10-20,0.2686538038112092,3,0.9273765424835019,0
2022-10-21,-0.4701620234097955,0,-1.6243723972990662,0
2022-10-24,-0.24191503445054574,1,-0.8360446563029262,0
2022-10-25,0.11737547830419381,1,0.404885967022216,0
2022-10-26,0.005230896405821389,1,0.017556936676565778,0
2022-10-27,-0.03377295236334771,1,-0.11715597292437416,0
2022-10-28,-0.5859097267032357,0,-2.0241460191938114,0
2022-10-31,0.28798923616428423,3,0.9941579610581175,0
2022-11-01,0.0484378209615382,1,0.16678658209580954,0
2022-11-02,0.3470553982028739,3,1.1981628169447667,0
2022-11-03,-0.09962994969762931,1,-0.34461526241621515,0
2022-11-04,-0.13240741582400084,1,-0.4578232654869292,0
2022-11-07,-0.24893801981832714,0,-0.8603008982593996,0
2022-11-08,-0.21026346956202022,1,-0.7267253318231678,0
2022-11-09,0.17634811049301125,1,0.6085677861164726,0
2022-11-10,-0.565751015882054,0,-1.954521131542418,0
2022-11-11,0.10229631509242687,1,0.3528050054066977,0
2022-11-14,-0.1444054496184034,1,-0.49926251040606096,0
2022-11-15,-0.2414433871513853,1,-0.8344156637296202,0
2022-11-16,-0.02648008710447991,1,-0.09196760999732187,0
2022-11-17,-0.03761275449923451,1,-0.13041802101297448,0
2022-11-18,-0.08326173177252594,1,-0.2880821168099307,0
2022-11-21,0.01199394335718084,1,0.040915393888756604,0
2022-11-22,-0.1768885364844674,1,-0.6114537756948988,0
2022-11-23,-0.14572761142953125,1,-0.5038290408937156,0
2022-11-25,0.2024427627511588,1,0.6986944439118049,0
2022-11-28,0.08669026642171995,1,0.298904267655232,0
2022-11-29,0.530798913247937,3,1.83278284325331,0
2022-11-30,-0.6597038762239947,0,-2.279018933205472,0
2022-12-01,-0.06163873274252384,1,-0.21339981735612892,0
2022-12-02,0.00038941719859739155,1,0.0008352599354452677,0
2022-12-05,0.08156397556038875,1,0.2811988980780505,0
2022-12-06,0.10893249554621687,1,0.37572528650145953,0
2022-12-07,-0.05849428913934496,1,-0.20253942382503906,0
2022-12-08,-0.2621705930201892,0,-0.9060040402257209,0
2022-12-09,0.2962938804628228,3,1.0228408431828504,0
2022-12-12,-0.25012374668244464,0,-0.8643962047713951,0
2022-12-13,-0.15345669935476147,1,-0.5305240455106006,0
2022-12-14,0.0538335387519745,1,0.1854225081870262,0
2022-12-15,0.6304368312275187,3,2.176915903481438,0
2022-12-16,-0.1257530290874056,1,-0.4348401028713147,0
2022-12-19,0.029896399046060007,1,0.10274754561110544,0
2022-12-20,0.06637140081606027,1,0.2287262315919671,0
2022-12-21,-0.25800652847809635,0,-0.891622042860506,0
2022-12-22,0.4393444669409942,3,1.5169141547332756,0
2022-12-23,0.03428132379902302,1,0.11789235799484533,0
2022-12-27,0.029336688272657285,1,0.10081439621176529,0
2022-12-28,0.17303951266932371,1,0.5971404307760786,0
2022-12-29,-0.11766851755281982,1,-0.4069175232825206,0
2022-12-30,0.17736765606705257,1,0.6120891296526632,0
2023-01-03,0.08674036605955168,1,0.2990773036041254,0
2023-01-04,0.27212215332334355,3,0.9393556540080534,0
2023-01-05,0.30414220013121507,3,1.049947654725078,0
2023-01-06,-0.5002331398505092,0,-1.7282331115237435,0
2023-01-09,-0.23424534757076435,1,-0.8095548131744139,0
2023-01-10,0.01570380443935876,1,0.053728646846257645,0
2023-01-11,0.07947312933978401,1,0.27397745745631275,0
2023-01-12,0.30262793011077815,3,1.0447176139262382,0
2023-01-13,-0.04655680228406063,1,-0.16130929812345732,0
2023-01-17,0.18742388787816566,1,0.646821708350574,0
2023-01-18,0.20248152017271615,1,0.6988283057021507,0
2023-01-19,0.5142974643060834,3,1.7757895395220737,0
2023-01-20,-0.228940956574612,1,-0.7912343148825236,0
2023-01-23,-0.22050420091926815,1,-0.7620951417550259,0
2023-01-24,0.012834601108092467,1,0.043818888163747356,0
2023-01-25,0.33180178320388376,3,1.1454793274099908,0
2023-01-26,-0.061149616210076474,1,-0.21171048891036817,0
2023-01-27,0.2726883700377659,3,0.9413112738628001,0
2023-01-30,0.06974979853693186,1,0.24039466435257054,0
2023-01-31,-0.16988231408815646,1,-0.5872554302981652,0
2023-02-01,-0.3849340826610721,0,-1.3300090398390063,0
2023-02-02,0.041088873105527,1,0.14140451905767648,0
2023-02-03,0.11926944490235825,1,0.4114274176527857,0
2023-02-06,-0.004953040266714059,1,-0.017616713710300668,0
2023-02-07,-0.08770577138673641,1,-0.3034311022486537,0
2023-02-08,0.4152979864094242,3,1.4338615468421605,0
2023-02-09,-0.08177445926193505,1,-0.28294532099121744,0
2023-02-10,-0.11433830285835533,1,-0.3954155068086558,0
2023-02-13,-0.12899122983953437,1,-0.446024318248953,0
2023-02-14,-0.003545268163374443,1,-0.012754499285814916,0
2023-02-15,-0.14193312397837704,1,-0.49072350230919276,0
2023-02-16,0.1915095096023201,1,0.6609327770619445,0
2023-02-17,-0.12183893479922776,1,-0.42132146184864594,0
2023-02-21,0.2332126663471379,3,0.8049686545951182,0
2023-02-22,0.11707290863070612,1,0.4038409408938009,0
2023-02-23,-0.022324915762888475,1,-0.07761632829102302,0
2023-02-24,0.1306746311025696,1,0.45081906401732186,0
2023-02-27,-0.10085316736191353,1,-0.3488400560155906,0
2023-02-28,0.03314122076145874,1,0.11395462871217626,0
2023-03-01,0.048519260084488536,1,0.16706785949673775,0
2023-03-02,-0.41651097098813766,0,-1.439070443698346,0
2023-03-03,-0.03842956158276167,1,-0.13323913898663403,0
2023-03-06,0.004169163908269158,1,0.01388988641161366,0
2023-03-07,-0.14597324467348716,1,-0.5046774179137336,0
2023-03-08,-0.26196986989170745,0,-0.9053107753937807,0
2023-03-09,-0.26158194454919226,0,-0.9039709447553369,0
2023-03-10,-0.1626942154521811,1,-0.562428914138657,0
2023-03-13,-0.6709038688213369,0,-2.3177018744512496,0
2023-03-14,-0.23122144958488489,1,-0.7991107644748855,0
2023-03-15,-0.12619840101587987,1,-0.4363783446149545,0
2023-03-16,-0.3980990317422077,0,-1.3754786191608772,0
2023-03-17,-0.3072029298153691,0,-1.0615383607413778,0
2023-03-20,-0.09911459878113205,1,-0.3428353247019213,0
2023-03-21,0.4296025986576026,3,1.483267336205916,0
2023-03-22,-0.25624113251400105,0,-0.8855246541559065,0
2023-03-23,-0.4105665725782842,0,-1.4185394645542686,0
2023-03-24,-0.013891043405705128,1,-0.048487113603441045,0
2023-03-27,0.18731903258600366,1,0.6464595553338858,0
2023-03-28,0.05759135930542026,1,0.1984014053084058,0
2023-03-29,-0.03106723833795877,1,-0.10781087954486303,0
2023-03-30,-0.07206724539204445,1,-0.24941819313594704,0
2023-03-31,-0.0593961089097258,1,-0.2056541617044374,0
2023-04-03,-0.05427014787237816,1,-0.1879499312853104,0
2023-04-04,0.2323982295688285,3,0.8021557232677154,0
2023-04-05,0.1621160443091189,1,0.5594125589846112,0
2023-04-06,0.18435734053478206,1,0.6362303557509612,0
2023-04-10,-0.09527332497799684,1,-0.32956819371552365,0
2023-04-11,0.18799373365947886,1,0.6487898624083652,0
2023-04-12,-0.15229800696920603,1,-0.5265221116626259,0
2023-04-13,-0.09882957221353622,1,-0.3418508895898471,0
2023-04-14,0.06072396665603225,1,0.2092209183604564,0
2023-04-17,0.24711672319756922,3,0.8529909911769137,0
2023-04-18,-0.021819110972215658,1,-0.07586936133284196,0
2023-04-19,0.39753021337900435,3,1.3724945669776254,0
2023-04-20,-0.38192835521659074,0,-1.3196277492153603,0
2023-04-21,-0.008087556241935953,1,-0.028442818839355205,0
2023-04-24,-0.09137634297275894,1,-0.31610865571723584,0
2023-04-25,0.14936107017056122,1,0.5153589660107798,0
2023-04-26,0.24398080737571348,3,0.842160051206709,0
2023-04-27,-0.20134345975031087,1,-0.6959170779373578,0
2023-04-28,0.17507538732725647,1,0.6041720086179486,0
2023-05-01,-0.27454431794034717,0,-0.9487408608010728,0
2023-05-02,-0.16125162536700022,1,-0.5574464441038075,0
2023-05-03,-0.06775028308517178,1,-0.23450811191708806,0
2023-05-04,-0.11827412965779005,1,-0.40900920836808524,0
2023-05-05,0.15807057933310686,1,0.5454401851085731,0
2023-05-08,0.008336134161632897,1,0.02828191962795908,0
2023-05-09,0.13280380902672237,1,0.4581728960690817,0
2023-05-10,-0.2853405718718547,0,-0.9860293547779442,0
2023-05-11,-0.01539753440196584,1,-0.05369028692602653,0
2023-05-12,-0.11906520239699565,1,-0.4117414441285882,0
2023-05-15,0.12416459023070703,1,0.42833444839234114,0
2023-05-16,-0.06231395325537237,1,-0.21573191848918338,0
2023-05-17,0.22543491738912336,3,0.7781055827357065,0
2023-05-18,-0.3087797657073678,0,-1.066984493819974,0
2023-05-19,-0.08997026087085436,1,-0.3112522782810917,0
2023-05-22,0.2719507204673133,3,0.9387635529830056,0
2023-05-23,0.3159796318021458,3,1.0908322061966726,0
2023-05-24,0.005438573698071103,1,0.018274220051921242,0
2023-05-25,-0.5289067476390673,0,-1.82726705960443,0
2023-05-26,-0.4615753063121684,0,-1.5947152818952182,0
2023-05-30,0.2003841075890223,1,0.6915841859370684,0
2023-05-31,0.24222091988509642,3,0.8360816878678909,0
2023-06-01,0.005106249329083767,1,0.017126426075420958,0
2023-06-02,0.1274520352225803,1,0.43968874531388874,0
2023-06-05,0.11750812747443845,1,0.4053441155445724,0
2023-06-06,0.4259436372771702,3,1.4706298824871145,0
2023-06-07,0.3347692182670591,3,1.1557283624162025,0
2023-06-08,-0.296864179297144,0,-1.0258300086710237,0
2023-06-09,0.0967340056713761,1,0.3335936990906202,0
2023-06-12,-0.30588072358498186,0,-1.0569716768368715,0
2023-06-13,-0.05919269191411125,1,-0.2049515926963456,0
2023-06-14,-0.261950951006127,0,-0.9052454326595794,0
2023-06-15,-0.20073800062066793,1,-0.693825921203535,0
2023-06-16,0.05257611128248517,1,0.1810795595198436,0
2023-06-20,0.11062445281414546,1,0.38156902996975245,0
2023-06-21,0.060038625887238045,1,0.20685386351982255,0
2023-06-22,-0.29165423230474524,0,-1.0078357045097512,0
2023-06-23,0.0721759390275466,1,0.24877415650283521,0
2023-06-26,0.18990443131298423,1,0.6553890993655873,0
2023-06-27,-0.17245303791269717,1,-0.5961342896187889,0
2023-06-28,0.2698903706716157,3,0.9316474420213222,0
2023-06-29,0.08036198440680259,1,0.2770474173723265,0
2023-06-30,-0.22269701371682343,1,-0.7696687582439288,0
2023-07-03,0.18619983514114424,1,0.6425940305466467,0
2023-07-05,0.23281314081823706,3,0.8035887588115865,0
2023-07-06,0.1437824107030129,1,0.4960911893102325,0
2023-07-07,0.21945174864873565,3,0.7574406972157899,0
2023-07-10,-0.24200321984280215,1,-0.8363492342138259,0
2023-07-11,0.15999345454366476,1,0.5520814813546637,0
2023-07-12,-0.1725609927299523,1,-0.5965071478878264,0
2023-07-13,0.0011355611662216547,1,0.0034123190727298703,0
2023-07-14,-0.08953785924699564,1,-0.30975883384664854,0
2023-07-17,-0.23496558025583456,1,-0.8120423789828477,0
2023-07-18,0.1504536782143216,1,0.5191326553587063,0
2023-07-19,0.24282631912383643,3,0.8381726377483378,0
2023-07-20,0.24211931855602617,3,0.8357307735071217,0
2023-07-21,-0.20191104541834046,1,-0.697877425933797,0
2023-07-24,0.07547161873091181,1,0.26015689477004,0
2023-07-25,-0.4502916007844072,0,-1.5557432098896866,0
2023-07-26,0.31012360261601685,3,1.0706064398872968,0
2023-07-27,-0.09134102454739079,1,-0.3159866716568416,0
2023-07-28,-0.1953967775255544,1,-0.6753782108704143,0
2023-07-31,0.1587058679268765,1,0.5476343679290808,0
2023-08-01,-0.10754006803717027,1,-0.3719355164535456,0
2023-08-02,0.20615403531903465,1,0.7115125719098783,0
2023-08-03,0.08457706169457552,1,0.2916056044114879,0
2023-08-04,0.3538282667250361,3,1.2215551962549411,0
2023-08-07,0.014382620563934356,1,0.04916549398845677,0
2023-08-08,0.10301988113172728,1,0.3553040840750478,0
2023-08-09,-0.02342904556113362,1,-0.08142981189308938,0
2023-08-10,0.0427832556216096,1,0.1472566389361351,0
2023-08-11,0.09632090577521243,1,0.3321669196643795,0
2023-08-14,-0.38039980816023833,0,-1.3143483978712962,0
2023-08-15,0.12322529628367518,1,0.42509028084046524,0
2023-08-16,0.10825736856564233,1,0.3733935084135703,0
2023-08-17,0.11296413437488562,1,0.38964990712760145,0
2023-08-18,-0.04867700603699136,1,-0.16863213485668507,0
2023-08-21,-0.22591796602524933,1,-0.7807934003201974,0
2023-08-22,-0.10120262092259104,1,-0.3500470114165275,0
2023-08-23,-0.12426489350551595,1,-0.4297003261456007,0
2023-08-24,0.38093957056779526,3,1.3151932022206545,0
2023-08-25,-0.3194972512133888,0,-1.1040009345478243,0
2023-08-28,-0.019925091459072897,1,-0.06932772794259813,0
2023-08-29,-0.11280305515142619,1,-0.3901130125142446,0
2023-08-30,-0.07326645513863556,1,-0.2535600673171635,0
2023-08-31,-0.06485933967376817,1,-0.22452326655614283,0
2023-09-01,0.012543708631680694,1,0.04281419316273945,0
2023-09-05,0.12785123166437362,1,0.44106750448441523,0
2023-09-06,0.05956037425622075,1,0.2052020606652627,0
2023-09-07,0.058768318927169605,1,0.20246643120026098,0
2023-09-08,0.09129258587374389,1,0.3147999257469336,0
2023-09-11,-0.00861368734210955,1,-0.030259989543594885,0
2023-09-12,0.504932849425168,3,1.7434456924990192,0
2023-09-13,-0.24149106520978808,1,-0.8345803359395237,0
2023-09-14,0.051256420336435404,1,0.17652156299574398,0
2023-09-15,0.40527959221530035,3,1.3992596530801686,0
2023-09-18,-0.2708631786308755,0,-0.9360268081453946,0
2023-09-19,0.10622200235011318,1,0.3663636866485418,0
2023-09-20,0.13530477929311022,1,0.4668108380169251,0
2023-09-21,0.07808719842399081,1,0.26919067891870396,0
2023-09-22,-0.25567003610440153,0,-0.8835521806327138,0
2023-09-25,-0.028662660540501456,1,-0.09950586140743897,0
2023-09-26,0.19244298848211416,1,0.6641568603233761,0
2023-09-27,-0.08543894612472712,1,-0.2956018588216931,0
2023-09-28,0.06709059559786429,1,0.23121021265240066,0
2023-09-29,0.033943993364680354,1,0.11672727388798741,0
2023-10-02,-0.05423610420208291,1,-0.18783235002028936,0
2023-10-03,-0.1801862420912279,1,-0.6228435111008364,0
2023-10-04,-0.16537496021238607,1,-0.5716877677631266,0
2023-10-05,0.47189504986277364,3,1.6293385403509768,0
2023-10-06,-0.2419121420744258,1,-0.8360346665092245,0
2023-10-09,-0.15348955094570316,1,-0.5306375095286509,0
2023-10-10,0.014914013480644306,1,0.051000838145772665,0
2023-10-11,-0.11737784754855515,1,-0.40591359666389515,0
2023-10-12,0.019728515327672613,1,0.06762933950036089,0
2023-10-13,0.07413407054402121,1,0.2555372222589026,0
2023-10-16,-0.10790192968065293,1,-0.37318532734156906,0
2023-10-17,0.24907056689037188,3,0.8597392474918377,0
2023-10-18,0.10504368012396914,1,0.3622939545441348,0
2023-10-19,0.12727719268440874,1,0.43908486780481265,0
2023-10-20,0.04762985134213482,1,0.16399598727674056,0
2023-10-23,0.06501308177723669,1,0.2240348199579717,0
2023-10-24,-0.08476685861735223,1,-0.2932805785767424,0
2023-10-25,0.07481517778990521,1,0.2578896552043365,0
2023-10-26,0.18916554566099508,1,0.6528371092624843,0
2023-10-27,-0.25408592243510886,0,-0.8780809113025516,0
2023-10-30,-0.02552244547824911,1,-0.08866007256459289,0
2023-10-31,-0.013793075643117547,1,-0.04814874898657023,0
2023-11-01,-0.1701399448815777,1,-0.5881452448903088,0
2023-11-02,0.06713795391656019,1,0.2313737805336908,0
2023-11-03,0.2931920809806733,3,1.0121277354659182,0
2023-11-06,-0.20994612485898095,1,-0.7256292751610197,0
2023-11-07,-0.13783601322725078,1,-0.4765727523791553,0
2023-11-08,-0.040750865942645764,1,-0.14125654430065823,0
2023-11-09,-0.16761550760234484,1,-0.579426251721118,0
2023-11-10,-0.2884075110787498,0,-0.9966220608099864,0
2023-11-13,0.01803135667755351,1,0.06176763130933054,0
2023-11-14,0.08894575465730559,1,0.30669435484854013,0
2023-11-15,0.09813539461676957,1,0.33843386713233853,0
2023-11-16,-0.05022689420919649,1,-0.1739851949218465,0
2023-11-17,0.12198014874511567,1,0.42078974504476735,0
2023-11-20,0.017609106713860623,1,0.06030924904750299,0
2023-11-21,-0.08985721533529008,1,-0.3108618375042497,0
2023-11-22,-0.021976359298339826,1,-0.07641247131328083,0
2023-11-24,0.00439542231168405,1,0.014671345903626058,0
2023-11-27,0.09023189191350925,1,0.3111364624198914,0
2023-11-28,0.1265021058888089,1,0.43640784487698664,0
2023-11-29,0.16169019909164234,1,0.5579417593046765,0
2023-11-30,-0.002629263051682096,1,-0.00959076755934615,0
2023-12-01,0.32565816411386905,3,1.1242602726445554,0
2023-12-04,0.24676691934211803,3,0.8517828259151637,0
2023-12-05,0.0963512328714261,1,0.3322716644908419,0
2023-12-06,-0.03393511748825269,1,-0.11771606472303321,0
2023-12-07,0.004909521721086441,1,0.01644696111725761,0
2023-12-08,0.22229254670276957,3,0.7672523487200409,0
2023-12-11,-0.3943992383375654,0,-1.3627001383137334,0
2023-12-12,-0.1269996709696268,1,-0.43914579988542984,0
2023-12-13,0.1691805864871252,1,0.5838123313616914,0
2023-12-14,0.7326549033554692,3,2.529960393825161,0
2023-12-15,-0.11900885545108764,1,-0.4115468310001424,0
2023-12-18,-0.1802261132255591,1,-0.6229812194728135,0
2023-12-19,0.09851850455935102,1,0.3397570661675832,0
2023-12-20,0.19112868146356288,1,0.659617459003629,0
2023-12-21,-0.10359916645101164,1,-0.3583242874113995,0
2023-12-22,-0.1009583910076742,1,-0.3492034812653173,0
2023-12-26,-0.02319323185793526,1,-0.08061534995961131,0
2023-12-27,0.030401387021746953,1,0.10449169142401944,0
2023-12-28,0.1083181007992228,1,0.3736032676078644,0
2023-12-29,-0.11534026618354054,1,-0.3988761241351137,0
2024-01-02,0.4297858529871561,3,1.4839002666656056,0
2024-01-03,-0.050551000401227064,1,-0.1751046046602678,0
2024-01-04,0.23402780120538377,3,0.8077839969763617,0
2024-01-05,0.2475641144528435,3,0.8545362073448025,0
2024-01-08,-0.25193187957230756,0,-0.8706411998225277,0
2024-01-09,-0.08951299017538394,1,-0.3096729401438062,0
2024-01-10,0.04439685397369328,1,0.15282974353468176,0
2024-01-11,-0.04797260667516279,1,-0.16619925475517108,0
2024-01-12,-0.20847429023250957,1,-0.7205457992672227,0
2024-01-16,-0.06339585055927932,1,-0.21946861469476203,0
2024-01-17,-0.039388537725766115,1,-0.13655128562186897,0
2024-01-18,-0.3862847834141009,0,-1.3346741391608075,0
2024-01-19,-0.0474377464044663,1,-0.1643519349247131,0
2024-01-22,-0.05046563026823264,1,-0.17480975019406478,0
2024-01-23,-0.19868371359372666,1,-0.6867307500527979,0
2024-01-24,0.154361897140114,1,0.5326310038413596,0
2024-01-25,-0.03944741902396576,1,-0.1367546519883139,0
2024-01-26,0.2142929583344495,1,0.7396230798475273,0
2024-01-29,-0.09370917040700338,1,-0.3241658598440341,0
2024-01-30,-0.05980792047130945,1,-0.20707649143390994,0
2024-01-31,0.34996505506091724,3,1.2082122954874377,0
2024-02-01,-0.37667283301348575,0,-1.3014760357359396,0
2024-02-02,-0.1314935020439021,1,-0.45466675687748104,0
2024-02-05,-0.06673363280477063,1,-0.2309967682512366,0
2024-02-06,0.08621181077369788,1,0.29725176015933064,0
2024-02-07,-0.2981349978032789,0,-1.0302192077869705,0
2024-02-08,0.028966554535911987,1,0.09953601486756725,0
2024-02-09,-0.2773594169467379,0,-0.958463752001117,0
2024-02-12,0.1739862050573668,1,0.6004101513322498,0
2024-02-13,0.16907315915076881,1,0.5834412949253414,0
2024-02-14,-0.039570447362612504,1,-0.13717957173304365,0
2024-02-15,0.2389625962748908,3,0.824827971432112,0
2024-02-16,0.07455652595536494,1,0.25699631410328894,0
2024-02-20,0.05149791968185419,1,0.17735566220684038,0
2024-02-21,0.12213943474051615,1,0.42133989280136624,0
2024-02-22,-0.45381159436035423,0,-1.567900691557682,0
2024-02-23,-0.0866864406875983,1,-0.2999105008552087,0
2024-02-26,-0.1997725861147291,1,-0.690491537516539,0
2024-02-27,0.1483667704676666,1,0.5119248175813519,0
2024-02-28,0.014930745893069919,1,0.05105862915957331,0
2024-02-29,-0.06641230312267116,1,-0.22988694812366545,0
2024-03-01,-0.2620498002135524,0,-0.9055868416426475,0
2024-03-04,0.05463429501369227,1,0.1881881892493126,0
2024-03-05,0.44433119200828863,3,1.5341374869016176,0
2024-03-06,-0.2803344009179011,0,-0.9687388596999333,0
2024-03-07,-0.21766175043033176,1,-0.752277783011088,0
2024-03-08,0.4187598639276876,3,1.4458183051592006,0
2024-03-11,0.06015298239328323,1,0.20724883217412934,0
2024-03-12,-0.34522948340220483,0,-1.192875852743653,0
2024-03-13,0.20107751178497546,1,0.6939790905353086,0
2024-03-14,-0.08117893189550007,1,-0.28088846694190994,0
2024-03-15,0.17246554031209402,1,0.5951580242004988,0
2024-03-18,-0.04911391990092226,1,-0.17014116382978592,0
2024-03-19,-0.046974194689761134,1,-0.16275090317505153,0
2024-03-20,0.07791202000811936,1,0.26858564134302815,0
2024-03-21,-0.10223089388967643,1,-0.35359849793981546,0
2024-03-22,-0.185764038134909,1,-0.6421083056766691,0
2024-03-25,0.19502792355116028,1,0.6730848029564621,0
2024-03-26,0.038389979424336085,1,0.13208298203068927,0
2024-03-27,0.09872815150849645,1,0.3404811524154682,0
2024-03-28,0.09156602779498466,1,0.315744349386642,0
2024-04-01,-0.15893962758368135,1,-0.5494611821819636,0
2024-04-02,-0.06774070840878199,1,-0.2344750425519957,0
2024-04-03,0.1008631812607832,1,0.3478551957237909,0
2024-04-04,0.09119672358539244,1,0.31446883309345586,0
2024-04-05,-0.10806241627774943,1,-0.37373962177991465,0
2024-04-08,0.2606715615385855,3,0.8998071841863601,0
2024-04-09,-0.03959608313881913,1,-0.13726811350806464,0
2024-04-10,-0.09888395730126032,1,-0.3420387267812375,0
2024-04-11,-0.09480027382114842,1,-0.3279343524475431,0
2024-04-12,0.2529155775602986,3,0.8730192850044927,0
2024-04-15,0.13036214309183525,1,0.44973978157546424,0
2024-04-16,-0.2310243969215926,1,-0.7984301768289376,0
2024-04-17,0.2632550195028559,3,0.9087300251413195,0
2024-04-18,0.18192355787979608,1,0.6278244688158078,0
2024-04-19,0.41527702322633997,3,1.4337891434389864,0
2024-04-22,0.040439602784971274,1,0.13916204564134188,0
2024-04-23,0.030794673631556857,1,0.10585003900218103,0
2024-04-24,0.011779181628957296,1,0.04017364203110945,0
2024-04-25,-0.2777172994151904,0,-0.9596998194698872,0
2024-04-26,-0.14041278915721314,1,-0.4854725146813127,0
2024-04-29,-0.00994803663654692,1,-0.03486861360378526,0
2024-04-30,0.08189929068158208,1,0.2823570216231518,0
2024-05-01,0.2968817902363585,3,1.0248713873131114,0
2024-05-02,0.03552915846780513,1,0.1222021746985097,0
2024-05-03,-0.22420919579252457,1,-0.7748915876234005,0
2024-05-06,-0.04648645153747877,1,-0.16106631815958944,0
2024-05-07,-0.14771946796608773,1,-0.5107085873491227,0
2024-05-08,-0.06135394341003046,1,-0.21241620161526853,0
2024-05-09,0.06961744799469655,1,0.23993754724247973,0
2024-05-10,-0.1638768454635507,1,-0.566513524628146,0
2024-05-13,0.06794344154013647,1,0.23415580294541954,0
2024-05-14,0.05957176578189621,1,0.20524140513041067,0
2024-05-15,-0.1682666612321847,1,-0.5816752297794648,0
2024-05-16,-0.07543027813450737,1,-0.2610335577760263,0
2024-05-17,0.10980850993353383,1,0.3787508968115127,0
2024-05-20,-0.3020524557157616,0,-1.043749466217439,0
2024-05-21,0.10681303035436401,1,0.368405000637309,0
2024-05-22,-0.25221681045084315,0,-0.8716253044402501,0
2024-05-23,0.003908686978836062,1,0.012990241731533065,0
2024-05-24,0.025060702615231134,1,0.086045841633144,0
2024-05-28,0.09304484996200352,1,0.3208519591017876,0
2024-05-29,0.27021722278883487,3,0.9327763357358991,0
2024-05-30,0.2881018627143413,3,0.994546954727596,0
2024-05-31,0.061027469123976275,1,0.21026916620824634,0
2024-06-03,0.17972104744987774,1,0.6202173582920061,0
2024-06-04,-0.016969692639193512,1,-0.059120264150669954,0
2024-06-05,-0.2709351417367086,0,-0.9362753569342095,0
2024-06-06,0.157544753713328,1,0.5436240694836165,0
2024-06-07,0.07811589431346389,1,0.269289789824076,0
2024-06-10,-0.1694695326766539,1,-0.5858297508658152,0
2024-06-11,-0.31734668365395957,0,-1.096573226196819,0
2024-06-12,-0.020765975204314446,1,-0.07223200276501428,0
2024-06-13,-0.03261456727958181,1,-0.11315510044648211,0
2024-06-14,0.03052227692553211,1,0.10490922536475067,0
2024-06-17,-0.281582141625421,0,-0.9730483518767773,0
2024-06-18,-0.05471409567086391,1,-0.18948325431706775,0
2024-06-20,0.24839997918167195,3,0.8574231473060273,0
2024-06-21,0.06480868190848166,1,0.22332885626692675,0
2024-06-24,0.2667536083787438,3,0.920813578478776,0
2024-06-25,-0.014000762141695655,1,-0.048866064159077106,0
2024-06-26,0.061978085797819576,1,0.2135524406052547,0
2024-06-27,0.057139189260028866,1,0.1968396839816322,0
2024-06-28,0.24285545647726517,3,0.838273273397955,0
2024-07-01,0.07981364864883,1,0.27515355541444936,0
2024-07-02,-0.12221309140096406,1,-0.4226137375100709,0
2024-07-03,-0.17340158732619065,1,-0.5994104240369127,0
2024-07-05,-0.17972503534024206,1,-0.6212505784720438,0
2024-07-08,-0.07937481020630936,1,-0.2746573259213562,0
2024-07-09,0.3045888803114622,3,1.0514904149562099,0
2024-07-10,-0.27773733517792365,0,-0.9597690197149668,0
2024-07-11,0.3200659336724515,3,1.1049456240215254,0
2024-07-12,-0.21590751724994228,1,-0.7462189487343134,0
2024-07-15,0.08290407611593237,1,0.2858273860527505,0
2024-07-16,-0.03208749309576264,1,-0.11133467248569208,0
2024-07-17,0.6011761667615536,3,2.0758543577248862,0
2024-07-18,0.028231389775351834,1,0.09699687611443424,0
2024-07-19,0.37668481929315584,3,1.3004979877245904,0
2024-07-22,-0.29749603645023626,0,-1.0280123398570813,0
2024-07-23,0.3142017805094964,3,1.084691798825903,0
2024-07-24,0.24794203866067743,3,0.8558414957010169,0
2024-07-25,-0.07940481879316205,1,-0.27476097066861854,0
2024-07-26,-0.19871354574095446,1,-0.686833785406475,0
2024-07-29,0.02579587662215528,1,0.08858501232170482,0
2024-07-30,0.3905310074988936,3,1.3483204554794022,0
2024-07-31,-0.7805443441650688,0,-2.696382130622771,0
2024-08-01,0.3312116366043235,3,1.1434410576487588,0
2024-08-02,0.14793238492055272,1,0.5104245210007088,0
2024-08-05,0.18908541930474665,1,0.6525603659428743,0
2024-08-06,0.24894398952441088,3,0.8593020699876601,0
2024-08-07,0.11776995675587132,1,0.4062484310271108,0
2024-08-08,-0.4010551589000868,0,-1.385688598513044,0
2024-08-09,0.07282692832273763,1,0.2510225669762029,0
2024-08-12,-0.06589273954419222,1,-0.2280924605644044,0
2024-08-13,-0.2383686476683513,1,-0.8237960168205231,0
2024-08-14,-0.027394570585591287,1,-0.09512608626082047,0
2024-08-15,-0.2708992110686863,0,-0.9361512582878981,0
2024-08-16,0.05493627124395101,1,0.18923116572194815,0
2024-08-19,-0.04987706349584603,1,-0.17277693689730858,0
2024-08-20,-0.06817269607745996,1,-0.23596705725299966,0
2024-08-21,-0.22836948911236526,1,-0.7892605598042203,0
2024-08-22,0.4525389899241445,3,1.5624858774721264,0
2024-08-23,0.16891443904336367,1,0.5828931016532554,0
2024-08-26,0.09479307764252008,1,0.32689005136496574,0
2024-08-27,0.038065757669893494,1,0.1309631731586118,0
2024-08-28,0.21740063225949757,1,0.7503564769287179,0
2024-08-29,0.10170022590856412,1,0.35074621093195146,0
2024-08-30,-0.20645381213810116,1,-0.7135673986356966,0
2024-09-03,0.675005142780024,3,2.3308475567593323,0
2024-09-04,-0.14055361934261093,1,-0.4859589190909609,0
2024-09-05,0.18459037184723087,1,0.6370352077622048,0
2024-09-06,0.25753320268895313,3,0.8889678063980834,0
2024-09-09,-0.15077675510103972,1,-0.5212679567044992,0
2024-09-10,-0.16672191801612937,1,-0.5763399395507319,0
2024-09-11,-0.17616144704310574,1,-0.6089425277725302,0
2024-09-12,0.05819949077735789,1,0.20050179187511247,0
2024-09-13,-0.10226082924805602,1,-0.3537018897679175,0
2024-09-16,0.08941561148518795,1,0.30831716342711135,0
2024-09-17,-0.019096349683136532,1,-0.06646538949479637,0
2024-09-18,0.21115190487462504,1,0.7287743953166939,0
2024-09-19,-0.33931558527164984,0,-1.1724502165720667,0
2024-09-20,0.06407601130039065,1,0.22079833190818582,0
2024-09-23,-0.0345895628362409,1,-0.11997641183708468,0
2024-09-24,-0.16887246688187335,1,-0.583767583336808,0
2024-09-25,-0.08277202833926112,1,-0.28639076130480884,0
2024-09-26,-0.34793680222665263,0,-1.202226488836444,0
2024-09-27,0.12090645582415291,1,0.417081385435006,0
2024-09-30,0.04681603172171135,1,0.16118518751166103,0
2024-10-01,0.07902584289934966,1,0.27243260330172514,0
2024-10-02,-0.08743232139908573,1,-0.30248665074888575,0
2024-10-03,0.04416645614149023,1,0.15203398713316593,0
2024-10-04,0.15415407007402718,1,0.5319132031716854,0
2024-10-07,0.0901361073588868,1,0.3108056382459904,0
2024-10-08,-0.22707188835529749,1,-0.7847788591772001,0
2024-10-09,-0.05919638824531431,1,-0.2049643592193152,0
2024-10-10,0.08515451966244425,1,0.29360004971569936,0
2024-10-11,-0.04346146270613116,1,-0.15061850185836076,0
2024-10-14,-0.0791825485403383,1,-0.2739932855959779,0
2024-10-15,0.548153672458574,3,1.892723340985335,0
2024-10-16,0.21290143273143508,1,0.7348169781759802,0
2024-10-17,-0.006689614190825741,1,-0.023614555806312623,0
2024-10-18,0.07798593202386955,1,0.2688409213477042,0
2024-10-21,-0.12599943773093808,1,-0.43569115799455477,0
2024-10-22,0.29887892436377195,3,1.0317691617035163,0
2024-10-23,0.2420199805709103,3,0.8353876763659125,0
2024-10-24,0.0587134205329575,1,0.20227682113227768,0
2024-10-25,-0.20348823351960366,1,-0.7033247754855442,0
2024-10-28,0.18921761319393715,1,0.6530169419989887,0
2024-10-29,-0.15263602171141538,1,-0.5276895592568496,0
2024-10-30,0.56304942378343,3,1.9441708279638399,0
2024-10-31,0.11613892171256324,1,0.40061510295106695,0
2024-11-01,-0.19427995786489616,1,-0.6715208985606165,0
2024-11-04,0.11087290414346045,1,0.3824271401953438,0
2024-11-05,-0.09045919103709466,1,-0.3129409630484771,0
2024-11-06,0.08148320822736266,1,0.28091994092956385,0
2024-11-07,-0.2025425442414447,1,-0.7000585195067263,0
2024-11-08,0.019095979985768313,1,0.06544466596115087,0
2024-11-11,0.33047474426630474,3,1.140895952125849,0
2024-11-12,0.06975264719195118,1,0.24040450314074688,0
2024-11-13,0.13383458591911965,1,0.46173303074056093,0
2024-11-14,0.2147616557064297,1,0.7412418838551891,0
2024-11-15,0.5737755957644075,3,1.9812172703544106,0
2024-11-18,-0.13402398417418124,1,-0.4634066279727804,0
2024-11-19,-0.03118486339965648,1,-0.10821713725540502,0
2024-11-20,-0.047869952543231065,1,-0.16584470418563826,0
2024-11-21,-0.2561356860161602,0,-0.8851604592115708,0
2024-11-22,-0.08250823109175748,1,-0.2854796487895736,0
2024-11-25,-0.027618416353869413,1,-0.09589921290596427,0
2024-11-26,0.006156953161920858,1,0.020755385137589927,0
2024-11-27,0.2766866811868908,3,0.9551207861387848,0
2024-11-29,-0.16667589860097481,1,-0.5761809960231253,0
2024-12-02,-0.308873206656668,0,-1.0673072235646872,0
2024-12-03,0.08215682913129604,1,0.2832465172752452,0
2024-12-04,-0.015104237051765506,1,-0.052677285884576375,0
2024-12-05,0.3150679687893766,3,1.0876834713691812,0
2024-12-06,0.011930764445643297,1,0.04069718426926463,0
2024-12-09,-0.07411750169066686,1,-0.2564994428108099,0
2024-12-10,0.10713137578791587,1,0.3695045136588507,0
2024-12-11,-0.1068046524096175,1,-0.36939551124688136,0
2024-12-12,0.0167641310006911,1,0.05739084123762622,0
2024-12-13,-0.005801580161051256,1,-0.020547431618554754,0
2024-12-16,-0.09044195981915239,1,-0.3128814492420651,0
2024-12-17,0.06636506509241902,1,0.22870434903952483,0
2024-12-18,0.22418484772515979,3,0.7737880467245035,0
2024-12-19,0.18594981569425226,1,0.6417305042996098,0
2024-12-20,0.17197649519559044,1,0.5934689424137187,0
2024-12-23,-0.05658808098056208,1,-0.19595569284775988,0
2024-12-24,-0.08408725231978426,1,-0.29093332966112073,0
2024-12-26,0.058177138144328275,1,0.20042458953924858,0
2024-12-27,0.06166002159996409,1,0.21245389892577637,0
2024-12-30,0.2827591284260753,3,0.9760940249806748,0
2024-12-31,0.13868154692053242,1,0.4784736407015638,0
2025-01-02,-0.002463316021496853,1,-0.009017613678861412,0
2025-01-03,-0.10530551795056486,1,-0.3642177461997138,0
2025-01-06,-0.13925576090066322,1,-0.4814763284625427,0
2025-01-07,0.06830719489228093,1,0.23541214748553094,0
2025-01-08,0.015436575206401654,1,0.05280568081500447,0
2025-01-10,0.2860542340369354,3,0.9874747804263329,0
2025-01-13,0.1198176603408091,1,0.4133208640467284,0
2025-01-14,-0.028594161302611998,1,-0.09926927625154457,0
2025-01-15,-0.07749995310905855,1,-0.2681818763791492,0
2025-01-16,-0.18667644016957113,1,-0.6452595929648177,0
2025-01-17,-0.1685457764811184,1,-0.5826392481644292,0
2025-01-21,-0.20709756888962638,1,-0.7157908290870464,0
2025-01-22,-0.35856084489448325,0,-1.238920193295664,0
2025-01-23,0.09981096389431662,1,0.34422100916419696,0
2025-01-24,0.26611603745194273,3,0.9186115128535439,0
2025-01-27,0.7842688428309976,3,2.7082264927392594,0
2025-01-28,0.14155285348193086,1,0.4883906635966993,0
2025-01-29,-0.037935015465761446,1,-0.13153105764452788,0
2025-01-30,-0.19050692111461903,1,-0.6584894471859286,0
2025-01-31,0.06494348796168281,1,0.22379445430998196,0
2025-02-03,0.09903035343479494,1,0.3415249084052837,0
2025-02-04,0.09905191156659664,1,0.3415993666639483,0
2025-02-05,-0.0021974444565355244,1,-0.00809933681064611,0
2025-02-06,0.14777366891742902,1,0.509876341904139,0
2025-02-07,0.09669619923765105,1,0.3334631218565919,0
2025-02-10,-0.5082233233477605,0,-1.7558298975109505,0
2025-02-11,-0.10170666024764455,1,-0.3517878807454263,0
2025-02-12,0.10565419048133368,1,0.36440255739173627,0
2025-02-13,-0.09126273198634825,1,-0.3157162619657219,0
2025-02-14,0.1372535096199193,1,0.4735414336026498,0
2025-02-18,-0.18182152837217883,1,-0.628491522255867,0
2025-02-19,-0.051175034830224786,1,-0.1772599174377057,0
2025-02-20,-0.11620965375704267,1,-0.40187884651491,0
2025-02-21,0.11285270111035728,1,0.3892650348710253,0
2025-02-24,0.3321222285187887,3,1.146586093078023,0
2025-02-25,-0.01709860661592681,1,-0.05956551192600482,0
2025-02-26,0.11247167532753258,1,0.3879490341824506,0
2025-02-27,0.5567989490326615,3,1.9225827112360152,0
2025-02-28,-0.12181020701834666,1,-0.4212222407955705,0
2025-03-03,0.28175146381825855,3,0.9726137163571784,0
2025-03-04,-0.1589663876571198,1,-0.5495536070956012,0
2025-03-05,-0.1659068307094106,1,-0.5735247614046799,0
2025-03-06,-0.11124762385535114,1,-0.38474080740652045,0
2025-03-07,-0.564387547022119,0,-1.949811933269213,0
2025-03-10,0.1510654538062759,1,0.5212456281194905,0
2025-03-11,0.3599720575794706,3,1.2427748442665687,0
2025-03-12,0.14969464771008653,1,0.5165110882332026,0
2025-03-13,-0.0491813561596659,1,-0.17037407762969634,0
2025-03-14,-0.02790248025477693,1,-0.09688032312486383,0
2025-03-17,-0.16657002549082423,1,-0.5758153276296984,0
2025-03-18,0.21647267781367519,1,0.7471514741579997,0
2025-03-19,0.0681247872112829,1,0.23478214121137503,0
2025-03-20,0.24440653243863414,3,0.8436304358924741,0
2025-03-21,0.037557117721153,1,0.12920641402851624,0
2025-03-24,-0.06520347158882422,1,-0.2257118418641363,0
2025-03-25,0.05279806502752424,1,0.18184615142640115,0
2025-03-26,0.11558064138770363,1,0.3986868940868627,0
2025-03-27,-0.12821327530275628,1,-0.4433373906124817,0
2025-03-28,0.3084182767171061,3,1.0647165233557339,0
2025-03-31,0.028499058615048534,1,0.09792136047541229,0
2025-04-01,-0.16835231884560892,1,-0.5819710771560184,0
2025-04-02,0.06717565212106913,1,0.23150398396172134,0
2025-04-03,0.03336633240212317,1,0.11473212747334767,0
2025-04-04,0.7327644822967527,3,2.53033886155276,0
2025-04-07,-0.05124674919579747,1,-0.17750760711837427,0
2025-04-08,0.3324357896606682,3,1.1476690819392088,0
2025-04-09,-1.0741740962107689,2,-3.7105312336401615,0
2025-04-10,0.018836933582216275,1,0.06454996208331872,0
2025-04-11,-0.4261828734617146,0,-1.4724756117704256,0
2025-04-14,-0.054478811273677374,1,-0.1886706205199191,0
2025-04-15,0.2610451020090132,3,0.901097331831092,0
2025-04-16,0.4815168147837521,3,1.6625705415227647,0
2025-04-17,-0.0008889552540753409,1,-0.0035800292754328404,0
2025-04-21,0.2013546198323911,1,0.6949361763747631,0
2025-04-22,-0.11958702897093243,1,-0.41354374770375946,0
2025-04-23,-0.0029287449895503137,1,-0.010625129154324075,0
2025-04-24,-0.3838648498388738,0,-1.32631608468036,0
2025-04-25,-0.03974238699867744,1,-0.1377734230933828,0
2025-04-28,0.18925403752452957,1,0.6531427456750161,0
2025-04-29,-0.08743427230055278,1,-0.3024933888432345,0
2025-04-30,-0.2946892331862981,0,-1.0183181007936428,0
2025-05-01,0.20174507576360137,1,0.6962847472523596,0
2025-05-02,-0.019816676481656192,1,-0.06895328035568027,0
2025-05-05,-0.017993923379097776,1,-0.06265778948289542,0
2025-05-06,0.09786739688652629,1,0.3375082468372445,0
2025-05-07,-0.08319691602902013,1,-0.2878582538407327,0
2025-05-08,-0.02877880781010511,1,-0.09990701506596925,0
2025-05-09,0.04546574966784884,1,0.15652153430824853,0
2025-05-12,-0.3936841786606713,0,-1.3602304392288354,0
2025-05-13,-0.13206953166317892,1,-0.4566562688994444,0
2025-05-14,0.015420811242459587,1,0.05275123466375289,0
2025-05-15,-0.1924146977514745,1,-0.6650785954297461,0
2025-05-16,-0.06258593600278978,1,-0.21667130238133966,0
2025-05-19,-0.027325163702508426,1,-0.09488636624698904,0
2025-05-20,-0.10013315987387106,1,-0.346353268000831,0
2025-05-21,-0.07528838199954868,1,-0.2605434717510666,0
2025-05-22,0.09697137417840236,1,0.3344135310620336,0
2025-05-23,0.04878090097176058,1,0.16797152429668047,0
2025-05-27,-0.0808490403478036,1,-0.2797490755319505,0
2025-05-28,0.2895596057105053,3,0.9995817604367925,0
2025-05-29,0.11446689969392349,1,0.3948402125708683,0
2025-05-30,0.0005096730875037703,1,0.0012506040925590934,0
2025-06-02,-0.05936032922439677,1,-0.20553058452763606,0
2025-06-03,-0.32559325116981547,0,-1.1250555206200217,0
2025-06-04,-0.0616526665413108,1,-0.2134479424164914,0
2025-06-05,0.12300628482978532,1,0.4243338511259506,0
2025-06-06,0.07985353737389955,1,0.27529132454195754,0
2025-06-09,-0.07366250070477648,1,-0.2549279438789137,0
2025-06-10,0.0009333234461008089,1,0.0027138230891726022,0
2025-06-11,0.09686596445597617,1,0.3340494631339607,0
2025-06-12,-0.220417475473577,1,-0.7617956062606025,0
2025-06-13,0.12091267460247479,1,0.41710286407745645,0
2025-06-16,-0.013127134565260712,1,-0.04584869750314347,0
2025-06-17,0.10927212390288044,1,0.37689830725589596,0
2025-06-18,0.1841278577842556,1,0.6354377598917782,0
2025-06-20,0.15057402678137705,1,0.5195483196109777,0
2025-06-23,-0.19882250811339308,1,-0.6872101236062024,0
2025-06-24,-0.1691194655757925,1,-0.5846206763975057,0
2025-06-25,0.05274825332909849,1,0.1816741099730869,0
2025-06-26,0.06679826619825713,1,0.23020055475386772,0
2025-06-27,0.03412931269439823,1,0.11736733652025062,0
2025-06-30,-0.061534047321265495,1,-0.21303825104573806,0
2025-07-01,-0.0842588930453807,1,-0.29152614863362664,0
2025-07-02,-0.12257050054283586,1,-0.4238481701863042,0
2025-07-03,-0.01993081269545932,1,-0.06934748815663987,0
2025-07-07,0.13420675346355843,1,0.46301843652364394,0
2025-07-08,-0.020780054778660073,1,-0.07228063131029623,0
2025-07-09,-0.06902610134119622,1,-0.23891457935080718,0
2025-07-10,0.13148173780648903,1,0.45360667846754904,0
2025-07-11,0.1111285387075871,1,0.38331006013824165,0
2025-07-14,0.1384274562887058,1,0.47759605324812354,0
2025-07-15,-0.12711540939753474,1,-0.43954554147166125,0
2025-07-16,0.01689227485351405,1,0.05783342913102662,0
2025-07-17,-0.1949756518238176,1,-0.6739237116253668,0
2025-07-18,0.034986026449729084,1,0.12032628560650066,0
2025-07-21,-0.03882308520213246,1,-0.13459830515702578,0
2025-07-22,0.058995731843533905,1,0.20325187819103296,0
2025-07-23,0.14111823212653862,1,0.4868895525728592,0
2025-07-24,-0.26143241611943024,0,-0.9034544980333604,0
2025-07-25,-0.035641092857743695,1,-0.1236082244196766,0
2025-07-28,-0.0669968969638145,1,-0.23190603956618638,0
2025-07-29,0.05673371897213103,1,0.1954392559735474,0
2025-07-30,-0.007169873054974518,1,-0.025273291315569973,0
2025-07-31,-0.313866175339139,0,-1.0845521201579105,0
2025-08-01,0.006996204055515709,1,0.023654020357679252,0
2025-08-04,-0.1610628788035222,1,-0.5567945443670975,0
2025-08-05,0.14959154382988907,1,0.5161549843067734,0
2025-08-06,-0.2958373891479095,0,-1.0222836435578893,0
2025-08-07,-0.04706255558847159,1,-0.16305608725651707,0
2025-08-08,-0.05237153868954463,1,-0.18139244592717976,0
2025-08-11,0.01809040829844724,1,0.0619715859424829,0
2025-08-12,-0.0019437618252896582,1,-0.007223158524431281,0
2025-08-13,0.01971526066832574,1,0.06758356007646471,0
2025-08-14,0.24345914975751043,3,0.8403583311769878,0
2025-08-15,0.2218402338129296,3,0.7656901340319224,0
2025-08-18,-0.011268460024203987,1,-0.0394291398613124,0
2025-08-19,0.060655242647595975,1,0.20898355688388315,0
2025-08-20,0.14566576121871996,1,0.502595973729607,0
2025-08-21,0.09591532312706766,1,0.3307661035823926,0
2025-08-22,0.0693271122139758,1,0.23893477497727017,0
2025-08-25,0.20215695991945853,1,0.6977073277105708,0
2025-08-26,0.17762998432862093,1,0.6129951685309177,0
2025-08-27,0.10892769712183681,1,0.37570871352904434,0
2025-08-28,0.053644838998596706,1,0.18477077012474055,0
2025-08-29,0.32520760069776705,3,1.1227041003523786,0
2025-09-02,0.04678498185889002,1,0.16107794636763634,0
2025-09-03,0.0038799146178634947,1,0.012890866706118472,0
2025-09-04,-0.11238250681122919,1,-0.3886605073814546,0
2025-09-05,-0.17016899955074669,1,-0.5882455949620264,0
2025-09-08,-0.05423453620555074,1,-0.1878269344169128,0
2025-09-09,0.10889431829102858,1,0.37559342851079225,0
2025-09-10,-0.0692419848534393,1,-0.23966020566684715,0
2025-09-11,-0.0909499539309847,1,-0.31463597775718877,0
2025-09-12,0.22387701935634818,3,0.7727248579231691,0
2025-09-15,-0.08648205420216248,1,-0.2992045833879578,0
2025-09-16,-0.13198068037727934,1,-0.4563493911008929,0
2025-09-17,0.031232403228822772,1,0.10736188538470394,0
2025-09-18,-0.15567437931295097,1,-0.5381835491021423,0
2025-09-19,-0.019875910933513236,1,-0.06915786645705463,0
2025-09-22,-0.14027505645813193,1,-0.4849968084824135,0
2025-09-23,0.17234613576753044,1,0.5947456204473992,0
2025-09-24,0.018105597344049262,1,0.06202404641988909,0
2025-09-25,0.17039178441847996,1,0.5879956107708869,0
2025-09-26,-0.0929603738855469,1,-0.32157963921997607,0
2025-09-29,-0.038808683745339745,1,-0.13454856488245648,0
2025-09-30,-0.20766110397348808,1,-0.7177371870287587,0
2025-10-01,-0.12751767411363954,1,-0.4409348979594525,0
2025-10-02,-0.12932757083683366,1,-0.4471859850022116,0
2025-10-03,0.06117646903887164,1,0.21078378752637927,0
2025-10-06,-0.25462494377156614,0,-0.879942602773075,0
2025-10-07,0.15462147004337878,1,0.5335275261630236,0
2025-10-08,-0.4379617808538913,0,-1.5131580299623049,0
2025-10-09,0.1667694369729864,1,0.5754846155904909,0
2025-10-10,0.31193103955945944,3,1.0768490312534045,0
2025-10-13,-0.10186263347991009,1,-0.3523265867603815,0
2025-10-14,0.17192154280667193,1,0.5932791458568571,0
2025-10-15,-0.11566625187245166,1,-0.4000020253481293,0
2025-10-16,-0.2793310930133279,0,-0.9652735984163465,0
2025-10-17,0.11409746358167867,1,0.3935642407075096,0
2025-10-20,-0.03562838960845349,1,-0.1235643494758628,0
2025-10-21,0.07545856938651374,1,0.2601118244703716,0
2025-10-22,0.39278151671488987,3,1.3560933459540017,0
2025-10-23,-0.26986984976718736,0,-0.9325960128356815,0
2025-10-24,0.12926167148967985,1,0.44593893278392793,0
2025-10-27,-0.18005176874321605,1,-0.6223790621670486,0
2025-10-28,-0.20241406066055456,1,-0.6996147582481876,0
2025-10-29,-0.2563939310460337,0,-0.886052395275884,0
2025-10-30,-0.1530923783632439,1,-0.5292657404370043,0
2025-10-31,0.044403961355903396,1,0.1528542912695178,0
2025-11-03,0.22306607013889335,3,0.7699239720601232,0
2025-11-04,0.24944890890125915,3,0.8610459788714133,0
2025-11-05,-0.19741935537444832,1,-0.682363863710251,0
2025-11-06,0.24192335996751335,3,0.8350539646163867,0
2025-11-07,0.20805388374830908,1,0.7180743374223791,0
2025-11-10,-0.19371156243512205,1,-0.6695577537796513,0
2025-11-11,0.1497899279143224,1,0.5168401704634191,0
2025-11-12,-0.055933282965581116,1,-0.19369412767963903,0
2025-11-13,0.2448267658449581,3,0.8450818532952142,0
2025-11-14,0.04802034743334427,1,0.16534469686040093,0
2025-11-17,-0.0725071458310782,1,-0.25093753725061835,0
2025-11-18,0.2964048430509189,3,1.0232240898000688,0
2025-11-19,-0.053554968472645015,1,-0.18547981869732239,0
2025-11-20,0.39996709864128294,3,1.380911169810541,0
2025-11-21,0.015709368113626665,1,0.05374786286653137,0
2025-11-24,-0.1584683813621423,1,-0.5478335748651145,0
2025-11-25,-0.01002566529520621,1,-0.035136730284738994,0
2025-11-26,-0.20515042396207228,1,-0.7090657092108544,0
2025-11-28,-0.20765322491213462,1,-0.717709974040468,0
2025-12-01,0.16843819994567255,1,0.5812482497593979,0
2025-12-02,-0.12422496697603683,1,-0.42956242644784953,0
2025-12-03,-0.21165598369247274,1,-0.7315348477066865,0
2025-12-04,-0.047882191037793356,1,-0.1658869739426917,0
2025-12-05,-0.05882678212162363,1,-0.20368780016424945,0
2025-12-08,0.13258394175823526,1,0.45741351051102563,0
2025-12-09,0.12324142625830518,1,0.42514599113272533,0
2025-12-10,0.05733349741998728,1,0.19751079256227805,0
2025-12-11,0.00794808398234359,1,0.026941657823730408,0
2025-12-12,0.41734764472112773,3,1.4409407311680824,0
2025-12-15,0.13011121424382288,1,0.4488731144058059,0
2025-12-16,0.03751866786406133,1,0.12907361451549346,0
2025-12-17,0.39142372598954783,3,1.3514037590282986,0
2025-12-18,-0.1700242771663349,1,-0.5877457475340487,0
2025-12-19,-0.14889341842711007,1,-0.5147632200923584,0
2025-12-22,0.05284446845806162,1,0.18200642128028532,0
2025-12-23,-0.050911665831832736,1,-0.17635028402480712,0
2025-12-24,0.026264907275328264,1,0.09020496742805593,0
2025-12-26,-0.0300167370307914,1,-0.1041826199732084,0
2025-12-29,0.028355168743628728,1,0.09742438841104542,0
2025-12-30,0.12329617354995391,1,0.4253350793171868,0
2025-12-31,0.1823311627528733,1,0.6292322693317188,0
