Date,spread,regime,z_score,signal
2016-07-06,-0.017566348261254916,2,-0.11006197466210207,0
2016-07-07,0.04819177136604838,2,0.39475325847168824,0
2016-07-08,0.01087345101922288,2,0.10826610383866339,0
2016-07-11,-0.044713451312847236,2,-0.3184662178729509,0
2016-07-12,-0.050549378716081284,2,-0.3632677582654204,0
2016-07-13,-0.053701724351617686,2,-0.38746784345552143,0
2016-07-14,0.026082672862702397,2,0.2250250214326474,0
2016-07-15,-0.021284046277597765,2,-0.1386021853840325,0
2016-07-18,-0.14937593766605328,2,-1.1219444460858248,0
2016-07-19,0.05632153367138662,2,0.4571642257674684,0
2016-07-20,0.05222769478316874,2,0.42573643792193816,0
2016-07-21,-0.053694928734303066,2,-0.38741567451945075,0
2016-07-22,0.016715119090716046,2,0.1531117144813468,0
2016-07-25,-0.009944186490403267,2,-0.05154778062577642,0
2016-07-26,0.03458600083822749,2,0.290303796414459,0
2016-07-27,0.10749861913771433,2,0.8500430440368589,0
2016-07-28,-0.003320219951060688,2,-0.0006965818417977295,0
2016-07-29,-0.09793594046678247,2,-0.7270472938295212,0
2016-08-01,0.044841632094011166,2,0.3690347411656987,0
2016-08-02,0.054699702636907266,2,0.4447136718827984,0
2016-08-03,0.006151738065561921,2,0.072018220854742,0
2016-08-04,0.03948317416714602,2,0.32789866241345766,0
2016-08-05,0.024987040527498894,2,0.21661401613232206,0
2016-08-08,-0.06341550593463813,2,-0.4620390894436312,0
2016-08-09,0.030129065019813397,2,0.25608856783148015,0
2016-08-10,0.05380710945504891,2,0.437861367745343,0
2016-08-11,0.0011050031730994447,2,0.03327519313828239,0
2016-08-12,-0.045880459647653,2,-0.32742516602936134,0
2016-08-15,0.009777853468082937,2,0.09985536557038299,0
2016-08-16,-0.011661435328668257,2,-0.06473084269553686,0
2016-08-17,-0.08391440812387073,2,-0.6194060906032505,0
2016-08-18,-0.03680622966836435,2,-0.25776366189166944,0
2016-08-19,0.0381049813647482,2,0.31731848273695584,0
2016-08-22,-0.0051836620405172375,2,-0.015001947599697866,0
2016-08-23,0.059307950113754476,2,0.48009049739952026,0
2016-08-24,-0.00530563490033642,2,-0.015938314971736433,0
2016-08-25,0.04156895897243261,2,0.3439109198915513,0
2016-08-26,0.08400859922309309,2,0.6697136801997381,0
2016-08-29,-0.019631130874734615,2,-0.12591300146003936,0
2016-08-30,0.014245293845214363,2,0.13415123607694351,0
2016-08-31,-0.04434675254874228,2,-0.3156511263961767,0
2016-09-01,0.021457021863114475,2,0.18951459167907253,0
2016-09-02,0.04527247148769668,2,0.37234223064683447,0
2016-09-06,-0.06865577928714504,2,-0.5022678829237931,0
2016-09-07,-0.05654855809225566,2,-0.40932255959732233,0
2016-09-08,-0.06861823778202397,2,-0.5019796824130835,0
2016-09-09,0.04330476172630915,2,0.35723641759189356,0
2016-09-12,-0.08796609157684243,2,-0.6505102574877151,0
2016-09-13,0.013669268845193261,2,0.12972917844627174,0
2016-09-14,-0.015083852221682794,2,-0.09100422446983572,0
2016-09-15,0.025866283400750534,2,0.22336383195061774,0
2016-09-16,-0.07604943455047,2,-0.5590278667344696,0
2016-09-19,0.025549316957284227,2,0.22093052804897156,0
2016-09-20,-0.02594009456510627,2,-0.17434597056314624,0
2016-09-21,-0.016979039785263828,2,-0.10555329547678986,0
2016-09-22,-0.036828532602782904,2,-0.25793487817799093,0
2016-09-23,-0.08013353570172738,2,-0.5903808994321675,0
2016-09-26,0.04102075419900114,2,0.3397024339726511,0
2016-09-27,0.02572523661040227,2,0.22228103687137907,0
2016-09-28,-0.008861220527189004,2,-0.04323401316565922,0
2016-09-29,0.01054569100964714,2,0.10574993934698272,0
2016-09-30,0.037817731462870985,2,0.3151133082732445,0
2016-10-03,0.024343111051270905,2,0.21167066601060142,0
2016-10-04,0.04207676357631174,2,0.3478092597611606,0
2016-10-05,-0.0017820264189609587,2,0.011111899466864915,0
2016-10-06,0.025809367202710584,2,0.22292689482489894,0
2016-10-07,-0.0006144626804717168,2,0.020075111374148243,0
2016-10-10,-0.05606327719951387,2,-0.40559713088383004,0
2016-10-11,-0.0775216877701621,2,-0.5703301341433183,0
2016-10-12,-0.02189658522101527,2,-0.1433045550879929,0
2016-10-13,-0.09339458056479391,2,-0.6921839542045402,0
2016-10-14,0.09043953736699707,2,0.7190830289095805,0
2016-10-17,0.02290091222429752,2,0.20059912167219612,0
2016-10-18,-0.04043051130168268,2,-0.28558672903585897,0
2016-10-19,-0.03501591227652309,2,-0.24401966348252746,0
2016-10-20,-0.07183887849162962,2,-0.5267040586555073,0
2016-10-21,0.09229314579540847,2,0.7333129031248209,0
2016-10-24,0.03476768350721063,2,0.2916985470463036,0
2016-10-25,-0.11844426780068656,2,-0.8844866504127995,0
2016-10-26,-0.026778112322647457,2,-0.18077930734408057,0
2016-10-27,-0.02736911222507188,2,-0.18531632505710768,0
2016-10-28,0.13173322721307318,2,1.036088499636971,0
2016-10-31,-0.03141401187535926,2,-0.21636841370464846,0
2016-11-01,-0.04816166137850553,2,-0.3449376099695524,0
2016-11-02,-0.004804331551091667,2,-0.012089884260000192,0
2016-11-03,0.08387625502443685,2,0.668697693613181,0
2016-11-04,-0.052172081549368574,2,-0.3757250048189344,0
2016-11-07,-0.04044028500527386,2,-0.28566176029412677,0
2016-11-08,-0.00017404220994672592,2,0.023456153346836484,0
2016-11-09,0.17292162691453367,3,1.3522856736976978,0
2016-11-10,0.14824425516135967,3,1.1628411876735676,0
2016-11-11,0.026342100366772092,2,0.22701660751647276,0
2016-11-14,-0.1529415188926777,2,-1.149316879001752,0
2016-11-15,-0.04520944800862647,2,-0.3222739102010238,0
2016-11-16,0.027234016732901857,2,0.23386371584097376,0
2016-11-17,0.0776706836004516,2,0.6210584514498939,0
2016-11-18,-0.006234745254350457,2,-0.023070955969181715,0
2016-11-21,0.029652327422267283,2,0.25242872471533123,0
2016-11-22,-0.09190178937142207,2,-0.6807240198485526,0
2016-11-23,0.04996061886378667,2,0.4083324357202135,0
2016-11-25,-0.0289829840753707,2,-0.19770577747719162,0
2016-11-28,-0.14768008581764852,2,-1.1089256455017313,0
2016-11-29,0.010792347539037794,2,0.10764348457142091,0
2016-11-30,0.009299294773671085,2,0.09618154216641489,0
2016-12-01,-0.10027118460340645,2,-0.7449746132227094,0
2016-12-02,-0.04084940899752623,2,-0.2888025438916516,0
2016-12-05,0.01400295968262738,2,0.13229087301492196,0
2016-12-06,0.024749246678305636,2,0.21478850837603836,0
2016-12-07,-0.03199784336273315,2,-0.22085040056923516,0
2016-12-08,0.025169292097109747,2,0.21801313412905843,0
2016-12-09,-0.10002175377096091,2,-0.7430597700893381,0
2016-12-12,-0.03018778295056801,2,-0.206954837950775,0
2016-12-13,-0.023800675371438818,2,-0.15792196992043758,0
2016-12-14,0.0691790918544068,2,0.5558697737435941,0
2016-12-15,-0.04717747036346949,2,-0.33738212298909276,0
2016-12-16,-0.1333357418731547,2,-0.9988062659706248,0
2016-12-19,-0.007084034449075002,2,-0.02959082188479507,0
2016-12-20,-0.004948053200610092,2,-0.013193213832366673,0
2016-12-21,-0.04533474739537793,2,-0.32323581482197344,0
2016-12-22,-0.07519855244555634,2,-0.5524957722859688,0
2016-12-23,-0.015503780906384747,2,-0.09422795407264153,0
2016-12-27,0.025340546707036143,2,0.21932783011375526,0
2016-12-28,-0.004527138747584758,2,-0.009961916633820553,0
2016-12-29,-0.05040059151940994,2,-0.3621255412464322,0
2016-12-30,-0.02727311260955126,2,-0.18457935039048912,0
2017-01-03,-0.04993227823211993,2,-0.3585303702980708,0
2017-01-04,0.022089600349191274,2,0.194370801949898,0
2017-01-05,0.05412535146747163,2,0.4403044639987742,0
2017-01-06,0.058949186077353305,2,0.47733631963862394,0
2017-01-09,0.007962648029447766,2,0.08592030535449044,0
2017-01-10,0.017146450617573417,2,0.1564229819951163,0
2017-01-11,0.06392056953648617,2,0.5155008856898347,0
2017-01-12,-0.019571226926651225,2,-0.1254531278248329,0
2017-01-13,0.05819207412348551,2,0.47152408459196576,0
2017-01-17,-0.13354962875046122,2,-1.0004482434852453,0
2017-01-18,0.015904315224760893,2,0.14688729466919662,0
2017-01-19,0.08215734494992186,2,0.6555018784815996,0
2017-01-20,-0.03164502879198938,2,-0.21814189596489944,0
2017-01-23,-0.0020022067513478375,2,0.009421608040417143,0
2017-01-24,0.05195839869490604,2,0.42366909219567883,0
2017-01-25,0.06139862141672098,2,0.4961402677882549,0
2017-01-26,-0.04921581839136437,2,-0.35303021543366914,0
2017-01-27,0.02729582506699124,2,0.2343382091622516,0
2017-01-30,0.007570442820779288,2,0.08290940472393078,0
2017-01-31,-0.05786304655303219,2,-0.41941369058676536,0
2017-02-01,-0.016154213687786363,2,-0.0992212290939179,0
2017-02-02,0.10672226281917253,2,0.844083072885603,0
2017-02-03,0.03320714640779615,2,0.2797185375186626,0
2017-02-06,0.09908622501459322,2,0.7854623546171231,0
2017-02-07,0.01717199540283447,2,0.15661908548469292,0
2017-02-08,-0.07404434328830903,2,-0.5436350814982257,0
2017-02-09,0.04830037651486546,2,0.39558700392898477,0
2017-02-10,-0.01877854960575645,2,-0.11936786278356767,0
2017-02-13,-0.006000688422081041,2,-0.021274136731978605,0
2017-02-14,-0.011056745283183816,2,-0.060088727805162695,0
2017-02-15,0.006499464442493885,2,0.0746876641574485,0
2017-02-16,-0.005910384331288335,2,-0.02058088575544784,0
2017-02-17,0.04711558998497978,2,0.3864915752323029,0
2017-02-21,-0.08904662585193296,2,-0.6588053572423983,0
2017-02-22,-0.030932697772244014,2,-0.21267343744085304,0
2017-02-23,-0.06722737583585303,2,-0.49130224361780406,0
2017-02-24,0.04186832002717489,2,0.3462090698614321,0
2017-02-27,-0.010723748909973643,2,-0.05753236453432179,0
2017-02-28,-0.11304588224570394,2,-0.8430440532410713,0
2017-03-01,0.09767135438296537,2,0.7746006047403398,0
2017-03-02,-0.07481876829124504,2,-0.549580226228907,0
2017-03-03,0.02651640904086542,2,0.2283547490942488,0
2017-03-06,-0.00042605116216420935,2,0.021521518374204917,0
2017-03-07,0.04866028506074507,2,0.39834996791768773,0
2017-03-08,0.06858696121276527,2,0.5513240755149937,0
2017-03-09,0.04422640792171337,2,0.36431175736189925,0
2017-03-10,0.027384381755787862,2,0.23501804559543726,0
2017-03-13,0.02289872715394707,2,0.2005823472144618,0
2017-03-14,-0.026568500508921095,2,-0.1791701488521164,0
2017-03-15,-0.07221064656378562,2,-0.5295580664507545,0
2017-03-16,-0.00871596372170233,2,-0.0421188984309067,0
2017-03-17,0.02866793227184737,2,0.24487167061811113,0
2017-03-20,-0.014258281926354088,2,-0.08466644499154831,0
2017-03-21,-0.11000175520388167,2,-0.8196747459826514,0
2017-03-22,0.05511239297294235,2,0.44788183376726803,0
2017-03-23,-0.03905415904119149,2,-0.27502067892384224,0
2017-03-24,-0.038213540291573034,2,-0.26856737471638614,0
2017-03-27,-0.03552189354494473,2,-0.24790400587898406,0
2017-03-28,-0.06154015249377787,2,-0.44764228202544815,0
2017-03-29,0.0038212472994615804,2,0.05412739237495971,0
2017-03-30,-0.021068141205885363,2,-0.1369447144933045,0
2017-03-31,0.038317884457740925,2,0.31895290788678027,0
2017-04-03,-0.059152774395446694,2,-0.4293147380184393,0
2017-04-04,-0.012693934406252522,2,-0.0726571834351329,0
2017-04-05,-0.008189477063195921,2,-0.03807713922668837,0
2017-04-06,-0.020600427174346514,2,-0.13335414394157002,0
2017-04-07,0.018471335196374256,2,0.16659392242518617,0
2017-04-10,-0.015035016027743917,2,-0.09062931632513287,0
2017-04-11,0.01944983526105017,2,0.17410572083229425,0
2017-04-12,-0.12503953320443106,2,-0.935117514878518,0
2017-04-13,0.013263130917731625,2,0.1266113184208021,0
2017-04-17,0.026030304253549352,2,0.22462299546553763,0
2017-04-18,0.01654701668087086,2,0.15182121746444133,0
2017-04-19,0.0678383035265203,2,0.5455767426143395,0
2017-04-20,0.036084075011761585,2,0.30180428741770726,0
2017-04-21,0.0662691178912068,2,0.5335303395722417,0
2017-04-24,0.11010242560354339,2,0.8700320761979459,0
2017-04-25,-0.014417359846275374,2,-0.08588766235126975,0
2017-04-26,0.05055591326239406,2,0.41290242163707735,0
2017-04-27,0.07668736971955818,2,0.6135096980968434,0
2017-04-28,0.003085258439475602,2,0.04847731615557481,0
2017-05-01,0.026820851896313083,2,0.23069191128683858,0
2017-05-02,-0.005289019067646672,2,-0.01581075771340047,0
2017-05-03,0.019611755365090577,2,0.17534875721370968,0
2017-05-04,0.051068033159668236,2,0.41683388936760496,0
2017-05-05,-0.007833909848008414,2,-0.03534750298333256,0
2017-05-08,-0.0427715073685587,2,-0.30355820513589366,0
2017-05-09,-0.008921126238877447,2,-0.043693900339797496,0
2017-05-10,0.013224793760729249,2,0.12631700980979665,0
2017-05-11,-0.019433723152788684,2,-0.12439753195237467,0
2017-05-12,0.015171261061328739,2,0.1412597476756076,0
2017-05-15,0.03660062378217868,2,0.30576975494386216,0
2017-05-16,0.0711284254481418,2,0.5708345157124062,0
2017-05-17,-0.041694161208361225,2,-0.29528758006163186,0
2017-05-18,0.007747030033511099,2,0.08426503830148585,0
2017-05-19,0.013561943737552318,2,0.12890525967332106,0
2017-05-22,0.009653701374643275,2,0.0989022685483117,0
2017-05-23,-0.0464975827303164,2,-0.3321627274835611,0
2017-05-24,0.06059712484068662,2,0.48998729864649854,0
2017-05-25,0.04009361377677828,2,0.33258491584645056,0
2017-05-26,-0.016817199370503078,2,-0.10431087085803609,0
2017-05-30,0.01953130095512305,2,0.17473112076128997,0
2017-05-31,0.014900034005621463,2,0.13917757820155516,0
2017-06-01,-0.015882668037199343,2,-0.09713661381470245,0
2017-06-02,0.04402098411054012,2,0.36273474953812934,0
2017-06-05,0.029081304867527594,2,0.2480450701076669,0
2017-06-06,-0.05674850769744222,2,-0.410857542761825,0
2017-06-07,-0.007595190610198754,2,-0.03351489115727348,0
2017-06-08,0.04006852447708933,2,0.3323923090513745,0
2017-06-09,-0.14113097284503429,2,-1.0586490863356894,0
2017-06-12,-0.061249533697404615,2,-0.4454112450633859,0
2017-06-13,0.07005549361789745,2,0.5625977787878824,0
2017-06-14,-0.017620108132827165,2,-0.1104746811423786,0
2017-06-15,0.030097351656252602,2,0.25584510909041314,0
2017-06-16,0.080809294618514,2,0.6451530980392345,0
2017-06-19,0.03992361079991508,2,0.3312798284612723,0
2017-06-20,-0.02246812758349892,2,-0.14769220018183501,0
2017-06-21,-0.050045753636301385,2,-0.35940150397618503,0
2017-06-22,-0.03827110253471942,2,-0.2690092714336028,0
2017-06-23,0.005059448790062038,2,0.0636328797229365,0
2017-06-26,-0.08822566808166407,2,-0.6525029874279913,0
2017-06-27,0.004157832432975017,2,0.056711306021015435,0
2017-06-28,0.0404145537101302,2,0.33504872363467875,0
2017-06-29,-0.046142296065103616,2,-0.32943524498033194,0
2017-06-30,-0.016809285060064003,2,-0.10425011388244071,0
2017-07-03,-0.07625141572392898,2,-0.5605784459442497,0
2017-07-05,0.09664065422370385,2,0.766688074027211,0
2017-07-06,0.0481287699713282,2,0.3942696062026806,0
2017-07-07,0.050680156745534555,2,0.41385622024419083,0
2017-07-10,0.02490044616145813,2,0.21594924415695693,0
2017-07-11,0.001141472001642413,2,0.033555158871599836,0
2017-07-12,0.012678498621044199,2,0.12212318386308481,0
2017-07-13,-0.04200639153622032,2,-0.2976845255132805,0
2017-07-14,-0.05410439983140816,2,-0.39055912278893,0
2017-07-17,-0.038380131717422515,2,-0.2698462721355176,0
2017-07-18,0.04950430521435767,2,0.40482938419404135,0
2017-07-19,-0.01840132287559948,2,-0.11647194968861019,0
2017-07-20,-0.07271629557982281,2,-0.5334398581954307,0
2017-07-21,0.03034266547923668,2,0.2577283465589193,0
2017-07-24,-0.00612082579805262,2,-0.02219641336949355,0
2017-07-25,0.028028250450707837,2,0.23996092910816197,0
2017-07-26,-0.016146279192450347,2,-0.0991603171618926,0
2017-07-27,-0.13367932693381818,2,-1.0014439170087501,0
2017-07-28,0.07346573412513921,2,0.5887776842727519,0
2017-07-31,-0.010019223001202351,2,-0.052123824677937206,0
2017-08-01,-0.017952643517556474,2,-0.11302750547371275,0
2017-08-02,0.02308300714709191,2,0.2019970371147898,0
2017-08-03,0.015467487070298866,2,0.14353383036875772,0
2017-08-04,0.032659526255737634,2,0.2755145396504602,0
2017-08-07,-0.05462799349781014,2,-0.3945786729261627,0
2017-08-08,-0.08734368667250517,2,-0.6457321482797964,0
2017-08-09,0.09095828103075855,2,0.7230653463031226,0
2017-08-10,-0.07847070940970824,2,-0.5776156310968774,0
2017-08-11,0.05210176408235964,2,0.4247696867975454,0
2017-08-14,0.057194440815683034,2,0.46386540314373237,0
2017-08-15,-0.02192921144433979,2,-0.14355502171671022,0
2017-08-16,0.056583197224109344,2,0.45917297766181986,0
2017-08-17,-0.0036384651625953612,2,-0.0031397026543320853,0
2017-08-18,0.009911932127917078,2,0.10088466735556262,0
2017-08-21,-0.016185108261101144,2,-0.09945840210492952,0
2017-08-22,0.08807061222233376,2,0.7008971454634368,0
2017-08-23,-0.06951278235185115,2,-0.5088469670636376,0
2017-08-24,0.017365994504810384,2,0.15810838752749426,0
2017-08-25,-0.012076998522260421,2,-0.06792105907708842,0
2017-08-28,0.04013052859775625,2,0.3328683053968773,0
2017-08-29,0.03182577212658334,2,0.26911393410591655,0
2017-08-30,0.049138758363921065,2,0.4020231357859306,0
2017-08-31,0.0513646312278459,2,0.41911082830355306,0
2017-09-01,-0.08395312972727767,2,-0.6197033505517097,0
2017-09-05,-0.0008200563060252186,2,0.018496799910821073,0
2017-09-06,-0.011128315126837082,2,-0.06063815877298756,0
2017-09-07,0.037498561996694726,2,0.31266309209628956,0
2017-09-08,0.1228503767895273,2,0.9678961876780837,0
2017-09-11,-0.09363590289747636,2,-0.6940365495999672,0
2017-09-12,0.038640109787300064,2,0.32142658346912567,0
2017-09-13,-0.08848775784771547,2,-0.6545150112982158,0
2017-09-14,-0.025009753807124183,2,-0.16720388393876545,0
2017-09-15,-0.02208071296313939,2,-0.14471807618004356,0
2017-09-18,0.08559317239441624,2,0.6818782110505703,0
2017-09-19,0.05871420396584414,2,0.4755323971713136,0
2017-09-20,0.09256890129642797,2,0.7354298367951275,0
2017-09-21,-0.009814088379678731,2,-0.0505490369197839,0
2017-09-22,0.08540521775688757,2,0.6804353114558073,0
2017-09-25,-0.1261377020594206,2,-0.9435479926612439,0
2017-09-26,-0.029155954010392462,2,-0.19903364175567217,0
2017-09-27,0.11345927826568064,2,0.8958021311939983,0
2017-09-28,-0.03330263655639463,2,-0.23086710244548703,0
2017-09-29,0.04494252284899708,2,0.3698092643772491,0
2017-10-02,0.029941014428293986,2,0.2546449316123051,0
2017-10-03,0.013621254772107544,2,0.1293605816001964,0
2017-10-04,-0.08779405071864103,2,-0.6491895255927992,0
2017-10-05,0.006720567423455226,2,0.07638503861878014,0
2017-10-06,0.04479275502590926,2,0.3686595192361696,0
2017-10-09,0.07345590166943583,2,0.5887022019833204,0
2017-10-10,-0.10131737825926185,2,-0.7530060851881037,0
2017-10-11,0.03403095938070506,2,0.2860428262959983,0
2017-10-12,0.09074944312832026,2,0.721462129012177,0
2017-10-13,-0.01884091595249139,2,-0.11984663988432939,0
2017-10-16,-0.02371909359954484,2,-0.15729567887939896,0
2017-10-17,-0.07162999810019367,2,-0.525100515182892,0
2017-10-18,-0.0021163534658845407,2,0.008545320813274832,0
2017-10-19,0.051077497967840384,2,0.4169065492820166,0
2017-10-20,0.048975435010186086,2,0.40076932686683125,0
2017-10-23,-0.08720502366976313,2,-0.6446676531808948,0
2017-10-24,0.026032533435991503,2,0.2246401085651915,0
2017-10-25,-0.010081662528075908,2,-0.05260316357165993,0
2017-10-26,0.16304549886208716,3,1.2764681181849808,0
2017-10-27,0.14024845999310337,2,1.1014586660195056,0
2017-10-30,-0.03885097451926439,2,-0.2734608617881464,0
2017-10-31,-0.00799177518263161,2,-0.03655941150737837,0
2017-11-01,-0.08127964597539643,2,-0.5991794163039768,0
2017-11-02,0.11101990869284846,2,0.8770754564261047,0
2017-11-03,0.025733217011091335,2,0.22234230121192264,0
2017-11-06,0.03829308339205106,2,0.3187625138209348,0
2017-11-07,-0.02215755637457527,2,-0.14530799153770066,0
2017-11-08,-0.0111892001801486,2,-0.0611055642060507,0
2017-11-09,-0.12158664115333107,2,-0.9086101798810903,0
2017-11-10,0.02782801776032781,2,0.23842377274103815,0
2017-11-13,0.029833272129100676,2,0.25381781012230653,0
2017-11-14,0.03575328996635291,2,0.2992649001791187,0
2017-11-15,-0.036850104596255595,2,-0.2581004831401735,0
2017-11-16,-0.023849976526985506,2,-0.15830044750574757,0
2017-11-17,-0.03792584027761406,2,-0.26635874480965455,0
2017-11-20,0.09963961571305803,2,0.7897106521055992,0
2017-11-21,0.0014041475233814438,2,0.03557167950048612,0
2017-11-22,-0.044149093102185774,2,-0.3141337244363876,0
2017-11-24,0.019538835403699377,2,0.17478896159427226,0
2017-11-27,0.020661659665003176,2,0.1834087152376384,0
2017-11-28,0.008720120602733528,2,0.09173530882239579,0
2017-11-29,-0.21312191374656805,1,-1.6113127546507904,0
2017-11-30,0.06382454421550338,2,0.5147637136862339,0
2017-12-01,-0.08099760078794853,2,-0.5970141976532193,0
2017-12-04,-0.17628465288438394,1,-1.3285186216136817,0
2017-12-05,0.0592447753314182,2,0.47960551405975904,0
2017-12-06,0.04510041620409817,2,0.371021388010306,0
2017-12-07,0.03348766879156573,2,0.28187206583371327,0
2017-12-08,-0.03402965266557281,2,-0.2364482962011312,0
2017-12-11,-0.09114120831841198,2,-0.6748851530474859,0
2017-12-12,-0.002806534614108569,2,0.0032469035346184075,0
2017-12-13,-0.008859360678180647,2,-0.043219735383446645,0
2017-12-14,-0.011243963533336732,2,-0.061525974264360454,0
2017-12-15,-0.038773460785731684,2,-0.27286580046817305,0
2017-12-18,-0.05497068111934056,2,-0.3972094344585091,0
2017-12-19,0.020498538580754164,2,0.18215645911108075,0
2017-12-20,0.009935226207666101,2,0.1010634925161023,0
2017-12-21,-0.01310951555083905,2,-0.07584753762377897,0
2017-12-22,-0.015446458476139034,2,-0.09378789836313688,0
2017-12-26,-0.015621689199564224,2,-0.09513311837550112,0
2017-12-27,0.024453756650404015,2,0.21252007569929357,0
2017-12-28,0.012706465935119919,2,0.12233788474345181,0
2017-12-29,-0.009771840575017648,2,-0.05022470685255795,0
2018-01-02,-0.1145112009431824,2,-0.8542930853617489,0
2018-01-03,0.1368140819833061,2,1.0750934605435645,0
2018-01-04,0.11046501834764984,2,0.8728156463743156,0
2018-01-05,0.06841894946685323,2,0.5500342745115206,0
2018-01-08,0.032639640758326746,2,0.2753618816658896,0
2018-01-09,0.08439244898905525,2,0.6726604373483729,0
2018-01-10,-0.07506446436102238,2,-0.5514663981487805,0
2018-01-11,-0.013488902392049806,2,-0.07876003356768943,0
2018-01-12,0.020078978235425454,2,0.1789355571944623,0
2018-01-16,-0.05358960617131173,2,-0.3866071289817732,0
2018-01-17,-0.018980433400524965,2,-0.12091769443172945,0
2018-01-18,0.07376434035129677,2,0.5910700395366688,0
2018-01-19,0.04389641394443394,2,0.3617784430348288,0
2018-01-22,-0.08331787657910349,2,-0.6148266073006546,0
2018-01-23,0.03776968743507514,2,0.314744481469347,0
2018-01-24,0.06291454359165294,2,0.5077777752244197,0
2018-01-25,0.05000693616989628,2,0.40868800674040645,0
2018-01-26,0.0458248467085845,2,0.376582732466081,0
2018-01-29,-0.011304419287391565,2,-0.061990084031343484,0
2018-01-30,0.0698964040933065,2,0.5613764723408504,0
2018-01-31,0.01972096141223012,2,0.17618711567740697,0
2018-02-01,0.14385840612843184,2,1.1291716816932327,0
2018-02-02,0.06087696738809001,2,0.4921356079596124,0
2018-02-05,-0.021402217071730956,2,-0.13950936486738838,0
2018-02-06,-0.03315907215287606,2,-0.22976498002710435,0
2018-02-07,0.09766476138341298,2,0.7745499912704755,0
2018-02-08,-0.1525522928149008,2,-1.1463288487127423,0
2018-02-09,0.027403921648544383,2,0.23516805042485145,0
2018-02-12,0.025320639810674506,2,0.21917500785264551,0
2018-02-13,0.02571486529373218,2,0.22220141782703307,0
2018-02-14,0.1537650641442866,3,1.205223611161331,0
2018-02-15,0.05615675173197926,2,0.4558992195046733,0
2018-02-16,-0.060324826003145225,2,-0.4383124026253132,0
2018-02-20,0.05572564594478363,2,0.4525896849604689,0
2018-02-21,0.13381181957645727,2,1.0520455418160812,0
2018-02-22,-0.05273678371123659,2,-0.380060138717383,0
2018-02-23,-0.06713982633300558,2,-0.4906301392002633,0
2018-02-26,-0.009299734909461732,2,-0.04660042238438653,0
2018-02-27,0.10405934402629469,2,0.8236402442453992,0
2018-02-28,-0.020556395508904146,2,-0.1330161194423669,0
2018-03-01,-0.08067575385727715,2,-0.5945434269824472,0
2018-03-02,0.03869380087882479,2,0.3218387619352813,0
2018-03-05,0.043174254679612445,2,0.35623453454570553,0
2018-03-06,0.07339347175371475,2,0.5882229368729753,0
2018-03-07,0.08603960948225878,2,0.685305441693054,0
2018-03-08,-0.038212002360007345,2,-0.2685555682461544,0
2018-03-09,0.08615264710634685,2,0.6861732145989753,0
2018-03-12,-0.0996438647679309,2,-0.7401587728247496,0
2018-03-13,-0.023093155644032498,2,-0.15249044696689684,0
2018-03-14,-0.02425637740039388,2,-0.1614203261278583,0
2018-03-15,0.055990619121025,2,0.4546238443387573,0
2018-03-16,-0.032751231905831096,2,-0.22663405154921856,0
2018-03-19,0.01854163903358469,2,0.16713363445121024,0
2018-03-20,0.1864093542293161,3,1.4558289356925223,0
2018-03-21,0.028418005621257625,2,0.24295302116312542,0
2018-03-22,-0.10248944466491117,2,-0.762003863396629,0
2018-03-23,0.026922450014056354,2,0.23147186481630702,0
2018-03-26,0.10124679261348146,2,0.8020487083984624,0
2018-03-27,-0.2893260977161076,1,-2.196320858811675,0
2018-03-28,-0.12728199673536345,2,-0.9523325714613042,0
2018-03-29,0.075176079110567,2,0.6019077464985496,0
2018-04-02,0.017745415611397197,2,0.1610211465215634,0
2018-04-03,-0.05982741570034311,2,-0.43449385824789855,0
2018-04-04,-0.06250559921286303,2,-0.45505387185398194,0
2018-04-05,-0.010084033775730888,2,-0.052621367284669845,0
2018-04-06,-0.09502192174940083,2,-0.704676808686262,0
2018-04-09,0.04918978810944097,2,0.4024148834975043,0
2018-04-10,0.09101513058170185,2,0.7235017717890648,0
2018-04-11,-0.021056623400986407,2,-0.13685629403058128,0
2018-04-12,0.07119298896842954,2,0.5713301601853735,0
2018-04-13,-0.048134697925776015,2,-0.34473061558235146,0
2018-04-16,0.006902361719254957,2,0.07778064619297284,0
2018-04-17,0.04919122777304724,2,0.4024259355793332,0
2018-04-18,0.07309753160737387,2,0.5859510487044047,0
2018-04-19,0.053622113916187875,2,0.43644118470774795,0
2018-04-20,-0.006399252566948899,2,-0.024333853963106625,0
2018-04-23,-0.0487968103347152,2,-0.349813553354505,0
2018-04-24,-0.19429998592096676,1,-1.466819634452701,0
2018-04-25,-0.043621870363866146,2,-0.31008631445771556,0
2018-04-26,0.06541393791984795,2,0.526965251046906,0
2018-04-27,-0.12527857243149185,2,-0.9369525832141203,0
2018-04-30,0.05828236733265485,2,0.4722172520319041,0
2018-05-01,0.01900475031663648,2,0.1706888703923488,0
2018-05-02,0.024407014333772126,2,0.212161241936992,0
2018-05-03,0.20584151311298057,3,1.6050067083044524,0
2018-05-04,-0.0359680755633599,2,-0.2513292783916859,0
2018-05-07,0.10141462528623221,2,0.8033371346841033,0
2018-05-08,0.1907157135956773,3,1.4888882114109978,0
2018-05-09,0.06663206639447439,2,0.5363166408583951,0
2018-05-10,-0.030858795574741887,2,-0.21210610134194116,0
2018-05-11,0.022161186476863895,2,0.19492035792769993,0
2018-05-14,-0.09569640032088944,2,-0.7098546796357287,0
2018-05-15,-0.0057129865726551765,2,-0.019065492734642694,0
2018-05-16,-0.076000637938173,2,-0.5586532624521017,0
2018-05-17,0.017573135480612914,2,0.15969857776687418,0
2018-05-18,0.131063494741758,2,1.0309470637875209,0
2018-05-21,0.018262125466990242,2,0.16498785067448182,0
2018-05-22,-0.16833414281335732,1,-1.2674837468668771,0
2018-05-23,0.0628609729351003,2,0.5073665213195024,0
2018-05-24,0.02604451074107588,2,0.22473205654200035,0
2018-05-25,-0.06072303004443308,2,-0.4413693553952048,0
2018-05-29,0.037576796476534335,2,0.3132636864776857,0
2018-05-30,-0.014641569166763846,2,-0.08760888371578945,0
2018-05-31,0.0117493602680252,2,0.11499032792147297,0
2018-06-01,0.08963707340284727,2,0.7129226332741866,0
2018-06-04,0.0686183461399279,2,0.5515650128990353,0
2018-06-05,0.07084325126084193,2,0.5686452761985417,0
2018-06-06,0.036486426312610454,2,0.30489307807794647,0
2018-06-07,-0.04244675426020944,2,-0.30106512417446385,0
2018-06-08,0.04285409909963478,2,0.35377674812082727,0
2018-06-11,-0.06092169320934422,2,-0.4428944627504351,0
2018-06-12,0.0287667502661699,2,0.2456302815565697,0
2018-06-13,0.025969650735824856,2,0.22415736749648965,0
2018-06-14,-0.0883522613862488,2,-0.6534748252623046,0
2018-06-15,-0.07054131802126394,2,-0.5167428813124606,0
2018-06-18,0.09105775393816701,2,0.723828984911229,0
2018-06-19,-0.09129451390368848,2,-0.6760620570588945,0
2018-06-20,-0.04754567844491801,2,-0.3402088012690021,0
2018-06-21,-0.07991600383889125,2,-0.5887109399096928,0
2018-06-22,-0.10026865185946898,2,-0.7449551697269327,0
2018-06-25,-0.13483897956781832,2,-1.0103463965520356,0
2018-06-26,0.00477095464651606,2,0.06141815340233432,0
2018-06-27,-0.07991165930073507,2,-0.5886775875411245,0
2018-06-28,0.09128165002504379,2,0.7255478016282375,0
2018-06-29,-0.021096780391386835,2,-0.13716457322995373,0
2018-07-02,0.12714258064302997,2,1.000846793644986,0
2018-07-03,-0.03789935261150362,2,-0.2661554029650505,0
2018-07-05,-0.03388591350132203,2,-0.23534483217078828,0
2018-07-06,-0.015386107838422813,2,-0.09332459555853787,0
2018-07-09,0.14632563918335145,2,1.1481122602388742,0
2018-07-10,-0.059570147678369725,2,-0.43251885018461383,0
2018-07-11,0.08605073105385042,2,0.6853908203320367,0
2018-07-12,0.1060745917555369,2,0.8391109991578823,0
2018-07-13,-0.025982646884915826,2,-0.17467263834754748,0
2018-07-16,-0.039862995895837625,2,-0.2812299982848517,0
2018-07-17,0.10806744131252782,2,0.8544098066574695,0
2018-07-18,0.06412403136362409,2,0.5170628316560907,0
2018-07-19,-0.031080622107162226,2,-0.21380903039942803,0
2018-07-20,0.10741498900389845,2,0.8494010280282117,0
2018-07-23,0.10451046766990751,2,0.827103452874437,0
2018-07-24,-0.09681339382529475,2,-0.7184296714318926,0
2018-07-25,0.08784077111964483,2,0.6991326897506634,0
2018-07-26,-0.05646510224977148,2,-0.4086818815971178,0
2018-07-27,-0.12949464290833157,2,-0.969318724653947,0
2018-07-30,-0.27776813277977885,1,-2.1075920934979178,0
2018-07-31,-0.021394097830059522,2,-0.139447034665423,0
2018-08-01,0.08732588523777879,2,0.695179987970797,0
2018-08-02,0.10710161783848327,2,0.8469953245375542,0
2018-08-03,-0.1630996727043804,1,-1.227299504017909,0
2018-08-06,0.052548211367721503,2,0.42819699572485725,0
2018-08-07,0.07641472142354937,2,0.6114166179739126,0
2018-08-08,0.04389759928589096,2,0.36178754272361796,0
2018-08-09,0.00010007360091673911,2,0.025560499361457656,0
2018-08-10,0.1262187887668469,2,0.9937549818050861,0
2018-08-13,-0.05420330350920552,2,-0.3913183915065886,0
2018-08-14,-0.020356012738839746,2,-0.13147781093598962,0
2018-08-15,-0.044102053853945056,2,-0.3137726111746085,0
2018-08-16,-0.05781287004833002,2,-0.4190284930771251,0
2018-08-17,-0.05893761490066052,2,-0.4276629908100788,0
2018-08-20,-0.032569496505889584,2,-0.22523889610970618,0
2018-08-21,0.03813231417755661,2,0.31752831264614856,0
2018-08-22,0.08298325702506319,2,0.6618422817523064,0
2018-08-23,0.0646732492689418,2,0.521279095236704,0
2018-08-24,0.07501869078613978,2,0.6006994999103171,0
2018-08-27,0.005463735311933199,2,0.06673652678504775,0
2018-08-28,0.0017025593295288133,2,0.03786254223111097,0
2018-08-29,0.036565204122976425,2,0.305497843526397,0
2018-08-30,0.03752047418027715,2,0.3128313086469806,0
2018-08-31,0.06078027795413507,2,0.49139333766021553,0
2018-09-04,0.18661677460345122,3,1.4574212708310448,0
2018-09-05,-0.16539865889802516,1,-1.2449484766146601,0
2018-09-06,0.09508380367123019,2,0.7547363655681518,0
2018-09-07,0.03819176661042201,2,0.3179847200666681,0
2018-09-10,0.02764420327853745,2,0.23701265650164008,0
2018-09-11,0.05866254662945518,2,0.47513583153865774,0
2018-09-12,-0.07767613042396693,2,-0.5715157672594744,0
2018-09-13,-0.008468725990763433,2,-0.04022089140925265,0
2018-09-14,0.06321298947845334,2,0.5100688995871123,0
2018-09-17,-0.19124953849849755,1,-1.4434018065789125,0
2018-09-18,0.06868332909883684,2,0.5520638773394613,0
2018-09-19,-0.051515849850104586,2,-0.37068721237396635,0
2018-09-20,-0.11861650004144969,2,-0.8858088515229707,0
2018-09-21,-0.0650155625718899,2,-0.4743224845428144,0
2018-09-24,0.12803014937413992,2,1.0076605258267606,0
2018-09-25,0.08916627432640832,2,0.7093083792949256,0
2018-09-26,0.0003740944401167817,2,0.027664116292846472,0
2018-09-27,-0.01833294027739077,2,-0.11594698672658092,0
2018-09-28,-0.0920506638719141,2,-0.6818669070858931,0
2018-10-01,0.03194806249223456,2,0.27005273892266196,0
2018-10-02,-0.1305953829798776,2,-0.9777689412809824,0
2018-10-03,0.013182713798072572,2,0.12599396824049405,0
2018-10-04,-0.1331815128565479,2,-0.9976222729152329,0
2018-10-05,-0.04738831240324981,2,-0.33900072574217255,0
2018-10-08,-0.2474157708451462,1,-1.8745815580228309,0
2018-10-09,0.017329964876223625,2,0.15783179346644394,0
2018-10-10,-0.24944359882864964,1,-1.8901488896626253,0
2018-10-11,0.06717246737142124,2,0.5404652182007722,0
2018-10-12,0.16016308489398445,3,1.2543402579672185,0
2018-10-15,-0.12036214041375246,2,-0.8992098711461943,0
2018-10-16,0.10994047144490882,2,0.8687887783845128,0
2018-10-17,-0.0744257705044774,2,-0.5465632410950165,0
2018-10-18,-0.08997386875966751,2,-0.6659236621345187,0
2018-10-19,-0.10055295731642097,2,-0.7471377401280612,0
2018-10-22,0.152354955004736,3,1.1943984145459041,0
2018-10-23,-0.0701282187027143,2,-0.5135715797304966,0
2018-10-24,-0.14631091175849487,2,-1.0984147013660144,0
2018-10-25,0.06732086433313467,2,0.5416044394444497,0
2018-10-26,0.10901527453367543,2,0.8616861803010205,0
2018-10-29,-0.222030654280425,1,-1.6797038211079303,0
2018-10-30,0.023560638988888716,2,0.20566374521008426,0
2018-10-31,0.2443836688218434,3,1.900889063668669,0
2018-11-01,-0.12105448418097287,2,-0.9045248905269033,0
2018-11-02,0.18132764905808757,3,1.4168174463848844,0
2018-11-05,-0.12138053089149912,2,-0.907027902278451,0
2018-11-06,-0.00924765920974463,2,-0.04620064503913564,0
2018-11-07,0.09648706375384597,2,0.7655089829995496,0
2018-11-08,-0.006041930530385724,2,-0.02159074621894017,0
2018-11-09,-0.03502987612529673,2,-0.24412686185763405,0
2018-11-12,-0.15116288924126287,2,-1.1356626056249195,0
2018-11-13,-0.026133619802682168,2,-0.1758316348199384,0
2018-11-14,-0.023735411802926987,2,-0.1574209512821284,0
2018-11-15,0.21729095497424616,3,1.6929023582288265,0
2018-11-16,-0.029531731363880275,2,-0.20191842820307213,0
2018-11-19,-0.23807603501790464,1,-1.8028818052659208,0
2018-11-20,-0.039962451332540394,2,-0.2819935027729679,0
2018-11-21,0.09684273820968226,2,0.7682394425133003,0
2018-11-23,0.016487365148719797,2,0.1513632815885328,0
2018-11-26,0.0520405762234486,2,0.42429995677125815,0
2018-11-27,-0.11285651811490616,2,-0.841590333177638,0
2018-11-28,0.2192220743728568,3,1.707727272550343,0
2018-11-29,0.0032056877891758484,2,0.04940183423166405,0
2018-11-30,-0.056319574011546525,2,-0.407564683113897,0
2018-12-03,-0.03989130283375619,2,-0.28144730640658105,0
2018-12-04,-0.08219325552031864,2,-0.6061930599122053,0
2018-12-06,-0.09055369395728757,2,-0.6703748933128489,0
2018-12-07,-0.07030332268705375,2,-0.5149158267858864,0
2018-12-10,0.15879361887733448,3,1.2438270725175404,0
2018-12-11,-0.035836878244806164,2,-0.2503220962318613,0
2018-12-12,0.11618168370487994,2,0.9167016299062983,0
2018-12-13,-0.01462213787955241,2,-0.08745971263487465,0
2018-12-14,-0.06867031848403415,2,-0.502379498160189,0
2018-12-17,0.02746847086735782,2,0.235663585107543,0
2018-12-18,0.06432677523295657,2,0.518619265967832,0
2018-12-19,0.04587087669508194,2,0.3769360977766548,0
2018-12-20,0.009672003568429566,2,0.09904277174815153,0
2018-12-21,-0.10429222680253147,2,-0.7758435517917691,0
2018-12-24,0.12498963047388723,2,0.9843189177306333,0
2018-12-26,0.07764555857454014,2,0.6208655703899598,0
2018-12-27,0.11277328980461268,2,0.8905359005465312,0
2018-12-28,-0.006547334805803849,2,-0.025470659126548324,0
2018-12-31,0.04608792803722028,2,0.3786023684137196,0
2019-01-02,-0.17327692119671548,1,-1.3054287160367009,0
2019-01-03,-0.18578818912589257,1,-1.4014758456119274,0
2019-01-04,0.09111837219181562,2,0.7242943421632495,0
2019-01-07,0.018354589810152033,2,0.16569768558482195,0
2019-01-08,-5.620753191648564e-05,2,0.024360752517223683,0
2019-01-09,0.07021882991556178,2,0.5638516870755882,0
2019-01-10,-0.016811991410674687,2,-0.10427089013063967,0
2019-01-11,-0.0427786495217109,2,-0.30361303437567483,0
2019-01-14,0.019116261070485002,2,0.17154492174418207,0
2019-01-15,0.030853060663870474,2,0.2616465739288864,0
2019-01-16,-0.017147216531902907,2,-0.10684436316612567,0
2019-01-17,0.010813898962886204,2,0.10780893162367941,0
2019-01-18,0.024412480510534018,2,0.21220320495710338,0
2019-01-22,0.015653486983147835,2,0.1449617238349926,0
2019-01-23,-0.05355396129718525,2,-0.3863334886230743,0
2019-01-24,-0.03387734330308159,2,-0.2352790400428006,0
2019-01-25,-0.001714868775349876,2,0.011627458635959043,0
2019-01-28,-0.09490460689617965,2,-0.7037762001330589,0
2019-01-29,-0.09596345413270302,2,-0.7119048117416042,0
2019-01-30,0.03224228157567027,2,0.27231141474914256,0
2019-01-31,-0.01273543895305157,2,-0.07297580762309971,0
2019-02-01,0.1279590755160662,2,1.007114902465926,0
2019-02-04,0.050319349141176695,2,0.41108635431823864,0
2019-02-05,0.03537125765988677,2,0.29633209539476074,0
2019-02-06,-0.09063237027801833,2,-0.6709788796405741,0
2019-02-07,0.038317745944771664,2,0.3189518445434659,0
2019-02-08,0.11046191942389046,2,0.8727918564008657,0
2019-02-11,0.016251847342297898,2,0.1495552466716301,0
2019-02-12,0.10937219414473015,2,0.864426198684846,0
2019-02-13,-0.03965740487593862,2,-0.2796517068247437,0
2019-02-14,0.04454804526761459,2,0.3667809190817889,0
2019-02-15,-0.07018056656771932,2,-0.5139734464478897,0
2019-02-19,-0.0369621136973467,2,-0.2589603602291305,0
2019-02-20,-0.02052114047423591,2,-0.13274547182278693,0
2019-02-21,0.007693543086389011,2,0.08385442702132631,0
2019-02-22,0.09373199674799046,2,0.7443587463330696,0
2019-02-25,0.04440563037050693,2,0.36568762125191484,0
2019-02-26,-0.01310782865411296,2,-0.07583458757032731,0
2019-02-27,0.14282644384974974,2,1.1212494618783904,0
2019-02-28,0.042122367570314304,2,0.34815935479116933,0
2019-03-01,0.07709622017189398,2,0.6166483817694077,0
2019-03-04,-0.039987483615045255,2,-0.28218567185566346,0
2019-03-05,-0.028342845554666346,2,-0.19279152995310164,0
2019-03-06,0.039173505920496454,2,0.3255213856754284,0
2019-03-07,0.0055749625672505965,2,0.06759040176112857,0
2019-03-08,-0.03651273938717664,2,-0.25551058097086465,0
2019-03-11,0.002999353299526275,2,0.04781783526566042,0
2019-03-12,0.012863784610534,2,0.12354559664664444,0
2019-03-13,0.011122778081966211,2,0.11018015034757662,0
2019-03-14,-0.014339362000482456,2,-0.08528888457399984,0
2019-03-15,0.005025086870670298,2,0.0633690884155363,0
2019-03-18,0.05299094893467554,2,0.43159582569970634,0
2019-03-19,0.020981289333114633,2,0.18586246431590683,0
2019-03-20,0.045951630755689754,2,0.37755603460214926,0
2019-03-21,-0.012631713321584637,2,-0.07217952148949822,0
2019-03-22,-0.057625789537744665,2,-0.4175923040239527,0
2019-03-25,0.08359487933498723,2,0.6665376145982587,0
2019-03-26,-0.010114850540544063,2,-0.05285794297147115,0
2019-03-27,0.023280574579891446,2,0.20351373269875128,0
2019-03-28,0.0874232664330119,2,0.6959275688178935,0
2019-03-29,0.023092624221777713,2,0.20207086595641566,0
2019-04-01,0.006850845178463794,2,0.0773851614270286,0
2019-04-02,0.028795085093528815,2,0.24584780378135454,0
2019-04-03,0.02609169311922277,2,0.22509426859062678,0
2019-04-04,-0.14967499127836742,2,-1.1242402358662427,0
2019-04-05,-0.0512053052440839,2,-0.3683032079563327,0
2019-04-08,0.04352625898965411,2,0.35893681890001666,0
2019-04-09,0.004279083730433286,2,0.057642134066906756,0
2019-04-10,-0.0307922826358204,2,-0.21159549147416565,0
2019-04-11,0.06225088988701771,2,0.5026830051561096,0
2019-04-12,0.017597896069314445,2,0.15988866109694408,0
2019-04-15,0.029386693947930705,2,0.2503894963274854,0
2019-04-16,0.05025582787741047,2,0.4105987110924462,0
2019-04-17,-0.029980214167508457,2,-0.20536136349917283,0
2019-04-18,0.017379171472121924,2,0.15820954513149924,0
2019-04-22,0.11013190135325118,2,0.8702583571126811,0
2019-04-23,0.16507999456683445,3,1.2920866369218709,0
2019-04-24,-0.01292794094753641,2,-0.07445361659597421,0
2019-04-25,0.02234156153174477,2,0.19630507020197552,0
2019-04-26,-0.021215583488424616,2,-0.13807660680798267,0
2019-04-29,0.010841110555993735,2,0.10801783094738843,0
2019-04-30,0.016628840660969993,2,0.15244936790158561,0
2019-05-01,-0.0897863347487205,2,-0.6644839916270089,0
2019-05-02,0.08624687182605426,2,0.6868965636563336,0
2019-05-03,0.01623561126905393,2,0.1494306047696675,0
2019-05-06,0.082921653378318,2,0.6613693597851057,0
2019-05-07,-0.04769810736416624,2,-0.34137897524664546,0
2019-05-08,0.05894989763569232,2,0.47734178216539375,0
2019-05-09,-0.006493066978003947,2,-0.02505405314240919,0
2019-05-10,0.004430619760390664,2,0.058805453467228236,0
2019-05-13,-0.08921954891218342,2,-0.660132861670282,0
2019-05-14,0.04403037314245295,2,0.36280682772955025,0
2019-05-15,0.017220216456337006,2,0.15698927128842038,0
2019-05-16,0.12723927261945905,2,1.001589083462576,0
2019-05-17,-0.04761520149331938,2,-0.3407425192963092,0
2019-05-20,-0.011889255922175324,2,-0.06647978726201434,0
2019-05-21,0.010581862851025026,2,0.10602762515432558,0
2019-05-22,0.06963721793711708,2,0.5593867390485455,0
2019-05-23,-0.07123168557115755,2,-0.5220427295688096,0
2019-05-24,0.04190838600537837,2,0.34651665037380314,0
2019-05-28,0.16251336184898046,3,1.2723829820549775,0
2019-05-29,0.10073921209621445,2,0.7981520888082038,0
2019-05-30,0.16339987317021198,3,1.2791885966595262,0
2019-05-31,0.05764524838160967,2,0.4673261852917249,0
2019-06-03,-0.22134411822509714,1,-1.6744333866613652,0
2019-06-04,0.041594746971876595,2,0.34410889049997434,0
2019-06-05,0.166560757642972,3,1.303454233223787,0
2019-06-06,0.019581461988005033,2,0.1751161994960845,0
2019-06-07,0.09001440864722299,2,0.7158193794165449,0
2019-06-10,0.053833405562543846,2,0.43806323902315336,0
2019-06-11,-0.19211022383123966,1,-1.4500091589388278,0
2019-06-12,0.09589593065134853,2,0.7609709427295167,0
2019-06-13,-0.1246423421865144,2,-0.9320683389372858,0
2019-06-14,0.008263873207457306,2,0.08823276591942904,0
2019-06-17,-0.06619359282757657,2,-0.4833660463346301,0
2019-06-18,-0.031223446218948014,2,-0.21490546970908148,0
2019-06-19,0.051923493523056,2,0.4234011304205411,0
2019-06-20,0.02494714210122273,2,0.216307721890996,0
2019-06-21,-0.07414365501021714,2,-0.5443974827093933,0
2019-06-24,0.01601290536352351,2,0.14772092489655367,0
2019-06-25,-0.04064872413546139,2,-0.28726191627024344,0
2019-06-26,-0.035886747691811195,2,-0.250704936505561,0
2019-06-27,0.034686030788951494,2,0.29107171136064813,0
2019-06-28,-0.021737322881935583,2,-0.1420819219700203,0
2019-07-01,0.0652397326558447,2,0.5256279033328995,0
2019-07-02,0.009512073182152497,2,0.09781501013192499,0
2019-07-03,0.008507280188429334,2,0.0901013648474733,0
2019-07-05,-0.02267954085299359,2,-0.1493151881798558,0
2019-07-08,-0.052972102820235206,2,-0.38186664826393407,0
2019-07-09,0.056231819832097886,2,0.45647550606330783,0
2019-07-10,-0.019072459902751825,2,-0.1216241681028052,0
2019-07-11,0.062297414541911955,2,0.5030401679618592,0
2019-07-12,0.024583874133223327,2,0.21351896812195553,0
2019-07-15,-0.02146217098494286,2,-0.13996962207740118,0
2019-07-16,-0.03320379422551078,2,-0.23010830467889304,0
2019-07-17,0.04650245861013097,2,0.3817846575209967,0
2019-07-18,-0.0034503478023348508,2,-0.0016955538615342938,0
2019-07-19,-0.023297224024548813,2,-0.15405704935257097,0
2019-07-22,0.07497708062108784,2,0.6003800649068456,0
2019-07-23,-0.03518937020772589,2,-0.24535127403458298,0
2019-07-24,-0.032241023129109425,2,-0.22271725520486696,0
2019-07-25,0.02977849411839767,2,0.25339728754045093,0
2019-07-26,-0.016228361211253595,2,-0.09979044852351153,0
2019-07-29,-0.09112859719836394,2,-0.674788339368153,0
2019-07-30,-0.029499926145268147,2,-0.20167426430453683,0
2019-07-31,0.05180797813241267,2,0.42251433607197003,0
2019-08-01,0.08309313622578463,2,0.6626858079152066,0
2019-08-02,0.017180285615695845,2,0.15668272820687026,0
2019-08-05,-0.07266343695143407,2,-0.5330340704240584,0
2019-08-06,0.25881232864248277,3,2.0116557235495565,0
2019-08-07,0.015494724264958376,2,0.14374292623174592,0
2019-08-08,0.12015053254888541,2,0.9471698879072086,0
2019-08-09,-0.00612144613628629,2,-0.022201175613180364,0
2019-08-12,-0.0936997399357482,2,-0.6945266169793329,0
2019-08-13,0.06522635264066334,2,0.5255251869608166,0
2019-08-14,0.01953823488079398,2,0.17478435146989207,0
2019-08-15,0.14801528858820592,2,1.1610834455930221,0
2019-08-16,-0.03892995348631634,2,-0.27406717148633974,0
2019-08-19,-0.052412746524564124,2,-0.37757255377941346,0
2019-08-20,0.05122802093855661,2,0.4180620915783105,0
2019-08-21,0.061197931157743135,2,0.4945995987355541,0
2019-08-22,-0.04709312277599023,2,-0.3367345991961536,0
2019-08-23,-0.028453350754479967,2,-0.19363986181725132,0
2019-08-26,-0.005235768793340423,2,-0.015401963334992087,0
2019-08-27,0.20930865539877952,3,1.6316234402188317,0
2019-08-28,-0.12061153959924309,2,-0.9011244713306338,0
2019-08-29,0.005707914840357486,2,0.06861105644414744,0
2019-08-30,-0.03132467823052711,2,-0.21568261269637407,0
2019-09-03,-0.13389775093736483,2,-1.0031207253618077,0
2019-09-04,-0.05398052374854001,2,-0.38960814465866694,0
2019-09-05,0.03299750423570058,2,0.27810914597004605,0
2019-09-06,-0.03631017381165924,2,-0.2539555153940315,0
2019-09-09,-0.43832528862552744,1,-3.3401653258066557,0
2019-09-10,-0.4176787634460354,1,-3.181665045066262,0
2019-09-11,-0.09550105468394646,2,-0.7083550404457101,0
2019-09-12,0.1241305565347957,2,0.9777239357983705,0
2019-09-13,-0.05535013296575195,2,-0.4001224294376064,0
2019-09-16,0.03297169935076438,2,0.277911045734229,0
2019-09-17,0.2085827888605784,3,1.6260510715473608,0
2019-09-18,0.0032909843673828015,2,0.05005664328425106,0
2019-09-19,0.05105930535200873,2,0.4167668872957186,0
2019-09-20,-0.058868944042858584,2,-0.42713581492233665,0
2019-09-23,-0.0008621358757631946,2,0.018173761357896483,0
2019-09-24,-0.02486054566890733,2,-0.16605843541459375,0
2019-09-25,-0.01794192690831531,2,-0.11294523567002698,0
2019-09-26,0.015649532730885977,2,0.14493136763276612,0
2019-09-27,-0.20519737143819844,1,-1.5504772305276648,0
2019-09-30,0.00678992691236685,2,0.07691750102438738,0
2019-10-01,-0.055213007362314936,2,-0.3990697367228511,0
2019-10-02,-0.010241134881131098,2,-0.0538274089354602,0
2019-10-03,0.12434548954399513,2,0.9793739443108113,0
2019-10-04,0.08034327351988807,2,0.6415755238798537,0
2019-10-07,-0.01752099900808024,2,-0.10971383523926627,0
2019-10-08,0.003538937223567018,2,0.05196014021528028,0
2019-10-09,0.07347780501527956,2,0.5888703506880154,0
2019-10-10,0.007636699086375487,2,0.08341804414904037,0
2019-10-11,-0.04865869752279295,2,-0.34875328198810257,0
2019-10-14,-0.011328109051529117,2,-0.062171946801656296,0
2019-10-15,-0.027878278635419418,2,-0.1892251193109623,0
2019-10-16,-0.09185417605661361,2,-0.680358499563734,0
2019-10-17,-0.005513699790881843,2,-0.017535597966185583,0
2019-10-18,-0.05975985099624151,2,-0.4339751741364006,0
2019-10-21,-0.10124017796157508,2,-0.7524134300681639,0
2019-10-22,-0.43534133192525465,1,-3.317257937246173,0
2019-10-23,-0.012272082561466498,2,-0.06941869002047092,0
2019-10-24,0.1529447525896583,3,1.198926202247587,0
2019-10-25,-0.04931009362688482,2,-0.3537539522933563,0
2019-10-28,0.018626537056616932,2,0.16778538385542865,0
2019-10-29,0.04443676707841229,2,0.3659266530939041,0
2019-10-30,0.09778585065669719,2,0.7754795754810554,0
2019-10-31,-0.02731889921023517,2,-0.18493084726463416,0
2019-11-01,-0.07522846555968554,2,-0.5527254107818454,0
2019-11-04,-0.21802817171945715,1,-1.6489773621005777,0
2019-11-05,-0.12196342366400968,2,-0.9115026827696611,0
2019-11-06,0.08028268867254401,2,0.6411104230830288,0
2019-11-07,0.06828097330090455,2,0.5489750521557863,0
2019-11-08,-0.011224774128629746,2,-0.061378660079195804,0
2019-11-11,0.1128876852379262,2,0.8914140971504625,0
2019-11-12,0.05420835125188905,2,0.44094164090952237,0
2019-11-13,0.04469911027502415,2,0.3679406225125748,0
2019-11-14,0.07387858782219929,2,0.5919471002553371,0
2019-11-15,-0.09312378597564785,2,-0.6901051047114902,0
2019-11-18,0.006420627307116303,2,0.07408244327977137,0
2019-11-19,0.13056037814758237,2,1.0270847130660932,0
2019-11-20,0.085724649500063,2,0.6828875410939931,0
2019-11-21,-0.06374627357645729,2,-0.4645783430774703,0
2019-11-22,-0.09443523352951466,2,-0.7001728911141465,0
2019-11-25,-0.0009322348760897325,2,0.0176356218339434,0
2019-11-26,0.13622492079687457,2,1.070570558377756,0
2019-11-27,-0.052085043933648434,2,-0.37505683008218405,0
2019-11-29,0.005131060783209296,2,0.06418263426611232,0
2019-12-02,-0.10283933106353982,2,-0.7646898888623074,0
2019-12-03,0.0326305381321611,2,0.27529200216848326,0
2019-12-04,-0.09382583676617334,2,-0.6954946434559001,0
2019-12-05,0.0009188495994288254,2,0.03184612004093969,0
2019-12-06,-0.042013320642202534,2,-0.2977377192218543,0
2019-12-09,-0.013916809251406995,2,-0.08204501042211056,0
2019-12-10,-0.024490161387723974,2,-0.16321505077533724,0
2019-12-11,0.040430173911799754,2,0.3351686375828285,0
2019-12-12,-0.10494882754376333,2,-0.7808841773166383,0
2019-12-13,0.07690321244861337,2,0.6151666903923315,0
2019-12-16,-0.053739901691542344,2,-0.3877609251747635,0
2019-12-17,-0.0007270508643247159,2,0.019210788753580746,0
2019-12-18,-0.0898094715421027,2,-0.6646616093236736,0
2019-12-19,0.01110290314185669,2,0.11002757340982698,0
2019-12-20,-0.012127755679025909,2,-0.06831071416563113,0
2019-12-23,-0.034095699080304395,2,-0.23695532463259095,0
2019-12-24,-0.0007947086534701026,2,0.01869139004214673,0
2019-12-26,-0.007498307805050092,2,-0.03277113637619134,0
2019-12-27,0.01483272059661198,2,0.13866082324483275,0
2019-12-30,-0.02594848736830166,2,-0.1744104008559487,0
2019-12-31,-0.061672894940616126,2,-0.4486613259036369,0
2020-01-02,0.1760942784843942,3,1.3766416445035667,0
2020-01-03,0.090858441351299,2,0.722298892040926,0
2020-01-06,0.028915270052471423,2,0.24677044570620965,0
2020-01-07,-0.022150598486877032,2,-0.1452545768762047,0
2020-01-08,0.0494507868142397,2,0.4044185314539444,0
2020-01-09,0.09600500341346989,2,0.7618082779840968,0
2020-01-10,-0.019807270657077505,2,-0.1272652001815284,0
2020-01-13,0.04244632604751852,2,0.3506463354883426,0
2020-01-14,-0.13830660588241067,2,-1.0369668442829494,0
2020-01-15,0.04559279880744081,2,0.3748013354921715,0
2020-01-16,0.008729339254893886,2,0.09180607903398162,0
2020-01-17,0.028421225441807363,2,0.24297773924312344,0
2020-01-21,0.11613525383607633,2,0.9163451947591665,0
2020-01-22,0.04929808286646619,2,0.4032462461235146,0
2020-01-23,0.013125933569386877,2,0.12555807493113827,0
2020-01-24,0.1227232234666219,2,0.9669200506670189,0
2020-01-27,0.14139450454506353,2,1.1102566783556014,0
2020-01-28,0.09448996661780673,2,0.7501775674719395,0
2020-01-29,0.12084394857508562,2,0.9524931388594701,0
2020-01-30,0.07638064636435793,2,0.6111550288492954,0
2020-01-31,-0.005053270789011299,2,-0.014000953495842038,0
2020-02-03,0.10734580330524723,2,0.848869899784398,0
2020-02-04,-0.04466933423873942,2,-0.31812753770421826,0
2020-02-05,-0.20698325178088128,1,-1.5641871663751334,0
2020-02-06,-0.017712329835587206,2,-0.11118265333870453,0
2020-02-07,0.04544675989018537,2,0.3736802166025386,0
2020-02-10,0.09050263897707467,2,0.7195674505168738,0
2020-02-11,-0.03685622974111841,2,-0.25814750495967537,0
2020-02-12,-0.054382587892511436,2,-0.3926947308585771,0
2020-02-13,0.10156093920687256,2,0.8044603647335238,0
2020-02-14,0.15155636890366816,3,1.1882677886844466,0
2020-02-18,0.03905684772369045,2,0.32462581817515057,0
2020-02-19,0.01851196627708003,2,0.16690584114480914,0
2020-02-20,-0.08880118089595568,2,-0.6569211130855483,0
2020-02-21,-0.10384321221549886,2,-0.7723965340741392,0
2020-02-24,0.16801870287855625,3,1.3146466603821234,0
2020-02-25,0.1522117300262973,3,1.1932988978430101,0
2020-02-26,0.26749729156776386,3,2.078328882829855,0
2020-02-27,0.04959204991381139,2,0.405502987106686,0
2020-02-28,-0.10705815909273209,2,-0.7970771996184347,0
2020-03-02,0.13652424421668607,2,1.0728684194299114,0
2020-03-03,0.0977483334035738,2,0.775191561149299,0
2020-03-04,0.13646325871435416,2,1.072400242864767,0
2020-03-05,0.1602386709822159,3,1.254920521042995,0
2020-03-06,-0.07413803467293267,2,-0.544354336222045,0
2020-03-09,0.193331359642968,3,1.5089681342652743,0
2020-03-10,-0.03076149285989116,2,-0.21135912297698306,0
2020-03-11,0.3711972838244031,3,2.874418188054935,0
2020-03-12,0.5351680995110133,3,4.133197575560491,0
2020-03-13,-0.238366181838658,1,-1.8051092189418558,0
2020-03-16,0.129445525203014,2,1.0185261540271193,0
2020-03-17,0.16362027851905436,3,1.280880615503593,0
2020-03-18,0.45780804372536865,3,3.539316016628895,0
2020-03-19,0.07297247745951241,2,0.5849910267456744,0
2020-03-20,0.05408971936821394,2,0.44003092171082914,0
2020-03-23,0.05812170386397708,2,0.4709838626519107,0
2020-03-24,0.05380334220649807,2,0.43783244714259095,0
2020-03-25,-0.5880526993103848,1,-4.489600226922832,0
2020-03-26,0.09081255315662329,2,0.7219466152449258,0
2020-03-27,0.23872958850921688,3,1.8574835361482225,0
2020-03-30,0.4119610921077522,3,3.1873558374069977,0
2020-03-31,-0.06102400825025056,2,-0.44367991999162393,0
2020-04-01,0.5130866252734929,3,3.963681405871793,0
2020-04-02,0.4592609586860098,3,3.5504698271200805,0
2020-04-03,-0.015144648682393846,2,-0.09147094979077719,0
2020-04-06,-0.2337551918502001,1,-1.7697113395743553,0
2020-04-07,-0.36248268564797675,1,-2.757933024752705,0
2020-04-08,-0.3857518396489221,1,-2.93656683405853,0
2020-04-09,-0.2504294063585345,1,-1.8977167863854087,0
2020-04-13,0.16720291541721244,3,1.3083839822547685,0
2020-04-14,0.08300273163002614,2,0.6619917853771102,0
2020-04-15,0.3109427019299591,3,2.4118527896095503,0
2020-04-16,0.4611109451803356,3,3.5646718962899486,0
2020-04-17,-0.31071658356873266,1,-2.360532414186723,0
2020-04-20,0.24390365939171899,3,1.8972041031839708,0
2020-04-21,-0.06948035201712277,2,-0.5085980042423267,0
2020-04-22,0.24168621257768053,3,1.8801810961890169,0
2020-04-23,-0.18474807208716604,1,-1.3934910229258914,0
2020-04-24,0.050718078864364635,2,0.41414734266932457,0
2020-04-27,-0.17345559786036158,1,-1.3068003900159035,0
2020-04-28,-0.44249337341049566,1,-3.3721630882787363,0
2020-04-29,-0.4286433313216782,1,-3.2658383900421377,0
2020-04-30,0.3690849005464395,3,2.8582017380868256,0
2020-05-01,0.40937976895949846,3,3.167539406306703,0
2020-05-04,0.19078978940704303,3,1.4894568803175314,0
2020-05-05,0.35843382889246156,3,2.7764350566397016,0
2020-05-06,0.2532823937367058,3,1.969203241719231,0
2020-05-07,0.10048197855547525,2,0.7961773454521883,0
2020-05-08,-0.44268014862114635,1,-3.3735969335900475,0
2020-05-11,0.44789280923913527,3,3.4631982468825435,0
2020-05-12,0.12829844199794582,2,1.0097201681067143,0
2020-05-13,0.3039813389274846,3,2.3584114487235803,0
2020-05-14,-0.08102134738656386,2,-0.5971964967333037,0
2020-05-15,0.13927923622113944,2,1.094018080321863,0
2020-05-18,-0.738159837215802,1,-5.641950237024189,0
2020-05-19,0.1136371848271503,2,0.8971678932141618,0
2020-05-20,-0.15086310930795854,2,-1.1333612399870703,0
2020-05-21,-0.03651351876285902,2,-0.25551656412121976,0
2020-05-22,0.12902945503336666,2,1.0153320456663424,0
2020-05-26,-0.5601631105385483,1,-4.275496032069692,0
2020-05-27,-0.26997496477910343,1,-2.0477651102537333,0
2020-05-28,0.4126738683297738,3,3.1928277136822225,0
2020-05-29,0.31443721747490805,3,2.4386796619336275,0
2020-06-01,-0.27680354730653717,1,-2.100187115324701,0
2020-06-02,-0.10228095314298136,2,-0.7604033052169556,0
2020-06-03,-0.35722103815887407,1,-2.7175401452279635,0
2020-06-04,-0.4287712172989128,1,-3.2668201515307285,0
2020-06-05,-0.3256358333797109,1,-2.4750652599279985,0
2020-06-08,-0.52611174116419,1,-4.014088770629324,0
2020-06-09,0.41270811751725867,3,3.1930906395636622,0
2020-06-10,0.5681857681788185,3,4.386669271535686,0
2020-06-11,0.36644858725352636,3,2.8379631558840726,0
2020-06-12,-0.31400211078410833,1,-2.3857549144132753,0
2020-06-15,0.10118588188494826,2,0.8015811058605687,0
2020-06-16,-0.09985786356301607,2,-0.7418016095153902,0
2020-06-17,0.3576359921600498,3,2.770310183569154,0
2020-06-18,-0.03260245090543287,2,-0.22549188209809085,0
2020-06-19,0.1706640698222352,3,1.3349547461054754,0
2020-06-22,0.20948818240184602,3,1.633001642126375,0
2020-06-23,-0.08948863385542777,2,-0.662198586467867,0
2020-06-24,0.19363032406099334,3,1.5112632393144994,0
2020-06-25,0.16040519918883586,3,1.2561989331375725,0
2020-06-26,0.2212186563686791,3,1.723054733423681,0
2020-06-29,-0.36729018691186355,1,-2.794839491742256,0
2020-06-30,0.1734647093091513,3,1.3564548358818296,0
2020-07-01,0.05513040669622542,2,0.44802012242227046,0
2020-07-02,-0.02023618025280524,2,-0.13055787489284595,0
2020-07-06,0.009001872213824424,2,0.09389827373144127,0
2020-07-07,0.32826585369128,3,2.544840030494283,0
2020-07-08,0.1276660668498268,2,1.0048655188309283,0
2020-07-09,0.3957232990511539,3,3.0627007327004843,0
2020-07-10,-0.4198603707079895,1,-3.1984129171889992,0
2020-07-13,-0.2444455327624293,1,-1.8517794852341343,0
2020-07-14,0.14552892863411737,2,1.1419960327078673,0
2020-07-15,-0.30820257765108416,1,-2.3412327673809696,0
2020-07-16,0.06515027834448392,2,0.524941175985762,0
2020-07-17,0.1844188858844455,3,1.4405484084016527,0
2020-07-20,0.4917398353788246,3,3.799805297819873,0
2020-07-21,-0.25019161674943474,1,-1.8958913111796876,0
2020-07-22,0.03626724723364444,2,0.30321047312401256,0
2020-07-23,-0.09879753097937025,2,-0.7336615951195061,0
2020-07-24,0.043573305204070045,2,0.3592979856400793,0
2020-07-27,0.1393277411324313,2,1.0943904452593143,0
2020-07-28,-0.26391563949451924,1,-2.001248577793447,0
2020-07-29,0.12316256597128084,2,0.9702928172572439,0
2020-07-30,0.09843468638344229,2,0.780460590152989,0
2020-07-31,0.21111990653670626,3,1.6455281438605807,0
2020-08-03,0.11663105109561217,2,0.9201513560450766,0
2020-08-04,-0.13112605141917605,2,-0.9818428033898672,0
2020-08-05,0.045277045593356574,2,0.3723773453707372,0
2020-08-06,-0.0018154064007974424,2,0.010855646346972026,0
2020-08-07,-0.2138716678696593,1,-1.6170685047328561,0
2020-08-10,-0.4884121027693801,1,-3.724674294467302,0
2020-08-11,-0.13379562402810843,2,-1.0023367123791114,0
2020-08-12,0.18471330671758274,3,1.4428086330303678,0
2020-08-13,0.2208354146810788,3,1.7201126444015338,0
2020-08-14,-0.1306436546808094,2,-0.9781395158974368,0
2020-08-17,0.2109748415604443,3,1.6444145017700482,0
2020-08-18,0.13869168668754445,2,1.0895075505734386,0
2020-08-19,-0.015351511327970274,2,-0.09305900333070806,0
2020-08-20,0.15589589303302517,3,1.221581665320017,0
2020-08-21,-0.0024568004959395484,2,0.005931759966021431,0
2020-08-24,-0.3831851343975616,1,-2.9168626223627725,0
2020-08-25,0.08606235894442815,2,0.6854800859060239,0
2020-08-26,0.3260658041336265,3,2.527950579630308,0
2020-08-27,-0.24302891204648053,1,-1.8409043002221996,0
2020-08-28,-0.18147112272958676,1,-1.368334373628591,0
2020-08-31,0.20108737396896983,3,1.5685098943149935,0
2020-09-01,0.25504934468917323,3,1.9827678594738336,0
2020-09-02,-0.13509315676436018,2,-1.0122976768115202,0
2020-09-03,-0.46647467748477145,1,-3.5562639670100875,0
2020-09-04,-0.37869259554406076,1,-2.882374074613135,0
2020-09-08,-0.08829987393575611,2,-0.653072654653053,0
2020-09-09,0.3391032752010469,3,2.628037291867167,0
2020-09-10,-0.004875754641005425,2,-0.012638188621352077,0
2020-09-11,0.006333088118262345,2,0.07341041804121352,0
2020-09-14,-0.1663285001900946,1,-1.2520867289140545,0
2020-09-15,0.1722497146011369,3,1.3471275035271502,0
2020-09-16,-0.2695392865707843,1,-2.0444204739175595,0
2020-09-17,0.034906249698164415,2,0.29276229893561023,0
2020-09-18,0.17856632565182523,3,1.3956191802697546,0
2020-09-21,0.44160901052028656,3,3.414958465495846,0
2020-09-22,0.09746899545375892,2,0.7730471255562781,0
2020-09-23,-0.005419511330295501,2,-0.01681252726466776,0
2020-09-24,-0.023638384934893883,2,-0.15667609055186454,0
2020-09-25,0.006910950524442572,2,0.0778465811637065,0
2020-09-28,-0.04599328622205856,2,-0.3282913187384875,0
2020-09-29,0.2086129069316657,3,1.6262822834671002,0
2020-09-30,-0.0594760753597072,2,-0.4317966710872459,0
2020-10-01,-0.019462157035144145,2,-0.1246158146075285,0
2020-10-02,-0.2630450177949646,1,-1.9945649454340824,0
2020-10-05,-0.018684043703874997,2,-0.11864235513278328,0
2020-10-06,-0.04242719444513021,2,-0.30091496640436277,0
2020-10-07,-0.03310343587622755,2,-0.22933786866616224,0
2020-10-08,-0.1662591807898549,1,-1.2515545742631762,0
2020-10-09,0.23541858714315578,3,1.8320654746831493,0
2020-10-12,0.10380448659597175,2,0.8216837419330835,0
2020-10-13,0.23556073216056506,3,1.8331567006870098,0
2020-10-14,-0.016999955767371067,2,-0.10571386433799715,0
2020-10-15,-0.030922110552816073,2,-0.2125921609433795,0
2020-10-16,0.0692857250958379,2,0.5566883811633007,0
2020-10-19,-0.08595036887050911,2,-0.63503585624726,0
2020-10-20,-0.06301005532639514,2,-0.45892650586483563,0
2020-10-21,-0.04896665245161433,2,-0.3511174058418375,0
2020-10-22,-0.4407851418841882,1,-3.359049250761988,0
2020-10-23,0.033563143097609716,2,0.28245147077438293,0
2020-10-26,0.05162462433504489,2,0.4211067564378688,0
2020-10-27,0.28946473144392587,3,2.246969627809929,0
2020-10-28,0.1875822749734921,3,1.4648332725299282,0
2020-10-29,-0.19504797677149804,1,-1.47256184815548,0
2020-10-30,-0.20477023474536712,1,-1.547198166126284,0
2020-11-02,-0.15488641080120158,2,-1.1642475228186084,0
2020-11-03,-0.00980546748237665,2,-0.05048285558269522,0
2020-11-04,0.5581569448875401,3,4.309679497549779,0
2020-11-05,-0.14444459704157553,2,-1.0840872828774315,0
2020-11-06,0.23836866825542796,3,1.8547128054294642,0
2020-11-09,-1.8614198813580287,0,-14.265049319956157,1
2020-11-10,-0.26496900699740417,1,-2.0093351223077707,0
2020-11-11,0.5034723410021826,3,3.8898739858399574,0
2020-11-12,0.1338496837137355,2,1.0523362191255277,0
2020-11-13,-0.3303729355185978,1,-2.5114312833814405,0
2020-11-16,-0.32936339310609763,1,-2.5036811775205496,0
2020-11-17,0.0421505493032841,2,0.348375701733264,0
2020-11-18,0.0954494474162822,2,0.7575433578217092,0
2020-11-19,0.08156852561656641,2,0.6509816006706433,0
2020-11-20,0.022211638402538814,2,0.1953076698028871,0
2020-11-23,-0.3413325698177547,1,-2.5955667540297345,0
2020-11-24,-0.48420862410613436,1,-3.6924048184940528,0
2020-11-25,0.17929182949268366,3,1.4011887645680614,0
2020-11-27,0.1664050452794335,3,1.302258852736221,0
2020-11-30,0.28173429261617433,3,2.1876242070288034,0
2020-12-01,-0.05239629224269038,2,-0.37744623672248995,0
2020-12-02,-0.4121679432801707,1,-3.1393593042306573,0
2020-12-03,-0.20713270060011482,1,-1.5653344625714136,0
2020-12-04,-0.15539088881659127,2,-1.1681203249667416,0
2020-12-07,0.09565965347706872,2,0.7591570782593299,0
2020-12-08,0.005051690499305605,2,0.0635733204870714,0
2020-12-09,-0.1598207205962999,2,-1.2021274799050434,0
2020-12-10,0.030677894288657,2,0.26030184790810346,0
2020-12-11,0.19524032029025606,3,1.5236229391724971,0
2020-12-14,0.24481877490734572,3,1.904229307903688,0
2020-12-15,-0.09383320764072028,2,-0.6955512285555638,0
2020-12-16,0.13976344332261137,2,1.0977352657006416,0
2020-12-17,0.12587120192442758,2,0.9910866096879295,0
2020-12-18,0.2482567867001545,3,1.9306224093874305,0
2020-12-21,0.041494484615188565,2,0.34333919140801616,0
2020-12-22,0.16283736730181467,3,1.2748703233770247,0
2020-12-23,-0.30661437513628564,1,-2.32904037460399,0
2020-12-24,0.06425732340011989,2,0.5180860946517462,0
2020-12-28,-0.10728609896830892,2,-0.7988270598954921,0
2020-12-29,-0.010805224043116401,2,-0.058157836925642886,0
2020-12-30,-0.0749173818187146,2,-0.5503372675059667,0
2020-12-31,0.0074239272540853884,2,0.0817846266679658,0
2021-01-04,0.0026776085628904545,2,0.04534784912318954,0
2021-01-05,-0.12281526411802698,2,-0.91804213432066,0
2021-01-06,-0.3428190364753717,1,-2.606978135872213,0
2021-01-07,0.2079580718868682,3,1.6212552129292381,0
2021-01-08,0.15090306058344466,3,1.18325243858242,0
2021-01-11,-0.051607889217997194,2,-0.37139378481283064,0
2021-01-12,-0.09529256898974309,2,-0.7067545270046196,0
2021-01-13,-0.1326425338413008,2,-0.9934846117598004,0
2021-01-14,-0.37640529817025015,1,-2.864814835335145,0
2021-01-15,0.08071253489652394,2,0.6444102881491218,0
2021-01-19,0.07197031760944061,2,0.5772975957105622,0
2021-01-20,0.10301421592224075,2,0.815616952361554,0
2021-01-21,0.02212939801186678,2,0.19467632264415724,0
2021-01-22,0.02969714841395718,2,0.2527728087538874,0
2021-01-25,-0.035659377319490614,2,-0.2489594482196844,0
2021-01-26,-0.11251247040291104,2,-0.8389491304345497,0
2021-01-27,-0.17793213973851552,1,-1.341166131382315,0
2021-01-28,0.05621227789037589,2,0.45632548550429264,0
2021-01-29,0.10604706648792239,2,0.8388996918019749,0
2021-02-01,0.14193652291433168,2,1.114417672176527,0
2021-02-02,0.1451126620571067,2,1.1388004165571861,0
2021-02-03,-0.30690836640694263,1,-2.3312973015458973,0
2021-02-04,-0.13741969047053826,2,-1.0301581275350875,0
2021-02-05,-0.034378326238168444,2,-0.23912501098304798,0
2021-02-08,-0.10935534777917666,2,-0.8147123730216949,0
2021-02-09,0.033700647468811504,2,0.28350707123252505,0
2021-02-10,-0.15231240945782637,2,-1.1444873001174847,0
2021-02-11,0.03916682495073348,2,0.32547009687143624,0
2021-02-12,0.00332982368140064,2,0.050354806879435894,0
2021-02-16,-0.17594615320205684,1,-1.3259200102632027,0
2021-02-17,-0.050652922573611925,2,-0.3640626489477446,0
2021-02-18,0.07741055116915628,2,0.6190614537453628,0
2021-02-19,-0.2118856139521804,1,-1.6018218663397457,0
2021-02-22,-0.4033765124850203,1,-3.0718688070633586,0
2021-02-23,-0.19655973237405575,1,-1.4841673694397233,0
2021-02-24,-0.2218081887798617,1,-1.6779959867877337,0
2021-02-25,0.14539690252157378,2,1.1409824880207444,0
2021-02-26,0.13654643245045925,2,1.0730387551765617,0
2021-03-01,0.039012556281849964,2,0.3242857994114563,0
2021-03-02,-0.10604439574409197,2,-0.7892946902631373,0
2021-03-03,-0.4439264877785336,1,-3.3831648925868403,0
2021-03-04,-0.12925233714967532,2,-0.9674585796446465,0
2021-03-05,0.07213915375616542,2,0.5785937255155712,0
2021-03-08,-0.36712402612129863,1,-2.7935639002456902,0
2021-03-09,0.2988673020266378,3,2.31915175357129,0
2021-03-10,-0.15858702191516733,2,-1.1926565599507841,0
2021-03-11,0.09305531380843562,2,0.7391639527801956,0
2021-03-12,-0.26258481735169936,1,-1.9910320555739114,0
2021-03-15,-0.009301693578319004,2,-0.046615458791775,0
2021-03-16,0.09252665062238213,2,0.7351054847000646,0
2021-03-17,-0.20157056985508215,1,-1.522634818106391,0
2021-03-18,-0.04126435934062822,2,-0.2919880555118014,0
2021-03-19,0.06129818950241788,2,0.49536926702788725,0
2021-03-22,0.24471068146107622,3,1.903399490710191,0
2021-03-23,0.3526429257357022,3,2.7319791606423216,0
2021-03-24,0.04712855172884156,2,0.38659108059812675,0
2021-03-25,-0.2212251780428336,1,-1.6735203007005948,0
2021-03-26,0.1760701633225089,3,1.3764565160184734,0
2021-03-29,0.08731752612180138,2,0.6951158162897204,0
2021-03-30,-0.2418178155934365,1,-1.8316068941869295,0
2021-03-31,0.19264020116506847,3,1.503662214173113,0
2021-04-01,0.08531055742692234,2,0.6797086182837586,0
2021-04-05,0.07107390451062401,2,0.5704159666428813,0
2021-04-06,-0.0787836308331467,2,-0.5800178819857555,0
2021-04-07,-0.026564531012176207,2,-0.1791396756202775,0
2021-04-08,0.17561277538404516,3,1.372945217336321,0
2021-04-09,0.08495498626636383,2,0.6769789517523807,0
2021-04-12,0.065384142693567,2,0.5267365175583795,0
2021-04-13,0.15258846373429852,3,1.1961910260807378,0
2021-04-14,-0.1508981299043432,2,-1.1336300878590686,0
2021-04-15,0.13027622682849743,2,1.0249033259582785,0
2021-04-16,-0.029197926801032004,2,-0.19935586058145469,0
2021-04-19,-0.009910979162544187,2,-0.05129285294460271,0
2021-04-20,0.15691303337089557,3,1.2293900993157274,0
2021-04-21,-0.17988023242161982,1,-1.3561213470661164,0
2021-04-22,0.18119169764994375,3,1.4157737677914886,0
2021-04-23,0.035373277338747455,2,0.29634760016680545,0
2021-04-26,-0.10003277302642193,2,-0.7431443632627142,0
2021-04-27,0.034021510494800275,2,0.2859702886144479,0
2021-04-28,-0.06627055749908531,2,-0.4839568925877005,0
2021-04-29,-0.06225969047554225,2,-0.45316606731723724,0
2021-04-30,-0.03009217635465078,2,-0.20622088043677325,0
2021-05-03,-0.08060352149211714,2,-0.5939889099362675,0
2021-05-04,0.010736840319284652,2,0.10721736396093044,0
2021-05-05,-0.006729658626931437,2,-0.026870331787354627,0
2021-05-06,-0.09055361889933167,2,-0.6703743171041658,0
2021-05-07,-0.1358084124708384,2,-1.0177885877174664,0
2021-05-10,-0.10279621837120329,2,-0.7643589191819662,0
2021-05-11,0.058142440704719744,2,0.4711430562716994,0
2021-05-12,-0.033030844466195086,2,-0.22878059528628547,0
2021-05-13,-0.04200458663884121,2,-0.2976706695864933,0
2021-05-14,-0.07907506021961108,2,-0.5822551417265126,0
2021-05-17,-0.135587121669589,2,-1.0160897713879207,0
2021-05-18,-0.043089072995959765,2,-0.30599610888284307,0
2021-05-19,0.0536998836548398,2,0.4370382113406692,0
2021-05-20,0.14565815947205885,2,1.1429881184906308,0
2021-05-21,-0.07448242508397399,2,-0.5469981698143711,0
2021-05-24,-0.023574524901158356,2,-0.15618584663976906,0
2021-05-25,0.11826594334291572,2,0.9327021789038934,0
2021-05-26,-0.11567384456924881,2,-0.8632185263030457,0
2021-05-27,-0.008325199827247415,2,-0.039119062553640824,0
2021-05-28,0.03764391978031394,2,0.31377898202503807,0
2021-06-01,-0.21929808466451975,1,-1.6587262935337572,0
2021-06-02,-0.039042426025606175,2,-0.2749306063209206,0
2021-06-03,-0.024314404543720886,2,-0.16186579181411476,0
2021-06-04,0.11154982562971577,2,0.8811435493634086,0
2021-06-07,-0.13551162965556274,2,-1.015510230505724,0
2021-06-08,0.06378129393660009,2,0.5144316877744315,0
2021-06-09,0.03292718662670063,2,0.27756932822005703,0
2021-06-10,0.13718417778859102,2,1.0779346305965654,0
2021-06-11,0.04667416761271226,2,0.38310284181003246,0
2021-06-14,0.17132340477896568,3,1.3400163617931138,0
2021-06-15,0.014356963661236039,2,0.13500850852525093,0
2021-06-16,-0.01641607853269067,2,-0.10123152627819176,0
2021-06-17,0.3040928609722212,3,2.3592675867538704,0
2021-06-18,0.2009537369198045,3,1.5674839827087605,0
2021-06-21,-0.10646778187301842,2,-0.7925449621472938,0
2021-06-22,0.14622983233473838,2,1.1473767654149265,0
2021-06-23,-0.022764339502310584,2,-0.14996617470694948,0
2021-06-24,0.01048699211389606,2,0.1052993167180021,0
2021-06-25,-0.14970140382880565,2,-1.1244430010590842,0
2021-06-28,0.23804449031685299,3,1.852224139960225,0
2021-06-29,0.13290239665772172,2,1.045064038309888,0
2021-06-30,-0.1471095060799166,2,-1.1045453903338973,0
2021-07-01,-0.05507162913108844,2,-0.3979843972216435,0
2021-07-02,0.1057538278032359,2,0.8366485423498182,0
2021-07-06,0.2451666554486044,3,1.9068999347028353,0
2021-07-07,0.21044508140740892,3,1.6403476124387342,0
2021-07-08,-0.0550574490530763,2,-0.3978755388870664,0
2021-07-09,-0.1597865584210324,2,-1.2018652220033612,0
2021-07-12,-0.07899894422412307,2,-0.5816708106321129,0
2021-07-13,0.16734500474497815,3,1.309474780737578,0
2021-07-14,0.001522056232852717,2,0.03647684699915545,0
2021-07-15,0.02011445920227664,2,0.1792079392615638,0
2021-07-16,0.2130938067228476,3,1.660681479878967,0
2021-07-19,0.1872937984396983,3,1.4626186813967552,0
2021-07-20,-0.13179247635551994,2,-0.9869588477888455,0
2021-07-21,-0.1629934947443532,1,-1.2264843917253347,0
2021-07-22,0.2365400769453556,3,1.8406749838838898,0
2021-07-23,0.08014725286681135,2,0.6400707026921006,0
2021-07-26,-0.11620537499605837,2,-0.8672990057609189,0
2021-07-27,-0.05248830640408764,2,-0.37815261565486563,0
2021-07-28,-0.04377184616278429,2,-0.3112376561980875,0
2021-07-29,0.019163082816498422,2,0.17190436527394629,0
2021-07-30,0.1898939332547258,3,1.48257952684469,0
2021-08-02,-0.004017817345493335,2,-0.006051932531567497,0
2021-08-03,0.040872650970518065,2,0.33856546767497875,0
2021-08-04,0.20528158939832203,3,1.60070825782937,0
2021-08-05,-0.2117546049873451,1,-1.6008161301432002,0
2021-08-06,-0.13197089804022605,2,-0.9883285643329245,0
2021-08-09,0.04136694800851902,2,0.34236011198491406,0
2021-08-10,-0.18544622974106945,1,-1.3988506746436855,0
2021-08-11,-0.046933977239158486,2,-0.3355128627515403,0
2021-08-12,0.1128489447533297,2,0.8911166922539396,0
2021-08-13,0.06865959863356093,2,0.5518817021126067,0
2021-08-16,0.13353337914326363,2,1.0499079963237044,0
2021-08-17,0.021518724154363955,2,0.18998827092535472,0
2021-08-18,-0.02610474355126935,2,-0.1756099561638027,0
2021-08-19,0.2865357190768383,3,2.2244840386640807,0
2021-08-20,0.0320406576043657,2,0.2707635777267892,0
2021-08-23,-0.11712900791111824,2,-0.8743895972800899,0
2021-08-24,-0.12024250472432894,2,-0.8982914458811511,0
2021-08-25,-0.03771132865539614,2,-0.2647119712219426,0
2021-08-26,0.12035587850105428,2,0.948746298019066,0
2021-08-27,-0.1129282580662126,2,-0.8421410700364323,0
2021-08-30,0.20385021290845334,3,1.5897197949516197,0
2021-08-31,-0.10296942315963255,2,-0.7656885863948726,0
2021-09-01,0.06913552969029683,2,0.5555353535357839,0
2021-09-02,-0.037747042635022744,2,-0.2649861420932133,0
2021-09-03,0.12616789506254922,2,0.993364278461595,0
2021-09-07,-0.06055190597477522,2,-0.4400556615485932,0
2021-09-08,0.08700841508817991,2,0.6927428171926315,0
2021-09-09,-0.055108672419085736,2,-0.3982687729941319,0
2021-09-10,0.137215498430554,2,1.0781750744727596,0
2021-09-13,-0.32468648473943185,1,-2.4677772526388004,0
2021-09-14,0.17996491975989098,3,1.406355977713543,0
2021-09-15,-0.02997056915860663,2,-0.2052873202107554,0
2021-09-16,0.019009581517670723,2,0.1707259587989249,0
2021-09-17,-0.08227082969732957,2,-0.6067885852477058,0
2021-09-20,0.03726163628185386,2,0.31084424887737366,0
2021-09-21,0.07398262887095347,2,0.5927458078002001,0
2021-09-22,-0.0822862019745339,2,-0.6069065959168777,0
2021-09-23,-0.13725145052993026,2,-1.0288665747151196,0
2021-09-24,0.023759834810442727,2,0.20719294169056443,0
2021-09-27,-0.3796453119569956,1,-2.889687935788484,0
2021-09-28,-0.2450706799134461,1,-1.8565786462589948,0
2021-09-29,0.0198413372704051,2,0.17711122310707034,0
2021-09-30,0.06845924418301286,2,0.5503436110109138,0
2021-10-01,-0.17410476111024553,1,-1.3117839190339078,0
2021-10-04,-0.2876169690402898,1,-2.1832001340125378,0
2021-10-05,0.14902758904616095,3,1.1688547245556862,0
2021-10-06,0.12532395178460706,2,0.9868854523482467,0
2021-10-07,0.10201357854562387,2,0.807935209127073,0
2021-10-08,-0.01454311894274346,2,-0.08685309609484462,0
2021-10-11,-0.00357991471740543,2,-0.00269021965806998,0
2021-10-12,0.006879019562525512,2,0.0776014519526569,0
2021-10-13,0.1288721834030267,2,1.014124694921136,0
2021-10-14,0.1164107847646052,2,0.9184604044201058,0
2021-10-15,0.0539642663116527,2,0.4390678373897712,0
2021-10-18,0.19565934015822095,3,1.5268396919253626,0
2021-10-19,0.13419156204694815,2,1.0549607678726982,0
2021-10-20,-0.17039963121432022,1,-1.2833401918895886,0
2021-10-21,0.2136594473973248,3,1.6650238185981172,0
2021-10-22,0.07068419833979228,2,0.5674242507514127,0
2021-10-25,0.03205958296548962,2,0.2709088648889232,0
2021-10-26,0.010808681319259439,2,0.10776887655521361,0
2021-10-27,0.08525967635531279,2,0.6793180119195218,0
2021-10-28,0.0561378789055238,2,0.45575433564331896,0
2021-10-29,0.2562098959628585,3,1.9916772377393563,0
2021-11-01,-0.4058785063759502,1,-3.091076239339519,0
2021-11-02,0.03683357732064735,2,0.3075581043598417,0
2021-11-03,-0.30521865170375556,1,-2.3183256149062323,0
2021-11-04,0.24678778047845168,3,1.9193450686957116,0
2021-11-05,-0.45148140977094336,1,-3.4411628969172803,0
2021-11-08,0.21177225408105416,3,1.6505361182301443,0
2021-11-09,0.04158567747990596,2,0.34403926536881924,0
2021-11-10,-0.08327139803235056,2,-0.6144697984601984,0
2021-11-11,-0.006113336321812268,2,-0.022138917782397207,0
2021-11-12,0.2004352767970093,3,1.5635038420167393,0
2021-11-15,-0.07204301089180565,2,-0.5282711525105181,0
2021-11-16,0.3133495876956123,3,2.4303300910561405,0
2021-11-17,-0.03197872992589698,2,-0.22070366957803403,0
2021-11-18,0.07153247272931713,2,0.5739363261595363,0
2021-11-19,0.20454585827117616,3,1.5950601601863876,0
2021-11-22,-0.29613870634893114,1,-2.2486202346867743,0
2021-11-23,-0.13914467296203673,2,-1.0434005597021403,0
2021-11-24,0.0919784048856719,2,0.73089668431221,0
2021-11-26,0.3186475851579541,3,2.4710020238798376,0
2021-11-29,0.16632670299997743,3,1.3016574307933189,0
2021-11-30,0.046020533939475694,2,0.3780849940216658,0
2021-12-01,0.03222093442507412,2,0.27214753587203944,0
2021-12-02,-0.14753289958735905,2,-1.1077957188618155,0
2021-12-03,-0.16399784877534768,1,-1.2341946671586792,0
2021-12-06,-0.2753631493490388,1,-2.0891293959914665,0
2021-12-07,0.18551965743380605,3,1.4489988666791545,0
2021-12-08,0.005220006727234383,2,0.06486545895337248,0
2021-12-09,-0.10541860765053745,2,-0.7844906088184346,0
2021-12-10,0.0721178509425,2,0.5784301870064431,0
2021-12-13,0.14645174825040974,2,1.149080380654241,0
2021-12-14,-0.23314447611599706,1,-1.765022966374399,0
2021-12-15,0.20526812537662387,3,1.6006048965518427,0
2021-12-16,-0.1697420067913199,1,-1.2782917077131413,0
2021-12-17,-0.14040576098022878,2,-1.0530817434937998,0
2021-12-20,-0.0064993395290035005,2,-0.025102206576739877,0
2021-12-21,-0.21165371453961224,1,-1.6000416092903853,0
2021-12-22,0.05229194882473093,2,0.42622970657309245,0
2021-12-23,-0.03697348695285635,2,-0.25904767100784704,0
2021-12-27,0.13693305264730732,2,1.0760067805080684,0
2021-12-28,-0.08814573941612633,2,-0.651889387036797,0
2021-12-29,0.01896935133421232,2,0.17041711770741144,0
2021-12-30,-0.038638378756101405,2,-0.27182879596338366,0
2021-12-31,0.036977771526146966,2,0.3086650616736821,0
2022-01-03,-0.547187019310249,1,-4.175880523662433,0
2022-01-04,-0.36626050949198596,1,-2.7869348124461606,0
2022-01-05,-0.29803385661901804,1,-2.263169019397161,0
2022-01-06,4.796234257145593e-05,2,0.025160449037945266,0
2022-01-07,-0.4189902272230244,1,-3.191732956011397,0
2022-01-10,-0.007447323006902318,2,-0.03237973371885986,0
2022-01-11,0.044696076707514854,2,0.36791733426926565,0
2022-01-12,0.06788161829681283,2,0.5459092636168756,0
2022-01-13,-0.5017554292746503,1,-3.827109013080233,0
2022-01-14,-0.27463702643170385,1,-2.083555059135793,0
2022-01-18,0.0011549959797158005,2,0.03365898042523774,0
2022-01-19,0.19755205720969077,3,1.5413697971809472,0
2022-01-20,0.036413915980528344,2,0.30433642712134823,0
2022-01-21,-0.04055585481782087,2,-0.28654897243149946,0
2022-01-24,0.1594840906313057,3,1.2491277207329823,0
2022-01-25,-0.45285931022737047,1,-3.451740832297561,0
2022-01-26,-0.19434554213137817,1,-1.4671693626552387,0
2022-01-27,-0.04562450728557871,2,-0.3254602580900226,0
2022-01-28,0.25131326754359695,3,1.9540865549301614,0
2022-01-31,0.23098315347587206,3,1.7980153148931541,0
2022-02-01,-0.02848304330952517,2,-0.19386780711408214,0
2022-02-02,0.05567993648185246,2,0.4522387802612956,0
2022-02-03,-0.21489149989408207,1,-1.6248976024029866,0
2022-02-04,0.0843354717826898,2,0.6722230318708788,0
2022-02-07,-0.24907239328797723,1,-1.8872992003373046,0
2022-02-08,-0.1373022566409065,2,-1.0292566056178043,0
2022-02-09,0.10729122689109816,2,0.8484509248290857,0
2022-02-10,-0.18380214176586385,1,-1.3862292575593795,0
2022-02-11,-0.16160984823798763,2,-1.2158623447804935,0
2022-02-14,0.028270947362512566,2,0.2418240769415846,0
2022-02-15,-0.12369362604488199,2,-0.9247851872454436,0
2022-02-16,-0.10869556947267811,2,-0.8096473538043055,0
2022-02-17,-0.10840383357835026,2,-0.8074077410485986,0
2022-02-18,-0.008201899302981111,2,-0.03817250290053954,0
2022-02-22,-0.05908157245650425,2,-0.4287681313999635,0
2022-02-23,-0.12025485294870708,2,-0.8983862413498105,0
2022-02-24,0.5835459386143265,3,4.504586998857015,0
2022-02-25,-0.16202427124698704,2,-1.219043808135738,0
2022-02-28,0.18849763418940546,3,1.471860348100237,0
2022-03-01,0.3262638443616327,3,2.529470904792241,0
2022-03-02,-0.15661246083670022,2,-1.1774981503610213,0
2022-03-03,-0.05729059347652887,2,-0.41501905407782863,0
2022-03-04,0.17550209679271278,3,1.3720955543714577,0
2022-03-07,0.08701336479898747,2,0.6927808153809835,0
2022-03-08,-0.3469384689542736,1,-2.6386024018792402,0
2022-03-09,0.14741016763828418,2,1.1564380227138367,0
2022-03-10,-0.157637359606626,2,-1.1853661446773278,0
2022-03-11,-0.08257955855749499,2,-0.609158650456426,0
2022-03-14,0.07467376387020186,2,0.5980515476502738,0
2022-03-15,0.09766347275972276,2,0.7745400986994547,0
2022-03-16,0.009622842481912697,2,0.09866536945179968,0
2022-03-17,0.10929462833370673,2,0.8638307375737783,0
2022-03-18,0.2352043546796096,3,1.8304208441547394,0
2022-03-21,-0.11876311795909622,2,-0.8869344153118658,0
2022-03-22,-0.0044827272644570315,2,-0.009620976331147545,0
2022-03-23,-0.20031996804956753,1,-1.5130341353985133,0
2022-03-24,-0.07792792378552632,2,-0.5734487471749214,0
2022-03-25,-0.2062582320201382,1,-1.558621298287352,0
2022-03-28,0.19114128038350786,3,1.4921552238868758,0
2022-03-29,-0.019233802731240646,2,-0.12286277282629293,0
2022-03-30,-0.015226037935414438,2,-0.09209576289326614,0
2022-03-31,-0.06163445300495274,2,-0.4483662129225478,0
2022-04-01,0.020074675213540394,2,0.1789025235400878,0
2022-04-04,0.11908614051046232,2,0.9389987096851475,0
2022-04-05,0.04655410346102973,2,0.3821811273044148,0
2022-04-06,-0.04639018546737639,2,-0.3313382547851891,0
2022-04-07,0.18653455304212235,3,1.4567900682223616,0
2022-04-08,-0.18384422099818457,1,-1.3865522935220025,0
2022-04-11,-0.21294079483217523,1,-1.6099223318784794,0
2022-04-12,-0.20885580145044608,1,-1.578562449661115,0
2022-04-13,-0.0979113840156477,2,-0.7268587776329692,0
2022-04-14,-0.26921274377824367,1,-2.0419136538187055,0
2022-04-18,-0.11981911093467296,2,-0.8950411151867216,0
2022-04-19,0.03353134827067672,2,0.28220738665121153,0
2022-04-20,-0.06347250828554316,2,-0.46247668795198865,0
2022-04-21,-0.1806035513724813,1,-1.3616741582912357,0
2022-04-22,-0.0024030720791932136,2,0.006344224972311678,0
2022-04-25,0.12267735164467197,2,0.9665678995619817,0
2022-04-26,-0.052456026970533864,2,-0.3779048112792656,0
2022-04-27,0.08501505530747273,2,0.6774400927820113,0
2022-04-28,0.1048404805889358,2,0.8296369126144758,0
2022-04-29,-0.15580240169963422,2,-1.1712794477209851,0
2022-05-02,-0.015282154602254905,2,-0.09252656213774452,0
2022-05-03,-0.05088578032362598,2,-0.3658502630101082,0
2022-05-04,-0.038099671337299856,2,-0.26769321981317556,0
2022-05-05,-0.23413122802169806,1,-1.7725981129288455,0
2022-05-06,-0.09639530209840619,2,-0.715220043879025,0
2022-05-09,-0.17612412579527326,1,-1.3272862791991937,0
2022-05-10,0.0955426146742455,2,0.7582585889036767,0
2022-05-11,-0.14521327543804863,2,-1.0899883117711981,0
2022-05-12,0.12994632489031654,2,1.022370718201579,0
2022-05-13,0.06418509410963202,2,0.517531601209364,0
2022-05-16,-0.14560831869241936,2,-1.0930209996534455,0
2022-05-17,-0.16226721911262543,2,-1.220908882504146,0
2022-05-18,-0.06589560712722564,2,-0.48107845475436944,0
2022-05-19,0.2395320442030088,3,1.863643868293318,0
2022-05-20,0.16213662259027112,3,1.2694908112052952,0
2022-05-23,-0.061594081313490756,2,-0.44805628549529025,0
2022-05-24,-0.042121263213487414,2,-0.2985663781706971,0
2022-05-25,-0.13002109598225664,2,-0.9733602260343657,0
2022-05-26,0.046494308913598736,2,0.3817220935216274,0
2022-05-27,0.15757212133650267,3,1.2344498188895134,0
2022-05-31,-0.10603802268943385,2,-0.7892457652772763,0
2022-06-01,0.006262251993950252,2,0.07286661972685211,0
2022-06-02,0.32109057264238117,3,2.4897564728130446,0
2022-06-03,-0.020823152204745843,2,-0.13506397063343734,0
2022-06-06,-0.0033530163454430773,2,-0.0009483548482329597,0
2022-06-07,-0.01819140933180219,2,-0.11486047486009379,0
2022-06-08,0.013515162004232417,2,0.12854612331501067,0
2022-06-09,0.1813228762913297,3,1.416780806569494,0
2022-06-10,-0.08269144851737287,2,-0.6100176129161378,0
2022-06-13,0.24602737885346482,3,1.9135075793366991,0
2022-06-14,8.82116351419715e-05,2,0.02546943682724967,0
2022-06-15,0.06322486611403488,2,0.5101600747392292,0
2022-06-16,0.08435302772063236,2,0.6723578061764032,0
2022-06-17,-0.042640076751131795,2,-0.3025492319755703,0
2022-06-21,0.13672748251915057,2,1.074428649430736,0
2022-06-22,0.14627879077623807,2,1.1477526120358397,0
2022-06-23,0.3550319251851345,3,2.7503191515188385,0
2022-06-24,-0.0916446549925034,2,-0.6787500377429778,0
2022-06-27,-0.09478064987463908,2,-0.7028246006487331,0
2022-06-28,-0.22859899602388212,1,-1.7301279966670646,0
2022-06-29,0.19663083173427476,3,1.5342976872152627,0
2022-06-30,0.09015035397013954,2,0.7168630112945628,0
2022-07-01,-0.0010909348417174058,2,0.016417305972712563,0
2022-07-05,0.23094971588211083,3,1.7977586194951458,0
2022-07-06,0.23735065235299643,3,1.8468976498557865,0
2022-07-07,-0.06788797489344878,2,-0.4963735636184096,0
2022-07-08,-0.0003926210850656031,2,0.021778156067920332,0
2022-07-11,0.04335420738675766,2,0.3576160045196865,0
2022-07-12,-0.46081050189324224,1,-3.512780939545882,0
2022-07-13,0.0049933516822998625,2,0.06312546212867523,0
2022-07-14,0.07251654906619145,2,0.5814909327729284,0
2022-07-15,-0.05197046193043531,2,-0.3741772012090836,0
2022-07-18,-0.19909845335191403,1,-1.5036567500601363,0
2022-07-19,0.03875304096741128,2,0.3222935392205831,0
2022-07-20,0.11949423696627648,2,0.9421316050393718,0
2022-07-21,0.35212860156166725,3,2.728030771009325,0
2022-07-22,-0.0802636323445419,2,-0.5913796318692348,0
2022-07-25,-0.22364191968457112,1,-1.6920732642313723,0
2022-07-26,-0.025455248948415,2,-0.17062388339868487,0
2022-07-27,0.06769767934686588,2,0.5444971918540861,0
2022-07-28,0.27299401720434224,3,2.1205264220756344,0
2022-07-29,0.06369385470198047,2,0.5137604298695565,0
2022-08-01,-0.07198331699120558,2,-0.527812891378374,0
2022-08-02,0.07957636097842036,2,0.6356880511904202,0
2022-08-03,0.03205449285349349,2,0.27086978886168017,0
2022-08-04,0.13695182859497423,2,1.0761509206454767,0
2022-08-05,0.03169132055594119,2,0.2680817695403297,0
2022-08-08,-0.07674896440795179,2,-0.5643980526535647,0
2022-08-09,-0.085331720366712,2,-0.6302865843635406,0
2022-08-10,0.056897310028454884,2,0.4615843746034405,0
2022-08-11,-0.23477228805939154,1,-1.7775194348008083,0
2022-08-12,0.03936969297803128,2,0.3270274843252771,0
2022-08-15,0.059365665574859186,2,0.48053357034804933,0
2022-08-16,-0.09785462201950038,2,-0.7264230242920792,0
2022-08-17,0.0922925761544029,2,0.7333085300761593,0
2022-08-18,-0.004838510624745496,2,-0.012352271888062634,0
2022-08-19,-0.08727964701072555,2,-0.6452405253901167,0
2022-08-22,0.028364862420215964,2,0.2425450487701286,0
2022-08-23,-0.12261100089729626,2,-0.9164740361758489,0
2022-08-24,-0.05132858833475565,2,-0.36924963377434034,0
2022-08-25,-0.03692904592517998,2,-0.25870650389610017,0
2022-08-26,-0.07624187369484381,2,-0.5605051932164573,0
2022-08-29,-0.10126944898234647,2,-0.7526381393095247,0
2022-08-30,0.03649159256044815,2,0.30493273858863923,0
2022-08-31,0.04340687765300916,2,0.35802034626314977,0
2022-09-01,0.06139206885732266,2,0.49608996477139494,0
2022-09-02,-0.08043853023549047,2,-0.5927222967765378,0
2022-09-06,0.156257709477062,3,1.22435927595705,0
2022-09-07,0.027260462756440784,2,0.23406673800179484,0
2022-09-08,0.04788236874583601,2,0.39237802090802376,0
2022-09-09,-0.09955253746507975,2,-0.7394576668025339,0
2022-09-12,-0.0945782295675689,2,-0.7012706502760064,0
2022-09-13,-0.011042640719214791,2,-0.05998044918058175,0
2022-09-14,-0.047058480185201645,2,-0.33646865321648733,0
2022-09-15,-0.21672672612320104,1,-1.6389863592281022,0
2022-09-16,0.009212326378487179,2,0.09551389882535126,0
2022-09-19,-0.03966813586700785,2,-0.27973408703556896,0
2022-09-20,0.019944484106820037,2,0.1779030659177671,0
2022-09-21,0.10734768953544738,2,0.8488843800910677,0
2022-09-22,-0.08534906492387373,2,-0.6304197359304776,0
2022-09-23,0.19390018113400048,3,1.5133348916366005,0
2022-09-26,0.12923524425928073,2,1.0169118587243349,0
2022-09-27,-0.02614436998938624,2,-0.17591416239277666,0
2022-09-28,-0.08403708953310018,2,-0.6203478974029637,0
2022-09-29,0.17959958060750603,3,1.4035513237722594,0
2022-09-30,0.19102498323891665,3,1.4912624281303617,0
2022-10-03,0.03944775983219284,2,0.327626791869455,0
2022-10-04,-0.13014686100635497,2,-0.97432570528347,0
2022-10-05,0.053711570608488524,2,0.43712793033300423,0
2022-10-06,0.08337408607272229,2,0.6648426178009602,0
2022-10-07,-0.08680441097785163,2,-0.6415922095610063,0
2022-10-10,-0.000982044840558971,2,0.01725323819875983,0
2022-10-11,-0.16560336413489524,1,-1.2465199680511543,0
2022-10-12,-0.0831593310261059,2,-0.6136094768420524,0
2022-10-13,-0.15789437916628235,2,-1.1873392453326268,0
2022-10-14,-0.24042301370956853,1,-1.820899209080193,0
2022-10-17,0.1839753049694567,3,1.437143104170283,0
2022-10-18,-0.009313719049348412,2,-0.04670777653132809,0
2022-10-19,-0.09203453064749689,2,-0.6817430547389658,0
2022-10-20,-0.17974136698987686,1,-1.3550552979501007,0
2022-10-21,-0.07925388804669375,2,-0.5836279761647721,0
2022-10-24,0.08403353600766916,2,0.6699051161591408,0
2022-10-25,-0.013682132229059452,2,-0.08024343007858854,0
2022-10-26,-0.06283877181949164,2,-0.4576115880423746,0
2022-10-27,0.06268860542125854,2,0.5060432817381717,0
2022-10-28,0.07509322495185355,2,0.6012716875345145,0
2022-10-31,-0.050201512064583564,2,-0.3605972380958872,0
2022-11-01,-0.11137334421963671,2,-0.830204229378412,0
2022-11-02,-0.18048548245681584,1,-1.3607677609136142,0
2022-11-03,-0.08710437399826287,2,-0.6438949807311469,0
2022-11-04,-0.21763145505303538,1,-1.645931827684709,0
2022-11-07,0.1564027827946594,3,1.225472982082765,0
2022-11-08,0.05194715638283415,2,0.42358278665011734,0
2022-11-09,0.02517922760789748,2,0.2180894075569338,0
2022-11-10,0.288006577822149,3,2.23577560090201,0
2022-11-11,-0.1359483830110525,2,-1.0188631205856584,0
2022-11-14,-0.11672004998690833,2,-0.8712500885620482,0
2022-11-15,0.0771117146089626,2,0.616767330241557,0
2022-11-16,0.07794857274320399,2,0.6231917647681423,0
2022-11-17,-0.13391128962426732,2,-1.003224659832923,0
2022-11-18,-0.06902654829807231,2,-0.5051142210756572,0
2022-11-21,0.0416147382434455,2,0.34426236049691,0
2022-11-22,-0.0658811536763822,2,-0.48096749777752046,0
2022-11-23,0.048778528989329606,2,0.3992577088432703,0
2022-11-25,-0.05676906694276563,2,-0.4110153730081857,0
2022-11-28,0.0007782295665318406,2,0.03076660111472182,0
2022-11-29,-0.2263558287440577,1,-1.7129075375094633,0
2022-11-30,0.18310921290354298,3,1.430494245129794,0
2022-12-01,0.15043463878009328,3,1.1796564345725122,0
2022-12-02,-0.06122399792565435,2,-0.4452152107691813,0
2022-12-05,-0.05186100829751539,2,-0.37333694206644125,0
2022-12-06,-0.0829843299935662,2,-0.6122660201322059,0
2022-12-07,-0.0074534208223377,2,-0.032426545734441606,0
2022-12-08,0.010084566113238436,2,0.1022099525985219,0
2022-12-09,-0.04954744648001408,2,-0.3555760745889225,0
2022-12-12,-0.09053433459027621,2,-0.6702262743525357,0
2022-12-13,0.17977783275255943,3,1.4049197387858234,0
2022-12-14,-0.07909355057489675,2,-0.5823970894139947,0
2022-12-15,-0.07275485568604001,2,-0.5337358783541581,0
2022-12-16,-0.017827139830930927,2,-0.11206403247323601,0
2022-12-19,-0.010922045586786222,2,-0.05905465841532313,0
2022-12-20,-0.04123727588236688,2,-0.29178013986011064,0
2022-12-21,0.04718334442017158,2,0.3870117158809566,0
2022-12-22,-0.09359638740299314,2,-0.6937331950686484,0
2022-12-23,-0.06904820088008863,2,-0.5052804447040162,0
2022-12-27,-0.05844688403957268,2,-0.42389572350605537,0
2022-12-28,0.07882393816833455,2,0.6299118139980943,0
2022-12-29,0.09397720393412079,2,0.7462411651664249,0
2022-12-30,-0.11312325560944225,2,-0.8436380369631619,0
2023-01-03,0.005663283994180618,2,0.06826843212420902,0
2023-01-04,-0.21370291272423503,1,-1.6157729967626964,0
2023-01-05,-0.20297812601748377,1,-1.5334404158987074,0
2023-01-06,-0.053057597681166024,2,-0.3825229795032874,0
2023-01-09,0.08362343793445425,2,0.666756854687994,0
2023-01-10,-0.0030506348956669815,2,0.0013729822418360378,0
2023-01-11,0.10764285462180123,2,0.8511503182402299,0
2023-01-12,-0.11269856485634551,2,-0.8403777496746963,0
2023-01-13,0.034257919112255675,2,0.28778516215420213,0
2023-01-17,-0.019602921048005748,2,-0.12569643884636506,0
2023-01-18,0.12243785816239705,2,0.9647293439771527,0
2023-01-19,-0.15511558572883155,2,-1.1660068644052541,0
2023-01-20,0.10373765463367857,2,0.8211706829706764,0
2023-01-23,0.013751593345619817,2,0.13036117130298655,0
2023-01-24,-0.0803259450982995,2,-0.5918579975447383,0
2023-01-25,-0.19745412814579055,1,-1.4910335117896136,0
2023-01-26,0.017616637489210663,2,0.1600325361698292,0
2023-01-27,-0.12195833222059171,2,-0.9114635965212922,0
2023-01-30,-0.01525494400141908,2,-0.09231767043155674,0
2023-01-31,0.051005508885239914,2,0.41635389987960036,0
2023-02-01,0.09622347919672047,2,0.7634854838421843,0
2023-02-02,0.10077751323070472,2,0.7984461208797804,0
2023-02-03,-0.06576130633059751,2,-0.48004744765830076,0
2023-02-06,-0.03532080537730825,2,-0.2463602821411218,0
2023-02-07,0.0867413079442656,2,0.6906922756642084,0
2023-02-08,-0.00864967119041904,2,-0.041609980599550275,0
2023-02-09,-0.030158203205243095,2,-0.20672775867726675,0
2023-02-10,-0.04026910234530806,2,-0.2843476166584986,0
2023-02-13,-0.010182314379846513,2,-0.053375852759016636,0
2023-02-14,-0.06413804001246057,2,-0.46758587531601187,0
2023-02-15,0.07468213893814019,2,0.5981158417921647,0
2023-02-16,-0.0031336542427183867,2,0.000735655151677441,0
2023-02-17,-0.042586916759730226,2,-0.30214113068549586,0
2023-02-21,-0.08347996662149315,2,-0.6160709482733188,0
2023-02-22,0.009664228783094142,2,0.09898308588587457,0
2023-02-23,-0.009648260006877019,2,-0.04927599734458693,0
2023-02-24,-0.08102099999896617,2,-0.5971938298907584,0
2023-02-27,0.02304195063651479,2,0.20168185243377829,0
2023-02-28,0.10132219192863454,2,0.8026275376452969,0
2023-03-01,-0.04203411441007393,2,-0.297897349862682,0
2023-03-02,0.1163958989207508,2,0.9183461280268886,0
2023-03-03,0.02735406849492872,2,0.23478533523306094,0
2023-03-06,0.002325079776764577,2,0.042641538444551826,0
2023-03-07,0.028893201091531817,2,0.2466010255992344,0
2023-03-08,0.010794731823955295,2,0.10766178836954207,0
2023-03-09,0.1142437927180614,2,0.9018247311165634,0
2023-03-10,-0.07574247514294652,2,-0.5566713853485993,0
2023-03-13,0.16357845023288325,3,1.2805595060169663,0
2023-03-14,0.101587981580753,2,0.8046679649865772,0
2023-03-15,0.00021217125704164896,2,0.02642105627414273,0
2023-03-16,0.166451446452769,3,1.302615067592543,0
2023-03-17,0.08738077017191415,2,0.6956013313878247,0
2023-03-20,-0.07572672350944248,2,-0.556550462417946,0
2023-03-21,0.008669592782717728,2,0.09134741431772343,0
2023-03-22,0.13643377769624387,2,1.072173921505295,0
2023-03-23,0.1090397417298053,2,0.861874011300271,0
2023-03-24,-0.03854691788945261,2,-0.27112666459190266,0
2023-03-27,-0.04012311454678902,2,-0.2832268901997469,0
2023-03-28,-0.08273065580993615,2,-0.610318601427489,0
2023-03-29,-0.07241426799225736,2,-0.5311212376525406,0
2023-03-30,-0.02180689533029248,2,-0.14261601923338535,0
2023-03-31,0.03975061862368645,2,0.3299517934403786,0
2023-04-03,-0.031014782829503512,2,-0.21330359212824543,0
2023-04-04,-0.010497193925152137,2,-0.05579313585612212,0
2023-04-05,-0.17666725026268687,1,-1.3314557643698772,0
2023-04-06,0.008344084220224033,2,0.08884853384800163,0
2023-04-10,-0.09034654094934169,2,-0.668784610704507,0
2023-04-11,-0.05129839593106833,2,-0.3690178512143665,0
2023-04-12,0.16032457192094024,3,1.2555799696807346,0
2023-04-13,0.0626007641029146,2,0.5053689370967814,0
2023-04-14,-0.00696399003195175,2,-0.028669258878432538,0
2023-04-17,-0.04424949571389036,2,-0.31490450024509625,0
2023-04-18,0.02089408221418071,2,0.18519298832837758,0
2023-04-19,-0.035673370510550306,2,-0.24906687185112522,0
2023-04-20,0.1402915463224614,2,1.1017894333152105,0
2023-04-21,0.015443132314565261,2,0.1433468625575846,0
2023-04-24,-0.031128934030892452,2,-0.21417991380028018,0
2023-04-25,-0.13181416566381,2,-0.987125353359306,0
2023-04-26,0.03899903168376512,2,0.32418197309808333,0
2023-04-27,0.16371311337517702,3,1.281593294786427,0
2023-04-28,-0.03238523558037493,2,-0.2238243525887186,0
2023-05-01,-0.025468438435733563,2,-0.17072513711690815,0
2023-05-02,0.05182701432968129,2,0.42266047410658236,0
2023-05-03,0.12854991107340702,2,1.011650658526367,0
2023-05-04,0.11908473590955371,2,0.9389879267743958,0
2023-05-05,-0.11012704547885088,2,-0.8206365806538137,0
2023-05-08,-0.00698949705204667,2,-0.028865072450486366,0
2023-05-09,0.034218699506213424,2,0.2874840791141175,0
2023-05-10,0.18604167134155988,3,1.4530062892459095,0
2023-05-11,0.0888654084317081,2,0.7069986768941284,0
2023-05-12,0.0487898100836607,2,0.39934431211442567,0
2023-05-15,-0.1087839803237195,2,-0.8103260706628923,0
2023-05-16,0.13260648893562238,2,1.0427923990573622,0
2023-05-17,-0.17647345653111246,1,-1.3299680389248816,0
2023-05-18,0.10095843922367959,2,0.7998350626232673,0
2023-05-19,0.04051860090277437,2,0.33584747834526474,0
2023-05-22,0.030174334811534923,2,0.2564360972406443,0
2023-05-23,-0.1812895062313451,1,-1.3669401309796154,0
2023-05-24,0.06676556384273147,2,0.5373414807693692,0
2023-05-25,0.16265010053809623,3,1.2734327044864522,0
2023-05-26,0.05941651016686711,2,0.48092389666384955,0
2023-05-30,0.03687820062160861,2,0.3079006707562903,0
2023-05-31,-0.05079554483629284,2,-0.365157538692059,0
2023-06-01,0.05951527830776718,2,0.48168212488505247,0
2023-06-02,-0.1808161148377182,1,-1.3633059761696584,0
2023-06-05,0.01904144494130644,2,0.17097056952870657,0
2023-06-06,-0.18545284191243966,1,-1.3989014352927231,0
2023-06-07,-0.31902594606091905,1,-2.424322145210975,0
2023-06-08,0.09122013041707006,2,0.7250755248140953,0
2023-06-09,-0.03052435886753406,2,-0.20953868084277716,0
2023-06-12,0.02446284755860767,2,0.21258986523966114,0
2023-06-13,-0.04587020059812669,2,-0.3273464088430594,0
2023-06-14,0.01821115185273913,2,0.16459653387424955,0
2023-06-15,0.11223935317385214,2,0.8864369490214007,0
2023-06-16,-0.08484566337611772,2,-0.6265551976631022,0
2023-06-20,0.11493569614085744,2,0.9071363700390946,0
2023-06-21,-0.027682270536812464,2,-0.18772039450199293,0
2023-06-22,0.05806067915498239,2,0.47051538510308977,0
2023-06-23,0.10349173034800557,2,0.8192827590715611,0
2023-06-26,-0.16359442025046603,1,-1.2310976068109198,0
2023-06-27,-0.033718744798239775,2,-0.2340615030808229,0
2023-06-28,0.07267543583776415,2,0.5827106827154137,0
2023-06-29,0.015164948268924228,2,0.14121128531403962,0
2023-06-30,0.05834009518690325,2,0.4726604201207407,0
2023-07-03,-0.23102719542844175,1,-1.7487689197265364,0
2023-07-05,0.020141525044527875,2,0.17941571967778402,0
2023-07-06,0.008166816522953702,2,0.08748767629258793,0
2023-07-07,-0.08601437806647284,2,-0.6355272452554355,0
2023-07-10,0.09226511720198405,2,0.7330977318120743,0
2023-07-11,-0.12502593322842448,2,-0.9350131099001323,0
2023-07-12,0.055519451060262626,2,0.451006757722123,0
2023-07-13,-0.03056528862511429,2,-0.20985289246002045,0
2023-07-14,0.1605529601569085,3,1.257333271953348,0
2023-07-17,0.10713082710145734,2,0.8472195596735571,0
2023-07-18,-0.10018881361949727,2,-0.7443422635192622,0
2023-07-19,-0.11981190502182644,2,-0.894985796473319,0
2023-07-20,-0.11405506270881194,2,-0.8507913804707022,0
2023-07-21,0.05657901947169347,2,0.45914090568239363,0
2023-07-24,-0.002197382107908284,2,0.007923276067385434,0
2023-07-25,0.09434382191648488,2,0.7490556364938764,0
2023-07-26,-0.046973402098050246,2,-0.33581552148700156,0
2023-07-27,-0.1664687337508801,1,-1.25316328095177,0
2023-07-28,-0.040645330137559,2,-0.2872358610568027,0
2023-07-31,-0.051348538220012827,2,-0.36940278605476096,0
2023-08-01,0.14866463650774964,3,1.1660683922923387,0
2023-08-02,-0.029905514772905983,2,-0.20478790743754996,0
2023-08-03,0.06443034570937393,2,0.5194143609993618,0
2023-08-04,-0.1391672710092468,2,-1.0435740415251515,0
2023-08-07,-0.03040332130583495,2,-0.2086094936142891,0
2023-08-08,-0.03113945546119279,2,-0.214260685244477,0
2023-08-09,0.07360507753636625,2,0.5898474027656607,0
2023-08-10,0.04410096486427207,2,0.36334874980258713,0
2023-08-11,0.011783194837037742,2,0.11525007083901462,0
2023-08-14,0.14915852030067164,3,1.1698598641817115,0
2023-08-15,0.08359777134917062,2,0.666559816157891,0
2023-08-16,0.0571581775664311,2,0.4635870156118343,0
2023-08-17,-0.06955308314146902,2,-0.5091563501880597,0
2023-08-18,-0.05948848634876411,2,-0.4318919483909415,0
2023-08-21,0.10107800731326222,2,0.8007529689344592,0
2023-08-22,0.12945586965041567,2,1.018605566800117,0
2023-08-23,0.08734870392488436,2,0.6953551636132317,0
2023-08-24,-0.04117819093566044,2,-0.2913265535757802,0
2023-08-25,0.1265005162944613,2,0.9959177618288906,0
2023-08-28,-0.04410693087071699,2,-0.31381005130173917,0
2023-08-29,-0.008020795022170124,2,-0.03678219246804406,0
2023-08-30,0.10230854327299593,2,0.8101996091503477,0
2023-08-31,0.01746028668093437,2,0.15883225443765692,0
2023-09-01,0.07924693140408492,2,0.6331590697001974,0
2023-09-05,0.003743055882815427,2,0.05352712858324843,0
2023-09-06,0.009109816644353397,2,0.0947269469534224,0
2023-09-07,0.06664153107500481,2,0.5363892997929204,0
2023-09-08,-0.20472497100594078,1,-1.5468506831796833,0
2023-09-11,0.01941220939227814,2,0.17381687267447488,0
2023-09-12,-0.12875807884614376,2,-0.9636642326934299,0
2023-09-13,0.09027662517346838,2,0.7178323764057888,0
2023-09-14,-0.150143663331063,2,-1.127838161002876,0
2023-09-15,-0.13195234608620382,2,-0.98818614376117,0
2023-09-18,0.10742235523517493,2,0.8494575774821838,0
2023-09-19,0.03536419877719431,2,0.2962779054098242,0
2023-09-20,-0.041868162647988094,2,-0.2966233630464358,0
2023-09-21,-0.11183619249087373,2,-0.8337574462172505,0
2023-09-22,0.1202727547068844,2,0.948108169104026,0
2023-09-25,0.060537191666588816,2,0.4895272006475577,0
2023-09-26,0.010764471773762274,2,0.10742948649747808,0
2023-09-27,0.06661153050232212,2,0.5361589898908308,0
2023-09-28,-0.003803162316432629,2,-0.004404058031007287,0
2023-09-29,-0.10449567721347755,2,-0.7774054101176308,0
2023-10-02,0.1490712414630344,3,1.169189837620441,0
2023-10-03,-0.011355466963269611,2,-0.062381969391590526,0
2023-10-04,0.09812634267875436,2,0.7780934817251692,0
2023-10-05,-0.02077549523755179,2,-0.13469811523579414,0
2023-10-06,0.0503934441946145,2,0.4116551709432769,0
2023-10-09,0.03226118130249353,2,0.2724565051205906,0
2023-10-10,-0.10020971421231939,2,-0.7445027142392331,0
2023-10-11,0.024747913316423092,2,0.21477827235661742,0
2023-10-12,0.0035832351788347427,2,0.0523002089815797,0
2023-10-13,0.009258988371781962,2,0.0958721159574271,0
2023-10-16,-0.03390416411537378,2,-0.23548493940073323,0
2023-10-17,-0.08053727277842868,2,-0.5934803284860223,0
2023-10-18,-0.07957211124706265,2,-0.5860709280008843,0
2023-10-19,-0.030665814892825494,2,-0.21062461755736692,0
2023-10-20,-0.0038468307481637765,2,-0.004739294039425526,0
2023-10-23,0.022774990954298663,2,0.19963244294672078,0
2023-10-24,-0.15567412649278978,2,-1.1702946981749902,0
2023-10-25,-0.060089447969429166,2,-0.43650544072253383,0
2023-10-26,-0.10499840255480256,2,-0.781264757249538,0
2023-10-27,0.059216423634943616,2,0.4793878623333004,0
2023-10-30,-0.06552540335786827,2,-0.4782364558773586,0
2023-10-31,0.061698648683590485,2,0.49844353216883086,0
2023-11-01,0.09442207599509556,2,0.7496563813321019,0
2023-11-02,-0.06636545013249717,2,-0.4846853691185075,0
2023-11-03,-0.10694635886841408,2,-0.7962189260451729,0
2023-11-06,0.12144565533464019,2,0.9571123515106876,0
2023-11-07,0.11554077466548934,2,0.9117814672256856,0
2023-11-08,0.1248759381216329,2,0.9834461185746648,0
2023-11-09,0.11102124094135213,2,0.8770856838982828,0
2023-11-10,0.05158218743570819,2,0.42078097471914655,0
2023-11-13,0.05786800042848067,2,0.46903621938499795,0
2023-11-14,-0.13001521411204808,2,-0.9733150717979395,0
2023-11-15,-0.10450545401286035,2,-0.7774804651418271,0
2023-11-16,0.10168215857297877,2,0.805390947647209,0
2023-11-17,-0.11281195643579026,2,-0.8412482398428647,0
2023-11-20,0.03100874664176259,2,0.26284175185779785,0
2023-11-21,0.134664392297082,2,1.0585906148681241,0
2023-11-22,-0.049296547952314224,2,-0.3536499641789597,0
2023-11-24,0.006206664100031289,2,0.07243987979287649,0
2023-11-27,-0.0014440540879003538,2,0.013706462420673735,0
2023-11-28,-0.07931102543549498,2,-0.5840666113388285,0
2023-11-29,0.034253028105559635,2,0.2877476146285199,0
2023-11-30,-0.011560361248368511,2,-0.06395491212301614,0
2023-12-01,-0.1557001580230467,2,-1.1704945383329808,0
2023-12-04,-0.06878963223153044,2,-0.5032954519252872,0
2023-12-05,0.024460193524176277,2,0.2125694906149331,0
2023-12-06,-0.09324812461737227,2,-0.6910596338367967,0
2023-12-07,-0.10508766165136851,2,-0.781949985961941,0
2023-12-08,-0.06667635388801521,2,-0.487072130673028,0
2023-12-11,0.040201617624178065,2,0.3334140452028476,0
2023-12-12,0.11926174254893049,2,0.9403467802274699,0
2023-12-13,-0.1250475014454161,2,-0.9351786858708354,0
2023-12-14,-0.33751123806040995,1,-2.5662309626035364,0
2023-12-15,0.07856125550893553,2,0.6278952385744615,0
2023-12-18,0.14691577316746465,2,1.1526426304267496,0
2023-12-19,-0.11645483522348787,2,-0.8692140745551783,0
2023-12-20,0.07134864829263454,2,0.5725251334979219,0
2023-12-21,-0.012702250398004433,2,-0.07272102405799093,0
2023-12-22,0.10006359384021847,2,0.7929654686715105,0
2023-12-26,-0.041581810579016776,2,-0.2944250811114384,0
2023-12-27,0.03786667857976177,2,0.31548906795683174,0
2023-12-28,-0.058757293221555804,2,-0.4262786882936406,0
2023-12-29,0.028584623471889864,2,0.24423212144135542,0
2024-01-02,-0.33220894183483574,1,-2.5255260288185033,0
2024-01-03,-0.0791087186949585,2,-0.5825135327993678,0
2024-01-04,0.02745752481049796,2,0.23557955386886217,0
2024-01-05,-0.16621433254226575,1,-1.2512102809851646,0
2024-01-08,0.12296615188096727,2,0.9687849757107646,0
2024-01-09,0.062156853968636225,2,0.5019611054982461,0
2024-01-10,0.09988402784048872,2,0.7915869673924254,0
2024-01-11,0.08543424397365869,2,0.6806581413735323,0
2024-01-12,0.10362602209667773,2,0.8203136967078273,0
2024-01-16,0.040538617576957314,2,0.3360011433542628,0
2024-01-17,0.13418948434462213,2,1.0549448176632026,0
2024-01-18,0.13320482935449784,2,1.0473857688154988,0
2024-01-19,0.04389629185893673,2,0.3617775058027564,0
2024-01-22,0.13683298966100105,2,1.0752386119526633,0
2024-01-23,-0.08740088799973403,2,-0.6461712742995832,0
2024-01-24,-0.008840220770329643,2,-0.04307280117823022,0
2024-01-25,-0.141069760568324,2,-1.0581791688576152,0
2024-01-26,-0.007049714620905784,2,-0.029327353705404454,0
2024-01-29,0.025008499704239684,2,0.21677875501735497,0
2024-01-30,0.044815982552999595,2,0.3688378334819188,0
2024-01-31,-0.1437161424879685,2,-1.078495046399401,0
2024-02-01,0.09513672912876736,2,0.7551426663768849,0
2024-02-02,0.15521527858250933,3,1.2163566901464762,0
2024-02-05,0.08949556556372779,2,0.7118362987926012,0
2024-02-06,-0.08015603227708348,2,-0.5905536022709572,0
2024-02-07,0.23845874814725224,3,1.8554043352641016,0
2024-02-08,-0.006503562895216197,2,-0.025134628726450902,0
2024-02-09,0.11558705466582453,2,0.9121367518550372,0
2024-02-12,-0.2547162213966591,1,-1.930626023223954,0
2024-02-13,0.06712372332251715,2,0.5400910174396971,0
2024-02-14,0.12305988461815931,2,0.9695045478920564,0
2024-02-15,-0.22394526731765707,1,-1.694402018565967,0
2024-02-16,-0.04755888830094879,2,-0.3403102113547776,0
2024-02-20,-0.07740420760813026,2,-0.5694282565391406,0
2024-02-21,-0.12195411185659363,2,-0.9114311974191329,0
2024-02-22,0.1894489037299797,3,1.47916310185323,0
2024-02-23,0.06575728421172328,2,0.5296010690928146,0
2024-02-26,0.10174652618325151,2,0.8058850881483405,0
2024-02-27,-0.06858448184182342,2,-0.5017205431171522,0
2024-02-28,0.1182738127686821,2,0.9327625913065806,0
2024-02-29,-0.10218772296264245,2,-0.7596875910893371,0
2024-03-01,0.033319317925897485,2,0.2805796614586754,0
2024-03-04,-0.024155819382286624,2,-0.1606483572874779,0
2024-03-05,-0.16145609280229314,2,-1.2146819873348182,0
2024-03-06,0.034755473129185394,2,0.2916048098034445,0
2024-03-07,0.019863357641502988,2,0.17728027019710993,0
2024-03-08,-0.1098431126692479,2,-0.818456871010557,0
2024-03-11,-0.1311696004138306,2,-0.9821771224977414,0
2024-03-12,0.20505150851488513,3,1.598941961355716,0
2024-03-13,-0.10562223226487416,2,-0.7860538044776286,0
2024-03-14,0.10252397604151109,2,0.8118534542401864,0
2024-03-15,-0.06880317107859782,2,-0.5033993876259645,0
2024-03-18,0.0034320416182576155,2,0.051139518667384955,0
2024-03-19,0.006450296107012421,2,0.07431020621188143,0
2024-03-20,-0.10442106672736029,2,-0.7768326365931295,0
2024-03-21,0.008598154094294597,2,0.09079899020895191,0
2024-03-22,0.02846383578958611,2,0.243304852499551,0
2024-03-25,-0.07870343526628526,2,-0.5794022326330839,0
2024-03-26,0.04560506665865278,2,0.374895513948075,0
2024-03-27,-0.19561148475668555,1,-1.4768878145384523,0
2024-03-28,-0.04280614116608414,2,-0.30382408361099617,0
2024-04-01,-0.042592383884932195,2,-0.3021831009866396,0
2024-04-02,0.03729873084937707,2,0.3111290183151003,0
2024-04-03,-0.037975095436876695,2,-0.2667368692883826,0
2024-04-04,-0.0077982291014874194,2,-0.03507358723763498,0
2024-04-05,0.142883084825032,2,1.1216842861602296,0
2024-04-08,-0.03850704159735277,2,-0.2708205402713323,0
2024-04-09,-0.046257269454943184,2,-0.3303178784699299,0
2024-04-10,0.06952538852482448,2,0.5585282414035754,0
2024-04-11,-0.058052449835319875,2,-0.42086771121032135,0
2024-04-12,0.07142307746098564,2,0.5730965150730957,0
2024-04-15,-0.13745004637542702,2,-1.0303911652692908,0
2024-04-16,0.06957550811330843,2,0.558913001975935,0
2024-04-17,-0.17487872152271453,1,-1.3177254971731744,0
2024-04-18,-0.07366814346184389,2,-0.5407470517890696,0
2024-04-19,-0.17340783107449265,1,-1.3064336915567454,0
2024-04-22,-0.054624337141897406,2,-0.3945506036295805,0
2024-04-23,0.022918880986788515,2,0.2007370651699334,0
2024-04-24,-0.027331719868430693,2,-0.18502926953693427,0
2024-04-25,0.10332734587366849,2,0.8180208040885661,0
2024-04-26,0.020434570115153122,2,0.1816653827837979,0
2024-04-29,-0.10871416798345351,2,-0.8097901317852794,0
2024-04-30,0.023267169103020624,2,0.20341082086109277,0
2024-05-01,0.11197671184800984,2,0.8844206909092907,0
2024-05-02,-0.10249364183500947,2,-0.7620360844426943,0
2024-05-03,0.11027477138649949,2,0.8713551489545228,0
2024-05-06,0.017262438367321276,2,0.15731340257376858,0
2024-05-07,0.0605439533837355,2,0.4895791093371178,0
2024-05-08,-0.06737957530553894,2,-0.4924706561455313,0
2024-05-09,-0.022368888231952433,2,-0.14693035454709175,0
2024-05-10,0.047004805295303834,2,0.3856410977663506,0
2024-05-13,-0.1224627109600686,2,-0.9153356365431152,0
2024-05-14,0.013376991172947467,2,0.1274854065426527,0
2024-05-15,0.09163157816002865,2,0.72823414749767,0
2024-05-16,-0.03379510279164241,2,-0.23464769195695942,0
2024-05-17,0.0209552885971718,2,0.1856628605612523,0
2024-05-20,0.03766656729247063,2,0.3139528435830339,0
2024-05-21,-0.04343600157993549,2,-0.3086594276485421,0
2024-05-22,0.015765411468249724,2,0.14582095133967674,0
2024-05-23,0.08227708899177266,2,0.6564211355519949,0
2024-05-24,-0.05763565064739701,2,-0.4176680062854577,0
2024-05-28,-0.098670691315144,2,-0.732687866019132,0
2024-05-29,-0.040814793509298786,2,-0.2885368059742869,0
2024-05-30,-0.24074588000503833,1,-1.8233778052618113,0
2024-05-31,-0.2026291044463287,1,-1.5307610295839835,0
2024-06-03,-0.08796004000711274,2,-0.6504638004934878,0
2024-06-04,0.05417425911556248,2,0.4406799206862972,0
2024-06-05,0.11270536153801486,2,0.8900144254202152,0
2024-06-06,-0.04969978811050452,2,-0.356745578463849,0
2024-06-07,-0.026751336466703662,2,-0.18057375310929963,0
2024-06-10,0.028397545246267065,2,0.24279594992949827,0
2024-06-11,0.11841676734933351,2,0.9338600322061699,0
2024-06-12,0.09948571347507418,2,0.7885291676807409,0
2024-06-13,-0.0500479455960317,2,-0.3594183313226565,0
2024-06-14,0.1591798211692506,3,1.246791889655491,0
2024-06-17,0.013254159724383596,2,0.12654244791344663,0
2024-06-18,-0.03915411527645079,2,-0.27578802796745217,0
2024-06-20,-0.03421103462376551,2,-0.23784073832128716,0
2024-06-21,0.034196296205949245,2,0.28731209233423505,0
2024-06-24,-0.17607074552136787,1,-1.326876486833338,0
2024-06-25,-0.03370714842389494,2,-0.23397247945223415,0
2024-06-26,-0.026205552736228224,2,-0.1763838531744756,0
2024-06-27,0.07508668901589957,2,0.6012215121333465,0
2024-06-28,0.07486905591146675,2,0.599550775394301,0
2024-07-01,-0.03564328719731097,2,-0.24883592676217767,0
2024-07-02,0.04421533862941482,2,0.36422678006321757,0
2024-07-03,0.04457742452399655,2,0.3670064592317174,0
2024-07-05,0.10189756669218397,2,0.8070446035079878,0
2024-07-08,-0.06717599522470713,2,-0.49090780236338283,0
2024-07-09,-0.14881835789015244,2,-1.1176639896774392,0
2024-07-10,-0.019218362611105044,2,-0.12274424133710128,0
2024-07-11,0.055066596059546724,2,0.4475302577239801,0
2024-07-12,0.06182439757030156,2,0.49940888753363066,0
2024-07-15,0.07094811335943978,2,0.5694502868200527,0
2024-07-16,-0.053981673707663935,2,-0.3896169727225856,0
2024-07-17,-0.22525029609369285,1,-1.7044205289728136,0
2024-07-18,-0.03410934971937518,2,-0.23706011854373074,0
2024-07-19,-0.054694281380935905,2,-0.39508755507431015,0
2024-07-22,0.12554486901421802,2,0.9885814008242888,0
2024-07-23,0.03676523322240413,2,0.3070334369562798,0
2024-07-24,-0.14090343274985173,2,-1.0569022951128275,0
2024-07-25,0.09513179391672204,2,0.7551047794933586,0
2024-07-26,-0.00913136237560841,2,-0.04530785166593794,0
2024-07-29,0.028919272837239482,2,0.24680117448521557,0
2024-07-30,0.009546111223622734,2,0.09807631507704208,0
2024-07-31,0.049039080954076275,2,0.40125792724325693,0
2024-08-01,0.06912538746142016,2,0.5554574931641082,0
2024-08-02,0.16286666061329524,3,1.2750952037408207,0
2024-08-05,0.06349110649238454,2,0.5122039622382629,0
2024-08-06,-0.004893012253219364,2,-0.01277067272495006,0
2024-08-07,-0.0073741794989690135,2,-0.0318182219661083,0
2024-08-08,0.008732186773332873,2,0.09182793900645007,0
2024-08-09,-0.007275995521355494,2,-0.03106447827894252,0
2024-08-12,0.02384673826120609,2,0.2078600864630409,0
2024-08-13,-0.05911654055064253,2,-0.4290365762200816,0
2024-08-14,0.0555252436629115,2,0.45105122666486674,0
2024-08-15,-0.1206379752170671,2,-0.9013274136083403,0
2024-08-16,-0.04398527301766912,2,-0.31287610218949274,0
2024-08-19,-0.04451757340057466,2,-0.3169624924849673,0
2024-08-20,0.05337834145814946,2,0.43456978006701724,0
2024-08-21,0.012864184287036895,2,0.1235486649032815,0
2024-08-22,-0.052412407149699525,2,-0.37756994844941977,0
2024-08-23,-0.1430360992556301,2,-1.073274456382234,0
2024-08-26,-0.020973311204618483,2,-0.13621671878009162,0
2024-08-27,0.04206104012621091,2,0.3476885531902717,0
2024-08-28,0.0022114681965401117,2,0.04176935936335593,0
2024-08-29,0.03236821732903608,2,0.27327820466125624,0
2024-08-30,-0.045079914830229106,2,-0.3212795033958743,0
2024-09-03,-0.1163691130567912,2,-0.8685559983235134,0
2024-09-04,0.056660899647177174,2,0.45976948752308666,0
2024-09-05,-0.04548805035443507,2,-0.3244126986722895,0
2024-09-06,0.027720891436534667,2,0.23760138000190714,0
2024-09-09,0.0422444316232366,2,0.34909642223899884,0
2024-09-10,0.1522078469145085,3,1.1932690877755379,0
2024-09-11,-0.014874402766993533,2,-0.08939631238387635,0
2024-09-12,-0.044198572923945245,2,-0.3145135736154471,0
2024-09-13,-0.13195412641758952,2,-0.988199811098506,0
2024-09-16,-0.020174263748326954,2,-0.13008255116369755,0
2024-09-17,-0.04324332396934006,2,-0.30718027049709573,0
2024-09-18,-0.0575432726020934,2,-0.41695883387084653,0
2024-09-19,0.0907567926564411,2,0.7215185502385255,0
2024-09-20,-0.12413572100667397,2,-0.9281790840367324,0
2024-09-23,0.002011915252368851,2,0.040237421306043804,0
2024-09-24,-0.020897099913281897,2,-0.13563165611373867,0
2024-09-25,-0.01733383693615692,2,-0.10827702005192104,0
2024-09-26,-0.12674650307385504,2,-0.9482216668443817,0
2024-09-27,-0.09237152788632835,2,-0.6843301320558103,0
2024-09-30,0.09697029710537189,2,0.7692186930458705,0
2024-10-01,0.0034682126432284965,2,0.05141719820729354,0
2024-10-02,0.12009003115382018,2,0.9467054277610262,0
2024-10-03,0.023065236625912533,2,0.2018606154859032,0
2024-10-04,-0.13844672613112033,2,-1.0380425264408342,0
2024-10-07,-0.041565918601558616,2,-0.2943030807812743,0
2024-10-08,0.18613081709024995,3,1.4536906478036498,0
2024-10-09,-0.04337277729710126,2,-0.30817406430087385,0
2024-10-10,-0.020235454093291028,2,-0.13055230027504153,0
2024-10-11,-0.004946840034622202,2,-0.013183900538822428,0
2024-10-14,0.013681293649435322,2,0.12982149106699825,0
2024-10-15,-0.07593009173578677,2,-0.5581116898249319,0
2024-10-16,-0.204075573519036,1,-1.5418653559591613,0
2024-10-17,-0.010245686538119692,2,-0.05386235132427644,0
2024-10-18,0.045741655765847405,2,0.37594408806155016,0
2024-10-21,0.0790013503469692,2,0.6312737807152969,0
2024-10-22,-0.14708700750115775,2,-1.1043726721152847,0
2024-10-23,-0.08702207430892261,2,-0.6432631783454247,0
2024-10-24,-0.05341743201223549,2,-0.385285373756011,0
2024-10-25,0.05466162241291769,2,0.4444213357080411,0
2024-10-28,-0.11398964870707523,2,-0.8502892069790621,0
2024-10-29,0.09321300426101037,2,0.7403745187609546,0
2024-10-30,0.02401885378267818,2,0.2091813915367006,0
2024-10-31,-0.12126257580562882,2,-0.906122378755114,0
2024-11-01,0.07942694260358996,2,0.6345409887112619,0
2024-11-04,0.0730860388327866,2,0.5858628203956345,0
2024-11-05,0.012324556405470921,2,0.11940602249832573,0
2024-11-06,-0.05363025584268333,2,-0.3869191904191527,0
2024-11-07,0.04891959300311116,2,0.40034063614422605,0
2024-11-08,0.07057626688851311,2,0.5665956771691879,0
2024-11-11,-0.04285409692686777,2,-0.30419223280226415,0
2024-11-12,0.08576724722586565,2,0.683214557453401,0
2024-11-13,0.014360389555405834,2,0.13503480860155812,0
2024-11-14,-0.1235755478473011,2,-0.9238787186119477,0
2024-11-15,-0.2092205386548061,1,-1.5813624825375894,0
2024-11-18,-0.07718079752011817,2,-0.5677131707626089,0
2024-11-19,-0.011353134693668526,2,-0.062364064907261055,0
2024-11-20,0.019860595968705107,2,0.1772590692487677,0
2024-11-21,-0.014108441562912022,2,-0.08351614296903653,0
2024-11-22,0.03537310857974113,2,0.29634630462919576,0
2024-11-25,-0.015444072360380368,2,-0.09376958050992236,0
2024-11-26,0.043720024677179614,2,0.3604243290550501,0
2024-11-27,-0.04423384398505138,2,-0.3147843442675899,0
2024-11-29,-0.025602967364892287,2,-0.1717578955522376,0
2024-12-02,0.005597844847112468,2,0.06776606559562647,0
2024-12-03,0.09080559426622184,2,0.7218931928858274,0
2024-12-04,0.1368419521793398,2,1.0753074158632723,0
2024-12-05,-0.13470613075538868,2,-1.0093265361211365,0
2024-12-06,0.018970150682781017,2,0.17042325418662266,0
2024-12-09,0.012052228980950597,2,0.11731540565774211,0
2024-12-10,0.01870553283790738,2,0.16839182263401206,0
2024-12-11,0.04467797749981227,2,0.367778389363181,0
2024-12-12,-0.038935887856867316,2,-0.2741127287600296,0
2024-12-13,-0.07824738643626675,2,-0.5759012140858535,0
2024-12-16,0.08390800230105822,2,0.6689414126997335,0
2024-12-17,-0.06120865603002168,2,-0.44509743333478363,0
2024-12-18,-0.04561224028457933,2,-0.3253660861610737,0
2024-12-19,-0.06511542911797849,2,-0.47508914505609723,0
2024-12-20,-0.07514760272685594,2,-0.5521046389282996,0
2024-12-23,-0.0446077366907411,2,-0.3176546625561836,0
2024-12-24,0.02438766876643811,2,0.2120127289147344,0
2024-12-26,-0.032587094884978726,2,-0.22537399622955473,0
2024-12-27,-0.021810971982805794,2,-0.14264731508400544,0
2024-12-30,-0.021245921507579535,2,-0.1383095072360866,0
2024-12-31,-0.09947583364588251,2,-0.7388688230735805,0
2025-01-02,-0.006852049859306264,2,-0.027809910942826352,0
2025-01-03,0.056444844326211496,2,0.45811086319135014,0
2025-01-06,0.015752201159001042,2,0.14571953777461527,0
2025-01-07,-0.018222003644113194,2,-0.11509534281236163,0
2025-01-08,0.11233585430705675,2,0.8871777737641467,0
2025-01-10,-0.042398476182362255,2,-0.3006945006033854,0
2025-01-13,-0.04533988607751105,2,-0.32327526371488174,0
2025-01-14,-0.047918407462496426,2,-0.3430701860982978,0
2025-01-15,0.019003026507228293,2,0.1706756369657666,0
2025-01-16,0.08875900426613757,2,0.7061818280554857,0
2025-01-17,-0.11287391782577194,2,-0.8417239081512984,0
2025-01-21,-0.0049531402685843995,2,-0.013232266491110145,0
2025-01-22,0.18889524736231902,3,1.4749127648621374,0
2025-01-23,-0.08484412819287337,2,-0.6265434122913217,0
2025-01-24,-0.019119913062573515,2,-0.1219884589017832,0
2025-01-27,-0.09365972179852505,2,-0.6942194037350008,0
2025-01-28,0.10363333802776759,2,0.820369860014802,0
2025-01-29,-0.1673254958392628,1,-1.2597405151524805,0
2025-01-30,0.04803990645898826,2,0.39358741433111816,0
2025-01-31,0.005704564326822037,2,0.06858533505367731,0
2025-02-03,0.034056207949488715,2,0.2862366557760542,0
2025-02-04,-0.032673931200225236,2,-0.2260406256127259,0
2025-02-05,0.021923542511487204,2,0.19309600080702183,0
2025-02-06,0.06858363081758612,2,0.551298508570131,0
2025-02-07,-0.034591315345685436,2,-0.24076009645348934,0
2025-02-10,0.08008857889696146,2,0.6396202714155294,0
2025-02-11,-0.08365602628540307,2,-0.6174225319376004,0
2025-02-12,-0.1196467551660019,2,-0.893717965771307,0
2025-02-13,-0.1470881124315298,2,-1.1043811545002211,0
2025-02-14,-0.09005814623572095,2,-0.6665706476925453,0
2025-02-18,-0.12148859287980146,2,-0.9078574779738469,0
2025-02-19,-0.07762717394133985,2,-0.5711399356765327,0
2025-02-20,0.04131586629865147,2,0.34196796535082824,0
2025-02-21,-0.10356019751672563,2,-0.77022387263018,0
2025-02-24,-0.12297917652585855,2,-0.9193004653198125,0
2025-02-25,0.10013559707498776,2,0.7935182267180066,0
2025-02-26,0.029660237131075365,2,0.25248944636489484,0
2025-02-27,-0.027950108413658525,2,-0.1897765457576618,0
2025-02-28,0.012347563007481466,2,0.11958264073533424,0
2025-03-03,-0.0009525932945430027,2,0.017479333305378854,0
2025-03-04,0.1600709765054219,3,1.253633155667011,0
2025-03-05,0.06584391504022313,2,0.5302661209850157,0
2025-03-06,0.06620342197148099,2,0.5330260018384335,0
2025-03-07,-0.10485453521141924,2,-0.7801603092071973,0
2025-03-10,-0.06973433913178773,2,-0.5105478252717183,0
2025-03-11,0.02722833279614767,2,0.23382008111002425,0
2025-03-12,0.03668020295561125,2,0.3063806723365225,0
2025-03-13,-0.0986825309135414,2,-0.7327787568423348,0
2025-03-14,-0.022137091374174633,2,-0.14515088479549326,0
2025-03-17,-0.05357082383206946,2,-0.3864629397771986,0
2025-03-18,-0.002687339302016589,2,0.0041619480888605564,0
2025-03-19,-0.04822023212396798,2,-0.34538724880796545,0
2025-03-20,-0.04622855510390095,2,-0.3300974426986848,0
2025-03-21,0.08193191246318153,2,0.6537712670530074,0
2025-03-24,0.013402984446281185,2,0.12768495300797503,0
2025-03-25,0.11223719414679678,2,0.8864203744941412,0
2025-03-26,-0.09600191594576604,2,-0.7122000773185125,0
2025-03-27,0.07286047000435913,2,0.5841311622923355,0
2025-03-28,-0.07328394143722394,2,-0.537797590403491,0
2025-03-31,-0.037200453162508085,2,-0.2607900565974626,0
2025-04-01,0.06395471342185519,2,0.5157630031827061,0
2025-04-02,-0.0009390152798319784,2,0.017583569690188643,0
2025-04-03,0.31441962566554693,3,2.438544612248597,0
2025-04-04,-0.03724020209983725,2,-0.26109520323453755,0
2025-04-07,-0.024196288916058295,2,-0.16095903583548915,0
2025-04-08,0.040038073209140546,2,0.33215853922924593,0
2025-04-09,-0.12289744901298594,2,-0.9186730554471144,0
2025-04-10,0.19507829807128374,3,1.5223791188700473,0
2025-04-11,0.09836536146880259,2,0.7799283931688877,0
2025-04-14,0.011118581814368367,2,0.11014793622987216,0
2025-04-15,-0.05671445324498531,2,-0.41059611183202177,0
2025-04-16,-0.0467932531395594,2,-0.3344325449208407,0
2025-04-17,-0.20851713370675407,1,-1.575962548128715,0
2025-04-21,-0.14198691260829188,2,-1.0652200076696072,0
2025-04-22,0.035330345533094665,2,0.29601801912643655,0
2025-04-23,-0.08124047234564075,2,-0.5988786862169564,0
2025-04-24,0.10418337853839188,2,0.8245924386131193,0
2025-04-25,0.07068835176494084,2,0.5674561359740522,0
2025-04-28,-0.07752715624641625,2,-0.5703721148162871,0
2025-04-29,0.1046482488357123,2,0.8281611782432796,0
2025-04-30,0.10791574700329995,2,0.8532452721709003,0
2025-05-01,-0.04537651509117961,2,-0.323556459165411,0
2025-05-02,-0.06589903771530858,2,-0.4811047908651447,0
2025-05-05,0.07386442221816819,2,0.5918383530353442,0
2025-05-06,-0.0628162214731035,2,-0.45743847241142754,0
2025-05-07,0.03487178398464652,2,0.292497710816253,0
2025-05-08,0.016734586725429046,2,0.1532611645965859,0
2025-05-09,-0.017286203600920882,2,-0.10791134607327922,0
2025-05-12,-0.05248023796813506,2,-0.37809067548079267,0
2025-05-13,-0.0023659859909881883,2,0.0066289293155828745,0
2025-05-14,-0.02036067790213536,2,-0.13151362469572045,0
2025-05-15,-0.00586583058628426,2,-0.020238853329662403,0
2025-05-16,-0.0185816274311274,2,-0.11785612074991468,0
2025-05-19,0.0564361513715824,2,0.4580441286809569,0
2025-05-20,-0.03852821223589176,2,-0.27098306409181594,0
2025-05-21,0.07736738510377283,2,0.6187300743281362,0
2025-05-22,0.04589576415018855,2,0.3771271550411106,0
2025-05-23,-0.04925309149320917,2,-0.3533163554526363,0
2025-05-27,-0.1365711231011879,2,-1.023643802964735,0
2025-05-28,-0.009774431459798616,2,-0.05024459668688015,0
2025-05-29,-0.054559613214964164,2,-0.3940537277388263,0
2025-05-30,0.07616422639929427,2,0.6094936051994462,0
2025-06-02,-0.03212109404932499,2,-0.22179657762597582,0
2025-06-03,-0.020665332879156117,2,-0.13385241531384887,0
2025-06-04,0.0735978096229718,2,0.58979160808334,0
2025-06-05,-0.022462023512628257,2,-0.14764534014421374,0
2025-06-06,-0.08408518842734455,2,-0.6207171454083669,0
2025-06-09,-0.12237168368442822,2,-0.9146368337848495,0
2025-06-10,-0.09477426225769842,2,-0.7027755638704106,0
2025-06-11,-0.019095987190861696,2,-0.1218047835689941,0
2025-06-12,0.0624938330949467,2,0.5045480437679806,0
2025-06-13,0.02719009121060456,2,0.23352650618679402,0
2025-06-16,-0.10945589808415424,2,-0.8154842826495343,0
2025-06-17,-0.024277892324133465,2,-0.16158549297424948,0
2025-06-18,-0.12112914299769671,2,-0.905098035078231,0
2025-06-20,-0.04890267896462212,2,-0.350626290966087,0
2025-06-23,0.07747289384674749,2,0.6195400491416541,0
2025-06-24,0.03658158038150827,2,0.3056235616098134,0
2025-06-25,0.027803890017575994,2,0.23823854767451735,0
2025-06-26,-0.1548459443817061,2,-1.163936868178429,0
2025-06-27,-0.11810424186176205,2,-0.8818763222190711,0
2025-06-30,0.02570266442213548,2,0.22210775356360168,0
2025-07-01,-0.09656733606627077,2,-0.7165407228778575,0
2025-07-02,-0.14075641198435093,2,-1.0557736387213061,0
2025-07-03,0.024119954032138846,2,0.2099575230059493,0
2025-07-07,-0.0018492900867101425,2,0.010595526366346095,0
2025-07-08,-0.08055277484758949,2,-0.5935993355486,0
2025-07-09,0.057919167879110084,2,0.46942902423806776,0
2025-07-10,-0.22427457588502622,1,-1.6969300711038375,0
2025-07-11,-0.07957201434506639,2,-0.5860701840987759,0
2025-07-14,0.01304753843722508,2,0.12495624724593207,0
2025-07-15,-0.025452894848293606,2,-0.1706058113247214,0
2025-07-16,0.009395111210294627,2,0.09691711059608268,0
2025-07-17,0.0520238663539469,2,0.4241716776064045,0
2025-07-18,-0.025974885381893804,2,-0.1746130544516007,0
2025-07-21,-0.07738390729664327,2,-0.5692724140890512,0
2025-07-22,-0.03350020901689921,2,-0.23238383662638695,0
2025-07-23,-0.06516144525911902,2,-0.47544240407794014,0
2025-07-24,0.2762353473660158,3,2.14540962814209,0
2025-07-25,0.03460478969724706,2,0.2904480356703873,0
2025-07-28,-0.01210354975486383,2,-0.06812488891213611,0
2025-07-29,-0.1082973348604167,2,-0.8065901663456299,0
2025-07-30,-0.0519658630827905,2,-0.37414189654466923,0
2025-07-31,0.10298264822588082,2,0.8153746118857655,0
2025-08-01,0.024643482181780862,2,0.21397657018083086,0
2025-08-04,0.08036383848921103,2,0.6417333980685014,0
2025-08-05,-0.12751904907002728,2,-0.9541523867216322,0
2025-08-06,0.08134518576471192,2,0.6492670540865713,0
2025-08-07,-0.10420819050984179,2,-0.7751984177622944,0
2025-08-08,-0.04209143115113177,2,-0.29833736189714366,0
2025-08-11,-0.022256434415717702,2,-0.14606706344660003,0
2025-08-12,-0.18974880363319824,1,-1.431880889843582,0
2025-08-13,-0.040864649061567504,2,-0.2889195395801776,0
2025-08-14,-0.00044334097275050555,2,0.021388787088526,0
2025-08-15,0.02092576551182712,2,0.1854362162579241,0
2025-08-18,-0.011619818823084443,2,-0.06441135901675198,0
2025-08-19,-0.023826087691793507,2,-0.15811705649677266,0
2025-08-20,-0.037854473771024966,2,-0.26581087483000937,0
2025-08-21,-0.10103347192309226,2,-0.7508265787774292,0
2025-08-22,-0.12333977779479888,2,-0.9220687472396755,0
2025-08-25,-0.08681721532670195,2,-0.6416905066289065,0
2025-08-26,-0.09785559378342086,2,-0.7264304843781164,0
2025-08-27,-0.0928072055880298,2,-0.6876747645027559,0
2025-08-28,0.021954980958748357,2,0.19333734905684183,0
2025-08-29,-0.05169972241334278,2,-0.37209877449593826,0
2025-09-02,-0.054945392411991534,2,-0.3970152968407,0
2025-09-03,-0.014176516307894405,2,-0.08403874258796687,0
2025-09-04,0.0056555327532822885,2,0.06820892700904843,0
2025-09-05,-0.07544480366674622,2,-0.5543862060200689,0
2025-09-08,0.09640274831868081,2,0.7648617060351091,0
2025-09-09,-0.1298319206543432,2,-0.9719079553823909,0
2025-09-10,-0.231712141058088,1,-1.754027144713406,0
2025-09-11,0.1005861298494447,2,0.796976899333053,0
2025-09-12,-0.1380724069660445,2,-1.0351689342874213,0
2025-09-15,-0.05971989629013068,2,-0.43366844784321507,0
2025-09-16,0.01771980734353161,2,0.16082455568554213,0
2025-09-17,-0.006972274171821516,2,-0.028732854979163076,0
2025-09-18,-0.11590030804499624,2,-0.8649570524797927,0
2025-09-19,-0.05089439985350863,2,-0.3659164338497228,0
2025-09-22,0.06672049238936349,2,0.5369954739740321,0
2025-09-23,-0.23231658126421922,1,-1.758667341624494,0
2025-09-24,-0.056268337730299184,2,-0.4071713498584849,0
2025-09-25,0.06174688076088153,2,0.4988138026005312,0
2025-09-26,-0.007311474957920339,2,-0.03133684859826505,0
2025-09-29,0.017802666472019585,2,0.16146065280179167,0
2025-09-30,-0.014704470045907072,2,-0.08809176434177109,0
2025-10-01,-0.13992476208642918,2,-1.049389187044699,0
2025-10-02,0.059765369775660354,2,0.48360203961778525,0
2025-10-03,0.0781636161571401,2,0.6248426208412069,0
2025-10-06,0.00565552347573095,2,0.06820885578667668,0
2025-10-07,0.0071258384377631545,2,0.07949624348184131,0
2025-10-08,0.12902256555717387,2,1.015279156189725,0
2025-10-09,-0.030807511437268564,2,-0.21171240070145156,0
2025-10-10,0.030110012913009188,2,0.25594230766174647,0
2025-10-13,-0.08560827289756068,2,-0.6324096367124425,0
2025-10-14,-0.10258362630704398,2,-0.7627268817539006,0
2025-10-15,-0.17916495034269164,1,-1.3506302337028229,0
2025-10-16,-0.0034082477084674823,2,-0.0013723577479430869,0
2025-10-17,-0.033593479412217575,2,-0.23309985947837816,0
2025-10-20,-0.006038063053562526,2,-0.02156105617875642,0
2025-10-21,0.05443709521347939,2,0.4426976740344451,0
2025-10-22,-0.1361807971620872,2,-1.0206473292051133,0
2025-10-23,0.10563120088973668,2,0.835707153905662,0
2025-10-24,-0.12329913813242524,2,-0.9217567626398739,0
2025-10-27,-0.03904763494908331,2,-0.27497059444610406,0
2025-10-28,0.05864765260781768,2,0.4750214923658248,0
2025-10-29,-0.2494979532160564,1,-1.8905661601518988,0
2025-10-30,0.06313095544329156,2,0.5094391365887204,0
2025-10-31,-0.015476801707244053,2,-0.09402083880260091,0
2025-11-03,-0.03318007991618421,2,-0.2299262534788413,0
2025-11-04,0.10512412784055436,2,0.8318144300718656,0
2025-11-05,-0.20443321912033946,1,-1.5446109476613656,0
2025-11-06,-0.13491154303060304,2,-1.0109034553850784,0
2025-11-07,-0.12649480445334105,2,-0.9462894142417468,0
2025-11-10,0.019206703418851417,2,0.17223923410339378,0
2025-11-11,-0.038605211937848785,2,-0.27157417926839,0
2025-11-12,-0.02802295762317314,2,-0.19033579822554203,0
2025-11-13,-0.009687320556270418,2,-0.04957585933060661,0
2025-11-14,0.011511635695663436,2,0.11316535199304624,0
2025-11-17,0.016312568757145596,2,0.1500213958767212,0
2025-11-18,-0.11496217057867639,2,-0.8577551116935304,0
2025-11-19,0.09138567800326257,2,0.7263464088325582,0
2025-11-20,0.09691817865189306,2,0.7688185874863958,0
2025-11-21,-0.09083069610673666,2,-0.6725013973163886,0
2025-11-24,-0.11247699717353918,2,-0.8386768077669178,0
2025-11-25,0.04742363313200881,2,0.388856376324002,0
2025-11-26,-0.1126082060374145,2,-0.8396840785584466,0
2025-11-28,-0.026294229712861106,2,-0.17706461303935989,0
2025-12-01,-0.007354480801565061,2,-0.031666998017206335,0
2025-12-02,0.02652775370253153,2,0.22844184036231213,0
2025-12-03,0.10892991065437785,2,0.8610308545880431,0
2025-12-04,0.06260287884461485,2,0.5053851716520041,0
2025-12-05,-0.07546767174612756,2,-0.5545617608396053,0
2025-12-08,-0.08347514319866853,2,-0.6160339195788926,0
2025-12-09,-0.10467915563586427,2,-0.7788139464793323,0
2025-12-10,-0.13018718868362944,2,-0.9746352948204038,0
2025-12-11,0.039719105895513473,2,0.32970987494712656,0
2025-12-12,-0.01804051259174555,2,-0.11370206319256806,0
2025-12-15,-0.1599055858178854,2,-1.202778977497469,0
2025-12-16,0.05748283229686425,2,0.4660793413407402,0
2025-12-17,-0.022060841411158855,2,-0.1445655252524526,0
2025-12-18,-0.03315391413457104,2,-0.22972538269330112,0
2025-12-19,0.072951661176046,2,0.5848312232559969,0
2025-12-22,0.034667569520871466,2,0.2909299869712863,0
2025-12-23,0.02879818404423748,2,0.24587159396169014,0
2025-12-24,-0.0793999411907946,2,-0.5847492042717659,0
2025-12-26,0.019237978738109472,2,0.17247933004397226,0
2025-12-29,0.016286725876378555,2,0.1498230039526029,0
2025-12-30,-0.058917391217675835,2,-0.42750773662552183,0
2025-12-31,-0.07672576458933744,2,-0.5642199511216347,0
