,spread,regime,z_score,signal
0,-0.16489241239199326,1,-0.4158607921456148,0
1,0.3106885718864051,1,0.7843561758489233,0
2,-0.12140116092396824,1,-0.30610253919434777,0
3,0.08618295275295465,1,0.21777453696583657,0
4,0.23772256150931265,1,0.600212892924502,0
5,-0.2277517507772685,1,-0.5744980106655911,0
6,-0.05115702884061457,1,-0.1288284218189193,0
7,-0.10237403667575841,1,-0.2580840562655318,0
8,0.17322108039809592,1,0.4374314221558065,0
9,0.042332359752733695,1,0.10710941889904957,0
10,0.257849113677243,1,0.6510059864621454,0
11,-0.02704230437156313,1,-0.06797043455060192,0
12,-0.14273217324275367,1,-0.35993531168913667,0
13,0.21140452873020363,1,0.5337944478017417,0
14,0.09533429953522898,1,0.24086966072221078,0
15,0.22424659771939215,1,0.5662037947153219,0
16,-0.04460598354310431,1,-0.11229564194736343,0
17,0.1709912144056325,1,0.4318039410558854,0
18,0.14189063367881055,1,0.3583632192410267,0
19,-0.15736964530167097,1,-0.39687569180192594,0
20,-0.007110572210559829,1,-0.01766900549439985,0
21,0.27086489206692604,1,0.6838537213198735,0
22,-0.016871335978522528,1,-0.04230210623258521,0
23,0.019936742291430047,1,0.05058991754313232,0
24,0.10236584784063357,1,0.25861507920277715,0
25,-0.06645571711044124,1,-0.16743750388170475,0
26,-0.034513109697157485,1,-0.08682439972746313,0
27,0.1091161125316993,1,0.2756506262252561,0
28,0.10452549792916949,1,0.2640653574243184,0
29,0.17323438695363882,1,0.4374650037208314,0
30,-0.30274484096275667,1,-0.7637570060805092,0
31,-0.13561028017080617,1,-0.34196189140580935,0
32,0.16007486334205331,1,0.40425450109042355,0
33,-0.07662289461166093,1,-0.19309626517993367,0
34,0.29207679135460735,1,0.7373858899516688,0
35,-0.06770683646645198,1,-0.17059493601147946,0
36,0.1675706756910157,1,0.42317157613659734,0
37,0.33339098529865857,1,0.8416499337840868,0
38,-0.2820435892885871,1,-0.7115135515703113,0
39,0.1180279658919213,1,0.29814134383762436,0
40,-0.06416644247792716,1,-0.1616600940415871,0
41,0.2624982919396946,1,0.6627390515389427,0
42,-0.2178278556256284,1,-0.5494532175738961,0
43,0.08429805970009116,1,0.21301765916860008,0
44,0.1556844107366558,1,0.3931743782756534,0
45,-0.05479513741918812,1,-0.13800986471036672,0
46,0.47163642004414896,1,1.1905379718141973,-1
47,-0.3550052119070968,1,-0.8956457611707845,0
48,0.26494069263903186,1,0.6689029034566853,0
49,0.30480554097568335,1,0.7695092543871702,0
50,-0.05837389288703487,1,-0.1470415190001827,0
51,0.06579717722678918,1,0.16632724512477184,0
52,-0.14996691346619417,1,-0.3781935227241742,0
53,0.020041657509119834,1,0.05085469058628329,0
54,-0.27321641776061706,1,-0.6892365442939522,0
55,-0.07777939929405037,1,-0.19601491960316517,0
56,0.2044546925953279,1,0.5162552451641178,0
57,0.1296534354501107,1,0.3274803760653615,0
58,0.05751134243799533,1,0.14541640168009726,0
59,-0.046332211718441874,1,-0.11665209944915782,0
60,0.350729344200861,1,0.8854065036208252,0
61,-0.14562793317089562,1,-0.3672432998465439,0
62,0.2336502637107576,1,0.5899356928720889,0
63,0.2707071110934828,1,0.6834555317205971,0
64,-0.17040358017298346,1,-0.42976924791418514,0
65,-0.06286893388839512,1,-0.15838559006275812,0
66,0.03171130432366848,1,0.08030521232776174,0
67,0.0782143223604406,1,0.19766421774589554,0
68,0.14037334847064065,1,0.35453406813462623,0
69,-0.2286233333142298,1,-0.5766976111215596,0
70,-0.07841515396666088,1,-0.1976193646309804,0
71,-0.022099665794530904,1,-0.055496767850451,0
72,-0.07350940461491173,1,-0.18523879474416843,0
73,0.08265434251963577,1,0.2088694334914106,0
74,0.1859402988316068,1,0.4695307328687686,0
75,0.20899140177384562,1,0.5277044736129284,0
76,0.29104000931562013,1,0.7347693778613199,0
77,0.1655400387114857,1,0.41804688646388666,0
78,-0.20721345330490326,1,-0.5226658013575292,0
79,-0.3493189191922442,1,-0.8812953450966325,0
80,-0.04812740094376494,1,-0.12118259297228076,0
81,0.31533542497959943,1,0.7960833729291263,0
82,-0.269796858160827,1,-0.6806066503528309,0
83,0.19723245240153214,1,0.4980285802761636,0
84,-0.29260477451044975,1,-0.7381666645509442,0
85,-0.0028613712404709085,1,-0.006945357423277373,0
86,0.15427745721653696,1,0.38962366968164086,0
87,-0.45131805254651625,0,-1.1387091076722853,0
88,-0.19093393666985026,1,-0.48158141669529014,0
89,-1.0446855166908589,0,-2.6361821401622403,0
90,-0.8741791801073877,0,-2.2058777228639364,0
91,0.18942036408258536,1,0.4783133240614972,0
92,-0.4824917635673405,0,-1.217381758933399,0
93,0.030809373346643548,1,0.07802902194511278,0
94,0.44813640476502903,1,1.1312313173882926,-1
95,0.19315520267236808,1,0.48773888310688146,0
96,0.11847389828042176,1,0.2992667370660115,0
97,-0.08559318327188814,1,-0.2157344551280651,0
98,-0.091609768950047,1,-0.23091842685745617,0
99,-0.0960511886552291,1,-0.24212717461727906,0
100,-0.23408264160892833,1,-0.5904751898419377,0
101,-0.09711929434555189,1,-0.24482273776112942,0
102,-0.11121631447533327,1,-0.28039918702475214,0
103,0.04477073991287037,1,0.11326312423917752,0
104,-0.8988912375210494,0,-2.2682431907914125,0
105,0.01922682025786758,1,0.04879829740102824,0
106,0.2530766815514285,1,0.6389618673628591,0
107,-0.012620376686348966,1,-0.03157402070901835,0
108,-0.041338617922782483,1,-0.10404983778826223,0
109,0.278177076521757,1,0.7023073772605336,0
110,-0.3166220597940575,1,-0.7987787459323924,0
111,-0.11332490740597045,1,-0.2857206130228585,0
112,0.07847295044956255,1,0.19831691377711966,0
113,0.3058342997192012,1,0.7721055182008218,0
114,-0.23227351980751937,1,-0.5859095348746465,0
115,-0.18341839894318748,1,-0.4626145609938784,0
116,-0.02456986526656247,1,-0.06173077513558647,0
117,-0.030293632192588876,1,-0.07617576434365239,0
118,-3.7256954168257694e-05,1,0.0001818196465106653,0
119,-0.1795009995833624,1,-0.4527282759288711,0
120,0.04710260626613759,1,0.1191480221993712,0
121,0.06524826910136816,1,0.16494197349327464,0
122,0.1788525491511469,1,0.45164347977707214,0
123,-0.09761774014718727,1,-0.2460806583435853,0
124,0.06248871402071399,1,0.1579777235728492,0
125,-0.037937627352969905,1,-0.09546680624407212,0
126,0.11627727095711393,1,0.2937231399228356,0
127,0.23343410635050682,1,0.5893901796154487,0
128,0.1349156236209919,1,0.3407604855320062,0
129,0.461677796519263,1,1.1654055352207258,-1
130,-0.06275038988792744,1,-0.1580864222542909,0
131,-0.038320616702197774,1,-0.09643335101920003,0
132,0.006076833789202041,1,0.015611863522604063,0
133,0.027514581217738976,1,0.06971400189626402,0
134,-0.003063147742869976,1,-0.007454577913430919,0
135,-0.15190133093335068,1,-0.3830753845816011,0
136,0.11890764606868472,1,0.3003613801920254,0
137,-0.02505354319780488,1,-0.06295142625350797,0
138,0.2421652715527109,1,0.6114248970925343,0
139,-0.05016855407272547,1,-0.12633382210178581,0
140,-0.14454699148727146,1,-0.3645153426889069,0
141,0.02531141549144028,1,0.06415390387842615,0
142,0.09738894031548459,1,0.2460549284455156,0
143,0.04759138099854732,1,0.12038153604193001,0
144,-0.09790026369310359,1,-0.2467936589993648,0
145,0.20219608350220095,1,0.5105552255097348,0
146,0.06943009116912488,1,0.1754955783866055,0
147,-0.16983507000859627,1,-0.4283345068956598,0
148,0.13109770503293477,1,0.33112525867624637,0
149,-0.024399074376741568,1,-0.06129975259532877,0
150,0.10981840098892431,1,0.2774229816192951,0
151,0.01023945458293457,1,0.026117010433692626,0
152,-0.09177245283041624,1,-0.23132898985322992,0
153,-0.2112302045995497,1,-0.5328028194878137,0
154,-0.05166076672266216,1,-0.13009969794946624,0
155,-0.09342593442568362,1,-0.23550185784524547,0
156,-0.23753720222274433,1,-0.5991934153444957,0
157,0.1193562674190971,1,0.3014935595153568,0
158,-0.0819785592912525,1,-0.2066122799825188,0
159,-0.012856747358531512,1,-0.03217054601357867,0
160,-0.001896236366646542,1,-0.004509660264937716,0
161,-0.1496753907578629,1,-0.37745781101016235,0
162,0.008013420875068733,1,0.02049920081592123,0
163,-0.2296886757660228,1,-0.5793862007196213,0
164,-0.40865443939250945,1,-1.0310395537663644,1
165,0.09974180400616,1,0.2519928170875766,0
166,-0.012296096301897284,1,-0.03075563891354508,0
167,0.0869582121499739,1,0.21973104808309987,0
168,0.17095991390015552,1,0.4317249484152581,0
169,0.16820466390072508,1,0.42477156316710535,0
170,0.011786032995737161,1,0.03002008838412035,0
171,-0.1492845367515782,1,-0.37647141831184344,0
172,0.01305897731390368,1,0.03323259986057025,0
173,0.09701173265671209,1,0.24510297484038318,0
174,-0.23291963385421316,1,-0.5875401237075414,0
175,0.21570021615404078,1,0.5446354130752229,0
176,-0.007444372355957428,1,-0.018511412175215996,0
177,0.24002773926654086,1,0.6060304372543427,0
178,0.028265534682370808,1,0.07160917247755412,0
179,0.08891213861632205,1,0.22466214452439884,0
180,0.0862744148500977,1,0.21800535855994635,0
181,0.1963282701339204,1,0.49574670834347057,0
182,0.09927370595170935,1,0.2508114846831926,0
183,-0.19564711588296096,1,-0.49347600006127096,0
184,0.22657359349221845,1,0.572076400860909,0
185,-0.1488894781309307,1,-0.37547441448804025,0
186,0.16125343444218374,1,0.40722884421835753,0
187,0.1097612887532659,1,0.27727884828221194,0
188,-0.14960418880294002,1,-0.37727811964890556,0
189,0.059078733911425096,1,0.14937200525570013,0
190,0.010663485744288936,1,0.027187131846532844,0
191,0.017288032505419146,1,0.04390540631674882,0
192,-0.02378473732858777,1,-0.059749358921829324,0
193,-0.04620872615490636,1,-0.1163404606882377,0
194,0.20061557797003304,1,0.5065665261705562,0
195,0.22847562297856994,1,0.5768765256316855,0
196,-0.12959742716506734,1,-0.3267873397687318,0
197,0.32295519745929263,1,0.8153132843947034,0
198,0.2314502652258256,1,0.5843835879762549,0
199,-0.09124522895102838,1,-0.22999844244513004,0
200,0.03373803763213501,1,0.08542005036131373,0
201,-0.3831406476381801,1,-0.9666507602827724,0
202,-0.0385133739687622,1,-0.09691980979211733,0
203,0.04695133589187728,1,0.11876626330668212,0
204,0.14667271904799772,1,0.3704317000933583,0
205,0.23194295606183052,1,0.585626984833776,0
206,0.2999961174239053,1,0.7573717805521408,0
207,-0.05599975165017758,1,-0.14104993251735642,0
208,-0.1875024267276003,1,-0.4729213638448183,0
209,-0.1479835353453944,1,-0.3731880995612929,0
210,0.05071892965207839,1,0.12827448610992323,0
211,0.07666118009565048,1,0.19374457469553477,0
212,0.3043028404368004,1,0.7682405961848184,0
213,0.10562498856081583,1,0.26684012629834153,0
214,-0.025867469707455043,1,-0.06500552101313116,0
215,0.2263311939853619,1,0.5714646606720026,0
216,-0.003226366400665981,1,-0.007866490519392857,0
217,0.26991589879115563,1,0.681458760483034,0
218,-0.05293476905610395,1,-0.133314879524023,0
219,0.036645212707155234,1,0.09275684676259185,0
220,-0.12394021189837318,1,-0.31251030603706065,0
221,0.05749868319330759,1,0.14538445372427375,0
222,-0.13319462790243486,1,-0.33586554412297404,0
223,0.11790379535483436,1,0.29782797641869174,0
224,-0.12890833326733808,1,-0.325048283296886,0
225,0.028373065375636154,1,0.07188054615922708,0
226,0.0394262737373456,1,0.09977537094208029,0
227,-0.15159098633884158,1,-0.3822921723410605,0
228,-0.25547083110582236,1,-0.6444522595681479,0
229,0.21076406969378098,1,0.5321781304378626,0
230,0.19652071911750427,1,0.4962323891070131,0
231,0.3206412190334843,1,0.8094735299426989,0
232,0.018491458468799578,1,0.046942475309668975,0
233,0.013336537193826298,1,0.03393307378305711,0
234,-0.9936813460392246,0,-2.507463639889434,0
235,-0.1595899615968156,1,-0.4024790724665056,0
236,0.110890646247646,1,0.28012899173305544,0
237,-0.14332933848074386,1,-0.3614423691094829,0
238,-0.15810260365556364,1,-0.39872544837810636,0
239,0.02354829840887543,1,0.059704350365965664,0
240,0.1629383865912653,1,0.4114811339995712,0
241,0.10237513067105097,1,0.258638506149914,0
242,0.48403503612897714,1,1.2218281829382605,-1
243,0.18647300552381288,1,0.4708751171736207,0
244,0.22944351914240377,1,0.5793191914183607,0
245,-0.29938861440924763,1,-0.755286944847789,0
246,-0.08585495313316988,1,-0.2163950800050177,0
247,0.043131992020509324,1,0.1091274394836961,0
248,-0.007520499286457261,1,-0.018703532627310764,0
249,-0.13444626542853316,1,-0.33902428395123113,0
250,-0.4233326974282365,1,-1.0680828648689147,1
251,0.3246712008329302,1,0.8196439377098285,0
252,0.04511858168955585,1,0.1141409675852245,0
253,0.04482307489561871,1,0.11339520129101667,0
254,0.22100276755933707,1,0.5580173866626579,0
255,0.2546927766331819,1,0.6430403835422981,0
256,0.13870192306681728,1,0.3503159156080912,0
257,-0.0008929738767335521,1,-0.001977740983991156,0
258,0.05118203821919021,1,0.12944322661605304,0
259,-0.03944370339753752,1,-0.09926766894366651,0
260,0.26620328475349253,1,0.6720892892238352,0
261,0.06976988907641424,1,0.17635312153382895,0
262,-0.14166715777524203,1,-0.3572475472966566,0
263,-0.08936661050545928,1,-0.22525739978510717,0
264,0.2288523465797554,1,0.577827257627568,0
265,-0.16441724139857217,1,-0.41466160986571743,0
266,0.4072371218593228,1,1.0280143786439502,-1
267,-0.31600919050666026,1,-0.7972320564258449,0
268,-0.06333453977501824,1,-0.15956063301863055,0
269,-0.1612261766004988,1,-0.4066083650068445,0
270,0.01332291847068165,1,0.033898704405094224,0
271,-0.25817904335232855,1,-0.65128693630805,0
272,-0.02374766831957409,1,-0.059655808390845694,0
273,0.03947004950485533,1,0.09988584722412064,0
274,0.12031946833006094,1,0.30392437595912325,0
275,-0.001593880392869118,1,-0.0037466087929517305,0
276,-0.06092583746309603,1,-0.15348182524206821,0
277,-0.07625831831523866,1,-0.19217618916436602,0
278,0.20930481465148273,1,0.5284954292359729,0
279,0.048790893191540174,1,0.12340872790817083,0
280,0.00575928142337781,1,0.014810461132078833,0
281,0.06814111472985371,1,0.17224260687407586,0
282,0.14252178263846738,1,0.3599560408965468,0
283,0.09364038869107422,1,0.23659476200961974,0
284,0.055817640848807026,1,0.1411420310612898,0
285,-0.06517305308231958,1,-0.16420046291144036,0
286,0.16049414338386747,1,0.4053126321704338,0
287,0.2683332381709404,1,0.6774646223787925,0
288,-0.2211069538054867,1,-0.5577286310266806,0
289,0.12481278913592728,1,0.3152641057887893,0
290,-0.040764311401202374,1,-0.10260046858550438,0
291,0.21235345993098698,1,0.536189251980819,0
292,0.09202872938332451,1,0.23252744032996406,0
293,0.030469641483514193,1,0.07717164547259689,0
294,0.32979448329496913,1,0.8325734928140931,0
295,-0.02922395485339195,1,-0.07347623485188479,0
296,0.19713432846668935,1,0.497780946296972,0
297,-0.694551612241392,0,-1.7525541838677807,0
298,-0.22238611600219488,1,-0.5609568344747974,0
299,-0.018060459967443876,1,-0.04530308153591501,0
300,-0.03795960129619949,1,-0.09552226157216501,0
301,0.05822624075844472,1,0.14722058040666272,0
302,-0.08485612483336374,1,-0.21387435122659648,0
303,-0.018772834331453714,1,-0.04710089058950075,0
304,0.020246350683456628,1,0.051371271839935485,0
305,-0.14335616127015616,1,-0.36151006140174397,0
306,-0.0019848130418379795,1,-0.004733199960694498,0
307,0.08492164109946365,1,0.21459138267982972,0
308,-0.4837342840827508,0,-1.2205174902914127,0
309,-0.07733614408014941,1,-0.19489628272224954,0
310,0.19841370879151748,1,0.5010097002319237,0
311,-0.0242322172180398,1,-0.06087865755636483,0
312,0.1287585585921421,1,0.3252219880626763,0
313,-0.28856452711727054,1,-0.7279703496508707,0
314,0.04513599250008843,1,0.11418490700021068,0
315,0.10479359141674657,1,0.26474194114704036,0
316,0.05760343852440522,1,0.14564882326390544,0
317,0.208694885159666,1,0.5269561588497327,0
318,0.16014847433770518,1,0.40444027211351524,0
319,-0.15157019283263523,1,-0.38223969606509917,0
320,0.06965737729430593,1,0.17606917714906642,0
321,-0.12611424005714475,1,-0.31799686999002164,0
322,0.1399250414967727,1,0.35340268219891013,0
323,-0.11826673878585922,1,-0.29819224261105554,0
324,-0.10608899916873142,1,-0.2674594542880049,0
325,-0.06737335628557213,1,-0.16975333682056734,0
326,-0.1914546708933104,1,-0.48289558625099815,0
327,-0.10942781140376706,1,-0.27588556725279856,0
328,-0.059334839295201114,1,-0.14946664578729446,0
329,0.017897367199200653,1,0.045443175619644685,0
330,0.042980519861171296,1,0.10874517134887544,0
331,0.12468187873250675,1,0.3149337290650211,0
332,0.49486857760988145,1,1.2491686375373503,-1
333,0.25202837396942446,1,0.6363162684234742,0
334,0.14156329110561952,1,0.3575371094433715,0
335,0.001462779747823148,1,0.003967440943115621,0
336,-0.1651588251967047,1,-0.4165331343528854,0
337,0.27816534162503853,1,0.7022777620685373,0
338,0.40086436872232356,1,1.011931552162836,-1
339,-0.20029783271949295,1,-0.5052129480155988,0
340,0.07615202618634283,1,0.19245963021399917,0
341,0.03421276199142248,1,0.08661810547699854,0
342,0.14947300597487947,1,0.3774987443949641,0
343,-0.012616525143793925,1,-0.03156430062583519,0
344,-0.12470733050547524,1,-0.31444627235855943,0
345,0.10665120591720278,1,0.26942997644942557,0
346,0.06855353895362754,1,0.17328343602357682,0
347,0.2170919991834251,1,0.5481478361174698,0
348,0.013543441048327415,1,0.034455234098807554,0
349,0.02679254391238156,1,0.06789180661499153,0
350,-0.03519415835714804,1,-0.08854315254721866,0
351,0.20063851888198386,1,0.506624421823862,0
352,-0.29748413761572473,1,-0.750480643842701,0
353,-0.6902077023173196,0,-1.7415915201561059,0
354,-1.0465314575616906,0,-2.640840714891523,0
355,-0.24201379847094417,1,-0.6104909376457762,0
356,0.10251783013414156,1,0.2589986347559492,0
357,-0.7972653764656064,0,-2.011771450208957,0
358,0.39847002148842525,1,1.0058889720925754,-1
359,0.06660564174762945,1,0.16836755554089655,0
360,0.21728711952348528,1,0.548640258545369,0
361,-0.19193390641037256,1,-0.48410502611141726,0
362,0.09755877168958632,1,0.24648352946959567,0
363,0.058430024600151224,1,0.14773486679048517,0
364,0.059308985227733924,1,0.14995308722884976,0
365,0.42475306702146454,1,1.0722191203998943,-1
366,-0.2602933055032262,1,-0.6566226696367202,0
367,0.20054195459721663,1,0.5063807239113903,0
368,-0.018965400867236124,1,-0.047586868017855374,0
369,-0.06431361032525129,1,-0.16203149944537898,0
370,-0.02615774803297466,1,-0.06573809229593447,0
371,0.0025560670639602767,1,0.006726554597989715,0
372,-0.02412646853850986,1,-0.06061178111741842,0
373,-0.03415797260560445,1,-0.085928145299013,0
374,-0.08013563366822826,1,-0.20196131479125543,0
375,0.049602676570718485,1,0.12545741407989422,0
376,0.4534780009844377,1,1.144711827817946,-1
377,0.23239094976402813,1,0.5867575801702318,0
378,-0.25318171976111487,1,-0.638675261815146,0
379,0.11356816258437885,1,0.28688620164191114,0
380,0.12446273836520577,1,0.31438068763590205,0
381,-0.09397196304587033,1,-0.23687986251032497,0
382,0.1520736860917512,1,0.384062043828249,0
383,-0.057932491739705605,1,-0.14592756120071207,0
384,-0.1416856192534528,1,-0.35729413826672335,0
385,0.01735394371719673,1,0.04407174550475603,0
386,-0.0802287781295562,1,-0.20219638214393804,0
387,0.2095088915827758,1,0.5290104552858177,0
388,-0.008138553280002736,1,-0.020263306703045943,0
389,0.02432953883851205,1,0.06167595573020437,0
390,0.2097173454751118,1,0.5295365274100129,0
391,-0.3389016135058342,1,-0.8550053388538761,0
392,-0.31318269975879076,1,-0.7900988819137903,0
393,-0.1874654416949364,1,-0.4728280252437546,0
394,0.1614688107958791,1,0.40777238645985864,0
395,0.25496380201297014,1,0.6437243664397064,0
396,0.3807808116614277,1,0.9612469647654912,0
397,-0.10017586962325901,1,-0.2525365733296878,0
398,0.30376734384831927,1,0.766889171058405,0
399,1.0164225454180709,0,2.565406970401028,0
400,0.19009372080589004,1,0.48001266485000604,0
401,-0.2647115133976523,1,-0.6677728380797743,0
402,0.35595844417153666,1,0.8986031088670744,0
403,-0.24762127241343013,1,-0.6246424399047882,0
404,-0.0843890215695019,1,-0.21269552936107708,0
405,0.0023669962508456044,1,0.006249399275227872,0
406,0.013735378487021555,1,0.0349396238837853,0
407,-0.14319642829812357,1,-0.36110694557138207,0
408,-0.1646465620771108,1,-0.4152403432015586,0
409,0.5968682122316893,0,1.5065836651547562,0
410,0.11593777034789624,1,0.2928663470625285,0
411,0.05364271523810338,1,0.13565320222164823,0
412,-0.1332111377842775,1,-0.33590720987703526,0
413,-0.2702486624760629,1,-0.6817468624792304,0
414,0.31325499557931297,1,0.7908330228321241,0
415,0.48404636659866235,1,1.2218567774835032,-1
416,0.32957449685615237,1,0.8320183161663194,0
417,0.16055120473867734,1,0.4054566371002429,0
418,-0.35458735089841237,1,-0.8945912112845074,0
419,0.20263801469618092,1,0.5116705209804013,0
420,0.34510160066907464,1,0.8712038472874982,0
421,-0.008819599435667944,1,-0.021982053202671197,0
422,-0.3457777636372906,1,-0.8723585811723721,0
423,0.37559992830861716,1,0.9481720431121822,0
424,-0.06658108642494898,1,-0.16775389663816945,0
425,0.32932424194743143,1,0.8313867514114196,0
426,-0.010181392611550903,1,-0.025418791278046214,0
427,-0.20512956110139202,1,-0.5174067122332643,0
428,0.04677980638036383,1,0.11833337671736101,0
429,0.2743016919656621,1,0.6925271243583144,0
430,0.08589038758934124,1,0.21703619442225128,0
431,0.5570830654541861,0,1.4061784559158603,0
432,0.27163846840667527,1,0.685805984929435,0
433,-0.22210091642027852,1,-0.5602370803450137,0
434,-0.35672905174891445,1,-0.8999961912692331,0
435,-0.42349234882104014,1,-1.0684857748189365,1
436,-0.020031439605936785,1,-0.05027721482528585,0
437,0.3003076617874614,1,0.7581580206327665,0
438,-0.36303774455889015,1,-0.915917349613877,0
439,-0.11100034706723994,1,-0.27985415314767076,0
440,-0.14167536877928627,1,-0.35726826929081523,0
441,0.398582516785952,1,1.006172874875434,-1
442,0.11708303019086634,1,0.2957566230444017,0
443,0.02539058672361305,1,0.06435370719136763,0
444,0.27073218412852845,1,0.683518808182642,0
445,0.021001426395385547,1,0.053276845678117246,0
446,0.007161362252160852,1,0.018348872584249436,0
447,-0.4049736976274521,1,-1.0217505181083661,1
448,0.27742229056019574,1,0.7004025346612349,0
449,0.11581280985527934,1,0.2925509860440569,0
450,-0.11594162592143753,1,-0.2923243883346371,0
451,0.08270959191724547,1,0.2090088656105969,0
452,-0.1603072303070423,1,-0.4042892333120488,0
453,0.22640973707135825,1,0.57166287874137,0
454,-0.31335724765094347,1,-0.7905393859474139,0
455,0.4839847771513489,1,1.2217013450710252,-1
456,-0.263189297320463,1,-0.6639312430093389,0
457,0.4729978816994509,1,1.1939738732357958,-1
458,0.5098755982197489,0,1.2870416420737616,0
459,0.5001164739421898,0,1.262412678894197,0
460,0.37187286062106795,1,0.9387660953822744,0
461,-0.15465545959146987,1,-0.39002593991663037,0
462,0.19632191473846305,1,0.4957306693223188,0
463,0.19795106885251879,1,0.4998421423958998,0
464,0.2210141970374317,1,0.5580462310740157,0
465,-0.12239344367430482,1,-0.30860674906264035,0
466,-0.27761261843817525,1,-0.7003311734367055,0
467,0.03629822097213113,1,0.09188114865459938,0
468,-0.08118816592429273,1,-0.20461757548049833,0
469,-0.01858453782818542,1,-0.04662568938148873,0
470,-0.0423116874704047,1,-0.10650555957004668,0
471,0.11950873510634699,1,0.3018783400498137,0
472,-0.11976726742803007,1,-0.3019791054100967,0
473,0.06818886376135164,1,0.1723631104259495,0
474,0.16168662369281128,1,0.40832207777088253,0
475,-0.06531326226838514,1,-0.16455430684075542,0
476,0.045409263674663,1,0.11487455757798945,0
477,0.608371709070824,0,1.5356148765656792,0
478,-0.39038451619942016,1,-0.9849320083741239,0
479,0.6025939007702679,0,1.5210335039090976,0
480,0.15287379775461918,1,0.38608127425547384,0
481,0.21469578292368618,1,0.54210053921327,0
482,0.11024527100963333,1,0.2785002674211244,0
483,0.09094702028193913,1,0.22979754645103456,0
484,-0.46969043115972364,0,-1.1850752183515199,0
485,-0.07674266310366029,1,-0.19339852322026904,0
486,0.0980739449379015,1,0.24778366487139883,0
487,0.25062337049788397,1,0.6327704811393321,0
488,0.05205343396651746,1,0.13164235567367788,0
489,0.24091254307562016,1,0.6082634040467693,0
490,-0.24887811687173367,1,-0.627814320393817,0
491,0.4142239415592336,1,1.0456469161788036,-1
492,-0.03815008158641664,1,-0.09600297397224979,0
493,0.2423177366931022,1,0.6118096711995205,0
494,0.08953766705027066,1,0.2262407817391044,0
495,-0.3949388469861558,1,-0.9964257082250417,0
496,-0.6525828306347639,0,-1.6466381664585454,0
497,0.3598036483545436,1,0.90830719599085,0
498,-0.11004426443330606,1,-0.27744130099843384,0
499,0.2679548891337418,1,0.6765097882931548,0
500,0.12658303895383055,1,0.31973166008400683,0
501,0.10366284582025978,1,0.26188829456264684,0
502,-0.17334875487548407,1,-0.4372019434350394,0
503,-0.07008062412999688,1,-0.1765856301863645,0
504,0.09019992767424453,1,0.22791211945950152,0
505,-0.09419560907079516,1,-0.2374442748035259,0
506,-0.17541016167890205,1,-0.4424042864747966,0
507,0.18557390469092283,1,0.46860606918548464,0
508,0.19836867064912994,1,0.5008960381123533,0
509,-0.24829152112135733,1,-0.62633393703908,0
510,0.014216660646316437,1,0.03615422882610701,0
511,0.030839348533705457,1,0.07810466989849996,0
512,-0.15975988404343938,1,-0.40290790332901466,0
513,0.01724499021756798,1,0.043796781106893855,0
514,0.012688917547892614,1,0.032298685290767834,0
515,0.2445006486274805,1,0.6173186550106665,0
516,-0.32003542834936005,1,-0.8073930156225676,0
517,-0.054189986999346296,1,-0.1364826552001185,0
518,-0.510065917216685,0,-1.286970258436269,0
519,-0.5372184526961932,0,-1.3554947261586838,0
520,-0.4824807802570565,0,-1.217354040509401,0
521,-0.2969006962203192,1,-0.7490082210887539,0
522,0.4985610174302392,0,1.2584871954111818,0
523,0.2214484134711181,1,0.5591420569138215,0
524,-0.27799297397078887,1,-0.7012910712862929,0
525,0.1319339286206377,1,0.33323562425472125,0
526,0.13444301494729763,1,0.3395677697419711,0
527,0.08647215293967506,1,0.21850438736508176,0
528,0.10053966657431687,1,0.25400637150645766,0
529,0.14294304989715467,1,0.3610191870875246,0
530,-0.06428599255865719,1,-0.16196180088050752,0
531,-0.1342604098657303,1,-0.3385552429099653,0
532,-0.4116196489263609,1,-1.0385228109062343,1
533,-0.39958016413246084,1,-1.008138934314793,1
534,-0.262998744873814,1,-0.6634503485090931,0
535,-0.035315799889714006,1,-0.08885013755340021,0
536,0.15001423066438357,1,0.3788646254484844,0
537,0.55053295131919,0,1.3896480260059019,0
538,0.20262855959173773,1,0.5116466592677551,0
539,0.17145991479333345,1,0.43298679356012887,0
540,-0.08276490227745714,1,-0.20859676259621773,0
541,0.2475127268508214,1,0.6249201939958005,0
542,0.0657581039923438,1,0.1662286365585632,0
543,0.1480648991676406,1,0.3739451252666447,0
544,0.07710224185836603,1,0.1948576759948813,0
545,-0.043374688833683686,1,-0.10918824099631226,0
546,-0.8833270989123178,0,-2.2289641954826274,0
547,-0.16936041558786522,1,-0.4271366282829154,0
548,0.05279070787837456,1,0.13350300336213256,0
549,0.23227071770362595,1,0.5864541522289095,0
550,0.15993331330756463,1,0.4038972732810079,0
551,-0.02006090097121644,1,-0.05035156605394689,0
552,-0.12512179025922252,1,-0.3154922385461123,0
553,-0.025376977907068193,1,-0.06376767383053256,0
554,-0.5250715439261382,0,-1.3248397452060237,0
555,0.056218432127832396,1,0.14215350231353163,0
556,-0.10364122922020463,1,-0.26128205207242516,0
557,-0.040042321097444766,1,-0.10077839192150104,0
558,-0.16988143870226827,1,-0.42845152690858845,0
559,0.5887539674499853,0,1.4861058609712288,0
560,0.38716970449906185,1,0.9773705227796159,0
561,0.15547925034196491,1,0.39265661790463674,0
562,0.06908132483022726,1,0.17461540173604956,0
563,-0.08224774377588988,1,-0.2072916170390095,0
564,-0.1705359655967949,1,-0.4301033471259413,0
565,-0.4658641692555392,0,-1.1754189355874785,0
566,0.17477338483320284,1,0.44134895078730846,0
567,-0.7890008866893017,0,-1.9909144748688086,0
568,-0.332024120768091,1,-0.8376487082189841,0
569,-0.6741397057678141,0,-1.7010409457262732,0
570,0.22762069854268419,1,0.5747189649885489,0
571,-0.10188678916890925,1,-0.25685439666040544,0
572,1.1126151165177869,0,2.808166794375227,0
573,0.600616146839748,0,1.5160422744352582,0
574,-0.2930250598038861,1,-0.7392273325701801,0
575,0.14025369140516153,1,0.3542320912998157,0
576,0.02590123347642842,1,0.06564241914083772,0
577,-0.12669207346070888,1,-0.3194551399346957,0
578,-0.4230231147442774,1,-1.0673015754511959,1
579,0.4523954798416319,1,1.1419798846016298,-1
580,0.4537401703969321,1,1.1453734610366129,-1
581,-0.18693440599779376,1,-0.4714878580053852,0
582,0.5318063412931451,0,1.3423879465467143,0
583,-0.20680984460566948,1,-0.5216472198219667,0
584,-0.4932323838420736,0,-1.244487709605671,0
585,-0.3148492911333616,1,-0.794304834869433,0
586,0.6114491051724671,0,1.5433812573515646,0
587,0.02268706820551447,1,0.057530875947110184,0
588,-0.05304365514867386,1,-0.13358967380764922,0
589,-0.5637272885094322,0,-1.422394698185753,0
590,-0.3423784032207622,1,-0.863779663622847,0
591,-0.15987532603699195,1,-0.403199242646736,0
592,-0.17867461506069374,1,-0.4506427410589269,0
593,-0.393700054265813,1,-0.9932993846504365,0
594,-0.2610325074106161,1,-0.6584881829800879,0
595,-0.028743978048673312,1,-0.072264924214347,0
596,0.27918505763473417,1,0.7048512048634157,0
597,0.045451484160658695,1,0.11498110881818653,0
598,-0.26184649970611584,1,-0.6605424437625242,0
599,-0.9705238959141246,0,-2.4490215122719805,0
600,0.5127633915567793,0,1.2943295250584532,0
601,0.5488910308171413,0,1.3855043345804614,0
602,0.0030003976645426034,1,0.007847905416982784,0
603,0.16212701565351118,1,0.4094334887004057,0
604,-0.06270545419087406,1,-0.15797301867455366,0
605,0.21521735680061438,1,0.5434168277904967,0
606,0.04521935164853966,1,0.11439527929791839,0
607,-0.16095995794707277,1,-0.4059365127764123,0
608,0.3191282507819916,1,0.8056552734784842,0
609,0.15599419479736865,1,0.39395617590502235,0
610,0.6621122750194202,0,1.671239178742103,0
611,-0.1957013717685634,1,-0.4936129248683307,0
612,0.23739301499021148,1,0.5993812210598901,0
613,0.13329900316303847,1,0.33668064346812127,0
614,0.04188621003420445,1,0.10598347719795893,0
615,-0.12524296534351642,1,-0.31579804638342185,0
616,0.22794185486086593,1,0.5755294626223961,0
617,0.165256741243482,1,0.41733193267193924,0
618,0.5811958878326963,0,1.4670316429053236,0
619,-0.07014854102274903,1,-0.17675703108292953,0
620,0.05567215637057654,1,0.14077487395214466,0
621,-0.08980205123278961,1,-0.22635631535737447,0
622,0.8861587991004807,0,2.2366622059690977,0
623,-0.14869888008687493,1,-0.37499340491426725,0
624,-0.35555806949222446,1,-0.8970409999975881,0
625,0.09257956885113708,1,0.2339175860627941,0
626,-0.2513121812039035,1,-0.6339571339402694,0
627,0.1957697325892669,1,0.49433713508357185,0
628,-0.06528519491970686,1,-0.1644834736719705,0
629,-0.17693465981645318,1,-0.44625164074851975,0
630,0.4747745191484676,1,1.198457547904832,-1
631,0.018475550261096263,1,0.04690232799207832,0
632,0.2507164596090181,1,0.6330054088055176,0
633,-0.38259280356182995,1,-0.9652681739767862,0
634,0.03341624137146237,1,0.0846079377137012,0
635,-0.03282685831101145,1,-0.08256883108014305,0
636,0.13046456287862204,1,0.3295274068237133,0
637,-0.06917520394300805,1,-0.17430063413414085,0
638,-0.20572445949340828,1,-0.5189080488466572,0
639,-0.39634678785412936,1,-0.9999789085747968,0
640,0.10122795638123849,1,0.2557433987057651,0
641,-0.2668942079186233,1,-0.6732812732077956,0
642,0.3587033121170268,1,0.9055302930733147,0
643,0.4087298437244946,1,1.0317815395908791,-1
644,0.05105629912310128,1,0.1291259006470696,0
645,-0.5949408653750063,0,-1.5011679583124309,0
646,0.22885407674957625,1,0.5778316240325446,0
647,-0.0457035223493604,1,-0.11506548502740109,0
648,0.026422708017724894,1,0.0669584570261431,0
649,0.027985683683380225,1,0.0709029164904516,0
650,0.1721967823008799,1,0.4348464156118032,0
651,-0.14268818540027928,1,-0.3598243001965234,0
652,-0.1313344139280877,1,-0.3311709485652908,0
653,0.13648092972445958,1,0.3447108262890865,0
654,-0.023786892513690927,1,-0.05975479793183076,0
655,-0.2760678303001246,1,-0.6964326135772143,0
656,-0.05470063363990829,1,-0.13777136686629635,0
657,0.4196498570819265,1,1.0593402220352648,-1
658,-0.5117022984046322,0,-1.291099970373472,0
659,-0.0380645985439839,1,-0.09578724163349943,0
660,-0.27022987410539956,1,-0.6816994465353291,0
661,-0.036004004874379714,1,-0.09058695068798651,0
662,0.12714655168409195,1,0.3211537891490847,0
663,0.16046189018943713,1,0.40523123524224064,0
664,0.09886182083098155,1,0.24977201606038366,0
665,0.1087660503813052,1,0.27476717935365097,0
666,-0.06716662981857704,1,-0.1692316241751437,0
667,0.1408530459327293,1,0.35574467379914054,0
668,0.06104709018696014,1,0.15433951800127438,0
669,0.1282225964434584,1,0.3238693880085992,0
670,0.15986997525106733,1,0.40373742792839523,0
671,0.16487976104875146,1,0.41638055311457534,0
672,0.021040923334000067,1,0.053376523540513095,0
673,-0.04309007532728337,1,-0.10846996593697535,0
674,0.03015677616911997,1,0.07638207172712293,0
675,-0.1349536543193319,1,-0.34030477408065163,0
676,0.10181413803386442,1,0.2572227370078973,0
677,-0.05241207776428636,1,-0.1319957709427278,0
678,-0.22631058711437144,1,-0.5708609664206648,0
679,0.387200935415424,1,0.9774493397991836,0
680,0.48331855616451,1,1.220020012639176,-1
681,0.0360814606339358,1,0.09133411367109387,0
682,-0.07866934530886893,1,-0.1982608637071016,0
683,-0.009841104319452572,1,-0.024560010553652877,0
684,-0.10155555907679978,1,-0.2560184759865303,0
685,-0.09358421011385662,1,-0.23590129594905127,0
686,0.11368855680627937,1,0.2871900388279012,0
687,-0.16809876553749015,1,-0.4239526199895037,0
688,-0.09422059337829736,1,-0.23750732734513083,0
689,0.3624593051151856,1,0.9150092391983347,0
690,0.24743125362442725,1,0.6247145811727732,0
691,-0.3332173831339566,1,-0.8406601274853667,0
692,-0.11606743199470737,1,-0.2926418833329797,0
693,0.0950163114673691,1,0.24006715875665316,0
694,0.2670328599005471,1,0.6741828762271763,0
695,0.23613049978299616,1,0.5961950293824618,0
696,-0.19623108973683645,1,-0.4949497665730881,0
697,-0.09811690278907015,1,-0.24734038800558145,0
698,-0.09560189945784793,1,-0.24099330985804837,0
699,-0.04254170856228803,1,-0.10708606052908712,0
700,0.1284154108373739,1,0.32435599095300016,0
701,-0.04957082033640359,1,-0.12482532997028306,0
702,0.2470372610623917,1,0.6237202677459314,0
703,-0.17524433027897746,1,-0.44198578012867396,0
704,0.10110438453273973,1,0.2554315421887101,0
705,0.1365143842427513,1,0.3447952549812276,0
706,-0.22278725063492008,1,-0.5619691722438895,0
707,-0.12214171349184824,1,-0.30797146118039,0
708,-0.4436455953500029,0,-1.1193462365359648,0
709,0.26078662478166437,1,0.6584193414694917,0
710,-0.11511767724507854,1,-0.2902450007753906,0
711,-0.1039819092113431,1,-0.2621418213221167,0
712,0.0508936397294566,1,0.1287153994480945,0
713,-0.09465066854366277,1,-0.2385927019249573,0
714,0.12922084055064814,1,0.3263886424684208,0
715,-0.07210504303257366,1,-0.1816946273866798,0
716,-0.3011483311454038,1,-0.7597279169543656,0
717,-0.0914498703296931,1,-0.23051489298278105,0
718,0.3232507695142556,1,0.8160592153872341,0
719,0.16556237930376685,1,0.4181032670989778,0
720,-0.10324742098049311,1,-0.2602882038172116,0
721,-0.1934355913549174,1,-0.4878948070543188,0
722,-0.5073288879780868,0,-1.2800628566631576,0
723,-0.11547839711189045,1,-0.2911553443743831,0
724,-0.040507162583745815,1,-0.10195150577114925,0
725,-0.031567382512687425,1,-0.07939030991571805,0
726,0.04367085515915392,1,0.11048736072488988,0
727,0.6262179148930604,0,1.5806530924537066,0
728,-0.01889852014814805,1,-0.04741808209803359,0
729,0.05924358484473899,1,0.14978803721217812,0
730,0.09846892625970383,1,0.24878047361720554,0
731,-1.1894896012504872,0,-3.0016221494743953,0
732,0.013817058508240443,1,0.03514575859197135,0
733,-0.23213448318488875,1,-0.5855586501270001,0
734,0.03899334493894607,1,0.09868279468913989,0
735,0.11360800899079948,1,0.2869867614512404,0
736,0.3154834742416017,1,0.7964570027466091,0
737,0.20786659777014344,1,0.5248658217417651,0
738,-0.15592014391010334,1,-0.3932176057497032,0
739,-0.04370626051660237,1,-0.11002502373805567,0
740,-0.23495628042417224,1,-0.5926799796981708,0
741,0.3509668365824587,1,0.8860058597674876,0
742,0.028302537217150925,1,0.07170255524845966,0
743,0.05267325530062775,1,0.1332065899616676,0
744,-0.19224791508286948,1,-0.4848974853334782,0
745,-0.07989355082042265,1,-0.20135037375029355,0
746,-0.08346107905410358,1,-0.21035369402887918,0
747,-0.39695587044330993,1,-1.0015160416448958,1
748,0.6933016738697277,0,1.749951421155427,0
749,0.03349350995117267,1,0.08480293932967595,0
750,-0.2040433574967243,1,-0.5146654756403061,0
751,0.09448323008726722,1,0.23872182885728596,0
752,-0.08047905109524353,1,-0.20282799246894717,0
753,-0.22229306672566732,1,-0.5607220073386422,0
754,0.07489216722195866,1,0.1892801420588362,0
755,0.049331178310503376,1,0.1247722377808763,0
756,0.2957621627374185,1,0.7466866093101664,0
757,0.21108359314779684,1,0.5329845072356312,0
758,-0.1728410302764964,1,-0.4359206060836357,0
759,-0.15143892879012355,1,-0.38190842686738485,0
760,0.04098221327079095,1,0.10370207341957344,0
761,-0.2092038369364479,1,-0.5276889042282698,0
762,0.4922896024193966,1,1.2426601145181775,-1
763,-0.10159253796375606,1,-0.2561117990777591,0
764,0.05803959375362633,1,0.14674954201443538,0
765,0.2740476799323804,1,0.6918860778015811,0
766,-0.17927043458418296,1,-0.452146402318721,0
767,0.15070238888970167,1,0.38060132057717,0
768,-0.20002629496816576,1,-0.5045276720534229,0
769,-0.008664259945088848,1,-0.021590025138984954,0
770,-0.07191258381308352,1,-0.18120892079092613,0
771,-0.019398652511105556,1,-0.048680259031317806,0
772,0.25319285428994953,1,0.6392550508512673,0
773,0.275281918845772,1,0.6950009089983318,0
774,-0.21176325421961562,1,-0.5341480692348297,0
775,0.19336969597018983,1,0.48828019679282997,0
776,-0.1739208400430754,1,-0.4386457066383199,0
777,0.04918614777193678,1,0.12440622627280658,0
778,-0.05682863109486069,1,-0.14314176378651458,0
779,-0.07825615695668642,1,-0.19721810613760035,0
780,0.17984524134976765,1,0.45414872296417774,0
781,-0.08836280454894907,1,-0.22272410896523645,0
782,0.45121866747923756,1,1.1390099799751137,-1
783,-0.174372749665306,1,-0.43978618452648477,0
784,-0.2578879006756113,1,-0.650552183674419,0
785,-0.07646580083698773,1,-0.19269980985442237,0
786,0.4121970209019936,1,1.0405316053358158,-1
787,0.07422958891514142,1,0.18760800260676422,0
788,0.024477066085577842,1,0.062048268146014156,0
789,0.405562862925714,1,1.0237890751785839,-1
790,-0.13757945267423788,1,-0.3469314640541209,0
791,0.3271960405454558,1,0.8260158397929988,0
792,-0.22768892905948224,1,-0.574339468389642,0
793,-0.21683850144131933,1,-0.5469563984860475,0
794,-0.2520740584747533,1,-0.6358798727759922,0
795,-0.14234249570723845,1,-0.3589518880333711,0
796,-0.0876203414241562,1,-0.2208503653338784,0
797,0.17495174584917206,1,0.4417990779472911,0
798,-0.14441917617678524,1,-0.3641927770071696,0
799,-0.32426737703626807,1,-0.8180731243519274,0
800,-0.44974946705169455,0,-1.1347504907618728,0
801,-0.18993268007942105,1,-0.47905455967435,0
802,0.15618485837213694,1,0.39443735085772286,0
803,-0.17931885656082347,1,-0.4522686041726827,0
804,0.24085488668368812,1,0.6081178974302354,0
805,0.03392133685023921,1,0.08588263999181082,0
806,-0.15282921464864474,1,-0.38541707152081195,0
807,0.014800989480049181,1,0.037628891195542614,0
808,-0.04827916800683435,1,-0.12156560535145522,0
809,0.02938929524357397,1,0.07444519102771877,0
810,-0.2067664062285995,1,-0.521537595007382,0
811,0.12135551131686889,1,0.3065390229139955,0
812,-0.016160619805165727,1,-0.040508481931173616,0
813,-0.35799541559569614,1,-0.9031920957036134,0
814,0.0035115337927886237,1,0.009137852396269044,0
815,0.4676383938474201,1,1.1804482099472855,-1
816,0.523586071443795,0,1.3216425684074815,0
817,0.2065767126576903,1,0.521610557023646,0
818,-0.44532034241898283,0,-1.1235727719016264,0
819,0.20526464644409903,1,0.5182993141759658,0
820,0.218173205134488,1,0.5508764602030845,0
821,-0.0009956971293227923,1,-0.002236982195984238,0
822,-0.20037487614717492,1,-0.505407381418601,0
823,-0.16224516515727982,1,-0.4091799719391455,0
824,0.18952077696099295,1,0.478566734615018,0
825,-0.056930367367821644,1,-0.14339851417205307,0
826,-0.24957077020772234,1,-0.6295623597693883,0
827,-0.09214085156678264,1,-0.2322587125061354,0
828,-0.30210536818587785,1,-0.7621431777258177,0
829,0.012020897292576493,1,0.030612812070645336,0
830,-0.35509548138336855,1,-0.8958735729645587,0
831,-0.055069239535136046,1,-0.13870161232307474,0
832,0.39298329084575456,1,0.9920421879825236,0
833,0.19061261085630749,1,0.4813221802924275,0
834,0.23027841645231434,1,0.5814262098884286,0
835,-0.4405686256135985,0,-1.1115809317619698,0
836,0.0032886725425883903,1,0.008575420627882325,0
837,0.0893145933478145,1,0.2256778138079801,0
838,-0.10993914890311196,1,-0.2771760224294639,0
839,0.043817429876382374,1,0.11085726925469268,0
840,-0.11091107896496522,1,-0.2796288685072149,0
841,-0.2909674063987139,1,-0.7340344619282081,0
842,0.1428020358456129,1,0.3606633119306512,0
843,-0.07273208958874744,1,-0.18327709586485966,0
844,0.3117121342682897,1,0.7869393256786054,0
845,-0.13772250363677738,1,-0.34729247973431754,0
846,0.035027492369201635,1,0.0886742289471891,0
847,0.09922803960242244,1,0.25069623716680234,0
848,-0.008497455795202113,1,-0.021169063877613813,0
849,0.10386276297951545,1,0.2623928226549464,0
850,0.15491734665201679,1,0.3912385495517194,0
851,0.07507542033732545,1,0.18974261534051043,0
852,-0.03582946327767253,1,-0.09014646254208918,0
853,-0.1814996733360387,1,-0.45777230046043893,0
854,0.15769876596758114,1,0.3982579779309119,0
855,0.06293779777459174,1,0.15911106985723145,0
856,0.043625979385712554,1,0.11037410837352025,0
857,0.05073884203105561,1,0.1283247386976247,0
858,-0.023955192509570566,1,-0.06017953423846557,0
859,0.23985869410270155,1,0.6056038203779233,0
860,-0.19461480691347524,1,-0.4908707765928229,0
861,-0.05433515676689782,1,-0.13684901807839786,0
862,-0.11817912649944723,1,-0.29797113672954934,0
863,-0.030719598793808783,1,-0.0772507701985623,0
864,0.04338733021280177,1,0.10977183284906886,0
865,-0.03363596185129128,1,-0.08461075418054151,0
866,-0.2399078885348616,1,-0.6051762826828793,0
867,0.17028571317673302,1,0.43002347763565224,0
868,0.030337903705536545,1,0.07683918071542294,0
869,-0.11085697936383052,1,-0.27949233811304425,0
870,0.19372306627768376,1,0.4891719924134711,0
871,0.12252263803219277,1,0.30948448401071466,0
872,-0.1795871560365601,1,-0.45294570774479415,0
873,0.14763509253950982,1,0.37286042839041905,0
874,0.0936970253376622,1,0.23673769510932796,0
875,0.11613477402957366,1,0.293363522452889,0
876,-0.05732069424766156,1,-0.14438357656885822,0
877,-0.0676917511006333,1,-0.1705568652882535,0
878,-0.021353638209861775,1,-0.05361402864238434,0
879,0.2672192244724243,1,0.6746532018474057,0
880,0.021702380597141524,1,0.055045833830600036,0
881,0.07949654287929261,1,0.20090013943812216,0
882,0.33688849228468554,1,0.8504765424355625,0
883,0.03997449592152427,1,0.10115891147341721,0
884,-0.08590336079524094,1,-0.2165172457335041,0
885,0.16715351639431783,1,0.4221187971508834,0
886,0.15169651252694494,1,0.3831101762655744,0
887,-0.10519413525000397,1,-0.2652010989398986,0
888,-0.22128238618387108,1,-0.5581713672256311,0
889,-0.10332476956716463,1,-0.2604834073456168,0
890,-0.16569032893861518,1,-0.4178744827891806,0
891,0.15537050499484056,1,0.3923821788182903,0
892,0.03763544624125643,1,0.09525588505300786,0
893,-0.03858606917564167,1,-0.09710326965210521,0
894,0.12271703498114683,1,0.30997508082676495,0
895,0.12383093133914203,1,0.3127862052275474,0
896,-0.028698180962342112,1,-0.07214934675873697,0
897,-0.04852553104981805,1,-0.12218734826013028,0
898,-0.1967248522041986,1,-0.4961958678914284,0
899,0.3536161530932127,1,0.8926919021764785,0
900,-0.05446160409296863,1,-0.1371681313973166,0
901,0.23269460092613659,1,0.5875239002905933,0
902,-1.0027570365530054,0,-2.5303678309967266,0
903,0.21370720124256665,1,0.539605669680737,0
904,-0.01360182832496526,1,-0.03405089625466414,0
905,0.045844086781803906,1,0.11597191447096633,0
906,-0.0361045303908657,1,-0.09084064550462423,0
907,0.17696140297440155,1,0.4468708210600048,0
908,0.09120812899512194,1,0.23045650279793042,0
909,0.2318942808874183,1,0.5855041439881978,0
910,0.10595401356181322,1,0.26767048201513005,0
911,0.29843493190430287,1,0.7534318388539729,0
912,-0.10960509889538253,1,-0.27633298517463356,0
913,-0.42633727173057034,0,-1.0756654663152974,0
914,0.25694082867861767,1,0.6487137605255279,0
915,0.5861642422507702,0,1.4795702083078721,0
916,0.21544024756567215,1,0.5439793340451097,0
917,0.9355315547681338,0,2.3612635274430382,0
918,1.3836088808413523,0,3.4920699042848073,0
919,-1.4254815442777242,0,-3.597191660650403,0
920,0.5159837638532285,0,1.3024567328342698,0
921,-1.3916672379551596,0,-3.5118549765714837,0
922,0.746841114824031,0,1.8850681470434416,0
923,-0.17330345232244526,1,-0.4370876140260678,0
924,1.000543033283816,0,2.525332071410006,0
925,-0.3831248260314126,1,-0.9666108315187322,0
926,0.8561128081928695,0,2.160835565923257,0
927,2.8706640911106884,0,7.244929994807588,0
928,-1.5460564883963221,0,-3.9014849327325765,0
929,2.11722996186245,0,5.343498995496291,0
930,-2.654590171251878,0,-6.699075626514119,0
931,1.6960002553236846,0,4.280447574341834,0
932,1.2821881012720235,0,3.236115724932916,0
933,2.0101559634122097,0,5.0732778680347055,0
934,2.7473167865249026,0,6.933640156033068,0
935,-2.106484110724698,0,-5.3158281547853745,0
936,-0.8231678910329501,0,-2.077141257928714,0
937,-2.0309654818061227,0,-5.125242864742115,0
938,-0.019071971292279777,1,-0.047855818284270796,0
939,-1.2235455046385961,0,-3.0875685486324906,0
940,0.5908772099373262,0,1.491464257847294,0
941,0.754821210009649,0,1.905207399798727,0
942,-0.7350438943108742,0,-1.8547439803886698,0
943,0.8365024694292499,0,2.1113452328143136,0
944,-1.0544264616220342,0,-2.6607652243838187,0
945,-0.09243612632610487,1,-0.23300389321788476,0
946,-0.7427429225588975,0,-1.8741739085098865,0
947,-0.8344817262233918,0,-2.105693822933527,0
948,0.9979096864814072,0,2.5186863315269012,0
949,-0.33741351432769373,1,-0.8512498441164806,0
950,1.1377008314584074,0,2.8714752564906547,0
951,0.1822098460814056,1,0.46011624230437637,0
952,-1.0579973541111816,0,-2.6697770349860903,0
953,0.8398581985147182,0,2.1198140385940127,0
954,0.42102878466770344,1,1.0628202019772643,-1
955,0.17654879833696557,1,0.44582953660310987,0
956,0.37152694874263736,1,0.937893122493013,0
957,-0.13117494438580946,1,-0.33076849754885435,0
958,-0.526860778638814,0,-1.3293552114102427,0
959,-0.5879848117878714,0,-1.4836130647789432,0
960,0.6001486763544692,0,1.5148625258182704,0
961,1.0792725846658537,0,2.7240207208199343,0
962,0.4798667777906165,1,1.2113088086359511,-1
963,0.4371617391953611,1,1.103534709932957,-1
964,0.05843736830259194,1,0.14775339998791867,0
965,1.401372168357938,0,3.536898860423835,0
966,-0.008568368333825349,1,-0.021348024843070232,0
967,-0.6056318602759367,0,-1.5281486701344333,0
968,0.4135724630546692,1,1.0440027891398551,-1
969,0.36581225362222725,1,0.9234710276717939,0
970,0.6927576129157589,0,1.7485783822616043,0
971,-0.2780059495893078,1,-0.7013238176702558,0
972,0.06222313754835715,1,0.1573074920056505,0
973,-1.2293392041570774,0,-3.102190025729801,0
974,0.7218766007191318,0,1.8220655577538345,0
975,-0.04221999371154839,1,-0.10627415333456497,0
976,-0.37945736848705863,1,-0.9573553210596417,0
977,0.16164893852085516,1,0.40822697223824195,0
978,-1.0201804854462697,0,-2.5743391412340593,0
979,-1.1322487852288319,0,-2.8571643159567555,0
980,-0.13068874020250287,1,-0.3295414709645179,0
981,0.4470654785804996,1,1.128528636203316,-1
982,0.23405009580003738,1,0.590944743430808,0
983,-0.3309967729209784,1,-0.8350560050645295,0
984,-0.7537884199663427,0,-1.9020492732671008,0
985,-0.5433835246763469,0,-1.371053430657173,0
986,-0.5973148067917706,0,-1.5071590405121296,0
987,-0.4173152965923984,1,-1.052896835937679,1
988,0.8078313307656726,0,2.038988287828461,0
989,1.1551012994243868,0,2.9153885700885516,0
990,1.4159413334427242,0,3.5736668551972293,0
991,0.07838102725692475,1,0.19808492852286583,0
992,0.017190117352602563,1,0.043658299237788224,0
993,-0.4744124049733449,0,-1.1969919965257634,0
994,0.31715858561422067,1,0.8006844575001847,0
995,0.08665202589422366,1,0.21895833018295982,0
996,0.4103628145160184,1,1.035902644759119,-1
997,0.2613801547842797,1,0.6599172246980097,0
998,0.20340370282388476,1,0.5136028772213821,0
999,0.5757737470390016,0,1.4533478632787646,0
1000,-0.08444243136836171,1,-0.21283031891105453,0
1001,0.3020525630032407,1,0.7625616030212218,0
1002,-0.7209763046040847,0,-1.8192418042650962,0
1003,0.10755507597516778,1,0.27171106046307225,0
1004,0.47827988541714,1,1.2073039909161731,-1
1005,-0.21373925381525066,1,-0.5391348713186641,0
1006,0.023705026071829227,1,0.06009988174053627,0
1007,0.35979208930044937,1,0.9082780245703843,0
1008,0.5420038434393475,0,1.3681232377203163,0
1009,1.1272961391770784,0,2.845217082518958,0
1010,-0.96093143850088,0,-2.4248131638881403,0
1011,-1.039060952297666,0,-2.621987506975779,0
1012,-0.5650915837314587,0,-1.425837750639405,0
1013,-0.3505324135884056,1,-0.8843578236502043,0
1014,-0.6723826551403252,0,-1.6966067020402325,0
1015,-0.07983838234159016,1,-0.20121114584467473,0
1016,1.1070106364015724,0,2.7940228475930087,0
1017,-0.8286130371822008,0,-2.0908830958439895,0
1018,-0.36624897486797353,1,-0.9240214858861634,0
1019,-0.558630650919269,0,-1.409532386365792,0
1020,0.07593048578678746,1,0.19190053185760442,0
1021,0.6261018115902957,0,1.5803600841993293,0
1022,-0.1986401726067133,1,-0.5010295347583495,0
1023,-0.10618029699776321,1,-0.26768986132101796,0
1024,0.6048057014524082,0,1.5266153938422173,0
1025,0.3223484681414156,1,0.8137820902419333,0
1026,0.043792059760573765,1,0.11079324305415045,0
1027,0.23873128517352507,1,0.6027585944933785,0
1028,-0.1271501695463374,1,-0.32061123051257584,0
1029,0.24110038362436453,1,0.6087374545688322,0
1030,-1.0642553670736086,0,-2.685570293320065,0
1031,-0.6224711898330983,0,-1.5706458467085205,0
1032,-0.3863174067124821,1,-0.9746679019899689,0
1033,0.2454864341337795,1,0.6198064678765622,0
1034,0.47469147976216186,1,1.1982479825863044,-1
1035,-0.23293600835779765,1,-0.5875814478094173,0
1036,0.5742672529448414,0,1.4495459455533573,0
1037,0.3070230169341681,1,0.7751054669345065,0
1038,0.034518957976578724,1,0.0873908479311022,0
1039,0.6445877334772345,0,1.6270127424240695,0
1040,0.09261733805393976,1,0.23401290366288735,0
1041,-0.5215033168659309,0,-1.3158346613088696,0
1042,0.3663605669957568,1,0.924854798336399,0
1043,0.6867014111221755,0,1.7332944319049965,0
1044,-0.40541873548878365,1,-1.0228736538312557,1
1045,0.15191337660887833,1,0.38365747306567655,0
1046,0.27683632153147614,1,0.698923732955032,0
1047,0.41809015100652364,1,1.0554040139893879,-1
1048,-0.6681173045926554,0,-1.685842297509791,0
1049,-0.3532017943754515,1,-0.8910945019879901,0
1050,-0.5006839417858139,0,-1.263293100438615,0
1051,0.14400793656186517,1,0.3637066264222068,0
1052,-0.042607211277760015,1,-0.10725136880077607,0
1053,0.3543838417891585,1,0.8946293072230865,0
1054,-0.5888278834073168,0,-1.485740712637758,0
1055,-0.061170625782717813,1,-0.15409959404378495,0
1056,0.6174098914742865,0,1.558424408988269,0
1057,-0.5662557182479546,0,-1.4287756603664865,0
1058,-0.26675383644250683,1,-0.6729270197093866,0
1059,0.15614312638617522,1,0.3943320324381158,0
1060,1.074321234386305,0,2.711525068520009,0
1061,0.3777918459589631,1,0.9537037545206684,0
1062,0.18592317152443338,1,0.469487508927179,0
1063,-0.19236041916523214,1,-0.48518141028650213,0
1064,0.04434346883003126,1,0.11218482628255294,0
1065,-0.15602376171755727,1,-0.3934791045370891,0
1066,0.3091173767904949,1,0.7803909731253481,0
1067,-0.3212547955015254,1,-0.8104703151669651,0
1068,0.5793029342822427,0,1.4622544229449268,0
1069,-0.8211198332026326,0,-2.071972603502569,0
1070,-0.32565473811554846,1,-0.8215743877815702,0
1071,-0.025231492632147412,1,-0.06340051471079143,0
1072,-0.21822851803096122,1,-0.5504643635894324,0
1073,-0.4356151541370522,0,-1.0990799262273425,0
1074,0.35087502911035157,1,0.8857741665554916,0
1075,-0.0597164758153963,1,-0.15042977644702774,0
1076,0.5892161196618695,0,1.4872721879372686,0
1077,-0.16578476027355032,1,-0.41811279780648836,0
1078,-0.20019898516847423,1,-0.5049634878565528,0
1079,-0.3009968488441126,1,-0.7593456232244419,0
1080,0.2948992888465223,1,0.7445089867404489,0
1081,-0.049625538476938735,1,-0.12496342136354396,0
1082,-0.1552934352381195,1,-0.39163598998504934,0
1083,-0.4028923674199035,1,-1.0164978946568843,1
1084,-0.10649923958926932,1,-0.2684947722043297,0
1085,0.28327253073847336,1,0.7151667026177524,0
1086,0.823784653072441,0,2.079249460502389,0
1087,0.4692875934446086,1,1.1846102715216327,-1
1088,0.1319277110317737,1,0.3332199330141097,0
1089,-0.5380150812678456,0,-1.3575051663581321,0
1090,-1.080554602296297,0,-2.726704441501552,0
1091,-0.5288272958056528,0,-1.3343180828233496,0
1092,1.432457349325701,0,3.6153480896487986,0
1093,-0.033241356125103705,1,-0.08361489332004737,0
1094,0.17536541691217833,1,0.44284305372723487,0
1095,-2.101892220140503,0,-5.304239665807651,0
1096,-1.5300005939598338,0,-3.8609649002332915,0
1097,0.9882986492397093,0,2.49443109349417,0
1098,0.3414283921077823,1,0.861933823068731,0
1099,-0.4539918672361146,0,-1.1454569757868995,0
1100,-0.543732599452083,0,-1.3719343857053925,0
1101,0.7451284376593514,0,1.8807458880345702,0
1102,0.17476501180817378,1,0.4413278199030941,0
1103,0.5350413463569098,0,1.3505520828293496,0
1104,0.2162618660868153,1,0.5460528410247693,0
1105,-0.25740820907380146,1,-0.6493415927994071,0
1106,-0.8745247226879039,0,-2.206749763761302,0
1107,0.5872184947200326,0,1.4822308102747037,0
1108,0.388768082939954,1,0.9814043277244168,0
1109,0.5922589936432758,0,1.494951445739164,0
1110,-0.22839134718505866,1,-0.5761121510258558,0
1111,-0.09186177043839681,1,-0.23155439943053172,0
1112,0.25506240679659653,1,0.6439732139301362,0
1113,-0.15962712752720742,1,-0.40257286759659316,0
1114,0.5149453407519697,0,1.2998360792183996,0
1115,-0.06410941331035512,1,-0.16151617034225244,0
1116,-0.6831562830292093,0,-1.7237959535590197,0
1117,0.554541986504594,0,1.3997655711010024,0
1118,0.08256563795180022,1,0.2086455710348063,0
1119,0.5793307515530466,0,1.462324624995736,0
1120,-0.41675847295386526,1,-1.051491588038287,1
1121,0.38780764697945536,1,0.9789804891468258,0
1122,0.13540317603131052,1,0.3419909146176832,0
1123,0.16924756864892967,1,0.42740352705165063,0
1124,0.24271798403135636,1,0.612819769716172,0
1125,0.5002261755783988,0,1.262689531353709,0
1126,-0.4723445924430315,0,-1.1917734874441197,0
1127,-0.024411595644629164,1,-0.06133135234106356,0
1128,-0.11081981347915698,1,-0.2793985430983353,0
1129,0.06676581006427035,1,0.1687717700442565,0
1130,-0.09261651753043765,1,-0.23345914393537437,0
1131,-0.42126995256874333,1,-1.0628771449960657,1
1132,0.43839962612352024,1,1.1066587475727074,-1
1133,0.051463723415567986,1,0.13015411154102213,0
1134,-1.8242565875669072,0,-4.603574567432602,0
1135,0.4981560646465335,0,1.2574652218287485,0
1136,0.38165202081836014,1,0.9634456229275897,0
1137,-0.14667077534720815,1,-0.36987510581929484,0
1138,-0.3045780844171806,1,-0.7683835365205415,0
1139,0.28169358984960746,1,0.7111819519466283,0
1140,0.09652485856733216,1,0.24387425762361445,0
1141,-0.02228841974907869,1,-0.05597312352175283,0
1142,0.2547812638334326,1,0.6432636974314191,0
1143,0.4912700418460284,1,1.2400870639957486,-1
1144,0.30514858728783356,1,0.7703749954875536,0
1145,0.12539687734747862,1,0.3167381609034469,0
1146,-0.12736629522736526,1,-0.32115666382081165,0
1147,0.2930618559138507,1,0.7398718833737309,0
1148,0.2815578327977244,1,0.7108393438050471,0
1149,0.11560620396491728,1,0.2920295776961676,0
1150,0.42707481534464387,1,1.078078483631418,-1
1151,0.34207427828292214,1,0.8635638368254251,0
1152,-0.006920028870147754,1,-0.01718813397543462,0
1153,-0.11880641414374606,1,-0.29955421363840246,0
1154,-0.16578057853174522,1,-0.4181022444041527,0
1155,0.00034844337255807156,1,0.0011552060770055154,0
1156,0.10171720719032962,1,0.25697811401627574,0
1157,-0.09438101932565346,1,-0.2379121920274636,0
1158,0.11791993720131289,1,0.29786871336713744,0
1159,0.4382760166635838,1,1.106346796136202,-1
1160,0.16097613839758737,1,0.4065290361333322,0
1161,0.09105476636916116,1,0.23006946371937342,0
1162,-0.29730542511756897,1,-0.7500296296521217,0
1163,-0.20553287948854904,1,-0.5184245611123663,0
1164,-0.02906826971051968,1,-0.0730833344704209,0
1165,-0.702087527691734,0,-1.771572466540702,0
1166,-0.33655042605423535,1,-0.8490716805125391,0
1167,-0.05951201188476618,1,-0.1499137737324586,0
1168,-0.24380962006375362,1,-0.6150230270657332,0
1169,0.9788931894019153,0,2.4706946682326767,0
1170,-0.511487718293921,0,-1.2905584375990689,0
1171,-0.30461394755129856,1,-0.7684740438021965,0
1172,-0.8201939939842747,0,-2.0696360762312063,0
1173,-0.30390995559678513,1,-0.7666973893162718,0
1174,-0.9142701527818349,0,-2.3070547405705764,0
1175,-1.393091157611601,0,-3.5154485023625015,0
1176,1.2389967525267584,0,3.127114332218924,0
1177,-0.7239737339332283,0,-1.826806374044229,0
1178,1.0286342186826434,0,2.5962253965876507,0
1179,-0.7799102953736035,0,-1.9679726788195833,0
1180,0.040608444392638665,1,0.10275879821619809,0
1181,0.251669843310245,1,0.6354114496966566,0
1182,-0.05547633847224248,1,-0.13972900212233058,0
1183,-1.0326922501687876,0,-2.605914903966261,0
1184,0.48328252918190306,1,1.2199290918554189,-1
1185,0.4229924963404059,1,1.067775993204709,-1
1186,0.21714466117545705,1,0.5482807384379884,0
1187,-0.8009305402548225,0,-2.02102117195082,0
1188,-0.7484539480225507,0,-1.8885867422705251,0
1189,-0.04803374514525416,1,-0.12094623516522025,0
1190,-0.5026378401189512,0,-1.2682241258805298,0
1191,0.07482658623825708,1,0.1891146362627291,0
1192,0.6899397601252013,0,1.7414670072395992,0
1193,0.47556964047812583,1,1.2004641842990902,-1
1194,-0.19951952902679082,1,-0.5032487540526058,0
1195,0.12925956884964077,1,0.32648638052593176,0
1196,0.06653065430943195,1,0.16817831080932336,0
1197,0.4330721342441242,1,1.093213832065402,-1
1198,-0.15344056317715593,1,-0.3869599231097815,0
1199,-0.29085932117586377,1,-0.7337616887881067,0
1200,0.471964996239898,1,1.191367194887562,-1
1201,-0.49378554730991786,0,-1.2458837203843374,0
1202,0.08781159047862347,1,0.22188470683738779,0
1203,-0.3556540406894151,1,-0.8972832011433756,0
1204,-0.1590587097336275,1,-0.4011383596929608,0
1205,-0.16035970846110437,1,-0.40442167168329674,0
1206,-0.14865882253983254,1,-0.3748923122523529,0
1207,0.37011013999144127,1,0.934317542392457,0
1208,0.08837308004840483,1,0.2233017300811284,0
1209,0.5563997959707044,0,1.4044540984354372,0
1210,-0.09068369760681733,1,-0.22858131377585514,0
1211,0.0013628625856704213,1,0.0037152814216588853,0
1212,-0.702921222599271,0,-1.7736764505249962,0
1213,-0.19468505116678692,1,-0.4910480510161405,0
1214,-0.7491979894304565,0,-1.8904644689925343,0
1215,-0.8579704838469077,0,-2.1649720665740504,0
1216,-0.13621066137000748,1,-0.34347706490173807,0
1217,-0.3836901260678375,1,-0.968037471182962,0
1218,0.06258272120983299,1,0.15821496817939146,0
1219,-0.9032925225484985,0,-2.279350651235694,0
1220,0.7936426513671315,0,2.003180519371523,0
1221,0.014071344990335355,1,0.03578749777127229,0
1222,-0.8098424564006307,0,-2.0435120480142794,0
1223,0.3494667426109145,1,0.8822200939405265,0
1224,-0.06980962941028235,1,-0.1759017246653483,0
1225,0.42897929834102266,1,1.082884800290565,-1
1226,0.3636379698301289,1,0.9179838185806409,0
1227,0.35927638632264236,1,0.9069765522977945,0
1228,-0.24020042930051583,1,-0.6059145636536819,0
1229,0.4055811818308313,1,1.0238353063389618,-1
1230,0.5421528197511092,0,1.3684992071200957,0
1231,0.147835473080131,1,0.3733661259116822,0
1232,-0.20092621514776654,1,-0.5067987878152029,0
1233,-0.0007476302586121976,1,-0.0016109393615006083,0
1234,0.0022714229898970206,1,0.00600820239547645,0
1235,0.07046722987730114,1,0.17811299059791544,0
1236,-0.4968363785167889,0,-1.2535830597229984,0
1237,0.2876946856381075,1,0.7263268320617298,0
1238,0.38084970318153677,1,0.9614208253152592,0
1239,0.25124705225562177,1,0.6343444579235413,0
1240,0.20562351258158856,1,0.5192049795446245,0
1241,0.3847294148624384,1,0.9712119985208281,0
1242,0.04352886377798068,1,0.11012901909512164,0
1243,0.5182766518044679,0,1.3082432615554787,0
1244,-0.435648469842433,0,-1.0991640045993138,0
1245,0.44282704901418757,1,1.1178321717707524,-1
1246,1.0262563910101772,0,2.590224506699694,0
1247,0.9301393680998375,0,2.3476553426168456,0
1248,-0.6356621233129789,0,-1.6039356179769446,0
1249,0.16047037607172146,1,0.4052526509427054,0
1250,0.2987040357474567,1,0.7541109723966981,0
1251,-0.15106148330300023,1,-0.38095587305822504,0
1252,-0.29439298751615856,1,-0.7426795522878177,0
1253,0.3413148557023661,1,0.8616472928566948,0
1254,0.35510952253391076,1,0.8964606974005557,0
1255,-0.36009760397045865,1,-0.9084973586151217,0
1256,-0.290939314461726,1,-0.7339635667062558,0
1257,0.20775617533139096,1,0.5245871502031224,0
1258,0.5460638817269742,0,1.378369498619311,0
1259,-0.42648779105566237,0,-1.0760453297958792,0
1260,0.45908670490222736,1,1.1588664341481434,-1
1261,-0.3989091691865414,1,-1.0064455539102903,1
1262,-0.05480749423419157,1,-0.13804104942869605,0
1263,0.26197404658745477,1,0.6614160209974562,0
1264,-0.15367481754808548,1,-0.3875511075349602,0
1265,-0.4018872102884633,1,-1.0139611938960547,1
1266,-0.07137273854557291,1,-0.17984652096507753,0
1267,0.6870984822943454,0,1.7342965147764615,0
1268,-0.3177274631017115,1,-0.8015684365427869,0
1269,0.08854688071164829,1,0.2237403483437783,0
1270,0.4165491258056606,1,1.051514950600974,-1
1271,-0.12739803790053394,1,-0.3212367723537556,0
1272,0.04277041421252872,1,0.10821493071077479,0
1273,-0.5240806445480404,0,-1.3223390265345807,0
1274,0.46633836793279654,1,1.1771673530309155,-1
1275,-0.30222032296228246,1,-0.7624332874605503,0
1276,0.16057672768744025,1,0.4055210490031388,0
1277,0.04146238722925155,1,0.10491388161120659,0
1278,-0.4196094189654448,1,-1.0586864799516504,1
1279,0.5881094463661862,0,1.4844792922761418,0
1280,0.2272116915697815,1,0.5736867599064833,0
1281,-0.4292466561540858,0,-1.0830078384179593,0
1282,-0.06039395769858119,1,-0.15213952784287288,0
1283,-0.5674505676336083,0,-1.4317910847721436,0
1284,-0.47819980507013005,0,-1.2065502042990262,0
1285,0.12516639737592772,1,0.316156501876314,0
1286,0.011012048795380106,1,0.02806679546254208,0
1287,-0.34930999036215604,1,-0.8812728115350932,0
1288,-0.1672909690518809,1,-0.42191399548439307,0
1289,0.33604861033054345,1,0.8483569442897214,0
1290,0.11326760972525723,1,0.2861277006647445,0
1291,-0.058118545667153465,1,-0.14639710285201205,0
1292,0.36254856944539665,1,0.915234514319287,0
1293,0.2719219800453219,1,0.6865214792207889,0
1294,-0.09911613841640521,1,-0.24986214475069585,0
1295,0.24137205637275921,1,0.609423071221188,0
1296,0.04924290009042087,1,0.12454945129203436,0
1297,0.37376845483813564,1,0.9435499795554589,0
1298,-0.024306678228875445,1,-0.0610665737506899,0
1299,0.2298361757197287,1,0.5803101332395841,0
1300,-0.3680873638565704,1,-0.9286610020376265,0
1301,0.33252881224026437,1,0.8394740798953899,0
1302,0.5859542935932736,0,1.479040363866094,0
1303,-0.3490960314032648,1,-0.880732846352706,0
1304,0.14682442869574983,1,0.3708145675743128,0
1305,0.28493429671274895,1,0.7193604777792799,0
1306,-0.26937887289326196,1,-0.6795517868761835,0
1307,0.44933217854959584,1,1.134249074686343,-1
1308,-0.15342518745812284,1,-0.3869211196262767,0
1309,0.44187781017960326,1,1.1154365912206257,-1
1310,0.11176473242114165,1,0.2823349105809478,0
1311,0.049760471181822585,1,0.12585563809634137,0
1312,0.22283109284843214,1,0.5626315051987785,0
1313,-0.024347601445303235,1,-0.06116985109012363,0
1314,-0.08425001371276908,1,-0.212344717209518,0
1315,-0.11043633270584671,1,-0.2784307581232379,0
1316,-0.4929671782858455,0,-1.2438184141142326,0
1317,-0.2196646091358022,1,-0.5540886062917167,0
1318,-0.4262376097814423,0,-1.0754139508713223,0
1319,0.8020739224775564,0,2.024458398393217,0
1320,-0.08717670229085517,1,-0.21973075956103152,0
1321,-0.5126219571195183,0,-1.2934208999961,0
1322,-0.14897208806274642,1,-0.3756828959983776,0
1323,-0.17908754720390924,1,-0.451684852037501,0
1324,-0.0242672582699619,1,-0.06096709016087087,0
1325,-0.23103424016211635,1,-0.5827819824541901,0
1326,0.08990253748360094,1,0.2271616000638046,0
1327,0.19503445949697737,1,0.4924815368350113,0
1328,0.18086997453947623,1,0.4567348275449182,0
1329,-0.31745257868806276,1,-0.8008747146564944,0
1330,-0.04017318503331063,1,-0.10110865137576218,0
1331,0.5594705229619719,0,1.4122036484822922,0
1332,-0.24013532507437607,1,-0.6057502610438548,0
1333,-0.5610246456477349,0,-1.4155740768231049,0
1334,0.22564746676000033,1,0.5697391479949053,0
1335,-0.28936163902671896,1,-0.7299820096430425,0
1336,0.3218314647985971,1,0.8124773362566531,0
1337,0.2529659768499861,1,0.6386824834818793,0
1338,0.3248248096741755,1,0.8200315981583981,0
1339,-0.02298328425120999,1,-0.05772674318587896,0
1340,0.18525892427553808,1,0.46781115758971437,0
1341,-0.005631941737050811,1,-0.013937406792252305,0
1342,-0.23256390250501688,1,-0.5866423695595264,0
1343,-0.058092518474532284,1,-0.14633141839606054,0
1344,0.4807754547371623,1,1.2136020237259626,-1
1345,-0.296925134101245,1,-0.7490698946213772,0
1346,0.17405716224933998,1,0.4395414300359954,0
1347,-0.025022928389087127,1,-0.06287416409604239,0
1348,-0.6268428646533133,0,-1.5816785802938167,0
1349,0.21747164968492616,1,0.5491059546900627,0
1350,0.06541091905060675,1,0.1653524508575364,0
1351,-0.026901644097590355,1,-0.0676154522171492,0
1352,0.3297700803721981,1,0.8325119075048678,0
1353,-0.021451422046913637,1,-0.05386080432161662,0
1354,0.23835984433031066,1,0.6018211945186748,0
1355,0.23582527272300063,1,0.5954247321910097,0
1356,-1.0381625364317604,0,-2.6197201876290825,0
1357,-0.57526454842789,0,-1.4515111169999044,0
1358,0.40319668472680037,1,1.017817584901394,-1
1359,0.47275539772715236,1,1.1933619198826544,-1
1360,0.4315346587562139,1,1.0893337270370953,-1
1361,0.9089074741110733,0,2.294072713642221,0
1362,-0.39619488485018245,1,-0.9995955531235626,0
1363,-0.5221625484335495,0,-1.3174983546428116,0
1364,-0.6043702489536993,0,-1.5249647595786717,0
1365,-0.6622541456573257,0,-1.671045526669786,0
1366,0.46553625956613864,1,1.1751430835507262,-1
1367,0.2108791183342576,1,0.5324684770560191,0
1368,-0.4602876279296714,0,-1.1613454975332116,0
1369,-0.2253533427035537,1,-0.5684451823116247,0
1370,-0.26575050340479744,1,-0.6703949223879694,0
1371,-0.5196087101873376,0,-1.3110532693724917,0
1372,0.010365865702806065,1,0.02643603237954096,0
1373,-0.9853998931990224,0,-2.4865638551061156,0
1374,1.0037426152469908,0,2.533406810917344,0
1375,0.18894516101933,1,0.47711406084741503,0
1376,0.31179464125552525,1,0.7871475473891695,0
1377,0.1565441342688243,1,0.39534405032984304,0
1378,-0.12544298577618507,1,-0.31630283510536533,0
1379,-0.08821971835472187,1,-0.22236300437133047,0
1380,-0.4646158724618667,0,-1.1722686267181444,0
1381,-0.15490483448430142,1,-0.3906552837879426,0
1382,0.1374557795967962,1,0.3471710410510392,0
1383,-0.25401343682986616,1,-0.6407742543558184,0
1384,0.2273885182522414,1,0.5741330148908044,0
1385,-0.9537932262293413,0,-2.406798559072838,0
1386,-0.9722533306702473,0,-2.4533860621761097,0
1387,0.007975837890632442,1,0.020404353172471495,0
1388,-0.6969202521605015,0,-1.7585318867532271,0
1389,0.03871134170666768,1,0.09797110714149039,0
1390,0.37916291607013175,1,0.9571639046657202,0
1391,0.07755116652829963,1,0.19599062080137558,0
1392,-0.8080556844556325,0,-2.0390027970618316,0
1393,0.042289714354696806,1,0.10700179531437573,0
1394,-0.09461210922250762,1,-0.2384953903144122,0
1395,0.1742100214800426,1,0.4399271987030969,0
1396,-0.06870230139450895,1,-0.1731071766964393,0
1397,-0.3021624077648136,1,-0.762287127700163,0
1398,0.11164918218057684,1,0.28204329808178075,0
1399,-0.42511596820665964,1,-1.0725832799770583,1
1400,-0.049043084315989305,1,-0.12349349007915665,0
1401,-0.23446971761276814,1,-0.5914520480492038,0
1402,0.3605929005626525,1,0.9102990205665039,0
1403,0.8344038034845969,0,2.106048859409589,0
1404,0.240793509450403,1,0.6079630005792834,0
1405,-0.4080882977031237,1,-1.0296107900345242,1
1406,-0.8272270469124936,0,-2.0873852919069757,0
1407,0.5855461346960383,0,1.4780102990605322,0
1408,-0.14700463592641383,1,-0.37071766501605313,0
1409,-0.4394907414373233,0,-1.1088606907921565,0
1410,0.5855509194000175,0,1.4780223741499332,0
1411,0.17755446287233523,1,0.448367517892022,0
1412,-0.5064472097726416,0,-1.277837777912181,0
1413,0.25942134649872395,1,0.6549738080789885,0
1414,0.16334195357256487,1,0.4124996102521762,0
1415,-0.3424271677059847,1,-0.8639027298608472,0
1416,-0.5319927031058749,0,-1.3423065762197053,0
1417,-0.3361572291823804,1,-0.8480793751576925,0
1418,-0.07655135525861534,1,-0.19291572233183188,0
1419,0.01724571609846315,1,0.04379861300218808,0
1420,1.3433704532873576,0,3.3905207567952345,0
1421,-1.1091912201968925,0,-2.7989742669286994,0
1422,-0.09273344679271206,1,-0.23375423665202236,0
1423,0.48286625811488126,1,1.2188785544823093,-1
1424,-0.5061376570369498,0,-1.2770565640744787,0
1425,-0.8270875759859891,0,-2.087033311112818,0
1426,-0.5483244555339303,0,-1.383522787610032,0
1427,-0.4764716216045901,0,-1.202188812259149,0
1428,0.6987827320863402,0,1.7637838898444889,0
1429,0.3156649713848887,1,0.7969150445065127,0
1430,-0.14451881165125377,1,-0.3644442256374229,0
1431,-0.46062621764296313,0,-1.162199991578422,0
1432,-0.9691769731759005,0,-2.4456223025086903,0
1433,0.02615634865617511,1,0.06628624969261965,0
1434,0.9490439527909815,0,2.395364574207818,0
1435,-0.007661950078743263,1,-0.019060509980590615,0
1436,0.7313562441818507,0,1.8459891991747737,0
1437,-0.6645467656513321,0,-1.6768313791511358,0
1438,0.352720379492389,1,0.8904312510766001,0
1439,-0.3121820935080788,1,-0.7875736661459477,0
1440,-0.048056422051336645,1,-0.12100346455066996,0
1441,-0.7325450680037355,0,-1.8484377279668038,0
1442,0.4383970463696206,1,1.1066522370844711,-1
1443,0.5299871751041931,0,1.3377969427013967,0
1444,-0.5282153801577234,0,-1.332773800003168,0
1445,0.1648341528019448,1,0.41626545223058836,0
1446,-0.2336589453720968,1,-0.5894059136733536,0
1447,0.7791123808774825,0,1.9665106823348548,0
1448,-0.6308440174739615,0,-1.591776232777058,0
1449,-1.0942272195697016,0,-2.761209831310891,0
1450,-0.30977098553240484,1,-0.7814887872299799,0
1451,-0.4812630223524337,0,-1.2142808022001457,0
1452,-0.30022781357456996,1,-0.7574048198491938,0
1453,-0.11453620971905235,1,-0.28877755944753064,0
1454,0.3963150995421691,1,1.0004506262164787,-1
1455,-0.4365174018695507,0,-1.1013569160012762,0
1456,0.012554909014172416,1,0.03196048985961305,0
1457,0.3488291535369087,1,0.8806110194599923,0
1458,-1.059123691904789,0,-2.67261955766103,0
1459,-0.45083077868827337,0,-1.1374793815645212,0
1460,0.5428895188662366,0,1.3703584042022166,0
1461,0.34017799469854837,1,0.858778212905772,0
1462,-0.37355849833776955,1,-0.9424684263367259,0
1463,-0.35330038288272414,1,-0.8913433084020174,0
1464,0.6761766398578599,0,1.7067332163112747,0
1465,0.3545481908634207,1,0.8950440726450114,0
1466,0.56236349403817,0,1.4195045984537018,0
1467,-0.2302294508899913,1,-0.5807509472109916,0
1468,-0.6860241180348132,0,-1.7310334679864672,0
1469,-0.3559007383159263,1,-0.8979057884357418,0
1470,-0.8490948898415454,0,-2.1425728561799895,0
1471,-0.9223562177533611,0,-2.327461427767832,0
1472,0.6569813619871894,0,1.6582903664763402,0
1473,-0.6960132479705738,0,-1.756242893175309,0
1474,0.31009118406442915,1,0.782848556696537,0
1475,0.8076700983221388,0,2.0385813878031915,0
1476,-0.6042365988820733,0,-1.5246274687932073,0
1477,0.02366109098688529,1,0.05998900339135248,0
1478,0.3123123345101435,1,0.7884540424950491,0
1479,0.6924885161549199,0,1.7478992665924162,0
1480,0.3916416341785719,1,0.9886562681278454,0
1481,-0.5958567682917315,0,-1.5034794094806418,0
1482,-1.222414116252405,0,-3.0847132798488595,0
1483,0.37968505722898316,1,0.9584816248842707,0
1484,0.2263304135071471,1,0.5714626909902292,0
1485,0.24752603812892016,1,0.6249537874790724,0
1486,0.11440299779237117,1,0.28899306338625097,0
1487,0.0759837455610517,1,0.19203494279264316,0
1488,0.6216053134925439,0,1.5690123358833081,0
1489,-0.2687289266110806,1,-0.6779115266850771,0
1490,-0.2029395639941272,1,-0.5118798476720446,0
1491,-0.1958247249983459,1,-0.49392422966044,0
1492,0.486109493545835,1,1.2270634616255962,-1
1493,0.24392744675084566,1,0.6158720735846507,0
1494,-0.2158255648247165,1,-0.544400064749125,0
1495,-0.16069746560373233,1,-0.40527406458176074,0
1496,0.4071996801463015,1,1.0279198875251616,-1
1497,0.5045781471143258,0,1.2736725400405982,0
1498,-0.12207882197755993,1,-0.30781274276000103,0
1499,0.5181080450752924,0,1.3078177511503863,0
1500,-0.6688726375370817,0,-1.6877485205219689,0
1501,-0.031727003517780045,1,-0.07979314317670552,0
1502,0.4643806016768681,1,1.1722265661672486,-1
1503,-0.4090097948305418,1,-1.0319363592327198,1
1504,-0.39320085583818454,1,-0.992039564676463,0
1505,-0.3095357963685943,1,-0.7808952436812988,0
1506,-0.19698683657912602,1,-0.4968570341334186,0
1507,-0.43411644854452525,0,-1.0952976642327665,0
1508,-0.36484466493453643,1,-0.9204774488742719,0
1509,1.413695826467651,0,3.5679999011718864,0
1510,-0.41915879789817656,1,-1.057549253971323,1
1511,0.4023635214309299,1,1.0157149425379042,-1
1512,0.05116266034296954,1,0.12939432294535846,0
1513,-0.5422132765144569,0,-1.3681000920101372,0
1514,-0.08049884538668989,1,-0.202877947040826,0
1515,0.31847788583200426,1,0.8040139567013888,0
1516,0.3739120904456719,1,0.9439124706959212,0
1517,-0.004658391253200778,1,-0.011480471278547882,0
1518,0.5142883131884433,0,1.2981779480982474,0
1519,0.014109334621042802,1,0.03588337166213466,0
1520,0.8725976513845108,0,2.202438130296931,0
1521,0.24013887724637456,1,0.6063109145938382,0
1522,-0.5490736206538632,0,-1.385413444971233,0
1523,-0.6695864127531362,0,-1.689549864885942,0
1524,-0.589044465945479,0,-1.486287298909848,0
1525,0.7339508485913661,0,1.8525371654317904,0
1526,0.0562762236759774,1,0.1422993500218784,0
1527,-0.26052766947998895,1,-0.6572141306725817,0
1528,0.2394963962860359,1,0.6046894945293209,0
1529,0.1600705061695979,1,0.4042435049562501,0
1530,0.25412982595549805,1,0.6416196729213186,0
1531,0.11149959919821502,1,0.2816657976360338,0
1532,-0.21426032182178442,1,-0.5404498832379692,0
1533,0.0032276071188697825,1,0.008421310686299914,0
1534,-0.7570373540887039,0,-1.9102485621168663,0
1535,0.3683713946625855,1,0.9299294955283034,0
1536,-0.29752564279717225,1,-0.7505853898789804,0
1537,-0.29410044097710153,1,-0.7419412567467605,0
1538,-0.11031823710751507,1,-0.2781327219408658,0
1539,-0.33449288004590927,1,-0.8438790809064607,0
1540,-0.3680862141703261,1,-0.9286581005907985,0
1541,-0.07945781364929921,1,-0.20025071004704054,0
1542,-0.40810111815329264,1,-1.0296431448223284,1
1543,0.10732180794061019,1,0.2711223652409713,0
1544,0.14274691580690624,1,0.3605242062726892,0
1545,0.1006622826490112,1,0.25431581595075203,0
1546,0.06622735383023004,1,0.167412875702427,0
1547,0.05602038419296962,1,0.14165369155625496,0
1548,-0.30075651130766157,1,-0.7587390868009299,0
1549,0.33503659348182985,1,0.8458029317579433,0
1550,0.20191980165132023,1,0.5098579769309693,0
1551,-0.4675524689352577,0,-1.179679673484164,0
1552,0.17876134167184332,1,0.45141330075838354,0
1553,0.0324692237670712,1,0.08221796285063045,0
1554,-0.4755194807970461,0,-1.1997859080411255,0
1555,0.1184148222286362,1,0.29911764767409066,0
1556,0.27045963154966424,1,0.6828309711146401,0
1557,0.0029903456003850803,1,0.007822537165593309,0
1558,0.10471861076928812,1,0.26455271355315874,0
1559,0.12155264003701087,1,0.3070365138621511,0
1560,-0.2040700972729201,1,-0.514732958433293,0
1561,-0.08598555380399531,1,-0.21672467506103954,0
1562,-0.495466573572964,0,-1.2501261024627832,0
1563,0.019848626029140615,1,0.050367539784869964,0
1564,0.1257149008975994,1,0.31754075241508184,0
1565,-0.3652841025482486,1,-0.9215864513318714,0
1566,0.3284094402973695,1,0.8290780794942284,0
1567,0.3579829536102088,1,0.9037123345520464,0
1568,0.3520705429768657,1,0.8887912679020481,0
1569,-0.056745768653154505,1,-0.14293264502055691,0
1570,0.18930876030142563,1,0.4780316711858182,0
1571,0.2808589337121278,1,0.7090755421199951,0
1572,-0.6603048179603808,0,-1.6661260360774426,0
1573,-0.24816006493252818,1,-0.6260021829244364,0
1574,0.3657247925213619,1,0.9232503033351022,0
1575,0.5751434658113403,0,1.4517572315061438,0
1576,-0.07780869826819714,1,-0.19608886100763312,0
1577,-0.8316323085814966,0,-2.098502788145005,0
1578,-0.5926593247888159,0,-1.4954100667750538,0
1579,0.6680521245505742,0,1.6862294925483678,0
1580,-0.959423948671047,0,-2.4210087332387733,0
1581,0.18218832190745604,1,0.4600619220526204,0
1582,0.04510590183837904,1,0.11410896762509753,0
1583,-0.5684585897711516,0,-1.4343350159081398,0
1584,-0.17172845931528247,1,-0.433112826567865,0
1585,0.7583125566482231,0,1.9140184616689266,0
1586,-0.5836278954418541,0,-1.4726175769451368,0
1587,-0.615255013848987,0,-1.552434485980323,0
1588,0.5530801571261748,0,1.3960763730836474,0
1589,-0.45606918600313684,0,-1.1506994756229612,0
1590,-0.7891898426362347,0,-1.9913913403054209,0
1591,-0.7025031433990396,0,-1.7726213499918142,0
1592,-0.09933275301883468,1,-0.2504088119429212,0
1593,-0.09254170847172787,1,-0.23327034937757807,0
1594,-0.5581413774835557,0,-1.4082976139527967,0
1595,-0.7672171577787412,0,-1.9359391879482895,0
1596,-0.11129443924353799,1,-0.28059634939145656,0
1597,0.08136554989733646,1,0.20561692587515926,0
1598,-0.04026423420882774,1,-0.10133843088543572,0
1599,-0.028610123954216915,1,-0.0719271185393664,0
1600,1.2214294471071883,0,3.0827799733115713,0
1601,1.6698259721163868,0,4.214391907969557,0
1602,-0.28429760749596994,1,-0.7172019852716173,0
1603,0.3620889973403813,1,0.9140746987322671,0
1604,-0.9339249916323011,0,-2.3566573779159725,0
1605,-0.3918621305349897,1,-0.9886610426634014,0
1606,-0.6908723099742446,0,-1.7432687810501906,0
1607,-0.5832946310486863,0,-1.4717765223346053,0
1608,-0.006238626573510153,1,-0.01546848868790111,0
1609,0.13851623677704517,1,0.34984730175876627,0
1610,-0.35166131187506033,1,-0.8872068082050405,0
1611,0.0595093637370685,1,0.15045877962378373,0
1612,-0.0019023479694557643,1,-0.004525084030049775,0
1613,0.3187697887193639,1,0.8047506278678089,0
1614,0.26882140530480725,1,0.6786966028335477,0
1615,-0.4233470049037701,1,-1.0681189724414886,1
1616,-0.07943676378987385,1,-0.20019758681610533,0
1617,-0.5242788415696569,0,-1.322839213539978,0
1618,-0.06225849237838249,1,-0.15684502750347704,0
1619,0.16253647643120595,1,0.4104668390431726,0
1620,0.24986491626262003,1,0.6308563809698472,0
1621,-0.24650372646522878,1,-0.621822105085094,0
1622,0.7496221604822627,0,1.8920866324289365,0
1623,-0.1400475460359092,1,-0.35316015617848584,0
1624,-0.06558425326324491,1,-0.1652382029614086,0
1625,-0.06435294249827606,1,-0.16213076149119868,0
1626,-0.35215075497019166,1,-0.8884420087850967,0
1627,-0.12648605965519794,1,-0.31893522582292666,0
1628,-0.2513738686735034,1,-0.6341128137301981,0
1629,-0.1515102429517976,1,-0.3820884014032242,0
1630,-0.22646827883648277,1,-0.5712589307776238,0
1631,-0.41801699668058323,1,-1.0546677064731367,1
1632,0.08560184867065079,1,0.21630801285573104,0
1633,0.5294126802001862,0,1.3363470980805867,0
1634,0.2108882235396805,1,0.5324914557334829,0
1635,0.05658688529813356,1,0.1430833623405843,0
1636,0.3057237888141987,1,0.7718266234011619,0
1637,-0.07357111780335257,1,-0.18539453944037013,0
1638,-0.48119012810655293,0,-1.2140968400282601,0
1639,0.8224757222471373,0,2.0759461303895494,0
1640,0.18921976958437797,1,0.4778070865785159,0
1641,0.4020712464247712,1,1.0149773322605617,-1
1642,0.44321233278620836,1,1.1188045069480597,-1
1643,0.018326104251783576,1,0.046525173223267886,0
1644,0.512859305546592,0,1.2945715818307943,0
1645,0.7108576267146616,0,1.794257129731586,0
1646,0.3338852495906166,1,0.8428973015500246,0
1647,0.38070573544154807,1,0.9610574959768492,0
1648,0.49050264270773825,1,1.238150389701679,-1
1649,-0.5225436066331961,0,-1.318460025803199,0
1650,-0.13235625761396164,1,-0.333749760946288,0
1651,0.37599537716380665,1,0.9491700317653505,0
1652,0.48994945445229354,1,1.236754316366898,-1
1653,-0.539543748373408,0,-1.361363041797149,0
1654,-0.12396654077348235,1,-0.3125767518448176,0
1655,0.6443275816404728,0,1.626356200932592,0
1656,1.267388808867771,0,3.1987669611154406,0
1657,-0.49070579094796357,0,-1.2381113830430637,0
1658,-0.6351894303959693,0,-1.6027426895832526,0
1659,0.3434304977467092,1,0.8669865086028333,0
1660,-0.17595154657447015,1,-0.4437705718380828,0
1661,0.01636167940153932,1,0.041567582159801185,0
1662,-0.7520803072827885,0,-1.8977385335743457,0
1663,-0.016637957915010437,1,-0.04171313333197624,0
1664,0.5308849056910087,0,1.3400625326189972,0
1665,-0.007528541235374719,1,-0.01872382797944963,0
1666,-0.23233842707527974,1,-0.586073340423412,0
1667,-0.8796481999053676,0,-2.219679810367063,0
1668,0.013229104741157682,1,0.03366194802978128,0
1669,0.028241229985763797,1,0.07154783506030234,0
1670,0.20632588870970606,1,0.5209775561924482,0
1671,-0.6107811474170156,0,-1.5411438528774446,0
1672,0.2164384422715756,1,0.5464984638316075,0
1673,0.3770992360676107,1,0.951955824785708,0
1674,0.07057689224006486,1,0.17838974394359242,0
1675,0.08680497367769185,1,0.21934432232941667,0
1676,0.1221999017542219,1,0.30866999905481224,0
1677,-0.12667010524299424,1,-0.31939969905600346,0
1678,0.323709920775583,1,0.8172179688970227,0
1679,0.3037072708301308,1,0.7667375656365486,0
1680,0.18438789343941808,1,0.46561294945331483,0
1681,-0.13625460710805104,1,-0.3435879701359979,0
1682,0.39586415803017005,1,0.9993125915343403,0
1683,-0.13222497333655503,1,-0.33341844068205706,0
1684,0.5758217092526305,0,1.453468904835351,0
1685,-0.12579349558430564,1,-0.3171874117244098,0
1686,0.7297437584359483,0,1.8419197918249026,0
1687,-0.7636884371658865,0,-1.9270338059105983,0
1688,0.2461416631995832,1,0.6214600601535832,0
1689,0.25271255846580876,1,0.6380429351089498,0
1690,0.634794614569927,0,1.6022979874807597,0
1691,-0.6226276877608777,0,-1.571040798303698,0
1692,-0.420253599125882,1,-1.0603121882632964,1
1693,-0.3346466277203459,1,-0.8442670917263815,0
1694,0.017910048589430017,1,0.0454751794638567,0
1695,0.16871383564999423,1,0.42605655267109815,0
1696,0.15466655194643364,1,0.3906056225191535,0
1697,-0.4527394289174801,0,-1.1422962150099047,0
1698,0.49563686269851226,1,1.2511075476916977,-1
1699,-0.6953422209528265,0,-1.7545494318315904,0
1700,-0.009845165587163335,1,-0.02457025991722956,0
1701,-0.013730967218726964,1,-0.03437680224469445,0
1702,-0.06943715811089812,1,-0.17496172414306035,0
1703,-0.32980828557879227,1,-0.8320566364575132,0
1704,0.3699408356416035,1,0.9338902714120185,0
1705,0.1398239928609721,1,0.3531476671934961,0
1706,-0.19373669597689913,1,-0.4886547005075703,0
1707,-0.02178580448335915,1,-0.05470468052207111,0
1708,-0.0069667037755384575,1,-0.017305926770523897,0
1709,-0.2984027019693971,1,-0.7527988116414941,0
1710,0.22059159333389866,1,0.556979712116183,0
1711,-0.15875098998482742,1,-0.40036177173821474,0
1712,-0.5916731826940375,0,-1.4929213539918829,0
1713,0.7226514561827275,0,1.8240210494700602,0
1714,-0.2094035580739143,1,-0.5281929376231669,0
1715,0.14640139660247464,1,0.36974696749537883,0
1716,-0.3497412792463942,1,-0.8823612491599816,0
1717,0.04940150540328603,1,0.12494972126498897,0
1718,0.26564085068231097,1,0.6706698823553402,0
1719,0.06302439682749839,1,0.15932961865574682,0
1720,-0.255851004807383,1,-0.6454116985332922,0
1721,0.05999005227467684,1,0.1516718864514955,0
1722,-0.236654397281078,1,-0.5969654930653385,0
1723,0.16451592785042757,1,0.4154623524451128,0
1724,0.10157880232988245,1,0.2566288236378691,0
1725,-0.08926892391289784,1,-0.2250108695204127,0
1726,0.36058342365636376,1,0.9102751038328502,0
1727,0.3296067479379218,1,0.8320997077628202,0
1728,0.14058894921405984,1,0.35507817666528285,0
1729,0.4257586814416463,1,1.0747569752138193,-1
1730,-0.148513100681889,1,-0.3745245560714011,0
1731,0.42588200603713805,1,1.075068207741976,-1
1732,0.050228643861250366,1,0.1270371588307191,0
1733,0.14570242918818566,1,0.3679829933701774,0
1734,0.5713602981948537,0,1.442209705183231,0
1735,0.615114685620422,0,1.5526320306091623,0
1736,0.2084377377328262,1,0.5263071995448573,0
1737,0.2585674232800772,1,0.6528187741935623,0
1738,-0.03795850349837282,1,-0.09551949107539884,0
1739,-0.6973739697243996,0,-1.7596769273180721,0
1740,-0.10671148618954468,1,-0.26903041593162497,0
1741,0.14494240319209956,1,0.36606492657025363,0
1742,-0.6842731410253403,0,-1.7266145522038556,0
1743,-0.057035114764289276,1,-0.14366286368717185,0
1744,0.006722144387410263,1,0.017240424703979695,0
1745,0.4179481888020535,1,1.0550457459924503,-1
1746,-0.08091441403650157,1,-0.20392671173360982,0
1747,0.4810140805031204,1,1.2142042401786202,-1
1748,-0.33315579349444535,1,-0.8405046945878419,0
1749,-0.2865834594450476,1,-0.7229707573342117,0
1750,0.232528782023106,1,0.5871054254827044,0
1751,-0.6255413532483124,0,-1.5783939744665028,0
1752,0.08017861975577381,1,0.20262148715321546,0
1753,0.16177738272499026,1,0.408551125049939,0
1754,-0.14411981136219348,1,-0.36343727428109085,0
1755,0.20907058111481247,1,0.5279042973899182,0
1756,0.5298140483644982,0,1.337360025210024,0
1757,-0.34865032391311546,1,-0.87960802069709,0
1758,-0.1820274173979446,1,-0.45910416064576337,0
1759,0.033328356941336276,1,0.08438614502697317,0
1760,0.09762666242172408,1,0.2466548643449901,0
1761,-0.060698068168556496,1,-0.15290700711196722,0
1762,0.16963771368268787,1,0.42838813052608493,0
1763,0.30112661679862196,1,0.7602248057501539,0
1764,-0.1978722247044985,1,-0.4990914755565661,0
1765,0.3597304115002201,1,0.908122369182909,0
1766,0.4284210818290186,1,1.0814760372161993,-1
1767,0.0033682289208998017,1,0.008776195928657709,0
1768,0.029700837502449506,1,0.07523142579679204,0
1769,0.009037363925065323,1,0.023083311332305068,0
1770,-0.15948417863506278,1,-0.40221210951000075,0
1771,-1.2744420873509084,0,-3.2160155307525646,0
1772,-0.0016305983370373167,1,-0.003839273346576419,0
1773,-0.09203758022776878,1,-0.23199808809622544,0
1774,0.17643678494685197,1,0.445546850003138,0
1775,-0.024887898138461526,1,-0.06253339017246068,0
1776,0.04261105391649428,1,0.10781275539753055,0
1777,0.2874765760402171,1,0.7257763919707162,0
1778,0.16997135995598056,1,0.42923014888205774,0
1779,-0.06540840379502985,1,-0.16479441415878276,0
1780,-0.7306754477082837,0,-1.8437193938102923,0
1781,0.08352702755397504,1,0.211071816304336,0
1782,0.21980785636548483,1,0.5550018062725292,0
1783,-0.17960832552104278,1,-0.45299913287178556,0
1784,-0.006528224084994039,1,-0.016199341810002568,0
1785,-0.11235622373782705,1,-0.2832759598227543,0
1786,0.20340997589705032,1,0.5136187084869366,0
1787,-0.41636005482042926,1,-1.0504861058598265,1
1788,0.3104861112300304,1,0.783845228769109,0
1789,0.28650954654069316,1,0.7233359133724372,0
1790,-0.5021767524750532,0,-1.2670604855495804,0
1791,0.14779362276601593,1,0.373260508868997,0
1792,-0.17126041889733046,1,-0.4319316396198931,0
1793,0.27180004867186425,1,0.68621376274727,0
1794,0.24779609306158643,1,0.6256353212728771,0
1795,0.16859997509683144,1,0.42576920441200283,0
1796,-0.3064752455893668,1,-0.7731713751960789,0
1797,-0.024542072547632854,1,-0.06166063504599344,0
1798,0.07732903947980518,1,0.19543004192739452,0
1799,0.29198325279631315,1,0.7371498280220758,0
1800,0.14444482556912663,1,0.364809196997944,0
1801,0.32654822614058376,1,0.8243809597903459,0
1802,-0.029055713610472045,1,-0.07305164681925908,0
1803,0.6518581575221112,0,1.6453610082118963,0
1804,-0.005237382688328851,1,-0.01294166373101446,0
1805,-0.49987336051729575,0,-1.2612474480164728,0
1806,-0.24003573767410016,1,-0.6054989337377579,0
1807,-0.051062084577439965,1,-0.1285888123319067,0
1808,-0.26993311024752986,1,-0.6809505078067482,0
1809,-0.05853827989624258,1,-0.1474563801579902,0
1810,-0.22984687929745312,1,-0.5797854567224816,0
1811,-0.058384638215298046,1,-0.14706863683233845,0
1812,-0.31055558725374044,1,-0.7834688754382869,0
1813,-0.013206266601575173,1,-0.03305262275762283,0
1814,-0.3761022853081017,1,-0.9488881453450216,0
1815,-0.25054212996454295,1,-0.6320137665764375,0
1816,0.05603197631707376,1,0.14168294643503443,0
1817,-0.01626509798039108,1,-0.04077215201647116,0
1818,0.2922168008711983,1,0.7377392299779697,0
1819,0.1678771923889892,1,0.4239451279690779,0
1820,0.27605783841406034,1,0.6969590861804402,0
1821,0.37309392088185556,1,0.9418476678008285,0
1822,0.578533723685264,0,1.4603131770983213,0
1823,-0.490619638180255,0,-1.2378939605281571,0
1824,-0.06836123826781326,1,-0.17224644053298957,0
1825,0.049463431584527234,1,0.12510600348809253,0
1826,0.022373109302660232,1,0.05673854232798881,0
1827,-0.5125029438212723,0,-1.2931205478275023,0
1828,0.10244314469266297,1,0.25881015216920156,0
1829,-0.010311834258799696,1,-0.025747985008528745,0
1830,0.07422075871314227,1,0.1875857179515308,0
1831,-0.5560493997831573,0,-1.4030181195750009,0
1832,-0.12412853633656007,1,-0.3129855777440295,0
1833,-0.11636722750856326,1,-0.2933984730086675,0
1834,-0.030359806625979813,1,-0.07634276782030261,0
1835,0.21142198640252852,1,0.5338385054811668,0
1836,0.1743643510388303,1,0.4403166780162808,0
1837,0.33616748373406546,1,0.8486569434079934,0
1838,-0.2704263011764003,1,-0.6821951667415234,0
1839,-1.0724026338270343,0,-2.706131434584105,0
1840,-0.3825218624379978,1,-0.9650891408712445,0
1841,0.5205725121666196,0,1.3140372917078438,0
1842,-0.49579657508191355,0,-1.2509589225788063,0
1843,-0.09465007305196615,1,-0.23859119909102952,0
1844,-0.10975821593945628,1,-0.27671940448167404,0
1845,0.2945529262690302,1,0.7436348764283742,0
1846,0.48348625231238174,1,1.220443225023179,-1
1847,-0.2017602408284562,1,-0.5089036065669992,0
1848,0.3073335999728046,1,0.7758892809331013,0
1849,0.23096737647910665,1,0.5831649285120943,0
1850,-0.22999327617731463,1,-0.58015491644665,0
1851,0.0536006709689304,1,0.13554709569734108,0
1852,-0.09407708326333622,1,-0.2371451529084961,0
1853,0.5079418020001694,0,1.2821613480500116,0
1854,0.3349045193954149,1,0.8454696182639478,0
1855,-0.2664733617467527,1,-0.67221918970763,0
1856,0.012512862649198875,1,0.03185437804616385,0
1857,0.3435894430755116,1,0.8673876366691743,0
1858,-0.2646144719691824,1,-0.6675279360065245,0
1859,-0.12586819006980687,1,-0.31737591713542873,0
1860,-0.11082840775806836,1,-0.27942023235782654,0
1861,0.1317935899430551,1,0.33288145352950577,0
1862,0.36085959904911913,1,0.9109720837447582,0
1863,0.48959327298361627,1,1.235855426258749,-1
1864,-0.6339026242988944,0,-1.5994951953324648,0
1865,0.10386456692138268,1,0.2623973752373875,0
1866,-0.10916784130353512,1,-0.2752294844072175,0
1867,0.13657047914946185,1,0.3449368208997099,0
1868,-0.0938059788676937,1,-0.23646097059989993,0
1869,0.32532713905387006,1,0.8212993196715835,0
1870,0.1111193251646033,1,0.2807061054643187,0
1871,-0.26304087891440675,1,-0.6635566815882559,0
1872,-0.0652383365353866,1,-0.1643652178337155,0
1873,0.10651396770427046,1,0.2690836303227642,0
1874,1.09798094861286,0,2.771234752908883,0
1875,0.46445098213506747,1,1.1724041843289046,-1
1876,-0.13354393823339153,1,-0.3367470936385547,0
1877,0.01712118102611443,1,0.04348432561079847,0
1878,0.3150609352637156,1,0.7953906471359712,0
1879,0.05797110738476585,1,0.14657670393911285,0
1880,-0.21118727346633398,1,-0.5326944747973318,0
1881,0.0250828690258324,1,0.06357712441275015,0
1882,0.024610600683304625,1,0.062385267511641,0
1883,-0.11138679034246443,1,-0.2808294145467269,0
1884,-0.35260997591275645,1,-0.8896009381484332,0
1885,-0.9125839576618854,0,-2.3027993139214566,0
1886,-0.5035331408342414,0,-1.270483583565911,0
1887,-0.14853450835194157,1,-0.3745785823039287,0
1888,-0.05809401888708474,1,-0.14633520496588562,0
1889,0.3886514526028751,1,0.9811099894010343,0
1890,0.11588489028443935,1,0.2927328943982554,0
1891,0.18396937669183888,1,0.4645567446881125,0
1892,0.17430022184036598,1,0.4401548360699348,0
1893,-0.19239368993652886,1,-0.48526537525896457,0
1894,0.05485558378380079,1,0.13871410132530274,0
1895,-0.10708890294828943,1,-0.2699828972393843,0
1896,0.16488890870291362,1,0.4164036389193188,0
1897,0.24497980796828234,1,0.6185279026261405,0
1898,0.14594285303069826,1,0.3685897476030699,0
1899,-0.1255774633214133,1,-0.31664221417419436,0
1900,0.2142398571392134,1,0.5409499257935582,0
1901,-0.2457828297662741,1,-0.6200027883359824,0
1902,-0.09083459394883722,1,-0.22896212872869726,0
1903,0.2520894346413152,1,0.6364703663729363,0
1904,-0.610462038484583,0,-1.5403385222019017,0
1905,-0.2202734155086018,1,-0.5556250422784624,0
1906,-0.16912785436017175,1,-0.4265497168192477,0
1907,0.05860136465744431,1,0.1481672752568841,0
1908,0.26508745469710127,1,0.6692732847759048,0
1909,-0.0387462659912593,1,-0.09750755607792752,0
1910,-0.035883977046186455,1,-0.09028403816458598,0
1911,0.4337604011081535,1,1.0949508013640583,-1
1912,-0.03156277215341227,1,-0.07937867481756755,0
1913,-0.2483882709471138,1,-0.6265781031987082,0
1914,-0.40877511519133036,1,-1.0313441015640248,1
1915,0.07700259599047343,1,0.19460620113489144,0
1916,-0.19329008751842214,1,-0.48752760109099613,0
1917,-0.3349189102559765,1,-0.8449542472901141,0
1918,-0.24897815641351462,1,-0.6280667887630015,0
1919,-0.4027733859592661,1,-1.016197622836407,1
1920,0.1551355038129134,1,0.3917891096768155,0
1921,-0.29920341798081307,1,-0.7548195672545566,0
1922,0.15691205033907898,1,0.3962725548851451,0
1923,-0.09680945744288857,1,-0.24404080677528142,0
1924,-0.017434619333373855,1,-0.04372365642620206,0
1925,0.34479584636071964,1,0.8704322194868579,0
1926,0.40101145653440096,1,1.0123027555828137,-1
1927,-0.39572205905468827,1,-0.9984022893863282,0
1928,-0.4232961292680768,1,-1.0679905783230625,1
1929,-0.1776052878869429,1,-0.44794409527471674,0
1930,0.258125775040887,1,0.6517041928118755,0
1931,-0.09950640132938826,1,-0.25084704571525385,0
1932,-0.21460500682575012,1,-0.5413197598815876,0
1933,0.0686173566232599,1,0.17344449176903912,0
1934,-0.17758287176023446,1,-0.44788752401446547,0
1935,-0.13369316226191114,1,-0.33712368819759386,0
1936,-0.3779194683492298,1,-0.9534741443483736,0
1937,0.010308654584356466,1,0.026291649493363663,0
1938,-0.22555725169566515,1,-0.5689597845357446,0
1939,0.177000805266172,1,0.44697026006350604,0
1940,0.07517991823427267,1,0.19000633519723703,0
1941,-0.1469217257029593,1,-0.37050842566397657,0
1942,0.013795213569486708,1,0.035090628830639924,0
1943,-0.031756994082609964,1,-0.07986882993874717,0
1944,-0.43973649825122324,0,-1.1094809037691125,0
1945,-0.04648230680067876,1,-0.11703089227407823,0
1946,0.10564167601830315,1,0.2668822401975323,0
1947,-0.07639928277674324,1,-0.19253193917156766,0
1948,0.1950824154956764,1,0.4926025627070676,0
1949,-0.012672511380490636,1,-0.03170559229534866,0
1950,0.022909183287646018,1,0.05809142462175132,0
1951,0.27698267050032116,1,0.6992930717668493,0
1952,0.5895102082604644,0,1.4880143751520558,0
1953,-0.2738588089042312,1,-0.6908577376892788,0
1954,0.8502650360458404,0,2.14607762650211,0
1955,-0.26462111161977075,1,-0.6675446923983086,0
1956,-0.38604136438264364,1,-0.9739712578870522,0
1957,-0.02738285686608019,1,-0.06882988203888285,0
1958,-0.29055740586152773,1,-0.7329997494020873,0
1959,-0.41271466500644555,1,-1.0412862874181024,1
1960,-0.87948915748264,0,-2.2192784372661634,0
1961,-0.03307248849774752,1,-0.08318872448992606,0
1962,0.3011047891594733,1,0.7601697196475898,0
1963,0.15663813390340386,1,0.39558127587110153,0
1964,-0.04018253678231504,1,-0.10113225225175713,0
1965,0.5889247466309875,0,1.486536853962107,0
1966,-0.19938967773621238,1,-0.5029210501968583,0
1967,-0.23829244087781165,1,-0.601099400399959,0
1968,-0.2532992561907092,1,-0.6389718868313263,0
1969,0.462575344579118,1,1.1676706644976311,-1
1970,0.24125255793209577,1,0.6091214947055693,0
1971,-0.07585091045025794,1,-0.1911480197282263,0
1972,-0.33678613154263887,1,-0.8496665271022542,0
1973,-0.2361252302062654,1,-0.5956300416425745,0
1974,-0.2370629063057958,1,-0.5979964414826499,0
1975,-0.13562314382722884,1,-0.34199435523262184,0
1976,0.24427130587983878,1,0.6167398659793436,0
1977,0.2737204018196305,1,0.6910601306818246,0
1978,0.34158976513202643,1,0.8623410778755402,0
1979,-0.14003467965980493,1,-0.35312768548805157,0
1980,-0.17345391743870778,1,-0.4374673407005974,0
1981,0.3546948147196366,1,0.8954141051861781,0
1982,-0.15560979119371937,1,-0.39243437301210243,0
1983,-0.09098654646103048,1,-0.22934560912318877,0
1984,0.2662167535560822,1,0.6721232802494251,0
1985,-0.08026997154815335,1,-0.2023003413887447,0
1986,0.5452182208263842,0,1.3762353162284868,0
1987,0.2117624118526149,1,0.5346976323492244,0
1988,-0.6928862024521273,0,-1.7483512128621748,0
1989,-0.6824580754748129,0,-1.722033897081425,0
1990,0.370378710103508,1,0.9349953289656265,0
1991,0.03900104715520636,1,0.09870223266280233,0
1992,0.44787920321727664,1,1.1305822214992396,-1
1993,0.1775190305069822,1,0.44827809773537425,0
1994,-0.15587758616898809,1,-0.3931102033835561,0
1995,0.2077756279812341,1,0.5246362425789448,0
1996,0.21816416106634984,1,0.5508536358169168,0
1997,0.3762374381195818,1,0.9497809175577064,0
1998,-0.16476185863849552,1,-0.41553131549418576,0
1999,0.2741485218622843,1,0.6921405711462626,0
2000,-0.31667104773369303,1,-0.7989023760991175,0
2001,-0.2354960279937244,1,-0.5940421329650708,0
2002,-0.2107698992171856,1,-0.5316411533391748,0
2003,0.27369881625176923,1,0.6910056554911267,0
2004,-0.5642287414199824,0,-1.4236602077662204,0
2005,0.5453829364141508,0,1.3766510066153317,0
2006,0.32671166939496044,1,0.824793439207505,0
2007,0.15975116911782827,1,0.40343759857918,0
2008,0.08953555873373381,1,0.22623546101063732,0
2009,0.20537723963269372,1,0.5185834640051206,0
2010,0.08481758622764818,1,0.21432878087932894,0
2011,0.16956361787418994,1,0.4282011359877069,0
2012,0.2862911102105717,1,0.7227846487119377,0
2013,-0.12171629204134793,1,-0.30689783111459995,0
2014,-0.09005241564438288,1,-0.2269881564631162,0
2015,-0.3456438750946859,1,-0.8720206885610894,0
2016,-0.31208276210512315,1,-0.787322984896648,0
2017,-0.007622549513453092,1,-0.018961075334183144,0
2018,0.032785463970526674,1,0.08301605375564257,0
2019,-0.3822563086986608,1,-0.9644189666750447,0
2020,-0.8653049655797489,0,-2.183481993838192,0
2021,-0.061086884442627776,1,-0.15388825721447258,0
2022,0.3774687272435805,1,0.9528883044129076,0
2023,0.14655217900233652,1,0.37012749489401686,0
2024,0.019537452205927064,1,0.04958223483163826,0
2025,-0.6548588529453457,0,-1.6523821316022305,0
2026,-0.42254408501066465,1,-1.066092654923542,1
2027,-0.5119033752926485,0,-1.2916074252567553,0
2028,0.09321479841947429,1,0.23552070589242097,0
2029,-0.30757593123978805,1,-0.775949159921993,0
2030,0.37372730008373756,1,0.9434461178869417,0
2031,-0.47175749681117807,0,-1.1902918425456066,0
2032,-0.4854489075235888,0,-1.2248446610897519,0
2033,0.3551409274914239,1,0.8965399536453015,0
2034,0.23022852107563607,1,0.5813002896357411,0
2035,-0.27359901480794246,1,-0.6902020990223467,0
2036,0.24438516826801227,1,0.6170272188694294,0
2037,0.035174376439195465,1,0.08904491818616736,0
2038,0.0407332931927879,1,0.10307387735797713,0
2039,0.24252031940077645,1,0.612320926298464,0
2040,-0.45198309279473703,0,-1.1403874602908723,0
2041,0.37156323783793166,1,0.9379847047668323,0
2042,-0.1177361946453117,1,-0.29685331590707603,0
2043,0.010239098209459618,1,0.026116111059020973,0
2044,-0.06968768268918968,1,-0.17559396945922123,0
2045,-0.03794897022683552,1,-0.09549543209356859,0
2046,-0.41018232049089104,1,-1.0348954455702348,1
2047,0.23622223148904586,1,0.596426531384736,0
2048,-0.21440711105125898,1,-0.5408203331292775,0
2049,0.1463206813299022,1,0.36954326750963457,0
2050,-0.4665805117775719,0,-1.1772267590250456,0
2051,-0.027988637486343504,1,-0.0703586819769743,0
2052,-0.21202662886027285,1,-0.5348127440706748,0
2053,-0.5347555410760623,0,-1.3492791111217681,0
2054,-0.07976797985188193,1,-0.201033472082413,0
2055,0.43846929715942357,1,1.1068345753754019,-1
2056,3.380604403824261e-05,1,0.0003611603246780643,0
2057,-0.2328403467241194,1,-0.5873400279046646,0
2058,0.21256680850099854,1,0.5367276767334692,0
2059,0.6494992515135319,0,1.639407870658054,0
2060,-0.11950907031998553,1,-0.3013274970396898,0
2061,-0.19098954592525763,1,-0.4817217569824838,0
2062,-0.31950474745263213,1,-0.8060537437889601,0
2063,0.22966241464098525,1,0.5798716148757741,0
2064,0.1277046936097548,1,0.32256236399096183,0
2065,0.34200017636113633,1,0.8633768268590295,0
2066,-0.2726831892637438,1,-0.6878908431180808,0
2067,-0.0938116321436055,1,-0.23647523769193762,0
2068,0.30178275989436454,1,0.7618807047515356,0
2069,-0.1714417718364737,1,-0.4323893174538495,0
2070,0.12781882521249555,1,0.32285039629402307,0
2071,-0.1564467536170739,1,-0.39454660317960616,0
2072,-0.11082543712741964,1,-0.2794127354194962,0
2073,-0.42311780635469687,1,-1.0675405473220427,1
2074,0.2527362598619221,1,0.6381027499853238,0
2075,0.16714354477066806,1,0.4220936319060596,0
2076,-0.02531935254649742,1,-0.06362224552740393,0
2077,0.4547328460867259,1,1.1478786625606265,-1
2078,0.06107704999848093,1,0.15441512715162703,0
2079,-0.17096979131766277,1,-0.4311981869293622,0
2080,0.10019487363168472,1,0.2531362224595613,0
2081,-0.3598078905563263,1,-0.9077662129911542,0
2082,-0.1609585748002324,1,-0.4059330221483975,0
2083,-0.038525583533050245,1,-0.09695062289590987,0
2084,-0.3622343836947872,1,-0.9138899192236942,0
2085,-0.16512051864630642,1,-0.4164364606563054,0
2086,0.2293956662225655,1,0.5791984256849596,0
2087,0.08327597430787337,1,0.21043823679673956,0
2088,0.36722586818583525,1,0.9270385466465503,0
2089,-0.28258824704584284,1,-0.7128880966081035,0
2090,0.3204368636649331,1,0.8089578012047048,0
2091,0.5674843598521384,0,1.432428054697592,0
2092,-0.2231990740665353,1,-0.5630084851827623,0
2093,0.5076452489792047,0,1.2814129414075301,0
2094,-0.022805889196901644,1,-0.057279053809605344,0
2095,-0.2403447674120729,1,-0.6062788276935529,0
2096,0.37398338615768795,1,0.9440923986706209,0
2097,0.2582883539776169,1,0.6521144909628787,0
2098,-0.29249854716068935,1,-0.737898580098743,0
2099,-1.0165720031383982,0,-2.565232465740743,0
2100,0.7266473301434049,0,1.8341053797694504,0
2101,-0.4065781849472147,1,-1.0257997399439134,1
2102,-0.09468066947341303,1,-0.238668414844801,0
2103,0.1561826346697176,1,0.39443173893154476,0
2104,0.03524455864383429,1,0.08922203601813154,0
2105,0.45755988668949515,1,1.1550132247336737,-1
2106,-0.5307379518035509,0,-1.3391399781986604,0
2107,-0.05833350669192222,1,-0.14693959693380637,0
2108,0.3009235338238153,1,0.7597122881341614,0
2109,-0.1492927611598061,1,-0.3764921741339498,0
2110,-0.4007114087585343,1,-1.010993840293059,1
2111,-0.06778230720290723,1,-0.170785400435994,0
2112,0.11846057179282299,1,0.2992331051987405,0
2113,-0.30864554986335585,1,-0.7786485412339622,0
2114,-0.18944992558283236,1,-0.4778362390153343,0
2115,0.06694729889846904,1,0.16922979083463213,0
2116,0.6048348444681432,0,1.526688941656659,0
2117,0.2277614554066244,1,0.575074191084729,0
2118,0.4671693213604138,1,1.1792644183813157,-1
2119,-0.12709087766708427,1,-0.32046159643994393,0
2120,0.6490426755097967,0,1.6382556162892346,0
2121,0.5068943558897865,0,1.2795179231943081,0
2122,0.1286199390883156,1,0.3248721559918251,0
2123,0.749510459081498,0,1.8918047331920484,0
2124,0.03736215337326504,1,0.09456617972786151,0
2125,-0.2622752985141258,1,-0.6616245972174405,0
2126,0.4621591608897535,1,1.1666203476382728,-1
2127,0.2424899520015243,1,0.6122442885247489,0
2128,-0.15710274738282992,1,-0.39620212531902393,0
2129,-0.06941524897016313,1,-0.17490643235610168,0
2130,-0.12502028097610007,1,-0.3152360610116018,0
2131,0.05173021867719409,1,0.1308266618436359,0
2132,-0.041846434574219216,1,-0.10533140745112272,0
2133,-0.048152619499669154,1,-0.1212462366832472,0
2134,-0.027431897613652,1,-0.06895364547624595,0
2135,0.1650504873623989,1,0.41681141268486227,0
2136,-0.13068422142395722,1,-0.3295300669873523,0
2137,0.1270143059117796,1,0.3208200423738311,0
2138,0.06939071961757826,1,0.1753962169617701,0
2139,0.46003058322539836,1,1.1612484864518346,-1
2140,-0.45402438406532813,0,-1.1455390380464465,0
2141,-0.19562305762008927,1,-0.4934152845653331,0
2142,0.20417178013612802,1,0.5155412630134144,0
2143,-0.3842555960911683,1,-0.9694645398407297,0
2144,-0.3926300940036382,1,-0.9905991411499723,0
2145,0.08392643183927517,1,0.21207978722023438,0
2146,-0.5129269446945991,0,-1.294190592802878,0
2147,0.0638767514434612,1,0.16148069388088276,0
2148,-0.22678143089165415,1,-0.57204922816672,0
2149,0.449840434070609,1,1.1355317519181134,-1
2150,0.002508032686472511,1,0.00660533092249868,0
2151,-0.16470814735202802,1,-0.4153957650842195,0
2152,-0.6374874382391711,0,-1.60854213930301,0
2153,0.7541504962492733,0,1.9035147290181835,0
2154,-0.047512154529090495,1,-0.11962990434342294,0
2155,-0.377012814620489,1,-0.9511860352243696,0
2156,0.18366922949394404,1,0.463799267472416,0
2157,-0.3240845495630481,1,-0.8176117252572871,0
2158,0.21216330059985566,1,0.5357093495806157,0
2159,-0.054710154311230164,1,-0.13779539404914207,0
2160,0.02780491002348564,1,0.07044670057529857,0
2161,-0.17184624947600574,1,-0.4334100919216877,0
2162,0.03152265415435,1,0.07982911857776745,0
2163,-0.4200470332950055,1,-1.0597908810129613,1
2164,0.1629414748218158,1,0.41148892772310164,0
2165,-0.2136652726391581,1,-0.5389481660764577,0
2166,0.3804424928422167,1,0.9603931543718208,0
2167,-0.07949471505239111,1,-0.20034383759334246,0
2168,-0.31509322776667104,1,-0.794920454282513,0
2169,-0.11988702198742535,1,-0.3022813282889173,0
2170,-0.5237902011431977,0,-1.3216060386434372,0
2171,-0.28064031552061247,1,-0.7079721295144646,0
2172,-0.6678379717754449,0,-1.6851373492506792,0
2173,0.5595983108153346,0,1.4125261448708772,0
2174,-0.753493941361543,0,-1.9013061017992,0
2175,-0.4137253462754438,1,-1.0438369293663428,1
2176,-0.4851101260922829,0,-1.223989683208515,0
2177,0.6690624246944824,0,1.6887791726566375,0
2178,0.07818913421325535,1,0.19760065077698077,0
2179,-0.5043955472259573,0,-1.2726600263145942,0
2180,-0.37609815719549766,1,-0.9488777272859383,0
2181,-0.8032120772776704,0,-2.02677905449544,0
2182,0.3739206484958071,1,0.9439340685253651,0
2183,0.6457724324080466,0,1.6300025502711664,0
2184,-0.7398493377270408,0,-1.8668714096120478,0
2185,0.017941447567309643,1,0.04555442061788643,0
2186,-0.19397058090751773,1,-0.48924495258148915,0
2187,-0.09976250409638882,1,-0.2514933686269464,0
2188,0.1549318471290541,1,0.39127514419944404,0
2189,-0.018394372697989603,1,-0.046145772346268696,0
2190,0.3488027709729804,1,0.8805444381585259,0
2191,0.07533106726909278,1,0.19038778786730615,0
2192,0.13612744888525735,1,0.34381875172114473,0
2193,-0.5802299695364415,0,-1.464042279650918,0
2194,-0.34083287884008673,1,-0.8598792457183118,0
2195,-0.42035078946062965,1,-1.0605574661292023,1
2196,-0.4937232946075633,0,-1.2457266141245427,0
2197,0.08604006279250744,1,0.217413927604331,0
2198,0.17509039630491008,1,0.4421489881310413,0
2199,-1.420681815804723,0,-3.5850786541478334,0
2200,1.3439189811558276,0,3.3919050687776715,0
2201,0.721552350875242,0,1.8212472530331432,0
2202,-0.7407305611099786,0,-1.869095340533929,0
2203,0.7056672968489011,0,1.78115836804786,0
2204,-1.0992921246882907,0,-2.7739920603435273,0
2205,-0.398806044254694,1,-1.006185298986065,1
2206,-0.2612171052980341,1,-0.6589540500438671,0
2207,0.2998986638856336,1,0.7571258384432437,0
2208,0.011918648552968314,1,0.030354768380315714,0
2209,-0.0005727895734336241,1,-0.0011696964102806038,0
2210,0.47000500977768866,1,1.186420804920872,-1
2211,-0.32788558179285676,1,-0.8272043362508332,0
2212,0.4173052820850419,1,1.0534232514518713,-1
2213,0.4590872592611215,1,1.1588678331758024,-1
2214,0.47810954322816723,1,1.2068741007558659,-1
2215,-0.18709268888275113,1,-0.4718873142716133,0
2216,-0.1414916708080586,1,-0.3568046733327301,0
2217,-0.3815629326542538,1,-0.9626691034105138,0
2218,0.5219178120196342,0,1.3174324058188056,0
2219,-0.16817328867529868,1,-0.4241406929727869,0
2220,-0.03026876773532361,1,-0.07611301426638631,0
2221,-0.04206429240430698,1,-0.10588121215931254,0
2222,0.02619722488401266,1,0.06638940844761629,0
2223,0.5221613943221131,0,1.3180471310122066,0
2224,0.11171386523911718,1,0.28220653779692556,0
2225,0.8714144317248029,0,2.1994520556652866,0
2226,0.7058719379174673,0,1.7816748178029198,0
2227,0.32683380172795756,1,0.8251016628397563,0
2228,-0.9947548882904416,0,-2.5101729232047134,0
2229,-0.45204535321819134,0,-1.1405445860362968,0
2230,-0.28129016852600724,1,-0.7096121543042709,0
2231,-0.14670987952532022,1,-0.3699737924775951,0
2232,0.019935525479212624,1,0.0505868466914404,0
2233,0.35113565214685216,1,0.8864318972070502,0
2234,-0.4021747400325787,1,-1.0146868286230486,1
2235,-0.006340098887048118,1,-0.015724572922796914,0
2236,0.3910201032413101,1,0.9870877193386901,0
2237,-0.27962622023353345,1,-0.7054128716573359,0
2238,-0.40275059900700333,1,-1.0161401157289767,1
2239,0.07361146828734252,1,0.1860480603671111,0
2240,0.19385721078439772,1,0.4895105309977369,0
2241,0.597317937841781,0,1.5077186312825395,0
2242,0.06673341615915625,1,0.16869001800651146,0
2243,-0.09187950321122895,1,-0.23159915137719547,0
2244,0.40864487097076363,1,1.0315670950604698,-1
2245,0.4497146979834264,1,1.1352144335426642,-1
2246,-0.03896329235540302,1,-0.09805526242733652,0
2247,-0.5484540050174752,0,-1.3838497297996601,0
2248,-0.22099326312777257,1,-0.5574417114798397,0
2249,0.5705862788338116,0,1.440256323527132,0
2250,-0.11244116969869011,1,-0.2834903367363837,0
2251,-0.09586234677687316,1,-0.24165059705391276,0
2252,-0.06761526721166874,1,-0.17036384398515672,0
2253,-0.27523069517060206,1,-0.69431994755361,0
2254,0.4103697981385955,1,1.0359202692281204,-1
2255,0.41027719129841156,1,1.0356865586622748,-1
2256,-0.14663510521406808,1,-0.36978508561146356,0
2257,-0.015644065264175944,1,-0.039204860580687395,0
2258,-0.28990354047417954,1,-0.7313495986209951,0
2259,-0.23749563663888523,1,-0.5990885168715091,0
2260,0.7648879834689104,0,1.9306127728438567,0
2261,-0.10544675781169843,1,-0.2658386389069433,0
2262,-0.11918047866451287,1,-0.3004982349508405,0
2263,0.31318699418253104,1,0.7906614086739406,0
2264,-0.000987013049665808,1,-0.00221506630762814,0
2265,-0.23300188936874014,1,-0.5877477107800064,0
2266,-0.0752570435464423,1,-0.18964928626693917,0
2267,-0.12775777055045026,1,-0.32214462452750536,0
2268,0.33741071508949194,1,0.8517944687028487,0
2269,-0.15226730472824804,1,-0.38399898744420013,0
2270,0.0005996199411331671,1,0.0017890968117746735,0
2271,-0.005901520106861763,1,-0.014617737891155133,0
2272,0.1794024424323354,1,0.45303123763217235,0
2273,-0.2555528302331282,1,-0.6446591995998284,0
2274,-0.13747383461765772,1,-0.3466649172664556,0
2275,0.16948023887851899,1,0.427990713601853,0
2276,-0.2633852477705125,1,-0.6644257603740154,0
2277,0.5497963860649984,0,1.3877891667467215,0
2278,-0.21108911045217488,1,-0.5324467421942253,0
2279,-0.0263536502150426,1,-0.06623248784739214,0
2280,-0.4477411033437415,0,-1.1296820118279494,0
2281,-0.2119404992666971,1,-0.5345953800399978,0
2282,-0.08792065174500374,1,-0.22160825422065125,0
2283,-0.2645016533593407,1,-0.6672432172849738,0
2284,-0.1710984766754925,1,-0.43152294833720956,0
2285,-0.07913966994379973,1,-0.1994478153009848,0
2286,-0.3074550631047441,1,-0.7756441267281411,0
2287,-0.17567233754822092,1,-0.4430659359884598,0
2288,0.31001561238952424,1,0.7826578375350922,0
2289,0.04041961562259566,1,0.10228225373409473,0
2290,0.03295306837044876,1,0.0834390345966496,0
2291,0.22488092573532278,1,0.567804639309959,0
2292,0.06556137593986487,1,0.16573215676969194,0
2293,-0.48882300386226396,0,-1.233359820045215,0
2294,-0.47240322293022785,0,-1.191921452371022,0
2295,-0.016993018041828456,1,-0.04260919352561892,0
2296,0.4725320044510505,1,1.1927981454480643,-1
2297,0.3682163475961931,1,0.9295382054513792,0
2298,-0.1497903589023043,1,-0.37774795448161924,0
2299,0.044756953649716574,1,0.11322833204287569,0
2300,0.313051214066145,1,0.7903187423248013,0
2301,-0.05732158947758445,1,-0.14438583584788584,0
2302,-0.2572908039330058,1,-0.6490452991149012,0
2303,0.0851610637339466,1,0.21519561017825334,0
2304,-0.07556539566575449,1,-0.19042747012615527,0
2305,0.3369978290346693,1,0.8507524740368964,0
2306,0.2510312921526081,1,0.633799947219342,0
2307,-0.06735009737449998,1,-0.16969463863740045,0
2308,-0.5287211053514015,0,-1.3340500914838203,0
2309,-0.25203731097008486,1,-0.6357871336209534,0
2310,0.03730678506576235,1,0.094426447517469,0
2311,0.4869760065239304,1,1.2292502681079363,-1
2312,0.34931751182148923,1,0.8818434823190858,0
2313,-0.044361131748380314,1,-0.11167771295443374,0
2314,0.0593231984405696,1,0.14998895691199315,0
2315,-0.09698696103698501,1,-0.24448877007187494,0
2316,0.06778771374485948,1,0.17135073383306343,0
2317,-0.5095572096644942,0,-1.2856864404198427,0
2318,-0.36910339105162254,1,-0.9312251354234382,0
2319,0.1934234978326254,1,0.48841597578807905,0
2320,-0.3735955042952611,1,-0.9425618177454796,0
2321,-0.04832283750450041,1,-0.12167581344180207,0
2322,-0.629912200215385,0,-1.5894246188105943,0
2323,0.22904650108303146,1,0.5783172425869079,0
2324,0.16607485201106154,1,0.41939658718380507,0
2325,-0.25075614336546626,1,-0.6325538691534068,0
2326,0.0398539453408807,1,0.10085467968709055,0
2327,-0.4136545635718794,1,-1.0436582960637784,1
2328,0.17626930390705842,1,0.44512418048433333,0
2329,0.263084334212205,1,0.664218038089459,0
2330,-0.5998547880520084,0,-1.5135691551039716,0
2331,0.5469126302011342,0,1.380511473075653,0
2332,-0.41803241330410146,1,-1.054706613186709,1
2333,0.308188797848769,1,0.7780475316530764,0
2334,0.5612180066410285,0,1.416613748196602,0
2335,-0.11987876726897015,1,-0.3022604959733213,0
2336,0.13071274921157122,1,0.3301537511433498,0
2337,0.21943514577164697,1,0.554061201846231,0
2338,-0.06568002345390883,1,-0.1654798968298826,0
2339,0.3052797819433993,1,0.770706089574419,0
2340,0.005830555588895628,1,0.01499033473018733,0
2341,0.07245581190916031,1,0.1831315467971458,0
2342,0.27559272122429607,1,0.6957852765418819,0
2343,-0.3555729254059168,1,-0.8970784916557453,0
2344,-0.3945216770420667,1,-0.9953729023686579,0
2345,0.34157409187794396,1,0.8623015235070618,0
2346,0.29585881813020154,1,0.7469305371506422,0
2347,-0.8914024571480106,0,-2.249343862242893,0
2348,0.09875468820161468,1,0.2495016469669114,0
2349,-0.34809065527390104,1,-0.8781955929099303,0
2350,-0.36733627088006504,1,-0.9267654793722047,0
2351,0.16930442406112886,1,0.42754701224702135,0
2352,-0.18536312531946617,1,-0.46752243929868015,0
2353,-0.19649897705578748,1,-0.4956258299909798,0
2354,-0.22497704979657174,1,-0.5674955372525796,0
2355,-0.03665492062165743,1,-0.09222965750437224,0
2356,-0.24316810322408255,1,-0.6134040401388364,0
2357,-0.16155641601111279,1,-0.4074417855119154,0
2358,0.3253424194604093,1,0.8213378826163028,0
2359,-0.2639280476556115,1,-0.6657956167262618,0
2360,0.07484444857729877,1,0.18915971519379365,0
2361,0.21068705427930817,1,0.5319837677313981,0
2362,-0.05270866699602461,1,-0.1327442689698237,0
2363,-0.15210382854134227,1,-0.38358642491568556,0
2364,0.1300136744766693,1,0.3283895061746435,0
2365,0.6683185308731978,0,1.6869018183968856,0
2366,0.4324403345645536,1,1.0916193681972877,-1
2367,0.12929016741079302,1,0.32656360167964726,0
2368,-0.012524559782618207,1,-0.03133220895144178,0
2369,0.3865409668187946,1,0.9757837864356065,0
2370,0.11485576900940064,1,0.2901357156689591,0
2371,0.19592059437975873,1,0.4947178628392139,0
2372,-0.03401468934315088,1,-0.08556654336682618,0
2373,-0.5187395298205884,0,-1.3088597312393322,0
2374,-0.30778193428566547,1,-0.7764690468798279,0
2375,-0.5748211056454962,0,-1.4503920067550502,0
2376,0.45767534697803913,1,1.1553046102222049,-1
2377,-0.06933149864163474,1,-0.1746950728427952,0
2378,0.15775329520932801,1,0.3983955926029867,0
2379,0.135285400807169,1,0.34169368695909946,0
2380,-0.17027559153488359,1,-0.4294462448080137,0
2381,-0.10914844190082919,1,-0.27518052641043816,0
2382,-0.057764032629964074,1,-0.14550242334068636,0
2383,0.09363353352983558,1,0.23657746173667163,0
2384,-0.03627298190223349,1,-0.09126576418874217,0
2385,0.042511743334935126,1,0.10756212669489316,0
2386,0.16340127473303068,1,0.41264931822138823,0
