Date,spread,regime,z_score,gmm_signal
2016-07-06,-0.04669197800039504,1,-0.25663733592033366,0
2016-07-07,-0.012560711738320268,1,-0.06924825975012393,0
2016-07-08,-0.0764450281892084,1,-0.41998892520264425,0
2016-07-11,-0.054800914637634146,1,-0.30115739953319287,0
2016-07-12,-0.09235714625092495,1,-0.5073503808427936,0
2016-07-13,0.006055319383158279,1,0.03295834597683523,0
2016-07-14,0.0018960879341118342,1,0.010123138726381509,0
2016-07-15,-0.04168624231236079,1,-0.2291546114608759,0
2016-07-18,-0.18802075794002066,1,-1.0325672210232675,1
2016-07-19,0.20687023156842882,2,1.13548177967121,0
2016-07-20,-0.13139919817042245,1,-0.721700882368525,0
2016-07-21,0.0031411681656952073,1,0.016958936512572884,0
2016-07-22,0.021208078255457646,1,0.11615073223955112,0
2016-07-25,-0.11889059401681137,1,-0.6530255581503739,0
2016-07-26,-0.0425155547605503,1,-0.23370774149506296,0
2016-07-27,0.05592477428698206,1,0.30675396234174096,0
2016-07-28,0.04918068138277395,1,0.26972722769844204,0
2016-07-29,-0.14333367515022472,1,-0.787224106694508,0
2016-08-01,0.02167188335623338,1,0.11869713672071064,0
2016-08-02,0.024327419882904322,1,0.13327668770039547,0
2016-08-03,0.03597590164241038,1,0.1972297276766712,0
2016-08-04,-0.09691345231448888,1,-0.532365625734211,0
2016-08-05,0.023005684636404178,1,0.12602003496206807,0
2016-08-08,-0.003958321609664227,1,-0.022019014673571712,0
2016-08-09,-0.040017673657838135,1,-0.2199937577059422,0
2016-08-10,0.0884072142292631,1,0.4850905750475468,0
2016-08-11,-0.06976901928136314,1,-0.3833359885040933,0
2016-08-12,-0.16002283252042698,1,-0.8788516999296423,0
2016-08-15,-0.01484264195562418,1,-0.08177661987664543,0
2016-08-16,-0.0019128374985528662,1,-0.010788802030453078,0
2016-08-17,-0.0017367237016722853,1,-0.009821893816591987,0
2016-08-18,-0.18851109672422606,1,-1.035259301975587,1
2016-08-19,-0.07545073186686342,1,-0.4145299929774811,0
2016-08-22,0.013983867388889307,1,0.07648803147859962,0
2016-08-23,0.057231404121100116,1,0.31392768263772314,0
2016-08-24,0.16735164008798178,1,0.9185149583348036,0
2016-08-25,0.10409012206394337,1,0.5711936099668448,0
2016-08-26,-0.05387018877417758,1,-0.2960474848179969,0
2016-08-29,0.05548590442858847,1,0.304344458495858,0
2016-08-30,0.14795586703960795,1,0.8120273769707218,0
2016-08-31,0.018901253497139725,1,0.10348569493831021,0
2016-09-01,-0.04520276744702465,1,-0.24846120241048245,0
2016-09-02,0.035798748846831235,1,0.19625711510350594,0
2016-09-06,-0.18243882503732295,1,-1.0019210316364153,1
2016-09-07,0.08989398276404073,1,0.4932533012725767,0
2016-09-08,-0.05028486976440602,1,-0.27636319851411856,0
2016-09-09,0.19400808129724778,2,1.064865400004184,0
2016-09-12,-0.18340536737170943,1,-1.0072275876173558,1
2016-09-13,0.0011363293914194994,1,0.005951876800897731,0
2016-09-14,-0.06294653205512647,1,-0.3458788496833131,0
2016-09-15,-0.19900576786174767,1,-1.0928776368498347,1
2016-09-16,-0.08466484314423661,1,-0.4651177381475168,0
2016-09-19,0.1863751940375539,1,1.0229589649741215,-1
2016-09-20,-0.0259687247761049,1,-0.1428615607374474,0
2016-09-21,-0.11273944573224826,1,-0.6192542358214675,0
2016-09-22,0.0003698044943915568,1,0.0017434659200176322,0
2016-09-23,-0.015333386892991296,1,-0.08447093071007072,0
2016-09-26,0.13051746380300078,1,0.7162862389976951,0
2016-09-27,-0.12377351888375576,1,-0.6798340208894774,0
2016-09-28,-0.015540991214859357,1,-0.08561072967870804,0
2016-09-29,-0.10920094614799378,1,-0.5998269997198026,0
2016-09-30,-0.12084056457380854,1,-0.6637313778064359,0
2016-10-03,-0.07513248591958395,1,-0.4127827441764052,0
2016-10-04,0.049351907492039604,1,0.27066730130090205,0
2016-10-05,-0.08223718266124924,1,-0.4517892828927695,0
2016-10-06,0.029206183702201988,1,0.16006230526087503,0
2016-10-07,-0.03698701323596787,1,-0.20335468395229925,0
2016-10-10,-0.11494682766514139,1,-0.631373307466321,0
2016-10-11,0.15199764647735858,1,0.8342177436892697,0
2016-10-12,0.20475923580666266,2,1.1238918918961953,0
2016-10-13,-0.04583909682174353,1,-0.2519548077385987,0
2016-10-14,0.07352854180107873,1,0.40340299101394,0
2016-10-17,-0.020836367570280595,1,-0.1146836528921827,0
2016-10-18,-0.19390720751306287,1,-1.0648852820921173,1
2016-10-19,0.051486221656030506,1,0.28238521285965523,0
2016-10-20,-0.1291724332970563,1,-0.7094753935963135,0
2016-10-21,0.05486455778391134,1,0.30093311205375767,0
2016-10-24,-0.11918318528718508,1,-0.6546319564430654,0
2016-10-25,-0.1728311530975406,1,-0.949172541289816,0
2016-10-26,0.06989734099176,1,0.38346680230585095,0
2016-10-27,-0.15190980986174374,1,-0.8343092030505296,0
2016-10-28,0.3330606451064888,2,1.828298296728153,0
2016-10-31,0.15620770387593677,1,0.8573319979476808,0
2016-11-01,-0.08623552141973473,1,-0.47374114955998037,0
2016-11-02,0.03626123721523511,1,0.1987962903989437,0
2016-11-03,0.3011256296829589,2,1.6529671797474115,0
2016-11-04,0.09475275767262274,1,0.5199291747794986,0
2016-11-07,-0.22889587143286372,1,-1.2569816830289537,1
2016-11-08,0.005420848793061289,1,0.029474945835084507,0
2016-11-09,0.2672825944822934,2,1.4671605632464775,0
2016-11-10,0.8240777517028784,2,4.524103406399864,0
2016-11-11,-0.004068365859330292,1,-0.02262318476572212,0
2016-11-14,0.1841201710120613,1,1.0105783319719657,-1
2016-11-15,-0.350341966714651,0,-1.9237507218507204,0
2016-11-16,-0.16243646862905675,1,-0.8921031579076242,0
2016-11-17,0.013827941791491327,1,0.07563196146281581,0
2016-11-18,0.057348383219198065,1,0.31456992675944667,0
2016-11-21,-0.14211841027390765,1,-0.7805520025678527,0
2016-11-22,-0.014502611899043782,1,-0.07990977093868189,0
2016-11-23,0.06343302392702982,1,0.34797610607647894,0
2016-11-25,-0.06142881717870588,1,-0.3375462204043854,0
2016-11-28,-0.12202870554370915,1,-0.670254564992053,0
2016-11-29,0.06210608363369139,1,0.3406908763462826,0
2016-11-30,0.22773426103905778,2,1.2500304511933527,0
2016-12-01,0.6225058623132714,2,3.4174239810140787,0
2016-12-02,-0.17134851125526185,1,-0.9410324716251688,0
2016-12-05,-0.04484298236075779,1,-0.2464858934835388,0
2016-12-06,-0.001075339624698246,1,-0.006190731989010901,0
2016-12-07,-0.025715338538425114,1,-0.14147040775096065,0
2016-12-08,0.012696087511588156,1,0.06941780209815061,0
2016-12-09,-0.17538043585001806,1,-0.9631687328232725,0
2016-12-12,-0.014318231278851512,1,-0.0788974758243951,0
2016-12-13,-0.20351522461983532,1,-1.1176356674906875,1
2016-12-14,0.019080972521537898,1,0.104472396741097,0
2016-12-15,-0.15233513520645375,1,-0.8366443441731883,0
2016-12-16,0.020023694922803648,1,0.10964817540989029,0
2016-12-19,0.04619987072798224,1,0.25336184147014384,0
2016-12-20,0.05207330805545854,1,0.28560846209911156,0
2016-12-21,-0.07043704709933774,1,-0.38700362610959743,0
2016-12-22,-0.0712265899280472,1,-0.3913384111167707,0
2016-12-23,-0.10385138842945446,1,-0.5704566074495874,0
2016-12-27,-0.05936244604750171,1,-0.3262013328655543,0
2016-12-28,0.07248260764152736,1,0.39766055431709296,0
2016-12-29,-0.052488362846410556,1,-0.2884609194077347,0
2016-12-30,0.22607281193667156,2,1.2409086855369191,0
2017-01-03,-0.18096961128058692,1,-0.9938546854757618,0
2017-01-04,0.10500756996951616,1,0.5762306254159495,0
2017-01-05,-0.08940217392953542,1,-0.4911268534423759,0
2017-01-06,0.04560010461566621,1,0.25006897747728396,0
2017-01-09,-0.19361246199710297,1,-1.0632670564594395,1
2017-01-10,0.019698516749834055,1,0.10786286697874084,0
2017-01-11,0.0664450179700885,1,0.3645126968031493,0
2017-01-12,-0.03999765927130752,1,-0.21988387378387242,0
2017-01-13,-0.006440346528059082,1,-0.03564594409711486,0
2017-01-17,-0.15401944675495566,1,-0.8458916303017809,0
2017-01-18,0.04090524770010737,1,0.22429305421083753,0
2017-01-19,0.05254297870805198,1,0.2881870699075051,0
2017-01-20,-0.1073377525675118,1,-0.5895976070833877,0
2017-01-23,0.026998458906243028,1,0.1479413512131635,0
2017-01-24,-0.05693751709999162,1,-0.31288787441478383,0
2017-01-25,-0.04163877542108574,1,-0.22889400651184164,0
2017-01-26,0.16752563959159214,1,0.9194702585567543,0
2017-01-27,-0.1475829186275506,1,-0.8105535021972808,0
2017-01-30,0.01567365798630349,1,0.08576539893807758,0
2017-01-31,-0.07483452098312618,1,-0.4111468431305662,0
2017-02-01,-0.1896374767263754,1,-1.0414434062042044,1
2017-02-02,0.07460649884968269,1,0.4093212412756806,0
2017-02-03,0.03348058529851605,1,0.1835298250465026,0
2017-02-06,-0.0289643685775946,1,-0.1593083846022836,0
2017-02-07,-0.09219665393157128,1,-0.5064692383962998,0
2017-02-08,-0.12049617304704602,1,-0.6618405833206601,0
2017-02-09,0.0738714188416521,1,0.4052854705967269,0
2017-02-10,0.06828406973411924,1,0.37460954490848425,0
2017-02-13,0.04262518480190372,1,0.233735933420233,0
2017-02-14,0.0004062748312603087,1,0.0019436970711556012,0
2017-02-15,-0.1174121079132113,1,-0.6449083045168056,0
2017-02-16,0.12223644566670681,1,0.670821405481303,0
2017-02-17,-0.05757951485412312,1,-0.3164126005449634,0
2017-02-21,-0.1910789402830538,1,-1.0493573969171457,1
2017-02-22,0.05697389076821499,1,0.3125138707700909,0
2017-02-23,0.13811590181303357,1,0.758003539144241,0
2017-02-24,0.02906775626403657,1,0.1593023044582312,0
2017-02-27,0.07144437440747609,1,0.3919603976020092,0
2017-02-28,-0.05726628224715119,1,-0.314692876219585,0
2017-03-01,0.14394039508620182,1,0.789981444834525,0
2017-03-02,-0.12782074362444046,1,-0.7020542836651609,0
2017-03-03,-0.0037520266283755203,1,-0.02088640430789079,0
2017-03-06,-0.0014560213161579905,1,-0.0082807684362323,0
2017-03-07,0.03885307126432999,1,0.21302609905348088,0
2017-03-08,0.035568937498640936,1,0.1949953940791482,0
2017-03-09,-0.11915754921761498,1,-0.6544912080935466,0
2017-03-10,-0.06413667421006289,1,-0.35241302386871587,0
2017-03-13,0.01663104109602853,1,0.09102166851491668,0
2017-03-14,0.03806911070272406,1,0.20872196207053956,0
2017-03-15,-0.11221575544822121,1,-0.6163790469032003,0
2017-03-16,0.032305594325943765,1,0.17707883459194354,0
2017-03-17,0.035500801254598216,1,0.1946213092817418,0
2017-03-20,-0.15206190116213159,1,-0.8351442218293339,0
2017-03-21,-0.020997434619767108,1,-0.11556795074896266,0
2017-03-22,-0.0955424151135271,1,-0.5248382930970186,0
2017-03-23,0.0654672530570845,1,0.359144526095605,0
2017-03-24,-0.10911314617624934,1,-0.5993449562038478,0
2017-03-27,-0.1361252670896866,1,-0.747648167239163,0
2017-03-28,0.05799907097328344,1,0.3181423631342674,0
2017-03-29,-0.16352154724359816,1,-0.8980605073241297,0
2017-03-30,0.14184102011799943,1,0.778455358084458,0
2017-03-31,0.054570391047130844,1,0.2993180640616311,0
2017-04-03,-0.040819422727117416,1,-0.22439555798662822,0
2017-04-04,-0.03651152371866955,1,-0.20074412914044462,0
2017-04-05,0.08699563167452723,1,0.47734063841059704,0
2017-04-06,0.017952683973759598,1,0.09827781412590307,0
2017-04-07,-0.013043759984334644,1,-0.0719003138483,0
2017-04-10,0.05762127528929907,1,0.31606817158041967,0
2017-04-11,0.1499226315839212,1,0.8228253997622963,0
2017-04-12,-0.11927165606567292,1,-0.6551176828536122,0
2017-04-13,0.04758149846467469,1,0.26094731876248844,0
2017-04-17,0.12434589422875958,1,0.6824027987480061,0
2017-04-18,-0.02900316926084051,1,-0.15952140993021593,0
2017-04-19,0.03014525302085038,1,0.16521802760443316,0
2017-04-20,0.03584017543270812,1,0.19648455728501624,0
2017-04-21,0.0609165255621249,1,0.3341599089227461,0
2017-04-24,-0.07485937698118295,1,-0.41128330869493707,0
2017-04-25,-0.03426635810818063,1,-0.18841761577969862,0
2017-04-26,0.18771224904505587,2,1.0302997269816228,0
2017-04-27,-0.07320528065599094,1,-0.4022019116001366,0
2017-04-28,-0.07974294477001037,1,-0.4380953012338666,0
2017-05-01,0.011013774245977916,1,0.06018148703585593,0
2017-05-02,0.15245141280889535,1,0.8367090328495053,0
2017-05-03,0.08547629704781232,1,0.46899911630276153,0
2017-05-04,-0.01583485484540495,1,-0.08722411354279135,0
2017-05-05,-0.08539582911904278,1,-0.46913103157356567,0
2017-05-08,-0.006991475614968462,1,-0.03867177881574161,0
2017-05-09,-0.1264463643572144,1,-0.6945086022592779,0
2017-05-10,-0.14824527802076343,1,-0.8141900187517436,0
2017-05-11,-0.08322135921294493,1,-0.457192655079273,0
2017-05-12,-0.08593994782023548,1,-0.4721183775442814,0
2017-05-15,-0.04728544645157928,1,-0.2598956241991706,0
2017-05-16,-0.06647859165558753,1,-0.3652707286844142,0
2017-05-17,0.2855003684256099,2,1.56718063876618,0
2017-05-18,-0.04075936076746699,1,-0.2240658030034569,0
2017-05-19,-0.05407311157447492,1,-0.2971615810777024,0
2017-05-22,-0.1317138372067083,1,-0.7234283283379762,0
2017-05-23,-0.03889639675228672,1,-0.21383767073721047,0
2017-05-24,-0.05993844149768093,1,-0.32936369005613003,0
2017-05-25,-0.002564084543229983,1,-0.014364309048668401,0
2017-05-26,-0.05540046559206253,1,-0.3044490822561436,0
2017-05-30,-0.06774975200807033,1,-0.3722497127715247,0
2017-05-31,-0.008921013947180857,1,-0.04926542051458636,0
2017-06-01,-0.040896759807372174,1,-0.2248201576458194,0
2017-06-02,-0.047321062531676394,1,-0.2600911652697818,0
2017-06-05,-0.011593881110934706,1,-0.06394012096946118,0
2017-06-06,-0.22930158099197828,1,-1.2592091286470606,1
2017-06-07,0.07114611548747576,1,0.3903228825139596,0
2017-06-08,0.08807530873483457,1,0.4832683319611282,0
2017-06-09,0.5073900124769525,2,2.7854095521399382,0
2017-06-12,0.10251967782456019,1,0.5625714834704176,0
2017-06-13,0.0011341850736032444,1,0.0059401039668189135,0
2017-06-14,0.14413815979266745,1,0.7910672218859568,0
2017-06-15,0.23184459520909337,2,1.2725972003130495,0
2017-06-16,0.1952918886995911,2,1.0719138195166151,0
2017-06-19,-0.15738343522354598,1,-0.864360757305042,0
2017-06-20,0.028163660074606578,1,0.1543385932262649,0
2017-06-21,-0.365867150193421,0,-2.008987811126026,0
2017-06-22,-0.16730468960169606,1,-0.9188308926377292,0
2017-06-23,-0.1309723157178619,1,-0.7193571923394363,0
2017-06-26,0.11783746840791613,1,0.646669934560504,0
2017-06-27,0.3948544672867302,2,2.16756163265215,0
2017-06-28,-0.03411652650130559,1,-0.18759500327602455,0
2017-06-29,0.3018467921732459,2,1.6569265398187853,0
2017-06-30,0.12438475813080427,1,0.6826161711627476,0
2017-07-03,0.258835525042275,2,1.4207840670873093,0
2017-07-05,-0.15808925047679057,1,-0.8682358572569976,0
2017-07-06,0.085570182695628,1,0.46951457168243405,0
2017-07-07,-0.021041145966144703,1,-0.11580793682955397,0
2017-07-10,-0.1009363087823044,1,-0.5544521006771854,0
2017-07-11,-0.19108290440034426,1,-1.049379160899507,1
2017-07-12,-0.14662562729447057,1,-0.8052977364968754,0
2017-07-13,-0.02924651529969685,1,-0.16085743974700709,0
2017-07-14,-0.21581103059546375,1,-1.1851426771881675,1
2017-07-17,0.02960638790472449,1,0.16225952511244138,0
2017-07-18,-0.08958447943841154,1,-0.4921277556833512,0
2017-07-19,-0.1525508232851919,1,-0.8378285249623019,0
2017-07-20,-0.1354291541115765,1,-0.7438263351724433,0
2017-07-21,0.12227621749550618,1,0.6710397626380252,0
2017-07-24,0.00466175305641045,1,0.02530732287836451,0
2017-07-25,0.05540305132500345,1,0.30388957450710063,0
2017-07-26,-0.15735723957765013,1,-0.8642169367433784,0
2017-07-27,-0.008434306722169216,1,-0.04659327771859407,0
2017-07-28,0.2052516185048352,2,1.12659519444068,0
2017-07-31,0.14094725471167813,1,0.7735483654016363,0
2017-08-01,0.0353712876894635,1,0.193910247842188,0
2017-08-02,0.18641543051656856,1,1.023179873175212,-1
2017-08-03,0.08615845789877306,1,0.47274434774772134,0
2017-08-04,0.09974871149545694,1,0.547358194384616,0
2017-08-07,-0.24779091219110796,0,-1.360720120527833,0
2017-08-08,-0.006363627846137615,1,-0.03522473959740855,0
2017-08-09,0.13830903098464478,1,0.7590638659651641,0
2017-08-10,0.14030434045856477,1,0.7700186074658331,0
2017-08-11,-0.17993472297621682,1,-0.9881728932502343,0
2017-08-14,-0.0019069671514688746,1,-0.010756572376023585,0
2017-08-15,-0.053840332804904245,1,-0.29588356817753775,0
2017-08-16,-0.0510584944340661,1,-0.2806105888991383,0
2017-08-17,0.17948362021631814,1,0.9851225236946156,0
2017-08-18,-0.05201929589333658,1,-0.28588562605871015,0
2017-08-21,0.04028274410571686,1,0.22087535582924864,0
2017-08-22,-0.1059814507222197,1,-0.5821511751858509,0
2017-08-23,-0.04495958718680049,1,-0.24712608275929998,0
2017-08-24,0.1022704198693605,1,0.5612029957737029,0
2017-08-25,0.13202430181684977,1,0.7245591516164416,0
2017-08-28,-0.09485406551810946,1,-0.5210590839174641,0
2017-08-29,-0.04734414678258169,1,-0.26021790350498264,0
2017-08-30,-0.14606936416121108,1,-0.8022437145965844,0
2017-08-31,-0.03731579136110072,1,-0.20515975700937703,0
2017-09-01,-0.1043006238785261,1,-0.5729230209467621,0
2017-09-05,-0.09530696124483501,1,-0.5235455932424006,0
2017-09-06,-0.04987578365511659,1,-0.27411721480214035,0
2017-09-07,-0.17586268565591598,1,-0.9658164032881357,0
2017-09-08,0.5432486790292759,2,2.982282482266235,0
2017-09-11,-0.151588810424509,1,-0.8325468369099738,0
2017-09-12,0.04073342684370068,1,0.22334971529977582,0
2017-09-13,-0.13289414141352887,1,-0.7299084897599883,0
2017-09-14,0.03926386619149273,1,0.21528146459735964,0
2017-09-15,-0.09973504897600587,1,-0.5478568878417093,0
2017-09-18,0.07377432102586934,1,0.4047523796220772,0
2017-09-19,0.03645264140598961,1,0.19984714664919795,0
2017-09-20,0.338171789710793,2,1.8563597421553082,0
2017-09-21,0.13922559318155542,1,0.7640960186551001,0
2017-09-22,0.021841353367003075,1,0.11962756890898182,0
2017-09-25,0.14616885865737253,1,0.8022162598769618,0
2017-09-26,-0.004755410232647014,1,-0.026395227953783292,0
2017-09-27,-0.11817507940986355,1,-0.6490972063525612,0
2017-09-28,-0.025626764688957443,1,-0.1409841154552942,0
2017-09-29,-0.07353196193923658,1,-0.4039954724777041,0
2017-10-02,0.05323947108391883,1,0.2920109849615535,0
2017-10-03,0.06396996907186053,1,0.3509240674521666,0
2017-10-04,-0.13848337147781106,1,-0.7605947423650488,0
2017-10-05,0.02079715362210309,1,0.11389465457666481,0
2017-10-06,0.06851224067511147,1,0.37586225969243386,0
2017-10-09,0.12800060738757044,1,0.7024680760582024,0
2017-10-10,-0.1470042794886573,1,-0.8073766305031408,0
2017-10-11,-0.049658199293432945,1,-0.2729226229516092,0
2017-10-12,0.09257965621390443,1,0.5079983113990842,0
2017-10-13,-0.011018815386790407,1,-0.060782868204295175,0
2017-10-16,0.039518128705135894,1,0.21667742855517064,0
2017-10-17,-0.07248833419262468,1,-0.3982656985571712,0
2017-10-18,0.035001665667793176,1,0.1918809317118946,0
2017-10-19,0.13443105960893237,1,0.7377728459388507,0
2017-10-20,0.06379046870013333,1,0.349938566106512,0
2017-10-23,0.015202877843283252,1,0.08318069975339286,0
2017-10-24,-0.026524319213751313,1,-0.14591191133377304,0
2017-10-25,0.06047507205658503,1,0.33173622021632576,0
2017-10-26,0.1714119188925246,1,0.9408068911431151,0
2017-10-27,-0.1369210967421069,1,-0.7520174684602433,0
2017-10-30,0.033178584602945704,1,0.1818717666870162,0
2017-10-31,-0.1718187990312238,1,-0.9436144675931758,0
2017-11-01,-0.009154980643071652,1,-0.050549955423456375,0
2017-11-02,0.34878227345501756,2,1.9146139168256038,0
2017-11-03,-0.15330589707537062,1,-0.8419740664401799,0
2017-11-06,0.10469106899960126,1,0.5744929569713061,0
2017-11-07,-0.10677389513021732,1,-0.5865018905794934,0
2017-11-08,-0.20058985770366497,1,-1.1015746810722264,1
2017-11-09,0.01824674123699399,1,0.09989226108124095,0
2017-11-10,-0.19165152760086498,1,-1.0525010426198145,1
2017-11-13,-0.002403153661661231,1,-0.013480758787366353,0
2017-11-14,0.15074678694016835,1,0.8273502160888294,0
2017-11-15,0.11336465580124999,1,0.6221130893555853,0
2017-11-16,-0.4307969186436353,0,-2.365468266096749,0
2017-11-17,0.005161692526727293,1,0.028052113967108674,0
2017-11-20,0.10877578847047936,1,0.596919075070324,0
2017-11-21,-0.04310656503416449,1,-0.23695253377230482,0
2017-11-22,-0.1035279534493136,1,-0.5686808695773283,0
2017-11-24,-0.057757365180193386,1,-0.31738904273269175,0
2017-11-27,0.12874514926297242,1,0.7065557947244343,0
2017-11-28,0.17912800626322445,1,0.9831701153183254,0
2017-11-29,0.41385628427174914,2,2.2718862979908816,0
2017-11-30,0.01178157240234623,1,0.06439688842478472,0
2017-12-01,-0.05376302805633981,1,-0.29545914602730666,0
2017-12-04,0.24500510949601653,2,1.3448516720696875,0
2017-12-05,-0.09023927046669622,1,-0.49572272004630974,0
2017-12-06,-0.03236766261687546,1,-0.177993308890166,0
2017-12-07,-0.015759972280241952,1,-0.08681298977728541,0
2017-12-08,-0.020991239217881458,1,-0.11553393646344097,0
2017-12-11,-0.22108254498622137,1,-1.2140845923259505,1
2017-12-12,0.12827472623366978,1,0.7039730561822032,0
2017-12-13,-0.176487910027258,1,-0.9692490394067395,0
2017-12-14,-0.04008381490071361,1,-0.22035688945452772,0
2017-12-15,-0.09140517394094277,1,-0.5021238178920543,0
2017-12-18,-0.11164823292070375,1,-0.6132632081493523,0
2017-12-19,-0.13242035502517568,1,-0.7273072855464144,0
2017-12-20,-0.08275098510835734,1,-0.4546101851458032,0
2017-12-21,0.04457843705499688,1,0.2444597703978611,0
2017-12-22,-0.0069322555328724805,1,-0.0383466459481392,0
2017-12-26,0.09168263519496453,1,0.5030734445994254,0
2017-12-27,0.04837790708145481,1,0.26531979864080607,0
2017-12-28,0.09823459483697723,1,0.5390453202103077,0
2017-12-29,0.09181805826435227,1,0.5038169506759316,0
2018-01-02,-0.5379760602047028,0,-2.953908207575313,0
2018-01-03,0.012312194011564914,1,0.06731013202916646,0
2018-01-04,-0.010247978864067087,1,-0.056550785434137815,0
2018-01-05,-0.10532631799726691,1,-0.5785543348238457,0
2018-01-08,-0.0979184598661733,1,-0.5378833652522285,0
2018-01-09,0.11062412210474243,1,0.6070668829342163,0
2018-01-10,0.02584007659116605,1,0.14158154638765721,0
2018-01-11,-0.03969713902061944,1,-0.21823394343219799,0
2018-01-12,-0.07961543655103481,1,-0.4373952496396927,0
2018-01-16,-0.0828921953913348,1,-0.45538546445333605,0
2018-01-17,-0.2719241089661659,0,-1.4932173274579192,0
2018-01-18,0.014609069318577117,1,0.07992054438698268,0
2018-01-19,0.10476350835077264,1,0.574890666888956,0
2018-01-22,-0.1782343589085942,1,-0.9788374748295333,0
2018-01-23,0.01366302871844522,1,0.07472654798740548,0
2018-01-24,0.2702574961696219,2,1.4834935077849318,0
2018-01-25,0.07551649915086822,1,0.4143173675384571,0
2018-01-26,-0.14283543232023144,1,-0.7844886305799106,0
2018-01-29,-0.08383898347712887,1,-0.46058356473369544,0
2018-01-30,0.1795648268131984,1,0.9855683679551677,0
2018-01-31,0.09621461299578882,1,0.5279551213236202,0
2018-02-01,0.15405095288222936,1,0.8454909026558518,0
2018-02-02,0.413173982199881,2,2.2681402912082835,0
2018-02-05,0.15726644870662843,1,0.86314476839106,0
2018-02-06,-0.4742686951187942,0,-2.604139048792249,0
2018-02-07,0.2844206882557784,2,1.5612529281435936,0
2018-02-08,-0.0076198955127184664,1,-0.04212195916305559,0
2018-02-09,0.05551467299773655,1,0.3045024050412338,0
2018-02-12,-0.10956743289820159,1,-0.6018391024359088,0
2018-02-13,0.07335611973747758,1,0.4024563513269887,0
2018-02-14,0.0020520670286602316,1,0.010979502454725447,0
2018-02-15,-0.12840540457811495,1,-0.7052642166087737,0
2018-02-16,0.03755076578829907,1,0.2058761205507494,0
2018-02-20,-0.048950074668023716,1,-0.269034843976463,0
2018-02-21,0.26024329344243685,2,1.4285130630742253,0
2018-02-22,-0.04075493578730823,1,-0.22404150877019718,0
2018-02-23,-0.19998838965541377,1,-1.0982724730310052,1
2018-02-26,-0.13205971393739474,1,-0.7253272769598773,0
2018-02-27,0.07786570279755833,1,0.42721507539695797,0
2018-02-28,0.014791295596199516,1,0.08092101162881896,0
2018-03-01,-0.02980257096442196,1,-0.16391032259383634,0
2018-03-02,-0.260160847308419,0,-1.428634117509949,0
2018-03-05,-0.014170563971918015,1,-0.07808674586159974,0
2018-03-06,0.0431094552667155,1,0.2363946978012789,0
2018-03-07,0.09970314383710507,1,0.5471080166931048,0
2018-03-08,-0.058642960114066486,1,-0.32225117750510995,0
2018-03-09,0.10581142218483763,1,0.5806439724875125,0
2018-03-12,-0.2521093455596449,0,-1.384429385611031,0
2018-03-13,0.05889558294093014,1,0.32306443511668087,0
2018-03-14,-0.09648465360707514,1,-0.530011414993002,0
2018-03-15,0.17693700437906293,1,0.971140974183986,0
2018-03-16,0.07158101549791698,1,0.39271059091473315,0
2018-03-19,0.31094498348137584,2,1.7068778557459274,0
2018-03-20,0.19624863776519108,2,1.0771666080347106,0
2018-03-21,0.06802817222724447,1,0.37320460443427733,0
2018-03-22,-0.04602228711000689,1,-0.2529605676367941,0
2018-03-23,0.16688164179586573,1,0.9159345517045618,0
2018-03-26,-0.12602792572700428,1,-0.692211270899025,0
2018-03-27,0.13033607158956018,1,0.7152903509740833,0
2018-03-28,0.2058188041783025,2,1.1297091837826492,0
2018-03-29,-0.18911354949667702,1,-1.0385669163957179,1
2018-04-02,0.30575347768574823,2,1.678375207543393,0
2018-04-03,-0.058383917166601074,1,-0.32082896778569236,0
2018-04-04,-0.15367196660307902,1,-0.8439838785017841,0
2018-04-05,0.061271127309102835,1,0.3361067600376247,0
2018-04-06,0.04317362811587899,1,0.23674702258254018,0
2018-04-09,-0.07795676081088328,1,-0.4282887104264581,0
2018-04-10,-0.2415539220736771,0,-1.326477505348719,0
2018-04-11,-0.12246222972742749,1,-0.6726347197645319,0
2018-04-12,-0.043747799987728875,1,-0.24047307193909398,0
2018-04-13,-0.08604455878650955,1,-0.4726927175695488,0
2018-04-16,0.028368805115481788,1,0.15546489013524364,0
2018-04-17,-0.20214058590152878,1,-1.1100885616343341,1
2018-04-18,0.0614747908856558,1,0.3372249233418144,0
2018-04-19,0.48217846168834144,2,2.6469919155125603,0
2018-04-20,0.22806729737444809,2,1.2518589028757692,0
2018-04-23,0.031654972701953665,1,0.17350676128766834,0
2018-04-24,-0.07085141071603918,1,-0.38927858463987935,0
2018-04-25,0.014997523220203354,1,0.0820532521863806,0
2018-04-26,-0.24848968540236807,0,-1.3645565579311536,0
2018-04-27,0.1489925040555315,1,0.8177187700543005,0
2018-04-30,0.0513139786499659,1,0.28143955624277517,0
2018-05-01,-0.021738853302612722,1,-0.1196385223171834,0
2018-05-02,-0.009081951454994547,1,-0.050149007155608626,0
2018-05-03,0.2331385457793362,2,1.279701308320819,0
2018-05-04,-0.16323861544883178,1,-0.8965071419367059,0
2018-05-07,0.06935928911346889,1,0.3805127646902982,0
2018-05-08,0.15906285278888732,1,0.8730074701970264,0
2018-05-09,-0.0688342312392114,1,-0.3782037714252205,0
2018-05-10,-0.1459661035243885,1,-0.8016767882132982,0
2018-05-11,0.057884882231046146,1,0.31751543875494365,0
2018-05-14,-0.24659416332753276,0,-1.3541496738813135,0
2018-05-15,0.03238934532480292,1,0.17753864824737736,0
2018-05-16,-0.23263279401068004,1,-1.2774983103406892,1
2018-05-17,0.005566443811788072,1,0.030274298424136023,0
2018-05-18,0.27291916369869895,2,1.4981067194811002,0
2018-05-21,0.05853457894125175,1,0.32108243405425174,0
2018-05-22,-0.13431788265498013,1,-0.7377251805880526,0
2018-05-23,-0.0015714287994693125,1,-0.00891438400486614,0
2018-05-24,0.07174154045878163,1,0.393591912571179,0
2018-05-25,-0.06638724822462161,1,-0.36476923070272516,0
2018-05-29,-0.16614281548869275,1,-0.9124519169797504,0
2018-05-30,0.08000362393290572,1,0.43895279011874283,0
2018-05-31,0.06176584893950998,1,0.3388229038973802,0
2018-06-01,-0.05531507852365358,1,-0.30398028617506134,0
2018-06-04,0.023143368505424547,1,0.12677595338657538,0
2018-06-05,0.012446573684004869,1,0.06804790959889463,0
2018-06-06,0.020405600909503552,1,0.11174493354016474,0
2018-06-07,0.17423013088135933,1,0.9562795705621718,0
2018-06-08,0.04585414249258091,1,0.25146370812401014,0
2018-06-11,-0.2436098762582964,0,-1.3377652012796541,0
2018-06-12,-0.0875223646360049,1,-0.4808062364401796,0
2018-06-13,-0.16343317690124864,1,-0.8975753323327722,0
2018-06-14,-0.2192084430640291,1,-1.2037953102011132,1
2018-06-15,-0.03585098171503569,1,-0.19711759050334443,0
2018-06-18,0.1527389808754833,1,0.8382878525135693,0
2018-06-19,-0.12735698488776226,1,-0.6995081337343406,0
2018-06-20,-0.13225650849195117,1,-0.7264077276378714,0
2018-06-21,0.03606167690508599,1,0.19770065504009282,0
2018-06-22,-0.03656857671298964,1,-0.20105736416126965,0
2018-06-25,0.1566200127251125,1,0.859595675297082,0
2018-06-26,-0.11334359351024925,1,-0.622571156240435,0
2018-06-27,0.062318577592155366,1,0.3418575206267077,0
2018-06-28,0.00843090135977373,1,0.04600087737741238,0
2018-06-29,0.020833191195030465,1,0.1140925097469484,0
2018-07-02,0.052803837522327486,1,0.2896192491839083,0
2018-07-03,0.09327043880862251,1,0.511790878345319,0
2018-07-05,-0.3016680063140124,0,-1.6565186653841872,0
2018-07-06,-0.23015311512109587,1,-1.2638842611943713,1
2018-07-09,0.2421634918312282,2,1.3292504897125796,0
2018-07-10,-0.11891484153930051,1,-0.6531586830336925,0
2018-07-11,0.1379272464231005,1,0.7569677744889646,0
2018-07-12,-0.11539107153633915,1,-0.6338123159689305,0
2018-07-13,-0.006755637063062037,1,-0.03737696695532813,0
2018-07-16,0.12799087462222794,1,0.7024146407741989,0
2018-07-17,-0.028385939673056193,1,-0.1561326671466427,0
2018-07-18,0.2436029243040718,2,1.3371533292739493,0
2018-07-19,0.057700078411926536,1,0.3165008201740904,0
2018-07-20,0.12023956861032527,1,0.6598580575660042,0
2018-07-23,0.021270575054552293,1,0.11649385509224629,0
2018-07-24,-0.016326941838885015,1,-0.08992579259552744,0
2018-07-25,-0.022434502309438276,1,-0.12345780706703201,0
2018-07-26,-0.00348099210310282,1,-0.019398357866510525,0
2018-07-27,0.14214598933253067,1,0.7801297143457393,0
2018-07-30,0.005621982342556953,1,0.03057921866626005,0
2018-07-31,0.07014817264840778,1,0.38484393001194195,0
2018-08-01,0.09096241786832887,1,0.4991192737097858,0
2018-08-02,-0.2410765712103503,0,-1.3238567312877445,0
2018-08-03,-0.16413124810940083,1,-0.9014079155657597,0
2018-08-06,-0.021293749563606135,1,-0.11719479292806813,0
2018-08-07,0.044011382115980574,1,0.2413464988202961,0
2018-08-08,0.07458455737664033,1,0.40920077717301145,0
2018-08-09,0.08006270529226572,1,0.4392771613642847,0
2018-08-10,0.13406617822550804,1,0.7357695570826277,0
2018-08-13,-0.10451866128635295,1,-0.5741201001324417,0
2018-08-14,0.028218796556783,1,0.15464130612238136,0
2018-08-15,0.24803611829276478,2,1.3614926584873976,0
2018-08-16,-0.054587721634297065,1,-0.29998691732387384,0
2018-08-17,0.025559606143232827,1,0.1400416944018652,0
2018-08-20,-0.008682050057888663,1,-0.04795344978051894,0
2018-08-21,0.002252957472848982,1,0.012082440577761984,0
2018-08-22,-0.15246094553693712,1,-0.8373350739404616,0
2018-08-23,0.021471294353828357,1,0.11759585358746963,0
2018-08-24,-0.15458628418115739,1,-0.8490037076803068,0
2018-08-27,-0.05134782429892448,1,-0.28219908127055987,0
2018-08-28,0.04875598268318637,1,0.26739552701217606,0
2018-08-29,-0.07276060500691747,1,-0.39976053253041666,0
2018-08-30,0.015475803445209102,1,0.08467912867236067,0
2018-08-31,0.10225132435320142,1,0.5610981566767714,0
2018-09-04,0.27104061316921735,2,1.4877930134042248,0
2018-09-05,0.1349516701972347,1,0.7406311265674486,0
2018-09-06,0.2748692400519109,2,1.5088131199844943,0
2018-09-07,-0.01098573081440199,1,-0.06060122573583977,0
2018-09-10,-0.08425901098166091,1,-0.46288961940614676,0
2018-09-11,0.16654013143652854,1,0.9140595755390903,0
2018-09-12,-0.1967295955257804,1,-1.0803808889130306,1
2018-09-13,-0.08694069038622396,1,-0.4776127012381303,0
2018-09-14,0.06819317428140423,1,0.37411050643796423,0
2018-09-17,0.0728108384869853,1,0.3994626226736741,0
2018-09-18,0.006373669423582029,1,0.03470616627496586,0
2018-09-19,0.0009221818888662525,1,0.004776154155289353,0
2018-09-20,-0.23336510879707245,1,-1.2815188992703281,1
2018-09-21,-0.04264156888770254,1,-0.23439959015635017,0
2018-09-24,-0.15168410427191853,1,-0.833070023652993,0
2018-09-25,0.10017920922687329,1,0.5497217331869579,0
2018-09-26,-0.10286691104450132,1,-0.5650515836142479,0
2018-09-27,-0.08087674610106704,1,-0.44432015038994205,0
2018-09-28,-0.07844665327079502,1,-0.43097834094824206,0
2018-10-01,0.012922355330321267,1,0.07066006827116275,0
2018-10-02,-0.08609629693867757,1,-0.47297677279513217,0
2018-10-03,0.000787732280413185,1,0.0040379926195873595,0
2018-10-04,0.3429065618013194,2,1.8823548095843214,0
2018-10-05,0.12193892933318695,1,0.6691879673763188,0
2018-10-08,0.06487110616277773,1,0.3558715325029232,0
2018-10-09,-0.039425666019036965,1,-0.21674348964765086,0
2018-10-10,0.13352842787701058,1,0.7328171749400667,0
2018-10-11,-0.13478397505170814,1,-0.740284142888548,0
2018-10-12,-0.3770485943114511,0,-2.0703766991748322,0
2018-10-15,0.0014636329196865,1,0.007748853957217131,0
2018-10-16,-0.21685316537054078,1,-1.190864254326474,1
2018-10-17,-0.04571410670679288,1,-0.25126858115704825,0
2018-10-18,0.1685571991891336,1,0.9251337753601901,0
2018-10-19,0.042882198940645766,1,0.23514700447900203,0
2018-10-22,-0.030626288084068448,1,-0.1684327328932648,0
2018-10-23,-0.0845248957373454,1,-0.46434939234140465,0
2018-10-24,0.5799673825436151,2,3.1838772275911515,0
2018-10-25,-0.06678880353134209,1,-0.3669738684498224,0
2018-10-26,0.38362064732063916,2,2.1058851882699106,0
2018-10-29,0.17916445621851024,1,0.9833702345695423,0
2018-10-30,-0.22084012699153677,1,-1.212753657700725,1
2018-10-31,0.05279767970382565,1,0.28958544124044017,0
2018-11-01,-0.5731967567214727,0,-3.147278524740559,0
2018-11-02,0.3590199449613729,2,1.9708212602912543,0
2018-11-05,0.018540566622324166,1,0.10150543496965181,0
2018-11-06,0.007038035354004213,1,0.03835369921396813,0
2018-11-07,-0.12363825303854548,1,-0.6790913780125121,0
2018-11-08,0.16533204524024794,1,0.9074268841377007,0
2018-11-09,0.26018404952586727,2,1.4281877993494798,0
2018-11-12,0.3602403561932518,2,1.9775216191801843,0
2018-11-13,0.06005780748564747,1,0.32944533473126447,0
2018-11-14,-0.039403298328009456,1,-0.21662068550304275,0
2018-11-15,-0.0728113021481428,1,-0.4000388723489789,0
2018-11-16,0.16656248579342098,1,0.9141823064760057,0
2018-11-19,0.48900091329946327,2,2.6844488587975697,0
2018-11-20,-0.07713010832487555,1,-0.42375018424118965,0
2018-11-21,-0.01868228516608328,1,-0.10285720881543421,0
2018-11-23,-0.0043727954101475675,1,-0.024294578140012166,0
2018-11-26,-0.13990543267123545,1,-0.7684022093147705,0
2018-11-27,-0.17359624355569303,1,-0.9533730767472166,0
2018-11-28,-0.025437074288137795,1,-0.1399426683347856,0
2018-11-29,-0.05420326196303016,1,-0.29787613883501773,0
2018-11-30,0.009106723916872117,1,0.0497113100246293,0
2018-12-03,-0.264160283060515,0,-1.450592006942845,0
2018-12-04,0.14328523923505232,1,0.7863844775039919,0
2018-12-06,-0.08006233074023611,1,-0.4398488090423017,0
2018-12-07,0.345568470638433,2,1.896969346121171,0
2018-12-10,-0.19873333905452786,1,-1.0913819354564236,1
2018-12-11,-0.2558912004144947,0,-1.4051927022140125,0
2018-12-12,-0.10374550921488668,1,-0.5698753044281542,0
2018-12-13,-0.020009576944889806,1,-0.11014436828760524,0
2018-12-14,0.3283963756446068,2,1.8026903061320882,0
2018-12-17,0.19490690243250253,2,1.069800149886722,0
2018-12-18,0.06541983894967217,1,0.35888421094300527,0
2018-12-19,0.27284179165608013,2,1.497681927869901,0
2018-12-20,0.20590715570370954,2,1.130194255464348,0
2018-12-21,0.2387249172896747,2,1.3103718667591708,0
2018-12-24,0.12295080850396989,1,0.6747434337792628,0
2018-12-26,-0.39259046507742323,0,-2.1557054057756893,0
2018-12-27,0.08345509495526249,1,0.45790221793491337,0
2018-12-28,-0.04015189995597046,1,-0.22073069321286512,0
2018-12-31,0.0439438657345787,1,0.24097581722178446,0
2019-01-02,-0.31165703131508843,0,-1.7113608781641059,0
2019-01-03,0.33500827368926145,2,1.8389912583676686,0
2019-01-04,-0.33913238541081014,0,-1.8622073537069008,0
2019-01-07,-0.2934365982090914,0,-1.611326203184944,0
2019-01-08,-0.02051961952954562,1,-0.11294462796775426,0
2019-01-09,-0.08538533269449289,1,-0.4690734036120247,0
2019-01-10,-0.04460725463053847,1,-0.2451916900615409,0
2019-01-11,-0.09944536382207972,1,-0.5462664448456122,0
2019-01-14,0.3027582902954295,2,1.6619308894885383,0
2019-01-15,-0.11183250246984835,1,-0.6142748934561725,0
2019-01-16,0.24256106672830519,2,1.3314332740282762,0
2019-01-17,-0.0035269333437425443,1,-0.019650586616990755,0
2019-01-18,-0.11200704530617744,1,-0.6152331767088562,0
2019-01-22,0.30588406784553857,2,1.6790921797533347,0
2019-01-23,0.04309914135344402,1,0.23633807187170444,0
2019-01-24,-0.23847379969726085,0,-1.3095668732562562,0
2019-01-25,-0.17093446040708826,1,-0.9387592302713034,0
2019-01-28,0.15401502780253995,1,0.8452936651012106,0
2019-01-29,0.186831181886017,2,1.0254624508106047,0
2019-01-30,-0.2400409311319942,0,-1.3181708116374784,0
2019-01-31,-0.2620493690181919,0,-1.4390025678277434,0
2019-02-01,0.06193309352490378,1,0.3397411179510509,0
2019-02-04,0.0003987981147803299,1,0.0019026480522527601,0
2019-02-05,0.06696655725851666,1,0.36737607622466273,0
2019-02-06,-0.1562154009853556,1,-0.8579479610393238,0
2019-02-07,0.4073802795615425,2,2.236331433703061,0
2019-02-08,-0.03561527771897082,1,-0.19582351738771261,0
2019-02-11,0.009258979771453457,1,0.05054723224657176,0
2019-02-12,-0.0829079374032291,1,-0.4554718919841309,0
2019-02-13,-0.018435665254063816,1,-0.10150320462690937,0
2019-02-14,-0.12467175447496028,1,-0.6847655559906537,0
2019-02-15,0.01625702302118015,1,0.08896821696762744,0
2019-02-19,-0.07180839246867304,1,-0.3945326506672236,0
2019-02-20,-0.011599508196594277,1,-0.06397101505862803,0
2019-02-21,0.13739173706000585,1,0.7540276959093922,0
2019-02-22,0.1420384379694673,1,0.7795392308163401,0
2019-02-25,-0.043090611082055245,1,-0.2368649426374181,0
2019-02-26,-0.014573725304181578,1,-0.08030020108533298,0
2019-02-27,0.22721293112766217,2,1.247168221303427,0
2019-02-28,-0.08312086891071316,1,-0.45664093851667353,0
2019-03-01,-0.10326937083080717,1,-0.5672611871775154,0
2019-03-04,0.08493227706742901,1,0.4660123123336559,0
2019-03-05,0.03803079597290715,1,0.20851160474687705,0
2019-03-06,0.1577348984865029,1,0.8657166733068866,0
2019-03-07,0.13454712067522334,1,0.7384100498393623,0
2019-03-08,-0.027452225671756425,1,-0.15100634681714556,0
2019-03-11,-0.21096787170964315,1,-1.158552539500604,1
2019-03-12,0.02629310441137043,1,0.14406878093839615,0
2019-03-13,-0.060158544150417104,1,-0.33057210794611247,0
2019-03-14,0.07689505336946134,1,0.42188597045782056,0
2019-03-15,-0.18323586342566855,1,-1.0062969691160697,1
2019-03-18,0.14519909281513083,1,0.7968920060422594,0
2019-03-19,-0.20581137196012872,1,-1.1302420831315383,1
2019-03-20,-0.13252285212473147,1,-0.727870019921647,0
2019-03-21,-0.31875332290325176,0,-1.7503212705131568,0
2019-03-22,0.11547316569127886,1,0.633689329081191,0
2019-03-25,0.13818803380354414,1,0.7583995615759992,0
2019-03-26,-0.018091869810463818,1,-0.09961568278482302,0
2019-03-27,0.24053628879769276,2,1.3203167434268643,0
2019-03-28,0.1352423338367968,1,0.7422269416912002,0
2019-03-29,-0.13606830083210253,1,-0.7473354084244274,0
2019-04-01,-0.027013233242502044,1,-0.1485961700269835,0
2019-04-02,0.06907780910509129,1,0.3789673699684835,0
2019-04-03,-0.08855626378851356,1,-0.4864825979778421,0
2019-04-04,0.0047380205732749925,1,0.025726050370550254,0
2019-04-05,-0.17421778759510942,1,-0.9567855069351571,0
2019-04-08,-0.044927421040029586,1,-0.24694948267417358,0
2019-04-09,-0.06876445478113613,1,-0.3778206814479324,0
2019-04-10,-0.11992240070953161,1,-0.6586904315673302,0
2019-04-11,0.17721782714108777,1,0.9726827604611004,0
2019-04-12,0.11352447601077781,1,0.6229905417532429,0
2019-04-15,-0.017996130183846687,1,-0.09909004860392538,0
2019-04-16,-0.0330798683972921,1,-0.181903494413627,0
2019-04-17,0.01142535081862009,1,0.06244114400634507,0
2019-04-18,0.14739996731406924,1,0.8089753502685153,0
2019-04-22,-0.118133136669896,1,-0.6488669303576943,0
2019-04-23,0.08271862964656679,1,0.4538588416133838,0
2019-04-24,0.009469800219206462,1,0.0517046885401322,0
2019-04-25,0.1365520126254034,1,0.7494174014998775,0
2019-04-26,0.10540229364031864,1,0.57839775579565,0
2019-04-29,0.05776539116878225,1,0.31685940332993784,0
2019-04-30,0.0858379314617492,1,0.4709845784950707,0
2019-05-01,0.024742397937132843,1,0.1355550196443585,0
2019-05-02,0.11525597997227523,1,0.6324969258773675,0
2019-05-03,-0.009703464923499439,1,-0.05356126950169935,0
2019-05-06,0.14228619894079547,1,0.7808994997021098,0
2019-05-07,0.18739068996595676,2,1.0285342882690989,0
2019-05-08,0.04947947179822665,1,0.27136766082771063,0
2019-05-09,0.1439148217431617,1,0.7898410408691381,0
2019-05-10,0.17946566702756797,1,0.985023956257112,0
2019-05-13,0.4087548630452067,2,2.2438782363075944,0
2019-05-14,-0.13977134220678872,1,-0.7676660195683084,0
2019-05-15,-0.18483602007632266,1,-1.0150822240840893,1
2019-05-16,0.19482234402131007,2,1.06933590333829,0
2019-05-17,0.18924673659359625,2,1.038724442370374,0
2019-05-20,0.3121844663190011,2,1.7136829224577215,0
2019-05-21,-0.0570390955498824,1,-0.31344556517661143,0
2019-05-22,0.09109785841247853,1,0.4998628757270481,0
2019-05-23,0.1366970380821676,1,0.7502136270531732,0
2019-05-24,0.18978973002258454,2,1.0417056103189442,0
2019-05-28,0.18012348210716483,1,0.9886355234081807,0
2019-05-29,0.1926192063551946,2,1.0572401337656299,0
2019-05-30,0.10412881800869654,1,0.5714060602546001,0
2019-05-31,0.2741031301074124,2,1.5046069872954209,0
2019-06-03,0.05131410453342561,1,0.28144024737403994,0
2019-06-04,-0.332303697957288,0,-1.8247161741079627,0
2019-06-05,0.32739403719765325,2,1.7971872206578405,0
2019-06-06,-0.14521273436197002,1,-0.7975406055625659,0
2019-06-07,-0.14554926442731764,1,-0.799388238684782,0
2019-06-10,-0.13659922556281595,1,-0.7502503162406327,0
2019-06-11,-0.24020384910244785,0,-1.3190652715072184,0
2019-06-12,0.25396843566809496,2,1.3940625451120503,0
2019-06-13,-0.15332222102253656,1,-0.8420636889392512,0
2019-06-14,0.32435158466316144,2,1.7804834052953373,0
2019-06-17,-0.2260152774261861,1,-1.2411665109346046,1
2019-06-18,-0.2612890374727208,0,-1.4348281599755737,0
2019-06-19,-0.055376528839483505,1,-0.3043176635763367,0
2019-06-20,-0.06593975843116973,1,-0.3623124012857714,0
2019-06-21,-0.0944754847014424,1,-0.5189805817913994,0
2019-06-24,0.03127098987087845,1,0.1713986007691599,0
2019-06-25,0.185358586262228,1,1.0173775373651068,-1
2019-06-26,-0.37123128082354157,0,-2.038438212277757,0
2019-06-27,0.06988174416620824,1,0.383381171883912,0
2019-06-28,0.06263376776561808,1,0.3435879924752934,0
2019-07-01,-0.13776624708190494,1,-0.7566575524285216,0
2019-07-02,0.14265381365720567,1,0.7829177952310754,0
2019-07-03,0.0025798348544759653,1,0.013877078083844772,0
2019-07-05,0.05903359982463449,1,0.323822181873999,0
2019-07-08,0.07504577310503152,1,0.41173296536066245,0
2019-07-09,-0.012057107717713317,1,-0.0664833493757907,0
2019-07-10,-0.2372822119436413,1,-1.3030247623772757,1
2019-07-11,0.14007714908462446,1,0.7687712707467784,0
2019-07-12,-0.009070480327246333,1,-0.050086027832929446,0
2019-07-15,-0.08588777326083502,1,-0.47183192633527643,0
2019-07-16,0.14748460764935756,1,0.8094400466004542,0
2019-07-17,-0.06854029237384196,1,-0.3765899745033846,0
2019-07-18,-0.06945144803488298,1,-0.3815924439769375,0
2019-07-19,-0.01704437263090333,1,-0.09386466472233619,0
2019-07-22,-0.09575773939674866,1,-0.5260204765589529,0
2019-07-23,-0.040014196024182436,1,-0.21997466463881143,0
2019-07-24,-0.2403515080277563,0,-1.3198759554528234,0
2019-07-25,0.23901133296170018,2,1.3119443594926492,0
2019-07-26,-0.09092292949904289,1,-0.49947617687686435,0
2019-07-29,-0.1389159136069238,1,-0.7629695054153489,0
2019-07-30,0.04274261339161385,1,0.2343806453618524,0
2019-07-31,0.2741080711838042,2,1.5046341150243847,0
2019-08-01,0.022186036870930126,1,0.12151996642145767,0
2019-08-02,0.38503394238647853,2,2.113644527015506,0
2019-08-05,0.22857802599678823,2,1.2546629290721352,0
2019-08-06,0.346407868545965,2,1.9015778478164747,0
2019-08-07,-0.10237752381066943,1,-0.5623647269083438,0
2019-08-08,-0.13681919315774815,1,-0.7514579926299358,0
2019-08-09,0.23168163243921902,2,1.2717024944834323,0
2019-08-12,-0.07933268013877559,1,-0.43584284714552174,0
2019-08-13,-0.1887229902616362,1,-1.0364226497962286,1
2019-08-14,0.23686391183419908,2,1.300154487469121,0
2019-08-15,0.18205938264879426,1,0.9992640952070665,0
2019-08-16,-0.15442025485031496,1,-0.8480921656740762,0
2019-08-19,-0.1769888014140839,1,-0.9719990567520735,0
2019-08-20,0.07574080428614222,1,0.4155488580948427,0
2019-08-21,-0.06780121122156646,1,-0.37253223655495077,0
2019-08-22,-0.012275292732036432,1,-0.0676812389575676,0
2019-08-23,0.25190353296867896,2,1.3827257196261793,0
2019-08-26,-0.11569655127524711,1,-0.6354894751350493,0
2019-08-27,0.30365540723179396,2,1.6668562828985327,0
2019-08-28,-0.09777574953019191,1,-0.5370998502834561,0
2019-08-29,-0.09040022288106653,1,-0.49660638852800715,0
2019-08-30,-0.018066900454975797,1,-0.09947859486017534,0
2019-09-03,-0.03441225378020574,1,-0.1892186190295662,0
2019-09-04,-0.17007513577273603,1,-0.9340413259273764,0
2019-09-05,-0.11924032765735793,1,-0.6549456821593821,0
2019-09-06,0.01993473846149682,1,0.10915978248078939,0
2019-09-09,-0.34597748291469593,0,-1.899788628532718,0
2019-09-10,-0.45578237553075873,0,-2.5026445913997195,0
2019-09-11,-0.275332127617291,0,-1.5119281910309705,0
2019-09-12,0.15530952497358783,1,0.8524007740823136,0
2019-09-13,0.02719940308984861,1,0.14904458437886262,0
2019-09-16,-0.00020717897395672313,1,-0.0014243157341721651,0
2019-09-17,0.30875349524353213,2,1.6948460444098292,0
2019-09-18,0.12507305042953787,1,0.6863950657693646,0
2019-09-19,0.03390147103640098,1,0.18584059163189326,0
2019-09-20,-0.034291465017908807,1,-0.18855545891107636,0
2019-09-23,0.06672278224061078,1,0.3660376912070075,0
2019-09-24,0.18629937190854418,1,1.0225426827711908,-1
2019-09-25,-0.11053687813063867,1,-0.6071615960436497,0
2019-09-26,0.13029904318777405,1,0.7150870559088055,0
2019-09-27,0.06612349442797372,1,0.36274745319744073,0
2019-09-30,-0.07354281935727539,1,-0.4040550823826008,0
2019-10-01,-0.11570285107472278,1,-0.6355240625891079,0
2019-10-02,0.13808536762707113,1,0.7578358989267591,0
2019-10-03,-0.07126239476437435,1,-0.39153498850567425,0
2019-10-04,-0.09215374265452941,1,-0.5062336448938374,0
2019-10-07,0.021576133085273563,1,0.11817144409974438,0
2019-10-08,0.20592520922577373,2,1.1302933737565102,0
2019-10-09,-0.050188917781792575,1,-0.27583639844638674,0
2019-10-10,-0.006236472006569516,1,-0.03452662265315706,0
2019-10-11,-0.17646174028638217,1,-0.9691053610700296,0
2019-10-14,0.026684404276217988,1,0.14621711377832913,0
2019-10-15,-0.1614215303904174,1,-0.8865308964670993,0
2019-10-16,0.11515623683407439,1,0.6319493114297154,0
2019-10-17,-0.0791232688700482,1,-0.43469312759263007,0
2019-10-18,0.2623359467715777,2,1.4400022463667872,0
2019-10-21,-0.16322327996201064,1,-0.8964229463289025,0
2019-10-22,-0.18547857272592239,1,-1.0186099967273505,1
2019-10-23,-0.009478316526650758,1,-0.05232514923113212,0
2019-10-24,-0.01989016456335016,1,-0.10948876483919574,0
2019-10-25,-0.27941242061165006,0,-1.5343300066813415,0
2019-10-28,-0.18484635628975216,1,-1.0151389724470354,1
2019-10-29,0.1633105744274719,1,0.8963285104294842,0
2019-10-30,0.1505438274721804,1,0.826235918514452,0
2019-10-31,0.015836141914329083,1,0.08665747580775572,0
2019-11-01,-0.11479849561023836,1,-0.6305589278730976,0
2019-11-04,-0.41926621967362737,0,-2.3021618827063537,0
2019-11-05,-0.1650723817245341,1,-0.9065749714065362,0
2019-11-06,0.30259732335336365,2,1.6610471412462067,0
2019-11-07,-0.13621359699518543,1,-0.7481331202222294,0
2019-11-08,-0.1363473618444336,1,-0.748867522260882,0
2019-11-11,0.19563722276887663,2,1.0738097887934837,0
2019-11-12,-0.0032710900724980847,1,-0.018245943909780824,0
2019-11-13,0.06428165951776688,1,0.3526353249326536,0
2019-11-14,0.24335622201254797,2,1.3357988728016121,0
2019-11-15,-0.275525180581293,0,-1.5129880994533091,0
2019-11-18,0.06084905675575547,1,0.3337894885229052,0
2019-11-19,0.14808080497924736,1,0.8127133170969354,0
2019-11-20,0.0499152294751663,1,0.2737600780292526,0
2019-11-21,-0.08338105963687789,1,-0.4580694498244489,0
2019-11-22,-0.06543417664964674,1,-0.3595366325158517,0
2019-11-25,-0.23115648937656313,1,-1.269393033513021,1
2019-11-26,0.28906436357782295,2,1.5867478518288374,0
2019-11-27,-0.18215644819387683,1,-1.0003707130687147,1
2019-11-29,0.08566582548018836,1,0.47003967417653714,0
2019-12-02,-0.11854100173805154,1,-0.6511062102524661,0
2019-12-03,0.09534936387944348,1,0.523204690111251,0
2019-12-04,-0.15478312931142818,1,-0.850084436031456,0
2019-12-05,0.15073893754466938,1,0.8273071209701265,0
2019-12-06,-0.12728805208253974,1,-0.6991296756194472,0
2019-12-09,0.0538049347753075,1,0.2951155201968858,0
2019-12-10,-0.07059753711611011,1,-0.3878847559143517,0
2019-12-11,-0.17338398288380236,1,-0.9522077132676595,0
2019-12-12,-0.33835516410819855,0,-1.8579402169192445,0
2019-12-13,0.054252896069194395,1,0.29757493826760506,0
2019-12-16,-0.18927096064914173,1,-1.0394311424754876,1
2019-12-17,-0.0012955268273743131,1,-0.007399614079032216,0
2019-12-18,-0.1457138369740912,1,-0.8002917825869064,0
2019-12-19,-0.16846177381797953,1,-0.9251835705804582,0
2019-12-20,-0.09994770428369323,1,-0.5490244179691955,0
2019-12-23,-0.16548328568878484,1,-0.9088309355909411,0
2019-12-24,-0.007696787471052895,1,-0.04254411499303771,0
2019-12-26,0.014818214141079006,1,0.08106880108433115,0
2019-12-27,0.05001298347730754,1,0.27429677162897237,0
2019-12-30,0.10986714713739587,1,0.6029109035244321,0
2019-12-31,-0.0583071653593092,1,-0.3204075814195264,0
2020-01-02,-0.012710097691163047,1,-0.07006842550316308,0
2020-01-03,0.2937851727383285,2,1.6126662593256598,0
2020-01-06,-0.05005210355252969,1,-0.27508525455879534,0
2020-01-07,-0.24023460147174713,0,-1.3192341096050724,0
2020-01-08,0.056011980953748056,1,0.30723274846692267,0
2020-01-09,0.08632351982518241,1,0.4736505784648363,0
2020-01-10,0.045519663112129294,1,0.24962733376802979,0
2020-01-13,-0.07952868404896751,1,-0.4369189569908053,0
2020-01-14,-0.236859884444174,1,-1.3007060801649375,1
2020-01-15,0.155239290212346,1,0.8520151679075212,0
2020-01-16,-0.01618985792479921,1,-0.08917316807169373,0
2020-01-17,0.13952386361600103,1,0.7657335969602963,0
2020-01-21,0.14623336630413614,1,0.8025704227796836,0
2020-01-22,-0.017779320540971852,1,-0.09789971015087326,0
2020-01-23,0.048421353951329404,1,0.2655583326801169,0
2020-01-24,0.22329207962363778,2,1.2256417787888665,0
2020-01-27,0.3925511079171977,2,2.1549156211906797,0
2020-01-28,0.017358139741005862,1,0.09501361954072168,0
2020-01-29,0.29714443741306545,2,1.6311094515347235,0
2020-01-30,0.13753720161959823,1,0.7548263322455956,0
2020-01-31,0.22413181594631215,2,1.2302521384668303,0
2020-02-03,0.06413957866048375,1,0.35185526595730465,0
2020-02-04,-0.3607476835688055,0,-1.9808806757532937,0
2020-02-05,-0.20183111590294678,1,-1.1083894949577158,1
2020-02-06,-0.104011061158736,1,-0.5713332501442914,0
2020-02-07,0.23486340411026246,2,1.2891712062928116,0
2020-02-10,0.00898994075063525,1,0.049070141617183635,0
2020-02-11,-0.13569897923705337,1,-0.7453077417104365,0
2020-02-12,-0.17664779453221524,1,-0.9701268448021741,0
2020-02-13,0.20356707448764794,2,1.1173466320016259,0
2020-02-14,0.24984576492141475,2,1.37142806514162,0
2020-02-18,0.02354433740701889,1,0.12897737162479164,0
2020-02-19,-0.2779571129405703,0,-1.5263400083632868,0
2020-02-20,0.11085505927646352,1,0.6083347850076376,0
2020-02-21,0.2532764189631749,2,1.3902632025961994,0
2020-02-24,0.5083478719434715,2,2.7906684370331525,0
2020-02-25,0.23623192943050042,2,1.2966847480848396,0
2020-02-26,0.1258481010223117,1,0.6906502848242299,0
2020-02-27,0.13188210529000166,1,0.723778457586631,0
2020-02-28,-0.6316803038783052,0,-3.4683676337330698,0
2020-03-02,-0.0373048640857403,1,-0.20509976357054224,0
2020-03-03,0.2995793940821654,2,1.6444779646520975,0
2020-03-04,-0.12187083678612831,1,-0.6693878265472482,0
2020-03-05,-0.0331654470934728,1,-0.18237334257847437,0
2020-03-06,-0.013435490152497565,1,-0.0740510091596432,0
2020-03-09,0.21032647705735563,2,1.1544574204872997,0
2020-03-10,-0.1489204226601153,1,-0.8178967294632062,0
2020-03-11,0.34534713547943596,2,1.8957541614676052,0
2020-03-12,0.45985870946370966,2,2.5244509667646633,0
2020-03-13,-0.8765924639409519,0,-4.812995842502026,0
2020-03-16,-0.8763787901763003,0,-4.811822720794427,0
2020-03-17,-0.9206317922859976,0,-5.054782625048223,0
2020-03-18,-0.7363295952710578,0,-4.042918073361644,0
2020-03-19,0.7067103476671495,2,3.8797273892349486,0
2020-03-20,0.05019658039344965,1,0.2753047640145874,0
2020-03-23,-1.277561616059879,0,-7.014415456160116,0
2020-03-24,0.5523003745342727,2,3.0319785247579296,0
2020-03-25,0.7774183230439944,2,4.267931626428916,0
2020-03-26,0.17487942691721647,1,0.9598443660604111,0
2020-03-27,0.6954055357429989,2,3.817661181480494,0
2020-03-30,-0.3498638553551693,0,-1.9211257724781472,0
2020-03-31,-0.5286302195997511,0,-2.9025972358830057,0
2020-04-01,-0.3128676349551891,0,-1.7180073909534317,0
2020-04-02,-0.19129588734409786,1,-1.050548489829865,1
2020-04-03,-0.4394887486297422,0,-2.413188558066546,0
2020-04-06,0.14661481780014984,1,0.8046646856439119,0
2020-04-07,0.19883598340201203,2,1.0913717741980193,0
2020-04-08,0.11659109544448554,1,0.639827039357395,0
2020-04-09,0.7241973816877971,2,3.975735522215568,0
2020-04-13,-0.7932970194494834,0,-4.35568329298824,0
2020-04-14,-0.387327871830513,0,-2.1268124699195745,0
2020-04-15,-0.3378867446152469,0,-1.8553684782860997,0
2020-04-16,-0.40496356392108035,0,-2.223636772396327,0
2020-04-17,0.44706708476210344,2,2.4542217898819563,0
2020-04-20,-0.220845784378217,1,-1.2127847181499742,1
2020-04-21,0.21449815171959652,2,1.1773609440494657,0
2020-04-22,-0.27043769623431746,0,-1.4850565546787908,0
2020-04-23,-0.21770974033028667,1,-1.1955670622781283,1
2020-04-24,-0.1344858652754205,1,-0.7386474466362932,0
2020-04-27,0.3878192904650315,2,2.1289367754555375,0
2020-04-28,0.2933337908682505,2,1.6101880614473736,0
2020-04-29,-0.3321108254893157,0,-1.823657256653378,0
2020-04-30,-0.07459352716833867,1,-0.40982372760449665,0
2020-05-01,0.3917585127848551,2,2.1505640782831805,0
2020-05-04,-0.17584380042599965,1,-0.9657127187145804,0
2020-05-05,0.05801915971460833,1,0.3182526552825103,0
2020-05-06,-0.25348515219448403,0,-1.3919829036174172,0
2020-05-07,0.2649431908703982,2,1.4543166599978774,0
2020-05-08,-0.3746716649850783,0,-2.05732677049153,0
2020-05-11,-0.14239373804165623,1,-0.7820636199700978,0
2020-05-12,-0.2669497932387177,0,-1.4659071063372568,0
2020-05-13,-0.11145073676161732,1,-0.6121789054893161,0
2020-05-14,0.16780846907026503,1,0.9210230622035708,0
2020-05-15,0.1084690432420351,1,0.5952349680542987,0
2020-05-18,0.21924659936824753,2,1.203431093668029,0
2020-05-19,-0.07031479226573883,1,-0.3863324168977993,0
2020-05-20,-0.20933115730410812,1,-1.1495665734349827,1
2020-05-21,0.5429823688250807,2,2.9808203735136427,0
2020-05-22,0.05281338668746274,1,0.2896716764574572,0
2020-05-26,0.5076558832285962,2,2.786869248189556,0
2020-05-27,0.03403056535266624,1,0.18654935129167335,0
2020-05-28,0.08313017681573232,1,0.45611833715152866,0
2020-05-29,-0.4171008555206178,0,-2.2902734990440274,0
2020-06-01,0.040379628230660825,1,0.22140727358844944,0
2020-06-02,-0.02695664093658967,1,-0.14828546429922546,0
2020-06-03,0.4010289646963059,2,2.201461147440483,0
2020-06-04,-0.047655160787120954,1,-0.2619254471554029,0
2020-06-05,0.06515502808307616,1,0.35743033392390394,0
2020-06-08,-0.35527018214694944,0,-1.950807840972384,0
2020-06-09,0.0062801271140031645,1,0.034192595906957314,0
2020-06-10,-0.2149059840719275,1,-1.1801737483873933,1
2020-06-11,0.07541024377154626,1,0.41373399927967724,0
2020-06-12,0.07797918343646082,1,0.42783811211419726,0
2020-06-15,0.037349116786143166,1,0.2047690177572434,0
2020-06-16,-0.14829510497372844,1,-0.8144635810219739,0
2020-06-17,0.00854921351645549,1,0.046650440319790966,0
2020-06-18,-0.14519738780269353,1,-0.7974563491642497,0
2020-06-19,-0.29418292520681893,0,-1.6154237226133528,0
2020-06-22,0.12243352680098449,1,0.6719034295527013,0
2020-06-23,-0.06436769839877923,1,-0.35368140368691886,0
2020-06-24,-0.035485693390615136,1,-0.1951120674406097,0
2020-06-25,0.2420468620164139,2,1.3286101632422946,0
2020-06-26,0.048266256866927426,1,0.2647068114051775,0
2020-06-29,-0.16079599880030981,1,-0.8830965736416437,0
2020-06-30,0.01224439797193455,1,0.06693791503795424,0
2020-07-01,0.006873558183173256,1,0.037450678949309806,0
2020-07-02,-0.18929024244161055,1,-1.039537004275337,1
2020-07-06,-0.1300160826005945,1,-0.7141072365050346,0
2020-07-07,-0.06227756455396083,1,-0.3422060529851544,0
2020-07-08,0.09444760177237416,1,0.5182537935675507,0
2020-07-09,-0.1741257574100531,1,-0.9562802385040049,0
2020-07-10,-0.0673746871540547,1,-0.3701905141482378,0
2020-07-13,0.263655486927773,2,1.447246847517542,0
2020-07-14,-0.06735498655276662,1,-0.37008235298459896,0
2020-07-15,0.14452333264765405,1,0.7931819159294644,0
2020-07-16,0.14665857826182133,1,0.8049049413795895,0
2020-07-17,0.003953572725816201,1,0.02141923806800321,0
2020-07-20,-0.19098340281161963,1,-1.048832872618099,1
2020-07-21,0.056014854620950016,1,0.30724852560914945,0
2020-07-22,0.2760524972896764,2,1.515309494275271,0
2020-07-23,0.09281490191564776,1,0.5092898683657732,0
2020-07-24,0.23795658217955779,2,1.3061535173616294,0
2020-07-27,-0.2913264277701298,0,-1.5997408466358352,0
2020-07-28,-0.019427778738271173,1,-0.10695015253192167,0
2020-07-29,0.23396769803447004,2,1.284253558855591,0
2020-07-30,-0.18002102455117758,1,-0.9886467101980075,0
2020-07-31,0.0864609206161637,1,0.47440494272103884,0
2020-08-03,-0.27579707397187847,0,-1.5144808612772447,0
2020-08-04,-0.3467115489786377,0,-1.903818832408359,0
2020-08-05,0.3246098676877266,2,1.7819014428504658,0
2020-08-06,0.06846496737124005,1,0.3756027175860274,0
2020-08-07,0.3944727772662754,2,2.1654660602298663,0
2020-08-10,-0.14052996514956773,1,-0.7718310467699755,0
2020-08-11,0.34472921202018025,2,1.8923616091583904,0
2020-08-12,-0.30694208094426323,0,-1.6854746368687146,0
2020-08-13,0.055053983354162755,1,0.3019731051890803,0
2020-08-14,-0.03522217626142038,1,-0.19366529335916577,0
2020-08-17,-0.08394248810133341,1,-0.4611518306679302,0
2020-08-18,-0.0628605092602939,1,-0.3454065633072531,0
2020-08-19,-0.08620361788284506,1,-0.47356599126792015,0
2020-08-20,0.11280596942410948,1,0.6190457632482743,0
2020-08-21,0.053554326665868714,1,0.2937396198201489,0
2020-08-24,-0.07015622761971241,1,-0.38546185785366666,0
2020-08-25,-0.02522751897903358,1,-0.1387921579646727,0
2020-08-26,-0.12555581306769611,1,-0.6896192558710236,0
2020-08-27,0.24884545423544308,2,1.3659361125756613,0
2020-08-28,-0.12941513121956916,1,-0.7108078650944086,0
2020-08-31,-0.1374711213331059,1,-0.7550372392237068,0
2020-09-01,0.2815362360963286,2,1.5454165738382435,0
2020-09-02,-0.17034284540737765,1,-0.9355111178985317,0
2020-09-03,0.43288225331110386,2,2.3763435640692063,0
2020-09-04,0.031576737755900156,1,0.17307723212362783,0
2020-09-08,0.47801675057841764,2,2.6241430943118518,0
2020-09-09,0.006530982354698955,1,0.035569853095292946,0
2020-09-10,0.22215972807456064,2,1.2194248892936985,0
2020-09-11,0.1394310945510787,1,0.7652242718963069,0
2020-09-14,0.006439174727566943,1,0.03506580656207765,0
2020-09-15,-0.14273294281386445,1,-0.7839259378931587,0
2020-09-16,0.14624432582749558,1,0.8026305932679926,0
2020-09-17,-0.028602420942509935,1,-0.15732120274856282,0
2020-09-18,0.08173947102238344,1,0.44848301908746446,0
2020-09-21,-0.16279180340755417,1,-0.894054033546474,0
2020-09-22,-0.08230065749927018,1,-0.45213777542057276,0
2020-09-23,0.1387055028221731,1,0.7612405942116777,0
2020-09-24,-0.11850193910102835,1,-0.6508917467336403,0
2020-09-25,-0.04127542413805946,1,-0.22689911828446838,0
2020-09-28,0.017092643117791795,1,0.09355597754852651,0
2020-09-29,0.04375351494925128,1,0.2399307444273299,0
2020-09-30,0.0006167099876307758,1,0.003099038019927022,0
2020-10-01,-0.00870144967663853,1,-0.04805995847573343,0
2020-10-02,0.5069322050436769,2,2.7828960763337185,0
2020-10-05,-0.2406776054602333,0,-1.3216663108455633,0
2020-10-06,0.08830606775275912,1,0.48453525592623387,0
2020-10-07,-0.22060664728920742,1,-1.2114717965067088,1
2020-10-08,-0.06168533763351258,1,-0.3389545810164968,0
2020-10-09,-0.10979018205021304,1,-0.6030620502601302,0
2020-10-12,-0.08672919222556313,1,-0.47645152413343067,0
2020-10-13,-0.20168718054446622,1,-1.1075992543130588,1
2020-10-14,0.0570480465519372,1,0.3129210043261003,0
2020-10-15,0.19018201987382496,2,1.0438593784285257,0
2020-10-16,0.09499348521996086,1,0.52125082843155,0
2020-10-19,-0.11410081005081818,1,-0.626728461946836,0
2020-10-20,0.20576785415023083,2,1.129429455552882,0
2020-10-21,0.043329774503590546,1,0.23760430479164169,0
2020-10-22,-0.20023671808011656,1,-1.0996358573758622,1
2020-10-23,0.07781468913250111,1,0.4269349977844332,0
2020-10-26,0.060253912128114484,1,0.33052199762160134,0
2020-10-27,-0.1969624719201324,1,-1.0816594377973408,1
2020-10-28,0.47040564711081223,2,2.5823562576771026,0
2020-10-29,-0.15128802667062058,1,-0.8308954598606907,0
2020-10-30,0.08628323176861377,1,0.47342938709024385,0
2020-11-02,0.207913376104649,2,1.1412089006474246,0
2020-11-03,0.12679585089209178,1,0.6958536655360631,0
2020-11-04,-0.45786015055855395,0,-2.514052089145583,0
2020-11-05,-0.2623193384089946,0,-1.4404847664179832,0
2020-11-06,-0.11972133730641567,1,-0.657586543857093,0
2020-11-09,0.13780512770814424,1,0.7562973126021116,0
2020-11-10,0.2267872965719751,2,1.2448313825361836,0
2020-11-11,-0.2804277878082734,0,-1.5399046232070752,0
2020-11-12,-0.020561882178145363,1,-0.11317666033997281,0
2020-11-13,-0.2227959268588029,1,-1.2234914817089733,1
2020-11-16,-0.061583666473256526,1,-0.33839638125188076,0
2020-11-17,0.03917148715543109,1,0.21477428088808362,0
2020-11-18,0.15508242816520265,1,0.8511539565514977,0
2020-11-19,-0.1288890475918711,1,-0.7079195361286547,0
2020-11-20,-0.04191863053374528,1,-0.23043048015510206,0
2020-11-23,-0.2521936399485164,0,-1.3848921826117537,0
2020-11-24,-0.1812817242815853,1,-0.9955682628880006,0
2020-11-25,0.00043651807104400087,1,0.0021097399223040047,0
2020-11-27,-0.16426821769465488,1,-0.9021599123960881,0
2020-11-30,-0.10211296436790668,1,-0.5609122302681443,0
2020-12-01,-0.04301364945556713,1,-0.23644240431207653,0
2020-12-02,-0.3225067039742751,0,-1.7709282590149384,0
2020-12-03,-0.0893905467201499,1,-0.4910630171929833,0
2020-12-04,-0.27301316535797315,0,-1.4991965158534222,0
2020-12-07,-0.050837147884432776,1,-0.2793953417081678,0
2020-12-08,-0.18226558250526737,1,-1.0009698873751385,1
2020-12-09,0.236180139827108,2,1.296400410379335,0
2020-12-10,-0.11592031522437621,1,-0.636717994445922,0
2020-12-11,0.10670147180798178,1,0.5855305646035499,0
2020-12-14,-0.04635890735736825,1,-0.2548086958805248,0
2020-12-15,0.09730685650511506,1,0.5339518077809574,0
2020-12-16,-0.014382215514255975,1,-0.07924876506956507,0
2020-12-17,0.11329950553049412,1,0.6217553982885313,0
2020-12-18,-0.04678370261766649,1,-0.2571409267089257,0
2020-12-21,0.24440959714465135,2,1.341582162274375,0
2020-12-22,0.10855083217689653,1,0.5956840094941018,0
2020-12-23,-0.1859112359916495,1,-1.020985424847563,1
2020-12-24,0.06835766708049544,1,0.37501361250562876,0
2020-12-28,-0.02479229950891277,1,-0.1364026956514081,0
2020-12-29,-0.07070719445829265,1,-0.3884868017889198,0
2020-12-30,-0.006898535521714044,1,-0.0381615147639953,0
2020-12-31,0.09085057836060523,1,0.4985052472077878,0
2021-01-04,-0.3696346951271553,0,-2.0296725627300622,0
2021-01-05,-0.30082623157186655,0,-1.6518971142801955,0
2021-01-06,0.4445595659645263,2,2.440454892769219,0
2021-01-07,-0.09970549071847168,1,-0.5476946057121803,0
2021-01-08,-0.036934360608220626,1,-0.2030656080300721,0
2021-01-11,-0.006862778030838061,1,-0.037965197313304624,0
2021-01-12,0.1024811475822145,1,0.5623599429297786,0
2021-01-13,-0.16507354102380117,1,-0.9065813362456546,0
2021-01-14,-0.4184323123878674,0,-2.2975835258797916,0
2021-01-15,0.13939482096021294,1,0.7650251209292869,0
2021-01-19,-0.1930250166882877,1,-1.0600418367188602,1
2021-01-20,0.0891452822294716,1,0.48914275054106326,0
2021-01-21,-0.13678050134114417,1,-0.7512455650067384,0
2021-01-22,0.0021040329850698924,1,0.011264808381822797,0
2021-01-25,-0.2872556801650406,0,-1.5773914375285802,0
2021-01-26,-0.3252503932079738,0,-1.7859917901143465,0
2021-01-27,-0.15477660583386466,1,-0.850048620529486,0
2021-01-28,0.3793066808379276,2,2.082200447492425,0
2021-01-29,0.1447378609260881,1,0.7943597291286427,0
2021-02-01,-0.002503599889964292,1,-0.014032233373218662,0
2021-02-02,0.259213048314033,2,1.4228567630307964,0
2021-02-03,-0.1443516270965407,1,-0.7928129141340309,0
2021-02-04,0.0297255467524411,1,0.16291373659758435,0
2021-02-05,0.07853034814154047,1,0.4308641423853702,0
2021-02-08,-0.1760295498957022,1,-0.9667325291505425,0
2021-02-09,0.09880074626052517,1,0.5421536312649428,0
2021-02-10,-0.08463555189648884,1,-0.4649569219676194,0
2021-02-11,-0.029287937360974292,1,-0.16108485708734968,0
2021-02-12,-0.14093899237631613,1,-0.77407670720227,0
2021-02-16,-0.052314451438347224,1,-0.28750610285208117,0
2021-02-17,-0.03384505225509507,1,-0.1861045426581623,0
2021-02-18,0.2064069763751314,2,1.1329383943178364,0
2021-02-19,0.0781580038804709,1,0.4288198804888628,0
2021-02-22,0.10699428862046179,1,0.587138201178074,0
2021-02-23,0.09487442691593818,1,0.5205971689561033,0
2021-02-24,-0.1680107381517848,1,-0.9227072734469423,0
2021-02-25,0.45930650198598144,2,2.521419211414269,0
2021-02-26,-0.1337077850972308,1,-0.7343755944097226,0
2021-03-01,-0.043282796307728466,1,-0.23792008696215372,0
2021-03-02,0.211082969790501,2,1.1586107523122928,0
2021-03-03,0.07234168164490651,1,0.3968868358118264,0
2021-03-04,0.03602559921923021,1,0.19750257963993145,0
2021-03-05,0.04501174164019317,1,0.24683871952025188,0
2021-03-08,0.50434537373065,2,2.7686937339349864,0
2021-03-09,-0.48929009705083676,0,-2.6866102530310028,0
2021-03-10,0.1236852186975958,1,0.678775527011809,0
2021-03-11,-0.32014176353922513,0,-1.757944152304136,0
2021-03-12,0.1359656246463181,1,0.7461979867604891,0
2021-03-15,-0.08963714406855999,1,-0.49241689750172346,0
2021-03-16,-0.25778689287759354,0,-1.4156005217374752,0
2021-03-17,-0.08573481115303494,1,-0.4709921266088434,0
2021-03-18,0.5932614286043796,2,3.25686482174493,0
2021-03-19,-0.4926887758231996,0,-2.7052698383643494,0
2021-03-22,-0.2445466538368654,0,-1.3429083414045218,0
2021-03-23,0.349092967431065,2,1.9163197034406134,0
2021-03-24,0.4222739864627958,2,2.3181015607046738,0
2021-03-25,-0.023122285473044846,1,-0.1272339063961351,0
2021-03-26,-0.15733219948748034,1,-0.8640794604678688,0
2021-03-29,-0.03668388581371651,1,-0.20169043958523175,0
2021-03-30,0.1037893694157977,1,0.569542403695767,0
2021-03-31,-0.22806496966038176,1,-1.2524198272121188,1
2021-04-01,-0.03911278955372954,1,-0.2150257206279147,0
2021-04-05,-0.06741467239029786,1,-0.37041004296450025,0
2021-04-06,0.07297262862326823,1,0.40035089045544103,0
2021-04-07,0.003906365522146349,1,0.021160058868018417,0
2021-04-08,-0.016906143712335536,1,-0.09310575384128258,0
2021-04-09,0.27676620001795416,2,1.5192278984119711,0
2021-04-12,0.22474571378356842,2,1.233622589117651,0
2021-04-13,-0.010953332351077372,1,-0.06042335017549232,0
2021-04-14,-0.01626264658460644,1,-0.08957279577997188,0
2021-04-15,-0.06116896494463872,1,-0.3361195675017735,0
2021-04-16,0.13780267442840502,1,0.7562838434908168,0
2021-04-19,0.18579014206388694,1,1.019746885234237,-1
2021-04-20,0.09925392380443532,1,0.5446416878357816,0
2021-04-21,-0.1437584213985209,1,-0.7895560684349204,0
2021-04-22,0.33571947965066884,2,1.8428959546379902,0
2021-04-23,0.132058304718626,1,0.7247458359399012,0
2021-04-26,-0.21068752053857523,1,-1.1570133423742428,1
2021-04-27,0.26922074889167047,2,1.4778015093356047,0
2021-04-28,-0.029502108781066225,1,-0.16226071104614884,0
2021-04-29,0.13287681303567012,1,0.7292396486273888,0
2021-04-30,0.27074324296093855,2,1.486160377562881,0
2021-05-03,-0.05553865366151223,1,-0.3052077688654563,0
2021-05-04,0.4140940600626246,2,2.273191745771391,0
2021-05-05,-0.19649195401664832,1,-1.0790761783724363,1
2021-05-06,-0.016234289771526217,1,-0.08941710987703957,0
2021-05-07,-0.18062238691869326,1,-0.9919483380259064,0
2021-05-10,0.2731832478221535,2,1.4995566065009778,0
2021-05-11,-0.23142167668950758,1,-1.270848977315491,1
2021-05-12,0.026303027661048528,1,0.14412326202841805,0
2021-05-13,0.19515383412833975,2,1.0711558658453617,0
2021-05-14,-0.2466389966848811,0,-1.3543958200790727,0
2021-05-17,-0.1349533015104972,1,-0.7412137869410136,0
2021-05-18,-0.12307879253975185,1,-0.6760198017862542,0
2021-05-19,-0.17863320826473222,1,-0.9810272562400412,0
2021-05-20,-0.19666766156313908,1,-1.0800408561713852,1
2021-05-21,0.08758425595911623,1,0.48057233101917296,0
2021-05-24,-0.12782704845813242,1,-0.7020888987583096,0
2021-05-25,0.08549380203331212,1,0.4690952229937936,0
2021-05-26,-0.06581164359278552,1,-0.3616090192013163,0
2021-05-27,0.18610851537130252,1,1.0214948332738956,-1
2021-05-28,-0.016792698289936424,1,-0.0924829104713391,0
2021-06-01,-0.03003452748116317,1,-0.1651838211230161,0
2021-06-02,-0.15823156124548965,1,-0.8690171785027676,0
2021-06-03,0.04299293676593391,1,0.23575498247250826,0
2021-06-04,-0.22664873012996875,1,-1.2446443226292516,1
2021-06-07,-0.21353001221965295,1,-1.172619323296507,1
2021-06-08,0.17023089726197152,1,0.9343227908877347,0
2021-06-09,-0.05486832376338319,1,-0.3015274922716973,0
2021-06-10,-0.26285922562774355,0,-1.4434488805056545,0
2021-06-11,0.17104898288626103,1,0.9388142828876691,0
2021-06-14,-0.05418305388383782,1,-0.2977651914924272,0
2021-06-15,0.2407556458437298,2,1.3215210677520355,0
2021-06-16,0.0401156458575434,1,0.21995794520303705,0
2021-06-17,-0.17112916907531017,1,-0.9398282289184756,0
2021-06-18,0.1566357893842476,1,0.8596822930497806,0
2021-06-21,0.13003052172267782,1,0.7136128067880758,0
2021-06-22,0.04567142600263645,1,0.2504605494955299,0
2021-06-23,0.07281994849051751,1,0.39951263884162697,0
2021-06-24,-0.07788850554085985,1,-0.4279139721470392,0
2021-06-25,0.0843625583496718,1,0.46288441595332075,0
2021-06-28,-0.11388180636129774,1,-0.6255260776361576,0
2021-06-29,0.043533160992099626,1,0.2387209468140787,0
2021-06-30,-0.13502550891035422,1,-0.7416102233886966,0
2021-07-01,0.15739213124622703,1,0.8638347965548342,0
2021-07-02,-0.012954073965816583,1,-0.07140791547003772,0
2021-07-06,0.1919194114235937,2,1.0533980868654538,0
2021-07-07,0.31487327438979473,2,1.728445142426832,0
2021-07-08,-0.18993922213121317,1,-1.043100062954557,1
2021-07-09,0.06677942503127765,1,0.3663486741085286,0
2021-07-12,0.03522741918732451,1,0.19312037425534798,0
2021-07-13,-0.05382492174054865,1,-0.2957989576304159,0
2021-07-14,0.08251001791929401,1,0.4527135117404234,0
2021-07-15,0.32625605135723,2,1.7909393975125083,0
2021-07-16,0.25043534444080684,2,1.374665002225039,0
2021-07-19,-0.23587878288444053,1,-1.2953195904432862,1
2021-07-20,0.2438011395981019,2,1.3382415801623253,0
2021-07-21,-0.14915546482731168,1,-0.8191871689749953,0
2021-07-22,0.027839589110594032,1,0.1525593636455746,0
2021-07-23,0.03039609645828345,1,0.16659521998994312,0
2021-07-26,-0.20760713761288013,1,-1.1401012798019294,1
2021-07-27,0.29123267128317504,2,1.5986523963200614,0
2021-07-28,-0.2534274401822493,0,-1.3916660504255798,0
2021-07-29,0.1843802184508639,1,1.0120060565967561,-1
2021-07-30,0.15826010214669914,1,0.868600171033859,0
2021-08-02,-0.04678288898406008,1,-0.2571364596596028,0
2021-08-03,0.10265378019153265,1,0.5633077385646839,0
2021-08-04,0.123804274544283,1,0.6794291729958775,0
2021-08-05,0.04509312470605481,1,0.2472855326390683,0
2021-08-06,0.041384086837299244,1,0.22692199926267198,0
2021-08-09,-0.012750145134890756,1,-0.07028829585387002,0
2021-08-10,0.014303125173119047,1,0.07824083551427743,0
2021-08-11,0.15538785915628628,1,0.8528308480800288,0
2021-08-12,0.15397820489478076,1,0.8450914982488614,0
2021-08-13,-0.08745868172509677,1,-0.4804566015408684,0
2021-08-16,0.1547794038831252,1,0.8494902784494424,0
2021-08-17,-0.044725693623198115,1,-0.24584194936474416,0
2021-08-18,0.1431527641000349,1,0.7856571563147977,0
2021-08-19,0.09861623670046138,1,0.5411406282389359,0
2021-08-20,0.07065463787588627,1,0.3876245491182124,0
2021-08-23,-0.33935549635410095,0,-1.8634322878545444,0
2021-08-24,-0.014297638706820603,1,-0.07878441752121904,0
2021-08-25,0.1291627090039582,1,0.7088483007659152,0
2021-08-26,0.06760092235587101,1,0.37085889718521825,0
2021-08-27,-0.20706081624334305,1,-1.1371018406383333,1
2021-08-30,0.008621650820428622,1,0.047048138997817124,0
2021-08-31,-0.0514114364867026,1,-0.2825483278824312,0
2021-09-01,0.09972816609397461,1,0.5472453950593944,0
2021-09-02,-0.07720652036743139,1,-0.42416970521509295,0
2021-09-03,-0.04306673944750647,1,-0.23673388147166996,0
2021-09-07,-0.15740514130527372,1,-0.8644799290512939,0
2021-09-08,0.19896597984315378,2,1.0920854867460368,0
2021-09-09,0.026275007572464967,1,0.14396942482608385,0
2021-09-10,0.03501874827431545,1,0.191974719438087,0
2021-09-13,-0.279572919887813,0,-1.5352111873224354,0
2021-09-14,0.07882876865400673,1,0.43250254465594257,0
2021-09-15,-0.07814330446474183,1,-0.4293128811294598,0
2021-09-16,-0.016963185852316973,1,-0.0934189292691093,0
2021-09-17,-0.04240445661409231,1,-0.23309778524939861,0
2021-09-20,0.233893651502864,2,1.2838470251206653,0
2021-09-21,0.08752745054963829,1,0.48026045530024103,0
2021-09-22,-0.004083434818909826,1,-0.022705917073183934,0
2021-09-23,-0.09536643450924187,1,-0.523872116143381,0
2021-09-24,-0.05223657398391147,1,-0.2870785364052594,0
2021-09-27,-0.21873445601692235,1,-1.201193004321455,1
2021-09-28,0.05285362748605138,1,0.2898926083740751,0
2021-09-29,0.11202435929529933,1,0.6147545307215234,0
2021-09-30,-0.08931375354953275,1,-0.49064140373195214,0
2021-10-01,0.05726396120572397,1,0.31410642906815484,0
2021-10-04,0.07605522282185478,1,0.41727509346172204,0
2021-10-05,0.1148652153975056,1,0.6303515319120845,0
2021-10-06,0.1873203057090992,2,1.028147861326477,0
2021-10-07,0.027469870894749837,1,0.1505295193855237,0
2021-10-08,0.018326803028756375,1,0.10033182007913126,0
2021-10-11,0.021889482015070905,1,0.11989180706614545,0
2021-10-12,0.20411172696257546,2,1.1203369085218937,0
2021-10-13,0.0422025504573042,1,0.23141556655238235,0
2021-10-14,0.034952942584644986,1,0.19161342995941935,0
2021-10-15,0.1289226781415026,1,0.7075304720858268,0
2021-10-18,0.20629642483098581,2,1.1323314390537813,0
2021-10-19,-0.028919795222829767,1,-0.15906366588288262,0
2021-10-20,-0.019784275382304317,1,-0.10890740709933806,0
2021-10-21,0.2130837270880523,2,1.1695954037093472,0
2021-10-22,0.23629813959844137,2,1.2970482582490468,0
2021-10-25,-0.059129893715638454,1,-0.3249245631642934,0
2021-10-26,-0.10060036893588165,1,-0.5526077080025464,0
2021-10-27,0.027303698595113834,1,0.1496171924453284,0
2021-10-28,0.011715611550324634,1,0.06403474706651167,0
2021-10-29,0.11569583710956521,1,0.6349118501280752,0
2021-11-01,-0.48368613304594177,0,-2.6558431074552984,0
2021-11-02,-0.04002836573785895,1,-0.22005245986431085,0
2021-11-03,-0.42883969573956976,0,-2.3547226292652335,0
2021-11-04,-0.11932676151657368,1,-0.655420225380366,0
2021-11-05,-0.24701346454577056,0,-1.356451741062745,0
2021-11-08,0.11123853106557395,1,0.6104401397796223,0
2021-11-09,0.06272446627251466,1,0.3440859496646595,0
2021-11-10,0.14859895781225335,1,0.8155581040423251,0
2021-11-11,-0.12947133727494894,1,-0.7111164502114072,0
2021-11-12,0.0935046094737253,1,0.5130765330955072,0
2021-11-15,-0.029215759720824245,1,-0.16068858402780334,0
2021-11-16,0.202821020466251,2,1.1132506112806488,0
2021-11-17,0.0833429372539275,1,0.4572864444714515,0
2021-11-18,0.06035084065923832,1,0.3310541591816901,0
2021-11-19,0.1854034858311384,1,1.017624047080684,-1
2021-11-22,0.004785919157068622,1,0.0259890254180633,0
2021-11-23,-0.034153702037579656,1,-0.18779910614595732,0
2021-11-24,0.13868839806725253,1,0.7611466848853119,0
2021-11-26,0.0007623961338560914,1,0.0038988909214378747,0
2021-11-29,-0.06342717876734871,1,-0.3485177187682159,0
2021-11-30,0.04035940027765883,1,0.2212962171337386,0
2021-12-01,0.05938345052154648,1,0.3257429485513457,0
2021-12-02,0.3186141094219861,2,1.7489832500787712,0
2021-12-03,-0.2842090154608588,0,-1.5606644963148173,0
2021-12-06,-0.060926734066888644,1,-0.33478966019470346,0
2021-12-07,-0.11015442638329032,1,-0.6050618415527089,0
2021-12-08,0.038116012894314266,1,0.20897946667892298,0
2021-12-09,-0.0737321467150519,1,-0.40509453630719516,0
2021-12-10,-0.1388999662264021,1,-0.7628819503600999,0
2021-12-13,0.08032796129063902,1,0.4407334822667122,0
2021-12-14,-0.09760948325154017,1,-0.5361870073752681,0
2021-12-15,-0.09862178907840552,1,-0.5417448162254133,0
2021-12-16,0.12663439525143427,1,0.694967234217841,0
2021-12-17,-0.38069123906461216,0,-2.0903757179592475,0
2021-12-20,-0.1850023746469296,1,-1.0159955517369037,1
2021-12-21,-0.10339617733033091,1,-0.5679573861586981,0
2021-12-22,-0.004470533820901512,1,-0.02483118613916739,0
2021-12-23,-0.08881190275966094,1,-0.48788611902709306,0
2021-12-27,-0.004707441811294122,1,-0.026131869480832355,0
2021-12-28,0.05099625379400696,1,0.2796951683616664,0
2021-12-29,0.01131077705704056,1,0.061812105775800714,0
2021-12-30,0.016534855826000783,1,0.09049358764169957,0
2021-12-31,0.14772471597746145,1,0.810758300586072,0
2022-01-03,-0.7658994063761315,0,-4.205263634846551,0
2022-01-04,0.09280562005941806,1,0.5092389086840938,0
2022-01-05,-0.11969146488470617,1,-0.6574225368886984,0
2022-01-06,0.16149622073093775,1,0.8863672608107638,0
2022-01-07,-0.29497773741451516,0,-1.619787437811769,0
2022-01-10,-0.12317970532079936,1,-0.6765738378618297,0
2022-01-11,-0.11105482294741986,1,-0.6100052409286221,0
2022-01-12,0.0610895223943497,1,0.3351097042313075,0
2022-01-13,-0.13776920867613207,1,-0.7566738123118191,0
2022-01-14,-0.661465174794027,0,-3.631893926660204,0
2022-01-18,0.2171040695051839,2,1.1916680758935407,0
2022-01-19,0.057269668450138034,1,0.3141377632486689,0
2022-01-20,0.19561089673999443,2,1.0736652523970434,0
2022-01-21,0.13478559575921567,1,0.739719336911685,0
2022-01-24,0.17477008535668664,1,0.9592440539050586,0
2022-01-25,-0.026079345598413073,1,-0.14346889635571455,0
2022-01-26,-0.12095379017875138,1,-0.6643530143242884,0
2022-01-27,-0.08325127253672115,1,-0.45735688661010937,0
2022-01-28,0.11118975828570465,1,0.6101723651798818,0
2022-01-31,-0.11635844744187651,1,-0.6391234484612339,0
2022-02-01,-0.1043946691320673,1,-0.5734393526012621,0
2022-02-02,0.04411109987247058,1,0.24189397391609094,0
2022-02-03,0.1349762523183342,1,0.7407660884797249,0
2022-02-04,0.022216309033211257,1,0.12168616806425575,0
2022-02-07,-0.2231736140754515,1,-1.2255650777503753,1
2022-02-08,-0.10863363275501758,1,-0.5967123091662053,0
2022-02-09,-0.03697210707279863,1,-0.20327284543731192,0
2022-02-10,-0.03005715929958086,1,-0.16530807539218909,0
2022-02-11,-0.09048489015884098,1,-0.4970712327808449,0
2022-02-14,-0.015105783649097176,1,-0.0832213327233106,0
2022-02-15,-0.3034486390964405,0,-1.6662947788613585,0
2022-02-16,0.010701130425986805,1,0.058464995296328585,0
2022-02-17,-0.11872077442932527,1,-0.6520932066996459,0
2022-02-18,0.17401043622307127,1,0.9550733926624121,0
2022-02-22,0.0872730387746028,1,0.4788636718605449,0
2022-02-23,-0.14544910900115637,1,-0.798838360674465,0
2022-02-24,0.26517111104640345,2,1.455567998020154,0
2022-02-25,-0.08549914079204934,1,-0.46969823815809864,0
2022-02-28,0.047229963054050667,1,0.2590173025910361,0
2022-03-01,0.035999278311341865,1,0.19735807135901137,0
2022-03-02,-0.03339851750195355,1,-0.18365295664823864,0
2022-03-03,0.11410717449189023,1,0.626189700238106,0
2022-03-04,0.18318472290861265,1,1.0054424909936543,-1
2022-03-07,0.0314299323500804,1,0.1722712342106842,0
2022-03-08,-0.08880850448364427,1,-0.4878674616529879,0
2022-03-09,0.13883873923112233,1,0.7619720949826577,0
2022-03-10,0.0015925830736339963,1,0.008456822130290085,0
2022-03-11,0.17664684134028652,1,0.9695479074821077,0
2022-03-14,0.4578795315345019,2,2.5135847914261054,0
2022-03-15,-0.20031521629006133,1,-1.1000668319236453,1
2022-03-16,-0.13534105114704809,1,-0.7433426281513188,0
2022-03-17,-0.16715554463636356,1,-0.9180120499656028,0
2022-03-18,0.043518401155325126,1,0.23863991166711523,0
2022-03-21,-0.14903447829307825,1,-0.8185229230397594,0
2022-03-22,-0.04051181822014954,1,-0.22270673331941826,0
2022-03-23,-0.07583365614263926,1,-0.4166323417661199,0
2022-03-24,-0.40462688471521435,0,-2.221788320455853,0
2022-03-25,-0.032757458460567296,1,-0.18013338428272663,0
2022-03-28,0.08097656247388658,1,0.4442944628526191,0
2022-03-29,0.011149466992655732,1,0.060926473707247256,0
2022-03-30,0.08842102587037826,1,0.48516640436630365,0
2022-03-31,-0.21320230204629254,1,-1.1708201135582552,1
2022-04-01,0.07271726481449989,1,0.3989488801155675,0
2022-04-04,-0.21905445174553279,1,-1.2029498598539246,1
2022-04-05,0.4029846399717021,2,2.2121982874086132,0
2022-04-06,0.13109667382779067,1,0.7194662449963153,0
2022-04-07,0.09419721846127391,1,0.5168791273891779,0
2022-04-08,-0.0634259376604975,1,-0.3485109047852687,0
2022-04-11,0.05171914475017175,1,0.283664018137335,0
2022-04-12,-0.19773779776984868,1,-1.0859161680807599,1
2022-04-13,-0.3166369688809956,0,-1.7387019645655086,0
2022-04-14,0.03186902916815815,1,0.1746819841212521,0
2022-04-18,-0.1234977507625594,1,-0.6783199858381145,0
2022-04-19,-0.06861306129696931,1,-0.37698949385241876,0
2022-04-20,0.24455782011464527,2,1.342395942964523,0
2022-04-21,0.06994495486005825,1,0.38372821419501996,0
2022-04-22,-0.04816179384607566,1,-0.2647069876979025,0
2022-04-25,-0.1121917952736518,1,-0.6162474996308852,0
2022-04-26,0.23905522465175633,2,1.3121853357045485,0
2022-04-27,0.1498222162057597,1,0.8222740945513357,0
2022-04-28,-0.32847184191728396,0,-1.8036783386570274,0
2022-04-29,-0.008970551528963755,1,-0.04953739406560337,0
2022-05-02,-0.3709358690637894,0,-2.0368163288022147,0
2022-05-03,-0.09833362666917081,1,-0.5401627334735208,0
2022-05-04,-0.16983505214645422,1,-0.9327232075608589,0
2022-05-05,0.044894629114600404,1,0.24619574284864876,0
2022-05-06,-0.16379079881604047,1,-0.8995387649143968,0
2022-05-09,0.15739154912026643,1,0.8638316005396283,0
2022-05-10,-0.3783891111689529,0,-2.0777364675932977,0
2022-05-11,0.06537542503353877,1,0.358640367581044,0
2022-05-12,0.029377621098761186,1,0.1610035388827272,0
2022-05-13,-0.33070801295210916,0,-1.8159554695773088,0
2022-05-16,-0.1512712026102747,1,-0.830803091616822,0
2022-05-17,-0.18238581142591204,1,-1.0016299738247754,1
2022-05-18,0.45259271861032957,2,2.4845588835638415,0
2022-05-19,0.2683769094995248,2,1.4731686227935104,0
2022-05-20,0.01612978294246964,1,0.08826963752969193,0
2022-05-23,-0.04178639465020928,1,-0.22970447251559362,0
2022-05-24,0.18691077624345176,2,1.0258994434786626,0
2022-05-25,-0.2336426734863819,1,-1.2830427979240666,1
2022-05-26,-0.02413085693819972,1,-0.13277121267876224,0
2022-05-27,0.016391167393399853,1,0.08970470268106884,0
2022-05-31,-0.03932689271951084,1,-0.21620119985370173,0
2022-06-01,0.0341476631723725,1,0.18719224722432978,0
2022-06-02,0.17473045072919557,1,0.9590264500173835,0
2022-06-03,0.15133971664741575,1,0.8306055465304786,0
2022-06-06,-0.01563361217256587,1,-0.08611924159752626,0
2022-06-07,-0.016518146913213627,1,-0.09097555564745696,0
2022-06-08,-0.139298521914612,1,-0.7650701194611983,0
2022-06-09,0.2339724359917994,2,1.2842795714107673,0
2022-06-10,-0.0934679729768757,1,-0.51344909374617,0
2022-06-13,0.5274937530457866,2,2.8957840499342193,0
2022-06-14,-0.0838422695909978,1,-0.4606016063099253,0
2022-06-15,-0.019670678046218137,1,-0.10828372968575674,0
2022-06-16,0.2435446852196499,2,1.3368335823257105,0
2022-06-17,0.044666426709500245,1,0.24494285531898055,0
2022-06-21,-0.16623958213462775,1,-0.9129831897501953,0
2022-06-22,0.284143071746365,2,1.5597287449846942,0
2022-06-23,0.19650809253043466,2,1.0785910787353767,0
2022-06-24,-0.10932354213382922,1,-0.6005000819415837,0
2022-06-27,-0.05662015975639947,1,-0.3111455042672794,0
2022-06-28,0.025749046561908906,1,0.1410817690587042,0
2022-06-29,0.15202495975741426,1,0.834367700338329,0
2022-06-30,0.2660917025325843,2,1.4606222725027058,0
2022-07-01,0.3122496900908467,2,1.7140410170638998,0
2022-07-05,0.04847583235017997,1,0.26585743253634414,0
2022-07-06,0.15797087519795766,1,0.8670122436973214,0
2022-07-07,-0.4111694963358137,0,-2.257708873121867,0
2022-07-08,-0.1216035102336685,1,-0.6679201377918247,0
2022-07-11,0.28295756261651883,2,1.5532200072505753,0
2022-07-12,-0.2669597300608751,0,-1.46596166194354,0
2022-07-13,-0.18476128772367972,1,-1.0146719250223943,1
2022-07-14,-0.20126220830111233,1,-1.1052660518039987,1
2022-07-15,-0.01570051203999423,1,-0.08648653838215331,0
2022-07-18,-0.13407745423613043,1,-0.7364051692252345,0
2022-07-19,-0.0021201486823374527,1,-0.011926991598658824,0
2022-07-20,-0.07222037583935792,1,-0.39679454105937445,0
2022-07-21,0.22659286560763134,2,1.2437639085518462,0
2022-07-22,0.26937130501665973,2,1.4786280996225538,0
2022-07-25,-0.10455100025909392,1,-0.5742976490748013,0
2022-07-26,0.06678823494116115,1,0.36639704268828,0
2022-07-27,-0.2962261283565002,0,-1.6266414122152257,0
2022-07-28,0.3189159281348106,2,1.7506403093080654,0
2022-07-29,0.16027399458271852,1,0.8796569375831615,0
2022-08-01,-0.25152026101790614,0,-1.3811951660771007,0
2022-08-02,-0.02280502238483928,1,-0.1254920537339674,0
2022-08-03,-0.1841264639516595,1,-1.0111865858247115,1
2022-08-04,0.22718031307983794,2,1.246989140169978,0
2022-08-05,0.1506751174425059,1,0.8269567328569614,0
2022-08-08,0.05150984887981847,1,0.2825149321500003,0
2022-08-09,0.2274806360131194,2,1.2486379872003877,0
2022-08-10,0.0011079954092865218,1,0.005796316245501005,0
2022-08-11,-0.027303383868639453,1,-0.1501891685804099,0
2022-08-12,-0.010424198434272003,1,-0.05751827436965683,0
2022-08-15,-0.03338749929221897,1,-0.18359246395724502,0
2022-08-16,-0.03068269029547191,1,-0.16874239495524915,0
2022-08-17,0.33866397547359917,2,1.8590619634760233,0
2022-08-18,-0.23070962156678043,1,-1.2669396189399311,1
2022-08-19,-0.12980680295556224,1,-0.7129582395987171,0
2022-08-22,0.10509348719828515,1,0.5767023322082643,0
2022-08-23,-0.26305535762423643,0,-1.4445256935763449,0
2022-08-24,-0.012615766697431863,1,-0.0695505250644927,0
2022-08-25,-0.07586664341931759,1,-0.4168134500571121,0
2022-08-26,0.11675832363710059,1,0.6407451634106643,0
2022-08-29,-0.04451770945577388,1,-0.2447000649502487,0
2022-08-30,0.1402982716929283,1,0.7699852884445761,0
2022-08-31,-0.03713091668051244,1,-0.2041447493815705,0
2022-09-01,0.2660992797527719,2,1.4606638733117703,0
2022-09-02,-0.008005683270071368,1,-0.0442400291723264,0
2022-09-06,0.46760433933894596,2,2.566976386581557,0
2022-09-07,0.11317580588560228,1,0.6210762567061219,0
2022-09-08,0.05335991740281998,1,0.29267226498127746,0
2022-09-09,-0.36488999331048155,0,-2.0036229786536124,0
2022-09-12,-0.0749089237904359,1,-0.4115553329070422,0
2022-09-13,0.33564797346778596,2,1.842503368044572,0
2022-09-14,-0.24583527099374325,0,-1.3499831676565068,0
2022-09-15,0.09113760651224972,1,0.5000811026055487,0
2022-09-16,-0.014981164402741443,1,-0.08253714230188529,0
2022-09-19,0.06316669639819361,1,0.34651390220733136,0
2022-09-20,-0.03469930653548825,1,-0.19079460950737254,0
2022-09-21,-0.01649862672270197,1,-0.09086838498351033,0
2022-09-22,-0.15463793327627962,1,-0.8492872739607273,0
2022-09-23,0.41556435646984624,2,2.2812640359504335,0
2022-09-26,-0.06439708663219068,1,-0.35384275234204815,0
2022-09-27,-0.11259571168167076,1,-0.6184651004068858,0
2022-09-28,-0.15185301963681241,1,-0.8339974106985064,0
2022-09-29,0.28734663109200476,2,1.5773170765053126,0
2022-09-30,0.38914756643207143,2,2.1362293383640303,0
2022-10-03,-0.1371868077130569,1,-0.7534762872744148,0
2022-10-04,-0.2612181742372415,0,-1.4344391033220953,0
2022-10-05,-0.13405317395706423,1,-0.7362718645002228,0
2022-10-06,-0.08685683036582731,1,-0.47715228902754664,0
2022-10-07,0.11237518167654792,1,0.6166806321857123,0
2022-10-10,0.3141233758407855,2,1.7243280143003443,0
2022-10-11,0.08389115852822171,1,0.4602963145811051,0
2022-10-12,-0.21763020649969622,1,-1.195130401917385,1
2022-10-13,-0.1151556203468257,1,-0.6325196308236645,0
2022-10-14,-0.01761213276757778,1,-0.0969818080091036,0
2022-10-17,0.23925498529622236,2,1.3132820709482464,0
2022-10-18,0.09181147981349314,1,0.5037808333570001,0
2022-10-19,-0.43921957399382927,0,-2.411710722876815,0
2022-10-20,-0.5304660997620374,0,-2.9126766711119387,0
2022-10-21,-0.2167664510030738,1,-1.1903881710459547,1
2022-10-24,0.08056214760274039,1,0.44201922292278467,0
2022-10-25,0.03088107870008361,1,0.16925789220233833,0
2022-10-26,-0.03479627317297601,1,-0.1913269802808048,0
2022-10-27,0.4041336469839303,2,2.2185066195074366,0
2022-10-28,0.013090254965558712,1,0.07158187871015663,0
2022-10-31,0.0983928288948468,1,0.5399140642438623,0
2022-11-01,-0.03926723662907916,1,-0.2158736731927193,0
2022-11-02,0.1094632567764009,1,0.6006934457530221,0
2022-11-03,0.1793035536785015,1,0.984133913957387,0
2022-11-04,-0.2127611867777025,1,-1.1683982818561742,1
2022-11-07,-0.11950469962560206,1,-0.6563971495182013,0
2022-11-08,0.0769363612463565,1,0.42211276089772104,0
2022-11-09,0.2585120567129767,2,1.4190081461199444,0
2022-11-10,0.10408806732607179,1,0.5711823289487726,0
2022-11-11,-0.5575812086729088,0,-3.0615453116730036,0
2022-11-14,-0.16682009275215914,1,-0.916170336323983,0
2022-11-15,-0.10366506057317665,1,-0.5694336215285677,0
2022-11-16,0.41031291485063787,2,2.2524323252828835,0
2022-11-17,-0.28537943863669246,0,-1.5670904084378428,0
2022-11-18,0.05238321034932947,1,0.2873099021835666,0
2022-11-21,0.2597410380776106,2,1.4257555571530078,0
2022-11-22,-0.28886895593356443,0,-1.5862487196918085,0
2022-11-23,-0.044212351334803945,1,-0.24302357349662781,0
2022-11-25,0.14038235785022032,1,0.7704469422025313,0
2022-11-28,-0.06960672421447289,1,-0.3824449485286635,0
2022-11-29,0.01957608391623203,1,0.10719068050299096,0
2022-11-30,-0.23194743611265367,1,-1.2737355263182333,1
2022-12-01,0.11527311860803391,1,0.6325910212178971,0
2022-12-02,-0.0018056889096241674,1,-0.01020052983046732,0
2022-12-05,-0.03103765538110781,1,-0.1706912408890404,0
2022-12-06,0.2186628457006814,2,1.2002261419490905,0
2022-12-07,-0.09644305042111113,1,-0.5297830032334243,0
2022-12-08,-0.1382346466526027,1,-0.7592291816835753,0
2022-12-09,0.13628350959199015,1,0.7479432535736367,0
2022-12-12,-0.1778176203726396,1,-0.9765494774063661,0
2022-12-13,0.06161038489427739,1,0.3379693679169062,0
2022-12-14,-0.10792992694882497,1,-0.5928487905992259,0
2022-12-15,0.28753021317073335,2,1.5783249874298653,0
2022-12-16,-0.13815559247284198,1,-0.7587951547242762,0
2022-12-19,0.09798215983125241,1,0.53765938972204,0
2022-12-20,0.011744625878394567,1,0.06419404288902751,0
2022-12-21,0.0616051128695706,1,0.33794042320000744,0
2022-12-22,0.1857767175663051,1,1.019673181429034,-1
2022-12-23,-0.02013556442941422,1,-0.11083607067428966,0
2022-12-27,0.1030570946657261,1,0.5655220345754112,0
2022-12-28,0.18816483029307063,2,1.0327845097408161,0
2022-12-29,-0.09672660695835478,1,-0.5313397986112492,0
2022-12-30,-0.21555037202435262,1,-1.1837115972961614,1
2023-01-03,0.13897481891123106,1,0.762719206014089,0
2023-01-04,-0.17029260624973758,1,-0.9352352925228935,0
2023-01-05,-0.3092864095197487,0,-1.6983455793830207,0
2023-01-06,-0.14681805953473526,1,-0.8063542369926872,0
2023-01-09,-0.041251481143001006,1,-0.22676766533190867,0
2023-01-10,-0.07634979211307086,1,-0.4194660556381675,0
2023-01-11,0.23323835787312375,2,1.280249301351662,0
2023-01-12,-0.08952732558511381,1,-0.4918139669218446,0
2023-01-13,-0.050532245711013724,1,-0.2777213535191398,0
2023-01-17,-0.12174477053852056,1,-0.6686956917317957,0
2023-01-18,0.1650134246321926,1,0.9056775783564902,0
2023-01-19,-0.22084520776632033,1,-1.2127815524083403,1
2023-01-20,-0.04819531550024092,1,-0.26489102985319474,0
2023-01-23,-0.24310371988871182,0,-1.3349862778794546,0
2023-01-24,0.1643526774168198,1,0.9020499130562922,0
2023-01-25,-0.17206748099904934,1,-0.9449797929770394,0
2023-01-26,-0.1470374469797915,1,-0.8075587282159767,0
2023-01-27,0.11091892778797997,1,0.608685438900099,0
2023-01-30,0.16117980111467423,1,0.8846300390177464,0
2023-01-31,0.11743375811945533,1,0.6444534654317527,0
2023-02-01,-0.20791828257775669,1,-1.1418095424569255,1
2023-02-02,-0.00011119451326752072,1,-0.0008973373537880998,0
2023-02-03,0.07603690252461426,1,0.4171745105079955,0
2023-02-06,0.16345241035080887,1,0.8971072246570134,0
2023-02-07,-0.12385984442015202,1,-0.6803079693914458,0
2023-02-08,0.25941941073717006,2,1.423989743668871,0
2023-02-09,-0.027284302393374316,1,-0.1500844065714518,0
2023-02-10,0.009492335043257173,1,0.05182841028629001,0
2023-02-13,-0.045422296886884594,1,-0.24966647322029206,0
2023-02-14,-0.22382143750712388,1,-1.229121788288167,1
2023-02-15,0.14510211175607057,1,0.7963595560908346,0
2023-02-16,0.17918202844927128,1,0.9834667104536563,0
2023-02-17,0.12008280911323685,1,0.658997409235094,0
2023-02-21,-0.16733775234323622,1,-0.9190124152494393,0
2023-02-22,0.0365000633324126,1,0.20010750473009603,0
2023-02-23,-0.035191783138805555,1,-0.19349842761427985,0
2023-02-24,0.21976938288259673,2,1.206301304196953,0
2023-02-27,-0.02773606350601801,1,-0.15256468658502967,0
2023-02-28,0.15594358136097786,1,0.8558819001489683,0
2023-03-01,-0.14625626521986784,1,-0.8032698475401441,0
2023-03-02,-0.14284274541874958,1,-0.7845287812958183,0
2023-03-03,0.01740380789812046,1,0.0952643489952456,0
2023-03-06,0.054324930514498077,1,0.29797042515210104,0
2023-03-07,-0.1045146264058745,1,-0.5740979476427126,0
2023-03-08,-0.11785403935047946,1,-0.647334617186379,0
2023-03-09,-0.03420781897483516,1,-0.18809622148881053,0
2023-03-10,-0.2875512770077998,0,-1.5790143371555134,0
2023-03-13,-0.30195806714253876,0,-1.6581111709265648,0
2023-03-14,0.08528978906978091,1,0.4679751414688564,0
2023-03-15,-0.3230871652967058,0,-1.774115134946456,0
2023-03-16,-0.015851329626396238,1,-0.08731456415679316,0
2023-03-17,-0.3630000002514261,0,-1.9932464502650937,0
2023-03-20,-0.00021276797780167556,1,-0.0014550007447772689,0
2023-03-21,0.13582182306015156,1,0.7454084805588542,0
2023-03-22,-0.13301520257257227,1,-0.7305731454038501,0
2023-03-23,-0.32894802636720444,0,-1.8062927088205032,0
2023-03-24,0.0829696345704641,1,0.45523692059944104,0
2023-03-27,0.09227080530804557,1,0.5063026436943225,0
2023-03-28,0.020695362663882055,1,0.11333579709165216,0
2023-03-29,-0.08184900795129624,1,-0.4496581079245686,0
2023-03-30,-0.12734843004936347,1,-0.6994611655599978,0
2023-03-31,0.015712732711654964,1,0.08597992882480943,0
2023-04-03,-0.10785960236733583,1,-0.5924626912891059,0
2023-04-04,-0.16062316623288242,1,-0.8821476801873644,0
2023-04-05,-0.14366481722809477,1,-0.7890421584355916,0
2023-04-06,0.12641637034998407,1,0.693770223695256,0
2023-04-10,-0.11224599227815546,1,-0.6165450545626933,0
2023-04-11,0.1308009089513184,1,0.7178424228228227,0
2023-04-12,0.31523072022612364,2,1.7304076082942348,0
2023-04-13,-0.21176332979819498,1,-1.1629198007443358,1
2023-04-14,0.023082753641913627,1,0.1264431628247404,0
2023-04-17,0.28660457210966306,2,1.5732429895348177,0
2023-04-18,0.09834814355748189,1,0.5396687307123471,0
2023-04-19,0.24487584973998416,2,1.3441420041047516,0
2023-04-20,0.13751810549393648,1,0.754721489802344,0
2023-04-21,-0.10991921314854199,1,-0.6037704628378362,0
2023-04-24,-0.0739767180188979,1,-0.4064372931312034,0
2023-04-25,0.0629700009968629,1,0.3454339959050197,0
2023-04-26,-0.0726401175245866,1,-0.3990990265133034,0
2023-04-27,0.16282075970920717,1,0.8936393067285308,0
2023-04-28,-0.00429687408434537,1,-0.023877751322206712,0
2023-05-01,-0.08011873873947555,1,-0.44015850288093417,0
2023-05-02,0.03538284723738683,1,0.1939737126134527,0
2023-05-03,0.04944656191512231,1,0.2711869774465422,0
2023-05-04,0.09594936025110229,1,0.5264988182847362,0
2023-05-05,0.016746456764567208,1,0.09165532902246899,0
2023-05-08,-0.03379094875787787,1,-0.18580750110443672,0
2023-05-09,0.19689626308317737,2,1.0807222308794668,0
2023-05-10,0.006106918198444639,1,0.03324163620854667,0
2023-05-11,0.02429583578049138,1,0.13310328318245634,0
2023-05-12,-0.028521727541998446,1,-0.15687817606274418,0
2023-05-15,-0.23020093402667685,1,-1.2641467987888304,1
2023-05-16,-0.01624580684482624,1,-0.08948034145213861,0
2023-05-17,-0.0901188934338667,1,-0.4950618204242204,0
2023-05-18,-0.11162205007533366,1,-0.6131194578657345,0
2023-05-19,-0.030077855703002643,1,-0.16542170375532905,0
2023-05-22,0.03937972014059313,1,0.21591753137337363,0
2023-05-23,-0.09047363702796185,1,-0.4970094503147837,0
2023-05-24,-0.06370086807457476,1,-0.35002034061778203,0
2023-05-25,-0.10511232141965732,1,-0.5773794407934297,0
2023-05-26,-0.342714140217871,0,-1.8818720716581692,0
2023-05-30,0.16672977462266417,1,0.91510076343933,0
2023-05-31,-0.20787260361087456,1,-1.1415587536541099,1
2023-06-01,0.06649850353988968,1,0.364806345782842,0
2023-06-02,0.2567614705888479,2,1.4093969962130513,0
2023-06-05,-0.0011149543482659174,1,-0.006408226599233807,0
2023-06-06,0.15235645893191818,1,0.8361877126280723,0
2023-06-07,0.15423802500741163,1,0.8465179747968599,0
2023-06-08,-0.16745565736984724,1,-0.9196597429472404,0
2023-06-09,-0.01625964250372053,1,-0.08955630263443111,0
2023-06-12,-0.34523921018289816,0,-1.8957353290122436,0
2023-06-13,-0.03070739244811549,1,-0.16887801587032897,0
2023-06-14,-0.1676842600321159,1,-0.9209148279875564,0
2023-06-15,0.10918279451092078,1,0.5991536386909172,0
2023-06-16,-0.02727795972124694,1,-0.1500495837359533,0
2023-06-20,0.10381296781894722,1,0.5696719647536934,0
2023-06-21,0.2606831182093134,2,1.4309278096033733,0
2023-06-22,-0.267126607827529,0,-1.4668778620717893,0
2023-06-23,0.14142758384985932,1,0.776185490926669,0
2023-06-26,0.07591040366147034,1,0.41648000052646983,0
2023-06-27,-0.11999165621708086,1,-0.6590706613976477,0
2023-06-28,0.06318694004195465,1,0.3466250448081822,0
2023-06-29,0.21962950664873687,2,1.2055333491483502,0
2023-06-30,-0.08440891705051395,1,-0.463712640724459,0
2023-07-03,-0.20301182199480275,1,-1.1148718628277667,1
2023-07-05,0.09202678759075134,1,0.5049629261971215,0
2023-07-06,0.11639417181209616,1,0.6387458800102386,0
2023-07-07,0.03632030580476628,1,0.1991205915349734,0
2023-07-10,-0.006293768945581424,1,-0.03484119699055142,0
2023-07-11,0.049994526953386575,1,0.27419544075714636,0
2023-07-12,-0.04345346088251903,1,-0.2388570776017457,0
2023-07-13,-0.16957099652443097,1,-0.9312734770208739,0
2023-07-14,0.15647682990436762,1,0.8588095662703378,0
2023-07-17,0.04627233340994541,1,0.2537596794795992,0
2023-07-18,-0.0888994754377036,1,-0.48836691464452375,0
2023-07-19,-0.0409825254291184,1,-0.2252910320781591,0
2023-07-20,0.21097372171527407,2,1.1580109534143275,0
2023-07-21,-0.0531487889602249,1,-0.29208682178112144,0
2023-07-24,0.042392330033629716,1,0.2324575032684288,0
2023-07-25,-0.1683853413693591,1,-0.9247639375722235,0
2023-07-26,0.2097239458628959,2,1.151149375510984,0
2023-07-27,-0.38745864972533695,0,-2.127530472841188,0
2023-07-28,-0.2962842969652079,0,-1.6269607722343986,0
2023-07-31,-0.03047848050192653,1,-0.167621232784952,0
2023-08-01,0.1768314122214696,1,0.970561247176195,0
2023-08-02,0.2485689884259742,2,1.3644182470434765,0
2023-08-03,0.007052781618556117,1,0.03843465984607961,0
2023-08-04,-0.029859498851607186,1,-0.16422287074561162,0
2023-08-07,-0.01006058025494383,1,-0.05552192081570995,0
2023-08-08,-0.03178211697937583,1,-0.17477851881399253,0
2023-08-09,0.05111721707468886,1,0.2803592866291649,0
2023-08-10,0.007599013233027002,1,0.04143360623220878,0
2023-08-11,0.11894991926095144,1,0.6527775643224469,0
2023-08-14,-0.17342395785726947,1,-0.9524271857387484,0
2023-08-15,0.11319284090483206,1,0.6211697831663329,0
2023-08-16,0.3443570634475831,2,1.8903184216398972,0
2023-08-17,-0.04810187902022023,1,-0.2643780405155818,0
2023-08-18,-0.054891563394071446,1,-0.3016550835802579,0
2023-08-21,-0.17442562388445776,1,-0.9579265794625161,0
2023-08-22,-0.02981975349651024,1,-0.1640046589360501,0
2023-08-23,0.078312042387917,1,0.42966558991503306,0
2023-08-24,0.3050194552712573,2,1.6743452433140107,0
2023-08-25,-0.09436442823154498,1,-0.5183708543603394,0
2023-08-28,-0.10185389493055641,1,-0.5594898751127206,0
2023-08-29,-0.12965015502339172,1,-0.7120982037867429,0
2023-08-30,0.009448629403776193,1,0.051588455537969716,0
2023-08-31,-0.05451767446623969,1,-0.29960234108196643,0
2023-09-01,0.18288330481584789,1,1.0037876312673706,-1
2023-09-05,-0.24081489864443628,0,-1.322420084313993,0
2023-09-06,0.11258219319056507,1,0.6178171764929294,0
2023-09-07,0.2575268420562003,2,1.4135990744803193,0
2023-09-08,-0.2126727739193682,1,-1.1679128734415665,1
2023-09-11,0.00034865126218913516,1,0.001627329454115978,0
2023-09-12,0.17731789905972659,1,0.9732321799945076,0
2023-09-13,-0.07467494209653927,1,-0.41027071565541834,0
2023-09-14,-0.0824794389370404,1,-0.45311932964135393,0
2023-09-15,0.12735967937958226,1,0.6989492230983879,0
2023-09-18,0.0647996157117927,1,0.35547903228150707,0
2023-09-19,0.08172104034002378,1,0.4483818300921883,0
2023-09-20,0.051731172903650924,1,0.2837300556687641,0
2023-09-21,-0.14497432976399238,1,-0.7962317054758615,0
2023-09-22,0.04785608516801945,1,0.26245486753824465,0
2023-09-25,-0.02000243031518556,1,-0.11010513152657428,0
2023-09-26,-0.0527058118003072,1,-0.28965476783609345,0
2023-09-27,0.0026263768685166333,1,0.014132605228581053,0
2023-09-28,-0.10504554268838878,1,-0.5770128090762193,0
2023-09-29,-0.07143294410495246,1,-0.3924713464809974,0
2023-10-02,-0.09444557997996011,1,-0.51881639748928,0
2023-10-03,0.09135812367485008,1,0.5012917962569962,0
2023-10-04,0.15470402857703078,1,0.849076449414603,0
2023-10-05,0.26833931823373347,2,1.472962237465916,0
2023-10-06,-0.01736705803143923,1,-0.09563628721755035,0
2023-10-09,0.053065684079292186,1,0.2910568514114731,0
2023-10-10,-0.17359843085660853,1,-0.9533850855691195,0
2023-10-11,0.20959763037844392,2,1.1504558723237395,0
2023-10-12,0.02577834571880322,1,0.1412426286617683,0
2023-10-13,0.052994479711307996,1,0.2906659218563435,0
2023-10-16,-0.047682078437078834,1,-0.26207323169757457,0
2023-10-17,0.0655182204563001,1,0.3594243496972397,0
2023-10-18,-0.27336857805100556,0,-1.5011478192623002,0
2023-10-19,-0.09264085141382805,1,-0.5089079922121733,0
2023-10-20,-0.06556635486725149,1,-0.36026232355516424,0
2023-10-23,0.03188122730162471,1,0.17474895488476697,0
2023-10-24,-0.1848391822636827,1,-1.0150995852731974,1
2023-10-25,0.2586763489524839,2,1.41991015106599,0
2023-10-26,0.4838045688866716,2,2.655919645392521,0
2023-10-27,-0.12946005495019725,1,-0.7110545074637799,0
2023-10-30,0.10334961813433749,1,0.5671280606196926,0
2023-10-31,0.11709803635524013,1,0.642610270082261,0
2023-11-01,-0.02619590539075467,1,-0.1441088383853413,0
2023-11-02,-0.05487577984050773,1,-0.3015684279754445,0
2023-11-03,0.03962500664157953,1,0.21726421480621005,0
2023-11-06,0.0207094435749699,1,0.11341310476902122,0
2023-11-07,0.024162336908042606,1,0.1323703414220817,0
2023-11-08,0.1976433733862352,2,1.0848240508474771,0
2023-11-09,0.18904144092926056,2,1.0375973185014198,0
2023-11-10,-0.09314443755247848,1,-0.5116728044101515,0
2023-11-13,-0.00385802757215363,1,-0.02146837565273426,0
2023-11-14,0.014006713821637762,1,0.07661346403342031,0
2023-11-15,-0.21635822856208725,1,-1.1881469290861328,1
2023-11-16,0.2824520988932925,2,1.5504448866498437,0
2023-11-17,-0.09897024093268553,1,-0.5436579029114434,0
2023-11-20,-0.09097310082598434,1,-0.49975162984522487,0
2023-11-21,0.13046349862881987,1,0.7159899568715801,0
2023-11-22,-0.05953590145850576,1,-0.32715364588480167,0
2023-11-24,0.008750194335810133,1,0.04775387462479495,0
2023-11-27,0.06994891621153089,1,0.3837499629923586,0
2023-11-28,-0.12298033023881219,1,-0.6754792194513065,0
2023-11-29,0.07995490483961641,1,0.43868531027157764,0
2023-11-30,0.11888048652016792,1,0.6523963614379279,0
2023-12-01,0.061838243527012615,1,0.3392203680514399,0
2023-12-04,0.14062620289828656,1,0.7717857117030519,0
2023-12-05,0.03753917858047073,1,0.20581250391977907,0
2023-12-06,-0.016841955628607144,1,-0.09275334541849972,0
2023-12-07,-0.27314444964983575,0,-1.4999172990197687,0
2023-12-08,-0.005491693689211069,1,-0.03043760586222483,0
2023-12-11,-0.09940905195848415,1,-0.5460670837518589,0
2023-12-12,0.1147719522293593,1,0.6298394940994393,0
2023-12-13,-0.08697691498483401,1,-0.4778115832255741,0
2023-12-14,-0.07589797152962918,1,-0.41698544911523,0
2023-12-15,-0.09956982159671618,1,-0.5469497487474436,0
2023-12-18,0.00381317841809496,1,0.020648438666028713,0
2023-12-19,-0.13512036308258413,1,-0.7421309962064576,0
2023-12-20,0.18617622637494902,1,1.0218665833965677,-1
2023-12-21,-0.15058386892846687,1,-0.8270294600537365,0
2023-12-22,-0.02022430118231469,1,-0.11132325735001052,0
2023-12-26,-0.07177301308670386,1,-0.39433840912775736,0
2023-12-27,0.07746224866286336,1,0.4250000126156058,0
2023-12-28,0.035350099745667087,1,0.1937939208010677,0
2023-12-29,0.03303751283782497,1,0.18109724787670622,0
2024-01-02,-0.11548460897048685,1,-0.6343258595696185,0
2024-01-03,-0.13742229914164594,1,-0.7547691933421377,0
2024-01-04,0.2105109870227678,2,1.1554704257387691,0
2024-01-05,-0.053799517274062125,1,-0.2956594808389909,0
2024-01-08,-0.08278096248819672,1,-0.4547747683602369,0
2024-01-09,-0.09268031690499354,1,-0.5091246674996741,0
2024-01-10,0.14653921693715372,1,0.8042496182460095,0
2024-01-11,0.025205722509634786,1,0.13809878590668936,0
2024-01-12,0.06224466126365097,1,0.3414517017389472,0
2024-01-16,-0.01648150143607574,1,-0.09077436293301275,0
2024-01-17,0.09213709046545326,1,0.5055685162045535,0
2024-01-18,-0.09090138923522051,1,-0.49935791551184067,0
2024-01-19,0.00525128844408973,1,0.028544017667787518,0
2024-01-22,0.19537896269455027,2,1.0723918772408307,0
2024-01-23,-0.31165814993743063,0,-1.7113670196768667,0
2024-01-24,-0.057152445624504306,1,-0.31406788506372396,0
2024-01-25,-0.1559815801808389,1,-0.8566642271101069,0
2024-01-26,0.14718766414461104,1,0.8078097534668232,0
2024-01-29,-0.10416488560621828,1,-0.5721777843284253,0
2024-01-30,0.1965921267143736,2,1.079052447146795,0
2024-01-31,-0.024583014286158167,1,-0.1352536681220182,0
2024-02-01,-0.05451421598228079,1,-0.29958335315139767,0
2024-02-02,0.11797820011483887,1,0.6474425863673726,0
2024-02-05,-0.08877549508905414,1,-0.4876862319292007,0
2024-02-06,-0.014202662831859003,1,-0.07826297652542195,0
2024-02-07,0.22503877742977468,2,1.2352315808702568,0
2024-02-08,-0.04278828256087214,1,-0.2352050844344027,0
2024-02-09,0.07388196780411532,1,0.4053433870043796,0
2024-02-12,-0.1489151239459093,1,-0.8178676382143693,0
2024-02-13,0.22833996155995007,2,1.2533558965540463,0
2024-02-14,0.1691076615482595,1,0.9281559495787218,0
2024-02-15,-0.01876995208581045,1,-0.1033385218429739,0
2024-02-16,-0.013967322124139814,1,-0.07697089795247594,0
2024-02-20,-0.04046557289128572,1,-0.22245283504953167,0
2024-02-21,0.014588537221515346,1,0.07980781810631382,0
2024-02-22,-0.07866244117156607,1,-0.43216306978495467,0
2024-02-23,0.16393217737044832,1,0.899741264012508,0
2024-02-26,-0.06183336640312846,1,-0.3397672954986358,0
2024-02-27,0.07453054062699181,1,0.40890421188484927,0
2024-02-28,0.24591904277578724,2,1.3498693913556474,0
2024-02-29,-0.2879531907532711,0,-1.5812209428198236,0
2024-03-01,-0.2743971214019416,0,-1.5067947761273925,0
2024-03-04,0.17180706691702402,1,0.9429763513293522,0
2024-03-05,0.13502513769297786,1,0.7410344812525675,0
2024-03-06,-0.06740307873488396,1,-0.3703463909346938,0
2024-03-07,-0.15305544890887662,1,-0.8405990441896874,0
2024-03-08,0.14795549904336197,1,0.8120253565805013,0
2024-03-11,-0.18809647462398593,1,-1.0329829243068778,1
2024-03-12,-0.014946482900552449,1,-0.08234673229466524,0
2024-03-13,0.08237257679013853,1,0.4519589260176882,0
2024-03-14,0.04819117669535389,1,0.2642946027317038,0
2024-03-15,0.1596855270505891,1,0.8764261055842789,0
2024-03-18,-0.11569559461787182,1,-0.6354842228499336,0
2024-03-19,0.010894572050953844,1,0.05952703756329586,0
2024-03-20,-0.06044655236338581,1,-0.33215334412244524,0
2024-03-21,-0.015807404948988024,1,-0.0870734068361887,0
2024-03-22,-0.14387920469186363,1,-0.7902191985275018,0
2024-03-25,-0.10564096751142737,1,-0.5802818383194148,0
2024-03-26,0.07979262726471256,1,0.4377943663314706,0
2024-03-27,-0.011718492969919003,1,-0.06462427083239394,0
2024-03-28,0.036668380693744215,1,0.20103160858845143,0
2024-04-01,-0.29610759779692714,0,-1.6259906501870671,0
2024-04-02,0.049109298280724856,1,0.26933531684918044,0
2024-04-03,-0.04229890270081016,1,-0.23251826821231547,0
2024-04-04,0.06935513096771129,1,0.3804899354437617,0
2024-04-05,0.0888873336237464,1,0.48772654902790846,0
2024-04-08,0.1317286725129589,1,0.7229360737698833,0
2024-04-09,-0.19976837332894948,1,-1.0970645290935628,1
2024-04-10,-0.09708880297270428,1,-0.5333283441284398,0
2024-04-11,-0.35972999854278376,0,-1.9752933337720684,0
2024-04-12,0.46571961675091356,2,2.55662879437983,0
2024-04-15,-0.037763929246015626,1,-0.20762014460842684,0
2024-04-16,-0.11115658300674162,1,-0.6105639287710511,0
2024-04-17,0.0712796979589081,1,0.39105628325338815,0
2024-04-18,0.17207714302739183,1,0.9444591358363456,0
2024-04-19,0.21967243540401035,2,1.2057690386106181,0
2024-04-22,-0.03714317712771609,1,-0.20421206226288247,0
2024-04-23,-0.1268467289111726,1,-0.6967067024798046,0
2024-04-24,-0.2506595900137303,0,-1.3764698698305267,0
2024-04-25,0.04432192325997894,1,0.24305144634963388,0
2024-04-26,-0.2568297779832281,0,-1.410345724729162,0
2024-04-29,-0.07891963297916668,1,-0.4335751162896101,0
2024-04-30,0.17465000224310334,1,0.9585847679721772,0
2024-05-01,0.45686816798109636,2,2.5080321558898295,0
2024-05-02,-0.24586354415091427,0,-1.3501383942678493,0
2024-05-03,-0.004816326870972776,1,-0.02672967533383679,0
2024-05-06,0.081665316979801,1,0.4480758950907422,0
2024-05-07,0.08783515475304622,1,0.4819498273255143,0
2024-05-08,0.024892154669685286,1,0.1363772210695208,0
2024-05-09,0.11967781282079093,1,0.6567738796270487,0
2024-05-10,-0.029728929862021483,1,-0.16350601476531856,0
2024-05-13,-0.2502525905611441,0,-1.3742353423788845,0
2024-05-14,-0.014593988400892738,1,-0.08041145048768143,0
2024-05-15,-0.020769135830805252,1,-0.11431453404810395,0
2024-05-16,-0.13218366857077254,1,-0.7260078184920119,0
2024-05-17,0.1352017740833413,1,0.7420042586336377,0
2024-05-20,-0.2799535583727331,0,-1.5373009865550897,0
2024-05-21,0.1054535746270436,1,0.578679301070112,0
2024-05-22,-0.06359221309108117,1,-0.34942379793982176,0
2024-05-23,-0.016098868103869235,1,-0.08867361149638124,0
2024-05-24,-0.006336691900122593,1,-0.035076854605367275,0
2024-05-28,-0.25588902328969365,0,-1.4051807492614896,0
2024-05-29,0.018308882039124286,1,0.10023342942273347,0
2024-05-30,0.3334605550407887,2,1.830493900974545,0
2024-05-31,-0.12930689769310671,1,-0.7102136363195748,0
2024-06-03,-0.21200463502842926,1,-1.1642446260180725,1
2024-06-04,0.0762195528060583,1,0.4181773056354666,0
2024-06-05,-0.15595445883682524,1,-0.8565153242372926,0
2024-06-06,-0.12993668384635432,1,-0.7136713177467943,0
2024-06-07,0.03514090441790374,1,0.19264538681736793,0
2024-06-10,-0.10736694661190002,1,-0.5897578895928491,0
2024-06-11,-0.0944257681631813,1,-0.5187076257251464,0
2024-06-12,0.15982523836353008,1,0.8771931551763307,0
2024-06-13,-0.0167731374492725,1,-0.09237551662802312,0
2024-06-14,-0.024148570943109182,1,-0.13286846693794416,0
2024-06-17,-0.05620444908412503,1,-0.30886315006941706,0
2024-06-18,0.052514426598709,1,0.2880303117798866,0
2024-06-20,0.11493429026225782,1,0.6307307699688595,0
2024-06-21,-0.04777348814735778,1,-0.2625750935690514,0
2024-06-24,0.10080580938513739,1,0.5531619227153403,0
2024-06-25,-0.3286716666299725,0,-1.8047754256510804,0
2024-06-26,-0.08135796113256313,1,-0.4469621396879327,0
2024-06-27,0.11225944407584584,1,0.6160452041911226,0
2024-06-28,-0.03290098308578816,1,-0.18092136990040933,0
2024-07-01,-0.14047562267733454,1,-0.7715326931844276,0
2024-07-02,0.0300184527203953,1,0.16452186265766747,0
2024-07-03,-0.04543221006299253,1,-0.24972089900392735,0
2024-07-05,-0.119031049244604,1,-0.6537966920185768,0
2024-07-08,-0.10319665094871067,1,-0.5668619370758451,0
2024-07-09,-0.052622993576454585,1,-0.2892000753456761,0
2024-07-10,-0.05562748942477769,1,-0.30569549913251903,0
2024-07-11,0.5504290801032992,2,3.021704656452837,0
2024-07-12,-0.0074859121952731145,1,-0.04138635768007744,0
2024-07-15,0.15178066651329158,1,0.8330264701308334,0
2024-07-16,0.09119743528422719,1,0.5004095773308394,0
2024-07-17,0.24004532818409696,2,1.3176212484777097,0
2024-07-18,0.06835875081179982,1,0.3750195624579799,0
2024-07-19,0.05385610777607641,1,0.2953964726017955,0
2024-07-22,0.07338251803744655,1,0.40260128450953364,0
2024-07-23,0.2649947822745691,2,1.4545999095407356,0
2024-07-24,-0.0969078060532158,1,-0.532334626366193,0
2024-07-25,0.2634020616286273,2,1.4458554800739658,0
2024-07-26,0.05275464162184618,1,0.2893491515475719,0
2024-07-29,0.025614694311969645,1,0.14034414204527337,0
2024-07-30,0.33530670592317463,2,1.8406297249918777,0
2024-07-31,-0.4415556374360452,0,-2.4245362877694445,0
2024-08-01,0.38154750060590437,2,2.0945031011051243,0
2024-08-02,0.4504768322623869,2,2.472942145263607,0
2024-08-05,0.15186760496151352,1,0.8335037836700055,0
2024-08-06,0.09609073182658984,1,0.5272749831279602,0
2024-08-07,0.14986449305766253,1,0.8225062049031939,0
2024-08-08,-0.40339597626089163,0,-2.2150303292247475,0
2024-08-09,0.02349192675926247,1,0.1286896242324404,0
2024-08-12,-0.023884606551248605,1,-0.13141923727407004,0
2024-08-13,-0.2185334473926981,1,-1.2000894173608538,1
2024-08-14,0.15756429489476842,1,0.8647800174793245,0
2024-08-15,-0.4547445448997254,0,-2.496946645074576,0
2024-08-16,-0.010787709288320665,1,-0.05951403868132881,0
2024-08-19,-0.18581792582942347,1,-1.0204731290258209,1
2024-08-20,0.07934876973462693,1,0.4353574789369248,0
2024-08-21,-0.08122975696374801,1,-0.446258267157363,0
2024-08-22,0.3490489962269926,2,1.9160782906771388,0
2024-08-23,-0.11352736240916517,1,-0.6235800928539276,0
2024-08-26,0.06633778539573457,1,0.3639239635024494,0
2024-08-27,0.033762784388889286,1,0.18507916770595947,0
2024-08-28,0.24054210010586136,2,1.3203486489430762,0
2024-08-29,0.15898317403225648,1,0.8725700141565503,0
2024-08-30,-0.11763792643472554,1,-0.6461481039371891,0
2024-09-03,0.33520879613073684,2,1.840092176064977,0
2024-09-04,0.05798168325741801,1,0.31804690028247296,0
2024-09-05,-0.07386042693208522,1,-0.40579882636125325,0
2024-09-06,0.24639455822522804,2,1.352480088541365,0
2024-09-09,0.08195436940731582,1,0.44966286426266955,0
2024-09-10,0.0273751803702372,1,0.15000964503412256,0
2024-09-11,-0.25810608356116305,0,-1.4173529573739663,0
2024-09-12,-0.03542200861653111,1,-0.19476242231200294,0
2024-09-13,-0.1704438203951681,1,-0.9360654955044798,0
2024-09-16,0.0861766235189125,1,0.472844081485985,0
2024-09-17,-0.017255237132301926,1,-0.09502236288128438,0
2024-09-18,0.018479019473257266,1,0.10116752593000472,0
2024-09-19,-0.1425634293067849,1,-0.7829952668994105,0
2024-09-20,-0.020379906115693402,1,-0.11217756684118119,0
2024-09-23,0.05794314683767918,1,0.3178353258264209,0
2024-09-24,-0.09795156944729153,1,-0.5380651450247832,0
2024-09-25,0.04907428779823811,1,0.2691431006589257,0
2024-09-26,-0.3918927523769721,0,-2.1518747908384683,0
2024-09-27,-0.09813870697939764,1,-0.5390925762659471,0
2024-09-30,0.19217253524322317,2,1.0547877991120733,0
2024-10-01,0.15787404001634353,1,0.8664805946490818,0
2024-10-02,0.009209491947382074,1,0.05027553187767233,0
2024-10-03,0.02122271421059102,1,0.11623108724572795,0
2024-10-04,-0.2044584960786313,1,-1.1228144606208421,1
2024-10-07,-0.11342666184834146,1,-0.6230272219197617,0
2024-10-08,0.10231027718722281,1,0.5614218222864813,0
2024-10-09,-0.06329860227610362,1,-0.3478118020956078,0
2024-10-10,-0.06734389915910002,1,-0.3700214804567424,0
2024-10-11,0.13980122659411887,1,0.7672563881698059,0
2024-10-14,0.0766356244466963,1,0.42046164163874034,0
2024-10-15,0.32009544402005347,2,1.7571161426500397,0
2024-10-16,0.040942733411175214,1,0.22449886001694652,0
2024-10-17,0.05024992508771746,1,0.2755976395528306,0
2024-10-18,0.06841856531476823,1,0.37534795884288885,0
2024-10-21,0.0006996878670563755,1,0.003554607058846734,0
2024-10-22,-0.220312829772789,1,-1.2098586658205654,1
2024-10-23,0.1852832610304486,1,1.0169639832506163,-1
2024-10-24,-0.03655605454893193,1,-0.20098861438983112,0
2024-10-25,-0.26163448070748313,0,-1.4367247285978544,0
2024-10-28,0.1074309835110927,1,0.5895357639141072,0
2024-10-29,-0.22099886000653607,1,-1.213625141132076,1
2024-10-30,0.2228743135282391,2,1.2233481398107258,0
2024-10-31,-0.01794811515148853,1,-0.09882643422505087,0
2024-11-01,-0.2507596903023799,0,-1.3770194451222955,0
2024-11-04,0.13395550527949168,1,0.7351619352923373,0
2024-11-05,0.10857624586067816,1,0.5958235368907521,0
2024-11-06,0.16675277820038548,1,0.9152270587588387,0
2024-11-07,-0.3277777906019125,0,-1.799867825627609,0
2024-11-08,0.28065942261498583,2,1.5406026514076838,0
2024-11-11,0.2597688856769124,2,1.4259084473466108,0
2024-11-12,0.1189686126827249,1,0.6528801958219551,0
2024-11-13,0.1608730738067046,1,0.88294603038955,0
2024-11-14,-0.14218889947203728,1,-0.7809390056639601,0
2024-11-15,0.4281694033518047,2,2.3504688545515235,0
2024-11-18,-0.2676116180370472,0,-1.4695406878338597,0
2024-11-19,-0.14664191216811906,1,-0.8053871444726917,0
2024-11-20,-0.07921180401980381,1,-0.4351792074173253,0
2024-11-21,0.0012822902361400157,1,0.006753237864949222,0
2024-11-22,0.11521014296255849,1,0.6322452693803811,0
2024-11-25,0.07516999853961359,1,0.41241499365824846,0
2024-11-26,0.0717360018956737,1,0.3935615044926701,0
2024-11-27,0.07003003091709664,1,0.384195302746913,0
2024-11-29,-0.21583330706759743,1,-1.1852649805185336,1
2024-12-02,-0.37883701591501867,0,-2.080195575202522,0
2024-12-03,0.061782712456217165,1,0.3389154887664113,0
2024-12-04,-0.03770772944596275,1,-0.207311593834717,0
2024-12-05,0.03003702550922077,1,0.16462383185251614,0
2024-12-06,-0.09918325396600179,1,-0.5448273970409273,0
2024-12-09,-0.138851509161615,1,-0.7626159091140866,0
2024-12-10,-0.028458558447189142,1,-0.15653136214063731,0
2024-12-11,-0.13898255978153695,1,-0.7633354093638032,0
2024-12-12,-0.031508892182161574,1,-0.173278447239043,0
2024-12-13,-0.021672114447583463,1,-0.11927210953036901,0
2024-12-16,0.03942020103123786,1,0.21613978145463983,0
2024-12-17,-0.12020946922654019,1,-0.660266508580903,0
2024-12-18,0.022954624878606555,1,0.12573970428902173,0
2024-12-19,0.08985069792623737,1,0.4930156568293302,0
2024-12-20,0.022716919083240472,1,0.12443464080113553,0
2024-12-23,-0.15073973476842115,1,-0.8278852019864048,0
2024-12-24,-0.010438464010814219,1,-0.05759659590595013,0
2024-12-26,0.0014866424574485086,1,0.007875181998820362,0
2024-12-27,-0.003337176860135349,1,-0.018608776685667735,0
2024-12-30,0.14208195694061176,1,0.779778160709419,0
2024-12-31,-0.037597560796804604,1,-0.2067067407586504,0
2025-01-02,-0.21342957774572846,1,-1.1720679132450942,1
2025-01-03,-0.015007544410450824,1,-0.08268197505541007,0
2025-01-06,-0.2442681353237635,0,-1.3413792060227367,0
2025-01-07,0.07545692462510306,1,0.41399028868762594,0
2025-01-08,0.21821291914426982,2,1.197755934102038,0
2025-01-10,-0.007113304827353728,1,-0.0393406512620237,0
2025-01-13,0.083450788071113,1,0.4578785720778934,0
2025-01-14,0.16231393005835731,1,0.8908566868480033,0
2025-01-15,0.021523990504044743,1,0.11788516845879474,0
2025-01-16,0.20878239659948813,2,1.145980037658589,0
2025-01-17,-0.3120365471082367,0,-1.7134445135418266,0
2025-01-21,-0.01991074472202925,1,-0.10960175499000642,0
2025-01-22,-0.12385852030244619,1,-0.6803006996584177,0
2025-01-23,-0.1037318170403229,1,-0.5698001310102515,0
2025-01-24,0.15803540582968587,1,0.867366532793172,0
2025-01-27,0.5234552313856413,2,2.8736115692188204,0
2025-01-28,-0.0584637639548061,1,-0.32126734636098486,0
2025-01-29,-0.31856856428713387,0,-1.7493069001079402,0
2025-01-30,0.11949140869792962,1,0.6557504749836613,0
2025-01-31,0.024838688084880323,1,0.13608367632214322,0
2025-02-03,0.073380014769871,1,0.40258754095267907,0
2025-02-04,-0.08933037199726372,1,-0.49073264311181514,0
2025-02-05,-0.08590545597542264,1,-0.47192900880286826,0
2025-02-06,0.22974781170555647,2,1.2610853413436298,0
2025-02-07,0.004821500515013677,1,0.026184375855489474,0
2025-02-10,-0.14226889415299454,1,-0.7813781962069658,0
2025-02-11,-0.017619869660927268,1,-0.09702428546323774,0
2025-02-12,-0.20476277485620636,1,-1.1244850262128179,1
2025-02-13,-0.22407512902617038,1,-1.2305146173447077,1
2025-02-14,-0.12069631555989849,1,-0.6629394151160536,0
2025-02-18,-0.18933053180822645,1,-1.0397582028424122,1
2025-02-19,-0.1821153924501642,1,-1.0001453069022186,1
2025-02-20,-0.1527398035834154,1,-0.8388660734442878,0
2025-02-21,0.04363331265996728,1,0.23927080419043628,0
2025-02-24,0.10013698906764601,1,0.5494899340918816,0
2025-02-25,0.34303597915374184,2,1.8830653427923372,0
2025-02-26,0.04592841982415734,1,0.2518715090077401,0
2025-02-27,0.5542395215062964,2,3.042624920260974,0
2025-02-28,-0.025370258468382756,1,-0.13957583299263002,0
2025-03-03,0.288854654797045,2,1.5855964988613553,0
2025-03-04,-0.1235026555439539,1,-0.6783469142985846,0
2025-03-05,-0.030383647593361318,1,-0.1671005767099585,0
2025-03-06,0.1488338605197297,1,0.8168477778858292,0
2025-03-07,-0.4183612789555643,0,-2.297193534803742,0
2025-03-10,0.1835321653424432,1,1.0073500357122687,-1
2025-03-11,0.06020267905802956,1,0.3302407154213202,0
2025-03-12,-0.027046709469459765,1,-0.14877996277569383,0
2025-03-13,-0.007981935781413041,1,-0.04410964959815892,0
2025-03-14,-0.026543563098092138,1,-0.146017565008643,0
2025-03-17,-0.13401195755055995,1,-0.7360455762553452,0
2025-03-18,0.1433813582519104,1,0.7869121946309546,0
2025-03-19,-0.08554978003801594,1,-0.46997626011740057,0
2025-03-20,0.05861486165976848,1,0.32152320599455325,0
2025-03-21,-0.049578361000660376,1,-0.2724842910183377,0
2025-03-24,-0.018588505715273707,1,-0.1023423364835371,0
2025-03-25,0.1711740907905977,1,0.9395011561620219,0
2025-03-26,0.09483184215542129,1,0.5203633681099549,0
2025-03-27,0.08186612559647127,1,0.4491783839605053,0
2025-03-28,0.13339132870479808,1,0.7320644666453514,0
2025-03-31,0.08420442147641174,1,0.4620162054872598,0
2025-04-01,0.0625921249687347,1,0.34335936324199157,0
2025-04-02,0.03721082307805079,1,0.2040097511657083,0
2025-04-03,0.5070765862779378,2,2.7836887649464623,0
2025-04-04,0.40747597580804573,2,2.2368568297164257,0
2025-04-07,-0.39866203352315954,0,-2.1890398151472787,0
2025-04-08,0.42684760134571675,2,2.343211835286581,0
2025-04-09,-0.9815385237318761,0,-5.389175613885914,0
2025-04-10,0.7020520330569318,2,3.854152092244317,0
2025-04-11,-0.08290062998711412,1,-0.4554317724660192,0
2025-04-14,0.08385311889916541,1,0.46008746762851965,0
2025-04-15,-0.014311444618165858,1,-0.07886021538212494,0
2025-04-16,0.18491912341859007,1,1.01496477788387,-1
2025-04-17,-0.21765154349508345,1,-1.1952475472885282,1
2025-04-21,-0.11135467403966504,1,-0.611651497435281,0
2025-04-22,0.11920678009215635,1,0.6541877936849972,0
2025-04-23,-0.3000354460279254,0,-1.6475555064596694,0
2025-04-24,-0.36558148200803786,0,-2.0074194222787116,0
2025-04-25,-0.20281134970073258,1,-1.1137712204520904,1
2025-04-28,0.03349463128351643,1,0.1836069409710309,0
2025-04-29,0.13601370295309387,1,0.7464619485315339,0
2025-04-30,0.07724477496257436,1,0.42380602832344505,0
2025-05-01,0.04552855016863961,1,0.24967612590180394,0
2025-05-02,0.013175930491596155,1,0.07205225849481738,0
2025-05-05,0.1211188920455426,1,0.6646857602628503,0
2025-05-06,0.06952155776954061,1,0.3814036596638154,0
2025-05-07,0.02705074971682625,1,0.1482284406698553,0
2025-05-08,-0.007654016760631599,1,-0.04230929323601735,0
2025-05-09,0.037548114013647466,1,0.20586156165339234,0
2025-05-12,-0.4853128168809744,0,-2.6647740032130827,0
2025-05-13,-0.1676741529063085,1,-0.9208593373721997,0
2025-05-14,-0.06297056277575425,1,-0.3460107842709011,0
2025-05-15,0.08321873739880135,1,0.45660455661139215,0
2025-05-16,0.034813882164754895,1,0.19084995393087245,0
2025-05-19,0.046382173812405114,1,0.25436273040027246,0
2025-05-20,-0.1624945825237812,1,-0.8924222175335241,0
2025-05-21,-0.008519993041865459,1,-0.04706371676310575,0
2025-05-22,0.10803342008392308,1,0.5928432893943227,0
2025-05-23,0.02398350191528731,1,0.1313884931712139,0
2025-05-27,-0.20448102423357628,1,-1.1229381457519632,1
2025-05-28,0.018476220270628452,1,0.10115215761666413,0
2025-05-29,0.003957386945871388,1,0.02144017907754453,0
2025-05-30,0.2558819625471837,2,1.4045682799812467,0
2025-06-02,-0.1469580333964038,1,-0.8071227280420563,0
2025-06-03,-0.23702724430232436,1,-1.3016249270944937,1
2025-06-04,-0.0485023616308804,1,-0.2665767888965415,0
2025-06-05,-0.025772907377824852,1,-0.14178647488859553,0
2025-06-06,-0.10868211898573349,1,-0.5969785105403667,0
2025-06-09,-0.38395475558275705,0,-2.1082932291557457,0
2025-06-10,-0.20827245636967895,1,-1.1437540439929192,1
2025-06-11,-0.03709172142214262,1,-0.2039295577388176,0
2025-06-12,0.005246028146316573,1,0.028515137334648888,0
2025-06-13,0.02601946569730984,1,0.14256643685779594,0
2025-06-16,-0.2952199323385063,0,-1.6211171477238282,0
2025-06-17,0.05318893686462278,1,0.29173353962459597,0
2025-06-18,-0.021799682537983957,1,-0.11997248983344347,0
2025-06-20,0.05328047941620255,1,0.29223613082760264,0
2025-06-23,0.22201010928092035,2,1.2186034451872105,0
2025-06-24,-0.2198793152024821,1,-1.2074785638280883,1
2025-06-25,-0.07674689435467089,1,-0.4216462449586333,0
2025-06-26,-0.10298937748422254,1,-0.5657239545958869,0
2025-06-27,0.035405888829208754,1,0.19410021663975657,0
2025-06-30,-0.01629162706426282,1,-0.08973190576634274,0
2025-07-01,-0.017941842398365493,1,-0.09879199526214383,0
2025-07-02,-0.31780607615585355,0,-1.7451206520673823,0
2025-07-03,0.05819309050819016,1,0.3192075782694452,0
2025-07-07,0.1088247335463306,1,0.597187795617532,0
2025-07-08,-0.28212821416427575,0,-1.5492403836063553,0
2025-07-09,0.07950670261034037,1,0.4362245694061035,0
2025-07-10,-0.06934286248727856,1,-0.3809962825191471,0
2025-07-11,0.004617365962455489,1,0.025063626776783223,0
2025-07-14,0.08976397222789781,1,0.49253951133952384,0
2025-07-15,-0.22475900623369627,1,-1.234269272010847,1
2025-07-16,0.06567536101975613,1,0.36028709017656413,0
2025-07-17,0.09225500131430642,1,0.5062158758679008,0
2025-07-18,0.06770670439564741,1,0.3714396666930617,0
2025-07-21,-0.15634768064013638,1,-0.8586742089937698,0
2025-07-22,0.15370268281058808,1,0.8435788140013764,0
2025-07-23,-0.051788046768273366,1,-0.2846160112844433,0
2025-07-24,0.22067049711129336,2,1.2112486437284757,0
2025-07-25,0.1621203227389631,1,0.8897937348777336,0
2025-07-28,-0.19167576539857023,1,-1.0526341141116693,1
2025-07-29,-0.10173146691435772,1,-0.5588177150857041,0
2025-07-30,-0.223548606110542,1,-1.2276238765797898,1
2025-07-31,0.31259321236394694,2,1.7159270391325177,0
2025-08-01,0.04365821949526427,1,0.23940754886380378,0
2025-08-04,-0.0319529638954017,1,-0.1757165105519724,0
2025-08-05,0.03087651604858277,1,0.16923284211943007,0
2025-08-06,0.035943493095216265,1,0.1970517967533913,0
2025-08-07,-0.232973545581299,1,-1.279369120568811,1
2025-08-08,-0.1354427339812729,1,-0.7439008920089047,0
2025-08-11,-0.014347215270685165,1,-0.07905660509348607,0
2025-08-12,-0.30988331378437595,0,-1.7016227311256986,0
2025-08-13,0.0010646617999560126,1,0.005558404034532501,0
2025-08-14,0.002091152553709563,1,0.011194091634464148,0
2025-08-15,-0.03546887876461119,1,-0.19501975099360672,0
2025-08-18,-0.03629241580411256,1,-0.1995411726085905,0
2025-08-19,0.2539429087298385,2,1.3939223959203795,0
2025-08-20,0.01356387380387275,1,0.07418216303266043,0
2025-08-21,-0.11475529356889333,1,-0.6303217380028435,0
2025-08-22,-0.0743958405603109,1,-0.40873837933276524,0
2025-08-25,-0.0812410116920792,1,-0.4463200583938303,0
2025-08-26,-0.023908299584798093,1,-0.1315493178762492,0
2025-08-27,-0.11119532707656761,1,-0.6107766432773345,0
2025-08-28,-0.011356910653016791,1,-0.06263909466566386,0
2025-08-29,0.06609784821456138,1,0.36260664915572427,0
2025-09-02,-0.07434465177727156,1,-0.4084573402792955,0
2025-09-03,-0.04894362492789625,1,-0.2689994333112171,0
2025-09-04,0.05107335065142371,1,0.28011844913818434,0
2025-09-05,-0.3298426397812481,0,-1.811204357275029,0
2025-09-08,0.0608253607164444,1,0.33365939141835305,0
2025-09-09,-0.2574183123888325,0,-1.4135769238799283,0
2025-09-10,-0.17403541392346816,1,-0.955784230463777,0
2025-09-11,0.128340725746799,1,0.7043354097994995,0
2025-09-12,-0.049172305713445275,1,-0.27025494726762506,0
2025-09-15,-0.17359588181834734,1,-0.9533710907199036,0
2025-09-16,-0.230812047404933,1,-1.267501962072471,1
2025-09-17,-0.0004481687726040351,1,-0.0027474092106407858,0
2025-09-18,-0.3070501656116634,0,-1.6860680483705544,0
2025-09-19,-0.08947778749306967,1,-0.4915419905693674,0
2025-09-22,-0.027670234415346488,1,-0.15220326862909028,0
2025-09-23,-0.13572259245369353,1,-0.7454373840980827,0
2025-09-24,-0.05612813663366545,1,-0.3084441758807039,0
2025-09-25,0.16644459362716435,1,0.9135350493847245,0
2025-09-26,-0.026225187133218752,1,-0.14426960237888511,0
2025-09-29,0.031133784103721814,1,0.17064530724189111,0
2025-09-30,-0.04797701656503056,1,-0.26369251481762856,0
2025-10-01,-0.4915489309640775,0,-2.6990118087475112,0
2025-10-02,-0.017527738991920838,1,-0.09651846535039764,0
2025-10-03,0.17996086770001746,1,0.9877427301759187,0
2025-10-06,-0.1305594144780934,1,-0.717090262619465,0
2025-10-07,0.09729005130812596,1,0.5338595431015732,0
2025-10-08,-0.11585102714268486,1,-0.6363375857755242,0
2025-10-09,-0.07922623968681086,1,-0.43525846279225283,0
2025-10-10,0.4413258734742571,2,2.422701122847023,0
2025-10-13,-0.24463687703318537,0,-1.3434036890215044,0
2025-10-14,0.21420186599405033,2,1.1757342622859996,0
2025-10-15,-0.4203827171403155,0,-2.308291729376049,0
2025-10-16,-0.4125045530452077,0,-2.265038663979529,0
2025-10-17,-0.030975359116338627,1,-0.17034921901928857,0
2025-10-20,-0.056159203494557386,1,-0.3086147406150254,0
2025-10-21,0.17039465843013551,1,0.9352218801210253,0
2025-10-22,-0.034644306759564536,1,-0.19049264716232572,0
2025-10-23,-0.0804847729995965,1,-0.4421681213147784,0
2025-10-24,-0.12585687583707011,1,-0.69127216478419,0
2025-10-27,-0.2918991647286697,0,-1.6028853139030397,0
2025-10-28,-0.18258096315861005,1,-1.0027014050052803,1
2025-10-29,-0.4685462529201342,0,-2.5727214286895967,0
2025-10-30,0.20479457812702892,2,1.124085929958314,0
2025-10-31,-0.12889376200797717,1,-0.7079454194367047,0
2025-11-03,-0.12407152598196822,1,-0.681470153413756,0
2025-11-04,0.5442328339695259,2,2.987685735800568,0
2025-11-05,-0.433524818713589,0,-2.380445110790064,0
2025-11-06,0.010510480220545126,1,0.05741827861154289,0
2025-11-07,0.09108877600627874,1,0.4998130110752619,0
2025-11-10,-0.25407475847590033,0,-1.3952199876309548,0
2025-11-11,-0.03358857598048823,1,-0.1846964246062529,0
2025-11-12,-0.027549345972445738,1,-0.151539561239482,0
2025-11-13,0.17916374744454044,1,0.9833663432255062,0
2025-11-14,-0.0065650913079239315,1,-0.036330823728489815,0
2025-11-17,-0.08508581358615053,1,-0.4674289697789335,0
2025-11-18,0.008516505792713874,1,0.04647086684342153,0
2025-11-19,0.023344221067503532,1,0.1278786835274791,0
2025-11-20,0.5297350387893774,2,2.9080892618680534,0
2025-11-21,-0.06505527296788904,1,-0.35745635778074875,0
2025-11-24,-0.4356256502401065,0,-2.3919791944047937,0
2025-11-25,0.06060945729685596,1,0.33247402835482026,0
2025-11-26,-0.2768593778385775,0,-1.5203131717067573,0
2025-11-28,-0.20922966501980725,1,-1.1490093557435115,1
2025-12-01,-0.06445699793559033,1,-0.3541716801852172,0
2025-12-02,-0.05502476505701362,1,-0.3023863935870831,0
2025-12-03,0.04101652059238109,1,0.22490396985416158,0
2025-12-04,0.07145930736723598,1,0.3920423832368932,0
2025-12-05,-0.24913335749221732,0,-1.3680904765776887,0
2025-12-08,-0.18376369629374417,1,-1.0091949018432498,1
2025-12-09,-0.0945962882125099,1,-0.51964382288428,0
2025-12-10,-0.09605484619291604,1,-0.5276516662027886,0
2025-12-11,0.26120488877594383,2,1.4337924587993023,0
2025-12-12,0.3229867406734422,2,1.772990074916495,0
2025-12-15,0.012949449371111452,1,0.07080882124254115,0
2025-12-16,0.081613354905469,1,0.44779061047720936,0
2025-12-17,0.16355665055684615,1,0.8976795291170686,0
2025-12-18,-0.250604181191913,0,-1.3761656617225622,0
2025-12-19,-0.2567039345126172,0,-1.4096548130144089,0
2025-12-22,0.09584450595738714,1,0.5259231423317583,0
2025-12-23,0.03743192650112731,1,0.20522366353187263,0
2025-12-24,-0.028138957835624256,1,-0.15477667589827176,0
2025-12-26,-0.023660617082051257,1,-0.13018947980235895,0
2025-12-29,0.028477482895006012,1,0.1560615579690387,0
2025-12-30,-0.025118558742938057,1,-0.13819393937458438,0
2025-12-31,-0.019516549201865074,1,-0.10743752428767003,0
