Date,spread,regime,z_score,gmm_signal
2016-07-06,-0.1228237900903193,1,-0.33775334999981793,0
2016-07-07,-0.2563163391498305,1,-0.7041254735979984,0
2016-07-08,-0.2786664859290593,1,-0.7654657566020082,0
2016-07-11,-0.23316931438641542,1,-0.6405981480858347,0
2016-07-12,-0.44835452519865454,0,-1.2311768972941979,0
2016-07-13,0.10589206082928487,1,0.28996042573027336,0
2016-07-14,-0.07809366367685897,1,-0.21499090731390605,0
2016-07-15,-0.06096791658973631,1,-0.1679890605987209,0
2016-07-18,-0.2252911009989766,1,-0.6189762838750551,0
2016-07-19,0.3273111820418414,1,0.8976482271499842,0
2016-07-20,-0.1890764581464877,1,-0.5195847020924561,0
2016-07-21,0.12438749270740379,1,0.340721391055994,0
2016-07-22,0.17328822703750313,1,0.47493012411451113,0
2016-07-25,-0.04075855689836316,1,-0.11252419698759106,0
2016-07-26,-0.4642315131448392,0,-1.2747515074965485,0
2016-07-27,0.10287278769556493,1,0.2816739893896895,0
2016-07-28,0.08495586401483299,1,0.23250074771063572,0
2016-07-29,0.07816034208553664,1,0.21385034498977376,0
2016-08-01,0.37758918826660026,1,1.0356369017286349,-1
2016-08-02,0.14745959041994883,1,0.40404307825399255,0
2016-08-03,-0.3316323500615231,1,-0.9108312939083082,0
2016-08-04,-0.03544737755310685,1,-0.09794759275580821,0
2016-08-05,-0.2588563068040404,1,-0.7110964495056404,0
2016-08-08,-0.14154133858288612,1,-0.3891239174066663,0
2016-08-09,0.12563507236767638,1,0.34414539046803755,0
2016-08-10,0.08923688466201841,1,0.24425006732979862,0
2016-08-11,-0.2635301004811186,1,-0.7239237400682583,0
2016-08-12,-0.06518921664753131,1,-0.17957447624487816,0
2016-08-15,-0.37324077045450316,1,-1.0250261717973062,1
2016-08-16,-0.1794367892786957,1,-0.49312849926497254,0
2016-08-17,0.20165428143724046,1,0.552781147724078,0
2016-08-18,-0.23558106728297828,1,-0.6472172368404728,0
2016-08-19,-0.2118008234404241,1,-0.5819520329196525,0
2016-08-22,0.14917935660523854,1,0.4087630000311701,0
2016-08-23,-0.29976155572771357,1,-0.8233614636960376,0
2016-08-24,0.17787378879235596,1,0.48751526096186487,0
2016-08-25,0.19917742187274168,1,0.5459833728303246,0
2016-08-26,-0.024404168207851976,1,-0.06763935392401679,0
2016-08-29,0.06284746329011337,1,0.17182394005402166,0
2016-08-30,0.07461497313591255,1,0.20412003149914015,0
2016-08-31,0.2659084305341726,1,0.7291275372453581,0
2016-09-01,-0.07900246121301646,1,-0.21748511456059202,0
2016-09-02,0.1739148127603392,1,0.4766497971862225,0
2016-09-06,0.10891385602358278,1,0.29825378390054963,0
2016-09-07,-0.07376208846322944,1,-0.20310283999686637,0
2016-09-08,-0.03653472361860238,1,-0.10093182887916016,0
2016-09-09,0.13817628239702473,1,0.3785649126309922,0
2016-09-12,-0.03284602446771956,1,-0.09080814369414454,0
2016-09-13,-0.009355917880104148,1,-0.026339225431031277,0
2016-09-14,-0.02213835976518395,1,-0.06142081171581537,0
2016-09-15,-0.05955333240562943,1,-0.16410671499073798,0
2016-09-16,0.025769535477538408,1,0.0700630609111924,0
2016-09-19,0.1739104355009141,1,0.4766377837379633,0
2016-09-20,0.15084084803281056,1,0.41332298594010924,0
2016-09-21,-0.06335896945136565,1,-0.17455133782484622,0
2016-09-22,0.015434463061202885,1,0.0416983135497063,0
2016-09-23,0.09723154818583346,1,0.2661915305298703,0
2016-09-26,0.011594587169643344,1,0.031159721735739505,0
2016-09-27,-0.22150268961307615,1,-0.608578937099565,0
2016-09-28,-0.29439805842318595,1,-0.8086412721106864,0
2016-09-29,-0.42313605175340663,1,-1.1619644525912287,1
2016-09-30,-0.2570950281661058,1,-0.7062625962353688,0
2016-10-03,-0.2240157558336438,1,-0.6154760816552642,0
2016-10-04,-0.061050579563224294,1,-0.1682159302581371,0
2016-10-05,-0.3124991863318293,1,-0.8583200648083636,0
2016-10-06,-0.09790229918998028,1,-0.2693559779463445,0
2016-10-07,0.3175371618993731,1,0.8708232954147221,0
2016-10-10,0.004976847899092668,1,0.01299724594924558,0
2016-10-11,-0.042391614599452065,1,-0.11700614614596376,0
2016-10-12,0.2839379350020619,1,0.7786097584319407,0
2016-10-13,0.1425080372648312,1,0.39045347301137345,0
2016-10-14,0.10395254809117555,1,0.28463740653846775,0
2016-10-17,0.06965956135192977,1,0.19051983619691507,0
2016-10-18,0.0320809367849168,1,0.08738478797502813,0
2016-10-19,-0.22777825060857398,1,-0.6258022999380817,0
2016-10-20,-0.11573088521703016,1,-0.31828677572870756,0
2016-10-21,-0.013211991298999484,1,-0.036922271579931845,0
2016-10-24,-0.020171941316942887,1,-0.05602394943518319,0
2016-10-25,0.2372662014700845,1,0.6505185484985976,0
2016-10-26,0.032718413246227124,1,0.089134350827184,0
2016-10-27,-0.08628961695240384,1,-0.23748481298600613,0
2016-10-28,-0.03587543217585697,1,-0.09912239451259439,0
2016-10-31,0.3130122225810522,1,0.8584045376721678,0
2016-11-01,-0.27078373895342656,1,-0.7438314498965289,0
2016-11-02,-0.11163180046368121,1,-0.3070367816543276,0
2016-11-03,0.2970439692526807,1,0.8145794483822696,0
2016-11-04,-0.09108781405426518,1,-0.2506535304465431,0
2016-11-07,-0.13781776411818059,1,-0.37890451644667744,0
2016-11-08,0.06451459353177866,1,0.176399401765232,0
2016-11-09,-0.2983210374679728,1,-0.8194079416633742,0
2016-11-10,-0.0731462080435731,1,-0.20141254777590173,0
2016-11-11,-0.1172060059555407,1,-0.32233526473681606,0
2016-11-14,-0.24657432599255072,1,-0.677388385470609,0
2016-11-15,-0.2619612869317569,1,-0.7196181098614892,0
2016-11-16,-0.024846833570546095,1,-0.06885425505607401,0
2016-11-17,0.041030412844576036,1,0.11194674721671374,0
2016-11-18,0.003232145640857373,1,0.00820888677939225,0
2016-11-21,-0.22561880674155677,1,-0.6198756767600535,0
2016-11-22,-0.24872431134807155,1,-0.6832890496346891,0
2016-11-23,-0.2910918561649144,1,-0.7995673548700466,0
2016-11-25,0.13745263445003492,1,0.37657885095980537,0
2016-11-28,0.2744282428688937,1,0.7525102785273318,0
2016-11-29,0.2531053601247409,1,0.6939893356938286,0
2016-11-30,-0.6266397902597778,0,-1.7204832415575693,0
2016-12-01,0.13358402412878323,1,0.36596139711120923,0
2016-12-02,0.015223968310812557,1,0.041120607833169315,0
2016-12-05,-0.14070285824072937,1,-0.3868226966590248,0
2016-12-06,0.003439973557259446,1,0.008779273333635575,0
2016-12-07,-0.18318708776571613,1,-0.5034212446690939,0
2016-12-08,0.13701737609839365,1,0.37538427847071787,0
2016-12-09,0.1472452403026065,1,0.4034547914302147,0
2016-12-12,0.32022220424836334,1,0.8781924308030356,0
2016-12-13,0.061676994929326795,1,0.16861157365629345,0
2016-12-14,0.047646202355734635,1,0.13010387186193414,0
2016-12-15,-0.0031117175858253188,1,-0.009201932465208465,0
2016-12-16,0.05206338373021813,1,0.1422268864563022,0
2016-12-19,0.13731516837548022,1,0.37620157344123123,0
2016-12-20,-0.0226427075198396,1,-0.06280500101482103,0
2016-12-21,-0.2282164412502073,1,-0.6270049201370897,0
2016-12-22,0.19965038500632035,1,0.5472814266082596,0
2016-12-23,-0.007031268257408851,1,-0.01995919280082881,0
2016-12-27,-0.11707701578273497,1,-0.3219812494463217,0
2016-12-28,0.126777211893625,1,0.34728000799175174,0
2016-12-29,0.10930978331350813,1,0.2993404117537323,0
2016-12-30,0.28178282518914066,1,0.772695030124556,0
2017-01-03,-0.24117941937160287,1,-0.6625819905874804,0
2017-01-04,0.044252041921329865,1,0.12078855220591773,0
2017-01-05,0.16319496318002932,1,0.44722902364446976,0
2017-01-06,0.23324067183165204,1,0.6394704274414258,0
2017-01-09,-0.21224983801229919,1,-0.5831843595429987,0
2017-01-10,-0.19926469288545695,1,-0.547546451443492,0
2017-01-11,-0.0713514869226724,1,-0.19648691115450675,0
2017-01-12,0.0533157212782249,1,0.1456639439561963,0
2017-01-13,-0.05847809919578803,1,-0.16115572276511747,0
2017-01-17,-0.03317036909121884,1,-0.09169831194193273,0
2017-01-18,-0.0140205652395618,1,-0.03914141380005606,0
2017-01-19,-0.0358065090429735,1,-0.09893323403332077,0
2017-01-20,-0.08395947776593599,1,-0.2310897141730755,0
2017-01-23,0.09067533480576247,1,0.24819791338987104,0
2017-01-24,-0.5491494264512904,0,-1.507809880033439,0
2017-01-25,-0.20581889134757914,1,-0.5655345386136691,0
2017-01-26,0.11532816345770058,1,0.3158579382342997,0
2017-01-27,-0.027469802559036256,1,-0.0760530292589466,0
2017-01-30,0.09741768139927642,1,0.2667023756756234,0
2017-01-31,0.29638000018689736,1,0.8127571762154082,0
2017-02-01,-0.2791132339295315,1,-0.7666918625891918,0
2017-02-02,0.25379543027255097,1,0.6958832426366961,0
2017-02-03,0.12280641047630175,1,0.3363820892846722,0
2017-02-06,0.0022185093129160754,1,0.005426948037189056,0
2017-02-07,0.09526996162328119,1,0.2608079294254855,0
2017-02-08,-0.20543703979177186,1,-0.5644865418049633,0
2017-02-09,-0.08942911080275201,1,-0.24610119672486722,0
2017-02-10,-0.019877374751756383,1,-0.05521550747502337,0
2017-02-13,0.12158472481442525,1,0.3330291563047828,0
2017-02-14,-0.0076366205537978585,1,-0.021620590443735488,0
2017-02-15,0.001237249152648362,1,0.0027338661292295,0
2017-02-16,0.359174880974515,1,0.9850985839369568,0
2017-02-17,0.050837075997998124,1,0.13886126814124536,0
2017-02-21,-0.05038105479460858,1,-0.13893327384921292,0
2017-02-22,0.2507250991911117,1,0.6874566770614524,0
2017-02-23,0.6480141773303184,0,1.7778219765909091,0
2017-02-24,0.10879829460712045,1,0.2979366240151957,0
2017-02-27,-0.19927946460661922,1,-0.5475869926339146,0
2017-02-28,0.21506171678594738,1,0.5895780371034338,0
2017-03-01,-0.16809291294984774,1,-0.46199507579140947,0
2017-03-02,-0.011265749591765517,1,-0.03158078464048642,0
2017-03-03,-0.0017050293700720705,1,-0.005341257450183472,0
2017-03-06,-0.014002563163335008,1,-0.03909200685605167,0
2017-03-07,0.14327700948792924,1,0.392563927777196,0
2017-03-08,-0.06256158748853553,1,-0.17236291214042304,0
2017-03-09,0.1511749451270756,1,0.4142399199770741,0
2017-03-10,-0.08821150212916437,1,-0.24275945309500369,0
2017-03-13,-0.009336251032694975,1,-0.026285249499786098,0
2017-03-14,0.21678562067808496,1,0.5943093148735515,0
2017-03-15,-0.16103418437252948,1,-0.44262229883123355,0
2017-03-16,-0.14220605047156945,1,-0.3909482282611193,0
2017-03-17,-0.08067560380518367,1,-0.22207707724984738,0
2017-03-20,-0.1280774816796439,1,-0.3521721783005096,0
2017-03-21,0.2654693168166984,1,0.7279223836521008,0
2017-03-22,-0.10324828089470328,1,-0.2840280977288744,0
2017-03-23,0.025504220326441854,1,0.06933489985640062,0
2017-03-24,-0.031185723635001335,1,-0.08625142538903803,0
2017-03-27,-0.16877229500409285,1,-0.46385964911555294,0
2017-03-28,-0.21542618227223276,1,-0.5919018797341217,0
2017-03-29,-0.2951650357797775,1,-0.810746251938144,0
2017-03-30,0.06112212307887198,1,0.16708872028651206,0
2017-03-31,0.013568304316302848,1,0.036576615393837365,0
2017-04-03,0.10039337156155584,1,0.2748691979560078,0
2017-04-04,0.014902247360199648,1,0.04023764029144135,0
2017-04-05,0.23519209371733496,1,0.6448261314513544,0
2017-04-06,-0.17039733863582257,1,-0.46831960355114544,0
2017-04-07,0.0031642117068230585,1,0.00802244116986662,0
2017-04-10,-0.06105744388021657,1,-0.16823476946984764,0
2017-04-11,0.07989812633129295,1,0.21861971757992013,0
2017-04-12,0.32969167043606845,1,0.9041815100510769,0
2017-04-13,0.12863422018447135,1,0.3523765926015302,0
2017-04-17,0.1924908089551972,1,0.527631872379257,0
2017-04-18,-0.03558166470219279,1,-0.09831614567002839,0
2017-04-19,0.003359344297766572,1,0.008557985230047234,0
2017-04-20,-0.1807126714813705,1,-0.4966301753910813,0
2017-04-21,0.040034428644174225,1,0.10921325497956443,0
2017-04-24,-0.11387654111984491,1,-0.31319750303480876,0
2017-04-25,-0.0936334476342873,1,-0.25764005656493916,0
2017-04-26,0.17027459086060148,1,0.46665915847888195,0
2017-04-27,0.05002172387945747,1,0.1366235231191105,0
2017-04-28,0.09504752730499452,1,0.2601974554018344,0
2017-05-01,0.09587365044189433,1,0.26246476163092325,0
2017-05-02,0.04767942242561968,1,0.13019504479731975,0
2017-05-03,0.020050903214911278,1,0.054368196584332104,0
2017-05-04,0.30935695806075303,1,0.8483726142873047,0
2017-05-05,-0.18816162722680063,1,-0.5170739361422935,0
2017-05-08,-0.03711079868729067,1,-0.10251287477089158,0
2017-05-09,-0.32792965313878125,1,-0.9006691916473003,0
2017-05-10,-0.14283001951402616,1,-0.39266071981780143,0
2017-05-11,0.03647889520309733,1,0.09945504490335286,0
2017-05-12,0.18534434530866414,1,0.5080183053236883,0
2017-05-15,0.03143551337730549,1,0.08561341462024176,0
2017-05-16,-0.10780178307567909,1,-0.2965252466379819,0
2017-05-17,0.4728710537637635,0,1.2971392825621115,0
2017-05-18,0.016818012499946827,1,0.0454954838752929,0
2017-05-19,-0.26996361589129186,1,-0.741580610954558,0
2017-05-22,0.05617774953980592,1,0.15351881959817687,0
2017-05-23,0.26291346969756596,1,0.7209078263361611,0
2017-05-24,0.09429002398908788,1,0.25811847720839487,0
2017-05-25,0.17741152999312265,1,0.4862465853756975,0
2017-05-26,-0.13723134400158718,1,-0.3772950784297194,0
2017-05-30,0.10061902221315996,1,0.2754884992503644,0
2017-05-31,0.14162745796782703,1,0.388036711107335,0
2017-06-01,-0.08971760823502817,1,-0.24689298186688677,0
2017-06-02,0.05284530954146971,1,0.14437289252168012,0
2017-06-05,0.09172613478809939,1,0.25108184828899477,0
2017-06-06,-0.27392709206806637,1,-0.7524584254389328,0
2017-06-07,0.2819535955341032,1,0.7731637116680004,0
2017-06-08,-0.11364805258480395,1,-0.3125704131306114,0
2017-06-09,0.23275493548981885,1,0.6381373174190312,0
2017-06-12,-0.02267892057676142,1,-0.06290438824399526,0
2017-06-13,-0.09616105496563784,1,-0.2645771093977261,0
2017-06-14,0.4783161929118578,0,1.3120835413018674,0
2017-06-15,0.3820832585508792,1,1.0479709389857759,-1
2017-06-16,0.12736919112512465,1,0.34890470307547405,0
2017-06-19,-0.09771100582189318,1,-0.26883097068571404,0
2017-06-20,0.39368040172497876,1,1.079799456774232,-1
2017-06-21,-0.041481656967037206,1,-0.11450875499925953,0
2017-06-22,-0.148147241323202,1,-0.40725390767431513,0
2017-06-23,-0.2530273941791579,1,-0.6950989192188046,0
2017-06-26,0.09537730672388199,1,0.2611025395197721,0
2017-06-27,0.25284046549044326,1,0.6932623287531332,0
2017-06-28,-0.18527632569941688,1,-0.5091551867045447,0
2017-06-29,0.13511373213017525,1,0.3701597016076293,0
2017-06-30,-0.18471633781423724,1,-0.5076182923076068,0
2017-07-03,0.05308706931066652,1,0.14503640550922337,0
2017-07-05,0.1783352827135626,1,0.4887818373298444,0
2017-07-06,0.02540967525247506,1,0.06907541960998238,0
2017-07-07,-0.00922573347933392,1,-0.025981932565582417,0
2017-07-10,-0.24469489881839268,1,-0.6722302719294746,0
2017-07-11,-0.1493671123583472,1,-0.41060186038636365,0
2017-07-12,0.04797144217075894,1,0.13099649697508567,0
2017-07-13,-0.11285169713465651,1,-0.3103848047242618,0
2017-07-14,-0.11798229247698791,1,-0.32446579369432715,0
2017-07-17,0.011801092287886101,1,0.03172647785237313,0
2017-07-18,0.12487854366018736,1,0.34206908710070755,0
2017-07-19,-0.15252692843507565,1,-0.4192740187530046,0
2017-07-20,0.21320333154539312,1,0.5844776734363811,0
2017-07-21,0.2253580893891422,1,0.6178365722993489,0
2017-07-24,0.13525807873658405,1,0.37055586283982367,0
2017-07-25,-0.2066322930170351,1,-0.5677669306016596,0
2017-07-26,0.1099581586729729,1,0.3011198867806864,0
2017-07-27,-0.20696343988850782,1,-0.5686757677118888,0
2017-07-28,0.3353712876054219,1,0.9197692969217364,0
2017-07-31,0.17635692972988273,1,0.48335222055374655,0
2017-08-01,0.1750511201679264,1,0.4797684083814621,0
2017-08-02,0.06986108751482917,1,0.1910729275026263,0
2017-08-03,0.11718623601948663,1,0.3209574437502037,0
2017-08-04,-0.1271023729896658,1,-0.349495979186752,0
2017-08-07,-0.2278995379418243,1,-0.6261351746802417,0
2017-08-08,0.09848428843399046,1,0.2696296932458252,0
2017-08-09,0.22579319004919446,1,0.6190307120017172,0
2017-08-10,0.3441289348768132,1,0.9438047794347945,0
2017-08-11,-0.2313843251634818,1,-0.6356992207912895,0
2017-08-14,0.17651747937808548,1,0.48379285125538035,0
2017-08-15,0.19408474036547796,1,0.5320064388982773,0
2017-08-16,-0.024498105492523847,1,-0.06789716608441639,0
2017-08-17,0.2051694242769182,1,0.5624285052432572,0
2017-08-18,-0.0019962610892209354,1,-0.006140546879859071,0
2017-08-21,0.18263970009639685,1,0.500595369609454,0
2017-08-22,-0.05417913810192415,1,-0.14935716534508708,0
2017-08-23,0.02588120416457665,1,0.07036953714749067,0
2017-08-24,0.0661573081840631,1,0.18090785455801664,0
2017-08-25,0.003602321035677661,1,0.009224838204843294,0
2017-08-28,-0.02839723212639571,1,-0.0785983723696677,0
2017-08-29,-0.07467206205306859,1,-0.20560027493893945,0
2017-08-30,-0.2402086684453254,1,-0.6599177514156999,0
2017-08-31,-0.04450561587063523,1,-0.12280805149925318,0
2017-09-01,-0.3247992966923299,1,-0.8920778856381959,0
2017-09-05,-0.09530354086016568,1,-0.26222365022677885,0
2017-09-06,-0.1248769001162857,1,-0.34338813849920224,0
2017-09-07,-0.0661643659770069,1,-0.18225078689429156,0
2017-09-08,0.545704253790202,0,1.4970309944975964,0
2017-09-11,-0.05910788874427697,1,-0.16288418878007813,0
2017-09-12,-0.24053723299760016,1,-0.6608195013156312,0
2017-09-13,-0.395245428461798,1,-1.0854182561494472,1
2017-09-14,0.10335452692802963,1,0.28299612929084583,0
2017-09-15,-0.11271391763835312,1,-0.3100066670154189,0
2017-09-18,-0.04308001082430615,1,-0.11889545898442284,0
2017-09-19,-0.013853050062463478,1,-0.038681666109261145,0
2017-09-20,0.12618599409968326,1,0.34565740268380374,0
2017-09-21,0.04790427624333343,1,0.13081215917018427,0
2017-09-22,-0.16212823086192263,1,-0.44562492435945994,0
2017-09-25,0.0285640612077461,1,0.07773267493414074,0
2017-09-26,-0.11242788244668508,1,-0.3092216395263677,0
2017-09-27,-0.301905640622202,1,-0.8292459339642494,0
2017-09-28,0.016439274814125222,1,0.044456033125279404,0
2017-09-29,-0.00568008175953863,1,-0.01625084300835303,0
2017-10-02,0.03962781965602599,1,0.10809731105976135,0
2017-10-03,-0.11565438768694855,1,-0.3180768272129029,0
2017-10-04,0.029019509721022657,1,0.07898265959751231,0
2017-10-05,0.09882725541814107,1,0.2705709708166903,0
2017-10-06,0.04568950133252899,1,0.12473367918699317,0
2017-10-09,0.11631168465282085,1,0.3185572255832842,0
2017-10-10,0.06496743010820775,1,0.17764221793226237,0
2017-10-11,0.06788483373900722,1,0.18564907203115702,0
2017-10-12,0.22167338999632927,1,0.6077238645049686,0
2017-10-13,-0.10855481460388089,1,-0.2985919519490078,0
2017-10-16,0.029045312559703006,1,0.07905347584058194,0
2017-10-17,-0.06156948029415497,1,-0.1696400603992356,0
2017-10-18,0.06671592280344327,1,0.18244098000821735,0
2017-10-19,0.27730409808512285,1,0.760403102435137,0
2017-10-20,-0.08941614240403628,1,-0.24606560477752168,0
2017-10-23,0.03884497182579125,1,0.1059487745006949,0
2017-10-24,-0.2968739899318835,1,-0.8154364999426217,0
2017-10-25,0.272987149949993,1,0.7485551793347576,0
2017-10-26,-0.06677835254854428,1,-0.18393588142323516,0
2017-10-27,-0.07058844166558131,1,-0.19439272302781696,0
2017-10-30,0.022427094069511766,1,0.060889684829241224,0
2017-10-31,-0.09890691321327966,1,-0.27211315485026766,0
2017-11-01,-0.0922173903300059,1,-0.25375366795852333,0
2017-11-02,0.38796489287539104,1,1.0641131646971054,-1
2017-11-03,0.007324341132930998,1,0.019439973182136267,0
2017-11-06,-0.12415535366009851,1,-0.3414078443982169,0
2017-11-07,0.09955102492279956,1,0.27255736610455855,0
2017-11-08,-0.034207855914083915,1,-0.09454570869310837,0
2017-11-09,0.11338857563861449,1,0.31053471298172813,0
2017-11-10,-0.3351561600222003,1,-0.920502438459411,0
2017-11-13,0.2241783608788992,1,0.6145987912949996,0
2017-11-14,0.3218614409067506,1,0.882691338194081,0
2017-11-15,0.09931303489415833,1,0.271904199221442,0
2017-11-16,-0.3959173050194663,1,-1.0872622305357555,1
2017-11-17,-0.21417544895487337,1,-0.5884692250671434,0
2017-11-20,-0.059501012701457606,1,-0.1639631228482663,0
2017-11-21,0.02677405471507449,1,0.07281997767429392,0
2017-11-22,-0.2418940393152541,1,-0.6645432747802362,0
2017-11-24,0.03213889913085581,1,0.08754386642487436,0
2017-11-27,0.3107024739658305,1,0.8520654010604346,0
2017-11-28,-0.06391706908672701,1,-0.1760830498943757,0
2017-11-29,0.079958246265002,1,0.2187847175588609,0
2017-11-30,-0.11769843820224518,1,-0.3236867517615557,0
2017-12-01,0.05460975424875053,1,0.14921543511250185,0
2017-12-04,-0.3261818557139913,1,-0.8958723377505763,0
2017-12-05,-0.00816989638708815,1,-0.023084173249537283,0
2017-12-06,0.2123655631302402,1,0.5821784065821223,0
2017-12-07,-0.23747152493813933,1,-0.6524056236873299,0
2017-12-08,-0.08107508008113415,1,-0.22317344534363381,0
2017-12-11,0.02156732246793921,1,0.05853002992942266,0
2017-12-12,0.06538968313448837,1,0.17880109712832312,0
2017-12-13,-0.24582587452555846,1,-0.6753342502001087,0
2017-12-14,0.06289733902753225,1,0.17196082469637,0
2017-12-15,0.024840427229598117,1,0.06751311063869651,0
2017-12-18,-0.5208617397187787,0,-1.4301739375566034,0
2017-12-19,-0.42187775108540226,1,-1.158511029227081,1
2017-12-20,-0.3842575040007564,1,-1.0552617474372377,1
2017-12-21,-0.21202938874721133,1,-0.5825793335249557,0
2017-12-22,0.01747742322243437,1,0.047305245606739564,0
2017-12-26,-0.09967600000668761,1,-0.2742239240558701,0
2017-12-27,0.11110165909765346,1,0.30425823930955204,0
2017-12-28,0.14573068102605144,1,0.39929806281595004,0
2017-12-29,0.08835960789252373,1,0.2418423692576026,0
2018-01-02,-0.8419196864098633,0,-2.311321855968483,0
2018-01-03,-0.1516702999105554,1,-0.41692299007107153,0
2018-01-04,-0.12452091478734217,1,-0.3424111319033008,0
2018-01-05,-0.011817076393490222,1,-0.033093908575624,0
2018-01-08,0.007382541437080475,1,0.019599704711540194,0
2018-01-09,0.126547750414492,1,0.3466502478292092,0
2018-01-10,-0.07322693063884478,1,-0.2016340920408094,0
2018-01-11,-0.5748975535071263,0,-1.5784759663025458,0
2018-01-12,-0.24745516071135037,1,-0.6798058483832526,0
2018-01-16,0.24958034510323923,1,0.6843148838368391,0
2018-01-17,-0.13098548410862448,1,-0.3601532306726486,0
2018-01-18,-0.08977897015529422,1,-0.2470613904948913,0
2018-01-19,-0.03742931966885979,1,-0.10338705995388656,0
2018-01-22,0.026217191124669997,1,0.07129165794702548,0
2018-01-23,0.1861473240051374,1,0.5102220913200127,0
2018-01-24,0.295069045340129,1,0.8091592427387035,0
2018-01-25,0.5029264474880765,0,1.3796267210141788,0
2018-01-26,-0.12429806010094752,1,-0.34179950417363764,0
2018-01-29,-0.12724383984788523,1,-0.3498842369107206,0
2018-01-30,0.23242951292759212,1,0.6372441907536873,0
2018-01-31,0.4135217234015406,1,1.1342542350285292,-1
2018-02-01,-0.01579538240187471,1,-0.04401242373533865,0
2018-02-02,0.5992843683854069,0,1.6440823505858515,0
2018-02-05,-0.08757470641540022,1,-0.24101175856378318,0
2018-02-06,-0.814176967182858,0,-2.2351815842514844,0
2018-02-07,0.22264169869481187,1,0.61038140094922,0
2018-02-08,-0.029148237732372184,1,-0.08065951750948427,0
2018-02-09,0.4585759112551875,0,1.257906068761761,0
2018-02-12,-0.1193792845099253,1,-0.3282998574032226,0
2018-02-13,0.20194050806432476,1,0.553566700610243,0
2018-02-14,-0.16256714678437723,1,-0.446829535101585,0
2018-02-15,0.23839788505643877,1,0.6536244695533299,0
2018-02-16,0.20322121707126767,1,0.5570816239665707,0
2018-02-20,-0.2618598599905395,1,-0.7193397422364368,0
2018-02-21,0.03842555779542295,1,0.10479768696767909,0
2018-02-22,-0.14874996365160104,1,-0.4089080873341638,0
2018-02-23,0.21220148732310717,1,0.5817280982891583,0
2018-02-26,0.0008911610544746762,1,0.0017840226183124793,0
2018-02-27,0.06570785594215944,1,0.17967432674330097,0
2018-02-28,0.05419442221680726,1,0.14807555067989905,0
2018-03-01,-0.10436441735400603,1,-0.28709134948113363,0
2018-03-02,-0.11261394893298846,1,-0.30973230153857506,0
2018-03-05,0.3710969188330642,1,1.01781877962299,-1
2018-03-06,-0.2745362681374496,1,-0.7541303174790318,0
2018-03-07,0.24978273905162224,1,0.6848703567916589,0
2018-03-08,0.2145356647689011,1,0.5881342801599475,0
2018-03-09,-0.0026282966160287025,1,-0.007875177012982279,0
2018-03-12,-0.08182425246382194,1,-0.22522955917710383,0
2018-03-13,0.03295421783544286,1,0.08978151974195732,0
2018-03-14,0.101260993999574,1,0.27725039958364645,0
2018-03-15,0.20421390374710033,1,0.5598060661025156,0
2018-03-16,-0.05085642240411142,1,-0.14023792674415242,0
2018-03-19,0.20150806519720105,1,0.5523798552568565,0
2018-03-20,0.05991996910356846,1,0.16378939228710743,0
2018-03-21,-0.33593420991064615,1,-0.922637807001727,0
2018-03-22,0.11672080420079212,1,0.3196800597688007,0
2018-03-23,-0.07103526832855467,1,-0.19561904490530885,0
2018-03-26,0.046970241734390905,1,0.12824868870710468,0
2018-03-27,0.28033834574288585,1,0.7687306365614188,0
2018-03-28,0.5352285381879396,0,1.4682802499919947,0
2018-03-29,-0.24029238063687552,1,-0.6601475006684135,0
2018-04-02,0.293974009746204,1,0.8061539025995843,0
2018-04-03,-0.12204326571652324,1,-0.33561119019867186,0
2018-04-04,-0.17781529114319922,1,-0.48867827549220233,0
2018-04-05,-0.09271963554330459,1,-0.2551320868040668,0
2018-04-06,0.1228382026229784,1,0.3364693432653155,0
2018-04-09,0.20970778051267414,1,0.5748840858989064,0
2018-04-10,-0.48357705429500264,0,-1.327845609326769,0
2018-04-11,-0.12676928119541603,1,-0.3485818042094054,0
2018-04-12,-0.17269410660341894,1,-0.47462311459823336,0
2018-04-13,-0.008215729252121745,1,-0.023209962173422926,0
2018-04-16,0.041579447534713654,1,0.11345358042030411,0
2018-04-17,-0.07061774368836393,1,-0.19447314282943304,0
2018-04-18,-0.279605374438048,1,-0.768042548934491,0
2018-04-19,0.6408173902806978,0,1.7580702962684522,0
2018-04-20,0.2001168923903801,1,0.5485617624934933,0
2018-04-23,0.11881645163235151,1,0.32543159275863975,0
2018-04-24,0.2950103213131724,1,0.8089980738449045,0
2018-04-25,-0.14297816763244245,1,-0.39306731435160613,0
2018-04-26,0.060332377822863714,1,0.1649212536482329,0
2018-04-27,0.1179423818039459,1,0.3230326961800502,0
2018-04-30,0.11221212097009708,1,0.30730591708069577,0
2018-05-01,-0.06737496139459122,1,-0.18557328254729516,0
2018-05-02,-0.351609230299092,1,-0.965658114484203,0
2018-05-03,0.10978396798092474,1,0.3006418180479643,0
2018-05-04,-0.2020427866302339,1,-0.5551709676580637,0
2018-05-07,-0.04080936257181439,1,-0.1126636338520775,0
2018-05-08,-0.30202957961368593,1,-0.8295860862186374,0
2018-05-09,-0.0934689180857119,1,-0.2571885029723911,0
2018-05-10,0.1447225841886114,1,0.3965313272810636,0
2018-05-11,0.10339060243422402,1,0.2830951390101705,0
2018-05-14,-0.37787999454778,1,-1.037758585665169,1
2018-05-15,-0.19539172050983117,1,-0.5369170258771068,0
2018-05-16,-0.451178043125155,0,-1.2389260807957305,0
2018-05-17,-0.22016805936933392,1,-0.6049160261726022,0
2018-05-18,0.12594358507256992,1,0.3449921077990436,0
2018-05-21,-0.06435448347033085,1,-0.1772835396426229,0
2018-05-22,0.2212836892398517,1,0.6066543254578504,0
2018-05-23,0.136692868406593,1,0.3744936626797501,0
2018-05-24,0.007701996495899168,1,0.020476453482300497,0
2018-05-25,0.018213392476670323,1,0.049325123273898284,0
2018-05-29,-0.2691942066455239,1,-0.7394689567740507,0
2018-05-30,0.1948216188856589,1,0.534028812058237,0
2018-05-31,0.2701476899113338,1,0.7407622424887319,0
2018-06-01,-0.18595131708070772,1,-0.511007709766815,0
2018-06-04,0.10700293080299803,1,0.2930092235409235,0
2018-06-05,-0.26265259416697345,1,-0.7215154120076349,0
2018-06-06,-0.12140128398865091,1,-0.3338492625809218,0
2018-06-07,-0.04548629096218322,1,-0.12549952767812295,0
2018-06-08,0.10586621865592474,1,0.28988950153263804,0
2018-06-11,-0.333560037651519,1,-0.9161218588196562,0
2018-06-12,0.050848618866129805,1,0.13889294770043883,0
2018-06-13,-0.00010335097721655973,1,-0.0009454292317096972,0
2018-06-14,-0.030283792691956773,1,-0.08377606360090682,0
2018-06-15,0.23069184586187802,1,0.6324751397657669,0
2018-06-18,0.029079960726500348,1,0.07914856820744255,0
2018-06-19,0.40662641980541336,1,1.1153299801606331,-1
2018-06-20,-0.24276074663270117,1,-0.6669219648469725,0
2018-06-21,0.2925170225879716,1,0.8021551814501445,0
2018-06-22,0.03878148045064746,1,0.10577452155470292,0
2018-06-25,0.5863106341013645,0,1.6084757597002124,0
2018-06-26,-0.2784409789621669,1,-0.7648468496523049,0
2018-06-27,0.03591358218520968,1,0.0979035356069886,0
2018-06-28,0.2608687407032722,1,0.7152960396926369,0
2018-06-29,0.017589489276698525,1,0.047612812422815,0
2018-07-02,0.3244037136596729,1,0.889668640476613,0
2018-07-03,0.08203951874403789,1,0.2244967982952239,0
2018-07-05,-0.162904609368609,1,-0.4477557057717159,0
2018-07-06,-0.006586653949316235,1,-0.018738942761514565,0
2018-07-09,-0.33058688997911523,1,-0.9079620144374507,0
2018-07-10,-0.08485232945556598,1,-0.23354015782624252,0
2018-07-11,0.6296324394821502,0,1.727373046082764,0
2018-07-12,0.001014744385575972,1,0.0021231987579240913,0
2018-07-13,-0.2085507852308007,1,-0.5730322586773902,0
2018-07-16,0.2965608167852458,1,0.8132534298384414,0
2018-07-17,-0.15631279701122627,1,-0.4296643867524169,0
2018-07-18,0.0211898048637357,1,0.057493927710069,0
2018-07-19,-0.14439232118387776,1,-0.39694847808234207,0
2018-07-20,0.11927092162313616,1,0.32667889185367155,0
2018-07-23,0.19640938845419834,1,0.5383864673184645,0
2018-07-24,0.14688529421052576,1,0.40246691446580307,0
2018-07-25,0.001072924220906879,1,0.002282874110375968,0
2018-07-26,-0.09476358880503497,1,-0.260741744438979,0
2018-07-27,0.08107088671823226,1,0.2218383744747198,0
2018-07-30,-0.14858173451682288,1,-0.4084463801767682,0
2018-07-31,-0.006701163168258806,1,-0.019053214876408826,0
2018-08-01,0.33738002852291404,1,0.9252823137970982,0
2018-08-02,-0.22342689213021136,1,-0.6138599371808617,0
2018-08-03,0.06333839066382335,1,0.17317129693428035,0
2018-08-06,-0.05424965357063735,1,-0.14955069601178714,0
2018-08-07,-0.11305710126364091,1,-0.310948539160843,0
2018-08-08,0.1225266581169199,1,0.3356143051146161,0
2018-08-09,0.13808548751383293,1,0.37831572483436093,0
2018-08-10,0.17151507210084294,1,0.4700636761802284,0
2018-08-13,0.15483051769578898,1,0.42427268880501606,0
2018-08-14,-0.050296116963614246,1,-0.13870016081230965,0
2018-08-15,0.5731575425325578,0,1.572376920297597,0
2018-08-16,0.128764285963133,1,0.3527335599069824,0
2018-08-17,-0.008072347259954177,1,-0.022816448338184442,0
2018-08-20,-0.18945518746147585,1,-0.5206241298686028,0
2018-08-21,-0.4128258562826324,1,-1.133667980346505,1
2018-08-22,-0.06478054104046814,1,-0.17845286046124545,0
2018-08-23,0.06763574310578306,1,0.18496543938719526,0
2018-08-24,0.05348002168616778,1,0.14611486866914974,0
2018-08-27,-0.2501093427725265,1,-0.6870902872902944,0
2018-08-28,0.10236273541638274,1,0.2802741439452313,0
2018-08-29,0.059801272650329196,1,0.16346362825051347,0
2018-08-30,0.17638356304166017,1,0.48342531604157035,0
2018-08-31,0.007946061329406999,1,0.021146292750318648,0
2018-09-04,0.2603936676115584,1,0.7139921951057907,0
2018-09-05,0.04801151105759792,1,0.13110646658211497,0
2018-09-06,0.43891981671856883,1,1.2039596489221251,-1
2018-09-07,-0.06248219709237879,1,-0.17214502411417612,0
2018-09-10,-0.07985145843522004,1,-0.2198151990291193,0
2018-09-11,0.1005824945294724,1,0.27538824852373567,0
2018-09-12,-0.2734586875291397,1,-0.7511728827862633,0
2018-09-13,0.1733228431114795,1,0.47502512840218636,0
2018-09-14,-0.06623632606079366,1,-0.18244828232678575,0
2018-09-17,0.021651858407842006,1,0.05876203997073776,0
2018-09-18,-0.1193479099946981,1,-0.3282137496177946,0
2018-09-19,-0.26727163164951495,1,-0.7341924234467071,0
2018-09-20,-0.020940239494263935,1,-0.05813255427316735,0
2018-09-21,0.06182104006639298,1,0.16900690750176076,0
2018-09-24,-0.09531162837729351,1,-0.26224584652796296,0
2018-09-25,0.037485364931728216,1,0.10221731481589605,0
2018-09-26,-0.19165581951527724,1,-0.5266637945876428,0
2018-09-27,0.11707600940500279,1,0.320654925301721,0
2018-09-28,0.20006191305182675,1,0.5484108709481469,0
2018-10-01,-0.06537321366468352,1,-0.18007945857074364,0
2018-10-02,0.11314593861586188,1,0.30986879235982295,0
2018-10-03,-0.18565311615649271,1,-0.510189293258678,0
2018-10-04,0.4695012054218855,0,1.2878906877759917,0
2018-10-05,0.40936576318000895,1,1.1228481454551453,-1
2018-10-08,0.0659848389272971,1,0.18043451032793092,0
2018-10-09,0.4487937113119501,0,1.2310586874516014,0
2018-10-10,0.10528759572712043,1,0.28830146300402976,0
2018-10-11,-0.47803920185817017,0,-1.3126468977001657,0
2018-10-12,-0.1291507989398069,1,-0.35511791217607747,0
2018-10-15,-0.051373818021309345,1,-0.1416579260800606,0
2018-10-16,0.08075830804748152,1,0.22098049804490202,0
2018-10-17,0.4300726089354693,1,1.1796783663618264,-1
2018-10-18,0.3259453922168519,1,0.8938997983268361,0
2018-10-19,0.5366036549763377,0,1.4720542767935678,0
2018-10-22,-0.1335646366973216,1,-0.367231750168021,0
2018-10-23,0.07667563437299729,1,0.2097755444005428,0
2018-10-24,1.074847819903467,0,2.949272736610157,0
2018-10-25,-0.4250892368790412,1,-1.16732499583728,1
2018-10-26,0.018570640592604715,1,0.0503055956059382,0
2018-10-29,0.483347650759106,0,1.325892446063056,0
2018-10-30,-0.4479791934785212,0,-1.230146794263521,0
2018-10-31,-0.15402783872805287,1,-0.42339328754547695,0
2018-11-01,-1.1393451545446465,0,-3.1276101143052477,0
2018-11-02,0.13079131216621415,1,0.35829676099831015,0
2018-11-05,0.3026587242985673,1,0.8299892202694484,0
2018-11-06,-0.056716080959429205,1,-0.15631983965687213,0
2018-11-07,0.12493147022782736,1,0.3422143447882537,0
2018-11-08,0.3797100818502349,1,1.0414577231275548,-1
2018-11-09,0.5448463264825187,0,1.4946764012875386,0
2018-11-12,0.49806367733381895,0,1.3662807819296614,0
2018-11-13,0.003179269723696712,1,0.008063768102778198,0
2018-11-14,-0.1966180742711522,1,-0.5402827705196598,0
2018-11-15,0.010159991112624556,1,0.02722245326930818,0
2018-11-16,0.1907226573263675,1,0.5227791560916302,0
2018-11-19,0.5416107056051697,0,1.4857961956105572,0
2018-11-20,0.18759181850349793,1,0.5141865261938596,0
2018-11-21,-0.5359606286067019,0,-1.471613044269408,0
2018-11-23,0.1456224029319575,1,0.3990008921082825,0
2018-11-26,-0.09374432459669879,1,-0.25794435990218917,0
2018-11-27,0.15538042989215117,1,0.4257819303364212,0
2018-11-28,-0.1320552045858827,1,-0.36308909312842386,0
2018-11-29,0.006537106466751319,1,0.017279396891921185,0
2018-11-30,0.34396797949431807,1,0.9433630351898553,0
2018-12-03,-0.5009902131962696,0,-1.3756362616901876,0
2018-12-04,0.6596574525143959,0,1.809777104310635,0
2018-12-06,0.1339490859155486,1,0.36696331416953243,0
2018-12-07,0.5663721921878575,0,1.5537544336295415,0
2018-12-10,0.11310412497749685,1,0.30975403425840764,0
2018-12-11,-0.07021452559544444,1,-0.19336650526788446,0
2018-12-12,-0.3854091009751107,1,-1.058422321057233,1
2018-12-13,0.24424048773909726,1,0.6696595723906555,0
2018-12-14,0.1491801261130884,1,0.40876511195597093,0
2018-12-17,-0.2981357725920952,1,-0.8188994796819257,0
2018-12-18,-0.06807304829337223,1,-0.18748919157266292,0
2018-12-19,0.42920371230255405,1,1.1772936676888948,-1
2018-12-20,0.33463586901001063,1,0.9177509305452407,0
2018-12-21,0.126396347421868,1,0.34623472024869945,0
2018-12-24,-0.3961284540788099,1,-1.0878417320121487,1
2018-12-26,-0.4617066506496088,0,-1.2678219879039714,0
2018-12-27,0.2304000041661326,1,0.6316741762469934,0
2018-12-28,0.061140124749505975,1,0.16713812611736148,0
2018-12-31,0.06779953724174387,1,0.18541497462978124,0
2019-01-02,-0.8919886429107572,0,-2.448736790725626,0
2019-01-03,0.4562682617291718,0,1.2515726931290145,0
2019-01-04,-0.4151218430645678,1,-1.1399693474188801,1
2019-01-07,-0.5550797255481179,0,-1.5240856668768565,0
2019-01-08,0.03675849031093609,1,0.10022239749440184,0
2019-01-09,-0.49242050492221395,0,-1.3521165803214321,0
2019-01-10,0.22245533180773222,1,0.6098699144829806,0
2019-01-11,-0.13283066214626288,1,-0.3652173469909678,0
2019-01-14,0.23756981918093062,1,0.6513518314516042,0
2019-01-15,0.5236913988537119,0,1.436616413561358,0
2019-01-16,0.38193452165728947,1,1.0475627285504685,-1
2019-01-17,-0.11179241839231996,1,-0.3074775997525503,0
2019-01-18,-0.265341125635322,1,-0.7288941233316675,0
2019-01-22,0.662582634546613,0,1.8178053063384267,0
2019-01-23,0.3090250401669924,1,0.847461661095879,0
2019-01-24,-0.5176012882327824,0,-1.421225583935153,0
2019-01-25,-0.5268733119912044,0,-1.4466727797401522,0
2019-01-28,0.11330111527781478,1,0.3102946768273315,0
2019-01-29,-0.19926842882038795,1,-0.5475567047679205,0
2019-01-30,-0.28133033393401474,1,-0.772776723823731,0
2019-01-31,0.20519563121038825,1,0.5625004305299947,0
2019-02-01,-0.032917143263892945,1,-0.09100333020129689,0
2019-02-04,-0.05297683764483946,1,-0.14605743532443394,0
2019-02-05,-0.022933425912511934,1,-0.06360288161297285,0
2019-02-06,-0.21908125603081485,1,-0.6019332795708475,0
2019-02-07,0.601093689650196,0,1.6490480575014983,0
2019-02-08,0.23548704920020783,1,0.6456356408014148,0
2019-02-11,-0.14446881775460907,1,-0.3971584239651967,0
2019-02-12,-0.30792511646249293,1,-0.8457664675977197,0
2019-02-13,-0.15503251072252,1,-0.4261506235520615,0
2019-02-14,-0.16445657016313503,1,-0.4520150833627314,0
2019-02-15,0.0056177298894234395,1,0.014756155322297095,0
2019-02-19,-0.024737381558751916,1,-0.0685538625152495,0
2019-02-20,-0.18575652178652008,1,-0.5104730914221863,0
2019-02-21,0.21948137935162174,1,0.6017078613609034,0
2019-02-22,0.1529767539032552,1,0.41918500876515674,0
2019-02-25,-0.10858428063363812,1,-0.29867282187000505,0
2019-02-26,0.15581753684951838,1,0.42698157634916434,0
2019-02-27,0.3236575388983415,1,0.8876207536558849,0
2019-02-28,0.2818511908544149,1,0.7728826606263645,0
2019-03-01,-0.008092368627746455,1,-0.022871397255461667,0
2019-03-04,-0.08042026629544483,1,-0.22137629996799632,0
2019-03-05,0.1230683161754064,1,0.3371008930519196,0
2019-03-06,0.12295756023670046,1,0.336796921865882,0
2019-03-07,0.15254974208526823,1,0.4180130690002814,0
2019-03-08,0.1682902374338197,1,0.461213073404761,0
2019-03-11,-0.16646421744115292,1,-0.4575250987296236,0
2019-03-12,0.17370983959608421,1,0.47608724553822557,0
2019-03-13,0.07041693191408013,1,0.19259845004585788,0
2019-03-14,0.22253304629458684,1,0.6100832029532649,0
2019-03-15,-0.005601091727230417,1,-0.016034053786154964,0
2019-03-18,-0.19796319246341873,1,-0.5439744657645498,0
2019-03-19,-0.23952072648357947,1,-0.6580296853085436,0
2019-03-20,-0.07227030099382387,1,-0.19900860891824923,0
2019-03-21,-0.35829862124776335,1,-0.9840172392796295,0
2019-03-22,0.46206742010586166,0,1.2674885624754217,0
2019-03-25,0.010971237225682252,1,0.029448929303331754,0
2019-03-26,0.1681199420192745,1,0.46074569531433174,0
2019-03-27,-0.007898393505304857,1,-0.022339029883388616,0
2019-03-28,-0.03734135867693178,1,-0.10314564981052267,0
2019-03-29,-0.0708431171102562,1,-0.19509168326306017,0
2019-04-01,-0.39622548794119805,1,-1.0881080427723713,1
2019-04-02,0.11096048929556582,1,0.30387079686019314,0
2019-04-03,-0.20883839549760055,1,-0.5738216089816467,0
2019-04-04,-0.4210506391464504,1,-1.1562410092172593,1
2019-04-05,-0.15346302324015118,1,-0.4218431437269524,0
2019-04-08,-0.15774921205784126,1,-0.43360664746063143,0
2019-04-09,0.3261220154172259,1,0.8943845431118719,0
2019-04-10,-0.15880355918652894,1,-0.43650031755134744,0
2019-04-11,0.04090916408387102,1,0.11161397833743088,0
2019-04-12,0.013248495630498625,1,0.03569889608898685,0
2019-04-15,0.011221589460578996,1,0.03013602443030982,0
2019-04-16,-0.4186351303085146,1,-1.1496116122302396,1
2019-04-17,-0.40749380593918927,1,-1.1190340953752262,1
2019-04-18,0.043679503456214006,1,0.11921721257097954,0
2019-04-22,0.03484085835116249,1,0.09495943039749827,0
2019-04-23,0.1437561874097033,1,0.39387903812618985,0
2019-04-24,0.005602949708878122,1,0.01471559091498221,0
2019-04-25,0.8437065664473169,0,2.314902410502122,0
2019-04-26,0.18304398210040404,1,0.5017049270895094,0
2019-04-29,0.008264342114129325,1,0.02201981870978796,0
2019-04-30,0.40710788200640513,1,1.1166513597451295,-1
2019-05-01,0.024159680131167205,1,0.06564479093214685,0
2019-05-02,0.07953496556526163,1,0.217623017898958,0
2019-05-03,-0.013907700413504143,1,-0.03883165474388695,0
2019-05-06,0.33919864498748004,1,0.9302735315154491,0
2019-05-07,0.10031841144538967,1,0.2746634688936859,0
2019-05-08,0.0508467489476746,1,0.1388878156837067,0
2019-05-09,0.19821623795502627,1,0.5433453904441705,0
2019-05-10,0.4371171192893192,1,1.199012121213558,-1
2019-05-13,0.8361010268607098,0,2.2940289032608074,0
2019-05-14,-0.3106386581471992,1,-0.853213819802035,0
2019-05-15,-0.171334933744341,1,-0.47089284612837745,0
2019-05-16,0.45074826964516734,0,1.236422999484613,0
2019-05-17,0.44514466867484925,1,1.2210438401101296,-1
2019-05-20,0.4429012595784083,1,1.2148867732134885,-1
2019-05-21,-0.3175007826085089,1,-0.8720470140813972,0
2019-05-22,0.7178643882045643,0,1.9695268340685321,0
2019-05-23,0.5884116013237597,0,1.6142418929286366,0
2019-05-24,0.19563180650070583,1,0.5362523830300173,0
2019-05-28,0.05690271047671974,1,0.15550848478813767,0
2019-05-29,0.027373619826181583,1,0.07446549230817628,0
2019-05-30,0.13323034811948342,1,0.3649907284746014,0
2019-05-31,0.5582040258321038,0,1.5313367895382104,0
2019-06-03,-0.21679564419691819,1,-0.5956603866850241,0
2019-06-04,-0.6954364136671587,0,-1.9092965138467208,0
2019-06-05,0.8093115804965466,0,2.2205049019318457,0
2019-06-06,-0.06918098381940421,1,-0.1905299357515852,0
2019-06-07,-0.15719538821743517,1,-0.43208667036873827,0
2019-06-10,-0.2901363658323454,1,-0.7969449986060669,0
2019-06-11,-0.3062884914781371,1,-0.8412747279817132,0
2019-06-12,0.5326188936586743,0,1.4611180449493968,0
2019-06-13,-0.45137720765419326,0,-1.2394726905650642,0
2019-06-14,0.5405951095140271,0,1.4830088782714896,0
2019-06-17,-0.12853727733599052,1,-0.3534340937573928,0
2019-06-18,-0.5440047690596544,0,-1.4936902975770545,0
2019-06-19,0.2135010465069153,1,0.5852947562132723,0
2019-06-20,-0.2507846677290085,1,-0.6889437258542315,0
2019-06-21,0.004953886148199693,1,0.012934227110400567,0
2019-06-24,0.06904029353128767,1,0.1888202472076935,0
2019-06-25,0.07429645057306461,1,0.20324584197630388,0
2019-06-26,-0.9750880532045965,0,-2.6768042569146027,0
2019-06-27,0.08931239436234562,1,0.24445730473335442,0
2019-06-28,-0.033720051160986475,1,-0.09320692188775698,0
2019-07-01,-0.10424565370837441,1,-0.2867654010341014,0
2019-07-02,0.6087961725392699,0,1.6701876269600948,0
2019-07-03,0.25321478358826327,1,0.6942896498835314,0
2019-07-05,0.04661900760171134,1,0.12728472183422243,0
2019-07-08,0.038378672558640914,1,0.10466900979516079,0
2019-07-09,0.29266724252224713,1,0.8025674621108635,0
2019-07-10,-0.010911888248848098,1,-0.03060960735323451,0
2019-07-11,0.013939295013592187,1,0.037594804428046844,0
2019-07-12,-0.6887204419143185,0,-1.890864437671319,0
2019-07-15,0.020822550312232683,1,0.05648599257898333,0
2019-07-16,-0.11989032392400834,1,-0.32970241205289447,0
2019-07-17,0.40709787360278504,1,1.1166238915447395,-1
2019-07-18,0.2242503791755841,1,0.6147964464935876,0
2019-07-19,-0.44456599562734694,0,-1.220779226157244,0
2019-07-22,-0.06207844681435018,1,-0.17103692596332912,0
2019-07-23,-0.2666347001005374,1,-0.7324443561138888,0
2019-07-24,-0.3921691622662993,1,-1.0769754015726294,1
2019-07-25,0.36832265095975886,1,1.0102047635649103,-1
2019-07-26,0.2176357401240948,1,0.596642479300638,0
2019-07-29,0.061456468772910375,1,0.16800633660894926,0
2019-07-30,-0.2959827811054467,1,-0.8129905651499199,0
2019-07-31,0.22521619403063275,1,0.6174471385504836,0
2019-08-01,0.7152273849019498,0,1.962289542498921,0
2019-08-02,0.5202574774717943,0,1.4271919694419977,0
2019-08-05,0.08249205071836019,1,0.22573877847761314,0
2019-08-06,0.5150040693809048,0,1.412773919206632,0
2019-08-07,-0.06721860082665437,1,-0.1851441488336487,0
2019-08-08,-0.019531109078894437,1,-0.05426517660794982,0
2019-08-09,0.5498655747941104,0,1.5084517968114088,0
2019-08-12,0.13069532203319245,1,0.35803331476758493,0
2019-08-13,-0.2336984697063359,1,-0.6420504220864316,0
2019-08-14,0.3814291137085246,1,1.0461756295342544,-1
2019-08-15,0.7432129757622865,0,2.039096378729762,0
2019-08-16,-0.3113676344786216,1,-0.8552145052970507,0
2019-08-19,-0.21135679328706153,1,-0.5807333861009708,0
2019-08-20,-0.09209792396412492,1,-0.25342579088617184,0
2019-08-21,-0.044085289393829885,1,-0.12165445974453237,0
2019-08-22,0.0799229812104201,1,0.21868793213505258,0
2019-08-23,0.43803436290882325,1,1.2015295088513114,-1
2019-08-26,0.18833213310017516,1,0.5162183297126796,0
2019-08-27,0.3911162964803521,1,1.0727622349201171,-1
2019-08-28,-0.39598994142550853,1,-1.0874615821439144,1
2019-08-29,-0.2304906870887422,1,-0.6332466188934519,0
2019-08-30,0.022942342509289268,1,0.06230379120740153,0
2019-09-03,0.44228130548629907,1,1.213185300742855,-1
2019-09-04,-0.2816728757048268,1,-0.7737168343907825,0
2019-09-05,-0.637587976241726,0,-1.7505306874713187,0
2019-09-06,-0.104740224591244,1,-0.28812275757499706,0
2019-09-09,-1.033814347065431,0,-2.8379793722631987,0
2019-09-10,-1.0566784394343187,0,-2.900730185955429,0
2019-09-11,-0.16861318891648125,1,-0.46342298028567186,0
2019-09-12,0.4179709400981788,1,1.1464651710019604,-1
2019-09-13,-0.27886851492870657,1,-0.7660202279500398,0
2019-09-16,0.017925069617548778,1,0.048533817250285174,0
2019-09-17,0.6468298633953153,0,1.7745716108256966,0
2019-09-18,0.17167776658579198,1,0.47051019341559797,0
2019-09-19,0.23930290465717735,1,0.6561083082046747,0
2019-09-20,0.15677980118878837,1,0.42962252396702716,0
2019-09-23,-0.024832477340987646,1,-0.06881485418803121,0
2019-09-24,0.4377784496435603,1,1.200827151400563,-1
2019-09-25,-0.27374091714661464,1,-0.7519474658249802,0
2019-09-26,0.2611415757531477,1,0.716044839212304,0
2019-09-27,-0.24864730679480487,1,-0.6830777095868301,0
2019-09-30,-0.09196207346665208,1,-0.2530529473409579,0
2019-10-01,0.08521197991410401,1,0.23320366129318593,0
2019-10-02,0.12346821600970725,1,0.3381984236073819,0
2019-10-03,0.11695120109901519,1,0.32031238720180816,0
2019-10-04,0.21060966105626877,1,0.5773593093650591,0
2019-10-07,0.08158070677697443,1,0.22323758258700965,0
2019-10-08,0.1770354784305893,1,0.48521450672772487,0
2019-10-09,-0.02466714776044454,1,-0.06836110489682416,0
2019-10-10,-0.13931314862176872,1,-0.3830086196347225,0
2019-10-11,-0.7139236838804794,0,-1.9600350793719639,0
2019-10-14,0.02161138009086433,1,0.05865094667710247,0
2019-10-15,-0.2662465485603408,1,-0.7313790689120065,0
2019-10-16,0.10089482146478737,1,0.27624543406221275,0
2019-10-17,-0.1338662846784986,1,-0.36805962717105617,0
2019-10-18,0.17544629949360574,1,0.48085298343655897,0
2019-10-21,-0.20843891867093992,1,-0.5727252393764287,0
2019-10-22,-0.6135588554212916,0,-1.6845824372865452,0
2019-10-23,0.1921504210459644,1,0.5266976731147184,0
2019-10-24,-0.04006847951910961,1,-0.11063027019792819,0
2019-10-25,-0.5357396629560227,0,-1.4710066010240588,0
2019-10-28,-0.17813394279359096,1,-0.48955281929756517,0
2019-10-29,0.21601177659633364,1,0.5921854892251348,0
2019-10-30,0.5036095205975933,0,1.3815014244899133,0
2019-10-31,0.2797620795985809,1,0.7671490662600485,0
2019-11-01,-0.7744541306662138,0,-2.1261617170568115,0
2019-11-04,-0.9656416555012608,0,-2.65087848943689,0
2019-11-05,-0.5123523493458304,0,-1.4068197994910163,0
2019-11-06,0.6213178884090464,0,1.704553647135932,0
2019-11-07,-0.28989225469840174,1,-0.7962750322658704,0
2019-11-08,-0.13476594147941715,1,-0.3705287475450715,0
2019-11-11,0.07843434004613765,1,0.21460233613380542,0
2019-11-12,0.05915729060554195,1,0.16169621073567808,0
2019-11-13,0.47704987754290074,0,1.3086081214815224,0
2019-11-14,0.21336797452125852,1,0.5849295383316754,0
2019-11-15,-0.1484208096964669,1,-0.4080047198100372,0
2019-11-18,0.2337141977471485,1,0.6407700257820184,0
2019-11-19,0.43901182701112873,1,1.2042121724263624,-1
2019-11-20,0.21934686003031817,1,0.6013386712468618,0
2019-11-21,-0.20024869011585525,1,-0.5502470452777969,0
2019-11-22,-0.13983522550059724,1,-0.3844414667570937,0
2019-11-25,-0.44698707904382357,0,-1.2274239226511843,0
2019-11-26,0.3760899283957535,1,1.0315221625422344,-1
2019-11-27,-0.09793215508808856,1,-0.2694379178663545,0
2019-11-29,0.21705280092552315,1,0.595042594710719,0
2019-12-02,-0.1790439831139446,1,-0.49205043738244636,0
2019-12-03,0.460878444374591,0,1.2642254023467008,0
2019-12-04,-0.12130450587856606,1,-0.3335836537363877,0
2019-12-05,0.02094943160543329,1,0.05683422002060681,0
2019-12-06,-0.2997829892074616,1,-0.8234202881738584,0
2019-12-09,-0.07493316803871611,1,-0.2063168838816845,0
2019-12-10,-0.0987603132909389,1,-0.2717108093617313,0
2019-12-11,-0.3672364466902875,1,-1.0085472232435106,1
2019-12-12,-0.5605710548749278,0,-1.539156695192777,0
2019-12-13,0.308407945170703,1,0.8457680354527611,0
2019-12-16,-0.0338321587833007,1,-0.09351460278791342,0
2019-12-17,-0.10256807324713556,1,-0.2821612585525844,0
2019-12-18,-0.02019899564975982,1,-0.05609820042099853,0
2019-12-19,-0.011735644778512189,1,-0.03287041839645129,0
2019-12-20,-0.09967149185790883,1,-0.27421155137999254,0
2019-12-23,-0.3492855555720331,1,-0.9592807574683858,0
2019-12-24,0.018066360411996205,1,0.04892159176482756,0
2019-12-26,0.014068239281006395,1,0.03794869373056735,0
2019-12-27,0.17597448230770185,1,0.48230258838164236,0
2019-12-30,0.028982977012804778,1,0.07888239508099155,0
2019-12-31,0.04667660649843196,1,0.12744280279272627,0
2020-01-02,-0.21983980070944203,1,-0.6040151157984923,0
2020-01-03,0.36579091724018914,1,1.0032563858033143,-1
2020-01-06,0.13669535391046825,1,0.37450048417907267,0
2020-01-07,-0.36046452490583275,1,-0.9899615914424023,0
2020-01-08,0.154223636179597,1,0.42260709419748016,0
2020-01-09,0.2655212354707983,1,0.7280648751071743,0
2020-01-10,0.194037019726425,1,0.5318754689528198,0
2020-01-13,0.026448067971918843,1,0.07192530260668736,0
2020-01-14,-0.2441339744751051,1,-0.670690807410473,0
2020-01-15,0.46849818543190686,0,1.2851378857182822,0
2020-01-16,-0.02400586126582621,1,-0.06654619508315279,0
2020-01-17,0.2505463537738439,1,0.6869661078231749,0
2020-01-21,0.5700153774610249,0,1.5637532053557217,0
2020-01-22,0.20522614149073246,1,0.5625841664109861,0
2020-01-23,-0.07531144934858501,1,-0.20735508210166445,0
2020-01-24,0.4348988432860246,1,1.1929240324342238,-1
2020-01-27,0.7447142859760738,0,2.043216745110358,0
2020-01-28,-0.07908413743278914,1,-0.21770927606096346,0
2020-01-29,0.35278476892245075,1,0.967560834159616,0
2020-01-30,0.40941618145247766,1,1.1229865190923458,-1
2020-01-31,0.4204380098141618,1,1.153236077522792,-1
2020-02-03,0.1866625714690328,1,0.5116361950198514,0
2020-02-04,-0.5210724852426531,0,-1.4307523315243915,0
2020-02-05,-0.5075690796689258,0,-1.3936920505520918,0
2020-02-06,0.20091322151773028,1,0.5507472986565664,0
2020-02-07,0.40556938030628686,1,1.1124289208224862,-1
2020-02-10,0.1526265701945702,1,0.41822392479527004,0
2020-02-11,-0.19040299168325264,1,-0.5232253914965674,0
2020-02-12,-0.4488509433677223,0,-1.2325393237372873,0
2020-02-13,0.461154395061924,0,1.264982752775911,0
2020-02-14,0.6220890796108893,0,1.7066701919192175,0
2020-02-18,0.17163577097062713,1,0.4703949358763708,0
2020-02-19,-0.4226971951487859,1,-1.1607600046477087,1
2020-02-20,-0.15704200277445624,1,-0.4316657019261611,0
2020-02-21,0.3384980256514211,1,0.9283506721813943,0
2020-02-24,0.7438700900078525,0,2.040899837748942,0
2020-02-25,0.5072229412741092,0,1.391418506874178,0
2020-02-26,0.5657782719244194,0,1.5521244113571615,0
2020-02-27,-0.4267465189846824,1,-1.171873429204706,1
2020-02-28,-1.2479077201745332,0,-3.425561557987374,0
2020-03-02,1.172408381830013,0,3.217029030907346,0
2020-03-03,0.3002934182314081,1,0.8234976054722924,0
2020-03-04,0.6485961097913,0,1.7794190981757663,0
2020-03-05,0.4110039856971417,1,1.1273442695216707,-1
2020-03-06,0.31884975425083895,1,0.8744257230454275,0
2020-03-09,1.5580688680695043,0,4.2754795011914934,0
2020-03-10,-0.3440327543010797,1,-0.9448643726586203,0
2020-03-11,0.829263369479869,0,2.2752628592178654,0
2020-03-12,1.0720634246801088,0,2.941630925901579,0
2020-03-13,0.44126574505117944,1,1.2103980812622293,-1
2020-03-16,0.2925617791388593,1,0.8022780164151608,0
2020-03-17,3.1598423994556826,0,8.671568828661705,0
2020-03-18,2.6252401049376917,0,7.2043455319090155,0
2020-03-19,-3.695933080735621,0,-10.144200585332134,0
2020-03-20,-1.6874135637264058,0,-4.631791346618686,0
2020-03-23,-2.3629458844747484,0,-6.485799024616079,0
2020-03-24,-0.8473065923797147,0,-2.326106292955437,0
2020-03-25,-0.8220107901473124,0,-2.256681618340277,0
2020-03-26,1.7109932882804983,0,4.695182660487263,0
2020-03-27,2.1092473870000124,0,5.788196472175743,0
2020-03-30,0.9754629458224817,0,2.676509592695991,0
2020-03-31,-1.367035004985979,0,-3.752508017713734,0
2020-04-01,0.19529236819749007,1,0.5353207899721585,0
2020-04-02,0.6544203234393288,0,1.7954037320564673,0
2020-04-03,-0.33953524077672437,1,-0.9325208853820756,0
2020-04-06,-0.4353111321994403,0,-1.195379127113651,0
2020-04-07,-1.1228177934746486,0,-3.082250546184411,0
2020-04-08,-0.019490450011166338,1,-0.05415358724141203,0
2020-04-09,1.0202844786794343,0,2.7995229016141288,0
2020-04-13,-0.5884791755202311,0,-1.6157509133606824,0
2020-04-14,0.1227283105472532,1,0.3361677429630237,0
2020-04-15,0.1995073750022749,1,0.5468889336995014,0
2020-04-16,0.4384105554510749,1,1.2025619744200458,-1
2020-04-17,-0.21133614057295147,1,-0.580676704445104,0
2020-04-20,-0.0828720431107075,1,-0.2281052349139919,0
2020-04-21,-0.043249986434507726,1,-0.11936195936746433,0
2020-04-22,-0.11619577740506615,1,-0.3195626786864001,0
2020-04-23,-1.0362062803127419,0,-2.8445440657198473,0
2020-04-24,-0.27065037604810926,1,-0.7434654335819515,0
2020-04-27,-0.17199551305727878,1,-0.4727058150722707,0
2020-04-28,-1.0098747552988603,0,-2.7722768357891816,0
2020-04-29,-1.5547854362526612,0,-4.267791639865435,0
2020-04-30,0.5767922629117089,0,1.5823524600065701,0
2020-05-01,0.8051481181238798,0,2.209078222602237,0
2020-05-04,0.02626822649800207,1,0.07143172522597122,0
2020-05-05,0.45132909781692354,0,1.2380170903326129,0
2020-05-06,-0.40087879646250474,1,-1.1008791115452705,1
2020-05-07,0.10040754665559637,1,0.27490810169514845,0
2020-05-08,-1.1572215124567808,0,-3.1766720226785017,0
2020-05-11,0.6562930305339797,0,1.8005434022476385,0
2020-05-12,-0.027203525238695736,1,-0.07532222751752732,0
2020-05-13,0.5890763146004375,0,1.6160662075924594,0
2020-05-14,-0.20900885002732184,1,-0.5742894237658491,0
2020-05-15,-0.026489998239028152,1,-0.07336394292445754,0
2020-05-18,-1.1847875121937732,0,-3.252327285342236,0
2020-05-19,-0.36007041161527936,1,-0.9888799421352642,0
2020-05-20,-0.44330253316524737,0,-1.2173116361787228,0
2020-05-21,0.1237425643070163,1,0.33895137625529226,0
2020-05-22,0.3313633485423405,1,0.908769453438797,0
2020-05-26,-0.7432017047732682,0,-2.040389007473681,0
2020-05-27,-0.5043909233909213,0,-1.384969557252632,0
2020-05-28,1.4048218217049013,0,3.8548908900120136,0
2020-05-29,0.1468549381268138,1,0.4023836017795743,0
2020-06-01,-0.23920217012849246,1,-0.6571554030424458,0
2020-06-02,-0.4455766992192501,0,-1.223553115965347,0
2020-06-03,-0.4734868293468514,0,-1.3001528491848564,0
2020-06-04,-0.619664545095068,0,-1.701339585963178,0
2020-06-05,-0.5661362837557171,0,-1.554430541843617,0
2020-06-08,-0.30936782022000126,1,-0.8497259877588469,0
2020-06-09,0.5387474012553645,0,1.4779378177270217,0
2020-06-10,0.49839762498189616,0,1.367197305809523,0
2020-06-11,0.592749945888436,0,1.6261485388220527,0
2020-06-12,-0.28037209106423133,1,-0.7701468131837832,0
2020-06-15,-0.182502129766773,1,-0.5015413680885928,0
2020-06-16,-0.34109249314753154,1,-0.9367947857764457,0
2020-06-17,0.35606531351942683,1,0.9765643335985011,0
2020-06-18,-0.050932886863685516,1,-0.1404477844974976,0
2020-06-19,-0.02589912525592597,1,-0.07174228395456679,0
2020-06-22,0.07472567199280417,1,0.20442384602335897,0
2020-06-23,-0.2291159747406195,1,-0.6294737020837368,0
2020-06-24,0.5059841991845786,0,1.3880187622957039,0
2020-06-25,0.2906599568387511,1,0.7970584391450738,0
2020-06-26,0.04108481287807919,1,0.11209604885144002,0
2020-06-29,-0.644068116234162,0,-1.7683155201602494,0
2020-06-30,0.21665204324342413,1,0.5939427097802615,0
2020-07-01,0.7535572580685379,0,2.067486402759874,0
2020-07-02,-0.25183705098547254,1,-0.6918320060708151,0
2020-07-06,-0.39211200590085027,1,-1.0768185351472428,1
2020-07-07,0.3679023998567536,1,1.0090513786746131,-1
2020-07-08,0.19965388218633906,1,0.5472910246665714,0
2020-07-09,0.30661707437669705,1,0.840852966106101,0
2020-07-10,-0.205166377652234,1,-0.5637437058673866,0
2020-07-13,0.05512984877584862,1,0.15064284164348188,0
2020-07-14,-0.3424921528366187,1,-0.9406361709040683,0
2020-07-15,-0.7390332538207763,0,-2.0289486369186287,0
2020-07-16,0.2146955791128154,1,0.5885731672602873,0
2020-07-17,0.4639910049667127,0,1.272767867390613,0
2020-07-20,0.2067585469261871,1,0.5667898740520216,0
2020-07-21,-0.38659153829911697,1,-1.0616675364379415,1
2020-07-22,0.22326513221584213,1,0.6120924227600353,0
2020-07-23,0.06821869016871906,1,0.1865653455609696,0
2020-07-24,0.16246218494862358,1,0.4452179037830387,0
2020-07-27,-0.4287570493416991,1,-1.177391357221276,1
2020-07-28,0.49511641039341214,0,1.3581919675697964,0
2020-07-29,-0.13666163440048062,1,-0.37573150265068,0
2020-07-30,0.08189639322816678,1,0.22410398836268294,0
2020-07-31,0.39455511702315715,1,1.082200124853426,-1
2020-08-03,-0.4774093357549901,0,-1.31091822157981,0
2020-08-04,-0.6673850991155277,0,-1.832309298047733,0
2020-08-05,-0.27694067885183304,1,-0.7607292555144286,0
2020-08-06,-0.03861563132521118,1,-0.10664290849261643,0
2020-08-07,0.3544408617724072,1,0.972106003598577,0
2020-08-10,-1.1156480210804602,0,-3.0625730079526456,0
2020-08-11,-0.3062584524730205,1,-0.841192285522019,0
2020-08-12,-0.05889695450482857,1,-0.1623052768798205,0
2020-08-13,0.20268634034002353,1,0.5556136474744758,0
2020-08-14,-0.22054438519639308,1,-0.6059488575433107,0
2020-08-17,-0.03181840804995052,1,-0.08798783640452527,0
2020-08-18,0.23346933904321593,1,0.64009800772578,0
2020-08-19,-0.1698666850177779,1,-0.46686321745088893,0
2020-08-20,0.2880585987483073,1,0.7899189763469641,0
2020-08-21,-0.11890944248265034,1,-0.32701036954415363,0
2020-08-24,-0.4024962136566079,1,-1.1053181351186658,1
2020-08-25,0.17485456029465202,1,0.47922894712543634,0
2020-08-26,0.012273743148761201,1,0.03302367459360939,0
2020-08-27,0.44457869081434653,1,1.2194905061441303,-1
2020-08-28,-0.49454480120587174,0,-1.3579467404770262,0
2020-08-31,0.42967872202280255,1,1.1785973383518893,-1
2020-09-01,-0.3434158177419504,1,-0.9431711818484516,0
2020-09-02,0.23647523975872964,1,0.6483477432820102,0
2020-09-03,0.2847677579880774,1,0.7808872189474453,0
2020-09-04,-0.24566323059618447,1,-0.6748878717152051,0
2020-09-08,0.326368675693971,1,0.8950615056092928,0
2020-09-09,0.19351766563621076,1,0.5304500945609774,0
2020-09-10,-0.06532624655885033,1,-0.17995055670749663,0
2020-09-11,-0.037286656021841086,1,-0.10299551762671741,0
2020-09-14,-0.039576097834291724,1,-0.10927892194097673,0
2020-09-15,-0.0712125759173647,1,-0.19610566800375193,0
2020-09-16,-0.22745222965785367,1,-0.6249075309873469,0
2020-09-17,-0.23118482423970965,1,-0.6351516877820156,0
2020-09-18,0.1540591522691463,1,0.42215566585938846,0
2020-09-21,0.6153512357144002,0,1.6881780873469294,0
2020-09-22,-0.14331563026002248,1,-0.39399348514070687,0
2020-09-23,0.14612668139293095,1,0.40038489122983123,0
2020-09-24,-0.16770695547396572,1,-0.4609358102289963,0
2020-09-25,0.3447898473315557,1,0.9456186626909195,0
2020-09-28,-0.3207027798867579,1,-0.8808349393315524,0
2020-09-29,0.23470648822252205,1,0.6434933805403935,0
2020-09-30,0.2313680741626803,1,0.6343310575705251,0
2020-10-01,0.1563702892015339,1,0.4284986127265395,0
2020-10-02,0.07795087008005595,1,0.21327544621060582,0
2020-10-05,-0.2711645222560325,1,-0.7448765148697379,0
2020-10-06,0.21353488259702275,1,0.5853876198245694,0
2020-10-07,-0.4393924593486537,0,-1.2065803852010188,0
2020-10-08,-0.2584196227836593,1,-0.7098979642492305,0
2020-10-09,0.10542313711783163,1,0.28867345820151585,0
2020-10-12,0.2620988402792463,1,0.7186720647746505,0
2020-10-13,-0.1290821698541152,1,-0.35492955871333653,0
2020-10-14,-0.31982651036309334,1,-0.8784300056592902,0
2020-10-15,-0.1593918492994734,1,-0.43811488779882385,0
2020-10-16,0.3633210812179648,1,0.9964778871172325,0
2020-10-19,-0.23322864406492094,1,-0.6407609791985792,0
2020-10-20,-0.004134122244434546,1,-0.012007936010652387,0
2020-10-21,0.34470470467010744,1,0.9453849874940388,0
2020-10-22,-0.2910400628850386,1,-0.7994252075062431,0
2020-10-23,-0.046095655532460034,1,-0.1271719370614982,0
2020-10-26,0.6396392027722506,0,1.7548367445645723,0
2020-10-27,0.1320540101989468,1,0.3617622529899963,0
2020-10-28,0.15386750539846283,1,0.4216296884060555,0
2020-10-29,-0.6507330509540918,0,-1.78660752450197,0
2020-10-30,0.0005966893036246645,1,0.0009758408773937619,0
2020-11-02,0.04238416579009685,1,0.11566214065980879,0
2020-11-03,0.08609194249534025,1,0.23561873061237867,0
2020-11-04,0.21827541580264542,1,0.5983980779345379,0
2020-11-05,-0.6448729650077757,0,-1.7705244386088197,0
2020-11-06,0.06260187040752399,1,0.17114990703443525,0
2020-11-09,-0.6361712950692182,0,-1.7466425866500372,0
2020-11-10,-0.018314154446510647,1,-0.050925228003100516,0
2020-11-11,0.10800939594399281,1,0.29577148086263677,0
2020-11-12,0.13537628519301537,1,0.3708802820734878,0
2020-11-13,-0.5517941748936923,0,-1.5150684282449487,0
2020-11-16,-0.693608349582419,0,-1.9042793670058058,0
2020-11-17,-0.17362782365571994,1,-0.47718571379722574,0
2020-11-18,-0.3598619283478851,1,-0.9883077569612747,0
2020-11-19,-0.37224955126935827,1,-1.0223057572095908,1
2020-11-20,0.05578844839878866,1,0.15245037730114572,0
2020-11-23,-1.0365878936466075,0,-2.845591408725182,0
2020-11-24,-0.6606879821796201,0,-1.813928969174846,0
2020-11-25,0.36597555103847745,1,1.0037631157837024,-1
2020-11-27,-0.09910542731489788,1,-0.27265797951266607,0
2020-11-30,0.2877945334334021,1,0.7891942454846648,0
2020-12-01,0.1848859320912974,1,0.5067601839894612,0
2020-12-02,-0.20047986712757376,1,-0.5508815137429441,0
2020-12-03,-0.4667445315164803,0,-1.2816485207302157,0
2020-12-04,-0.6415297287639654,0,-1.7613488810892075,0
2020-12-07,0.09412085058058385,1,0.25765417847886557,0
2020-12-08,-0.14171068052080796,1,-0.3895886786674839,0
2020-12-09,-0.1729661090158335,1,-0.47536962893302015,0
2020-12-10,-0.1582152736705808,1,-0.4348857599203902,0
2020-12-11,0.2606134924993947,1,0.7145955075119416,0
2020-12-14,0.1074259283223058,1,0.2941701460082626,0
2020-12-15,0.0024190045134770966,1,0.005977209852685872,0
2020-12-16,0.07042604919076936,1,0.19262347253621856,0
2020-12-17,0.22094482749161715,1,0.6057243147630097,0
2020-12-18,-0.07093657103770937,1,-0.19534816884297326,0
2020-12-21,-0.007385221437704037,1,-0.02093062213701795,0
2020-12-22,0.17524604902992313,1,0.48030339330476657,0
2020-12-23,-0.4058204059962831,1,-1.114441426383354,1
2020-12-24,0.20130591753293225,1,0.551825058232151,0
2020-12-28,0.24952703798118162,1,0.6841685817124977,0
2020-12-29,0.12743766853781965,1,0.34909264026960457,0
2020-12-30,-0.25662691315257025,1,-0.7049778481890883,0
2020-12-31,0.4977500053089733,0,1.3654199047746014,0
2021-01-04,-0.4005311144207889,1,-1.0999248934345385,1
2021-01-05,-0.7404096562762517,0,-2.03272619225105,0
2021-01-06,-0.18533897843426728,1,-0.5093271379908008,0
2021-01-07,-0.4418896503215359,0,-1.213433959922685,0
2021-01-08,0.3133518323005503,1,0.8593366011843541,0
2021-01-11,-0.30609879926423156,1,-0.8407541151105962,0
2021-01-12,-0.7214407961802138,0,-1.9806658967170723,0
2021-01-13,0.4247390056625599,1,1.1650402193544238,-1
2021-01-14,-0.7913241084338897,0,-2.172461601382506,0
2021-01-15,0.7541875152034848,0,2.069216152072253,0
2021-01-19,-0.28974150226954765,1,-0.79586129016651,0
2021-01-20,0.0568840943544387,1,0.15545739258635322,0
2021-01-21,-0.1781092471638898,1,-0.4894850418046567,0
2021-01-22,0.0312496623575243,1,0.08510334395884651,0
2021-01-25,0.40163515060047994,1,1.1016313736770125,-1
2021-01-26,0.20423814776221066,1,0.5598726041330132,0
2021-01-27,-0.12068019374598493,1,-0.33187022056417453,0
2021-01-28,0.11628380869023902,1,0.31848071962336055,0
2021-01-29,0.4248551949698013,1,1.1653591024945942,-1
2021-02-01,-0.07985638598734401,1,-0.21982872276320423,0
2021-02-02,0.06295724536707581,1,0.17212523846320715,0
2021-02-03,-0.5718092371314992,0,-1.5700000398418328,0
2021-02-04,-9.111369546754844e-05,1,-0.0009118438448619578,0
2021-02-05,-0.15447677877281493,1,-0.424625409628144,0
2021-02-08,-0.7110549705424272,0,-1.9521618564463301,0
2021-02-09,0.16017389905822188,1,0.43893767191262567,0
2021-02-10,-0.12222580775584715,1,-0.3361121793180214,0
2021-02-11,-0.058393308583061854,1,-0.16092301377076132,0
2021-02-12,-0.2647027861949679,1,-0.7271421920217429,0
2021-02-16,-0.28417196870658357,1,-0.7805756292566653,0
2021-02-17,0.19248917422056655,1,0.5276273858277425,0
2021-02-18,0.47999544819449935,0,1.3166922803535923,0
2021-02-19,-0.9017599227633379,0,-2.475554201697876,0
2021-02-22,-0.2878541757358949,1,-0.7906814967253847,0
2021-02-23,0.07903444236447835,1,0.21624932514027542,0
2021-02-24,-0.7171753680181097,0,-1.9689593708861142,0
2021-02-25,0.8276976585861265,0,2.2709657442918068,0
2021-02-26,-0.6827985864408757,0,-1.87461182446757,0
2021-03-01,-0.18125122113299663,1,-0.4981082322633144,0
2021-03-02,0.15170740859163018,1,0.41570127322578865,0
2021-03-03,-0.24997632328690073,1,-0.6867252134957493,0
2021-03-04,0.24831979054381292,1,0.6808552746369092,0
2021-03-05,-0.015329348919551622,1,-0.042733388479891936,0
2021-03-08,0.14824636496578314,1,0.4062023917376373,0
2021-03-09,-0.08621252744573327,1,-0.2372732397823703,0
2021-03-10,-0.1682306810967858,1,-0.4623731823517643,0
2021-03-11,-0.37521705056919585,1,-1.0304500995561658,1
2021-03-12,0.24769567861539185,1,0.6791423909277469,0
2021-03-15,-0.1550980885110445,1,-0.42633060268806466,0
2021-03-16,0.3347442157545853,1,0.9180482896650899,0
2021-03-17,-0.6907058297205326,0,-1.8963133616139156,0
2021-03-18,0.7975926494646102,0,2.1883421357046675,0
2021-03-19,-0.5204323036078347,0,-1.4289953442866061,0
2021-03-22,0.15596022817855876,1,0.42737319465002,0
2021-03-23,1.2025316957421306,0,3.2997028772422237,0
2021-03-24,0.1679361024317041,1,0.4602411450561031,0
2021-03-25,-0.34864253425429476,1,-0.9575159766820539,0
2021-03-26,-0.27946893688612773,1,-0.7676680942103304,0
2021-03-29,0.5590254416441981,0,1.5335911764500967,0
2021-03-30,-0.4961278523074231,0,-1.3622914458401791,0
2021-03-31,-0.05640096209661652,1,-0.15545499163525664,0
2021-04-01,-0.11493278860125139,1,-0.3160963886695089,0
2021-04-05,0.05478089515057394,1,0.14968513365431033,0
2021-04-06,0.003639809770476163,1,0.00932772654936815,0
2021-04-07,0.2462753447012493,1,0.6752442651071744,0
2021-04-08,0.005080546462216257,1,0.013281848071636189,0
2021-04-09,0.1573390006325817,1,0.43115725447581493,0
2021-04-12,0.24863422511646222,1,0.681718244614828,0
2021-04-13,0.39472030340458086,1,1.0826534811326949,-1
2021-04-14,-0.20285648447389704,1,-0.5574041725002098,0
2021-04-15,0.33529741012465186,1,0.9195665391670415,0
2021-04-16,0.11128861582416563,1,0.3047713445981678,0
2021-04-19,0.30647918872230256,1,0.8404745370449277,0
2021-04-20,0.8309163280372032,0,2.279799426547929,0
2021-04-21,-0.48412978926632777,0,-1.329362598002602,0
2021-04-22,0.22191515671646667,1,0.6083873965694633,0
2021-04-23,-0.10733311415094815,1,-0.29523897837486257,0
2021-04-26,-0.40571255653306904,1,-1.1141454320589887,1
2021-04-27,-0.07441638325101153,1,-0.2048985609756611,0
2021-04-28,-0.13754246449328636,1,-0.37814895286722017,0
2021-04-29,0.09996236282377868,1,0.27368628859019445,0
2021-04-30,0.6851241179191168,0,1.8796707152351853,0
2021-05-03,-0.20997706414920045,1,-0.5769467006433195,0
2021-05-04,0.20663048967144218,1,0.5664384191678833,0
2021-05-05,-0.5128525690052005,0,-1.4081926591761458,0
2021-05-06,0.048624319992556064,1,0.1327883290713874,0
2021-05-07,-0.5205426694257757,0,-1.4292982447808775,0
2021-05-10,0.45758345498791686,0,1.2551822589852604,0
2021-05-11,-0.1006276610184545,1,-0.27683577069662296,0
2021-05-12,0.46317467305597027,0,1.2705274333154024,0
2021-05-13,0.17610835637649536,1,0.48267000759135975,0
2021-05-14,-0.5580796077009647,0,-1.5323188844056699,0
2021-05-17,-0.27433777138996995,1,-0.7535855404453037,0
2021-05-18,0.27127423328073585,1,0.7438540561478544,0
2021-05-19,0.094258259178254,1,0.2580312982513453,0
2021-05-20,0.10536650849687756,1,0.28851804017810145,0
2021-05-21,0.08587412025435423,1,0.23502091449785242,0
2021-05-24,-0.2380516739220496,1,-0.6539978504950132,0
2021-05-25,-0.04811747748015982,1,-0.13272085500287303,0
2021-05-26,-0.38392030515177705,1,-1.054336300592108,1
2021-05-27,-0.188143957056952,1,-0.5170254401198758,0
2021-05-28,0.15645519030727115,1,0.42873162497047324,0
2021-06-01,-0.5771338904689995,0,-1.584613623629303,0
2021-06-02,0.19305730838702923,1,0.5291866378048908,0
2021-06-03,0.3062456471137499,1,0.8398335789114829,0
2021-06-04,-0.153339533575057,1,-0.4215042246549763,0
2021-06-07,-0.026264563547899356,1,-0.0727452343365742,0
2021-06-08,-0.16166123135735505,1,-0.4443432378427732,0
2021-06-09,0.4159757091632685,1,1.1409892324582593,-1
2021-06-10,0.3884185807317176,1,1.0653583172134378,-1
2021-06-11,-0.07831272861197947,1,-0.2155921340194521,0
2021-06-14,0.28460784544693113,1,0.780448336794827,0
2021-06-15,0.09691828282078546,1,0.26533176945817766,0
2021-06-16,0.003437981070755325,1,0.008773804927219648,0
2021-06-17,0.46935945456853667,0,1.2875016506235128,0
2021-06-18,-0.05293114500194496,1,-0.14593203124212364,0
2021-06-21,-0.12179620023831994,1,-0.3349331156203163,0
2021-06-22,-0.10330876727946386,1,-0.28419410343772955,0
2021-06-23,-0.1866428580038959,1,-0.5129056532727897,0
2021-06-24,-0.13414637290635023,1,-0.3688283331367136,0
2021-06-25,0.2542312427025183,1,0.6970793358013149,0
2021-06-28,0.1447415594145898,1,0.39658340504784867,0
2021-06-29,-0.1570078147817193,1,-0.4315718725132925,0
2021-06-30,-0.37575970466263797,1,-1.0319394211250048,1
2021-07-01,0.17834994913333413,1,0.48882208951916234,0
2021-07-02,0.1582831221654197,1,0.43374840891370364,0
2021-07-06,0.6572643234008978,0,1.8032091287829068,0
2021-07-07,0.42345874834875014,1,1.1615265356760676,-1
2021-07-08,0.03626296671393103,1,0.09886242621655308,0
2021-07-09,-0.3151332930030034,1,-0.8655494065334359,0
2021-07-12,0.03993836729882007,1,0.10894961330562043,0
2021-07-13,0.17363066589606596,1,0.4758699522374895,0
2021-07-14,0.35646548687848684,1,0.9776626148463997,0
2021-07-15,0.6135187745979009,0,1.6831488727923132,0
2021-07-16,0.8268956530398857,0,2.2687646291195827,0
2021-07-19,-0.024933787604607405,1,-0.06909290158982376,0
2021-07-20,-0.31894764721899216,1,-0.8760179537603263,0
2021-07-21,-0.7309803945926607,0,-2.006847454813501,0
2021-07-22,0.30056465947215405,1,0.8242420307610417,0
2021-07-23,0.18097717433642185,1,0.4960325449611122,0
2021-07-26,-0.36375736076192344,1,-0.9989988244097521,0
2021-07-27,0.6315839315589742,0,1.7327289427332377,0
2021-07-28,-0.3933103230467952,1,-1.0801073329160849,1
2021-07-29,-0.1918003109737118,1,-0.5270603533681997,0
2021-07-30,0.11976779265827589,1,0.32804256119387887,0
2021-08-02,0.13683946301887656,1,0.37489599359476194,0
2021-08-03,-0.1406676410557946,1,-0.38672604261411664,0
2021-08-04,0.3855142333367553,1,1.0573872961320676,-1
2021-08-05,-0.01667530921887536,1,-0.046427394899098494,0
2021-08-06,0.017210428383341997,1,0.04657247462530885,0
2021-08-09,0.16548728768848134,1,0.4535203395572652,0
2021-08-10,-0.45848728747515677,0,-1.2589864017145733,0
2021-08-11,-0.13098270047019364,1,-0.3601455909389674,0
2021-08-12,0.37004480192363615,1,1.0149312303994833,-1
2021-08-13,0.2821569368321827,1,0.773721784636997,0
2021-08-16,0.4321031614332746,1,1.1852512454171726,-1
2021-08-17,0.6771585899828189,0,1.857809215052871,0
2021-08-18,-0.14869105436194868,1,-0.40874640998436673,0
2021-08-19,0.6568769567971358,0,1.8021459958497867,0
2021-08-20,0.05319426841538938,1,0.1453306149158295,0
2021-08-23,-0.7522207089967022,0,-2.0651417877101825,0
2021-08-24,-0.54279225119848,0,-1.4903625257513686,0
2021-08-25,-0.13988811396517614,1,-0.38458661987026843,0
2021-08-26,0.3164999013809796,1,0.8679765197592588,0
2021-08-27,-0.39749380541788304,1,-1.0915889574047124,1
2021-08-30,0.27218532563773984,1,0.746354561561687,0
2021-08-31,0.1480258070519998,1,0.405597067531766,0
2021-09-01,0.46116219472027764,0,1.2650041590447587,0
2021-09-02,-0.13826040334629297,1,-0.3801193458520183,0
2021-09-03,0.11654615531755987,1,0.31920073352411776,0
2021-09-07,-0.21862098010292252,1,-0.6006700460021496,0
2021-09-08,0.7114771554206836,0,1.9519969864820343,0
2021-09-09,-0.38576253131077154,1,-1.0593923154391842,1
2021-09-10,-0.2609490667744415,1,-0.7168400578189053,0
2021-09-13,-0.5037769726823909,0,-1.3832845611502005,0
2021-09-14,0.24571872489726426,1,0.6737166144550628,0
2021-09-15,-0.34635394237909883,1,-0.9512349050321951,0
2021-09-16,-0.0919640587915206,1,-0.2530583960921671,0
2021-09-17,-0.037069082178791235,1,-0.10239838324371858,0
2021-09-20,0.41390379915629616,1,1.1353028471543098,-1
2021-09-21,0.09969353960714863,1,0.27294849960164697,0
2021-09-22,-0.33814826132610704,1,-0.9287143013420691,0
2021-09-23,-0.4269511972096106,1,-1.1724351713876935,1
2021-09-24,-0.05411578586975245,1,-0.14918329427888186,0
2021-09-27,-0.886377021164148,0,-2.433335618221096,0
2021-09-28,-0.09731682813510578,1,-0.2677491446422325,0
2021-09-29,0.4786196026751828,0,1.3129162535400631,0
2021-09-30,0.17148494549374715,1,0.469980993295706,0
2021-10-01,-0.2171836396321541,1,-0.5967252454547102,0
2021-10-04,-0.0074646542621381595,1,-0.02114862660825145,0
2021-10-05,0.038623841528975855,1,0.1053418793817768,0
2021-10-06,0.5053153147919507,0,1.3861829999472037,0
2021-10-07,-0.21983937601128523,1,-0.6040139502086022,0
2021-10-08,-0.09161743235111729,1,-0.2521070750936504,0
2021-10-11,-0.11913085754133462,1,-0.32761804619590906,0
2021-10-12,0.17549888705463437,1,0.48099731071583146,0
2021-10-13,0.20506997616347333,1,0.5621555685380454,0
2021-10-14,-0.08560881388373986,1,-0.23561633966838763,0
2021-10-15,0.04030761589937834,1,0.10996302113156495,0
2021-10-18,-0.20815036346304608,1,-0.5719332956684375,0
2021-10-19,0.41282696637196403,1,1.132347464874659,-1
2021-10-20,0.1709447908022453,1,0.46849853136961883,0
2021-10-21,0.12803707289226945,1,0.350737713704646,0
2021-10-22,0.48033166873734107,0,1.3176150422241693,0
2021-10-25,-0.3011352603578504,1,-0.8271316148099811,0
2021-10-26,0.2027198037165497,1,0.5557054881682602,0
2021-10-27,-0.06663629680103056,1,-0.18354600748455768,0
2021-10-28,-0.19993292657275696,1,-0.5493804279223351,0
2021-10-29,0.14547427308906768,1,0.39859434773190977,0
2021-11-01,-0.7709966477735476,0,-2.116672608049493,0
2021-11-02,0.061711712263014945,1,0.1687068558526303,0
2021-11-03,-0.40945965541819335,1,-1.1244293961120189,1
2021-11-04,-0.5243681688166655,0,-1.43979738009246,0
2021-11-05,-0.6627489625664974,0,-1.8195853579872119,0
2021-11-08,0.04007083976052447,1,0.10931318578554425,0
2021-11-09,-0.06953901481296085,1,-0.19151255670194875,0
2021-11-10,0.5999784706085062,0,1.645987323614404,0
2021-11-11,-0.3406579571097683,1,-0.9356021956876589,0
2021-11-12,0.036216241844582886,1,0.09873418917464676,0
2021-11-15,0.06435826551430736,1,0.17597035738678266,0
2021-11-16,-0.019667087236696523,1,-0.054638370518680444,0
2021-11-17,0.1225753468088994,1,0.33574793189454816,0
2021-11-18,-0.06870313297297678,1,-0.18921846757900007,0
2021-11-19,0.3870187483016811,1,1.061516457995921,-1
2021-11-22,-0.15487831133312535,1,-0.4257274212224328,0
2021-11-23,-0.004453403092107011,1,-0.012884206656543195,0
2021-11-24,0.19745186938562093,1,0.5412475704687657,0
2021-11-26,0.4311675869783578,1,1.18268354855134,-1
2021-11-29,0.11256064721732378,1,0.3082624521249792,0
2021-11-30,-0.0770959123469448,1,-0.21225256516568172,0
2021-12-01,0.16711175940887074,1,0.4579787243743753,0
2021-12-02,0.024793849094375986,1,0.06738527631060254,0
2021-12-03,-0.08881415630275591,1,-0.2444134457030526,0
2021-12-06,-0.1573916246171494,1,-0.4326252438471615,0
2021-12-07,-0.2556663644280839,1,-0.7023416090994241,0
2021-12-08,0.05428743001224304,1,0.14833081184439895,0
2021-12-09,0.04512409699732334,1,0.1231819192690028,0
2021-12-10,-0.12868773497134556,1,-0.35384702679197,0
2021-12-13,0.928729727242121,0,2.5482496362078444,0
2021-12-14,-0.06716773562164002,1,-0.18500454858397442,0
2021-12-15,0.19606875249330324,1,0.537451587272752,0
2021-12-16,0.5908568443595539,0,1.6209528958276687,0
2021-12-17,-0.33249258161358747,1,-0.9131922111485318,0
2021-12-20,0.15908116241748993,1,0.43593864128193455,0
2021-12-21,-0.7144485104577244,0,-1.9614754730791832,0
2021-12-22,0.050092860922242965,1,0.13681875970433893,0
2021-12-23,-0.24872508193794768,1,-0.6832911645291256,0
2021-12-27,-0.05411118660540437,1,-0.14917067153508032,0
2021-12-28,0.10006109666553911,1,0.27395726496701567,0
2021-12-29,0.016783113430224456,1,0.045399702901928705,0
2021-12-30,0.1652541230223521,1,0.4528804159474482,0
2021-12-31,-0.05560396705436045,1,-0.15326762785963194,0
2022-01-03,-0.7066150100070399,0,-1.9399763241338353,0
2022-01-04,-0.5579996538664027,0,-1.532099450015027,0
2022-01-05,0.015886753955636213,1,0.04293963208504857,0
2022-01-06,-0.02689816485067592,1,-0.07448416176322285,0
2022-01-07,0.16474824498984655,1,0.4514920267799891,0
2022-01-10,0.11053567473645942,1,0.3027048875023169,0
2022-01-11,-0.3931112796048112,1,-1.079561055471825,1
2022-01-12,0.005649922533610227,1,0.014844508473825395,0
2022-01-13,-0.32987324028636306,1,-0.906003393111535,0
2022-01-14,-0.5262004073006799,0,-1.4448259836291817,0
2022-01-18,0.24270361552552489,1,0.6654416056160866,0
2022-01-19,0.380489084927228,1,1.0435957077088533,-1
2022-01-20,0.502994185660423,0,1.3798126293530792,0
2022-01-21,0.11273483220714775,1,0.3087405052078691,0
2022-01-24,-0.3879144317608974,1,-1.0652982356065563,1
2022-01-25,-0.08454467080978245,1,-0.2326957844721252,0
2022-01-26,-0.168378970253479,1,-0.4627801639670457,0
2022-01-27,0.3646963471414226,1,1.0002523232220133,-1
2022-01-28,0.6156323851788055,0,1.6889497058907985,0
2022-01-31,-0.22060568739067055,1,-0.606117102252524,0
2022-02-01,-0.4688881130088886,0,-1.287531609404545,0
2022-02-02,0.3221885376295979,1,0.883589059616107,0
2022-02-03,0.3658881659962081,1,1.0035232863420407,-1
2022-02-04,0.33680021141076,1,0.9236909978159812,0
2022-02-07,-0.3411879586928618,1,-0.937056792269089,0
2022-02-08,-0.3862511254778588,1,-1.0607332688020092,1
2022-02-09,-0.23753966624177014,1,-0.6525926384255446,0
2022-02-10,-0.28251278134248214,1,-0.7760219668813809,0
2022-02-11,-0.04721562180156691,1,-0.13024569977905703,0
2022-02-14,-0.15368315706393743,1,-0.4224473040120362,0
2022-02-15,-0.7392384976790138,0,-2.0295119314899566,0
2022-02-16,-0.23484716244425707,1,-0.6452030249898819,0
2022-02-17,0.05819199450460477,1,0.15904694240652412,0
2022-02-18,0.08803480696648322,1,0.24095094868125966,0
2022-02-22,0.6085688868877407,0,1.6695638383861195,0
2022-02-23,-0.03750530610128733,1,-0.10359560575520103,0
2022-02-24,-0.010604941937416457,1,-0.029767189010472133,0
2022-02-25,0.1289271190677883,1,0.35318045758602856,0
2022-02-28,-0.35055570837137384,1,-0.962766709168815,0
2022-03-01,0.18848177783828446,1,0.5166290317396666,0
2022-03-02,-0.3346694068546253,1,-0.9191665377448844,0
2022-03-03,0.4763414019112073,0,1.306663700436829,0
2022-03-04,0.6902346038956692,0,1.8936965137762973,0
2022-03-07,0.691916384878045,0,1.8983121846454285,0
2022-03-08,-1.0192668341190487,0,-2.798053524350428,0
2022-03-09,0.024182126100041446,1,0.06570639420019898,0
2022-03-10,-0.19325778907790395,1,-0.5310604219255293,0
2022-03-11,0.19841015159134978,1,0.5438775890667529,0
2022-03-14,0.8729568034531647,0,2.3951800853467695,0
2022-03-15,-0.04847714304134365,1,-0.13370796204640778,0
2022-03-16,-0.33191594124344914,1,-0.9116096137792521,0
2022-03-17,-0.14687656794902904,1,-0.40376652724915085,0
2022-03-18,-0.17409966743010397,1,-0.4784806954785673,0
2022-03-21,0.0071191287684228555,1,0.018876765045778524,0
2022-03-22,0.048310433178540835,1,0.1319268624245189,0
2022-03-23,-0.12093924371397657,1,-0.3325811867383902,0
2022-03-24,-0.2927207400493468,1,-0.8040378489316163,0
2022-03-25,0.2126378667169704,1,0.5829257474939306,0
2022-03-28,0.39687620656389033,1,1.0885703867900745,-1
2022-03-29,-0.08822197659707698,1,-0.242788200415208,0
2022-03-30,0.380628701227488,1,1.0439788865512347,-1
2022-03-31,0.009749576778908087,1,0.026096065526634977,0
2022-04-01,0.53201964272687,0,1.4594733925849006,0
2022-04-04,-0.4414398925243833,0,-1.2121995935074168,0
2022-04-05,0.9665619749370454,0,2.652080756567249,0
2022-04-06,0.7861308181857289,0,2.1568849832601837,0
2022-04-07,0.06148062379097059,1,0.16807263038582762,0
2022-04-08,-0.01140543612528927,1,-0.03196415623901924,0
2022-04-11,-0.24374960787538813,1,-0.6696359080294167,0
2022-04-12,-0.5195537999936581,0,-1.4265842791224295,0
2022-04-13,-0.6076259236354615,0,-1.6682994249922132,0
2022-04-14,-0.07249074508330161,1,-0.19961362073175967,0
2022-04-18,-0.4210545221075673,1,-1.1562516660570623,1
2022-04-19,-0.24484628239579054,1,-0.6726457462246311,0
2022-04-20,0.28532563966053803,1,0.7824183328148177,0
2022-04-21,0.1460653889031689,1,0.4002166731547929,0
2022-04-22,-0.01205035727238335,1,-0.03373415113295821,0
2022-04-25,-0.16509476664299422,1,-0.45376662231562576,0
2022-04-26,0.0784113805791995,1,0.21453932356330557,0
2022-04-27,-0.136952976172669,1,-0.3765310941224252,0
2022-04-28,-0.1967691220517902,1,-0.5406973232160239,0
2022-04-29,-0.5348193620489086,0,-1.4684808226187154,0
2022-05-02,-0.8895623530466303,0,-2.442077805065021,0
2022-05-03,-0.07142924396036307,1,-0.1967003164061417,0
2022-05-04,-0.33823284262687237,1,-0.9289464358768907,0
2022-05-05,0.3512944303838741,1,0.9634705796914425,0
2022-05-06,-0.037507391931855816,1,-0.10360133034567613,0
2022-05-09,0.2835911323912905,1,0.7776579539314434,0
2022-05-10,-0.44090002987051957,0,-1.2107179330826148,0
2022-05-11,0.43074734749583543,1,1.1815301955536168,-1
2022-05-12,-0.15465024854998433,1,-0.42510149980013795,0
2022-05-13,-0.4024437455271227,1,-1.1051741356208948,1
2022-05-16,-0.036895475816281886,1,-0.1019219182113942,0
2022-05-17,-0.3995137141218891,1,-1.0971326244226463,1
2022-05-18,0.9675331304610515,0,2.65474610616302,0
2022-05-19,0.16437943491318618,1,0.45047982248887,0
2022-05-20,0.6049062390095579,0,1.6595116512747325,0
2022-05-23,0.22057786156448023,1,0.6047171717654377,0
2022-05-24,0.7515117005337734,0,2.0618723421757146,0
2022-05-25,-0.747396857876789,0,-2.051902662446823,0
2022-05-26,-0.69636264175626,0,-1.9118385594839575,0
2022-05-27,-0.009396057180202089,1,-0.026449388288211202,0
2022-05-31,-0.13023285716105992,1,-0.3580876357387057,0
2022-06-01,-0.11551978811682717,1,-0.31770741685488524,0
2022-06-02,-0.017293488767800014,1,-0.04812399711173228,0
2022-06-03,-0.08359668794408082,1,-0.2300940325534697,0
2022-06-06,-0.20622715891629095,1,-0.5666550345304752,0
2022-06-07,0.03643639871105264,1,0.09933841270069005,0
2022-06-08,-0.20035468426917646,1,-0.5505379476788288,0
2022-06-09,-0.17773514826728132,1,-0.48845832227497654,0
2022-06-10,0.3202324080029595,1,0.8782204351468466,0
2022-06-13,0.4485146318899924,0,1.230292750167494,0
2022-06-14,-0.5218854195823914,0,-1.432983440919591,0
2022-06-15,0.16961920922858753,1,0.46486045464125314,0
2022-06-16,1.1149089578934321,0,3.0592210768175203,0
2022-06-17,0.22830465601478991,1,0.6259234646357954,0
2022-06-21,0.10302375762397975,1,0.2820883284195641,0
2022-06-22,0.8736499141588061,0,2.3970823371421206,0
2022-06-23,0.9785611847049989,0,2.6850127516123456,0
2022-06-24,-0.23424188171850968,1,-0.6435418237735783,0
2022-06-27,-0.14222788821259544,1,-0.39100816223953716,0
2022-06-28,-0.1339220563417085,1,-0.3682126932622409,0
2022-06-29,0.6463079209096072,0,1.7731391325470793,0
2022-06-30,0.459167392954272,0,1.2595293983609765,0
2022-07-01,0.5873871455315113,0,1.6114302600189137,0
2022-07-05,-0.3316884429471791,1,-0.9109852415988822,0
2022-07-06,0.5194628793466673,0,1.4250111840381612,0
2022-07-07,-1.0268529845637715,0,-2.8188738178271024,0
2022-07-08,-0.0971291673155113,1,-0.2672341069605387,0
2022-07-11,0.4755052137819078,0,1.3043687706986722,0
2022-07-12,-0.6301494532924934,0,-1.7301155596717197,0
2022-07-13,-0.3311675027124272,1,-0.909555514011699,0
2022-07-14,-0.19418297296128853,1,-0.5335996017259188,0
2022-07-15,0.07011726145610098,1,0.19177600038224019,0
2022-07-18,-0.7383248019393379,0,-2.0270042810568345,0
2022-07-19,-0.34568901318803524,1,-0.9494099977883924,0
2022-07-20,-0.5246528415385661,0,-1.4405786682646313,0
2022-07-21,0.41120101643760054,1,1.1278850230791135,-1
2022-07-22,0.38805087212252126,1,1.064349135914813,-1
2022-07-25,-0.04253222663435367,1,-0.11739205779566489,0
2022-07-26,0.35556000458768533,1,0.9751775063358595,0
2022-07-27,-0.5460197063970809,0,-1.4992203206115318,0
2022-07-28,0.26254438667667057,1,0.7198948729458622,0
2022-07-29,-0.16691267134945342,1,-0.45875588660413424,0
2022-08-01,-0.30072782919418517,1,-0.8260134144182457,0
2022-08-02,0.10314471225304056,1,0.2824202900505334,0
2022-08-03,0.030540847933067106,1,0.08315799309278706,0
2022-08-04,0.1844989257641791,1,0.5056980398405091,0
2022-08-05,0.043140835334969194,1,0.1177388305572604,0
2022-08-08,-0.06519909823975302,1,-0.17960159640965367,0
2022-08-09,0.6766336567139554,0,1.8563685285290479,0
2022-08-10,-0.2966247819641793,1,-0.8147525452725772,0
2022-08-11,-0.46076757100516913,0,-1.2652446709976337,0
2022-08-12,0.08800397784267322,1,0.24086633773002294,0
2022-08-15,0.28971528827028703,1,0.79446578336044,0
2022-08-16,-0.12722821935765394,1,-0.349841366261999,0
2022-08-17,0.45536584847148026,0,1.2490960076217492,0
2022-08-18,-0.5245432146555014,0,-1.440277795787217,0
2022-08-19,0.16797995153938416,1,0.46036148953084577,0
2022-08-22,0.09253974877886706,1,0.25331482299572433,0
2022-08-23,-0.7845935658910319,0,-2.153989535474952,0
2022-08-24,-0.13476468458621715,1,-0.3705252979845225,0
2022-08-25,-0.21148928452359583,1,-0.5810970101086717,0
2022-08-26,0.2759188685277201,1,0.7566013210009509,0
2022-08-29,-0.11804551679858949,1,-0.32463931370822624,0
2022-08-30,0.2724567411605809,1,0.7470994651700259,0
2022-08-31,0.06077668999312191,1,0.1661406744661352,0
2022-09-01,0.659743495632253,0,1.8100132508224247,0
2022-09-02,-0.45460494218112013,0,-1.2483312520456318,0
2022-09-06,0.5574037168015021,0,1.529140330476322,0
2022-09-07,0.31856162128964804,1,0.873634938199278,0
2022-09-08,0.09014853664604033,1,0.2467521086476231,0
2022-09-09,-0.4729173310127381,0,-1.2985898532309648,0
2022-09-12,-0.06342099044849975,1,-0.1747215552983141,0
2022-09-13,0.2818967688527336,1,0.7730077500650712,0
2022-09-14,-0.15359943967445502,1,-0.42221754049352633,0
2022-09-15,-0.22360584356669888,1,-0.6143510718417008,0
2022-09-16,0.22244805817494634,1,0.6098499518984857,0
2022-09-19,-0.29614347672189095,1,-0.8134315964633857,0
2022-09-20,-0.1746777992588815,1,-0.4800673861764466,0
2022-09-21,-0.06280802883385184,1,-0.17303927377754838,0
2022-09-22,0.2534122523367478,1,0.6948316055599811,0
2022-09-23,0.6938669052485287,0,1.9036654144345837,0
2022-09-26,-0.19028478816035233,1,-0.5229009803140192,0
2022-09-27,-0.603162900103596,0,-1.6560505959709824,0
2022-09-28,-0.442230559291686,0,-1.2143695892460258,0
2022-09-29,0.07364233734039993,1,0.20145061927800786,0
2022-09-30,0.251693283501493,1,0.6901138721208614,0
2022-10-03,-0.20051178137953451,1,-0.550969102843207,0
2022-10-04,-0.5145269791488247,0,-1.4127881006776821,0
2022-10-05,-0.5498931759260017,0,-1.5098511106219235,0
2022-10-06,-0.7529173854897746,0,-2.0670538258578253,0
2022-10-07,-0.08563511008732605,1,-0.2356885099581777,0
2022-10-10,0.35030581739140276,1,0.9607573178351047,0
2022-10-11,0.03953576490051741,1,0.10784466552635442,0
2022-10-12,-0.5475953359719208,0,-1.5035446574932916,0
2022-10-13,0.3585162459138852,1,0.9832909510200696,0
2022-10-14,0.14475099877032394,1,0.3966093114885458,0
2022-10-17,0.39759343804424263,1,1.0905388383809642,-1
2022-10-18,0.10601319969401712,1,0.2902928929985585,0
2022-10-19,-0.5061748440157567,0,-1.3898655517651062,0
2022-10-20,-0.539517420466832,0,-1.4813747080938935,0
2022-10-21,-0.4726906485625042,0,-1.2979677201511806,0
2022-10-24,0.12751196014575195,1,0.3492965346019507,0
2022-10-25,-0.08378325038563428,1,-0.23060605572163267,0
2022-10-26,-0.07404256459620775,1,-0.20387261057344036,0
2022-10-27,0.2087657953251158,1,0.5722987946898074,0
2022-10-28,0.2566206314893571,1,0.7036370459514564,0
2022-10-31,-0.06257885292315318,1,-0.17241029736147304,0
2022-11-01,-0.29038815658686173,1,-0.7976360417697824,0
2022-11-02,0.2578705747633634,1,0.7070675323336648,0
2022-11-03,-0.4121653574530999,1,-1.1318552322904165,1
2022-11-04,-0.48381529262035916,0,-1.3284994576636107,0
2022-11-07,-0.3313481159425853,1,-0.9100512094879569,0
2022-11-08,0.12867326937492918,1,0.3524837636379185,0
2022-11-09,0.4522802308754813,0,1.2406274879985748,0
2022-11-10,0.09801576251573563,1,0.26834381746593217,0
2022-11-11,-0.9969837544156751,0,-2.7368973078518346,0
2022-11-14,-0.22926545878725335,1,-0.6298839630907752,0
2022-11-15,-0.1703826117308544,1,-0.46827918535937946,0
2022-11-16,0.7824563864814168,0,2.1468004552770887,0
2022-11-17,-0.3973267353815594,1,-1.0911304314088515,1
2022-11-18,0.3114474564529826,1,0.8541100156683982,0
2022-11-21,0.5473546381429675,0,1.501560496888073,0
2022-11-22,-0.47390817952781744,0,-1.301309250509624,0
2022-11-23,0.1519725450916465,1,0.41642894397025143,0
2022-11-25,0.24083062400577113,1,0.660301154816337,0
2022-11-28,0.07529352856596006,1,0.20598233614188657,0
2022-11-29,-0.21259670295823918,1,-0.5841363351232175,0
2022-11-30,0.18670972371801864,1,0.5117656050110088,0
2022-12-01,0.11830647007989264,1,0.3240319414246394,0
2022-12-02,-0.10817828024219914,1,-0.29755854825218025,0
2022-12-05,-0.08939124499247508,1,-0.24599727349154324,0
2022-12-06,0.32967776657246256,1,0.9041433507075675,0
2022-12-07,-0.06428710848186898,1,-0.1770986280668527,0
2022-12-08,-0.013080857084194708,1,-0.03656237193689643,0
2022-12-09,0.21632434046031174,1,0.593043325017563,0
2022-12-12,-0.13299736087531,1,-0.36567485392893845,0
2022-12-13,0.06312454041438204,1,0.17258438200478202,0
2022-12-14,-0.21305618193239523,1,-0.5853973814415047,0
2022-12-15,0.18317320210698362,1,0.5020595731619343,0
2022-12-16,-0.2816941565790208,1,-0.7737752400405766,0
2022-12-19,0.09912981548718014,1,0.2714013510573166,0
2022-12-20,-0.006374146880307116,1,-0.018155714209052154,0
2022-12-21,0.10431936757424798,1,0.28564414761830526,0
2022-12-22,0.39419326499863405,1,1.081207017031403,-1
2022-12-23,-0.0719707854992446,1,-0.1981865845537984,0
2022-12-27,0.08696523791338666,1,0.23801550181116363,0
2022-12-28,0.29477204062305884,1,0.8083441092374085,0
2022-12-29,-0.012763675617438852,1,-0.03569186307059616,0
2022-12-30,-0.36129132355584426,1,-0.9922307516264496,0
2023-01-03,0.4084693969365828,1,1.1203880560610973,-1
2023-01-04,-0.09836706098616554,1,-0.2706315230418224,0
2023-01-05,-0.6922325227873649,0,-1.9005033915812708,0
2023-01-06,-0.2247625144958747,1,-0.6175255709999834,0
2023-01-09,-0.2120516944933154,1,-0.5826405519497004,0
2023-01-10,-0.05497145710009749,1,-0.1515316956538801,0
2023-01-11,0.19510842231305126,1,0.5348159479807231,0
2023-01-12,-0.37981577384064746,1,-1.043071358365532,1
2023-01-13,-0.13821733172767078,1,-0.3800011352066107,0
2023-01-17,-0.04670319159885711,1,-0.12883932809100918,0
2023-01-18,-0.1566632412657265,1,-0.430626185793851,0
2023-01-19,0.16173331424053727,1,0.4432175081727111,0
2023-01-20,-0.09741765290298066,1,-0.26802585959432423,0
2023-01-23,-0.40240870170430754,1,-1.105077957370691,1
2023-01-24,-0.011674310822118231,1,-0.03270208651567557,0
2023-01-25,-0.11160316029589501,1,-0.3069581783227861,0
2023-01-26,-0.23727667517448883,1,-0.6518708558505167,0
2023-01-27,0.06830280678417606,1,0.18679620476061776,0
2023-01-30,0.23528348286544082,1,0.6450769502161564,0
2023-01-31,-0.16122662395943754,1,-0.44315045190506863,0
2023-02-01,-0.29975224139554985,1,-0.8233359003842365,0
2023-02-02,-0.06296185817960515,1,-0.17346146051735087,0
2023-02-03,-0.1483569521351138,1,-0.4078294618609939,0
2023-02-06,0.2489056793180458,1,0.6824632543775039,0
2023-02-07,-0.06373059411391008,1,-0.17557126678535442,0
2023-02-08,0.12837568750658968,1,0.35166704613708444,0
2023-02-09,-0.4559866119144366,0,-1.2521232634940072,0
2023-02-10,0.2542931559656966,1,0.6972492575974701,0
2023-02-13,-0.16345905098353003,1,-0.44927737835420034,0
2023-02-14,-0.48831008130382536,0,-1.3408354665771303,0
2023-02-15,0.014706204110752907,1,0.039699596916564515,0
2023-02-16,0.11656136709066811,1,0.31924248244311454,0
2023-02-17,0.5074855959037207,0,1.3921393660914272,0
2023-02-21,0.11027393605224001,1,0.30198654210970244,0
2023-02-22,-0.11366620049773436,1,-0.3126202203254401,0
2023-02-23,-0.3045792606699042,1,-0.836583720690718,0
2023-02-24,0.0026870040762213554,1,0.006712738311897672,0
2023-02-27,-0.29107130999655934,1,-0.7995109656304592,0
2023-02-28,0.015161949218244916,1,0.04095039558681009,0
2023-03-01,-0.6100082060342824,0,-1.674837631563409,0
2023-03-02,-0.06380541258876232,1,-0.17577660711115625,0
2023-03-03,0.10930070451138363,1,0.2993154948573399,0
2023-03-06,0.19731272084419146,1,0.5408656753968815,0
2023-03-07,-0.4138102532389356,1,-1.1363696712340137,1
2023-03-08,-0.11684413188957023,1,-0.3213420964217395,0
2023-03-09,-0.12118635352312024,1,-0.33325938298361696,0
2023-03-10,-0.284987510470292,1,-0.7828138947625526,0
2023-03-13,0.04252878060256532,1,0.116059037987196,0
2023-03-14,0.2520073806428266,1,0.6909759160139269,0
2023-03-15,0.6129373436611335,0,1.6815531276475097,0
2023-03-16,-0.021201061378947395,1,-0.058848383496937426,0
2023-03-17,-0.32480388018989603,1,-0.8920904651098491,0
2023-03-20,-0.034303149239140907,1,-0.09480724252486025,0
2023-03-21,-0.29919211320698175,1,-0.8217986209227334,0
2023-03-22,-0.33734975699356906,1,-0.9265227952986579,0
2023-03-23,-0.24192783409205876,1,-0.6646360250066098,0
2023-03-24,0.7420668317938852,0,2.03595077095906,0
2023-03-27,-0.018879071174282336,1,-0.052475649675830585,0
2023-03-28,-0.215798300109365,1,-0.5929231622190199,0
2023-03-29,-0.013358264320997848,1,-0.037323719886015,0
2023-03-30,-0.07634335330243877,1,-0.21018715659261017,0
2023-03-31,-0.04673907071184158,1,-0.12893779880648767,0
2023-04-03,-0.3455731548295006,1,-0.9490920229414666,0
2023-04-04,0.6152847667778873,0,1.6879956624431045,0
2023-04-05,0.678941068767478,0,1.8627012524152944,0
2023-04-06,0.48303727874914293,0,1.3250406258438996,0
2023-04-10,-0.5567326614030429,0,-1.5286221718998483,0
2023-04-11,-0.05204024007436908,1,-0.14348693050399522,0
2023-04-12,0.23982994817078518,1,0.6575547863240121,0
2023-04-13,-0.009680415320464986,1,-0.027229813086782566,0
2023-04-14,-0.30881007845505754,1,-0.848195257869565,0
2023-04-17,0.40311813955350295,1,1.105701457107283,-1
2023-04-18,-0.21576052802937593,1,-0.5928194962297507,0
2023-04-19,0.5603053854019382,0,1.5371039995695386,0
2023-04-20,-0.15086431317786872,1,-0.4147109484782877,0
2023-04-21,0.039711403616511855,1,0.10832670838056838,0
2023-04-24,-0.20268935607254265,1,-0.5569454863207252,0
2023-04-25,0.1274678567881986,1,0.3491754923349593,0
2023-04-26,-0.054554141297215863,1,-0.15038636673485065,0
2023-04-27,0.21239796419597246,1,0.5822673317494279,0
2023-04-28,-0.07640488853053296,1,-0.21035604086631532,0
2023-05-01,-0.23231826895378505,1,-0.6382624422758248,0
2023-05-02,-0.3249954037401566,1,-0.8926161041085977,0
2023-05-03,0.024888458690809745,1,0.06764493363981236,0
2023-05-04,0.36351171897305107,1,0.9970010950390304,0
2023-05-05,-0.09298521661737102,1,-0.2558609776880803,0
2023-05-08,-0.006849788191286302,1,-0.01946111828143061,0
2023-05-09,0.05050702001129917,1,0.13795542497917285,0
2023-05-10,0.38757380698118493,1,1.0630398241205785,-1
2023-05-11,0.043569997765551816,1,0.11891667270776886,0
2023-05-12,-0.07892255625153864,1,-0.21726581430279554,0
2023-05-15,-0.4902769819986597,0,-1.3462336523901224,0
2023-05-16,-0.03470592856782617,1,-0.09591267589197713,0
2023-05-17,-0.3678155082030972,1,-1.01013646547191,1
2023-05-18,-0.340589367126787,1,-0.9354139495428406,0
2023-05-19,0.13009529657559207,1,0.3563865367064662,0
2023-05-22,0.20813700295864207,1,0.5705730654545029,0
2023-05-23,-0.029781417937412624,1,-0.08239728922764647,0
2023-05-24,-0.12067533683055043,1,-0.3318568906934483,0
2023-05-25,-0.4283502522487153,1,-1.1762748970451833,1
2023-05-26,-0.41493902836147406,1,-1.1394676099700913,1
2023-05-30,0.11734738114806768,1,0.3213997087558665,0
2023-05-31,0.4687567905712023,0,1.2858476310540676,0
2023-06-01,-0.11154147030084638,1,-0.3067888692890613,0
2023-06-02,-0.2506811569677875,1,-0.6886596391567268,0
2023-06-05,0.26798855602795457,1,0.7348364700650307,0
2023-06-06,-0.2601124843772394,1,-0.7145440460071062,0
2023-06-07,-0.26347312766740705,1,-0.7237673774031215,0
2023-06-08,0.040021209819921626,1,0.10917697573591363,0
2023-06-09,0.009336543900862804,1,0.02496249115329779,0
2023-06-12,-0.5756810452922567,0,-1.5806262702046159,0
2023-06-13,-0.3505669617536105,1,-0.9627975942300171,0
2023-06-14,0.00010987829579910385,1,-0.0003602185804903678,0
2023-06-15,0.28212908690609534,1,0.773645350134588,0
2023-06-16,0.057855170992215085,1,0.15812252567778973,0
2023-06-20,-0.012241016121114778,1,-0.034257416946553376,0
2023-06-21,0.03302089740974458,1,0.08996452274406982,0
2023-06-22,-0.23427230110134306,1,-0.6436253101851102,0
2023-06-23,-0.01365740306322999,1,-0.03814471024850498,0
2023-06-26,-0.10552107189462874,1,-0.2902658036608085,0
2023-06-27,-0.5177422452127043,0,-1.4216124422911722,0
2023-06-28,-0.15886779152203773,1,-0.4366766040731782,0
2023-06-29,0.1625733056694572,1,0.4455228761186065,0
2023-06-30,-0.00381879804652141,1,-0.011142524444050068,0
2023-07-03,-0.1003188336726782,1,-0.2759881898294181,0
2023-07-05,0.46650072412023197,0,1.2796558258750974,0
2023-07-06,0.1631528261918741,1,0.44711337810514024,0
2023-07-07,-0.3986557382217347,1,-1.0947778978498885,1
2023-07-10,-0.456201525065835,0,-1.2527130955724395,0
2023-07-11,0.0009040658574140381,1,0.0018194400261814557,0
2023-07-12,0.05477598890807053,1,0.14967166840477,0
2023-07-13,0.04784674785414306,1,0.1306542717205599,0
2023-07-14,0.31937895673617056,1,0.8758781264921394,0
2023-07-17,-0.30230341517897036,1,-0.8303376316665053,0
2023-07-18,-0.21560003071358155,1,-0.5923790091551262,0
2023-07-19,0.37127152099711336,1,1.0182979776462369,-1
2023-07-20,0.6718764859202393,0,1.8433124083313879,0
2023-07-21,0.20063124726934792,1,0.5499734164818108,0
2023-07-24,0.006356057508834067,1,0.016782505554878768,0
2023-07-25,-0.3616737800362753,1,-0.9932804086590451,0
2023-07-26,0.2968825865104153,1,0.8141365312426059,0
2023-07-27,-0.9077005558993951,0,-2.49185835045306,0
2023-07-28,-0.26852618754952523,1,-0.7376355692439642,0
2023-07-31,-0.29743480616354745,1,-0.816975667747796,0
2023-08-01,0.001233695795878051,1,0.0027241138930559254,0
2023-08-02,0.5101555076873823,0,1.3994669754366038,0
2023-08-03,-0.2579522550136404,1,-0.7086152670229842,0
2023-08-04,-0.193866294998274,1,-0.5327304747325114,0
2023-08-07,-0.04375153302713797,1,-0.12073846083904426,0
2023-08-08,-0.007317571207434259,1,-0.020744955156347774,0
2023-08-09,0.21868129217965623,1,0.5995120111930712,0
2023-08-10,0.19268213649080532,1,0.5281569734131154,0
2023-08-11,0.33216209458097856,1,0.9109616228479,0
2023-08-14,-0.4021483795707132,1,-1.1043634997206087,1
2023-08-15,-0.03718588605031503,1,-0.10271895306395316,0
2023-08-16,0.3896523250558671,1,1.0687443453565841,-1
2023-08-17,0.13288718759389784,1,0.3640489197266254,0
2023-08-18,-0.16991642261389772,1,-0.4669997229625558,0
2023-08-21,-0.18341129795048716,1,-0.504036592582559,0
2023-08-22,-0.04677236988535223,1,-0.12902918884285386,0
2023-08-23,0.04728395821615439,1,0.12910968787478255,0
2023-08-24,0.5255461857134422,0,1.4417069014231074,0
2023-08-25,0.04836305207277214,1,0.13207127569819396,0
2023-08-28,-0.22808242829792572,1,-0.626637119759743,0
2023-08-29,-0.14175949262711046,1,-0.3897226441597106,0
2023-08-30,-0.12452770594276279,1,-0.34242977032207894,0
2023-08-31,-0.23149998338715183,1,-0.6360166463653467,0
2023-09-01,-0.17798534841965202,1,-0.4891450000093854,0
2023-09-05,-0.06723825413579343,1,-0.1851980876089267,0
2023-09-06,-0.02998185675415846,1,-0.08294739629699265,0
2023-09-07,0.4947973844434009,0,1.3573163964940171,0
2023-09-08,-0.14495092055840983,1,-0.398481561692849,0
2023-09-11,0.20912244344663708,1,0.5732776203289881,0
2023-09-12,0.22964438117155844,1,0.6296003586211247,0
2023-09-13,0.23257079550962637,1,0.6376319427291497,0
2023-09-14,-0.011556486795879672,1,-0.03237871686689716,0
2023-09-15,0.2730880499121021,1,0.7488321006584518,0
2023-09-18,-0.007271307851058488,1,-0.020617984743095612,0
2023-09-19,0.13686782356203298,1,0.3749738294926889,0
2023-09-20,0.20809259295813914,1,0.5704511816017495,0
2023-09-21,-0.17989446143492116,1,-0.494384586746779,0
2023-09-22,-0.14591543489395886,1,-0.401128684456221,0
2023-09-25,-0.1966893157937448,1,-0.5404782938511454,0
2023-09-26,-0.1669495624392029,1,-0.4588571347036618,0
2023-09-27,-0.49762566491309856,0,-1.366402212987556,0
2023-09-28,-0.4129547453993435,1,-1.1340217182871677,1
2023-09-29,0.0908221716546376,1,0.248600909126516,0
2023-10-02,-0.38359068652072487,1,-1.0534316577585798,1
2023-10-03,0.25429945697935474,1,0.6972665508154887,0
2023-10-04,0.31614754361134156,1,0.8670094690494019,0
2023-10-05,0.3997726094662759,1,1.0965196041030936,-1
2023-10-06,-0.0003612368055057047,1,-0.0016532004086167278,0
2023-10-09,0.04633581901293676,1,0.1265075068856798,0
2023-10-10,-0.175102051179092,1,-0.4812317513641908,0
2023-10-11,0.08625639953503335,1,0.23607008520330922,0
2023-10-12,-0.10538521767511233,1,-0.28989294990039516,0
2023-10-13,0.45446200137968185,0,1.2466153869372,0
2023-10-16,-0.0721409368270346,1,-0.19865356719616056,0
2023-10-17,-0.08929979368766841,1,-0.24574628413682723,0
2023-10-18,0.024316064564732454,1,0.06607399014533633,0
2023-10-19,-0.02419905318363147,1,-0.06707641293940755,0
2023-10-20,-0.09299203351795848,1,-0.25587968676482037,0
2023-10-23,-0.058227371600643396,1,-0.1604675974568139,0
2023-10-24,0.1983385663623205,1,0.543681122428259,0
2023-10-25,0.2435703386702025,1,0.6678203391208731,0
2023-10-26,0.4497655391323385,0,1.2337258821739732,0
2023-10-27,-0.6980895295439119,0,-1.9165780265960564,0
2023-10-30,0.26343544010803777,1,0.7223403812546736,0
2023-10-31,0.2801593975699799,1,0.768239510857524,0
2023-11-01,-0.035426275538273266,1,-0.097889677987971,0
2023-11-02,0.1573724163232555,1,0.43124896429512627,0
2023-11-03,0.048226202289385234,1,0.13169568959914463,0
2023-11-06,0.14618624201807429,1,0.4005483561787766,0
2023-11-07,0.03462056759143756,1,0.09435483939958796,0
2023-11-08,0.22053478710631286,1,0.6045989533268596,0
2023-11-09,-0.1788949235410381,1,-0.4916413413493483,0
2023-11-10,-0.28229100340875035,1,-0.7754132943141029,0
2023-11-13,-0.07304351229310671,1,-0.2011306978865412,0
2023-11-14,0.0017251462033158749,1,0.004072906246522173,0
2023-11-15,-0.17456012042713456,1,-0.47974441501593296,0
2023-11-16,0.5319137403454188,0,1.459182742053019,0
2023-11-17,-0.4063157904374975,1,-1.1158010157462352,1
2023-11-20,-0.005744418285696884,1,-0.016427415482843884,0
2023-11-21,0.34121762785755394,1,0.935814657569515,0
2023-11-22,0.015629923714037014,1,0.04223475798022505,0
2023-11-24,0.06154645383193999,1,0.16825330183211007,0
2023-11-27,0.06480826075016569,1,0.177205375455821,0
2023-11-28,0.10967057878228974,1,0.3003306198440969,0
2023-11-29,0.08412231270900898,1,0.2302130547705104,0
2023-11-30,0.19413925546234473,1,0.532156056325976,0
2023-12-01,-0.12539505399228223,1,-0.34481021888673646,0
2023-12-04,0.1025012634485555,1,0.28065433602098816,0
2023-12-05,0.19454567161126535,1,0.5332714709958859,0
2023-12-06,-0.03456940504662051,1,-0.09553798522393901,0
2023-12-07,-0.32209002506315026,1,-0.8846422526595767,0
2023-12-08,-0.2455842383063647,1,-0.6746710762972358,0
2023-12-11,-0.20216781289923497,1,-0.5555141039604431,0
2023-12-12,0.20362536151122895,1,0.5581908039002238,0
2023-12-13,0.38651642121790875,1,1.0601378144557447,-1
2023-12-14,-1.004259855042687,0,-2.7568666653703886,0
2023-12-15,-0.25927067552338157,1,-0.7122336901136537,0
2023-12-18,0.1269885679984625,1,0.3478600777073299,0
2023-12-19,-0.20706359552648343,1,-0.5689506462278356,0
2023-12-20,0.05859571997970214,1,0.16015497248538768,0
2023-12-21,-0.16745306509608798,1,-0.4602390046202972,0
2023-12-22,0.07112777670626018,1,0.19454937328385527,0
2023-12-26,-0.1050018566736449,1,-0.28884081039746506,0
2023-12-27,0.12762178976089722,1,0.3495979634803281,0
2023-12-28,0.257547342502061,1,0.7061804169791142,0
2023-12-29,0.03075485105791692,1,0.08374532759093137,0
2024-01-02,0.48264663407333097,0,1.3239684961972797,0
2024-01-03,0.06954341687605803,1,0.19020107609705092,0
2024-01-04,0.36272461555591196,1,0.9948408789635993,0
2024-01-05,-0.06747586932820818,1,-0.18585022574890162,0
2024-01-08,0.03567885513410185,1,0.09725932401026513,0
2024-01-09,-0.08834010552669844,1,-0.2431124068754839,0
2024-01-10,0.12540295588804903,1,0.34350834362038696,0
2024-01-11,-0.29636598595485036,1,-0.8140422760913789,0
2024-01-12,0.3273161589702642,1,0.8976618863979955,0
2024-01-16,-0.10003107815611045,1,-0.27519844088519035,0
2024-01-17,0.05539049344798125,1,0.15135818450498656,0
2024-01-18,-0.4659079742679708,0,-1.2793525779393469,0
2024-01-19,0.07720608319109945,1,0.21123136842456078,0
2024-01-22,-0.013079572322953065,1,-0.036558845892126636,0
2024-01-23,-0.04549896258155112,1,-0.12553430511049615,0
2024-01-24,-0.17665484872184234,1,-0.48549342542213286,0
2024-01-25,-0.12230198704722778,1,-0.3363212544233659,0
2024-01-26,0.249003462240361,1,0.6827316209429238,0
2024-01-29,-0.09937308102049774,1,-0.27339255876222274,0
2024-01-30,0.05202535761576845,1,0.14212252326598732,0
2024-01-31,0.18890449595914727,1,0.5177891873941586,0
2024-02-01,-0.17582340351359405,1,-0.4832115126955607,0
2024-02-02,-0.28674128876311894,1,-0.7876271632332666,0
2024-02-05,-0.23328542132495683,1,-0.6409168051639832,0
2024-02-06,-0.0036890984672086624,1,-0.010786562177711007,0
2024-02-07,-0.0818461139396357,1,-0.2252895582959708,0
2024-02-08,-0.268951603710336,1,-0.7388031297059323,0
2024-02-09,0.09004215502688656,1,0.24646014284132325,0
2024-02-12,-0.18045893282557773,1,-0.495933786185716,0
2024-02-13,0.15373777327486904,1,0.42127363682149277,0
2024-02-14,0.0677320658211562,1,0.18522979839472511,0
2024-02-15,0.1619971638777174,1,0.44394164710454914,0
2024-02-16,-0.02161875990094958,1,-0.059994762793818934,0
2024-02-20,0.019696642072855403,1,0.05339592204288585,0
2024-02-21,0.06993962429851953,1,0.19128847277780403,0
2024-02-22,-0.3539902707838179,1,-0.972192912605208,0
2024-02-23,0.23239596829648068,1,0.6371521270555843,0
2024-02-26,-0.4382355129774538,0,-1.2034051300883404,0
2024-02-27,0.05086687259888327,1,0.13894304531921678,0
2024-02-28,0.19935158145334117,1,0.5464613561772511,0
2024-02-29,-0.4044886027857968,1,-1.1107862742877623,1
2024-03-01,-0.43500184455052776,0,-1.1945302829382036,0
2024-03-04,0.4788059236016875,0,1.3134276138668772,0
2024-03-05,0.026422171507547942,1,0.07185422940663168,0
2024-03-06,-0.01578668013889356,1,-0.04398854025576638,0
2024-03-07,-0.23190946626922046,1,-0.6371404777262544,0
2024-03-08,0.4034354535639381,1,1.1065723297415209,-1
2024-03-11,-0.01858425459595455,1,-0.05166652155119086,0
2024-03-12,-0.2600092847211062,1,-0.7142608131417627,0
2024-03-13,-0.07528306913274664,1,-0.2072771922117932,0
2024-03-14,-0.010162745991307176,1,-0.028553576198641413,0
2024-03-15,0.07517116617667227,1,0.20564651089375288,0
2024-03-18,-0.0630944579447611,1,-0.17382538238333567,0
2024-03-19,-0.09010471529804409,1,-0.24795540248688538,0
2024-03-20,-0.3304919411226689,1,-0.9077014260045041,0
2024-03-21,-0.3274285840276372,1,-0.8992940006301787,0
2024-03-22,-0.12788049675678667,1,-0.35163155049010014,0
2024-03-25,0.03798464945497179,1,0.10358760800715802,0
2024-03-26,0.03137345871493834,1,0.0854431047520821,0
2024-03-27,0.19013499381652266,1,0.5211663055649162,0
2024-03-28,0.09849748954584718,1,0.26966592387756366,0
2024-04-01,-0.42872185246912314,1,-1.1772947589239138,1
2024-04-02,0.10678276853610735,1,0.2924049851933513,0
2024-04-03,-0.30185588136173747,1,-0.8291093689944927,0
2024-04-04,0.12232571612878107,1,0.3350628170845116,0
2024-04-05,-0.08514936473101542,1,-0.23435537519542668,0
2024-04-08,0.31432989987611115,1,0.8620209209999941,0
2024-04-09,0.015976672006113635,1,0.04318641340232295,0
2024-04-10,-0.27300612859580675,1,-0.7499308286145011,0
2024-04-11,-0.713074611722088,0,-1.9577047892400457,0
2024-04-12,0.42216848568461407,1,1.157985392177128,-1
2024-04-15,-0.04690791778186032,1,-0.12940120189558832,0
2024-04-16,-0.21965068361640094,1,-0.6034960813544404,0
2024-04-17,0.34644894168300966,1,0.950172069791723,0
2024-04-18,0.34326219693204213,1,0.9414260053109493,0
2024-04-19,0.6206508751790967,0,1.7027230202189505,0
2024-04-22,0.046000495974823974,1,0.1255872082290858,0
2024-04-23,-0.16932729748096753,1,-0.4653828609913272,0
2024-04-24,-0.04011612736363899,1,-0.11076104035782171,0
2024-04-25,-0.29973124946487967,1,-0.8232782877438889,0
2024-04-26,-0.3242240627289792,1,-0.890499148171548,0
2024-04-29,-0.06641301350000983,1,-0.18293320341620098,0
2024-04-30,0.4820874280842779,0,1.3224337477249373,0
2024-05-01,0.8153392087103644,0,2.2370478098657727,0
2024-05-02,-0.26145080460150216,1,-0.7182170841359905,0
2024-05-03,-0.03581223757147628,1,-0.09894895605801385,0
2024-05-06,-0.0398325805786674,1,-0.10998284233492557,0
2024-05-07,0.3839747658630057,1,1.0531622066305066,-1
2024-05-08,-0.03503109573783131,1,-0.09680510162988168,0
2024-05-09,0.05304943885602881,1,0.14493312821266477,0
2024-05-10,0.046576102055686255,1,0.1271669669773252,0
2024-05-13,-0.07109646623300613,1,-0.19578700338967073,0
2024-05-14,0.00472006150596796,1,0.01229249218715901,0
2024-05-15,0.0518063632959887,1,0.1415214903652081,0
2024-05-16,0.24796777726017327,1,0.6798891693735785,0
2024-05-17,0.10593650672907154,1,0.29008240810910124,0
2024-05-20,-0.4645453431466682,0,-1.2756128182215962,0
2024-05-21,0.1964915395734992,1,0.5386119321870754,0
2024-05-22,0.053844087759533685,1,0.14711405297845268,0
2024-05-23,-0.37243805785738615,1,-1.0228231161142982,1
2024-05-24,-0.2835172509519407,1,-0.778778747439546,0
2024-05-28,-0.4547254588962051,0,-1.248662011815715,0
2024-05-29,0.06621189948886441,1,0.18105768113943235,0
2024-05-30,0.10530321497791838,1,0.2883443302511096,0
2024-05-31,0.13922720378149944,1,0.3814491807199407,0
2024-06-03,0.11707859817871616,1,0.3206620302265244,0
2024-06-04,0.49015649854396554,0,1.344579421776462,0
2024-06-05,-0.5079293076241029,0,-1.39468070109362,0
2024-06-06,0.10123603887190868,1,0.2771819098950322,0
2024-06-07,0.048576900530331965,1,0.13265818570984908,0
2024-06-10,-0.31419185100864244,1,-0.8629656061254838,0
2024-06-11,-0.10657978046934241,1,-0.29317144379969395,0
2024-06-12,-0.21751464324919673,1,-0.5976336894011999,0
2024-06-13,-0.04682547084348537,1,-0.12917492514748957,0
2024-06-14,0.47138137749322073,0,1.2930508456975998,0
2024-06-17,-0.4132776433198353,1,-1.1349079160387987,1
2024-06-18,0.04405210608484414,1,0.12023982557276311,0
2024-06-20,0.4271723403554236,1,1.171718539643687,-1
2024-06-21,0.04354829400065105,1,0.11885710642865598,0
2024-06-24,0.13860872921764306,1,0.37975176883479866,0
2024-06-25,-0.21667076385363446,1,-0.5953176508777683,0
2024-06-26,0.007802204353889425,1,0.02075147531679066,0
2024-06-27,0.18498938521182423,1,0.5070441124912938,0
2024-06-28,-0.04191333400391825,1,-0.1156934985210884,0
2024-07-01,0.16902343207383935,1,0.4632253361053185,0
2024-07-02,0.021238804127786337,1,0.05762840685929085,0
2024-07-03,-0.23546224622656914,1,-0.6468911308287779,0
2024-07-05,0.24151582206102645,1,0.6621816902346646,0
2024-07-08,-0.2627126993346306,1,-0.7216803714609447,0
2024-07-09,0.18745622394518077,1,0.513814385077153,0
2024-07-10,-0.11924528625953412,1,-0.3279320973754148,0
2024-07-11,0.4570323673562953,0,1.2536697914557366,0
2024-07-12,-0.07001494458067287,1,-0.19281875244776905,0
2024-07-15,-0.005060528750313282,1,-0.014550471315170795,0
2024-07-16,-0.3080922415036498,1,-0.8462251445550963,0
2024-07-17,0.9944373833933414,0,2.7285851956857723,0
2024-07-18,-0.11865271251311466,1,-0.3263057706373776,0
2024-07-19,0.14542601085273849,1,0.3984618913653327,0
2024-07-22,-0.06888551781251451,1,-0.18971902526138998,0
2024-07-23,0.34937140284270696,1,0.9581928043477331,0
2024-07-24,0.8278720054724074,0,2.271444241701733,0
2024-07-25,0.029182411178768415,1,0.0794297448725485,0
2024-07-26,-0.11812874688159203,1,-0.32486773980744843,0
2024-07-29,0.057054457216521665,1,0.1559249557874707,0
2024-07-30,0.4436008395780216,1,1.2168067800744773,-1
2024-07-31,-0.7457797823232022,0,-2.0474645765104893,0
2024-08-01,1.4612714378769802,0,4.009817632358112,0
2024-08-02,1.153241314914776,0,3.164424754051765,0
2024-08-05,-0.3375750529869439,1,-0.9271411232286617,0
2024-08-06,0.07069394852922711,1,0.19335872592850756,0
2024-08-07,0.41660612972736255,1,1.1427194303041641,-1
2024-08-08,-0.7526971821349905,0,-2.0664494747439686,0
2024-08-09,0.15812174162306997,1,0.4333054978117384,0
2024-08-12,-0.02395203985551908,1,-0.06639848148768851,0
2024-08-13,-0.25298285327027314,1,-0.6949766760862097,0
2024-08-14,0.3651499401525938,1,1.0014972154345216,-1
2024-08-15,-0.8698875662779718,0,-2.3880800841393284,0
2024-08-16,0.18578864279865343,1,0.5092376858513922,0
2024-08-19,-0.18584267413899674,1,-0.5107095377298809,0
2024-08-20,0.27573047880242396,1,0.7560842828276065,0
2024-08-21,-0.3823570269852475,1,-1.0500458623191016,1
2024-08-22,0.5209952103360731,0,1.4292166873609993,0
2024-08-23,-0.46254582230622304,0,-1.2701251059735805,0
2024-08-26,0.2518662363717164,1,0.6905885436346842,0
2024-08-27,0.144238195530364,1,0.3952019159946714,0
2024-08-28,0.39232435780495944,1,1.0760777757203448,-1
2024-08-29,0.15115506235676196,1,0.4141853514424694,0
2024-08-30,-0.07514992811250343,1,-0.20691178486383113,0
2024-09-03,1.1681065790813074,0,3.205222674526803,0
2024-09-04,0.22688400136542894,1,0.6220244585530367,0
2024-09-05,0.007680156082215006,1,0.020416512168735784,0
2024-09-06,0.2618307369935202,1,0.7179362516462988,0
2024-09-09,0.17166567722289128,1,0.4704770139940491,0
2024-09-10,0.34530770459007765,1,0.9470399290077447,0
2024-09-11,-0.5358280026453356,0,-1.4712490505075662,0
2024-09-12,-0.22428666739258946,1,-0.6162196021278111,0
2024-09-13,-0.284929629227581,1,-0.782655038901623,0
2024-09-16,0.22920860411543842,1,0.6284043625405129,0
2024-09-17,-0.5018531192904805,0,-1.3780045192478503,0
2024-09-18,-0.12173144602145318,1,-0.3347553967879728,0
2024-09-19,-0.6087327428581188,0,-1.6713371054612818,0
2024-09-20,0.23439590064185656,1,0.642640968684501,0
2024-09-23,-0.05378203269644519,1,-0.14826730413768152,0
2024-09-24,-0.42490743659765473,1,-1.1668260424827177,1
2024-09-25,0.015127474153549647,1,0.04085577830103214,0
2024-09-26,-0.6112260519308128,0,-1.678180026254878,0
2024-09-27,-0.10851882252006537,1,-0.29849317118354096,0
2024-09-30,0.427495558747327,1,1.1726056169334829,-1
2024-10-01,0.06651567552034371,1,0.18189139860557857,0
2024-10-02,-0.04898610133976496,1,-0.13510480504573058,0
2024-10-03,-0.11746135845647387,1,-0.32303608316220467,0
2024-10-04,-0.2726061576739003,1,-0.7488331029581345,0
2024-10-07,-0.4700095347488542,0,-1.2906093666817486,0
2024-10-08,0.4267903962013533,1,1.170670288697784,-1
2024-10-09,-0.08827168787448164,1,-0.2429246336948018,0
2024-10-10,-0.1299615335873543,1,-0.3573429844860245,0
2024-10-11,0.09290939557123745,1,0.2543293236645341,0
2024-10-14,0.1062262369880973,1,0.2908775767609681,0
2024-10-15,0.7925136570241336,0,2.1744027716033276,0
2024-10-16,-0.02311014686175783,1,-0.06408789467112219,0
2024-10-17,-0.07908913137707663,1,-0.21772298200924767,0
2024-10-18,0.13700350060351582,1,0.37534619698557,0
2024-10-21,-0.08824263824752543,1,-0.2428449065969775,0
2024-10-22,0.05374121939569537,1,0.14683172934933605,0
2024-10-23,0.41837440231296086,1,1.147572478559294,-1
2024-10-24,-0.07605018844484071,1,-0.20938256163806573,0
2024-10-25,-0.46875715804979456,0,-1.2871722017312555,0
2024-10-28,0.08498449606466035,1,0.2325793287623283,0
2024-10-29,-0.2319541049837431,1,-0.6372629892877578,0
2024-10-30,0.3291538814474609,1,0.9027055408288843,0
2024-10-31,0.0943852630902311,1,0.25837986222187503,0
2024-11-01,-0.30633523682359715,1,-0.8414030212205883,0
2024-11-04,-0.14724069765053144,1,-0.4047658861867432,0
2024-11-05,0.07578063396169865,1,0.2073192035514176,0
2024-11-06,-0.4216227826600609,1,-1.1578112649023984,1
2024-11-07,-0.33416131711121927,1,-0.9177720785066603,0
2024-11-08,0.43193310636132237,1,1.1847845269502715,-1
2024-11-11,0.16101891216721526,1,0.44125682192804855,0
2024-11-12,0.22887738343957417,1,0.6274953228731236,0
2024-11-13,0.139995400774512,1,0.3835575078562086,0
2024-11-14,-0.3037696100225851,1,-0.8343616234341985,0
2024-11-15,0.482569830438352,0,1.323757707572405,0
2024-11-18,-0.1210144924699392,1,-0.33278770797657453,0
2024-11-19,-0.04997568791383711,1,-0.13782073891006505,0
2024-11-20,0.006051108084793755,1,0.01594556769682735,0
2024-11-21,0.0027974856422851024,1,0.007015956478472518,0
2024-11-22,-0.0633658442837497,1,-0.17457020589619304,0
2024-11-25,-0.1286015219622253,1,-0.3536104140112889,0
2024-11-26,0.48211145078032347,0,1.3224996783422398,0
2024-11-27,0.22763243784546072,1,0.6240785526916193,0
2024-11-29,-0.3968862693295634,1,-1.0899215663150346,1
2024-12-02,-0.6085542322467181,0,-1.6708471806509124,0
2024-12-03,-0.09149765620515346,1,-0.2517783478256318,0
2024-12-04,0.028164208885643943,1,0.07663527477655649,0
2024-12-05,0.17368742393282133,1,0.4760257254443376,0
2024-12-06,-0.21718081159787064,1,-0.5967174838760053,0
2024-12-09,-0.1854956534666193,1,-0.5097571347563283,0
2024-12-10,0.10462769506555142,1,0.28649035662808436,0
2024-12-11,-0.31592304818933536,1,-0.867716900425624,0
2024-12-12,0.15591738250750176,1,0.42725560412079017,0
2024-12-13,-0.051138483928473116,1,-0.14101204844902498,0
2024-12-16,0.011043557024495693,1,0.029647411978628198,0
2024-12-17,0.0790683681583419,1,0.21634243494475597,0
2024-12-18,-0.016417245556088922,1,-0.04571913565298549,0
2024-12-19,0.2476313080003206,1,0.6789657248957689,0
2024-12-20,0.08358197246764143,1,0.2287300836002833,0
2024-12-23,-0.0960365184984216,1,-0.2642353173630329,0
2024-12-24,-0.023697445223120284,1,-0.06569974304284046,0
2024-12-26,0.013128663893378429,1,0.03537001625028056,0
2024-12-27,0.03479291659031519,1,0.09482785358025711,0
2024-12-30,0.07918176272831245,1,0.21665364789032715,0
2024-12-31,0.020015051734259184,1,0.054269801706167096,0
2025-01-02,-0.1684904992646965,1,-0.4630862568611468,0
2025-01-03,-0.10520056438402453,1,-0.2893861664217527,0
2025-01-06,-0.6980795554917153,0,-1.9165506526736173,0
2025-01-07,0.15467749464070427,1,0.4238527149409626,0
2025-01-08,0.41669317995538696,1,1.142958340843559,-1
2025-01-10,-0.4258331655433095,1,-1.1693667182139502,1
2025-01-13,0.03716282133814569,1,0.10133208951930561,0
2025-01-14,-0.02352863151405249,1,-0.0652364315133252,0
2025-01-15,0.08694806948579903,1,0.23796838282723207,0
2025-01-16,0.43155897369683593,1,1.1837577147441891,-1
2025-01-17,-0.3620725813939317,1,-0.9943749244303581,0
2025-01-21,-0.0628671843585007,1,-0.17320162692265542,0
2025-01-22,-0.3606169887452693,1,-0.9903800305314738,0
2025-01-23,-0.15461781579591205,1,-0.4250124876637505,0
2025-01-24,0.494082563911228,0,1.3553545617833247,0
2025-01-27,1.4967025981289162,0,4.107058935445838,0
2025-01-28,-0.20637294376737153,1,-0.567055143044809,0
2025-01-29,-0.4643798948569977,0,-1.2751587431315683,0
2025-01-30,0.07345551386922178,1,0.20093787971047583,0
2025-01-31,0.40259392331350563,1,1.1042627384789732,-1
2025-02-03,0.4661390873386587,0,1.278663308790289,0
2025-02-04,-0.43707141909895053,0,-1.2002102585442758,0
2025-02-05,0.2231783553176365,1,0.6118542623780601,0
2025-02-06,0.2023528710516626,1,0.554698436459387,0
2025-02-07,0.1463801625462165,1,0.40108057371604955,0
2025-02-10,-0.3967644498764484,1,-1.0895872311626402,1
2025-02-11,0.09704115749569135,1,0.265669000681185,0
2025-02-12,-0.015079246870025154,1,-0.042046979990078615,0
2025-02-13,-0.33708025101706296,1,-0.9257831324663082,0
2025-02-14,-0.3564275943795093,1,-0.9788821804927463,0
2025-02-18,-0.2329751035047622,1,-0.6400651336693862,0
2025-02-19,-0.04851553802888067,1,-0.13381333761394745,0
2025-02-20,0.03238068940246011,1,0.08820746312669145,0
2025-02-21,0.7915511637252142,0,2.171761195602581,0
2025-02-24,0.3990886671972185,1,1.0946425152071328,-1
2025-02-25,0.39058077394890267,1,1.071292486020541,-1
2025-02-26,-0.18908271960877537,1,-0.5196018867611985,0
2025-02-27,0.708786666614723,0,1.9446129032182002,0
2025-02-28,0.14866694103304767,1,0.40735666849678126,0
2025-03-03,1.170889061608299,0,3.212859235814087,0
2025-03-04,-0.28050923101295333,1,-0.7705231956455566,0
2025-03-05,-0.3398536008027558,1,-0.9333946288203996,0
2025-03-06,0.06246132685385963,1,0.1707641833324248,0
2025-03-07,-0.19361599617719588,1,-0.5320435262004879,0
2025-03-10,0.3972562510239015,1,1.0896134239996937,-1
2025-03-11,-0.10870050513315488,1,-0.2989918015958556,0
2025-03-12,-0.2141914804725178,1,-0.5885132237862125,0
2025-03-13,0.34876346290563587,1,0.9565243048896429,0
2025-03-14,-0.14472583502324943,1,-0.3978638113682883,0
2025-03-17,-0.15998282120949736,1,-0.4397368182750022,0
2025-03-18,0.23868235300967633,1,0.6544051957351095,0
2025-03-19,-0.3775180950720622,1,-1.036765347612694,1
2025-03-20,0.1382752587145707,1,0.3788365544859176,0
2025-03-21,0.020622611172472605,1,0.05593725687994715,0
2025-03-24,-0.5313850255245048,0,-1.4590552391351335,0
2025-03-25,-0.11041816510856624,1,-0.30370594285126384,0
2025-03-26,0.39842014425598954,1,1.0928077448669322,-1
2025-03-27,0.36621058327112926,1,1.0044081649553402,-1
2025-03-28,0.6511345798936045,0,1.7863859640317563,0
2025-03-31,0.250281305179871,1,0.6862386783380486,0
2025-04-01,-0.274988839408733,1,-0.7553724055124673,0
2025-04-02,-0.19979188713946533,1,-0.5489933432719168,0
2025-04-03,2.0829981441036907,0,5.716155066640199,0
2025-04-04,-0.47216997086602275,0,-1.2965387131038653,0
2025-04-07,-0.597385387548593,0,-1.6401941338777464,0
2025-04-08,0.5768709928759967,0,1.5825685354685353,0
2025-04-09,-1.7760681067117403,0,-4.875104950329132,0
2025-04-10,1.063393751795227,0,2.917836890293496,0
2025-04-11,0.044640209131593944,1,0.12185388241451411,0
2025-04-14,0.4412212038007304,1,1.2102758371922064,-1
2025-04-15,0.05099398854144965,1,0.13929191675922853,0
2025-04-16,0.17944919194477915,1,0.49183897642421054,0
2025-04-17,-0.2913911284245013,1,-0.8003887116727398,0
2025-04-21,-0.13879643279418408,1,-0.3815904859906898,0
2025-04-22,0.19281062046422148,1,0.5285095994324734,0
2025-04-23,-0.46023101387372833,0,-1.263772082624255,0
2025-04-24,-0.893461889884632,0,-2.4527801371611075,0
2025-04-25,-0.20481832679366804,1,-0.5627884755337735,0
2025-04-28,0.10222067210199504,1,0.27988424923916483,0
2025-04-29,0.3768149225432683,1,1.033511918879143,-1
2025-04-30,0.23699083599198034,1,0.6497628041841065,0
2025-05-01,-0.3003289078545697,1,-0.8249185693548079,0
2025-05-02,-0.20507224031389237,1,-0.5634853446569589,0
2025-05-05,0.2294620756043539,1,0.6291000185027356,0
2025-05-06,0.0252201589855377,1,0.06855528962772181,0
2025-05-07,-0.013760909040840263,1,-0.03842878381732474,0
2025-05-08,-0.5452528434538431,0,-1.4971156547930857,0
2025-05-09,-0.10964123566088313,1,-0.30157364937391984,0
2025-05-12,-1.4527438695152948,0,-3.987737166681408,0
2025-05-13,-0.7688190980640615,0,-2.110696293139592,0
2025-05-14,-0.21103866044504824,1,-0.5798602661722865,0
2025-05-15,0.6248814011727034,0,1.714333756571914,0
2025-05-16,0.22420897432530967,1,0.6146828103166685,0
2025-05-19,0.31702457810058327,1,0.8694165021801356,0
2025-05-20,0.09069039130877582,1,0.24823923616797236,0
2025-05-21,-0.031379685079298225,1,-0.08678375522125617,0
2025-05-22,-0.04463854940249862,1,-0.1231728893925238,0
2025-05-23,0.2723976520001542,1,0.7469372941624327,0
2025-05-27,-0.29132459157364343,1,-0.8002061003770676,0
2025-05-28,0.049306128394146775,1,0.13465956153895017,0
2025-05-29,0.17619316568768112,1,0.4829027679038935,0
2025-05-30,0.4238214864944936,1,1.162522075469879,-1
2025-06-02,-0.16309405284438255,1,-0.4482756359776335,0
2025-06-03,-0.6041666057828432,0,-1.658805279912252,0
2025-06-04,-0.1609141740212246,1,-0.4422929287834586,0
2025-06-05,-0.03531608356575608,1,-0.09758725461483879,0
2025-06-06,0.020767366629562356,1,0.05633454020841782,0
2025-06-09,-0.4123336589726746,1,-1.1323171381088744,1
2025-06-10,-0.21844968568588835,1,-0.600199926135749,0
2025-06-11,-0.02984040030233584,1,-0.08255916713352215,0
2025-06-12,0.2961741745564685,1,0.8121922849623575,0
2025-06-13,-0.021699258191740012,1,-0.06021569145201518,0
2025-06-16,-0.6186139033386366,0,-1.6984560853172124,0
2025-06-17,0.00019343414026007366,1,-0.0001308984244975591,0
2025-06-18,-0.06372276446539109,1,-0.1755497782080882,0
2025-06-20,-0.035635815496111514,1,-0.09846476326331208,0
2025-06-23,0.3706454127343801,1,1.016579614970297,-1
2025-06-24,-0.1587832082751019,1,-0.436444464197065,0
2025-06-25,-0.18876411520046812,1,-0.5187274726123816,0
2025-06-26,-0.3134868335208366,1,-0.8610306760039073,0
2025-06-27,-0.09698323630808153,1,-0.2668335973181089,0
2025-06-30,0.25422150754898065,1,0.6970526175395072,0
2025-07-01,-0.20775752988419788,1,-0.5708551585475475,0
2025-07-02,-0.7757334444237497,0,-2.1296728111320906,0
2025-07-03,0.17560700171584112,1,0.48129403287970857,0
2025-07-07,0.14303019238987608,1,0.39188653488155384,0
2025-07-08,-0.4810054375737415,0,-1.320787772122469,0
2025-07-09,-0.05445644041620239,1,-0.15011822533290345,0
2025-07-10,-0.12615889012534978,1,-0.34690657758334226,0
2025-07-11,-0.1861497470222392,1,-0.5115523034507062,0
2025-07-14,0.2685633085494771,1,0.7364138862080076,0
2025-07-15,-0.17079100937030678,1,-0.46940003825710896,0
2025-07-16,0.3745338942626143,1,1.0272516056177776,-1
2025-07-17,-0.15782792566019294,1,-0.43382267801703944,0
2025-07-18,0.09764583702453894,1,0.26732855190438826,0
2025-07-21,-0.01935723049211771,1,-0.05378796445240667,0
2025-07-22,0.24071814977517475,1,0.6599924677547445,0
2025-07-23,-0.2504635406700869,1,-0.6880623882563593,0
2025-07-24,0.5211176089826975,0,1.4295526121178885,0
2025-07-25,-0.09345230485870501,1,-0.2571429077440341,0
2025-07-28,-0.6409524137964886,0,-1.7597644322783215,0
2025-07-29,0.22383905538324175,1,0.6136675627292979,0
2025-07-30,-0.14761239825621286,1,-0.4057860235742278,0
2025-07-31,-0.11235356357223097,1,-0.3090176703606801,0
2025-08-01,0.3183833741410994,1,0.8731457364663036,0
2025-08-04,0.11060173128732953,1,0.3028861806081146,0
2025-08-05,-0.22153691481446455,1,-0.6086728686320856,0
2025-08-06,0.05928407782985584,1,0.16204418000395757,0
2025-08-07,-0.03062650744457196,1,-0.08471664891887895,0
2025-08-08,-0.06037324192593485,1,-0.16635696786424292,0
2025-08-11,-0.029500132017208774,1,-0.08162529617897518,0
2025-08-12,-0.7203936155745705,0,-1.9777918952467028,0
2025-08-13,-0.20239149803428708,1,-0.5561280108677855,0
2025-08-14,0.22565760538606777,1,0.618658598042496,0
2025-08-15,0.15831226969048712,1,0.43382840469423084,0
2025-08-18,-0.23883070566918962,1,-0.6561359137619215,0
2025-08-19,0.3894844223642687,1,1.0682835341269528,-1
2025-08-20,0.34954392737039064,1,0.9586663002696072,0
2025-08-21,-0.13166370532483032,1,-0.3620146180609432,0
2025-08-22,-0.5083304160456333,0,-1.395781548633236,0
2025-08-25,-0.30044370955980537,1,-0.8252336442023271,0
2025-08-26,-0.15468677016775303,1,-0.4252017338787696,0
2025-08-27,-0.1374825053055461,1,-0.3779843940577856,0
2025-08-28,-0.2507798785107919,1,-0.6889305817794442,0
2025-08-29,0.4271610804490977,1,1.171687636677033,-1
2025-09-02,-0.2489962165240054,1,-0.6840352971026268,0
2025-09-03,0.10550758828088846,1,0.2889052355716197,0
2025-09-04,-0.27787687931115296,1,-0.7632986704578928,0
2025-09-05,-0.2184331086783872,1,-0.6001544303123201,0
2025-09-08,-0.13633899992881227,1,-0.37484602793794214,0
2025-09-09,0.18559976577235415,1,0.508719310273791,0
2025-09-10,-0.5225870784396005,0,-1.434909153233636,0
2025-09-11,0.18598157389851788,1,0.5097671878892471,0
2025-09-12,0.04028015112751748,1,0.10988764369018943,0
2025-09-15,-0.3109655341540155,1,-0.8541109354659002,0
2025-09-16,-0.3697294458278292,1,-1.0153892934158495,1
2025-09-17,0.28230967557597575,1,0.7741409782048286,0
2025-09-18,-0.43644833553422546,0,-1.1985001971933185,0
2025-09-19,0.18854881043693467,1,0.5168130036219237,0
2025-09-22,-0.015402749203392428,1,-0.0429348365610989,0
2025-09-23,-0.11597229877047269,1,-0.31894933852238594,0
2025-09-24,-0.0902151499222631,1,-0.24825849182092638,0
2025-09-25,0.03808261074391378,1,0.10385646410222062,0
2025-09-26,0.02844851350524147,1,0.07741555268693097,0
2025-09-29,0.13456787493032815,1,0.3686615890695266,0
2025-09-30,0.22057991339297398,1,0.6047228030367544,0
2025-10-01,-0.3437312980026887,1,-0.9440370217316084,0
2025-10-02,-0.2444663829385985,1,-0.6716031069772286,0
2025-10-03,0.4150182445295,1,1.1383614576976806,-1
2025-10-06,-0.15559414037375266,1,-0.42769202379834853,0
2025-10-07,0.5575610178229375,0,1.5295720452774362,0
2025-10-08,-0.25450675396064537,1,-0.6991590423382431,0
2025-10-09,0.2233165003406165,1,0.6122334032798578,0
2025-10-10,0.8561797529269018,0,2.3491352411039594,0
2025-10-13,-0.6509457233296976,0,-1.787191206740644,0
2025-10-14,0.16800444792587915,1,0.4604287201980544,0
2025-10-15,-0.4465363608794619,0,-1.2261869204949978,0
2025-10-16,-0.5951553716794175,0,-1.6340738248762061,0
2025-10-17,0.1812983537854536,1,0.49691402634435694,0
2025-10-20,0.003512696212691957,1,0.008978861654423652,0
2025-10-21,-0.10719566343800588,1,-0.29486174301644347,0
2025-10-22,0.30401358720138894,1,0.8337076600055109,0
2025-10-23,-0.4231299625172103,1,-1.1619477405993457,1
2025-10-24,0.05021902234125537,1,0.13716501144142373,0
2025-10-27,-0.41034760617287697,1,-1.1268663890823083,1
2025-10-28,-0.41759848981706105,1,-1.1467665382471786,1
2025-10-29,-1.0564551481248476,0,-2.900117359907771,0
2025-10-30,0.3647137126572172,1,1.00029998311722,-1
2025-10-31,-0.15445716065781806,1,-0.4245715674436698,0
2025-11-03,-0.1118760741129469,1,-0.3077071940200443,0
2025-11-04,0.7928896216552335,0,2.175434611666794,0
2025-11-05,-0.6395179164856819,0,-1.7558274348222176,0
2025-11-06,0.12352915132548631,1,0.338365661413547,0
2025-11-07,0.13389243941989432,1,0.36680784708875924,0
2025-11-10,-0.3085760485905833,1,-0.8475529597110768,0
2025-11-11,0.4625925064588291,0,1.2689296691406586,0
2025-11-12,-0.02118044687107626,1,-0.05879180669861506,0
2025-11-13,0.35036851285888326,1,0.9609293864016475,0
2025-11-14,-0.014455688348162743,1,-0.04033561511277278,0
2025-11-17,0.32109306912036795,1,0.8805825313350222,0
2025-11-18,0.10258405435547971,1,0.2808815567954669,0
2025-11-19,-0.17269793076051126,1,-0.47463361004958826,0
2025-11-20,0.7163930729681989,0,1.965488789313021,0
2025-11-21,-0.3418865798621218,1,-0.9389741676070813,0
2025-11-24,-0.3566324418786595,1,-0.9794443872511472,0
2025-11-25,-0.20474193647216776,1,-0.5625788212533842,0
2025-11-26,-0.39169361021506965,1,-1.0756702424748523,1
2025-11-28,-0.20543931713582958,1,-0.5644927920068245,0
2025-12-01,-0.4805798792386007,0,-1.3196198214611108,0
2025-12-02,-0.20630736397771332,1,-0.566875158416667,0
2025-12-03,-0.23946895601746182,1,-0.6578876005574109,0
2025-12-04,-0.010406101363437021,1,-0.029221468340220713,0
2025-12-05,-0.3670156307303555,1,-1.0079411908264608,1
2025-12-08,-0.31024930539515144,1,-0.852145235857826,0
2025-12-09,0.009696193194150216,1,0.025949553549368697,0
2025-12-10,-0.38290152587569304,1,-1.0515402469585056,1
2025-12-11,0.14051511955489143,1,0.3849838831451889,0
2025-12-12,0.6805821957576852,0,1.8672053478478303,0
2025-12-15,0.1766565097306731,1,0.48417442195637445,0
2025-12-16,0.13178125143211628,1,0.3610136628301877,0
2025-12-17,0.4024391241713758,1,1.1038378901197738,-1
2025-12-18,-0.2707921845829509,1,-0.743854629042075,0
2025-12-19,-0.3675500080319409,1,-1.009407796627038,1
2025-12-22,0.11018906192086031,1,0.3017536038972613,0
2025-12-23,0.12127368996116719,1,0.33217551690315295,0
2025-12-24,0.08315084051980864,1,0.22754683608279,0
2025-12-26,0.011334711027815764,1,0.03044648811615054,0
2025-12-29,0.1580542075416137,1,0.43312014960307277,0
2025-12-30,0.028145976069115924,1,0.07658523456264486,0
2025-12-31,0.012401988260686558,1,0.03337564505434448,0
