,spread,regime,z_score,signal,minhash_signal,final_signal
0,-0.2717177837354632,0,-0.8209663591557289,0,0.0,0
1,0.2682752297617913,0,0.809371189499942,0,0.0,0
2,-0.1441991166240755,0,-0.4359642092209219,0,0.0,0
3,0.1972375481149177,0,0.5948954521042498,0,0.0,0
4,0.2307048792351438,0,0.6959394382573677,0,0.0,0
5,-0.1121541961953059,0,-0.3392147407780826,0,0.0,0
6,-0.0057111871426873,0,-0.0178438524281318,0,0.0,0
7,-0.0169423778207535,0,-0.0517528686947951,0,0.0,0
8,0.2206555695005358,0,0.6655987364540364,0,0.0,0
9,0.0337196879647661,0,0.1012051623872431,0,0.0,0
10,-0.173820396712388,0,-0.525396264747818,0,0.0,0
11,0.013329733655829,0,0.0396441656811204,0,0.0,0
12,-0.1035168144586526,0,-0.3131369075184672,0,0.0,0
13,0.3110475931063254,0,0.9385087676950938,0,0.0,0
14,-0.0964865713103699,0,-0.2919113192342906,0,0.0,0
15,-0.0489334820843393,0,-0.1483398563043072,0,0.0,0
16,-0.014774398271293,0,-0.0452073424086092,0,0.0,0
17,0.1347427937501535,0,0.406212372715842,0,0.0,0
18,-0.0121596529983077,0,-0.0373129487920895,0,0.0,0
19,-0.3514358491340786,0,-1.0616497607497977,1,0.0,0
20,0.0882765258644434,0,0.2659222219427126,0,0.0,0
21,0.1238992455936374,0,0.3734737200326734,0,0.0,0
22,0.1807176419318277,0,0.5450188376345003,0,0.0,0
23,0.1919993618572661,0,0.5790804109291939,0,0.0,0
24,-0.0873203164503226,0,-0.2642367214055195,0,0.0,0
25,-0.01589246147585,0,-0.0485829794605665,0,0.0,0
26,-0.1156117211801222,0,-0.3496536402957887,0,0.0,0
27,0.1234142330208414,0,0.3720093784778109,0,0.0,0
28,0.0351493923426461,0,0.1055217010691773,0,0.0,0
29,0.2733224454581486,0,0.8246096556657222,0,0.0,0
30,-0.0430514037754667,0,-0.1305807874063968,0,0.0,0
31,-0.1066095258772061,0,-0.3224743682388726,0,0.0,0
32,0.051408174967812,0,0.1546099358179276,0,0.0,0
33,-0.1019448569765548,0,-0.3083908807294238,0,0.0,0
34,0.1242861964141919,0,0.3746419952445088,0,0.0,0
35,0.254026150196796,0,0.7663506154037325,0,0.0,0
36,0.0855159923473371,0,0.2575876669859496,0,0.0,0
37,0.052570316825722,0,0.1581186543762371,0,0.0,0
38,-0.163289926214766,0,-0.4936028507069689,0,0.0,0
39,0.2176391567956112,0,0.656491635487617,0,0.0,0
40,0.113057544721171,0,0.3407406446374955,0,0.0,0
41,0.0536442076012605,0,0.1613609267959788,0,0.0,0
42,-0.2361879928994723,0,-0.7136954303697353,0,0.0,0
43,-0.0050186853029204,0,-0.0157530628740724,0,0.0,0
44,0.014819066807224,0,0.0441407345227271,0,0.0,0
45,-0.103759586595464,0,-0.3138698809468596,0,0.0,0
46,0.5661474507417106,1,1.7087018371685736,0,0.0,0
47,-0.2694127353138192,0,-0.8140069969059529,0,0.0,0
48,0.3048697867000162,0,0.9198568416501606,0,0.0,0
49,0.1844789697312037,0,0.5563749733452384,0,0.0,0
50,-0.2710774431715693,0,-0.8190330540218674,0,0.0,0
51,-0.0218566014857414,0,-0.0665898076241222,0,0.0,0
52,-0.1175613337619857,0,-0.3555398768175503,0,0.0,0
53,0.0360727317630549,0,0.1083094314464595,0,0.0,0
54,-0.3406318507030793,0,-1.0290305159125408,1,0.01193896595805044,1
55,-0.0994870049846879,0,-0.3009701765884081,0,0.0,0
56,0.3540242334403434,0,1.0682630954369203,-1,-0.040078980250293196,-1
57,-0.0310847134813366,0,-0.0944511634445993,0,0.0,0
58,-0.0543330273649718,0,-0.1646420698453098,0,0.0,0
59,0.017521568677767,0,0.0523000813378332,0,0.0,0
60,0.4334664905993344,1,1.3081137815734762,0,0.0,0
61,-0.1206128978274025,0,-0.3647531061624197,0,0.0,0
62,0.2157364732189361,0,0.6507470862050739,0,0.0,0
63,0.2872200442779112,0,0.8665690451868368,0,0.0,0
64,-0.1162590608846077,0,-0.3516080771136342,0,0.0,0
65,-0.0047287150134466,0,-0.0148775896010724,0,0.0,0
66,0.037807955684351,0,0.113548389439439,0,0.0,0
67,0.0846827701818686,0,0.2550720170631151,0,0.0,0
68,0.6216181793019895,1,1.876178099569456,0,0.0,0
69,-0.0017677868274932,0,-0.0059380065328233,0,0.0,0
70,-0.0551338046819606,0,-0.1670597628438604,0,0.0,0
71,-0.0260595333411516,0,-0.079279226648154,0,0.0,0
72,0.0194898005113755,0,0.0582425327818049,0,0.0,0
73,-0.1408934577808143,0,-0.4259838213260666,0,0.0,0
74,0.287251728986487,0,0.8666647071098952,0,0.0,0
75,0.0989016946000312,0,0.2980015472625745,0,0.0,0
76,0.2405680922801779,0,0.7257182801604606,0,0.0,0
77,0.0939063090940237,0,0.2829195659093182,0,0.0,0
78,0.1970500119224874,0,0.5943292460819328,0,0.0,0
79,0.1720117293692059,0,0.5187340972927116,0,0.0,0
80,0.0173073214314053,0,0.0516532297643706,0,0.0,0
81,0.421940874158675,1,1.2733158401465807,0,0.0,0
82,-0.0760162548754301,0,-0.2301076945899594,0,0.0,0
83,0.3244809119022102,0,0.9790664110137596,0,0.0,0
84,-0.238100914764851,0,-0.71947089091611,0,0.0,0
85,-0.0406238657393998,0,-0.1232516066354129,0,0.0,0
86,-0.1321466290134864,0,-0.3995755474880776,0,0.0,0
87,-0.4609674898273859,1,-1.392345792225524,0,0.0,0
88,-0.1077798700854923,0,-0.3260078511912968,0,0.0,0
89,-0.8893602321529328,1,-2.6857417361129787,0,0.0,0
90,-0.7418233946754897,1,-2.240301073109646,0,0.0,0
91,0.4798135676644006,1,1.4480440734864095,0,0.0,0
92,0.3676035055296741,0,1.109261398409891,-1,0.0811405420098757,0
93,-0.1228014546570163,0,-0.3713607590162548,0,0.0,0
94,0.2027501673166332,0,0.6115390564682951,0,0.0,0
95,0.0197592789259343,0,0.0590561373411714,0,0.0,0
96,0.2964090477895195,0,0.8943123253501826,0,0.0,0
97,-0.1796416173206135,0,-0.5429715931305554,0,0.0,0
98,0.5126993369201529,1,1.5473322181363625,0,0.0,0
99,-0.1821455617936412,0,-0.550531458891942,0,0.0,0
100,-0.1217010912093061,0,-0.3680385607634447,0,0.0,0
101,0.090229718240367,0,0.2718192665166649,0,0.0,0
102,-0.0902377139167582,0,-0.2730448772797569,0,0.0,0
103,0.2203227673864755,0,0.6645939460784897,0,0.0,0
104,0.0165312379475409,0,0.0493100919588627,0,0.0,0
105,-0.1180266617420573,0,-0.3569447869911792,0,0.0,0
106,0.1829538509033875,0,0.5517703610095211,0,0.0,0
107,-0.0497061111810925,0,-0.1506725646841112,0,0.0,0
108,0.4407813432535071,1,1.3301986579457554,0,0.0,0
109,0.1694786129964513,0,0.5110861562371978,0,0.0,0
110,-0.2042030911571079,0,-0.6171271693048095,0,0.0,0
111,-0.1670309933176289,0,-0.5048978156738979,0,0.0,0
112,-0.0710196707351032,0,-0.2150220943407371,0,0.0,0
113,0.1753663191013312,0,0.5288622164792879,0,0.0,0
114,-0.1158437509814238,0,-0.3503541806509667,0,0.0,0
115,-0.0681179027994737,0,-0.2062611268750613,0,0.0,0
116,0.0452487845668764,0,0.1360136110572822,0,0.0,0
117,0.1026174319441124,0,0.3092200370607365,0,0.0,0
118,0.1240665559592216,0,0.3739788605890753,0,0.0,0
119,-0.1833047811424762,0,-0.5540313538614969,0,0.0,0
120,-0.1135219225925318,0,-0.3433441566148603,0,0.0,0
121,-0.0193188658788772,0,-0.0589279202570327,0,0.0,0
122,0.1791480174680731,0,0.5402798546540092,0,0.0,0
123,-0.0881020507543297,0,-0.2665969200692779,0,0.0,0
124,0.2034951429004351,0,0.6137882738410122,0,0.0,0
125,-0.0913229672616396,0,-0.2763214553719535,0,0.0,0
126,0.0646695122221948,0,0.1946483354468084,0,0.0,0
127,-0.0589048190168212,0,-0.1784451439746726,0,0.0,0
128,-0.1876874999936165,0,-0.5672635826674561,0,0.0,0
129,0.0565386943893517,0,0.1700999111471843,0,0.0,0
130,-0.1958411952186449,0,-0.5918810779931171,0,0.0,0
131,0.005678100315114,0,0.0165424868962027,0,0.0,0
132,-0.0101555726991193,0,-0.0312622642820676,0,0.0,0
133,-0.1474841651854626,0,-0.4458823709099042,0,0.0,0
134,0.1837859893600193,0,0.5542827390174158,0,0.0,0
135,-0.078745340670819,0,-0.2383473031302798,0,0.0,0
136,-0.1106160645317474,0,-0.3345708403141956,0,0.0,0
137,0.2055474639951643,0,0.6199846061249523,0,0.0,0
138,0.1511469052287077,0,0.4557393818202966,0,0.0,0
139,0.0804650745305836,0,0.2423380234424242,0,0.0,0
140,-0.2386937048181576,0,-0.7212606323724227,0,0.0,0
141,0.1692523535186119,0,0.5104030375426212,0,0.0,0
142,-0.2538272185686301,0,-0.7669514748348091,0,0.0,0
143,0.1267684422549693,0,0.3821363488714272,0,0.0,0
144,-0.3967744701788777,0,-1.1985353397221672,1,0.04173508733173805,1
145,-0.042335937239423,0,-0.1284206632393004,0,0.0,0
146,-0.2257855646020819,0,-0.6822885991209453,0,0.0,0
147,-0.087390209981701,0,-0.2644477427442519,0,0.0,0
148,0.1067410983765854,0,0.3216701392934497,0,0.0,0
149,-0.0413492622068052,0,-0.1254417110791978,0,0.0,0
150,0.1665294054021775,0,0.5021819597762383,0,0.0,0
151,0.0461160158271838,0,0.1386319406499009,0,0.0,0
152,-0.0990640013386463,0,-0.2996930513106317,0,0.0,0
153,-0.1543047407662036,0,-0.466474934507549,0,0.0,0
154,0.0196121826306917,0,0.058612026755649,0,0.0,0
155,-0.0995066505555705,0,-0.3010294901555728,0,0.0,0
156,-0.1763131127226278,0,-0.5329222297289365,0,0.0,0
157,-0.0115899886284006,0,-0.0355930279983449,0,0.0,0
158,0.0511093872216445,0,0.1537078410324782,0,0.0,0
159,0.0554405797717059,0,0.1667845025231343,0,0.0,0
160,-0.0200734577894795,0,-0.0612061710769816,0,0.0,0
161,-0.3428561517887766,0,-1.035746087204921,1,0.0020976329979385325,1
162,-0.0624443991885324,0,-0.1891317830906936,0,0.0,0
163,0.0029520323141736,0,0.0083119896285852,0,0.0,0
164,-0.3659300899536233,0,-1.1054105214572725,1,-0.0075922912804579495,0
165,0.1271748174845337,0,0.383363269922334,0,0.0,0
166,-0.0876477970789766,0,-0.2652254452445453,0,0.0,0
167,0.0297575762585433,0,0.0892428233843959,0,0.0,0
168,0.040922827680439,0,0.1229527569915094,0,0.0,0
169,0.0741502323366656,0,0.2232723613222754,0,0.0,0
170,-0.1774571147533653,0,-0.536376180835397,0,0.0,0
171,-0.2248549877458962,0,-0.6794790176029852,0,0.0,0
172,-0.0951635150126979,0,-0.2879167705879848,0,0.0,0
173,0.2265785063050236,0,0.6834811646138598,0,0.0,0
174,-0.3269964343920501,0,-0.9878627032783576,0,0.0,0
175,0.4503031368901133,1,1.3589466922874789,0,0.0,0
176,-0.199374035807408,0,-0.6025473690770936,0,0.0,0
177,0.1249444684554668,0,0.3766294387841393,0,0.0,0
178,0.0032812511660141,0,0.0093059614809333,0,0.0,0
179,-0.0425845286018059,0,-0.1291712059726951,0,0.0,0
180,0.2195406759852515,0,0.6622326692730025,0,0.0,0
181,0.0387041178418071,0,0.1162540666953771,0,0.0,0
182,-0.0194941734724166,0,-0.0594572059054907,0,0.0,0
183,0.1011937123874855,0,0.304921567647417,0,0.0,0
184,0.0153982792292328,0,0.0458894826299163,0,0.0,0
185,0.0492470156624726,0,0.1480850010946024,0,0.0,0
186,0.0269844143172726,0,0.0808701409082372,0,0.0,0
187,0.0834915653999862,0,0.2514755522283882,0,0.0,0
188,-0.0485232131213544,0,-0.1471011793609329,0,0.0,0
189,0.0212867820421139,0,0.0636679482789973,0,0.0,0
190,0.0336653591842522,0,0.1010411338745946,0,0.0,0
191,-0.1169951091680212,0,-0.3538303413357226,0,0.0,0
192,0.0688006703275814,0,0.207121056408557,0,0.0,0
193,-0.0833224757772466,0,-0.2521665101251067,0,0.0,0
194,0.2772499518252703,0,0.8364675148284414,0,0.0,0
195,0.0434517971016555,0,0.1305881776428031,0,0.0,0
196,-0.0196816522522574,0,-0.0600232385887122,0,0.0,0
197,0.3281145285233555,0,0.990036963348327,0,0.0,0
198,-0.0338189242740877,0,-0.1027062452881429,0,0.0,0
199,-0.092192193641503,0,-0.2789458085949612,0,0.0,0
200,-0.0701132460809278,0,-0.2122854327325461,0,0.0,0
201,-0.312019036117876,0,-0.9426432019566416,0,0.0,0
202,-0.0852797667216225,0,-0.2580759290259053,0,0.0,0
203,-0.16022096389271,0,-0.4843370928471538,0,0.0,0
204,-0.1625592124009843,0,-0.4913966922231506,0,0.0,0
205,-0.026455414662581,0,-0.0804744646734716,0,0.0,0
206,0.0584265143587176,0,0.1757995844841152,0,0.0,0
207,-0.085508982087746,0,-0.258767972087166,0,0.0,0
208,0.0589233021966227,0,0.177299477715338,0,0.0,0
209,-0.2247343699880183,0,-0.6791148505586203,0,0.0,0
210,-0.0133586653574466,0,-0.0409329861287694,0,0.0,0
211,0.1674607669159733,0,0.5049939103188574,0,0.0,0
212,0.101351040490367,0,0.3053965699292524,0,0.0,0
213,0.0475536638844631,0,0.142972462751019,0,0.0,0
214,-0.1137552852862857,0,-0.3440487212158325,0,0.0,0
215,0.0351173179376396,0,0.1054248625814084,0,0.0,0
216,-0.1417107452182345,0,-0.4284513613941151,0,0.0,0
217,0.0931542011006133,0,0.2806488144891106,0,0.0,0
218,0.0350372267774476,0,0.1051830527384797,0,0.0,0
219,-0.0468000304408497,0,-0.1418985760734847,0,0.0,0
220,-0.169997559363282,0,-0.513854420470452,0,0.0,0
221,-0.0446961664325771,0,-0.1355466263181764,0,0.0,0
222,-0.1086495593578103,0,-0.3286336019711822,0,0.0,0
223,-0.1005085361276156,0,-0.3040543657127263,0,0.0,0
224,-0.1715242199477901,0,-0.5184636876512558,0,0.0,0
225,0.0862209922565113,0,0.2597161904945809,0,0.0,0
226,-0.0733047446282034,0,-0.2219211498400783,0,0.0,0
227,-0.209655031149129,0,-0.6335875720504733,0,0.0,0
228,-0.1526676602702509,0,-0.4615322894436103,0,0.0,0
229,-0.0892626542264068,0,-0.2701009939597396,0,0.0,0
230,0.1690417064287254,0,0.5097670554992002,0,0.0,0
231,0.2242962456664404,0,0.6765906028438046,0,0.0,0
232,0.0581287725526574,0,0.1749006475829121,0,0.0,0
233,-0.0412816400671961,0,-0.1252375474871337,0,0.0,0
234,-0.1059413757566413,0,-0.3204571009734303,0,0.0,0
235,0.1698278356733815,0,0.5121405232916046,0,0.0,0
236,-0.0813493822632237,0,-0.2462093803798775,0,0.0,0
237,-0.0590372531747626,0,-0.1788449868893394,0,0.0,0
238,-0.1926546909863101,0,-0.5822604396347062,0,0.0,0
239,-0.3430600792758733,0,-1.0363617815400443,1,0.1756524629705229,1
240,-0.1461595581091829,0,-0.4418831401797001,0,0.0,0
241,-0.0421822852739223,0,-0.1279567598877399,0,0.0,0
242,0.0521573678734294,0,0.1568718860555872,0,0.0,0
243,-0.1061035355651392,0,-0.3209466910571329,0,0.0,0
244,0.0479718101651164,0,0.1442349227553896,0,0.0,0
245,0.1161198455865057,0,0.3499862903426158,0,0.0,0
246,0.1785673405197995,0,0.5385266848745004,0,0.0,0
247,0.0118983029764967,0,0.035322414979757,0,0.0,0
248,0.294553265932602,0,0.8887093809271583,0,0.0,0
249,-0.1448857503770772,0,-0.4380372819491094,0,0.0,0
250,0.0807051383476978,0,0.24306281995892,0,0.0,0
251,-0.1968075111518059,0,-0.5947985623129483,0,0.0,0
252,0.0994480975195797,0,0.299651237488501,0,0.0,0
253,-0.2517066202544736,0,-0.7605490011531698,0,0.0,0
254,0.017202267427253,0,0.0513360525355453,0,0.0,0
255,0.0305609672243577,0,0.091668407466188,0,0.0,0
256,-0.1143067077435228,0,-0.3457135663429634,0,0.0,0
257,0.1996327260610356,0,0.6021269318524368,0,0.0,0
258,-0.0443829934543038,0,-0.1346010998892387,0,0.0,0
259,0.1181253274553344,0,0.3560412064474076,0,0.0,0
260,0.0466417162263708,0,0.1402191261851118,0,0.0,0
261,-0.1781273237723208,0,-0.5383996642911814,0,0.0,0
262,-0.1386172895973793,0,-0.4191116537910169,0,0.0,0
263,-0.0717434122443878,0,-0.2172072021636431,0,0.0,0
264,-0.0455806868375318,0,-0.1382171549967054,0,0.0,0
265,0.2856214442631858,0,0.8617425797249801,0,0.0,0
266,0.3126432261858943,0,0.943326275437741,0,0.0,0
267,0.2948632566124929,0,0.8896452994159667,0,0.0,0
268,-0.3115316421270693,0,-0.9411716704657894,0,0.0,0
269,0.1097731503757395,0,0.330824458145989,0,0.0,0
270,0.0975618639369678,0,0.293956353742967,0,0.0,0
271,-0.1308540454589375,0,-0.3956730016197384,0,0.0,0
272,-0.1122675483714713,0,-0.3395569717040486,0,0.0,0
273,0.0802139349799806,0,0.2415797872633138,0,0.0,0
274,0.1111129090007199,0,0.3348694341694649,0,0.0,0
275,0.2031923565253092,0,0.6128741064643048,0,0.0,0
276,-0.2388106569810633,0,-0.7216137323159698,0,0.0,0
277,0.1320757497813032,0,0.3981600797830659,0,0.0,0
278,-0.0593040522955522,0,-0.1796505021713881,0,0.0,0
279,-0.0292429071007875,0,-0.0888904135376414,0,0.0,0
280,-0.0115666852991481,0,-0.0355226709904958,0,0.0,0
281,-0.061213632015691,0,-0.1854158721707715,0,0.0,0
282,0.1258786519664579,0,0.3794499094517871,0,0.0,0
283,0.0560295019580016,0,0.1685625661823952,0,0.0,0
284,-0.0243384639911797,0,-0.0740830038916276,0,0.0,0
285,-0.3734420707625064,0,-1.1280905637381624,1,0.03143445332850809,1
286,0.2696508348374785,0,0.8135243925061982,0,0.0,0
287,-0.1022251446743275,0,-0.3092371204893526,0,0.0,0
288,-0.0514840601695222,0,-0.1560405174593856,0,0.0,0
289,-0.194561795653053,0,-0.5880183369957676,0,0.0,0
290,-0.1811057210134752,0,-0.5473919896281667,0,0.0,0
291,-0.0088477911515673,0,-0.0273138328966234,0,0.0,0
292,-0.3956238103220422,0,-1.1950612874225273,1,0.2620442968465089,1
293,0.3008203078482794,0,0.9076307252755882,0,0.0,0
294,0.0650733169074376,0,0.1958674955548452,0,0.0,0
295,0.0244117485150835,0,0.0731027929007383,0,0.0,0
296,-0.3332976526479416,0,-1.0068872322409104,1,0.10607747532033487,1
297,-0.6324536163921085,1,-1.910093733817008,0,0.0,0
298,0.0018335309705339,0,0.0049350297547017,0,0.0,0
299,0.1349031957289934,0,0.4066966555907029,0,0.0,0
300,0.2654660434999172,0,0.8008897430192936,0,0.0,0
301,0.0419423869520922,0,0.1260309926762471,0,0.0,0
302,0.1018738433068854,0,0.3069750071330837,0,0.0,0
303,-0.1310580062696746,0,-0.3962887965650197,0,0.0,0
304,0.1541547727008717,0,0.4648206831680478,0,0.0,0
305,-0.2623439147053608,0,-0.7926649362225335,0,0.0,0
306,0.0439375998933872,0,0.1320549050129822,0,0.0,0
307,-0.0784578562969,0,-0.2374793352904434,0,0.0,0
308,0.159975538503345,0,0.4823946384091398,0,0.0,0
309,0.0894513166412122,0,0.2694691298976434,0,0.0,0
310,0.0097771388573804,0,0.028918233029588,0,0.0,0
311,0.1020317349412841,0,0.3074517108195103,0,0.0,0
312,-0.0685987566766558,0,-0.2077129125681934,0,0.0,0
313,-0.3927667225020409,0,-1.186435217387681,1,0.39944006466359955,1
314,0.0755413383028198,0,0.2274723643484102,0,0.0,0
315,0.1106671681421033,0,0.333523661093502,0,0.0,0
316,0.017299977320883,0,0.0516310565531499,0,0.0,0
317,-0.0077566118161549,0,-0.0240193631565089,0,0.0,0
318,0.0544409686871266,0,0.1637664940591222,0,0.0,0
319,0.156818165420335,0,0.4728619523119483,0,0.0,0
320,-0.0463976085272663,0,-0.1406835908056794,0,0.0,0
321,-0.341015482804299,0,-1.0301887713044715,1,0.07590079575909649,1
322,0.2388171755331987,0,0.7204319426601242,0,0.0,0
323,0.0066733421615586,0,0.0195473038321542,0,0.0,0
324,-0.1809164163234092,0,-0.5468204441884353,0,0.0,0
325,-0.0583207680044297,0,-0.1766817872792492,0,0.0,0
326,-0.3829540530993427,0,-1.1568089759736433,1,0.2869569183680119,1
327,-0.1636654704209647,0,-0.4947366872664099,0,0.0,0
328,-0.0076306352519075,0,-0.0236390168968176,0,0.0,0
329,0.1103499325108028,0,0.3325658687729474,0,0.0,0
330,-0.0086360427862788,0,-0.0266745259015932,0,0.0,0
331,0.0333659713396658,0,0.1001372272823979,0,0.0,0
332,-0.0522304052385102,0,-0.1582938695580443,0,0.0,0
333,0.1717884687277817,0,0.5180600326330719,0,0.0,0
334,0.0901065603339904,0,0.2714474302999717,0,0.0,0
335,0.214392099713244,0,0.646688177013726,0,0.0,0
336,-0.1691776198569454,0,-0.5113788733218896,0,0.0,0
337,-0.1593990196122658,0,-0.4818554929193473,0,0.0,0
338,0.1446403230698328,0,0.4360948217206672,0,0.0,0
339,-0.2507432361427733,0,-0.7576403685378862,0,0.0,0
340,0.1123235953273985,0,0.3385247173466392,0,0.0,0
341,0.2678092079447862,0,0.8079641845058672,0,0.0,0
342,0.3340868305919203,0,1.0080684342579864,-1,-0.07936529656825525,-1
343,0.0664546353320399,0,0.2000379482051375,0,0.0,0
344,-0.0170580467196139,0,-0.0521020942297747,0,0.0,0
345,0.0672982858514954,0,0.2025850832336136,0,0.0,0
346,0.0052434022352355,0,0.0152300539864426,0,0.0,0
347,0.3215451802431973,0,0.9702029008630112,0,0.0,0
348,-0.0197448963228106,0,-0.0602141839905516,0,0.0,0
349,-0.2562813618868892,0,-0.7743609818127369,0,0.0,0
350,0.0541364565401668,0,0.1628471162620003,0,0.0,0
351,-0.0361086993758844,0,-0.1096194945953121,0,0.0,0
352,-0.2166176782520138,0,-0.654609075525776,0,0.0,0
353,-0.2275139657879543,0,-0.6875069580293668,0,0.0,0
354,0.1936947182487079,0,0.5841990015669133,0,0.0,0
355,-0.4406929644165495,0,-1.3311332964482463,1,-0.01076179947486137,0
356,0.3826352755084598,0,1.1546450578399476,-1,-0.12992343617745442,-1
357,0.6904418256012145,1,2.083969259811187,0,0.0,0
358,0.0313341299040614,0,0.0940027268303897,0,0.0,0
359,-0.1004701597711195,0,-0.3039385004822285,0,0.0,0
360,-0.0245196736220115,0,-0.0746301088688008,0,0.0,0
361,-0.1830924108306438,0,-0.5533901690962391,0,0.0,0
362,0.083996867124199,0,0.2530011504376118,0,0.0,0
363,0.154104538282772,0,0.4646690162834481,0,0.0,0
364,-0.1316298209030305,0,-0.3980152093969065,0,0.0,0
365,0.3603374265786498,0,1.087323778756944,-1,0.004313792754117492,0
366,-0.2261567287913646,0,-0.6834092116092159,0,0.0,0
367,0.3631177916867779,0,1.0957182089096524,-1,-0.10453266238441056,-1
368,-0.0277076787377312,0,-0.0842552786683185,0,0.0,0
369,0.0094811758756749,0,0.0280246667240509,0,0.0,0
370,0.2246479788061176,0,0.6776525494438326,0,0.0,0
371,0.1480413930259015,0,0.4463632731939041,0,0.0,0
372,0.00056078431749,0,0.0010923751156268,0,0.0,0
373,-0.1412776070991644,0,-0.4271436382909944,0,0.0,0
374,-0.0850991101756546,0,-0.2575304939129685,0,0.0,0
375,0.121091234822926,0,0.3649958225745728,0,0.0,0
376,0.173046311829522,0,0.5218576907283191,0,0.0,0
377,-0.2578074758385537,0,-0.7789685986091318,0,0.0,0
378,-0.2131172812934053,0,-0.6440407376877374,0,0.0,0
379,-0.1759548954708736,0,-0.5318407064100908,0,0.0,0
380,-0.0375869516433003,0,-0.1140826082240326,0,0.0,0
381,-0.2322440862141559,0,-0.7017880556505286,0,0.0,0
382,0.2786204525264699,0,0.8406053067956997,0,0.0,0
383,-0.0584751130580923,0,-0.1771477831905773,0,0.0,0
384,-0.181050615342141,0,-0.5472256155402168,0,0.0,0
385,0.0632694109060612,0,0.1904211738158986,0,0.0,0
386,-0.1055931443350134,0,-0.3194057266998543,0,0.0,0
387,-0.0322964995451846,0,-0.0981097669291775,0,0.0,0
388,-0.010525390559284,0,-0.0323788119567962,0,0.0,0
389,0.1338268641334649,0,0.4034470138895453,0,0.0,0
390,0.1101414737427892,0,0.3319364936730033,0,0.0,0
391,-0.3412309547045937,0,-1.0308393203318666,1,0.24452137308070787,1
392,-0.4666521424999579,1,-1.4095087970635618,0,0.0,0
393,-0.5024972591478731,1,-1.517731752076545,0,0.0,0
394,0.1505629096604714,0,0.4539761925209057,0,0.0,0
395,0.1966433153358218,0,0.593101354795235,0,0.0,0
396,0.2802844895876515,0,0.8456293386542395,0,0.0,0
397,-0.2170742120134815,0,-0.6559874343469937,0,0.0,0
398,0.0707505897398381,0,0.2130082193073245,0,0.0,0
399,1.024103425814407,1,3.0913545810564047,0,0.0,0
400,0.2757969192676689,0,0.832080544110553,0,0.0,0
401,-0.1501754397232944,0,-0.4540078203566506,0,0.0,0
402,0.6421850968480529,1,1.9382733806144627,0,0.0,0
403,-0.3830158535565223,0,-1.1569955628430018,1,-0.1533987016367712,0
404,-0.2154708274693451,0,-0.6511465235168518,0,0.0,0
405,-0.0443241016955857,0,-0.1344232949118695,0,0.0,0
406,-0.2396430348420728,0,-0.7241268331294127,0,0.0,0
407,-0.3283303510256484,0,-0.9918900412626902,0,0.0,0
408,-0.0920600086690609,0,-0.2785467180168359,0,0.0,0
409,0.2192882161939151,0,0.6614704470459484,0,0.0,0
410,-0.0887868049235887,0,-0.2686643179908013,0,0.0,0
411,0.0602236139786694,0,0.181225356514214,0,0.0,0
412,-0.1769377083745296,0,-0.5348079980973596,0,0.0,0
413,-0.2344882069462171,0,-0.7085634660757499,0,0.0,0
414,-0.0053782100979343,0,-0.0168385339048693,0,0.0,0
415,0.4468096752684028,1,1.348399293498418,0,0.0,0
416,0.5776451085178036,1,1.743415366279914,0,0.0,0
417,-0.1026658358698539,0,-0.3105676477100205,0,0.0,0
418,-0.3165718909367194,0,-0.9563891023279544,0,0.0,0
419,0.0570082414093058,0,0.1715175593729136,0,0.0,0
420,-0.298437312320654,0,-0.901637496829692,0,0.0,0
421,-0.0419845985034379,0,-0.1273599074160646,0,0.0,0
422,-0.5251245836407012,1,-1.5860477780698357,0,0.0,0
423,0.3710772213239341,0,1.1197491809388942,-1,-0.09896530485658099,-1
424,-0.0085753665221905,0,-0.0264913331765344,0,0.0,0
425,0.0699916435107373,0,0.2107168220044223,0,0.0,0
426,-0.1752637870058481,0,-0.5297541237089043,0,0.0,0
427,-0.0373917330568913,0,-0.1134932076509461,0,0.0,0
428,0.1633190224146443,0,0.4924892270939343,0,0.0,0
429,-0.151555925124266,0,-0.4581757579564328,0,0.0,0
430,-0.105284590416389,0,-0.3184741460557638,0,0.0,0
431,0.5934817409474802,1,1.791229052474006,0,0.0,0
432,0.1930423301173496,0,0.5822293226261389,0,0.0,0
433,-0.3217485379023761,0,-0.9720183451390514,0,0.0,0
434,0.2772254300534911,0,0.8363934791200304,0,0.0,0
435,0.1225625093363542,0,0.3694378690893736,0,0.0,0
436,-0.1502371524014892,0,-0.4541941422052195,0,0.0,0
437,0.2241272758004979,0,0.6760804519526787,0,0.0,0
438,-0.224695181498536,0,-0.678996533350284,0,0.0,0
439,0.1290642398924856,0,0.3890677813140745,0,0.0,0
440,-0.1278297953635176,0,-0.3865422381397517,0,0.0,0
441,0.7327685126262707,1,2.2117612597858254,0,0.0,0
442,-0.1607880099836635,0,-0.4860491085784549,0,0.0,0
443,-0.3599959391953112,0,-1.0874942363223927,1,0.14384510585961757,1
444,0.2679700316961098,0,0.808449740788902,0,0.0,0
445,-0.1494654411593144,0,-0.4518642049960529,0,0.0,0
446,-0.0428479085915041,0,-0.1299663982734037,0,0.0,0
447,-0.3320531869406485,0,-1.0031299629431574,1,0.2746002413268653,1
448,-0.2409932146564934,0,-0.7282032726274545,0,0.0,0
449,-0.168841826575145,0,-0.5103650520645368,0,0.0,0
450,0.007644978765724,0,0.0224808522296786,0,0.0,0
451,-0.0021820266214338,0,-0.0071886721402076,0,0.0,0
452,0.0391826630487475,0,0.1176988820913232,0,0.0,0
453,0.6837928836987888,1,2.0638948896408222,0,0.0,0
454,-0.0887791533521118,0,-0.2686412164987947,0,0.0,0
455,0.065926501855325,0,0.1984434167644177,0,0.0,0
456,0.0881362181534393,0,0.265498607333082,0,0.0,0
457,0.3530395977048278,0,1.0652903002872895,-1,-0.0763770426469548,-1
458,0.1769474892198726,0,0.5336360579006332,0,0.0,0
459,0.0300331072048104,0,0.0900747016426099,0,0.0,0
460,-0.0288249312166286,0,-0.0876284679914136,0,0.0,0
461,0.015174979332027,0,0.0452152994499011,0,0.0,0
462,-0.0485377318922334,0,-0.1471450141823709,0,0.0,0
463,0.0108887713456884,0,0.0322744545744865,0,0.0,0
464,-0.0036113373466745,0,-0.011504022312915,0,0.0,0
465,-0.2413399999579987,0,-0.7292502808002165,0,0.0,0
466,-0.3186576001833493,0,-0.96268623954152,0,0.0,0
467,0.0243788878485383,0,0.073003580545757,0,0.0,0
468,0.2714104967170743,0,0.818837133159384,0,0.0,0
469,0.1555366033226427,0,0.4689926822351561,0,0.0,0
470,-0.0149056459330834,0,-0.0456036030746579,0,0.0,0
471,-0.407802094796651,0,-1.2318297528672493,1,0.11835178896984173,1
472,-0.1755934981908735,0,-0.5307495820050724,0,0.0,0
473,0.4315460622387191,1,1.3023156575467654,0,0.0,0
474,-0.1496511417731665,0,-0.4524248690713353,0,0.0,0
475,-0.1066237732492146,0,-0.3225173836575438,0,0.0,0
476,0.1700140853041541,0,0.5127028449492593,0,0.0,0
477,0.1942956018297935,0,0.5860131788620414,0,0.0,0
478,-0.2985282057924728,0,-0.901911920824688,0,0.0,0
479,0.3151348972920355,0,0.9508490856625126,0,0.0,0
480,-0.1288951265104687,0,-0.3897586674771948,0,0.0,0
481,0.1091381054624933,0,0.3289071415487933,0,0.0,0
482,-0.125636093528128,0,-0.3799190515736375,0,0.0,0
483,0.0250853240433934,0,0.0751364404632264,0,0.0,0
484,-0.125600805849639,0,-0.3798125116262539,0,0.0,0
485,-0.0722310958019501,0,-0.2186796079094258,0,0.0,0
486,0.175854429915098,0,0.5303359121895989,0,0.0,0
487,0.1226043360285946,0,0.3695641515137587,0,0.0,0
488,-0.0785455258886646,0,-0.2377440258026475,0,0.0,0
489,0.1624486524168616,0,0.4898614210795223,0,0.0,0
490,0.0371913646400517,0,0.1116867884435754,0,0.0,0
491,0.1289152581462226,0,0.3886179782075051,0,0.0,0
492,0.174184306230214,0,0.5252935037022538,0,0.0,0
493,0.1737821743530536,0,0.5240793941073909,0,0.0,0
494,0.3756015377660663,0,1.1334089187377907,-1,-0.021295989613693833,-1
495,-0.2002655623433164,0,-0.6052390505447868,0,0.0,0
496,0.0305244055659279,0,0.0915580211406444,0,0.0,0
497,0.120542214115232,0,0.363338228768042,0,0.0,0
498,0.1120662886744449,0,0.3377478615589829,0,0.0,0
499,0.0937990609555382,0,0.2825957641881367,0,0.0,0
500,-0.1265259316035892,0,-0.3826056352708084,0,0.0,0
501,-0.1827858020012017,0,-0.552464461031701,0,0.0,0
502,-0.130230951969732,0,-0.3937917685548965,0,0.0,0
503,-0.0025708123886898,0,-0.0083624873913259,0,0.0,0
504,-0.0868095930022723,0,-0.2626947540216405,0,0.0,0
505,-0.165678043394594,0,-0.5008130127119318,0,0.0,0
506,-0.1248636862061664,0,-0.3775870127724413,0,0.0,0
507,0.1038721914862629,0,0.313008385326306,0,0.0,0
508,-0.2985170872722735,0,-0.9018783519811784,0,0.0,0
509,-0.1454966166413045,0,-0.439881598788186,0,0.0,0
510,0.2946491011816318,0,0.8889987250502722,0,0.0,0
511,-0.1921652147804415,0,-0.5807826215562224,0,0.0,0
512,-0.1862444078365048,0,-0.5629066238344663,0,0.0,0
513,-0.0186885468500596,0,-0.0570248719682074,0,0.0,0
514,-0.1663184581100417,0,-0.5027465417228796,0,0.0,0
515,0.2987149430552868,0,0.9012742443770608,0,0.0,0
516,-0.2553828138169506,0,-0.771648101051178,0,0.0,0
517,-0.5103403517445895,1,-1.541411481329329,0,0.0,0
518,-0.2269136660044812,0,-0.6856945433258734,0,0.0,0
519,0.1125582291118315,0,0.3392331196025624,0,0.0,0
520,0.3026848604405755,0,0.9132601501508768,0,0.0,0
521,-0.3998633680959662,0,-1.2078612867850345,1,0.0944319950209852,1
522,0.0753770440447894,0,0.2269763299716676,0,0.0,0
523,-0.0327122297268935,0,-0.0993649322894845,0,0.0,0
524,0.1761590333163868,0,0.5312555655002095,0,0.0,0
525,-0.093026915023602,0,-0.2814659849266662,0,0.0,0
526,-0.1273552055053144,0,-0.3851093646641699,0,0.0,0
527,0.0310866860664505,0,0.0932556486839005,0,0.0,0
528,0.0587073978163166,0,0.1766476229517873,0,0.0,0
529,-0.0722817491465679,0,-0.2188325396097093,0,0.0,0
530,-0.0821602527174279,0,-0.2486575464034021,0,0.0,0
531,0.0181100419218166,0,0.0540767895584446,0,0.0,0
532,-0.0766381104854727,0,-0.2319851902714841,0,0.0,0
533,-0.1685050552799244,0,-0.5093482780060141,0,0.0,0
534,-0.046289850088948,0,-0.1403582483960859,0,0.0,0
535,0.1370155419678868,0,0.4130742147497105,0,0.0,0
536,-0.0267782029308249,0,-0.0814490214192621,0,0.0,0
537,0.0847035251239119,0,0.2551346800244638,0,0.0,0
538,-0.0207389908475555,0,-0.0632155369527094,0,0.0,0
539,-0.090008151779897,0,-0.2723517872542943,0,0.0,0
540,-0.104169742935181,0,-0.3151082178600151,0,0.0,0
541,0.0751105319012511,0,0.2261716811263628,0,0.0,0
542,-0.1728293287088095,0,-0.5224040494059179,0,0.0,0
543,-0.0466258418164379,0,-0.1413726687972254,0,0.0,0
544,0.0161549655315108,0,0.048174056800918,0,0.0,0
545,-0.0825284063264956,0,-0.2497690694000588,0,0.0,0
546,-0.2002868377759017,0,-0.60530328496216,0,0.0,0
547,-0.2325315472095794,0,-0.7026559529064164,0,0.0,0
548,-0.0430327855763915,0,-0.130524575662389,0,0.0,0
549,0.1696812337416633,0,0.5116979052798682,0,0.0,0
550,0.0128817289514973,0,0.0382915576414056,0,0.0,0
551,0.0036218707027246,0,0.0103343540834749,0,0.0,0
552,-0.4484536618670968,0,-1.354564259703566,1,0.04848990306216341,1
553,0.0086384082036144,0,0.025480197173131,0,0.0,0
554,0.0166499515010475,0,0.0496685098623881,0,0.0,0
555,-0.2529081475812443,0,-0.764176631636541,0,0.0,0
556,0.2687918789356217,0,0.8109310477324078,0,0.0,0
557,0.1004628159861785,0,0.3027148578985062,0,0.0,0
558,-0.038252808574637,0,-0.1160929519322969,0,0.0,0
559,-0.1562164346913236,0,-0.4722466876779739,0,0.0,0
560,-0.0151716628251943,0,-0.0464067566654353,0,0.0,0
561,0.0769522157391891,0,0.2317320610547929,0,0.0,0
562,-0.2674305597187854,0,-0.8080224466991213,0,0.0,0
563,-0.1420510216862066,0,-0.4294787182094671,0,0.0,0
564,-0.214330124939711,0,-0.6477025342069448,0,0.0,0
565,-0.0417630027295293,0,-0.1266908692955771,0,0.0,0
566,0.1636592841256907,0,0.4935165393554319,0,0.0,0
567,-0.0118074211481487,0,-0.0362494964940172,0,0.0,0
568,-0.1626720303717185,0,-0.4917373102853358,0,0.0,0
569,0.2971677136074294,0,0.8966028760404767,0,0.0,0
570,-0.067436570355346,0,-0.2042040597667579,0,0.0,0
571,0.6109881033291467,1,1.844083958403912,0,0.0,0
572,0.6713675464214277,1,2.02638052665528,0,0.0,0
573,-0.2114388424498665,0,-0.6389732242174775,0,0.0,0
574,0.2399599956345825,0,0.7238823253059619,0,0.0,0
575,-0.5390934674498394,1,-1.6282223899955546,0,0.0,0
576,0.0898127964522538,0,0.2705605034789519,0,0.0,0
577,0.152557011988864,0,0.4599967517144123,0,0.0,0
578,0.346545835771908,0,1.0456844467916984,-1,-0.017955148086356607,-1
579,-0.0408901619428097,0,-0.1240556035180239,0,0.0,0
580,0.6358616120992923,1,1.9191816250425024,0,0.0,0
581,0.6269898652760093,1,1.892396200774715,0,0.0,0
582,0.2377209569118762,0,0.7171222583953171,0,0.0,0
583,-0.2338420022538024,0,-0.7066124560666798,0,0.0,0
584,0.3538446352058068,0,1.0677208555595177,-1,0.044890362130022295,0
585,-0.1538632585562329,0,-0.4651420190697785,0,0.0,0
586,-0.1270508064413765,0,-0.384190328285348,0,0.0,0
587,0.0630004733051767,0,0.1896092020718059,0,0.0,0
588,-0.2741334703248166,0,-0.8282597582441726,0,0.0,0
589,-0.1520714047609363,0,-0.4597320851425719,0,0.0,0
590,-0.2006757729878356,0,-0.6064775514140602,0,0.0,0
591,-0.8000379733345777,1,-2.41606152017988,0,0.0,0
592,-0.0979866166303585,0,-0.2964402300696805,0,0.0,0
593,-0.1235605263805759,0,-0.3736525352098523,0,0.0,0
594,0.4708099937722525,1,1.4208606392167744,0,0.0,0
595,0.1902023985461196,0,0.5736550504402776,0,0.0,0
596,0.2041511247537918,0,0.6157688028849676,0,0.0,0
597,-0.5213796326571205,1,-1.5747410869575482,0,0.0,0
598,-0.3495993757283715,0,-1.0561051120680662,1,0.015792685005289003,1
599,0.2783016024931718,0,0.8396426403006108,0,0.0,0
600,0.2446044684693085,0,0.7379048372031523,0,0.0,0
601,0.1778284196762466,0,0.5362957478686189,0,0.0,0
602,0.0344150892540957,0,0.1033047059091766,0,0.0,0
603,-0.0734665324805343,0,-0.2224096169201674,0,0.0,0
604,0.0072109767875884,0,0.0211705209782375,0,0.0,0
605,-0.6164589128876133,1,-1.861802802173083,0,0.0,0
606,-0.0603224389695743,0,-0.1827251975696782,0,0.0,0
607,-0.1650221190331454,0,-0.4988326572465492,0,0.0,0
608,-0.0637025276952689,0,-0.1929303028757594,0,0.0,0
609,0.2476935188722357,0,0.7472312446486218,0,0.0,0
610,0.5861506602948097,1,1.7690951808098818,0,0.0,0
611,0.1827058339834824,0,0.5510215526229006,0,0.0,0
612,-0.3867256396666801,0,-1.168196084778833,1,0.23339925604161507,1
613,0.0361706177567959,0,0.1086049671424675,0,0.0,0
614,-0.2994271876280291,0,-0.904626111203883,0,0.0,0
615,-0.1276451855555061,0,-0.3859848674065602,0,0.0,0
616,0.735612709371783,1,2.2203484093119674,0,0.0,0
617,0.4186170419442752,1,1.263280583524515,0,0.0,0
618,0.2864882494021882,0,0.8643596227795391,0,0.0,0
619,-0.0277739116913205,0,-0.0844552480540253,0,0.0,0
620,0.2075333759576054,0,0.6259804371075114,0,0.0,0
621,0.1174167286228591,0,0.3539018171319125,0,0.0,0
622,0.6194217720194437,1,1.869546744764171,0,0.0,0
623,-0.5160402593178479,1,-1.558620543499163,0,0.0,0
624,-0.5530433984316067,1,-1.6703397798733142,0,0.0,0
625,0.0430177589148282,0,0.1292777370707076,0,0.0,0
626,-0.4445970342704369,0,-1.3429203964963463,1,0.01865346684407368,1
627,0.7411289921061341,1,2.23700307455026,0,0.0,0
628,0.7390751853527127,1,2.2308022567913417,0,0.0,0
629,-0.5660375012907541,1,-1.7095713500470824,0,0.0,0
630,0.3566611141701981,0,1.0762243200412285,-1,-0.003317299687232201,-1
631,-0.1227592476211656,0,-0.3712333282650324,0,0.0,0
632,-0.0769853884118063,0,-0.2330336857685908,0,0.0,0
633,-0.4359279053294783,0,-1.316746712627649,1,0.08256017653530973,1
634,0.141477293618978,0,0.4265450580156991,0,0.0,0
635,0.3000356836699447,0,0.9052618015533396,0,0.0,0
636,-0.2618976916646601,0,-0.7913177073507784,0,0.0,0
637,0.098701011755732,0,0.2973956490967576,0,0.0,0
638,-0.2123431170734553,0,-0.6417033944905803,0,0.0,0
639,-0.3621706935680452,0,-1.094060217037603,1,-0.0382038121889217,0
640,0.1468093058789433,0,0.4426433770310026,0,0.0,0
641,-0.1599439839905727,0,-0.4835008399264859,0,0.0,0
642,0.0981003898320518,0,0.2955822617931333,0,0.0,0
643,0.2421894399748704,0,0.7306134250234728,0,0.0,0
644,0.4744497481752968,1,1.431849722636088,0,0.0,0
645,-0.3887504600363755,0,-1.1743093873503188,1,-0.02077654261861385,0
646,-0.3384641339527953,0,-1.0224857830650744,1,-0.07256339794560489,0
647,-0.2404579141160718,0,-0.7265871025121916,0,0.0,0
648,-0.2175846548354179,0,-0.6575285544693724,0,0.0,0
649,-0.0271306718720605,0,-0.0825131895386045,0,0.0,0
650,0.0199913953553983,0,0.0597569392425962,0,0.0,0
651,-0.0545790530621349,0,-0.1653848663667341,0,0.0,0
652,0.008814026531341,0,0.0260104209848621,0,0.0,0
653,-0.2068914422590468,0,-0.6252437923645691,0,0.0,0
654,-0.0219381206270216,0,-0.0668359288028066,0,0.0,0
655,-0.4250620075116406,0,-1.2839405822343222,1,-0.03961357438219579,0
656,-0.0403466775356921,0,-0.1224147248142531,0,0.0,0
657,0.0039407538956847,0,0.011297120693641,0,0.0,0
658,-0.3381621975994597,0,-1.0215741820594262,1,0.20555313468314376,1
659,0.1540544896610654,0,0.4645179103520986,0,0.0,0
660,-0.0938797034607775,0,-0.2840407089979688,0,0.0,0
661,0.103842126132889,0,0.3129176125324107,0,0.0,0
662,-0.4404678573315445,0,-1.330453657038145,1,0.26627510071683486,1
663,-0.0352014827668453,0,-0.1068804419307204,0,0.0,0
664,0.1901420465169719,0,0.5734728366397327,0,0.0,0
665,0.0319108013674165,0,0.0957438033192446,0,0.0,0
666,-0.0678114641004985,0,-0.2053359324654802,0,0.0,0
667,-0.2946557053040496,0,-0.8902201344577224,0,0.0,0
668,0.3814099430409701,0,1.150945555288244,-1,0.084757948236563,0
669,0.2520463385408799,0,0.7603732023609201,0,0.0,0
670,0.3653414690520922,0,1.1024318970762603,-1,-0.12844748360507943,-1
671,-0.0048995463212718,0,-0.015393360525273,0,0.0,0
672,0.1194524647532254,0,0.360048076378854,0,0.0,0
673,-0.1985911928731272,0,-0.6001838232560247,0,0.0,0
674,-0.1665485843165313,0,-0.5034413347775892,0,0.0,0
675,-0.2280061453078458,0,-0.6889929379067018,0,0.0,0
676,0.1296307993868938,0,0.3907783279215183,0,0.0,0
677,-0.1213671439069417,0,-0.3670303128552158,0,0.0,0
678,-0.0720018966905044,0,-0.2179876139240067,0,0.0,0
679,-0.067456851835332,0,-0.2042652932596681,0,0.0,0
680,0.0780296650551318,0,0.2349850773580561,0,0.0,0
681,-0.1286384143807558,0,-0.3889836066638044,0,0.0,0
682,0.2700273324822302,0,0.8146611076707959,0,0.0,0
683,-0.059879846244699,0,-0.181388929284552,0,0.0,0
684,0.0644778681850093,0,0.194069727090793,0,0.0,0
685,0.1694340270752233,0,0.5109515431964684,0,0.0,0
686,0.0839476188139895,0,0.2528524607928655,0,0.0,0
687,-0.3949814327382979,0,-1.1931218321536334,1,-0.00046015822299242147,0
688,0.005958125120702,0,0.0173879329366032,0,0.0,0
689,0.2321613165994637,0,0.7003366887086977,0,0.0,0
690,0.2124062920298358,0,0.6406926608686162,0,0.0,0
691,0.2428042821915751,0,0.7324697459893688,0,0.0,0
692,-0.1621860938859528,0,-0.4902701792684462,0,0.0,0
693,0.0615403777253796,0,0.1852009067997013,0,0.0,0
694,0.0760002107997721,0,0.2288577842392743,0,0.0,0
695,0.2968240131569658,0,0.8955651815965217,0,0.0,0
696,0.054910949592435,0,0.1651854522639942,0,0.0,0
697,0.2380492781493097,0,0.7181135201858027,0,0.0,0
698,-0.165654438482813,0,-0.500741745171339,0,0.0,0
699,0.5985635158127286,1,1.806571859083616,0,0.0,0
700,0.9153834419381672,1,2.7631090897773323,0,0.0,0
701,-0.2396623154102328,0,-0.724185044686683,0,0.0,0
702,-0.0840117687968634,0,-0.2542476116649755,0,0.0,0
703,-0.5159325311772853,1,-1.558295292564028,0,0.0,0
704,0.15029248904756,0,0.4531597432926007,0,0.0,0
705,-0.1834952438454032,0,-0.554606395553591,0,0.0,0
706,-0.1601610934565078,0,-0.4841563330636843,0,0.0,0
707,0.0227043288419157,0,0.0679477810118799,0,0.0,0
708,-0.386591531351354,0,-1.1677911872772022,1,0.0016462346507965491,1
709,0.2894451927513443,0,0.8732871748975839,0,0.0,0
710,-0.1824514796504437,0,-0.551455080783861,0,0.0,0
711,-0.1644238376115793,0,-0.4970263363463489,0,0.0,0
712,-0.2314343674753852,0,-0.6993433668662825,0,0.0,0
713,0.1701936932643496,0,0.5132451141902034,0,0.0,0
714,-0.0198664033616736,0,-0.0605810359366559,0,0.0,0
715,-0.0590768099321593,0,-0.178964415965781,0,0.0,0
716,-0.0776897331612512,0,-0.2351602312303207,0,0.0,0
717,0.1164197053213924,0,0.3508916216578297,0,0.0,0
718,0.1052460245680801,0,0.3171562383593775,0,0.0,0
719,0.0247573276806834,0,0.0741461595288761,0,0.0,0
720,-0.2249641847784401,0,-0.6798087033913347,0,0.0,0
721,0.0148896350521819,0,0.0443537929450065,0,0.0,0
722,-0.2528463637777886,0,-0.7639900950478168,0,0.0,0
723,-0.2742154655361459,0,-0.8285073167652992,0,0.0,0
724,-0.2469180919800406,0,-0.746091559568794,0,0.0,0
725,0.0914179929860229,0,0.2754068850367923,0,0.0,0
726,0.0113019749986839,0,0.0335219918830848,0,0.0,0
727,0.1718869409370704,0,0.518357338220903,0,0.0,0
728,-0.066931027103027,0,-0.2026777323400619,0,0.0,0
729,-0.3019655347195817,0,-0.9122898447549472,0,0.0,0
730,-0.1010768494283681,0,-0.3057702073818926,0,0.0,0
731,-0.2266750531024852,0,-0.6849741273871591,0,0.0,0
732,-0.0563346632971959,0,-0.1706853743649522,0,0.0,0
733,-0.4542406866133612,1,-1.3720363445324608,0,0.0,0
734,0.0228007840294205,0,0.0682389968424947,0,0.0,0
735,-0.2518577731247844,0,-0.7610053592798404,0,0.0,0
736,0.0965590146722917,0,0.2909285686217219,0,0.0,0
737,0.6568411251091608,1,1.982522607161844,0,0.0,0
738,-0.3178181248925382,0,-0.9601517102910136,0,0.0,0
739,0.2344823146696942,0,0.7073442058610899,0,0.0,0
740,-0.0210075979163613,0,-0.0640265107600782,0,0.0,0
741,-0.0107477540477955,0,-0.0330501679479087,0,0.0,0
742,-0.1558606212240709,0,-0.471172421823639,0,0.0,0
743,-0.3817163175992454,0,-1.153072026400826,1,0.06538755778041319,1
744,-0.2785223114788031,0,-0.8415104714007897,0,0.0,0
745,-0.0772211393632018,0,-0.2337454609556475,0,0.0,0
746,-0.0401868513382954,0,-0.1219321803287474,0,0.0,0
747,-0.0574633779130694,0,-0.1740931699733752,0,0.0,0
748,0.562575514257839,1,1.69791750843559,0,0.0,0
749,-0.1628369928980325,0,-0.4922353622860998,0,0.0,0
750,-0.1300707049436797,0,-0.3933079535108066,0,0.0,0
751,0.0003504192026253,0,0.0004572444063052,0,0.0,0
752,-0.1277041851063093,0,-0.3861629978279249,0,0.0,0
753,-0.1232812319109223,0,-0.3728092941870489,0,0.0,0
754,0.2427030287714967,0,0.7321640434181179,0,0.0,0
755,0.2162269243294123,0,0.6522278476986546,0,0.0,0
756,0.0751474787351129,0,0.2262832303668959,0,0.0,0
757,-0.0131372173742863,0,-0.0402643942155482,0,0.0,0
758,-0.2822039540260354,0,-0.8526260227791441,0,0.0,0
759,0.1022528526758412,0,0.3081193056518717,0,0.0,0
760,0.0274760424539693,0,0.0823544560589856,0,0.0,0
761,0.1214952969959855,0,0.366215760085364,0,0.0,0
762,0.2073259978319648,0,0.6253543246642929,0,0.0,0
763,-0.1401263802352626,0,-0.4236678740934456,0,0.0,0
764,0.2743753374011322,0,0.8277885287741089,0,0.0,0
765,-0.0543621509970969,0,-0.1647299994107301,0,0.0,0
766,0.1392515296459773,0,0.4198250699993236,0,0.0,0
767,0.1728577932958397,0,0.5212885188383177,0,0.0,0
768,0.030772887676107,0,0.0923082340216786,0,0.0,0
769,0.1066266720765495,0,0.3213246653913079,0,0.0,0
770,-0.0848856024787633,0,-0.256885875174451,0,0.0,0
771,0.0084395435124837,0,0.0248797883438528,0,0.0,0
772,0.1392475128538099,0,0.4198129425700201,0,0.0,0
773,-0.5551809452837524,1,-1.6767934242871445,0,0.0,0
774,0.0588413752343821,0,0.1770521252506772,0,0.0,0
775,0.4587149638927259,1,1.3843435346027817,0,0.0,0
776,-0.701467137086085,1,-2.1184581595409844,0,0.0,0
777,-0.0171268980253941,0,-0.0523099688990419,0,0.0,0
778,-0.3946222582919414,0,-1.1920374188894318,1,0.19889405262697143,1
779,-0.2087785147002637,0,-0.6309412087774665,0,0.0,0
780,0.2193678007063217,0,0.6617107272266636,0,0.0,0
781,-0.2699635876648067,0,-0.8156701207781746,0,0.0,0
782,0.424612614025692,1,1.281382310853725,0,0.0,0
783,-0.377511952578451,0,-1.1403782803887024,1,0.020250347634008438,1
784,-0.1168798880244371,0,-0.3534824676557139,0,0.0,0
785,0.0143123465064923,0,0.0426108533718607,0,0.0,0
786,0.1374441056765535,0,0.4143681268722124,0,0.0,0
787,-0.0652583751123091,0,-0.1976276904355569,0,0.0,0
788,0.3459073940453949,0,1.0437568745947514,-1,-0.2075037929609401,-1
789,0.315033810899868,0,0.9505438873790358,0,0.0,0
790,-0.078363081347244,0,-0.2371931924048247,0,0.0,0
791,-0.039456423870979,0,-0.119726886377215,0,0.0,0
792,0.0972612521575368,0,0.2930487518678976,0,0.0,0
793,-0.2553786243627568,0,-0.7716354523236763,0,0.0,0
794,-0.1019778366362585,0,-0.3084904523464872,0,0.0,0
795,0.0872881461189084,0,0.262938122942912,0,0.0,0
796,0.1055299095618825,0,0.3180133390131404,0,0.0,0
797,0.0498252574863732,0,0.1498308187888029,0,0.0,0
798,-0.0347849065869495,0,-0.1056227223473481,0,0.0,0
799,0.9910811489553764,1,2.9916542950162137,0,0.0,0
800,0.4954762876406352,1,1.4953326862148488,0,0.0,0
801,-0.114847320815468,0,-0.3473457759613399,0,0.0,0
802,0.043782397120439,0,0.1315863194904509,0,0.0,0
803,0.0700258102548695,0,0.2108199776462206,0,0.0,0
804,-0.1476021711116099,0,-0.4462386523571692,0,0.0,0
805,-0.2787994702547637,0,-0.8423472643742056,0,0.0,0
806,-0.1388653596531722,0,-0.419860622604589,0,0.0,0
807,-0.210059790398729,0,-0.6348096141626756,0,0.0,0
808,-0.1720769666441192,0,-0.5201325308981051,0,0.0,0
809,0.1423353473484695,0,0.4291356789663186,0,0.0,0
810,0.0353924106487053,0,0.1062554177274967,0,0.0,0
811,0.2097444128907331,0,0.6326559615003113,0,0.0,0
812,0.0619762809468804,0,0.1865169782521635,0,0.0,0
813,0.3878198425042892,1,1.1702982126688934,0,0.0,0
814,-0.1811235579674921,0,-0.5474458426506329,0,0.0,0
815,0.3645489218185348,0,1.1000390522029846,-1,0.15802761909398808,0
816,0.3662870431960643,0,1.1052867581456132,-1,0.07062598573397552,0
817,-0.2643268725589611,0,-0.7986518482108731,0,0.0,0
818,-0.450032373660264,0,-1.3593306789915431,1,0.13243126317515816,1
819,0.1972742588547965,0,0.5950062885339205,0,0.0,0
820,0.3989253101130383,1,1.203827648023366,0,0.0,0
821,-0.204093226913738,0,-0.6167954690850964,0,0.0,0
822,-0.0766326144883723,0,-0.2319685968522802,0,0.0,0
823,-0.0158568212647065,0,-0.0484753751527018,0,0.0,0
824,0.1278854192637027,0,0.3855087064997772,0,0.0,0
825,-0.184034760013976,0,-0.556235293420314,0,0.0,0
826,0.0439113783036633,0,0.1319757372436893,0,0.0,0
827,-0.1832093080245327,0,-0.5537431030782834,0,0.0,0
828,-0.0287087512670894,0,-0.0872776995010809,0,0.0,0
829,0.2594076412023156,0,0.782598319790182,0,0.0,0
830,0.0996616055143537,0,0.3002958571263809,0,0.0,0
831,-0.0144968985326675,0,-0.0443695200066243,0,0.0,0
832,-0.0814511897588496,0,-0.2465167558064197,0,0.0,0
833,0.2026310768867875,0,0.6111795007062576,0,0.0,0
834,0.0010798026336846,0,0.0026593862216629,0,0.0,0
835,-0.5918062617212851,1,-1.787371944984633,0,0.0,0
836,-0.2902368989059976,0,-0.8768789507554989,0,0.0,0
837,0.1074995415208184,0,0.3239600176912373,0,0.0,0
838,0.0443664459408219,0,0.1333496695677999,0,0.0,0
839,0.4888005625291266,1,1.4751774526437549,0,0.0,0
840,0.4377557260241297,1,1.3210637668386158,0,0.0,0
841,-0.3230771705443634,0,-0.97602972978748,0,0.0,0
842,0.0196722563055301,0,0.0587934001536872,0,0.0,0
843,-0.1782678863007621,0,-0.5388240482412027,0,0.0,0
844,0.0864957250816038,0,0.2605456590791754,0,0.0,0
845,-0.4024564475110235,0,-1.2156902672187515,1,0.08754288397414474,1
846,-0.16777872666302,0,-0.5071553592326152,0,0.0,0
847,0.0460626231560709,0,0.1384707384225339,0,0.0,0
848,-0.3427031052504531,0,-1.0352840117486024,1,-0.020536339723616976,0
849,0.2314591399895675,0,0.6982166892563206,0,0.0,0
850,-0.2726826356369031,0,-0.8238794232963583,0,0.0,0
851,-0.0609254669249549,0,-0.1845458491225174,0,0.0,0
852,0.0524544911941008,0,0.157768955636422,0,0.0,0
853,0.0922873820173731,0,0.2780317293343506,0,0.0,0
854,-0.0147369739476962,0,-0.0450943515393427,0,0.0,0
855,-0.0183639276117781,0,-0.0560447871894087,0,0.0,0
856,0.0285880611258023,0,0.0857118435624905,0,0.0,0
857,0.0697506901537762,0,0.2099893398046358,0,0.0,0
858,0.2300122349159726,0,0.69384821853196,0,0.0,0
859,-0.0237968806374293,0,-0.0724478648152392,0,0.0,0
860,-0.0491994967169034,0,-0.1491430030731002,0,0.0,0
861,-0.0078263203720462,0,-0.0242298260204564,0,0.0,0
862,-0.0391035363695829,0,-0.1186614545482895,0,0.0,0
863,0.2606307284153928,0,0.7862910435086725,0,0.0,0
864,-0.063834693427199,0,-0.1933293353632643,0,0.0,0
865,-0.2555796505141082,0,-0.7722423869961961,0,0.0,0
866,0.0479679528914938,0,0.1442232769417119,0,0.0,0
867,-0.0257695201961726,0,-0.078403623986555,0,0.0,0
868,-0.1508661764478481,0,-0.4560932807054464,0,0.0,0
869,0.0580289435735893,0,0.1745992456592748,0,0.0,0
870,0.1623751645701388,0,0.4896395478461891,0,0.0,0
871,0.0626961286209241,0,0.1886903298751875,0,0.0,0
872,-0.2166717858522618,0,-0.6547724362547985,0,0.0,0
873,0.009965882886913,0,0.0294880857327532,0,0.0,0
874,0.1078192608582475,0,0.3249253087742943,0,0.0,0
875,0.1399328687266815,0,0.4218821571446636,0,0.0,0
876,-0.0511546475922267,0,-0.1550459607145008,0,0.0,0
877,0.0641738574847886,0,0.193151863252976,0,0.0,0
878,0.0567084414639096,0,0.1706124085730934,0,0.0,0
879,-0.2958187344453924,0,-0.893731531886796,0,0.0,0
880,-0.1167284576030491,0,-0.3530252715516407,0,0.0,0
881,-0.1595117662400987,0,-0.4821958955842814,0,0.0,0
882,0.0808064716843464,0,0.2433687638128948,0,0.0,0
883,-0.0628339460655503,0,-0.1903078962712154,0,0.0,0
884,-0.2320209008685242,0,-0.7011142183226408,0,0.0,0
885,0.0484182170352174,0,0.1455827066416847,0,0.0,0
886,0.2161187755729044,0,0.651901326847147,0,0.0,0
887,0.005748862606668,0,0.0167561311806024,0,0.0,0
888,-0.5015088508317767,1,-1.5147475668170003,0,0.0,0
889,-0.0898396147492401,0,-0.271842943171962,0,0.0,0
890,-0.1066129296288892,0,-0.3224846447869696,0,0.0,0
891,-0.1577481042659981,0,-0.4768710779150857,0,0.0,0
892,-0.0669099560254453,0,-0.2026141149077739,0,0.0,0
893,-0.0320559719005914,0,-0.097383570032795,0,0.0,0
894,-0.0147392521845248,0,-0.0451012299524953,0,0.0,0
895,-0.0117751786801166,0,-0.0361521505932739,0,0.0,0
896,-0.2499769370035615,0,-0.7553267714561978,0,0.0,0
897,-0.2404058421874889,0,-0.7264298878477838,0,0.0,0
898,0.0270462214416373,0,0.0810567479070457,0,0.0,0
899,0.4722860722268105,1,1.425317189707385,0,0.0,0
900,-0.2370132810947051,0,-0.7161871261871242,0,0.0,0
901,0.0383887733115992,0,0.1153019839544702,0,0.0,0
902,-0.4465949073577592,0,-1.348952340299869,1,0.2809243799863692,1
903,-0.0212424743472703,0,-0.0647356456100373,0,0.0,0
904,0.0973577936450226,0,0.2933402282539191,0,0.0,0
905,-0.2039620830985365,0,-0.616399521950869,0,0.0,0
906,-0.212738237473815,0,-0.6428963351561903,0,0.0,0
907,-0.008721645696454,0,-0.0269329767245566,0,0.0,0
908,-0.0531161472023096,0,-0.1609680863458686,0,0.0,0
909,-0.1419700086334944,0,-0.429234125004617,0,0.0,0
910,0.0450617615460495,0,0.1354489543937777,0,0.0,0
911,0.0552254867578086,0,0.1661350974229844,0,0.0,0
912,0.2814010145222427,0,0.8490003313881733,0,0.0,0
913,-0.3357227488606943,0,-1.014209040701259,1,0.13294031560226205,1
914,0.2007440193123384,0,0.6054821291788478,0,0.0,0
915,0.3479543238895501,0,1.0499369297083851,-1,0.0254434853732674,0
916,-0.3304789815651525,0,-0.9983771493533204,0,0.0,0
917,0.6695557997643173,1,2.0209105325444146,0,0.0,0
918,0.8357848840922535,1,2.5227865033154,0,0.0,0
919,-1.266494411694309,1,-3.8243787155169375,0,0.0,0
920,0.2088445171050781,0,0.6299390117388164,0,0.0,0
921,-1.823864071689164,1,-5.507179534153227,0,0.0,0
922,0.3033582625511353,0,0.9152932741334988,0,0.0,0
923,-0.079246250453055,0,-0.239859641264396,0,0.0,0
924,0.5562859349917089,1,1.6789281197092294,0,0.0,0
925,-0.330558126487892,0,-0.9986161023325304,0,0.0,0
926,0.0505943280460532,0,0.1521527832951424,0,0.0,0
927,0.9883358966289116,1,2.983365876765424,0,0.0,0
928,-0.4493632516141668,0,-1.357310477305376,1,-0.3828898357890608,0
929,1.7754100909654582,1,5.3596866448697815,0,0.0,0
930,-1.817815761783008,1,-5.488918581697474,0,0.0,0
931,1.124997431066424,1,3.395972013291872,0,0.0,0
932,0.6301262749019824,1,1.9018655943657023,0,0.0,0
933,1.483913999121735,1,4.479606695795365,0,0.0,0
934,2.21764182599034,1,6.694865035695158,0,0.0,0
935,-1.8564515105633417,1,-5.605566964884983,0,0.0,0
936,-0.2775802926120503,0,-0.8386663443628074,0,0.0,0
937,-2.176875835811703,1,-6.572986534948951,0,0.0,0
938,0.0326022431461514,0,0.0978313923554063,0,0.0,0
939,-1.7976886464096329,1,-5.428151143750787,0,0.0,0
940,0.0837584593874858,0,0.2522813539303639,0,0.0,0
941,0.0733069142926865,0,0.2207262300979962,0,0.0,0
942,-1.454060507142576,1,-4.390675020507183,0,0.0,0
943,0.7607329796110016,1,2.2961910939017818,0,0.0,0
944,-0.7884879254416606,1,-2.3811898157357074,0,0.0,0
945,0.8355936104931345,1,2.522209013379576,0,0.0,0
946,-0.5119154319904269,1,-1.54616693631254,0,0.0,0
947,0.2250412398505143,0,0.6788398763741407,0,0.0,0
948,0.3697629574666676,0,1.115781178276294,-1,0.1416253867968336,0
949,-0.9216003537104992,1,-2.783080552421184,0,0.0,0
950,-0.0454989195963362,0,-0.1379702847590558,0,0.0,0
951,-0.993199729068018,1,-2.9992521457343035,0,0.0,0
952,-0.2742208577878349,0,-0.8285235969581548,0,0.0,0
953,0.3432512306914583,0,1.0357374322259698,-1,0.29120941242200454,0
954,0.7636649507710007,1,2.305043250419074,0,0.0,0
955,-0.7482157342231559,1,-2.259600713897257,0,0.0,0
956,0.2731867919699124,0,0.8242000930048182,0,0.0,0
957,-0.1598804928040245,0,-0.4833091484363166,0,0.0,0
958,0.1737577123828395,0,0.5240055389508291,0,0.0,0
959,0.972064872089024,1,2.9342406814398894,0,0.0,0
960,0.787504337950724,1,2.3770187150724538,0,0.0,0
961,-0.0544397190882182,0,-0.1649641916472434,0,0.0,0
962,-0.1325366645908019,0,-0.4007531361440692,0,0.0,0
963,-0.1537262241775774,0,-0.4647282872484501,0,0.0,0
964,-1.1673454665489738,1,-3.5250299385149115,0,0.0,0
965,0.5095775987442059,1,1.537907120333048,0,0.0,0
966,0.0658729030567289,0,0.1982815922005257,0,0.0,0
967,0.3561427234811596,0,1.0746592038562257,-1,-0.05317094778804863,-1
968,-0.9232969997543696,1,-2.788203036755168,0,0.0,0
969,0.1016608559143679,0,0.3063319592885147,0,0.0,0
970,-0.1504217138845422,0,-0.4547513670365338,0,0.0,0
971,0.029602439398297,0,0.0887744368643519,0,0.0,0
972,-0.2393179228585829,0,-0.7231452606628197,0,0.0,0
973,0.5266459446288154,1,1.5894395744455545,0,0.0,0
974,0.0885073749223747,0,0.2666191974179684,0,0.0,0
975,0.3135671381411342,0,0.9461157344022636,0,0.0,0
976,-0.0465630660112778,0,-0.1411831371741462,0,0.0,0
977,-0.2378698050319732,0,-0.7187731284155727,0,0.0,0
978,0.8979381894510305,1,2.7104386857819995,0,0.0,0
979,0.0462540383648903,0,0.1390486559039118,0,0.0,0
980,-1.1122026943186014,1,-3.358543836182033,0,0.0,0
981,-0.5159008465243394,1,-1.5581996308089263,0,0.0,0
982,0.827509149655358,1,2.4978005493161226,0,0.0,0
983,-0.0846074315704841,0,-0.2560460263886785,0,0.0,0
984,0.4194476626150558,1,1.2657883790596702,0,0.0,0
985,0.8502858585063304,1,2.566567593974798,0,0.0,0
986,0.0772441940387616,0,0.2326135968770856,0,0.0,0
987,0.6479887157140659,1,1.955795566122138,0,0.0,0
988,-0.0044658839818267,0,-0.0140840547050806,0,0.0,0
989,-0.4988967910045809,1,-1.506861281051872,0,0.0,0
990,0.7556688106345151,1,2.280901442686424,0,0.0,0
991,0.6992307434679839,1,2.1105046083288355,0,0.0,0
992,-0.0344895920117584,0,-0.1047311136995232,0,0.0,0
993,-0.3066834844085409,0,-0.9265341966971368,0,0.0,0
994,-0.4403669317628155,0,-1.3301489443100067,1,-0.12013806941475365,0
995,0.1846325269828622,0,0.5568385907384075,0,0.0,0
996,-0.1723740112623743,0,-0.5210293628619687,0,0.0,0
997,-0.189866165656644,0,-0.573841372282541,0,0.0,0
998,0.2663707449540539,0,0.8036212019717897,0,0.0,0
999,0.3531453894251648,0,1.0656097048160356,-1,-0.06855416945665055,-1
1000,-0.2414414171366942,0,-0.7295564777886462,0,0.0,0
1001,-0.427214937297949,0,-1.290440670536401,1,-0.00639412925599815,0
1002,0.1717039923924204,0,0.5178049831452638,0,0.0,0
1003,-0.3646985780049799,0,-1.1016923619231551,1,-0.005115286417126588,0
1004,-0.0694625644061328,0,-0.210320905895856,0,0.0,0
1005,-0.2484052965019161,0,-0.7505817016890431,0,0.0,0
1006,0.0628199965062856,0,0.1890643096481286,0,0.0,0
1007,-0.1528879613886868,0,-0.4621974187627303,0,0.0,0
1008,0.1892638515926065,0,0.5708214057425827,0,0.0,0
1009,0.0085288405613478,0,0.025149392446329,0,0.0,0
1010,0.6560465281524015,1,1.9801235737997969,0,0.0,0
1011,-0.2867434404210727,0,-0.866331561436967,0,0.0,0
1012,-0.9724659699668312,1,-2.9366531395573143,0,0.0,0
1013,0.1199649231108039,0,0.3615952817715157,0,0.0,0
1014,-0.4163448521105182,0,-1.257621897709363,1,0.010127357662509827,1
1015,-0.871215004929615,1,-2.6309579805242325,0,0.0,0
1016,-0.1138382558497335,0,-0.3442992245031731,0,0.0,0
1017,0.0188688988549283,0,0.0563679172604439,0,0.0,0
1018,-0.508852321551286,1,-1.5369188463562131,0,0.0,0
1019,0.0172606772839488,0,0.05151240256268,0,0.0,0
1020,0.1541154109529008,0,0.4647018428606853,0,0.0,0
1021,-0.1111507126985256,0,-0.3361850407942594,0,0.0,0
1022,0.4012117529454072,1,1.2107308366004244,0,0.0,0
1023,-0.3515629163431734,0,-1.0620333998655125,1,0.12966781021662654,1
1024,0.2125328398291741,0,0.6410747317913948,0,0.0,0
1025,0.0473063713792989,0,0.1422258415048306,0,0.0,0
1026,-0.2784968150078667,0,-0.8414334928975746,0,0.0,0
1027,0.4973155882836296,1,1.5008858708424044,0,0.0,0
1028,-0.092775029016632,0,-0.2807054950594279,0,0.0,0
1029,0.2988222453929313,0,0.9015982097354036,0,0.0,0
1030,-0.2083898649125542,0,-0.6297678040734386,0,0.0,0
1031,0.4689317810819005,1,1.415189972010155,0,0.0,0
1032,0.1711407586704201,0,0.5161044776522408,0,0.0,0
1033,-0.345124526454467,0,-1.042594724686252,1,0.2274868247123722,1
1034,-0.1160382244676375,0,-0.3509413316304559,0,0.0,0
1035,0.2299332567880828,0,0.6936097691368699,0,0.0,0
1036,-0.0825143063303666,0,-0.249726498936089,0,0.0,0
1037,-0.0544088201125719,0,-0.1648709019954295,0,0.0,0
1038,0.1757459426627782,0,0.5300083693574019,0,0.0,0
1039,0.1566505768849075,0,0.4723559719099757,0,0.0,0
1040,0.0927607643250416,0,0.2794609569942842,0,0.0,0
1041,0.7542115546306405,1,2.2765017206127367,0,0.0,0
1042,-0.0454585057880535,0,-0.1378482680894312,0,0.0,0
1043,-0.0116421105256161,0,-0.0357503935271825,0,0.0,0
1044,0.217611455586857,0,0.6564080004781887,0,0.0,0
1045,0.2147285816611673,0,0.6477040774799031,0,0.0,0
1046,-0.3408884000271714,0,-1.0298050851860223,1,-0.04510285308262741,0
1047,0.1396554683444294,0,0.4210446347177195,0,0.0,0
1048,-0.5022491022182939,1,-1.5169825209751424,0,0.0,0
1049,0.8491590645789144,1,2.563165597275681,0,0.0,0
1050,0.4960089312171164,1,1.4969408344706263,0,0.0,0
1051,0.1966329060924168,0,0.5930699273879314,0,0.0,0
1052,-0.7593823753184828,1,-2.2933148431823125,0,0.0,0
1053,0.3526035412178796,0,1.0639737660984443,-1,0.14116465264474448,0
1054,-0.3562806496233267,0,-1.0762770984299856,1,-0.21497958322073948,0
1055,0.0424612972023379,0,0.1275976775114429,0,0.0,0
1056,-0.0366746756206621,0,-0.1113282802655786,0,0.0,0
1057,0.0565330706532594,0,0.1700829320606296,0,0.0,0
1058,-0.289732486131784,0,-0.8753560364487084,0,0.0,0
1059,-0.1244414134970586,0,-0.3763120943267889,0,0.0,0
1060,0.0462401086302923,0,0.1390065994906059,0,0.0,0
1061,-0.0217983956494673,0,-0.0664140735719093,0,0.0,0
1062,0.1772777931576334,0,0.5346333058255882,0,0.0,0
1063,0.1076081673946167,0,0.324287979047,0,0.0,0
1064,-0.187392224430955,0,-0.5663720918055843,0,0.0,0
1065,0.1643327912417194,0,0.4955499803687458,0,0.0,0
1066,-0.1861666632997785,0,-0.5626718988764399,0,0.0,0
1067,-0.1738457875904855,0,-0.525472924446964,0,0.0,0
1068,0.5276795295232842,1,1.5925601560476426,0,0.0,0
1069,0.0913359429305793,0,0.2751591609312661,0,0.0,0
1070,-0.439162896750441,0,-1.3265137426657172,1,0.24727327679951192,1
1071,0.0646135379103373,0,0.1944793387744431,0,0.0,0
1072,-0.1271159747279747,0,-0.3843870832469251,0,0.0,0
1073,-0.0496385394180388,0,-0.1504685531880702,0,0.0,0
1074,-0.1979314139147284,0,-0.5981918300583278,0,0.0,0
1075,-0.1068777548371305,0,-0.323284200466459,0,0.0,0
1076,0.0096913981031331,0,0.028659366030191,0,0.0,0
1077,-0.2340035944388517,0,-0.7071003323915027,0,0.0,0
1078,0.2042690904470594,0,0.6161249628618193,0,0.0,0
1079,-0.4890956822119567,1,-1.4772699432314325,0,0.0,0
1080,0.3861346655478778,1,1.1652103556050155,0,0.0,0
1081,0.09807076686663,0,0.2954928246492768,0,0.0,0
1082,0.0235805846617574,0,0.0705933573982554,0,0.0,0
1083,0.2179743314395169,0,0.6575035889641585,0,0.0,0
1084,-0.0650283893900195,0,-0.1969333215283092,0,0.0,0
1085,-0.0415721104137996,0,-0.1261145305239542,0,0.0,0
1086,0.0314342293920807,0,0.0943049454699644,0,0.0,0
1087,0.3941803675083868,1,1.189501799537886,0,0.0,0
1088,0.554315196136982,1,1.672978099110542,0,0.0,0
1089,-0.0568979647827824,0,-0.1723860844486204,0,0.0,0
1090,-0.6084171422120073,1,-1.8375232275074649,0,0.0,0
1091,-0.3542432039328165,0,-1.0701256777086832,1,-0.0638707411987736,0
1092,-0.9729788514693792,1,-2.9382016225019347,0,0.0,0
1093,0.3738554821110404,0,1.1281372577620403,-1,0.36483247932559526,0
1094,-0.463078693558448,1,-1.398719901944686,0,0.0,0
1095,1.6126684070189534,1,4.868339772896243,0,0.0,0
1096,-0.3929539134953178,0,-1.1870003811906955,1,-0.04823547385198367,0
1097,-0.0742165280303354,0,-0.224673990487237,0,0.0,0
1098,-0.1149444005430416,0,-0.3476388773925075,0,0.0,0
1099,0.1398274603225684,0,0.4215639099176181,0,0.0,0
1100,0.4366369463610063,1,1.3176859666673704,0,0.0,0
1101,0.6096811237137303,1,1.840137948198075,0,0.0,0
1102,0.246106516625166,0,0.7424397949658902,0,0.0,0
1103,0.3256483632500709,0,0.9825911598921182,0,0.0,0
1104,0.0473581298054551,0,0.1423821096481448,0,0.0,0
1105,0.4943087825351969,1,1.4918077750325436,0,0.0,0
1106,0.4447093216682318,1,1.3420579423064172,0,0.0,0
1107,0.1349275682034074,0,0.4067702405430962,0,0.0,0
1108,-0.1677557271669716,0,-0.5070859195527107,0,0.0,0
1109,-0.1911635004921516,0,-0.5777582631360145,0,0.0,0
1110,0.1364320839674963,0,0.411312648465844,0,0.0,0
1111,0.3001991418880204,0,0.9057553117727388,0,0.0,0
1112,0.5833260227924323,1,1.760567084211665,0,0.0,0
1113,-0.1701259656203336,0,-0.5142421024165531,0,0.0,0
1114,0.2523403728310502,0,0.7612609455943969,0,0.0,0
1115,-0.2218390684605105,0,-0.6703734063602867,0,0.0,0
1116,-0.066961603697225,0,-0.2027700486633936,0,0.0,0
1117,0.2713338704416865,0,0.8186057844366119,0,0.0,0
1118,-0.1237608782911298,0,-0.3742574342262402,0,0.0,0
1119,-0.0003301648456986,0,-0.0015975631583567,0,0.0,0
1120,-0.2363220529991009,0,-0.7141001822993676,0,0.0,0
1121,0.3425799564838461,0,1.033710732771052,-1,0.0594158813147167,0
1122,-0.2568083010435602,0,-0.7759519073830768,0,0.0,0
1123,-0.3444172932607055,0,-1.040459458483496,1,-0.017852294263821424,0
1124,0.3664594071235334,0,1.1058071563284837,-1,-0.11103950677595435,-1
1125,-0.02229080612823,0,-0.0679007507562657,0,0.0,0
1126,0.3425608678431863,0,1.0336531006779646,-1,0.03176807243678173,0
1127,-0.1433520591547908,0,-0.4334067879885613,0,0.0,0
1128,0.1215916177834261,0,0.3665065701376336,0,0.0,0
1129,-0.048290497167552,0,-0.1463985673860148,0,0.0,0
1130,0.0028422949227859,0,0.0079806723981784,0,0.0,0
1131,-0.4224487478670837,0,-1.2760506740014088,1,0.18091284745427402,1
1132,0.2616361147958143,0,0.7893264886458092,0,0.0,0
1133,0.0662667236679443,0,0.1994706085652758,0,0.0,0
1134,-0.4471914247893438,0,-1.350753335392086,1,-0.05625287611727108,0
1135,-0.1930736876840553,0,-0.5835254672036233,0,0.0,0
1136,-0.0632385623534455,0,-0.1915295067559159,0,0.0,0
1137,-0.0943371840231774,0,-0.2854219263841534,0,0.0,0
1138,0.271866078756151,0,0.8202126185568511,0,0.0,0
1139,0.3315822659799868,0,1.0005066961839622,-1,0.022865104928012712,0
1140,0.825200461592707,1,2.4908301983252903,0,0.0,0
1141,-0.3733170747204078,0,-1.127713177853951,1,0.03522524873383084,1
1142,-0.0989281109340268,0,-0.2992827733558887,0,0.0,0
1143,-0.1138727072285627,0,-0.3444032395091164,0,0.0,0
1144,0.3008648915084559,0,0.90776533148979,0,0.0,0
1145,0.1243133775952959,0,0.3747240601954673,0,0.0,0
1146,-0.0095991219599456,0,-0.0295822378532502,0,0.0,0
1147,0.6462457956336721,1,1.95053337201898,0,0.0,0
1148,0.9229656240539656,1,2.7860010826275223,0,0.0,0
1149,-0.3678021659529605,0,-1.1110626608727243,1,-0.13226124886388685,0
1150,-0.1394664854843135,0,-0.4216755312968872,0,0.0,0
1151,-0.1080672230417455,0,-0.3268754222571938,0,0.0,0
1152,-0.2198087339647367,0,-0.664243455634901,0,0.0,0
1153,0.6775493473986351,1,2.0450445130394463,0,0.0,0
1154,0.1306009284347586,0,0.3937073247311847,0,0.0,0
1155,0.123508590493869,0,0.3722942609252279,0,0.0,0
1156,0.3116071613465664,0,0.9401982064291096,0,0.0,0
1157,-0.0966446702135711,0,-0.292388648703094,0,0.0,0
1158,0.2114136346908373,0,0.6376956470327583,0,0.0,0
1159,-0.0543202621236763,0,-0.164603529250003,0,0.0,0
1160,0.1366385510984676,0,0.411936010449744,0,0.0,0
1161,0.6152619330902,1,1.8569874311560517,0,0.0,0
1162,-0.0370198411891075,0,-0.1123703981683551,0,0.0,0
1163,-0.0862414648921302,0,-0.260979471476756,0,0.0,0
1164,0.4559737305747761,1,1.376067250472853,0,0.0,0
1165,0.5042893940312273,1,1.5219410643044529,0,0.0,0
1166,0.1142064728581133,0,0.3442094685584436,0,0.0,0
1167,0.2745097281020868,0,0.8281942788495359,0,0.0,0
1168,-0.32460182337701,0,-0.980632935198656,0,0.0,0
1169,0.4442853994311643,1,1.3407780436345342,0,0.0,0
1170,-0.4540439844224051,1,-1.371442464686235,0,0.0,0
1171,0.0646390953014795,0,0.1945565012068884,0,0.0,0
1172,0.4822070419509545,1,1.4552704095751643,0,0.0,0
1173,0.1032475762969769,0,0.311122557970951,0,0.0,0
1174,-0.8319045402635165,1,-2.512272506826769,0,0.0,0
1175,0.1213916142149261,0,0.3659027228295382,0,0.0,0
1176,-0.0171184890910388,0,-0.0522845807901571,0,0.0,0
1177,0.0562825983861069,0,0.1693267105321493,0,0.0,0
1178,0.2341516319126133,0,0.7063458142114087,0,0.0,0
1179,0.0330632326568461,0,0.099223203897475,0,0.0,0
1180,-0.2177722910500344,0,-0.6580950624769405,0,0.0,0
1181,0.0186341435501192,0,0.0556591481123071,0,0.0,0
1182,0.3529360645432178,0,1.0649777147599129,-1,-0.22202147638656936,-1
1183,-0.3607285863476741,0,-1.0897062319085522,1,-0.025927114500441734,0
1184,0.1856828007300687,0,0.5600095590354757,0,0.0,0
1185,-0.2540556219171496,0,-0.7676410662665912,0,0.0,0
1186,-0.3043926350189564,0,-0.9196177039188956,0,0.0,0
1187,-0.8044397343710741,1,-2.4293512408218785,0,0.0,0
1188,0.1229165523236363,0,0.370506789541262,0,0.0,0
1189,-0.5854995265779257,1,-1.7683307595310411,0,0.0,0
1190,-0.56922800731055,1,-1.7192040705328475,0,0.0,0
1191,0.6612811640841351,1,1.9959278958923647,0,0.0,0
1192,-0.1430482568557197,0,-0.432489553351884,0,0.0,0
1193,0.2228429587095048,0,0.6722028640478549,0,0.0,0
1194,-0.3271870591934084,0,-0.9884382343752264,0,0.0,0
1195,0.3281765814206548,0,0.9902243123805208,0,0.0,0
1196,0.1365533443030039,0,0.4116787555694531,0,0.0,0
1197,-0.0731369624256789,0,-0.2214145847217629,0,0.0,0
1198,-0.4212115555491378,0,-1.2723153643947305,1,-0.046757323928544293,0
1199,-0.1280574873699481,0,-0.3872296818998261,0,0.0,0
1200,-0.1397878477736283,0,-0.4226457827518064,0,0.0,0
1201,-0.0690988202772022,0,-0.2092226959252162,0,0.0,0
1202,-0.5290284032390054,1,-1.5978341225506154,0,0.0,0
1203,-0.2320321511695735,0,-0.7011481850366093,0,0.0,0
1204,-0.0443202787005131,0,-0.1344117525913961,0,0.0,0
1205,-0.5330363336432189,1,-1.6099347965724309,0,0.0,0
1206,0.0951463928306423,0,0.2866636052371469,0,0.0,0
1207,-0.0723542035082355,0,-0.2190512925628737,0,0.0,0
1208,-0.0276078538284637,0,-0.0839538890321527,0,0.0,0
1209,0.4961508838207937,1,1.497369415311711,0,0.0,0
1210,0.1770848221434414,0,0.53405069108359,0,0.0,0
1211,0.1746938311108742,0,0.5268318523922388,0,0.0,0
1212,-0.0168557614931771,0,-0.0514913581795758,0,0.0,0
1213,-0.05101377278778,0,-0.1546206339461757,0,0.0,0
1214,-0.3893730660393865,0,-1.17618914860529,1,0.16608206910205783,1
1215,-0.462460312724632,1,-1.3968528972473295,0,0.0,0
1216,0.0681493620683776,0,0.2051546377990781,0,0.0,0
1217,0.0783009725032775,0,0.2358042041039322,0,0.0,0
1218,0.0207406324470023,0,0.0620190228858205,0,0.0,0
1219,-0.3022662655421069,0,-0.9131978060428636,0,0.0,0
1220,0.3331961756434878,0,1.0053793842720966,-1,0.12847020047278773,0
1221,0.0765013171157531,0,0.2303707157446677,0,0.0,0
1222,-0.3072162377672346,0,-0.9281426764054678,0,0.0,0
1223,0.2965028822266569,0,0.8945956286567037,0,0.0,0
1224,0.1786186475508975,0,0.5386815901736771,0,0.0,0
1225,0.1988392902209882,0,0.5997314041138451,0,0.0,0
1226,0.0727298438300864,0,0.2189839489575351,0,0.0,0
1227,-0.2568055707267869,0,-0.7759436640579892,0,0.0,0
1228,0.0843327118890203,0,0.254015127131609,0,0.0,0
1229,0.2106027813417224,0,0.6352475326526231,0,0.0,0
1230,0.1593709033374106,0,0.4805691343940486,0,0.0,0
1231,0.4404565365136965,1,1.3292180070655892,0,0.0,0
1232,-0.0475846095356062,0,-0.1442673636801751,0,0.0,0
1233,-0.1096247984712685,0,-0.3315780270023341,0,0.0,0
1234,0.6342308607074996,1,1.9142580887001648,0,0.0,0
1235,0.202115835675212,0,0.6096238933690329,0,0.0,0
1236,-0.3095355702873984,0,-0.9351451649579616,0,0.0,0
1237,-0.1324078824612657,0,-0.4003643193702765,0,0.0,0
1238,0.3222894766214839,0,0.9724500675902068,0,0.0,0
1239,0.0346398739909879,0,0.1039833720914418,0,0.0,0
1240,-0.3609186704057975,0,-1.090280130402817,1,-0.0538372934016079,0
1241,-0.4210303165692752,0,-1.2717681708074722,1,-0.005635458667791073,0
1242,0.2152005018471386,0,0.649128890727346,0,0.0,0
1243,-0.1231907371379456,0,-0.3725360739366875,0,0.0,0
1244,-0.3058835893675725,0,-0.9241191674510576,0,0.0,0
1245,0.3687949835596872,0,1.1128586882306388,-1,-0.2441471591534886,-1
1246,-0.2947148783826013,0,-0.8903987887910585,0,0.0,0
1247,0.3024963225132064,0,0.9126909197077926,0,0.0,0
1248,-0.271337111466105,0,-0.8198170400368628,0,0.0,0
1249,-0.1252946724915639,0,-0.3788882390966271,0,0.0,0
1250,0.311777357321267,0,0.9407120591665504,0,0.0,0
1251,-0.0435599724353573,0,-0.132116249091205,0,0.0,0
1252,-0.0064975534237073,0,-0.0202180358766187,0,0.0,0
1253,-0.2376981846872629,0,-0.7182549752448819,0,0.0,0
1254,0.0052136359469163,0,0.0151401841245778,0,0.0,0
1255,0.0632066819362542,0,0.190231783597306,0,0.0,0
1256,-0.2688812009549216,0,-0.8124021975806818,0,0.0,0
1257,-0.1705365525264937,0,-0.5154817392884524,0,0.0,0
1258,-0.2509059013456974,0,-0.7581314844996823,0,0.0,0
1259,-0.6175135798120295,1,-1.864987034274652,0,0.0,0
1260,0.2313164812054802,0,0.6977859763275797,0,0.0,0
1261,0.2344660606301398,0,0.7072951319465385,0,0.0,0
1262,0.1688850684470266,0,0.50929413681928,0,0.0,0
1263,-0.2393642127696595,0,-0.723285018360171,0,0.0,0
1264,-0.042951344606158,0,-0.1302786904963743,0,0.0,0
1265,-0.172732072368593,0,-0.5221104147489196,0,0.0,0
1266,-0.5401694689868402,1,-1.631471035189725,0,0.0,0
1267,0.2076432546337216,0,0.6263121809023221,0,0.0,0
1268,-0.153158403543789,0,-0.4630139330308444,0,0.0,0
1269,0.2998014490138503,0,0.9045546043387797,0,0.0,0
1270,-0.4203225480566501,0,-1.2696312883792795,1,-0.00838538220752739,0
1271,-0.3429322223879082,0,-1.0359757582395694,1,-0.07078427779685138,0
1272,0.6261162908533168,1,1.8897587200161456,0,0.0,0
1273,-0.480446151339605,1,-1.4511554295118525,0,0.0,0
1274,0.1229479563316824,0,0.3706016039781458,0,0.0,0
1275,-0.1646083950061496,0,-0.4975835488337871,0,0.0,0
1276,-0.3103581007870951,0,-0.937628534788777,0,0.0,0
1277,-0.0718877376811424,0,-0.2176429470212355,0,0.0,0
1278,-0.3454226055080922,0,-1.043494679799459,1,-0.0684549276058419,0
1279,-0.0456271410345499,0,-0.138357408703324,0,0.0,0
1280,0.8223735303514254,1,2.4822951765103225,0,0.0,0
1281,0.132396073771678,0,0.3991271964238186,0,0.0,0
1282,0.0625875149420956,0,0.1883624053382663,0,0.0,0
1283,0.2429899889161112,0,0.7330304285139227,0,0.0,0
1284,0.0611026771130122,0,0.1838794086958824,0,0.0,0
1285,-0.2156580325969851,0,-0.6517117299940907,0,0.0,0
1286,-0.1657640485780051,0,-0.5010726780712779,0,0.0,0
1287,-0.627680391941505,1,-1.895682497272334,0,0.0,0
1288,-0.4954761021640677,1,-1.4965335965827016,0,0.0,0
1289,0.4544359052224231,1,1.3714242748184495,0,0.0,0
1290,-0.5208558803029134,1,-1.5731597829259822,0,0.0,0
1291,-0.0419049281083266,0,-0.1271193679397762,0,0.0,0
1292,0.3934425880884541,1,1.1872743086984183,0,0.0,0
1293,0.3707236385968176,0,1.1186816500965215,-1,0.00913675011470373,0
1294,0.1242319701084078,0,0.3744782761217888,0,0.0,0
1295,-0.109561853865967,0,-0.3313879857407932,0,0.0,0
1296,0.3029590535781086,0,0.9140879893201446,0,0.0,0
1297,-0.3594292739838214,0,-1.0857833705357682,1,0.04820966124543453,1
1298,0.2166843973485824,0,0.6536090423104505,0,0.0,0
1299,0.0152513698967517,0,0.0454459365191238,0,0.0,0
1300,-0.4282815942393133,0,-1.2936611026893612,1,0.024063541310970424,1
1301,-0.034355474633226,0,-0.104326188834417,0,0.0,0
1302,0.5336583744232235,1,1.6106113809604057,0,0.0,0
1303,-0.3736543195770352,0,-1.1287313816808666,1,0.05208162807121906,1
1304,0.3862713996439703,1,1.1656231808184332,0,0.0,0
1305,0.1101358699351947,0,0.331919574754224,0,0.0,0
1306,0.5523119762725348,1,1.66693001241018,0,0.0,0
1307,-0.1816342097360195,0,-0.5489875936209383,0,0.0,0
1308,-0.0879574309414236,0,-0.2661602864363104,0,0.0,0
1309,0.3934088003614319,1,1.1871722973785102,0,0.0,0
1310,0.139622371937434,0,0.4209447106192562,0,0.0,0
1311,-0.1496481405578889,0,-0.4524158078541779,0,0.0,0
1312,-0.0749995216656216,0,-0.2270379913021695,0,0.0,0
1313,0.1814507953731793,0,0.5472323617996009,0,0.0,0
1314,0.1803346239144303,0,0.5438624362738043,0,0.0,0
1315,0.0191182949213768,0,0.0571208895424086,0,0.0,0
1316,0.7535792318786397,1,2.2745926227176,0,0.0,0
1317,0.4046818608805214,1,1.2212077263436163,0,0.0,0
1318,-0.2790428450859599,0,-0.84308205744704,0,0.0,0
1319,0.3026694584962121,0,0.9132136488673596,0,0.0,0
1320,0.1919722477873103,0,0.5789985485990509,0,0.0,0
1321,0.3070547324423373,0,0.9264535919718192,0,0.0,0
1322,-0.1826238115987857,0,-0.5519753824159049,0,0.0,0
1323,-0.2594343875687104,0,-0.7838805423115967,0,0.0,0
1324,-0.3110404121928118,0,-0.9396885575609448,0,0.0,0
1325,-0.0278234300079488,0,-0.0846047528974722,0,0.0,0
1326,0.0985102153011172,0,0.2968195997473515,0,0.0,0
1327,0.2094809281204715,0,0.6318604528479413,0,0.0,0
1328,-0.1535703890614811,0,-0.464257792566444,0,0.0,0
1329,-0.43504938039404,0,-1.314094285366787,1,0.03287599813133543,1
1330,-0.1026763105799827,0,-0.3105992727733222,0,0.0,0
1331,0.2617427471391578,0,0.7896484311689694,0,0.0,0
1332,-0.5987999580100232,1,-1.8084871916238037,0,0.0,0
1333,-0.2886296942223312,0,-0.8720265062262886,0,0.0,0
1334,-0.295943269107965,0,-0.8941075247819379,0,0.0,0
1335,-0.2676137631257224,0,-0.8085755712505606,0,0.0,0
1336,0.1786415353800816,0,0.5387506927109201,0,0.0,0
1337,0.2259692072900776,0,0.6816415795866537,0,0.0,0
1338,0.1500525759323261,0,0.4524354017726103,0,0.0,0
1339,-0.0774617087811072,0,-0.2344717839732905,0,0.0,0
1340,-0.4441289137993051,0,-1.3415070552821005,1,0.01235001821805222,1
1341,0.7261601272730694,1,2.1918093372460627,0,0.0,0
1342,-0.1888688322164577,0,-0.5708302404430105,0,0.0,0
1343,0.5858573612150387,1,1.768209657310902,0,0.0,0
1344,-0.1498326434916957,0,-0.4529728559146228,0,0.0,0
1345,0.4382191123562357,1,1.3224628148223545,0,0.0,0
1346,-0.2338010527237532,0,-0.7064888219551814,0,0.0,0
1347,-0.0393768249242776,0,-0.1194865626167272,0,0.0,0
1348,-0.2219412986199847,0,-0.6706820578861954,0,0.0,0
1349,0.3148498988667034,0,0.94998862335557,0,0.0,0
1350,-0.3834224792254223,0,-1.1582232400160106,1,-0.10608282240256789,0
1351,0.3368993806140902,0,1.0165600365454284,-1,-0.10499413862908913,-1
1352,-0.3839421653885541,0,-1.1597922674739465,1,-0.018426118902426465,0
1353,-0.0658138448477397,0,-0.199304755034873,0,0.0,0
1354,-0.0107707029421487,0,-0.033119454852052,0,0.0,0
1355,-0.0914625591848881,0,-0.2767429088875964,0,0.0,0
1356,0.1171343178046541,0,0.3530491672835667,0,0.0,0
1357,0.0078723395973761,0,0.0231672961126009,0,0.0,0
1358,0.0481146875271176,0,0.1446662956107804,0,0.0,0
1359,-0.172396912919359,0,-0.5210985071478673,0,0.0,0
1360,-0.1213803157492853,0,-0.3670700810533607,0,0.0,0
1361,0.5557743023393782,1,1.677383407271543,0,0.0,0
1362,-0.4462644088493669,0,-1.3479545049306354,1,0.05864439659268263,1
1363,0.077468794261746,0,0.2332917059781579,0,0.0,0
1364,-0.2279793332791615,0,-0.6889119874943317,0,0.0,0
1365,-0.055046384390995,0,-0.1667958250163086,0,0.0,0
1366,-0.2136353639119476,0,-0.6456049237516365,0,0.0,0
1367,-0.0851429391191539,0,-0.257662821499657,0,0.0,0
1368,-0.1191014506758153,0,-0.3601897711146527,0,0.0,0
1369,-0.2426294986906391,0,-0.7331435130277075,0,0.0,0
1370,-0.5949436350559153,1,-1.7968442481880975,0,0.0,0
1371,0.3131876001170278,0,0.9449698397770058,0,0.0,0
1372,-0.5456496302899406,1,-1.6480166432287444,0,0.0,0
1373,-0.2497135238058484,0,-0.7545314788944258,0,0.0,0
1374,0.5404634888774426,1,1.6311572645927852,0,0.0,0
1375,0.0343065184992945,0,0.102976910967735,0,0.0,0
1376,0.3417689060134071,0,1.0312620232456309,-1,-0.21664621625446506,-1
1377,-0.1879681737448272,0,-0.568110987993235,0,0.0,0
1378,-0.0765173337765025,0,-0.2316205433247358,0,0.0,0
1379,-0.3662381137624266,0,-1.1063405016029777,1,0.062289548754406565,1
1380,-0.0743675168418434,0,-0.2251298532904131,0,0.0,0
1381,-0.2235749989374907,0,-0.6756144975739437,0,0.0,0
1382,0.1814947981659708,0,0.5473652142690598,0,0.0,0
1383,-0.0651841110721421,0,-0.1974034737324278,0,0.0,0
1384,1.291692084322407,1,3.899253621702437,0,0.0,0
1385,0.5187584869729136,1,1.5656258989748923,0,0.0,0
1386,0.0237708523035469,0,0.071167810165143,0,0.0,0
1387,0.4532160816844276,1,1.3677414047312086,0,0.0,0
1388,0.4598836425323974,1,1.3878719888993072,0,0.0,0
1389,-0.2248219949780158,0,-0.6793794064099418,0,0.0,0
1390,-0.0229703603434929,0,-0.0699524490667959,0,0.0,0
1391,-0.0393674993596738,0,-0.1194584070336807,0,0.0,0
1392,0.5991901701350896,1,1.8084638429542144,0,0.0,0
1393,0.3130201062460115,0,0.944464145184183,0,0.0,0
1394,0.0151221388473385,0,0.0450557643742178,0,0.0,0
1395,-0.3178076790945074,0,-0.9601201725186174,0,0.0,0
1396,-0.246190659753813,0,-0.7438953087972514,0,0.0,0
1397,-0.2184762650994752,0,-0.660220488727642,0,0.0,0
1398,-0.0128275770776809,0,-0.0393295335978834,0,0.0,0
1399,0.5624334023345746,1,1.6974884465795683,0,0.0,0
1400,0.0709651331378636,0,0.2136559650167585,0,0.0,0
1401,0.0167501846855644,0,0.0499711321561118,0,0.0,0
1402,-0.4261300159769634,0,-1.287165094884997,1,0.0390771909640806,1
1403,0.1659803093946598,0,0.5005241386257845,0,0.0,0
1404,0.4211491629504725,1,1.2709255193865685,0,0.0,0
1405,-0.6449317397303214,1,-1.9477674675627288,0,0.0,0
1406,-0.1927651312233347,0,-0.5825938788844799,0,0.0,0
1407,0.1957737503666261,0,0.5904759793091825,0,0.0,0
1408,0.3678332609736668,0,1.1099550720648952,-1,-0.10549307648877655,-1
1409,-0.1890245075411748,0,-0.5713002526856534,0,0.0,0
1410,0.06530327913369,0,0.1965617935232644,0,0.0,0
1411,0.6927660921453888,1,2.09098664508347,0,0.0,0
1412,0.0363159122240677,0,0.1090436376802046,0,0.0,0
1413,0.2307081150536684,0,0.6959492077845826,0,0.0,0
1414,0.2171477985463029,0,0.6550081351761948,0,0.0,0
1415,-0.2512322485095034,0,-0.759116786201281,0,0.0,0
1416,-0.000804276738253,0,-0.0030289935683345,0,0.0,0
1417,0.0523510868339621,0,0.1574567589842154,0,0.0,0
1418,-0.2046492500132372,0,-0.6184742043916189,0,0.0,0
1419,0.0128544278789857,0,0.0382091307163866,0,0.0,0
1420,-0.5680754653158119,1,-1.7157243357150682,0,0.0,0
1421,-0.4399886846011929,0,-1.3290069470343904,1,-0.20244823813835353,0
1422,-0.5532583817332501,1,-1.6709888537321282,0,0.0,0
1423,-0.5911875193177234,1,-1.7855038486421655,0,0.0,0
1424,-0.0031276086006863,0,-0.010043556865703,0,0.0,0
1425,-0.5356164214842978,1,-1.6177245530711273,0,0.0,0
1426,-1.105770811204504,1,-3.3391248061439147,0,0.0,0
1427,-0.6476574979140559,1,-1.9559970294356075,0,0.0,0
1428,1.2017105179729848,1,3.627582835896872,0,0.0,0
1429,0.0660738088666708,0,0.1988881635403471,0,0.0,0
1430,0.0121600557022233,0,0.036112694273282,0,0.0,0
1431,-0.1312271805077326,0,-0.3967995644928951,0,0.0,0
1432,-0.3478136642507005,0,-1.050713722919793,1,0.009085485745082816,1
1433,-0.2984923093963983,0,-0.9018035430477188,0,0.0,0
1434,0.6878738879241316,1,2.076216186877074,0,0.0,0
1435,-0.4370466528846742,0,-1.3201244158591967,1,-0.007210261334169505,0
1436,-0.0253290966812283,0,-0.0770739049424618,0,0.0,0
1437,-0.4187868188733467,0,-1.2649946414421458,1,0.013543399845074976,1
1438,0.4513608140412452,1,1.3621400128133825,0,0.0,0
1439,0.1332338955950542,0,0.4016567335540991,0,0.0,0
1440,-0.1395191579434204,0,-0.4218345590726464,0,0.0,0
1441,-0.2167400166656537,0,-0.6549784375441997,0,0.0,0
1442,-0.1324088671658959,0,-0.4003672923734316,0,0.0,0
1443,0.468939526487886,1,1.4152133568056842,0,0.0,0
1444,-0.5135001170888306,1,-1.5509513901001737,0,0.0,0
1445,0.1043105703471537,0,0.3143319311863133,0,0.0,0
1446,-0.4085674474297754,0,-1.2341404922741612,1,0.037070508905669645,1
1447,0.5103798610464632,1,1.5403292967733873,0,0.0,0
1448,-0.5171430897811498,1,-1.561950190122695,0,0.0,0
1449,-1.0062935088521614,1,-3.038784658752689,0,0.0,0
1450,-0.896050989750075,1,-2.7059423555041957,0,0.0,0
1451,0.0746127591567636,0,0.2246688142822541,0,0.0,0
1452,0.6946707532713525,1,2.096737164948556,0,0.0,0
1453,0.2520952898353227,0,0.7605209952608106,0,0.0,0
1454,0.3150039305572671,0,0.95045367316646,0,0.0,0
1455,0.1501137920005589,0,0.4526202242649879,0,0.0,0
1456,0.2786211094834596,0,0.8406072902688584,0,0.0,0
1457,0.3009509187196353,0,0.9080250633549922,0,0.0,0
1458,-0.8136753652779821,1,-2.4572352976090936,0,0.0,0
1459,0.2326027417646723,0,0.7016694319179109,0,0.0,0
1460,0.9255143871142952,1,2.7936962638910168,0,0.0,0
1461,0.1931622062551809,0,0.582591250584111,0,0.0,0
1462,-0.049341053380415,0,-0.149570388498498,0,0.0,0
1463,-0.2570774782573486,0,-0.7767646025622971,0,0.0,0
1464,0.1258162573712409,0,0.3792615287711617,0,0.0,0
1465,0.4016190463305973,1,1.2119605297308855,0,0.0,0
1466,0.5300339748505909,1,1.5996686565789824,0,0.0,0
1467,-0.0030659353633455,0,-0.0098573540962769,0,0.0,0
1468,-0.5310894809813516,1,-1.6040568927532943,0,0.0,0
1469,0.1824000877735954,0,0.5500984489643743,0,0.0,0
1470,-0.3155019412285597,0,-0.9531587287105469,0,0.0,0
1471,0.4437810888352491,1,1.3392554378226913,0,0.0,0
1472,-0.012805356895065,0,-0.0392624468075894,0,0.0,0
1473,-0.3144952684105954,0,-0.9501193995834736,0,0.0,0
1474,-0.0401627605847358,0,-0.121859445943076,0,0.0,0
1475,0.2844445233247137,0,0.8581892404227487,0,0.0,0
1476,-0.3549449815339099,0,-1.0722444724805975,1,0.06433616175364523,1
1477,0.0804479352007445,0,0.2422862766747865,0,0.0,0
1478,-0.2660667208222529,0,-0.8039047679370694,0,0.0,0
1479,-0.2568172973601739,0,-0.775979068906297,0,0.0,0
1480,-0.25203955341197,0,-0.7615541871727877,0,0.0,0
1481,-0.1191060328360877,0,-0.3602036054935416,0,0.0,0
1482,-0.803514634166031,1,-2.4265581943141417,0,0.0,0
1483,0.6538648956397981,1,1.9735368267238855,0,0.0,0
1484,0.4107714739001169,1,1.2395933804437125,0,0.0,0
1485,-0.3059062644056807,0,-0.9241876275331716,0,0.0,0
1486,0.5841472799418438,1,1.7630466095653652,0,0.0,0
1487,0.0318845665002466,0,0.0956645954629168,0,0.0,0
1488,-0.2508939009367791,0,-0.7580952530730347,0,0.0,0
1489,-0.0631357505718048,0,-0.1912190992064414,0,0.0,0
1490,-0.0221346325919961,0,-0.0674292343220447,0,0.0,0
1491,-0.3872629599454297,0,-1.169818352853055,1,-0.12419491706310905,0
1492,0.3074728486967027,0,0.9277159613213418,0,0.0,0
1493,0.1124626906426398,0,0.3389446715119925,0,0.0,0
1494,-0.1441290448454437,0,-0.4357526497211708,0,0.0,0
1495,-0.1201334660598743,0,-0.3633056140781101,0,0.0,0
1496,0.4964334736711336,1,1.498222605690776,0,0.0,0
1497,0.1717240389670254,0,0.5178655074159186,0,0.0,0
1498,-0.0848839489045074,0,-0.2568808827317129,0,0.0,0
1499,0.5351614852003963,1,1.6151495469710038,0,0.0,0
1500,-0.6740870963645356,1,-2.035792815071134,0,0.0,0
1501,-0.3921101079480921,0,-1.1844527781050624,1,-0.02952646885945672,0
1502,-0.4994832622099845,1,-1.508631944752097,0,0.0,0
1503,-0.0151274959212042,0,-0.0462734087142895,0,0.0,0
1504,-0.3288138106667281,0,-0.993349694233026,0,0.0,0
1505,0.3714349763240195,0,1.1208293086355123,-1,0.03164318910765545,0
1506,-0.5786897963664045,1,-1.7477709400842023,0,0.0,0
1507,-0.5178493765372547,1,-1.5640825988572795,0,0.0,0
1508,-0.3070296401709721,0,-0.9275793041764356,0,0.0,0
1509,0.9057943320624572,1,2.7341578154130493,0,0.0,0
1510,-0.7924316193601899,1,-2.393096548073118,0,0.0,0
1511,0.3929866481965649,1,1.185897742877941,0,0.0,0
1512,-0.1577488377218914,0,-0.4768732923524084,0,0.0,0
1513,-0.4054839009998953,0,-1.224830702328736,1,-0.020007294193598923,0
1514,0.970711860304358,1,2.9301556917063576,0,0.0,0
1515,0.3299422159917985,0,0.995555085680525,0,0.0,0
1516,-0.0506437883726004,0,-0.1535035834114323,0,0.0,0
1517,-0.0099540725430358,0,-0.0306538985026747,0,0.0,0
1518,1.0443768232236552,1,3.1525636711908347,0,0.0,0
1519,-0.2654229518532192,0,-0.8019611118218216,0,0.0,0
1520,0.5158335968355471,1,1.5567951213584232,0,0.0,0
1521,-0.698616379238903,1,-2.1098512008503807,0,0.0,0
1522,-0.2131499023621758,0,-0.6441392266532692,0,0.0,0
1523,-0.1546384202891525,0,-0.4674823739408072,0,0.0,0
1524,-0.8317206985273823,1,-2.51171745504288,0,0.0,0
1525,0.2990919211996105,0,0.9024124102576394,0,0.0,0
1526,-0.586509994133669,1,-1.7713815456646564,0,0.0,0
1527,-0.1789305094168786,0,-0.5408246284705935,0,0.0,0
1528,0.5352606535786774,1,1.6154489544201924,0,0.0,0
1529,-0.2221460480099231,0,-0.671300233696136,0,0.0,0
1530,0.2622763872557675,0,0.7912595881614333,0,0.0,0
1531,-0.2468275323508846,0,-0.7458181435057802,0,0.0,0
1532,-0.1880838983522376,0,-0.5684603817225031,0,0.0,0
1533,0.1793590388781812,0,0.5409169668385565,0,0.0,0
1534,-0.2769557645850991,0,-0.8367807801664634,0,0.0,0
1535,0.165018273488436,0,0.4976195764891123,0,0.0,0
1536,0.3563663814919942,0,1.075334468246703,-1,-0.05009790160888137,-1
1537,-0.4007801537709421,0,-1.2106292302076775,1,0.033492117163910706,1
1538,-0.1748347849779732,0,-0.5284588882206448,0,0.0,0
1539,0.2915989401025334,0,0.8797897315773828,0,0.0,0
1540,-0.3617022522282921,0,-1.0926459070623762,1,0.09776209852527512,1
1541,0.0164491015783393,0,0.0490621072563341,0,0.0,0
1542,-0.2859667350028639,0,-0.8639865458980642,0,0.0,0
1543,0.0578540864525045,0,0.1740713200694454,0,0.0,0
1544,0.5006023523404006,1,1.5108092119253218,0,0.0,0
1545,0.1476828478888045,0,0.4452807599293131,0,0.0,0
1546,-0.1070366684469456,0,-0.3237639896833527,0,0.0,0
1547,0.3522567487024926,0,1.0629267361456558,-1,-0.09774867476708972,-1
1548,-0.0574850998089156,0,-0.1741587523448892,0,0.0,0
1549,0.2969198428630485,0,0.895854508984466,0,0.0,0
1550,0.0424473680219283,0,0.1275556227713332,0,0.0,0
1551,-0.5203587248560662,1,-1.5716587798162118,0,0.0,0
1552,0.3395897924898133,0,1.0246828814576854,-1,-0.04166714519744273,-1
1553,-0.2696843669029639,0,-0.814827102292716,0,0.0,0
1554,-0.4654232499645262,1,-1.4057985460164208,0,0.0,0
1555,-0.2794138578469105,0,-0.8442022127455147,0,0.0,0
1556,0.2238064313595854,0,0.6751117639766818,0,0.0,0
1557,0.1654631655495932,0,0.498962786890495,0,0.0,0
1558,0.2742128711662666,0,0.8272980135332272,0,0.0,0
1559,0.0845682001698779,0,0.2547261092683296,0,0.0,0
1560,0.2722021971205739,0,0.8212274212980244,0,0.0,0
1561,-0.1291140804561411,0,-0.3904197294356525,0,0.0,0
1562,0.0367019754291535,0,0.1102092330187987,0,0.0,0
1563,-0.0164460954734834,0,-0.0502545016321375,0,0.0,0
1564,0.1285772243912041,0,0.3875973925522379,0,0.0,0
1565,-0.2810199104034145,0,-0.849051178792362,0,0.0,0
1566,-0.0750028087261561,0,-0.227047915538373,0,0.0,0
1567,0.0991714159087755,0,0.2988158851638567,0,0.0,0
1568,0.2295379435844015,0,0.6924162463628122,0,0.0,0
1569,-0.0833870584636871,0,-0.2523614970528358,0,0.0,0
1570,-0.1549963297350395,0,-0.4685629679375128,0,0.0,0
1571,0.0668327665518324,0,0.2011795954311898,0,0.0,0
1572,-0.8189767448426015,1,-2.473241130921452,0,0.0,0
1573,-0.0564236711398322,0,-0.1709541053009972,0,0.0,0
1574,-0.0752234738066512,0,-0.2277141437254347,0,0.0,0
1575,0.3099432363840687,0,0.935174513016974,0,0.0,0
1576,0.2991713749517894,0,0.9026522956493412,0,0.0,0
1577,-0.2842787860766266,0,-0.8588903197509241,0,0.0,0
1578,-0.2309408332827929,0,-0.6978532969846046,0,0.0,0
1579,0.8739284261237265,1,2.6379488244163416,0,0.0,0
1580,-0.4224889568062948,0,-1.2761720721338827,1,0.10148675939238223,1
1581,0.6052092015971684,1,1.826636398438984,0,0.0,0
1582,-0.4741944533796517,1,-1.4322804113686447,0,0.0,0
1583,-0.448405257256263,0,-1.3544181173413543,1,-0.022234565863802996,0
1584,-0.1405754068645983,0,-0.4250235675114236,0,0.0,0
1585,0.5621919365963501,1,1.696759417407151,0,0.0,0
1586,-0.2795004182422005,0,-0.8444635543909441,0,0.0,0
1587,-0.6025603170236277,1,-1.8198404023933283,0,0.0,0
1588,0.3167967286101063,0,0.955866457979676,0,0.0,0
1589,-0.4425129539650941,0,-1.336628177354087,1,-0.04979567789223812,0
1590,-0.3833135047716319,0,-1.1578942262335767,1,0.08476622455759096,1
1591,-0.568540067011827,1,-1.71712705310446,0,0.0,0
1592,-0.0160434010653044,0,-0.0490386936533717,0,0.0,0
1593,-0.0183396153872436,0,-0.0559713841424077,0,0.0,0
1594,-0.0243735895465948,0,-0.0741890543598361,0,0.0,0
1595,-0.5337016821076328,1,-1.6119436051261733,0,0.0,0
1596,0.2442172304107953,0,0.7367356947674498,0,0.0,0
1597,-0.1659199614374812,0,-0.501543407474749,0,0.0,0
1598,-0.1247913939262671,0,-0.3773687491737431,0,0.0,0
1599,-0.1741117072521517,0,-0.5262757844812678,0,0.0,0
1600,0.2553351132432118,0,0.7703026139500716,0,0.0,0
1601,1.6113198939368427,1,4.864268365567508,0,0.0,0
1602,-0.3288019614550251,0,-0.9933139192983906,0,0.0,0
1603,0.1751923251201088,0,0.528336896866373,0,0.0,0
1604,-0.8494279925373105,1,-2.565179010262831,0,0.0,0
1605,0.1176767266995959,0,0.3546867988196144,0,0.0,0
1606,-0.3998223791001544,0,-1.2077375335191898,1,-0.07893398611161252,0
1607,-0.3755852168459903,0,-1.134561113254218,1,-0.033924615581414255,0
1608,0.0292940737945809,0,0.0878434247773689,0,0.0,0
1609,-0.0026076000302997,0,-0.0084735560013708,0,0.0,0
1610,-0.2057790187402091,0,-0.6218851825540034,0,0.0,0
1611,0.0965381517978192,0,0.2908655797926534,0,0.0,0
1612,0.4218989612636025,1,1.2731892974600985,0,0.0,0
1613,-0.3935313671279736,0,-1.1887438191915491,1,0.14481414784669075,1
1614,-0.24811174067541,0,-0.7496954030247697,0,0.0,0
1615,-0.2511662784146123,0,-0.7589176104340007,0,0.0,0
1616,-0.1175461648135356,0,-0.3554940789912567,0,0.0,0
1617,-0.2127163030678568,0,-0.6428301111778291,0,0.0,0
1618,-0.1447867481253017,0,-0.4377383760661876,0,0.0,0
1619,-0.0806219833827029,0,-0.2440132302851148,0,0.0,0
1620,0.4384249390361339,1,1.3230842431674728,0,0.0,0
1621,-0.1247422745252891,0,-0.3772204487295148,0,0.0,0
1622,-0.0413953364327114,0,-0.1255808175836203,0,0.0,0
1623,-0.0631980933567594,0,-0.19140732346242,0,0.0,0
1624,0.2198238613462884,0,0.663087657607644,0,0.0,0
1625,0.0561402770981602,0,0.1688970165659074,0,0.0,0
1626,-0.2146390739280929,0,-0.648635307638801,0,0.0,0
1627,-0.1520993086410312,0,-0.4598163320538002,0,0.0,0
1628,-0.3725849172777175,0,-1.1255026607907483,1,-0.3118504591879696,0
1629,0.1170930732187477,0,0.3529246423445376,0,0.0,0
1630,0.0111563807069711,0,0.033082416120591,0,0.0,0
1631,-0.1396017346886071,0,-0.4220838733507178,0,0.0,0
1632,-0.0399465845282663,0,-0.1212067709395609,0,0.0,0
1633,0.1713494129974406,0,0.51673444318055,0,0.0,0
1634,0.3289020148954665,0,0.9924145285564254,0,0.0,0
1635,0.2097960554425496,0,0.6328118797978272,0,0.0,0
1636,0.620335966033331,1,1.872306863488567,0,0.0,0
1637,0.45883440620025,1,1.384704152747808,0,0.0,0
1638,-0.0156513393308705,0,-0.0478549876589201,0,0.0,0
1639,0.5017091215209384,1,1.514150750255678,0,0.0,0
1640,-0.0617734147378352,0,-0.1871059584648324,0,0.0,0
1641,0.1090980400560825,0,0.3287861767680627,0,0.0,0
1642,0.5297967473529415,1,1.598952423429063,0,0.0,0
1643,-0.0114135862859081,0,-0.0350604371028187,0,0.0,0
1644,0.4390394949772369,1,1.3249396998150331,0,0.0,0
1645,0.1729767013158785,0,0.5216475238718271,0,0.0,0
1646,0.1236809392866736,0,0.3728146134137815,0,0.0,0
1647,0.2068965645725258,0,0.6240577872091677,0,0.0,0
1648,0.4099349284462416,1,1.2370676969061103,0,0.0,0
1649,-0.0989455261580171,0,-0.2993353530983668,0,0.0,0
1650,0.3004476851699995,0,0.9065057093426118,0,0.0,0
1651,0.061935891343416,0,0.186395034661307,0,0.0,0
1652,0.5291284668487841,1,1.5969347625117376,0,0.0,0
1653,-0.1137018900575042,0,-0.3438875112663968,0,0.0,0
1654,-0.1091708188239759,0,-0.3302073795183731,0,0.0,0
1655,0.2477127253909703,0,0.7472892326371497,0,0.0,0
1656,0.95449671285939,1,2.8811991995374946,0,0.0,0
1657,-0.1136684530443209,0,-0.3437865588156334,0,0.0,0
1658,-0.2520981746401975,0,-0.7617311753691881,0,0.0,0
1659,-0.0787920856839204,0,-0.2384884348637776,0,0.0,0
1660,-0.1867267509041312,0,-0.5643629056655811,0,0.0,0
1661,0.127948281891956,0,0.3856985002576347,0,0.0,0
1662,-0.5081181508672539,1,-1.5347022509496395,0,0.0,0
1663,0.0680662370825428,0,0.2049036682823428,0,0.0,0
1664,0.4256943800341078,1,1.2846483600400975,0,0.0,0
1665,-0.0701890660585494,0,-0.212514347095075,0,0.0,0
1666,-0.0810901191278992,0,-0.2454266176145516,0,0.0,0
1667,-0.4930435380486014,1,-1.4891892411598933,0,0.0,0
1668,0.1706256872657767,0,0.514549382993163,0,0.0,0
1669,0.1480174018677831,0,0.4462908395050625,0,0.0,0
1670,-0.02357442462582,0,-0.0717762294799929,0,0.0,0
1671,0.0103399044758876,0,0.0306173252326569,0,0.0,0
1672,0.1589689632012156,0,0.4793556037001854,0,0.0,0
1673,0.2322667169960358,0,0.7006549117595141,0,0.0,0
1674,-0.0051683958816778,0,-0.0162050664590787,0,0.0,0
1675,-0.3190376611242798,0,-0.9638337129481912,0,0.0,0
1676,-0.0933149336913461,0,-0.2823355658971603,0,0.0,0
1677,-0.139741408126108,0,-0.4225055729727793,0,0.0,0
1678,0.1581346405017831,0,0.4768366310642786,0,0.0,0
1679,0.2381124825315534,0,0.7183043457613859,0,0.0,0
1680,-0.4054803007005576,0,-1.224819832367366,1,0.38556517496704584,1
1681,-0.0890501851721224,0,-0.2694595110729819,0,0.0,0
1682,-0.9062016863651556,1,-2.7365891628200867,0,0.0,0
1683,-0.3413887158264996,0,-1.0313156299772368,1,0.06142875117109026,1
1684,0.4061093239214276,1,1.2255174980198005,0,0.0,0
1685,-0.4725408093682267,1,-1.4272877580258263,0,0.0,0
1686,0.1608105076901593,0,0.484915562908547,0,0.0,0
1687,-0.454599361122994,1,-1.3731192483963697,0,0.0,0
1688,0.4229176227604659,1,1.2762648225987487,0,0.0,0
1689,-0.0681994133064665,0,-0.2065072219852546,0,0.0,0
1690,0.1004565163279516,0,0.3026958380795562,0,0.0,0
1691,-0.5185657012536181,1,-1.5662453140275256,0,0.0,0
1692,0.000325432043685,0,0.0003818036090424,0,0.0,0
1693,0.0750516845652944,0,0.2259940102694249,0,0.0,0
1694,0.2059229288410617,0,0.621118203081147,0,0.0,0
1695,-0.0466218459562586,0,-0.1413606045654175,0,0.0,0
1696,0.0572945658726631,0,0.1723820252308822,0,0.0,0
1697,-0.4452284438573249,0,-1.3448267373791996,1,0.0856457108711436,1
1698,0.1884418443516323,0,0.5683396157254349,0,0.0,0
1699,-0.523288634942437,1,-1.5805047135757229,0,0.0,0
1700,0.0868340836367557,0,0.2615672253653768,0,0.0,0
1701,0.1889663406022695,0,0.5699231657162113,0,0.0,0
1702,0.1019306912226088,0,0.3071466413751015,0,0.0,0
1703,-0.6861238784396102,1,-2.0721340589233184,0,0.0,0
1704,-0.0477560108516287,0,-0.1447848555632473,0,0.0,0
1705,0.229404915853262,0,0.6920146113422319,0,0.0,0
1706,0.1839359129646618,0,0.554735385766483,0,0.0,0
1707,0.1284007380600935,0,0.3870645480797315,0,0.0,0
1708,0.0881169172711123,0,0.2654403344436308,0,0.0,0
1709,-0.4419528732305641,0,-1.3349371913061947,1,-0.1264785570433337,0
1710,-0.0939997071499806,0,-0.2844030220568322,0,0.0,0
1711,-0.2352465436565404,0,-0.7108530231301217,0,0.0,0
1712,-0.1371789979760151,0,-0.414769188652366,0,0.0,0
1713,0.5997512436789596,1,1.810157826474861,0,0.0,0
1714,-0.0279309565492796,0,-0.0849293951676996,0,0.0,0
1715,0.160749696338445,0,0.4847319623292684,0,0.0,0
1716,-0.4099705232124491,0,-1.238376634362903,1,-0.05418762542764653,0
1717,-0.1611499665227962,0,-0.4871419214889547,0,0.0,0
1718,-0.0404227442286388,0,-0.1226443840554161,0,0.0,0
1719,-0.2387390511568514,0,-0.7213975412523873,0,0.0,0
1720,0.1855773884425049,0,0.559691300083583,0,0.0,0
1721,-0.0045999233953508,0,-0.0144887441795847,0,0.0,0
1722,-0.1079913011745329,0,-0.3266462002713774,0,0.0,0
1723,-0.3925330832584504,0,-1.1857298178322349,1,0.2576184267881571,1
1724,-0.0435568141011945,0,-0.1321067135034322,0,0.0,0
1725,-0.1796374903758384,0,-0.5429591331304076,0,0.0,0
1726,0.4944415494140892,1,1.4922086224925395,0,0.0,0
1727,0.0275362472848248,0,0.0825362254409977,0,0.0,0
1728,0.6781439029845553,1,2.0468395849612304,0,0.0,0
1729,0.119043656769459,0,0.358813810398618,0,0.0,0
1730,-0.3602199902198925,0,-1.0881706872931634,1,0.1440988181563409,1
1731,0.2015523370831011,0,0.6079225881847619,0,0.0,0
1732,0.6326184813657793,1,1.909390020933031,0,0.0,0
1733,-0.0258500608790208,0,-0.0786467910204976,0,0.0,0
1734,0.1444051607677383,0,0.435384823773379,0,0.0,0
1735,0.3356633335778848,0,1.012828184753534,-1,-0.11916616601539898,-1
1736,0.2153111777947704,0,0.6494630416305004,0,0.0,0
1737,-0.1749489880066526,0,-0.5288036880257763,0,0.0,0
1738,-0.1880166614016861,0,-0.5682573810865666,0,0.0,0
1739,-0.0273253038235661,0,-0.0831008189537566,0,0.0,0
1740,-0.2631583591950109,0,-0.7951238929119411,0,0.0,0
1741,0.7180090658495645,1,2.167199793848319,0,0.0,0
1742,0.1799790538584273,0,0.5427889053224966,0,0.0,0
1743,-0.2335764518027933,0,-0.7058107107467936,0,0.0,0
1744,-0.0599540481118973,0,-0.1816129582761314,0,0.0,0
1745,-0.0095634713596696,0,-0.0294746021786964,0,0.0,0
1746,0.1238612168139048,0,0.3733589041999166,0,0.0,0
1747,0.2445905755952655,0,0.7378628920785955,0,0.0,0
1748,-0.5325431922237327,1,-1.6084459125445083,0,0.0,0
1749,-0.2051321935431475,0,-0.619932299128056,0,0.0,0
1750,-0.0371905318991143,0,-0.1128857446020587,0,0.0,0
1751,-0.4476806684017824,0,-1.3522304512285166,1,0.1297887980555061,1
1752,-0.2607027980844493,0,-0.7877101053600627,0,0.0,0
1753,-0.0650974939549798,0,-0.1971419608333045,0,0.0,0
1754,0.2995635454914802,0,0.9038363301467388,0,0.0,0
1755,0.4154222290205958,1,1.2536348597091804,0,0.0,0
1756,0.1830434308640028,0,0.5520408192742537,0,0.0,0
1757,-0.3291515623208763,0,-0.994369428174234,0,0.0,0
1758,-0.3087189024001217,0,-0.93267949542497,0,0.0,0
1759,0.7901203811654235,1,2.384917027412104,0,0.0,0
1760,-0.085016109100164,0,-0.2572798985041969,0,0.0,0
1761,-0.0286825808606558,0,-0.0871986862634914,0,0.0,0
1762,0.4607569518952972,1,1.3905086693939437,0,0.0,0
1763,-0.1586453484558425,0,-0.4795800220244595,0,0.0,0
1764,0.1742179233145728,0,0.5253949998207897,0,0.0,0
1765,0.2297724164519705,0,0.6931241627813284,0,0.0,0
1766,0.3339116241334235,0,1.007539453954697,-1,-0.06052361079042868,-1
1767,-0.5935733803017051,1,-1.7927071987797276,0,0.0,0
1768,-0.0930915032648581,0,-0.2816609886253982,0,0.0,0
1769,0.3731164410028444,0,1.1259059576552324,-1,-0.10041994053823758,-1
1770,0.2884705640972053,0,0.8703445929546295,0,0.0,0
1771,-0.8120247160491096,1,-2.45225168606186,0,0.0,0
1772,-0.3568171287929451,0,-1.0778968270420946,1,0.022698439900235682,1
1773,0.1831536797744962,0,0.5523736808742802,0,0.0,0
1774,-0.2252290633755192,0,-0.680608420261478,0,0.0,0
1775,0.3244753405645907,0,0.979049590127766,0,0.0,0
1776,0.3649563811797924,0,1.1012692464455125,-1,0.0177297532325791,0
1777,0.4191310245646463,1,1.264832390944986,0,0.0,0
1778,0.331025843057249,0,0.998826753738046,0,0.0,0
1779,-0.3544105047770495,0,-1.0706307895183866,1,0.04010777748782205,1
1780,-0.404847301407374,0,-1.222908691870814,1,-0.061989766918122746,0
1781,0.1820687732036112,0,0.5490981497561244,0,0.0,0
1782,0.3291293153753409,0,0.9931007902263064,0,0.0,0
1783,-0.1559289258450013,0,-0.4713786459514814,0,0.0,0
1784,-0.1557872705335573,0,-0.4709509626899556,0,0.0,0
1785,-0.2797663895274048,0,-0.8452665702861395,0,0.0,0
1786,0.0786129863203728,0,0.2367462308135285,0,0.0,0
1787,-0.3667285456054624,0,-1.107821204924636,1,0.04478225495401074,1
1788,-0.2965189490787797,0,-0.8958456077736968,0,0.0,0
1789,-0.0792677207055151,0,-0.2399244638785594,0,0.0,0
1790,-0.2424003430821245,0,-0.7324516503855842,0,0.0,0
1791,0.2859329201350691,0,0.8626829822797146,0,0.0,0
1792,0.0268339237731183,0,0.0804157824652207,0,0.0,0
1793,-0.2123343101363295,0,-0.6416768047386279,0,0.0,0
1794,-0.1517593849499525,0,-0.4587900403363312,0,0.0,0
1795,0.0473296500448303,0,0.1422961240484003,0,0.0,0
1796,-0.0340863618163786,0,-0.1035136880813253,0,0.0,0
1797,-0.2940014767147273,0,-0.8882448988381574,0,0.0,0
1798,0.1434059246956458,0,0.4323679475405684,0,0.0,0
1799,0.1712608501940254,0,0.5164670558992093,0,0.0,0
1800,-0.1152979369805582,0,-0.3487062684781223,0,0.0,0
1801,0.3899818596385236,1,1.1768257373343534,0,0.0,0
1802,-0.1954531066998223,0,-0.5907093678623864,0,0.0,0
1803,0.533392403642178,1,1.6098083665873577,0,0.0,0
1804,-0.0659137764512944,0,-0.1996064668005818,0,0.0,0
1805,-0.5216905915818951,1,-1.575679928754531,0,0.0,0
1806,0.3547334925811953,0,1.0704044783440236,-1,-0.13667011591113573,-1
1807,-0.0676627216759915,0,-0.204886851915009,0,0.0,0
1808,0.1709436666129827,0,0.5155094207278912,0,0.0,0
1809,-0.3961952029455903,0,-1.1967864261297154,1,0.036611589455298146,1
1810,0.2403062905616182,0,0.7249278529486232,0,0.0,0
1811,0.1894836979669694,0,0.5714851621062779,0,0.0,0
1812,-0.4927494982228156,1,-1.4883014812133823,0,0.0,0
1813,-0.0653827232893502,0,-0.1980031202968138,0,0.0,0
1814,-0.1921672848532618,0,-0.5807888714842088,0,0.0,0
1815,0.0541943593544874,0,0.1630219354355825,0,0.0,0
1816,-0.3272451599634376,0,-0.9886136512132534,0,0.0,0
1817,-0.2013510352456483,0,-0.608516291521033,0,0.0,0
1818,0.2356014772606137,0,0.7107231621613018,0,0.0,0
1819,-0.0448067498044652,0,-0.1358804977182497,0,0.0,0
1820,0.2302061460589888,0,0.6944336716946121,0,0.0,0
1821,0.5588107572509229,1,1.6865510193208726,0,0.0,0
1822,-0.0040353344243102,0,-0.0127841469421446,0,0.0,0
1823,-0.4688540002832928,1,-1.4161566079263757,0,0.0,0
1824,-0.1654182734009688,0,-0.500028719648808,0,0.0,0
1825,-0.2091867859059084,0,-0.632173854126499,0,0.0,0
1826,-0.382772748377474,0,-1.1562615838992591,1,-0.006527142481458419,0
1827,-0.5790361438294942,1,-1.748816626342807,0,0.0,0
1828,0.2408454348631803,0,0.7265556280809116,0,0.0,0
1829,0.0397844109349618,0,0.1195156688815181,0,0.0,0
1830,-0.0737820440531846,0,-0.2233622039927218,0,0.0,0
1831,-0.4668750742392541,1,-1.4101818687075962,0,0.0,0
1832,0.0501093903908596,0,0.1506886679302068,0,0.0,0
1833,0.2749753553994184,0,0.8296000927166491,0,0.0,0
1834,-0.0089105611637761,0,-0.0275033470297248,0,0.0,0
1835,0.1024901801017272,0,0.3088358405033913,0,0.0,0
1836,-0.0389598793652442,0,-0.1182277278102638,0,0.0,0
1837,0.1021940548599102,0,0.3079417843049374,0,0.0,0
1838,0.0964736881815056,0,0.2906709523593881,0,0.0,0
1839,-0.2518122165409494,0,-0.7608678156313888,0,0.0,0
1840,0.0552182478083516,0,0.1661132417122297,0,0.0,0
1841,0.1157306193791,0,0.3488111453222301,0,0.0,0
1842,0.0740078094626608,0,0.2228423606491673,0,0.0,0
1843,-0.2203299853119887,0,-0.6658172086696086,0,0.0,0
1844,-0.3665256443832281,0,-1.1072086090706,1,0.12348958229312106,1
1845,0.3835365089896819,0,1.1573660463487176,-1,-0.0049621967950117425,-1
1846,0.4467705974704389,1,1.3482813104879956,0,0.0,0
1847,-0.5139764834311982,1,-1.5523896271059594,0,0.0,0
1848,0.0367537071807622,0,0.1103654206267812,0,0.0,0
1849,-0.0558126164534238,0,-0.1691092195809364,0,0.0,0
1850,-0.0888247768572277,0,-0.2687789621948178,0,0.0,0
1851,-0.1335208628399454,0,-0.4037246104424271,0,0.0,0
1852,-0.2892702003784647,0,-0.8739603113133704,0,0.0,0
1853,0.8452759621664713,1,2.551441801763439,0,0.0,0
1854,0.5899282017596601,1,1.7805002685384488,0,0.0,0
1855,-0.6006664987116148,1,-1.8141226189642248,0,0.0,0
1856,0.3562281432631994,0,1.074917101781896,-1,0.11357767994953416,0
1857,0.0009226036423213,0,0.0021847737510856,0,0.0,0
1858,-0.6025280702363891,1,-1.819743043452112,0,0.0,0
1859,-0.0445800039112972,0,-0.135195910446942,0,0.0,0
1860,-0.0639851693610745,0,-0.1937836496951805,0,0.0,0
1861,0.0640019404576492,0,0.1926328143438365,0,0.0,0
1862,0.5289727580680641,1,1.5964646492593102,0,0.0,0
1863,0.4344998605185817,1,1.311233714126101,0,0.0,0
1864,-0.4000274752333292,0,-1.208356756210301,1,0.8932519429648593,1
1865,0.5375425535792249,1,1.6223384273581398,0,0.0,0
1866,0.1970608367121955,0,0.5943619280994337,0,0.0,0
1867,0.0007989954606603,0,0.0018115780710567,0,0.0,0
1868,0.0800607212423781,0,0.2411172070018294,0,0.0,0
1869,0.4872720792322462,1,1.4705626823613431,0,0.0,0
1870,0.1382911131142179,0,0.4169253970499718,0,0.0,0
1871,-0.4172741603024487,0,-1.2604276488981887,1,0.02880613215016543,1
1872,-0.3330429295091592,0,-1.0061181765544691,1,0.031183405769561,1
1873,0.183384709407086,0,0.5530712015374161,0,0.0,0
1874,1.6375915618078851,1,4.943587329934422,0,0.0,0
1875,0.2293531205304865,0,0.6918582318012841,0,0.0,0
1876,-0.3264422083038668,0,-0.9861893934772588,0,0.0,0
1877,0.1106270767428463,0,0.3334026178356207,0,0.0,0
1878,0.0254184221391182,0,0.0761421244614854,0,0.0,0
1879,-0.0815965949997715,0,-0.2469557607900416,0,0.0,0
1880,-0.2208661966369207,0,-0.6674361286096822,0,0.0,0
1881,0.0686547379963016,0,0.2066804600428605,0,0.0,0
1882,-0.0540936559158717,0,-0.1639193637143238,0,0.0,0
1883,0.0303891733666196,0,0.0911497304279707,0,0.0,0
1884,-0.3291836411709338,0,-0.994466280082424,0,0.0,0
1885,-0.0687450943205953,0,-0.208154732646848,0,0.0,0
1886,-0.3159297705452479,0,-0.9544504235695138,0,0.0,0
1887,-0.1475726407679451,0,-0.4461494948553165,0,0.0,0
1888,0.3878488162471774,1,1.1703856896913272,0,0.0,0
1889,-0.0709535360981203,0,-0.2148224217908249,0,0.0,0
1890,-0.002868812760952,0,-0.0092622049511251,0,0.0,0
1891,-0.174424543873648,0,-0.5272202953876529,0,0.0,0
1892,-0.0904876524588312,0,-0.2737994873947263,0,0.0,0
1893,-0.3937093331590784,0,-1.189281131148636,1,-0.0003367707613209136,0
1894,-0.0203811150903351,0,-0.0621350446682424,0,0.0,0
1895,-0.1707054939534807,0,-0.5159918043171765,0,0.0,0
1896,-0.2341432813256309,0,-0.7075220726193919,0,0.0,0
1897,0.260532042022615,0,0.7859930912617628,0,0.0,0
1898,-0.0858730456878602,0,-0.2598671465996671,0,0.0,0
1899,0.1576244547513977,0,0.4752962870878713,0,0.0,0
1900,0.2541444799022243,0,0.766707874399792,0,0.0,0
1901,0.2609322062767554,0,0.7872012602433013,0,0.0,0
1902,0.0203532873051193,0,0.0608495571458635,0,0.0,0
1903,-0.0568791343850825,0,-0.1723292320382023,0,0.0,0
1904,-0.4782718588930603,1,-1.4445908434361876,0,0.0,0
1905,-0.1538533680691886,0,-0.4651121578826892,0,0.0,0
1906,-0.4733269163560119,1,-1.4296611586206718,0,0.0,0
1907,-0.0435454420967051,0,-0.1320723793445466,0,0.0,0
1908,-0.1464493357623618,0,-0.4427580318485368,0,0.0,0
1909,-0.0614163082696465,0,-0.1860277888044785,0,0.0,0
1910,-0.4265874366053542,0,-1.28854613131946,1,0.21029948851388047,1
1911,0.4334849383918481,1,1.3081694788289462,0,0.0,0
1912,-0.3654402402037978,0,-1.1039315755813472,1,0.06696163132528854,1
1913,0.4465129967264173,1,1.3475035667856836,0,0.0,0
1914,-0.4537234857355491,1,-1.370474820604894,0,0.0,0
1915,-0.26213520473235,0,-0.792034802688815,0,0.0,0
1916,0.2645530695176398,0,0.798133307793192,0,0.0,0
1917,-0.1138866952996985,0,-0.3444454720510861,0,0.0,0
1918,0.0785484312792921,0,0.2365513273521909,0,0.0,0
1919,-0.2248014480207272,0,-0.6793173713925603,0,0.0,0
1920,-0.3486149696694727,0,-1.0531330103540963,1,0.21779063059153136,1
1921,-0.3754216214850281,0,-1.1340671889753926,1,0.19079802947275565,1
1922,-0.026333618705782,0,-0.0801067404313413,0,0.0,0
1923,0.2906341334094605,0,0.8768768039290714,0,0.0,0
1924,-0.0904588878723413,0,-0.2737126418536659,0,0.0,0
1925,0.595371315804305,1,1.7969340241367415,0,0.0,0
1926,-0.0907770649536872,0,-0.2746732765838826,0,0.0,0
1927,-0.1975254850505651,0,-0.5969662566661047,0,0.0,0
1928,0.3710290475575598,0,1.1196037355382742,-1,0.09617036252433743,0
1929,-0.3404965375718923,0,-1.0286219808517416,1,-0.06410713606432811,0
1930,-0.0497128812278541,0,-0.1506930046919736,0,0.0,0
1931,0.1913168172260828,0,0.5770196840067385,0,0.0,0
1932,0.1892496530902223,0,0.5707785378702345,0,0.0,0
1933,-0.2889905519655062,0,-0.8731160016710745,0,0.0,0
1934,0.2160635982298385,0,0.6517347363691466,0,0.0,0
1935,-0.4048160077349686,0,-1.2228142105573847,1,0.03798884375975651,1
1936,0.0073152319142187,0,0.0214852862498924,0,0.0,0
1937,0.0531977416441404,0,0.1600129645151796,0,0.0,0
1938,-0.1731823846717852,0,-0.5234699898511254,0,0.0,0
1939,0.528517325583233,1,1.5950896153934295,0,0.0,0
1940,0.1591332379650172,0,0.4798515792202905,0,0.0,0
1941,-0.2228684772676663,0,-0.6734813795919283,0,0.0,0
1942,0.2353518187038981,0,0.7099693973732715,0,0.0,0
1943,-0.1315300319046806,0,-0.397713928182361,0,0.0,0
1944,0.0026585501885781,0,0.007425913480824,0,0.0,0
1945,0.1500764000356092,0,0.4525073310923878,0,0.0,0
1946,0.1191673319470162,0,0.3591872083514961,0,0.0,0
1947,0.1239967096851569,0,0.3737679819288055,0,0.0,0
1948,0.022596341051186,0,0.0676217461454605,0,0.0,0
1949,0.1662774083171654,0,0.5014211345441002,0,0.0,0
1950,-0.3864027918076332,0,-1.1672213481175229,1,0.0802977229838261,1
1951,0.3923244893045293,1,1.1838985642258502,0,0.0,0
1952,0.3165130510979218,0,0.9550099837508182,0,0.0,0
1953,-0.3630400112738597,0,-1.0966848459903402,1,-0.020180752737418706,0
1954,0.5127937881114956,1,1.547617383536492,0,0.0,0
1955,-0.173059737537932,0,-0.5230996957499833,0,0.0,0
1956,0.0293302950634882,0,0.0879527834047649,0,0.0,0
1957,-0.1841413902287244,0,-0.5565572295168566,0,0.0,0
1958,0.2566268522650843,0,0.7742026100199897,0,0.0,0
1959,0.0634931081425842,0,0.1910965566358947,0,0.0,0
1960,-0.1048583967135331,0,-0.3171873894137352,0,0.0,0
1961,0.1792381000522628,0,0.5405518304311278,0,0.0,0
1962,-0.0473974808481159,0,-0.1437023879897114,0,0.0,0
1963,0.3878675064403656,1,1.1704421187987133,0,0.0,0
1964,-0.2640969654499522,0,-0.7979577166514802,0,0.0,0
1965,0.2682400107726446,0,0.8092648569382304,0,0.0,0
1966,-0.0750083083560469,0,-0.2270645199256346,0,0.0,0
1967,-0.2124239951251408,0,-0.64194758010267,0,0.0,0
1968,-0.4333268178875273,0,-1.308893554497908,1,-0.030312033292380695,0
1969,0.5812552509214076,1,1.7543150456636725,0,0.0,0
1970,-0.1380135351530708,0,-0.4172888088353962,0,0.0,0
1971,-0.1363810522982522,0,-0.4123600448898957,0,0.0,0
1972,-0.4671691487565768,1,-1.4110697333941944,0,0.0,0
1973,0.052083557830253,0,0.1566490400523044,0,0.0,0
1974,-0.356952708555206,0,-1.0783061671108118,1,0.1861183329820588,1
1975,-0.1793695287282733,0,-0.5421501079676638,0,0.0,0
1976,0.3678032996198748,0,1.1098646132647352,-1,0.019317326047003376,0
1977,0.0994005376360009,0,0.299507645512179,0,0.0,0
1978,-0.3181762030182703,0,-0.9612328135629844,0,0.0,0
1979,-0.0074883307879775,0,-0.0232093737253554,0,0.0,0
1980,-0.18849561859938,0,-0.569703440357856,0,0.0,0
1981,0.0367179820868712,0,0.1102575600423959,0,0.0,0
1982,0.0525543605204311,0,0.1580704793758142,0,0.0,0
1983,-0.2746588674573718,0,-0.8298460281620244,0,0.0,0
1984,0.1015624592129632,0,0.3060348816727787,0,0.0,0
1985,0.1056457706263083,0,0.3183631447310648,0,0.0,0
1986,0.5340106762444927,1,1.611675044514041,0,0.0,0
1987,0.1724375304305765,0,0.5200196684783718,0,0.0,0
1988,0.0706751129148609,0,0.2127803409853131,0,0.0,0
1989,-0.0911984879063343,0,-0.2759456294595543,0,0.0,0
1990,0.1495866829856728,0,0.4510287858616683,0,0.0,0
1991,-0.226215717439795,0,-0.6835873091143257,0,0.0,0
1992,-0.0701934506198852,0,-0.2125275848866786,0,0.0,0
1993,0.1855747145063852,0,0.5596832269819878,0,0.0,0
1994,-0.0583010773159552,0,-0.1766223374938326,0,0.0,0
1995,-0.0723683349073678,0,-0.2190939578382467,0,0.0,0
1996,-0.1404992090943892,0,-0.4247935125240614,0,0.0,0
1997,0.0882273030032389,0,0.265773609133161,0,0.0,0
1998,-0.0561041491087335,0,-0.1699894099217936,0,0.0,0
1999,-0.0157381342786873,0,-0.0481170374612738,0,0.0,0
2000,0.0322903367344608,0,0.0968896899223464,0,0.0,0
2001,-0.16791969761698,0,-0.5075809762938848,0,0.0,0
2002,-0.1168373491588985,0,-0.3533540350500481,0,0.0,0
2003,0.1140904200560959,0,0.3438590839497051,0,0.0,0
2004,0.0783254115416068,0,0.235877990024945,0,0.0,0
2005,0.1697418309922393,0,0.5118808594487,0,0.0,0
2006,0.2759914998340949,0,0.8326680183847633,0,0.0,0
2007,0.0252808525839043,0,0.0757267768443661,0,0.0,0
2008,0.4234366174826981,1,1.2778317624703024,0,0.0,0
2009,0.2441090792732567,0,0.7364091667271757,0,0.0,0
2010,0.1095457946809077,0,0.3301380297720656,0,0.0,0
2011,-0.0015785528899479,0,-0.0053666747078764,0,0.0,0
2012,-0.1124933842867693,0,-0.3402388115859403,0,0.0,0
2013,0.1271821654651963,0,0.3833854548182152,0,0.0,0
2014,0.1996890629952941,0,0.6022970233480709,0,0.0,0
2015,-0.2505126603870418,0,-0.7569442182118956,0,0.0,0
2016,-0.2334472449181527,0,-0.7054206115597502,0,0.0,0
2017,-0.0482171928156481,0,-0.1461772481570588,0,0.0,0
2018,0.2016022807314965,0,0.6080733771825092,0,0.0,0
2019,-0.1924917466710619,0,-0.581768480981818,0,0.0,0
2020,-0.0092870248045491,0,-0.0286399595300992,0,0.0,0
2021,0.1348299848200829,0,0.4064756184832134,0,0.0,0
2022,0.1758954721059279,0,0.5304598260609205,0,0.0,0
2023,-0.3441306800993142,0,-1.039594120993426,1,0.0449220183346371,1
2024,-0.1235633157123611,0,-0.373660956712041,0,0.0,0
2025,-0.2869228078184159,0,-0.8668731043747162,0,0.0,0
2026,-0.0427809221085171,0,-0.1297641538447977,0,0.0,0
2027,-0.3110512983274079,0,-0.9397214247898684,0,0.0,0
2028,-0.1201029972970056,0,-0.3632136233172591,0,0.0,0
2029,-0.163200662938333,0,-0.4933333485696315,0,0.0,0
2030,-0.0078266038763985,0,-0.0242306819718838,0,0.0,0
2031,-0.7318780323505539,1,-2.2102742075242623,0,0.0,0
2032,-0.7012099309431277,1,-2.117681607211368,0,0.0,0
2033,0.3743389165521449,0,1.1295968346490477,-1,0.010291527618681455,0
2034,0.1710862439480349,0,0.5159398877471169,0,0.0,0
2035,-0.012394758006755,0,-0.0380227737593909,0,0.0,0
2036,-0.1490388521511183,0,-0.4505762548549915,0,0.0,0
2037,0.0742851466871027,0,0.2236796923911454,0,0.0,0
2038,-0.1746565619359832,0,-0.5279208003007474,0,0.0,0
2039,0.1381715964944239,0,0.4165645545426277,0,0.0,0
2040,-0.2138519843749661,0,-0.6462589404997034,0,0.0,0
2041,0.3558587844038564,0,1.0738019399144942,-1,-0.10124852559876919,-1
2042,0.0739103156663942,0,0.2225480090689775,0,0.0,0
2043,0.0814381740744613,0,0.2452759887221762,0,0.0,0
2044,-0.1563081589839637,0,-0.4725236200727959,0,0.0,0
2045,-0.0208421275632734,0,-0.0635269255375189,0,0.0,0
2046,-0.1109123435038073,0,-0.3354653606523348,0,0.0,0
2047,0.530455102955727,1,1.6009401192561583,0,0.0,0
2048,0.0322129606778752,0,0.0966560774731754,0,0.0,0
2049,-0.1098562300529895,0,-0.3322767612233215,0,0.0,0
2050,-0.2842237624414324,0,-0.8587241933450662,0,0.0,0
2051,-0.3920056735439593,0,-1.1841374715618789,1,-0.020238450248412795,0
2052,-0.0505355929912809,0,-0.1531769217911015,0,0.0,0
2053,0.1671169668812993,0,0.5039559152119798,0,0.0,0
2054,-0.1387495703916205,0,-0.4195110336726579,0,0.0,0
2055,0.5532724945375023,1,1.6698299925106708,0,0.0,0
2056,-0.0275799248583604,0,-0.0838695663696061,0,0.0,0
2057,-0.1981564205198527,0,-0.5988711661013143,0,0.0,0
2058,-0.3508202071144588,0,-1.0597910250328004,1,-0.0812028568574237,0
2059,0.2291693387371949,0,0.6913033609957862,0,0.0,0
2060,0.0426260831578251,0,0.1280951964126265,0,0.0,0
2061,0.1412246582687003,0,0.4257823057441319,0,0.0,0
2062,-0.0902804448005761,0,-0.273173889623684,0,0.0,0
2063,0.4176984773626609,1,1.2605072692577772,0,0.0,0
2064,0.2734919124139426,0,0.8251213073619135,0,0.0,0
2065,0.0969833468300345,0,0.2922097049190043,0,0.0,0
2066,-0.1680852458526139,0,-0.5080807966580774,0,0.0,0
2067,-0.0725242538217637,0,-0.2195647055226267,0,0.0,0
2068,0.2997820709532255,0,0.9044960984339492,0,0.0,0
2069,-0.0302021209041472,0,-0.0917864552302511,0,0.0,0
2070,0.2730045731841625,0,0.8236499412046041,0,0.0,0
2071,0.0526665284621719,0,0.1584091348817271,0,0.0,0
2072,-0.2816185258884846,0,-0.8508585082913046,0,0.0,0
2073,-0.2907130510872909,0,-0.8783165411698809,0,0.0,0
2074,0.0214586217997252,0,0.0641867638973163,0,0.0,0
2075,0.0915659760739726,0,0.2758536730114883,0,0.0,0
2076,0.4129661604558973,1,1.2462195400605658,0,0.0,0
2077,0.3765549529343637,0,1.1362874532919067,-1,-0.11540339717801935,-1
2078,-0.2971326425781595,0,-0.8976984605521521,0,0.0,0
2079,-0.148400210442155,0,-0.4486480788744966,0,0.0,0
2080,0.1548399637995671,0,0.4668894002593541,0,0.0,0
2081,-0.1484831206706439,0,-0.4488983999995747,0,0.0,0
2082,-0.1876149244626458,0,-0.5670444638820318,0,0.0,0
2083,0.4363497224621511,1,1.3168187852493327,0,0.0,0
2084,0.2014510818322628,0,0.6076168800861125,0,0.0,0
2085,0.0393615596084199,0,0.1182390034841356,0,0.0,0
2086,0.0204041902985469,0,0.0610032425815076,0,0.0,0
2087,-0.1639804400702075,0,-0.4956876381732034,0,0.0,0
2088,0.4971106758744698,1,1.5002672028476556,0,0.0,0
2089,0.0229815520809449,0,0.0687847686110752,0,0.0,0
2090,0.4218723004292261,1,1.2731088035309628,0,0.0,0
2091,0.2670383447962261,0,0.8056368078462453,0,0.0,0
2092,0.2671314503975185,0,0.8059179106642133,0,0.0,0
2093,-0.0148904501650056,0,-0.0455577242750092,0,0.0,0
2094,0.0125159567825561,0,0.0371872246475099,0,0.0,0
2095,0.0634622338640671,0,0.1910033415492253,0,0.0,0
2096,-0.1141852786757299,0,-0.3453469498057624,0,0.0,0
2097,0.0098225360007053,0,0.0290552952980145,0,0.0,0
2098,-0.2594331520794837,0,-0.7838768121439338,0,0.0,0
2099,-0.2392874304992769,0,-0.7230531986600139,0,0.0,0
2100,0.1147952924004698,0,0.3459872223169019,0,0.0,0
2101,-0.5026724834697318,1,-1.5182607863125877,0,0.0,0
2102,0.1862058525749146,0,0.5615887481013174,0,0.0,0
2103,0.0844434718789401,0,0.2543495317737831,0,0.0,0
2104,0.1331231359096949,0,0.4013223298314489,0,0.0,0
2105,0.987657881396203,1,2.981318824924352,0,0.0,0
2106,0.2158813425352962,0,0.6511844731345463,0,0.0,0
2107,0.0338157536709091,0,0.1014952023024796,0,0.0,0
2108,0.160097474322449,0,0.4827627849211177,0,0.0,0
2109,-0.2641376951183256,0,-0.7980806869604169,0,0.0,0
2110,-0.3249429142781352,0,-0.9816627509364704,0,0.0,0
2111,0.1003053055883662,0,0.3022393052349744,0,0.0,0
2112,0.2910232491259105,0,0.8780516153570783,0,0.0,0
2113,-0.358579874403934,0,-1.0832188780436631,1,-0.10881259766389743,0
2114,-0.0703260219625109,0,-0.212927841986967,0,0.0,0
2115,0.0814075530062067,0,0.2451835381235433,0,0.0,0
2116,0.3935947486216379,1,1.187733709143373,0,0.0,0
2117,-0.0094253286886888,0,-0.0290575242203856,0,0.0,0
2118,0.0284140588892671,0,0.0851864990252784,0,0.0,0
2119,0.4816022136815423,1,1.4534443225453992,0,0.0,0
2120,0.4300087373517225,1,1.2976741928886932,0,0.0,0
2121,0.1644874806578932,0,0.4960170159734002,0,0.0,0
2122,0.2520687663364668,0,0.7604409159726981,0,0.0,0
2123,0.4302072568986708,1,1.2982735596646366,0,0.0,0
2124,0.2299504338483441,0,0.6936616298195446,0,0.0,0
2125,-0.1211555807176739,0,-0.3663915649404181,0,0.0,0
2126,0.1720781514265212,0,0.518934637617111,0,0.0,0
2127,0.2275225146635006,0,0.6863312982907792,0,0.0,0
2128,-0.1798081467512684,0,-0.543474375901752,0,0.0,0
2129,0.0795871141530665,0,0.2396873006850541,0,0.0,0
2130,-0.0216518048576754,0,-0.0659714891936454,0,0.0,0
2131,-0.1084727862912428,0,-0.3280998917919531,0,0.0,0
2132,-0.0165997437218639,0,-0.0507183937610329,0,0.0,0
2133,0.0611907360686105,0,0.1841452747686254,0,0.0,0
2134,0.0033504580665755,0,0.0095149097558018,0,0.0,0
2135,0.234572761221916,0,0.7076172805241837,0,0.0,0
2136,0.0646533121920467,0,0.1945994245965201,0,0.0,0
2137,0.1088448959225284,0,0.3280218883868441,0,0.0,0
2138,-0.3038698019524338,0,-0.9180391753847762,0,0.0,0
2139,0.1900169009294528,0,0.5730949992505793,0,0.0,0
2140,-0.470137312875999,1,-1.4200311630673788,0,0.0,0
2141,-0.448914979048135,0,-1.355957060542258,1,0.0558500503893673,1
2142,-0.0286609831563295,0,-0.0871334788488623,0,0.0,0
2143,-0.348075548310207,0,-1.0515043987339905,1,-0.07956424991560501,0
2144,-0.029734991255633,0,-0.0903761054904821,0,0.0,0
2145,0.1348394129778208,0,0.4065040838136724,0,0.0,0
2146,-0.6136824096421936,1,-1.85342003168934,0,0.0,0
2147,0.2907949449517506,0,0.877362323350804,0,0.0,0
2148,-0.4316449244029462,0,-1.30381561083528,1,-0.09324965194691878,0
2149,-0.1194175208227905,0,-0.3611440446251291,0,0.0,0
2150,0.0660856209703017,0,0.1989238264389343,0,0.0,0
2151,0.1304985550878898,0,0.3933982408963757,0,0.0,0
2152,0.1716309952548032,0,0.5175845914523586,0,0.0,0
2153,0.319084093041427,0,0.9627724290323192,0,0.0,0
2154,0.3179385720112641,0,0.9593138917891164,0,0.0,0
2155,-0.6008078748916379,1,-1.8145494594770015,0,0.0,0
2156,-0.0049835895289409,0,-0.0156471023214583,0,0.0,0
2157,-0.5477705074749588,1,-1.6544199588724566,0,0.0,0
2158,0.132445617999702,0,0.3992767794985022,0,0.0,0
2159,-0.1886758432862307,0,-0.5702475716092298,0,0.0,0
2160,0.5286322574832327,1,1.5954366157942206,0,0.0,0
2161,-0.0267215396257841,0,-0.0812779445506177,0,0.0,0
2162,-0.2976196898685161,0,-0.8991689452910132,0,0.0,0
2163,0.1519078682756587,0,0.4580368682647021,0,0.0,0
2164,0.3216999813496292,0,0.9706702736809572,0,0.0,0
2165,0.243034875686433,0,0.7331659498730223,0,0.0,0
2166,0.6466180678133367,1,1.9516573297326107,0,0.0,0
2167,0.1132767661843957,0,0.3414025142803112,0,0.0,0
2168,-0.309349521454578,0,-0.9345834495460044,0,0.0,0
2169,-0.1345986106171993,0,-0.4069785278549088,0,0.0,0
2170,-0.0984362471972359,0,-0.2977977468854188,0,0.0,0
2171,-0.1254226284426194,0,-0.3792745614866682,0,0.0,0
2172,-0.5283216616122348,1,-1.5957003404784,0,0.0,0
2173,0.1953248209275834,0,0.589120579326453,0,0.0,0
2174,-0.1822738975524419,0,-0.5509189279909456,0,0.0,0
2175,-0.2729074265199842,0,-0.8245581080350907,0,0.0,0
2176,-0.3470664836158094,0,-1.0484578480950393,1,-0.08014650632158782,0
2177,-0.2537226564938568,0,-0.7666357828306399,0,0.0,0
2178,-0.1302925171626728,0,-0.3939776451185424,0,0.0,0
2179,-0.3625729179070819,0,-1.0952746057917608,1,0.1976200127282777,1
2180,-0.0525327757157741,0,-0.1592067812631339,0,0.0,0
2181,-0.5407828001680378,1,-1.6333227940634034,0,0.0,0
2182,0.0633252760223216,0,0.1905898408068094,0,0.0,0
2183,0.2489247994168603,0,0.7509487055317352,0,0.0,0
2184,-0.5177962384386597,1,-1.5639221652308473,0,0.0,0
2185,-0.0280977212802481,0,-0.0854328883535252,0,0.0,0
2186,-0.1282736219996676,0,-0.3878822318284156,0,0.0,0
2187,-0.1669549669773681,0,-0.5046682782648649,0,0.0,0
2188,0.2679836628982056,0,0.8084908958780506,0,0.0,0
2189,0.0440424829282339,0,0.1323715660542431,0,0.0,0
2190,0.3065750187015705,0,0.9250052485587944,0,0.0,0
2191,0.1132345365038101,0,0.3412750151604975,0,0.0,0
2192,0.0403304546363503,0,0.1211642745622007,0,0.0,0
2193,0.0415535866223999,0,0.1248571334584736,0,0.0,0
2194,-0.2745523137675457,0,-0.829524323108201,0,0.0,0
2195,-0.3238343030675619,0,-0.978315651180952,0,0.0,0
2196,-0.1697480506162673,0,-0.5131011079852746,0,0.0,0
2197,0.1234021608819203,0,0.3719729304851819,0,0.0,0
2198,0.0943788887345127,0,0.2843463701704133,0,0.0,0
2199,-2.037484342173641,1,-6.152138152912457,0,0.0,0
2200,1.5981796958216363,1,4.824595707128373,0,0.0,0
2201,0.301172708799748,0,0.908694688121404,0,0.0,0
2202,-0.636352124514315,1,-1.921864041981198,0,0.0,0
2203,0.5768863437010836,1,1.741124516694128,0,0.0,0
2204,-0.7466755169580683,1,-2.2549505166213755,0,0.0,0
2205,-0.6470582902897467,1,-1.9541879121601355,0,0.0,0
2206,-0.2095711783907035,0,-0.6333344052553438,0,0.0,0
2207,0.3343200228372585,0,1.0087724842440555,-1,0.008871478661604664,0
2208,-0.0701389181914136,0,-0.2123629415236453,0,0.0,0
2209,0.7508045531743192,1,2.2662153608567257,0,0.0,0
2210,0.8456233821526739,1,2.55249072616524,0,0.0,0
2211,-0.345791637277433,0,-1.0446088541223943,1,-0.05401040438777695,0
2212,0.1634271392972029,0,0.4928156517121663,0,0.0,0
2213,-0.0302436946726781,0,-0.0919119740317559,0,0.0,0
2214,0.0755668236931851,0,0.2275493093973574,0,0.0,0
2215,-0.0940781959373056,0,-0.2846399940433687,0,0.0,0
2216,-0.2637947721932653,0,-0.7970453400076857,0,0.0,0
2217,-0.4840234278332247,1,-1.461955880709729,0,0.0,0
2218,0.5232630555369081,1,1.579226014322332,0,0.0,0
2219,0.0325936868110947,0,0.0978055592168783,0,0.0,0
2220,-0.1129193726606562,0,-0.3415249483023036,0,0.0,0
2221,0.3205456070268562,0,0.967185006730128,0,0.0,0
2222,-0.2970456235129646,0,-0.8974357340984941,0,0.0,0
2223,0.6941597008741831,1,2.095194204407197,0,0.0,0
2224,0.1394737506905552,0,0.4204959959261805,0,0.0,0
2225,0.6773419286013129,1,2.0444182778009914,0,0.0,0
2226,0.7668695498013238,1,2.314718520278001,0,0.0,0
2227,0.5584080434386216,1,1.6853351527575169,0,0.0,0
2228,-0.8436763776168534,1,-2.5478138341663867,0,0.0,0
2229,-0.4633482906152133,1,-1.3995338647065465,0,0.0,0
2230,-0.393050856755865,0,-1.187293070602982,1,-0.07603081294126449,0
2231,-0.1776592564570395,0,-0.536986483564158,0,0.0,0
2232,-0.0508659888861366,0,-0.154174447351324,0,0.0,0
2233,0.3401596923135194,0,1.0264035131294598,-1,-0.009205843445621573,-1
2234,-0.2498801716520233,0,-0.7550346191837083,0,0.0,0
2235,0.1961760911555584,0,0.5916907196468469,0,0.0,0
2236,0.2418886420466821,0,0.7297052611313011,0,0.0,0
2237,-0.0960964740352702,0,-0.2907335443014183,0,0.0,0
2238,-0.2580666027021493,0,-0.7797509499452153,0,0.0,0
2239,0.0310534564765865,0,0.0931553224820284,0,0.0,0
2240,0.1787993331822889,0,0.5392271131008204,0,0.0,0
2241,0.1334556920093283,0,0.4023263774445013,0,0.0,0
2242,-0.0253056103439556,0,-0.0770029953999697,0,0.0,0
2243,0.1094840636474735,0,0.3299516525056759,0,0.0,0
2244,0.5290607179257572,1,1.596730216137375,0,0.0,0
2245,0.3734348663083764,0,1.1268673418196102,-1,0.35525870140181853,0
2246,-0.1311258936984466,0,-0.3964937611135273,0,0.0,0
2247,-0.6395357414078269,1,-1.9314759629362703,0,0.0,0
2248,-0.4495225900663441,0,-1.3577915491989674,1,0.06844859888033714,1
2249,0.7209631080040226,1,2.176118586729608,0,0.0,0
2250,-0.0298996527230039,0,-0.0908732485393021,0,0.0,0
2251,0.259926847116572,0,0.7841658972890353,0,0.0,0
2252,0.2003042021670892,0,0.6041542408756299,0,0.0,0
2253,-0.0136495689984534,0,-0.0418112773605439,0,0.0,0
2254,0.0702253555601366,0,0.2114224413739048,0,0.0,0
2255,0.0463687644904476,0,0.139395035034072,0,0.0,0
2256,0.1267815184993441,0,0.3821758284418416,0,0.0,0
2257,0.1308777872279675,0,0.3945432120018746,0,0.0,0
2258,-0.2338255680098319,0,-0.7065628380820778,0,0.0,0
2259,0.2503313919870766,0,0.7551954654444825,0,0.0,0
2260,1.2694746172750755,1,3.832175030206052,0,0.0,0
2261,-0.1854669685957777,0,-0.5605593927513327,0,0.0,0
2262,-0.1093427048289342,0,-0.3307263347658809,0,0.0,0
2263,0.2987248580266068,0,0.9013041794866508,0,0.0,0
2264,-0.2160393552681034,0,-0.6528630127946802,0,0.0,0
2265,0.2690249480775586,0,0.8116347260468211,0,0.0,0
2266,0.128472501175228,0,0.3872812140333418,0,0.0,0
2267,0.0160908856360186,0,0.0479805878909072,0,0.0,0
2268,0.1436950120210292,0,0.4332407549836879,0,0.0,0
2269,-0.0745006764985761,0,-0.2255318866184582,0,0.0,0
2270,0.2387258715201284,0,0.720156279166096,0,0.0,0
2271,0.2897764082176209,0,0.8742871748936375,0,0.0,0
2272,0.3131346651359403,0,0.944810019399432,0,0.0,0
2273,-0.1389791899687927,0,-0.420204297120912,0,0.0,0
2274,-0.3580334411823792,0,-1.0815690963304443,1,0.0077957310330922,1
2275,-0.3540355939715517,0,-1.069498865311366,1,0.04644721701707733,1
2276,-0.3568404483521179,0,-1.0779672330510377,1,0.06616473853568369,1
2277,0.376351802926,0,1.1356741063071003,-1,0.060932629241261416,0
2278,-0.0862136105907582,0,-0.260895374252749,0,0.0,0
2279,-0.2010351878052511,0,-0.6075626904023976,0,0.0,0
2280,0.0031152272211219,0,0.0088047048635916,0,0.0,0
2281,-0.298164941505401,0,-0.9008151595842728,0,0.0,0
2282,-0.2841867137356425,0,-0.858612336534573,0,0.0,0
2283,0.2778692854350721,0,0.8383373961305437,0,0.0,0
2284,0.2504781391290277,0,0.7556385218724374,0,0.0,0
2285,-0.0857110736055528,0,-0.2593781232956257,0,0.0,0
2286,-0.2850393710571388,0,-0.8611866647436892,0,0.0,0
2287,-0.1382475902191893,0,-0.4179954638350132,0,0.0,0
2288,0.5275260583809921,1,1.59209679863438,0,0.0,0
2289,0.0338404411469505,0,0.1015697383023272,0,0.0,0
2290,-0.0300171065580219,0,-0.0912278631225969,0,0.0,0
2291,-0.162261332833106,0,-0.4904973393938535,0,0.0,0
2292,0.1061759928620301,0,0.3199639825167814,0,0.0,0
2293,-0.341317130798507,0,-1.0310995017012392,1,-0.017699689698077562,0
2294,-0.4326653117520675,0,-1.3068963466371593,1,0.08018837748066145,1
2295,0.2323834115177984,0,0.7010072338373867,0,0.0,0
2296,0.649212730831215,1,1.9594910913525223,0,0.0,0
2297,0.4226373878920201,1,1.275418742340208,0,0.0,0
2298,-0.0174321526554333,0,-0.0532315883882105,0,0.0,0
2299,0.2690801143371773,0,0.8118012830618697,0,0.0,0
2300,0.0920276200668162,0,0.2772474605547192,0,0.0,0
2301,0.0076445326060442,0,0.022479505192105,0,0.0,0
2302,-0.157564729278142,0,-0.4763174353295089,0,0.0,0
2303,0.2333402935362385,0,0.7038962354453755,0,0.0,0
2304,0.0370127649331948,0,0.1111475633036391,0,0.0,0
2305,0.0908541125607959,0,0.2737044270285941,0,0.0,0
2306,0.0113483852769265,0,0.0336621129908979,0,0.0,0
2307,0.0805479348536364,0,0.2425881938938748,0,0.0,0
2308,0.0127210488332792,0,0.0378064350129537,0,0.0,0
2309,-0.4188157087634571,0,-1.2650818652977256,1,0.08941351701285855,1
2310,0.4507002412513642,1,1.3601456228934308,0,0.0,0
2311,0.2668257198992656,0,0.8049948544419805,0,0.0,0
2312,0.2193198896869048,0,0.661566075107104,0,0.0,0
2313,0.04911983421612,0,0.1477010170757385,0,0.0,0
2314,0.1268471284558746,0,0.3823739168856243,0,0.0,0
2315,-0.0072395940001751,0,-0.0224583919260542,0,0.0,0
2316,-0.3554842347669545,0,-1.07387257649693,1,0.12745053049058822,1
2317,0.009967104059911,0,0.0294917726771066,0,0.0,0
2318,-0.0780070959806794,0,-0.2361184075550662,0,0.0,0
2319,0.2590441583066131,0,0.7815008985303774,0,0.0,0
2320,-0.3877915834880953,0,-1.1714143638924006,1,-0.22945288542050304,0
2321,-0.0902672069961054,0,-0.2731339222738279,0,0.0,0
2322,-0.939385370207504,1,-2.836776766027242,0,0.0,0
2323,-0.2917582252531951,0,-0.8814721128994533,0,0.0,0
2324,-0.010063440450556,0,-0.0309841001937918,0,0.0,0
2325,-0.355978880199619,0,-1.0753660014153767,1,0.10697785083470585,1
2326,-0.1725987623674479,0,-0.5217079275036299,0,0.0,0
2327,-0.1840280103522824,0,-0.5562149149586955,0,0.0,0
2328,-0.327056801590651,0,-0.9880449628782528,0,0.0,0
2329,0.3057282594481967,0,0.9224487276947446,0,0.0,0
2330,-0.4026263653957316,0,-1.2162032803517062,1,-0.09459081455750452,0
2331,0.5050866251190256,1,1.5243480505892852,0,0.0,0
2332,0.1721832533920765,0,0.519251959650173,0,0.0,0
2333,0.4317672830977571,1,1.3029835637307725,0,0.0,0
2334,0.0636261351254812,0,0.1914981893973943,0,0.0,0
2335,0.0219695043974441,0,0.0657292117831168,0,0.0,0
2336,-0.0842799607289055,0,-0.2550573320986214,0,0.0,0
2337,0.0611189387169258,0,0.1839285054486161,0,0.0,0
2338,0.0785100247181552,0,0.2364353709283645,0,0.0,0
2339,-0.1834929268088014,0,-0.5545993999968353,0,0.0,0
2340,0.20091684925368,0,0.6060039343427264,0,0.0,0
2341,0.1787923478287962,0,0.5392060230426065,0,0.0,0
2342,0.124863841639788,0,0.3763860116994473,0,0.0,0
2343,-0.2789567962629862,0,-0.8428222603318829,0,0.0,0
2344,-0.3063229584096751,0,-0.9254457028490206,0,0.0,0
2345,0.2866568433746067,0,0.8648686387794512,0,0.0,0
2346,0.010484619433322,0,0.0310542461243354,0,0.0,0
2347,-0.6675214947256389,1,-2.015970064380189,0,0.0,0
2348,0.502721210200817,1,1.5172064308591895,0,0.0,0
2349,-0.1435127872392868,0,-0.4338920554359681,0,0.0,0
2350,0.1639426178008456,0,0.4943719754774882,0,0.0,0
2351,-0.000319426241367,0,-0.001565141350251,0,0.0,0
2352,-0.2878822325727554,0,-0.8697697829668688,0,0.0,0
2353,-0.1439865883353511,0,-0.4353225474945694,0,0.0,0
2354,-0.1249077901897072,0,-0.3777201707552569,0,0.0,0
2355,-0.0457525638289101,0,-0.1387360830305687,0,0.0,0
2356,-0.4740714769368809,1,-1.4319091230237255,0,0.0,0
2357,0.1146823578116187,0,0.3456462521633188,0,0.0,0
2358,0.1565395103547798,0,0.4720206417669181,0,0.0,0
2359,-0.0389827288838653,0,-0.1182967146809187,0,0.0,0
2360,0.1412932497009824,0,0.4259893958078373,0,0.0,0
2361,-0.073177637729471,0,-0.2215373908940978,0,0.0,0
2362,-0.1912312779334306,0,-0.5779628956121892,0,0.0,0
2363,0.2527711722436219,0,0.7625616077153855,0,0.0,0
2364,0.1487129604029551,0,0.4483908577809187,0,0.0,0
2365,0.8742248743525617,1,2.638843855771604,0,0.0,0
2366,0.253123554035549,0,0.7636255127150458,0,0.0,0
2367,0.0160079027419594,0,0.047730047375198,0,0.0,0
2368,-0.0996070012853549,0,-0.3013324673399312,0,0.0,0
2369,0.4857014359467652,1,1.465820623371951,0,0.0,0
2370,0.3680096864317978,0,1.1104877327507563,-1,-0.041764891695767005,-1
2371,0.4207017340086277,1,1.2695746496789764,0,0.0,0
2372,0.2381493981942399,0,0.7184158008904467,0,0.0,0
2373,-0.3498419346916532,0,-1.0568374418866318,1,0.05073358434783998,1
2374,0.0487129111934215,0,0.1464724421372942,0,0.0,0
2375,-0.2862643154069211,0,-0.8648849954971366,0,0.0,0
2376,0.5202498368923054,1,1.5701285568074856,0,0.0,0
2377,0.180010511884878,0,0.5428838828508112,0,0.0,0
2378,0.0923904247513943,0,0.27834283417125,0,0.0,0
2379,-0.1248673074502088,0,-0.3775979459697006,0,0.0,0
2380,-0.2916912100741394,0,-0.8812697818321736,0,0.0,0
2381,-0.280388556733371,0,-0.847145006732677,0,0.0,0
2382,0.1143826787383129,0,0.3447414662984192,0,0.0,0
2383,0.008695113438212,0,0.0256514006347666,0,0.0,0
2384,-0.0788294057591975,0,-0.2386011109883239,0,0.0,0
2385,0.0438128070218007,0,0.1316781325376601,0,0.0,0
2386,0.2262960906351071,0,0.6826285001173107,0,0.0,0
