Date,spread,regime,z_score,signal,minhash_signal,final_signal,lr_signal
2016-07-06,-0.050283409443264,0,-0.2054079405126964,0,0.0,0,0.0
2016-07-07,-0.4379868680559295,1,-1.6903766215464957,0,0.0,0,0.0
2016-07-08,-0.1492225063438226,0,-0.5843611248686796,0,0.0,0,0.0
2016-07-11,-0.0697629695130688,0,-0.2800178929941255,0,0.0,0,0.0
2016-07-12,-0.0842065567872626,0,-0.3353392327126451,0,0.0,0,0.0
2016-07-13,0.1367206232733609,0,0.5108485840096677,0,0.0,0,0.0
2016-07-14,-0.1888160630397024,0,-0.7360110272825159,0,0.0,0,0.0
2016-07-15,0.0749025688025058,0,0.2740751615074666,0,0.0,0,0.0
2016-07-18,0.0432448284972751,0,0.1528207547663213,0,0.0,0,0.0
2016-07-19,-0.0269621128245247,0,-0.1160834985697482,0,0.0,0,0.0
2016-07-20,-0.2685822067848903,0,-1.041528614596024,1,0.0,0,1.0
2016-07-21,0.1489331318408203,0,0.5576245214862844,0,0.0,0,0.0
2016-07-22,-0.0515196482570873,0,-0.2101429406268945,0,0.0,0,0.0
2016-07-25,-0.227346045666085,0,-0.8835872642490168,0,0.0,0,0.0
2016-07-26,-0.1264186851593789,0,-0.4970186998411418,0,0.0,0,0.0
2016-07-27,-0.2156417104225662,0,-0.8387577150591821,0,0.0,0,0.0
2016-07-28,0.0211370409705461,0,0.0681442543254511,0,0.0,0,0.0
2016-07-29,0.3319704497968281,1,1.258687869225576,0,0.0,0,-1.0
2016-08-01,-0.2762098755227085,0,-1.0707438535456375,1,0.0,0,1.0
2016-08-02,0.188600699525956,0,0.7095578982892601,0,0.0,0,0.0
2016-08-03,-0.0274523184604733,0,-0.1179610676253732,0,0.0,0,0.0
2016-08-04,-0.1827976838399438,0,-0.7129596347202554,0,0.0,0,0.0
2016-08-05,-0.3753758978036778,0,-1.4505661998225576,1,0.0,0,1.0
2016-08-08,0.2340903677055643,0,0.8837908875926249,0,0.0,0,0.0
2016-08-09,-0.0755565894384302,0,-0.3022084201814783,0,0.0,0,0.0
2016-08-10,-0.0545304419730431,0,-0.221674780939195,0,0.0,0,0.0
2016-08-11,-0.0041920595264629,0,-0.0288704101591215,0,0.0,0,0.0
2016-08-12,0.1028655870817035,0,0.3811781688429492,0,0.0,0,0.0
2016-08-15,-0.2045963670293194,0,-0.7964522141773303,0,0.0,0,0.0
2016-08-16,-0.0051966634418453,0,-0.032718210115627,0,0.0,0,0.0
2016-08-17,0.2392328533505257,0,0.9034874622704968,0,0.0,0,0.0
2016-08-18,0.2142351877965846,0,0.8077422487008513,0,0.0,0,0.0
2016-08-19,-0.2361973636201915,0,-0.9174892830619356,0,0.0,0,0.0
2016-08-22,-0.0093579519102627,0,-0.0486566365368377,0,0.0,0,0.0
2016-08-23,-0.0759130244901436,0,-0.3035736256674213,0,0.0,0,0.0
2016-08-24,0.0068543722761018,0,0.0134392595113068,0,0.0,0,0.0
2016-08-25,0.0109877279499842,0,0.0292706986871455,0,0.0,0,0.0
2016-08-26,-0.2928026448536924,0,-1.134296917725923,1,0.0,0,1.0
2016-08-29,0.102554748802799,0,0.3799876065748399,0,0.0,0,0.0
2016-08-30,-0.1244153697709518,0,-0.4893456689615812,0,0.0,0,0.0
2016-08-31,0.0100176122678858,0,0.0255549943959048,0,0.0,0,0.0
2016-09-01,-0.0975814280025647,0,-0.3865672123098721,0,0.0,0,0.0
2016-09-02,0.1358855795423978,0,0.5076502277396178,0,0.0,0,0.0
2016-09-06,0.3377109289147867,1,1.280674858288816,0,0.0,0,-1.0
2016-09-07,0.2029552830517244,0,0.7645383388592928,0,0.0,0,0.0
2016-09-08,0.3132477959357864,1,1.1869769933180705,0,0.0,0,-1.0
2016-09-09,-0.2688961702481056,0,-1.0427311468394351,1,0.0,0,1.0
2016-09-12,-0.0553838786583354,0,-0.2249435852811508,0,0.0,0,0.0
2016-09-13,-0.1937923768643998,0,-0.755071136271778,0,0.0,0,0.0
2016-09-14,0.0387426843506963,0,0.1355767944490924,0,0.0,0,0.0
2016-09-15,-0.1318591803067548,0,-0.5178567004410816,0,0.0,0,0.0
2016-09-16,0.2298081793087361,0,0.8673893943525837,0,0.0,0,0.0
2016-09-19,0.1549852306864799,0,0.5808050658963977,0,0.0,0,0.0
2016-09-20,-0.0680148823460839,0,-0.2733224286204557,0,0.0,0,0.0
2016-09-21,0.2070737571033651,0,0.7803127789486882,0,0.0,0,0.0
2016-09-22,0.0231186113951051,0,0.0757339983794826,0,0.0,0,0.0
2016-09-23,0.1005900865074236,0,0.3724626234656357,0,0.0,0,0.0
2016-09-26,0.2417404198183691,0,0.9130918585884522,0,0.0,0,0.0
2016-09-27,-0.4706585964749313,1,-1.8155147712835864,0,0.0,0,0.0
2016-09-28,0.32004715376234,1,1.2130196638160435,0,0.0,0,-1.0
2016-09-29,0.0003519027518597,0,-0.0114662794473307,0,0.0,0,0.0
2016-09-30,-0.2847114981266895,0,-1.103306481049803,1,0.0,0,1.0
2016-10-03,-0.2028607737348668,0,-0.789804603411884,0,0.0,0,0.0
2016-10-04,-0.3619958204998844,0,-1.3993182800411803,1,0.0,0,1.0
2016-10-05,-0.111790487186601,0,-0.4409902704655887,0,0.0,0,0.0
2016-10-06,-0.0340003263065708,0,-0.1430410259249786,0,0.0,0,0.0
2016-10-07,-0.0131770723144822,0,-0.0632845024053982,0,0.0,0,0.0
2016-10-10,0.1441931863240749,0,0.5394697423998142,0,0.0,0,0.0
2016-10-11,0.1516474889346186,0,0.5680209602693065,0,0.0,0,0.0
2016-10-12,0.1194548009884735,0,0.4447176151575995,0,0.0,0,0.0
2016-10-13,0.2644153256537645,0,0.9999405164039918,0,0.0,0,0.0
2016-10-14,-0.2088268031023478,0,-0.8126554874162177,0,0.0,0,0.0
2016-10-17,0.1786383172039236,0,0.6714003182933522,0,0.0,0,0.0
2016-10-18,0.0059043210584613,0,0.0098004054535627,0,0.0,0,0.0
2016-10-19,0.1058968018283416,0,0.3927882250966448,0,0.0,0,0.0
2016-10-20,0.1717105196267553,0,0.644865702204424,0,0.0,0,0.0
2016-10-21,-0.1428737713859151,0,-0.5600444148490878,0,0.0,0,0.0
2016-10-24,-0.1622079501667829,0,-0.6340975328321808,0,0.0,0,0.0
2016-10-25,0.2069429882502395,0,0.7798119125080296,0,0.0,0,0.0
2016-10-26,0.0714268374631202,0,0.2607625328269168,0,0.0,0,0.0
2016-10-27,-0.1043783328315566,0,-0.4126004874195067,0,0.0,0,0.0
2016-10-28,-0.0168615842133449,0,-0.0773967953271226,0,0.0,0,0.0
2016-10-31,0.2373316404853315,0,0.8962055010238923,0,0.0,0,0.0
2016-11-01,-0.0475099836340668,0,-0.1947852587327459,0,0.0,0,0.0
2016-11-02,-0.0973942363670044,0,-0.3858502372352798,0,0.0,0,0.0
2016-11-03,0.1151544844954374,0,0.4282466882962754,0,0.0,0,0.0
2016-11-04,0.1527412011013428,0,0.5722100596378361,0,0.0,0,0.0
2016-11-07,-0.139275303573382,0,-0.5462616850781408,0,0.0,0,0.0
2016-11-08,0.0607411319474014,0,0.2198345047861731,0,0.0,0,0.0
2016-11-09,-0.615725301543428,1,-2.371144361120955,0,0.0,0,0.0
2016-11-10,-0.408454771288986,1,-1.5772637828292555,0,0.0,0,0.0
2016-11-11,-0.3618440696282926,0,-1.398737048982681,1,-0.0720419050120766,0,1.0
2016-11-14,0.1651234607154048,0,0.6196361718347908,0,0.0,0,0.0
2016-11-15,0.1350384653642852,0,0.5044056396509321,0,0.0,0,0.0
2016-11-16,-0.1815258351880311,0,-0.7080882430079821,0,0.0,0,0.0
2016-11-17,-0.4439408668105009,1,-1.713181426303953,0,0.0,0,0.0
2016-11-18,0.0449963177568139,0,0.1595292497198845,0,0.0,0,0.0
2016-11-21,0.1112768223833005,0,0.4133945979570261,0,0.0,0,0.0
2016-11-22,0.0294783760945167,0,0.100092954142128,0,0.0,0,0.0
2016-11-23,-0.1476330582477338,0,-0.5782732745016321,0,0.0,0,0.0
2016-11-25,0.077717603892223,0,0.2848572137470818,0,0.0,0,0.0
2016-11-28,0.3763131090844732,1,1.428527623845073,0,0.0,0,0.0
2016-11-29,-0.0251463395605959,0,-0.1091287851956625,0,0.0,0,0.0
2016-11-30,0.2295480683455019,0,0.8663931261341407,0,0.0,0,0.0
2016-12-01,0.2097982137525092,0,0.7907479007071843,0,0.0,0,0.0
2016-12-02,0.1865440435241289,0,0.7016805639954111,0,0.0,0,0.0
2016-12-05,-0.1251564576911485,0,-0.4921841588613685,0,0.0,0,0.0
2016-12-06,-0.1861336472732934,0,-0.7257369290918986,0,0.0,0,0.0
2016-12-07,-0.0725791583706214,0,-0.2908043643563013,0,0.0,0,0.0
2016-12-08,0.0246840761160522,0,0.0817299884338099,0,0.0,0,0.0
2016-12-09,0.076621194340613,0,0.2806577829461465,0,0.0,0,0.0
2016-12-12,0.2335113268179383,0,0.8815730647590615,0,0.0,0,0.0
2016-12-13,0.033162754554641,0,0.1142047359713073,0,0.0,0,0.0
2016-12-14,-0.3541587943611768,0,-1.369301167451915,1,0.0,0,1.0
2016-12-15,-0.0214820540029365,0,-0.0950939625222726,0,0.0,0,0.0
2016-12-16,0.4637350082800745,1,1.763368026885318,0,0.0,0,0.0
2016-12-19,0.0123189209000096,0,0.0343693889239421,0,0.0,0,0.0
2016-12-20,-0.0863194257439044,0,-0.3434318719657712,0,0.0,0,0.0
2016-12-21,-0.0032873175850616,0,-0.0254050981595686,0,0.0,0,0.0
2016-12-22,0.2756226343536123,0,1.0428663713280208,-1,0.0,0,-1.0
2016-12-23,0.0066909301860659,0,0.012813249143139,0,0.0,0,0.0
2016-12-27,-0.0257323755685377,0,-0.1113734005025924,0,0.0,0,0.0
2016-12-28,0.0408094074199992,0,0.1434926872844746,0,0.0,0,0.0
2016-12-29,0.2366863953369625,0,0.8937341048688373,0,0.0,0,0.0
2016-12-30,0.1877434775411195,0,0.7062745956209506,0,0.0,0,0.0
2017-01-03,-0.0275440885903303,0,-0.1183125624745028,0,0.0,0,0.0
2017-01-04,-0.1376999719039319,0,-0.5402279029712053,0,0.0,0,0.0
2017-01-05,0.1346102104219301,0,0.502765352047693,0,0.0,0,0.0
2017-01-06,-0.1390781509915762,0,-0.5455065579239644,0,0.0,0,0.0
2017-01-09,-0.234425772965137,0,-0.9107037964227864,0,0.0,0,0.0
2017-01-10,-0.2401245589698555,0,-0.9325310939331116,0,0.0,0,0.0
2017-01-11,0.0324680753870066,0,0.1115439993067568,0,0.0,0,0.0
2017-01-12,0.1314436272228664,0,0.4906368121235879,0,0.0,0,0.0
2017-01-13,-0.2001663514104636,0,-0.7794845181087129,0,0.0,0,0.0
2017-01-17,0.4189455871693985,1,1.5918171002338344,0,0.0,0,0.0
2017-01-18,-0.1062095097395604,0,-0.4196141993104151,0,0.0,0,0.0
2017-01-19,-0.0613510447863152,0,-0.2477988232671196,0,0.0,0,0.0
2017-01-20,0.0153585903561752,0,0.0460118281202624,0,0.0,0,0.0
2017-01-23,0.0376819893222503,0,0.1315141562074663,0,0.0,0,0.0
2017-01-24,-0.1686642219066068,0,-0.6588261265986353,0,0.0,0,0.0
2017-01-25,-0.3071952296626514,0,-1.1894229095262157,1,0.0,0,1.0
2017-01-26,0.0858472473276833,0,0.3159950992145707,0,0.0,0,0.0
2017-01-27,-0.0755743762059037,0,-0.3022765464569818,0,0.0,0,0.0
2017-01-30,-0.05373835729183,0,-0.2186409649692858,0,0.0,0,0.0
2017-01-31,0.3071632404110533,1,1.163672134432954,0,0.0,0,-1.0
2017-02-01,-0.1857667324510838,0,-0.7243315843432651,0,0.0,0,0.0
2017-02-02,0.0941536902557215,0,0.3478101561219029,0,0.0,0,0.0
2017-02-03,-0.1369932313008627,0,-0.5375209690043841,0,0.0,0,0.0
2017-02-06,0.0324040229984759,0,0.1112986680134694,0,0.0,0,0.0
2017-02-07,-0.1989980173039715,0,-0.7750096043090462,0,0.0,0,0.0
2017-02-08,0.1426444803425451,0,0.5335379411026813,0,0.0,0,0.0
2017-02-09,-0.2662499218036811,0,-1.032595575502862,1,0.0,0,1.0
2017-02-10,0.0918348086004609,0,0.3389284539946954,0,0.0,0,0.0
2017-02-13,-0.0187249878499544,0,-0.084533940944526,0,0.0,0,0.0
2017-02-14,-0.1757901289094382,0,-0.6861195347127368,0,0.0,0,0.0
2017-02-15,-0.2468832466395608,0,-0.9584179909711612,0,0.0,0,0.0
2017-02-16,0.0859983016030633,0,0.3165736621938081,0,0.0,0,0.0
2017-02-17,-0.1130384245695654,0,-0.4457700780438462,0,0.0,0,0.0
2017-02-21,0.113318551222892,0,0.4212147587386864,0,0.0,0,0.0
2017-02-22,-0.0601941103350356,0,-0.2433675720414873,0,0.0,0,0.0
2017-02-23,0.2461631131927059,0,0.9300315092436378,0,0.0,0,0.0
2017-02-24,0.0146851269353121,0,0.0434323512918065,0,0.0,0,0.0
2017-02-27,0.0189328762119829,0,0.0597019369780198,0,0.0,0,0.0
2017-02-28,0.3328147262587201,1,1.261921588389521,0,0.0,0,-1.0
2017-03-01,-0.3497753778304584,0,-1.35251195363542,1,0.127357073854923,1,1.0
2017-03-02,0.1328060958278731,0,0.4958552933168342,0,0.0,0,0.0
2017-03-03,-0.0653783294974807,0,-0.2632239930272422,0,0.0,0,0.0
2017-03-06,0.1311337720841695,0,0.4894500154458672,0,0.0,0,0.0
2017-03-07,-0.0174237296729543,0,-0.0795499058634392,0,0.0,0,0.0
2017-03-08,-0.5337698602757713,1,-2.0572414004451245,0,0.0,0,0.0
2017-03-09,-0.0977282207796627,0,-0.387129453042448,0,0.0,0,0.0
2017-03-10,-0.066879642918191,0,-0.2689742729400085,0,0.0,0,0.0
2017-03-13,0.0006002094974033,0,-0.0105152233444496,0,0.0,0,0.0
2017-03-14,-0.0402456370283711,0,-0.1669616039316434,0,0.0,0,0.0
2017-03-15,0.3660232234280129,1,1.3891156516487453,0,0.0,0,0.0
2017-03-16,-0.1941211144202031,0,-0.7563302557451876,0,0.0,0,0.0
2017-03-17,0.1290553952941389,0,0.4814894869233029,0,0.0,0,0.0
2017-03-20,0.0454245314315244,0,0.1611693792611864,0,0.0,0,0.0
2017-03-21,0.5215357478992019,1,1.984754465845988,0,0.0,0,0.0
2017-03-22,-0.1041156626876273,0,-0.4115944171136771,0,0.0,0,0.0
2017-03-23,0.0708791495385905,0,0.2586647970527321,0,0.0,0,0.0
2017-03-24,0.0256379253269706,0,0.0853833894370175,0,0.0,0,0.0
2017-03-27,-0.0854385970990625,0,-0.3400581518663213,0,0.0,0,0.0
2017-03-28,-0.0007232921975003,0,-0.0155844547958789,0,0.0,0,0.0
2017-03-29,0.0595792881096584,0,0.2153844497944685,0,0.0,0,0.0
2017-03-30,-0.0868269992203946,0,-0.3453759627371264,0,0.0,0,0.0
2017-03-31,0.108023231518599,0,0.4009328042132506,0,0.0,0,0.0
2017-04-03,0.1948471892442812,0,0.7334829920485593,0,0.0,0,0.0
2017-04-04,0.1421895572904087,0,0.5317955102068617,0,0.0,0,0.0
2017-04-05,0.101771061300159,0,0.3769859531944388,0,0.0,0,0.0
2017-04-06,0.0328104564040254,0,0.1128553755041032,0,0.0,0,0.0
2017-04-07,-0.0436469874393081,0,-0.1799893412944637,0,0.0,0,0.0
2017-04-10,0.1353191400668223,0,0.5054806704085052,0,0.0,0,0.0
2017-04-11,0.0773760791936813,0,0.283549117391819,0,0.0,0,0.0
2017-04-12,0.2175579201992697,0,0.8204688660261121,0,0.0,0,0.0
2017-04-13,-0.0147131075410801,0,-0.0691677726053201,0,0.0,0,0.0
2017-04-17,-0.1309628039474816,0,-0.5144234300114011,0,0.0,0,0.0
2017-04-18,0.0284209783644101,0,0.0960429451011377,0,0.0,0,0.0
2017-04-19,-0.2900505241614243,0,-1.1237558380846238,1,-0.1149595417415149,0,1.0
2017-04-20,-0.328898364965797,0,-1.2725495246994067,1,0.0,0,1.0
2017-04-21,0.0313214929898926,0,0.1071523981690431,0,0.0,0,0.0
2017-04-24,-0.3144277264715042,0,-1.2171245743121186,1,-0.3449824854149477,0,1.0
2017-04-25,0.0291353008893501,0,0.0987789190888051,0,0.0,0,0.0
2017-04-26,-0.1226611256577359,0,-0.4826266224605904,0,0.0,0,0.0
2017-04-27,-0.2422853792630962,0,-0.9408073947747054,0,0.0,0,0.0
2017-04-28,0.0937881612408647,0,0.3464101192457453,0,0.0,0,0.0
2017-05-01,-0.1081028720171143,0,-0.4268660915016254,0,0.0,0,0.0
2017-05-02,-0.0685305579149381,0,-0.2752975517520958,0,0.0,0,0.0
2017-05-03,-0.1396320956241252,0,-0.5476282579296996,0,0.0,0,0.0
2017-05-04,-0.3022992425813928,0,-1.170670465314263,1,-0.0152705569366353,0,1.0
2017-05-05,0.1975267151717838,0,0.7437460216758875,0,0.0,0,0.0
2017-05-08,0.0938546727327014,0,0.3466648693133869,0,0.0,0,0.0
2017-05-09,-0.196226995775903,0,-0.7643961313253989,0,0.0,0,0.0
2017-05-10,0.0824177489995567,0,0.3028595506508586,0,0.0,0,0.0
2017-05-11,0.0733742941272348,0,0.268221615508895,0,0.0,0,0.0
2017-05-12,0.0785176043042293,0,0.287921348281487,0,0.0,0,0.0
2017-05-15,-0.0772264321576869,0,-0.3086041953164788,0,0.0,0,0.0
2017-05-16,-0.1966610601794696,0,-0.766058670130584,0,0.0,0,0.0
2017-05-17,0.5501303158784387,1,2.0942764134933016,0,0.0,0,0.0
2017-05-18,-0.0981658409816498,0,-0.3888056111465408,0,0.0,0,0.0
2017-05-19,0.0059505789150645,0,0.0099775807321977,0,0.0,0,0.0
2017-05-22,-0.1181379828897695,0,-0.4653022339335718,0,0.0,0,0.0
2017-05-23,0.1472538385225867,0,0.5511925489865561,0,0.0,0,0.0
2017-05-24,-0.0699500073454347,0,-0.2807342789769219,0,0.0,0,0.0
2017-05-25,-0.3063190723629796,0,-1.1860670814551235,1,0.0,0,1.0
2017-05-26,-0.0444799182193164,0,-0.1831796046111938,0,0.0,0,0.0
2017-05-30,-0.0984939488905479,0,-0.3900623189676593,0,0.0,0,0.0
2017-05-31,-0.0484576095855653,0,-0.1984148236180978,0,0.0,0,0.0
2017-06-01,-0.1455920008180314,0,-0.5704556853314325,0,0.0,0,0.0
2017-06-02,-0.1158336686285197,0,-0.4564763273464603,0,0.0,0,0.0
2017-06-05,-0.0542623373375156,0,-0.2206478956273564,0,0.0,0,0.0
2017-06-06,0.2423133616918154,0,0.9152863211840788,0,0.0,0,0.0
2017-06-07,-0.1277604834589068,0,-0.5021580103290935,0,0.0,0,0.0
2017-06-08,-0.1266732454281472,0,-0.4979937079772805,0,0.0,0,0.0
2017-06-09,0.4821759047528301,1,1.833999725168894,0,0.0,0,0.0
2017-06-12,0.127782198323289,0,0.4766129309254155,0,0.0,0,0.0
2017-06-13,-0.061061108734886,0,-0.2466883200040956,0,0.0,0,0.0
2017-06-14,-0.0714813594355968,0,-0.286599611985979,0,0.0,0,0.0
2017-06-15,0.057437169864457,0,0.2071797809050607,0,0.0,0,0.0
2017-06-16,0.2589935346151535,0,0.9791741556491592,0,0.0,0,0.0
2017-06-19,-0.3309882131656635,0,-1.2805539906281385,1,-0.0780357174498583,0,1.0
2017-06-20,0.1213505557905024,0,0.4519786711151758,0,0.0,0,0.0
2017-06-21,-0.1976286558239202,0,-0.7697647222588146,0,0.0,0,0.0
2017-06-22,0.0476940686812987,0,0.169862084114566,0,0.0,0,0.0
2017-06-23,0.0570519353054069,0,0.2057042685196712,0,0.0,0,0.0
2017-06-26,0.1834100285092089,0,0.6896767656292598,0,0.0,0,0.0
2017-06-27,0.1208201341404459,0,0.4499470680417993,0,0.0,0,0.0
2017-06-28,-0.3372456682085678,0,-1.3045210834029626,1,0.0780993713911815,1,1.0
2017-06-29,0.2439407267868623,0,0.921519399958768,0,0.0,0,0.0
2017-06-30,0.1054568494927516,0,0.3911031345332623,0,0.0,0,0.0
2017-07-03,0.2340482240150681,0,0.8836294702539353,0,0.0,0,0.0
2017-07-05,-0.2893994835522127,0,-1.121262244351362,1,-0.1915761362567193,0,1.0
2017-07-06,0.0294995625761771,0,0.1001741018879841,0,0.0,0,0.0
2017-07-07,-0.1713731603495598,0,-0.6692018110483647,0,0.0,0,0.0
2017-07-10,-0.0345999122270914,0,-0.1453375396490187,0,0.0,0,0.0
2017-07-11,0.0285107144251107,0,0.0963866491273451,0,0.0,0,0.0
2017-07-12,0.0288485055833214,0,0.0976804454026428,0,0.0,0,0.0
2017-07-13,-0.0279845653599975,0,-0.119999661707559,0,0.0,0,0.0
2017-07-14,0.0895187009253834,0,0.3300573766726121,0,0.0,0,0.0
2017-07-17,0.0696609490173686,0,0.2539988865970795,0,0.0,0,0.0
2017-07-18,-0.0585116479474793,0,-0.2369234614795683,0,0.0,0,0.0
2017-07-19,0.1025505064082388,0,0.3799713574986078,0,0.0,0,0.0
2017-07-20,0.0786649014751191,0,0.2884855209261135,0,0.0,0,0.0
2017-07-21,0.0043971919446787,0,0.0040278504697873,0,0.0,0,0.0
2017-07-24,-0.1543520397469301,0,-0.6040080903076475,0,0.0,0,0.0
2017-07-25,-0.0572898450067135,0,-0.2322437531583567,0,0.0,0,0.0
2017-07-26,0.163885526386484,0,0.6148946776159823,0,0.0,0,0.0
2017-07-27,0.2418004825859084,0,0.9133219089702856,0,0.0,0,0.0
2017-07-28,0.0561554609710903,0,0.2022706228292914,0,0.0,0,0.0
2017-07-31,0.0527791706219971,0,0.1893388696682009,0,0.0,0,0.0
2017-08-01,-0.0318563230700842,0,-0.1348291372056715,0,0.0,0,0.0
2017-08-02,0.1335636927428816,0,0.4987570154104702,0,0.0,0,0.0
2017-08-03,0.0014233870613159,0,-0.0073623164663062,0,0.0,0,0.0
2017-08-04,-0.02667044586028,0,-0.114966365622971,0,0.0,0,0.0
2017-08-07,-0.097215637186519,0,-0.3851661726916511,0,0.0,0,0.0
2017-08-08,0.132690899635327,0,0.4954140727543004,0,0.0,0,0.0
2017-08-09,-0.0228097967901214,0,-0.1001794380619889,0,0.0,0,0.0
2017-08-10,0.3997582256016965,1,1.5183263165775176,0,0.0,0,0.0
2017-08-11,-0.2578034697886043,0,-1.0002442605233002,1,0.0,0,1.0
2017-08-14,-0.1783654613113427,0,-0.6959834858205353,0,0.0,0,0.0
2017-08-15,0.0663800544545665,0,0.2414325151518285,0,0.0,0,0.0
2017-08-16,-0.1472903920414899,0,-0.5769608059821569,0,0.0,0,0.0
2017-08-17,0.2393061999675496,0,0.9037683920035718,0,0.0,0,0.0
2017-08-18,0.0436551376531476,0,0.1543923070248241,0,0.0,0,0.0
2017-08-21,0.0716607472473723,0,0.2616584461753424,0,0.0,0,0.0
2017-08-22,-0.2405415194868348,0,-0.9341281220100796,0,0.0,0,0.0
2017-08-23,0.3298780908969947,1,1.250673786898704,0,0.0,0,-1.0
2017-08-24,0.1026667326873373,0,0.380416523463833,0,0.0,0,0.0
2017-08-25,0.0182495840845545,0,0.0570848145699325,0,0.0,0,0.0
2017-08-28,-0.0364613486043298,0,-0.1524671503360815,0,0.0,0,0.0
2017-08-29,0.0030533612197971,0,-0.0011192445450489,0,0.0,0,0.0
2017-08-30,-0.2035436455948823,0,-0.7924201161259332,0,0.0,0,0.0
2017-08-31,-0.0692361582424651,0,-0.2780001182740819,0,0.0,0,0.0
2017-09-01,0.0615945254562136,0,0.2231031437550342,0,0.0,0,0.0
2017-09-05,0.2561414088071255,0,0.9682500397941052,0,0.0,0,0.0
2017-09-06,-0.0670322207216922,0,-0.2695586712851536,0,0.0,0,0.0
2017-09-07,0.1703818280544355,0,0.6397765926599575,0,0.0,0,0.0
2017-09-08,-0.1136853369276648,0,-0.4482478598892516,0,0.0,0,0.0
2017-09-11,-0.025745893601507,0,-0.1114251768155002,0,0.0,0,0.0
2017-09-12,-0.3551699935670283,0,-1.373174228467024,1,-0.3118166157991493,0,1.0
2017-09-13,0.0358346040325211,0,0.1244383635207905,0,0.0,0,0.0
2017-09-14,0.3183513901883044,1,1.206524607499312,0,0.0,0,-1.0
2017-09-15,0.0196286327461894,0,0.062366800135595,0,0.0,0,0.0
2017-09-18,-0.1683620423395626,0,-0.6576687286359898,0,0.0,0,0.0
2017-09-19,-0.0778437307610881,0,-0.3109685515597192,0,0.0,0,0.0
2017-09-20,-0.0906165950191398,0,-0.3598907444598656,0,0.0,0,0.0
2017-09-21,0.0358391599526659,0,0.1244558134521179,0,0.0,0,0.0
2017-09-22,-0.2353449909787069,0,-0.9142245541846024,0,0.0,0,0.0
2017-09-25,0.4116984096651677,1,1.5640592059447689,0,0.0,0,0.0
2017-09-26,-0.0238304972520433,0,-0.1040888904669134,0,0.0,0,0.0
2017-09-27,-0.4720328835466458,1,-1.8207785191684984,0,0.0,0,0.0
2017-09-28,0.0742519589922033,0,0.2715832178056235,0,0.0,0,0.0
2017-09-29,-0.1522829922712813,0,-0.596083294609655,0,0.0,0,0.0
2017-10-02,-0.0906600487414314,0,-0.3600571794380527,0,0.0,0,0.0
2017-10-03,-0.1201296412380308,0,-0.4729306164119501,0,0.0,0,0.0
2017-10-04,0.1603588233277347,0,0.6013868187790022,0,0.0,0,0.0
2017-10-05,-0.1051907406816201,0,-0.4157121445037308,0,0.0,0,0.0
2017-10-06,-0.1115459083028579,0,-0.4400534926929572,0,0.0,0,0.0
2017-10-09,0.084370247862436,0,0.3103379457920962,0,0.0,0,0.0
2017-10-10,0.0549277368539599,0,0.1975682354185306,0,0.0,0,0.0
2017-10-11,0.0345703415034965,0,0.1195960279199578,0,0.0,0,0.0
2017-10-12,0.1108738153608709,0,0.4118510140831908,0,0.0,0,0.0
2017-10-13,-0.0783176548002443,0,-0.3127837593937021,0,0.0,0,0.0
2017-10-16,-0.0046828281942295,0,-0.0307501357201829,0,0.0,0,0.0
2017-10-17,0.1112340421304802,0,0.4132307424788412,0,0.0,0,0.0
2017-10-18,-0.1344375730457394,0,-0.5277323731485113,0,0.0,0,0.0
2017-10-19,0.0571756611321374,0,0.2061781589987174,0,0.0,0,0.0
2017-10-20,-0.1637499989935707,0,-0.6400038361202629,0,0.0,0,0.0
2017-10-23,-0.0411165910169638,0,-0.1702975024565357,0,0.0,0,0.0
2017-10-24,-0.0461712727109265,0,-0.1896577734094663,0,0.0,0,0.0
2017-10-25,0.0380095912391931,0,0.1327689259953021,0,0.0,0,0.0
2017-10-26,-0.2703134010420294,0,-1.04815937631746,1,-0.0403130308389857,0,1.0
2017-10-27,0.0507817382272618,0,0.1816883716322067,0,0.0,0,0.0
2017-10-30,0.2590761857190208,0,0.9794907231132072,0,0.0,0,0.0
2017-10-31,-0.048413680070424,0,-0.1982465662742216,0,0.0,0,0.0
2017-11-01,0.1047058573063639,0,0.3882267096479199,0,0.0,0,0.0
2017-11-02,-0.0237928427008197,0,-0.103944667277712,0,0.0,0,0.0
2017-11-03,0.022636939812595,0,0.0738891161668479,0,0.0,0,0.0
2017-11-06,0.2383326382625994,0,0.9000394888720954,0,0.0,0,0.0
2017-11-07,0.178025931222969,0,0.6690547782105379,0,0.0,0,0.0
2017-11-08,-0.0721057749625564,0,-0.2889912272292479,0,0.0,0,0.0
2017-11-09,0.1711891121039578,0,0.6428686247365565,0,0.0,0,0.0
2017-11-10,-0.2260041796848125,0,-0.8784476945287344,0,0.0,0,0.0
2017-11-13,0.0667017921927803,0,0.2426648241605326,0,0.0,0,0.0
2017-11-14,-0.1003064245023855,0,-0.397004401786181,0,0.0,0,0.0
2017-11-15,-0.0893828114799435,0,-0.3551651484555444,0,0.0,0,0.0
2017-11-16,-0.2943860071853204,0,-1.140361458603659,1,0.0,0,1.0
2017-11-17,-0.0119843191166049,0,-0.0587160594273846,0,0.0,0,0.0
2017-11-20,-0.1884728385681276,0,-0.7346964205140423,0,0.0,0,0.0
2017-11-21,-0.0508535315781938,0,-0.2075916030411773,0,0.0,0,0.0
2017-11-22,0.0834721164406356,0,0.3068979531812528,0,0.0,0,0.0
2017-11-24,0.0059806432916799,0,0.010092732291197,0,0.0,0,0.0
2017-11-27,-0.0281941695737084,0,-0.1208024806813367,0,0.0,0,0.0
2017-11-28,-0.256424770965757,0,-0.9949636148983358,0,0.0,0,0.0
2017-11-29,0.192711707574188,0,0.7253037423447843,0,0.0,0,0.0
2017-11-30,-0.0412624413355335,0,-0.1708561334163157,0,0.0,0,0.0
2017-12-01,0.1337179009794121,0,0.4993476585850878,0,0.0,0,0.0
2017-12-04,-0.0401670490844825,0,-0.166660599045592,0,0.0,0,0.0
2017-12-05,-0.1383788670069436,0,-0.5428281840450112,0,0.0,0,0.0
2017-12-06,-0.0885504015377421,0,-0.3519768800341754,0,0.0,0,0.0
2017-12-07,-0.009284932433335,0,-0.0483769598047005,0,0.0,0,0.0
2017-12-08,0.0180712593162287,0,0.0564018010704814,0,0.0,0,0.0
2017-12-11,0.1835737742429238,0,0.6903039390031824,0,0.0,0,0.0
2017-12-12,-0.1405899864962493,0,-0.5512971391670309,0,0.0,0,0.0
2017-12-13,0.1028195634936725,0,0.3810018908518798,0,0.0,0,0.0
2017-12-14,0.0871090103923464,0,0.3208278614514994,0,0.0,0,0.0
2017-12-15,-0.2232553658807607,0,-0.8679192808188938,0,0.0,0,0.0
2017-12-18,-0.1782594416679169,0,-0.695577412966233,0,0.0,0,0.0
2017-12-19,-0.2842980456272934,0,-1.1017228892631956,1,-0.0152408290495635,0,1.0
2017-12-20,-0.0212024422025206,0,-0.0940230028564733,0,0.0,0,0.0
2017-12-21,0.0742368807364581,0,0.2715254655801821,0,0.0,0,0.0
2017-12-22,0.1577342646288509,0,0.5913343227725871,0,0.0,0,0.0
2017-12-26,0.0868285114161206,0,0.3197535037549036,0,0.0,0,0.0
2017-12-27,0.005097207526892,0,0.0067090264890627,0,0.0,0,0.0
2017-12-28,0.0562129909511868,0,0.2024909722142813,0,0.0,0,0.0
2017-12-29,0.1587319387165248,0,0.5951555803372632,0,0.0,0,0.0
2018-01-02,-0.0383480625155994,0,-0.1596935781794946,0,0.0,0,0.0
2018-01-03,-0.264228551549959,0,-1.0248533914885851,1,0.1136739218574817,1,1.0
2018-01-04,-0.3682374905417141,0,-1.4232249136384936,1,0.0506723888223949,1,1.0
2018-01-05,-0.2674660128474874,0,-1.0372534063094274,1,-0.0239290934691215,0,1.0
2018-01-08,0.074529193472984,0,0.2726450719421204,0,0.0,0,0.0
2018-01-09,-0.2630471372398312,0,-1.0203283783351236,1,0.1600600961512006,1,1.0
2018-01-10,-0.1295934323669083,0,-0.5091785092744915,0,0.0,0,0.0
2018-01-11,-0.0978112680617651,0,-0.3874475379349797,0,0.0,0,0.0
2018-01-12,-0.2702683395804192,0,-1.0479867834304837,1,0.2665609455485291,1,1.0
2018-01-16,0.0222942703507134,0,0.0725766351777389,0,0.0,0,0.0
2018-01-17,-0.2096924181027733,0,-0.8159709367291144,0,0.0,0,0.0
2018-01-18,-0.2360194703328096,0,-0.9168079222062095,0,0.0,0,0.0
2018-01-19,-0.1657664763195052,0,-0.6477272794079305,0,0.0,0,0.0
2018-01-22,0.105017786369162,0,0.3894214497996248,0,0.0,0,0.0
2018-01-23,0.0774261276469173,0,0.2837408112855378,0,0.0,0,0.0
2018-01-24,-0.109049476923729,0,-0.4304917456153794,0,0.0,0,0.0
2018-01-25,0.0717734437678809,0,0.2620900925785381,0,0.0,0,0.0
2018-01-26,-0.3041107106848895,0,-1.1776086892083957,1,-0.0214856359390688,0,1.0
2018-01-29,-0.1582084995702609,0,-0.6187789723570456,0,0.0,0,0.0
2018-01-30,0.1150353253020771,0,0.4277902887819907,0,0.0,0,0.0
2018-01-31,0.2548419590337347,0,0.9632729311993904,0,0.0,0,0.0
2018-02-01,-0.3404217276658724,0,-1.3166859189710414,1,-0.0212230167776407,0,1.0
2018-02-02,0.144858439530874,0,0.5420177727439048,0,0.0,0,0.0
2018-02-05,0.4003961826887341,1,1.520769798246431,0,0.0,0,0.0
2018-02-06,-0.4165139839283054,1,-1.608131906642248,0,0.0,0,0.0
2018-02-07,-0.0741514054823486,0,-0.2968263320945185,0,0.0,0,0.0
2018-02-08,0.5086459605796096,1,1.9353844381880616,0,0.0,0,0.0
2018-02-09,0.0366726610310575,0,0.1276482611064374,0,0.0,0,0.0
2018-02-12,-0.1101059098401983,0,-0.4345380592597915,0,0.0,0,0.0
2018-02-13,-0.0660238013511261,0,-0.2656962575011833,0,0.0,0,0.0
2018-02-14,-0.5735686710643316,1,-2.2096774601462217,0,0.0,0,0.0
2018-02-15,-0.0378404256322916,0,-0.15774924454949,0,0.0,0,0.0
2018-02-16,0.1337742106955098,0,0.4995633341561602,0,0.0,0,0.0
2018-02-20,-0.1620339077481629,0,-0.6334309214438096,0,0.0,0,0.0
2018-02-21,-0.2878956111067045,0,-1.1155021629483213,1,-0.0716705695314884,0,1.0
2018-02-22,0.2679521616599219,0,1.0134871861135946,-1,0.0367001994215558,0,-1.0
2018-02-23,0.1445116139440395,0,0.5406893731054974,0,0.0,0,0.0
2018-02-26,-0.2995133783516032,0,-1.1600001423162345,1,-0.2176041432488566,0,1.0
2018-02-27,-0.1324654811090532,0,-0.5201789332783137,0,0.0,0,0.0
2018-02-28,-0.0875334740364654,0,-0.3480818786955711,0,0.0,0,0.0
2018-03-01,0.368196637491746,1,1.397440188724352,0,0.0,0,0.0
2018-03-02,-0.2789034866708,0,-1.081060831908721,1,0.0,0,1.0
2018-03-05,0.049806605456431,0,0.1779534510573038,0,0.0,0,0.0
2018-03-06,-0.3552326385398672,0,-1.373414169124306,1,-0.1380923925834344,0,1.0
2018-03-07,-0.0798452007516711,0,-0.3186345142588398,0,0.0,0,0.0
2018-03-08,0.0404034874065291,0,0.1419379461708282,0,0.0,0,0.0
2018-03-09,-0.3008745011309268,0,-1.1652134687734446,1,0.0963706521600797,1,1.0
2018-03-12,0.1639953000561624,0,0.6153151290147341,0,0.0,0,0.0
2018-03-13,0.1418440413948532,0,0.5304721269037175,0,0.0,0,0.0
2018-03-14,0.2113700472555802,0,0.7967682842555084,0,0.0,0,0.0
2018-03-15,-0.0896797673188223,0,-0.3563025386711564,0,0.0,0,0.0
2018-03-16,0.1566245006732901,0,0.5870837423850789,0,0.0,0,0.0
2018-03-19,0.0496347071023771,0,0.1772950517925548,0,0.0,0,0.0
2018-03-20,-0.1922977857650009,0,-0.7493466039668534,0,0.0,0,0.0
2018-03-21,0.2361544712841447,0,0.8916967473431925,0,0.0,0,0.0
2018-03-22,0.5488498619409494,1,2.0893720621071106,0,0.0,0,0.0
2018-03-23,0.3643927529097235,1,1.38287067858693,0,0.0,0,0.0
2018-03-26,-0.4671108942860751,1,-1.801926482288337,0,0.0,0,0.0
2018-03-27,0.8101179494426327,1,3.0900722588035854,0,0.0,0,0.0
2018-03-28,0.1272674820080483,0,0.4746414818945389,0,0.0,0,0.0
2018-03-29,-0.2545596277298088,0,-0.9878198063263516,0,0.0,0,0.0
2018-04-02,0.4202972706521121,1,1.5969942726162596,0,0.0,0,0.0
2018-04-03,-0.0479405825945239,0,-0.1964345243148805,0,0.0,0,0.0
2018-04-04,-0.2201284126856616,0,-0.8559425303962988,0,0.0,0,0.0
2018-04-05,0.1126034949699268,0,0.4184759744507406,0,0.0,0,0.0
2018-04-06,0.3588550670917598,1,1.3616604215659924,0,0.0,0,-1.0
2018-04-09,-0.0749877264029616,0,-0.3000295802131907,0,0.0,0,0.0
2018-04-10,-0.3199505634039814,0,-1.238277957633826,1,0.0152299369772807,1,1.0
2018-04-11,0.1778600729217402,0,0.6684195133519383,0,0.0,0,0.0
2018-04-12,-0.4647012949537131,1,-1.792697316380967,0,0.0,0,0.0
2018-04-13,0.4123232356917586,1,1.566452393469849,0,0.0,0,0.0
2018-04-16,-0.0289800960852137,0,-0.1238127098378052,0,0.0,0,0.0
2018-04-17,-0.1422785245055982,0,-0.5577645203701562,0,0.0,0,0.0
2018-04-18,0.0282184783567269,0,0.0952673364171331,0,0.0,0,0.0
2018-04-19,0.0634337384009542,0,0.2301476350021973,0,0.0,0,0.0
2018-04-20,0.0683044939718223,0,0.2488034383359923,0,0.0,0,0.0
2018-04-23,0.1497945382065091,0,0.5609238510286835,0,0.0,0,0.0
2018-04-24,0.3544817578433696,1,1.3449099203205983,0,0.0,0,-1.0
2018-04-25,0.0616396961044982,0,0.2232761548451201,0,0.0,0,0.0
2018-04-26,-0.1285101596973402,0,-0.5050293949150667,0,0.0,0,0.0
2018-04-27,0.2124059896553792,0,0.8007361158156425,0,0.0,0,0.0
2018-04-30,0.1309184694935504,0,0.4886253707414872,0,0.0,0,0.0
2018-05-01,-0.0914680852160819,0,-0.3631520934279427,0,0.0,0,0.0
2018-05-02,0.3154612286147434,1,1.1954548083408962,0,0.0,0,-1.0
2018-05-03,-0.1143768508767067,0,-0.4508964732405479,0,0.0,0,0.0
2018-05-04,-0.1667334636679294,0,-0.6514310016612839,0,0.0,0,0.0
2018-05-07,-0.1485907846854632,0,-0.5819415259279036,0,0.0,0,0.0
2018-05-08,-0.3899609953180217,0,-1.5064295472792086,1,0.0,0,0.0
2018-05-09,-0.1459402538010692,0,-0.5717895521345252,0,0.0,0,0.0
2018-05-10,0.0410224290101284,0,0.1443085953778864,0,0.0,0,0.0
2018-05-11,-0.0456070570586957,0,-0.187496733691353,0,0.0,0,0.0
2018-05-14,0.0361863358651383,0,0.1257855548959414,0,0.0,0,0.0
2018-05-15,-0.0586017889517396,0,-0.237268716506909,0,0.0,0,0.0
2018-05-16,-0.1394098785887601,0,-0.5467771297527931,0,0.0,0,0.0
2018-05-17,0.0047211667488707,0,0.0052687278129783,0,0.0,0,0.0
2018-05-18,-0.0202867899590441,0,-0.0905159025867297,0,0.0,0,0.0
2018-05-21,-0.0351318551836407,0,-0.147374969579097,0,0.0,0,0.0
2018-05-22,0.1566229669618208,0,0.5870778680152559,0,0.0,0,0.0
2018-05-23,0.0620400856680038,0,0.2248097134162667,0,0.0,0,0.0
2018-05-24,-0.0531250912188086,0,-0.2162920539875883,0,0.0,0,0.0
2018-05-25,-0.0869343903013751,0,-0.3457872884251896,0,0.0,0,0.0
2018-05-29,0.2868886548348285,0,1.0860171021323215,-1,0.0373544001982428,0,-1.0
2018-05-30,0.0489612617973218,0,0.1747156443506533,0,0.0,0,0.0
2018-05-31,0.1882785721026005,0,0.7083240967216993,0,0.0,0,0.0
2018-06-01,-0.4758558361374113,1,-1.8354210629484224,0,0.0,0,0.0
2018-06-04,-0.3352690440951796,0,-1.2969502845427696,1,0.005022893009401,1,1.0
2018-06-05,-0.2160882634486677,0,-0.8404680873642278,0,0.0,0,0.0
2018-06-06,-0.3979151747531672,0,-1.536895376464175,1,-0.0480033094656751,0,0.0
2018-06-07,0.2667675843611188,0,1.0089500581878323,-1,-0.3040764384574294,-1,-1.0
2018-06-08,-0.1515341713133597,0,-0.5932151858901861,0,0.0,0,0.0
2018-06-11,-0.0407643151576637,0,-0.1689482273687744,0,0.0,0,0.0
2018-06-12,0.0209515745830355,0,0.0674338872376176,0,0.0,0,0.0
2018-06-13,-0.1297897536781245,0,-0.5099304525241566,0,0.0,0,0.0
2018-06-14,0.1332143760443419,0,0.4974190744002202,0,0.0,0,0.0
2018-06-15,-0.1345515546737736,0,-0.5281689417271092,0,0.0,0,0.0
2018-06-18,0.1410837826882704,0,0.5275602097059742,0,0.0,0,0.0
2018-06-19,0.2034937244004008,0,0.766600658711221,0,0.0,0,0.0
2018-06-20,0.1676140419729485,0,0.6291755119744338,0,0.0,0,0.0
2018-06-21,0.1316068941251276,0,0.4912621514934631,0,0.0,0,0.0
2018-06-22,0.3177616311140487,1,1.2042657322296433,0,0.0,0,-1.0
2018-06-25,0.5260239219566278,1,2.0019449183999964,0,0.0,0,0.0
2018-06-26,0.1256126930944874,0,0.4683033653372271,0,0.0,0,0.0
2018-06-27,0.5625206656363703,1,2.1417335122858217,0,0.0,0,0.0
2018-06-28,-0.1349724267217539,0,-0.5297809516178892,0,0.0,0,0.0
2018-06-29,0.0988511515984313,0,0.3658022137611409,0,0.0,0,0.0
2018-07-02,-0.2613917185358668,0,-1.0139878495758985,1,0.0,0,1.0
2018-07-03,0.2799592923857597,0,1.0594764923239397,-1,0.0,0,-1.0
2018-07-05,-0.0591815409616615,0,-0.2394892630570508,0,0.0,0,0.0
2018-07-06,-0.091711109441502,0,-0.3640829166008199,0,0.0,0,0.0
2018-07-09,-0.5979134109824228,1,-2.302921860017298,0,0.0,0,0.0
2018-07-10,0.1282714069474353,0,0.4784866812601391,0,0.0,0,0.0
2018-07-11,0.0415411894541102,0,0.1462955340939574,0,0.0,0,0.0
2018-07-12,-0.2648385542676649,0,-1.0271898032770697,1,0.0,0,1.0
2018-07-13,-0.0077008977087985,0,-0.0423098435503762,0,0.0,0,0.0
2018-07-16,-0.0992169748320928,0,-0.3928316284873914,0,0.0,0,0.0
2018-07-17,-0.3024821546635263,0,-1.1713710489879885,1,0.0,0,1.0
2018-07-18,-0.1505035256833249,0,-0.5892676418385475,0,0.0,0,0.0
2018-07-19,0.3285410377626783,1,1.2455526511821364,0,0.0,0,-1.0
2018-07-20,-0.1263960469640462,0,-0.4969319917906524,0,0.0,0,0.0
2018-07-23,-0.1640537741323009,0,-0.6411673453876425,0,0.0,0,0.0
2018-07-24,0.264979271392884,0,1.0021005223100303,-1,0.1579577430157881,0,-1.0
2018-07-25,-0.0955423013572724,0,-0.3787570183648505,0,0.0,0,0.0
2018-07-26,0.1772010808035741,0,0.6658954640178764,0,0.0,0,0.0
2018-07-27,0.1868339492861264,0,0.7027909512448774,0,0.0,0,0.0
2018-07-30,0.443210032515231,1,1.6847539585485682,0,0.0,0,0.0
2018-07-31,0.2344578888836081,0,0.885198554784877,0,0.0,0,0.0
2018-08-01,-0.0942260501240667,0,-0.3737155573867184,0,0.0,0,0.0
2018-08-02,-0.3162420038816728,0,-1.2240735583176987,1,-0.0395485338222034,0,1.0
2018-08-03,0.2056801623624491,0,0.7749750794818873,0,0.0,0,0.0
2018-08-06,-0.1089572337198131,0,-0.4301384388139816,0,0.0,0,0.0
2018-08-07,-0.0817327089641063,0,-0.3258639844077261,0,0.0,0,0.0
2018-08-08,-0.1323034162966216,0,-0.5195581981122679,0,0.0,0,0.0
2018-08-09,0.0253892197266845,0,0.0844308056541847,0,0.0,0,0.0
2018-08-10,0.0572739690495517,0,0.206554694660742,0,0.0,0,0.0
2018-08-13,0.0316666439467916,0,0.1084743836964818,0,0.0,0,0.0
2018-08-14,-0.1339659861791072,0,-0.5259261170737226,0,0.0,0,0.0
2018-08-15,0.0189668775768258,0,0.0598321678562402,0,0.0,0,0.0
2018-08-16,0.031531577008025,0,0.1079570548734961,0,0.0,0,0.0
2018-08-17,0.0934321310003975,0,0.3450464642541533,0,0.0,0,0.0
2018-08-20,-0.0329063147365323,0,-0.1388507797919955,0,0.0,0,0.0
2018-08-21,-0.1718782653639544,0,-0.6711364471996465,0,0.0,0,0.0
2018-08-22,-0.1043055334189401,0,-0.4123216535702551,0,0.0,0,0.0
2018-08-23,-0.0937659954568528,0,-0.371953471552301,0,0.0,0,0.0
2018-08-24,-0.1070463574595559,0,-0.422819465158274,0,0.0,0,0.0
2018-08-27,-0.1656537287931285,0,-0.6472954376437828,0,0.0,0,0.0
2018-08-28,-0.023585674559524,0,-0.1031511788661489,0,0.0,0,0.0
2018-08-29,-0.0534985511818316,0,-0.2177224677133095,0,0.0,0,0.0
2018-08-30,0.0864253756293372,0,0.3182094266921934,0,0.0,0,0.0
2018-08-31,-0.1953830946008274,0,-0.7611638495723315,0,0.0,0,0.0
2018-09-04,-0.2215042407250104,0,-0.8612121804433523,0,0.0,0,0.0
2018-09-05,0.4368126187424868,1,1.6602508005779542,0,0.0,0,0.0
2018-09-06,-0.0327102488100181,0,-0.138099814708183,0,0.0,0,0.0
2018-09-07,-0.2200755358040547,0,-0.8557400031518475,0,0.0,0,0.0
2018-09-10,0.0186300667638882,0,0.0585421264662676,0,0.0,0,0.0
2018-09-11,-0.0057482835392647,0,-0.0348310067654886,0,0.0,0,0.0
2018-09-12,0.1410048401007645,0,0.5272578464759285,0,0.0,0,0.0
2018-09-13,-0.0285493430056332,0,-0.1221628539538139,0,0.0,0,0.0
2018-09-14,-0.1727743559366973,0,-0.6745686230194197,0,0.0,0,0.0
2018-09-17,0.4876385308842441,1,1.854922491115769,0,0.0,0,0.0
2018-09-18,-0.1348370336473008,0,-0.5292623736410221,0,0.0,0,0.0
2018-09-19,-0.1500035491038387,0,-0.5873526484452875,0,0.0,0,0.0
2018-09-20,-0.0879303407387079,0,-0.3496019441225965,0,0.0,0,0.0
2018-09-21,0.1861098369417327,0,0.7000174806216789,0,0.0,0,0.0
2018-09-24,-0.0993647657845079,0,-0.393397692397324,0,0.0,0,0.0
2018-09-25,-0.0412100868737121,0,-0.1706556071264667,0,0.0,0,0.0
2018-09-26,-0.1956513937034853,0,-0.7621914797255989,0,0.0,0,0.0
2018-09-27,0.1405603623671883,0,0.5255554228861588,0,0.0,0,0.0
2018-09-28,0.295724178911854,1,1.1198586277711498,0,0.0,0,-1.0
2018-10-01,0.0635570703123151,0,0.2306200167199111,0,0.0,0,0.0
2018-10-02,0.3381639221635283,1,1.2824098977169092,0,0.0,0,-1.0
2018-10-03,-0.1217008466982488,0,-0.4789485944517697,0,0.0,0,0.0
2018-10-04,0.4205781467649424,1,1.598070074808729,0,0.0,0,0.0
2018-10-05,0.3851777523314882,1,1.4624806807444346,0,0.0,0,0.0
2018-10-08,0.356023186665226,1,1.3508138488867512,0,0.0,0,-1.0
2018-10-09,0.1429591159928434,0,0.5347430479343344,0,0.0,0,0.0
2018-10-10,0.6930570811071803,1,2.641709678096164,0,0.0,0,0.0
2018-10-11,-0.0898486932880888,0,-0.3569495532081734,0,0.0,0,0.0
2018-10-12,-0.5032909860016116,1,-1.9405022465251407,0,0.0,0,0.0
2018-10-15,0.2566946355529807,0,0.9703689901744936,0,0.0,0,0.0
2018-10-16,-0.3922880277084091,0,-1.5153424680765666,1,0.0519113103369114,1,0.0
2018-10-17,-0.0278400725714093,0,-0.1194462303132236,0,0.0,0,0.0
2018-10-18,0.3927138602801096,1,1.4913452266544382,0,0.0,0,0.0
2018-10-19,0.2401627854506555,0,0.9070492567644696,0,0.0,0,0.0
2018-10-22,-0.3170463000742459,0,-1.2271541464056142,1,-0.1899947948491896,0,1.0
2018-10-23,-0.1210879772599912,0,-0.4766012026471367,0,0.0,0,0.0
2018-10-24,0.9792222794728452,1,3.737769947188008,0,0.0,0,0.0
2018-10-25,-0.5749190212384866,1,-2.2148495257352776,0,0.0,0,0.0
2018-10-26,0.0337835203603548,0,0.1165823721756379,0,0.0,0,0.0
2018-10-29,0.3338155580930849,1,1.2657549406488264,0,0.0,0,-1.0
2018-10-30,-0.3072144919523093,0,-1.1894966872969102,1,-0.0039200140009075,0,1.0
2018-10-31,-0.6529494338731888,1,-2.513718974425028,0,0.0,0,0.0
2018-11-01,-0.1734832126447973,0,-0.6772836620201962,0,0.0,0,0.0
2018-11-02,-0.2121849261149742,0,-0.8255176566593121,0,0.0,0,0.0
2018-11-05,0.3913370114049285,1,1.486071666636489,0,0.0,0,0.0
2018-11-06,0.0522636398180521,0,0.1873643010102219,0,0.0,0,0.0
2018-11-07,-0.3009578804681018,0,-1.1655328254920905,1,0.0834803231347598,1,1.0
2018-11-08,-0.1736456670790073,0,-0.6779058895024067,0,0.0,0,0.0
2018-11-09,0.3024516695887125,1,1.145626035141798,0,0.0,0,-1.0
2018-11-12,0.5087096732966221,1,1.9356284684829823,0,0.0,0,0.0
2018-11-13,-0.1291685586110329,0,-0.5075511721774073,0,0.0,0,0.0
2018-11-14,0.1232280829922069,0,0.4591699123341654,0,0.0,0,0.0
2018-11-15,-0.3976750428399508,0,-1.5359756313277273,1,0.0132546142049706,1,0.0
2018-11-16,0.3130783077563264,1,1.186327825422576,0,0.0,0,-1.0
2018-11-19,0.763974734491754,1,2.913336076749761,0,0.0,0,0.0
2018-11-20,0.1344783089492978,0,0.5022601474860878,0,0.0,0,0.0
2018-11-21,-0.1951284479739441,0,-0.76018851067026,0,0.0,0,0.0
2018-11-23,-0.2084061657418682,0,-0.8110443764175693,0,0.0,0,0.0
2018-11-26,-0.276778285470273,0,-1.0729209581119517,1,0.1000834698053044,1,1.0
2018-11-27,0.1112552989145529,0,0.4133121594946202,0,0.0,0,0.0
2018-11-28,-0.6256675643656687,1,-2.409224880088892,0,0.0,0,0.0
2018-11-29,0.1085916472672235,0,0.4031099309985885,0,0.0,0,0.0
2018-11-30,0.0178511011028971,0,0.0555585585241298,0,0.0,0,0.0
2018-12-03,0.0730827716388957,0,0.2671050359288478,0,0.0,0,0.0
2018-12-04,0.6935940420711761,1,2.643766327828731,0,0.0,0,0.0
2018-12-06,0.0206787801913015,0,0.0663890393800921,0,0.0,0,0.0
2018-12-07,0.7625698955350817,1,2.907955310067876,0,0.0,0,0.0
2018-12-10,-0.3126571414864134,0,-1.2103429395560683,1,0.1613088233107788,1,1.0
2018-12-11,0.0820686206103759,0,0.3015223308967495,0,0.0,0,0.0
2018-12-12,-0.4122581999348964,1,-1.5918315466555937,0,0.0,0,0.0
2018-12-13,0.2737816344150098,0,1.0358150355973768,-1,-0.0310676378049587,-1,-1.0
2018-12-14,0.3365164332890217,1,1.276099741522409,0,0.0,0,-1.0
2018-12-17,-0.1324527215032678,0,-0.5201300618675673,0,0.0,0,0.0
2018-12-18,-0.2441871168145614,0,-0.9480913656569282,0,0.0,0,0.0
2018-12-19,0.2182114987631569,0,0.8229721805475777,0,0.0,0,0.0
2018-12-20,0.2667519642669543,0,1.0088902306311938,-1,0.0,0,-1.0
2018-12-21,0.4649714962523594,1,1.768103981317833,0,0.0,0,0.0
2018-12-24,-0.421251341015495,1,-1.6262767716133342,0,0.0,0,0.0
2018-12-26,-0.5465201019119679,1,-2.106076944943789,0,0.0,0,0.0
2018-12-27,-0.1698870253091918,0,-0.6635096668548867,0,0.0,0,0.0
2018-12-28,-0.0427295109164248,0,-0.1764752537314053,0,0.0,0,0.0
2018-12-31,-0.1808968627413071,0,-0.7056791740046762,0,0.0,0,0.0
2019-01-02,-0.0621340807869192,0,-0.2507979812864463,0,0.0,0,0.0
2019-01-03,0.7784362738199635,1,2.9687261758187096,0,0.0,0,0.0
2019-01-04,-0.4952482756598508,1,-1.9096973292544048,0,0.0,0,0.0
2019-01-07,-0.1878468412089046,0,-0.7322987465903108,0,0.0,0,0.0
2019-01-08,0.1914297764886271,0,0.7203937332359839,0,0.0,0,0.0
2019-01-09,-0.2251795496393211,0,-0.8752892244047482,0,0.0,0,0.0
2019-01-10,0.2047264610126052,0,0.7713222448111687,0,0.0,0,0.0
2019-01-11,-0.0428754491136053,0,-0.1770342212808695,0,0.0,0,0.0
2019-01-14,-0.0645797933367478,0,-0.2601654668185658,0,0.0,0,0.0
2019-01-15,-0.0801460442627876,0,-0.3197867949052358,0,0.0,0,0.0
2019-01-16,0.0478499835401021,0,0.1704592639361218,0,0.0,0,0.0
2019-01-17,0.0083642019937597,0,0.0192221582567523,0,0.0,0,0.0
2019-01-18,-0.2315797112620129,0,-0.8998029070973415,0,0.0,0,0.0
2019-01-22,0.2161547057345685,0,0.8150943214184596,0,0.0,0,0.0
2019-01-23,0.0385682328917456,0,0.1349086163682741,0,0.0,0,0.0
2019-01-24,-0.0110333298891704,0,-0.0550736126362362,0,0.0,0,0.0
2019-01-25,-0.153632704773111,0,-0.6012529178077273,0,0.0,0,0.0
2019-01-28,0.1656860391692994,0,0.6217909408111815,0,0.0,0,0.0
2019-01-29,0.3829163769460172,1,1.453819237187801,0,0.0,0,0.0
2019-01-30,-0.1489897959002539,0,-0.5834698051943967,0,0.0,0,0.0
2019-01-31,0.0065915276673566,0,0.012432520976237,0,0.0,0,0.0
2019-02-01,-0.2499694825586357,0,-0.9702387874595576,0,0.0,0,0.0
2019-02-04,-0.1331985987981893,0,-0.5229868958685228,0,0.0,0,0.0
2019-02-05,-0.1381461014507255,0,-0.5419366532801216,0,0.0,0,0.0
2019-02-06,-0.0511479734992362,0,-0.2087193645336746,0,0.0,0,0.0
2019-02-07,0.1340099380116818,0,0.5004662089539041,0,0.0,0,0.0
2019-02-08,-0.0954191228168547,0,-0.378285224083339,0,0.0,0,0.0
2019-02-11,-0.029255494294553,0,-0.1248675307495016,0,0.0,0,0.0
2019-02-12,-0.33196594543548,0,-1.2842988677161815,1,-0.0326204688533107,0,1.0
2019-02-13,0.0496465053067295,0,0.1773402408760324,0,0.0,0,0.0
2019-02-14,0.0480279380735958,0,0.1711408593746349,0,0.0,0,0.0
2019-02-15,-0.10664411669682,0,-0.4212788161864142,0,0.0,0,0.0
2019-02-19,0.1087109935635965,0,0.4035670471485074,0,0.0,0,0.0
2019-02-20,0.0539796043465564,0,0.193936730339875,0,0.0,0,0.0
2019-02-21,0.021507822135286,0,0.0695644078085442,0,0.0,0,0.0
2019-02-22,-0.1270251013917443,0,-0.4993413747947142,0,0.0,0,0.0
2019-02-25,-0.0908969497052219,0,-0.3609645495012307,0,0.0,0,0.0
2019-02-26,-0.0827428614250728,0,-0.3297330362159619,0,0.0,0,0.0
2019-02-27,-0.0470000787516187,0,-0.1928322382891028,0,0.0,0,0.0
2019-02-28,-0.019614952757282,0,-0.0879426544477009,0,0.0,0,0.0
2019-03-01,-0.0229255833255797,0,-0.1006229197359885,0,0.0,0,0.0
2019-03-04,0.2917736027873461,1,1.1047272646465431,0,0.0,0,-1.0
2019-03-05,0.0178668767430304,0,0.05561898184768,0,0.0,0,0.0
2019-03-06,0.0128315849723873,0,0.0363329775235804,0,0.0,0,0.0
2019-03-07,0.219270997045043,0,0.8270302350509856,0,0.0,0,0.0
2019-03-08,-0.0082115451594276,0,-0.0442657081535639,0,0.0,0,0.0
2019-03-11,-0.1011117693496498,0,-0.4000890063958452,0,0.0,0,0.0
2019-03-12,0.1293963244127305,0,0.4827953021083739,0,0.0,0,0.0
2019-03-13,-0.0198875970913263,0,-0.088986927559336,0,0.0,0,0.0
2019-03-14,0.0331055518528214,0,0.1139856401165101,0,0.0,0,0.0
2019-03-15,-0.1893275886650916,0,-0.7379702554409837,0,0.0,0,0.0
2019-03-18,-0.0664028564915594,0,-0.2671481016862793,0,0.0,0,0.0
2019-03-19,-0.1282581079736697,0,-0.5040639949235611,0,0.0,0,0.0
2019-03-20,0.2855339157735791,0,1.0808282263762805,-1,0.0,0,-1.0
2019-03-21,-0.1512616260145306,0,-0.5921712920998844,0,0.0,0,0.0
2019-03-22,0.3543378972501549,1,1.3443589103396116,0,0.0,0,-1.0
2019-03-25,0.0187164372832786,0,0.0588729399099191,0,0.0,0,0.0
2019-03-26,0.0310348912214616,0,0.1060546657640452,0,0.0,0,0.0
2019-03-27,-0.0067877558522213,0,-0.0388123584796717,0,0.0,0,0.0
2019-03-28,-0.2594259054265718,0,-1.0064584586581218,1,-0.003318516813835,0,1.0
2019-03-29,-0.1568943671802958,0,-0.6137456269006673,0,0.0,0,0.0
2019-04-01,-0.3033863526541908,0,-1.1748342775658174,1,0.0899022299068465,1,1.0
2019-04-02,-0.0023527753937891,0,-0.0218256462503433,0,0.0,0,0.0
2019-04-03,-0.2725818201394175,0,-1.056847798461369,1,0.0810159656035912,1,1.0
2019-04-04,0.1076501079849499,0,0.3995036790679442,0,0.0,0,0.0
2019-04-05,0.1871132759222459,0,0.7038608186840286,0,0.0,0,0.0
2019-04-08,-0.1160557850101064,0,-0.4573270700026673,0,0.0,0,0.0
2019-04-09,0.0665509419133289,0,0.242087042519605,0,0.0,0,0.0
2019-04-10,-0.0948455225855777,0,-0.3760882398678047,0,0.0,0,0.0
2019-04-11,-0.0633036220441727,0,-0.2552775186741524,0,0.0,0,0.0
2019-04-12,-0.033446528977698,0,-0.1409198901168042,0,0.0,0,0.0
2019-04-15,-0.1318404354284006,0,-0.5177849044416717,0,0.0,0,0.0
2019-04-16,-0.4158614500445488,1,-1.6056325934193034,0,0.0,0,0.0
2019-04-17,0.0240786112757868,0,0.0794109574700972,0,0.0,0,0.0
2019-04-18,-0.0371786345310393,0,-0.1552144746450298,0,0.0,0,0.0
2019-04-22,0.0207201401719878,0,0.0665474549799608,0,0.0,0,0.0
2019-04-23,-0.1952759140590975,0,-0.7607533302845884,0,0.0,0,0.0
2019-04-24,-0.0336571327767921,0,-0.141726537668726,0,0.0,0,0.0
2019-04-25,-0.0664894365644842,0,-0.2674797177547945,0,0.0,0,0.0
2019-04-26,-0.122825615979912,0,-0.4832566477320663,0,0.0,0,0.0
2019-04-29,-0.163734397924422,0,-0.6399440814325968,0,0.0,0,0.0
2019-04-30,0.107054845945107,0,0.397223726525509,0,0.0,0,0.0
2019-05-01,0.0739178859007554,0,0.2703036623439536,0,0.0,0,0.0
2019-05-02,-0.2234611045677932,0,-0.8687072941830599,0,0.0,0,0.0
2019-05-03,-0.0128478190922654,0,-0.0620234078439233,0,0.0,0,0.0
2019-05-06,-0.0842859595990626,0,-0.335643358678224,0,0.0,0,0.0
2019-05-07,0.3347087972476609,1,1.2691761950631275,0,0.0,0,-1.0
2019-05-08,-0.1379832925313537,0,-0.5413130680608277,0,0.0,0,0.0
2019-05-09,0.0409731201468945,0,0.1441197342367922,0,0.0,0,0.0
2019-05-10,0.1683456217112606,0,0.6319775839573861,0,0.0,0,0.0
2019-05-13,0.812313252096071,1,3.0984806328155465,0,0.0,0,0.0
2019-05-14,-0.2459081366825091,0,-0.954683157776824,0,0.0,0,0.0
2019-05-15,-0.1162587701335669,0,-0.4581045367607232,0,0.0,0,0.0
2019-05-16,-0.14838198718826,0,-0.5811417968124234,0,0.0,0,0.0
2019-05-17,0.1852045097316997,0,0.6965499269459979,0,0.0,0,0.0
2019-05-20,0.1517846480849939,0,0.5685463026104693,0,0.0,0,0.0
2019-05-21,-0.0981631108348797,0,-0.3887951542306734,0,0.0,0,0.0
2019-05-22,-0.0194270180578455,0,-0.0872228333149689,0,0.0,0,0.0
2019-05-23,0.2552308424269602,0,0.9647624192260912,0,0.0,0,0.0
2019-05-24,-0.0921255462770729,0,-0.3656702785585691,0,0.0,0,0.0
2019-05-28,-0.1747327703849014,0,-0.6820696758355944,0,0.0,0,0.0
2019-05-29,-0.1033912776801138,0,-0.4088199021454147,0,0.0,0,0.0
2019-05-30,-0.2712621855719402,0,-1.051793378750682,1,-0.0985060631395984,0,1.0
2019-05-31,0.2573408659288662,0,0.9728441599146772,0,0.0,0,0.0
2019-06-03,0.5106126583037428,1,1.9429172173276872,0,0.0,0,0.0
2019-06-04,-0.5312104495646084,1,-2.0474384320589785,0,0.0,0,0.0
2019-06-05,-0.0749523634813536,0,-0.2998941343462756,0,0.0,0,0.0
2019-06-06,-0.0260791914488806,0,-0.1127017629635238,0,0.0,0,0.0
2019-06-07,-0.3843913280373728,0,-1.4850967959410133,1,-0.243131732438375,0,1.0
2019-06-10,-0.2847438696766659,0,-1.1034304694662165,1,-0.1954756955819036,0,1.0
2019-06-11,0.0909077294112138,0,0.3353775866235444,0,0.0,0,0.0
2019-06-12,-0.0101777457145777,0,-0.0517965830533569,0,0.0,0,0.0
2019-06-13,0.1426660078477396,0,0.5336203950253495,0,0.0,0,0.0
2019-06-14,0.1132703782041013,0,0.4210302480705821,0,0.0,0,0.0
2019-06-17,0.1798348517152755,0,0.6759832443304108,0,0.0,0,0.0
2019-06-18,-0.1456114420273555,0,-0.5705301483941841,0,0.0,0,0.0
2019-06-19,-0.0542722190642788,0,-0.2206857442831572,0,0.0,0,0.0
2019-06-20,0.0661193028075255,0,0.2404337930079266,0,0.0,0,0.0
2019-06-21,0.1725489878780728,0,0.6480771749565708,0,0.0,0,0.0
2019-06-24,-0.0312583032680261,0,-0.1325386219756241,0,0.0,0,0.0
2019-06-25,0.0940056175330568,0,0.3472430129850855,0,0.0,0,0.0
2019-06-26,-0.1110459912087155,0,-0.4381387271384501,0,0.0,0,0.0
2019-06-27,-0.2038537371727751,0,-0.793607818405069,0,0.0,0,0.0
2019-06-28,0.024594945105645,0,0.0813886018507828,0,0.0,0,0.0
2019-07-01,-0.3587980042882934,0,-1.3870701124883116,1,0.1096946366244386,1,1.0
2019-07-02,0.0247128870953423,0,0.0818403392727442,0,0.0,0,0.0
2019-07-03,-0.0435974565212847,0,-0.1797996296466213,0,0.0,0,0.0
2019-07-05,0.0152741082401718,0,0.0456882475754268,0,0.0,0,0.0
2019-07-08,0.2437932466706314,0,0.9209545266030806,0,0.0,0,0.0
2019-07-09,-0.0308651414299838,0,-0.1310327467942171,0,0.0,0,0.0
2019-07-10,0.0503949682503645,0,0.1802069783412832,0,0.0,0,0.0
2019-07-11,-0.210758713769659,0,-0.8200550263467652,0,0.0,0,0.0
2019-07-12,-0.231989602238035,0,-0.9013728576575174,0,0.0,0,0.0
2019-07-15,-0.0407521882533295,0,-0.1689017793097383,0,0.0,0,0.0
2019-07-16,-0.0558131673198243,0,-0.2265878322004715,0,0.0,0,0.0
2019-07-17,-0.0058490358142527,0,-0.0352169047232615,0,0.0,0,0.0
2019-07-18,-0.0207493338887566,0,-0.0922875227102213,0,0.0,0,0.0
2019-07-19,0.0337602253088788,0,0.1164931482569535,0,0.0,0,0.0
2019-07-22,-0.0612077931574294,0,-0.2472501457207193,0,0.0,0,0.0
2019-07-23,-0.0384207270751916,0,-0.1599718955192512,0,0.0,0,0.0
2019-07-24,-0.1668472345083649,0,-0.6518667628883469,0,0.0,0,0.0
2019-07-25,-0.0026408276151392,0,-0.02292893413108,0,0.0,0,0.0
2019-07-26,-0.2900228523634354,0,-1.1236498504993997,1,-0.0515916755772138,0,1.0
2019-07-29,0.1880119795366265,0,0.7073030028875498,0,0.0,0,0.0
2019-07-30,0.2598301466934603,0,0.9823785189501872,0,0.0,0,0.0
2019-07-31,0.221124146732074,0,0.834128106337344,0,0.0,0,0.0
2019-08-01,0.1483335451571681,0,0.5553280048393232,0,0.0,0,0.0
2019-08-02,0.1215860029261182,0,0.4528804727748247,0,0.0,0,0.0
2019-08-05,0.4247523023188575,1,1.6140577843058472,0,0.0,0,0.0
2019-08-06,-0.3852705248342721,0,-1.4884642657916372,1,0.0,0,1.0
2019-08-07,-0.087799684272128,0,-0.3491015081410865,0,0.0,0,0.0
2019-08-08,-0.2581037637335756,0,-1.0013944362400249,1,-0.5174132960303288,0,1.0
2019-08-09,0.1045376317090238,0,0.3875823776517799,0,0.0,0,0.0
2019-08-12,0.269434363248778,0,1.0191642645340602,-1,0.0,0,-1.0
2019-08-13,-0.3982064235481164,0,-1.5380109077530524,1,-0.4271160969644117,0,0.0
2019-08-14,0.3331150776843219,1,1.2630719842666136,0,0.0,0,-1.0
2019-08-15,-0.0234457091334878,0,-0.1026150880228145,0,0.0,0,0.0
2019-08-16,-0.1486230245447373,0,-0.5820650099470409,0,0.0,0,0.0
2019-08-19,0.0039782248193389,0,0.0024231367493099,0,0.0,0,0.0
2019-08-20,0.0436139510224662,0,0.1542345553842839,0,0.0,0,0.0
2019-08-21,-0.1418660574271671,0,-0.5561847029096173,0,0.0,0,0.0
2019-08-22,-0.0738792889759575,0,-0.2957840806505177,0,0.0,0,0.0
2019-08-23,0.2271723550645525,0,0.857293749435388,0,0.0,0,0.0
2019-08-26,-0.0894679502183917,0,-0.3554912439734709,0,0.0,0,0.0
2019-08-27,-0.0955152553527423,0,-0.3786534276725777,0,0.0,0,0.0
2019-08-28,0.091569261472318,0,0.3379113643611859,0,0.0,0,0.0
2019-08-29,-0.0699602622922898,0,-0.2807735571277023,0,0.0,0,0.0
2019-08-30,0.0508634450817849,0,0.1820013224643371,0,0.0,0,0.0
2019-09-03,0.4777211452670733,1,1.816937255977728,0,0.0,0,0.0
2019-09-04,-0.0841561180191283,0,-0.3351460438479971,0,0.0,0,0.0
2019-09-05,-0.4490499604173071,1,-1.7327501039260862,0,0.0,0,0.0
2019-09-06,-0.0202908567468374,0,-0.0905314790598598,0,0.0,0,0.0
2019-09-09,0.4397254145903868,1,1.671407292768802,0,0.0,0,0.0
2019-09-10,0.4815377679319605,1,1.8315555550895333,0,0.0,0,0.0
2019-09-11,0.0287184499021941,0,0.0971823105292638,0,0.0,0,0.0
2019-09-12,-0.1361206860466172,0,-0.5341789756675804,0,0.0,0,0.0
2019-09-13,0.0635218265864513,0,0.230485027392506,0,0.0,0,0.0
2019-09-16,0.492441000410694,1,1.8733167475506127,0,0.0,0,0.0
2019-09-17,-0.3226919787857516,0,-1.2487780341567445,1,-0.139715808020144,0,1.0
2019-09-18,0.0173381650250748,0,0.0535939280984329,0,0.0,0,0.0
2019-09-19,0.0201658698170327,0,0.0644245074032767,0,0.0,0,0.0
2019-09-20,0.22947467448018,0,0.8661120154322317,0,0.0,0,0.0
2019-09-23,0.028909627859257,0,0.0979145538777198,0,0.0,0,0.0
2019-09-24,0.1929479207390582,0,0.7262084780237881,0,0.0,0,0.0
2019-09-25,-0.1551798101980925,0,-0.6071785887072747,0,0.0,0,0.0
2019-09-26,0.0522274039376345,0,0.1872255115659845,0,0.0,0,0.0
2019-09-27,0.3122439802102987,1,1.183132212259855,0,0.0,0,-1.0
2019-09-30,-0.2008582946859992,0,-0.7821347758518324,0,0.0,0,0.0
2019-10-01,0.1122710192662547,0,0.41720253724973,0,0.0,0,0.0
2019-10-02,0.1929878163423821,0,0.7263612848149862,0,0.0,0,0.0
2019-10-03,-0.0816717605239616,0,-0.3256305417526191,0,0.0,0,0.0
2019-10-04,-0.2710845736405765,0,-1.0511130955352657,1,0.0983811124638236,1,1.0
2019-10-07,0.0100555786595191,0,0.0257004119857018,0,0.0,0,0.0
2019-10-08,0.1848071505716763,0,0.6950279753238271,0,0.0,0,0.0
2019-10-09,-0.2151075139936913,0,-0.83671165395558,0,0.0,0,0.0
2019-10-10,-0.0587520226007957,0,-0.2378441363509413,0,0.0,0,0.0
2019-10-11,-0.1931761668392483,0,-0.7527109494641507,0,0.0,0,0.0
2019-10-14,-0.0272596107255914,0,-0.1172229649736286,0,0.0,0,0.0
2019-10-15,-0.1961301971798761,0,-0.7640253766151307,0,0.0,0,0.0
2019-10-16,0.0812132668429799,0,0.2982461838117265,0,0.0,0,0.0
2019-10-17,-0.0270957541422003,0,-0.1165953670270236,0,0.0,0,0.0
2019-10-18,0.2138040838458859,0,0.8060910489221639,0,0.0,0,0.0
2019-10-21,0.104573647445688,0,0.3877203239088552,0,0.0,0,0.0
2019-10-22,0.5914887289651896,1,2.2526860091952603,0,0.0,0,0.0
2019-10-23,0.1059954887457729,0,0.3931662123917223,0,0.0,0,0.0
2019-10-24,-0.3598740172815832,0,-1.3911914210810652,1,0.108590037455402,1,1.0
2019-10-25,-0.1857768525933318,0,-0.7243703461699962,0,0.0,0,0.0
2019-10-28,-0.3878944006304009,0,-1.4985141461670055,1,0.024480193259076,1,1.0
2019-10-29,0.0957289498928603,0,0.3538436623331147,0,0.0,0,0.0
2019-10-30,-0.2140494406498295,0,-0.8326590572016235,0,0.0,0,0.0
2019-10-31,0.1966505629907976,0,0.7403902132102123,0,0.0,0,0.0
2019-11-01,0.0792414482841113,0,0.2906937910240046,0,0.0,0,0.0
2019-11-04,0.1589106382246718,0,0.5958400291525097,0,0.0,0,0.0
2019-11-05,-0.2182693126707609,0,-0.8488218683652821,0,0.0,0,0.0
2019-11-06,-0.2623178135142504,0,-1.0175349472558708,1,-0.125668968579063,0,1.0
2019-11-07,-0.2409138602184248,0,-0.9355542488934012,0,0.0,0,0.0
2019-11-08,-0.1179070199129278,0,-0.4644176073472744,0,0.0,0,0.0
2019-11-11,-0.1549747111970683,0,-0.6063930254468333,0,0.0,0,0.0
2019-11-12,-0.1064149744895804,0,-0.4204011634502966,0,0.0,0,0.0
2019-11-13,0.0700063751115244,0,0.255321925945938,0,0.0,0,0.0
2019-11-14,-0.0412588655728005,0,-0.1708424376507727,0,0.0,0,0.0
2019-11-15,0.0971558706138827,0,0.3593090058423487,0,0.0,0,0.0
2019-11-18,-0.1689973190348824,0,-0.6601019439591552,0,0.0,0,0.0
2019-11-19,-0.2145117146893038,0,-0.8344296436006476,0,0.0,0,0.0
2019-11-20,0.1511590266638489,0,0.5661500685920557,0,0.0,0,0.0
2019-11-21,0.1615715258111292,0,0.6060316708360273,0,0.0,0,0.0
2019-11-22,-0.0407176334953261,0,-0.1687694288437419,0,0.0,0,0.0
2019-11-25,-0.2365668298381964,0,-0.9189044000804956,0,0.0,0,0.0
2019-11-26,-0.1584888356641102,0,-0.6198527061870693,0,0.0,0,0.0
2019-11-27,-0.0044046247789178,0,-0.0296845704033996,0,0.0,0,0.0
2019-11-29,0.0159779927138128,0,0.0483842420918622,0,0.0,0,0.0
2019-12-02,0.0948651366002664,0,0.3505351138606489,0,0.0,0,0.0
2019-12-03,0.1576653088425209,0,0.5910702106508059,0,0.0,0,0.0
2019-12-04,0.1071137347969136,0,0.3974492806149868,0,0.0,0,0.0
2019-12-05,-0.0141069090550231,0,-0.0668459316562972,0,0.0,0,0.0
2019-12-06,-0.0421331193952264,0,-0.1741909750876633,0,0.0,0,0.0
2019-12-09,0.0803856512576474,0,0.2950762785739658,0,0.0,0,0.0
2019-12-10,0.0889098377669936,0,0.3277253295856979,0,0.0,0,0.0
2019-12-11,-0.104853582567183,0,-0.4144207728912953,0,0.0,0,0.0
2019-12-12,-0.18249316014911,0,-0.7117932583739126,0,0.0,0,0.0
2019-12-13,-0.0018090337027798,0,-0.0197430252063874,0,0.0,0,0.0
2019-12-16,0.1595529975035432,0,0.5983003719477707,0,0.0,0,0.0
2019-12-17,-0.0339198969709519,0,-0.1427329682025692,0,0.0,0,0.0
2019-12-18,0.2993409822688262,1,1.1337115857245823,0,0.0,0,-1.0
2019-12-19,-0.0717538296933071,0,-0.2876432183563238,0,0.0,0,0.0
2019-12-20,0.0307405768060678,0,0.1049273926393727,0,0.0,0,0.0
2019-12-23,0.1307231390227498,0,0.4878772225752869,0,0.0,0,0.0
2019-12-24,-0.0062525885753072,0,-0.036762578866729,0,0.0,0,0.0
2019-12-26,-0.0324988588302554,0,-0.137290155953641,0,0.0,0,0.0
2019-12-27,-0.0001073860870248,0,-0.01322543203197,0,0.0,0,0.0
2019-12-30,0.1575717936292422,0,0.5907120318421462,0,0.0,0,0.0
2019-12-31,0.1570186770437338,0,0.5885935033941941,0,0.0,0,0.0
2020-01-02,-0.5466798552475746,1,-2.106688826769439,0,0.0,0,0.0
2020-01-03,0.2116575870346992,0,0.7978696093973346,0,0.0,0,0.0
2020-01-06,0.0406010236406394,0,0.1426945427770923,0,0.0,0,0.0
2020-01-07,0.0182356262702726,0,0.0570313538215081,0,0.0,0,0.0
2020-01-08,-0.3151355112914438,0,-1.2198355078030976,1,-0.0066947613649311,0,1.0
2020-01-09,-0.1639573423771766,0,-0.6407979957389984,0,0.0,0,0.0
2020-01-10,0.1128371913129121,0,0.419371070283641,0,0.0,0,0.0
2020-01-13,-0.0728937931057143,0,-0.2920094676825655,0,0.0,0,0.0
2020-01-14,0.1494995047289419,0,0.5597938237763822,0,0.0,0,0.0
2020-01-15,0.0571774637539295,0,0.2061850633397686,0,0.0,0,0.0
2020-01-16,-0.10849500428755,0,-0.4283680232679897,0,0.0,0,0.0
2020-01-17,-0.0741480214965516,0,-0.2968133708665131,0,0.0,0,0.0
2020-01-21,-0.027941620609137,0,-0.1198351761745414,0,0.0,0,0.0
2020-01-22,-0.200775744487536,0,-0.7818185948722515,0,0.0,0,0.0
2020-01-23,0.1043642509899142,0,0.3869183006825051,0,0.0,0,0.0
2020-01-24,0.0972938988809076,0,0.3598376770447229,0,0.0,0,0.0
2020-01-27,0.0405626347188798,0,0.1425475068266894,0,0.0,0,0.0
2020-01-28,-0.2417623993716727,0,-0.9388042948736798,0,0.0,0,0.0
2020-01-29,-0.081178765438655,0,-0.3237422886423591,0,0.0,0,0.0
2020-01-30,-0.0486242036649131,0,-0.1990529066291764,0,0.0,0,0.0
2020-01-31,0.2672895300234031,0,1.010949196819371,-1,-0.0187362018533041,-1,-1.0
2020-02-03,-0.3076670202712038,0,-1.1912299459664195,1,0.033757505655802,1,1.0
2020-02-04,-0.3422148298360314,0,-1.3235537982881564,1,0.3245694050859258,1,1.0
2020-02-05,0.1719106338620218,0,0.6456321729835682,0,0.0,0,0.0
2020-02-06,-0.1304699805459179,0,-0.5125358344784094,0,0.0,0,0.0
2020-02-07,0.0269358908745246,0,0.0903548132001061,0,0.0,0,0.0
2020-02-10,-0.1891940121594492,0,-0.7374586352245671,0,0.0,0,0.0
2020-02-11,0.0224452973643235,0,0.073155093739867,0,0.0,0,0.0
2020-02-12,-0.0366161662528494,0,-0.1530601276598991,0,0.0,0,0.0
2020-02-13,-0.0207084705832576,0,-0.0921310094588649,0,0.0,0,0.0
2020-02-14,-0.0932609311547413,0,-0.3700189913358297,0,0.0,0,0.0
2020-02-18,0.0811877678030753,0,0.2981485182510676,0,0.0,0,0.0
2020-02-19,-0.2446292315692117,0,-0.9497847386446954,0,0.0,0,0.0
2020-02-20,0.2697456790631353,0,1.0203566558423178,-1,0.1631580541216481,0,-1.0
2020-02-21,0.288898341398339,0,1.0937145356713116,-1,-0.3085423582100147,-1,-1.0
2020-02-24,0.290074004244111,0,1.0982175197604234,-1,0.0,0,-1.0
2020-02-25,0.0114486901297075,0,0.0310362604452983,0,0.0,0,0.0
2020-02-26,-0.3766561954588885,0,-1.455469952621648,1,0.4601278179353691,1,1.0
2020-02-27,-0.1050981189888007,0,-0.4153573880269295,0,0.0,0,0.0
2020-02-28,-0.0544191249476089,0,-0.2212484182313996,0,0.0,0,0.0
2020-03-02,-0.2082156792738729,0,-0.810314781587165,0,0.0,0,0.0
2020-03-03,0.4717602406588207,1,1.7941060006529503,0,0.0,0,0.0
2020-03-04,-0.2544962248863112,0,-0.9875769628984922,0,0.0,0,0.0
2020-03-05,0.3941600009360659,1,1.4968841857087354,0,0.0,0,0.0
2020-03-06,-0.1839815502305256,0,-0.7174940397493805,0,0.0,0,0.0
2020-03-09,-1.349335510714934,1,-5.180993384920075,0,0.0,0,0.0
2020-03-10,-0.4341616945357234,1,-1.675725571237706,0,0.0,0,0.0
2020-03-11,-0.106626069174037,0,-0.4212096911747395,0,0.0,0,0.0
2020-03-12,0.1007054722447966,0,0.3729045700163577,0,0.0,0,0.0
2020-03-13,-0.6078000530746399,1,-2.340789342345332,0,0.0,0,0.0
2020-03-16,0.0960487668142686,0,0.3550686142942227,0,0.0,0,0.0
2020-03-17,-0.3006115622345189,0,-1.1642063691009563,1,0.0323001715692954,1,1.0
2020-03-18,-0.5403155376298936,1,-2.0823124325731475,0,0.0,0,0.0
2020-03-19,-0.2584140380981716,0,-1.0025828386226123,1,-0.0334220381684816,0,1.0
2020-03-20,-0.1409924238753563,0,-0.5528385412122685,0,0.0,0,0.0
2020-03-23,-0.6948462675125335,1,-2.6741908103264627,0,0.0,0,0.0
2020-03-24,-0.0371904328682646,0,-0.1552596642374325,0,0.0,0,0.0
2020-03-25,1.1709856503322842,1,4.472255527777651,0,0.0,0,0.0
2020-03-26,-0.1782378630924945,0,-0.6954947634361045,0,0.0,0,0.0
2020-03-27,0.4843572927228865,1,1.8423548036309456,0,0.0,0,0.0
2020-03-30,-0.7145693203541226,1,-2.749733380591214,0,0.0,0,0.0
2020-03-31,0.2551512689939583,0,0.964457639752952,0,0.0,0,0.0
2020-04-01,-0.3730341480925951,0,-1.441596909240985,1,-0.0712250105600623,0,1.0
2020-04-02,0.239038886372831,0,0.9027445365094988,0,0.0,0,0.0
2020-04-03,0.1708702324105192,0,0.6416472625143353,0,0.0,0,0.0
2020-04-06,-0.3041737744756618,0,-1.1778502340079682,1,-0.1550034154383733,0,1.0
2020-04-07,0.3497292729961128,1,1.32670711351429,0,0.0,0,-1.0
2020-04-08,0.7483832065220326,1,2.853617933384861,0,0.0,0,0.0
2020-04-09,0.5579518817822113,1,2.124234310813345,0,0.0,0,0.0
2020-04-13,-0.3921433087219688,0,-1.5147881703068644,1,0.1694902022046173,1,0.0
2020-04-14,-0.5054938012882715,1,-1.948939395170906,0,0.0,0,0.0
2020-04-15,-0.4976205194268392,1,-1.918783417138069,0,0.0,0,0.0
2020-04-16,-0.7597852304742316,1,-2.9229178310293555,0,0.0,0,0.0
2020-04-17,0.5936164020779551,1,2.260835350826724,0,0.0,0,0.0
2020-04-20,-0.4248831118682756,1,-1.640187057563243,0,0.0,0,0.0
2020-04-21,0.5787352125777485,1,2.2038379218550803,0,0.0,0,0.0
2020-04-22,-0.0704301425269937,0,-0.2825732765185713,0,0.0,0,0.0
2020-04-23,0.2293964921871935,0,0.8658125642565528,0,0.0,0,0.0
2020-04-24,-0.2674725548055708,0,-1.0372784630961305,1,-0.3788467747137847,0,1.0
2020-04-27,-0.0577953109920217,0,-0.2341797718882293,0,0.0,0,0.0
2020-04-28,0.637390627728396,1,2.42849791014465,0,0.0,0,0.0
2020-04-29,-0.0935810139852082,0,-0.3712449617728249,0,0.0,0,0.0
2020-04-30,-0.1489487834550691,0,-0.5833127207132576,0,0.0,0,0.0
2020-05-01,-0.2093348262189862,0,-0.814601300384069,0,0.0,0,0.0
2020-05-04,0.056559825951158,0,0.2038194079065668,0,0.0,0,0.0
2020-05-05,-0.3071670692414051,0,-1.1893150504327088,1,-0.0289520523330559,0,1.0
2020-05-06,-0.8025111226686279,1,-3.0865650989823896,0,0.0,0,0.0
2020-05-07,-0.1368368243950893,0,-0.5369219045611575,0,0.0,0,0.0
2020-05-08,0.3654793091396657,1,1.387032369528301,0,0.0,0,0.0
2020-05-11,-0.5195805057905043,1,-2.002893814560525,0,0.0,0,0.0
2020-05-12,0.0381458398498182,0,0.1332907808178942,0,0.0,0,0.0
2020-05-13,-0.0754466319430851,0,-0.3017872646998721,0,0.0,0,0.0
2020-05-14,-0.163819911035994,0,-0.6402716108618067,0,0.0,0,0.0
2020-05-15,-0.3019433978996849,0,-1.169307521043558,1,0.0,0,1.0
2020-05-18,0.8285474819965608,1,3.1606604313894207,0,0.0,0,0.0
2020-05-19,-0.2375349622800592,0,-0.9226125082320282,0,0.0,0,0.0
2020-05-20,-0.0846056698500853,0,-0.3368679020740273,0,0.0,0,0.0
2020-05-21,-0.0173641006360145,0,-0.0793215167418857,0,0.0,0,0.0
2020-05-22,-0.0347729733404224,0,-0.1460003924750444,0,0.0,0,0.0
2020-05-26,0.5315772793163858,1,2.023215200030545,0,0.0,0,0.0
2020-05-27,-0.0739578446077044,0,-0.2960849617756966,0,0.0,0,0.0
2020-05-28,-0.0129094166319548,0,-0.0622593366581641,0,0.0,0,0.0
2020-05-29,-0.449355054416419,1,-1.733918664647916,0,0.0,0,0.0
2020-06-01,0.3574451873609187,1,1.3562603478812871,0,0.0,0,-1.0
2020-06-02,0.1674005188465022,0,0.6283576829135741,0,0.0,0,0.0
2020-06-03,0.3100279804854706,1,1.1746445650247124,0,0.0,0,-1.0
2020-06-04,0.0763703538856726,0,0.2796970223151847,0,0.0,0,0.0
2020-06-05,0.5181314839633218,1,1.9717155691984207,0,0.0,0,0.0
2020-06-08,0.8582972560819973,1,3.2746070104134666,0,0.0,0,0.0
2020-06-09,-0.5622825679432832,1,-2.166449809493721,0,0.0,0,0.0
2020-06-10,-0.6850354087437386,1,-2.636613590721978,0,0.0,0,0.0
2020-06-11,-0.1782337291322586,0,-0.6954789296813556,0,0.0,0,0.0
2020-06-12,0.2560258968431916,0,0.9678076097746768,0,0.0,0,0.0
2020-06-15,-0.1712533251985636,0,-0.6687428225039934,0,0.0,0,0.0
2020-06-16,0.0035402703345588,0,0.0007456982865632,0,0.0,0,0.0
2020-06-17,-0.5253255836123583,1,-2.024898417423968,0,0.0,0,0.0
2020-06-18,-0.0254737640445276,0,-0.1103828753855775,0,0.0,0,0.0
2020-06-19,-0.4907732364270108,1,-1.8925571852615084,0,0.0,0,0.0
2020-06-22,-0.0900092577667474,0,-0.35756454184652,0,0.0,0,0.0
2020-06-23,-0.1443827991732232,0,-0.5658242420680165,0,0.0,0,0.0
2020-06-24,-0.0455342219564385,0,-0.1872177631448459,0,0.0,0,0.0
2020-06-25,-0.3176932937946225,0,-1.2296322398820632,1,-0.0699331696929807,0,1.0
2020-06-26,0.0797103431875307,0,0.2924897364322964,0,0.0,0,0.0
2020-06-29,0.2585231545676369,0,0.9773725218921512,0,0.0,0,0.0
2020-06-30,-0.1556673477540221,0,-0.6090459385730043,0,0.0,0,0.0
2020-07-01,0.1282549504471441,0,0.4784236501290285,0,0.0,0,0.0
2020-07-02,0.071886192868803,0,0.2625219403734564,0,0.0,0,0.0
2020-07-06,-0.4173022545173122,1,-1.611151114005122,0,0.0,0,0.0
2020-07-07,-0.3369153687654017,0,-1.303255981641375,1,-0.1483240928335753,0,1.0
2020-07-08,-0.3045374791483038,0,-1.1792432833502455,1,0.0815526554912052,1,1.0
2020-07-09,-0.6217731936306287,1,-2.3943087929470264,0,0.0,0,0.0
2020-07-10,0.3203248011738908,1,1.214083099546017,0,0.0,0,-1.0
2020-07-13,0.4117619127905245,1,1.5643024334688151,0,0.0,0,0.0
2020-07-14,-0.0132819109678206,0,-0.0636860518713905,0,0.0,0,0.0
2020-07-15,-0.043826776283241,0,-0.1806779624468129,0,0.0,0,0.0
2020-07-16,0.0026289372969776,0,-0.0027448587067686,0,0.0,0,0.0
2020-07-17,0.0308581022514705,0,0.1053775346274585,0,0.0,0,0.0
2020-07-20,-0.833402482908376,1,-3.204884142703864,0,0.0,0,0.0
2020-07-21,0.5382358054110377,1,2.0487184615897425,0,0.0,0,0.0
2020-07-22,0.0483559937379841,0,0.172397367090598,0,0.0,0,0.0
2020-07-23,0.2158036273807997,0,0.8137496329759033,0,0.0,0,0.0
2020-07-24,0.0445991632588795,0,0.1580080819875292,0,0.0,0,0.0
2020-07-27,-0.4756318592178565,1,-1.8345631941225844,0,0.0,0,0.0
2020-07-28,0.6013997119630878,1,2.2906467212374007,0,0.0,0,0.0
2020-07-29,-0.1339372546851744,0,-0.5258160706769167,0,0.0,0,0.0
2020-07-30,-0.211654999273727,0,-0.8234879487859104,0,0.0,0,0.0
2020-07-31,-0.1352432508459532,0,-0.5308182530233073,0,0.0,0,0.0
2020-08-03,-0.3703431740130319,0,-1.431290031288634,1,0.0,0,1.0
2020-08-04,0.3238494557674427,1,1.2275831124208454,0,0.0,0,-1.0
2020-08-05,-0.1335361389720855,0,-0.5242797308321833,0,0.0,0,0.0
2020-08-06,-0.0612872731481008,0,-0.247554567294203,0,0.0,0,0.0
2020-08-07,0.3646522345923539,1,1.383864536556077,0,0.0,0,0.0
2020-08-10,0.5647265885179824,1,2.150182563536722,0,0.0,0,0.0
2020-08-11,-0.1981345678970647,0,-0.7717024495792382,0,0.0,0,0.0
2020-08-12,-0.1435155279832385,0,-0.5625024492738571,0,0.0,0,0.0
2020-08-13,-0.3514815442614464,0,-1.3590468546231866,1,-0.1805303954652611,0,1.0
2020-08-14,0.1383743037845123,0,0.5171824552015394,0,0.0,0,0.0
2020-08-17,-0.2241241472514129,0,-0.8712468578559946,0,0.0,0,0.0
2020-08-18,-0.2276965986825301,0,-0.8849299405623148,0,0.0,0,0.0
2020-08-19,-0.1250259740335196,0,-0.4916843847668607,0,0.0,0,0.0
2020-08-20,-0.2608895361533714,0,-1.0120644075905187,1,-0.0469024445821437,0,1.0
2020-08-21,-0.0379778327040052,0,-0.158275536470582,0,0.0,0,0.0
2020-08-24,0.2571540068437279,0,0.97212845856347,0,0.0,0,0.0
2020-08-25,-0.2828083415299919,0,-1.0960170749885012,1,-0.0054272084191852,0,1.0
2020-08-26,-0.7295385660422593,1,-2.8070680793971667,0,0.0,0,0.0
2020-08-27,0.2286514211927392,0,0.8629588185203905,0,0.0,0,0.0
2020-08-28,0.1041926410672407,0,0.3862610061578789,0,0.0,0,0.0
2020-08-31,-0.1827828115578461,0,-0.7129026714081157,0,0.0,0,0.0
2020-09-01,-0.4067339272397197,1,-1.5706726641241298,0,0.0,0,0.0
2020-09-02,-0.0070039720873564,0,-0.0396405025943919,0,0.0,0,0.0
2020-09-03,0.9545131995704556,1,3.643130064625424,0,0.0,0,0.0
2020-09-04,0.4036268941906902,1,1.5331439602284458,0,0.0,0,0.0
2020-09-08,0.3216179596321756,1,1.2190361113582882,0,0.0,0,-1.0
2020-09-09,-0.363636894442765,0,-1.405603865981421,1,-0.0866067131255879,0,1.0
2020-09-10,-0.1392972388821158,0,-0.5463457009561398,0,0.0,0,0.0
2020-09-11,0.0695017928643012,0,0.253389292079804,0,0.0,0,0.0
2020-09-14,0.0695058628333378,0,0.2534048807376244,0,0.0,0,0.0
2020-09-15,-0.2193079941153124,0,-0.8528001909220352,0,0.0,0,0.0
2020-09-16,0.630815212621901,1,2.40331297748276,0,0.0,0,0.0
2020-09-17,0.1126190630904964,0,0.4185356029398725,0,0.0,0,0.0
2020-09-18,-0.2436216699923237,0,-0.9459256103530737,0,0.0,0,0.0
2020-09-21,-0.5115618583244463,1,-1.972181062102871,0,0.0,0,0.0
2020-09-22,-0.2066768932041932,0,-0.8044209752010619,0,0.0,0,0.0
2020-09-23,-0.0485588607501528,0,-0.1988026324059499,0,0.0,0,0.0
2020-09-24,0.1095495241840339,0,0.4067787587847489,0,0.0,0,0.0
2020-09-25,-0.1654654744591251,0,-0.646574392257538,0,0.0,0,0.0
2020-09-28,-0.1992241168146882,0,-0.7758756030117989,0,0.0,0,0.0
2020-09-29,-0.1944115204803936,0,-0.7574425592198804,0,0.0,0,0.0
2020-09-30,-0.0310612743015469,0,-0.1317839682886926,0,0.0,0,0.0
2020-10-01,-0.2415116032794291,0,-0.9378437041592194,0,0.0,0,0.0
2020-10-02,0.7991288713725415,1,3.04798226346046,0,0.0,0,0.0
2020-10-05,0.0180743587112327,0,0.056413672268452,0,0.0,0,0.0
2020-10-06,0.2852019467764621,0,1.0795567299455884,-1,0.0725909726052391,0,-1.0
2020-10-07,-0.2461796951691485,0,-0.955723271912435,0,0.0,0,0.0
2020-10-08,0.4176276806026099,1,1.5867692990529707,0,0.0,0,0.0
2020-10-09,-0.4654377619093354,1,-1.7955181072184505,0,0.0,0,0.0
2020-10-12,-0.3414270111610624,0,-1.320536321831153,1,-0.1468192114777593,0,1.0
2020-10-13,-0.3036991120164042,0,-1.1760321979022748,1,-0.1468192114777593,0,1.0
2020-10-14,0.1819320950818063,0,0.6840160349765102,0,0.0,0,0.0
2020-10-15,0.1225195217502365,0,0.4564560050177704,0,0.0,0,0.0
2020-10-16,-0.2078144351460393,0,-0.8087779498926175,0,0.0,0,0.0
2020-10-19,0.1956164096242921,0,0.7364292339449213,0,0.0,0,0.0
2020-10-20,0.1511447492161775,0,0.5660953835946279,0,0.0,0,0.0
2020-10-21,-0.0838750764731781,0,-0.3340696080191844,0,0.0,0,0.0
2020-10-22,0.641612690546391,1,2.4446691124251627,0,0.0,0,0.0
2020-10-23,-0.0824551182748818,0,-0.3286309321291305,0,0.0,0,0.0
2020-10-26,0.2033550862443005,0,0.7660696515323272,0,0.0,0,0.0
2020-10-27,-0.0952459160220952,0,-0.3776218132732302,0,0.0,0,0.0
2020-10-28,-0.0587966193721178,0,-0.2380149493968854,0,0.0,0,0.0
2020-10-29,0.1842438050117533,0,0.6928702682038583,0,0.0,0,0.0
2020-10-30,0.349908074226089,1,1.327391951941048,0,0.0,0,-1.0
2020-11-02,0.4244281119754741,1,1.6128160814117318,0,0.0,0,0.0
2020-11-03,-0.2869146809533033,0,-1.1117450374346751,1,0.1244143218729306,1,1.0
2020-11-04,-1.1175590925257142,1,-4.293251183071324,0,0.0,0,0.0
2020-11-05,-0.2620361473351771,0,-1.0164561189783854,1,0.1212231814083347,1,1.0
2020-11-06,-0.4981822563337258,1,-1.9209349628495576,0,0.0,0,0.0
2020-11-09,2.08320753392062,1,7.9662169490392305,0,0.0,0,0.0
2020-11-10,0.7209558436972333,1,2.7485665754632187,0,0.0,0,0.0
2020-11-11,-0.6344800936599855,1,-2.4429783318883174,0,0.0,0,0.0
2020-11-12,-0.2164998537935025,0,-0.8420445467893841,0,0.0,0,0.0
2020-11-13,0.3103497723473274,1,1.1758770813359642,0,0.0,0,-1.0
2020-11-16,0.4431736278344345,1,1.6846145225708251,0,0.0,0,0.0
2020-11-17,0.0039279574564513,0,0.0022306043952438,0,0.0,0,0.0
2020-11-18,-0.2883482563131128,0,-1.117235869316435,1,-0.4126157081036859,0,1.0
2020-11-19,-0.1754958427297108,0,-0.6849923697353594,0,0.0,0,0.0
2020-11-20,0.1997403377787475,0,0.7522245641545436,0,0.0,0,0.0
2020-11-23,0.4871820412229392,1,1.85317405984647,0,0.0,0,0.0
2020-11-24,0.3766851881394498,1,1.429952748463476,0,0.0,0,0.0
2020-11-25,-0.1859305714424217,0,-0.7249591149093826,0,0.0,0,0.0
2020-11-27,-0.424056081933021,1,-1.6370193954626129,0,0.0,0,0.0
2020-11-30,-0.571410837908308,1,-2.201412600536618,0,0.0,0,0.0
2020-12-01,-0.1963395435199903,0,-0.7648272078901752,0,0.0,0,0.0
2020-12-02,0.5108430169202484,1,1.9437995291134555,0,0.0,0,0.0
2020-12-03,0.073982584654737,0,0.270551469324341,0,0.0,0,0.0
2020-12-04,0.2573838633402859,0,0.9730088471463888,0,0.0,0,0.0
2020-12-07,-0.1150184973514871,0,-0.4533540858776757,0,0.0,0,0.0
2020-12-08,-0.0568947648592553,0,-0.2307305305330724,0,0.0,0,0.0
2020-12-09,0.2839698068687924,0,1.0748374293231782,-1,-0.0394447395347974,-1,-1.0
2020-12-10,0.0731095117606711,0,0.2672074550393338,0,0.0,0,0.0
2020-12-11,-0.0825836239851899,0,-0.3291231303566738,0,0.0,0,0.0
2020-12-14,-0.4749997463423269,1,-1.832142096755028,0,0.0,0,0.0
2020-12-15,0.1917694170140685,0,0.7216946128951315,0,0.0,0,0.0
2020-12-16,-0.3933353192954872,0,-1.5193537689101633,1,0.0568684673057939,1,0.0
2020-12-17,-0.1889578136695025,0,-0.7365539557529589,0,0.0,0,0.0
2020-12-18,-0.426261376885174,1,-1.645466041639326,0,0.0,0,0.0
2020-12-21,-0.1542911992844694,0,-0.6037750612250156,0,0.0,0,0.0
2020-12-22,-0.1587568881507827,0,-0.6208793917601261,0,0.0,0,0.0
2020-12-23,0.2330908925869161,0,0.8799627317799942,0,0.0,0,0.0
2020-12-24,-0.0342750329686815,0,-0.1440931980958571,0,0.0,0,0.0
2020-12-28,-0.0739746015240232,0,-0.2961491435501206,0,0.0,0,0.0
2020-12-29,0.0284448244982122,0,0.0961342797567185,0,0.0,0,0.0
2020-12-30,0.244753288434749,0,0.9246316461142156,0,0.0,0,0.0
2020-12-31,-0.0304346941399178,0,-0.1293840621348872,0,0.0,0,0.0
2021-01-04,0.0604003874188214,0,0.2185293966115246,0,0.0,0,0.0
2021-01-05,0.2918550493033225,1,1.1050392183387725,0,0.0,0,-1.0
2021-01-06,0.4098830534892335,1,1.5571060900870204,0,0.0,0,0.0
2021-01-07,-0.5666046222864782,1,-2.183003995933885,0,0.0,0,0.0
2021-01-08,-0.1773063665550539,0,-0.6919269768872289,0,0.0,0,0.0
2021-01-11,0.1598076961103581,0,0.599275909941619,0,0.0,0,0.0
2021-01-12,0.3650425840726303,1,1.3853596399398398,0,0.0,0,0.0
2021-01-13,0.3434036427462202,1,1.3024788983662925,0,0.0,0,-1.0
2021-01-14,0.507117816570003,1,1.9295313926607005,0,0.0,0,0.0
2021-01-15,0.0939274529426438,0,0.3469436296132054,0,0.0,0,0.0
2021-01-19,-0.2539007762705906,0,-0.9852962957394372,0,0.0,0,0.0
2021-01-20,-0.1712780132064699,0,-0.668837381677309,0,0.0,0,0.0
2021-01-21,-0.3060184057063179,0,-1.1849154781906817,1,-0.1155618152863623,0,1.0
2021-01-22,0.2091163608340327,0,0.7881362907085729,0,0.0,0,0.0
2021-01-25,0.1451899596820595,0,0.5432875500200831,0,0.0,0,0.0
2021-01-26,-0.0767195202048515,0,-0.3066626382906636,0,0.0,0,0.0
2021-01-27,0.470598068884728,1,1.7896546896105248,0,0.0,0,0.0
2021-01-28,-0.0926989427181364,0,-0.3678664822237168,0,0.0,0,0.0
2021-01-29,0.2062322817358498,0,0.7770897884417346,0,0.0,0,0.0
2021-02-01,-0.2707063977354588,0,-1.0496646189675534,1,-0.0262912989256859,0,1.0
2021-02-02,-0.417183206879042,1,-1.6106951417653723,0,0.0,0,0.0
2021-02-03,0.4723323863836498,1,1.7962974138670569,0,0.0,0,0.0
2021-02-04,-0.1229843677284285,0,-0.4838646933127016,0,0.0,0,0.0
2021-02-05,-0.0112254440268807,0,-0.0558094417121606,0,0.0,0,0.0
2021-02-08,-0.0276750106766034,0,-0.1188140158235827,0,0.0,0,0.0
2021-02-09,-0.0694162480139307,0,-0.2786898920288944,0,0.0,0,0.0
2021-02-10,0.4107008498042268,1,1.560238385887464,0,0.0,0,0.0
2021-02-11,-0.242595643855228,0,-0.941995759727131,0,0.0,0,0.0
2021-02-12,0.0028808753080833,0,-0.0017798942532849,0,0.0,0,0.0
2021-02-16,0.1061211446278727,0,0.3936474953035991,0,0.0,0,0.0
2021-02-17,0.1608095702685998,0,0.6031132544746023,0,0.0,0,0.0
2021-02-18,-0.2119741164015922,0,-0.8247102204214459,0,0.0,0,0.0
2021-02-19,0.1690411498696712,0,0.6346415723977079,0,0.0,0,0.0
2021-02-22,0.4397837270181046,1,1.6716306390582207,0,0.0,0,0.0
2021-02-23,0.3797980375191704,1,1.4418754789291814,0,0.0,0,0.0
2021-02-24,0.0651702212873493,0,0.2367986530526297,0,0.0,0,0.0
2021-02-25,0.2638141430733312,0,0.997637887207128,0,0.0,0,0.0
2021-02-26,-0.5207603964366307,1,-2.007412991827636,0,0.0,0,0.0
2021-03-01,-0.1994993293680361,0,-0.7769297128301933,0,0.0,0,0.0
2021-03-02,0.2743196921041655,0,1.0378758859695782,-1,0.0859262262868175,0,-1.0
2021-03-03,0.6234701510593373,1,2.375180170982396,0,0.0,0,0.0
2021-03-04,0.6968264397634364,1,2.656146948199848,0,0.0,0,0.0
2021-03-05,-0.0575475363575992,0,-0.2332307538593765,0,0.0,0,0.0
2021-03-08,0.5489935013516684,1,2.0899222249223794,0,0.0,0,0.0
2021-03-09,-0.5966937463257271,1,-2.298250341679448,0,0.0,0,0.0
2021-03-10,0.2824234247963081,0,1.0689145289839128,-1,0.1208619128676866,0,-1.0
2021-03-11,-0.232089201828184,0,-0.901754340640786,0,0.0,0,0.0
2021-03-12,0.3385176374127215,1,1.283764685907181,0,0.0,0,-1.0
2021-03-15,-0.0057847295782602,0,-0.0349706011520069,0,0.0,0,0.0
2021-03-16,-0.2228677550507851,0,-0.8664346669209343,0,0.0,0,0.0
2021-03-17,0.0311043548481494,0,0.1063207229987976,0,0.0,0,0.0
2021-03-18,0.0712842132393516,0,0.2602162583463876,0,0.0,0,0.0
2021-03-19,-0.0921191869708461,0,-0.3656459213588325,0,0.0,0,0.0
2021-03-22,-0.3918039011997845,0,-1.5134881830889158,1,0.0735096428063405,1,0.0
2021-03-23,0.0122819957993522,0,0.0342279596516411,0,0.0,0,0.0
2021-03-24,0.3356797334387932,1,1.272895042040333,0,0.0,0,-1.0
2021-03-25,0.0896409598678725,0,0.3305256487412243,0,0.0,0,0.0
2021-03-26,-0.2819276921301716,0,-1.0926440414272744,1,0.2021074092282469,1,1.0
2021-03-29,-0.0150709309812734,0,-0.0705382958498851,0,0.0,0,0.0
2021-03-30,0.067225443425301,0,0.2446704954095342,0,0.0,0,0.0
2021-03-31,-0.1985816999443179,0,-0.7734150396315258,0,0.0,0,0.0
2021-04-01,-0.1741786770334841,0,-0.6799474062118772,0,0.0,0,0.0
2021-04-05,-0.4780768134752316,1,-1.8439277752685823,0,0.0,0,0.0
2021-04-06,0.1191186314097672,0,0.4434300298013032,0,0.0,0,0.0
2021-04-07,0.1001809870191653,0,0.3708957044351362,0,0.0,0,0.0
2021-04-08,-0.4110489023672363,1,-1.587199735991713,0,0.0,0,0.0
2021-04-09,-0.2475428087133431,0,-0.960944223329957,0,0.0,0,0.0
2021-04-12,-0.0241711659071112,0,-0.1053937080334009,0,0.0,0,0.0
2021-04-13,0.0729151215325437,0,0.2664629081588361,0,0.0,0,0.0
2021-04-14,0.3838030700726306,1,1.4572154192270854,0,0.0,0,0.0
2021-04-15,-0.1480618314871458,0,-0.579915547268738,0,0.0,0,0.0
2021-04-16,-0.0598135291136379,0,-0.24190988271267,0,0.0,0,0.0
2021-04-19,0.1970582282004554,0,0.7419516387153007,0,0.0,0,0.0
2021-04-20,0.1070215884595563,0,0.3970963448286072,0,0.0,0,0.0
2021-04-21,-0.0347402023973946,0,-0.1458748743168667,0,0.0,0,0.0
2021-04-22,-0.083638169696902,0,-0.3331622156932206,0,0.0,0,0.0
2021-04-23,-0.1860200831683079,0,-0.7253019596959676,0,0.0,0,0.0
2021-04-26,0.1455492685759755,0,0.5446637627992814,0,0.0,0,0.0
2021-04-27,-0.0579340624096741,0,-0.2347112128776912,0,0.0,0,0.0
2021-04-28,0.2923014625511534,1,1.1067490552698114,0,0.0,0,-1.0
2021-04-29,-0.0002475687438021,0,-0.0137623549051454,0,0.0,0,0.0
2021-04-30,0.2280214898613136,0,0.8605460768293149,0,0.0,0,0.0
2021-05-03,0.1665188858278016,0,0.6249808819285624,0,0.0,0,0.0
2021-05-04,0.141150864576678,0,0.5278171444872793,0,0.0,0,0.0
2021-05-05,0.0365156005277645,0,0.1270466932760853,0,0.0,0,0.0
2021-05-06,0.1048721828216072,0,0.3888637640138441,0,0.0,0,0.0
2021-05-07,0.1418732290406616,0,0.5305839204380173,0,0.0,0,0.0
2021-05-10,0.4687718970930876,1,1.7826601481471156,0,0.0,0,0.0
2021-05-11,-0.081902769964926,0,-0.3265153463042288,0,0.0,0,0.0
2021-05-12,0.3242840760820555,1,1.2292477804577275,0,0.0,0,-1.0
2021-05-13,-0.1719415169048227,0,-0.67137871111329,0,0.0,0,0.0
2021-05-14,-0.0441398768451476,0,-0.1818771896348011,0,0.0,0,0.0
2021-05-17,0.3407891771061694,1,1.292465060452627,0,0.0,0,-1.0
2021-05-18,0.0929255497988033,0,0.3431061740605613,0,0.0,0,0.0
2021-05-19,-0.2252654309850921,0,-0.8756181642321392,0,0.0,0,0.0
2021-05-20,-0.260662781484672,0,-1.0111958995238075,1,0.1721519441471418,1,1.0
2021-05-21,0.1482909117435738,0,0.5551647117797782,0,0.0,0,0.0
2021-05-24,-0.0904256433653448,0,-0.3591593678905362,0,0.0,0,0.0
2021-05-25,-0.2808883685393791,0,-1.0886632593436962,1,0.2443772284703951,1,1.0
2021-05-26,0.0878016739784732,0,0.3234808781038954,0,0.0,0,0.0
2021-05-27,-0.0570723280969805,0,-0.2314106272437605,0,0.0,0,0.0
2021-05-28,0.0723884094834967,0,0.264445513473845,0,0.0,0,0.0
2021-06-01,0.5790967688386522,1,2.205222742423344,0,0.0,0,0.0
2021-06-02,0.2616648157287853,0,0.9894056062691116,0,0.0,0,0.0
2021-06-03,0.2316470890211736,0,0.8744327241696299,0,0.0,0,0.0
2021-06-04,-0.2372851943322673,0,-0.921655855481691,0,0.0,0,0.0
2021-06-07,0.2582443927922852,0,0.9763048179636178,0,0.0,0,0.0
2021-06-08,-0.0287759753565084,0,-0.1230308935229293,0,0.0,0,0.0
2021-06-09,0.1483420340153804,0,0.5553605185770859,0,0.0,0,0.0
2021-06-10,-0.0943332729317999,0,-0.3741262385602784,0,0.0,0,0.0
2021-06-11,-0.1269364010386177,0,-0.4990016377006449,0,0.0,0,0.0
2021-06-14,-0.143988056783735,0,-0.5643123131118911,0,0.0,0,0.0
2021-06-15,0.103039090175655,0,0.3818427145282065,0,0.0,0,0.0
2021-06-16,-0.057328901215643,0,-0.2323933449295204,0,0.0,0,0.0
2021-06-17,-0.4422680402074079,1,-1.7067742223979516,0,0.0,0,0.0
2021-06-18,-0.2549204220264897,0,-0.9892017084450068,0,0.0,0,0.0
2021-06-21,0.2438432817530641,0,0.9211461692844004,0,0.0,0,0.0
2021-06-22,-0.2669838041640634,0,-1.0354064669110286,1,-0.0383426895254305,0,1.0
2021-06-23,0.0046928834048943,0,0.0051603979049858,0,0.0,0,0.0
2021-06-24,-0.1606180435396263,0,-0.6280079262149378,0,0.0,0,0.0
2021-06-25,0.1632773536405437,0,0.6125652749234932,0,0.0,0,0.0
2021-06-28,-0.3023509346758167,0,-1.170868454626897,1,-0.0384294010946531,0,1.0
2021-06-29,-0.3306239442988221,0,-1.2791587803283109,1,-0.0180687172868739,0,1.0
2021-06-30,0.1800824786420658,0,0.6769316966144839,0,0.0,0,0.0
2021-07-01,0.2005786309077026,0,0.7554353661589379,0,0.0,0,0.0
2021-07-02,-0.1629770929924654,0,-0.637043477682576,0,0.0,0,0.0
2021-07-06,-0.181312883092236,0,-0.7072726010894194,0,0.0,0,0.0
2021-07-07,-0.1853363480163943,0,-0.7226831404304733,0,0.0,0,0.0
2021-07-08,0.2900753134408225,0,1.0982225342014111,-1,0.1036187263629838,0,-1.0
2021-07-09,0.0436742660568889,0,0.1544655719902067,0,0.0,0,0.0
2021-07-12,0.1048847830222457,0,0.3889120248763855,0,0.0,0,0.0
2021-07-13,-0.1510973569731604,0,-0.5915421143706706,0,0.0,0,0.0
2021-07-14,-0.1444371225032664,0,-0.5660323094503715,0,0.0,0,0.0
2021-07-15,0.0565851875921779,0,0.2039165472066621,0,0.0,0,0.0
2021-07-16,-0.0558432012646438,0,-0.2267028672006348,0,0.0,0,0.0
2021-07-19,-0.26307787177079,0,-1.0204460966966349,1,-0.0064417525131745,0,1.0
2021-07-20,0.0137494621871138,0,0.0398485998029912,0,0.0,0,0.0
2021-07-21,-0.045756597995167,0,-0.18806950033106,0,0.0,0,0.0
2021-07-22,-0.2348345601303229,0,-0.9122695192040116,0,0.0,0,0.0
2021-07-23,-0.164836057990475,0,-0.6441636225764604,0,0.0,0,0.0
2021-07-26,0.2633862662607565,0,0.9959990479037918,0,0.0,0,0.0
2021-07-27,0.2889362919898607,0,1.0938598927440548,-1,-0.0017206539311604,-1,-1.0
2021-07-28,0.0746338875016165,0,0.2730460674714532,0,0.0,0,0.0
2021-07-29,-0.1190230879932102,0,-0.4686923335801827,0,0.0,0,0.0
2021-07-30,-0.2085826870873574,0,-0.8117204825078357,0,0.0,0,0.0
2021-08-02,0.0196801896826455,0,0.0625642717707497,0,0.0,0,0.0
2021-08-03,0.0792366165092785,0,0.2906752845233761,0,0.0,0,0.0
2021-08-04,-0.235003981942822,0,-0.9129184329030162,0,0.0,0,0.0
2021-08-05,0.2236185247959105,0,0.8436819888761,0,0.0,0,0.0
2021-08-06,0.0845894301867559,0,0.3111774505213444,0,0.0,0,0.0
2021-08-09,-0.0493938088839235,0,-0.2020006225228649,0,0.0,0,0.0
2021-08-10,0.1789073412529108,0,0.6724307251115438,0,0.0,0,0.0
2021-08-11,0.0644444688562699,0,0.2340189006248502,0,0.0,0,0.0
2021-08-12,-0.0179677305858865,0,-0.0816335197704408,0,0.0,0,0.0
2021-08-13,-0.0613807034081957,0,-0.2479124207180495,0,0.0,0,0.0
2021-08-16,-0.231438599205607,0,-0.8992624244691264,0,0.0,0,0.0
2021-08-17,0.1121601981592068,0,0.4167780739917739,0,0.0,0,0.0
2021-08-18,-0.0023995592172474,0,-0.0220048360694467,0,0.0,0,0.0
2021-08-19,-0.4400142513529788,1,-1.6981418365160554,0,0.0,0,0.0
2021-08-20,-0.0467988077943288,0,-0.1920613370723668,0,0.0,0,0.0
2021-08-23,0.0203984745803506,0,0.0653154223046354,0,0.0,0,0.0
2021-08-24,0.0532342440412011,0,0.1910818764948796,0,0.0,0,0.0
2021-08-25,0.018247823421438,0,0.0570780709375823,0,0.0,0,0.0
2021-08-26,0.009221502461173,0,0.0225057615263745,0,0.0,0,0.0
2021-08-27,0.096911883604663,0,0.358374495047509,0,0.0,0,0.0
2021-08-30,-0.1076058789512982,0,-0.4249625254615681,0,0.0,0,0.0
2021-08-31,0.0580531896107757,0,0.2095392389131347,0,0.0,0,0.0
2021-09-01,0.0923253156833076,0,0.340807177642039,0,0.0,0,0.0
2021-09-02,0.3108451800346103,1,1.1777745751127568,0,0.0,0,-1.0
2021-09-03,-0.1518016483670567,0,-0.5942396674593122,0,0.0,0,0.0
2021-09-07,-0.0477947765343444,0,-0.1958760628720908,0,0.0,0,0.0
2021-09-08,0.0717023817284386,0,0.2618179131572872,0,0.0,0,0.0
2021-09-09,-0.1049483991662907,0,-0.4147839362239642,0,0.0,0,0.0
2021-09-10,-0.1450667421415367,0,-0.5684438573048604,0,0.0,0,0.0
2021-09-13,0.3275506265344733,1,1.2417592115762806,0,0.0,0,-1.0
2021-09-14,-0.0821975725318434,0,-0.3276444891303651,0,0.0,0,0.0
2021-09-15,0.1633220071740928,0,0.6127363053781999,0,0.0,0,0.0
2021-09-16,-0.2492843142472655,0,-0.96761447895516,0,0.0,0,0.0
2021-09-17,0.02052896579707,0,0.0658152253517161,0,0.0,0,0.0
2021-09-20,0.0833269649403574,0,0.3063419988116696,0,0.0,0,0.0
2021-09-21,0.006291477009631,0,0.0112832770900967,0,0.0,0,0.0
2021-09-22,0.0117525184072507,0,0.0321999732431636,0,0.0,0,0.0
2021-09-23,-0.0905567918200008,0,-0.3596616882681442,0,0.0,0,0.0
2021-09-24,-0.1213673317032877,0,-0.4776711765923969,0,0.0,0,0.0
2021-09-27,0.3876854218358843,1,1.4720854717095109,0,0.0,0,0.0
2021-09-28,0.5929127957022692,1,2.2581404214716745,0,0.0,0,0.0
2021-09-29,0.0957612673972354,0,0.3539674437458933,0,0.0,0,0.0
2021-09-30,0.0378669487131033,0,0.1322225814138408,0,0.0,0,0.0
2021-10-01,0.045185588516905,0,0.160254188186971,0,0.0,0,0.0
2021-10-04,0.8489823690339523,1,3.238929444927693,0,0.0,0,0.0
2021-10-05,-0.4123953960846287,1,-1.5923570307104429,0,0.0,0,0.0
2021-10-06,-0.0109393833054773,0,-0.0547137816071978,0,0.0,0,0.0
2021-10-07,-0.2705320306133051,0,-1.048996763910684,1,-0.085489834498018,0,1.0
2021-10-08,0.1291797965492912,0,0.4819659644054576,0,0.0,0,0.0
2021-10-11,0.0914438120819963,0,0.337430872347137,0,0.0,0,0.0
2021-10-12,0.1614481884559522,0,0.6055592682675933,0,0.0,0,0.0
2021-10-13,0.0239525938653875,0,0.0789282898447487,0,0.0,0,0.0
2021-10-14,-0.1855315217309032,0,-0.7234306881940239,0,0.0,0,0.0
2021-10-15,-0.148937037651321,0,-0.5832677323328035,0,0.0,0,0.0
2021-10-18,-0.216480422028283,0,-0.8419701198991224,0,0.0,0,0.0
2021-10-19,-0.0507951330882926,0,-0.207367927119293,0,0.0,0,0.0
2021-10-20,0.3251345570136917,1,1.2325052637719476,0,0.0,0,-1.0
2021-10-21,-0.4159829088616517,1,-1.606097800874709,0,0.0,0,0.0
2021-10-22,0.0343961666052124,0,0.1189289091124556,0,0.0,0,0.0
2021-10-25,0.0313362880466962,0,0.1072090656954719,0,0.0,0,0.0
2021-10-26,0.0956346881853736,0,0.3534826243275743,0,0.0,0,0.0
2021-10-27,-0.0084449644776664,0,-0.0451597429356447,0,0.0,0,0.0
2021-10-28,-0.0620787027450634,0,-0.2505858741825605,0,0.0,0,0.0
2021-10-29,-0.4065750278416841,1,-1.570064053021298,0,0.0,0,0.0
2021-11-01,0.2740285258813596,0,1.0367606709457329,-1,-0.0212039925563663,-1,-1.0
2021-11-02,-0.121303971579083,0,-0.4774284967865292,0,0.0,0,0.0
2021-11-03,-0.1149001313149747,0,-0.4529007242859374,0,0.0,0,0.0
2021-11-04,-0.4007922770716342,0,-1.5479151565051923,1,0.1306797668393183,1,0.0
2021-11-05,0.3227213151238917,1,1.2232621462642133,0,0.0,0,-1.0
2021-11-08,-0.1712751521765323,0,-0.6688264234571579,0,0.0,0,0.0
2021-11-09,0.0654406920401051,0,0.2378346009866905,0,0.0,0,0.0
2021-11-10,0.1272772002855015,0,0.4746787045123177,0,0.0,0,0.0
2021-11-11,0.0414286551650684,0,0.1458645090642415,0,0.0,0,0.0
2021-11-12,-0.3107513702412515,0,-1.203043518956606,1,-0.1505263500663148,0,1.0
2021-11-15,0.2519374607945487,0,0.9521482202289422,0,0.0,0,0.0
2021-11-16,-0.4361087446788126,1,-1.683183096876595,0,0.0,0,0.0
2021-11-17,0.1256553397255174,0,0.4684667090217479,0,0.0,0,0.0
2021-11-18,-0.0230743381622385,0,-0.1011926754827673,0,0.0,0,0.0
2021-11-19,-0.2203516318354437,0,-0.8567974968379691,0,0.0,0,0.0
2021-11-22,0.4314370367554161,1,1.6396614281702544,0,0.0,0,0.0
2021-11-23,0.255433681095672,0,0.965539325038119,0,0.0,0,0.0
2021-11-24,0.0504606943102329,0,0.1804587200739508,0,0.0,0,0.0
2021-11-26,-0.125295991387067,0,-0.4927185961066004,0,0.0,0,0.0
2021-11-29,-0.1806744873702054,0,-0.7048274393755838,0,0.0,0,0.0
2021-11-30,-0.0167268718874809,0,-0.0768808247304887,0,0.0,0,0.0
2021-12-01,0.1470795732464753,0,0.5505250840169552,0,0.0,0,0.0
2021-12-02,-0.0233280163986031,0,-0.1021643052882103,0,0.0,0,0.0
2021-12-03,0.3856429486146034,1,1.464262459822267,0,0.0,0,0.0
2021-12-06,0.1336535304844213,0,0.4991011088911902,0,0.0,0,0.0
2021-12-07,-0.2320611987301297,0,-0.9016470841212508,0,0.0,0,0.0
2021-12-08,-0.0241664340975437,0,-0.1053755844163521,0,0.0,0,0.0
2021-12-09,0.0779912004927196,0,0.2859051341974915,0,0.0,0,0.0
2021-12-10,-0.1423651227119503,0,-0.5580962058927119,0,0.0,0,0.0
2021-12-13,0.133379171453279,0,0.4980502682046949,0,0.0,0,0.0
2021-12-14,0.1612556292790096,0,0.6048217346174457,0,0.0,0,0.0
2021-12-15,-0.2736110456244067,0,-1.060789903121461,1,0.0549768918603493,1,1.0
2021-12-16,0.4251882172128262,1,1.6157274107968154,0,0.0,0,0.0
2021-12-17,0.0401342456863936,0,0.1409067056359631,0,0.0,0,0.0
2021-12-20,0.1452816215795339,0,0.5436386303211994,0,0.0,0,0.0
2021-12-21,-0.1149857980842551,0,-0.4532288422497078,0,0.0,0,0.0
2021-12-22,-0.1225531805658752,0,-0.4822131748187819,0,0.0,0,0.0
2021-12-23,-0.1292777289640707,0,-0.5079693127731573,0,0.0,0,0.0
2021-12-27,-0.094409399970612,0,-0.3744178177708956,0,0.0,0,0.0
2021-12-28,0.1724420020296971,0,0.6476674013767317,0,0.0,0,0.0
2021-12-29,-0.0408312126518777,0,-0.1692044558896727,0,0.0,0,0.0
2021-12-30,0.1077658918457887,0,0.3999471504977067,0,0.0,0,0.0
2021-12-31,0.0667577518378672,0,0.2428791589014532,0,0.0,0,0.0
2022-01-03,0.3945469851344572,1,1.4983663995035832,0,0.0,0,0.0
2022-01-04,0.4604467602413521,1,1.7507734904051782,0,0.0,0,0.0
2022-01-05,0.4875574874334748,1,1.8546120812302704,0,0.0,0,0.0
2022-01-06,-0.0046300687332436,0,-0.030548058216225,0,0.0,0,0.0
2022-01-07,0.5613320199983856,1,2.1371808019448544,0,0.0,0,0.0
2022-01-10,0.0521382611436016,0,0.1868840798497126,0,0.0,0,0.0
2022-01-11,-0.1885840787085749,0,-0.7351224887395595,0,0.0,0,0.0
2022-01-12,0.0979247306999694,0,0.3622538677531022,0,0.0,0,0.0
2022-01-13,0.5707585310594159,1,2.173285905951764,0,0.0,0,0.0
2022-01-14,0.3164935165940309,1,1.1994086428631232,0,0.0,0,-1.0
2022-01-18,0.427566199146751,1,1.6248354768135036,0,0.0,0,0.0
2022-01-19,-0.0166471094035052,0,-0.0765753211607007,0,0.0,0,0.0
2022-01-20,0.0743358725260509,0,0.2719046205863066,0,0.0,0,0.0
2022-01-21,0.3503284212488748,1,1.3290019508980764,0,0.0,0,-1.0
2022-01-24,-0.4281237059738585,1,-1.6525990715595915,0,0.0,0,0.0
2022-01-25,0.9961792636182828,1,3.8027180146384914,0,0.0,0,0.0
2022-01-26,0.1588374098856456,0,0.5955595524438232,0,0.0,0,0.0
2022-01-27,0.2403937439476689,0,0.90793386619228,0,0.0,0,0.0
2022-01-28,-0.4604616264597674,1,-1.7764586814355796,0,0.0,0,0.0
2022-01-31,-0.5238344946532638,1,-2.019187298898449,0,0.0,0,0.0
2022-02-01,-0.1219498031155849,0,-0.4799021389055883,0,0.0,0,0.0
2022-02-02,0.0845223011272295,0,0.3109203350668145,0,0.0,0,0.0
2022-02-03,0.496840912587305,1,1.8901691424323768,0,0.0,0,0.0
2022-02-04,-0.1795727789162427,0,-0.7006077128979841,0,0.0,0,0.0
2022-02-07,0.1963339327002013,0,0.7391774665747174,0,0.0,0,0.0
2022-02-08,-0.344326382128352,0,-1.3316413944981087,1,-0.1219023773337702,0,1.0
2022-02-09,-0.1880833919693895,0,-0.733204775316626,0,0.0,0,0.0
2022-02-10,0.0980123722431022,0,0.3625895494289255,0,0.0,0,0.0
2022-02-11,0.8414419847800352,1,3.2100485200577045,0,0.0,0,0.0
2022-02-14,-0.2491090439194679,0,-0.966943164470566,0,0.0,0,0.0
2022-02-15,-0.538365402775574,1,-2.074843091977581,0,0.0,0,0.0
2022-02-16,0.2429541683013539,0,0.9177407169977484,0,0.0,0,0.0
2022-02-17,0.6379483252098073,1,2.4306339841852336,0,0.0,0,0.0
2022-02-18,-0.0154294727378161,0,-0.0719115703654488,0,0.0,0,0.0
2022-02-22,0.2569869458286894,0,0.9714885871110932,0,0.0,0,0.0
2022-02-23,0.51731401522499,1,1.968584528071033,0,0.0,0,0.0
2022-02-24,-0.590951808897254,1,-2.2762577670445725,0,0.0,0,0.0
2022-02-25,0.1563541504275214,0,0.5860482560128066,0,0.0,0,0.0
2022-02-28,0.3637917576846866,1,1.3805687669923723,0,0.0,0,0.0
2022-03-01,0.3099401802483017,1,1.174308275524356,0,0.0,0,-1.0
2022-03-02,-0.0394530794416914,0,-0.1639259766552022,0,0.0,0,0.0
2022-03-03,0.5775819666847355,1,2.199420798420631,0,0.0,0,0.0
2022-03-04,0.8515186483650994,1,3.2486438162840487,0,0.0,0,0.0
2022-03-07,1.1440638268363226,1,4.3691404695037885,0,0.0,0,0.0
2022-03-08,0.2237362041462006,0,0.8441327203454827,0,0.0,0,0.0
2022-03-09,-1.0873365486021205,1,-4.177493816994943,0,0.0,0,0.0
2022-03-10,0.6175456115974899,1,2.352488200212071,0,0.0,0,0.0
2022-03-11,0.237532380295679,0,0.8969743678595646,0,0.0,0,0.0
2022-03-14,-0.2676742573508827,0,-1.0380510173667183,1,-0.0514042320797588,0,1.0
2022-03-15,-0.7709768564196781,1,-2.965783618397625,0,0.0,0,0.0
2022-03-16,-0.7435340974036337,1,-2.860673290504738,0,0.0,0,0.0
2022-03-17,0.0706429795128391,0,0.2577602266037226,0,0.0,0,0.0
2022-03-18,-0.589382341984251,1,-2.270246447929525,0,0.0,0,0.0
2022-03-21,0.7148942654003696,1,2.7253497231795523,0,0.0,0,0.0
2022-03-22,-0.3599517372382239,0,-1.3914891014317017,1,0.0391120623665341,1,1.0
2022-03-23,0.7423404275762275,1,2.8304730857401155,0,0.0,0,0.0
2022-03-24,-0.1615320245345203,0,-0.6315086253248565,0,0.0,0,0.0
2022-03-25,0.504573462315682,1,1.919786093006573,0,0.0,0,0.0
2022-03-28,-0.4249349322303242,1,-1.6403855381621966,0,0.0,0,0.0
2022-03-29,-0.2356017849256938,0,-0.9152081176795456,0,0.0,0,0.0
2022-03-30,0.4167121634231803,1,1.5832627161009738,0,0.0,0,0.0
2022-03-31,0.2279432201347934,0,0.8602462907686708,0,0.0,0,0.0
2022-04-01,0.3376495545071039,1,1.280439784107244,0,0.0,0,-1.0
2022-04-04,-0.3785116696534313,0,-1.4625767271580992,1,-0.0505958064166694,0,1.0
2022-04-05,0.2126785082020404,0,0.8017799071406952,0,0.0,0,0.0
2022-04-06,0.6711794691096326,1,2.557914788186181,0,0.0,0,0.0
2022-04-07,-0.2483816484538171,0,-0.964157118947313,0,0.0,0,0.0
2022-04-08,0.4223978767969787,1,1.6050399432622635,0,0.0,0,0.0
2022-04-11,0.0181445965093601,0,0.0566826947084819,0,0.0,0,0.0
2022-04-12,0.3759392257942761,1,1.4270955887059196,0,0.0,0,0.0
2022-04-13,-0.1995805825109088,0,-0.7772409258712975,0,0.0,0,0.0
2022-04-14,0.5500195833437489,1,2.093852289482197,0,0.0,0,0.0
2022-04-18,0.2442205560512881,0,0.9225911925478668,0,0.0,0,0.0
2022-04-19,-0.4614834928510158,1,-1.7803725995435968,0,0.0,0,0.0
2022-04-20,0.2495365745818064,0,0.942952427017796,0,0.0,0,0.0
2022-04-21,0.1029329099954901,0,0.3814360267915129,0,0.0,0,0.0
2022-04-22,0.221322382083515,0,0.8348873806791748,0,0.0,0,0.0
2022-04-25,-0.7614023646806316,1,-2.9291117238002,0,0.0,0,0.0
2022-04-26,0.6505865896455428,1,2.4790406373960323,0,0.0,0,0.0
2022-04-27,-0.0795486324509274,0,-0.3174986083786918,0,0.0,0,0.0
2022-04-28,-0.2729759591209287,0,-1.0583574162646587,1,-0.0137893551167179,0,1.0
2022-04-29,0.4202672752390857,1,1.5968793851992678,0,0.0,0,0.0
2022-05-02,-0.3369052780052194,0,-1.3032173323528384,1,-0.0173835363741301,0,1.0
2022-05-03,0.355052803940197,1,1.3470971217767054,0,0.0,0,-1.0
2022-05-04,-0.1527818651962256,0,-0.5979940608225973,0,0.0,0,0.0
2022-05-05,0.7861794088564555,1,2.9983836698822164,0,0.0,0,0.0
2022-05-06,0.5524502653031708,1,2.103162205355043,0,0.0,0,0.0
2022-05-09,-0.125000572273018,0,-0.4915870918024829,0,0.0,0,0.0
2022-05-10,-0.3648156169924057,0,-1.4101185692448588,1,-0.1280624668412772,0,1.0
2022-05-11,0.75233666425834,1,2.86876033356157,0,0.0,0,0.0
2022-05-12,-0.1714911916633428,0,-0.6696538905964199,0,0.0,0,0.0
2022-05-13,-0.2663962148977663,0,-1.0331559023664536,1,0.1471290027808298,1,1.0
2022-05-16,0.5006474944588134,1,1.904748983636808,0,0.0,0,0.0
2022-05-17,-0.1425702702884109,0,-0.5588819552051479,0,0.0,0,0.0
2022-05-18,0.9058200811422444,1,3.4566273284710824,0,0.0,0,0.0
2022-05-19,-0.164050229258924,0,-0.6411537679334675,0,0.0,0,0.0
2022-05-20,-0.0058764230878912,0,-0.0353218025329369,0,0.0,0,0.0
2022-05-23,0.0782324070541773,0,0.2868289954153052,0,0.0,0,0.0
2022-05-24,0.6168938880346142,1,2.3499919906527724,0,0.0,0,0.0
2022-05-25,-0.1508645064979618,0,-0.5906502583519725,0,0.0,0,0.0
2022-05-26,-0.6717521413164872,1,-2.585736468857117,0,0.0,0,0.0
2022-05-27,-0.2895221780434653,0,-1.1217321846441248,1,0.0543973825215888,1,1.0
2022-05-31,0.0126957323561314,0,0.0358126394252347,0,0.0,0,0.0
2022-06-01,0.4030471853858074,1,1.5309235791607845,0,0.0,0,0.0
2022-06-02,-0.6893651290343495,1,-2.653197139014792,0,0.0,0,0.0
2022-06-03,0.410843633767915,1,1.5607852721984337,0,0.0,0,0.0
2022-06-06,-0.1473694949144038,0,-0.5772637831319541,0,0.0,0,0.0
2022-06-07,0.2215343273991889,0,0.8356991664625509,0,0.0,0,0.0
2022-06-08,-0.0696004180831463,0,-0.2793952940022158,0,0.0,0,0.0
2022-06-09,-0.1081643322666822,0,-0.4271014944718835,0,0.0,0,0.0
2022-06-10,0.5903118876246121,1,2.248178511275183,0,0.0,0,0.0
2022-06-13,-0.2792560080919015,0,-1.0824110475389928,1,0.1532478064146631,1,1.0
2022-06-14,-0.2963709297091246,0,-1.1479640417549033,1,0.1532478064146631,1,1.0
2022-06-15,-0.4283012784525597,1,-1.6532792036647537,0,0.0,0,0.0
2022-06-16,0.1657149802190329,0,0.6219017898415313,0,0.0,0,0.0
2022-06-17,-0.6426840641494292,1,-2.474400902325381,0,0.0,0,0.0
2022-06-21,-0.000549035112121,0,-0.0149170211981427,0,0.0,0,0.0
2022-06-22,-0.2476439767060109,0,-0.961331713555534,0,0.0,0,0.0
2022-06-23,-0.5341470466199703,1,-2.058686086830057,0,0.0,0,0.0
2022-06-24,-0.4579977133375894,1,-1.76702148468651,0,0.0,0,0.0
2022-06-27,0.5716641478532675,1,2.1767545687815977,0,0.0,0,0.0
2022-06-28,0.8186596169133297,1,3.122788264802547,0,0.0,0,0.0
2022-06-29,-0.3170834180577047,0,-1.2272963144511009,1,-0.1192492044528345,0,1.0
2022-06-30,0.1107100394502674,0,0.4112237251267697,0,0.0,0,0.0
2022-07-01,0.1573415826847574,0,0.5898302856647598,0,0.0,0,0.0
2022-07-05,-1.1405213491955584,1,-4.3812004423392015,0,0.0,0,0.0
2022-07-06,-0.186377765263502,0,-0.7266719415656945,0,0.0,0,0.0
2022-07-07,-0.0637711463117027,0,-0.2570682143191941,0,0.0,0,0.0
2022-07-08,-0.0071669166186506,0,-0.0402646072298868,0,0.0,0,0.0
2022-07-11,0.2640700298579258,0,0.9986179761193426,0,0.0,0,0.0
2022-07-12,0.2123221749277622,0,0.8004150914792441,0,0.0,0,0.0
2022-07-13,-0.0414525798742512,0,-0.1715843956197628,0,0.0,0,0.0
2022-07-14,-0.1404664165723332,0,-0.5508238458216741,0,0.0,0,0.0
2022-07-15,-0.2421624888627385,0,-0.9403367041175108,0,0.0,0,0.0
2022-07-18,0.3027710889699453,1,1.1468494644579643,0,0.0,0,-1.0
2022-07-19,-0.3779570114442316,0,-1.4604522940351987,1,-0.0877994839078992,0,1.0
2022-07-20,-0.3963008933778031,0,-1.5307124105103256,1,0.1315261435186935,1,0.0
2022-07-21,-0.4039000321155918,0,-1.55981837481827,1,0.1335981686569141,1,0.0
2022-07-22,0.3443516142643221,1,1.306109786829167,0,0.0,0,-1.0
2022-07-25,0.5217041735092743,1,1.9853995639241344,0,0.0,0,0.0
2022-07-26,0.526253179662823,1,2.0028230135163096,0,0.0,0,0.0
2022-07-27,-0.4985914622579633,1,-1.9225022895475468,0,0.0,0,0.0
2022-07-28,0.0811873855267304,0,0.298147054069134,0,0.0,0,0.0
2022-07-29,0.1505759659554074,0,0.5639168491766932,0,0.0,0,0.0
2022-08-01,-0.170339535750602,0,-0.6652428570506601,0,0.0,0,0.0
2022-08-02,-0.0277447772080414,0,-0.1190812332338696,0,0.0,0,0.0
2022-08-03,-0.6234054008228813,1,-2.400560417758748,0,0.0,0,0.0
2022-08-04,-0.308455389890945,0,-1.194249532633465,1,0.077446256867361,1,1.0
2022-08-05,0.1157502934580988,0,0.4305287356440016,0,0.0,0,0.0
2022-08-08,0.1379034865328966,0,0.5153791468801704,0,0.0,0,0.0
2022-08-09,0.5596577007685735,1,2.130767881030452,0,0.0,0,0.0
2022-08-10,-0.4109931658753174,1,-1.5869862559645125,0,0.0,0,0.0
2022-08-11,0.3661210787661224,1,1.3894904538568156,0,0.0,0,0.0
2022-08-12,-0.1435397537521019,0,-0.5625952379948163,0,0.0,0,0.0
2022-08-15,-0.2190544691311044,0,-0.851829148097822,0,0.0,0,0.0
2022-08-16,-0.0393778604218335,0,-0.1636378753080886,0,0.0,0,0.0
2022-08-17,0.2098974235252162,0,0.791127890624864,0,0.0,0,0.0
2022-08-18,0.0686612148705034,0,0.2501697386633282,0,0.0,0,0.0
2022-08-19,0.4145100676552269,1,1.574828323331435,0,0.0,0,0.0
2022-08-22,0.3527168014645115,1,1.3381498440618684,0,0.0,0,-1.0
2022-08-23,0.2734424384291938,0,1.0345158585988752,-1,0.2236110081335765,0,-1.0
2022-08-24,0.1364690660428396,0,0.5098850780091062,0,0.0,0,0.0
2022-08-25,-0.1122984969715835,0,-0.4429360323709821,0,0.0,0,0.0
2022-08-26,0.5947150990664245,1,2.265043542890992,0,0.0,0,0.0
2022-08-29,0.3389654215621028,1,1.2854797736189956,0,0.0,0,-1.0
2022-08-30,-0.3445775400059984,0,-1.3326033709107887,1,-0.0663991110227719,0,1.0
2022-08-31,-0.0145276064828496,0,-0.0684572727228673,0,0.0,0,0.0
2022-09-01,-0.1239104525960437,0,-0.4874117522667507,0,0.0,0,0.0
2022-09-02,0.2991380506413534,1,1.1329343238650504,0,0.0,0,-1.0
2022-09-06,-0.0656360176712064,0,-0.2642109815592112,0,0.0,0,0.0
2022-09-07,-0.2657751068789769,0,-1.0307769554291688,1,-0.0243057415485428,0,1.0
2022-09-08,-0.1494112505203701,0,-0.5850840464332782,0,0.0,0,0.0
2022-09-09,0.0314862929606634,0,0.107783609446099,0,0.0,0,0.0
2022-09-12,0.0947507646123557,0,0.3500970501388479,0,0.0,0,0.0
2022-09-13,0.4742674489931044,1,1.803709025259852,0,0.0,0,0.0
2022-09-14,0.2243716451279322,0,0.8465665649129093,0,0.0,0,0.0
2022-09-15,-0.2484480692442483,0,-0.9644115216134972,0,0.0,0,0.0
2022-09-16,0.026636070764045,0,0.0892064523482334,0,0.0,0,0.0
2022-09-19,0.0064295815318559,0,0.0118122403625597,0,0.0,0,0.0
2022-09-20,-0.057770236467971,0,-0.2340837322938437,0,0.0,0,0.0
2022-09-21,0.0650758337805839,0,0.2364371332149448,0,0.0,0,0.0
2022-09-22,0.3587044252072024,1,1.3610834381121433,0,0.0,0,-1.0
2022-09-23,-0.4918636313131455,1,-1.896733578894064,0,0.0,0,0.0
2022-09-26,-0.4272626072952751,1,-1.6493009205099425,0,0.0,0,0.0
2022-09-27,-0.1602447274788415,0,-0.6265780636587046,0,0.0,0,0.0
2022-09-28,0.0328505374781813,0,0.1130088926794119,0,0.0,0,0.0
2022-09-29,-0.2746070113369068,0,-1.0646046173252968,1,0.0566061478562444,1,1.0
2022-09-30,0.0982463509716011,0,0.3634857268452744,0,0.0,0,0.0
2022-10-03,0.0707306250378965,0,0.258095923530979,0,0.0,0,0.0
2022-10-04,-0.20393385311755,0,-0.7939146757884619,0,0.0,0,0.0
2022-10-05,-0.3248758507249227,0,-1.25714262663333,1,0.12202100440018,1,1.0
2022-10-06,-0.2209597909838404,0,-0.8591268474496065,0,0.0,0,0.0
2022-10-07,0.3942757455086709,1,1.4973275066580327,0,0.0,0,0.0
2022-10-10,0.0519452409307076,0,0.1861447803552493,0,0.0,0,0.0
2022-10-11,0.3768804808631691,1,1.4307007520520814,0,0.0,0,0.0
2022-10-12,-0.2856238001794565,0,-1.1068007495323429,1,-0.1099657094538742,0,1.0
2022-10-13,0.1447250479975658,0,0.5415068610022695,0,0.0,0,0.0
2022-10-14,0.1124108410348612,0,0.4177380778612333,0,0.0,0,0.0
2022-10-17,-0.1985488565407556,0,-0.773289243937458,0,0.0,0,0.0
2022-10-18,0.0371461037821939,0,0.1294616255273166,0,0.0,0,0.0
2022-10-19,0.1430167291050088,0,0.5349637157289646,0,0.0,0,0.0
2022-10-20,0.0560445257817721,0,0.2018457226172797,0,0.0,0,0.0
2022-10-21,-0.1402891414595732,0,-0.5501448526774879,0,0.0,0,0.0
2022-10-24,-0.3246942420843974,0,-1.2564470353575898,1,0.0329687033680903,1,1.0
2022-10-25,0.0768312099165666,0,0.2814621775056801,0,0.0,0,0.0
2022-10-26,0.1625321913841221,0,0.6097111796388287,0,0.0,0,0.0
2022-10-27,0.0066260844222376,0,0.0125648790906062,0,0.0,0,0.0
2022-10-28,-0.360682173824734,0,-1.3942867949532658,1,-0.0193204643660863,0,1.0
2022-10-31,0.2362656941434464,0,0.8921227493790499,0,0.0,0,0.0
2022-11-01,0.2394881589992393,0,0.9044653253357048,0,0.0,0,0.0
2022-11-02,0.3350779654351279,1,1.270590170575196,0,0.0,0,-1.0
2022-11-03,0.5660481373134589,1,2.1552443150587823,0,0.0,0,0.0
2022-11-04,0.0688445555451071,0,0.2508719639174446,0,0.0,0,0.0
2022-11-07,-0.4811321365886771,1,-1.855630170573851,0,0.0,0,0.0
2022-11-08,-0.0103416330361711,0,-0.0524242987323856,0,0.0,0,0.0
2022-11-09,-0.0548318104550457,0,-0.2228290723113324,0,0.0,0,0.0
2022-11-10,-0.5131472495721856,1,-1.97825337406651,0,0.0,0,0.0
2022-11-11,-0.0719337155588631,0,-0.2883322111176144,0,0.0,0,0.0
2022-11-14,-0.0359402420403947,0,-0.1504712255906747,0,0.0,0,0.0
2022-11-15,-0.0999864101769484,0,-0.3957786937348348,0,0.0,0,0.0
2022-11-16,0.0158123341920966,0,0.047749742421998,0,0.0,0,0.0
2022-11-17,0.0064444996961401,0,0.0118693794110994,0,0.0,0,0.0
2022-11-18,0.1353181023821918,0,0.5054766959039122,0,0.0,0,0.0
2022-11-21,0.0316254110509936,0,0.108316454852856,0,0.0,0,0.0
2022-11-22,0.0819597558402288,0,0.3011053607342578,0,0.0,0,0.0
2022-11-23,-0.1912989777911356,0,-0.7455210034296174,0,0.0,0,0.0
2022-11-25,0.0919429624948126,0,0.3393427013847464,0,0.0,0,0.0
2022-11-28,-0.0496041170938714,0,-0.2028061379192313,0,0.0,0,0.0
2022-11-29,0.3668428112975953,1,1.3922548094010134,0,0.0,0,0.0
2022-11-30,-0.5156644990889693,1,-1.987894858071185,0,0.0,0,0.0
2022-12-01,-0.1651672250519441,0,-0.6454320474603426,0,0.0,0,0.0
2022-12-02,0.0057523851331189,0,0.0092184656084428,0,0.0,0,0.0
2022-12-05,0.1612340936212164,0,0.6047392494689697,0,0.0,0,0.0
2022-12-06,0.2055565254420911,0,0.7745015295290235,0,0.0,0,0.0
2022-12-07,-0.0166259619394111,0,-0.0764943228586082,0,0.0,0,0.0
2022-12-08,-0.1602750792547654,0,-0.6266943160048202,0,0.0,0,0.0
2022-12-09,0.0725322312040115,0,0.264996374565931,0,0.0,0,0.0
2022-12-12,0.1595572096972247,0,0.5983165053496183,0,0.0,0,0.0
2022-12-13,0.0949062069924961,0,0.3506924202886005,0,0.0,0,0.0
2022-12-14,0.1094059035484547,0,0.4062286678813856,0,0.0,0,0.0
2022-12-15,0.5572291923551473,1,2.121466290200002,0,0.0,0,0.0
2022-12-16,-0.2404403903960934,0,-0.9337407807853462,0,0.0,0,0.0
2022-12-19,0.0917070510193149,0,0.3384391212261788,0,0.0,0,0.0
2022-12-20,0.0769154273656481,0,0.2817847443322183,0,0.0,0,0.0
2022-12-21,0.0157207416182414,0,0.0473989276418645,0,0.0,0,0.0
2022-12-22,0.1745954903584975,0,0.65591561957598,0,0.0,0,0.0
2022-12-23,0.277266123941593,0,1.049161209590464,-1,0.0172824482734153,0,-1.0
2022-12-27,0.2439325330605835,0,0.9214880166253604,0,0.0,0,0.0
2022-12-28,-0.1005093793126193,0,-0.3977817524395407,0,0.0,0,0.0
2022-12-29,-0.2538584348552296,0,-0.9851341210816544,0,0.0,0,0.0
2022-12-30,0.0532680061774619,0,0.1912111910878717,0,0.0,0,0.0
2023-01-03,-0.2425837066664445,0,-0.9419500383101836,0,0.0,0,0.0
2023-01-04,0.0349590996171559,0,0.1210850361050992,0,0.0,0,0.0
2023-01-05,0.0716255296894827,0,0.2615235570756276,0,0.0,0,0.0
2023-01-06,-0.1093934860249088,0,-0.4318093576456425,0,0.0,0,0.0
2023-01-09,0.025823542016455,0,0.0860943322063905,0,0.0,0,0.0
2023-01-10,-0.0594145659712755,0,-0.2403817875715669,0,0.0,0,0.0
2023-01-11,0.0314924363092957,0,0.1078071394923574,0,0.0,0,0.0
2023-01-12,0.1653621258847664,0,0.6205502990985089,0,0.0,0,0.0
2023-01-13,-0.2454372603949054,0,-0.9528796233378092,0,0.0,0,0.0
2023-01-17,-0.0117325101171827,0,-0.0577515891100896,0,0.0,0,0.0
2023-01-18,-0.1506136122250128,0,-0.5896892915890934,0,0.0,0,0.0
2023-01-19,0.3348962381153356,1,1.2698941247381397,0,0.0,0,-1.0
2023-01-20,-0.3598558509482567,0,-1.3911218410052628,1,-0.1216596540510421,0,1.0
2023-01-23,-0.357967987842662,0,-1.3838910115565937,1,0.0113721371490435,1,1.0
2023-01-24,0.1174010069679199,0,0.4368512427276763,0,0.0,0,0.0
2023-01-25,0.0347054786418392,0,0.1201136256189863,0,0.0,0,0.0
2023-01-26,0.0324007802113153,0,0.1112862475997077,0,0.0,0,0.0
2023-01-27,0.1205258139464694,0,0.4488197727841949,0,0.0,0,0.0
2023-01-30,-0.0233712266973143,0,-0.102329807913629,0,0.0,0,0.0
2023-01-31,-0.0904923014977192,0,-0.359414679615808,0,0.0,0,0.0
2023-02-01,-0.4178299913828089,1,-1.6131724339074356,0,0.0,0,0.0
2023-02-02,-0.2262244881254805,0,-0.8792915124707515,0,0.0,0,0.0
2023-02-03,-0.0835432855481032,0,-0.3327987936340081,0,0.0,0,0.0
2023-02-06,0.1597763125094916,0,0.599155705534489,0,0.0,0,0.0
2023-02-07,-0.2284011866861964,0,-0.8876286297156707,0,0.0,0,0.0
2023-02-08,0.0569978171916136,0,0.2054969871496592,0,0.0,0,0.0
2023-02-09,-0.1504591951124562,0,-0.5890978483845818,0,0.0,0,0.0
2023-02-10,0.5834558117476345,1,2.2219186012178045,0,0.0,0,0.0
2023-02-13,-0.2307443194013689,0,-0.8966032174327563,0,0.0,0,0.0
2023-02-14,-0.0539012552048135,0,-0.219264891048903,0,0.0,0,0.0
2023-02-15,-0.2513194824213658,0,-0.9754095112976366,0,0.0,0,0.0
2023-02-16,0.1784550811904966,0,0.6706984939089369,0,0.0,0,0.0
2023-02-17,-0.0813376090644416,0,-0.3243506861282082,0,0.0,0,0.0
2023-02-21,0.2042263888512376,0,0.7694068853234174,0,0.0,0,0.0
2023-02-22,-0.0409633266218483,0,-0.1697104743513997,0,0.0,0,0.0
2023-02-23,0.1345900123883016,0,0.5026879902220749,0,0.0,0,0.0
2023-02-24,0.253577943989428,0,0.958431543506158,0,0.0,0,0.0
2023-02-27,-0.1284740561421954,0,-0.5048911122986159,0,0.0,0,0.0
2023-02-28,-0.2903964397801367,0,-1.125080752393891,1,-0.0806859928565857,0,1.0
2023-03-01,-0.0061188367584388,0,-0.0362502871791811,0,0.0,0,0.0
2023-03-02,0.0931948959740444,0,0.3441378146758411,0,0.0,0,0.0
2023-03-03,0.0466122572800343,0,0.1657185666556007,0,0.0,0,0.0
2023-03-06,0.0065976292854417,0,0.0124558911875641,0,0.0,0,0.0
2023-03-07,-0.143516053067266,0,-0.5625044604329489,0,0.0,0,0.0
2023-03-08,0.0402529301794746,0,0.1413612869692848,0,0.0,0,0.0
2023-03-09,0.1193538741939451,0,0.4443310487609828,0,0.0,0,0.0
2023-03-10,-0.0949329984051488,0,-0.3764232867948441,0,0.0,0,0.0
2023-03-13,0.3291799345049466,1,1.24799973188675,0,0.0,0,-1.0
2023-03-14,-0.2551774324046628,0,-0.990186100907363,0,0.0,0,0.0
2023-03-15,-0.009563102431031,0,-0.0494423971264618,0,0.0,0,0.0
2023-03-16,-0.473204772960857,1,-1.8252670503876056,0,0.0,0,0.0
2023-03-17,-0.0474764325827536,0,-0.1946567526301846,0,0.0,0,0.0
2023-03-20,0.0418013093701483,0,0.1472918366031275,0,0.0,0,0.0
2023-03-21,-0.4067756163255979,1,-1.5708323402515796,0,0.0,0,0.0
2023-03-22,-0.1776061515142684,0,-0.6930752031039139,0,0.0,0,0.0
2023-03-23,-0.3607545414489,0,-1.394563974980991,1,0.1820083520155,1,1.0
2023-03-24,0.4602558119875011,1,1.7500421268581994,0,0.0,0,0.0
2023-03-27,0.0286978420607258,0,0.0971033790715109,0,0.0,0,0.0
2023-03-28,0.185893235536066,0,0.6991878612398094,0,0.0,0,0.0
2023-03-29,0.042758329953525,0,0.1509573844899182,0,0.0,0,0.0
2023-03-30,0.0531381264035374,0,0.1907137299683145,0,0.0,0,0.0
2023-03-31,-0.1377225305690765,0,-0.5403143064078567,0,0.0,0,0.0
2023-04-03,0.0986815604856493,0,0.3651526516139162,0,0.0,0,0.0
2023-04-04,0.0685623433328874,0,0.2497910442422601,0,0.0,0,0.0
2023-04-05,0.5229835840869688,1,1.990299919068909,0,0.0,0,0.0
2023-04-06,-0.0323483129744491,0,-0.136713540305868,0,0.0,0,0.0
2023-04-10,0.0577755717272475,0,0.2084759162803948,0,0.0,0,0.0
2023-04-11,0.0927949018556876,0,0.3426057707253357,0,0.0,0,0.0
2023-04-12,0.0267878918093875,0,0.0897879521838608,0,0.0,0,0.0
2023-04-13,-0.3154482630675818,0,-1.2210333990836255,1,-0.194597113406988,0,1.0
2023-04-14,-0.1215882044720902,0,-0.4785171560049579,0,0.0,0,0.0
2023-04-17,0.029550643643217,0,0.1003697508641875,0,0.0,0,0.0
2023-04-18,-0.1649585331372861,0,-0.644632722743558,0,0.0,0,0.0
2023-04-19,0.1875552092003403,0,0.7055534965864262,0,0.0,0,0.0
2023-04-20,-0.2079226352471756,0,-0.8091923742623328,0,0.0,0,0.0
2023-04-21,-0.029063068518179,0,-0.1241305080457021,0,0.0,0,0.0
2023-04-24,0.1877960030283806,0,0.7064757769666571,0,0.0,0,0.0
2023-04-25,0.2905150484893957,0,1.0999067925194066,-1,0.0369313223460598,0,-1.0
2023-04-26,-0.2451160546665079,0,-0.9516493520151192,0,0.0,0,0.0
2023-04-27,-0.1799773413417371,0,-0.7021572542240584,0,0.0,0,0.0
2023-04-28,-0.0866365513065964,0,-0.3446465155757043,0,0.0,0,0.0
2023-05-01,-0.0431588168849271,0,-0.1781195669394638,0,0.0,0,0.0
2023-05-02,-0.2603666676254894,0,-1.0100617342303648,1,-0.0081315363388703,0,1.0
2023-05-03,-0.0275334911950799,0,-0.1182719726894547,0,0.0,0,0.0
2023-05-04,0.1964077759899638,0,0.739460298646926,0,0.0,0,0.0
2023-05-05,-0.012563368918022,0,-0.060933916402249,0,0.0,0,0.0
2023-05-08,-0.177669360545769,0,-0.6933173041996142,0,0.0,0,0.0
2023-05-09,0.017149986483737,0,0.0528731730106932,0,0.0,0,0.0
2023-05-10,-0.0998102419082046,0,-0.395103939987183,0,0.0,0,0.0
2023-05-11,-0.2475555505505062,0,-0.9609930266839272,0,0.0,0,0.0
2023-05-12,0.0614749321669557,0,0.2226450815813172,0,0.0,0,0.0
2023-05-15,-0.1854764461238827,0,-0.7232197394658205,0,0.0,0,0.0
2023-05-16,-0.4609590949903923,1,-1.778364068584875,0,0.0,0,0.0
2023-05-17,-0.0502888668948734,0,-0.2054288434593641,0,0.0,0,0.0
2023-05-18,-0.4216928527234149,1,-1.6279678348319009,0,0.0,0,0.0
2023-05-19,0.0813164328272441,0,0.2986413266771746,0,0.0,0,0.0
2023-05-22,0.1025941747844001,0,0.3801386146367905,0,0.0,0,0.0
2023-05-23,0.4951509926419541,1,1.883696468184693,0,0.0,0,0.0
2023-05-24,-0.0374942438435438,0,-0.1564233107647509,0,0.0,0,0.0
2023-05-25,-0.5674463170297734,1,-2.186227826686535,0,0.0,0,0.0
2023-05-26,-0.3305427824005246,0,-1.2788479167690945,1,0.0908648163790456,1,1.0
2023-05-30,-0.061954532946599,0,-0.2501102832179874,0,0.0,0,0.0
2023-05-31,0.2475864817136392,0,0.9354832472361716,0,0.0,0,0.0
2023-06-01,-0.1557455256050189,0,-0.6093453727351246,0,0.0,0,0.0
2023-06-02,0.2607963927162147,0,0.9860794018030204,0,0.0,0,0.0
2023-06-05,0.0901536237568318,0,0.3324892366383396,0,0.0,0,0.0
2023-06-06,0.1969063829258593,0,0.7413700460776053,0,0.0,0,0.0
2023-06-07,0.8834709517444614,1,3.371026448554157,0,0.0,0,0.0
2023-06-08,-0.2662817268411402,0,-1.0327173940821823,1,0.0751279470845497,1,1.0
2023-06-09,-0.124073099142416,0,-0.4880347155704713,0,0.0,0,0.0
2023-06-12,-0.3030337656245671,0,-1.1734838106440015,1,0.1648802637541783,1,1.0
2023-06-13,-0.0712466242162245,0,-0.2857005370838596,0,0.0,0,0.0
2023-06-14,-0.0895234964283588,0,-0.355703995189172,0,0.0,0,0.0
2023-06-15,-0.1562543287404246,0,-0.6112941733044899,0,0.0,0,0.0
2023-06-16,0.1782092707482242,0,0.6697569990624586,0,0.0,0,0.0
2023-06-20,-0.2518285280112783,0,-0.9773592405080576,0,0.0,0,0.0
2023-06-21,0.2305723958603396,0,0.8703164707545322,0,0.0,0,0.0
2023-06-22,-0.3773238639348747,0,-1.4580272338481322,1,-0.0789187454930227,0,1.0
2023-06-23,-0.1396581196625609,0,-0.5477279343219847,0,0.0,0,0.0
2023-06-26,0.5648919221649986,1,2.150815818882493,0,0.0,0,0.0
2023-06-27,-0.2076378039128895,0,-0.808101422914348,0,0.0,0,0.0
2023-06-28,-0.1553957154457581,0,-0.608005541688302,0,0.0,0,0.0
2023-06-29,0.0593734344894714,0,0.2145959962172189,0,0.0,0,0.0
2023-06-30,-0.157309903183572,0,-0.6153371988534044,0,0.0,0,0.0
2023-07-03,0.3021722358473471,1,1.1445557574717546,0,0.0,0,-1.0
2023-07-05,0.1642466954742344,0,0.6162780152467224,0,0.0,0,0.0
2023-07-06,-0.0179202077770141,0,-0.0814514995143857,0,0.0,0,0.0
2023-07-07,0.2234012361369888,0,0.8428497372000457,0,0.0,0,0.0
2023-07-10,-0.334479932082516,0,-1.2939278543874486,1,-0.0606800339254563,0,1.0
2023-07-11,0.3230248416919796,1,1.2244247034647218,0,0.0,0,-1.0
2023-07-12,0.1134535798881506,0,0.4217319409677754,0,0.0,0,0.0
2023-07-13,-0.0049278518373764,0,-0.0316886169952479,0,0.0,0,0.0
2023-07-14,-0.2258658847999214,0,-0.8779180021356223,0,0.0,0,0.0
2023-07-17,-0.4478982671755779,1,-1.7283389274040968,0,0.0,0,0.0
2023-07-18,-0.1114319321138506,0,-0.4396169449467363,0,0.0,0,0.0
2023-07-19,0.3168837620170929,1,1.2009033476904607,0,0.0,0,-1.0
2023-07-20,0.366710383131471,1,1.3917475875158,0,0.0,0,0.0
2023-07-21,0.1387095741216632,0,0.5184665963132288,0,0.0,0,0.0
2023-07-24,0.1243807990609744,0,0.4635850064537003,0,0.0,0,0.0
2023-07-25,-0.0928298840073507,0,-0.3683680091232526,0,0.0,0,0.0
2023-07-26,0.1223311314368905,0,0.4557344388080442,0,0.0,0,0.0
2023-07-27,-0.107810886398721,0,-0.4257477380565002,0,0.0,0,0.0
2023-07-28,-0.1261831910776108,0,-0.496116718369927,0,0.0,0,0.0
2023-07-31,0.1314818121114492,0,0.4907830665930143,0,0.0,0,0.0
2023-08-01,-0.2149687453509134,0,-0.8361801469910248,0,0.0,0,0.0
2023-08-02,0.1565841880733852,0,0.586929338427673,0,0.0,0,0.0
2023-08-03,-0.2035305855875093,0,-0.792370094127181,0,0.0,0,0.0
2023-08-04,0.0791617936247154,0,0.2903887004402773,0,0.0,0,0.0
2023-08-07,-0.1598297850423284,0,-0.6249887651653182,0,0.0,0,0.0
2023-08-08,0.2608866765759651,0,0.9864252039906304,0,0.0,0,0.0
2023-08-09,0.1944099969829803,0,0.731808473028416,0,0.0,0,0.0
2023-08-10,-0.1685601150498038,0,-0.658427380034995,0,0.0,0,0.0
2023-08-11,0.2045442588873803,0,0.7706243803903946,0,0.0,0,0.0
2023-08-14,-0.3866494225256871,0,-1.4937456731162664,1,-0.0321580460201472,0,1.0
2023-08-15,-0.1226682822084319,0,-0.4826540332391422,0,0.0,0,0.0
2023-08-16,0.0799153308973119,0,0.2932748734287811,0,0.0,0,0.0
2023-08-17,0.4005707736701106,1,1.5214385107213282,0,0.0,0,0.0
2023-08-18,0.1265202066956815,0,0.4717792932544239,0,0.0,0,0.0
2023-08-21,-0.2801746985798666,0,-1.08592978479007,1,0.0645408798958658,1,1.0
2023-08-22,0.0515170703314232,0,0.1845048157999882,0,0.0,0,0.0
2023-08-23,-0.2504817742749622,0,-0.9722009498736358,0,0.0,0,0.0
2023-08-24,0.3030643126294249,1,1.147972559806207,0,0.0,0,-1.0
2023-08-25,-0.053289350222276,0,-0.2169211932699659,0,0.0,0,0.0
2023-08-28,-0.062060879477535,0,-0.2505176081057811,0,0.0,0,0.0
2023-08-29,-0.1503320758250083,0,-0.5886109603870101,0,0.0,0,0.0
2023-08-30,-0.138800304916558,0,-0.5444423612798938,0,0.0,0,0.0
2023-08-31,-0.0796881493435049,0,-0.318032981264335,0,0.0,0,0.0
2023-09-01,-0.0504386892481494,0,-0.2060026879722031,0,0.0,0,0.0
2023-09-05,-0.0134780304581666,0,-0.064437222113581,0,0.0,0,0.0
2023-09-06,0.0308998848379076,0,0.1055375688775877,0,0.0,0,0.0
2023-09-07,0.1372057480684754,0,0.5127066926004856,0,0.0,0,0.0
2023-09-08,0.1745199055537528,0,0.6556261172119576,0,0.0,0,0.0
2023-09-11,-0.2226816711563732,0,-0.8657219346790419,0,0.0,0,0.0
2023-09-12,0.4134624206078206,1,1.5708156610257058,0,0.0,0,0.0
2023-09-13,-0.0290596005888539,0,-0.1241172253000332,0,0.0,0,0.0
2023-09-14,0.2137729302963029,0,0.8059717256496831,0,0.0,0,0.0
2023-09-15,0.2468441716993822,0,0.9326400765130272,0,0.0,0,0.0
2023-09-18,-0.1060504874269777,0,-0.4190051174244402,0,0.0,0,0.0
2023-09-19,-0.1199880636815024,0,-0.4723883508409021,0,0.0,0,0.0
2023-09-20,0.1273531403906227,0,0.4749695677358314,0,0.0,0,0.0
2023-09-21,0.0785162460190123,0,0.2879161458233651,0,0.0,0,0.0
2023-09-22,-0.1150017235351041,0,-0.4532898393731967,0,0.0,0,0.0
2023-09-25,0.0040584619938044,0,0.0027304584625654,0,0.0,0,0.0
2023-09-26,-0.1503957391374324,0,-0.5888548014541468,0,0.0,0,0.0
2023-09-27,-0.0597132309102606,0,-0.2415257239246309,0,0.0,0,0.0
2023-09-28,-0.2865262082216886,0,-1.1102571223101942,1,0.0303981039455783,1,1.0
2023-09-29,0.1196154659196028,0,0.4453329885456038,0,0.0,0,0.0
2023-10-02,-0.7641136556451258,1,-2.9394964187984103,0,0.0,0,0.0
2023-10-03,0.441097418980883,1,1.6766622976052774,0,0.0,0,0.0
2023-10-04,-0.5085902741013775,1,-1.9607994006647669,0,0.0,0,0.0
2023-10-05,0.066302880662718,0,0.2411369267031163,0,0.0,0,0.0
2023-10-06,0.000502749064176,0,-0.0108885130011898,0,0.0,0,0.0
2023-10-09,0.4483950139327061,1,1.7046132990977712,0,0.0,0,0.0
2023-10-10,0.0388425138796113,0,0.1359591581360495,0,0.0,0,0.0
2023-10-11,0.1946424536312799,0,0.7326988206246386,0,0.0,0,0.0
2023-10-12,0.0170644119325792,0,0.0525454082576587,0,0.0,0,0.0
2023-10-13,0.3073392692867023,1,1.1643463542818862,0,0.0,0,-1.0
2023-10-16,-0.1143940782787086,0,-0.4509624570533306,0,0.0,0,0.0
2023-10-17,0.0043803142616472,0,0.0039632061387828,0,0.0,0,0.0
2023-10-18,0.1937193779122112,0,0.7291632872096295,0,0.0,0,0.0
2023-10-19,0.0612786072354722,0,0.221893124465427,0,0.0,0,0.0
2023-10-20,0.0722653541513431,0,0.2639741911004615,0,0.0,0,0.0
2023-10-23,-0.1717495652903769,0,-0.6706435045284793,0,0.0,0,0.0
2023-10-24,0.1002717991001736,0,0.371243529797952,0,0.0,0,0.0
2023-10-25,0.2430936661426612,0,0.9182750169138606,0,0.0,0,0.0
2023-10-26,0.3075613574378628,1,1.165196988810869,0,0.0,0,-1.0
2023-10-27,-0.2489672697994271,0,-0.9664001460285973,0,0.0,0,0.0
2023-10-30,-0.2615662942952634,0,-1.0146565037480828,1,-0.0352379495905967,0,1.0
2023-10-31,-0.0971426406600786,0,-0.3848865838636946,0,0.0,0,0.0
2023-11-01,-0.1141054707221307,0,-0.4498570421463772,0,0.0,0,0.0
2023-11-02,0.1006216624035793,0,0.3725835643956821,0,0.0,0,0.0
2023-11-03,-0.1324407788463055,0,-0.5200843195065867,0,0.0,0,0.0
2023-11-06,-0.3876071793811266,0,-1.4974140410474226,1,0.0970075511165894,1,1.0
2023-11-07,-0.4860312484504197,1,-1.8743945832143816,0,0.0,0,0.0
2023-11-08,-0.214136883082857,0,-0.8329939762526523,0,0.0,0,0.0
2023-11-09,-0.1750239432078472,0,-0.6831849161390725,0,0.0,0,0.0
2023-11-10,-0.2364822535553094,0,-0.9185804588608456,0,0.0,0,0.0
2023-11-13,-0.1676776300879945,0,-0.6550473159662878,0,0.0,0,0.0
2023-11-14,0.4045726361779844,1,1.5367663092177897,0,0.0,0,0.0
2023-11-15,0.032196772435592,0,0.1105048639135253,0,0.0,0,0.0
2023-11-16,-0.1683684288956449,0,-0.6576931902072015,0,0.0,0,0.0
2023-11-17,0.0996434685473829,0,0.3688369193550905,0,0.0,0,0.0
2023-11-20,-0.1371294890856047,0,-0.5380428589653687,0,0.0,0,0.0
2023-11-21,-0.0701351788484999,0,-0.2814435166083213,0,0.0,0,0.0
2023-11-22,-0.0241894262797624,0,-0.1054636482954455,0,0.0,0,0.0
2023-11-24,0.0182692206089102,0,0.0571600257217158,0,0.0,0,0.0
2023-11-27,0.0375053378122469,0,0.1308375515654775,0,0.0,0,0.0
2023-11-28,0.2487861434322323,0,0.9400781509966916,0,0.0,0,0.0
2023-11-29,-0.083100994751768,0,-0.3311047463773306,0,0.0,0,0.0
2023-11-30,-0.0523908268542968,0,-0.213479699440118,0,0.0,0,0.0
2023-12-01,0.2737621344401275,0,1.0357403474527709,-1,0.1203043947421632,0,-1.0
2023-12-04,0.0275757827848266,0,0.0928057055636807,0,0.0,0,0.0
2023-12-05,-0.1078949599953927,0,-0.4260697539044014,0,0.0,0,0.0
2023-12-06,0.1054106524596306,0,0.3909261922186727,0,0.0,0,0.0
2023-12-07,-0.0892904461486127,0,-0.3548113738858504,0,0.0,0,0.0
2023-12-08,0.0220392251025614,0,0.0715997694899592,0,0.0,0,0.0
2023-12-11,-0.3111912339432734,0,-1.2047282700386917,1,-0.0347123460184121,0,1.0
2023-12-12,-0.3733583297805312,0,-1.442838578983299,1,-0.0020571037157635,0,1.0
2023-12-13,0.517648055932065,1,1.9698639594951728,0,0.0,0,0.0
2023-12-14,0.5752213305534581,1,2.190379169710876,0,0.0,0,0.0
2023-12-15,-0.2779568163643293,0,-1.0774349273026491,1,0.0311615411033566,1,1.0
2023-12-18,-0.1934688097704151,0,-0.7538318205264406,0,0.0,0,0.0
2023-12-19,0.1071203736734702,0,0.3974747086155495,0,0.0,0,0.0
2023-12-20,0.0579249045590967,0,0.2090478858448131,0,0.0,0,0.0
2023-12-21,-0.1589053427743755,0,-0.6214479976409684,0,0.0,0,0.0
2023-12-22,-0.0754909174725069,0,-0.3019568856376109,0,0.0,0,0.0
2023-12-26,0.1280809836213343,0,0.4777573282736835,0,0.0,0,0.0
2023-12-27,-0.0849877107057958,0,-0.3383311820448472,0,0.0,0,0.0
2023-12-28,0.0177796004870342,0,0.0552846992822985,0,0.0,0,0.0
2023-12-29,-0.0750911393655004,0,-0.3004256690464773,0,0.0,0,0.0
2024-01-02,0.6223523442647855,1,2.3708987851848686,0,0.0,0,0.0
2024-01-03,0.2938982056447441,1,1.1128648466896864,0,0.0,0,-1.0
2024-01-04,-0.1654617740582077,0,-0.6465602191070342,0,0.0,0,0.0
2024-01-05,0.0960703266684016,0,0.3551511921187015,0,0.0,0,0.0
2024-01-08,-0.3375074007732445,0,-1.3055235626244333,1,0.0043237691759396,1,1.0
2024-01-09,-0.2325021948686859,0,-0.9033361726234688,0,0.0,0,0.0
2024-01-10,-0.211103854676611,0,-0.8213769733812366,0,0.0,0,0.0
2024-01-11,-0.4172555547070911,1,-1.6109722459706797,0,0.0,0,0.0
2024-01-12,0.1407477516297536,0,0.5262731549050248,0,0.0,0,0.0
2024-01-16,-0.3234708915360503,0,-1.2517613994421364,1,0.0211740667166091,1,1.0
2024-01-17,-0.3450704541562228,0,-1.3344913140262329,1,-0.0266290154258649,0,1.0
2024-01-18,-0.4724498222496078,1,-1.822375463694155,0,0.0,0,0.0
2024-01-19,-0.2768409570515612,0,-1.0731610006840169,1,0.1549448151910002,1,1.0
2024-01-22,-0.2408169481670145,0,-0.9351830596301586,0,0.0,0,0.0
2024-01-23,-0.0368380389917523,0,-0.1539099371241346,0,0.0,0,0.0
2024-01-24,-0.1406229500210137,0,-0.5514233949452659,0,0.0,0,0.0
2024-01-25,0.3233218715333701,1,1.225562377122253,0,0.0,0,-1.0
2024-01-26,0.1244553796904303,0,0.463870662659477,0,0.0,0,0.0
2024-01-29,-0.0565796571323499,0,-0.2295236155695571,0,0.0,0,0.0
2024-01-30,-0.0695360956894688,0,-0.2791489285443425,0,0.0,0,0.0
2024-01-31,0.1890616859248453,0,0.7113235528108438,0,0.0,0,0.0
2024-02-01,-0.0166805773813386,0,-0.0767035090780281,0,0.0,0,0.0
2024-02-02,-0.5077153878941558,1,-1.957448441089009,0,0.0,0,0.0
2024-02-05,-0.3225441119973269,0,-1.2482116797822915,1,-0.1945876416776097,0,1.0
2024-02-06,0.1562415905434771,0,0.5856171329499774,0,0.0,0,0.0
2024-02-07,-0.2765211049815885,0,-1.071935914098065,1,-0.0093566407119286,0,1.0
2024-02-08,-0.0719617025628454,0,-0.288439405994179,0,0.0,0,0.0
2024-02-09,-0.1789411017354936,0,-0.6981882843138475,0,0.0,0,0.0
2024-02-12,0.3845632905429294,1,1.4601271899735062,0,0.0,0,0.0
2024-02-13,-0.0563000364731238,0,-0.2284526219730423,0,0.0,0,0.0
2024-02-14,-0.1497941311882697,0,-0.5865505430243553,0,0.0,0,0.0
2024-02-15,0.4531762468707504,1,1.7229262158695977,0,0.0,0,0.0
2024-02-16,0.1597352961629065,0,0.5989986061103384,0,0.0,0,0.0
2024-02-20,-0.0379574394560968,0,-0.1581974269418282,0,0.0,0,0.0
2024-02-21,0.4473091225416369,1,1.7004541545997771,0,0.0,0,0.0
2024-02-22,-0.6620556664588089,1,-2.5485973586422936,0,0.0,0,0.0
2024-02-23,-0.0368528339959187,0,-0.1539666044489544,0,0.0,0,0.0
2024-02-26,-0.3380370287190207,0,-1.307552125678506,1,0.2288713088602783,1,1.0
2024-02-27,0.113415878963419,0,0.4215875401603316,0,0.0,0,0.0
2024-02-28,-0.0856035032536695,0,-0.3406897698451173,0,0.0,0,0.0
2024-02-29,0.1050940602707215,0,0.3897135915189725,0,0.0,0,0.0
2024-03-01,-0.0714695665768224,0,-0.2865544433769537,0,0.0,0,0.0
2024-03-04,0.2571867754379618,0,0.9722539677253764,0,0.0,0,0.0
2024-03-05,0.2422001828489386,0,0.914852827406053,0,0.0,0,0.0
2024-03-06,-0.0017804338154873,0,-0.0196334828848864,0,0.0,0,0.0
2024-03-07,-0.0176929681451676,0,-0.0805811339582227,0,0.0,0,0.0
2024-03-08,0.3625698876812289,1,1.3758888018099051,0,0.0,0,0.0
2024-03-11,0.1527917497144779,0,0.5724036692270926,0,0.0,0,0.0
2024-03-12,-0.4648197518628401,1,-1.7931510260299213,0,0.0,0,0.0
2024-03-13,0.2508118605057323,0,0.9478369840531388,0,0.0,0,0.0
2024-03-14,-0.0331276626790314,0,-0.1396985791987861,0,0.0,0,0.0
2024-03-15,0.2423635114952552,0,0.915478403265922,0,0.0,0,0.0
2024-03-18,-0.0313841236892644,0,-0.1330205350997471,0,0.0,0,0.0
2024-03-19,0.0125692281103584,0,0.0353281071394954,0,0.0,0,0.0
2024-03-20,-0.1060264460101855,0,-0.418913034802552,0,0.0,0,0.0
2024-03-21,-0.0334757258896284,0,-0.1410317191418916,0,0.0,0,0.0
2024-03-22,-0.028010561430962,0,-0.1200992309797817,0,0.0,0,0.0
2024-03-25,0.1844180409011548,0,0.6935376206174766,0,0.0,0,0.0
2024-03-26,-0.2817096891492742,0,-1.0918090537793357,1,-0.0848855270740966,0,1.0
2024-03-27,0.4747818197248177,1,1.805679150648384,0,0.0,0,0.0
2024-03-28,0.1912040642503551,0,0.7195292178510572,0,0.0,0,0.0
2024-04-01,0.0129556638156847,0,0.0368082201147475,0,0.0,0,0.0
2024-04-02,0.254706532330829,0,0.9627542244199608,0,0.0,0,0.0
2024-04-03,0.1384829501004185,0,0.5175985886479827,0,0.0,0,0.0
2024-04-04,0.3435382252732107,1,1.302994371811668,0,0.0,0,-1.0
2024-04-05,-0.1837090960034736,0,-0.7164504947791208,0,0.0,0,0.0
2024-04-08,0.1447569641687285,0,0.5416291052421449,0,0.0,0,0.0
2024-04-09,0.2001983608937418,0,0.7539788688063254,0,0.0,0,0.0
2024-04-10,-0.1004711476205788,0,-0.3976353187050925,0,0.0,0,0.0
2024-04-11,0.0929640771185725,0,0.3432537400983423,0,0.0,0,0.0
2024-04-12,0.1273073045132924,0,0.4747940087079424,0,0.0,0,0.0
2024-04-15,0.1088751477585455,0,0.404195784996841,0,0.0,0,0.0
2024-04-16,-0.352700816817783,0,-1.363716871151496,1,0.5299847113067584,1,1.0
2024-04-17,0.3969354815764675,1,1.5075147378337024,0,0.0,0,0.0
2024-04-18,0.1687480591688062,0,0.6335189863030568,0,0.0,0,0.0
2024-04-19,0.4341009721603395,1,1.6498647435050309,0,0.0,0,0.0
2024-04-22,-0.024142219564555,0,-0.1052828387306602,0,0.0,0,0.0
2024-04-23,-0.1176222985551141,0,-0.4633270772274563,0,0.0,0,0.0
2024-04-24,0.1222830322844489,0,0.4555502110603328,0,0.0,0,0.0
2024-04-25,0.0894953951260451,0,0.3299681115878287,0,0.0,0,0.0
2024-04-26,-0.2116334141530987,0,-0.8234052741865552,0,0.0,0,0.0
2024-04-29,0.2725650377400155,0,1.0311552681393277,-1,0.1005917630490897,0,-1.0
2024-04-30,-0.0593216852627316,0,-0.2400260390214932,0,0.0,0,0.0
2024-05-01,0.1279353006609695,0,0.4771993383236426,0,0.0,0,0.0
2024-05-02,0.0442814558735829,0,0.1567912099003241,0,0.0,0,0.0
2024-05-03,-0.1424344863212246,0,-0.5583618800441482,0,0.0,0,0.0
2024-05-06,-0.1341750247385209,0,-0.5267267694975324,0,0.0,0,0.0
2024-05-07,0.0872994313050179,0,0.3215572051941189,0,0.0,0,0.0
2024-05-08,0.0433148921274297,0,0.1530891101140691,0,0.0,0,0.0
2024-05-09,0.257581261866632,0,0.9737649163090292,0,0.0,0,0.0
2024-05-10,-0.2004286200184373,0,-0.7804890504650994,0,0.0,0,0.0
2024-05-13,0.1399356981978314,0,0.5231628553011846,0,0.0,0,0.0
2024-05-14,-0.0035231401509696,0,-0.0263083377796317,0,0.0,0,0.0
2024-05-15,-0.0807230036486805,0,-0.3219966452412252,0,0.0,0,0.0
2024-05-16,-0.0530632708379031,0,-0.2160552716544549,0,0.0,0,0.0
2024-05-17,0.0767390985046179,0,0.2811093754894199,0,0.0,0,0.0
2024-05-20,-0.0595729625899768,0,-0.2409884729459885,0,0.0,0,0.0
2024-05-21,0.0898858151114539,0,0.3314634850179663,0,0.0,0,0.0
2024-05-22,-0.253950885290617,0,-0.9854882216140288,0,0.0,0,0.0
2024-05-23,-0.1100565286016954,0,-0.4343489209093887,0,0.0,0,0.0
2024-05-24,-0.0482528298228787,0,-0.1976304830935453,0,0.0,0,0.0
2024-05-28,0.2901194404923076,0,1.0983915481423137,-1,-0.0147327662377509,-1,-1.0
2024-05-29,-0.034049853378392,0,-0.1432307228412272,0,0.0,0,0.0
2024-05-30,0.4719754160277022,1,1.7949301580769317,0,0.0,0,0.0
2024-05-31,0.3188092160783797,1,1.2082781567468763,0,0.0,0,-1.0
2024-06-03,-0.145814291809485,0,-0.5713070967724493,0,0.0,0,0.0
2024-06-04,-0.0296057966511791,0,-0.126209246994034,0,0.0,0,0.0
2024-06-05,-0.3691319537984145,0,-1.4266508565673717,1,-0.0823475979000177,0,1.0
2024-06-06,0.0338912573893789,0,0.1169950229022032,0,0.0,0,0.0
2024-06-07,-0.118826996789481,0,-0.467941271680436,0,0.0,0,0.0
2024-06-10,0.153731810227982,0,0.5760042572275846,0,0.0,0,0.0
2024-06-11,-0.0329711755260934,0,-0.1390992073955823,0,0.0,0,0.0
2024-06-12,-0.2498696610055559,0,-0.9698564543213748,0,0.0,0,0.0
2024-06-13,0.0309057330115592,0,0.1055599683546133,0,0.0,0,0.0
2024-06-14,-0.0723612726398774,0,-0.2899698257959365,0,0.0,0,0.0
2024-06-17,-0.4236386550075516,1,-1.6354205809636129,0,0.0,0,0.0
2024-06-18,0.051692032297739,0,0.1851749492088591,0,0.0,0,0.0
2024-06-20,0.1799794995099163,0,0.6765372694236893,0,0.0,0,0.0
2024-06-21,-0.1619686722521685,0,-0.6331810586523089,0,0.0,0,0.0
2024-06-24,0.4828350760897724,1,1.836524460940654,0,0.0,0,0.0
2024-06-25,-0.1405031856397988,0,-0.5509646774609186,0,0.0,0,0.0
2024-06-26,0.0451883001736524,0,0.1602645742829785,0,0.0,0,0.0
2024-06-27,-0.0057582229153111,0,-0.0348690762276252,0,0.0,0,0.0
2024-06-28,-0.0868996074254357,0,-0.3456540642295863,0,0.0,0,0.0
2024-07-01,0.0110348621278034,0,0.0294512304216785,0,0.0,0,0.0
2024-07-02,-0.1274376880687066,0,-0.5009216503375045,0,0.0,0,0.0
2024-07-03,0.0798735293925048,0,0.2931147667181504,0,0.0,0,0.0
2024-07-05,-0.2179517592384695,0,-0.8476055859436734,0,0.0,0,0.0
2024-07-08,-0.009012029446451,0,-0.0473316960097026,0,0.0,0,0.0
2024-07-09,0.1319373151947162,0,0.4925277191044626,0,0.0,0,0.0
2024-07-10,0.0322754713594562,0,0.1108062938713275,0,0.0,0,0.0
2024-07-11,0.4225450150355063,1,1.6056035071695287,0,0.0,0,0.0
2024-07-12,-0.1087486495125764,0,-0.4293395266345207,0,0.0,0,0.0
2024-07-15,-0.1537943697641143,0,-0.6018721215912545,0,0.0,0,0.0
2024-07-16,0.0133051797136511,0,0.0381469240919078,0,0.0,0,0.0
2024-07-17,0.5554127198255765,1,2.114508898522293,0,0.0,0,0.0
2024-07-18,0.2394296138744721,0,0.9042410877779136,0,0.0,0,0.0
2024-07-19,0.1705121921138286,0,0.6402759086733452,0,0.0,0,0.0
2024-07-22,-0.2042734368519675,0,-0.7952153379285493,0,0.0,0,0.0
2024-07-23,-0.0822858462137043,0,-0.3279825920025757,0,0.0,0,0.0
2024-07-24,0.549489876618353,1,2.091823424689088,0,0.0,0,0.0
2024-07-25,0.036880620711388,0,0.1284447812440539,0,0.0,0,0.0
2024-07-26,-0.0596451933587195,0,-0.2412651287946976,0,0.0,0,0.0
2024-07-29,-0.0188821041814653,0,-0.0851357226062309,0,0.0,0,0.0
2024-07-30,0.146106650687275,0,0.5467986289199241,0,0.0,0,0.0
2024-07-31,-0.19430671268944,0,-0.7570411279619512,0,0.0,0,0.0
2024-08-01,0.5426045850677559,1,2.065451613746235,0,0.0,0,0.0
2024-08-02,0.1681280021400799,0,0.6311440648323836,0,0.0,0,0.0
2024-08-05,0.0234979735235283,0,0.0771870183795997,0,0.0,0,0.0
2024-08-06,0.0151650677778973,0,0.0452706044828878,0,0.0,0,0.0
2024-08-07,0.1821561517894722,0,0.6848742094040737,0,0.0,0,0.0
2024-08-08,-0.258493942066067,0,-1.0028888840993269,1,-0.0360753117685608,0,1.0
2024-08-09,-0.0263013036592306,0,-0.113552489643201,0,0.0,0,0.0
2024-08-12,0.1565838481321328,0,0.5869280363961799,0,0.0,0,0.0
2024-08-13,-0.2793779911710711,0,-1.0828782630052438,1,0.0468493607673201,1,1.0
2024-08-14,-0.0920162294063313,0,-0.3652515767756634,0,0.0,0,0.0
2024-08-15,-0.2777406863161982,0,-1.0766071132984782,1,-0.0955932538529307,0,1.0
2024-08-16,0.0057694173778085,0,0.0092837019362857,0,0.0,0,0.0
2024-08-19,-0.0391783193282871,0,-0.1628735997569859,0,0.0,0,0.0
2024-08-20,-0.1407885857252597,0,-0.5520578072204271,0,0.0,0,0.0
2024-08-21,-0.1137155741901905,0,-0.4483636736300203,0,0.0,0,0.0
2024-08-22,0.2820058090331656,0,1.067314991205241,-1,0.113438350262769,0,-1.0
2024-08-23,0.1143620279092281,0,0.4252114478684217,0,0.0,0,0.0
2024-08-26,0.1701371622631133,0,0.6388394820168544,0,0.0,0,0.0
2024-08-27,-0.2003686127703263,0,-0.7802592127319029,0,0.0,0,0.0
2024-08-28,0.1060565748923577,0,0.3934001824853811,0,0.0,0,0.0
2024-08-29,0.1314245933655685,0,0.4905639092867966,0,0.0,0,0.0
2024-08-30,-0.0548000334806341,0,-0.2227073612181479,0,0.0,0,0.0
2024-09-03,0.2826477675151615,0,1.0697737988818583,-1,-0.0039265600703007,-1,-1.0
2024-09-04,-0.0422131352970421,0,-0.1744974492898959,0,0.0,0,0.0
2024-09-05,0.076686560330526,0,0.2809081455510427,0,0.0,0,0.0
2024-09-06,0.1099315263460661,0,0.4082418905523503,0,0.0,0,0.0
2024-09-09,-0.1183344127727192,0,-0.4660545930310205,0,0.0,0,0.0
2024-09-10,-0.0746188443225817,0,-0.2986167005388154,0,0.0,0,0.0
2024-09-11,-0.0816391895787715,0,-0.3255057896193987,0,0.0,0,0.0
2024-09-12,-0.0528516238385396,0,-0.2152446284721261,0,0.0,0,0.0
2024-09-13,0.0799197034582178,0,0.2932916210637504,0,0.0,0,0.0
2024-09-16,0.0594512640943499,0,0.2148940965388293,0,0.0,0,0.0
2024-09-17,0.0464626063446672,0,0.1651453787018413,0,0.0,0,0.0
2024-09-18,0.0940064995947115,0,0.3472463914278179,0,0.0,0,0.0
2024-09-19,-0.3251942174360893,0,-1.258362024048194,1,0.0667215448281977,1,1.0
2024-09-20,0.2734686837960622,0,1.0346163827158412,-1,0.102543996191409,0,-1.0
2024-09-23,0.1427718438312832,0,0.5340257644317794,0,0.0,0,0.0
2024-09-24,-0.0508037054265489,0,-0.2074007605994983,0,0.0,0,0.0
2024-09-25,-0.0281841636460082,0,-0.1207641563153054,0,0.0,0,0.0
2024-09-26,-0.4389732527056267,1,-1.6941546386874675,0,0.0,0,0.0
2024-09-27,0.2769728451763544,0,1.0480379031780065,-1,-0.0421464893967647,-1,-1.0
2024-09-30,0.0678135755438462,0,0.2469231391684393,0,0.0,0,0.0
2024-10-01,0.41835781431377,1,1.5895658325116082,0,0.0,0,0.0
2024-10-02,-0.071157590045022,0,-0.2853595214110808,0,0.0,0,0.0
2024-10-03,0.1584233074728019,0,0.5939734713806986,0,0.0,0,0.0
2024-10-04,-0.2034311795286992,0,-0.7919893524011045,0,0.0,0,0.0
2024-10-07,0.1733261789149191,0,0.6510539457932992,0,0.0,0,0.0
2024-10-08,-0.5836445180411503,1,-2.248269628627269,0,0.0,0,0.0
2024-10-09,-0.2119171780772433,0,-0.8244921371762994,0,0.0,0,0.0
2024-10-10,0.1020432100114476,0,0.378028327988549,0,0.0,0,0.0
2024-10-11,-0.0243010567497748,0,-0.1058912115480683,0,0.0,0,0.0
2024-10-14,-0.0754105296427826,0,-0.3016489868896758,0,0.0,0,0.0
2024-10-15,0.0966071388384822,0,0.3572072719458455,0,0.0,0,0.0
2024-10-16,0.2717945294169539,0,1.028204093207031,-1,-0.0772135456562649,-1,-1.0
2024-10-17,-0.0389436509049858,0,-0.1619747806949198,0,0.0,0,0.0
2024-10-18,-0.0079815869731879,0,-0.0433849300822637,0,0.0,0,0.0
2024-10-21,-0.0519299310738934,0,-0.2117143920023956,0,0.0,0,0.0
2024-10-22,0.2104112185649824,0,0.7930958110175617,0,0.0,0,0.0
2024-10-23,0.3601456545697695,1,1.3666035860965244,0,0.0,0,-1.0
2024-10-24,-0.1601488034330849,0,-0.6262106586213178,0,0.0,0,0.0
2024-10-25,-0.1423052203866432,0,-0.5578667700312923,0,0.0,0,0.0
2024-10-28,-0.0244895513341775,0,-0.1066131771332709,0,0.0,0,0.0
2024-10-29,-0.4500057755258776,1,-1.736411034644025,0,0.0,0,0.0
2024-10-30,0.1460731154629903,0,0.5466701834375125,0,0.0,0,0.0
2024-10-31,0.4918164835199936,1,1.87092474406737,0,0.0,0,0.0
2024-11-01,-0.5336818510441723,1,-2.056904310461367,0,0.0,0,0.0
2024-11-04,0.177394839929046,0,0.6666375936703169,0,0.0,0,0.0
2024-11-05,0.0488521394984594,0,0.1742976878103819,0,0.0,0,0.0
2024-11-06,-0.6339974651709317,1,-2.4411297845645867,0,0.0,0,0.0
2024-11-07,-0.1863323645225302,0,-0.7264980491823763,0,0.0,0,0.0
2024-11-08,0.1491414106807602,0,0.5584222640582481,0,0.0,0,0.0
2024-11-11,0.0358047052234304,0,0.1243238461129272,0,0.0,0,0.0
2024-11-12,-0.2187617058668611,0,-0.8507078161398502,0,0.0,0,0.0
2024-11-13,0.0615523370164536,0,0.2229415550192273,0,0.0,0,0.0
2024-11-14,0.1167813044039922,0,0.4344776789160924,0,0.0,0,0.0
2024-11-15,0.6593879771880492,1,2.512751414434316,0,0.0,0,0.0
2024-11-18,0.0816146119988638,0,0.2997834024604971,0,0.0,0,0.0
2024-11-19,0.1143028070540359,0,0.4249846221507996,0,0.0,0,0.0
2024-11-20,0.0156578087279181,0,0.0471578842127668,0,0.0,0,0.0
2024-11-21,-0.0582041939273102,0,-0.235745861484864,0,0.0,0,0.0
2024-11-22,-0.1845778637089048,0,-0.7197780194761544,0,0.0,0,0.0
2024-11-25,-0.2681536397452875,0,-1.0398871316084572,1,0.0697080770613818,1,1.0
2024-11-26,0.0389152990101592,0,0.1362379372826048,0,0.0,0,0.0
2024-11-27,0.194024072933384,0,0.7303303197796448,0,0.0,0,0.0
2024-11-29,-0.1059613894268054,0,-0.4186638572760986,0,0.0,0,0.0
2024-12-02,-0.4060642996556755,0,-1.5681078791881888,1,0.0123155335146338,1,0.0
2024-12-03,-0.1032653722025905,0,-0.4083376632415841,0,0.0,0,0.0
2024-12-04,-0.426382988016214,1,-1.6459318324824244,0,0.0,0,0.0
2024-12-05,0.1997704599212331,0,0.7523399369664264,0,0.0,0,0.0
2024-12-06,-0.3216773816660578,0,-1.2448919585669012,1,0.037747198950132,1,1.0
2024-12-09,0.2018643729552571,0,0.7603599718855384,0,0.0,0,0.0
2024-12-10,-0.0802952437544595,0,-0.3203582537546144,0,0.0,0,0.0
2024-12-11,-0.2092518389257549,0,-0.8142834452588832,0,0.0,0,0.0
2024-12-12,0.0809305016427277,0,0.2971631461004734,0,0.0,0,0.0
2024-12-13,0.0389481425889761,0,0.1363637336479264,0,0.0,0,0.0
2024-12-16,-0.2681542257271072,0,-1.039889376016214,1,-0.0283528934026921,0,1.0
2024-12-17,0.1030260765738699,0,0.3817928702705684,0,0.0,0,0.0
2024-12-18,0.0709341327419526,0,0.2588753918595664,0,0.0,0,0.0
2024-12-19,-0.0345893239819449,0,-0.1452969849103896,0,0.0,0,0.0
2024-12-20,0.117058613204548,0,0.4355398177096793,0,0.0,0,0.0
2024-12-23,0.0527580653129911,0,0.1892580328271015,0,0.0,0,0.0
2024-12-24,-0.103342226820443,0,-0.4086320292008462,0,0.0,0,0.0
2024-12-26,-0.0454199769206354,0,-0.1867801856707159,0,0.0,0,0.0
2024-12-27,0.1605258125979696,0,0.6020264154368573,0,0.0,0,0.0
2024-12-30,0.2600958864989515,0,0.9833963465699628,0,0.0,0,0.0
2024-12-31,0.2487083148343194,0,0.9397800545319268,0,0.0,0,0.0
2025-01-02,0.1177197112920048,0,0.4380719332561273,0,0.0,0,0.0
2025-01-03,-0.0324455736167392,0,-0.1370860647301143,0,0.0,0,0.0
2025-01-06,-0.3368816372955358,0,-1.3031267845057717,1,0.0019774240821218,1,1.0
2025-01-07,0.20985179757145,0,0.7909531356391138,0,0.0,0,0.0
2025-01-08,-0.0309860514753606,0,-0.1314958523627086,0,0.0,0,0.0
2025-01-10,0.2584969692359308,0,0.9772722277198336,0,0.0,0,0.0
2025-01-13,0.2432367141291415,0,0.9188229144760032,0,0.0,0,0.0
2025-01-14,0.0859490033375645,0,0.3163848416438006,0,0.0,0,0.0
2025-01-15,-0.0528592582380502,0,-0.2152738694910542,0,0.0,0,0.0
2025-01-16,0.257328003075115,0,0.9727948930470628,0,0.0,0,0.0
2025-01-17,-0.0307716847728752,0,-0.1306747922654207,0,0.0,0,0.0
2025-01-21,-0.0961657208209763,0,-0.381144818520309,0,0.0,0,0.0
2025-01-22,-0.7009554118197354,1,-2.6975898483349785,0,0.0,0,0.0
2025-01-23,0.0003859839733144,0,-0.0113357427050155,0,0.0,0,0.0
2025-01-24,0.0103687045059177,0,0.0268997360174964,0,0.0,0,0.0
2025-01-27,0.0460941456689842,0,0.1637341130774911,0,0.0,0,0.0
2025-01-28,-0.3820943033735895,0,-1.4762988097236962,1,-0.1207871543888551,0,1.0
2025-01-29,0.0182569642282089,0,0.0571130817466754,0,0.0,0,0.0
2025-01-30,0.0028193158841882,0,-0.002015677077699,0,0.0,0,0.0
2025-01-31,0.0286775199226533,0,0.0970255419052468,0,0.0,0,0.0
2025-02-03,0.1007466566411764,0,0.3730623130991512,0,0.0,0,0.0
2025-02-04,0.0740433975987946,0,0.2707843930069155,0,0.0,0,0.0
2025-02-05,-0.0233528589240208,0,-0.1022594562892744,0,0.0,0,0.0
2025-02-06,-0.2339796765683899,0,-0.908995173084058,0,0.0,0,0.0
2025-02-07,0.1190572329575462,0,0.4431948635251537,0,0.0,0,0.0
2025-02-10,0.1478219824635621,0,0.5533686347034249,0,0.0,0,0.0
2025-02-11,0.2235034727435752,0,0.8432413203945295,0,0.0,0,0.0
2025-02-12,-0.126517238978226,0,-0.4973961773465213,0,0.0,0,0.0
2025-02-13,-0.0100369865036614,0,-0.0512574518820083,0,0.0,0,0.0
2025-02-14,0.1074606994938614,0,0.3987782130682477,0,0.0,0,0.0
2025-02-18,0.1692458894410603,0,0.6354257589829115,0,0.0,0,0.0
2025-02-19,0.0980648316110886,0,0.3627904775268212,0,0.0,0,0.0
2025-02-20,0.3457304646828626,1,1.3113910130908304,0,0.0,0,-1.0
2025-02-21,0.3703767754148642,1,1.4057904792988785,0,0.0,0,0.0
2025-02-24,0.0949740126281721,0,0.3509521271422272,0,0.0,0,0.0
2025-02-25,-0.1128113918435653,0,-0.4449005049714617,0,0.0,0,0.0
2025-02-26,-0.0062583861991711,0,-0.0367847847296668,0,0.0,0,0.0
2025-02-27,0.1619838892950794,0,0.6076110915124876,0,0.0,0,0.0
2025-02-28,-0.070028250992772,0,-0.2810339651499614,0,0.0,0,0.0
2025-03-03,0.0620369701769848,0,0.2247977805678836,0,0.0,0,0.0
2025-03-04,-0.0413831224901197,0,-0.1713183622950385,0,0.0,0,0.0
2025-03-05,-0.3123527869119445,0,-1.20917721095351,1,0.0417864669602862,1,1.0
2025-03-06,0.1179223796953148,0,0.4388481869233691,0,0.0,0,0.0
2025-03-07,0.2686656098894581,0,1.0162198114045613,-1,0.07924645836958,0,-1.0
2025-03-10,0.7343221903607784,1,2.7997619046104747,0,0.0,0,0.0
2025-03-11,0.2152762510443047,0,0.8117296939595846,0,0.0,0,0.0
2025-03-12,0.0473971690465289,0,0.1687249091700322,0,0.0,0,0.0
2025-03-13,0.2951148613432868,1,1.1175248402177351,0,0.0,0,-1.0
2025-03-14,0.0072717570376982,0,0.0150379125156654,0,0.0,0,0.0
2025-03-17,-0.0526921915702108,0,-0.2146339763875108,0,0.0,0,0.0
2025-03-18,0.2082050475983824,0,0.784645809559927,0,0.0,0,0.0
2025-03-19,-0.0924721787414005,0,-0.3669979385056789,0,0.0,0,0.0
2025-03-20,0.185241813231557,0,0.6966928055501228,0,0.0,0,0.0
2025-03-21,-0.19517994454084,0,-0.7603857510799659,0,0.0,0,0.0
2025-03-24,-0.291144199253785,0,-1.1279447954521795,1,-0.1069611392006241,0,1.0
2025-03-25,-0.2498336812403885,0,-0.9697186458411112,0,0.0,0,0.0
2025-03-26,0.2632844011685084,0,0.9956088876709674,0,0.0,0,0.0
2025-03-27,-0.0952802966254548,0,-0.3777534966979973,0,0.0,0,0.0
2025-03-28,0.6203962355472143,1,2.36340656370022,0,0.0,0,0.0
2025-03-31,0.0738980149113479,0,0.2702275531520547,0,0.0,0,0.0
2025-04-01,-0.0151404282900863,0,-0.0708044820927745,0,0.0,0,0.0
2025-04-02,-0.0876544381598735,0,-0.3485451913919098,0,0.0,0,0.0
2025-04-03,0.1206636708122324,0,0.4493477874912495,0,0.0,0,0.0
2025-04-04,0.031961818991288,0,0.1096049531736496,0,0.0,0,0.0
2025-04-07,-0.1716195926579231,0,-0.6701456877453223,0,0.0,0,0.0
2025-04-08,-0.0356306934421339,0,-0.1492856030137704,0,0.0,0,0.0
2025-04-09,-0.8292130975736685,1,-3.1888381006151905,0,0.0,0,0.0
2025-04-10,0.0184272393450006,0,0.0577652637429357,0,0.0,0,0.0
2025-04-11,0.0169713769042412,0,0.0521890686371266,0,0.0,0,0.0
2025-04-14,0.1381574518673688,0,0.5163518763190798,0,0.0,0,0.0
2025-04-15,0.0733780745561977,0,0.2682360951801129,0,0.0,0,0.0
2025-04-16,0.5394569930623956,1,2.053395813250264,0,0.0,0,0.0
2025-04-17,0.3689494298752732,1,1.4003235086639232,0,0.0,0,0.0
2025-04-21,0.156492050453323,0,0.5865764360299823,0,0.0,0,0.0
2025-04-22,-0.1819089531556479,0,-0.709555648496414,0,0.0,0,0.0
2025-04-23,-0.2461537863980722,0,-0.9556240370132932,0,0.0,0,0.0
2025-04-24,-0.1902705365016195,0,-0.741581902368517,0,0.0,0,0.0
2025-04-25,-0.1035859893896725,0,-0.4095656803532231,0,0.0,0,0.0
2025-04-28,0.1643284666683559,0,0.6165912125102072,0,0.0,0,0.0
2025-04-29,-0.2283087510846488,0,-0.8872745859993678,0,0.0,0,0.0
2025-04-30,-0.3627313518428224,0,-1.4021354873265892,1,-0.0991038803100267,0,1.0
2025-05-01,0.1386795178296183,0,0.5183514757194784,0,0.0,0,0.0
2025-05-02,-0.1577593195336726,0,-0.6170585381652381,0,0.0,0,0.0
2025-05-05,-0.185201891281724,0,-0.7221681487905898,0,0.0,0,0.0
2025-05-06,0.1572813184301546,0,0.5895994635539868,0,0.0,0,0.0
2025-05-07,-0.136192789097422,0,-0.5344551423353612,0,0.0,0,0.0
2025-05-08,-0.2261593897063093,0,-0.8790421747062652,0,0.0,0,0.0
2025-05-09,0.2334655653169526,0,0.8813977906049335,0,0.0,0,0.0
2025-05-12,-0.561685238965117,1,-2.164161940233991,0,0.0,0,0.0
2025-05-13,-0.0168463152785098,0,-0.0773383127690765,0,0.0,0,0.0
2025-05-14,-0.0534736620614016,0,-0.2176271382456043,0,0.0,0,0.0
2025-05-15,0.1207880967388942,0,0.4498243594693861,0,0.0,0,0.0
2025-05-16,0.017821922977335,0,0.0554468014539556,0,0.0,0,0.0
2025-05-19,-0.0864752731224851,0,-0.3440287933268591,0,0.0,0,0.0
2025-05-20,0.0517045564459097,0,0.1852229187778089,0,0.0,0,0.0
2025-05-21,-0.0498384194281487,0,-0.2037035547994929,0,0.0,0,0.0
2025-05-22,-0.1381054435674759,0,-0.5417809268301207,0,0.0,0,0.0
2025-05-23,0.3513607626949933,1,1.3329559902071522,0,0.0,0,-1.0
2025-05-27,-0.1603649266944419,0,-0.6270384466310158,0,0.0,0,0.0
2025-05-28,-0.0024695189743308,0,-0.022272793566069,0,0.0,0,0.0
2025-05-29,0.2006892219980898,0,0.755858948414856,0,0.0,0,0.0
2025-05-30,-0.0898068651262882,0,-0.3567893443968271,0,0.0,0,0.0
2025-06-02,0.0895715038365663,0,0.3302596205980457,0,0.0,0,0.0
2025-06-03,-0.118029932864465,0,-0.4648883843792342,0,0.0,0,0.0
2025-06-04,-0.2304710850233718,0,-0.8955566843547195,0,0.0,0,0.0
2025-06-05,0.0227849969223402,0,0.0744561995035885,0,0.0,0,0.0
2025-06-06,-0.0003302392849461,0,-0.0140789968171938,0,0.0,0,0.0
2025-06-09,0.1601296628369727,0,0.600509096013955,0,0.0,0,0.0
2025-06-10,0.2019406667933301,0,0.7606521899650462,0,0.0,0,0.0
2025-06-11,0.2266382509581913,0,0.8552480419423568,0,0.0,0,0.0
2025-06-12,0.0423958468489044,0,0.1495690139561821,0,0.0,0,0.0
2025-06-13,0.5042574009894533,1,1.918575525599166,0,0.0,0,0.0
2025-06-16,-0.3370932066693906,0,-1.303937130369501,1,0.1760596307345235,1,1.0
2025-06-17,0.2169987253565114,0,0.8183270568427143,0,0.0,0,0.0
2025-06-18,0.0675820942655699,0,0.2460365274015079,0,0.0,0,0.0
2025-06-20,0.0812397623006349,0,0.2983476658179692,0,0.0,0,0.0
2025-06-23,-0.3107229159483108,0,-1.2029345342856692,1,0.0014178190114927,1,1.0
2025-06-24,-0.2971368613197508,0,-1.1508976871179435,1,0.0416975398149225,1,1.0
2025-06-25,-0.1586444632881772,0,-0.6204487858518475,0,0.0,0,0.0
2025-06-26,0.1705268081459374,0,0.6403318905054398,0,0.0,0,0.0
2025-06-27,-0.055375433452967,0,-0.2249112387410349,0,0.0,0,0.0
2025-06-30,-0.1246464231637524,0,-0.4902306418560281,0,0.0,0,0.0
2025-07-01,0.0259749021607803,0,0.0866740667145222,0,0.0,0,0.0
2025-07-02,0.1927260802919531,0,0.7253587922425048,0,0.0,0,0.0
2025-07-03,-0.1438491325619645,0,-0.5637802102539379,0,0.0,0,0.0
2025-07-07,0.0608426689413522,0,0.22022340834799,0,0.0,0,0.0
2025-07-08,0.1796243370834725,0,0.6751769383040332,0,0.0,0,0.0
2025-07-09,0.0308645706451947,0,0.1054023096504395,0,0.0,0,0.0
2025-07-10,0.2624421390051078,0,0.9923828836050116,0,0.0,0,0.0
2025-07-11,0.2987962355327373,1,1.1316251151909378,0,0.0,0,-1.0
2025-07-14,-0.1347951083720494,0,-0.5291017928690197,0,0.0,0,0.0
2025-07-15,0.0859321511690058,0,0.3163202950374674,0,0.0,0,0.0
2025-07-16,-0.0641263860299456,0,-0.2584288414792858,0,0.0,0,0.0
2025-07-17,-0.0538785004223111,0,-0.2191777364501778,0,0.0,0,0.0
2025-07-18,0.1688136244879121,0,0.6337701123718894,0,0.0,0,0.0
2025-07-21,0.0449814059301716,0,0.159472134945567,0,0.0,0,0.0
2025-07-22,0.1193964823671813,0,0.4444942451457616,0,0.0,0,0.0
2025-07-23,0.0242498923921668,0,0.0800669926119732,0,0.0,0,0.0
2025-07-24,-0.0539654087712782,0,-0.2195106098704929,0,0.0,0,0.0
2025-07-25,-0.1283189370255733,0,-0.5042969803018631,0,0.0,0,0.0
2025-07-28,-0.0459616496261126,0,-0.1888548821562279,0,0.0,0,0.0
2025-07-29,0.4011233928796932,1,1.523555134136823,0,0.0,0,0.0
2025-07-30,-0.0670520925830259,0,-0.2696347838166743,0,0.0,0,0.0
2025-07-31,0.1031651817620015,0,0.3823256662597603,0,0.0,0,0.0
2025-08-01,0.1178161649721063,0,0.4384413668810779,0,0.0,0,0.0
2025-08-04,-0.2196687619042573,0,-0.8541819915116561,0,0.0,0,0.0
2025-08-05,0.2270442690275362,0,0.8568031586263002,0,0.0,0,0.0
2025-08-06,-0.5022755840696838,1,-1.936613088370685,0,0.0,0,0.0
2025-08-07,0.3275503450892082,1,1.2417581335941403,0,0.0,0,-1.0
2025-08-08,-0.142382791531479,0,-0.5581638804079839,0,0.0,0,0.0
2025-08-11,-0.0095415865515844,0,-0.04935998773234,0,0.0,0,0.0
2025-08-12,-0.1096537136063126,0,-0.4328060725310566,0,0.0,0,0.0
2025-08-13,-0.0019849116310357,0,-0.0204166669017175,0,0.0,0,0.0
2025-08-14,-0.0271274684086091,0,-0.1167168379381356,0,0.0,0,0.0
2025-08-15,0.075950023666988,0,0.2780870877206565,0,0.0,0,0.0
2025-08-18,-0.1706853081132339,0,-0.6665672226653307,0,0.0,0,0.0
2025-08-19,0.1616639445160577,0,0.606385649835471,0,0.0,0,0.0
2025-08-20,0.1538305939405133,0,0.5763826152639824,0,0.0,0,0.0
2025-08-21,0.1325044796676237,0,0.4947000532958484,0,0.0,0,0.0
2025-08-22,0.1061721439807701,0,0.3938428313010562,0,0.0,0,0.0
2025-08-25,0.1454374584234929,0,0.5442355113329356,0,0.0,0,0.0
2025-08-26,0.0724097111621567,0,0.2645271024433545,0,0.0,0,0.0
2025-08-27,0.1022417561026027,0,0.3787887925151285,0,0.0,0,0.0
2025-08-28,-0.0384996357203487,0,-0.1602741287444599,0,0.0,0,0.0
2025-08-29,0.1594306766046543,0,0.5978318625758505,0,0.0,0,0.0
2025-09-02,0.0023409944862149,0,-0.0038477275267723,0,0.0,0,0.0
2025-09-03,-0.2387389496575008,0,-0.9272239799848428,0,0.0,0,0.0
2025-09-04,-0.0704183655189091,0,-0.2825281686203221,0,0.0,0,0.0
2025-09-05,0.0935466533434127,0,0.3454851038609926,0,0.0,0,0.0
2025-09-08,-0.3036801995563339,0,-1.175959760037041,1,0.2091647650284077,1,1.0
2025-09-09,0.1510434278429149,0,0.5657073058958818,0,0.0,0,0.0
2025-09-10,0.572017028502119,1,2.178106160313854,0,0.0,0,0.0
2025-09-11,-0.2512261223252257,0,-0.9750519266133972,0,0.0,0,0.0
2025-09-12,0.2540499446731781,0,0.9602393845692824,0,0.0,0,0.0
2025-09-15,0.058825660048374,0,0.2124979290702013,0,0.0,0,0.0
2025-09-16,-0.0392467542176135,0,-0.1631357167566723,0,0.0,0,0.0
2025-09-17,-0.0943626639708357,0,-0.3742388111244425,0,0.0,0,0.0
2025-09-18,0.0083674564975856,0,0.0192346235472894,0,0.0,0,0.0
2025-09-19,0.0026441487185484,0,-0.0026865964340837,0,0.0,0,0.0
2025-09-22,-0.0019945684766397,0,-0.0204536542253046,0,0.0,0,0.0
2025-09-23,0.4932991853852309,1,1.8766037386295191,0,0.0,0,0.0
2025-09-24,0.1820735200014528,0,0.6845577159229331,0,0.0,0,0.0
2025-09-25,0.077717667644663,0,0.2848574579295225,0,0.0,0,0.0
2025-09-26,0.0879406008459253,0,0.3240129910952487,0,0.0,0,0.0
2025-09-29,-0.0927012881884309,0,-0.367875465764751,0,0.0,0,0.0
2025-09-30,0.0821489786465816,0,0.3018301155305568,0,0.0,0,0.0
2025-10-01,0.2171307025147609,0,0.8188325512928118,0,0.0,0,0.0
2025-10-02,-0.2691943725922081,0,-1.0438733113772176,1,0.0192483594027524,1,1.0
2025-10-03,0.1100126511882757,0,0.4085526121805917,0,0.0,0,0.0
2025-10-06,0.0881059859554564,0,0.3246464435510043,0,0.0,0,0.0
2025-10-07,0.1495021141224842,0,0.5598038181873186,0,0.0,0,0.0
2025-10-08,-0.1819179883584697,0,-0.709590254824831,0,0.0,0,0.0
2025-10-09,-0.0671252986567088,0,-0.2699151752453956,0,0.0,0,0.0
2025-10-10,0.1991540988134587,0,0.7499791714872441,0,0.0,0,0.0
2025-10-13,-0.029241487996573,0,-0.124813884300455,0,0.0,0,0.0
2025-10-14,0.0085644433599734,0,0.0199891159685528,0,0.0,0,0.0
2025-10-15,0.3753201319807565,1,1.4247243565095702,0,0.0,0,0.0
2025-10-16,0.1865282219211262,0,0.7016199646264325,0,0.0,0,0.0
2025-10-17,-0.1443435690913178,0,-0.5656739843344579,0,0.0,0,0.0
2025-10-20,0.0030443124362359,0,-0.0011539028899548,0,0.0,0,0.0
2025-10-21,-0.2920507995540936,0,-1.1314172252751984,1,0.0059138402668789,1,1.0
2025-10-22,0.4040017284413649,1,1.5345796377042735,0,0.0,0,0.0
2025-10-23,0.0104416322396686,0,0.0271790613580194,0,0.0,0,0.0
2025-10-24,0.0114534816333796,0,0.0310546127006885,0,0.0,0,0.0
2025-10-27,-0.1877828563046848,0,-0.7320536737731497,0,0.0,0,0.0
2025-10-28,-0.1950439789081176,0,-0.7598649801097708,0,0.0,0,0.0
2025-10-29,0.4884108727248422,1,1.857880688724952,0,0.0,0,0.0
2025-10-30,0.0639962246269492,0,0.2323020507304047,0,0.0,0,0.0
2025-10-31,0.0017129909088014,0,-0.0062530855995976,0,0.0,0,0.0
2025-11-03,0.1428300996738814,0,0.5342488939907859,0,0.0,0,0.0
2025-11-04,0.000121860426338,0,-0.0123473797860646,0,0.0,0,0.0
2025-11-05,-0.022196245938831,0,-0.0978294363321923,0,0.0,0,0.0
2025-11-06,0.4230898939464433,1,1.6076904839548083,0,0.0,0,0.0
2025-11-07,0.1155506381986652,0,0.4297640228185773,0,0.0,0,0.0
2025-11-10,-0.035786226792642,0,-0.14988132159515,0,0.0,0,0.0
2025-11-11,0.1345414061791822,0,0.5025018203630173,0,0.0,0,0.0
2025-11-12,-0.2156925321463414,0,-0.8389523707075798,0,0.0,0,0.0
2025-11-13,0.1341148329874867,0,0.5008679741443036,0,0.0,0,0.0
2025-11-14,0.2659350977810127,0,1.0057614962305517,-1,0.1246764412550154,0,-1.0
2025-11-17,0.2333418113247418,0,0.880923792247417,0,0.0,0,0.0
2025-11-18,0.1968150130826026,0,0.741020084392681,0,0.0,0,0.0
2025-11-19,-0.2740017484443069,0,-1.062286359854706,1,-0.2939809381538005,0,1.0
2025-11-20,0.0745037870000252,0,0.2725477609282484,0,0.0,0,0.0
2025-11-21,-0.1856805287072531,0,-0.7240014096777242,0,0.0,0,0.0
2025-11-24,0.1105490202852325,0,0.4106069949640349,0,0.0,0,0.0
2025-11-25,-0.4218596088288699,1,-1.6286065384298978,0,0.0,0,0.0
2025-11-26,0.1383871032260436,0,0.5172314791898132,0,0.0,0,0.0
2025-11-28,0.0378079260142048,0,0.1319965146677559,0,0.0,0,0.0
2025-12-01,-0.1336926777637835,0,-0.5248793004204202,0,0.0,0,0.0
2025-12-02,-0.2306345753648008,0,-0.8961828795337416,0,0.0,0,0.0
2025-12-03,-0.1484950130842441,0,-0.5815747047784311,0,0.0,0,0.0
2025-12-04,-0.0508238090308949,0,-0.2074777607452706,0,0.0,0,0.0
2025-12-05,-0.1803366133029605,0,-0.703533325544906,0,0.0,0,0.0
2025-12-08,-0.0559435235260004,0,-0.227087118134733,0,0.0,0,0.0
2025-12-09,0.1154936101822326,0,0.4295455960378438,0,0.0,0,0.0
2025-12-10,-0.0568225282654211,0,-0.2304538523732946,0,0.0,0,0.0
2025-12-11,-0.1731424084517276,0,-0.6759783253206361,0,0.0,0,0.0
2025-12-12,0.0111450609967728,0,0.029873310404381,0,0.0,0,0.0
2025-12-15,0.1433687091265283,0,0.536311857708859,0,0.0,0,0.0
2025-12-16,-0.3456396325100589,0,-1.3366713617162724,1,0.0427768276942808,1,1.0
2025-12-17,0.3251181607910927,1,1.232442463514416,0,0.0,0,-1.0
2025-12-18,-0.1543736202509529,0,-0.6040907472246365,0,0.0,0,0.0
2025-12-19,-0.3329657740180184,0,-1.2881283773542558,1,0.0181889491018526,1,1.0
2025-12-22,0.013293346238427,0,0.0381015999151296,0,0.0,0,0.0
2025-12-23,0.1134976755879587,0,0.4219008348265446,0,0.0,0,0.0
2025-12-24,0.009510802989952,0,0.0236138306320272,0,0.0,0,0.0
2025-12-26,-0.024336830976811,0,-0.1060282327831304,0,0.0,0,0.0
2025-12-29,0.1432680953937187,0,0.5359264903906545,0,0.0,0,0.0
2025-12-30,0.2370597855716399,0,0.8951642515234062,0,0.0,0,0.0
2025-12-31,0.1473670935355677,0,0.5516263345087402,0,0.0,0,0.0
