Date,spread,regime,z_score,gmm_signal,minhash_signal,final_signal,model_signal
2016-07-06,0.1386636405022383,1,0.4389675534384782,0,0.0,0,0.0
2016-07-07,0.1116051958807698,1,0.353506312509866,0,0.0,0,0.0
2016-07-08,0.0879691052836109,1,0.2788542154883088,0,0.0,0,0.0
2016-07-11,0.0489600684860632,1,0.1556482907285659,0,0.0,0,0.0
2016-07-12,0.2854629912895783,1,0.902617806115856,0,0.0,0,0.0
2016-07-13,-0.0838410450056255,1,-0.2637900071659279,0,0.0,0,0.0
2016-07-14,0.0733560823718754,1,0.2327005252364936,0,0.0,0,0.0
2016-07-15,0.1172488964874875,1,0.3713313451023521,0,0.0,0,0.0
2016-07-18,-0.0201400594400153,1,-0.0625971688128563,0,0.0,0,0.0
2016-07-19,-0.2185532270463817,1,-0.6892642133318587,0,0.0,0,0.0
2016-07-20,-0.0784244318970033,1,-0.2466822064638224,0,0.0,0,0.0
2016-07-21,-0.0867576228737353,1,-0.2730017104755789,0,0.0,0,0.0
2016-07-22,-0.2338061173481361,1,-0.7374388571878359,0,0.0,0,0.0
2016-07-25,-0.1851105645274912,1,-0.58363909412033,0,0.0,0,0.0
2016-07-26,0.4647408738273184,2,1.4688480727503654,0,0.0,0,-1.0
2016-07-27,-0.0091994271374391,1,-0.0280423366263832,0,0.0,0,0.0
2016-07-28,-0.1219183431363657,1,-0.3840531337049866,0,0.0,0,0.0
2016-07-29,-0.1471266313687811,1,-0.4636708509894116,0,0.0,0,0.0
2016-08-01,-0.4895234046452621,1,-1.545094914475461,1,0.3145424787202504,1,1.0
2016-08-02,0.2000667969982144,1,0.6329029412440426,0,0.0,0,0.0
2016-08-03,0.3464303383777939,1,1.095176735912965,-1,-0.4971828277744392,-1,-1.0
2016-08-04,-0.1783929723809431,1,-0.5624222884639986,0,0.0,0,0.0
2016-08-05,0.133108057427345,1,0.4214208307681855,0,0.0,0,0.0
2016-08-08,0.1955877508221218,1,0.6187563467246474,0,0.0,0,0.0
2016-08-09,-0.1777290230154958,1,-0.5603252744826456,0,0.0,0,0.0
2016-08-10,0.0461241619644729,1,0.146691379350875,0,0.0,0,0.0
2016-08-11,0.2562618717992334,1,0.8103891528040709,0,0.0,0,0.0
2016-08-12,-0.0647985398680572,1,-0.2036462648994243,0,0.0,0,0.0
2016-08-15,0.3164523509128529,1,1.0004944271130145,-1,-0.2346865589414138,-1,-1.0
2016-08-16,0.2523947089623223,1,0.7981751272183866,0,0.0,0,0.0
2016-08-17,-0.1507524893966453,1,-0.475122740808917,0,0.0,0,0.0
2016-08-18,0.1641803169860475,1,0.5195592824601116,0,0.0,0,0.0
2016-08-19,0.1528505675568642,1,0.4837754649061635,0,0.0,0,0.0
2016-08-22,-0.1370575394874919,1,-0.4318686872199375,0,0.0,0,0.0
2016-08-23,0.2693896921135842,1,0.851851987436558,0,0.0,0,0.0
2016-08-24,-0.0137694466424125,1,-0.0424762608015041,0,0.0,0,0.0
2016-08-25,-0.1618898241374522,1,-0.5102988368817681,0,0.0,0,0.0
2016-08-26,-0.0332839798001216,1,-0.1041108537402705,0,0.0,0,0.0
2016-08-29,-0.0009701900426388,1,-0.0020511599768795,0,0.0,0,0.0
2016-08-30,-0.0419545187834304,1,-0.1314958358188622,0,0.0,0,0.0
2016-08-31,-0.2875311730193848,1,-0.907123774072556,0,0.0,0,0.0
2016-09-01,-0.043243397128221,1,-0.1355666220112225,0,0.0,0,0.0
2016-09-02,-0.0769430697454265,1,-0.2420034804871642,0,0.0,0,0.0
2016-09-06,-0.2374913959291869,1,-0.7490784205518864,0,0.0,0,0.0
2016-09-07,0.0255958298863019,1,0.0818548095428978,0,0.0,0,0.0
2016-09-08,0.1416722391540604,1,0.4484698946793661,0,0.0,0,0.0
2016-09-09,0.0935707192717856,1,0.2965463219389752,0,0.0,0,0.0
2016-09-12,-0.2455599412203198,1,-0.7745620691028396,0,0.0,0,0.0
2016-09-13,0.0304604503413336,1,0.0972191997194073,0,0.0,0,0.0
2016-09-14,-0.1325693824252325,1,-0.4176933169283695,0,0.0,0,0.0
2016-09-15,-0.1519878714661533,1,-0.479024564663099,0,0.0,0,0.0
2016-09-16,-0.1114350570322471,1,-0.3509427812068678,0,0.0,0,0.0
2016-09-19,0.0032633884965979,1,0.011320150924149,0,0.0,0,0.0
2016-09-20,-0.2279853687008579,1,-0.7190546370492086,0,0.0,0,0.0
2016-09-21,-0.0184877047261786,1,-0.0573783808790263,0,0.0,0,0.0
2016-09-22,-0.0862284152577066,1,-0.2713302640858333,0,0.0,0,0.0
2016-09-23,-0.1992379900938566,1,-0.628259076418583,0,0.0,0,0.0
2016-09-26,0.1958534194481032,1,0.6195954330346622,0,0.0,0,0.0
2016-09-27,-0.0139505856667574,1,-0.0430483692880662,0,0.0,0,0.0
2016-09-28,0.4452900387708864,2,1.4074146635402316,0,0.0,0,-1.0
2016-09-29,0.3944010868353659,1,1.246687280913238,-1,-0.6154516806647681,-1,-1.0
2016-09-30,0.2177871733201543,1,0.6888708792161103,0,0.0,0,0.0
2016-10-03,0.1832119439006735,1,0.5796686670078048,0,0.0,0,0.0
2016-10-04,-0.002061225532928,1,-0.005497080398458,0,0.0,0,0.0
2016-10-05,0.3324880318321438,1,1.0511414324996635,-1,-0.2099675439566442,-1,-1.0
2016-10-06,0.1582337950060647,1,0.5007778205273226,0,0.0,0,0.0
2016-10-07,-0.3378548944436564,1,-1.0660659357979858,1,0.148982152140511,1,1.0
2016-10-10,-0.1803565461490243,1,-0.5686240289270091,0,0.0,0,0.0
2016-10-11,0.2233709924874842,1,0.7065067826036381,0,0.0,0,0.0
2016-10-12,-0.1194816282113693,1,-0.3763570268447188,0,0.0,0,0.0
2016-10-13,-0.2210505938294022,1,-0.6971518826830192,0,0.0,0,0.0
2016-10-14,-0.0432022480194844,1,-0.1354366568951586,0,0.0,0,0.0
2016-10-17,-0.0478710095473745,1,-0.1501824473260202,0,0.0,0,0.0
2016-10-18,-0.2835194678438046,1,-0.8944532267687098,0,0.0,0,0.0
2016-10-19,0.2151265957211358,1,0.6804677257318712,0,0.0,0,0.0
2016-10-20,0.0074997875329181,1,0.0247003700674713,0,0.0,0,0.0
2016-10-21,-0.0020945076141761,1,-0.0056021983386775,0,0.0,0,0.0
2016-10-24,-0.2165992835488248,1,-0.6830928890616856,0,0.0,0,0.0
2016-10-25,-0.3091524210773838,1,-0.9754122036298072,0,0.0,0,0.0
2016-10-26,0.2437863315576339,1,0.7709864759238183,0,0.0,0,0.0
2016-10-27,0.1131516116222447,1,0.3583905033828747,0,0.0,0,0.0
2016-10-28,0.1535737535174164,1,0.4860595714198803,0,0.0,0,0.0
2016-10-31,-0.2173532538380612,1,-0.6854742246278227,0,0.0,0,0.0
2016-11-01,0.2747847623206926,1,0.8688917471583955,0,0.0,0,0.0
2016-11-02,0.3127616729511924,1,0.9888378103752906,0,0.0,0,0.0
2016-11-03,-0.0106721492900027,1,-0.0326937740782345,0,0.0,0,0.0
2016-11-04,0.1164329110909512,1,0.3687541413663956,0,0.0,0,0.0
2016-11-07,-0.1847567972615829,1,-0.5825217575561853,0,0.0,0,0.0
2016-11-08,-0.068590518701892,1,-0.2156228297481458,0,0.0,0,0.0
2016-11-09,1.020297745679806,0,3.223515805472203,0,0.0,0,0.0
2016-11-10,0.9390348014066188,0,2.966855374458768,0,0.0,0,0.0
2016-11-11,-0.1243648399929116,1,-0.39178013576343,0,0.0,0,0.0
2016-11-14,0.3473058823803299,1,1.0979420492187033,-1,0.1541773088748574,0,-1.0
2016-11-15,0.0368509393852636,1,0.1174028847565602,0,0.0,0,0.0
2016-11-16,-0.2369473016492179,1,-0.7473599562055873,0,0.0,0,0.0
2016-11-17,-0.2691269267653331,1,-0.8489959051122277,0,0.0,0,0.0
2016-11-18,0.0483282992915383,1,0.153652914419991,0,0.0,0,0.0
2016-11-21,0.1871738349777041,1,0.5921818817399773,0,0.0,0,0.0
2016-11-22,0.1393470440299164,1,0.4411260113375706,0,0.0,0,0.0
2016-11-23,0.3386122405131045,1,1.070484099120103,-1,-0.0099265834074464,-1,-1.0
2016-11-25,-0.1806063930970979,1,-0.5694131441375581,0,0.0,0,0.0
2016-11-28,-0.3520944891818837,1,-1.1110401925844942,1,0.0091736590398653,1,1.0
2016-11-29,-0.2337613509569482,1,-0.7372974672670061,0,0.0,0,0.0
2016-11-30,1.094371109309704,0,3.4574687049875275,0,0.0,0,0.0
2016-12-01,0.69860959844264,0,2.2074977512377805,0,0.0,0,0.0
2016-12-02,-0.1336411594745017,1,-0.4210784115969921,0,0.0,0,0.0
2016-12-05,-0.0509998507640528,1,-0.1600645620146732,0,0.0,0,0.0
2016-12-06,-0.0881274500281559,1,-0.2773281649378437,0,0.0,0,0.0
2016-12-07,-0.0290572014035727,1,-0.0907610203720688,0,0.0,0,0.0
2016-12-08,-0.1886291550777459,1,-0.594752190935432,0,0.0,0,0.0
2016-12-09,-0.2668152178100114,1,-0.8416946164109979,0,0.0,0,0.0
2016-12-12,-0.2431323074603509,1,-0.7668946441436633,0,0.0,0,0.0
2016-12-13,-0.3037372260476361,1,-0.9583088817801282,0,0.0,0,0.0
2016-12-14,-0.069435226248414,1,-0.2182907493627957,0,0.0,0,0.0
2016-12-15,-0.0904830535263991,1,-0.2847680899191899,0,0.0,0,0.0
2016-12-16,-0.0169591733323546,1,-0.0525506758301227,0,0.0,0,0.0
2016-12-19,-0.144657920191098,1,-0.4558736873426978,0,0.0,0,0.0
2016-12-20,0.0062977170567813,1,0.0209037573644339,0,0.0,0,0.0
2016-12-21,0.2105699110851224,1,0.6660759183326729,0,0.0,0,0.0
2016-12-22,-0.1202877833283434,1,-0.3789031826804054,0,0.0,0,0.0
2016-12-23,-0.0819500293872231,1,-0.257817433959121,0,0.0,0,0.0
2016-12-27,0.0644733869223724,1,0.2046454693555962,0,0.0,0,0.0
2016-12-28,-0.0424981004979618,1,-0.1332126812813357,0,0.0,0,0.0
2016-12-29,-0.1180509611447456,1,-0.3718384159422891,0,0.0,0,0.0
2016-12-30,-0.084379214257605,1,-0.2654897579367946,0,0.0,0,0.0
2017-01-03,0.0927597414966707,1,0.2939849342466519,0,0.0,0,0.0
2017-01-04,-0.1759563514350962,1,-0.5547264784269537,0,0.0,0,0.0
2017-01-05,-0.2150364946557384,1,-0.6781569853177342,0,0.0,0,0.0
2017-01-06,-0.3018787514393053,1,-0.9524390859184604,0,0.0,0,0.0
2017-01-09,-0.0864180145140927,1,-0.2719290933221983,0,0.0,0,0.0
2017-01-10,0.1350859001061388,1,0.427667638079393,0,0.0,0,0.0
2017-01-11,0.1778587334297302,1,0.5627611168437473,0,0.0,0,0.0
2017-01-12,-0.0765706339517512,1,-0.2408271813487995,0,0.0,0,0.0
2017-01-13,-0.0024869595270816,1,-0.0068417162766414,0,0.0,0,0.0
2017-01-17,-0.0476206933508001,1,-0.1493918500436176,0,0.0,0,0.0
2017-01-18,0.0593111852330769,1,0.1883412002646472,0,0.0,0,0.0
2017-01-19,-0.0315850229313922,1,-0.0987448778197403,0,0.0,0,0.0
2017-01-20,0.0267026452935167,1,0.0853505691662887,0,0.0,0,0.0
2017-01-23,-0.1267243310328852,1,-0.3992323391349459,0,0.0,0,0.0
2017-01-24,0.5026579785900525,2,1.5886052454472923,0,0.0,0,-1.0
2017-01-25,0.1316980146059586,1,0.416967359367152,0,0.0,0,0.0
2017-01-26,-0.0070920651789038,1,-0.0213864563427363,0,0.0,0,0.0
2017-01-27,-0.0991809247531773,1,-0.3122393980034679,0,0.0,0,0.0
2017-01-30,-0.0853093755058582,1,-0.268427574047494,0,0.0,0,0.0
2017-01-31,-0.2806350514280966,1,-0.8853431020113655,0,0.0,0,0.0
2017-02-01,0.129138586206787,1,0.4088836749528753,0,0.0,0,0.0
2017-02-02,-0.2328962373328293,1,-0.7345650972104213,0,0.0,0,0.0
2017-02-03,-0.0927383758219896,1,-0.2918912873080823,0,0.0,0,0.0
2017-02-06,-0.084598462695752,1,-0.2661822309838533,0,0.0,0,0.0
2017-02-07,-0.237744446933335,1,-0.7498776554353125,0,0.0,0,0.0
2017-02-08,0.0020652561681701,1,0.0075359764449224,0,0.0,0,0.0
2017-02-09,0.0742486562482894,1,0.2355196256011271,0,0.0,0,0.0
2017-02-10,0.1003955960413569,1,0.3181019747516891,0,0.0,0,0.0
2017-02-13,-0.0667608328304829,1,-0.2098439600729796,0,0.0,0,0.0
2017-02-14,-0.0267868733578479,1,-0.0835904289054504,0,0.0,0,0.0
2017-02-15,-0.0921059021517975,1,-0.2898936859874799,0,0.0,0,0.0
2017-02-16,-0.2494578024870699,1,-0.7868730524385091,0,0.0,0,0.0
2017-02-17,-0.1940186840365676,1,-0.6117744492095143,0,0.0,0,0.0
2017-02-21,-0.13592791750206,1,-0.4283008954268106,0,0.0,0,0.0
2017-02-22,-0.2658130643438475,1,-0.8385294204798422,0,0.0,0,0.0
2017-02-23,-0.5631907538143208,0,-1.7777654601768955,0,0.0,0,1.0
2017-02-24,-0.0968923704905635,1,-0.3050112409548451,0,0.0,0,0.0
2017-02-27,0.2664307097095562,1,0.8425063538766187,0,0.0,0,0.0
2017-02-28,-0.167712757404447,1,-0.5286899569111524,0,0.0,0,0.0
2017-03-01,0.3598857998328555,1,1.1376743905011488,-1,-0.0514553644021353,-1,-1.0
2017-03-02,-0.1005773939694136,1,-0.3166499986055245,0,0.0,0,0.0
2017-03-03,0.00847374579901,1,0.0277765144356088,0,0.0,0,0.0
2017-03-06,0.0897962919241338,1,0.284625191606551,0,0.0,0,0.0
2017-03-07,-0.1031373120667705,1,-0.3247352296798249,0,0.0,0,0.0
2017-03-08,-0.026666437667446,1,-0.0832100454910365,0,0.0,0,0.0
2017-03-09,-0.1748446637299153,1,-0.5512153301647782,0,0.0,0,0.0
2017-03-10,0.0635478426421724,1,0.2017222354511052,0,0.0,0,0.0
2017-03-13,-0.0146331383840673,1,-0.045204139992426,0,0.0,0,0.0
2017-03-14,-0.2582879997572587,1,-0.8147622983619807,0,0.0,0,0.0
2017-03-15,0.1356547358465254,1,0.4294642457166041,0,0.0,0,0.0
2017-03-16,0.0437716228317592,1,0.1392611328445657,0,0.0,0,0.0
2017-03-17,0.1104292648458334,1,0.3497922584724661,0,0.0,0,0.0
2017-03-20,0.047749443309203,1,0.1518246589063656,0,0.0,0,0.0
2017-03-21,-0.1542639694166325,1,-0.4862133797647879,0,0.0,0,0.0
2017-03-22,-0.0648558196183241,1,-0.2038271769439404,0,0.0,0,0.0
2017-03-23,-0.0101132757827244,1,-0.0309286311026386,0,0.0,0,0.0
2017-03-24,-0.184102066085139,1,-0.5804538582516868,0,0.0,0,0.0
2017-03-27,-0.0091636618286333,1,-0.0279293756740631,0,0.0,0,0.0
2017-03-28,0.1944145497165845,1,0.6150509148810711,0,0.0,0,0.0
2017-03-29,0.177240155336522,1,0.5608074032361705,0,0.0,0,0.0
2017-03-30,0.0256724801635371,1,0.0820969013520051,0,0.0,0,0.0
2017-03-31,0.0567652343593408,1,0.1803000831917114,0,0.0,0,0.0
2017-04-03,-0.1285198530218944,1,-0.4049033057940415,0,0.0,0,0.0
2017-04-04,0.1121907327058525,1,0.35535566876005,0,0.0,0,0.0
2017-04-05,-0.1690738941461116,1,-0.5329889636221253,0,0.0,0,0.0
2017-04-06,0.1424629579866252,1,0.4509672966402681,0,0.0,0,0.0
2017-04-07,0.0133413401114914,1,0.0431502972269398,0,0.0,0,0.0
2017-04-10,0.1237557029050349,1,0.3918824062851025,0,0.0,0,0.0
2017-04-11,0.0556127812384036,1,0.1766601816672462,0,0.0,0,0.0
2017-04-12,-0.4955521829301531,1,-1.564136174263966,1,0.1809709408665043,1,1.0
2017-04-13,-0.1282175991346014,1,-0.4039486687982748,0,0.0,0,0.0
2017-04-17,-0.2037797927663996,1,-0.6426038807071657,0,0.0,0,0.0
2017-04-18,-0.0654554759721657,1,-0.2057211282351899,0,0.0,0,0.0
2017-04-19,-0.1059014681311346,1,-0.3334655248126602,0,0.0,0,0.0
2017-04-20,0.073665617471437,1,0.2336781591725739,0,0.0,0,0.0
2017-04-21,0.0706770309286497,1,0.2242390240655059,0,0.0,0,0.0
2017-04-24,0.0978041721006105,1,0.3099172357969383,0,0.0,0,0.0
2017-04-25,0.0298413749131888,1,0.0952639153319343,0,0.0,0,0.0
2017-04-26,-0.042078827451279,1,-0.1318884516236928,0,0.0,0,0.0
2017-04-27,-0.1944854191682742,1,-0.6132485828523986,0,0.0,0,0.0
2017-04-28,-0.1245950374650862,1,-0.3925071901786368,0,0.0,0,0.0
2017-05-01,-0.2550509431201447,1,-0.8045383966915768,0,0.0,0,0.0
2017-05-02,-0.0303698399117036,1,-0.0949068505321123,0,0.0,0,0.0
2017-05-03,0.0932214658404718,1,0.2954432418448972,0,0.0,0,0.0
2017-05-04,-0.3859746920799294,1,-1.2180472368949,1,0.1250166995551797,1,1.0
2017-05-05,0.1251775342229877,1,0.3963731104080955,0,0.0,0,0.0
2017-05-08,0.0776711914668677,1,0.246329341791152,0,0.0,0,0.0
2017-05-09,0.0841240318932555,1,0.2667099570877119,0,0.0,0,0.0
2017-05-10,0.0107827276359946,1,0.0350691898214575,0,0.0,0,0.0
2017-05-11,-0.0665447196500968,1,-0.2091613894065868,0,0.0,0,0.0
2017-05-12,-0.2646653584011039,1,-0.8349045124165684,0,0.0,0,0.0
2017-05-15,-0.0747311689781254,1,-0.2350174254116067,0,0.0,0,0.0
2017-05-16,0.028012501453173,1,0.0894876115723919,0,0.0,0,0.0
2017-05-17,-0.032017813610925,1,-0.100111801493759,0,0.0,0,0.0
2017-05-18,-0.1668583599688667,1,-0.525991432804819,0,0.0,0,0.0
2017-05-19,0.2244231939256912,1,0.709830049771208,0,0.0,0,0.0
2017-05-22,-0.3056562697221557,1,-0.9643699786434168,0,0.0,0,0.0
2017-05-23,-0.2092596839440086,1,-0.6599115385102549,0,0.0,0,0.0
2017-05-24,-0.2801249706534974,1,-0.8837320657311615,0,0.0,0,0.0
2017-05-25,-0.3747673234249133,1,-1.182649946097107,1,0.3104614955518115,1,1.0
2017-05-26,0.0570828074143088,1,0.1813031041614211,0,0.0,0,0.0
2017-05-30,-0.1417304256152078,1,-0.446627504763938,0,0.0,0,0.0
2017-05-31,-0.1701672799305271,1,-0.5364423071995946,0,0.0,0,0.0
2017-06-01,-0.0187119241279835,1,-0.0580865541900417,0,0.0,0,0.0
2017-06-02,-0.2394004189440227,1,-0.7551078682193886,0,0.0,0,0.0
2017-06-05,-0.1139618091610867,1,-0.3589232610707514,0,0.0,0,0.0
2017-06-06,0.1070031033759906,1,0.3389710891506251,0,0.0,0,0.0
2017-06-07,-0.3599868069523639,1,-1.1359672451148168,1,0.1653948277551409,1,1.0
2017-06-08,0.1939905093835694,1,0.6137116282528033,0,0.0,0,0.0
2017-06-09,0.5895321449440647,2,1.862988129057756,0,0.0,0,0.0
2017-06-12,0.1474006662583035,1,0.4665625269701849,0,0.0,0,0.0
2017-06-13,0.0460052920826742,1,0.1463159413776408,0,0.0,0,0.0
2017-06-14,-0.4402427473024315,1,-1.3894471605408356,1,0.0237925202774742,1,1.0
2017-06-15,-0.2154589498517863,1,-0.6794912654582249,0,0.0,0,0.0
2017-06-16,0.1246696786712145,1,0.3947691022592833,0,0.0,0,0.0
2017-06-19,-0.1804806894131131,1,-0.5690161223215253,0,0.0,0,0.0
2017-06-20,-0.3061524387085064,1,-0.9659370760090272,0,0.0,0,0.0
2017-06-21,-0.4533884819089294,1,-1.430966575573958,1,0.1649712578940362,1,1.0
2017-06-22,0.0176744679215203,1,0.0568360239909069,0,0.0,0,0.0
2017-06-23,0.1430128715440007,1,0.4527041405599476,0,0.0,0,0.0
2017-06-26,0.043492894925442,1,0.1383808001762052,0,0.0,0,0.0
2017-06-27,0.176873285699432,1,0.5596486842157925,0,0.0,0,0.0
2017-06-28,0.0242773035139733,1,0.0776903831853349,0,0.0,0,0.0
2017-06-29,0.2394284053858063,1,0.7572224261519341,0,0.0,0,0.0
2017-06-30,0.3948076979157358,1,1.2479715190869345,-1,-0.1247496451576885,-1,-1.0
2017-07-03,0.3217385328148752,1,1.0171902746179655,-1,-0.0522281657894897,-1,-1.0
2017-07-05,-0.4055359193310136,1,-1.279829308198358,1,-0.0695941482893006,0,1.0
2017-07-06,0.1432677653613789,1,0.4535091957744254,0,0.0,0,0.0
2017-07-07,-0.1519165298082164,1,-0.4787992395676443,0,0.0,0,0.0
2017-07-10,0.2007705193387947,1,0.6351255739687434,0,0.0,0,0.0
2017-07-11,-0.0083770194103013,1,-0.0254448486371913,0,0.0,0,0.0
2017-07-12,-0.2945880102592914,1,-0.9294120495440572,0,0.0,0,0.0
2017-07-13,0.1145538313570588,1,0.3628192663908093,0,0.0,0,0.0
2017-07-14,-0.1019865103252625,1,-0.3211005438629596,0,0.0,0,0.0
2017-07-17,0.007975992335223,1,0.0262044126652801,0,0.0,0,0.0
2017-07-18,-0.2838596676505635,1,-0.8955277119453713,0,0.0,0,0.0
2017-07-19,0.0608739845558237,1,0.1932771369495803,0,0.0,0,0.0
2017-07-20,-0.3064613073118419,1,-0.9669126048871356,0,0.0,0,0.0
2017-07-21,-0.1652835618036227,1,-0.5210175990425092,0,0.0,0,0.0
2017-07-24,-0.1268358393546235,1,-0.3995845263978479,0,0.0,0,0.0
2017-07-25,0.3061393345024451,1,0.9679218534680644,0,0.0,0,0.0
2017-07-26,-0.3247425480205527,1,-1.0246519738175104,1,0.0516601974775566,1,1.0
2017-07-27,0.3700391921890106,1,1.1697428084213584,-1,-0.0861899948485652,-1,-1.0
2017-07-28,-0.1227732439935657,1,-0.3867532478153622,0,0.0,0,0.0
2017-07-31,-0.0066878303030845,1,-0.0201097231602706,0,0.0,0,0.0
2017-08-01,-0.2405876553248213,1,-0.7588576289982526,0,0.0,0,0.0
2017-08-02,0.2518897731267517,1,0.7965803406849823,0,0.0,0,0.0
2017-08-03,-0.0734713758596743,1,-0.2310385018362755,0,0.0,0,0.0
2017-08-04,0.2224324277849608,1,0.7035424250697314,0,0.0,0,0.0
2017-08-07,-0.0831846826320042,1,-0.2617169558973409,0,0.0,0,0.0
2017-08-08,-0.1244960293802199,1,-0.3921944835943151,0,0.0,0,0.0
2017-08-09,0.0044060323266124,1,0.0149290708387468,0,0.0,0,0.0
2017-08-10,-0.0661395322906635,1,-0.2078816479051745,0,0.0,0,0.0
2017-08-11,0.0239447788821132,1,0.0766401392383658,0,0.0,0,0.0
2017-08-14,-0.3241864427317454,1,-1.0228955739677303,1,0.3124077019496794,1,1.0
2017-08-15,-0.2765072965796035,1,-0.8723060240663374,0,0.0,0,0.0
2017-08-16,-0.0503954638207787,1,-0.1581556696560832,0,0.0,0,0.0
2017-08-17,0.0871561065799768,1,0.2762864449065957,0,0.0,0,0.0
2017-08-18,-0.0582496522040917,1,-0.182962294542144,0,0.0,0,0.0
2017-08-21,-0.2188364364751854,1,-0.6901587004159038,0,0.0,0,0.0
2017-08-22,-0.0371749668841602,1,-0.1164001256955147,0,0.0,0,0.0
2017-08-23,-0.0088134627510538,1,-0.0268233088560816,0,0.0,0,0.0
2017-08-24,-0.0251455694365618,1,-0.0784065437333212,0,0.0,0,0.0
2017-08-25,0.104931066063414,1,0.3324267780322142,0,0.0,0,0.0
2017-08-28,-0.011778740782066,1,-0.0361888264892565,0,0.0,0,0.0
2017-08-29,0.0817647299990152,1,0.2592583511130276,0,0.0,0,0.0
2017-08-30,0.0277330907760904,1,0.088605122444645,0,0.0,0,0.0
2017-08-31,-0.0665627241239369,1,-0.2092182546365796,0,0.0,0,0.0
2017-09-01,0.2490184021857557,1,0.7875114186823782,0,0.0,0,0.0
2017-09-05,0.1753165521285676,1,0.5547319055678527,0,0.0,0,0.0
2017-09-06,0.1317281130019177,1,0.4170624219734697,0,0.0,0,0.0
2017-09-07,0.0050189149212917,1,0.016864795815462,0,0.0,0,0.0
2017-09-08,-0.0392658954104468,1,-0.1230041027181894,0,0.0,0,0.0
2017-09-11,-0.2121265230389963,1,-0.668966147155643,0,0.0,0,0.0
2017-09-12,0.3296962631836411,1,1.042323925934732,-1,-0.1074396728591696,-1,-1.0
2017-09-13,0.2664670587116317,1,0.8426211583625135,0,0.0,0,0.0
2017-09-14,0.0353074664899853,1,0.1125279885526036,0,0.0,0,0.0
2017-09-15,0.0926538087899968,1,0.2936503569753442,0,0.0,0,0.0
2017-09-18,0.1991877154454836,1,0.6301264549594534,0,0.0,0,0.0
2017-09-19,0.0691113307570276,1,0.2192939253556268,0,0.0,0,0.0
2017-09-20,0.1943408767383613,1,0.6148182265565963,0,0.0,0,0.0
2017-09-21,0.0794792994139705,1,0.2520400598702574,0,0.0,0,0.0
2017-09-22,0.1576993931658612,1,0.4990899687288458,0,0.0,0,0.0
2017-09-25,0.2943167832937204,1,0.9305815735157554,0,0.0,0,0.0
2017-09-26,0.1048172628309798,1,0.33206734253614,0,0.0,0,0.0
2017-09-27,0.1124432477166208,1,0.3561532107649676,0,0.0,0,0.0
2017-09-28,-0.0148550234424585,1,-0.0459049405261929,0,0.0,0,0.0
2017-09-29,-0.1241833558287878,1,-0.3912069371893105,0,0.0,0,0.0
2017-10-02,0.0975671779326163,1,0.3091687147354743,0,0.0,0,0.0
2017-10-03,0.097779000601746,1,0.3098377342749888,0,0.0,0,0.0
2017-10-04,-0.1817891209235531,1,-0.5731486651234711,0,0.0,0,0.0
2017-10-05,-0.1918978188881998,1,-0.6050759205262376,0,0.0,0,0.0
2017-10-06,-0.0925200883166053,1,-0.291201849265714,0,0.0,0,0.0
2017-10-09,-0.0259254669243627,1,-0.0808697676191352,0,0.0,0,0.0
2017-10-10,-0.1843396725010734,1,-0.5812043130336385,0,0.0,0,0.0
2017-10-11,-0.1299233810725147,1,-0.4093362009793383,0,0.0,0,0.0
2017-10-12,-0.0065633475944601,1,-0.0197165576660222,0,0.0,0,0.0
2017-10-13,0.0335617344221563,1,0.1070142781035126,0,0.0,0,0.0
2017-10-16,0.0226311023682279,1,0.0724910306467237,0,0.0,0,0.0
2017-10-17,-0.0453760587538547,1,-0.1423024086226553,0,0.0,0,0.0
2017-10-18,-0.0542084710393614,1,-0.170198650438182,0,0.0,0,0.0
2017-10-19,-0.0826256073096371,1,-0.2599511755100919,0,0.0,0,0.0
2017-10-20,0.1371116201495122,1,0.4340656609924802,0,0.0,0,0.0
2017-10-23,0.0204299177434681,1,0.0655388213761398,0,0.0,0,0.0
2017-10-24,0.2710160771923201,1,0.8569887530193909,0,0.0,0,0.0
2017-10-25,-0.174370036712656,1,-0.5497162708344779,0,0.0,0,0.0
2017-10-26,0.211852901141526,1,0.6701281069877566,0,0.0,0,0.0
2017-10-27,-0.0942288201963569,1,-0.2965986985266651,0,0.0,0,0.0
2017-10-30,0.0148622862712127,1,0.0479540451146606,0,0.0,0,0.0
2017-10-31,-0.0348294030020637,1,-0.1089919097819417,0,0.0,0,0.0
2017-11-01,0.1307484175530557,1,0.4139681573191951,0,0.0,0,0.0
2017-11-02,-0.1200624257822007,1,-0.3781914146606465,0,0.0,0,0.0
2017-11-03,-0.2255544735806566,1,-0.7113769114280218,0,0.0,0,0.0
2017-11-06,0.1626330994797025,1,0.5146725592973986,0,0.0,0,0.0
2017-11-07,-0.0818821964248053,1,-0.2576031907080698,0,0.0,0,0.0
2017-11-08,-0.1219656345775229,1,-0.3842024987295895,0,0.0,0,0.0
2017-11-09,-0.1430437291769801,1,-0.4507754354257019,0,0.0,0,0.0
2017-11-10,0.1176999969084231,1,0.372756098161735,0,0.0,0,0.0
2017-11-13,-0.2836936581824459,1,-0.8950033885650107,0,0.0,0,0.0
2017-11-14,-0.265816156306356,1,-0.838539186117024,0,0.0,0,0.0
2017-11-15,-0.0740021387321829,1,-0.2327148603394331,0,0.0,0,0.0
2017-11-16,-0.0028449799151586,1,-0.0079724858781775,0,0.0,0,0.0
2017-11-17,0.1573630293416093,1,0.4980275990979894,0,0.0,0,0.0
2017-11-20,0.1799817245273423,1,0.5694663601132876,0,0.0,0,0.0
2017-11-21,-0.1535358432978793,1,-0.483913670282898,0,0.0,0,0.0
2017-11-22,0.1832788904208971,1,0.5798801105247625,0,0.0,0,0.0
2017-11-24,-0.1446391468409406,1,-0.455814393698023,0,0.0,0,0.0
2017-11-27,-0.0945328160149802,1,-0.2975588372286526,0,0.0,0,0.0
2017-11-28,0.2577943583285198,1,0.8152293497308108,0,0.0,0,0.0
2017-11-29,0.4439771235607342,2,1.4032679594460638,0,0.0,0,-1.0
2017-11-30,0.1751690031166201,1,0.5542658875895383,0,0.0,0,0.0
2017-12-01,-0.0851831287160581,1,-0.2680288368890764,0,0.0,0,0.0
2017-12-04,0.6630334746317486,0,2.0951343197530137,0,0.0,0,0.0
2017-12-05,-0.0785710163668267,1,-0.2471451780376591,0,0.0,0,0.0
2017-12-06,-0.2707609458087048,1,-0.8541567817664878,0,0.0,0,0.0
2017-12-07,0.1635165989828386,1,0.5174629992119649,0,0.0,0,0.0
2017-12-08,0.0758252201371706,1,0.2404990362151478,0,0.0,0,0.0
2017-12-11,-0.2278471905539907,1,-0.718618215959021,0,0.0,0,0.0
2017-12-12,-0.0104643053397353,1,-0.0320373209022352,0,0.0,0,0.0
2017-12-13,0.1499352960742874,1,0.4745678876773108,0,0.0,0,0.0
2017-12-14,-0.205190830366324,1,-0.6470604940111984,0,0.0,0,0.0
2017-12-15,-0.110957607809444,1,-0.3494348082382819,0,0.0,0,0.0
2017-12-18,0.3407002222408724,1,1.0770787689907328,-1,0.0847705826731484,0,-1.0
2017-12-19,0.3776547237339764,1,1.1937956608771638,-1,-0.0495221630873572,-1,-1.0
2017-12-20,0.4856270489338238,2,1.5348148519878548,0,0.0,0,-1.0
2017-12-21,0.3659101117644546,1,1.156701543784269,-1,-0.0311612909776602,-1,-1.0
2017-12-22,0.0254339963041798,1,0.081343675257629,0,0.0,0,0.0
2017-12-26,0.2260101052364239,1,0.7148421416248271,0,0.0,0,0.0
2017-12-27,-0.089629881184138,1,-0.2820734351407794,0,0.0,0,0.0
2017-12-28,-0.0798631188690271,1,-0.251226147390842,0,0.0,0,0.0
2017-12-29,0.0470906919316516,1,0.149744062221059,0,0.0,0,0.0
2018-01-02,0.3045277189299237,1,0.9628317358114756,0,0.0,0,0.0
2018-01-03,0.076224666680749,1,0.241760645955708,0,0.0,0,0.0
2018-01-04,0.2592042848134382,1,0.8196824536953914,0,0.0,0,0.0
2018-01-05,-0.1857721206752269,1,-0.5857285493761796,0,0.0,0,0.0
2018-01-08,-0.0851065901071523,1,-0.2677870977725992,0,0.0,0,0.0
2018-01-09,0.0059460192125219,1,0.0197929568501105,0,0.0,0,0.0
2018-01-10,0.0089576745591641,1,0.0293049523389095,0,0.0,0,0.0
2018-01-11,0.5266032047502839,2,1.664233714511106,0,0.0,0,-1.0
2018-01-12,0.1847871070577919,1,0.5846436535584199,0,0.0,0,0.0
2018-01-16,-0.3195742977733116,1,-1.0083286009948025,1,-0.0040003314788355,0,1.0
2018-01-17,-0.1956656101882196,1,-0.6169760916027468,0,0.0,0,0.0
2018-01-18,0.0482519247445377,1,0.1534116934757222,0,0.0,0,0.0
2018-01-19,0.0755771628409616,1,0.2397155734310895,0,0.0,0,0.0
2018-01-22,-0.1897406559638184,1,-0.5982627491491748,0,0.0,0,0.0
2018-01-23,-0.3088302208808517,1,-0.9743945683219288,0,0.0,0,0.0
2018-01-24,0.0318325524245775,1,0.101552839304209,0,0.0,0,0.0
2018-01-25,-0.2925495117317734,1,-0.9229736671377524,0,0.0,0,0.0
2018-01-26,-0.00267768082615,1,-0.0074440893663705,0,0.0,0,0.0
2018-01-29,0.0233166297149998,1,0.0746561964042239,0,0.0,0,0.0
2018-01-30,-0.0963363744958511,1,-0.3032551862989259,0,0.0,0,0.0
2018-01-31,-0.4932689810775245,1,-1.5569249222372574,1,-0.0240618256418937,0,1.0
2018-02-01,0.2183647722810697,1,0.6906951645602777,0,0.0,0,0.0
2018-02-02,-0.2369194823788731,1,-0.7472720919769276,0,0.0,0,0.0
2018-02-05,0.3421651124451843,1,1.0817054700608062,-1,0.088618951495337,0,-1.0
2018-02-06,0.2682836159249503,1,0.8483585625570201,0,0.0,0,0.0
2018-02-07,0.0310389661341979,1,0.0990463807805005,0,0.0,0,0.0
2018-02-08,0.3244852860919449,1,1.0258656048842465,-1,-0.0793339624442777,-1,-1.0
2018-02-09,-0.492032165764922,1,-1.553018571636061,1,0.1655398918278123,1,1.0
2018-02-12,-0.0062048684480522,1,-0.0185843391247264,0,0.0,0,0.0
2018-02-13,-0.1991727019252728,1,-0.6280528706302171,0,0.0,0,0.0
2018-02-14,0.0565982631410765,1,0.179772722225039,0,0.0,0,0.0
2018-02-15,-0.4026687576245676,1,-1.270773680618735,1,-0.0718358732329274,0,1.0
2018-02-16,-0.2016045865586113,1,-0.6357337215241904,0,0.0,0,0.0
2018-02-20,0.0738990467426445,1,0.2344154208838632,0,0.0,0,0.0
2018-02-21,0.1818330394215956,1,0.5753135427738524,0,0.0,0,0.0
2018-02-22,0.2252218187744845,1,0.7123524220497738,0,0.0,0,0.0
2018-02-23,-0.4872555130128015,1,-1.5379320181629392,1,0.0117708867946105,1,1.0
2018-02-26,-0.1371699589676972,1,-0.4322237522806716,0,0.0,0,0.0
2018-02-27,0.1036394675301732,1,0.3283474004117891,0,0.0,0,0.0
2018-02-28,-0.2356327525326572,1,-0.7432080915905105,0,0.0,0,0.0
2018-03-01,0.1107234479731579,1,0.350721404824857,0,0.0,0,0.0
2018-03-02,-0.2376986787228648,1,-0.7497331013740358,0,0.0,0,0.0
2018-03-05,-0.3841217716156075,1,-1.2121949832107644,1,-0.0604958986280509,0,1.0
2018-03-06,0.2171500236770606,1,0.6868585093287145,0,0.0,0,0.0
2018-03-07,-0.2666896588253235,1,-0.8412980516124193,0,0.0,0,0.0
2018-03-08,-0.3244433155915299,1,-1.023706879778732,1,-0.0947888244478191,0,1.0
2018-03-09,0.0516855302698855,1,0.1642563740610484,0,0.0,0,0.0
2018-03-12,-0.2261886983197546,1,-0.7133800433149129,0,0.0,0,0.0
2018-03-13,0.1229377187380305,1,0.3892988896436213,0,0.0,0,0.0
2018-03-14,-0.2148532930406632,1,-0.6775783623560863,0,0.0,0,0.0
2018-03-15,-0.0915782055495423,1,-0.2882270119752289,0,0.0,0,0.0
2018-03-16,0.1460148457521859,1,0.4621855591949138,0,0.0,0,0.0
2018-03-19,0.0872257918423589,1,0.2765065384515469,0,0.0,0,0.0
2018-03-20,0.0612326796069155,1,0.1944100374030281,0,0.0,0,0.0
2018-03-21,0.5174974353572994,2,1.635474103128388,0,0.0,0,-1.0
2018-03-22,-0.0724301645312619,1,-0.2277499457703273,0,0.0,0,0.0
2018-03-23,0.444530365383545,2,1.4050153153407745,0,0.0,0,-1.0
2018-03-26,-0.3163229285327709,1,-0.9980594944773764,0,0.0,0,0.0
2018-03-27,-0.0118575342738415,1,-0.0364376874152422,0,0.0,0,0.0
2018-03-28,-0.3799611435631991,1,-1.1990540787214097,1,-0.1602165678033903,0,1.0
2018-03-29,0.0484214136160707,1,0.1539470061844694,0,0.0,0,0.0
2018-04-02,0.1076858094083803,1,0.3411273440844798,0,0.0,0,0.0
2018-04-03,0.0693188628883662,1,0.2199493936844559,0,0.0,0,0.0
2018-04-04,-0.1001671071707732,1,-0.3153541510636957,0,0.0,0,0.0
2018-04-05,0.1580020313242263,1,0.5000458194042283,0,0.0,0,0.0
2018-04-06,-0.0400054553865867,1,-0.1253399248316267,0,0.0,0,0.0
2018-04-09,-0.2563421829864896,1,-0.808616641500474,0,0.0,0,0.0
2018-04-10,0.2881060692641728,1,0.9109656888836892,0,0.0,0,0.0
2018-04-11,0.0284491656598683,1,0.0908667693730468,0,0.0,0,0.0
2018-04-12,0.071248454700957,1,0.2260438057283348,0,0.0,0,0.0
2018-04-13,0.0818694989894281,1,0.2595892529093717,0,0.0,0,0.0
2018-04-16,-0.0205103651476021,1,-0.0637667402991718,0,0.0,0,0.0
2018-04-17,-0.2819875766037622,1,-0.8896149100002054,0,0.0,0,0.0
2018-04-18,0.3475216727722978,1,1.0986236003919518,-1,-0.0865147257210672,-1,-1.0
2018-04-19,-0.1686265337243309,1,-0.5315760229552627,0,0.0,0,0.0
2018-04-20,0.0198273481554416,1,0.063635668942251,0,0.0,0,0.0
2018-04-23,-0.0593923190190172,1,-0.1865712870521568,0,0.0,0,0.0
2018-04-24,-0.4830815210799674,1,-1.5247489052680094,1,0.986009220047386,1,1.0
2018-04-25,0.2844591236724639,1,0.8994471962198762,0,0.0,0,0.0
2018-04-26,-0.457929723567061,1,-1.4453096079577452,1,0.0844273324030309,1,1.0
2018-04-27,-0.1078897862407885,1,-0.3397454176664067,0,0.0,0,0.0
2018-04-30,-0.0838543884202528,1,-0.2638321509324388,0,0.0,0,0.0
2018-05-01,-0.2087528216308377,1,-0.6583106674007171,0,0.0,0,0.0
2018-05-02,0.3964194600156644,1,1.2530620995348702,-1,0.1739258539431981,0,-1.0
2018-05-03,0.0329594399381969,1,0.1051119945567788,0,0.0,0,0.0
2018-05-04,-0.0618036197197177,1,-0.1941871257678231,0,0.0,0,0.0
2018-05-07,0.0251484278611669,1,0.0804417374762323,0,0.0,0,0.0
2018-05-08,0.5029276989674187,2,1.5894571287863355,0,0.0,0,-1.0
2018-05-09,-0.0093856473896238,1,-0.0286304936346804,0,0.0,0,0.0
2018-05-10,-0.297475628486584,1,-0.938532286885294,0,0.0,0,0.0
2018-05-11,0.0352467657512185,1,0.1123362716770454,0,0.0,0,0.0
2018-05-14,0.2210535434877975,1,0.6991873645782258,0,0.0,0,0.0
2018-05-15,0.3017330650614901,1,0.954005116583969,0,0.0,0,0.0
2018-05-16,0.2322637185114679,1,0.734593518995161,0,0.0,0,0.0
2018-05-17,0.3348691336279646,1,1.058661891162197,-1,-0.3343948481721682,-1,-1.0
2018-05-18,0.1229401741750619,1,0.3893066448822784,0,0.0,0,0.0
2018-05-21,0.0935970555909497,1,0.2966295024228776,0,0.0,0,0.0
2018-05-22,-0.4270352939333466,1,-1.3477328133113855,1,0.0498519530800103,1,1.0
2018-05-23,-0.2314023055660514,1,-0.7298466714310543,0,0.0,0,0.0
2018-05-24,0.0081111665341164,1,0.0266313461029026,0,0.0,0,0.0
2018-05-25,-0.2327918806301591,1,-0.7342354975813895,0,0.0,0,0.0
2018-05-29,0.1381327053483392,1,0.4372906508027353,0,0.0,0,0.0
2018-05-30,-0.0926336566111575,1,-0.2915605427352891,0,0.0,0,0.0
2018-05-31,-0.3028126939604691,1,-0.9553888447804804,0,0.0,0,0.0
2018-06-01,0.0004742854557964,1,0.0025110633997483,0,0.0,0,0.0
2018-06-04,-0.2500895097140131,1,-0.7888682330290188,0,0.0,0,0.0
2018-06-05,0.3023018706781171,1,0.9558016290784656,0,0.0,0,0.0
2018-06-06,0.0172152142847165,1,0.0553855198598936,0,0.0,0,0.0
2018-06-07,0.3744966010602008,1,1.1838210637973483,-1,-0.1084754769260257,-1,-1.0
2018-06-08,-0.1232603413042425,1,-0.3882916932510029,0,0.0,0,0.0
2018-06-11,0.1413001204013629,1,0.4472945968814617,0,0.0,0,0.0
2018-06-12,-0.2177631798696218,1,-0.686768932724914,0,0.0,0,0.0
2018-06-13,-0.0924476698560922,1,-0.2909731232029944,0,0.0,0,0.0
2018-06-14,-0.3148819407657393,1,-0.993508286732207,0,0.0,0,0.0
2018-06-15,-0.3427952540326861,1,-1.0816695400338725,1,0.0031465132538512,1,1.0
2018-06-18,0.081389734293224,1,0.2580739667624804,0,0.0,0,0.0
2018-06-19,-0.4794089002210716,1,-1.5131493199831807,1,-0.0292505846633777,0,1.0
2018-06-20,0.0628190265399329,1,0.1994203467292116,0,0.0,0,0.0
2018-06-21,-0.3509528832111064,1,-1.1074345506387355,1,0.1291144700872671,1,1.0
2018-06-22,0.075815435821789,1,0.2404681334878903,0,0.0,0,0.0
2018-06-25,-0.1414278839454765,1,-0.4456719588377195,0,0.0,0,0.0
2018-06-26,0.1556671615631027,1,0.4926713797428299,0,0.0,0,0.0
2018-06-27,0.269788372625928,1,0.8531111777483295,0,0.0,0,0.0
2018-06-28,-0.3804963746240247,1,-1.2007445495256843,1,-0.0307792760090999,0,1.0
2018-06-29,0.0192415792946101,1,0.0617855798316493,0,0.0,0,0.0
2018-07-02,-0.3875000433757216,1,-1.2228648979398753,1,0.0447205533805104,1,1.0
2018-07-03,0.1040556159398602,1,0.3296617612333311,0,0.0,0,0.0
2018-07-05,-0.1401469887966712,1,-0.4416263867271375,0,0.0,0,0.0
2018-07-06,-0.2980964723627474,1,-0.940493156729149,0,0.0,0,0.0
2018-07-09,0.4991080870689528,2,1.577393287820045,0,0.0,0,-1.0
2018-07-10,0.0168179433870488,1,0.0541307816672717,0,0.0,0,0.0
2018-07-11,-0.5536350410350718,0,-1.7475847501066617,0,0.0,0,1.0
2018-07-12,-0.1916337015401957,1,-0.6042417337639545,0,0.0,0,0.0
2018-07-13,0.2881476468656975,1,0.9110970073489908,0,0.0,0,0.0
2018-07-16,-0.295335899293392,1,-0.9317741781078118,0,0.0,0,0.0
2018-07-17,0.1030999293759147,1,0.3266433261075817,0,0.0,0,0.0
2018-07-18,0.0716953473114411,1,0.2274552688626012,0,0.0,0,0.0
2018-07-19,0.2749439407437934,1,0.8693944954041859,0,0.0,0,0.0
2018-07-20,0.0448065525500787,1,0.1425298491081497,0,0.0,0,0.0
2018-07-23,-0.3511751375370633,1,-1.108136517465128,1,-0.2762909122938742,0,1.0
2018-07-24,0.1053749038610545,1,0.333828592862594,0,0.0,0,0.0
2018-07-25,-0.0702645564160274,1,-0.2209101011494665,0,0.0,0,0.0
2018-07-26,0.2472577077440962,1,0.7819504511550378,0,0.0,0,0.0
2018-07-27,0.2013813660841266,1,0.6370548689302081,0,0.0,0,0.0
2018-07-30,0.3836695287787083,1,1.212792787661703,-1,-0.1233533035205934,-1,-1.0
2018-07-31,0.1555167272092424,1,0.4921962487166735,0,0.0,0,0.0
2018-08-01,-0.4168137509576395,1,-1.3154491488536,1,0.0923776911098421,1,1.0
2018-08-02,-0.1239691213154641,1,-0.3905303000945143,0,0.0,0,0.0
2018-08-03,-0.185184302758074,1,-0.583871988537494,0,0.0,0,0.0
2018-08-06,0.0005759585397601,1,0.0028321871023905,0,0.0,0,0.0
2018-08-07,0.1601836845408321,1,0.5069363407839792,0,0.0,0,0.0
2018-08-08,-0.0758901256131116,1,-0.2386778675986564,0,0.0,0,0.0
2018-08-09,-0.1618602820490147,1,-0.5102055313140309,0,0.0,0,0.0
2018-08-10,0.0443778723740154,1,0.1411759080254166,0,0.0,0,0.0
2018-08-13,-0.266636170487644,1,-0.8411291143443224,0,0.0,0,0.0
2018-08-14,-0.0116121881415328,1,-0.035662787556161,0,0.0,0,0.0
2018-08-15,-0.3873636363971039,1,-1.2224340708976311,1,0.1599793122052542,1,1.0
2018-08-16,-0.0898730963455993,1,-0.2828416045533937,0,0.0,0,0.0
2018-08-17,0.0786125219785564,1,0.2493024348413361,0,0.0,0,0.0
2018-08-20,0.1625160317650066,1,0.5143028132787142,0,0.0,0,0.0
2018-08-21,0.3198253279345309,1,1.0111476189697106,-1,0.067144002651287,0,-1.0
2018-08-22,-0.0811234200269483,1,-0.2552066755552086,0,0.0,0,0.0
2018-08-23,-0.137807656814121,1,-0.4342378536104148,0,0.0,0,0.0
2018-08-24,-0.2710653350366643,1,-0.8551181630103338,0,0.0,0,0.0
2018-08-27,0.2017022387793483,1,0.6380683114653344,0,0.0,0,0.0
2018-08-28,-0.2104022962373922,1,-0.663520358819733,0,0.0,0,0.0
2018-08-29,-0.1083989748406972,1,-0.3413536361070327,0,0.0,0,0.0
2018-08-30,-0.1152432902840481,1,-0.3629706839188475,0,0.0,0,0.0
2018-08-31,-0.004672778177317,1,-0.0137453937387895,0,0.0,0,0.0
2018-09-04,-0.0602695267078612,1,-0.1893418549354728,0,0.0,0,0.0
2018-09-05,0.3869693305858179,1,1.223214863327882,-1,0.0072653197085492,0,-1.0
2018-09-06,-0.1579467385661745,1,-0.4978450173543244,0,0.0,0,0.0
2018-09-07,0.0262282253512333,1,0.0838521638604399,0,0.0,0,0.0
2018-09-10,-0.0071036738194577,1,-0.0214231210084667,0,0.0,0,0.0
2018-09-11,0.0178160578204191,1,0.0572832207397271,0,0.0,0,0.0
2018-09-12,0.1705795636228829,1,0.5397706274299662,0,0.0,0,0.0
2018-09-13,-0.2977228864926876,1,-0.9393132251959307,0,0.0,0,0.0
2018-09-14,0.1001668350066584,1,0.317379457172614,0,0.0,0,0.0
2018-09-17,0.248739465913808,1,0.7866304279131697,0,0.0,0,0.0
2018-09-18,0.0821328690569513,1,0.2604210794651424,0,0.0,0,0.0
2018-09-19,0.3259359687426456,1,1.03044743289605,-1,-0.1480033471894868,-1,-1.0
2018-09-20,-0.2471639769392958,1,-0.7796282465921675,0,0.0,0,0.0
2018-09-21,-0.0429489805145696,1,-0.1346367382169158,0,0.0,0,0.0
2018-09-24,0.0111352490302171,1,0.036182591431402,0,0.0,0,0.0
2018-09-25,-0.0080202170256624,1,-0.0243179259709367,0,0.0,0,0.0
2018-09-26,0.0852884179444019,1,0.2703875475125505,0,0.0,0,0.0
2018-09-27,-0.2412929602608868,1,-0.7610852601837275,0,0.0,0,0.0
2018-09-28,-0.2894576975574188,1,-0.913208498453542,0,0.0,0,0.0
2018-10-01,0.2442444049159815,1,0.772433252269923,0,0.0,0,0.0
2018-10-02,0.0436929619130807,1,0.1390126906367117,0,0.0,0,0.0
2018-10-03,0.1779326215531587,1,0.5629944846816415,0,0.0,0,0.0
2018-10-04,0.111830317753466,1,0.354217336179923,0,0.0,0,0.0
2018-10-05,-0.1670846934739397,1,-0.5267062832878332,0,0.0,0,0.0
2018-10-08,0.0691262649033529,1,0.2193410932802809,0,0.0,0,0.0
2018-10-09,-0.5831974476375317,0,-1.8409544906230075,0,0.0,0,0.0
2018-10-10,0.2997672199208674,1,0.9477962022305624,0,0.0,0,0.0
2018-10-11,0.2703664495505833,1,0.8549369726905133,0,0.0,0,0.0
2018-10-12,-0.4289482468135974,1,-1.3537746730439475,1,0.2161108299808574,1,1.0
2018-10-15,0.1603504627767144,1,0.5074630922361701,0,0.0,0,0.0
2018-10-16,-0.5997139408643621,0,-1.8931200909263608,0,0.0,0,0.0
2018-10-17,-0.5735888140841517,0,-1.8106066358742303,0,0.0,0,1.0
2018-10-18,-0.0595205822784796,1,-0.1869763930171357,0,0.0,0,0.0
2018-10-19,-0.3946674957773052,1,-1.245502539722511,1,0.0463628891843909,1,1.0
2018-10-22,0.0673302197626673,1,0.2136684743018415,0,0.0,0,0.0
2018-10-23,-0.4194742813470927,1,-1.323852153231411,1,0.0638411644220249,1,1.0
2018-10-24,-0.360124765484179,1,-1.136402972574046,1,0.0307139776437396,1,1.0
2018-10-25,-0.0080528920966151,1,-0.0244211267332169,0,0.0,0,0.0
2018-10-26,0.5761806624536174,2,1.82081888105283,0,0.0,0,0.0
2018-10-29,-0.2902187153339892,1,-0.9156120927644594,0,0.0,0,0.0
2018-10-30,0.2472591358776774,1,0.7819549617641939,0,0.0,0,0.0
2018-10-31,-0.0964151078372146,1,-0.3035038572461853,0,0.0,0,0.0
2018-11-01,0.5525869990612231,2,1.7463007858787196,0,0.0,0,0.0
2018-11-02,0.2431609591624076,1,0.7690113032305536,0,0.0,0,0.0
2018-11-05,-0.0766842456522696,1,-0.2411860119115365,0,0.0,0,0.0
2018-11-06,0.0753422269822876,1,0.2389735533223292,0,0.0,0,0.0
2018-11-07,-0.3822010123221613,1,-1.2061284677462043,1,0.0640582331080686,1,1.0
2018-11-08,-0.3123656935671269,1,-0.9855609855814992,0,0.0,0,0.0
2018-11-09,-0.1808983934253455,1,-0.5703353963494905,0,0.0,0,0.0
2018-11-12,0.0146171572253868,1,0.0471798309003185,0,0.0,0,0.0
2018-11-13,-0.0788628542181015,1,-0.2480669170832247,0,0.0,0,0.0
2018-11-14,0.203315285932136,1,0.64316295061707,0,0.0,0,0.0
2018-11-15,-0.0609474152261456,1,-0.1914828942595839,0,0.0,0,0.0
2018-11-16,-0.0195875693480258,1,-0.0608521871805888,0,0.0,0,0.0
2018-11-19,0.3194297591813163,1,1.009898256820658,-1,-0.3021249308861731,-1,-1.0
2018-11-20,-0.3253592264847678,1,-1.0265996876474457,1,-0.0765559009748308,0,1.0
2018-11-21,0.3930097351728814,1,1.2422928435644751,-1,0.1533143423166595,0,-1.0
2018-11-23,-0.2376096086529822,1,-0.7494517829609394,0,0.0,0,0.0
2018-11-26,-0.2191917288328225,1,-0.6912808538212785,0,0.0,0,0.0
2018-11-27,-0.323358429068898,1,-1.0202803802223868,1,0.1548275272292729,1,1.0
2018-11-28,-0.1645237290946537,1,-0.5186177476425097,0,0.0,0,0.0
2018-11-29,0.0211968840299908,1,0.0679612034277908,0,0.0,0,0.0
2018-11-30,-0.3628092033189045,1,-1.1448814860939749,1,0.4299776793513246,1,1.0
2018-12-03,0.1816986340813201,1,0.5748890376950104,0,0.0,0,0.0
2018-12-04,-0.2730374420334527,1,-0.8613468547754107,0,0.0,0,0.0
2018-12-06,-0.5329715317287674,0,-1.6823212372935274,0,0.0,0,1.0
2018-12-07,0.1187343019879445,1,0.3760228415696148,0,0.0,0,0.0
2018-12-10,-0.3471408034123669,1,-1.0953944990143094,1,0.425000287565799,1,1.0
2018-12-11,-0.096767785068055,1,-0.3046177510496366,0,0.0,0,0.0
2018-12-12,0.2521238160261345,1,0.7973195404760861,0,0.0,0,0.0
2018-12-13,-0.1654217631154736,1,-0.5214540932968527,0,0.0,0,0.0
2018-12-14,0.1648822488311357,1,0.5217762600938135,0,0.0,0,0.0
2018-12-17,0.6295726173718585,2,1.989451734372755,0,0.0,0,0.0
2018-12-18,-0.1035465022837942,1,-0.3260276137843772,0,0.0,0,0.0
2018-12-19,-0.0250605821494616,1,-0.0781381203586466,0,0.0,0,0.0
2018-12-20,0.0286429300645545,1,0.0914787537906263,0,0.0,0,0.0
2018-12-21,0.3573678911437717,1,1.1297218417081814,-1,0.037514858956313,0,-1.0
2018-12-24,0.4973902951637972,2,1.5719678234252716,0,0.0,0,-1.0
2018-12-26,-0.2323819742681374,1,-0.7329408516084607,0,0.0,0,0.0
2018-12-27,-0.1081704950892149,1,-0.3406320069313022,0,0.0,0,0.0
2018-12-28,-0.1661394824438988,1,-0.523720934030078,0,0.0,0,0.0
2018-12-31,-0.0808597579233398,1,-0.2543739266342914,0,0.0,0,0.0
2019-01-02,0.6769236014965122,0,2.1390048191525515,0,0.0,0,0.0
2019-01-03,0.1073326542151889,1,0.3400119406873984,0,0.0,0,0.0
2019-01-04,-0.0650891622035829,1,-0.2045641648668119,0,0.0,0,0.0
2019-01-07,0.1542089152139877,1,0.4880656625880417,0,0.0,0,0.0
2019-01-08,-0.1058909572060345,1,-0.3334323271653112,0,0.0,0,0.0
2019-01-09,0.3306560169859592,1,1.045355207003526,-1,-0.1018366456296141,-1,-1.0
2019-01-10,-0.172574135495664,1,-0.5440441064238314,0,0.0,0,0.0
2019-01-11,-0.0174427385367809,1,-0.0540779654810357,0,0.0,0,0.0
2019-01-14,0.0831263054786012,1,0.26355874353141,0,0.0,0,0.0
2019-01-15,-0.7993659078160495,0,-2.523699752404458,0,0.0,0,0.0
2019-01-16,-0.2443748553604934,1,-0.7708191005174478,0,0.0,0,0.0
2019-01-17,0.1916208487663502,1,0.6062273053451024,0,0.0,0,0.0
2019-01-18,0.1995147592144187,1,0.6311593881794578,0,0.0,0,0.0
2019-01-22,-0.3693079365477468,1,-1.165407048962441,1,0.0442823502590606,1,1.0
2019-01-23,-0.3318771850708165,1,-1.0471859717771357,1,0.2142321503799193,1,1.0
2019-01-24,0.0858734748607886,1,0.2722353880217792,0,0.0,0,0.0
2019-01-25,0.2488029443195581,1,0.7868309177566721,0,0.0,0,0.0
2019-01-28,-0.0482546719905195,1,-0.1513942046516008,0,0.0,0,0.0
2019-01-29,0.5857216777693772,2,1.850953170736162,0,0.0,0,0.0
2019-01-30,-0.1833795900157498,1,-0.5781719938542692,0,0.0,0,0.0
2019-01-31,-0.4818977833775315,1,-1.5210101946954184,1,0.1362036249058888,1,1.0
2019-02-01,0.0479416404196915,1,0.1524316931906721,0,0.0,0,0.0
2019-02-04,-0.0272594907411032,1,-0.0850831410188948,0,0.0,0,0.0
2019-02-05,-0.0778214156872052,1,-0.2447776434222156,0,0.0,0,0.0
2019-02-06,0.0787821416761265,1,0.2498381607503111,0,0.0,0,0.0
2019-02-07,-0.3290656323304246,1,-1.0383059792464675,1,0.1454072390883612,1,1.0
2019-02-08,-0.2719207043303171,1,-0.8578197566277953,0,0.0,0,0.0
2019-02-11,0.1624252236092286,1,0.5140160053047971,0,0.0,0,0.0
2019-02-12,0.32338467281698,1,1.0223894340408424,-1,-0.0877763667956518,-1,-1.0
2019-02-13,0.1133370296457541,1,0.3589761266365879,0,0.0,0,0.0
2019-02-14,0.0362120176423613,1,0.1153849178789895,0,0.0,0,0.0
2019-02-15,0.0214382721994668,1,0.0687236024790848,0,0.0,0,0.0
2019-02-19,-0.0191548221352077,1,-0.0594854007916,0,0.0,0,0.0
2019-02-20,0.3164276171102504,1,1.0004163080085031,-1,-0.0777366475738165,-1,-1.0
2019-02-21,-0.163663463511438,1,-0.5159006896113375,0,0.0,0,0.0
2019-02-22,-0.1836583932420633,1,-0.5790525644128868,0,0.0,0,0.0
2019-02-25,0.1282698461201067,1,0.4061398510971157,0,0.0,0,0.0
2019-02-26,-0.2061132511861619,1,-0.6499738627958619,0,0.0,0,0.0
2019-02-27,-0.0260442413953827,1,-0.0812449042474969,0,0.0,0,0.0
2019-02-28,-0.4165981859815441,1,-1.3147683096325886,1,0.5488651466989954,1,1.0
2019-03-01,-0.0648969296763192,1,-0.2039570187223596,0,0.0,0,0.0
2019-03-04,0.2131453672525642,1,0.6742102247610695,0,0.0,0,0.0
2019-03-05,-0.1545429311525856,1,-0.4870944509593691,0,0.0,0,0.0
2019-03-06,0.0268986883530813,1,0.0859697504747567,0,0.0,0,0.0
2019-03-07,-0.0346114380499072,1,-0.1083034904898935,0,0.0,0,0.0
2019-03-08,-0.2356886072516628,1,-0.74338450282422,0,0.0,0,0.0
2019-03-11,-0.0653245682650939,1,-0.2053076700615961,0,0.0,0,0.0
2019-03-12,-0.1376658756952555,1,-0.4337900529135161,0,0.0,0,0.0
2019-03-13,-0.0706581098814402,1,-0.2221530982247398,0,0.0,0,0.0
2019-03-14,-0.2100733465183919,1,-0.6624814058576483,0,0.0,0,0.0
2019-03-15,-0.2156245695003778,1,-0.6800143576347633,0,0.0,0,0.0
2019-03-18,0.4365697598477634,2,1.3798725831125036,0,0.0,0,-1.0
2019-03-19,0.0235978606150111,1,0.0755444345139402,0,0.0,0,0.0
2019-03-20,0.0409779416357745,1,0.1304375857003091,0,0.0,0,0.0
2019-03-21,-0.0852182821606108,1,-0.2681398653327441,0,0.0,0,0.0
2019-03-22,-0.2975290136504696,1,-0.9387008982898544,0,0.0,0,0.0
2019-03-25,0.1634215272461123,1,0.5171627251677052,0,0.0,0,0.0
2019-03-26,-0.1579430976142132,1,-0.4978335177919095,0,0.0,0,0.0
2019-03-27,0.2770685318437462,1,0.8761047921122157,0,0.0,0,0.0
2019-03-28,0.0968447151638954,1,0.3068868923468132,0,0.0,0,0.0
2019-03-29,-0.0380444319549614,1,-0.1191462393370876,0,0.0,0,0.0
2019-04-01,0.288995150579329,1,0.9137737583622804,0,0.0,0,0.0
2019-04-02,-0.1759998531124042,1,-0.5548638738825027,0,0.0,0,0.0
2019-04-03,-0.0066745730337402,1,-0.0200678514745423,0,0.0,0,0.0
2019-04-04,0.4953967755543186,2,1.5656715021834222,0,0.0,0,-1.0
2019-04-05,0.0758463419913877,1,0.2405657473619767,0,0.0,0,0.0
2019-04-08,0.1415847728530067,1,0.4481936416008151,0,0.0,0,0.0
2019-04-09,-0.4123221566295428,1,-1.301262922320738,1,0.1677904513431405,1,1.0
2019-04-10,-0.0818690991815379,1,-0.2575618244478122,0,0.0,0,0.0
2019-04-11,0.1614959722858844,1,0.5110810630958668,0,0.0,0,0.0
2019-04-12,0.0341134517360199,1,0.1087568189976474,0,0.0,0,0.0
2019-04-15,-0.0217059343594843,1,-0.067542819445363,0,0.0,0,0.0
2019-04-16,0.4073055219817859,2,1.2874445770743357,0,0.0,0,-1.0
2019-04-17,0.4110487498159804,2,1.2992671670370628,0,0.0,0,-1.0
2019-04-18,0.0353866988258051,1,0.1127782355211769,0,0.0,0,0.0
2019-04-22,-0.0150297072658903,1,-0.0464566609421104,0,0.0,0,0.0
2019-04-23,-0.272680697590304,1,-0.8602201151112363,0,0.0,0,0.0
2019-04-24,-0.1555684390537542,1,-0.4903334094080908,0,0.0,0,0.0
2019-04-25,-0.9165523283387524,0,-2.8938206909120034,0,0.0,0,0.0
2019-04-26,-0.2016671305113563,1,-0.6359312599965209,0,0.0,0,0.0
2019-04-29,0.0656741228962407,1,0.2084378671740946,0,0.0,0,0.0
2019-04-30,-0.2864662889929501,1,-0.9037604502888984,0,0.0,0,0.0
2019-05-01,-0.1265761210766293,1,-0.3987642336338056,0,0.0,0,0.0
2019-05-02,0.0012337479511427,1,0.0049097455191021,0,0.0,0,0.0
2019-05-03,-0.0107436386788676,1,-0.0329195657662301,0,0.0,0,0.0
2019-05-06,-0.2452962707353886,1,-0.7737292937103991,0,0.0,0,0.0
2019-05-07,0.2327654613830023,1,0.7361782208887205,0,0.0,0,0.0
2019-05-08,-0.010010808802551,1,-0.0306049999626255,0,0.0,0,0.0
2019-05-09,-0.0917830396698625,1,-0.2888739589210704,0,0.0,0,0.0
2019-05-10,-0.3310615860429363,1,-1.0446099883457924,1,0.0049163896361904,1,1.0
2019-05-13,-0.2247103744663383,1,-0.7087109134822587,0,0.0,0,0.0
2019-05-14,0.0113756235546254,1,0.0369417889917548,0,0.0,0,0.0
2019-05-15,-0.0613355056162183,1,-0.1927086367881018,0,0.0,0,0.0
2019-05-16,-0.3325655910455583,1,-1.0493602293771982,1,0.0177454370083979,1,1.0
2019-05-17,-0.2438442569345058,1,-0.7691432614012672,0,0.0,0,0.0
2019-05-20,0.0241569300784275,1,0.0773101963963122,0,0.0,0,0.0
2019-05-21,0.2104580150572331,1,0.6657225065408208,0,0.0,0,0.0
2019-05-22,-0.6774380731714369,0,-2.1386035579173672,0,0.0,0,0.0
2019-05-23,-0.4220716470177885,1,-1.332055658512972,1,0.0866442618245663,1,1.0
2019-05-24,-0.0798390665743601,1,-0.251150180757202,0,0.0,0,0.0
2019-05-28,0.0021745841867341,1,0.0078812774504107,0,0.0,0,0.0
2019-05-29,0.2305241392565723,1,0.7290992415562023,0,0.0,0,0.0
2019-05-30,-0.1104320787684861,1,-0.3477749802395708,0,0.0,0,0.0
2019-05-31,-0.2479781438764945,1,-0.7821997069162707,0,0.0,0,0.0
2019-06-03,0.6680267827163487,0,2.110905156222684,0,0.0,0,0.0
2019-06-04,0.2209421420833259,1,0.698835515002224,0,0.0,0,0.0
2019-06-05,-0.6542514442429648,0,-2.0653710381292085,0,0.0,0,0.0
2019-06-06,-0.0878304741484974,1,-0.2763901979720209,0,0.0,0,0.0
2019-06-07,-0.065881150661862,1,-0.2070655768065049,0,0.0,0,0.0
2019-06-10,0.0496974340599303,1,0.1579771820540756,0,0.0,0,0.0
2019-06-11,0.0447595593452173,1,0.142381426031404,0,0.0,0,0.0
2019-06-12,-0.2897576951706704,1,-0.914156009245931,0,0.0,0,0.0
2019-06-13,0.3341571157596508,1,1.0564130578888622,-1,-0.0146118323431714,-1,-1.0
2019-06-14,-0.2916698496248748,1,-0.9201953472341105,0,0.0,0,0.0
2019-06-17,-0.1160947653404946,1,-0.3656599779991858,0,0.0,0,0.0
2019-06-18,0.2962228466536937,1,0.9366016734258088,0,0.0,0,0.0
2019-06-19,-0.3348891940561498,1,-1.0566990841964088,1,-0.3295966400090829,0,1.0
2019-06-20,0.2957277919386988,1,0.935038095368648,0,0.0,0,0.0
2019-06-21,0.0181269911979851,1,0.0582652709892756,0,0.0,0,0.0
2019-06-24,-0.0156880115460923,1,-0.0485358455176364,0,0.0,0,0.0
2019-06-25,0.2733001267505518,1,0.8642026824347594,0,0.0,0,0.0
2019-06-26,0.6529172000756251,0,2.0631831344858864,0,0.0,0,0.0
2019-06-27,-0.2009493034427493,1,-0.6336640789773049,0,0.0,0,0.0
2019-06-28,0.0682643634469848,1,0.2166188685164468,0,0.0,0,0.0
2019-07-01,-0.1190303235900183,1,-0.3749316288398803,0,0.0,0,0.0
2019-07-02,-0.615241004021021,0,-1.9421606808016625,0,0.0,0,0.0
2019-07-03,-0.2822546889478325,1,-0.8904585561413989,0,0.0,0,0.0
2019-07-05,-0.0366002748208159,1,-0.1145850214804611,0,0.0,0,0.0
2019-07-08,0.004843821616881,1,0.0163117820970992,0,0.0,0,0.0
2019-07-09,-0.4010455490211979,1,-1.2656469475980237,1,0.2475592623765325,1,1.0
2019-07-10,-0.2743732179752233,1,-0.865565762077116,0,0.0,0,0.0
2019-07-11,0.0636762807021376,1,0.2021278935050193,0,0.0,0,0.0
2019-07-12,0.6583654023208927,0,2.080390706141398,0,0.0,0,0.0
2019-07-15,-0.1607845636839766,1,-0.5068079884156148,0,0.0,0,0.0
2019-07-16,0.2970883160263562,1,0.9393351670766136,0,0.0,0,0.0
2019-07-17,-0.5138157143730175,1,-1.621819610347633,1,0.0340215323041864,1,1.0
2019-07-18,-0.3041408576401214,1,-0.9595837095558688,0,0.0,0,0.0
2019-07-19,0.6741618502010065,0,2.130282119228297,0,0.0,0,0.0
2019-07-22,-0.0888182637894445,1,-0.2795100272775379,0,0.0,0,0.0
2019-07-23,0.1877350611381927,1,0.5939544553223814,0,0.0,0,0.0
2019-07-24,0.0603040356196115,1,0.1914770134008675,0,0.0,0,0.0
2019-07-25,-0.0809740918986282,1,-0.254735038425643,0,0.0,0,0.0
2019-07-26,-0.5278852806487621,0,-1.666256850184341,0,0.0,0,1.0
2019-07-29,-0.1783006063392144,1,-0.5621305600717637,0,0.0,0,0.0
2019-07-30,0.509888212144329,2,1.611441174873255,0,0.0,0,-1.0
2019-07-31,0.0874192949848173,1,0.2771176976999601,0,0.0,0,0.0
2019-08-01,-0.6539192495764661,0,-2.064321836343001,0,0.0,0,0.0
2019-08-02,-0.17734043782927,1,-0.5590979691927106,0,0.0,0,0.0
2019-08-05,0.3772877231951188,1,1.1926365284173714,-1,-0.1117127133791001,-1,-1.0
2019-08-06,-0.4113313789456202,1,-1.2981336555969136,1,0.2710681188277268,1,1.0
2019-08-07,-0.1078480560063441,1,-0.3396136171261409,0,0.0,0,0.0
2019-08-08,-0.2297209549317946,1,-0.7245363029435145,0,0.0,0,0.0
2019-08-09,-0.3637597076405847,1,-1.147883553654589,1,-0.0079882561973133,0,1.0
2019-08-12,-0.1174585674260991,1,-0.3699674029176278,0,0.0,0,0.0
2019-08-13,-0.0202135994230319,1,-0.0628294370860103,0,0.0,0,0.0
2019-08-14,-0.0203467594041781,1,-0.0632500088295082,0,0.0,0,0.0
2019-08-15,-0.5620873068441017,0,-1.7742803394061688,0,0.0,0,1.0
2019-08-16,0.1336733966051131,1,0.4232063948814787,0,0.0,0,0.0
2019-08-19,0.0259215969187412,1,0.0828837103254583,0,0.0,0,0.0
2019-08-20,0.0924060423277943,1,0.2928678127597939,0,0.0,0,0.0
2019-08-21,-0.0390154270068007,1,-0.1222130247058181,0,0.0,0,0.0
2019-08-22,-0.175920974547349,1,-0.5546147442615439,0,0.0,0,0.0
2019-08-23,-0.1142532365133617,1,-0.3598437035985604,0,0.0,0,0.0
2019-08-26,-0.4037114559661835,1,-1.2740669332589107,1,0.0423776144135723,1,1.0
2019-08-27,-0.116647180545876,1,-0.3674047231100069,0,0.0,0,0.0
2019-08-28,0.3562367960799872,1,1.1261493973525822,-1,-0.2397992719512428,-1,-1.0
2019-08-29,0.1526618530320136,1,0.4831794300009573,0,0.0,0,0.0
2019-08-30,0.073741909938018,1,0.2339191208745019,0,0.0,0,0.0
2019-09-03,-0.419438677214534,1,-1.323739701337253,1,0.0014157217768882,1,1.0
2019-09-04,0.0826354452474399,1,0.2620084133086497,0,0.0,0,0.0
2019-09-05,0.4252046611324961,2,1.3439771185700848,0,0.0,0,-1.0
2019-09-06,0.108370808602412,1,0.3432908417273043,0,0.0,0,0.0
2019-09-09,0.8530928377479614,0,2.695416754654171,0,0.0,0,0.0
2019-09-10,0.898659671291473,0,2.8393347881662043,0,0.0,0,0.0
2019-09-11,-0.0106873250675595,1,-0.0327417051696257,0,0.0,0,0.0
2019-09-12,-0.3972920007531849,1,-1.253791761634551,1,0.2242838712869087,1,1.0
2019-09-13,0.4048094350579768,1,1.279560950023387,-1,-0.1241146177128121,-1,-1.0
2019-09-16,0.1072775611691373,1,0.3398379351173086,0,0.0,0,0.0
2019-09-17,-0.5658874982352623,0,-1.78628284275025,0,0.0,0,1.0
2019-09-18,-0.0977209451885645,1,-0.3076282066704957,0,0.0,0,0.0
2019-09-19,-0.2028319078272755,1,-0.6396100861898408,0,0.0,0,0.0
2019-09-20,-0.0221533950048301,1,-0.0689560766577758,0,0.0,0,0.0
2019-09-23,0.0397621859259427,1,0.1265977496313196,0,0.0,0,0.0
2019-09-24,-0.2481247334285833,1,-0.782662694541906,0,0.0,0,0.0
2019-09-25,0.0865831320197479,1,0.2744767652438246,0,0.0,0,0.0
2019-09-26,-0.1730081294662762,1,-0.5454148305656998,0,0.0,0,0.0
2019-09-27,0.4992880750152477,2,1.5779617607480991,0,0.0,0,-1.0
2019-09-30,-0.0711271951814599,1,-0.2236346546261471,0,0.0,0,0.0
2019-10-01,-0.2717515357705735,1,-0.8572854555900217,0,0.0,0,0.0
2019-10-02,-0.0009253395339043,1,-0.0019095043796584,0,0.0,0,0.0
2019-10-03,-0.2251480394514609,1,-0.7100932321359295,0,0.0,0,0.0
2019-10-04,-0.3511451300080283,1,-1.1080417418523971,1,-0.0122508559217694,0,1.0
2019-10-07,-0.1007433160483486,1,-0.317174045976377,0,0.0,0,0.0
2019-10-08,0.0622462763093991,1,0.1976113755881013,0,0.0,0,0.0
2019-10-09,-0.0994777236046863,1,-0.3131768058445683,0,0.0,0,0.0
2019-10-10,0.198194104056591,1,0.6269882382776197,0,0.0,0,0.0
2019-10-11,0.5728061510306995,2,1.810160842951796,0,0.0,0,0.0
2019-10-14,-0.0340182493992292,1,-0.106429966756327,0,0.0,0,0.0
2019-10-15,0.0535536213087186,1,0.1701565424033052,0,0.0,0,0.0
2019-10-16,0.0160127239113329,1,0.0515875809557285,0,0.0,0,0.0
2019-10-17,0.1142669720398801,1,0.3619132515196301,0,0.0,0,0.0
2019-10-18,0.1268767380286003,1,0.4017398662527036,0,0.0,0,0.0
2019-10-21,0.0599325568960986,1,0.1903037370675784,0,0.0,0,0.0
2019-10-22,0.8121182800136058,0,2.566002939504546,0,0.0,0,0.0
2019-10-23,-0.1185519516833092,1,-0.3734207416715799,0,0.0,0,0.0
2019-10-24,-0.2293579502971533,1,-0.723389791125364,0,0.0,0,0.0
2019-10-25,0.3411599756001499,1,1.0785308514424263,-1,-0.1425584889387997,-1,-1.0
2019-10-28,-0.053996395272796,1,-0.169528831517135,0,0.0,0,0.0
2019-10-29,0.0360389630690686,1,0.1148383432776456,0,0.0,0,0.0
2019-10-30,-0.5889666827168085,0,-1.859176010595101,0,0.0,0,0.0
2019-10-31,-0.2302779157276329,1,-0.7262954048219408,0,0.0,0,0.0
2019-11-01,0.7777017672171406,0,2.457302016995212,0,0.0,0,0.0
2019-11-04,0.7511356637811912,0,2.373395783727363,0,0.0,0,0.0
2019-11-05,0.3571521898943711,1,1.129040572082321,-1,-0.0734132592064339,-1,-1.0
2019-11-06,-0.4149294863346371,1,-1.3094978979530991,1,-0.0328326515972019,0,1.0
2019-11-07,0.2267582309232717,1,0.7172050176313017,0,0.0,0,0.0
2019-11-08,0.0335882343691558,1,0.1070979753886598,0,0.0,0,0.0
2019-11-11,-0.0062945521402308,1,-0.0188675955990679,0,0.0,0,0.0
2019-11-12,-0.0042706689656986,1,-0.0124753742423081,0,0.0,0,0.0
2019-11-13,-0.4841307653330651,1,-1.5280628324785852,1,-0.1416978762066244,0,1.0
2019-11-14,-0.1069032061376422,1,-0.3366294085583494,0,0.0,0,0.0
2019-11-15,-0.0913289496745943,1,-0.2874397636067508,0,0.0,0,0.0
2019-11-18,-0.3236720653518352,1,-1.02127096731322,1,-0.1465625207949805,0,1.0
2019-11-19,-0.3814801161559438,1,-1.2038515933061729,1,0.1574129199723527,1,1.0
2019-11-20,-0.0548527979276383,1,-0.1722336888968275,0,0.0,0,0.0
2019-11-21,0.2697578158043426,1,0.8530146672530643,0,0.0,0,0.0
2019-11-22,0.0746023693896513,1,0.2366367912186056,0,0.0,0,0.0
2019-11-25,0.0824397608624838,1,0.2613903648360695,0,0.0,0,0.0
2019-11-26,-0.2335977034463748,1,-0.73678060388021,0,0.0,0,0.0
2019-11-27,-0.1302197028571214,1,-0.4102721020549892,0,0.0,0,0.0
2019-11-29,-0.1428243958899996,1,-0.4500826943925592,0,0.0,0,0.0
2019-12-02,0.222212516500878,1,0.7028478584937572,0,0.0,0,0.0
2019-12-03,-0.3959176160638428,1,-1.24945091267935,1,-0.0320570721364958,0,1.0
2019-12-04,-0.0086175826601326,1,-0.0262046422668698,0,0.0,0,0.0
2019-12-05,0.080946987631206,1,0.2566755981687793,0,0.0,0,0.0
2019-12-06,0.1922780937135658,1,0.6083031441292187,0,0.0,0,0.0
2019-12-09,0.21473249815265,1,0.6792230101644795,0,0.0,0,0.0
2019-12-10,0.0874913612721839,1,0.2773453114609734,0,0.0,0,0.0
2019-12-11,0.2673057990483813,1,0.8452702311750224,0,0.0,0,0.0
2019-12-12,0.3185132959647934,1,1.007003704497154,-1,-0.4099594168712897,-1,-1.0
2019-12-13,-0.3627801578406533,1,-1.1447897490170864,1,0.2415613159612578,1,1.0
2019-12-16,-0.1319295324825048,1,-0.4156724184296353,0,0.0,0,0.0
2019-12-17,0.160364972914004,1,0.5075089209730455,0,0.0,0,0.0
2019-12-18,-0.1278010406308473,1,-0.4026330127379135,0,0.0,0,0.0
2019-12-19,-0.1930530407998663,1,-0.6087245669839358,0,0.0,0,0.0
2019-12-20,0.0218464804653422,1,0.0700128851945944,0,0.0,0,0.0
2019-12-23,0.3226646871404559,1,1.020115435286392,-1,0.0449930562537343,0,-1.0
2019-12-24,-0.0654090842917661,1,-0.2055746050099573,0,0.0,0,0.0
2019-12-26,-0.0916255729240162,1,-0.2883766168271964,0,0.0,0,0.0
2019-12-27,-0.1425140916369642,1,-0.4491026311664273,0,0.0,0,0.0
2019-12-30,0.130663906601744,1,0.4137012384008245,0,0.0,0,0.0
2019-12-31,-0.0962984964911976,1,-0.3031355526197964,0,0.0,0,0.0
2020-01-02,0.0674199560317442,1,0.2139518968347661,0,0.0,0,0.0
2020-01-03,-0.0727769928443934,1,-0.2288453663846326,0,0.0,0,0.0
2020-01-06,-0.1656757415475824,1,-0.5222562573635892,0,0.0,0,0.0
2020-01-07,0.1707101019126117,1,0.5401829188378792,0,0.0,0,0.0
2020-01-08,-0.3081115731848027,1,-0.9721247954375662,0,0.0,0,0.0
2020-01-09,-0.2219463512294389,1,-0.6999810378709486,0,0.0,0,0.0
2020-01-10,-0.1654060465408288,1,-0.5214044541549478,0,0.0,0,0.0
2020-01-13,-0.1792807667294957,1,-0.56522629319443,0,0.0,0,0.0
2020-01-14,0.0969090701151664,1,0.3070901506668114,0,0.0,0,0.0
2020-01-15,-0.329191791853339,1,-1.0387044407816393,1,0.0247338495256145,1,1.0
2020-01-16,-0.1093366730429856,1,-0.3443152568914186,0,0.0,0,0.0
2020-01-17,-0.2255033087536057,1,-0.7112153127229655,0,0.0,0,0.0
2020-01-21,-0.4772151245946664,1,-1.5062205112517737,1,0.0278660602001862,1,1.0
2020-01-22,-0.298245790427678,1,-0.9409647620745614,0,0.0,0,0.0
2020-01-23,0.0556256482604014,1,0.1767008207979269,0,0.0,0,0.0
2020-01-24,-0.1524199215371217,1,-0.4803891492031489,0,0.0,0,0.0
2020-01-27,-0.2566538757380915,1,-0.8096010901527522,0,0.0,0,0.0
2020-01-28,-0.0566338356505063,1,-0.1778589085303391,0,0.0,0,0.0
2020-01-29,-0.1192483789052862,1,-0.3756203335342769,0,0.0,0,0.0
2020-01-30,-0.3040424262242073,1,-0.959272824319557,0,0.0,0,0.0
2020-01-31,-0.2172647918761332,1,-0.6851948268595064,0,0.0,0,0.0
2020-02-03,-0.2399541952435043,1,-0.7568569122022422,0,0.0,0,0.0
2020-02-04,0.0194200972019605,1,0.062349409796881,0,0.0,0,0.0
2020-02-05,0.5750003421236302,2,1.8170909638903647,0,0.0,0,0.0
2020-02-06,-0.4330826720886357,1,-1.366832818827059,1,0.0589354186512039,1,1.0
2020-02-07,-0.1406120003827974,1,-0.4430950767332511,0,0.0,0,0.0
2020-02-10,-0.2628835983296913,1,-0.8292770113214329,0,0.0,0,0.0
2020-02-11,0.1021661649160573,1,0.3236941296334009,0,0.0,0,0.0
2020-02-12,0.2274267922822367,1,0.7193165981073182,0,0.0,0,0.0
2020-02-13,-0.3943138825522615,1,-1.2443856896801762,1,0.1227962034251765,1,1.0
2020-02-14,-0.536355611567597,0,-1.693009496226135,0,0.0,0,1.0
2020-02-18,-0.1375783568132174,1,-0.4335136337634764,0,0.0,0,0.0
2020-02-19,0.1301798417694356,1,0.4121723707279887,0,0.0,0,0.0
2020-02-20,0.3097795604863275,1,0.9794191229599084,0,0.0,0,0.0
2020-02-21,0.1433671372019855,1,0.4538230512428531,0,0.0,0,0.0
2020-02-24,0.0502503930589368,1,0.1597236446796563,0,0.0,0,0.0
2020-02-25,0.0102800181676967,1,0.0334814350340587,0,0.0,0,0.0
2020-02-26,-0.329386716352238,1,-1.0393200892343253,1,0.0508704933856826,1,1.0
2020-02-27,0.8320892454549895,0,2.629079125628301,0,0.0,0,0.0
2020-02-28,0.6221583161360063,2,1.9660344466055288,0,0.0,0,0.0
2020-03-02,-1.081473805719741,0,-3.4147077673841166,0,0.0,0,0.0
2020-03-03,0.3039253707173377,1,0.9609292825685468,0,0.0,0,0.0
2020-03-04,-0.7524332989532279,0,-2.375468061723627,0,0.0,0,0.0
2020-03-05,0.172622577729324,1,0.5462232718156151,0,0.0,0,0.0
2020-03-06,-0.2323056175332611,1,-0.7326996869219063,0,0.0,0,0.0
2020-03-09,-1.1232515125836864,0,-3.5466582442756,0,0.0,0,0.0
2020-03-10,-0.1994421817808658,1,-0.6289039943066299,0,0.0,0,0.0
2020-03-11,0.3241005989776502,1,1.0246506112430085,-1,0.0063104664703752,0,-1.0
2020-03-12,0.5322000697070166,2,1.6819108216472916,0,0.0,0,-1.0
2020-03-13,-1.53649000851975,0,-4.851828410418452,0,0.0,0,0.0
2020-03-16,1.3655452640048216,0,4.3139436462568765,0,0.0,0,0.0
2020-03-17,-3.043171368213778,0,-9.610522433108072,0,0.0,0,0.0
2020-03-18,-1.4011561924449163,0,-4.424390838778308,0,0.0,0,0.0
2020-03-19,2.6599994106748266,0,8.402340420247148,0,0.0,0,0.0
2020-03-20,1.342936897478852,0,4.242537507223102,0,0.0,0,0.0
2020-03-23,0.4915682901975438,2,1.5535796353357836,0,0.0,0,-1.0
2020-03-24,0.3902332859993551,1,1.2335237219440656,-1,-0.087124076844645,-1,-1.0
2020-03-25,0.6288118450483597,2,1.9870489152994528,0,0.0,0,0.0
2020-03-26,-1.6046846718933452,0,-5.067214055755673,0,0.0,0,0.0
2020-03-27,-0.8995111352871801,0,-2.8399978816018216,0,0.0,0,0.0
2020-03-30,-0.7889051118268362,0,-2.4906604325601123,0,0.0,0,0.0
2020-03-31,1.337979518398705,0,4.226880148721175,0,0.0,0,0.0
2020-04-01,0.8484478438112277,0,2.680746031650965,0,0.0,0,0.0
2020-04-02,0.1704867989342005,1,0.5394776399534107,0,0.0,0,0.0
2020-04-03,0.352109878368485,1,1.1131149634163682,-1,-0.0938785074555989,-1,-1.0
2020-04-06,-0.8655364956781009,0,-2.7326925689087704,0,0.0,0,0.0
2020-04-07,0.7854465734652663,0,2.481763169954142,0,0.0,0,0.0
2020-04-08,-0.5137491360092064,1,-1.62160932961384,1,0.1384133670091557,1,1.0
2020-04-09,-0.8679597555141585,0,-2.7403461792910035,0,0.0,0,0.0
2020-04-13,0.2910825893826081,1,0.920366713463226,0,0.0,0,0.0
2020-04-14,-0.8004045421079353,0,-2.5269801691725804,0,0.0,0,0.0
2020-04-15,-0.1642535950954453,1,-0.5177645579225418,0,0.0,0,0.0
2020-04-16,-0.3405263115931919,1,-1.0745033248582625,1,-0.025243374066986,0,1.0
2020-04-17,0.1975486381896165,1,0.6249496024749936,0,0.0,0,0.0
2020-04-20,0.2779029900842655,1,0.8787403403758179,0,0.0,0,0.0
2020-04-21,0.6166604141834571,2,1.9486699036710875,0,0.0,0,0.0
2020-04-22,-0.1464259486165831,1,-0.4614578184837439,0,0.0,0,0.0
2020-04-23,0.7971483669317422,0,2.518722049325276,0,0.0,0,0.0
2020-04-24,0.1123060664652787,1,0.3557199382640593,0,0.0,0,0.0
2020-04-27,0.0560132067969867,1,0.1779248835233496,0,0.0,0,0.0
2020-04-28,1.0432598633284322,0,3.2960392300833647,0,0.0,0,0.0
2020-04-29,0.3102588409542383,1,0.9809328797228528,0,0.0,0,0.0
2020-04-30,-0.3339541196814011,1,-1.0537457504943244,1,0.1093572234295059,1,1.0
2020-05-01,0.1208007682447789,1,0.382549557096569,0,0.0,0,0.0
2020-05-04,-0.0102360692517253,1,-0.0313164613118598,0,0.0,0,0.0
2020-05-05,-0.2492909045411258,1,-0.7863459228947249,0,0.0,0,0.0
2020-05-06,0.1464193561740818,1,0.4634631626605747,0,0.0,0,0.0
2020-05-07,-0.2877432072347187,1,-0.9077934617584246,0,0.0,0,0.0
2020-05-08,0.5371811402512929,2,1.6976430071376971,0,0.0,0,-1.0
2020-05-11,-0.420235604979305,1,-1.326256713555086,1,0.5079634688590555,1,1.0
2020-05-12,0.2382923259452014,1,0.7536342391683207,0,0.0,0,0.0
2020-05-13,-0.1907440276198906,1,-0.6014317926045586,0,0.0,0,0.0
2020-05-14,0.0211734525665223,1,0.0678871976239537,0,0.0,0,0.0
2020-05-15,0.1017932117533088,1,0.3225161964394342,0,0.0,0,0.0
2020-05-18,0.4787372488270556,2,1.5130541456681972,0,0.0,0,-1.0
2020-05-19,0.1663256570058066,1,0.5263351124410026,0,0.0,0,0.0
2020-05-20,-0.0290240412966273,1,-0.0906562876748086,0,0.0,0,0.0
2020-05-21,0.2369507716052403,1,0.7493970814059239,0,0.0,0,0.0
2020-05-22,-0.2490866276740251,1,-0.7857007359743511,0,0.0,0,0.0
2020-05-26,0.613205990978456,2,1.9377594726421816,0,0.0,0,0.0
2020-05-27,0.4779793263894376,2,1.5106603276586033,0,0.0,0,-1.0
2020-05-28,-0.9597536315725304,0,-3.030267446656516,0,0.0,0,0.0
2020-05-29,-0.2683408026801274,1,-0.8465130151758178,0,0.0,0,0.0
2020-06-01,-0.150534421003268,1,-0.4744339948086925,0,0.0,0,0.0
2020-06-02,0.44275072411987,2,1.3993945062762072,0,0.0,0,-1.0
2020-06-03,0.272473352657302,1,0.8615914037391356,0,0.0,0,0.0
2020-06-04,0.4010566009416443,1,1.2677080196326085,-1,-0.002949863313171,-1,-1.0
2020-06-05,0.2133040735521016,1,0.6747114818544242,0,0.0,0,0.0
2020-06-08,-0.199856366731473,1,-0.6302121537499398,0,0.0,0,0.0
2020-06-09,-0.2097667383887342,1,-0.6615130164470258,0,0.0,0,0.0
2020-06-10,-0.4367087556854235,1,-1.3782854210821978,1,-0.0310048502857988,0,1.0
2020-06-11,0.1873941181960816,1,0.5928776230311584,0,0.0,0,0.0
2020-06-12,-0.2301588300295416,1,-0.725919285215729,0,0.0,0,0.0
2020-06-15,0.1550537515451244,1,0.4907339889553019,0,0.0,0,0.0
2020-06-16,0.1709729748883387,1,0.5410131753816867,0,0.0,0,0.0
2020-06-17,-0.1488779359482051,1,-0.4692021616281163,0,0.0,0,0.0
2020-06-18,-0.0815812341680201,1,-0.2566526331909118,0,0.0,0,0.0
2020-06-19,0.1883731519730245,1,0.5959697978645256,0,0.0,0,0.0
2020-06-22,-0.0463005319331714,1,-0.1452222595680766,0,0.0,0,0.0
2020-06-23,-0.0140508874441766,1,-0.0433651618637484,0,0.0,0,0.0
2020-06-24,-0.1022589652445182,1,-0.3219610639638906,0,0.0,0,0.0
2020-06-25,-0.1090604719603922,1,-0.3434429049290471,0,0.0,0,0.0
2020-06-26,0.4053818226936772,1,1.281368775946993,-1,-0.0431229688180006,-1,-1.0
2020-06-29,0.1945492983396276,1,0.6154765041822959,0,0.0,0,0.0
2020-06-30,-0.180431862851331,1,-0.5688619087804829,0,0.0,0,0.0
2020-07-01,-0.9907061348350864,0,-3.128027660729064,0,0.0,0,0.0
2020-07-02,0.31721711430931,1,1.00290985156894,-1,-0.3233500353532467,-1,-1.0
2020-07-06,0.1260460709321971,1,0.3991162919175823,0,0.0,0,0.0
2020-07-07,-0.0240627979970987,1,-0.0749867244438874,0,0.0,0,0.0
2020-07-08,-0.4114579674475211,1,-1.2985334720169293,1,0.1030006181799287,1,1.0
2020-07-09,-0.3735126444987805,1,-1.178687175158336,1,0.2085595755596992,1,1.0
2020-07-10,-0.0039981021068666,1,-0.0116145005920423,0,0.0,0,0.0
2020-07-13,0.454114760435635,2,1.4352866153419497,0,0.0,0,-1.0
2020-07-14,0.6029630359690076,2,1.905408180536173,0,0.0,0,0.0
2020-07-15,0.2240517504873563,1,0.7086568848824287,0,0.0,0,0.0
2020-07-16,0.2715695724630848,1,0.8587369094027086,0,0.0,0,0.0
2020-07-17,-0.3848814261568747,1,-1.2145942718868858,1,0.071065275702124,1,1.0
2020-07-20,-0.3631658307943315,1,-1.1460078563279477,1,0.1865426754011813,1,1.0
2020-07-21,0.6186522316156264,2,1.954960848765595,0,0.0,0,0.0
2020-07-22,-0.0915723074636865,1,-0.2882083834936809,0,0.0,0,0.0
2020-07-23,0.2803813133684202,1,0.8865678628461259,0,0.0,0,0.0
2020-07-24,0.1353124178810225,1,0.4283830705591515,0,0.0,0,0.0
2020-07-27,0.2426197088443402,1,0.7673018212376992,0,0.0,0,0.0
2020-07-28,-0.5685540953928507,0,-1.7947050083747813,0,0.0,0,1.0
2020-07-29,0.1986023117260786,1,0.6282775191095015,0,0.0,0,0.0
2020-07-30,-0.3255771770633595,1,-1.027288061542107,1,-0.018554173505749,0,1.0
2020-07-31,-0.2448847172004784,1,-0.7724294453157846,0,0.0,0,0.0
2020-08-03,0.4196685363235523,2,1.3264918527786935,0,0.0,0,-1.0
2020-08-04,0.3209347934700955,1,1.0146517487437354,-1,-0.1462016278646712,-1,-1.0
2020-08-05,0.4645997578961719,2,1.468402372978657,0,0.0,0,-1.0
2020-08-06,-0.1976617180517276,1,-0.6232805875717209,0,0.0,0,0.0
2020-08-07,0.0408448273315419,1,0.1300171582225212,0,0.0,0,0.0
2020-08-10,0.8825047638825676,0,2.78831121849818,0,0.0,0,0.0
2020-08-11,0.429371294637433,2,1.3571369906472892,0,0.0,0,-1.0
2020-08-12,-0.0825261620946504,1,-0.25963708829643,0,0.0,0,0.0
2020-08-13,-0.1865881146624047,1,-0.5883057802447704,0,0.0,0,0.0
2020-08-14,0.205848863147323,1,0.6511649867956958,0,0.0,0,0.0
2020-08-17,-0.0335076827681607,1,-0.104817395949754,0,0.0,0,0.0
2020-08-18,-0.2275383468148746,1,-0.7176427656119247,0,0.0,0,0.0
2020-08-19,0.1931224332725135,1,0.6109699014939616,0,0.0,0,0.0
2020-08-20,-0.3956339673118919,1,-1.2485550380395216,1,-0.1375270680814632,0,1.0
2020-08-21,0.1424344708484552,1,0.4508773230215858,0,0.0,0,0.0
2020-08-24,0.0151790799958865,1,0.0489546046519054,0,0.0,0,0.0
2020-08-25,-0.3403285812452247,1,-1.0738788144274922,1,-0.0459398961720741,0,1.0
2020-08-26,-0.1400421721545675,1,-0.4412953344279585,0,0.0,0,0.0
2020-08-27,-0.5436453694279056,0,-1.7160334268890522,0,0.0,0,1.0
2020-08-28,0.0699704076478346,1,0.2220072290273097,0,0.0,0,0.0
2020-08-31,-0.3276363475023101,1,-1.033791733998454,1,0.0623808920006252,1,1.0
2020-09-01,0.4361170733195052,2,1.3784428205005788,0,0.0,0,-1.0
2020-09-02,-0.5243570280050829,1,-1.6551132366671308,1,0.0607039823682398,1,1.0
2020-09-03,0.1497915042563571,1,0.4741137363996739,0,0.0,0,0.0
2020-09-04,0.2439479536442117,1,0.7714969422227367,0,0.0,0,0.0
2020-09-08,0.1121451891849398,1,0.3552118243570215,0,0.0,0,0.0
2020-09-09,0.0049234523286174,1,0.016563287293951,0,0.0,0,0.0
2020-09-10,0.1332396863518384,1,0.4218365668308706,0,0.0,0,0.0
2020-09-11,0.4499229723619992,2,1.4220472952149363,0,0.0,0,-1.0
2020-09-14,-0.3472867026354954,1,-1.0958553063087977,1,0.159806365799097,1,1.0
2020-09-15,-0.1496433352838566,1,-0.4716195946308549,0,0.0,0,0.0
2020-09-16,0.4021660664644368,1,1.2712121493662931,-1,-0.2222157954385022,-1,-1.0
2020-09-17,0.5420894373395054,2,1.713145345349411,0,0.0,0,0.0
2020-09-18,0.1449989816378045,1,0.4589770596287193,0,0.0,0,0.0
2020-09-21,-0.5231699308344908,1,-1.6513639155690087,1,-0.0128906191990675,0,1.0
2020-09-22,-0.0840198044044299,1,-0.264354599856424,0,0.0,0,0.0
2020-09-23,0.139493275196604,1,0.4415878670407488,0,0.0,0,0.0
2020-09-24,0.1726019302520776,1,0.546158058938371,0,0.0,0,0.0
2020-09-25,-0.7163138264464752,0,-2.2613885207412583,0,0.0,0,0.0
2020-09-28,0.0964617419220688,1,0.3056773117908419,0,0.0,0,0.0
2020-09-29,-0.1036846666117677,1,-0.3264639912290479,0,0.0,0,0.0
2020-09-30,-0.3150053725972561,1,-0.9938981331420462,0,0.0,0,0.0
2020-10-01,-0.6914453153073756,0,-2.1828439535377084,0,0.0,0,0.0
2020-10-02,0.4976899083651632,2,1.5729141200933,0,0.0,0,-1.0
2020-10-05,0.2181843495283048,1,0.6901253183418881,0,0.0,0,0.0
2020-10-06,-0.0311970683172024,1,-0.0975195641250153,0,0.0,0,0.0
2020-10-07,0.1788280196760012,1,0.5658225051304796,0,0.0,0,0.0
2020-10-08,0.1554170700487248,1,0.4918814920954263,0,0.0,0,0.0
2020-10-09,-0.2288606639899814,1,-0.7218191648198887,0,0.0,0,0.0
2020-10-12,-0.3701002582469949,1,-1.1679095134085564,1,0.2200229747448379,1,1.0
2020-10-13,0.1594093586849425,1,0.5044907143093913,0,0.0,0,0.0
2020-10-14,0.5118898952804923,2,1.6177632797523605,0,0.0,0,-1.0
2020-10-15,0.3336475186255777,1,1.0548035491362044,-1,-0.0863577473302314,-1,-1.0
2020-10-16,-0.2384679865777161,1,-0.7521628790220665,0,0.0,0,0.0
2020-10-19,0.2460102644599897,1,0.778010533227781,0,0.0,0,0.0
2020-10-20,0.0227023296007368,1,0.0727159943415432,0,0.0,0,0.0
2020-10-21,-0.3701065749064547,1,-1.167929463910646,1,-0.1456462629479449,0,1.0
2020-10-22,-0.128654695890094,1,-0.4053291927586444,0,0.0,0,0.0
2020-10-23,0.0409473731546747,1,0.1303410383796985,0,0.0,0,0.0
2020-10-26,-0.1645416998697537,1,-0.5186745064385891,0,0.0,0,0.0
2020-10-27,-0.1206744897266985,1,-0.3801245540171837,0,0.0,0,0.0
2020-10-28,0.5144515092845787,2,1.6258538671690383,0,0.0,0,-1.0
2020-10-29,0.2985318077961436,1,0.943894283450154,0,0.0,0,0.0
2020-10-30,0.2140892274062174,1,0.6771913074183585,0,0.0,0,0.0
2020-11-02,0.2684890885035409,1,0.8490075260059102,0,0.0,0,0.0
2020-11-03,-0.2986910241455645,1,-0.9423709857716784,0,0.0,0,0.0
2020-11-04,-0.9810102323156692,0,-3.097404176163554,0,0.0,0,0.0
2020-11-05,0.1025033189502615,1,0.3247589950589737,0,0.0,0,0.0
2020-11-06,-0.0393493793603269,1,-0.1232677779609529,0,0.0,0,0.0
2020-11-09,-0.8291564204080106,0,-2.617789941608773,0,0.0,0,0.0
2020-11-10,0.626115801170745,2,1.9785337453182432,0,0.0,0,0.0
2020-11-11,-0.2092280413223073,1,-0.6598115986299455,0,0.0,0,0.0
2020-11-12,0.0313521517787953,1,0.1000355445777088,0,0.0,0,0.0
2020-11-13,0.0953036086104688,1,0.302019469983794,0,0.0,0,0.0
2020-11-16,0.4370064616788789,2,1.3812518597459176,0,0.0,0,-1.0
2020-11-17,0.1223808154737579,1,0.3875399694725718,0,0.0,0,0.0
2020-11-18,0.5363535379009441,2,1.6950291124794603,0,0.0,0,-1.0
2020-11-19,0.157864709053919,1,0.499612101509805,0,0.0,0,0.0
2020-11-20,0.0425080415237452,1,0.1352702446723979,0,0.0,0,0.0
2020-11-23,0.7744370472867342,0,2.446990743733202,0,0.0,0,0.0
2020-11-24,0.3150205635315676,1,0.9959722778149912,0,0.0,0,0.0
2020-11-25,-0.3736107796184449,1,-1.1789971245742217,1,-0.0918669485870715,0,1.0
2020-11-27,-0.0694661239695974,1,-0.2183883365534543,0,0.0,0,0.0
2020-11-30,-0.2960836085952021,1,-0.9341357390061004,0,0.0,0,0.0
2020-12-01,-0.4542636533770319,1,-1.4337307122690146,1,0.0798046009040928,1,1.0
2020-12-02,-0.2281477567291883,1,-0.7195675224942965,0,0.0,0,0.0
2020-12-03,0.09747519846138,1,0.3088782072853314,0,0.0,0,0.0
2020-12-04,0.4287109564127875,2,1.3550513820729504,0,0.0,0,-1.0
2020-12-07,-0.1569949882800951,1,-0.4948390145466843,0,0.0,0,0.0
2020-12-08,0.1192791993438678,1,0.3777438423465397,0,0.0,0,0.0
2020-12-09,0.5919912990895074,2,1.870755107827021,0,0.0,0,0.0
2020-12-10,0.0052640992342626,1,0.0176391845852474,0,0.0,0,0.0
2020-12-11,0.0539828777392043,1,0.1715123035247997,0,0.0,0,0.0
2020-12-14,-0.2532556925889408,1,-0.7988682874033028,0,0.0,0,0.0
2020-12-15,-0.0722263043598502,1,-0.2271060749392988,0,0.0,0,0.0
2020-12-16,-0.1850863986125834,1,-0.5835627686291539,0,0.0,0,0.0
2020-12-17,-0.1817003057762996,1,-0.5728681518565881,0,0.0,0,0.0
2020-12-18,0.1772137625483853,1,0.5607240444009794,0,0.0,0,0.0
2020-12-21,0.2333586020887419,1,0.73805159319326,0,0.0,0,0.0
2020-12-22,-0.1648636357749595,1,-0.5196913070102129,0,0.0,0,0.0
2020-12-23,0.2219422652691458,1,0.7019942985072383,0,0.0,0,0.0
2020-12-24,-0.1694324685355851,1,-0.5341214829785895,0,0.0,0,0.0
2020-12-28,-0.5105146873257133,1,-1.6113936648896408,1,-0.0793000917166483,0,1.0
2020-12-29,-0.1431715120199979,1,-0.4511790240460553,0,0.0,0,0.0
2020-12-30,0.2288047828417678,1,0.7236688358228595,0,0.0,0,0.0
2020-12-31,-0.4644372855266924,1,-1.4658630554404095,1,0.03695045480455,1,1.0
2021-01-04,0.5324577374274169,2,1.6827246379416392,0,0.0,0,-1.0
2021-01-05,0.5435619786644924,2,1.7177962116764505,0,0.0,0,0.0
2021-01-06,0.7358522760052215,0,2.325124816818524,0,0.0,0,0.0
2021-01-07,0.2377400547016075,1,0.7518899487456082,0,0.0,0,0.0
2021-01-08,-0.51040672649453,1,-1.611052682001168,1,0.0392846310740948,1,1.0
2021-01-11,0.5369819754575524,2,1.6970139661613786,0,0.0,0,-1.0
2021-01-12,0.9360198721766184,0,2.957333038754988,0,0.0,0,0.0
2021-01-13,-0.7236441912288851,0,-2.2845407040809875,0,0.0,0,0.0
2021-01-14,0.4337330482012483,2,1.37091312883273,0,0.0,0,-1.0
2021-01-15,-0.5711888577826155,0,-1.80302662724576,0,0.0,0,1.0
2021-01-19,0.0966015068950586,1,0.3061187447038256,0,0.0,0,0.0
2021-01-20,-0.2771693000632349,1,-0.8743968921853909,0,0.0,0,0.0
2021-01-21,-0.0412466484086487,1,-0.1292601019660211,0,0.0,0,0.0
2021-01-22,0.1930826603570816,1,0.6108442829391735,0,0.0,0,0.0
2021-01-25,-0.440788772354205,1,-1.3911717230260587,1,0.3992628130147254,1,1.0
2021-01-26,-0.514849535293113,1,-1.625084824589076,1,0.281399711484226,1,1.0
2021-01-27,0.4615862010794875,2,1.4588843718974571,0,0.0,0,-1.0
2021-01-28,-0.3004388044073883,1,-0.9478911652252856,0,0.0,0,0.0
2021-01-29,-0.132945606941417,1,-0.4188815823468252,0,0.0,0,0.0
2021-02-01,-0.201916731616853,1,-0.636719598739243,0,0.0,0,0.0
2021-02-02,-0.2195921576378664,1,-0.6925455659309855,0,0.0,0,0.0
2021-02-03,0.4490776574652674,2,1.4193774573487636,0,0.0,0,-1.0
2021-02-04,-0.3504345110868425,1,-1.1057973270058872,1,0.0071260997858042,1,1.0
2021-02-05,0.1518929768126061,1,0.4807510156279106,0,0.0,0,0.0
2021-02-08,0.5369502246847724,2,1.696913684697304,0,0.0,0,-1.0
2021-02-09,-0.0822997615068357,1,-0.2589220259396582,0,0.0,0,0.0
2021-02-10,0.0007541379322613,1,0.0033949479042059,0,0.0,0,0.0
2021-02-11,-0.2377451178922943,1,-0.7498797745883562,0,0.0,0,0.0
2021-02-12,0.1866415833079615,1,0.5905008210279199,0,0.0,0,0.0
2021-02-16,0.081809839474433,1,0.2594008246291801,0,0.0,0,0.0
2021-02-17,-0.1022353132364859,1,-0.3218863615933304,0,0.0,0,0.0
2021-02-18,-0.3594346346630216,1,-1.134223267228662,1,0.0926257186035668,1,1.0
2021-02-19,0.7978878678283434,0,2.521057684842227,0,0.0,0,0.0
2021-02-22,0.3501099351331426,1,1.1067983538303336,-1,0.0276345487924237,0,-1.0
2021-02-23,-0.0956535444624345,1,-0.3010985397209179,0,0.0,0,0.0
2021-02-24,0.3458118598787043,1,1.093223336862898,-1,0.092564699299964,0,-1.0
2021-02-25,0.0964306533466299,1,0.3055791218071648,0,0.0,0,0.0
2021-02-26,0.2803880538343778,1,0.8865891518962998,0,0.0,0,0.0
2021-03-01,0.067993567688227,1,0.2157635886988005,0,0.0,0,0.0
2021-03-02,0.1444385237371463,1,0.4572069125138889,0,0.0,0,0.0
2021-03-03,0.5079573118107774,2,1.6053426300040547,0,0.0,0,-1.0
2021-03-04,0.1755572300901,1,0.5554920615023297,0,0.0,0,0.0
2021-03-05,0.1753415020080402,1,0.5548107071283478,0,0.0,0,0.0
2021-03-08,0.3383021492025609,1,1.0695047084503522,-1,-0.0337795211764808,-1,-1.0
2021-03-09,-0.5705691020216024,0,-1.8010691940987409,0,0.0,0,1.0
2021-03-10,0.3912239098062302,1,1.2366525026634791,-1,-0.1099678059970531,-1,-1.0
2021-03-11,-0.1648022230285443,1,-0.51949734133366,0,0.0,0,0.0
2021-03-12,-0.1804676016477922,1,-0.5689747859963612,0,0.0,0,0.0
2021-03-15,-0.1279815154169624,1,-0.4032030232981465,0,0.0,0,0.0
2021-03-16,-0.486598550142391,1,-1.5358570702886347,1,-0.0015925194549407,0,1.0
2021-03-17,0.5093178029169856,2,1.6096395975435946,0,0.0,0,-1.0
2021-03-18,-0.0173253530240907,1,-0.0537072157309342,0,0.0,0,0.0
2021-03-19,0.2010937762963708,1,0.6361465469448229,0,0.0,0,0.0
2021-03-22,-0.3217016097457876,1,-1.0150474912914695,1,-0.1326282995064606,0,1.0
2021-03-23,-0.6607284917490435,0,-2.0858281089315662,0,0.0,0,0.0
2021-03-24,0.4902642075773443,2,1.5494608280445743,0,0.0,0,-1.0
2021-03-25,0.2446993505397719,1,0.773870149996606,0,0.0,0,0.0
2021-03-26,0.2123937389424479,1,0.6718362860887539,0,0.0,0,0.0
2021-03-29,-0.2859539359765213,1,-0.9021422373727436,0,0.0,0,0.0
2021-03-30,0.3178605661880868,1,1.0049421264024494,-1,-0.2319192987233574,-1,-1.0
2021-03-31,-0.1827010525449141,1,-0.5760289048820314,0,0.0,0,0.0
2021-04-01,-0.1966366701062893,1,-0.6200430818446188,0,0.0,0,0.0
2021-04-05,-0.3005619244141119,1,-0.9482800267694332,0,0.0,0,0.0
2021-04-06,-0.0799008810169458,1,-0.2513454151487049,0,0.0,0,0.0
2021-04-07,-0.291325780244933,1,-0.9191086404190394,0,0.0,0,0.0
2021-04-08,-0.1591952067774289,1,-0.501788172405782,0,0.0,0,0.0
2021-04-09,0.030287402520536,1,0.0966726464451065,0,0.0,0,0.0
2021-04-12,0.0212678600123462,1,0.0681853735755238,0,0.0,0,0.0
2021-04-13,-0.4606960295522099,1,-1.4540466933884244,1,0.1350392629308349,1,1.0
2021-04-14,0.3591460093711032,1,1.1353378404232355,-1,-0.0061395032955461,-1,-1.0
2021-04-15,-0.4177477549228246,1,-1.3183991017800751,1,0.1414759077977047,1,1.0
2021-04-16,0.0147618062169943,1,0.0476366894705277,0,0.0,0,0.0
2021-04-19,-0.0074645473130324,1,-0.0225629018425309,0,0.0,0,0.0
2021-04-20,-0.520819869088545,1,-1.643941493627282,1,0.3269385415836801,1,1.0
2021-04-21,0.1110681707860416,1,0.3518101754388955,0,0.0,0,0.0
2021-04-22,0.0443879318716378,1,0.141207679886732,0,0.0,0,0.0
2021-04-23,0.0481246083401687,1,0.1530095780526018,0,0.0,0,0.0
2021-04-26,0.0872499935331426,1,0.2765829769370505,0,0.0,0,0.0
2021-04-27,0.2936510622903003,1,0.928478964002887,0,0.0,0,0.0
2021-04-28,0.2399742992722211,1,0.7589465743652183,0,0.0,0,0.0
2021-04-29,0.0574495667989742,1,0.1824614749611547,0,0.0,0,0.0
2021-04-30,-0.465427689792841,1,-1.468991142763614,1,-0.2594692742606115,0,1.0
2021-05-03,0.5107864289824525,2,1.614278097936752,0,0.0,0,-1.0
2021-05-04,0.5323764251727813,2,1.6824678217690514,0,0.0,0,-1.0
2021-05-05,0.6806059305947708,0,2.150635066886564,0,0.0,0,0.0
2021-05-06,0.026801798737837,1,0.0856637348531011,0,0.0,0,0.0
2021-05-07,0.2190418033285103,1,0.692833495653247,0,0.0,0,0.0
2021-05-10,0.1995406738204661,1,0.6312412367269989,0,0.0,0,0.0
2021-05-11,-0.1064338167991867,1,-0.3351468918836385,0,0.0,0,0.0
2021-05-12,-0.0259383570090945,1,-0.0809104795910264,0,0.0,0,0.0
2021-05-13,-0.0878120723909041,1,-0.2763320779632328,0,0.0,0,0.0
2021-05-14,0.0096641443788998,1,0.0315362626864867,0,0.0,0,0.0
2021-05-17,0.3377407953656977,1,1.067731731615597,-1,0.0332450132474013,0,-1.0
2021-05-18,-0.4830797205969154,1,-1.5247432186323566,1,0.0273144900266656,1,1.0
2021-05-19,-0.3279651334808355,1,-1.034830169803534,1,-0.0232073040701046,0,1.0
2021-05-20,-0.4358853291706539,1,-1.3756847153598184,1,-0.3250761711761079,0,1.0
2021-05-21,0.0542020590170911,1,0.1722045644532664,0,0.0,0,0.0
2021-05-24,-0.1633635214028629,1,-0.5149533541246097,0,0.0,0,0.0
2021-05-25,-0.0785208681451523,1,-0.246986790173367,0,0.0,0,0.0
2021-05-26,0.2037171819036663,1,0.6444322966172439,0,0.0,0,0.0
2021-05-27,0.3232979674169333,1,1.0221155841877978,-1,-0.1269830989402821,-1,-1.0
2021-05-28,-0.1789756646751162,1,-0.5642626605635856,0,0.0,0,0.0
2021-06-01,0.583982476714717,2,1.8454600878027223,0,0.0,0,0.0
2021-06-02,-0.2289168452762688,1,-0.7219966074818842,0,0.0,0,0.0
2021-06-03,0.0359662037648034,1,0.1146085406959158,0,0.0,0,0.0
2021-06-04,-0.0622393276500779,1,-0.1955632632706225,0,0.0,0,0.0
2021-06-07,-0.2162858709909458,1,-0.6821030085828317,0,0.0,0,0.0
2021-06-08,0.2077661627671952,1,0.6572205752464908,0,0.0,0,0.0
2021-06-09,-0.442397967606351,1,-1.396254196356241,1,0.0256118743114159,1,1.0
2021-06-10,-0.6186943692000675,0,-1.95306777016728,0,0.0,0,0.0
2021-06-11,0.0860950865633816,1,0.2729353251901145,0,0.0,0,0.0
2021-06-14,-0.4072274704707584,1,-1.2851718939056718,1,-0.0556850857304523,0,1.0
2021-06-15,0.2529055651348454,1,0.7997886125110788,0,0.0,0,0.0
2021-06-16,-0.0543730580502995,1,-0.1707184811377022,0,0.0,0,0.0
2021-06-17,-0.7958213234058422,0,-2.512504556726722,0,0.0,0,0.0
2021-06-18,0.1955976482028765,1,0.61878760655695,0,0.0,0,0.0
2021-06-21,0.2032414308789532,1,0.6429296872280558,0,0.0,0,0.0
2021-06-22,0.1464045559356835,1,0.4634164176699716,0,0.0,0,0.0
2021-06-23,0.1523330192131012,1,0.482140843097065,0,0.0,0,0.0
2021-06-24,0.0591697334310548,1,0.1878944396802338,0,0.0,0,0.0
2021-06-25,-0.2171693456160504,1,-0.6848933699227613,0,0.0,0,0.0
2021-06-28,-0.1024263565599028,1,-0.3224897517629702,0,0.0,0,0.0
2021-06-29,0.1589953973784861,1,0.5031832612225229,0,0.0,0,0.0
2021-06-30,0.3627636910440729,1,1.1467639060889383,-1,0.0417897958398453,0,-1.0
2021-07-01,-0.0780930768423381,1,-0.2456356565029578,0,0.0,0,0.0
2021-07-02,-0.2561953105280747,1,-0.8081527603450723,0,0.0,0,0.0
2021-07-06,-0.592924806241927,0,-1.8716773259122783,0,0.0,0,0.0
2021-07-07,0.0546215762316417,1,0.1735295652893441,0,0.0,0,0.0
2021-07-08,-0.0724060977822842,1,-0.227673933484273,0,0.0,0,0.0
2021-07-09,0.1695739883782619,1,0.5365946241727717,0,0.0,0,0.0
2021-07-12,-0.0797681331719684,1,-0.2509261450937897,0,0.0,0,0.0
2021-07-13,-0.0737032569755343,1,-0.23177087386233,0,0.0,0,0.0
2021-07-14,-0.3806259444607873,1,-1.201153782177138,1,0.1805630756930053,1,1.0
2021-07-15,-0.2197813841685707,1,-0.6931432179526312,0,0.0,0,0.0
2021-07-16,-0.4665959726857711,1,-1.4726810409518587,1,0.0751305703695764,1,1.0
2021-07-19,0.1165758305313662,1,0.3692055373317424,0,0.0,0,0.0
2021-07-20,0.1025896144439887,1,0.3250315502661796,0,0.0,0,0.0
2021-07-21,0.3009179742843684,1,0.9514307384089938,0,0.0,0,0.0
2021-07-22,-0.279632220325453,1,-0.8821757658369228,0,0.0,0,0.0
2021-07-23,-0.1861221185350587,1,-0.5868339806691465,0,0.0,0,0.0
2021-07-26,0.1227874178711836,1,0.3888241802221055,0,0.0,0,0.0
2021-07-27,-0.2885374217479893,1,-0.9103019044578164,0,0.0,0,0.0
2021-07-28,0.1733418963475317,1,0.5484951637367905,0,0.0,0,0.0
2021-07-29,0.2752759010050859,1,0.8704429568462944,0,0.0,0,0.0
2021-07-30,0.0654482273203852,1,0.2077243998442842,0,0.0,0,0.0
2021-08-02,-0.1636775961296821,1,-0.5159453259941603,0,0.0,0,0.0
2021-08-03,0.4507978029638421,2,1.4248103553198952,0,0.0,0,-1.0
2021-08-04,-0.3243860252980057,1,-1.023525934434451,1,-0.0737365863062411,0,1.0
2021-08-05,-0.3130297479065335,1,-0.9876583311120214,0,0.0,0,0.0
2021-08-06,0.0644025265095037,1,0.2044216642218871,0,0.0,0,0.0
2021-08-09,-0.0472114149324894,1,-0.1480991873646111,0,0.0,0,0.0
2021-08-10,0.6145398097858412,2,1.9419721985415348,0,0.0,0,0.0
2021-08-11,0.3286879949887638,1,1.0391394172784327,-1,-0.0745336838359009,-1,-1.0
2021-08-12,-0.1916171366280733,1,-0.6041894152376808,0,0.0,0,0.0
2021-08-13,-0.3409635653692918,1,-1.075884344751644,1,-0.0014415602627987,0,1.0
2021-08-16,-0.178913813266119,1,-0.5640673094175745,0,0.0,0,0.0
2021-08-17,-0.535571257106231,0,-1.6905321954598134,0,0.0,0,1.0
2021-08-18,0.1330125098161652,1,0.4211190537246997,0,0.0,0,0.0
2021-08-19,-0.5592542430639764,0,-1.7653324065273028,0,0.0,0,1.0
2021-08-20,-0.0750993140331543,1,-0.2361801727049061,0,0.0,0,0.0
2021-08-23,0.3121970743587409,1,0.9870545853225404,0,0.0,0,0.0
2021-08-24,0.3123638951193735,1,0.9875814710846662,0,0.0,0,0.0
2021-08-25,0.1647268282534019,1,0.5212853806059202,0,0.0,0,0.0
2021-08-26,-0.1315161282882984,1,-0.4143667249229972,0,0.0,0,0.0
2021-08-27,0.0985243959156081,1,0.3121919866866179,0,0.0,0,0.0
2021-08-30,-0.1277329147446466,1,-0.4024178443180164,0,0.0,0,0.0
2021-08-31,-0.2929962572378191,1,-0.9243846656581796,0,0.0,0,0.0
2021-09-01,-0.4505848043257275,1,-1.4221114558959385,1,-0.0513904109591642,0,1.0
2021-09-02,0.3381725849173164,1,1.0690954933327823,-1,0.0002680715008574,0,-1.0
2021-09-03,-0.0884543866469858,1,-0.2783607597355521,0,0.0,0,0.0
2021-09-07,-0.113862305620934,1,-0.3586089896432101,0,0.0,0,0.0
2021-09-08,-0.4398729972353735,1,-1.3882793439864745,1,-0.0376140753266973,0,1.0
2021-09-09,0.2615475731603672,1,0.8270834825713533,0,0.0,0,0.0
2021-09-10,0.4433265878225447,2,1.4012133109904028,0,0.0,0,-1.0
2021-09-13,0.1649176975486703,1,0.521888221126024,0,0.0,0,0.0
2021-09-14,-0.1661507517690984,1,-0.5237565270040814,0,0.0,0,0.0
2021-09-15,0.4043223884615791,1,1.2780226647634434,-1,-0.0729064844855605,-1,-1.0
2021-09-16,-0.1531023665960594,1,-0.4825445798799049,0,0.0,0,0.0
2021-09-17,0.0179011880196211,1,0.0575520954871886,0,0.0,0,0.0
2021-09-20,-0.1516424529412617,1,-0.4779335967161262,0,0.0,0,0.0
2021-09-21,-0.0028928021814264,1,-0.0081235274578555,0,0.0,0,0.0
2021-09-22,0.1453666033507108,1,0.4601381540011706,0,0.0,0,0.0
2021-09-23,0.1651831581799175,1,0.5227266505066278,0,0.0,0,0.0
2021-09-24,-0.0058261702107292,1,-0.0173882607191914,0,0.0,0,0.0
2021-09-27,0.8105718181568733,0,2.5611186029813644,0,0.0,0,0.0
2021-09-28,0.3839133355570896,1,1.2135628256339055,-1,-0.0983529341929704,-1,-1.0
2021-09-29,-0.2850382690391425,1,-0.8992502000128574,0,0.0,0,0.0
2021-09-30,-0.2215661995748387,1,-0.6987803690003725,0,0.0,0,0.0
2021-10-01,-0.0893063356809918,1,-0.281051550823977,0,0.0,0,0.0
2021-10-04,0.3810078207777689,1,1.2043860639223267,-1,0.1276294885401331,0,-1.0
2021-10-05,0.0352121841891437,1,0.1122270494638137,0,0.0,0,0.0
2021-10-06,-0.3685650912594808,1,-1.163060850537465,1,-0.0041694353876193,0,1.0
2021-10-07,0.2137711089494799,1,0.676186563854735,0,0.0,0,0.0
2021-10-08,0.2591070187200082,1,0.8193752490071288,0,0.0,0,0.0
2021-10-11,0.2456260641541229,1,0.7767970771195729,0,0.0,0,0.0
2021-10-12,-0.1105811452375129,1,-0.3482457909458806,0,0.0,0,0.0
2021-10-13,-0.129043662301361,1,-0.4065577021076281,0,0.0,0,0.0
2021-10-14,0.0800967891778523,1,0.2539903361045457,0,0.0,0,0.0
2021-10-15,-0.0006155171591463,1,-0.0009309631151963,0,0.0,0,0.0
2021-10-18,0.3085956932402391,1,0.9756800032373664,0,0.0,0,0.0
2021-10-19,-0.2616880883296936,1,-0.8255011191897283,0,0.0,0,0.0
2021-10-20,-0.0462405444250188,1,-0.1450327953561216,0,0.0,0,0.0
2021-10-21,-0.0974705146255862,1,-0.3068372481738793,0,0.0,0,0.0
2021-10-22,-0.1359995220323874,1,-0.428527050776961,0,0.0,0,0.0
2021-10-25,0.2802999163215249,1,0.8863107788661372,0,0.0,0,0.0
2021-10-26,-0.3262305309587227,1,-1.029351610849704,1,-0.0748654933960322,0,1.0
2021-10-27,0.0469303207336712,1,0.1492375467217262,0,0.0,0,0.0
2021-10-28,0.2361058594665644,1,0.7467285156085537,0,0.0,0,0.0
2021-10-29,0.0203158313978557,1,0.0651784916969788,0,0.0,0,0.0
2021-11-01,0.2021679252075977,1,0.6395391328890547,0,0.0,0,0.0
2021-11-02,0.0191050188723243,1,0.0613542681537778,0,0.0,0,0.0
2021-11-03,-0.1630682602359516,1,-0.5140208028979865,0,0.0,0,0.0
2021-11-04,0.4304734067895753,2,1.3606178955360295,0,0.0,0,-1.0
2021-11-05,-0.0093775711317839,1,-0.0286049856268585,0,0.0,0,0.0
2021-11-08,0.2098710451012938,1,0.6638686238981141,0,0.0,0,0.0
2021-11-09,0.192164767585078,1,0.6079452155155941,0,0.0,0,0.0
2021-11-10,-0.3179745207231729,1,-1.0032758740614334,1,0.0380819992947855,1,1.0
2021-11-11,0.2992527719942431,1,0.9461713727617028,0,0.0,0,0.0
2021-11-12,0.1018929988173119,1,0.3228313633471271,0,0.0,0,0.0
2021-11-15,-0.1384238232576516,1,-0.4361839502770692,0,0.0,0,0.0
2021-11-16,0.2084213144752565,1,0.6592898027557094,0,0.0,0,0.0
2021-11-17,-0.1057473927185475,1,-0.3329788938868813,0,0.0,0,0.0
2021-11-18,0.1328453862945001,1,0.420591211723814,0,0.0,0,0.0
2021-11-19,-0.1715010902178836,1,-0.5406550061893359,0,0.0,0,0.0
2021-11-22,0.4391858175297117,2,1.3881351251383949,0,0.0,0,-1.0
2021-11-23,0.119274772063093,1,0.3777298592475757,0,0.0,0,0.0
2021-11-24,-0.1517920177441285,1,-0.478405981357263,0,0.0,0,0.0
2021-11-26,0.1802781708533927,1,0.570402654539941,0,0.0,0,0.0
2021-11-29,-0.3578714517742505,1,-1.1292861190909322,1,0.1086083211241307,1,1.0
2021-11-30,0.1494643154661297,1,0.4730803451452268,0,0.0,0,0.0
2021-12-01,0.2892106817190343,1,0.9144544907146254,0,0.0,0,0.0
2021-12-02,-0.2261451813600561,1,-0.7132425995915467,0,0.0,0,0.0
2021-12-03,0.2396027924715396,1,0.7577732093531558,0,0.0,0,0.0
2021-12-06,-0.2151317796744434,1,-0.6784579329906085,0,0.0,0,0.0
2021-12-07,-0.0705315862056438,1,-0.221753486551132,0,0.0,0,0.0
2021-12-08,-0.2199666635336361,1,-0.6937284032682863,0,0.0,0,0.0
2021-12-09,0.1141562689349048,1,0.3615636074488716,0,0.0,0,0.0
2021-12-10,0.1063553108071471,1,0.3369251047057627,0,0.0,0,0.0
2021-12-13,-0.5064435771227163,1,-1.5985354930777542,1,0.01650339484969,1,1.0
2021-12-14,0.092174778097364,1,0.2921373891012482,0,0.0,0,0.0
2021-12-15,-0.3027692717005147,1,-0.9552517001562588,0,0.0,0,0.0
2021-12-16,-0.0665659321163674,1,-0.2092283867420213,0,0.0,0,0.0
2021-12-17,-0.2828346475341863,1,-0.8922902941134209,0,0.0,0,0.0
2021-12-20,-0.1682782116673858,1,-0.5304758845088084,0,0.0,0,0.0
2021-12-21,-0.0008605810668858,1,-0.0017049715977685,0,0.0,0,0.0
2021-12-22,-0.2062431308524595,1,-0.6503840740111945,0,0.0,0,0.0
2021-12-23,0.0892278438525353,1,0.2828298083802828,0,0.0,0,0.0
2021-12-27,0.0970782229136314,1,0.3076244019242505,0,0.0,0,0.0
2021-12-28,0.0479177594054617,1,0.1523562675282122,0,0.0,0,0.0
2021-12-29,0.0149670803011268,1,0.0482850259956261,0,0.0,0,0.0
2021-12-30,-0.2058788548033711,1,-0.649233546564729,0,0.0,0,0.0
2021-12-31,0.2836740585236836,1,0.8969676508223802,0,0.0,0,0.0
2022-01-03,-0.1767935142333673,1,-0.5573705687507097,0,0.0,0,0.0
2022-01-04,0.7598055708593912,0,2.4007787700003744,0,0.0,0,0.0
2022-01-05,0.351773678915667,1,1.1120531129353337,-1,-0.027967226591894,-1,-1.0
2022-01-06,0.122788323864853,1,0.3888270417074695,0,0.0,0,0.0
2022-01-07,-0.2020165184365089,1,-0.6370347648751911,0,0.0,0,0.0
2022-01-10,-0.1006790308655237,1,-0.316971008012651,0,0.0,0,0.0
2022-01-11,0.1460606253433518,1,0.4623301492009163,0,0.0,0,0.0
2022-01-12,0.0940545202170864,1,0.2980743561525544,0,0.0,0,0.0
2022-01-13,0.304142091149584,1,0.9616137711758358,0,0.0,0,0.0
2022-01-14,0.0499535989104087,1,0.1587862516924245,0,0.0,0,0.0
2022-01-18,0.2954955610979576,1,0.9343046187734746,0,0.0,0,0.0
2022-01-19,-0.1130334563097566,1,-0.3559911565908312,0,0.0,0,0.0
2022-01-20,-0.3071803395580841,1,-0.9691835923326888,0,0.0,0,0.0
2022-01-21,0.3241284340339817,1,1.0247385253300405,-1,-0.1233145358107398,-1,-1.0
2022-01-24,0.4139069741194653,2,1.308294566772905,0,0.0,0,-1.0
2022-01-25,0.3042400070883025,1,0.9619230283318416,0,0.0,0,0.0
2022-01-26,0.0494129482550654,1,0.1570786636709814,0,0.0,0,0.0
2022-01-27,-0.0834214892712343,1,-0.2624648846690001,0,0.0,0,0.0
2022-01-28,-0.9222962414978538,0,-2.911962234272316,0,0.0,0,0.0
2022-01-31,-0.3445777444989631,1,-1.0872993480040831,1,0.0649702180078508,1,1.0
2022-02-01,0.2967039649245234,1,0.9381212346952658,0,0.0,0,0.0
2022-02-02,-0.2432243781673387,1,-0.767185439752296,0,0.0,0,0.0
2022-02-03,0.1316373762298639,1,0.4167758394575103,0,0.0,0,0.0
2022-02-04,-0.5533262228174023,0,-1.7466093803663605,0,0.0,0,1.0
2022-02-07,0.0954793507086823,1,0.3025745328488932,0,0.0,0,0.0
2022-02-08,0.0572771202461089,1,0.1819168207281455,0,0.0,0,0.0
2022-02-09,-0.1615724798567327,1,-0.5092965384713721,0,0.0,0,0.0
2022-02-10,0.3040907232800818,1,0.9614515311826308,0,0.0,0,0.0
2022-02-11,0.5541798208441269,2,1.7513315453347558,0,0.0,0,0.0
2022-02-14,0.0413915694645442,1,0.1317439855331071,0,0.0,0,0.0
2022-02-15,-0.0417364129535113,1,-0.1308069715792725,0,0.0,0,0.0
2022-02-16,0.2441097277111391,1,0.7720078885355455,0,0.0,0,0.0
2022-02-17,0.3040424380448279,1,0.961299027364283,0,0.0,0,0.0
2022-02-18,0.1797425825156328,1,0.5687110553141845,0,0.0,0,0.0
2022-02-22,-0.4394854873725924,1,-1.387055434992124,1,-0.0668201463328862,0,1.0
2022-02-23,0.3049794919457433,1,0.9642586131907978,0,0.0,0,0.0
2022-02-24,-0.1632857022251423,1,-0.5147075704667138,0,0.0,0,0.0
2022-02-25,-0.2548162383174865,1,-0.8037971063488513,0,0.0,0,0.0
2022-02-28,0.8402079935745767,0,2.654721334513296,0,0.0,0,0.0
2022-03-01,0.3844290831171069,1,1.2151917598576416,-1,-0.0019628052973452,-1,-1.0
2022-03-02,0.0829736159515341,1,0.2630764897787461,0,0.0,0,0.0
2022-03-03,0.140643494153701,1,0.4452207121945732,0,0.0,0,0.0
2022-03-04,0.0871509373059118,1,0.2762701183001526,0,0.0,0,0.0
2022-03-07,0.5351375583038152,2,1.6911885692860775,0,0.0,0,-1.0
2022-03-08,0.528244890148706,2,1.669418804538499,0,0.0,0,-1.0
2022-03-09,-0.6031685424728341,0,-1.904031085423796,0,0.0,0,0.0
2022-03-10,0.3484688625497887,1,1.1016151993146424,-1,-0.1489786031818739,-1,-1.0
2022-03-11,0.1927688996080825,1,0.6098533027354233,0,0.0,0,0.0
2022-03-14,-0.2485986744288168,1,-0.784159587159849,0,0.0,0,0.0
2022-03-15,-0.5623358816246828,0,-1.7750654366099885,0,0.0,0,1.0
2022-03-16,-0.5702879643810967,0,-1.8001812505393282,0,0.0,0,1.0
2022-03-17,0.1414654930009654,1,0.447816908779848,0,0.0,0,0.0
2022-03-18,-0.0458797497776974,1,-0.1438932635496251,0,0.0,0,0.0
2022-03-21,0.3305223291359302,1,1.0449329680418862,-1,-0.0011955814556089,-1,-1.0
2022-03-22,-0.3955308500643056,1,-1.2482293530985302,1,0.0159566043416238,1,1.0
2022-03-23,0.4575951666593004,2,1.4462791109924245,0,0.0,0,-1.0
2022-03-24,-0.2821963968516766,1,-0.8902744467092603,0,0.0,0,0.0
2022-03-25,-0.0491028868067953,1,-0.1540732016075252,0,0.0,0,0.0
2022-03-28,-0.5930776927094711,0,-1.872160201680649,0,0.0,0,0.0
2022-03-29,-0.4244384932038825,1,-1.3395310923370676,1,0.1198942646528689,1,1.0
2022-03-30,0.0280632010704182,1,0.0896477409613866,0,0.0,0,0.0
2022-03-31,-0.1205617488162764,1,-0.3797684737530413,0,0.0,0,0.0
2022-04-01,-0.4020843652169402,1,-1.268927938890274,1,0.22153769886996,1,1.0
2022-04-04,0.0998242637169924,1,0.3162974819175343,0,0.0,0,0.0
2022-04-05,-0.3663782880188603,1,-1.1561540633505232,1,0.0143077314211919,1,1.0
2022-04-06,-0.1852101787756254,1,-0.583953715207344,0,0.0,0,0.0
2022-04-07,0.2817336409926586,1,0.8908390468896373,0,0.0,0,0.0
2022-04-08,0.1875003385485265,1,0.5932131088012685,0,0.0,0,0.0
2022-04-11,0.2843101085897078,1,0.8989765478116781,0,0.0,0,0.0
2022-04-12,0.3560273048472966,1,1.125487741408944,-1,-0.0901421643113089,-1,-1.0
2022-04-13,0.0335721137267627,1,0.107047060041427,0,0.0,0,0.0
2022-04-14,0.2149489544125748,1,0.6799066644113783,0,0.0,0,0.0
2022-04-18,0.3750805307431907,1,1.1856653440588891,-1,-0.0062455950800287,-1,-1.0
2022-04-19,-0.2303831445395913,1,-0.7266277589160957,0,0.0,0,0.0
2022-04-20,0.1566178749016168,1,0.4956741074610495,0,0.0,0,0.0
2022-04-21,0.0223275518618542,1,0.0715322984164672,0,0.0,0,0.0
2022-04-22,0.2367093792898447,1,0.7486346692601801,0,0.0,0,0.0
2022-04-25,-0.2788457989207299,1,-0.8796919368482036,0,0.0,0,0.0
2022-04-26,0.6415262016792584,2,2.0272058685348,0,0.0,0,0.0
2022-04-27,0.3737869749699138,1,1.1815797847024248,-1,0.133679146866014,0,-1.0
2022-04-28,-0.3784004751874914,1,-1.1941248724077471,1,0.1054636518210545,1,1.0
2022-04-29,0.9024259167791376,0,2.851230076957573,0,0.0,0,0.0
2022-05-02,0.4434098019994188,2,1.4014761341836055,0,0.0,0,-1.0
2022-05-03,0.2157949407495542,1,0.6825786229506929,0,0.0,0,0.0
2022-05-04,0.1314395617660886,1,0.4161510633558398,0,0.0,0,0.0
2022-05-05,0.1905425519772186,1,0.6028216187663767,0,0.0,0,0.0
2022-05-06,0.4242845578356902,2,1.3410710694372698,0,0.0,0,-1.0
2022-05-09,0.4279625157883333,2,1.3526875113692924,0,0.0,0,-1.0
2022-05-10,-0.0441426876626983,1,-0.1384069362313092,0,0.0,0,0.0
2022-05-11,0.0268340181647117,1,0.0857654965116606,0,0.0,0,0.0
2022-05-12,0.2390345924879625,1,0.7559786096867144,0,0.0,0,0.0
2022-05-13,-0.4521789536230303,1,-1.4271464081660656,1,-0.0261840300393514,0,1.0
2022-05-16,0.3379183111284403,1,1.0682923964128757,-1,-0.1217965735934632,-1,-1.0
2022-05-17,-0.1129743186623375,1,-0.3558043765742878,0,0.0,0,0.0
2022-05-18,-0.3108624742990411,1,-0.9808132262096806,0,0.0,0,0.0
2022-05-19,-0.0029440566646318,1,-0.0082854093324114,0,0.0,0,0.0
2022-05-20,-0.4979815803290054,1,-1.571809169490378,1,0.1056007962334066,1,1.0
2022-05-23,-0.1882365210090325,1,-0.593512097677578,0,0.0,0,0.0
2022-05-24,0.0541591884737917,1,0.172069162367858,0,0.0,0,0.0
2022-05-25,0.1788334911330779,1,0.5658397861500652,0,0.0,0,0.0
2022-05-26,0.1893677692350022,1,0.599111191490314,0,0.0,0,0.0
2022-05-27,-0.2401067231011642,1,-0.75733865533915,0,0.0,0,0.0
2022-05-31,0.0499839016061056,1,0.1588819595578975,0,0.0,0,0.0
2022-06-01,0.4209209071427602,2,1.330447333805396,0,0.0,0,-1.0
2022-06-02,-0.269421562306527,1,-0.8499264803660664,0,0.0,0,0.0
2022-06-03,0.6209056851530405,2,1.962078143879061,0,0.0,0,0.0
2022-06-06,0.19572616245952,1,0.6191935052700291,0,0.0,0,0.0
2022-06-07,-0.0266802041430116,1,-0.0832535254508609,0,0.0,0,0.0
2022-06-08,0.1636568972477676,1,0.5179061164712421,0,0.0,0,0.0
2022-06-09,0.7198011203439716,0,2.274428936092979,0,0.0,0,0.0
2022-06-10,0.0985305277599668,1,0.3122113534697205,0,0.0,0,0.0
2022-06-13,0.6506207038270515,0,2.055929893513,0,0.0,0,0.0
2022-06-14,0.4078305798599996,2,1.2891029169552572,0,0.0,0,-1.0
2022-06-15,-0.6383119051892647,0,-2.0150276866758703,0,0.0,0,0.0
2022-06-16,-0.3996487211474355,1,-1.2612352142140326,1,0.1348511060545194,1,1.0
2022-06-17,-0.8455537502267536,0,-2.6695791768670944,0,0.0,0,0.0
2022-06-21,0.0013364784952016,1,0.0052342090978246,0,0.0,0,0.0
2022-06-22,-0.7524421648674184,0,-2.375496063777673,0,0.0,0,0.0
2022-06-23,-1.0104463788321632,0,-3.190375137526945,0,0.0,0,0.0
2022-06-24,-0.3431395032419972,1,-1.0827568148210225,1,-0.0387148598341056,0,1.0
2022-06-27,0.370929163060461,1,1.1725536874695992,-1,0.0385919537468675,0,-1.0
2022-06-28,0.4844517691940587,2,1.5311028549975,0,0.0,0,-1.0
2022-06-29,-0.4047492961821795,1,-1.2773448420221611,1,-0.0199245006622367,0,1.0
2022-06-30,4.8411313186697e-07,1,0.0010146118754937,0,0.0,0,0.0
2022-07-01,-0.4231223338995312,1,-1.3353741421138323,1,0.0520377570547218,1,1.0
2022-07-05,-0.1956765568304195,1,-0.6170106654165595,0,0.0,0,0.0
2022-07-06,-0.1570835062972792,1,-0.4951185893596097,0,0.0,0,0.0
2022-07-07,0.5283803697283713,2,1.6698467024890522,0,0.0,0,-1.0
2022-07-08,0.0582379974538384,1,0.1849516499543392,0,0.0,0,0.0
2022-07-11,0.0835544421808291,1,0.2649109681094055,0,0.0,0,0.0
2022-07-12,0.1791976831938272,1,0.5669900483282279,0,0.0,0,0.0
2022-07-13,0.1717328947730473,1,0.5434133021170571,0,0.0,0,0.0
2022-07-14,0.0509187020650608,1,0.1618344281258639,0,0.0,0,0.0
2022-07-15,-0.4065314096776207,1,-1.282973459369782,1,-0.1778288145453385,0,1.0
2022-07-18,0.5151955857906336,2,1.6282039542654276,0,0.0,0,-1.0
2022-07-19,-0.0173206198424882,1,-0.053692266476498,0,0.0,0,0.0
2022-07-20,0.1249858707814219,1,0.3957677616607449,0,0.0,0,0.0
2022-07-21,-0.2622666674460896,1,-0.8273285002515115,0,0.0,0,0.0
2022-07-22,0.0364958144817066,1,0.1162812602372204,0,0.0,0,0.0
2022-07-25,0.1718826437630131,1,0.5438862684937027,0,0.0,0,0.0
2022-07-26,0.1036001841491197,1,0.3282233279996577,0,0.0,0,0.0
2022-07-27,-0.1897991160684103,1,-0.598447389218223,0,0.0,0,0.0
2022-07-28,0.0180823895848736,1,0.0581244015026052,0,0.0,0,0.0
2022-07-29,0.4430745765121959,2,1.4004173598700873,0,0.0,0,-1.0
2022-08-01,-0.0042686745648543,1,-0.012469075137779,0,0.0,0,0.0
2022-08-02,-0.1395762459604899,1,-0.4398237557291802,0,0.0,0,0.0
2022-08-03,-0.5783722800531907,0,-1.825714708173756,0,0.0,0,0.0
2022-08-04,-0.1057997293475749,1,-0.3331441936047799,0,0.0,0,0.0
2022-08-05,0.2632963221622438,1,0.832606721688153,0,0.0,0,0.0
2022-08-08,0.0818511138634865,1,0.2595311854299,0,0.0,0,0.0
2022-08-09,-0.1979004528548218,1,-0.624034606245399,0,0.0,0,0.0
2022-08-10,-0.0934753608090537,1,-0.294218976590351,0,0.0,0,0.0
2022-08-11,0.4874947205876193,2,1.5407136957467424,0,0.0,0,-1.0
2022-08-12,-0.2637225417721667,1,-0.8319267256219357,0,0.0,0,0.0
2022-08-15,-0.3507179287838211,1,-1.106692471882977,1,0.361950672641202,1,1.0
2022-08-16,0.0874772651614989,1,0.2773007903834225,0,0.0,0,0.0
2022-08-17,0.0923288098858394,1,0.2926238822448752,0,0.0,0,0.0
2022-08-18,0.4421572213380303,2,1.397519990392528,0,0.0,0,-1.0
2022-08-19,0.0850633822734594,1,0.2696767961016327,0,0.0,0,0.0
2022-08-22,0.3705729854497392,1,1.171428738085808,-1,0.0082834489217225,0,-1.0
2022-08-23,0.6857441973264753,0,2.1668637399406405,0,0.0,0,0.0
2022-08-24,0.0128036261551854,1,0.041451984459395,0,0.0,0,0.0
2022-08-25,-0.0707518577665714,1,-0.2224491910234882,0,0.0,0,0.0
2022-08-26,0.2238398091013445,1,0.7079874903881741,0,0.0,0,0.0
2022-08-29,0.2930316361549817,1,0.9265225719438276,0,0.0,0,0.0
2022-08-30,-0.2483672717416504,1,-0.7834287262003182,0,0.0,0,0.0
2022-08-31,-0.067789088569013,1,-0.2130915972759335,0,0.0,0,0.0
2022-09-01,-0.4374633827787457,1,-1.3806688310947044,1,-0.0160799778330627,0,1.0
2022-09-02,0.5423572606550091,2,1.7139912370188235,0,0.0,0,0.0
2022-09-06,-0.2105194240905668,1,-0.6638902947794542,0,0.0,0,0.0
2022-09-07,-0.5362660864897748,0,-1.692726740718494,0,0.0,0,1.0
2022-09-08,-0.1822254385823732,1,-0.5745267283892455,0,0.0,0,0.0
2022-09-09,0.0190289838982614,1,0.0611141197147861,0,0.0,0,0.0
2022-09-12,-0.1445798787785208,1,-0.455627201779467,0,0.0,0,0.0
2022-09-13,0.4549306182643398,2,1.4378634161683763,0,0.0,0,-1.0
2022-09-14,-0.0625138998484401,1,-0.196430470574102,0,0.0,0,0.0
2022-09-15,0.1979685259919035,1,0.6262757737733159,0,0.0,0,0.0
2022-09-16,-0.1540458494527202,1,-0.4855244708844726,0,0.0,0,0.0
2022-09-19,0.4592816722523457,2,1.4516057608731177,0,0.0,0,-1.0
2022-09-20,0.2418500760420719,1,0.764871017277555,0,0.0,0,0.0
2022-09-21,0.4171668973939392,2,1.3185906903035072,0,0.0,0,-1.0
2022-09-22,0.0588237623113925,1,0.1868017264210119,0,0.0,0,0.0
2022-09-23,-0.4224242123278319,1,-1.3331691988264007,1,0.0292300574309854,1,1.0
2022-09-26,0.2180831605028504,1,0.6898057234869488,0,0.0,0,0.0
2022-09-27,0.4179560281141649,2,1.321083076379234,0,0.0,0,-1.0
2022-09-28,0.1580199385479419,1,0.500102377479969,0,0.0,0,0.0
2022-09-29,0.3870857642450885,1,1.2235826067494395,-1,-0.0113344903791335,-1,-1.0
2022-09-30,0.2543087759854088,1,0.8042205058534808,0,0.0,0,0.0
2022-10-03,0.1646167737852744,1,0.5209377851861725,0,0.0,0,0.0
2022-10-04,-0.0905187975732955,1,-0.2848809837180136,0,0.0,0,0.0
2022-10-05,0.4632741835177725,2,1.464215686237938,0,0.0,0,-1.0
2022-10-06,0.7326165916874441,0,2.3149052494738767,0,0.0,0,0.0
2022-10-07,0.5003965936356949,2,1.5814628997906852,0,0.0,0,-1.0
2022-10-10,0.2913333849579371,1,0.92115882481282,0,0.0,0,0.0
2022-10-11,0.2486307797682607,1,0.7862871541958458,0,0.0,0,0.0
2022-10-12,0.1735577034779916,1,0.5491767677767992,0,0.0,0,0.0
2022-10-13,-0.4655644360296189,1,-1.4694230413169436,1,-0.1132026488392649,0,1.0
2022-10-14,-0.1835373969929359,1,-0.5786704105329137,0,0.0,0,0.0
2022-10-17,-0.4946800357654961,1,-1.5613815895120835,1,0.0619144249500443,1,1.0
2022-10-18,-0.0198428773892623,1,-0.0616585506773959,0,0.0,0,0.0
2022-10-19,0.3377253023390871,1,1.0676827985265596,-1,0.092100718181125,0,-1.0
2022-10-20,-0.0262210555578243,1,-0.0818033531142889,0,0.0,0,0.0
2022-10-21,0.2519569887102229,1,0.7967926340098035,0,0.0,0,0.0
2022-10-24,-0.0064096267805968,1,-0.0192310467028795,0,0.0,0,0.0
2022-10-25,-0.278214776473807,1,-0.8776989190630995,0,0.0,0,0.0
2022-10-26,0.3028407535092976,1,0.95750363361391,0,0.0,0,0.0
2022-10-27,0.2591761926719179,1,0.8195937276319293,0,0.0,0,0.0
2022-10-28,-0.4225988960848588,1,-1.3337209190325854,1,-0.0117978314246228,0,1.0
2022-10-31,0.2518472362903839,1,0.79644599257769,0,0.0,0,0.0
2022-11-01,0.2847395606938573,1,0.9003329269477832,0,0.0,0,0.0
2022-11-02,0.1819831435376455,1,0.5757876307787462,0,0.0,0,0.0
2022-11-03,1.0406600779336186,0,3.2878280823586143,0,0.0,0,0.0
2022-11-04,0.1159721270576068,1,0.3672988036394645,0,0.0,0,0.0
2022-11-07,0.2166161089805784,1,0.6851721961222569,0,0.0,0,0.0
2022-11-08,-0.0382969866317381,1,-0.1199439066229056,0,0.0,0,0.0
2022-11-09,-0.151711753550999,1,-0.4781524753763046,0,0.0,0,0.0
2022-11-10,-0.9254641722074406,0,-2.921967808997862,0,0.0,0,0.0
2022-11-11,0.1151626452284964,1,0.3647421407346775,0,0.0,0,0.0
2022-11-14,0.3497397259774434,1,1.1056290872929628,-1,-0.1819679998950827,-1,-1.0
2022-11-15,-0.0834072482617939,1,-0.2624199059440259,0,0.0,0,0.0
2022-11-16,-0.1767379361397819,1,-0.557195031209188,0,0.0,0,0.0
2022-11-17,0.3258313400499884,1,1.0301169742153569,-1,0.0263055708270853,0,-1.0
2022-11-18,-0.2428404975462881,1,-0.7659729933348327,0,0.0,0,0.0
2022-11-21,-0.1601821486453947,1,-0.5049053241098324,0,0.0,0,0.0
2022-11-22,0.14895878774957,1,0.4714836892182,0,0.0,0,0.0
2022-11-23,-0.3562286502010481,1,-1.1240975037433245,1,-0.1569349016090513,0,1.0
2022-11-25,-0.126066609789161,1,-0.3971549960185873,0,0.0,0,0.0
2022-11-28,-0.0375656296664357,1,-0.1176339928532522,0,0.0,0,0.0
2022-11-29,0.1289587855428785,1,0.4083157935364683,0,0.0,0,0.0
2022-11-30,-0.7799420201867091,0,-2.462351453798104,0,0.0,0,0.0
2022-12-01,-0.0694621069686226,1,-0.2183756492799277,0,0.0,0,0.0
2022-12-02,0.2468630948569045,1,0.7807041080079127,0,0.0,0,0.0
2022-12-05,0.1792055331540385,1,0.5670148415988789,0,0.0,0,0.0
2022-12-06,0.0394850571205522,1,0.125722467554428,0,0.0,0,0.0
2022-12-07,0.1630232734188978,1,0.5159048824958719,0,0.0,0,0.0
2022-12-08,-0.3017870422133583,1,-0.9521494320095354,0,0.0,0,0.0
2022-12-09,-0.1947875830888714,1,-0.6142029356978538,0,0.0,0,0.0
2022-12-12,-0.0553875052709326,1,-0.173922505594566,0,0.0,0,0.0
2022-12-13,-0.0408382802382797,1,-0.1279703142090487,0,0.0,0,0.0
2022-12-14,0.2087584340935709,1,0.6603545594823277,0,0.0,0,0.0
2022-12-15,0.3367812130884673,1,1.0647009922906858,-1,-0.0777903282899203,-1,-1.0
2022-12-16,0.277731618972305,1,0.8781990828093781,0,0.0,0,0.0
2022-12-19,0.2562072132425788,1,0.8102165195228748,0,0.0,0,0.0
2022-12-20,0.03294851667572,1,0.1050774945853532,0,0.0,0,0.0
2022-12-21,-0.0691189495624979,1,-0.2172918228378864,0,0.0,0,0.0
2022-12-22,-0.1114970003919131,1,-0.3511384227693596,0,0.0,0,0.0
2022-12-23,0.102990075328366,1,0.3262963636950748,0,0.0,0,0.0
2022-12-27,0.1560705816794784,1,0.4939455395936024,0,0.0,0,0.0
2022-12-28,-0.0782233816238602,1,-0.24604721039985,0,0.0,0,0.0
2022-12-29,-0.4289496857210028,1,-1.3537792176810897,1,0.0047502010703598,1,1.0
2022-12-30,0.1425997168482019,1,0.4513992350676919,0,0.0,0,0.0
2023-01-03,-0.3885906756981795,1,-1.2263095449984187,1,0.1003710461825089,1,1.0
2023-01-04,-0.4329096798736246,1,-1.3662864411777649,1,-0.1183757423588167,0,1.0
2023-01-05,0.5376838932044776,2,1.6992308992675205,0,0.0,0,-1.0
2023-01-06,-0.0896742112791177,1,-0.2822134470660932,0,0.0,0,0.0
2023-01-09,0.0411657897651646,1,0.1310308841869138,0,0.0,0,0.0
2023-01-10,-0.0891437515183974,1,-0.2805380459095211,0,0.0,0,0.0
2023-01-11,-0.2221238096482034,1,-0.7005415215533258,0,0.0,0,0.0
2023-01-12,0.1142698653553828,1,0.3619223897512144,0,0.0,0,0.0
2023-01-13,0.0438302377682795,1,0.1394462619339146,0,0.0,0,0.0
2023-01-17,-0.2501429316802953,1,-0.7890369606700637,0,0.0,0,0.0
2023-01-18,0.2815452457887101,1,0.8902440205257914,0,0.0,0,0.0
2023-01-19,-0.3335609501136769,1,-1.0525039659193745,1,-0.0387258379095698,0,1.0
2023-01-20,-0.2509358696166222,1,-0.7915413714359396,0,0.0,0,0.0
2023-01-23,-0.0911499422439622,1,-0.28687438753391,0,0.0,0,0.0
2023-01-24,0.1882305061881531,1,0.5955192662113252,0,0.0,0,0.0
2023-01-25,-0.1471149010800736,1,-0.4636338021108299,0,0.0,0,0.0
2023-01-26,0.0467642391040162,1,0.1487129954267675,0,0.0,0,0.0
2023-01-27,-0.1043725637574088,1,-0.3286366417461102,0,0.0,0,0.0
2023-01-30,0.0566767264811872,1,0.1800205404018439,0,0.0,0,0.0
2023-01-31,0.1667774637029027,1,0.5277620961990808,0,0.0,0,0.0
2023-02-01,-0.1793111670909854,1,-0.5653223095269996,0,0.0,0,0.0
2023-02-02,-0.3770534047065507,1,-1.1898702924963744,1,0.0980444930572826,1,1.0
2023-02-03,0.4509303171763261,2,1.4252288874712435,0,0.0,0,-1.0
2023-02-06,0.0330234123023002,1,0.1053140445155953,0,0.0,0,0.0
2023-02-07,-0.2452418184009118,1,-0.7735573117601819,0,0.0,0,0.0
2023-02-08,0.1594520929413209,1,0.5046256859469465,0,0.0,0,0.0
2023-02-09,0.4154932057775898,2,1.313304512015508,0,0.0,0,-1.0
2023-02-10,0.1547366732083631,1,0.4897325305008235,0,0.0,0,0.0
2023-02-13,-0.0402138705798064,1,-0.1259981822181876,0,0.0,0,0.0
2023-02-14,0.1317451248598957,1,0.4171161521310468,0,0.0,0,0.0
2023-02-15,-0.0585356507539848,1,-0.1838655907707179,0,0.0,0,0.0
2023-02-16,0.2349327433780625,1,0.7430233522823089,0,0.0,0,0.0
2023-02-17,-0.2638939919857815,1,-0.8324682330226002,0,0.0,0,0.0
2023-02-21,-0.029916797168717,1,-0.0934759628535717,0,0.0,0,0.0
2023-02-22,0.1222859050926516,1,0.3872402050530045,0,0.0,0,0.0
2023-02-23,0.262904092479044,1,0.8313679056392549,0,0.0,0,0.0
2023-02-24,0.4417874103212773,2,1.3963519813349892,0,0.0,0,-1.0
2023-02-27,0.2388661832987428,1,0.7554467070405778,0,0.0,0,0.0
2023-02-28,0.0442029330019018,1,0.1406233804859646,0,0.0,0,0.0
2023-03-01,0.5497017988517701,2,1.7371881855915725,0,0.0,0,0.0
2023-03-02,0.061343421734552,1,0.1947598047227425,0,0.0,0,0.0
2023-03-03,-0.250991566063333,1,-0.7917172827833143,0,0.0,0,0.0
2023-03-06,-0.1289284409915385,1,-0.4061937877638213,0,0.0,0,0.0
2023-03-07,0.4693998356586906,2,1.4835629118742746,0,0.0,0,-1.0
2023-03-08,-0.0649835401358655,1,-0.204230568715856,0,0.0,0,0.0
2023-03-09,0.4218003433542374,2,1.3332249402421965,0,0.0,0,-1.0
2023-03-10,0.3164951523161776,1,1.000629610827111,-1,-0.0281204518316145,-1,-1.0
2023-03-13,-0.051851128569625,1,-0.1627532330989478,0,0.0,0,0.0
2023-03-14,-0.3562941493930205,1,-1.1243043760267863,1,-0.0315031048600917,0,1.0
2023-03-15,-0.9386200116447188,0,-2.963519139072293,0,0.0,0,0.0
2023-03-16,-0.1419969727044981,1,-0.4474693656075797,0,0.0,0,0.0
2023-03-17,0.1458828097862752,1,0.4617685375348814,0,0.0,0,0.0
2023-03-20,0.0969968475014267,1,0.3073673862751481,0,0.0,0,0.0
2023-03-21,0.1580454620945316,1,0.500182990907495,0,0.0,0,0.0
2023-03-22,0.5120499791129771,2,1.6182688876381108,0,0.0,0,-1.0
2023-03-23,-0.1311968025493965,1,-0.4133581682861035,0,0.0,0,0.0
2023-03-24,-0.5398213199864275,0,-1.7039555704116036,0,0.0,0,1.0
2023-03-27,0.1385696492278877,1,0.4386706919205738,0,0.0,0,0.0
2023-03-28,0.3030112593776246,1,0.958042158399672,0,0.0,0,0.0
2023-03-29,-0.3205135480650602,1,-1.011295123889903,1,-0.0651204935046041,0,1.0
2023-03-30,-0.1437454624859263,1,-0.4529917860039573,0,0.0,0,0.0
2023-03-31,-0.1243587243917382,1,-0.3917608202827135,0,0.0,0,0.0
2023-04-03,0.4798346135763758,2,1.5165200563862808,0,0.0,0,-1.0
2023-04-04,-0.8452717399700507,0,-2.66868847724154,0,0.0,0,0.0
2023-04-05,-0.6147343689759656,0,-1.940560527494476,0,0.0,0,0.0
2023-04-06,-0.4663593599690964,1,-1.4719337246641195,1,0.241959749668479,1,1.0
2023-04-10,0.4606790522658161,2,1.4560192381320904,0,0.0,0,-1.0
2023-04-11,0.1433124724513639,1,0.4536503983986661,0,0.0,0,0.0
2023-04-12,0.3042064776232517,1,0.961817129055996,0,0.0,0,0.0
2023-04-13,-0.3575309020093798,1,-1.1282105286085171,1,-0.0762059254258504,0,1.0
2023-04-14,0.3256420523635436,1,1.029519129039761,-1,-0.0369288924620555,-1,-1.0
2023-04-17,-0.3011555114863322,1,-0.9501548088753818,0,0.0,0,0.0
2023-04-18,0.2373595443149814,1,0.750688146857798,0,0.0,0,0.0
2023-04-19,-0.4283834821102765,1,-1.3519909233475518,1,0.0001891838328999,1,1.0
2023-04-20,0.3992540439585881,1,1.26201483368746,-1,-0.0293613174681496,-1,-1.0
2023-04-21,-0.2243996103006174,1,-0.7077293976704597,0,0.0,0,0.0
2023-04-24,0.3009046178666066,1,0.9513885535734552,0,0.0,0,0.0
2023-04-25,0.1054787192106424,1,0.3341564826850628,0,0.0,0,0.0
2023-04-26,-0.2219095698088538,1,-0.6998648676368388,0,0.0,0,0.0
2023-04-27,-0.1962224876926425,1,-0.6187349304140304,0,0.0,0,0.0
2023-04-28,-0.1467046699999835,1,-0.4623381305501604,0,0.0,0,0.0
2023-05-01,0.2223331615672953,1,0.7032289032002131,0,0.0,0,0.0
2023-05-02,0.3598680378494888,1,1.137618291151718,-1,-0.0420074660785266,-1,-1.0
2023-05-03,0.1069080686798219,1,0.3386709320950564,0,0.0,0,0.0
2023-05-04,-0.203244372926747,1,-0.6409128136648935,0,0.0,0,0.0
2023-05-05,-0.0472208316590505,1,-0.1481289291013835,0,0.0,0,0.0
2023-05-08,-0.1073139167339924,1,-0.3379265946205064,0,0.0,0,0.0
2023-05-09,0.1582189205116115,1,0.500730841006809,0,0.0,0,0.0
2023-05-10,-0.3640390536831733,1,-1.14876583864111,1,0.0896084938149434,1,1.0
2023-05-11,-0.0375550102573601,1,-0.1176004525707184,0,0.0,0,0.0
2023-05-12,0.1059723587465861,1,0.3357155910485829,0,0.0,0,0.0
2023-05-15,0.0653881711148245,1,0.2075347186588176,0,0.0,0,0.0
2023-05-16,-0.0216304510710828,1,-0.0673044134472943,0,0.0,0,0.0
2023-05-17,0.0563043464096252,1,0.1788444172558916,0,0.0,0,0.0
2023-05-18,0.0020585134004569,1,0.0075146801248964,0,0.0,0,0.0
2023-05-19,0.0285385834508005,1,0.0911491860263712,0,0.0,0,0.0
2023-05-22,-0.2292630411581658,1,-0.7230900306288974,0,0.0,0,0.0
2023-05-23,0.2044971805969506,1,0.6468958401498934,0,0.0,0,0.0
2023-05-24,0.1863194780275426,1,0.5894834855025657,0,0.0,0,0.0
2023-05-25,0.1577987882196337,1,0.4994038975136078,0,0.0,0,0.0
2023-05-26,-0.1128159397716632,1,-0.3553041535672647,0,0.0,0,0.0
2023-05-30,-0.1438898185671606,1,-0.4534477194476737,0,0.0,0,0.0
2023-05-31,-0.7251300406489793,0,-2.2892336026215623,0,0.0,0,0.0
2023-06-01,0.0996383921271005,1,0.3157104261222824,0,0.0,0,0.0
2023-06-02,0.4841824418622016,2,1.5302522130512055,0,0.0,0,-1.0
2023-06-05,-0.2395548728463248,1,-0.7555956945649772,0,0.0,0,0.0
2023-06-06,0.1857704895553374,1,0.5877495633667407,0,0.0,0,0.0
2023-06-07,0.5920810741202341,2,1.8710386527845249,0,0.0,0,0.0
2023-06-08,-0.1868903970402435,1,-0.5892605072249184,0,0.0,0,0.0
2023-06-09,-0.1310849525822793,1,-0.4130049019723379,0,0.0,0,0.0
2023-06-12,0.0477410346699088,1,0.1517981011068077,0,0.0,0,0.0
2023-06-13,0.2848139334871823,1,0.9005678255643814,0,0.0,0,0.0
2023-06-14,-0.2337702877658478,1,-0.7373256932345067,0,0.0,0,0.0
2023-06-15,-0.1357436227306945,1,-0.4277188198464184,0,0.0,0,0.0
2023-06-16,0.0263603547946941,1,0.0842694807594464,0,0.0,0,0.0
2023-06-20,0.03969474876992,1,0.1263847564929844,0,0.0,0,0.0
2023-06-21,0.4125199584806776,2,1.3039138242972583,0,0.0,0,-1.0
2023-06-22,-0.0502798337355172,1,-0.1577904642382044,0,0.0,0,0.0
2023-06-23,0.2637262491739883,1,0.8339646007697636,0,0.0,0,0.0
2023-06-26,0.2330491916266321,1,0.7370743529114142,0,0.0,0,0.0
2023-06-27,0.1236886311734688,1,0.3916705673013375,0,0.0,0,0.0
2023-06-28,0.0866094769180985,1,0.2745599728241817,0,0.0,0,0.0
2023-06-29,0.0432684848604298,1,0.1376720246755766,0,0.0,0,0.0
2023-06-30,-0.1599252683284674,1,-0.5040939947462324,0,0.0,0,0.0
2023-07-03,-0.1362413029246055,1,-0.4292906902015786,0,0.0,0,0.0
2023-07-05,-0.4146473121863347,1,-1.308606680693229,1,-0.0083839337258521,0,1.0
2023-07-06,-0.029653662218144,1,-0.0926448788898681,0,0.0,0,0.0
2023-07-07,0.4653433803359743,2,1.4707510259547212,0,0.0,0,-1.0
2023-07-10,0.3017516239054705,1,0.9540637327335282,0,0.0,0,0.0
2023-07-11,0.0699265596660111,1,0.2218687398055056,0,0.0,0,0.0
2023-07-12,-0.0990695237711109,1,-0.3118875497615885,0,0.0,0,0.0
2023-07-13,-0.3773222740853388,1,-1.1907194880462435,1,0.4709810644810596,1,1.0
2023-07-14,-0.1644231787710285,1,-0.5183001700598733,0,0.0,0,0.0
2023-07-17,0.2305199395132944,1,0.7290859771104024,0,0.0,0,0.0
2023-07-18,0.1241783650457392,1,0.3932173400384445,0,0.0,0,0.0
2023-07-19,-0.3327007772688212,1,-1.0497872007925224,1,0.0789277474848123,1,1.0
2023-07-20,-0.1578714731000001,1,-0.497607299324766,0,0.0,0,0.0
2023-07-21,-0.1388495274651,1,-0.4375284920770886,0,0.0,0,0.0
2023-07-24,0.1283326587001693,1,0.4063382380004717,0,0.0,0,0.0
2023-07-25,0.2982962538667885,1,0.9431503112303936,0,0.0,0,0.0
2023-07-26,-0.1492540283014677,1,-0.4703900096239351,0,0.0,0,0.0
2023-07-27,0.6148243594071372,2,1.9428709184820896,0,0.0,0,0.0
2023-07-28,-0.0388189950127503,1,-0.1215926149888343,0,0.0,0,0.0
2023-07-31,0.1598278337869133,1,0.5058124237428957,0,0.0,0,0.0
2023-08-01,0.1972349452118207,1,0.6239588363194347,0,0.0,0,0.0
2023-08-02,-0.0195565874400517,1,-0.0607543340948391,0,0.0,0,0.0
2023-08-03,0.3652028639736456,1,1.1544677762971831,-1,0.1362453933744991,0,-1.0
2023-08-04,0.1574852797446185,1,0.4984137140906042,0,0.0,0,0.0
2023-08-07,-0.1169075734085469,1,-0.3682271464785382,0,0.0,0,0.0
2023-08-08,0.149507855646482,1,0.473217862208577,0,0.0,0,0.0
2023-08-09,0.0429860665916155,1,0.1367800363868399,0,0.0,0,0.0
2023-08-10,-0.2709034373715618,1,-0.8546068263257364,0,0.0,0,0.0
2023-08-11,-0.0197621923522066,1,-0.0614037155053225,0,0.0,0,0.0
2023-08-14,0.1658673389647632,1,0.5248875632904333,0,0.0,0,0.0
2023-08-15,0.1915767962613279,1,0.6060881701583656,0,0.0,0,0.0
2023-08-16,0.0327822950164503,1,0.1045525010216384,0,0.0,0,0.0
2023-08-17,0.0427004771943226,1,0.1358780324235618,0,0.0,0,0.0
2023-08-18,0.1397459052418633,1,0.4423857723699629,0,0.0,0,0.0
2023-08-21,-0.0275958971498827,1,-0.0861456451484863,0,0.0,0,0.0
2023-08-22,0.0184736019478583,1,0.0593600044529967,0,0.0,0,0.0
2023-08-23,-0.1865833744967244,1,-0.5882908089318617,0,0.0,0,0.0
2023-08-24,-0.028884966716312,1,-0.0902170352942064,0,0.0,0,0.0
2023-08-25,-0.095301174398922,1,-0.2999856160730457,0,0.0,0,0.0
2023-08-28,0.039088420622268,1,0.1244697330452886,0,0.0,0,0.0
2023-08-29,-0.1581872199386801,1,-0.4986045523831133,0,0.0,0,0.0
2023-08-30,0.0659148014444589,1,0.2091980249615566,0,0.0,0,0.0
2023-08-31,0.1535725624955772,1,0.4860558097031306,0,0.0,0,0.0
2023-09-01,0.3549966370275877,1,1.1222324859022168,-1,-0.0709824170061039,-1,-1.0
2023-09-05,-0.1717498046274109,1,-0.5414405443964423,0,0.0,0,0.0
2023-09-06,0.0696302441944437,1,0.220932858668923,0,0.0,0,0.0
2023-09-07,-0.1139699462616096,1,-0.358948961243765,0,0.0,0,0.0
2023-09-08,-0.047712539341992,1,-0.1496819359111307,0,0.0,0,0.0
2023-09-11,-0.3145425445778192,1,-0.992436339700814,0,0.0,0,0.0
2023-09-12,-0.0284423170992475,1,-0.0888189732067464,0,0.0,0,0.0
2023-09-13,-0.212718597978959,1,-0.6708361533514834,0,0.0,0,0.0
2023-09-14,-0.1096966377139416,1,-0.3454521673051809,0,0.0,0,0.0
2023-09-15,-0.1006056402255075,1,-0.3167392114235982,0,0.0,0,0.0
2023-09-18,0.1473907322118949,1,0.466531151333285,0,0.0,0,0.0
2023-09-19,-0.080770184747012,1,-0.2540910192125979,0,0.0,0,0.0
2023-09-20,-0.0671091895250933,1,-0.2109442079188433,0,0.0,0,0.0
2023-09-21,0.3060045234245179,1,0.9674960669096808,0,0.0,0,0.0
2023-09-22,0.2785552839028559,1,0.880800541542834,0,0.0,0,0.0
2023-09-25,0.2883966744801589,1,0.911883534780818,0,0.0,0,0.0
2023-09-26,0.2404856600895221,1,0.7605616535251688,0,0.0,0,0.0
2023-09-27,0.6081770628575669,2,1.921876134048101,0,0.0,0,0.0
2023-09-28,0.0941275529258198,1,0.2983050222534354,0,0.0,0,0.0
2023-09-29,-0.2506334587318742,1,-0.7905862385802848,0,0.0,0,0.0
2023-10-02,0.1364161527292138,1,0.4318691005620639,0,0.0,0,0.0
2023-10-03,0.2613090613711068,1,0.8263301682633268,0,0.0,0,0.0
2023-10-04,-0.4344184699307239,1,-1.3710517952986054,1,0.1740577251386058,1,1.0
2023-10-05,-0.2396939103496901,1,-0.7560348298419467,0,0.0,0,0.0
2023-10-06,-0.0594797279591092,1,-0.1868473589621657,0,0.0,0,0.0
2023-10-09,0.3047302125326732,1,0.9634712904796456,0,0.0,0,0.0
2023-10-10,-0.128542828100567,1,-0.4049758701546788,0,0.0,0,0.0
2023-10-11,0.0784518271200594,1,0.2487948970944289,0,0.0,0,0.0
2023-10-12,0.2636251817069025,1,0.833645389844099,0,0.0,0,0.0
2023-10-13,-0.1240804173753025,1,-0.3908818169506127,0,0.0,0,0.0
2023-10-16,-0.1130957252547095,1,-0.3561878264800815,0,0.0,0,0.0
2023-10-17,0.0482375662386256,1,0.153366343650546,0,0.0,0,0.0
2023-10-18,-0.1077031182194192,1,-0.3391558464264083,0,0.0,0,0.0
2023-10-19,0.0611597321220012,1,0.1941796404725831,0,0.0,0,0.0
2023-10-20,0.1607254352960418,1,0.5086474033547193,0,0.0,0,0.0
2023-10-23,0.0034952623470816,1,0.0120525000032793,0,0.0,0,0.0
2023-10-24,-0.5023192220193659,1,-1.5855091528688672,1,0.0127281306424544,1,1.0
2023-10-25,0.3562318549854382,1,1.126133791427053,-1,-0.0095450618231211,-1,-1.0
2023-10-26,0.123920222161788,1,0.3924020229901815,0,0.0,0,0.0
2023-10-27,0.5841669387220513,2,1.846042691580268,0,0.0,0,0.0
2023-10-30,-0.2706543693375887,1,-0.8538201712331482,0,0.0,0,0.0
2023-10-31,-0.3451841731767027,1,-1.089214688965448,1,0.1799370512125845,1,1.0
2023-11-01,0.0328697515575158,1,0.1048287232742971,0,0.0,0,0.0
2023-11-02,-0.4745375735425448,1,-1.4977637489077005,1,0.032022790316485,1,1.0
2023-11-03,-0.4860163812884998,1,-1.534018351419921,1,0.0121513711086711,1,1.0
2023-11-06,-0.0792924781267751,1,-0.2494238388457829,0,0.0,0,0.0
2023-11-07,-0.2140312243207619,1,-0.6749819450854639,0,0.0,0,0.0
2023-11-08,-0.1240253869237303,1,-0.3907080090785781,0,0.0,0,0.0
2023-11-09,0.4531162994741893,2,1.432133081797149,0,0.0,0,-1.0
2023-11-10,0.0182580974240847,1,0.0586793561642622,0,0.0,0,0.0
2023-11-13,0.1248095608877234,1,0.3952109054735453,0,0.0,0,0.0
2023-11-14,-0.3807740009768456,1,-1.201621403053612,1,0.0138099195702115,1,1.0
2023-11-15,-0.0844546514932302,1,-0.2657280184820305,0,0.0,0,0.0
2023-11-16,-0.3270971120917436,1,-1.0320886158782387,1,-0.0533686936652711,0,1.0
2023-11-17,0.2675681690525717,1,0.8460988991363272,0,0.0,0,0.0
2023-11-20,-0.2719987655441105,1,-0.858066304731077,0,0.0,0,0.0
2023-11-21,-0.073886001050444,1,-0.2323480517316647,0,0.0,0,0.0
2023-11-22,-0.1355620165509885,1,-0.4271452358989632,0,0.0,0,0.0
2023-11-24,-0.0296266539511041,1,-0.092559576129534,0,0.0,0,0.0
2023-11-27,-0.0393140745228047,1,-0.1231562713585728,0,0.0,0,0.0
2023-11-28,-0.2290537540129329,1,-0.72242901927395,0,0.0,0,0.0
2023-11-29,-0.08635375148244,1,-0.2717261253206111,0,0.0,0,0.0
2023-11-30,-0.0566326097469706,1,-0.1778550366434331,0,0.0,0,0.0
2023-12-01,-0.0723917721064577,1,-0.2276286873494563,0,0.0,0,0.0
2023-12-04,-0.042050646230263,1,-0.1317994442120474,0,0.0,0,0.0
2023-12-05,-0.1528750054070234,1,-0.4818264835655809,0,0.0,0,0.0
2023-12-06,0.0128581719103796,1,0.0416242614690864,0,0.0,0,0.0
2023-12-07,-0.1061826473695249,1,-0.3343535997546001,0,0.0,0,0.0
2023-12-08,0.1181350070193639,1,0.374130031675563,0,0.0,0,0.0
2023-12-11,0.0135952392668289,1,0.043952210906363,0,0.0,0,0.0
2023-12-12,-0.2061890284023091,1,-0.6502131971336869,0,0.0,0,0.0
2023-12-13,-0.5668830301010467,0,-1.7894271250556124,0,0.0,0,1.0
2023-12-14,0.728047777708817,0,2.30047513282646,0,0.0,0,0.0
2023-12-15,0.1727497523267829,1,0.5466249393565799,0,0.0,0,0.0
2023-12-18,-0.0995108611605095,1,-0.3132814673164898,0,0.0,0,0.0
2023-12-19,0.0526583272500609,1,0.1673288506302093,0,0.0,0,0.0
2023-12-20,0.2636049452843942,1,0.8335814752398523,0,0.0,0,0.0
2023-12-21,-0.1461729328111958,1,-0.4606586947718882,0,0.0,0,0.0
2023-12-22,-0.0097971707023338,1,-0.0299302465756662,0,0.0,0,0.0
2023-12-26,0.0310794115129049,1,0.0991741232395548,0,0.0,0,0.0
2023-12-27,-0.0762546080996653,1,-0.2398290470560636,0,0.0,0,0.0
2023-12-28,-0.3266916739233287,1,-1.0308080822231347,1,-0.0289618230543618,0,1.0
2023-12-29,0.1201103369833408,1,0.3803689028422742,0,0.0,0,0.0
2024-01-02,-0.2899535704080095,1,-0.914774660505616,0,0.0,0,0.0
2024-01-03,0.1298528853471767,1,0.4111397133832406,0,0.0,0,0.0
2024-01-04,-0.2688464032119925,1,-0.8481099010823001,0,0.0,0,0.0
2024-01-05,-0.060000742469903,1,-0.1884929282939271,0,0.0,0,0.0
2024-01-08,-0.3661293734077537,1,-1.1553678928278628,1,-0.0321622348027195,0,1.0
2024-01-09,-0.0199895916532552,1,-0.0621219321924151,0,0.0,0,0.0
2024-01-10,-0.1544613996114897,1,-0.4868369421936454,0,0.0,0,0.0
2024-01-11,0.2383660477485398,1,0.7538670817017675,0,0.0,0,0.0
2024-01-12,-0.0660717753496664,1,-0.2076676447597556,0,0.0,0,0.0
2024-01-16,-0.0282506755543319,1,-0.0882136936176541,0,0.0,0,0.0
2024-01-17,0.116487563121743,1,0.3689267540363433,0,0.0,0,0.0
2024-01-18,0.2683240247079985,1,0.848486189432549,0,0.0,0,0.0
2024-01-19,-0.325975091752732,1,-1.0285448330828673,1,-0.2048204937105102,0,1.0
2024-01-22,0.127652275823323,1,0.4041893205081585,0,0.0,0,0.0
2024-01-23,-0.191174213556204,1,-0.6027904894720871,0,0.0,0,0.0
2024-01-24,0.0522700826884754,1,0.1661026211672432,0,0.0,0,0.0
2024-01-25,0.0332566071618072,1,0.1060505658622744,0,0.0,0,0.0
2024-01-26,-0.0655946385843209,1,-0.2061606586550651,0,0.0,0,0.0
2024-01-29,-0.135350408013212,1,-0.4264768926707232,0,0.0,0,0.0
2024-01-30,0.258430774579805,1,0.8172394032775997,0,0.0,0,0.0
2024-01-31,-0.2023685543388911,1,-0.6381466331104085,0,0.0,0,0.0
2024-02-01,0.0894309819318875,1,0.2834713985597689,0,0.0,0,0.0
2024-02-02,0.2883174405901137,1,0.9116332829033876,0,0.0,0,0.0
2024-02-05,0.1197764975617254,1,0.3793145062706582,0,0.0,0,0.0
2024-02-06,0.0324534574122362,1,0.1035139021622704,0,0.0,0,0.0
2024-02-07,0.2696921105664398,1,0.8528071441952819,0,0.0,0,0.0
2024-02-08,0.1023988074315877,1,0.3244289064599375,0,0.0,0,0.0
2024-02-09,-0.0330659516185943,1,-0.1034222347449295,0,0.0,0,0.0
2024-02-12,0.1192428447738222,1,0.3776290202747987,0,0.0,0,0.0
2024-02-13,0.1603413922152321,1,0.5074344438252566,0,0.0,0,0.0
2024-02-14,-0.0765487284606629,1,-0.240757995167637,0,0.0,0,0.0
2024-02-15,-0.2043555755283604,1,-0.6444224297786607,0,0.0,0,0.0
2024-02-16,0.2061246451886395,1,0.6520360152604301,0,0.0,0,0.0
2024-02-20,-0.0145162590057639,1,-0.0448349888143552,0,0.0,0,0.0
2024-02-21,0.1066299305122272,1,0.3377924620541956,0,0.0,0,0.0
2024-02-22,0.0415247002580365,1,0.1321644650904813,0,0.0,0,0.0
2024-02-23,0.0185007610611093,1,0.0594457836451645,0,0.0,0,0.0
2024-02-26,0.4330739875858945,2,1.3688315554524693,0,0.0,0,-1.0
2024-02-27,-0.0615458943923576,1,-0.1933731275279743,0,0.0,0,0.0
2024-02-28,0.0674541454452256,1,0.2140598804880624,0,0.0,0,0.0
2024-02-29,0.1087022147468691,1,0.3443375530498835,0,0.0,0,0.0
2024-03-01,0.1430646117924525,1,0.4528675566727544,0,0.0,0,0.0
2024-03-04,-0.2501087918692295,1,-0.7889291336807608,0,0.0,0,0.0
2024-03-05,0.1936598961996857,1,0.6126674214124869,0,0.0,0,0.0
2024-03-06,0.0086709854541891,1,0.0283994750650075,0,0.0,0,0.0
2024-03-07,0.0639954187698104,1,0.2031358574021474,0,0.0,0,0.0
2024-03-08,-0.2447019368015683,1,-0.771852152720929,0,0.0,0,0.0
2024-03-11,-0.1028866433358803,1,-0.3239435189550006,0,0.0,0,0.0
2024-03-12,0.2469604441563747,1,0.7810115754936696,0,0.0,0,0.0
2024-03-13,0.2368467762636346,1,0.7490686230976675,0,0.0,0,0.0
2024-03-14,0.2397626809873937,1,0.7582782003519468,0,0.0,0,0.0
2024-03-15,0.2335632065640374,1,0.7386978148295337,0,0.0,0,0.0
2024-03-18,-0.1010965850674412,1,-0.3182898088805512,0,0.0,0,0.0
2024-03-19,0.1276318078144869,1,0.4041246744629424,0,0.0,0,0.0
2024-03-20,0.0518580923509745,1,0.1648013931777566,0,0.0,0,0.0
2024-03-21,0.2646774645414855,1,0.83696891409353,0,0.0,0,0.0
2024-03-22,0.1658207746195723,1,0.5247404947216847,0,0.0,0,0.0
2024-03-25,-0.0690429490364181,1,-0.2170517831992125,0,0.0,0,0.0
2024-03-26,-0.0061940973524671,1,-0.018550319756365,0,0.0,0,0.0
2024-03-27,-0.2602630762951646,1,-0.8210003691091997,0,0.0,0,0.0
2024-03-28,-0.0632023293049653,1,-0.1986048023388988,0,0.0,0,0.0
2024-04-01,0.2876236276775883,1,0.9094419480611158,0,0.0,0,0.0
2024-04-02,0.1818113130094949,1,0.575244922194768,0,0.0,0,0.0
2024-04-03,0.2767771270693837,1,0.87518442089436,0,0.0,0,0.0
2024-04-04,0.1923092146026773,1,0.6084014361722196,0,0.0,0,0.0
2024-04-05,0.0984908429545026,1,0.3120860132009643,0,0.0,0,0.0
2024-04-08,-0.3852908833374122,1,-1.2158874991675146,1,0.0424724600894837,1,1.0
2024-04-09,-0.2213412104346338,1,-0.6980697645518776,0,0.0,0,0.0
2024-04-10,0.4920007503895763,2,1.5549455151999203,0,0.0,0,-1.0
2024-04-11,0.2049016165171268,1,0.6481732083097371,0,0.0,0,0.0
2024-04-12,0.1506028521918574,1,0.4766762932044989,0,0.0,0,0.0
2024-04-15,0.1790449461335359,1,0.5665076444468928,0,0.0,0,0.0
2024-04-16,0.1329421223985959,1,0.4208967424967123,0,0.0,0,0.0
2024-04-17,-0.2686556672772997,1,-0.8475074817674962,0,0.0,0,0.0
2024-04-18,-0.1546790899264931,1,-0.4875244940732376,0,0.0,0,0.0
2024-04-19,-0.2538798387718634,1,-0.8008395872344505,0,0.0,0,0.0
2024-04-22,-0.2474527319705792,1,-0.7805402488762262,0,0.0,0,0.0
2024-04-23,-0.1492644934340801,1,-0.4704230626405462,0,0.0,0,0.0
2024-04-24,-0.2571490503833479,1,-0.8111650469969833,0,0.0,0,0.0
2024-04-25,0.4227816468256727,2,1.336324283666019,0,0.0,0,-1.0
2024-04-26,0.0045659534062975,1,0.0154341646869603,0,0.0,0,0.0
2024-04-29,0.0157040319899638,1,0.0506126101089597,0,0.0,0,0.0
2024-04-30,-0.2053632734728591,1,-0.6476051373593372,0,0.0,0,0.0
2024-05-01,-0.230908445005845,1,-0.728286864985733,0,0.0,0,0.0
2024-05-02,-0.2037552060542625,1,-0.6425262261723619,0,0.0,0,0.0
2024-05-03,-0.0112015002742109,1,-0.0343656732812402,0,0.0,0,0.0
2024-05-06,-0.0161226258029205,1,-0.0499085287680378,0,0.0,0,0.0
2024-05-07,-0.1756516531448554,1,-0.5537641210425183,0,0.0,0,0.0
2024-05-08,0.0856376806789064,1,0.271490656989774,0,0.0,0,0.0
2024-05-09,0.0993266645196437,1,0.3147258673814658,0,0.0,0,0.0
2024-05-10,-0.0168234038172877,1,-0.0521218621492104,0,0.0,0,0.0
2024-05-13,-0.1676455602102386,1,-0.5284777216668762,0,0.0,0,0.0
2024-05-14,-0.0964832525331967,1,-0.303719085074791,0,0.0,0,0.0
2024-05-15,-0.19221386821737,1,-0.606074128968866,0,0.0,0,0.0
2024-05-16,-0.3570940086329711,1,-1.1268306469995149,1,0.0160326138011704,1,1.0
2024-05-17,0.0444486257790267,1,0.1413993751861045,0,0.0,0,0.0
2024-05-20,0.201178186842422,1,0.6364131487437776,0,0.0,0,0.0
2024-05-21,-0.1322770949877457,1,-0.4167701579122135,0,0.0,0,0.0
2024-05-22,-0.1047454250099127,1,-0.329814284651272,0,0.0,0,0.0
2024-05-23,0.5422026753705487,2,1.713502995716557,0,0.0,0,0.0
2024-05-24,0.1670339827856787,1,0.5285722846427473,0,0.0,0,0.0
2024-05-28,0.2194020514105142,1,0.6939713011908861,0,0.0,0,0.0
2024-05-29,-0.0977767440859492,1,-0.3078044415975087,0,0.0,0,0.0
2024-05-30,0.286440639699724,1,0.9057056054144396,0,0.0,0,0.0
2024-05-31,-0.2365713559933537,1,-0.7461725715380153,0,0.0,0,0.0
2024-06-03,-0.5035989375726049,1,-1.5895509993513763,1,0.0648696680889882,1,1.0
2024-06-04,-0.4759936295659132,1,-1.5023625481498382,1,0.0342660804854513,1,1.0
2024-06-05,0.2198784258921698,1,0.695475879703012,0,0.0,0,0.0
2024-06-06,-0.2277022094600017,1,-0.7181603084784979,0,0.0,0,0.0
2024-06-07,0.0015233165879338,1,0.0058243174902692,0,0.0,0,0.0
2024-06-10,0.2641458092718087,1,0.8352897370481221,0,0.0,0,0.0
2024-06-11,0.1446305537437212,1,0.4578134190181245,0,0.0,0,0.0
2024-06-12,0.1533080866895282,1,0.4852204907889532,0,0.0,0,0.0
2024-06-13,0.0218388174039193,1,0.0699886822240367,0,0.0,0,0.0
2024-06-14,-0.5112753465715866,1,-1.6137961268191996,1,0.0925351088018276,1,1.0
2024-06-17,0.2860022602603215,1,0.9043210302323468,0,0.0,0,0.0
2024-06-18,0.0491569655371731,1,0.1562701692791788,0,0.0,0,0.0
2024-06-20,-0.2872972557320777,1,-0.9063849710139328,0,0.0,0,0.0
2024-06-21,-0.205064100666711,1,-0.6466602316331144,0,0.0,0,0.0
2024-06-24,0.1247877782614836,1,0.3951421073480364,0,0.0,0,0.0
2024-06-25,-0.1916504096287544,1,-0.6042945044978879,0,0.0,0,0.0
2024-06-26,-0.1200782946363665,1,-0.378241534761343,0,0.0,0,0.0
2024-06-27,-0.1702302848195925,1,-0.5366413014906346,0,0.0,0,0.0
2024-06-28,-0.0156979087841148,1,-0.0485671048991345,0,0.0,0,0.0
2024-07-01,-0.2629776382666851,1,-0.8295740265351588,0,0.0,0,0.0
2024-07-02,-0.1247971088280513,1,-0.3931454112470212,0,0.0,0,0.0
2024-07-03,0.2631981302044921,1,0.8322965927551685,0,0.0,0,0.0
2024-07-05,-0.4045555763427557,1,-1.2767329983592586,1,-0.0920816829657354,0,1.0
2024-07-08,0.1902376414753792,1,0.6018585911340093,0,0.0,0,0.0
2024-07-09,-0.2503655029980378,1,-0.7897399286815472,0,0.0,0,0.0
2024-07-10,0.1559442452943654,1,0.493546519457847,0,0.0,0,0.0
2024-07-11,0.1533472076835842,1,0.4853440503188949,0,0.0,0,0.0
2024-07-12,0.0050268050414362,1,0.0168897159270225,0,0.0,0,0.0
2024-07-15,0.153337770371321,1,0.4853142435643557,0,0.0,0,0.0
2024-07-16,0.3331060636117375,1,1.0530934206333606,-1,0.0154366969056345,0,-1.0
2024-07-17,-0.5326763200577156,0,-1.6813888423943513,0,0.0,0,1.0
2024-07-18,0.2749737797281531,1,0.8694887386863516,0,0.0,0,0.0
2024-07-19,-0.1323637743943434,1,-0.4170439256676933,0,0.0,0,0.0
2024-07-22,0.0044015288228896,1,0.0149148469976481,0,0.0,0,0.0
2024-07-23,-0.180555973311513,1,-0.5692538985673223,0,0.0,0,0.0
2024-07-24,-0.4581575687440766,1,-1.446029232897011,1,0.4276389528372825,1,1.0
2024-07-25,0.4696055907825849,2,1.48421276771268,0,0.0,0,-1.0
2024-07-26,0.1336980562496054,1,0.4232842797654271,0,0.0,0,0.0
2024-07-29,-0.1641527060249939,1,-0.5174459104438146,0,0.0,0,0.0
2024-07-30,-0.1561910529172486,1,-0.4922998695700828,0,0.0,0,0.0
2024-07-31,0.3691295194280751,1,1.166869703034997,-1,0.027175585282969,0,-1.0
2024-08-01,-0.8332861261128741,0,-2.6308331811277057,0,0.0,0,0.0
2024-08-02,-0.4468460085450932,1,-1.4103028641065145,1,-0.198289639795031,0,1.0
2024-08-05,0.6922731182952289,0,2.187484647598866,0,0.0,0,0.0
2024-08-06,-0.3048465645833877,1,-0.96181261043865,0,0.0,0,0.0
2024-08-07,-0.2074248640239799,1,-0.6541164534844961,0,0.0,0,0.0
2024-08-08,0.2185593330865283,1,0.6913096643256252,0,0.0,0,0.0
2024-08-09,-0.2184795703410466,1,-0.6890315764035835,0,0.0,0,0.0
2024-08-12,0.1071580697228113,1,0.3394605339981301,0,0.0,0,0.0
2024-08-13,-0.2019791970494877,1,-0.6369168892140942,0,0.0,0,0.0
2024-08-14,-0.1731432824912924,1,-0.5458416971278662,0,0.0,0,0.0
2024-08-15,0.1861887165339024,1,0.5890704891286607,0,0.0,0,0.0
2024-08-16,-0.2195035649120983,1,-0.6922657551588844,0,0.0,0,0.0
2024-08-19,-0.0738807933965784,1,-0.2323316039066731,0,0.0,0,0.0
2024-08-20,-0.1961804924009471,1,-0.618602292718418,0,0.0,0,0.0
2024-08-21,0.2601435906905889,1,0.8226491521511167,0,0.0,0,0.0
2024-08-22,-0.1062235647004399,1,-0.3344828328248819,0,0.0,0,0.0
2024-08-23,0.1853614796536973,1,0.5864577487692925,0,0.0,0,0.0
2024-08-26,-0.0706261202202022,1,-0.2220520622566888,0,0.0,0,0.0
2024-08-27,-0.269833393156407,1,-0.8512272046307383,0,0.0,0,0.0
2024-08-28,-0.0677489617169075,1,-0.2129648608495251,0,0.0,0,0.0
2024-08-29,-0.0388467283890764,1,-0.1216802079303032,0,0.0,0,0.0
2024-08-30,-0.0515853467973099,1,-0.1619137894281822,0,0.0,0,0.0
2024-09-03,-0.7823208774795595,0,-2.4698648234349445,0,0.0,0,0.0
2024-09-04,-0.2458240689766234,1,-0.775396288738638,0,0.0,0,0.0
2024-09-05,-0.1435681209029838,1,-0.4524316713351901,0,0.0,0,0.0
2024-09-06,0.127696606975837,1,0.4043293357735827,0,0.0,0,0.0
2024-09-09,-0.2212972132705772,1,-0.6979308041537389,0,0.0,0,0.0
2024-09-10,-0.2976907179968208,1,-0.9392116243975832,0,0.0,0,0.0
2024-09-11,0.1022079859565012,1,0.3238262169748301,0,0.0,0,0.0
2024-09-12,0.1381931915693582,1,0.4374816901466326,0,0.0,0,0.0
2024-09-13,0.0510756266950294,1,0.1623300580039663,0,0.0,0,0.0
2024-09-16,-0.1000753578548232,1,-0.3150643705347287,0,0.0,0,0.0
2024-09-17,0.4682395444036976,2,1.479898254430822,0,0.0,0,-1.0
2024-09-18,0.1621735965951707,1,0.5132212679437483,0,0.0,0,0.0
2024-09-19,0.3982338211114129,1,1.2587925675238631,-1,-0.0014682804962986,-1,-1.0
2024-09-20,-0.216595524470392,1,-0.6830810164092807,0,0.0,0,0.0
2024-09-23,0.1142816034906796,1,0.3619594634124201,0,0.0,0,0.0
2024-09-24,0.3386711587496471,1,1.070670186150555,-1,0.2953979690375145,0,-1.0
2024-09-25,0.0306363234726682,1,0.0977746764387873,0,0.0,0,0.0
2024-09-26,0.0441534610383949,1,0.1404671285117056,0,0.0,0,0.0
2024-09-27,0.0840857389300657,1,0.2665890128058503,0,0.0,0,0.0
2024-09-30,-0.1706063258769773,1,-0.5378289874738386,0,0.0,0,0.0
2024-10-01,0.3363464561283181,1,1.0633278583269097,-1,-0.0304358796315336,-1,-1.0
2024-10-02,0.0294519217673209,1,0.0940338686830956,0,0.0,0,0.0
2024-10-03,0.2220910851779046,1,0.7024643304789697,0,0.0,0,0.0
2024-10-04,-0.116068001895815,1,-0.3655754484844322,0,0.0,0,0.0
2024-10-07,0.545544265096991,2,1.7240570541146325,0,0.0,0,0.0
2024-10-08,-0.5579341070795198,0,-1.7611628963797512,0,0.0,0,1.0
2024-10-09,-0.0565068578163109,1,-0.177457862445371,0,0.0,0,0.0
2024-10-10,0.1454629737009896,1,0.4604425295792485,0,0.0,0,0.0
2024-10-11,0.0103208631529349,1,0.0336104396081573,0,0.0,0,0.0
2024-10-14,-0.1439239412149244,1,-0.4535554922284989,0,0.0,0,0.0
2024-10-15,-0.6188217314721526,0,-1.95347003045874,0,0.0,0,0.0
2024-10-16,-0.0150762832179228,1,-0.0466037661698428,0,0.0,0,0.0
2024-10-17,0.1880750224454997,1,0.5950281872237014,0,0.0,0,0.0
2024-10-18,-0.2430437483924835,1,-0.7666149396764884,0,0.0,0,0.0
2024-10-21,0.1705233379849777,1,0.5395930446880679,0,0.0,0,0.0
2024-10-22,-0.3486931902124201,1,-1.1002975488455062,1,-0.147653164341627,0,1.0
2024-10-23,-0.1851841384858029,1,-0.5838714697008672,0,0.0,0,0.0
2024-10-24,-0.078347955006951,1,-0.2464406622798288,0,0.0,0,0.0
2024-10-25,0.2731164768165557,1,0.8636226435051267,0,0.0,0,0.0
2024-10-28,-0.0678216115397536,1,-0.2131943176457499,0,0.0,0,0.0
2024-10-29,-0.1428495135042409,1,-0.4501620257256149,0,0.0,0,0.0
2024-10-30,-0.0911561077783771,1,-0.2868938607234986,0,0.0,0,0.0
2024-10-31,0.2118870972638572,1,0.6702361118302467,0,0.0,0,0.0
2024-11-01,0.0558599090134623,1,0.1774407086568754,0,0.0,0,0.0
2024-11-04,0.2693002341193012,1,0.8515694438051941,0,0.0,0,0.0
2024-11-05,0.0020807860035946,1,0.0075850257907129,0,0.0,0,0.0
2024-11-06,0.3608717807724888,1,1.1407885072145008,-1,0.0050178011841978,0,-1.0
2024-11-07,-0.1098708069980603,1,-0.3460022626029949,0,0.0,0,0.0
2024-11-08,-0.2695189863754348,1,-0.8502341840031988,0,0.0,0,0.0
2024-11-11,-0.0621756319381336,1,-0.1953620870884458,0,0.0,0,0.0
2024-11-12,-0.1991772463055166,1,-0.6280672235754924,0,0.0,0,0.0
2024-11-13,-0.005679816253656,1,-0.0169260171955425,0,0.0,0,0.0
2024-11-14,0.1510555136498045,1,0.4781059766344925,0,0.0,0,0.0
2024-11-15,-0.010933574117824,1,-0.0335194567997546,0,0.0,0,0.0
2024-11-18,-0.0742276386713987,1,-0.2334270780926821,0,0.0,0,0.0
2024-11-19,-0.1182428669538941,1,-0.3724445301820642,0,0.0,0,0.0
2024-11-20,-0.0095490962131565,1,-0.0291467294894325,0,0.0,0,0.0
2024-11-21,-0.027313076148465,1,-0.0852523848713359,0,0.0,0,0.0
2024-11-22,0.1186607706837214,1,0.3757906007075137,0,0.0,0,0.0
2024-11-25,-0.0334556320559731,1,-0.1046529992700112,0,0.0,0,0.0
2024-11-26,-0.3900819595349176,1,-1.2310196075702822,1,-0.011503993555845,0,1.0
2024-11-27,-0.1536680569122182,1,-0.4843312530267373,0,0.0,0,0.0
2024-11-29,0.1968405101268481,1,0.6227130547418491,0,0.0,0,0.0
2024-12-02,0.1893625642184091,1,0.5990947519948692,0,0.0,0,0.0
2024-12-03,0.1329178083869579,1,0.4208199492576476,0,0.0,0,0.0
2024-12-04,-0.3618206236314749,1,-1.1417591615100433,1,0.042351239195601,1,1.0
2024-12-05,-0.1056197051193213,1,-0.3325756060839894,0,0.0,0,0.0
2024-12-06,-0.0926314634792984,1,-0.2915536159598286,0,0.0,0,0.0
2024-12-09,0.2567589581964697,1,0.8119591477151176,0,0.0,0,0.0
2024-12-10,-0.1491891878918758,1,-0.4701852180350776,0,0.0,0,0.0
2024-12-11,-0.00381396391753,1,-0.0110329195594589,0,0.0,0,0.0
2024-12-12,-0.1317471500601736,1,-0.415096382801792,0,0.0,0,0.0
2024-12-13,0.0624014283095434,1,0.1981014068020301,0,0.0,0,0.0
2024-12-16,-0.1245100513435658,1,-0.3922387704853229,0,0.0,0,0.0
2024-12-17,-0.1850891897001536,1,-0.5835715839846048,0,0.0,0,0.0
2024-12-18,0.3274636565538338,1,1.0352724735782506,-1,-0.4486163209480624,-1,-1.0
2024-12-19,-0.2432680850519768,1,-0.7673234833335347,0,0.0,0,0.0
2024-12-20,-0.2446553701253848,1,-0.7717050767899865,0,0.0,0,0.0
2024-12-23,-0.0568831290702443,1,-0.1786462754800729,0,0.0,0,0.0
2024-12-24,-0.0879920570092455,1,-0.2769005403802971,0,0.0,0,0.0
2024-12-26,-0.0241079484807165,1,-0.0751293274801109,0,0.0,0,0.0
2024-12-27,0.0971500751065387,1,0.3078513394905151,0,0.0,0,0.0
2024-12-30,0.138326697447371,1,0.437903354368869,0,0.0,0,0.0
2024-12-31,0.0243715960162233,1,0.0779881960997606,0,0.0,0,0.0
2025-01-02,0.1154104440466216,1,0.365524787142994,0,0.0,0,0.0
2025-01-03,0.0243137816526626,1,0.0778055955355923,0,0.0,0,0.0
2025-01-06,0.4524991727181596,2,1.430183952084841,0,0.0,0,-1.0
2025-01-07,0.1309947959428985,1,0.4147463174547283,0,0.0,0,0.0
2025-01-08,-0.2459108597812156,1,-0.775670408332924,0,0.0,0,0.0
2025-01-10,0.6548271854355151,0,2.0692156216186524,0,0.0,0,0.0
2025-01-13,0.2337760469290791,1,0.7393700486541538,0,0.0,0,0.0
2025-01-14,0.1366571561283024,1,0.4326302843567076,0,0.0,0,0.0
2025-01-15,-0.1808147333955613,1,-0.5700711649769373,0,0.0,0,0.0
2025-01-16,-0.1516673105444247,1,-0.4780121068316385,0,0.0,0,0.0
2025-01-17,0.0167671468055167,1,0.0539703460268127,0,0.0,0,0.0
2025-01-21,-0.0032366408118426,1,-0.0092095054749086,0,0.0,0,0.0
2025-01-22,0.1763006109823069,1,0.5578399515758121,0,0.0,0,0.0
2025-01-23,0.0394457649088739,1,0.1255983672517005,0,0.0,0,0.0
2025-01-24,-0.3534642338301048,1,-1.1153663864596373,1,0.049317766717409,1,1.0
2025-01-27,-1.150510508375136,0,-3.632752904903535,0,0.0,0,0.0
2025-01-28,-0.0326585406503829,1,-0.1021354702099254,0,0.0,0,0.0
2025-01-29,0.1736199517993082,1,0.5493733725284716,0,0.0,0,0.0
2025-01-30,-0.0569210933382683,1,-0.1787661816129516,0,0.0,0,0.0
2025-01-31,-0.3543579394127919,1,-1.1181890611990668,1,0.0547755845879854,1,1.0
2025-02-03,-0.325220273019747,1,-1.026160817796716,1,0.0405396846495088,1,1.0
2025-02-04,0.3227123518607641,1,1.0202659792737885,-1,0.0882899262518888,0,-1.0
2025-02-05,-0.4119948030956176,1,-1.3002290107407124,1,0.0426118048505345,1,1.0
2025-02-06,-0.1967913012480806,1,-0.6205314679824236,0,0.0,0,0.0
2025-02-07,-0.0765926898729449,1,-0.24089684264757,0,0.0,0,0.0
2025-02-10,0.4544825848671023,2,1.436448349979576,0,0.0,0,-1.0
2025-02-11,0.0654243388298274,1,0.2076489505686314,0,0.0,0,0.0
2025-02-12,-0.3401232625002754,1,-1.0732303368459186,1,-0.0995104172261621,0,1.0
2025-02-13,0.0209645373426677,1,0.067227360943418,0,0.0,0,0.0
2025-02-14,0.239259021434637,1,0.75668744482308,0,0.0,0,0.0
2025-02-18,0.0812007714725858,1,0.2574771476412401,0,0.0,0,0.0
2025-02-19,0.0112992918643946,1,0.0367007034060694,0,0.0,0,0.0
2025-02-20,0.0334407702135982,1,0.1066322254202953,0,0.0,0,0.0
2025-02-21,-0.442989959890562,1,-1.398123941492615,1,-0.3437198745827571,0,1.0
2025-02-24,-0.3827766750656147,1,-1.2079466377519137,1,-0.0805576823735442,0,1.0
2025-02-25,0.0276902430544419,1,0.0884697924390122,0,0.0,0,0.0
2025-02-26,0.0425728086724346,1,0.1354748048744287,0,0.0,0,0.0
2025-02-27,-0.0403911997027685,1,-0.1265582575334221,0,0.0,0,0.0
2025-02-28,-0.2257752332720163,1,-0.7120741576088185,0,0.0,0,0.0
2025-03-03,-0.8851718375328009,0,-2.794708723363886,0,0.0,0,0.0
2025-03-04,0.3286244251821775,1,1.038938638755038,-1,-0.0834578104731275,-1,-1.0
2025-03-05,0.2259945358092944,1,0.7147929672328157,0,0.0,0,0.0
2025-03-06,0.6311160434052578,2,1.9943264825684133,0,0.0,0,0.0
2025-03-07,0.1377163489303943,1,0.435975633009069,0,0.0,0,0.0
2025-03-10,0.3013511118337874,1,0.9527987576349308,0,0.0,0,0.0
2025-03-11,0.1642189662488852,1,0.5196813520767986,0,0.0,0,0.0
2025-03-12,0.0827801699262244,1,0.2624655109288177,0,0.0,0,0.0
2025-03-13,-0.0361496772526869,1,-0.1131618566285844,0,0.0,0,0.0
2025-03-14,-0.1690179694521987,1,-0.5328123313800578,0,0.0,0,0.0
2025-03-17,-0.0655648440163541,1,-0.2060665556573874,0,0.0,0,0.0
2025-03-18,0.0514028868216367,1,0.1633636745668389,0,0.0,0,0.0
2025-03-19,0.0761549832176528,1,0.241540558093611,0,0.0,0,0.0
2025-03-20,-0.0993979588745281,1,-0.3129248773646792,0,0.0,0,0.0
2025-03-21,-0.0957027158480219,1,-0.3012538423515482,0,0.0,0,0.0
2025-03-24,0.2419166920090637,1,0.7650814167770243,0,0.0,0,0.0
2025-03-25,0.219442182589939,1,0.6940980512846756,0,0.0,0,0.0
2025-03-26,-0.1907234811582871,1,-0.6013668987745586,0,0.0,0,0.0
2025-03-27,-0.1572141447713291,1,-0.4955311971891249,0,0.0,0,0.0
2025-03-28,-0.2144787895381026,1,-0.6763955325774839,0,0.0,0,0.0
2025-03-31,-0.168452654303551,1,-0.5310268431602049,0,0.0,0,0.0
2025-04-01,0.3022654680945466,1,0.9556866553610746,0,0.0,0,0.0
2025-04-02,0.088625396994195,1,0.2809270435751523,0,0.0,0,0.0
2025-04-03,-0.8675541987076514,0,-2.739065270930009,0,0.0,0,0.0
2025-04-04,0.989849454687791,0,3.127348092629295,0,0.0,0,0.0
2025-04-07,0.1877685879383083,1,0.5940603461813101,0,0.0,0,0.0
2025-04-08,-0.1193862319477973,1,-0.3760557278166752,0,0.0,0,0.0
2025-04-09,-0.0893997695582786,1,-0.2813466518620967,0,0.0,0,0.0
2025-04-10,0.0083612805168442,1,0.0274213047142176,0,0.0,0,0.0
2025-04-11,0.0483580248599999,1,0.1537467994900153,0,0.0,0,0.0
2025-04-14,-0.3867907785849129,1,-1.2206247599712134,1,0.0401734180972214,1,1.0
2025-04-15,-0.2101284907854136,1,-0.6626555732037651,0,0.0,0,0.0
2025-04-16,0.1900231951726834,1,0.6011812851248385,0,0.0,0,0.0
2025-04-17,0.1505842323652689,1,0.4766174844478097,0,0.0,0,0.0
2025-04-21,0.1568897128078352,1,0.4965326787914368,0,0.0,0,0.0
2025-04-22,-0.3311714772791634,1,-1.0449570682148142,1,0.0861120793332601,1,1.0
2025-04-23,-0.15963760242844,1,-0.5031854323682718,0,0.0,0,0.0
2025-04-24,0.3987336240325597,1,1.2603711422889132,-1,0.085425821553728,0,-1.0
2025-04-25,-0.0242286937906199,1,-0.0755106887950352,0,0.0,0,0.0
2025-04-28,-0.0921307423769136,1,-0.2899721412162659,0,0.0,0,0.0
2025-04-29,-0.2858860353990162,1,-0.9019277805665769,0,0.0,0,0.0
2025-04-30,-0.1580825160344377,1,-0.4982738561545677,0,0.0,0,0.0
2025-05-01,0.1918892970779794,1,0.6070751709988002,0,0.0,0,0.0
2025-05-02,-0.0185658033279925,1,-0.0576250470684238,0,0.0,0,0.0
2025-05-05,-0.1498510611265244,1,-0.4722756747764688,0,0.0,0,0.0
2025-05-06,-0.0586427506853259,1,-0.1842038545979193,0,0.0,0,0.0
2025-05-07,-0.1083982427557306,1,-0.3413513238939478,0,0.0,0,0.0
2025-05-08,0.4386837685623613,2,1.386549456473513,0,0.0,0,-1.0
2025-05-09,0.1640369340933886,1,0.5191064227297768,0,0.0,0,0.0
2025-05-12,0.7064728246615839,0,2.232332921173608,0,0.0,0,0.0
2025-05-13,0.4672983604720973,2,1.4769256243383733,0,0.0,0,-1.0
2025-05-14,0.0302520317240879,1,0.0965609315184219,0,0.0,0,0.0
2025-05-15,-0.414733841054292,1,-1.3088799729883045,1,0.0562090085877983,1,1.0
2025-05-16,-0.1486772842998059,1,-0.4685684245783174,0,0.0,0,0.0
2025-05-19,-0.2485473694495077,1,-0.7839975457986804,0,0.0,0,0.0
2025-05-20,-0.1029311813028329,1,-0.3240841874219971,0,0.0,0,0.0
2025-05-21,0.2515388911880114,1,0.7954721171221101,0,0.0,0,0.0
2025-05-22,0.1042131268606359,1,0.3301592428490563,0,0.0,0,0.0
2025-05-23,-0.0541957579446842,1,-0.1701584974706944,0,0.0,0,0.0
2025-05-27,-0.1493179607446705,1,-0.4705919334968017,0,0.0,0,0.0
2025-05-28,-0.1087608477072085,1,-0.3424965733550188,0,0.0,0,0.0
2025-05-29,-0.1503967060824892,1,-0.4739990367692048,0,0.0,0,0.0
2025-05-30,-0.2462072163294646,1,-0.7766064192058689,0,0.0,0,0.0
2025-06-02,0.0523488573998644,1,0.1663514227773606,0,0.0,0,0.0
2025-06-03,0.4049700066562492,1,1.2800680984658872,-1,-0.1572460850568725,-1,-1.0
2025-06-04,0.0050686456912929,1,0.0170218652027121,0,0.0,0,0.0
2025-06-05,0.013696086400509,1,0.0442707259322253,0,0.0,0,0.0
2025-06-06,-0.1970437066671797,1,-0.6213286638536233,0,0.0,0,0.0
2025-06-09,0.125288906890647,1,0.3967248692219093,0,0.0,0,0.0
2025-06-10,-0.0486760535848909,1,-0.1527250939345304,0,0.0,0,0.0
2025-06-11,0.0940310557115246,1,0.2980002459887539,0,0.0,0,0.0
2025-06-12,-0.1262192835758653,1,-0.3976372000569769,0,0.0,0,0.0
2025-06-13,0.4730781595940529,2,1.4951805097240811,0,0.0,0,-1.0
2025-06-16,-0.0052764899186055,1,-0.0156521535431854,0,0.0,0,0.0
2025-06-17,0.1734173399511712,1,0.5487334443947277,0,0.0,0,0.0
2025-06-18,0.0017035532711082,1,0.0063935760274994,0,0.0,0,0.0
2025-06-20,0.0552303989645949,1,0.1754524676213742,0,0.0,0,0.0
2025-06-23,-0.3654526814443096,1,-1.1532306326959016,1,-0.021074706835675,0,1.0
2025-06-24,-0.2411879688158466,1,-0.7607536557879262,0,0.0,0,0.0
2025-06-25,0.0866484548794999,1,0.2746830806005833,0,0.0,0,0.0
2025-06-26,0.1798775234024859,1,0.5691372518603572,0,0.0,0,0.0
2025-06-27,-0.0344782318581849,1,-0.1078827727951695,0,0.0,0,0.0
2025-06-30,-0.3354102794910277,1,-1.0583448775344029,1,0.773973495675602,1,1.0
2025-07-01,0.2586748140356886,1,0.8180101761371307,0,0.0,0,0.0
2025-07-02,0.5418557471271357,2,1.7124072594830066,0,0.0,0,0.0
2025-07-03,-0.280168653806931,1,-0.883870034359896,0,0.0,0,0.0
2025-07-07,-0.0023671572484377,1,-0.0064633334263993,0,0.0,0,0.0
2025-07-08,0.3454513331621772,1,1.0920846512875313,-1,-0.1396363488512026,-1,-1.0
2025-07-09,0.1657198160593614,1,0.5244216277668878,0,0.0,0,0.0
2025-07-10,0.0154043673723296,1,0.0496661510480759,0,0.0,0,0.0
2025-07-11,0.2861034351477187,1,0.9046405804337248,0,0.0,0,0.0
2025-07-14,-0.3618043066302545,1,-1.1417076259841832,1,-0.1477779966048426,0,1.0
2025-07-15,0.0470986173307447,1,0.1497690937574547,0,0.0,0,0.0
2025-07-16,-0.3524348773191964,1,-1.112115272583329,1,0.1133842884857948,1,1.0
2025-07-17,0.182910841888684,1,0.5787176680885875,0,0.0,0,0.0
2025-07-18,-0.0992640946986787,1,-0.3125020814965493,0,0.0,0,0.0
2025-07-21,-0.2271910644013303,1,-0.7165459107694022,0,0.0,0,0.0
2025-07-22,-0.046353042458918,1,-0.1453881085204055,0,0.0,0,0.0
2025-07-23,0.3320935120123642,1,1.0498953832961355,-1,0.0088037926092363,0,-1.0
2025-07-24,-0.069921716372876,1,-0.2198272770648739,0,0.0,0,0.0
2025-07-25,0.1913494263481518,1,0.6053700462897658,0,0.0,0,0.0
2025-07-28,0.4221783477201819,2,1.3344188271282305,0,0.0,0,-1.0
2025-07-29,-0.2647582811458762,1,-0.8351979990965983,0,0.0,0,0.0
2025-07-30,-0.1436668058685907,1,-0.4527433573814408,0,0.0,0,0.0
2025-07-31,0.6616296655783336,0,2.0907005370500538,0,0.0,0,0.0
2025-08-01,-0.1183910395812333,1,-0.3729125177837614,0,0.0,0,0.0
2025-08-04,-0.2843620409687194,1,-0.8971144050380322,0,0.0,0,0.0
2025-08-05,0.449247246082884,2,1.419913085094986,0,0.0,0,-1.0
2025-08-06,-0.1896362754126975,1,-0.5979330741973292,0,0.0,0,0.0
2025-08-07,0.0410950121751919,1,0.1308073406405785,0,0.0,0,0.0
2025-08-08,0.0196223907652614,1,0.0629883326615694,0,0.0,0,0.0
2025-08-11,0.0596795107844927,1,0.1895045176367303,0,0.0,0,0.0
2025-08-12,0.1804529515169115,1,0.5709546808150504,0,0.0,0,0.0
2025-08-13,0.0911030456587727,1,0.2887524353307422,0,0.0,0,0.0
2025-08-14,-0.2411824834943354,1,-0.7607363309789877,0,0.0,0,0.0
2025-08-15,-0.2049864890311842,1,-0.6464151034753284,0,0.0,0,0.0
2025-08-18,0.1452624266995633,1,0.4598091230458661,0,0.0,0,0.0
2025-08-19,-0.1118320805402661,1,-0.3521967380453998,0,0.0,0,0.0
2025-08-20,-0.2647788681777889,1,-0.8352630210636373,0,0.0,0,0.0
2025-08-21,0.1070148032278087,1,0.3390080418975048,0,0.0,0,0.0
2025-08-22,0.2783288234432481,1,0.8800852900873242,0,0.0,0,0.0
2025-08-25,0.2556643186413523,1,0.8085018442352402,0,0.0,0,0.0
2025-08-26,0.0923130711104525,1,0.29257417298427,0,0.0,0,0.0
2025-08-27,-0.0403329877160879,1,-0.1263744011186046,0,0.0,0,0.0
2025-08-28,0.1634165080013382,1,0.5171468724129397,0,0.0,0,0.0
2025-08-29,-0.3522893356368674,1,-1.111655594543712,1,0.0065282273799561,1,1.0
2025-09-02,0.2663076157285643,1,0.8421175745319971,0,0.0,0,0.0
2025-09-03,-0.2988860420903342,1,-0.9429869293632828,0,0.0,0,0.0
2025-09-04,0.2949567660966194,1,0.9326028916393156,0,0.0,0,0.0
2025-09-05,-0.0406951366937045,1,-0.1275182104343696,0,0.0,0,0.0
2025-09-08,0.0926114456229971,1,0.2935165573844177,0,0.0,0,0.0
2025-09-09,-0.4292387096070949,1,-1.3546920691146809,1,0.1935027609658866,1,1.0
2025-09-10,0.6943220551939947,0,2.193955998498837,0,0.0,0,0.0
2025-09-11,-0.2013971158761969,1,-0.635078447275301,0,0.0,0,0.0
2025-09-12,-0.078736169951291,1,-0.2476667981998516,0,0.0,0,0.0
2025-09-15,0.0958393411595765,1,0.3037115246858691,0,0.0,0,0.0
2025-09-16,0.3147941935663623,1,0.9952573121764984,0,0.0,0,0.0
2025-09-17,-0.3773767929361384,1,-1.190891680081245,1,0.1444924531999847,1,1.0
2025-09-18,0.1069239687301936,1,0.3387211507256764,0,0.0,0,0.0
2025-09-19,-0.2975180587819771,1,-0.9386662984941648,0,0.0,0,0.0
2025-09-22,-0.0532413668123329,1,-0.1671441538288837,0,0.0,0,0.0
2025-09-23,0.078053426437262,1,0.2475365905947397,0,0.0,0,0.0
2025-09-24,0.1633773794607616,1,0.5170232890481092,0,0.0,0,0.0
2025-09-25,0.1079920921920761,1,0.3420947059242268,0,0.0,0,0.0
2025-09-26,-0.0347761937134923,1,-0.1088238538609953,0,0.0,0,0.0
2025-09-29,-0.2221677397462532,1,-0.7006802701305621,0,0.0,0,0.0
2025-09-30,0.024506436808192,1,0.0784140765068073,0,0.0,0,0.0
2025-10-01,0.0823012343144357,1,0.2609528433575304,0,0.0,0,0.0
2025-10-02,0.1387027176660233,1,0.4390909745351359,0,0.0,0,0.0
2025-10-03,-0.1825615428144293,1,-0.5755882781255552,0,0.0,0,0.0
2025-10-06,0.0530397796830179,1,0.1685336278719092,0,0.0,0,0.0
2025-10-07,-0.3086950226246716,1,-0.973967558901906,0,0.0,0,0.0
2025-10-08,0.213391223919051,1,0.6749867370884582,0,0.0,0,0.0
2025-10-09,-0.3426212622125292,1,-1.0811200052372476,1,0.0438632524990043,1,1.0
2025-10-10,-0.2279590278133825,1,-0.7189714421367773,0,0.0,0,0.0
2025-10-13,0.2120642902150787,1,0.6707957570614135,0,0.0,0,0.0
2025-10-14,-0.0580012599223391,1,-0.182177773741609,0,0.0,0,0.0
2025-10-15,0.0984256277553026,1,0.3118800378786939,0,0.0,0,0.0
2025-10-16,0.4426853848833136,2,1.3991881391950407,0,0.0,0,-1.0
2025-10-17,-0.3743240146186822,1,-1.181249802030251,1,0.0911395984965812,1,1.0
2025-10-20,-0.1417644348521007,1,-0.4467349193484999,0,0.0,0,0.0
2025-10-21,0.1132315683105837,1,0.3586430381424141,0,0.0,0,0.0
2025-10-22,-0.3241016525114193,1,-1.0226277730076585,1,-0.0867558728647118,0,1.0
2025-10-23,0.4567003602966469,2,1.4434529595556742,0,0.0,0,-1.0
2025-10-24,-0.2684371862821351,1,-0.8468174326080825,0,0.0,0,0.0
2025-10-27,0.042825198996368,1,0.1362719530691407,0,0.0,0,0.0
2025-10-28,0.445750864143253,2,1.4088701318321004,0,0.0,0,-1.0
2025-10-29,1.0354659016787096,0,3.2714228249775505,0,0.0,0,0.0
2025-10-30,0.0010205517610479,1,0.0042363878586139,0,0.0,0,0.0
2025-10-31,0.0146995594572107,1,0.0474400896507927,0,0.0,0,0.0
2025-11-03,-0.0719789845179503,1,-0.226324941326827,0,0.0,0,0.0
2025-11-04,-0.1356849603499118,1,-0.4275335409093748,0,0.0,0,0.0
2025-11-05,0.173706233102542,1,0.549645882916502,0,0.0,0,0.0
2025-11-06,0.1174254808283946,1,0.3718890681020882,0,0.0,0,0.0
2025-11-07,-0.1924019954310974,1,-0.6066683089138888,0,0.0,0,0.0
2025-11-10,0.0560692510535436,1,0.1781018933914066,0,0.0,0,0.0
2025-11-11,-0.4125529194237077,1,-1.301991762245773,1,0.0418773165088524,1,1.0
2025-11-12,-0.0869361120905673,1,-0.2735654498248369,0,0.0,0,0.0
2025-11-13,-0.0001975069858328,1,0.0003892778902239,0,0.0,0,0.0
2025-11-14,0.1356660668460018,1,0.4295000334823004,0,0.0,0,0.0
2025-11-17,-0.1742889052144637,1,-0.5494600255620348,0,0.0,0,0.0
2025-11-18,-0.0250929596124698,1,-0.078240381157651,0,0.0,0,0.0
2025-11-19,0.1043619754181537,1,0.3306293653048685,0,0.0,0,0.0
2025-11-20,-0.1491658188570672,1,-0.4701114094055726,0,0.0,0,0.0
2025-11-21,0.0194949515541011,1,0.0625858293661629,0,0.0,0,0.0
2025-11-24,-0.0914228126352416,1,-0.2877362198593688,0,0.0,0,0.0
2025-11-25,0.0323855872797145,1,0.10329954151337,0,0.0,0,0.0
2025-11-26,0.1654420390927796,1,0.5235442985412961,0,0.0,0,0.0
2025-11-28,-0.0020079828237697,1,-0.0053289189221158,0,0.0,0,0.0
2025-12-01,0.3683054782583552,1,1.164267055989843,-1,0.0660858155255519,0,-1.0
2025-12-02,0.0098036738166542,1,0.0319769516862936,0,0.0,0,0.0
2025-12-03,0.3185714960724123,1,1.0071875233932095,-1,-0.0377818822601189,-1,-1.0
2025-12-04,0.1425794467694007,1,0.4513352141635968,0,0.0,0,0.0
2025-12-05,-0.0252994513948427,1,-0.078892563654096,0,0.0,0,0.0
2025-12-08,0.1510697441021855,1,0.4781509220161087,0,0.0,0,0.0
2025-12-09,-0.1677905500682406,1,-0.5289356568276091,0,0.0,0,0.0
2025-12-10,0.2515660994888832,1,0.7955580516681857,0,0.0,0,0.0
2025-12-11,0.0270499530678312,1,0.0864475041081262,0,0.0,0,0.0
2025-12-12,-0.4097798469136019,1,-1.2932333054603218,1,-0.0179717486925138,0,1.0
2025-12-15,-0.1866873386059691,1,-0.5886191685960032,0,0.0,0,0.0
2025-12-16,-0.2323965480225723,1,-0.7329868812733736,0,0.0,0,0.0
2025-12-17,-0.1811436140035103,1,-0.5711098996590623,0,0.0,0,0.0
2025-12-18,-0.1044204149267839,1,-0.3287877746132018,0,0.0,0,0.0
2025-12-19,0.0766883851924807,1,0.2432252519228492,0,0.0,0,0.0
2025-12-22,-0.0561999963703053,1,-0.1764886729618047,0,0.0,0,0.0
2025-12-23,0.0174899178703564,1,0.0562531421362198,0,0.0,0,0.0
2025-12-24,-0.1686251638032255,1,-0.5315716962040663,0,0.0,0,0.0
2025-12-26,-0.0114427615126192,1,-0.0351276714341565,0,0.0,0,0.0
2025-12-29,-0.076177786552469,1,-0.2395864143088641,0,0.0,0,0.0
2025-12-30,-0.0139484851062937,1,-0.043041734889586,0,0.0,0,0.0
2025-12-31,0.0222648329306317,1,0.071334207293087,0,0.0,0,0.0
