Date,spread,regime,z_score,gmm_signal
2016-07-06,0.07280112038468775,2,0.17956102869422955,0
2016-07-07,0.31291310307082193,2,0.7720013725006887,0
2016-07-08,0.022215907061240214,2,0.054749593473021205,0
2016-07-11,0.21776416719943173,2,0.5372356284097323,0
2016-07-12,0.3540356035259161,2,0.8734649814187128,0
2016-07-13,-0.07503389186728598,2,-0.18519971546103967,0
2016-07-14,-0.022603896178621463,2,-0.0558365561381405,0
2016-07-15,0.09887706889011147,2,0.24389952494423306,0
2016-07-18,0.17867925125994272,2,0.4407994540139486,0
2016-07-19,-0.24385988592069358,2,-0.6017525623516912,0
2016-07-20,0.1381251195757498,2,0.34073820988536435,0
2016-07-21,-0.03234448521801664,2,-0.07987000026208488,0
2016-07-22,-0.31706723385945734,0,-0.7823807254979398,0
2016-07-25,0.0550408609914311,2,0.13574024947561508,0
2016-07-26,0.6184645505756282,3,1.525903791635401,0
2016-07-27,0.060111519182679984,2,0.148251338878743,0
2016-07-28,-0.14193333158657578,2,-0.35026406012376976,0
2016-07-29,-0.1702387729782041,2,-0.42010349604884006,0
2016-08-01,-0.28577607738636296,0,-0.7051744849278716,0
2016-08-02,-0.05742151888389302,2,-0.14174382380248698,0
2016-08-03,0.24751660839348277,2,0.6106453195584071,0
2016-08-04,0.012590577221438935,2,0.031000534155992205,0
2016-08-05,0.042837772540615215,2,0.10563095698456822,0
2016-08-08,0.1803111601043745,2,0.4448259445957191,0
2016-08-09,-0.11105866357400099,2,-0.2740854424319157,0
2016-08-10,-0.026978236113526455,2,-0.0666295845658346,0
2016-08-11,0.2132666053479661,2,0.5261385683639781,0
2016-08-12,0.0013770964016188436,2,0.0033329502318477006,0
2016-08-15,0.3518099796591009,2,0.8679735879693344,0
2016-08-16,0.31885684597206837,2,0.7866666676205686,0
2016-08-17,-0.2235558089740329,2,-0.5516552944336787,0
2016-08-18,0.10086208659608781,2,0.24879725873925054,0
2016-08-19,0.2241176582383418,2,0.5529119156710115,0
2016-08-22,-0.1699110497057122,2,-0.4192948879733227,0
2016-08-23,0.35728934300145515,2,0.881493096100789,0
2016-08-24,-0.08978486650204742,2,-0.22159553538778537,0
2016-08-25,-0.09533973787234874,2,-0.2353013482656198,0
2016-08-26,0.051544488185710835,2,0.12711347340253537,0
2016-08-29,-0.1568750127771144,2,-0.38713041990532343,0
2016-08-30,-0.010493992814607583,2,-0.025957183887828895,0
2016-08-31,-0.2684399185578833,0,-0.6624001103142844,0
2016-09-01,0.15182401659803402,2,0.3745381859251274,0
2016-09-02,-0.29180830819775294,0,-0.7200581107088109,0
2016-09-06,-0.201413238618611,2,-0.49702181947182117,0
2016-09-07,0.1896486845974111,2,0.4678648873384767,0
2016-09-08,0.13679523267435534,2,0.3374569131992438,0
2016-09-09,0.29899719084885135,2,0.7376659439688212,0
2016-09-12,-0.27497056073231096,0,-0.678513491461748,0
2016-09-13,0.3467701088365466,2,0.8555384617859103,0
2016-09-14,0.13637770734359023,2,0.3364267319990422,0
2016-09-15,-0.1737883185705047,2,-0.4288614680064832,0
2016-09-16,0.0964416697483253,2,0.23789054243230331,0
2016-09-19,-0.11306359641036842,2,-0.27903231382749716,0
2016-09-20,-0.1721143322702863,2,-0.42473115760658514,0
2016-09-21,-0.16240801679937877,2,-0.4007822783780331,0
2016-09-22,-0.10517233361402356,2,-0.25956180514303556,0
2016-09-23,0.028746257742526427,2,0.07086225540482975,0
2016-09-26,0.24910086930601089,2,0.6145542460067974,0
2016-09-27,0.12438049901051051,2,0.3068254178536407,0
2016-09-28,0.1967594548903469,2,0.48540964770381984,0
2016-09-29,0.6385780593066903,3,1.5755308610322702,0
2016-09-30,0.04949684770121254,2,0.1220612272836321,0
2016-10-03,0.3247788306108292,2,0.8012782774875785,0
2016-10-04,0.15970628369801115,2,0.39398649907653294,0
2016-10-05,0.2672846316432171,2,0.6594199552905827,0
2016-10-06,0.1120676615921587,2,0.2764453362277409,0
2016-10-07,-0.335743918489801,0,-0.8284626466906408,0
2016-10-10,-0.15771078367842328,2,-0.38919255938947445,0
2016-10-11,0.28776787984458385,2,0.709959301436224,0
2016-10-12,-0.2831682786076007,0,-0.698740132140541,0
2016-10-13,-0.07490033089507389,2,-0.1848701737721524,0
2016-10-14,-0.10869470261762773,2,-0.26825272293965485,0
2016-10-17,0.040796544583183075,2,0.10059453281547868,0
2016-10-18,-0.2145881234385659,2,-0.5295288739096142,0
2016-10-19,0.18404034653568346,2,0.454027153409904,0
2016-10-20,0.21341341933827407,2,0.5265008098894556,0
2016-10-21,-0.010039300441741575,2,-0.02483529857959322,0
2016-10-24,-0.0795482850200081,2,-0.19633830422098605,0
2016-10-25,-0.3320362574765464,0,-0.8193145486205764,0
2016-10-26,-0.06539843545131882,2,-0.16142567033448052,0
2016-10-27,0.19449908040638558,2,0.47983251231295565,0
2016-10-28,0.18664373704119142,2,0.460450629443425,0
2016-10-31,-0.20094191585545973,2,-0.49585890116711434,0
2016-11-01,0.33223151922369776,2,0.8196666700813035,0
2016-11-02,0.23357300329140707,2,0.5762415629938153,0
2016-11-03,-0.07891502620412022,2,-0.1947758329673398,0
2016-11-04,0.28730666579391473,2,0.7088213248650841,0
2016-11-07,-0.33745579084665533,0,-0.8326864352592157,0
2016-11-08,-0.13815829138646815,2,-0.3409497140048656,0
2016-11-09,0.01777046033718649,2,0.04378111969629048,0
2016-11-10,0.374600583171852,2,0.9242059876588593,0
2016-11-11,0.10542407506954357,2,0.2600532818223972,0
2016-11-14,0.12530956596440085,2,0.30911775136996295,0
2016-11-15,0.08850230734398917,2,0.21830135517138538,0
2016-11-16,0.0271771732316185,2,0.06699077445371535,0
2016-11-17,-0.15212865300474604,2,-0.37541948826453675,0
2016-11-18,-0.01497743125655518,2,-0.0370193965365603,0
2016-11-21,0.08958587828916259,2,0.22097490413847864,0
2016-11-22,0.15781937252247824,2,0.38933082844710737,0
2016-11-23,0.2850214165254058,2,0.703182814670078,0
2016-11-25,-0.2100615139939282,2,-0.5183601432796056,0
2016-11-28,-0.16053656421378154,2,-0.3961647495032747,0
2016-11-29,-0.24066935158158687,2,-0.593880396874396,0
2016-11-30,0.7308577509290946,3,1.8032171748077643,0
2016-12-01,0.0810986155330295,2,0.20003385484569125,0
2016-12-02,-0.06597694003853626,2,-0.16285304373213688,0
2016-12-05,-0.010701663437580333,2,-0.02646958003689281,0
2016-12-06,-0.06137306873362003,2,-0.1514936810372289,0
2016-12-07,-0.04389213168549355,2,-0.10836208785727233,0
2016-12-08,-0.23043392358127165,2,-0.5686260117509367,0
2016-12-09,-0.3375323953649736,0,-0.8328754454313108,0
2016-12-12,-0.3002482062786044,0,-0.7408822947614956,0
2016-12-13,-0.243682871825724,2,-0.6013158065925276,0
2016-12-14,0.1324620141355876,2,0.32676534565572896,0
2016-12-15,-0.1492699026556223,2,-0.3683659500747931,0
2016-12-16,-0.0397014826019908,2,-0.09802228908493074,0
2016-12-19,-0.1517133304750105,2,-0.37439474214585294,0
2016-12-20,-0.022527228726002296,2,-0.055647390685086714,0
2016-12-21,0.27274678275228204,2,0.6728969948151251,0
2016-12-22,-0.14344022617314206,2,-0.35398209675383824,0
2016-12-23,-0.04619947484265731,2,-0.11405511141243752,0
2016-12-27,0.06580856021880506,2,0.16230793410720076,0
2016-12-28,0.047693772089500985,2,0.11761240834772849,0
2016-12-29,-0.10507013496701834,2,-0.25930964529290645,0
2016-12-30,-0.1545486474939825,2,-0.38139046210421834,0
2017-01-03,0.04033418769085767,2,0.09945373645377188,0
2017-01-04,-0.19858920787728768,2,-0.49005394671264874,0
2017-01-05,-0.1871657956173708,2,-0.46186838841190136,0
2017-01-06,-0.2583743686785098,0,-0.6375648740031835,0
2017-01-09,0.31334124000808017,2,0.7730577362500859,0
2017-01-10,0.31271050242269033,2,0.7715014857549639,0
2017-01-11,0.08586307385738107,2,0.21178944195197935,0
2017-01-12,-0.05088487144567427,2,-0.12561562556632477,0
2017-01-13,0.0238742572278709,2,0.058841324055890265,0
2017-01-17,-0.030331172108517657,2,-0.07490245179808018,0
2017-01-18,-0.01820590010119011,2,-0.044985159722915474,0
2017-01-19,0.18531270532649258,2,0.4571665081019914,0
2017-01-20,-0.03947761798967078,2,-0.0974699366933288,0
2017-01-23,0.008773817792119026,2,0.021583252089363344,0
2017-01-24,0.4641116032104872,3,1.1450610191025616,0
2017-01-25,0.10244491276252077,2,0.2527026451666042,0
2017-01-26,-0.05853586949914824,2,-0.14449331699411047,0
2017-01-27,0.13235375873867372,2,0.3264982416826198,0
2017-01-30,0.009622289366547576,2,0.023676728581627907,0
2017-01-31,-0.35741157308976607,0,-0.881924338177578,0
2017-02-01,0.3640784963849959,2,0.8982443149267036,0
2017-02-02,-0.3519478620956331,0,-0.8684434498703315,0
2017-02-03,-0.298273241014183,0,-0.7360093638599626,0
2017-02-06,0.057514470259767525,2,0.14184350975018323,0
2017-02-07,-0.1490302585122767,2,-0.36777466405446796,0
2017-02-08,0.22608530836980414,2,0.557766797577918,0
2017-02-09,-0.12303050674213106,2,-0.30362417183300183,0
2017-02-10,1.1327041692266171e-05,2,-3.6881044806676566e-05,0
2017-02-13,-0.15987771018954813,2,-0.39453912590769874,0
2017-02-14,-0.13732583184790037,2,-0.33889574481217133,0
2017-02-15,-0.15691544361151752,2,-0.3872301769318833,0
2017-02-16,-0.21029950428099722,2,-0.5189473486573484,0
2017-02-17,-0.14752027045830532,2,-0.36404899475703933,0
2017-02-21,-0.10706053280196792,2,-0.2642206537501169,0
2017-02-22,-0.1487762709350081,2,-0.36714798775986474,0
2017-02-23,-0.5616702351221234,0,-1.3859019847995648,0
2017-02-24,-0.11177712104671714,2,-0.27585812860686043,0
2017-02-27,0.282788336073942,2,0.6976730232152215,0
2017-02-28,-0.15843170929835995,2,-0.39097133534790907,0
2017-03-01,0.0074511330739029935,2,0.018319725711207675,0
2017-03-02,0.09557728470917015,2,0.23575780184997416,0
2017-03-03,0.027027589303244195,2,0.06662169852105007,0
2017-03-06,0.1291545417222665,2,0.3186046529999205,0
2017-03-07,-0.019092148928597744,2,-0.04717184592713451,0
2017-03-08,0.15236136766117062,2,0.37586401916771717,0
2017-03-09,-0.24534242367728576,2,-0.6054105021529281,0
2017-03-10,0.07182827523827107,2,0.1771606790466781,0
2017-03-13,0.021509479285603345,2,0.05300658877333569,0
2017-03-14,-0.1675139236578626,2,-0.41338033858662343,0
2017-03-15,0.02579530714429612,2,0.06358122691381644,0
2017-03-16,0.15809789237568483,2,0.3900180344571728,0
2017-03-17,0.18490838776429713,2,0.45616891509195334,0
2017-03-20,0.17615634920358844,2,0.4345745711699702,0
2017-03-21,0.04838198750485323,2,0.1193104767769795,0
2017-03-22,0.09662255620723534,2,0.2383368526693342,0
2017-03-23,0.014408329428566104,2,0.035485565392242784,0
2017-03-24,0.04270983074516737,2,0.10531527977248414,0
2017-03-27,0.19891686412984413,2,0.4907327317801764,0
2017-03-28,0.1247808630901096,2,0.30781325623768124,0
2017-03-29,0.16214115165775833,2,0.3999941709763629,0
2017-03-30,-0.030796660966460568,2,-0.07605097581571847,0
2017-03-31,0.047716748525428974,2,0.11766909926106127,0
2017-04-03,-0.03526475980982918,2,-0.08707534030312815,0
2017-04-04,-0.05216496477600345,2,-0.12877406407589262,0
2017-04-05,-0.12667371308569345,2,-0.31261323766217086,0
2017-04-06,0.11843386610068775,2,0.29215299207057854,0
2017-04-07,0.010826355164576862,2,0.026647580545657197,0
2017-04-10,0.04459781872280626,2,0.10997360724978016,0
2017-04-11,0.00022571601296557386,2,0.0004920916221488829,0
2017-04-12,-0.31832762833788597,0,-0.7854905600417164,0
2017-04-13,0.06349703309800508,2,0.1566045872486028,0
2017-04-17,-0.33573383213923785,0,-0.8284377601317588,0
2017-04-18,0.1015894437892858,2,0.250591903641132,0
2017-04-19,0.09340584378370537,2,0.23040009669071365,0
2017-04-20,0.07272157689966352,2,0.17936476706210217,0
2017-04-21,0.08963541642715767,2,0.22109713207219947,0
2017-04-24,-0.05945958596403811,2,-0.14677244898043199,0
2017-04-25,0.022108882550499476,2,0.05448552652713354,0
2017-04-26,-0.07172104937708453,2,-0.17702577294507152,0
2017-04-27,-0.002202631289153767,2,-0.00549949153190646,0
2017-04-28,-0.05268713195209568,2,-0.13006243335204365,0
2017-05-01,-0.06389598416091594,2,-0.15771859687200254,0
2017-05-02,0.09716861004875343,2,0.23968415871373386,0
2017-05-03,0.037591733958410645,2,0.09268714274217013,0
2017-05-04,-0.3308725582861474,0,-0.8164432952131675,0
2017-05-05,0.10377061660519138,2,0.2559736207820276,0
2017-05-08,0.10740886972605074,2,0.26495046527626664,0
2017-05-09,0.4109930485905465,3,1.0139989437763346,0
2017-05-10,-0.002203975957255383,2,-0.005502809298989614,0
2017-05-11,0.017661614181630897,2,0.043512558114740175,0
2017-05-12,-0.11403817635139973,2,-0.28143694382085405,0
2017-05-15,-0.14727870148361355,2,-0.36345295950374484,0
2017-05-16,0.18900635018599746,2,0.46628002341257235,0
2017-05-17,-0.1410781182231704,2,-0.3481539492772567,0
2017-05-18,-0.09927512163874164,2,-0.24501131811173027,0
2017-05-19,0.15788172980503778,2,0.3894846856994824,0
2017-05-22,-0.17602217711131257,2,-0.4343731792802232,0
2017-05-23,-0.34663093554576996,0,-0.85532473018814,0
2017-05-24,-0.16071574147242493,2,-0.39660684254471923,0
2017-05-25,-0.31105217469937396,0,-0.7675394681939504,0
2017-05-26,0.13811756097500855,2,0.3407195601704615,0
2017-05-30,0.01613685627932035,2,0.0397504464293468,0
2017-05-31,-0.16298720260441224,2,-0.40221133257859076,0
2017-06-01,-0.13965937409445428,2,-0.34465341069527067,0
2017-06-02,-0.05519080741368673,2,-0.13623987745396376,0
2017-06-05,-0.08588984187492915,2,-0.21198514567124654,0
2017-06-06,0.31266921723433994,2,0.7713996207380381,0
2017-06-07,-0.28365380738476653,0,-0.6999381016564901,0
2017-06-08,0.1733080978234645,2,0.4275469376132827,0
2017-06-09,-0.26931005227196336,0,-0.6645470348907268,0
2017-06-12,0.01242125554701376,2,0.030582758292046833,0
2017-06-13,0.032339320523376236,2,0.07972759950549207,0
2017-06-14,-0.48541102104609135,0,-1.1977437991888482,0
2017-06-15,-0.20761023931680286,2,-0.5123119902626921,0
2017-06-16,0.13204024263390002,2,0.32572468766493556,0
2017-06-19,-0.01925898793187325,2,-0.047583496171970774,0
2017-06-20,-0.20305493213989878,2,-0.5010724522777978,0
2017-06-21,-0.002720979365078341,2,-0.006778437750569727,0
2017-06-22,0.1456280530585448,2,0.35925057416796846,0
2017-06-23,0.23932589511432636,2,0.5904359616711475,0
2017-06-26,-0.1321572405102871,2,-0.3261430200426902,0
2017-06-27,-0.07539158511031441,2,-0.18608226994876803,0
2017-06-28,-0.0002742349738968364,2,-0.0007414625354972824,0
2017-06-29,0.06372756380546651,2,0.15717338723125474,0
2017-06-30,0.19527156165939524,2,0.4817384940719556,0
2017-07-03,-0.10693764535482445,2,-0.2639174473852336,0
2017-07-05,-0.047322153758849406,2,-0.11682515343888036,0
2017-07-06,0.219557791695846,2,0.5416611281346018,0
2017-07-07,-0.03201420126654564,2,-0.07905507409482646,0
2017-07-10,0.3417160454746655,2,0.8430683176380175,0
2017-07-11,0.1491562456789126,2,0.3679558608664604,0
2017-07-12,-0.21861284608671844,2,-0.5394592740617546,0
2017-07-13,-0.014532249005712983,2,-0.03592097602961608,0
2017-07-14,0.020907005884727325,2,0.051520075918973895,0
2017-07-17,-0.014378562278807377,2,-0.03554177705625429,0
2017-07-18,-0.12170138567259312,2,-0.30034476472225063,0
2017-07-19,0.006991243565904248,2,0.017185017250664472,0
2017-07-20,-0.2782467606420723,0,-0.6865970239002556,0
2017-07-21,-0.24184507874216918,2,-0.596781327496207,0
2017-07-24,-0.15021229441271125,2,-0.3706911605466918,0
2017-07-25,-0.022342829006789904,2,-0.055192412004614916,0
2017-07-26,-0.10633081134259502,2,-0.26242017537566215,0
2017-07-27,0.12853400938163284,2,0.3170735824172891,0
2017-07-28,-0.32349802619638074,0,-0.7982477421308205,0
2017-07-31,-0.1787121664431013,2,-0.441010324943394,0
2017-08-01,-0.22877574675581275,2,-0.5645347088614391,0
2017-08-02,0.0495916510329015,2,0.12229514030118117,0
2017-08-03,0.02698551386089104,2,0.06651788367076793,0
2017-08-04,0.14375833886287928,2,0.3546373345099218,0
2017-08-07,0.18049969704027924,2,0.4452911312385433,0
2017-08-08,-0.04316645119251461,2,-0.10657157996197889,0
2017-08-09,-0.2433980456655277,2,-0.6006130407147732,0
2017-08-10,-0.056032445088219474,2,-0.1383164923220873,0
2017-08-11,0.2088618344508616,2,0.5152704560962101,0
2017-08-14,-0.35026203560925184,0,-0.864283925584968,0
2017-08-15,-0.1328844613096753,2,-0.32793732841328044,0
2017-08-16,-0.011772055876126314,2,-0.02911061301328094,0
2017-08-17,0.11114267587936466,2,0.27416307256237404,0
2017-08-18,0.04857703625034622,2,0.11979173033436623,0
2017-08-21,-0.20730441278557768,2,-0.5115574091156904,0
2017-08-22,-0.12797890274542167,2,-0.3158335976046099,0
2017-08-23,-0.005852212442297278,2,-0.014504286248645826,0
2017-08-24,0.1941218378960024,2,0.4789017229368921,0
2017-08-25,-0.01760433850460935,2,-0.043500896609046116,0
2017-08-28,0.10016977556810878,2,0.24708908499944585,0
2017-08-29,0.10816589985949353,2,0.2668183237126153,0
2017-08-30,0.1547266891350955,2,0.3817000955332045,0
2017-08-31,0.026175581431280737,2,0.06451949674442466,0
2017-09-01,0.22782608999795328,2,0.5620619154422386,0
2017-09-05,0.24001350218784212,2,0.5921325291080585,0
2017-09-06,-0.01627385873533277,2,-0.04021813711024966,0
2017-09-07,0.13172422973085496,2,0.32494497317158594,0
2017-09-08,-0.39870108398968185,0,-0.983800020346768,0
2017-09-11,-0.14977892501799062,2,-0.36962188649243066,0
2017-09-12,0.17331281275017796,2,0.4275585709885599,0
2017-09-13,0.3247883043841028,2,0.8013016526037745,0
2017-09-14,0.013668907530240085,2,0.03366115263798673,0
2017-09-15,0.016748327924720252,2,0.04125916110395825,0
2017-09-18,0.037031144846325414,2,0.09130397309531389,0
2017-09-19,0.030955030897709436,2,0.07631207224782177,0
2017-09-20,-0.030197594601753325,2,-0.07457286931266247,0
2017-09-21,0.12609274584612293,2,0.31105013039244694,0
2017-09-22,0.1739876583217507,2,0.4292236513313491,0
2017-09-25,-0.06662473804630864,2,-0.1644513882635028,0
2017-09-26,0.09446372184604603,2,0.23301025231871347,0
2017-09-27,0.1843446933751852,2,0.454778083639265,0
2017-09-28,-0.005993472452382603,2,-0.014852824160018822,0
2017-09-29,-0.08464804081139363,2,-0.2089211875930615,0
2017-10-02,-0.035356786949599095,2,-0.08730240348304483,0
2017-10-03,0.1517561107396166,2,0.37437063839310825,0
2017-10-04,-0.06100512643327324,2,-0.15058583853607674,0
2017-10-05,-0.23202677940295752,2,-0.5725561448499884,0
2017-10-06,0.09392895263342071,2,0.23169078940544863,0
2017-10-09,0.03791654102186796,2,0.09348855550879975,0
2017-10-10,-0.21034877116746928,2,-0.5190689073185749,0
2017-10-11,-0.10688165222792216,2,-0.26377929273346784,0
2017-10-12,-0.16569223036487973,2,-0.4088855833114756,0
2017-10-13,0.11258080569266632,2,0.2777114424167202,0
2017-10-16,0.010391509097342912,2,0.02557466302320385,0
2017-10-17,0.0839173984967698,2,0.20698877949989733,0
2017-10-18,-0.05294886822731075,2,-0.1307082283979233,0
2017-10-19,-0.22314848174469254,2,-0.5506502755208675,0
2017-10-20,0.07863013664812546,2,0.19394325302361076,0
2017-10-23,0.06755837559658802,2,0.16662534139531038,0
2017-10-24,0.3691582200624156,2,0.910777772058771,0
2017-10-25,-0.15831492534410893,2,-0.39068318843731525,0
2017-10-26,0.11173636069105186,2,0.27562790088961503,0
2017-10-27,0.03362038770072276,2,0.08288844083667388,0
2017-10-30,0.12021997984057486,2,0.2965599601289755,0
2017-10-31,-0.03467573685474257,2,-0.08562201440861184,0
2017-11-01,0.003967963393369134,2,0.009725526371439032,0
2017-11-02,-0.3449166371820045,0,-0.8510949558109752,0
2017-11-03,-0.07033435348322116,2,-0.1736043085811322,0
2017-11-06,0.19235270703990728,2,0.47453665759988367,0
2017-11-07,-0.12097229743720864,2,-0.298545848733118,0
2017-11-08,-0.15268417909316614,2,-0.3767901656590393,0
2017-11-09,-0.11279935080987902,2,-0.2783803273974491,0
2017-11-10,0.18195638947321116,2,0.4488853015757836,0
2017-11-13,-0.23746807234694017,2,-0.5859817199771513,0
2017-11-14,-0.2775660375217572,0,-0.6849174415865162,0
2017-11-15,0.06675485811915743,2,0.16464278240238525,0
2017-11-16,0.10399552942742579,2,0.256528559474551,0
2017-11-17,0.18569373378701554,2,0.45810663874281554,0
2017-11-20,0.09490857709630543,2,0.23410786600071073,0
2017-11-21,-0.03780121757125421,2,-0.09333366981845884,0
2017-11-22,0.1974733382944706,2,0.4871710480497976,0
2017-11-24,-0.032215524627567035,2,-0.07955180932596939,0
2017-11-27,-0.2762271885462835,0,-0.6816140323252992,0
2017-11-28,-0.13060012918692027,2,-0.3223010811380157,0
2017-11-29,-0.2752615124814033,0,-0.6792313713123703,0
2017-11-30,-0.00575712577322246,2,-0.014269674138546629,0
2017-12-01,-0.1746050420712244,2,-0.43087661088335366,0
2017-12-04,0.15593048851108426,2,0.38467029014076404,0
2017-12-05,0.10231612902925324,2,0.2523848905990888,0
2017-12-06,-0.17239003532419508,2,-0.42541141358639484,0
2017-12-07,0.26706736676684506,2,0.6588838867586629,0
2017-12-08,-0.06575668461295384,2,-0.16230959646808318,0
2017-12-11,-0.1089701882905003,2,-0.26893244256432564,0
2017-12-12,-0.13463079998809038,2,-0.3322461574665774,0
2017-12-13,0.2701782116148957,2,0.6665594303558218,0
2017-12-14,0.017160326860702235,2,0.04227570675299452,0
2017-12-15,-0.24823249891655363,2,-0.6125413298160212,0
2017-12-18,0.4466774667531822,3,1.1020448993688132,0
2017-12-19,0.447614355778993,3,1.1043565326756997,0
2017-12-20,0.39008002304947126,3,0.9623991864340146,0
2017-12-21,0.12274285215307912,2,0.3027847695844602,0
2017-12-22,-0.04456886242014496,2,-0.11003181955752384,0
2017-12-26,0.08994495194263281,2,0.22186086458215967,0
2017-12-27,-0.06661451327365883,2,-0.16442616016886033,0
2017-12-28,-0.14997346981718337,2,-0.37010189663782256,0
2017-12-29,0.029545348219140566,2,0.0728338914364916,0
2018-01-02,0.7225181021705288,3,1.7826403409385103,0
2018-01-03,0.09500310211194601,2,0.23434109231510764,0
2018-01-04,-0.00618471572128626,2,-0.015324688274056211,0
2018-01-05,-0.15455026842863492,2,-0.38139446151762546,0
2018-01-08,-0.05360041599858384,2,-0.13231582490893928,0
2018-01-09,-0.12633733314109793,2,-0.31178327054517674,0
2018-01-10,0.12247491550926401,2,0.30212367605799645,0
2018-01-11,0.5059308969305698,3,1.2482438610086843,0
2018-01-12,0.12511324423692644,2,0.3086333569202546,0
2018-01-16,-0.21612939701675166,2,-0.5333317355508583,0
2018-01-17,-0.12538474994833337,2,-0.30943291423262487,0
2018-01-18,0.16092999007452885,2,0.39700581122543954,0
2018-01-19,-0.09900355878067382,2,-0.24434127744487583,0
2018-01-22,-0.3154141182970646,0,-0.7783019105167819,0
2018-01-23,-0.19941508537246927,2,-0.49209167569940643,0
2018-01-24,-0.2787206055818078,0,-0.6877661652978124,0
2018-01-25,-0.5126345966286389,0,-1.2649138933146709,0
2018-01-26,-0.08861642425216021,2,-0.21871257919169235,0
2018-01-29,0.17652037582264224,2,0.4354727523141776,0
2018-01-30,0.04214640821046428,2,0.10392511907982047,0
2018-01-31,-0.380203197813062,0,-0.9381592575511248,0
2018-02-01,0.03517235137475469,2,0.08671767868783302,0
2018-02-02,-0.050915043150223216,2,-0.1256900697269878,0
2018-02-05,0.930796378922101,3,2.2965357846632513,0
2018-02-06,0.47037717970923826,3,1.1605203904073162,0
2018-02-07,-0.11100385760182213,2,-0.273950216906571,0
2018-02-08,0.7295260458812984,3,1.7999313921177917,0
2018-02-09,-0.6804362021178288,0,-1.6789392148965594,0
2018-02-12,-0.056968906853497314,2,-0.1406270714276208,0
2018-02-13,-0.28542136689784897,0,-0.7042992899400325,0
2018-02-14,-0.13790803155939335,2,-0.3403322353753757,0
2018-02-15,-0.5259422544404282,0,-1.2977485452178241,0
2018-02-16,-0.20128980956509138,2,-0.49671727677434796,0
2018-02-20,0.4937540047196398,3,1.2181992038148468,0
2018-02-21,0.2477388621211029,2,0.611193697333354,0
2018-02-22,0.19938003251458764,2,0.4918755303778474,0
2018-02-23,-0.5763336224009851,0,-1.4220816960479268,0
2018-02-26,-0.1985608755850602,2,-0.48998404102630894,0
2018-02-27,0.23540726309972648,2,0.5807673242628462,0
2018-02-28,0.15751821656494824,2,0.3885877712409551,0
2018-03-01,0.20870612835895952,2,0.5148862746422599,0
2018-03-02,-0.12967318990610033,2,-0.32001399733622765,0
2018-03-05,-0.6419788140888709,0,-1.5840513716040558,0
2018-03-06,0.26606471512348717,2,0.6564099940455053,0
2018-03-07,-0.05548587345729719,2,-0.13696790870990777,0
2018-03-08,-0.28084916214159483,0,-0.6930180597096799,0
2018-03-09,-0.22307236808197617,2,-0.5504624764614303,0
2018-03-12,0.038419500113070354,2,0.09472953171323197,0
2018-03-13,0.06518015058677323,2,0.16075742748821675,0
2018-03-14,0.041164589603249035,2,0.10150262876214851,0
2018-03-15,-0.039388505726671616,2,-0.09725006553513839,0
2018-03-16,0.0038387379510160524,2,0.009406681952931708,0
2018-03-19,0.13144586660799684,2,0.3242581538701741,0
2018-03-20,-0.011221550468170222,2,-0.02775232339562723,0
2018-03-21,0.491433005722147,3,1.2124724865195815,0
2018-03-22,0.32799014695397277,2,0.8092017194462839,0
2018-03-23,0.4940789583788945,3,1.2190009782846434,0
2018-03-26,-0.5667995705062348,0,-1.3985578513850896,0
2018-03-27,0.018417448602366715,2,0.04537746630912552,0
2018-03-28,-0.6083472170590566,0,-1.5010704446040553,0
2018-03-29,-0.053435460328953965,2,-0.13190882150771338,0
2018-04-02,0.25940622079644715,2,0.6399811568662238,0
2018-04-03,-0.13100017926934882,2,-0.32328814478108087,0
2018-04-04,-0.1508858437345671,2,-0.3723530425875081,0
2018-04-05,0.009972710297593557,2,0.02454133972907419,0
2018-04-06,0.21753186013800296,2,0.5366624455397985,0
2018-04-09,-0.28556021278897464,0,-0.7046418713745549,0
2018-04-10,0.2012332173996576,2,0.49644798643841365,0
2018-04-11,0.17777423652424568,2,0.43856646574252556,0
2018-04-12,0.10253057605587507,2,0.252914006508919,0
2018-04-13,0.0648320775223434,2,0.15989860934988948,0
2018-04-16,-0.22476830112687057,2,-0.5546469371657649,0
2018-04-17,-0.079003774202278,2,-0.1949948053566081,0
2018-04-18,0.3280229072586135,2,0.8092825505898505,0
2018-04-19,-0.46829761733235076,0,-1.1555190394478063,0
2018-04-20,0.06801240949534582,2,0.16774560201733632,0
2018-04-23,-0.1988608713602096,2,-0.4907242356562551,0
2018-04-24,-0.25724735506040874,0,-0.6347841367492034,0
2018-04-25,0.13378756961627666,2,0.3300359552101904,0
2018-04-26,-0.3799183662953052,0,-0.9374564784543925,0
2018-04-27,-0.10051575564552032,2,-0.24807239665221575,0
2018-04-30,0.072427817900377,2,0.17863996074220667,0
2018-05-01,0.15241862392154884,2,0.3760052904120927,0
2018-05-02,0.6647783759699328,3,1.640176217078909,0
2018-05-03,0.1207315882712434,2,0.2978222772827002,0
2018-05-04,-0.07558859680153684,2,-0.18656836678065453,0
2018-05-07,0.03385334073340204,2,0.08346321754388918,0
2018-05-08,0.3410948279641279,2,0.8415355565013,0
2018-05-09,-0.09411323645453012,2,-0.23227513977105502,0
2018-05-10,-0.3237120707102039,0,-0.7987758649006242,0
2018-05-11,-0.12068786300571371,2,-0.2978440493872456,0
2018-05-14,0.3493101551455342,2,0.8618056455047172,0
2018-05-15,0.22805982798675706,2,0.5626386289110893,0
2018-05-16,0.32809951962640765,2,0.8094715801293514,0
2018-05-17,0.18573069445144327,2,0.4581978336448605,0
2018-05-18,0.1581566885556114,2,0.39016310522232384,0
2018-05-21,0.002259557687776803,2,0.0055102912454809295,0
2018-05-22,-0.2025264991367571,2,-0.49976862301214575,0
2018-05-23,-0.18808379372413045,2,-0.46413341120625845,0
2018-05-24,0.10455105720265856,2,0.25789924103101103,0
2018-05-25,0.015488616640265858,2,0.03815101223895728,0
2018-05-29,0.462597618505641,3,1.1413254886678759,0
2018-05-30,-0.5205193712930298,0,-1.2843683935055854,0
2018-05-31,0.05017375768263099,2,0.1237314012484266,0
2018-06-01,0.04075511143363775,2,0.10049230272647182,0
2018-06-04,-0.27819369414770273,0,-0.6864660902757974,0
2018-06-05,0.33262968023887446,2,0.8206490727339439,0
2018-06-06,-0.06518164445534669,2,-0.1608907710314509,0
2018-06-07,0.051217123001137205,2,0.12630574885530785,0
2018-06-08,-0.24551706014565655,2,-0.6058413914746742,0
2018-06-11,0.1848617811198466,2,0.45605392017935864,0
2018-06-12,-0.09673440510642001,2,-0.2387424807172594,0
2018-06-13,-0.03064471396099261,2,-0.07567606934435978,0
2018-06-14,-0.03699320619374748,2,-0.09134002280036997,0
2018-06-15,-0.30924561542856344,0,-0.7630820538511403,0
2018-06-18,0.09055263805911533,2,0.22336023903131375,0
2018-06-19,-0.5832763268282779,0,-1.43921177906935,0
2018-06-20,0.2087775003828083,2,0.5150623744181815,0
2018-06-21,-0.26741749467451037,0,-0.6598774325611579,0
2018-06-22,-0.12657177116245302,2,-0.3123617112394692,0
2018-06-25,-0.46603917894792696,0,-1.1499466810924854,0
2018-06-26,0.31926145594003785,2,0.7876649820980459,0
2018-06-27,0.177577445716526,2,0.43808091390758946,0
2018-06-28,-0.40033155276430943,0,-0.9878229577720472,0
2018-06-29,0.02321920525974229,2,0.057225081464130516,0
2018-07-02,-0.3101908199410608,0,-0.7654142043756034,0
2018-07-03,-0.03962426051701612,2,-0.0978317551596345,0
2018-07-05,-0.07348469011300729,2,-0.18137729223308202,0
2018-07-06,-0.23041883489429002,2,-0.56858878267639,0
2018-07-09,0.2250701837242215,2,0.5552621296004705,0
2018-07-10,0.024047928838574484,2,0.05926983273589708,0
2018-07-11,-0.6188465624631502,0,-1.5269760063813482,0
2018-07-12,-0.07810593103598579,2,-0.19277951185825012,0
2018-07-13,0.21439359182875717,2,0.5289192386607114,0
2018-07-16,-0.30841503161743644,0,-0.7610327127348855,0
2018-07-17,0.11591519657313365,2,0.285938552357299,0
2018-07-18,0.09343087218263058,2,0.2304618505153179,0
2018-07-19,0.3033116145204264,2,0.7483111379933769,0
2018-07-20,-0.08475880638353936,2,-0.2091944850474818,0
2018-07-23,-0.2900661610934015,0,-0.7157596237365361,0
2018-07-24,-0.11171718459681532,2,-0.27571024439638026,0
2018-07-25,-0.09334802372543449,2,-0.23038709200584584,0
2018-07-26,0.05978748091217134,2,0.14745182299353402,0
2018-07-27,0.11505619207108247,2,0.2838190874441642,0
2018-07-30,0.21799131121986837,2,0.5377960722495425,0
2018-07-31,0.09396321108753469,2,0.23177531700838835,0
2018-08-01,-0.3123367942147338,0,-0.7707090743869703,0
2018-08-02,-0.05575029511628432,2,-0.13762032953792191,0
2018-08-03,-0.23968277295117218,2,-0.5914461619126239,0
2018-08-06,-0.00010145946062473099,2,-0.0003151648416497253,0
2018-08-07,0.11918050538147107,2,0.29399521263474293,0
2018-08-08,-0.07652160661265131,2,-0.18887042870646018,0
2018-08-09,-0.08712245076200574,2,-0.21502642343118702,0
2018-08-10,-0.09137818614604554,2,-0.22552681289890286,0
2018-08-13,-0.11139758803065691,2,-0.27492168775120124,0
2018-08-14,-0.12118436927950871,2,-0.29906910423148336,0
2018-08-15,-0.4014048457366097,0,-0.9904711473809172,0
2018-08-16,-0.3782613076963711,0,-0.9333679346213127,0
2018-08-17,-0.07922280983861807,2,-0.1955352429734546,0
2018-08-20,0.10731111896315085,2,0.26470927991378745,0
2018-08-21,0.505971435062776,3,1.2483438827764979,0
2018-08-22,0.02780083779610623,2,0.06852957332943824,0
2018-08-23,-0.03376915422610299,2,-0.08338515759625414,0
2018-08-24,-0.224488927509497,2,-0.553957624620528,0
2018-08-27,0.22466074374110956,2,0.5542518977842599,0
2018-08-28,-0.04605386227869313,2,-0.11369583422646616,0
2018-08-29,-0.12562120586819336,2,-0.31001633378915755,0
2018-08-30,-0.07645895499215721,2,-0.1887158452193292,0
2018-08-31,-0.05308561254766407,2,-0.1310456245214212,0
2018-09-04,-0.21321809429064834,2,-0.5261485322442916,0
2018-09-05,0.05945688004579044,2,0.14663611488621542,0
2018-09-06,-0.3756711129184024,0,-0.9269770170685167,0
2018-09-07,0.052794563604475014,2,0.1301978472125869,0
2018-09-10,0.056240664582645206,2,0.13870058508288985,0
2018-09-11,-0.09914955969752018,2,-0.2447015128334011,0
2018-09-12,0.16763426863565034,2,0.4135476141429432,0
2018-09-13,-0.18971266971504358,2,-0.4681524186763525,0
2018-09-14,0.08183809455367347,2,0.20185840854070883,0
2018-09-17,0.10818248829512522,2,0.2668592531922644,0
2018-09-18,0.13338404903590728,2,0.3290403286334047,0
2018-09-19,0.26316023396667426,2,0.6492436219391582,0
2018-09-20,-0.16701127408260735,2,-0.41214012606641925,0
2018-09-21,-0.1005140428391378,2,-0.2480681705590788,0
2018-09-24,0.20684561198153573,2,0.5102957292227116,0
2018-09-25,-0.023554715745690902,2,-0.05818256096851524,0
2018-09-26,0.2812937946749178,2,0.693985466224664,0
2018-09-27,-0.06458363974463308,2,-0.15941528400056765,0
2018-09-28,-0.23974266382244855,2,-0.5915939336646744,0
2018-10-01,0.10419300769299868,2,0.25701580750874525,0
2018-10-02,-0.09039525169883103,2,-0.22310156941320736,0
2018-10-03,0.18161079227506255,2,0.448032592266572,0
2018-10-04,-0.3190512933806504,0,-0.7872760951155594,0
2018-10-05,-0.39378574478982165,0,-0.9716721572850686,0
2018-10-08,-0.21565179254387193,2,-0.5321533180685195,0
2018-10-09,-0.5478267961036378,0,-1.351745373039393,0
2018-10-10,0.46690858852267025,3,1.1519621613172648,0
2018-10-11,1.018174451879066,3,2.5121280887401256,0
2018-10-12,-0.16825063417732877,2,-0.4151980614197604,0
2018-10-15,0.07198132176370908,2,0.17753829841883328,0
2018-10-16,-0.5166942472522288,0,-1.2749304730133093,0
2018-10-17,-0.4823361184953089,0,-1.1901569378253394,0
2018-10-18,-0.18236873328864245,2,-0.45003235580953116,0
2018-10-19,-0.6929436726054963,0,-1.7097995244611546,0
2018-10-22,0.33073776486485906,2,0.8159810549944897,0
2018-10-23,-0.04130432748607432,2,-0.10197706869889168,0
2018-10-24,-0.46953168308094884,0,-1.1585639117952846,0
2018-10-25,0.2733563469913921,2,0.6744010032504832,0
2018-10-26,0.40955815540383467,3,1.010458559813189,0
2018-10-29,-0.5135024402849593,0,-1.267055167516687,0
2018-10-30,-0.0366526649791834,2,-0.09049978837316801,0
2018-10-31,0.12461577288065406,2,0.3074059208795922,0
2018-11-01,1.0064322029127943,3,2.4831558486344227,0
2018-11-02,0.13741074986587493,2,0.33897560965280366,0
2018-11-05,-0.6066589539855014,0,-1.4969049084048884,0
2018-11-06,-0.0498869153473529,2,-0.12315331840706024,0
2018-11-07,-0.442322399367309,0,-1.09142908071479,0
2018-11-08,-0.3334586730886576,0,-0.8228241460377798,0
2018-11-09,-0.5029586677698679,0,-1.2410399884990568,0
2018-11-12,-0.18900283483407732,2,-0.4664010074547177,0
2018-11-13,0.13824803817172096,2,0.34104149310531323,0
2018-11-14,0.47960967552304756,3,1.183300190619431,0
2018-11-15,-0.11512052234150894,2,-0.28410747039484857,0
2018-11-16,-0.17168039111368655,2,-0.42366047281554836,0
2018-11-19,-0.2524300557028123,0,-0.6228981723100039,0
2018-11-20,0.2719358074665831,2,0.6708960347976234,0
2018-11-21,0.5110837457942459,3,1.2609577435822559,0
2018-11-23,-0.046633544704415913,2,-0.11512611376417121,0
2018-11-26,-0.1560889320477611,2,-0.385190883475913,0
2018-11-27,-0.25434716834331567,0,-0.6276283605294739,0
2018-11-28,-0.16829974779192458,2,-0.41531924190559544,0
2018-11-29,-0.04283251119704362,2,-0.10574763305389738,0
2018-11-30,-0.4063080738119252,0,-1.002569128057286,0
2018-12-03,0.44251759310218414,3,1.091781034365415,0
2018-12-04,-0.1125759451036521,2,-0.2778291072878788,0
2018-12-06,-0.12915184542154268,2,-0.31872765792818286,0
2018-12-07,-0.14727962234437886,2,-0.3634552315897203,0
2018-12-10,-0.11894267359496305,2,-0.2935380559797279,0
2018-12-11,-0.009245690637559922,2,-0.0228771852860466,0
2018-12-12,0.2976792934046957,2,0.7344142294721823,0
2018-12-13,-0.2542395880680085,0,-0.6273629223177829,0
2018-12-14,0.3228402659592702,2,0.7964951596447596,0
2018-12-17,0.824218366390396,3,2.033570506212204,0
2018-12-18,0.2599422430927518,2,0.6413037115757311,0
2018-12-19,-0.2573683227928608,0,-0.6350826065056965,0
2018-12-20,0.11806614860966713,2,0.29124570425275786,0
2018-12-21,0.33576839516383883,2,0.8283933815704048,0
2018-12-24,1.06564966941833,3,2.6292660753020605,0
2018-12-26,-0.5803959807302608,0,-1.4321049566046775,0
2018-12-27,-0.3599768879711427,0,-0.8882538683130282,0
2018-12-28,-0.042381662500278014,2,-0.10463523144058158,0
2018-12-31,-0.22568225454658225,2,-0.5569019803008043,0
2019-01-02,0.8642062061131103,3,2.1322345097674518,0
2019-01-03,-0.2901947899081365,0,-0.7160769960657823,0
2019-01-04,-0.18237776550880724,2,-0.4500546414595845,0
2019-01-07,0.2536995948404571,2,0.6259009122840078,0
2019-01-08,-0.18053405652131743,2,-0.44550556575662253,0
2019-01-09,0.5065634361693664,3,1.2498045568136644,0
2019-01-10,-0.3152756506224779,0,-0.7779602622749052,0
2019-01-11,0.0627817366606038,2,0.15483970045471257,0
2019-01-14,-0.17808358331198604,2,-0.4394593902414151,0
2019-01-15,-0.8193977201979157,0,-2.0218059416056895,0
2019-01-16,-0.3954717371854884,0,-0.9758320909267376,0
2019-01-17,0.012696928344150704,2,0.031262939617805095,0
2019-01-18,0.0049384899603741594,2,0.012120155271660776,0
2019-01-22,-0.4296771614482746,0,-1.0602288506535527,0
2019-01-23,-0.30605153006368796,0,-0.7552011267497738,0
2019-01-24,0.6894041970862734,3,1.700936741253797,0
2019-01-25,0.4188113713169182,3,1.0332894837659867,0
2019-01-28,-0.03195535449740505,2,-0.07890987850836911,0
2019-01-29,0.39529912891511065,3,0.9752765482333358,0
2019-01-30,0.14498095744196282,2,0.35765396268163296,0
2019-01-31,-0.510497305188862,0,-1.2596404468950846,0
2019-02-01,-0.005749185989116529,2,-0.014250083910800203,0
2019-02-04,-0.05493806403702883,2,-0.13561627103796184,0
2019-02-05,0.06561735043017247,2,0.16183615260071624,0
2019-02-06,0.342398483419465,2,0.8447521310242576,0
2019-02-07,-0.4596040141559222,0,-1.1340688760817708,0
2019-02-08,-0.2797735422112793,0,-0.690364128680531,0
2019-02-11,0.12854670152284367,2,0.31710489837419586,0
2019-02-12,0.10563328581821507,2,0.2605694780008818,0
2019-02-13,0.08943030158437967,2,0.22059104192786025,0
2019-02-14,0.18761763438202203,2,0.4628535752230536,0
2019-02-15,-0.2864729523563144,0,-0.7068939195107254,0
2019-02-19,-0.05581581559145332,2,-0.13778199149415268,0
2019-02-20,0.2246361123424614,2,0.5541911234983609,0
2019-02-21,-0.07973445104032612,2,-0.1967976409848095,0
2019-02-22,-0.040871493304013795,2,-0.10090911520168401,0
2019-02-25,0.19739595382197964,2,0.48698011345763376,0
2019-02-26,-0.18281834043000156,2,-0.4511416940708907,0
2019-02-27,-0.3314444913211024,0,-0.8178544542901632,0
2019-02-28,-0.4786510512492117,0,-1.1810645864907476,0
2019-03-01,-0.1338640265814081,2,-0.3303542589632432,0
2019-03-04,0.29316777777357406,2,0.7232827405656761,0
2019-03-05,-0.10335362813922355,2,-0.2550744218616204,0
2019-03-06,0.06426391360689504,2,0.1584967500105884,0
2019-03-07,0.07652661311271436,2,0.1887531238489542,0
2019-03-08,-0.0647739464905524,2,-0.15988483738445067,0
2019-03-11,-0.13207828999089888,2,-0.3259482214644318,0
2019-03-12,-0.20964477466121412,2,-0.517331901411837,0
2019-03-13,-0.2533714401856778,0,-0.6252208974836656,0
2019-03-14,-0.2247864219521444,2,-0.554691647587274,0
2019-03-15,-0.08549135357550172,2,-0.211001935493751,0
2019-03-18,0.14596457290297107,2,0.36008088646683534,0
2019-03-19,0.28138699345621665,2,0.6942154202545185,0
2019-03-20,0.17194733091043096,2,0.4241894491248725,0
2019-03-21,0.06744510305178408,2,0.16634585836144947,0
2019-03-22,-0.19355924068058683,2,-0.47764325624226117,0
2019-03-25,-0.007511605714561276,2,-0.01859859053838746,0
2019-03-26,-0.387122243415822,0,-0.955230965967568,0
2019-03-27,0.14501780638907516,2,0.35774488193793963,0
2019-03-28,-0.05212701580788334,2,-0.12868043068255394,0
2019-03-29,-0.003547576926723306,2,-0.008817943393445764,0
2019-04-01,0.3131481066714106,2,0.7725812086770052,0
2019-04-02,-0.006235442414449635,2,-0.015449848789585992,0
2019-04-03,0.2587603732376708,2,0.6383876247755402,0
2019-04-04,0.4055667508266698,3,1.000610367009512,0
2019-04-05,-0.011115012416348519,2,-0.02748945671424122,0
2019-04-08,0.1204301992703421,2,0.2970786450769437,0
2019-04-09,-0.29567596399995855,0,-0.729600971950263,0
2019-04-10,-0.006247191143239655,2,-0.01547883701768599,0
2019-04-11,0.007812353797769789,2,0.01921098372941911,0
2019-04-12,-0.08495028546555272,2,-0.20966693099503797,0
2019-04-15,-0.027843234220624263,2,-0.0687638378014627,0
2019-04-16,0.39050811598968677,3,0.9634554416273005,0
2019-04-17,0.5019122281812827,3,1.2383283979450017,0
2019-04-18,0.03368751270731085,2,0.08305406173379105,0
2019-04-22,-0.14043756480153916,2,-0.34657347967681335,0
2019-04-23,-0.26009540178616986,0,-0.6418112653519119,0
2019-04-24,-0.00837655393567301,2,-0.02073272068781883,0
2019-04-25,-0.8813567826209538,0,-2.174680645455071,0
2019-04-26,-0.24295225021810668,2,-0.5995131072371395,0
2019-04-29,-0.012173087874734985,2,-0.03010009938741029,0
2019-04-30,-0.4777888052951046,0,-1.1789371237802977,0
2019-05-01,0.2661634760856826,2,0.6566536719233986,0
2019-05-02,-0.011288374793774952,2,-0.02791720240746585,0
2019-05-03,-0.0946632275668512,2,-0.23363216044128082,0
2019-05-06,-0.37164878244965016,0,-0.9170525192606512,0
2019-05-07,0.2393808345420223,2,0.5905715164779863,0
2019-05-08,-0.11065860388957716,2,-0.27309835509736574,0
2019-05-09,-0.17654926375036073,2,-0.4356736865941862,0
2019-05-10,-0.5507081667114705,0,-1.3588547233285437,0
2019-05-13,-0.3693339855830444,0,-0.9113411047941494,0
2019-05-14,0.11370837466300454,2,0.2804935499191428,0
2019-05-15,0.03111857238021777,2,0.07671558635419815,0
2019-05-16,-0.6456441780088437,0,-1.593095107933379,0
2019-05-17,-0.3895041659373044,0,-0.9611080029307418,0
2019-05-20,-0.38702931710299854,0,-0.9550016842128553,0
2019-05-21,0.18484981548731966,2,0.4560243967737842,0
2019-05-22,-0.7051484032443954,0,-1.739912868805265,0
2019-05-23,-0.30570124124535314,0,-0.7543368415706492,0
2019-05-24,-0.1368556162786997,2,-0.3377355583426583,0
2019-05-28,0.2105089541861463,2,0.5193344772722712,0
2019-05-29,0.17691716455399828,2,0.4364517690620855,0
2019-05-30,-0.09263630111644405,2,-0.22863102309813,0
2019-05-31,-0.3407647680790679,0,-0.840850840830681,0
2019-06-03,0.1336715526241927,2,0.3297497006638379,0
2019-06-04,0.35795281857451333,2,0.8831301226756917,0
2019-06-05,-0.9158970555463014,0,-2.259903594089877,0
2019-06-06,-0.11152374744374519,2,-0.2752329672018488,0
2019-06-07,-0.011771006660181993,2,-0.029108024230131396,0
2019-06-10,0.3070876042853964,2,0.7576278270213155,0
2019-06-11,0.24702224827162372,2,0.6094255600225358,0
2019-06-12,-0.46592489196780756,0,-1.149664695091466,0
2019-06-13,0.3493306274746932,2,0.8618561579097616,0
2019-06-14,-0.5001133778939861,0,-1.2340196620103958,0
2019-06-17,0.07844674043093189,2,0.19349075033402616,0
2019-06-18,0.47640140609117104,3,1.17538426645779,0
2019-06-19,-0.30052164662247266,0,-0.7415569678432785,0
2019-06-20,0.11936858963977459,2,0.29445928236340607,0
2019-06-21,0.034421451638321,2,0.08486494608765094,0
2019-06-24,0.03136982909425838,2,0.07733552465292302,0
2019-06-25,0.13058377880830124,2,0.32213108138204,0
2019-06-26,1.1327036565952442,3,2.7947117426622468,0
2019-06-27,-0.13125431499475043,2,-0.3239151866090068,0
2019-06-28,-0.07250729643376752,2,-0.1789657197622488,0
2019-07-01,-0.08221738596758665,2,-0.2029239109256068,0
2019-07-02,-0.673434149458027,0,-1.6616626990029464,0
2019-07-03,-0.554354597475534,0,-1.3678517449322178,0
2019-07-05,-0.05018961701864777,2,-0.12390018943034917,0
2019-07-08,0.031169182590700506,2,0.07684045946616483,0
2019-07-09,-0.36114197164900413,0,-0.8911285377358275,0
2019-07-10,-0.17056968350976848,2,-0.42091996820860494,0
2019-07-11,0.029255291107998904,2,0.0721182189709783,0
2019-07-12,0.6660674668587209,3,1.6433568557159637,0
2019-07-15,0.005982279979391884,2,0.014695550763425715,0
2019-07-16,0.3159318171153095,2,0.7794495971430521,0
2019-07-17,-0.3527478496217205,0,-0.8704172992371731,0
2019-07-18,-0.33407873032260577,0,-0.8243540443658449,0
2019-07-19,0.6061298828598285,3,1.495469847021154,0
2019-07-22,0.0729859800127403,2,0.1800171421308611,0
2019-07-23,0.2425121508502524,2,0.5982975703361129,0
2019-07-24,0.301656509087214,2,0.7442274133040929,0
2019-07-25,-0.3002465643717602,0,-0.7408782436023473,0
2019-07-26,-0.46164308644002466,0,-1.1390999814498814,0
2019-07-29,-0.014758962687861837,2,-0.036480358074174296,0
2019-07-30,0.3351843023889997,2,0.8269522201570118,0
2019-07-31,-0.019723789558506843,2,-0.048730324549314016,0
2019-08-01,-0.5940249989621951,0,-1.4657325171984619,0
2019-08-02,-0.4110276351873554,0,-1.0142139386685518,0
2019-08-05,0.5777246662298985,3,1.4253842306438567,0
2019-08-06,-0.6393174437782669,0,-1.5774848390879692,0
2019-08-07,-0.01119806466492701,2,-0.027694375694757314,0
2019-08-08,-0.39554101020604304,0,-0.9760030117265027,0
2019-08-09,-0.4397293954835489,0,-1.0850312321143127,0
2019-08-12,0.09171613463117023,2,0.22623099250831483,0
2019-08-13,-0.008418043029911892,2,-0.02083508881197543,0
2019-08-14,0.29734393827962924,2,0.733586790943838,0
2019-08-15,-0.9107026829810373,0,-2.2470872580036994,0
2019-08-16,-0.007866949480159424,2,-0.019475348042554314,0
2019-08-19,-0.06167746356989234,2,-0.15224472969143044,0
2019-08-20,0.348032520402777,2,0.8586532731916386,0
2019-08-21,-0.1339512046962772,2,-0.33056935790069586,0
2019-08-22,-0.1709917264820489,2,-0.42196129601241456,0
2019-08-23,0.0875758285466659,2,0.2160154075436359,0
2019-08-26,-0.48738851318379456,0,-1.2026229647716289,0
2019-08-27,-0.16124160300799886,2,-0.39790432709940404,0
2019-08-28,0.2334620462374612,2,0.5759677930867408,0
2019-08-29,0.048498042942384356,2,0.11959682618171297,0
2019-08-30,0.0009462534567344916,2,0.002269909814045958,0
2019-09-03,-0.45538912923101604,0,-1.1236692790017695,0
2019-09-04,0.04998352732858957,2,0.12326203635005734,0
2019-09-05,0.5169615865350695,3,1.2754604349947252,0
2019-09-06,0.06262170413119687,2,0.15444484416440413,0
2019-09-09,0.9709036051891057,3,2.395494356630097,0
2019-09-10,1.146141344247428,3,2.8278672237155598,0
2019-09-11,0.09007766391924804,2,0.2221883115016078,0
2019-09-12,-0.4394365351773558,0,-1.0843086431849835,0
2019-09-13,0.39312059901152513,3,0.96990135208263,0
2019-09-16,-0.15176498759899626,2,-0.37452219836004025,0
2019-09-17,-0.6738411819396548,0,-1.6626669906699356,0
2019-09-18,-0.09036630027728576,2,-0.22303013611803366,0
2019-09-19,-0.20758385788900063,2,-0.512246898042044,0
2019-09-20,-0.10005418525424248,2,-0.24693354086401056,0
2019-09-23,0.06052248733811065,2,0.14926534123119997,0
2019-09-24,-0.2913565404999772,0,-0.7189434415981869,0
2019-09-25,0.22754214252565524,2,0.5613613175952286,0
2019-09-26,-0.1816421877685514,2,-0.44823971358943654,0
2019-09-27,0.4030611569715479,3,0.9944281895589672,0
2019-09-30,0.029369391405791173,2,0.07239974436132432,0
2019-10-01,0.131477617001458,2,0.32433649320920954,0
2019-10-02,0.3140836636502454,2,0.7748895553575453,0
2019-10-03,-0.29590723273321834,0,-0.7301715929010016,0
2019-10-04,-0.6103663990066794,0,-1.506052473546864,0
2019-10-07,0.026154400891438778,2,0.06446723693562378,0
2019-10-08,0.1379217697601982,2,0.34023647468127066,0
2019-10-09,-0.1210926316685223,2,-0.2988427554204629,0
2019-10-10,-0.001333777077862086,2,-0.0033557239368998057,0
2019-10-11,0.6266580167723826,3,1.5461199419343927,0
2019-10-14,0.05502525359835578,2,0.13570174057149448,0
2019-10-15,0.16940917123808785,2,0.417926920399331,0
2019-10-16,0.0037020790133273918,2,0.00906949649836684,0
2019-10-17,0.06565369646930116,2,0.16192583100691868,0
2019-10-18,-0.03365929269142169,2,-0.08311409071883481,0
2019-10-21,0.0964151500958379,2,0.23782510916295332,0
2019-10-22,0.7337481389498383,3,1.8103487742122883,0
2019-10-23,-0.26227252326149336,0,-0.6471829864168913,0
2019-10-24,0.03865619172194287,2,0.09531353279709222,0
2019-10-25,0.5438940662822693,3,1.3419122937586776,0
2019-10-28,0.1496697382194792,2,0.369222826779082,0
2019-10-29,-0.21476893982720882,2,-0.5299750112587588,0
2019-10-30,-0.43966455077841887,0,-1.0848712375194096,0
2019-10-31,-0.23198723069728466,2,-0.5724585643439103,0
2019-11-01,0.7047312616843836,3,1.738753976855561,0
2019-11-04,0.9142548392647215,3,2.2557220138048595,0
2019-11-05,0.4672519470424449,3,1.1528093470229863,0
2019-11-06,-0.5603461333019532,0,-1.3826349619346465,0
2019-11-07,0.1088280496560445,2,0.2684520791326137,0
2019-11-08,0.07068751559048028,2,0.17434602552386272,0
2019-11-11,0.011728474564955724,2,0.02887342501096048,0
2019-11-12,-0.07660056748491895,2,-0.18906525282889744,0
2019-11-13,-0.5437379346761697,0,-1.341656720058535,0
2019-11-14,-0.1494896085374661,2,-0.3689080414220042,0
2019-11-15,-0.005389620207534529,2,-0.013362909214733777,0
2019-11-18,-0.2950201982940107,0,-0.7279829683173662,0
2019-11-19,-0.3938040873186706,0,-0.9717174147269338,0
2019-11-20,-0.3246919741194364,0,-0.8011936297542079,0
2019-11-21,0.276562935557821,2,0.6823127801284588,0
2019-11-22,0.09773545212680299,2,0.24108275661729045,0
2019-11-25,0.32687712868107116,2,0.806455513609807,0
2019-11-26,-0.31630312016454076,0,-0.7804953894349107,0
2019-11-27,-0.011451953910811968,2,-0.028320809371403362,0
2019-11-29,-0.11885964868296137,2,-0.2933332044481195,0
2019-12-02,0.26699671163241145,2,0.6587095557999691,0
2019-12-03,-0.3074909668756265,0,-0.7587527214274424,0
2019-12-04,-0.04322007717018378,2,-0.10670389402765719,0
2019-12-05,0.05925850450208145,2,0.14614665295265017,0
2019-12-06,0.111439070632669,2,0.274894382210421,0
2019-12-09,0.08905248894213968,2,0.21965884583685685,0
2019-12-10,0.1594991376118868,2,0.39347539714355656,0
2019-12-11,0.4150796606465969,3,1.0240820467702192,0
2019-12-12,0.4134023574282834,3,1.0199435523718607,0
2019-12-13,-0.27233497059459144,0,-0.6720105676598797,0
2019-12-16,-0.15215032586927477,2,-0.3754729628107424,0
2019-12-17,0.10617865696689056,2,0.2619150996029731,0
2019-12-18,-0.013987355220053316,2,-0.034576532249248025,0
2019-12-19,-0.194781334808307,2,-0.4806585904088063,0
2019-12-20,-0.03427424872506135,2,-0.08463140259939834,0
2019-12-23,0.40198999660659473,3,0.9917852618392198,0
2019-12-24,-0.053076950682770935,2,-0.13102425266751416,0
2019-12-26,-0.03429547542761768,2,-0.08468377630778086,0
2019-12-27,-0.1900133695321405,2,-0.46889435042432487,0
2019-12-30,0.10773758184933227,2,0.2657615131929582,0
2019-12-31,-0.14183084014568578,2,-0.35001117784859626,0
2020-01-02,0.2480284215887542,2,0.6119081419381116,0
2020-01-03,-0.2985348125358344,0,-0.7366547524011072,0
2020-01-06,-0.26554573864019176,0,-0.655259154972142,0
2020-01-07,0.4330852449153415,3,1.0685081283646354,0
2020-01-08,-0.16370621113166287,2,-0.40398537839804055,0
2020-01-09,-0.3887081990586589,0,-0.9591440739090914,0
2020-01-10,-0.11643880378003243,2,-0.28736013234006036,0
2020-01-13,-0.13537556646643528,2,-0.3340837571713074,0
2020-01-14,0.16273513456714467,2,0.4014597348150156,0
2020-01-15,-0.4574150197906415,0,-1.128667860439613,0
2020-01-16,-0.07777206793552538,2,-0.19195575467708684,0
2020-01-17,-0.2511590889524572,0,-0.6197622522691819,0
2020-01-21,-0.48362045108925006,0,-1.1933258360827452,0
2020-01-22,-0.1872990105922181,2,-0.46219707640412816,0
2020-01-23,0.14799987992015984,2,0.365102701602947,0
2020-01-24,-0.16704407301424506,2,-0.4122210525163138,0
2020-01-27,-0.513447457334765,0,-1.266919505324604,0
2020-01-28,-0.04341432883763774,2,-0.1071831809144005,0
2020-01-29,-0.16112925440593587,2,-0.39762712375583176,0
2020-01-30,-0.6018244379012975,0,-1.4849764642721874,0
2020-01-31,-0.05170589276028137,2,-0.12764137265506575,0
2020-02-03,-0.2817762378747149,0,-0.6953054801870754,0
2020-02-04,0.3188768342734738,2,0.786715985759648,0
2020-02-05,0.207810825917909,2,0.5126772500027854,0
2020-02-06,-0.23432240341821542,2,-0.5782202531782575,0
2020-02-07,-0.3889054282618555,0,-0.9596307074191867,0
2020-02-10,-0.23311233855413604,2,-0.5752345994175271,0
2020-02-11,0.13425759961083433,2,0.33119568380207454,0
2020-02-12,0.39929230548925754,3,0.9851291131740862,0
2020-02-13,-0.48669337110668676,0,-1.2009078058422455,0
2020-02-14,-0.6347633631024354,0,-1.5662483273107175,0
2020-02-18,-0.16723677997020936,2,-0.41269652805888435,0
2020-02-19,0.332838040408845,2,0.8211631702369173,0
2020-02-20,0.20254661510824407,2,0.499688598511684,0
2020-02-21,-0.14580487785520024,2,-0.3598165205082424,0
2020-02-24,-0.13867734621367078,2,-0.3422304040264223,0
2020-02-25,0.17052886064925632,2,0.42068958627001435,0
2020-02-26,-0.40247366817151686,0,-0.993108306608544,0
2020-02-27,1.4563711075407695,1,3.5933126861552704,0
2020-02-28,1.5150180329878766,1,3.738015188239446,0
2020-03-02,-2.284872337368026,1,-5.637645002710722,0
2020-03-03,0.29274877485476325,2,0.7222489136383433,0
2020-03-04,-1.4555756787011422,1,-3.591479742310629,0
2020-03-05,0.19533661457070028,2,0.4818990023844023,0
2020-03-06,0.23827060523119048,2,0.5878321919875756,0
2020-03-09,0.5214780930037097,3,1.2866042380450835,0
2020-03-10,-0.6050329835120225,0,-1.4928930698637601,0
2020-03-11,0.3174088459079587,2,0.7830939444011104,0
2020-03-12,1.3211334802440389,1,3.2596341020423933,0
2020-03-13,-2.767883546109662,1,-6.82940279575398,0
2020-03-16,1.8928338752174634,1,4.670219174737738,0
2020-03-17,-4.890654401022816,1,-12.067021847656898,0
2020-03-18,-1.5156031456724097,1,-3.739588523773547,0
2020-03-19,3.603955721005625,1,8.892155969698127,0
2020-03-20,2.2611047890001563,1,5.5788724803103005,0
2020-03-23,3.037173668789053,1,7.493706170891367,0
2020-03-24,-0.4888786464859347,0,-1.2062996454435442,0
2020-03-25,1.2369436500671327,3,3.051908309364184,0
2020-03-26,-3.008776963287478,1,-7.4237712120944925,0
2020-03-27,-1.602072257147391,1,-3.952938101573836,0
2020-03-30,-1.7465619552837675,1,-4.309444784342357,0
2020-03-31,1.6704501779281697,1,4.121520719104067,0
2020-04-01,0.28263814506684914,2,0.6973024494067706,0
2020-04-02,-1.3703883141036037,1,-3.3812926828996774,0
2020-04-03,0.2208747861028013,2,0.5449106145222415,0
2020-04-06,-0.619646701879252,0,-1.5289502305140443,0
2020-04-07,1.2714378946408023,3,3.137017689937172,0
2020-04-08,-0.4965181599944808,0,-1.2251490004773298,0
2020-04-09,-1.322059447686701,1,-3.2620484456254677,0
2020-04-13,0.534857361198968,3,1.31961557784081,0
2020-04-14,-0.7327719030927358,0,-1.8080697161404542,0
2020-04-15,0.2600218390778761,2,0.6415001027439898,0
2020-04-16,-0.5324604103878061,0,-1.3138311184707236,0
2020-04-17,-0.40701925231636893,0,-1.0043238544685502,0
2020-04-20,0.18959030563467816,2,0.46772084599424363,0
2020-04-21,0.7207666333816762,3,1.7783188541062998,0
2020-04-22,-0.23783362930323038,2,-0.5868836769992151,0
2020-04-23,1.1224164392390916,3,2.7693295750623173,0
2020-04-24,0.003976807942681071,2,0.009747348971779752,0
2020-04-27,-0.13303717244901359,2,-0.32831412027048196,0
2020-04-28,1.2249665639360443,3,3.0223566437374965,0
2020-04-29,1.1591588690743029,3,2.859986015946033,0
2020-04-30,-0.39874681184777816,0,-0.983912846985693,0
2020-05-01,-0.21176263350454705,2,-0.5225574008110812,0
2020-05-04,-0.23850026604811647,2,-0.5885285032919978,0
2020-05-05,-0.6212436607323022,0,-1.5328904872282731,0
2020-05-06,0.6678305404291052,3,1.6477069756079805,0
2020-05-07,-0.4304544416401742,0,-1.0621466730752886,0
2020-05-08,0.6953281248493766,3,1.7155531454890036,0
2020-05-11,-0.736513212118866,0,-1.8173008356411586,0
2020-05-12,0.2466245142828276,2,0.6084442109935125,0
2020-05-13,-0.21502246840450812,2,-0.5306005550397049,0
2020-05-14,0.15707134047763827,2,0.3874851714462965,0
2020-05-15,-0.1397267115328539,2,-0.3448195557360563,0
2020-05-18,0.8207081034518691,3,2.024909458317437,0
2020-05-19,0.7554432708262275,3,1.8638782617621688,0
2020-05-20,0.1332220645440636,2,0.32864065616822574,0
2020-05-21,0.15535008626012908,2,0.38323823454214195,0
2020-05-22,-0.4203010407937939,0,-1.0370946776648917,0
2020-05-26,0.771584226559068,3,1.903703651802068,0
2020-05-27,0.051529825179883026,2,0.12707729463246034,0
2020-05-28,-1.549425209571676,1,-3.8230393992382576,0
2020-05-29,-0.35328135914113545,0,-0.8717336540461681,0
2020-06-01,0.12859039422658525,2,0.31721270357465653,0
2020-06-02,0.32982052254166166,2,0.8137178969828414,0
2020-06-03,0.529877628390049,3,1.3073288331961805,0
2020-06-04,0.6479949893235344,3,1.598765725008522,0
2020-06-05,0.20914645021305933,2,0.5159727028484248,0
2020-06-08,-0.26229164043060815,0,-0.6472301551675562,0
2020-06-09,-0.2977356237278068,0,-0.7346828737514146,0
2020-06-10,-0.2395313927336732,2,-0.5910726539056628,0
2020-06-11,0.6087008727620034,3,1.5018133794201949,0
2020-06-12,0.11980093519386381,2,0.2955260302443006,0
2020-06-15,-0.032886345881993684,2,-0.08120696026912202,0
2020-06-16,-0.04212016020390652,2,-0.10399001370244389,0
2020-06-17,-0.21030902588786915,2,-0.5189708417957819,0
2020-06-18,-0.06494175222307944,2,-0.16029887288888012,0
2020-06-19,0.021400253007816006,2,0.0527370892971283,0
2020-06-22,-0.07235390713511487,2,-0.1785872546485406,0
2020-06-23,0.3111949935734696,2,0.7677621947223806,0
2020-06-24,-0.0055728304841602405,2,-0.013814953123824704,0
2020-06-25,-0.6079494948746393,0,-1.5000891247005683,0
2020-06-26,0.6786304472656375,3,1.6743541276898346,0
2020-06-29,0.41547014398355564,3,1.025045505902123,0
2020-06-30,-0.5507923321693234,0,-1.359062388986164,0
2020-07-01,-0.7402215695584362,0,-1.8264506520388186,0
2020-07-02,0.22254689275836742,2,0.5490362871805676,0
2020-07-06,0.229343765341265,2,0.5658065519744082,0
2020-07-07,-0.2354683459707898,2,-0.5810476947421259,0
2020-07-08,-0.23259575781284175,2,-0.5739600138322828,0
2020-07-09,-0.026335679423363012,2,-0.06504417220041683,0
2020-07-10,-0.2485624279971657,2,-0.6133553803926017,0
2020-07-13,0.24960125984894654,2,0.6157888847032003,0
2020-07-14,0.07390048463228105,2,0.18227354526889825,0
2020-07-15,0.6500905880477807,3,1.6039363008989214,0
2020-07-16,-0.17471555799626431,2,-0.43114929237094235,0
2020-07-17,-0.4445664756864032,0,-1.0969660028256283,0
2020-07-20,-0.24205321779393343,2,-0.5972948794231342,0
2020-07-21,0.12258239360153472,2,0.302388862148354,0
2020-07-22,-0.16846355988959116,2,-0.4157234237143313,0
2020-07-23,-0.031164509256228434,2,-0.07695858635985178,0
2020-07-24,-0.04289924110877441,2,-0.1059122791136471,0
2020-07-27,0.41585886317397414,3,1.0260046122667428,0
2020-07-28,-0.4912124789291176,0,-1.2120580273433486,0
2020-07-29,-0.06591326381600482,2,-0.1626959321929842,0
2020-07-30,0.054814383827958946,2,0.1351814510054565,0
2020-07-31,-0.4379342717804957,0,-1.0806020333216722,0
2020-08-03,0.3594677715552221,2,0.8868680421860017,0
2020-08-04,0.41143400990264123,3,1.0150869497492987,0
2020-08-05,0.33464735323591777,2,0.8256273785672679,0
2020-08-06,0.11736451998002581,2,0.28951454072681043,0
2020-08-07,-0.46808544432195076,0,-1.1549955343323113,0
2020-08-10,1.1278124595744772,3,2.7826434468104893,0
2020-08-11,0.5937775844107795,3,1.4649924012140434,0
2020-08-12,-0.18868366794235697,2,-0.465613510966841,0
2020-08-13,-0.1409360435310375,2,-0.3478034012599866,0
2020-08-14,0.08731028915410809,2,0.2153602288754944,0
2020-08-17,-0.01673194284818613,2,-0.041348391028755135,0
2020-08-18,-0.21668950246998664,2,-0.5347137118419631,0
2020-08-19,0.2547025747149441,2,0.6283756148583011,0
2020-08-20,-0.17679196006606174,2,-0.4362725033925232,0
2020-08-21,0.24089367704734804,2,0.5943042287064793,0
2020-08-24,0.17239639628572112,2,0.42529745065962404,0
2020-08-25,-0.22132156992961838,2,-0.5461426443242962,0
2020-08-26,-0.0746472279857609,2,-0.18424568026318908,0
2020-08-27,-0.5404985489377865,0,-1.3336640210724202,0
2020-08-28,0.5440936976585916,3,1.3424048542710678,0
2020-08-31,-0.4242613061452727,0,-1.0468660390944535,0
2020-09-01,0.5212193273749733,3,1.285965772624329,0
2020-09-02,-0.5144735304808904,0,-1.2694511870868412,0
2020-09-03,0.26859416948878123,2,0.6626510437301286,0
2020-09-04,0.3931242159770084,3,0.9699102764030678,0
2020-09-08,0.4987260382215173,3,1.2304669515728583,0
2020-09-09,-0.48283832971072815,0,-1.1913960687583232,0
2020-09-10,0.5729556167490741,3,1.413617315546817,0
2020-09-11,0.03282316813639613,2,0.08092142100078221,0
2020-09-14,-0.17574715066771307,2,-0.4336945927349821,0
2020-09-15,0.11294173491039489,2,0.27860198118720886,0
2020-09-16,0.21073519814133357,2,0.519892700335926,0
2020-09-17,0.38614230501165514,3,0.9526834571228868,0
2020-09-18,-0.05287283742258275,2,-0.13052063377815865,0
2020-09-21,-0.4683653399773402,0,-1.1556861349281409,0
2020-09-22,0.11667539468470062,2,0.28781422730504397,0
2020-09-23,0.4135817846745816,3,1.0203862622203903,0
2020-09-24,0.0709418919993626,2,0.17497366120221822,0
2020-09-25,-0.5640748310840521,0,-1.391834965080115,0
2020-09-28,0.026855928336492085,2,0.06619815080375974,0
2020-09-29,-0.0032430078892391467,2,-0.008066464923852762,0
2020-09-30,-0.4043905687444658,0,-0.9978379715830952,0
2020-10-01,-0.1807247317091449,2,-0.44597602821571414,0
2020-10-02,0.1126120989118231,2,0.2777886537466532,0
2020-10-05,-0.07086053887923838,2,-0.17490259221294024,0
2020-10-06,0.10926274292956545,2,0.2695246196594717,0
2020-10-07,0.14715480525172997,2,0.36301760646731124,0
2020-10-08,0.02195612377116296,2,0.05410861712537378,0
2020-10-09,-0.16449922242830134,2,-0.4059420149638925,0
2020-10-12,-0.5444442614003312,0,-1.3433994754288445,0
2020-10-13,0.14315744555849097,2,0.3531547203069141,0
2020-10-14,0.5529480095105328,3,1.3642515422166277,0
2020-10-15,0.15919543010814938,2,0.392726044379409,0
2020-10-16,-0.19267237350832134,2,-0.47545504436474556,0
2020-10-19,0.6076640120619006,3,1.499255080984705,0
2020-10-20,0.025987804940661052,2,0.06405618638641178,0
2020-10-21,-0.27474906821981954,0,-0.6779669918710862,0
2020-10-22,0.19033137536916445,2,0.46954932453734705,0
2020-10-23,-0.014245522865917654,2,-0.035213522236855185,0
2020-10-26,-0.22419531305235263,2,-0.553233174936713,0
2020-10-27,0.01766330141115835,2,0.04351672110081918,0
2020-10-28,0.5969234932778762,3,1.4727544600249223,0
2020-10-29,0.6158941177103691,3,1.5195616336414945,0
2020-10-30,0.09764281323986035,2,0.24085418404287676,0
2020-11-02,-0.3068339567781996,0,-0.7571316474450052,0
2020-11-03,-0.3493122336242669,0,-0.8619404314859331,0
2020-11-04,-0.673775219519087,0,-1.6625042382796456,0
2020-11-05,0.48799694159332674,3,1.2039945130713332,0
2020-11-06,0.0600675400000074,2,0.1481428268344402,0
2020-11-09,0.23743814270602215,2,0.5857782154258919,0
2020-11-10,-0.24522165396823112,2,-0.6051125209895004,0
2020-11-11,-0.40697748498446995,0,-1.0042207998346528,0
2020-11-12,0.13088255084756317,2,0.32286825662702334,0
2020-11-13,0.18340289483741845,2,0.45245433684716796,0
2020-11-16,0.38808346965506046,3,0.9574729900560568,0
2020-11-17,0.18671387636897724,2,0.4606236877264933,0
2020-11-18,0.6697767122344873,3,1.6525088629631577,0
2020-11-19,0.1967247464286707,2,0.4853240097746402,0
2020-11-20,0.08271465255106841,2,0.20402118407374745,0
2020-11-23,0.737197512438848,3,1.8188595865128017,0
2020-11-24,0.2961947259700274,2,0.730751281744378,0
2020-11-25,-0.3191487549002038,0,-0.7875165668134154,0
2020-11-27,0.06501265491272425,2,0.16034415700662905,0
2020-11-30,-0.11145852706224846,2,-0.2750720456817945,0
2020-12-01,-0.44594910215506073,0,-1.1003774264925519,0
2020-12-02,0.132292100129769,2,0.3263461083028131,0
2020-12-03,0.39431429837938425,3,0.9728466264333083,0
2020-12-04,0.2876365961152369,2,0.709635378502931,0
2020-12-07,0.06952648351210115,2,0.17148135281577725,0
2020-12-08,0.02754200901056847,2,0.06789095207873855,0
2020-12-09,0.3041235590089796,2,0.7503144893737159,0
2020-12-10,0.05200891062644408,2,0.12825936619547898,0
2020-12-11,-0.1937564014466857,2,-0.47812972089407096,0
2020-12-14,0.02340790609415322,2,0.05769067250196351,0
2020-12-15,-0.15138659363202356,2,-0.3735885679373527,0
2020-12-16,-0.17326101557801465,2,-0.4275604268728163,0
2020-12-17,-0.2744828091440722,0,-0.6773100374924972,0
2020-12-18,0.18049647898831653,2,0.44528319117745246,0
2020-12-21,0.1910704034442821,2,0.47137276559183894,0
2020-12-22,-0.004872255059372069,2,-0.01208638822306172,0
2020-12-23,0.19020583075024716,2,0.46923956199920824,0
2020-12-24,-0.18650963477917806,2,-0.4602494098493888,0
2020-12-28,-0.319046874031035,0,-0.7872651910324884,0
2020-12-29,-0.06859477717760676,2,-0.16931216466958524,0
2020-12-30,0.2757598033253027,2,0.6803311716696374,0
2020-12-31,-0.663621630741835,0,-1.6374517791779784,0
2021-01-04,0.514868507809393,3,1.2702960768232519,0
2021-01-05,0.5940323829902896,3,1.4656210785351733,0
2021-01-06,0.027956045682142605,2,0.06891252553505581,0
2021-01-07,0.3339127164351392,2,0.8238147723243089,0
2021-01-08,-0.4187145516832476,0,-1.0331802534717192,0
2021-01-11,0.39356172572464004,3,0.970989766157831,0
2021-01-12,0.6503695118382506,3,1.6046245035636661,0
2021-01-13,-0.4737749346089179,0,-1.1690334992184719,0
2021-01-14,0.6588942980867103,3,1.6256581364520162,0
2021-01-15,-0.6484637687986683,0,-1.60005202577742,0
2021-01-19,0.22504063312624292,2,0.555189217927216,0
2021-01-20,-0.11643884355623074,2,-0.2873602304818704,0
2021-01-21,0.3447213365999304,2,0.8504834232382147,0
2021-01-22,-0.0017050492723219568,2,-0.004271782452892753,0
2021-01-25,-0.6076263650829162,0,-1.4992918503506547,0
2021-01-26,-0.38519250424638163,0,-0.9504696236796469,0
2021-01-27,0.4320506105873705,3,1.0659553231688266,0
2021-01-28,0.018923920884275525,2,0.046627110785281124,0
2021-01-29,0.039869808256874695,2,0.09830794977354132,0
2021-02-01,-0.06873031808804697,2,-0.16964659155941691,0
2021-02-02,-0.2420581248513065,2,-0.5973069868520291,0
2021-02-03,0.4044455268847272,3,0.9978439149140459,0
2021-02-04,-0.20784759283528154,2,-0.5128976245093386,0
2021-02-05,0.19127814536595533,2,0.4718853376597643,0
2021-02-08,0.486443993955098,3,1.2001628474359356,0
2021-02-09,-0.1657057572548477,2,-0.4089189588858789,0
2021-02-10,0.14465499285832775,2,0.3568496939073839,0
2021-02-11,0.21735939962690207,2,0.5362369250666149,0
2021-02-12,0.1535432854475951,2,0.37878022423131696,0
2021-02-16,0.21444669804636515,2,0.529050270296309,0
2021-02-17,-0.4591475074342638,0,-1.132942514139715,0
2021-02-18,-0.3792545872181777,0,-0.9358187030286697,0
2021-02-19,1.1272501655568385,3,2.7812560705646083,0
2021-02-22,0.22193987311082486,2,0.5475385571436728,0
2021-02-23,-0.060470490715425554,2,-0.14926670500117553,0
2021-02-24,0.5677209786081177,3,1.4007016301851893,0
2021-02-25,-0.3722746450768699,0,-0.9185967415268526,0
2021-02-26,1.0292445766588787,3,2.5394419631130907,0
2021-03-01,-0.19223210704251392,2,-0.4743687528208939,0
2021-03-02,0.0022877032255430585,2,0.005579736143167082,0
2021-03-03,0.3553853466365956,2,0.8767952703263955,0
2021-03-04,-0.24328698193686193,2,-0.6003390076038093,0
2021-03-05,-0.4390735986065193,0,-1.0834131515714416,0
2021-03-08,-0.17826064144409137,2,-0.4398962546556136,0
2021-03-09,0.04016319111286859,2,0.09903182801621589,0
2021-03-10,-0.11765975614424456,2,-0.2903726493762079,0
2021-03-11,0.30589248232030847,2,0.754679042625108,0
2021-03-12,-0.369699345933289,0,-0.9122425767202511,0
2021-03-15,0.1206108752369941,2,0.2975244359558637,0
2021-03-16,-0.3509980652441551,0,-0.8660999684374558,0
2021-03-17,0.7419137096229982,3,1.8304960964861057,0
2021-03-18,-0.47794408787066844,0,-1.1793202602711343,0
2021-03-19,0.3987358882136755,3,0.9837562369087789,0
2021-03-22,-0.3227251192794931,0,-0.7963407101099744,0
2021-03-23,-1.0976592393682099,1,-2.7083745511400465,0
2021-03-24,0.0516716034725257,2,0.12742711132839474,0
2021-03-25,0.19094032235690567,2,0.4710518099974288,0
2021-03-26,-0.0038288703179318873,2,-0.00951199269300086,0
2021-03-29,-0.6269373838441291,0,-1.5469388959756152,0
2021-03-30,0.6885109519617425,3,1.6987327927346085,0
2021-03-31,0.16596611300690264,2,0.40943169005135044,0
2021-04-01,-0.10964508010057872,2,-0.27059763699370015,0
2021-04-05,-0.13033405417724886,2,-0.3216445809148924,0
2021-04-06,-0.010966171541904088,2,-0.027122214155823894,0
2021-04-07,-0.2860884870904388,0,-0.7059453090675943,0
2021-04-08,0.03897632907180479,2,0.09610342374503963,0
2021-04-09,-0.07918029241010055,2,-0.19543033758853004,0
2021-04-12,-0.2760768908652352,0,-0.6812431953148449,0
2021-04-13,-0.3626950397961031,0,-0.8949605007088078,0
2021-04-14,0.1333014071781634,2,0.3288364222307885,0
2021-04-15,-0.4855036605347163,0,-1.1979723732478227,0
2021-04-16,-0.11347457945853512,2,-0.2800463529255491,0
2021-04-19,-0.22179670002029156,2,-0.5473149566392511,0
2021-04-20,-0.7608570831645399,0,-1.8773656902583125,0
2021-04-21,0.3577179339253949,2,0.8825505799943067,0
2021-04-22,0.04284256669446951,2,0.10564278584094566,0
2021-04-23,0.07493782338166621,2,0.18483302321937123,0
2021-04-26,0.41183438620717927,3,1.0160748182965444,0
2021-04-27,0.08310527797266584,2,0.20498499377821033,0
2021-04-28,0.06945815998627392,2,0.17131277475199913,0
2021-04-29,-0.3372998969571214,0,-0.8323017904427447,0
2021-04-30,-0.5458368916794224,0,-1.3468355819992466,0
2021-05-03,-0.030524169196919596,2,-0.07537864319897311,0
2021-05-04,-0.05512556674861901,2,-0.13607890588723687,0
2021-05-05,0.3875132111973544,3,0.9560659627475382,0
2021-05-06,-0.22775015215484673,2,-0.5620042078376872,0
2021-05-07,0.3652285233524804,2,0.9010818341724375,0
2021-05-10,-0.4635475997505458,0,-1.1437990827102462,0
2021-05-11,0.29605730692095605,2,0.7304122208288559,0
2021-05-12,-0.28434736013924167,0,-0.701649339170389,0
2021-05-13,-0.28834687011219706,0,-0.7115175308238324,0
2021-05-14,0.3137616444793737,2,0.7740950212981899,0
2021-05-17,0.20657495093417907,2,0.509627913638678,0
2021-05-18,-0.13662013719545119,2,-0.33715454898411523,0
2021-05-19,0.01249484042110545,2,0.030764317944414622,0
2021-05-20,-0.3207873736475456,0,-0.7915596130753417,0
2021-05-21,-0.08679724840754219,2,-0.21422403534322182,0
2021-05-24,0.2159584407725208,2,0.5327802689844682,0
2021-05-25,0.2553917908323377,2,0.6300761523699143,0
2021-05-26,0.34730805453451935,2,0.8568657622008704,0
2021-05-27,0.26816941669842964,2,0.6616030298562121,0
2021-05-28,-0.2713955203213665,0,-0.6696926148587236,0
2021-06-01,0.515104197272004,3,1.2708776052613528,0
2021-06-02,-0.4133785456402337,0,-1.0200144579986594,0
2021-06-03,-0.35480368390745365,0,-0.8754897623330317,0
2021-06-04,0.003126710209344463,2,0.007649860176039968,0
2021-06-07,-0.014300583345877027,2,-0.035349375722018066,0
2021-06-08,0.24958675854922954,2,0.6157531049187269,0
2021-06-09,-0.29566475846597257,0,-0.7295733239739608,0
2021-06-10,-0.5223443576532449,0,-1.2888712739307628,0
2021-06-11,0.08598233526952126,2,0.21208370161874301,0
2021-06-14,-0.27397068049540885,0,-0.6760464367788092,0
2021-06-15,0.0034679139249412655,2,0.008491729225284565,0
2021-06-16,0.10923013852303592,2,0.26944417317113795,0
2021-06-17,-0.30363881317510993,0,-0.7492481092993899,0
2021-06-18,0.4954245591575617,3,1.2223210466086882,0
2021-06-21,-0.22234577335090822,2,-0.548669712820623,0
2021-06-22,0.06815793349111132,2,0.1681046606745467,0
2021-06-23,0.2931469539452395,2,0.7232313608890772,0
2021-06-24,-0.045850389286952176,2,-0.11319379510357942,0
2021-06-25,-0.432630758516917,0,-1.067516408913815,0
2021-06-28,0.015204380355000097,2,0.03744970178921919,0
2021-06-29,0.20699244850009024,2,0.5106580263332623,0
2021-06-30,0.29244525007260114,2,0.7215000117123076,0
2021-07-01,-0.28731998510486545,0,-0.7089838459157015,0
2021-07-02,-0.2104424172672138,2,-0.519299965039677,0
2021-07-06,-0.4104482354203264,0,-1.0127843565488257,0
2021-07-07,-0.3803346980005312,0,-0.9384837145624049,0
2021-07-08,0.11169778769140626,2,0.2755327277919793,0
2021-07-09,0.05320361885153069,2,0.13120712975021967,0
2021-07-12,-0.046566300057890656,2,-0.11496019767343349,0
2021-07-13,-0.08661213511780341,2,-0.21376729603438302,0
2021-07-14,-0.27656429647502756,0,-0.6824457956341137,0
2021-07-15,-0.5745637833533186,0,-1.417714883354317,0
2021-07-16,-0.7084678964465594,0,-1.7481032209565939,0
2021-07-19,0.29786481533902,2,0.7348719770503129,0
2021-07-20,0.22716439587065207,2,0.5604292843178458,0
2021-07-21,0.5956721866973517,3,1.4696670485076793,0
2021-07-22,-0.2651009019387687,0,-0.6541615870566194,0
2021-07-23,-0.29488547938824966,0,-0.727650569600928,0
2021-07-26,0.24914101280512913,2,0.6146532940765903,0
2021-07-27,-0.5144177990802329,0,-1.2693136782053727,0
2021-07-28,0.4293068963321365,3,1.059185619306099,0
2021-07-29,0.19553661000028055,2,0.48239246114366435,0
2021-07-30,0.0591103217367025,2,0.1457810341797543,0
2021-08-02,-0.0860396000063218,2,-0.21235465142376056,0
2021-08-03,0.09222897125291163,2,0.22749634003950475,0
2021-08-04,-0.08137992787960902,2,-0.20085760856112417,0
2021-08-05,-0.05814651277157179,2,-0.14353263760206916,0
2021-08-06,-0.13520915853474924,2,-0.3336731705310352,0
2021-08-09,-0.20602620654313936,2,-0.5084036267127705,0
2021-08-10,0.3708338377324785,2,0.9149121076193493,0
2021-08-11,0.06340324675998682,2,0.1563731835105706,0
2021-08-12,-0.3639915987050011,0,-0.8981595655666285,0
2021-08-13,-0.3631450979439337,0,-0.8960709517610661,0
2021-08-16,-0.38773874240494044,0,-0.9567520848596104,0
2021-08-17,-0.7150810981934426,0,-1.764420305480053,0
2021-08-18,0.500352065288167,3,1.234478929749157,0
2021-08-19,-0.6480406193159657,0,-1.5990079678249207,0
2021-08-20,-0.16371932609345402,2,-0.40401773760138243,0
2021-08-23,0.577769927010999,3,1.425495904840272,0
2021-08-24,0.5994066103803678,3,1.4788811794558088,0
2021-08-25,0.16238368475771792,2,0.4005925850643109,0
2021-08-26,-0.09704802874327495,2,-0.2395163000542437,0
2021-08-27,0.10738451332080229,2,0.264890369495382,0
2021-08-30,-0.16467816642237113,2,-0.40638353245994924,0
2021-08-31,-0.27162232802856473,0,-0.6702522288960044,0
2021-09-01,-0.43392570634221117,0,-1.070711498664215,0
2021-09-02,0.05176306316727941,2,0.1276527744227483,0
2021-09-03,-0.07435451401941578,2,-0.18352345240551013,0
2021-09-07,0.3621219170932643,2,0.8934167486582044,0
2021-09-08,-0.7484508626578563,0,-1.846755199852567,0
2021-09-09,0.5492556446410963,3,1.355141185089773,0
2021-09-10,0.42216694431181156,3,1.0415688574004167,0
2021-09-13,0.24724688942106055,2,0.6099798284031329,0
2021-09-14,-0.042845501873088665,2,-0.10577968560078116,0
2021-09-15,0.10672640561900287,2,0.26326658733859826,0
2021-09-16,0.11386421506685676,2,0.28087806276770744,0
2021-09-17,0.10346315066359568,2,0.2552149946355523,0
2021-09-20,0.013696004148165963,2,0.03372800948311547,0
2021-09-21,-0.05793284871746138,2,-0.14300545355960628,0
2021-09-22,0.18688209773973619,2,0.4610387487559893,0
2021-09-23,0.1653554976196837,2,0.4079250880655163,0
2021-09-24,-0.04136250164763694,2,-0.10212060472692017,0
2021-09-27,0.6880232478650283,3,1.6975294559435794,0
2021-09-28,0.33510536976199323,2,0.8267574657255247,0
2021-09-29,-0.725238440107466,0,-1.78948202488441,0
2021-09-30,0.12776333724889855,2,0.315172064391527,0
2021-10-01,0.041313401007733064,2,0.10186979860785371,0
2021-10-04,0.1289680888269925,2,0.31814460841512265,0
2021-10-05,-0.2103266674732499,2,-0.5190143697646543,0
2021-10-06,-0.5636245176008359,0,-1.3907238840260467,0
2021-10-07,0.08725477357414368,2,0.215223252499252,0
2021-10-08,-0.028342198332724833,2,-0.06999495699348716,0
2021-10-11,0.19068775330851967,2,0.47042863371032007,0
2021-10-12,-0.14053334392625602,2,-0.3468098003174659,0
2021-10-13,-0.20479367379841174,2,-0.5053625368226685,0
2021-10-14,-0.11912474436299081,2,-0.29398728832207405,0
2021-10-15,-0.023003476505713216,2,-0.056822460730290646,0
2021-10-18,0.2909681485775673,2,0.7178554850720076,0
2021-10-19,-0.5582739640868037,0,-1.3775221948477452,0
2021-10-20,-0.3366753621216001,0,-0.8307608443036301,0
2021-10-21,0.039328904767607475,2,0.09697335145169718,0
2021-10-22,-0.6214017890880881,0,-1.5332806452554542,0
2021-10-25,0.2654042960499809,2,0.6547805089253236,0
2021-10-26,-0.2722044191129891,0,-0.6716884514381914,0
2021-10-27,0.4430199133410429,3,1.093020434297402,0
2021-10-28,0.13595031245059241,2,0.3353721991326849,0
2021-10-29,-0.0861250777525297,2,-0.21256555495629023,0
2021-11-01,0.6141047041684331,3,1.515146523815917,0
2021-11-02,-0.0767817626526397,2,-0.18951232475866808,0
2021-11-03,0.08705045176615475,2,0.21471911904944269,0
2021-11-04,0.6383760124157078,3,1.5750323405993472,0
2021-11-05,0.6628613409528057,3,1.6354462203834903,0
2021-11-08,0.0002645230707300633,2,0.0005878422231264446,0
2021-11-09,0.12187678636700292,2,0.3006478820109121,0
2021-11-10,-0.5077704713965707,0,-1.2529123930456445,0
2021-11-11,0.2598976218186119,2,0.6411936152669305,0
2021-11-12,-0.04257904610425095,2,-0.10512224591146012,0
2021-11-15,-0.19049731598457753,2,-0.4700884157910687,0
2021-11-16,0.1120351194261068,2,0.2763650433084609,0
2021-11-17,0.09844845767712407,2,0.24284199099052994,0
2021-11-18,0.18196404035229477,2,0.4489041789736711,0
2021-11-19,-0.0600046183634983,2,-0.14811723476958577,0
2021-11-22,0.027763207154394176,2,0.06843672535881992,0
2021-11-23,-0.2718667604468915,0,-0.6708553292674684,0
2021-11-24,-0.12393820709637242,2,-0.30586378646582474,0
2021-11-26,-0.025840686116061162,2,-0.06382285037432898,0
2021-11-29,-0.16039522510277648,2,-0.39581601642223313,0
2021-11-30,0.658941278541457,3,1.6257740536855128,0
2021-12-01,0.1633781242498863,2,0.40304621552474923,0
2021-12-02,-0.3983136448657679,0,-0.9828440723544694,0
2021-12-03,0.0977354200075338,2,0.2410826773678058,0
2021-12-06,-0.09970195136070936,2,-0.24606445650324452,0
2021-12-07,0.028019438901268567,2,0.06906893880570493,0
2021-12-08,0.0009009995192257036,2,0.0021582525031680257,0
2021-12-09,0.01895624184091288,2,0.046706857903472294,0
2021-12-10,-0.12996039865075,2,-0.32072264188416294,0
2021-12-13,-0.9404988775620248,0,-2.3206049040795267,0
2021-12-14,0.031329610856132284,2,0.07723629217582562,0
2021-12-15,-0.4030810701106827,0,-0.9946069798927445,0
2021-12-16,-0.7570970617048963,0,-1.8680884006314022,0
2021-12-17,0.5551085178790205,3,1.369582272929458,0
2021-12-20,-0.001457958705780693,2,-0.0036621234989521237,0
2021-12-21,0.5558258521442044,3,1.3713521877580956,0
2021-12-22,-0.1435466450335104,2,-0.3542446693481702,0
2021-12-23,0.18195766810092656,2,0.44888845639810787,0
2021-12-27,-0.2005114852671679,2,-0.49479687817742557,0
2021-12-28,-0.15181326032005427,2,-0.37464130406705304,0
2021-12-29,-0.025627856567076168,2,-0.06329772534823788,0
2021-12-30,-0.1138957005478497,2,-0.2810854061212565,0
2021-12-31,0.09941133217821031,2,0.24521773956452625,0
2022-01-03,0.3481233374881969,2,0.8588773507437365,0
2022-01-04,0.41809302101946266,3,1.0315170620299405,0
2022-01-05,0.1686636099482458,2,0.4160873596163101,0
2022-01-06,-0.11888549769413152,2,-0.2933969830104944,0
2022-01-07,-0.4302259642376553,0,-1.0615829393149572,0
2022-01-10,-0.052007593541021246,2,-0.1283857741308632,0
2022-01-11,0.24126013860973877,2,0.5952084177085684,0
2022-01-12,0.025813948319618016,2,0.06362722122111054,0
2022-01-13,0.4020523106338606,3,0.9919390123656382,0
2022-01-14,0.3021554076368753,2,0.745458370730621,0
2022-01-18,0.023589350065106984,2,0.05813835831643605,0
2022-01-19,-0.2677620231675493,0,-0.6607275050006243,0
2022-01-20,-0.23788105869574966,2,-0.5870007019194057,0
2022-01-21,0.2144570479721849,2,0.5290758071876479,0
2022-01-24,0.2889077034411256,2,0.7127716453928212,0
2022-01-25,0.1555415145184883,2,0.3837105550899459,0
2022-01-26,0.4540948014976995,3,1.1203460615890823,0
2022-01-27,-0.5201949066539827,0,-1.2835678256198861,0
2022-01-28,-1.0085681499299226,0,-2.488555635538885,0
2022-01-31,0.06553816820713454,2,0.16164078232841594,0
2022-02-01,0.2740640547880966,2,0.6761471662103808,0
2022-02-02,-0.45993124617396364,0,-1.1348762720605312,0
2022-02-03,-0.19827468967060513,2,-0.48927792015863886,0
2022-02-04,-0.452032570109589,0,-1.1153874722478587,0
2022-02-07,0.2562566830491591,2,0.6322101443371498,0
2022-02-08,0.3573098937738361,2,0.8815438020527313,0
2022-02-09,0.12784582633846941,2,0.31537559386156405,0
2022-02-10,0.4868548244081249,3,1.2011765100283418,0
2022-02-11,-0.0228323266741417,2,-0.056400174162480374,0
2022-02-14,0.36567957561182474,2,0.9021947380459187,0
2022-02-15,0.6395576470239257,3,1.5779478469631478,0
2022-02-16,0.31019287304122845,2,0.7652896124463328,0
2022-02-17,0.06695192110116488,2,0.1651290057865994,0
2022-02-18,-0.03094063894060367,2,-0.07640621989619985,0
2022-02-22,-0.39780010952866146,0,-0.9815770008477974,0
2022-02-23,0.1905078703834906,2,0.4699847995427915,0
2022-02-24,0.1381067953901831,2,0.3406929977027999,0
2022-02-25,-0.7838840408521399,0,-1.9341812584637983,0
2022-02-28,0.4055479810393745,3,1.0005640553714419,0
2022-03-01,-0.026046323020240125,2,-0.06433022862696008,0
2022-03-02,0.004294507968710004,2,0.01053122618832806,0
2022-03-03,-0.5136649488409417,0,-1.2674561330316132,0
2022-03-04,-0.8152980236347258,0,-2.0116905545507535,0
2022-03-07,-0.3806872196277382,0,-0.9393535088629031,0
2022-03-08,1.5569519362167932,1,3.8414808119378705,0
2022-03-09,-0.21805621786520968,2,-0.538085877318977,0
2022-03-10,0.20264910287820437,2,0.49994147172938846,0
2022-03-11,0.059111413149565584,2,0.14578372707747897,0
2022-03-14,-0.8560848665639298,0,-2.112325978811706,0
2022-03-15,-0.19677605627327277,2,-0.4855802667753173,0
2022-03-16,0.2156169874934244,2,0.5319377841746777,0
2022-03-17,-0.25273403271346084,0,-0.6236481900420773,0
2022-03-18,0.16943394435284453,2,0.41798804434849596,0
2022-03-21,-0.1345147560120044,2,-0.33195983634124265,0
2022-03-22,-0.22489208449412157,2,-0.554952354079287,0
2022-03-23,0.22691077950632577,2,0.5598035239355628,0
2022-03-24,0.06293700941181468,2,0.15522281270543017,0
2022-03-25,-0.46726224354218115,0,-1.1529644097398084,0
2022-03-28,-0.3880151872556716,0,-0.9574341711119436,0
2022-03-29,-0.0004185260091823517,2,-0.001097479047444885,0
2022-03-30,-0.3951232640930043,0,-0.9749722857791184,0
2022-03-31,0.09943750253812578,2,0.24528231100678585,0
2022-04-01,-0.7071781387554084,0,-1.7449209370846084,0
2022-04-04,0.39709578245396715,3,0.9797095216666217,0
2022-04-05,-0.8665332749680809,0,-2.138105861173,0
2022-04-06,-0.8788433173608923,0,-2.168479046492128,0
2022-04-07,-0.08393043738840145,2,-0.2071506086578573,0
2022-04-08,-0.27173605191610284,0,-0.6705328255504419,0
2022-04-11,0.412674313561351,3,1.0181472132054166,0
2022-04-12,0.5253731673874957,3,1.2962147505287454,0
2022-04-13,0.42211756644410126,3,1.041447024909612,0
2022-04-14,0.16184048083156022,2,0.3992523107590899,0
2022-04-18,0.4946164803839856,3,1.2203272333008954,0
2022-04-19,0.07146404300001818,2,0.17626199056790273,0
2022-04-20,-0.2445466867985886,2,-0.6034471406216918,0
2022-04-21,0.14418625986392697,2,0.3556931654690709,0
2022-04-22,0.5082464678502256,3,1.253957185335119,0
2022-04-25,0.13899415229213896,2,0.34288241791495544,0
2022-04-26,0.3876963403769407,3,0.9565178065618343,0
2022-04-27,0.11506254139346721,2,0.2838347534458958,0
2022-04-28,-0.1569294775268275,2,-0.38726480351535564,0
2022-04-29,1.3541367090180587,1,3.3410646245130766,0
2022-05-02,0.9076031580259433,3,2.23930998690013,0
2022-05-03,-0.14990905376076152,2,-0.3699429596693869,0
2022-05-04,-0.16743180704148486,2,-0.41317772813838666,0
2022-05-05,0.1978038105172144,2,0.48798643874821496,0
2022-05-06,-0.005856194106341306,2,-0.014514110408143311,0
2022-05-09,0.30185583212024514,2,0.7447192130256082,0
2022-05-10,0.37153674154576477,2,0.9166464174698931,0
2022-05-11,-0.32062733831011747,0,-0.7911647498566616,0
2022-05-12,0.1739337877183518,2,0.4290907336883324,0
2022-05-13,-0.028037081574226574,2,-0.0692421271043512,0
2022-05-16,-0.06995473629331617,2,-0.17266766003912198,0
2022-05-17,0.2838626420019521,2,0.7003237121405451,0
2022-05-18,0.2388565958148734,2,0.5892780359599619,0
2022-05-19,0.10958003968014397,2,0.27030750185426466,0
2022-05-20,-0.7245885307623456,0,-1.7878784709444577,0
2022-05-23,-0.6981166614130875,0,-1.7225630993289793,0
2022-05-24,-0.8653047764040777,0,-2.1350747250194364,0
2022-05-25,0.5125433619860252,3,1.2645591278564159,0
2022-05-26,0.40729531931698193,3,1.0048753507859864,0
2022-05-27,-0.2761335046634297,0,-0.6813828813800354,0
2022-05-31,0.280457620772317,2,0.6919223323952027,0
2022-06-01,0.3607839875964346,2,0.8901156080727854,0
2022-06-02,-0.08570691878023862,2,-0.2115338103405552,0
2022-06-03,0.3340065460744235,2,0.8240462829017277,0
2022-06-06,0.16524126353548918,2,0.40764323257726653,0
2022-06-07,-0.22847541118915038,2,-0.5637936758468421,0
2022-06-08,0.35673023622819355,2,0.8801135839028967,0
2022-06-09,0.6461271819140406,3,1.5941571900596803,0
2022-06-10,-0.03490815394367286,2,-0.08619546875492136,0
2022-06-13,0.2723859727012168,2,0.6720067500705247,0
2022-06-14,0.5998853931251857,3,1.480062504147627,0
2022-06-15,-0.3323026326058692,0,-0.8199717893439756,0
2022-06-16,-0.6664465429743975,0,-1.6444218268847188,0
2022-06-17,-0.14519572835723926,2,-0.3583135353845334,0
2022-06-21,-0.7759709707625491,0,-1.9146569435504113,0
2022-06-22,-0.7460181259223184,0,-1.8407527864291744,0
2022-06-23,-1.1134364280580271,1,-2.7473024005007045,0
2022-06-24,-0.2687545139387377,0,-0.6631763272840011,0
2022-06-27,0.14243143267735026,2,0.35136339229362973,0
2022-06-28,0.38440110668042293,3,0.948387311106139,0
2022-06-29,-0.6443312415067907,0,-1.5898556338181322,0
2022-06-30,-0.2470132579257749,2,-0.6095330353374232,0
2022-07-01,-0.8580551107310281,0,-2.1171872611129072,0
2022-07-05,0.4268532737620875,3,1.0531316732151565,0
2022-07-06,-0.5097612375775883,0,-1.2578243103415923,0
2022-07-07,0.7461071982199472,3,1.8408429013324612,0
2022-07-08,0.12280912171804653,2,0.30294827980754024,0
2022-07-11,-0.3000462927538129,0,-0.740384103389668,0
2022-07-12,0.8102228424339227,3,1.999038647652846,0
2022-07-13,0.30301263600710393,2,0.747573453304583,0
2022-07-14,0.4480464735537865,3,1.1054227185453078,0
2022-07-15,-0.44313011579282346,0,-1.0934219999830275,0
2022-07-18,0.8415951678401123,3,2.076445160404633,0
2022-07-19,0.0004191622117850624,2,0.0009693911357115959,0
2022-07-20,0.5263559448333717,3,1.2986396066371597,0
2022-07-21,-0.3002134424918671,0,-0.7407965203260165,0
2022-07-22,-0.2578112090208228,0,-0.6361753619201728,0
2022-07-25,-0.16316435509376673,2,-0.40264842980516496,0
2022-07-26,-0.07966367235374944,2,-0.19662300517971323,0
2022-07-27,0.27641698434850404,2,0.681952667385815,0
2022-07-28,-0.2766207999191379,0,-0.6825852094171347,0
2022-07-29,0.07726595648798074,2,0.1905773428593249,0
2022-08-01,0.30449492378415743,2,0.7512307763187601,0
2022-08-02,0.009879423800126519,2,0.02431116927271627,0
2022-08-03,-0.23454637288546631,2,-0.5787728642836921,0
2022-08-04,0.1302595765430154,2,0.32133116086428787,0
2022-08-05,-0.15450150404941607,2,-0.3812741427177608,0
2022-08-08,0.029106783271167135,2,0.07175179813297466,0
2022-08-09,-0.8677469208401741,0,-2.1411003505344994,0
2022-08-10,0.1305891927108278,2,0.32214443937541576,0
2022-08-11,0.3952521799334936,3,0.9751607086550714,0
2022-08-12,-0.32084436689271056,0,-0.7917002353690834,0
2022-08-15,-0.37721434420957745,0,-0.9307847090732583,0
2022-08-16,-0.05984345680891998,2,-0.14771959277881697,0
2022-08-17,-0.34072517338263597,0,-0.8407531468492951,0
2022-08-18,0.4033736556329101,3,0.9951992331874666,0
2022-08-19,-0.09232211678075974,2,-0.22785582032078788,0
2022-08-22,0.1923526638552877,2,0.4745365510483048,0
2022-08-23,0.7894117847507602,3,1.9476904807231459,0
2022-08-24,0.031838261238815696,2,0.07849131078932045,0
2022-08-25,0.13306909194506944,2,0.3282632191984951,0
2022-08-26,0.1323834719627972,2,0.3265715546115224,0
2022-08-29,0.18209805021095626,2,0.44923482822262023,0
2022-08-30,-0.01089839380600821,2,-0.02695498274693138,0
2022-08-31,-0.018009537162449074,2,-0.04450066359058103,0
2022-09-01,-0.6769291950556302,0,-1.670286200388839,0
2022-09-02,0.6027566221290248,3,1.487146831548334,0
2022-09-06,-0.33681192323080417,0,-0.8310977883810658,0
2022-09-07,-0.6044560699427219,0,-1.491469622064448,0
2022-09-08,-0.15085637743964203,2,-0.37228033891940787,0
2022-09-09,0.19454642472403327,2,0.47994932732364654,0
2022-09-12,-0.08317633651240519,2,-0.20528997772539792,0
2022-09-13,0.5102411849957105,3,1.258878851043958,0
2022-09-14,0.035292231849867337,2,0.08701346579973346,0
2022-09-15,0.3898508555528708,3,0.9618337499699264,0
2022-09-16,-0.1315889682024891,2,-0.3247408932615057,0
2022-09-19,0.2373492183296339,2,0.5855588078497649,0
2022-09-20,0.4070120861382369,3,1.0041765153513034,0
2022-09-21,0.317887608671266,2,0.7842752197915446,0
2022-09-22,-0.2013160479686893,2,-0.49678201610419975,0
2022-09-23,-0.11871189970971596,2,-0.29296865599232264,0
2022-09-26,0.4768818971431331,3,1.1765698061415484,0
2022-09-27,0.6716233107849255,3,1.6570650682297818,0
2022-09-28,-0.044983859738195076,2,-0.11105576326509693,0
2022-09-29,0.21129249516055193,2,0.5212677472368532,0
2022-09-30,0.10412854099703783,2,0.2568567455948339,0
2022-10-03,-0.3482816529568009,0,-0.8593976280901029,0
2022-10-04,-0.057386021007413746,2,-0.14165623811055061,0
2022-10-05,0.5798780425517884,3,1.4306973641002272,0
2022-10-06,0.9802621485883828,3,2.4185851603749593,0
2022-10-07,0.4266231940370824,3,1.0525639859641496,0
2022-10-10,-0.3010155536812457,0,-0.7427756095138629,0
2022-10-11,-0.04948139394390744,2,-0.12215275509909677,0
2022-10-12,0.4908266215814715,3,1.21097632450067,0
2022-10-13,-0.9612798916834878,0,-2.3718789430218465,0
2022-10-14,0.3559752103528693,2,0.8782506706731784,0
2022-10-17,-0.6965846910769147,0,-1.7187831920435945,0
2022-10-18,-0.32931194674828934,0,-0.8125927200536365,0
2022-10-19,0.4514949174191413,3,1.1139312371387284,0
2022-10-20,0.6212034251714786,3,1.5326615543636752,0
2022-10-21,0.07624348810622905,2,0.1880545553131156,0
2022-10-24,-0.40283647730054284,0,-0.9940034837785116,0
2022-10-25,-0.07976638749916165,2,-0.19687643941228,0
2022-10-26,-0.016573230078691978,2,-0.040956791048305595,0
2022-10-27,-0.2320524449521846,2,-0.572619470747505,0
2022-10-28,-0.7082297312343793,0,-1.7475155839773469,0
2022-10-31,0.15191808099832793,2,0.3747702757401656,0
2022-11-01,0.38878357647571704,3,0.9592003987463311,0
2022-11-02,0.17395945993072925,2,0.4291540760261742,0
2022-11-03,0.7340065018094536,3,1.8109862458605792,0
2022-11-04,0.43041595754014983,3,1.0619220616778098,0
2022-11-07,0.0482330833831372,2,0.11894307816539516,0
2022-11-08,-0.2129007554878442,2,-0.5253655462919322,0
2022-11-09,0.018741672229278472,2,0.046177439533489184,0
2022-11-10,-0.6282863812404806,0,-1.5502673449449162,0
2022-11-11,1.019314351005593,3,2.5149406190556456,0
2022-11-14,0.3368895251394127,2,0.8311596018179338,0
2022-11-15,-0.007250740853400051,2,-0.017954945576130834,0
2022-11-16,-0.6978879996777043,0,-1.7219989107549218,0
2022-11-17,0.325740283137568,2,0.8036505175529121,0
2022-11-18,-0.4219700559306216,0,-1.0412127224639007,0
2022-11-21,-0.5890032465766233,0,-1.453342095543796,0
2022-11-22,0.18910775469373287,2,0.4665302238430307,0
2022-11-23,-0.1747451049680048,2,-0.4312221950969977,0
2022-11-25,-0.2770678724166585,0,-0.683688293824562,0
2022-11-28,0.10516999921819203,2,0.2594263877247195,0
2022-11-29,0.16816886891859403,2,0.41486666024752766,0
2022-11-30,-0.6343251258910623,0,-1.5651670426481605,0
2022-12-01,0.015134244986587192,2,0.03727665327531038,0
2022-12-02,0.09909053335183053,2,0.24442621652237312,0
2022-12-05,0.5668729312261048,3,1.3986092003241584,0
2022-12-06,-0.00785598120447939,2,-0.019448285465576063,0
2022-12-07,-0.012998265370873036,2,-0.032136101231401606,0
2022-12-08,-0.03345866518762708,2,-0.08261907241114592,0
2022-12-09,0.058854454965789726,2,0.14514972125637404,0
2022-12-12,-0.11665882746509182,2,-0.2879030078190927,0
2022-12-13,-0.008507218188805954,2,-0.021055115156363467,0
2022-12-14,0.28995085742500315,2,0.7153454715631683,0
2022-12-15,0.17445036735866482,2,0.4303653165570704,0
2022-12-16,0.4404886116395475,3,1.086774826587469,0
2022-12-19,0.04831113273417431,2,0.11913565324575982,0
2022-12-20,-0.013329917349971486,2,-0.03295440280187348,0
2022-12-21,-0.3719559215717986,0,-0.9178103390291044,0
2022-12-22,-0.23043333714519632,2,-0.5686245648077805,0
2022-12-23,-0.09944687483592504,2,-0.2454350933937919,0
2022-12-27,-0.0678455822429518,2,-0.16746363841237952,0
2022-12-28,0.01456938565770316,2,0.0358829475082651,0
2022-12-29,-0.21042544399233332,2,-0.519258086026838,0
2022-12-30,0.3732685642639151,2,0.9209194305660116,0
2023-01-03,-0.25983211649914023,0,-0.6411616483514521,0
2023-01-04,-0.041686268905368196,2,-0.10291945192870397,0
2023-01-05,0.6941935607368773,3,1.7127537785213078,0
2023-01-06,-0.27027154193664527,0,-0.6669193665883709,0
2023-01-09,0.44329775951369,3,1.0937059781016174,0
2023-01-10,0.016793986425254204,2,0.041371816613489314,0
2023-01-11,-0.22227324336250176,2,-0.548490755940641,0
2023-01-12,0.3403878000201944,2,0.8397910709762595,0
2023-01-13,0.05606008760340374,2,0.1382550384405751,0
2023-01-17,0.006353222325978125,2,0.015610795429208147,0
2023-01-18,0.6793950485307347,3,1.676240666759237,0
2023-01-19,-0.1708854095652197,2,-0.4216989749484921,0
2023-01-20,-0.13525172436972033,2,-0.33377819535163167,0
2023-01-23,0.2733878993990385,2,0.6744788540891828,0
2023-01-24,0.09751638493116319,2,0.2405422411326001,0
2023-01-25,-0.05748112845891731,2,-0.14189090149817915,0
2023-01-26,0.09635729809136129,2,0.23768236800926915,0
2023-01-27,0.08168886571543728,2,0.2014902087397599,0
2023-01-30,-0.1377324125427788,2,-0.33989892176304304,0
2023-01-31,0.0034021671896664607,2,0.008329509006140929,0
2023-02-01,0.3279869819134572,2,0.8091939101829968,0
2023-02-02,0.20176931102471796,2,0.49777071714093907,0
2023-02-03,0.23265455786599798,2,0.5739754365077078,0
2023-02-06,-0.22203570872775164,2,-0.5479046748167296,0
2023-02-07,-0.11416277056649121,2,-0.2817443613799418,0
2023-02-08,0.06056802117185156,2,0.14937768914409674,0
2023-02-09,0.6365578441804334,3,1.5705462828759724,0
2023-02-10,-0.49716026138195946,0,-1.226733289451586,0
2023-02-13,0.03410384145268708,2,0.08408129053881748,0
2023-02-14,0.614079442597471,3,1.5150841946742455,0
2023-02-15,0.0630529179323085,2,0.15550879961438513,0
2023-02-16,0.09875982374568082,2,0.24361024011596638,0
2023-02-17,-0.502648770337221,0,-1.2402753630126977,0
2023-02-21,-0.025140350940976885,2,-0.062094878253716256,0
2023-02-22,0.1789078461159821,2,0.441363477573245,0
2023-02-23,0.3750043439023897,2,0.925202206770206,0
2023-02-24,0.1713555634709758,2,0.4227293516263542,0
2023-02-27,0.3175086122901541,2,0.783340103002222,0
2023-02-28,0.18404895031389804,2,0.45404838194363417,0
2023-03-01,0.6587620814690502,3,1.6253319117565757,0
2023-03-02,-0.007812168557912891,2,-0.019340184324164653,0
2023-03-03,-0.24646795636853902,2,-0.6081875854417831,0
2023-03-06,-0.1916034432100625,2,-0.47281761900045877,0
2023-03-07,0.7392287539025626,3,1.8238713705048153,0
2023-03-08,0.20228591598132964,2,0.4990453624738512,0
2023-03-09,0.574540383008826,3,1.4175274888637712,0
2023-03-10,0.5182320525201536,3,1.2785951194722653,0
2023-03-13,0.2583738128412744,2,0.6374338449117406,0
2023-03-14,-0.48474499430699525,0,-1.1961004779939615,0
2023-03-15,-0.5433899029313762,0,-1.34079800387022,0
2023-03-16,-0.19985545574661756,2,-0.4931782236215217,0
2023-03-17,0.6231994198231924,3,1.5375863721277385,0
2023-03-20,-0.26223249182623276,0,-0.6470842148478778,0
2023-03-21,0.009405761070690799,2,0.023142477451775303,0
2023-03-22,0.7693575342473649,3,1.8982096221250027,0
2023-03-23,0.27316047717645664,2,0.6739177238272595,0
2023-03-24,-1.0120800977825248,0,-2.4972208407066994,0
2023-03-27,-0.18245901592488506,2,-0.45025511468835494,0
2023-03-28,0.16640750446304303,2,0.41052075734030313,0
2023-03-29,-0.21022477922993288,2,-0.5187629757891213,0
2023-03-30,0.04709850514950764,2,0.11614367635592589,0
2023-03-31,-0.17914674475880343,2,-0.44208258182905696,0
2023-04-03,0.11380401091433359,2,0.2807295180411162,0
2023-04-04,-0.6546582905329914,0,-1.6153360800963423,0
2023-04-05,-0.9102243997031604,0,-2.2459071656717287,0
2023-04-06,-0.5289192234302108,0,-1.305093770191929,0
2023-04-10,0.5637215453848392,3,1.3908336279000753,0
2023-04-11,-0.008818874376126495,2,-0.02182408010638407,0
2023-04-12,-0.024581548479244417,2,-0.060716116898930285,0
2023-04-13,-0.17535230307990318,2,-0.43272036546795306,0
2023-04-14,0.4401029980845675,3,1.085823382913009,0
2023-04-17,-0.44233350075813604,0,-1.0914564717334503,0
2023-04-18,0.23690140168612175,2,0.584453887373591,0
2023-04-19,-0.5249584795290618,0,-1.295321228012752,0
2023-04-20,0.30174358516640826,2,0.7444422604838049,0
2023-04-21,-0.039262125381841,2,-0.09693824096851648,0
2023-04-24,0.21206850099502494,2,0.5231824253725627,0
2023-04-25,0.11523841940448609,2,0.2842687060881187,0
2023-04-26,0.1778226915910569,2,0.4386860213603655,0
2023-04-27,-0.5085987316527271,0,-1.2549560011381231,0
2023-04-28,-0.10558434026886016,2,-0.2605783698371891,0
2023-05-01,0.31606900480298705,2,0.7797880872089975,0
2023-05-02,0.8092107138274822,3,1.9965413719531164,0
2023-05-03,0.1563405382894649,2,0.3856820265354409,0
2023-05-04,-0.10387380872101332,2,-0.25635788951396077,0
2023-05-05,-0.3124354873446291,0,-0.7709525848988257,0
2023-05-08,0.04854881470427588,2,0.11972209789757729,0
2023-05-09,0.0209386125151495,2,0.051598060544249154,0
2023-05-10,-0.3608150491559424,0,-0.8903219054635817,0
2023-05-11,-0.004926783665399448,2,-0.01222092938898252,0
2023-05-12,0.04109077596744096,2,0.1013205046745185,0
2023-05-15,0.4540429009026227,3,1.1202180046464547,0
2023-05-16,0.29515345534525317,2,0.7281821024804543,0
2023-05-17,0.15741921247896185,2,0.3883434934915323,0
2023-05-18,0.294167679180892,2,0.7257498474834443,0
2023-05-19,-0.11942612692941396,2,-0.2947309046517197,0
2023-05-22,-0.1583782083393316,2,-0.39083932974699676,0
2023-05-23,0.12444486884786898,2,0.306984240783462,0
2023-05-24,0.1988816508963125,2,0.4906458484020682,0
2023-05-25,0.6742125149623266,3,1.6634535416240885,0
2023-05-26,0.3134865700712315,2,0.7734163164076256,0
2023-05-30,-0.008812363515654273,2,-0.021808015533623114,0
2023-05-31,-0.5182687544728644,0,-1.2788153336882486,0
2023-06-01,0.10236036997563047,2,0.2524940485061155,0
2023-06-02,0.013305292754701936,2,0.032763987655952,0
2023-06-05,-0.25076607434585685,2,-0.618792547608671,0
2023-06-06,0.29389616224024623,2,0.7250799201109493,0
2023-06-07,0.3987666668853752,3,0.9838321786699509,0
2023-06-08,-0.20115446187039557,2,-0.4963833266154181,0
2023-06-09,-0.01141317619383185,2,-0.028225131164415416,0
2023-06-12,0.6022030813212599,3,1.4857810525364143,0
2023-06-13,0.3011120650972925,2,0.7428840793273206,0
2023-06-14,0.05013590455005215,2,0.12363800431492798,0
2023-06-15,-0.5409829911691988,0,-1.334859309699508,0
2023-06-16,-0.02739655711908491,2,-0.06766172897438112,0
2023-06-20,0.23887329949430375,2,0.5893192497864184,0
2023-06-21,0.04013229802792008,2,0.09895560395749382,0
2023-06-22,0.22358889910643054,2,0.5516072817314809,0
2023-06-23,0.20626554233902084,2,0.5088644942855847,0
2023-06-26,0.10872966748159996,2,0.2682093358567459,0
2023-06-27,0.41153547988042516,3,1.015337311717293,0
2023-06-28,0.2521038017801057,2,0.6219635319886048,0
2023-06-29,-0.2294616681834093,2,-0.5662271172195872,0
2023-06-30,-0.16061669126912337,2,-0.3963624510077305,0
2023-07-03,-0.08753258651419624,2,-0.21603837195335918,0
2023-07-05,-0.45356737667566005,0,-1.1191743775055947,0
2023-07-06,0.024718906517928352,2,0.06092536963412211,0
2023-07-07,0.46543024965886615,3,1.148314581654906,0
2023-07-10,0.5300260128687948,3,1.3076949496665884,0
2023-07-11,-0.14865748471068546,2,-0.3668549005478485,0
2023-07-12,-0.07404844164403274,2,-0.18276826467488105,0
2023-07-13,-0.12998762052651702,2,-0.32078980778424865,0
2023-07-14,-0.16553291917241483,2,-0.4084925068120013,0
2023-07-17,0.33254699673515187,2,0.8204450635761146,0
2023-07-18,0.004262526867001737,2,0.010452317611257493,0
2023-07-19,-0.6085134639351008,0,-1.5014806338636604,0
2023-07-20,-0.8448450630955194,0,-2.084593447695813,0
2023-07-21,-0.21409663867041653,2,-0.5283162088782373,0
2023-07-24,-0.13762006223791312,2,-0.33962171421806026,0
2023-07-25,0.4029914673889355,3,0.9942562409547337,0
2023-07-26,-0.33461930737696177,0,-0.825687837258452,0
2023-07-27,1.1100127291551736,3,2.738725278748636,0
2023-07-28,0.07051870028623047,2,0.1739294990524609,0
2023-07-31,0.28060534742857657,2,0.6922868257871805,0
2023-08-01,0.12110677976966304,2,0.29874800609402546,0
2023-08-02,-0.44369048045193754,0,-1.094804615825805,0
2023-08-03,0.16813676205387418,2,0.41478744136906776,0
2023-08-04,0.35503017807411974,2,0.875918945109684,0
2023-08-07,-0.11896491478811838,2,-0.29359293279167287,0
2023-08-08,0.1848449308146758,2,0.456012344575855,0
2023-08-09,-0.3007091403346411,0,-0.7420195804878287,0
2023-08-10,-0.2316958493975809,2,-0.5717396246415093,0
2023-08-11,-0.43224450294007766,0,-1.0665633811466042,0
2023-08-14,0.46783743645046727,3,1.154253954419516,0
2023-08-15,0.35883270176479287,2,0.8853011026239941,0
2023-08-16,-0.28790647012541215,0,-0.7104309098369728,0
2023-08-17,0.002654794465086152,2,0.006485478779291709,0
2023-08-18,0.10979586661065474,2,0.2708400224702043,0
2023-08-21,0.22918252313596016,2,0.5654087109900547,0
2023-08-22,0.2563856389379765,2,0.6325283236726923,0
2023-08-23,-0.11630919703022558,2,-0.2870403471025381,0
2023-08-24,-0.3719195964442117,0,-0.9177207122189983,0
2023-08-25,-0.14779719576043593,2,-0.3647322664512197,0
2023-08-28,0.11525756190752129,2,0.2843159373464367,0
2023-08-29,-0.011279545361188026,2,-0.027895417105379315,0
2023-08-30,0.04901438112414083,2,0.12087081328763791,0
2023-08-31,0.36559317047106504,2,0.9019815463062743,0
2023-09-01,0.2464370979157654,2,0.6079817891864241,0
2023-09-05,0.07317453626995585,2,0.18048237644612497,0
2023-09-06,0.1954057231735801,2,0.4820695175081878,0
2023-09-07,-0.5569038431194185,0,-1.3741416266316426,0
2023-09-08,-0.026865444713364064,2,-0.06635128868429183,0
2023-09-11,-0.2689362969290511,0,-0.6636248495779518,0
2023-09-12,-0.27379924218600027,0,-0.6756234384351555,0
2023-09-13,-0.20650072147097775,2,-0.5095744212055942,0
2023-09-14,-0.2658898410871046,0,-0.6561081762066223,0
2023-09-15,-0.050822794569262975,2,-0.1254624601741102,0
2023-09-18,0.022789103259881226,2,0.05616386921716567,0
2023-09-19,-0.09908682206522869,2,-0.2445467171250463,0
2023-09-20,-0.19043624691790004,2,-0.4699377370183827,0
2023-09-21,0.4545967117670132,3,1.1215844499826384,0
2023-09-22,0.3523340873418674,2,0.8692667451549784,0
2023-09-25,0.19281802854545382,2,0.47568476870055654,0
2023-09-26,0.3028043988278526,2,0.747059659262783,0
2023-09-27,0.6050810663629638,3,1.4928820494483663,0
2023-09-28,0.3078817440537957,2,0.7595872479221703,0
2023-09-29,0.01770722769887581,2,0.04362510263474492,0
2023-10-02,0.5474634443480093,3,1.35071919937324,0
2023-10-03,0.05063167148342562,2,0.12486123494744324,0
2023-10-04,-0.34745682984364473,0,-0.8573625006330258,0
2023-10-05,-0.23883467249443288,2,-0.5893536010976569,0
2023-10-06,-0.020899249725522484,2,-0.051630596404500184,0
2023-10-09,-0.2833922556877476,0,-0.699292762029656,0
2023-10-10,0.06597012522956314,2,0.1627065715656475,0
2023-10-11,0.045951995051490446,2,0.11331483445870678,0
2023-10-12,0.3224840752037704,2,0.7956163123199061,0
2023-10-13,-0.7032961553362451,0,-1.7353427245948707,0
2023-10-16,-0.1843902597550522,2,-0.4550201695011916,0
2023-10-17,-0.02756061373101562,2,-0.06806651408543075,0
2023-10-18,-0.07026716360389806,2,-0.17343852762026063,0
2023-10-19,0.17800885060131766,2,0.4391453408279229,0
2023-10-20,0.35716630244866854,2,0.8811895119706695,0
2023-10-23,0.2372209894602813,2,0.5852424223258301,0
2023-10-24,-0.3914434601616074,0,-0.9658929208850022,0
2023-10-25,-0.235553026259941,2,-0.5812566306688429,0
2023-10-26,-0.27560047950412414,0,-0.6800677216570439,0
2023-10-27,1.08067425945806,3,2.6663370002476268,0
2023-10-30,-0.5928123995159048,0,-1.462740609735856,0
2023-10-31,-0.444545805149571,0,-1.0969150013728457,0
2023-11-01,-0.01934481843386643,2,-0.047795270076550905,0
2023-11-02,-0.6170853252782607,0,-1.5226304174954133,0
2023-11-03,-0.12558386198489724,2,-0.3099241933519685,0
2023-11-06,-0.106637858833245,2,-0.26317776905712104,0
2023-11-07,0.03318821537551514,2,0.08182212037209165,0
2023-11-08,-0.10424740499664309,2,-0.2572796823520476,0
2023-11-09,0.3313647302359672,2,0.817527998116023,0
2023-11-10,0.160852187188383,2,0.39681384426026883,0
2023-11-13,0.042347162225289225,2,0.10442044953452287,0
2023-11-14,-0.23958340311875315,2,-0.5912009817386745,0
2023-11-15,0.0768088264253318,2,0.18944944291676344,0
2023-11-16,-0.3581362427688908,0,-0.8837123520411257,0
2023-11-17,0.34686098480725414,2,0.8557626846286333,0
2023-11-20,-0.1037745572534055,2,-0.2561130013874497,0
2023-11-21,-0.3185409379748292,0,-0.7860168696129178,0
2023-11-22,-0.12299038165784196,2,-0.30352516919904093,0
2023-11-24,-0.1354927209473197,2,-0.33437281830085697,0
2023-11-27,0.020334511687566476,2,0.05010753225830817,0
2023-11-28,-0.1500178380978538,2,-0.3702113687231406,0
2023-11-29,-0.029459299046840692,2,-0.07275123564203068,0
2023-11-30,-0.4264113107181501,0,-1.0521708532652896,0
2023-12-01,-0.012813339447399041,2,-0.03167982422075,0
2023-12-04,-0.11155956049410645,2,-0.2753213305381198,0
2023-12-05,-0.07159478410886677,2,-0.17671423231275113,0
2023-12-06,0.1425878665017405,2,0.3517493693184659,0
2023-12-07,0.2672884648159345,2,0.6594294130699787,0
2023-12-08,0.2588190694942672,2,0.6385324489948445,0
2023-12-11,0.0856120258095634,2,0.2111700185058973,0
2023-12-12,-0.20376125536428324,2,-0.5028151990129319,0
2023-12-13,-0.7708800496161613,0,-1.9020958583412653,0
2023-12-14,1.250932036223091,3,3.086422556470153,0
2023-12-15,0.36454081699403407,2,0.8993850217648351,0
2023-12-18,-0.28570696686052394,0,-0.7050039650594724,0
2023-12-19,0.0966320852701934,2,0.23836036420454318,0
2023-12-20,0.329786082655105,2,0.8136329217225314,0
2023-12-21,0.0074029652517063615,2,0.018200878826419412,0
2023-12-22,-0.15606748141402754,2,-0.3851379572509,0
2023-12-26,0.02917119995297701,2,0.07191073664446161,0
2023-12-27,-0.15073436977727278,2,-0.371979303291646,0
2023-12-28,-0.29306126683279465,0,-0.723149598423065,0
2023-12-29,-0.024578535483208097,2,-0.06070868278261641,0
2024-01-02,-0.7935729888706282,0,-1.95808728610549,0
2024-01-03,-0.06148741216639886,2,-0.1517758063267279,0
2024-01-04,-0.2260389607832778,2,-0.5577820994982791,0
2024-01-05,0.05673572013387125,2,0.1399220604865353,0
2024-01-08,-0.10638914632068797,2,-0.26256410819438575,0
2024-01-09,0.11347628842221513,2,0.2799209118910534,0
2024-01-10,-0.04691623122014191,2,-0.11582360038975571,0
2024-01-11,0.31032545296506286,2,0.7656167335453283,0
2024-01-12,-0.43209320120455025,0,-1.0661900667821498,0
2024-01-16,0.2031923466113372,2,0.5012818442523567,0
2024-01-17,-0.033268555378017095,2,-0.0821500049381013,0
2024-01-18,0.5168814719791833,3,1.2752627643308034,0
2024-01-19,-0.2116709988044712,2,-0.5223313059173145,0
2024-01-22,0.08577353850124803,2,0.21156852687486874,0
2024-01-23,-0.20294985996658335,2,-0.5008132024320088,0
2024-01-24,0.1496392296727918,2,0.3691475515109079,0
2024-01-25,-0.03316779836316924,2,-0.08190140209933586,0
2024-01-26,-0.30437849341066214,0,-0.7510731594620477,0
2024-01-29,0.06909230366883384,2,0.17041007910114822,0
2024-01-30,-0.10962810667767925,2,-0.2705557576156465,0
2024-01-31,0.03255675840565919,2,0.08026409490357743,0
2024-02-01,0.08119011935145137,2,0.20025962680858544,0
2024-02-02,0.34268279357991127,2,0.8454536237499357,0
2024-02-05,0.417754007704108,3,1.0306805974651285,0
2024-02-06,-0.012834925388686136,2,-0.031733084296879675,0
2024-02-07,0.12539724950472714,2,0.30933409736900863,0
2024-02-08,0.28641401971397945,2,0.7066188543986867,0
2024-02-09,0.007650751368472042,2,0.01881225394633176,0
2024-02-12,0.06622918962967601,2,0.16334577416001161,0
2024-02-13,0.11523425361861517,2,0.28425842763559844,0
2024-02-14,0.008566212214772273,2,0.021071016430636462,0
2024-02-15,-0.4051300292057476,0,-0.9996624794856671,0
2024-02-16,0.06375102718839892,2,0.15723127961336675,0
2024-02-20,-0.06492759796780118,2,-0.1602639493845653,0
2024-02-21,-0.08001886427930988,2,-0.19749938804133566,0
2024-02-22,0.2154451495580212,2,0.5315137998137542,0
2024-02-23,-0.2343247500089446,2,-0.5782260430393166,0
2024-02-26,0.5049364485134314,3,1.2457902085272197,0
2024-02-27,-0.09185389669720952,2,-0.22670055741315456,0
2024-02-28,-0.13625980640156204,2,-0.3362654867347947,0
2024-02-29,0.27960459718058367,2,0.6898176244822198,0
2024-03-01,0.44485878501332277,3,1.0975575746498079,0
2024-03-04,-0.4186206565943103,0,-1.0329485814070873,0
2024-03-05,-0.04900197117492511,2,-0.12096985124354113,0
2024-03-06,-0.04103875663354711,2,-0.10132181240798906,0
2024-03-07,0.20151004896434543,2,0.49713102684949767,0
2024-03-08,-0.4265050268051931,0,-1.0524020836695653,0
2024-03-11,-0.1677380057239503,2,-0.4139332275128183,0
2024-03-12,0.20915707853527354,2,0.5159989266411578,0
2024-03-13,0.06870366806393233,2,0.16945117897126902,0
2024-03-14,0.1838524831133137,2,0.4535636285608219,0
2024-03-15,-0.04016141520830033,2,-0.09915710388409883,0
2024-03-18,-0.09991996405902158,2,-0.2466023701737634,0
2024-03-19,-0.06196290769301277,2,-0.15294902030011717,0
2024-03-20,0.24841662369201556,2,0.6128659724676407,0
2024-03-21,0.2993385589847602,2,0.7385082187005524,0
2024-03-22,0.23992974603559566,2,0.5919258733507002,0
2024-03-25,-0.09914491018595856,2,-0.24469004086021057,0
2024-03-26,-0.005472610563823158,2,-0.01356767548529731,0
2024-03-27,-0.41673997054166767,0,-1.0283082703357482,0
2024-03-28,-0.19429501218424103,2,-0.47945866219456507,0
2024-04-01,0.4634351640783415,3,1.1433920068878052,0
2024-04-02,-0.03632974414421475,2,-0.08970302959274024,0
2024-04-03,0.4100759728899962,3,1.0117361968811045,0
2024-04-04,0.0260394104635695,2,0.06418351528267165,0
2024-04-05,0.06189627871216635,2,0.15265496562586334,0
2024-04-08,-0.2632871445104634,0,-0.6496864123386159,0
2024-04-09,-0.027842518393726937,2,-0.06876207160583842,0
2024-04-10,0.4375225576944106,3,1.0794565328507406,0
2024-04-11,0.9006351824199539,3,2.2221175510313897,0
2024-04-12,-0.07643770274127315,2,-0.18866340847427565,0
2024-04-15,0.15451441446140474,2,0.3811763395787708,0
2024-04-16,0.22397020103461834,2,0.5525480871127972,0
2024-04-17,-0.375440801764916,0,-0.9264087588024047,0
2024-04-18,-0.43587235191203344,0,-1.0755145549621687,0
2024-04-19,-0.8532321713531177,0,-2.1052873807685684,0
2024-04-22,-0.2082824457462567,2,-0.513970558917698,0
2024-04-23,0.11153552848291409,2,0.2751323775046281,0
2024-04-24,-0.06349351895483957,2,-0.15672557427316916,0
2024-04-25,0.4583004532941466,3,1.1307228773079143,0
2024-04-26,0.35456788471674083,2,0.8747783055109389,0
2024-04-29,-0.003914113014204856,2,-0.00972231627503117,0
2024-04-30,-0.24369097472899637,2,-0.6013357992923787,0
2024-05-01,-0.5968557020786898,0,-1.4727168530437174,0
2024-05-02,0.1458586126060024,2,0.35981944530899024,0
2024-05-03,-0.02822965806993699,2,-0.06971728075579081,0
2024-05-06,-0.010012733353863212,2,-0.024769748270522772,0
2024-05-07,-0.474711997111563,0,-1.1713455605534568,0
2024-05-08,0.11864114042878462,2,0.29266441042140895,0
2024-05-09,-0.13522915756026016,2,-0.33372251513023815,0
2024-05-10,-0.08462754677027753,2,-0.20887062161701575,0
2024-05-13,0.018489435365104223,2,0.045555082861155206,0
2024-05-14,0.008172552140499306,2,0.020099719175347003,0
2024-05-15,-0.04777924524354693,2,-0.11795295819612642,0
2024-05-16,-0.4819966315541264,0,-1.1893193046597557,0
2024-05-17,-0.11674811104940155,2,-0.28812330168694966,0
2024-05-20,0.5895377578922624,3,1.4545312644885453,0
2024-05-21,-0.15998429695199223,2,-0.3948021127752477,0
2024-05-22,0.06733604214825258,2,0.16607676692144205,0
2024-05-23,0.668918949468686,3,1.650392461848183,0
2024-05-24,0.26338694054671663,2,0.6498029864603326,0
2024-05-28,0.6015580823064617,3,1.4841896141008684,0
2024-05-29,0.1248112202117504,2,0.3078881578872393,0
2024-05-30,0.09906885259286545,2,0.24437272249782857,0
2024-05-31,-0.6216794049032575,0,-1.5339656206871053,0
2024-06-03,-0.08400160306186871,2,-0.2073261992951279,0
2024-06-04,-0.5364850046802204,0,-1.3237612019243103,0
2024-06-05,0.5603405450746661,3,1.3824915161747018,0
2024-06-06,-0.22385272913778653,2,-0.5523879004532924,0
2024-06-07,0.020795879636750864,2,0.051245888550977545,0
2024-06-10,0.3572641725027983,2,0.8814309916663863,0
2024-06-11,0.17391548685866604,2,0.4290455790588845,0
2024-06-12,0.42397040562124905,3,1.046018627987674,0
2024-06-13,0.10143696805409527,2,0.25021569260839693,0
2024-06-14,-0.5436549675970749,0,-1.3414520112209598,0
2024-06-17,0.19979747555891142,2,0.49290550854858317,0
2024-06-18,-0.0363432588753097,2,-0.08973637516694598,0
2024-06-20,-0.595066954408366,0,-1.4683033861565822,0
2024-06-21,-0.1153621629113217,2,-0.2847036822983777,0
2024-06-24,-0.36091676063373923,0,-0.8905728632966765,0
2024-06-25,0.28779408406708573,2,0.7100239564293424,0
2024-06-26,0.0464767571843798,2,0.11460960640197945,0
2024-06-27,-0.19741358651968918,2,-0.4871532771438489,0
2024-06-28,0.008887724260688429,2,0.02186429923514135,0
2024-07-01,-0.252786269876887,0,-0.6237770774166825,0
2024-07-02,-0.10281702233828174,2,-0.2537504274418414,0
2024-07-03,0.3491283833932275,2,0.8613571509388642,0
2024-07-05,-0.3059584268328771,0,-0.7549714084764331,0
2024-07-08,0.3145744025632519,2,0.7761003801031009,0
2024-07-09,-0.1849654450522316,2,-0.4564393530479737,0
2024-07-10,0.03338486776168614,2,0.08230733067259466,0
2024-07-11,-0.4411289926355637,0,-1.0884845283998799,0
2024-07-12,-0.02036580886411421,2,-0.05031441099885037,0
2024-07-15,-0.047943865779043957,2,-0.11835913470408915,0
2024-07-16,0.22848853979027672,2,0.5636964110568603,0
2024-07-17,-1.2865811097284892,1,-3.1745109620625596,0
2024-07-18,0.29993344965128077,2,0.7399760222939341,0
2024-07-19,0.036203340333133494,2,0.0892614894803207,0
2024-07-22,0.16588955175946363,2,0.4092427866436671,0
2024-07-23,-0.21137066719636943,2,-0.5215902826698726,0
2024-07-24,-0.8865505933884141,0,-2.187495595389336,0
2024-07-25,-0.10493165771112457,2,-0.25896797341059014,0
2024-07-26,-0.03297802702842334,2,-0.08143316976230819,0
2024-07-29,-0.026729233970890227,2,-0.06601520908427112,0
2024-07-30,-0.5246722547466887,0,-1.294615011244317,0
2024-07-31,0.7851418561533839,3,1.9371550716279433,0
2024-08-01,-1.4218625590315683,1,-3.5082976704107076,0
2024-08-02,-1.0141101207554364,0,-2.50222961825521,0
2024-08-05,0.8955807268099432,3,2.2096464390700037,0
2024-08-06,-0.2127369443403649,2,-0.524961366827641,0
2024-08-07,-0.45431148961670814,0,-1.1210103647049574,0
2024-08-08,0.4997895542168964,3,1.2330910179559578,0
2024-08-09,-0.20898514553113268,2,-0.515704365358707,0
2024-08-12,0.12305186576708216,2,0.303547214380729,0
2024-08-13,0.16748558719523998,2,0.41318076496411865,0
2024-08-14,-0.5459353197615621,0,-1.3470784385454742,0
2024-08-15,0.7230142541790099,3,1.7838645216861617,0
2024-08-16,-0.32140150337721785,0,-0.7930748861746622,0
2024-08-19,-0.039368516273685206,2,-0.09720074455470547,0
2024-08-20,-0.18979805047555648,2,-0.4683630829112101,0
2024-08-21,0.35057322125825624,2,0.8649220719058496,0
2024-08-22,-0.4341769939427612,0,-1.0713315131707744,0
2024-08-23,0.32058708903871747,2,0.7909357831632704,0
2024-08-26,-0.3739911967038076,0,-0.922832075493312,0
2024-08-27,-0.1453861522829563,2,-0.3587833778920114,0
2024-08-28,-0.3468740350840079,0,-0.8559245418776763,0
2024-08-29,0.025267765004829967,2,0.06227959572081488,0
2024-08-30,-0.053365752716267756,2,-0.131736828416974,0
2024-09-03,-1.227928640314854,1,-3.0297947810715704,0
2024-09-04,-0.17763497374080048,2,-0.4383525133350033,0
2024-09-05,0.030137916499852757,2,0.0742959648908299,0
2024-09-06,-0.017539542842519018,2,-0.0433410230204958,0
2024-09-09,-0.26273716939637004,0,-0.6483294311416201,0
2024-09-10,-0.2703322479880893,0,-0.6670691496753552,0
2024-09-11,0.7334780098700845,3,1.8096822711786158,0
2024-09-12,0.05587940693323373,2,0.1378092359564291,0
2024-09-13,0.11348422944364128,2,0.2799405051717021,0
2024-09-16,-0.4032535432689433,0,-0.9950325315708998,0
2024-09-17,0.6189516723978736,3,1.5271056917514145,0
2024-09-18,0.19210014790815277,2,0.4739135057805774,0
2024-09-19,0.5837254693654914,3,1.4401903133432472,0
2024-09-20,-0.23034679401104066,2,-0.5684110325901056,0
2024-09-23,0.01001944692071452,2,0.024656655344564855,0
2024-09-24,0.5607845497815074,3,1.3835870312682428,0
2024-09-25,0.16522766710168524,2,0.40760968541386705,0
2024-09-26,0.6734484660781164,3,1.6615683654717672,0
2024-09-27,-0.08004234820683041,2,-0.1975573311141409,0
2024-09-30,-0.4593610370314337,0,-1.1334693664298214,0
2024-10-01,-0.06504519578776596,2,-0.16055410438687479,0
2024-10-02,0.1453556163088705,2,0.35857837730450115,0
2024-10-03,0.21301107529274121,2,0.5255080862361111,0
2024-10-04,0.025580681483735046,2,0.063051670251504,0
2024-10-07,0.7356202211041258,3,1.8149678564534684,0
2024-10-08,-0.5366255803588315,0,-1.3241080513502967,0
2024-10-09,-0.047114299882710486,2,-0.11631230514008382,0
2024-10-10,0.17067080032773452,2,0.42103980116131917,0
2024-10-11,-0.22383131225265013,2,-0.5523350574978867,0
2024-10-14,-0.14113296219147164,2,-0.3482892685523408,0
2024-10-15,-0.8094212509595606,0,-1.997190498430279,0
2024-10-16,-0.059924542911429735,2,-0.14791966058847558,0
2024-10-17,0.1203936776105815,2,0.29698853335314346,0
2024-10-18,-0.10390859939259575,2,-0.2564437302837673,0
2024-10-21,0.30195400291639435,2,0.7449614347572009,0
2024-10-22,-0.1383441273419329,2,-0.34140823638311385,0
2024-10-23,-0.32390263344882986,0,-0.7992460499081582,0
2024-10-24,0.06292971935151925,2,0.15520482557384482,0
2024-10-25,0.591364215415427,3,1.4590377747878918,0
2024-10-28,-0.10291744483242099,2,-0.2539982049008761,0
2024-10-29,0.30714879603345147,2,0.7577788084919207,0
2024-10-30,-0.27515668672151805,0,-0.6789727294548027,0
2024-10-31,0.00039749217134543713,2,0.0009159235575227426,0
2024-11-01,0.2771567876219675,2,0.6837780211260852,0
2024-11-04,0.17435580952763718,2,0.43013200927562234,0
2024-11-05,-0.19744451441531574,2,-0.4872295870927037,0
2024-11-06,0.011513046069981492,2,0.02834188747501387,0
2024-11-07,0.3284393647052922,2,0.8103100969460589,0
2024-11-08,-0.5570507708422169,0,-1.3745041487750007,0
2024-11-11,-0.18502604100569345,2,-0.4565888644846818,0
2024-11-12,-0.21001360489612458,2,-0.5182419347584951,0
2024-11-13,-0.17628300750663442,2,-0.4350167392031848,0
2024-11-14,0.4042262990956073,3,0.9973030031890036,0
2024-11-15,-0.2051746778901219,2,-0.506302607337098,0
2024-11-18,-0.07507563601795772,2,-0.18530271289873188,0
2024-11-19,0.09203661519209119,2,0.2270217302781307,0
2024-11-20,-0.11122201479101836,2,-0.2744884870866986,0
2024-11-21,-0.1836314019895765,2,-0.45314780165661683,0
2024-11-22,-0.07541180307549178,2,-0.18613215474879655,0
2024-11-25,0.15722116519376828,2,0.38785484148667426,0
2024-11-26,-0.6022667807614608,0,-1.4860678790080277,0
2024-11-27,-0.35024756419840436,0,-0.8642482195468023,0
2024-11-29,0.3440175986845756,2,0.8487470553657815,0
2024-12-02,0.6754637243668578,3,1.6665407133741268,0
2024-12-03,0.17810885159445333,2,0.4393920782963804,0
2024-12-04,0.04867011389786993,2,0.1200213854847788,0
2024-12-05,-0.23821904386423443,2,-0.5878346296858526,0
2024-12-06,0.31819812983474305,2,0.7850413842402801,0
2024-12-09,0.32832413508313973,2,0.8100257851170489,0
2024-12-10,-0.12692468567150944,2,-0.3132324749170695,0
2024-12-11,0.36282385457903527,2,0.895148674240379,0
2024-12-12,-0.14524811065046828,2,-0.3584427808451839,0
2024-12-13,0.12380210678983221,2,0.30539832170358494,0
2024-12-16,0.194431201808682,2,0.47966503204266375,0
2024-12-17,0.012338531035881284,2,0.0303786479545773,0
2024-12-18,0.5127623272296111,3,1.2650993917896878,0
2024-12-19,-0.13805743521492175,2,-0.3407008665118021,0
2024-12-20,-0.2696599086705207,0,-0.6654102531388353,0
2024-12-23,0.06535208303477907,2,0.16118164504482746,0
2024-12-24,-0.15505343008610734,2,-0.38263593752398056,0
2024-12-26,-0.055702538137583246,2,-0.13750249634790654,0
2024-12-27,0.07925651884488438,2,0.19548875724980833,0
2024-12-30,0.138331598904184,2,0.3412476666936336,0
2024-12-31,-0.11709023303295538,2,-0.2889674364248037,0
2025-01-02,0.09418131260872548,2,0.23231344983605268,0
2025-01-03,0.05671944173605303,2,0.13988189597874126,0
2025-01-06,0.9126549779709878,3,2.2517745957530866,0
2025-01-07,-0.07139064657204802,2,-0.17621055352444678,0
2025-01-08,-0.42286036988874404,0,-1.0434094387691226,0
2025-01-10,0.8386385564538785,3,2.0691501647673176,0
2025-01-13,-0.21265660328307723,2,-0.5247631373054455,0
2025-01-14,0.01385511315813892,2,0.03412058712758188,0
2025-01-15,-0.23022619092625196,2,-0.5681134625470906,0
2025-01-16,-0.49971603068347464,0,-1.2330392672988428,0
2025-01-17,0.25221467834907796,2,0.622237103311065,0
2025-01-21,-0.041429230915999815,2,-0.10228524919925594,0
2025-01-22,0.43418138311032994,3,1.0712126851378272,0
2025-01-23,0.05553093717500601,2,0.136949439035588,0
2025-01-24,-0.5759541669044774,0,-1.4211454464601496,0
2025-01-27,-1.8551355499456021,1,-4.577333862722264,0
2025-01-28,0.36028257456036067,2,0.8888784465277535,0
2025-01-29,0.3989715645261661,3,0.9843377329009281,0
2025-01-30,-0.1281783818552824,2,-0.3163257824223188,0
2025-01-31,-0.21955981385190632,2,-0.5417957751480619,0
2025-02-03,-0.5240305170752468,0,-1.2930316196848899,0
2025-02-04,0.4913218880877165,3,1.2121983204042195,0
2025-02-05,-0.35788203206546265,0,-0.8830851252161526,0
2025-02-06,-0.12481321177055368,2,-0.3080227294065518,0
2025-02-07,-0.10987896664561886,2,-0.27117471700280743,0
2025-02-10,0.3426532950531907,2,0.845380840554709,0
2025-02-11,-0.18524143596020012,2,-0.45712031926454966,0
2025-02-12,0.09299769321289114,2,0.22939304630616844,0
2025-02-13,0.0471216384315718,2,0.11620075426360106,0
2025-02-14,0.4800336300138804,3,1.1843462348088856,0
2025-02-18,0.11945838457998781,2,0.2946808379253437,0
2025-02-19,-0.07012224799615248,2,-0.17308097006934098,0
2025-02-20,-0.05809471836098912,2,-0.14340484265377224,0
2025-02-21,-0.7652850957001676,0,-1.8882911477870843,0
2025-02-24,-0.5049057581734567,0,-1.2458441423576851,0
2025-02-25,-0.44662862816718096,0,-1.1020540551211704,0
2025-02-26,0.5174439677042948,3,1.276650638259654,0
2025-02-27,-0.7352803160136592,0,-1.8142588492135128,0
2025-02-28,-0.531043921538813,0,-1.310336144453569,0
2025-03-03,-1.1483399265984136,1,-2.833421553922317,0
2025-03-04,0.6456931102211518,3,1.5930861831899072,0
2025-03-05,0.36794826844172734,2,0.907792397709142,0
2025-03-06,0.08249171765639873,2,0.20347112562115782,0
2025-03-07,-0.10379374707283262,2,-0.2561603493918758,0
2025-03-10,-0.19017616484905964,2,-0.4692960234789001,0
2025-03-11,0.3998510299256218,3,0.9865076820129659,0
2025-03-12,0.4647336990693334,3,1.1465959474321368,0
2025-03-13,-0.2683233991759344,0,-0.662112616196208,0
2025-03-14,-0.06733538243731729,2,-0.16620479682988673,0
2025-03-17,-0.15339825011596753,2,-0.3785520289259953,0
2025-03-18,-0.11178711372477246,2,-0.2758827840428633,0
2025-03-19,0.293101630383133,2,0.7231195317899357,0
2025-03-20,-0.1053402814934804,2,-0.2599761913737179,0
2025-03-21,-0.008077595910839175,2,-0.019995086551301056,0
2025-03-24,0.37810352295817085,2,0.9328489667727038,0
2025-03-25,0.17678328873006174,2,0.43612145052373913,0
2025-03-26,-0.5836967426869567,0,-1.440249092214121,0
2025-03-27,-0.48505883555919527,0,-1.1968748342642066,0
2025-03-28,-0.4620559596737801,0,-1.1401186842976867,0
2025-03-31,-0.4926872931949369,0,-1.2156969105882334,0
2025-04-01,0.29904926860755826,2,0.7377944380361636,0
2025-04-02,0.1920534263570104,2,0.4737982273529358,0
2025-04-03,-1.6764947400885792,1,-4.136564428287575,0
2025-04-04,1.951500310992528,1,4.814969815633121,0
2025-04-07,0.8328229124105618,3,2.0548009343876648,0
2025-04-08,-0.26502574616616614,0,-0.6539761514475274,0
2025-04-09,0.5830397721841205,3,1.4384984582790645,0
2025-04-10,-0.6095991527610061,0,-1.5041594083841596,0
2025-04-11,-0.3395392826766026,0,-0.8378271392017815,0
2025-04-14,-0.7005084222697574,0,-1.7284644109102534,0
2025-04-15,0.01069360833413241,2,0.026320047629607227,0
2025-04-16,0.12558838614408618,2,0.3098056983906199,0
2025-04-17,-0.04690981121602415,2,-0.11580775999143735,0
2025-04-21,0.49830408047335606,3,1.2294258340467945,0
2025-04-22,-0.5864799308901172,0,-1.4471161921293876,0
2025-04-23,0.41672900612410907,3,1.028151559631767,0
2025-04-24,0.9125990615385019,3,2.251636630333303,0
2025-04-25,0.20546756785286546,2,0.5068956117931825,0
2025-04-28,-0.12867190245946808,2,-0.3175434705741072,0
2025-04-29,-0.5218796735087814,0,-1.287724735423073,0
2025-04-30,-0.2572612868584818,0,-0.6348185113736928,0
2025-05-01,0.4740377594932122,3,1.1695523225978197,0
2025-05-02,-0.0021056046296945574,2,-0.005260092786182281,0
2025-05-05,-0.14396069459304917,2,-0.3552662746036094,0
2025-05-06,0.0705398354446895,2,0.17398164688949844,0
2025-05-07,0.0100590950520138,2,0.02475448116848025,0
2025-05-08,0.5566914694476245,3,1.3734879687678812,0
2025-05-09,0.2114808347990508,2,0.5217324470778874,0
2025-05-12,1.2638250950047127,3,3.1182342473814124,0
2025-05-13,0.9233754472814628,3,2.2782257476406893,0
2025-05-14,0.31371287939409437,2,0.7739747007562267,0
2025-05-15,-0.9548196420683995,0,-2.3559392449683707,0
2025-05-16,-0.3833855029801644,0,-0.9460111187793903,0
2025-05-19,-0.33960345036981665,0,-0.8379854633712116,0
2025-05-20,-0.12056503759259382,2,-0.29754099608202167,0
2025-05-21,0.4259326155772323,3,1.0508600870766305,0
2025-05-22,0.1578482001744422,2,0.38940195635938235,0
2025-05-23,-0.27657595949664576,0,-0.6824745723926078,0
2025-05-27,0.026229413770593624,2,0.06465231997654182,0
2025-05-28,0.06527222484387007,2,0.16098460692307853,0
2025-05-29,-0.3251679078996794,0,-0.8023679250527681,0
2025-05-30,-0.4643076584839432,0,-1.1456744137632393,0
2025-06-02,0.0224475633065038,2,0.05532117055157238,0
2025-06-03,0.5570187877216972,3,1.3742955775704757,0
2025-06-04,0.35481765676916954,2,0.8753945806295679,0
2025-06-05,0.06051356351810307,2,0.14924332304229404,0
2025-06-06,-0.21317452743260873,2,-0.5260410375492464,0
2025-06-09,0.4646205990420551,3,1.146316890059424,0
2025-06-10,0.19277193738059334,2,0.47557104565662134,0
2025-06-11,0.03397763645385787,2,0.0837698986121838,0
2025-06-12,-0.475367753786934,0,-1.1729635419047584,0
2025-06-13,0.11242311509573699,2,0.2773223644939329,0
2025-06-16,0.557590542110779,3,1.375706295865544,0
2025-06-17,0.11964362680121443,2,0.29513789535331236,0
2025-06-18,0.0889204147043599,2,0.21933297244243943,0
2025-06-20,-0.036648850059198136,2,-0.090490375629654,0
2025-06-23,-0.43534038181572265,0,-1.0742019984490476,0
2025-06-24,0.1259864109356259,2,0.31078776493184507,0
2025-06-25,0.4238897967495745,3,1.0458197376736027,0
2025-06-26,0.2212437556278734,2,0.5458209915465051,0
2025-06-27,0.0650354099502864,2,0.16040030165266392,0
2025-06-30,-0.47395178365024976,0,-1.1694698477325127,0
2025-07-01,0.06554646634607608,2,0.16166125674303067,0
2025-07-02,0.7715927470858681,3,1.9037246749254058,0
2025-07-03,-0.23750166202470568,2,-0.586064597474647,0
2025-07-07,-0.006727384390557867,2,-0.01666364191310269,0
2025-07-08,0.5014944620678654,3,1.23729762264968,0
2025-07-09,0.1865341023412141,2,0.4601801222466535,0
2025-07-10,0.1566721668278338,2,0.3865002702694245,0
2025-07-11,0.3219307540917847,2,0.7942510753744069,0
2025-07-14,-0.38562069681758515,0,-0.951526124697469,0
2025-07-15,0.48769009220621495,3,1.2032374081806751,0
2025-07-16,-0.49145002347674793,0,-1.2126441329258066,0
2025-07-17,0.09914171543403033,2,0.2445525006421241,0
2025-07-18,-0.050531755386090546,2,-0.12474436459299457,0
2025-07-21,0.04105503122762749,2,0.10123230988428997,0
2025-07-22,-0.42612380579216,0,-1.0514614779342706,0
2025-07-23,0.07826500565147862,2,0.1930423469931499,0
2025-07-24,-0.44363593456417805,0,-1.0946700320197993,0
2025-07-25,0.15398836267372945,2,0.37987838560552933,0
2025-07-28,0.7991386365194187,3,1.9716900301896594,0
2025-07-29,-0.3257296462448846,0,-0.8037539302601702,0
2025-07-30,0.2374358538018707,2,0.5857725678978208,0
2025-07-31,0.39866209530202,3,0.9835741639548905,0
2025-08-01,-0.19487724994607292,2,-0.48089524664127997,0
2025-08-04,-0.2889335150640372,0,-0.7129649893516093,0
2025-08-05,0.28945793975999734,2,0.714129271073474,0
2025-08-06,-0.16808556363460336,2,-0.41479077458638147,0
2025-08-07,0.1562848580814063,2,0.3855446439640406,0
2025-08-08,0.00574574487471588,2,0.014111935830222964,0
2025-08-11,0.07714714857884564,2,0.1902842021432827,0
2025-08-12,0.6712458347272117,3,1.6561337026106697,0
2025-08-13,0.05592879403999973,2,0.1379310912432196,0
2025-08-14,-0.2450370192085352,2,-0.6046569623818493,0
2025-08-15,-0.19890813563903426,2,-0.4908408531831415,0
2025-08-18,0.3231306263947099,2,0.7972115805175345,0
2025-08-19,-0.43885410633877,0,-1.0828715872850052,0
2025-08-20,-0.5124020333992709,0,-1.2643400783887262,0
2025-08-21,0.1254858846406947,2,0.30955279128773155,0
2025-08-22,0.44097048156916685,3,1.087963768445264,0
2025-08-25,0.4729204307614141,3,1.1667954813498067,0
2025-08-26,0.21226182858466514,2,0.5236594322357455,0
2025-08-27,0.01701707936702776,2,0.04192226502362921,0
2025-08-28,0.38579557538718895,3,0.9518279537213962,0
2025-08-29,-0.5460871334255875,0,-1.3474530160168006,0
2025-09-02,0.30556781970153185,2,0.7538779862540873,0
2025-09-03,-0.14538019227337312,2,-0.35876867246129096,0
2025-09-04,0.2608687438799627,2,0.6435897134602336,0
2025-09-05,0.28392259595833713,2,0.7004716395456498,0
2025-09-08,0.20210509769572962,2,0.4985992204442491,0
2025-09-09,-0.33801927198878573,0,-0.8340767405569257,0
2025-09-10,0.5745024328102751,3,1.417433852434529,0
2025-09-11,-0.37397758325642083,0,-0.9227984863514458,0
2025-09-12,0.06413405876200651,2,0.15817635263562166,0
2025-09-15,0.5197385659124385,3,1.282312215562555,0
2025-09-16,0.2736381869402482,2,0.6750964010991486,0
2025-09-17,-0.431745093365717,0,-1.065331162843192,0
2025-09-18,0.48220677761295894,3,1.189708150929595,0
2025-09-19,-0.1409479606627083,2,-0.34783280499696484,0
2025-09-22,0.12183182530552761,2,0.3005369473277682,0
2025-09-23,0.0037587656258967483,2,0.00920936222211838,0
2025-09-24,-0.033698680680516346,2,-0.08321127468083468,0
2025-09-25,0.12725797994375138,2,0.31392517095348543,0
2025-09-26,-0.21571537254134265,2,-0.5323101921867514,0
2025-09-29,-0.078254499227559,2,-0.19314608161253596,0
2025-09-30,-0.18164433210352876,2,-0.44824500441472986,0
2025-10-01,0.3147117123827857,2,0.7764391715111038,0
2025-10-02,0.345859266730441,2,0.8532910953510583,0
2025-10-03,-0.46662787686680696,0,-1.1513992050088586,0
2025-10-06,0.29261143887904123,2,0.7219100576938646,0
2025-10-07,-0.6797176045922835,0,-1.6771661831622413,0
2025-10-08,0.4077631574779601,3,1.0060296713568928,0
2025-10-09,-0.16213048197313762,2,-0.40009750277442857,0
2025-10-10,-0.5680316195549477,0,-1.4015977478277426,0
2025-10-13,0.6428639679057158,3,1.5861056983874253,0
2025-10-14,-0.27314595317448426,0,-0.674011545674712,0
2025-10-15,0.4655291767552496,3,1.1485586694440182,0
2025-10-16,0.8750097970142159,3,2.1588907517266955,0
2025-10-17,-0.42743454796688474,0,-1.054695537875588,0
2025-10-20,-0.11638894793925503,2,-0.2872371205223222,0
2025-10-21,0.19057214258443075,2,0.47014338156937846,0
2025-10-22,-0.3898847352459016,0,-0.9620470006829791,0
2025-10-23,0.5634810738300212,3,1.3902403003659045,0
2025-10-24,-0.06420327270092113,2,-0.15847678530663153,0
2025-10-27,0.24418825670790897,2,0.6024331104264384,0
2025-10-28,0.5789572071684086,3,1.4284253407508893,0
2025-10-29,1.575741715376963,1,3.887841776939145,0
2025-10-30,-0.3262353466612445,0,-0.8050016702737244,0
2025-10-31,0.08470710187423897,2,0.20893725427079002,0
2025-11-03,0.22152881037553088,2,0.5465243214295731,0
2025-11-04,-0.7642366898294145,0,-1.885704363372707,0
2025-11-05,0.5527572524759403,3,1.3637808778129057,0
2025-11-06,0.0034714320219422223,2,0.008500409602554682,0
2025-11-07,-0.4127630530384415,0,-1.0184958222165679,0
2025-11-10,0.2270751549101662,2,0.5602090956178883,0
2025-11-11,-0.8544385034083646,0,-2.1082638243827523,0
2025-11-12,0.05410766493264468,2,0.13343772801158243,0
2025-11-13,-0.29099067666689926,0,-0.7180407274036256,0
2025-11-14,-0.054028652068455196,2,-0.13337243325320733,0
2025-11-17,-0.13508038950752743,2,-0.33335545224848434,0
2025-11-18,-0.20568585301950953,2,-0.5075638553848291,0
2025-11-19,0.34661061112064706,2,0.8551449250678059,0
2025-11-20,-0.5133218322690305,0,-1.2666095442959961,0
2025-11-21,0.16775508349041002,2,0.41384570669663434,0
2025-11-24,0.45591436118502343,3,1.1248355525119227,0
2025-11-25,0.016217626308818844,2,0.03994973437620407,0
2025-11-26,0.20488930888614387,2,0.505468844427301,0
2025-11-28,0.05695089613186813,2,0.14045297502401927,0
2025-12-01,0.5454105412010464,3,1.345653968423155,0
2025-12-02,0.3872556599494905,3,0.9554304936296487,0
2025-12-03,0.18593065106681267,2,0.4586911966358723,0
2025-12-04,-0.02554921935094663,2,-0.06310369979883136,0
2025-12-05,0.3143894213924432,2,0.7756439667779279,0
2025-12-08,0.4328232491074249,3,1.0678616929606977,0
2025-12-09,-0.023122600510107005,2,-0.05711638136402641,0
2025-12-10,0.271225959782045,2,0.6691445919850934,0
2025-12-11,-0.25246944401017374,0,-0.6229953570572794,0
2025-12-12,-0.7658182543396088,0,-1.8896066368523128,0
2025-12-15,-0.15486764555833712,2,-0.3821775420358638,0
2025-12-16,0.07507674392590102,2,0.1851757888492558,0
2025-12-17,-0.5856301363420905,0,-1.445019451397977,0
2025-12-18,0.33675790835921804,2,0.8308348571315715,0
2025-12-19,0.3169488290492465,2,0.7819589217217613,0
2025-12-22,-0.18242692979024638,2,-0.4501759469582646,0
2025-12-23,-0.04870624644353268,2,-0.12024019477417942,0
2025-12-24,-0.19964930584413293,2,-0.4926695796224285,0
2025-12-26,-0.010362315760150046,2,-0.02563229048375327,0
2025-12-29,-0.18436744114412762,2,-0.4549638679974095,0
2025-12-30,-0.00039579609491505185,2,-0.0010413963893760752,0
2025-12-31,0.11153246813733375,2,0.27512482656040826,0
