Date,spread,regime,z_score,gmm_signal
2016-07-06,-0.07229275478015709,1,-0.2882183205592166,0
2016-07-07,0.2762539554164318,1,1.1105528735883636,-1
2016-07-08,-0.0013953847690282295,1,-0.0036963439883985296,0
2016-07-11,-0.01568557525347171,1,-0.061045061459429235,0
2016-07-12,0.1344652660821476,1,0.5415332027819055,0
2016-07-13,-0.1266956237866961,1,-0.5065453447976903,0
2016-07-14,0.19487336321099769,1,0.7839601248706156,0
2016-07-15,0.0076668394480453456,1,0.032671746195552895,0
2016-07-18,-0.1319127667894475,1,-0.5274825366704273,0
2016-07-19,0.052682238791043855,1,0.21332542058691845,0
2016-07-20,0.1272088553495712,1,0.5124121179783614,0
2016-07-21,-0.16472222547361676,1,-0.6591519065437118,0
2016-07-22,-0.018255681053041206,1,-0.07135928865819345,0
2016-07-25,0.028307691888263126,1,0.11550664026109435,0
2016-07-26,0.25111407409395936,1,1.0096626893191467,-1
2016-07-27,0.34181849538969383,0,1.373673388541467,0
2016-07-28,-0.13195822901844023,1,-0.5276649835404635,0
2016-07-29,-0.3333272751171628,0,-1.3357897279025637,0
2016-08-01,0.10895661276424465,1,0.4391630801591589,0
2016-08-02,0.08007146224079575,1,0.323242558436178,0
2016-08-03,0.1048914135195288,1,0.4228488145653972,0
2016-08-04,0.07434057581376602,1,0.30024363571922214,0
2016-08-05,0.20593940811802397,1,0.8283698535992599,0
2016-08-08,-0.046836830061637885,1,-0.18605980586094045,0
2016-08-09,0.07660150836633121,1,0.30931710344656066,0
2016-08-10,-0.02812004494491216,1,-0.11094648789687284,0
2016-08-11,0.043845178465646034,1,0.177860947497676,0
2016-08-12,-0.12494958822180952,1,-0.4995382373407213,0
2016-08-15,0.18477496527272225,1,0.7434337112512418,0
2016-08-16,0.1271239264952745,1,0.5120712855118171,0
2016-08-17,-0.09664502220576669,1,-0.38594768993960366,0
2016-08-18,-0.07622684165727078,1,-0.30400641219226304,0
2016-08-19,0.2097424024363596,1,0.8436318507674284,0
2016-08-22,-0.07469211553913542,1,-0.297847321826031,0
2016-08-23,0.0720412903191046,1,0.2910162517762213,0
2016-08-24,0.10636328007930895,1,0.42875563992113896,0
2016-08-25,0.20485377426308973,1,0.8240130390913367,0
2016-08-26,0.3040162914395617,1,1.2219673691935495,-1
2016-08-29,-0.0996093006724606,1,-0.3978437922677672,0
2016-08-30,0.16911061002358008,1,0.6805702606536554,0
2016-08-31,-0.05433682761407663,1,-0.21615844178440566,0
2016-09-01,0.11725191294690762,1,0.4724533870330112,0
2016-09-02,-0.023325574009196992,1,-0.091705543599124,0
2016-09-06,-0.2415119481830298,1,-0.9673207946446055,0
2016-09-07,-0.06091495714354475,1,-0.24255748050148845,0
2016-09-08,0.0412777624429668,1,0.16755751478447917,0
2016-09-09,0.4112941146164757,0,1.652489662019349,0
2016-09-12,-0.20184666008115915,1,-0.8081379339796236,0
2016-09-13,0.21433812038199196,1,0.8620751689532518,0
2016-09-14,-0.011785819911579606,1,-0.04539474752192243,0
2016-09-15,0.10409468892464424,1,0.41965143705360014,0
2016-09-16,-0.157824488053173,1,-0.6314702325348862,0
2016-09-19,0.02101515319196859,1,0.08624056842002042,0
2016-09-20,0.006398611937309253,1,0.02758215545277245,0
2016-09-21,-0.1271053239534068,1,-0.5081895341550052,0
2016-09-22,-0.199415846291302,1,-0.798382706894935,0
2016-09-23,-0.19046097809815107,1,-0.7624454528353485,0
2016-09-26,-0.0056668076496727005,1,-0.020838216537126537,0
2016-09-27,0.17415887943318414,1,0.7008297369989286,0
2016-09-28,-0.0948153388331314,1,-0.37860489105158796,0
2016-09-29,0.06366979949376628,1,0.2574201802139639,0
2016-09-30,0.1864214674812748,1,0.7500413761439176,0
2016-10-03,0.17652490984744285,1,0.7103249785006357,0
2016-10-04,0.3049130129811501,1,1.2255660497286145,-1
2016-10-05,0.2803468316009161,1,1.1269782109695148,-1
2016-10-06,0.0250054437617737,1,0.10225421405785765,0
2016-10-07,0.03382848130727767,1,0.13766241158918038,0
2016-10-10,-0.17517786475592287,1,-0.7011119842510549,0
2016-10-11,-0.08934311847538268,1,-0.3566440347860687,0
2016-10-12,-0.0778279733334937,1,-0.3104319982076199,0
2016-10-13,-0.29870505394273267,0,-1.1968454652271696,0
2016-10-14,0.2934483822765198,1,1.1795567353037795,-1
2016-10-17,-0.08978015446203197,1,-0.35839792696478445,0
2016-10-18,-0.09762270291558195,1,-0.3898712719845812,0
2016-10-19,0.003727666920878423,1,0.016863245071927765,0
2016-10-20,-0.09689766141480519,1,-0.3869615696801869,0
2016-10-21,0.14035424064947655,1,0.565166557356394,0
2016-10-24,0.08775867275641314,1,0.35409250858067715,0
2016-10-25,-0.07685163121750854,1,-0.30651378814417435,0
2016-10-26,0.17960967889739862,1,0.7227046279463081,0
2016-10-27,0.21367224927907147,1,0.8594029264946867,0
2016-10-28,0.10882995584897633,1,0.4386547866093015,0
2016-10-31,-0.11893310498077533,1,-0.47539317097964834,0
2016-11-01,0.007482307608422278,1,0.03193119173293231,0
2016-11-02,-0.011566138732996556,1,-0.04451313339242729,0
2016-11-03,0.30318593142274936,1,1.2186350075952033,-1
2016-11-04,-0.21681563625049466,1,-0.8682107220995817,0
2016-11-07,-0.09698254104838266,1,-0.38730220461646564,0
2016-11-08,-0.08847985192473051,1,-0.3531796142404198,0
2016-11-09,0.5753023351049029,0,2.310679705738953,0
2016-11-10,0.5830196375830738,0,2.341650419526212,0
2016-11-11,0.20706206686384507,1,0.832875254650461,0
2016-11-14,-0.4279749696125963,0,-1.7156253848738239,0
2016-11-15,-0.006639640900615085,1,-0.024742344989119796,0
2016-11-16,0.056192884969901914,1,0.22741418001047242,0
2016-11-17,0.2662792419580069,1,1.070522824681428,-1
2016-11-18,0.06695991745644833,1,0.27062392621676357,0
2016-11-21,0.01209776613564087,1,0.05045373188835324,0
2016-11-22,-0.2933327036335747,0,-1.175285402723405,0
2016-11-23,0.13900495022529724,1,0.5597516487582992,0
2016-11-25,-0.12090387391603685,1,-0.48330216778357715,0
2016-11-28,-0.22452084911058046,1,-0.8991329184025809,0
2016-11-29,-0.0587017284058194,1,-0.23367545547062896,0
2016-11-30,0.23194497316255291,1,0.9327341588922333,0
2016-12-01,0.01381751562604655,1,0.05735534931280882,0
2016-12-02,-0.20871018389838777,1,-0.8356823035720674,0
2016-12-05,0.05081553890468385,1,0.20583406877445629,0
2016-12-06,0.019857891464693495,1,0.08159630031808118,0
2016-12-07,-0.07025007800892114,1,-0.28002074662444126,0
2016-12-08,0.02816545622402157,1,0.11493582681170239,0
2016-12-09,-0.1967264841745106,1,-0.7875898858768344,0
2016-12-12,-0.19704358107626707,1,-0.7888624441852465,0
2016-12-13,-0.046567833235202055,1,-0.1849802805028519,0
2016-12-14,0.32615623387055437,1,1.3108183404022324,-1
2016-12-15,0.01965619315247899,1,0.08078685417849575,0
2016-12-16,-0.4426733792557891,0,-1.7746123481909728,0
2016-12-19,0.026549002489849018,1,0.10844875103710229,0
2016-12-20,0.04682325645919201,1,0.1898124294351971,0
2016-12-21,-0.013229551719680016,1,-0.05118866382113649,0
2016-12-22,-0.02530727460538683,1,-0.09965841082834555,0
2016-12-23,-0.028157852290468258,1,-0.11109821455027095,0
2016-12-27,0.00012650050948349173,1,0.002411214126778587,0
2016-12-28,0.01948439397261692,1,0.08009739782461509,0
2016-12-29,-0.22458133325621826,1,-0.8993756505189537,0
2016-12-30,-0.028458749874445577,1,-0.11230576252172846,0
2017-01-03,-0.10555849968767214,1,-0.4217188367518637,0
2017-01-04,-0.028665511457973414,1,-0.11313552834259062,0
2017-01-05,-0.165216226050279,1,-0.6611344063244089,0
2017-01-06,0.27393989473281033,1,1.1012661945549178,-1
2017-01-09,0.021761277749482527,1,0.08923488025187779,0
2017-01-10,0.10881484031660854,1,0.4385941256687684,0
2017-01-11,0.17910268757170003,1,0.7206699943051817,0
2017-01-12,-0.19731363710981814,1,-0.7899462203032995,0
2017-01-13,0.15036617334319732,1,0.60534597274041,0
2017-01-17,-0.5706835203348732,0,-2.2883365999539524,0
2017-01-18,0.12363732974532562,1,0.49807904012041365,0
2017-01-19,0.23223887559323445,1,0.9339136342448924,0
2017-01-20,-0.03485677402552237,1,-0.13798201084132694,0
2017-01-23,-0.010832478041995358,1,-0.04156884096094208,0
2017-01-24,0.11282004270044613,1,0.4546676146943379,0
2017-01-25,0.21085921903975427,1,0.8481138064085908,0
2017-01-26,0.02262055617950158,1,0.09268329586017628,0
2017-01-27,0.13817384658321846,1,0.556416302878158,0
2017-01-30,-0.0415383432831099,1,-0.16479616898943888,0
2017-01-31,-0.2807071987630041,0,-1.1246173229284089,0
2017-02-01,0.1300596901523955,1,0.5238529535530678,0
2017-02-02,-0.03724851963812906,1,-0.14758045136241563,0
2017-02-03,0.11862987734803115,1,0.4779833686809955,0
2017-02-06,0.053744823104313263,1,0.21758973376295163,0
2017-02-07,0.06699551256054298,1,0.2707667748072214,0
2017-02-08,-0.2835357263831887,0,-1.1359686363714003,0
2017-02-09,0.06532627754853765,1,0.26406787970148726,0
2017-02-10,-0.015841939569969016,1,-0.061672575348702914,0
2017-02-13,0.09611183371510634,1,0.38761501958790506,0
2017-02-14,0.017361739038490975,1,0.07157885930420858,0
2017-02-15,0.06496805276516207,1,0.26263026892119073,0
2017-02-16,0.10161493101433136,1,0.40969978973651927,0
2017-02-17,0.005434959412021725,1,0.02371487065533597,0
2017-02-21,-0.2557359936187026,1,-1.024404061930197,1
2017-02-22,0.09222865019536493,1,0.37203121090430197,0
2017-02-23,-0.15096619416900448,1,-0.6039468514627692,0
2017-02-24,-0.04417870343011368,1,-0.17539233761694098,0
2017-02-27,-0.0038077609943744373,1,-0.013377578310069574,0
2017-02-28,-0.10840883447444948,1,-0.4331576656857882,0
2017-03-01,0.33700275451457734,1,1.3543470847275745,-1
2017-03-02,-0.29995628307854383,0,-1.2018668388946003,0
2017-03-03,0.0819079906086452,1,0.33061282733567143,0
2017-03-06,0.054163797826417004,1,0.21927114332789677,0
2017-03-07,0.14200902667389909,1,0.5718074664676426,0
2017-03-08,0.15523949440626345,1,0.6249033546448464,0
2017-03-09,0.08601728504157509,1,0.34710405365598684,0
2017-03-10,0.056020740433002175,1,0.22672333768604072,0
2017-03-13,0.07579010661473914,1,0.3060608242627241,0
2017-03-14,-0.0249416143990559,1,-0.09819096055984845,0
2017-03-15,-0.31458480467160327,0,-1.2605733307900377,0
2017-03-16,0.05708331510332135,1,0.2309876121634415,0
2017-03-17,-0.040061833396178345,1,-0.1588707092524955,0
2017-03-20,0.009806225626150328,1,0.041257429754014495,0
2017-03-21,-0.3264673162121784,0,-1.3082596648475535,0
2017-03-22,0.012545428327024877,1,0.05225026864999346,0
2017-03-23,-0.05880516330738966,1,-0.23409055553197905,0
2017-03-24,-0.05775331397344256,1,-0.22986932346790742,0
2017-03-27,-0.0646275482845065,1,-0.2574566759083129,0
2017-03-28,-0.02716438609188232,1,-0.10711128292736875,0
2017-03-29,-0.17688880123508866,1,-0.7079782337150752,0
2017-03-30,0.1099065547889081,1,0.4429753426230909,0
2017-03-31,-0.06479602320570695,1,-0.25813279150435037,0
2017-04-03,-0.1027724543140674,1,-0.4105380110542451,0
2017-04-04,0.00765448617584432,1,0.03262217062704871,0
2017-04-05,-0.04168316840613774,1,-0.16537737433252178,0
2017-04-06,0.00016709364864278542,1,0.0025741205954812134,0
2017-04-07,0.02164943774628743,1,0.08878604923369249,0
2017-04-10,-0.13218941891038494,1,-0.5285927838948205,0
2017-04-11,-0.05129568319035921,1,-0.20395386462819268,0
2017-04-12,-0.2805618274877746,0,-1.1240339257931071,0
2017-04-13,0.0088521386999027,1,0.03742853316682459,0
2017-04-17,0.12493421286492379,1,0.5032836301991638,0
2017-04-18,-0.028065304963023355,1,-0.1107268079871384,0
2017-04-19,0.1377710298459401,1,0.5547997377747098,0
2017-04-20,0.18015823130107922,1,0.7249060525425008,0
2017-04-21,0.075806359442295,1,0.30612604934258714,0
2017-04-24,0.28456202595961305,1,1.1438944298698543,-1
2017-04-25,0.01335027910318587,1,0.05548025776865804,0
2017-04-26,0.11611071748190283,1,0.46787359529594325,0
2017-04-27,0.2114175025258208,1,0.8503542833249781,0
2017-04-28,-0.036193933956649826,1,-0.14334823791767637,0
2017-05-01,0.1543046773904905,1,0.6211517911521808,0
2017-05-02,-0.05435964763281106,1,-0.21625002200571264,0
2017-05-03,0.15641169246991526,1,0.6296075645464315,0
2017-05-04,0.12431595917775845,1,0.5008024837043521,0
2017-05-05,-0.11320829105632352,1,-0.4524186181432104,0
2017-05-08,0.008090604650174471,1,0.03437238068866293,0
2017-05-09,-0.016895632660610435,1,-0.06590120669005241,0
2017-05-10,-0.06274767011985123,1,-0.24991243765185742,0
2017-05-11,0.00012600253072787837,1,0.0024092156619580276,0
2017-05-12,0.08875875956755752,1,0.3581060097331817,0
2017-05-15,0.11130389820903253,1,0.44858309523478335,0
2017-05-16,0.302212231934566,1,1.2147274028008301,-1
2017-05-17,-0.4124760087719125,0,-1.6534256873040432,0
2017-05-18,-0.021611884644223672,1,-0.08482824638381034,0
2017-05-19,-0.023336747773703426,1,-0.09175038562306098,0
2017-05-22,0.03046543726754586,1,0.12416600209854621,0
2017-05-23,0.089314654543278,1,0.3603369011926667,0
2017-05-24,0.0009577842905544864,1,0.005747282932214612,0
2017-05-25,0.08079287235788268,1,0.3261376874430726,0
2017-05-26,-0.010626372588157972,1,-0.04074170828876209,0
2017-05-30,0.10696495024595877,1,0.4311702342147217,0
2017-05-31,-0.018778357452379296,1,-0.07345686889598292,0
2017-06-01,-0.150207633514313,1,-0.600902631673124,0
2017-06-02,-0.0367549791301541,1,-0.14559979790764352,0
2017-06-05,0.08420203857053468,1,0.3398191922595409,0
2017-06-06,-0.07471303512780603,1,-0.29793127533117053,0
2017-06-07,0.055365847422259695,1,0.22409515198846666,0
2017-06-08,0.291660531468752,1,1.1723818168891755,-1
2017-06-09,-0.31969251340181737,0,-1.2810713462092336,0
2017-06-12,-0.17135427544041762,1,-0.6857673362130269,0
2017-06-13,0.05857442857051984,1,0.2369716782989284,0
2017-06-14,-0.061407877986081334,1,-0.2445356471441925,0
2017-06-15,0.09501992895588873,1,0.38323303898311095,0
2017-06-16,0.2584166496828516,1,1.0389690407435124,-1
2017-06-19,0.1073672339228289,1,0.4327846600653182,0
2017-06-20,-0.028167144724508764,1,-0.1111355065076446,0
2017-06-21,-0.047869870437463304,1,-0.1902055547026982,0
2017-06-22,-0.1338971047615003,1,-0.5354459880918886,0
2017-06-23,-0.031947370493739434,1,-0.12630613000999202,0
2017-06-26,-0.21690166539016503,1,-0.8685559701794168,0
2017-06-27,0.08901343242435339,1,0.3591280508128878,0
2017-06-28,0.173441456360249,1,0.6979506086093004,0
2017-06-29,0.07711521660914356,1,0.3113786931021818,0
2017-06-30,-0.011237631072922381,1,-0.043194781967708894,0
2017-07-03,-0.12534030001020416,1,-0.501106223435073,0
2017-07-05,0.4199732630739673,0,1.6873204106591004,0
2017-07-06,0.24561776172372557,1,0.9876051481270817,0
2017-07-07,0.13111022851645143,1,0.5280689244946944,0
2017-07-10,0.23482837846077273,1,0.9443057048406301,0
2017-07-11,0.006224084372040042,1,0.02688174967144807,0
2017-07-12,-0.047768518618568345,1,-0.18979881437034857,0
2017-07-13,-0.0760185325708421,1,-0.30317043600585375,0
2017-07-14,-0.18244470899922535,1,-0.7302749403270298,0
2017-07-17,-0.12025107415231914,1,-0.4806823826060907,0
2017-07-18,0.13934572343049548,1,0.5611192236893602,0
2017-07-19,-0.13929152001740033,1,-0.5570946005977055,0
2017-07-20,-0.05536163750729502,1,-0.2202711604421225,0
2017-07-21,-0.04167855630111536,1,-0.16535886525049356,0
2017-07-24,0.22571088918170837,1,0.9077158275202806,0
2017-07-25,-0.04388500061439678,1,-0.17421366334962934,0
2017-07-26,-0.11020660457753335,1,-0.44037239174782766,0
2017-07-27,-0.4460021695445656,0,-1.7879712921462108,0
2017-07-28,0.1658441018188011,1,0.667461264216092,0
2017-07-31,-0.012781591469690691,1,-0.049390930904779876,0
2017-08-01,0.058619345642451366,1,0.23715193737039644,0
2017-08-02,0.047986116444781374,1,0.1944791642029757,0
2017-08-03,0.0920201802255854,1,0.3711945890684282,0
2017-08-04,0.08189464961109255,1,0.3305592878744402,0
2017-08-07,-0.07130058006287586,1,-0.28423657184808476,0
2017-08-08,-0.03653057727712669,1,-0.14469923899044404,0
2017-08-09,0.11252272207591042,1,0.45347442160755785,0
2017-08-10,-0.16501571832456774,1,-0.6603297381903422,0
2017-08-11,0.04796848903779613,1,0.19440842272587333,0
2017-08-14,0.15705398434240903,1,0.6321851799511864,0
2017-08-15,0.07481128592663694,1,0.3021326673107309,0
2017-08-16,-0.0021727262892919375,1,-0.006815934260665009,0
2017-08-17,-0.13975585377149946,1,-0.5589580428873715,0
2017-08-18,0.08059234682852986,1,0.32533294786027256,0
2017-08-21,-0.19482781443567695,1,-0.7799702341624852,0
2017-08-22,0.22169121549581217,1,0.8915842629488252,0
2017-08-23,-0.1466256819350316,1,-0.5865277127846218,0
2017-08-24,0.145015748980241,1,0.5838739024082943,0
2017-08-25,-0.03838394002165289,1,-0.1521370668152637,0
2017-08-28,0.07968946674485715,1,0.32170955215500646,0
2017-08-29,0.05740198845377792,1,0.23226649700131513,0
2017-08-30,0.08277796079464377,1,0.3341041505940538,0
2017-08-31,-0.011838209483593487,1,-0.045604994877765793,0
2017-09-01,-0.16042866284313773,1,-0.6419211837966939,0
2017-09-05,-0.2402425887864122,1,-0.9622266614708688,0
2017-09-06,-0.029424509252535466,1,-0.11618150244131654,0
2017-09-07,-0.13955075199771597,1,-0.5581349381365761,0
2017-09-08,0.2882279922630792,1,1.1586065126811134,-1
2017-09-11,-0.014885742536705104,1,-0.057835210579703804,0
2017-09-12,0.202460109339173,1,0.814406896080755,0
2017-09-13,-0.14781563441639073,1,-0.5913031738767399,0
2017-09-14,-0.0090991638260816,1,-0.03461278622079209,0
2017-09-15,-0.014130789736109005,1,-0.054805469659701275,0
2017-09-18,0.30486568208706377,1,1.225376103620089,-1
2017-09-19,0.26513864745624505,1,1.065945444701661,-1
2017-09-20,0.22184533874814427,1,0.8922027831052453,0
2017-09-21,0.11607846174323332,1,0.4677441480890785,0
2017-09-22,0.1936821830124593,1,0.7791797367619036,0
2017-09-25,-0.38436595185049943,0,-1.5406157346140745,0
2017-09-26,-0.07614822209571198,1,-0.3036908998813222,0
2017-09-27,0.35582024293722936,0,1.4298645404423775,0
2017-09-28,-0.06327833870704358,1,-0.25204209176044157,0
2017-09-29,0.0018810628886751224,1,0.00945254099216214,0
2017-10-02,0.15684833048782543,1,0.631359859615801,0
2017-10-03,0.03776340463035396,1,0.15345386000765537,0
2017-10-04,-0.1863253606653521,1,-0.7458485882952958,0
2017-10-05,0.10199857010608385,1,0.4112393920187776,0
2017-10-06,0.14808333171219568,1,0.5961845805343412,0
2017-10-09,0.19373763693262253,1,0.7794022818149988,0
2017-10-10,-0.16707035290288152,1,-0.6685753006316687,0
2017-10-11,-0.025921594034464798,1,-0.10212376854443125,0
2017-10-12,0.11579554192795039,1,0.46660874764978555,0
2017-10-13,-0.024284938852514742,1,-0.09555562127380322,0
2017-10-16,0.07641860595152229,1,0.30858308811464014,0
2017-10-17,-0.1718383231978548,1,-0.6877098938097203,0
2017-10-18,0.09858774447884192,1,0.39755122771805756,0
2017-10-19,0.052355255674140955,1,0.21201318738684494,0
2017-10-20,0.1438662955670661,1,0.579260970263685,0
2017-10-23,0.072262213181702,1,0.29190284897335333,0
2017-10-24,0.10511535555472733,1,0.4237475281634048,0
2017-10-25,0.05155268695533194,1,0.20879235651295489,0
2017-10-26,0.40565433460464784,0,1.629856363264572,0
2017-10-27,0.14209694828406746,1,0.5721603093206915,0
2017-10-30,0.02520504366242221,1,0.10305523895126256,0
2017-10-31,-0.06193201930061944,1,-0.24663910631046904,0
2017-11-01,-0.13116712051402696,1,-0.524490144257676,0
2017-11-02,0.2636669601161613,1,1.0600393385819395,-1
2017-11-03,-0.03696000243647464,1,-0.14642258775652292,0
2017-11-06,0.10434547777184816,1,0.4206578910094687,0
2017-11-07,-0.21433376495697895,1,-0.8582505934528545,0
2017-11-08,-0.09924311480029685,1,-0.39637423242197906,0
2017-11-09,-0.2911487809134938,0,-1.166520987218319,0
2017-11-10,-0.056119465433136256,1,-0.2233124396789555,0
2017-11-13,-0.05469852810314266,1,-0.21761000110260806,0
2017-11-14,0.054876658096706304,1,0.22213196049346554,0
2017-11-15,0.12762364793003944,1,0.5140767439700337,0
2017-11-16,-0.17785062534998863,1,-0.7118381808223073,0
2017-11-17,-0.07767339203182151,1,-0.3098116398292237,0
2017-11-20,0.23573407413286218,1,0.9479403999323391,0
2017-11-21,0.04969566529407812,1,0.20133984489634876,0
2017-11-22,-0.1685171265248245,1,-0.6743814241945191,0
2017-11-24,0.06383210219884539,1,0.25807152576380094,0
2017-11-27,0.045617186837812546,1,0.1849722877980244,0
2017-11-28,0.04682260017907702,1,0.1898097956828383,0
2017-11-29,-0.6799583132876277,0,-2.7268730375595247,0
2017-11-30,0.033561299317255044,1,0.13659016944686356,0
2017-12-01,-0.17732544503504422,1,-0.7097305519886762,0
2017-12-04,-0.48717507898737,0,-1.9532044675658229,0
2017-12-05,0.21596015063938664,1,0.8685846241674461,0
2017-12-06,0.13532693381534666,1,0.54499120702887,0
2017-12-07,0.09962640847748014,1,0.40171954501726215,0
2017-12-08,-0.10919557619971287,1,-0.43631498041675126,0
2017-12-11,-0.08801555418032955,1,-0.3513163164631737,0
2017-12-12,-0.0010046626542473958,1,-0.0021283164526814434,0
2017-12-13,-0.1880353667761618,1,-0.7527111040489745,0
2017-12-14,0.04311693924933874,1,0.17493841227235507,0
2017-12-15,-0.039651419930990084,1,-0.1572236573194222,0
2017-12-18,-0.07546248257580279,1,-0.30093892243016057,0
2017-12-19,0.09977065782100683,1,0.40229843966924733,0
2017-12-20,0.05122456185034338,1,0.20747554034023652,0
2017-12-21,-0.05754449696172059,1,-0.2290313088997024,0
2017-12-22,-0.1694996615825165,1,-0.6783244874791059,0
2017-12-26,-0.13691034029641977,1,-0.5475385626138228,0
2017-12-27,0.0691875577572473,1,0.2795637870518361,0
2017-12-28,0.036288552809266364,1,0.1475350543422401,0
2017-12-29,-0.029750738015420303,1,-0.11749070830347584,0
2018-01-02,-0.22486419885685716,1,-0.900510833386598,0
2018-01-03,0.2815021608069919,1,1.1316147235686576,-1
2018-01-04,0.33065212416447465,1,1.328861034971452,-1
2018-01-05,0.008972184036817987,1,0.03791029344272602,0
2018-01-08,0.02000816766041058,1,0.08219938164860525,0
2018-01-09,0.24722577185120626,1,0.9940583384181303,0
2018-01-10,0.09765801260782533,1,0.39382007168813715,0
2018-01-11,-0.022482852317921104,1,-0.08832357271271057,0
2018-01-12,0.07720532451493366,1,0.31174030989355267,0
2018-01-16,-0.12358846306886676,1,-0.4940758341681531,0
2018-01-17,-0.05304103458203968,1,-0.21095822639356715,0
2018-01-18,0.15892210690404784,1,0.6396822411768791,0
2018-01-19,-0.020770601427495705,1,-0.0814520483155079,0
2018-01-22,-0.17856585711031578,1,-0.7147085151396813,0
2018-01-23,0.022819154894288485,1,0.09348030284177129,0
2018-01-24,0.10058901624399502,1,0.4055826370381403,0
2018-01-25,0.009235679800917412,1,0.038967742197282614,0
2018-01-26,0.19473986153660422,1,0.7834243622567418,0
2018-01-29,-0.050963244209758396,1,-0.2026197362136283,0
2018-01-30,0.09052025240521755,1,0.36517514958713815,0
2018-01-31,0.07650876187189666,1,0.3089448975958727,0
2018-02-01,0.46358639068884244,0,1.8623465543858952,0
2018-02-02,0.1726357334390397,1,0.6947171194393228,0
2018-02-05,-0.0107262623833011,1,-0.041142581296447926,0
2018-02-06,-0.07331136213676287,1,-0.2923061474899696,0
2018-02-07,0.06096019031551424,1,0.24654610464515672,0
2018-02-08,-0.20607116828165184,1,-0.8250915307499289,0
2018-02-09,0.06919299090743514,1,0.27958559111354114,0
2018-02-12,0.17720821854175678,1,0.7130672006773358,0
2018-02-13,0.02346969410454834,1,0.09609101607289536,0
2018-02-14,0.4072563299542069,0,1.6362854153329667,0
2018-02-15,-0.025390621625119514,1,-0.09999289515113366,0
2018-02-16,-0.13962481074668542,1,-0.5584321472098582,0
2018-02-20,0.33692790488692065,1,1.3540467017373008,-1
2018-02-21,0.39006868276562756,0,1.5673087614750194,0
2018-02-22,-0.19769971664243513,1,-0.7914956164475638,0
2018-02-23,-0.11695732965933692,1,-0.4674640827831855,0
2018-02-26,0.11202904216559739,1,0.45149320870990706,0
2018-02-27,0.38517289694992035,0,1.5476612250863813,0
2018-02-28,-0.017343506242947115,1,-0.06769859179587907,0
2018-03-01,-0.32890889991298194,0,-1.3180581132301477,0
2018-03-02,0.0625031253655873,1,0.25273813870930145,0
2018-03-05,0.0531566214606255,1,0.21522919070954954,0
2018-03-06,0.1757514594652514,1,0.7072210039598873,0
2018-03-07,0.29376074470210584,1,1.180810293436052,-1
2018-03-08,0.018644133842470878,1,0.07672530555905886,0
2018-03-09,0.310608265653723,1,1.2484219687453046,-1
2018-03-12,-0.1728350274412193,1,-0.6917098202009824,0
2018-03-13,-0.18529279843989999,1,-0.7417047583440313,0
2018-03-14,-0.02465242872093734,1,-0.09703041425578457,0
2018-03-15,0.1966936519032162,1,0.7912652214709299,0
2018-03-16,-0.12087884654205773,1,-0.4832017291084641,0
2018-03-19,0.1051151640252429,1,0.42374675952632457,0
2018-03-20,0.41744613340291825,0,1.677178653229385,0
2018-03-21,0.1030749753287919,1,0.4155591706157548,0
2018-03-22,-0.3605529547633377,0,-1.4450505394841162,0
2018-03-23,-0.10198759406088465,1,-0.40738824695816683,0
2018-03-26,0.27121435810506866,1,1.0903281996981342,-1
2018-03-27,-0.6820354019898479,0,-2.7352087118303174,0
2018-03-28,-0.3989199320501883,0,-1.5990230805105163,0
2018-03-29,0.21204836715424513,1,0.8528860394535867,0
2018-04-02,0.053781612456635486,1,0.21773737505398735,0
2018-04-03,-0.08675872053515804,1,-0.3462724510435005,0
2018-04-04,-0.2772593619180869,0,-1.110780626957098,0
2018-04-05,-0.03934311579297273,1,-0.15598638571513151,0
2018-04-06,-0.24500346346567725,1,-0.9813327788591135,0
2018-04-09,0.11828327154818662,1,0.47659238665659603,0
2018-04-10,0.20719928052730274,1,0.8334259140435157,0
2018-04-11,-0.0969308078155284,1,-0.3870945912499362,0
2018-04-12,0.44708908691184435,0,1.796140354099708,0
2018-04-13,-0.24515016664505024,1,-0.9819215211292128,0
2018-04-16,-0.07415359369668767,1,-0.29568615140439564,0
2018-04-17,0.08147903246611832,1,0.3288913527794398,0
2018-04-18,0.04732593510469276,1,0.19182975563185806,0
2018-04-19,0.41304780066525226,0,1.6595274720369033,0
2018-04-20,0.2301545218545029,1,0.9255488042727287,0
2018-04-23,-0.2297945967479266,1,-0.9202972733212171,0
2018-04-24,-0.4396487064541936,0,-1.7624738741706412,0
2018-04-25,-0.24069264422565784,1,-0.9640328027017849,0
2018-04-26,-0.02675574389848734,1,-0.10547133937859221,0
2018-04-27,-0.3670439163643136,0,-1.4710997599878535,0
2018-04-30,0.10749698054416285,1,0.43330535307761925,0
2018-05-01,0.02473223919137643,1,0.10115780238045113,0
2018-05-02,0.0494329478411617,1,0.20028551962346913,0
2018-05-03,0.3113349219570166,1,1.2513381514988862,-1
2018-05-04,-0.08810924159625438,1,-0.3516922983755431,0
2018-05-07,0.2738399644148411,1,1.1008651589229403,-1
2018-05-08,0.42015207274143845,0,1.6880380011707212,0
2018-05-09,0.1922185704210673,1,0.7733060358422302,0
2018-05-10,-0.08788981387208428,1,-0.3508117013973263,0
2018-05-11,-0.03893091785624586,1,-0.154332172425167,0
2018-05-14,-0.12066092187164328,1,-0.4823271641145845,0
2018-05-15,0.17288000273776538,1,0.695697409451182,0
2018-05-16,-0.09105569885695936,1,-0.36351688148159655,0
2018-05-17,0.019506992886670516,1,0.08018809071906058,0
2018-05-18,0.19585209761769018,1,0.7878879355621308,0
2018-05-21,0.04170547184044937,1,0.169273977936082,0
2018-05-22,-0.14677481581156177,1,-0.5871262098137411,0
2018-05-23,-0.10653782344241644,1,-0.42564901258714316,0
2018-05-24,0.07414699600307106,1,0.29946677036646663,0
2018-05-25,-0.18580092214999133,1,-0.7437439364167157,0
2018-05-29,-0.2770657902292864,0,-1.1100037941987455,0
2018-05-30,-0.06026294022827017,1,-0.239940837014397,0
2018-05-31,0.2336410622078603,1,0.939540823335995,0
2018-06-01,0.27271491625354355,1,1.0963501687824104,-1
2018-06-04,-0.030923200877027573,1,-0.12219598087970841,0
2018-06-05,0.14344623926163394,1,0.5775752201396136,0
2018-06-06,0.09512876860439068,1,0.3836698291195601,0
2018-06-07,-0.20961275270500435,1,-0.8393044500749547,0
2018-06-08,-0.07889066299187927,1,-0.31469673414969745,0
2018-06-11,-0.2540519196030125,1,-1.017645615635779,1
2018-06-12,-0.06967313074758223,1,-0.27770536912669347,0
2018-06-13,0.18297766528370746,1,0.736220871828779,0
2018-06-14,-0.3039662867886521,0,-1.2179595963759742,0
2018-06-15,-0.1568064375495441,1,-0.6273846403401977,0
2018-06-18,0.19406471485040305,1,0.7807148954654766,0
2018-06-19,-0.30322825284260035,0,-1.214997753403886,0
2018-06-20,-0.23447605801720844,1,-0.9390846925635208,0
2018-06-21,-0.25735261590679953,1,-1.030891814137445,1
2018-06-22,-0.33462631060641546,0,-1.3410029557695462,0
2018-06-25,-0.36559085861730056,0,-1.4652684172710955,0
2018-06-26,-0.02808805460284986,1,-0.11081810576713638,0
2018-06-27,-0.23713850508789114,1,-0.94976949938988,0
2018-06-28,0.1189875086032165,1,0.4794185975419936,0
2018-06-29,0.05181808703432567,1,0.20985744757409713,0
2018-07-02,0.3175674609563071,1,1.2763502826238418,-1
2018-07-03,-0.3102400334452784,0,-1.2431371001249523,0
2018-07-05,-0.19956124295847483,1,-0.7989662059319843,0
2018-07-06,-0.09612862678062123,1,-0.38387531621076926,0
2018-07-09,0.4789445347868227,0,1.9239811328551792,0
2018-07-10,-0.18443593565427582,1,-0.7382660370857181,0
2018-07-11,0.02106956669074403,1,0.08645893810314537,0
2018-07-12,0.221447911189853,1,0.8906078456003561,0
2018-07-13,-0.11608911499386361,1,-0.46397980469685507,0
2018-07-16,0.13250703143399944,1,0.5336745079869771,0
2018-07-17,0.19001688106568285,1,0.7644703201155314,0
2018-07-18,0.3495522641629727,0,1.404710184086486,0
2018-07-19,-0.3188759854765685,0,-1.2777944949074065,0
2018-07-20,0.19665729560290768,1,0.7911193180837809,0
2018-07-23,0.06365637791756584,1,0.25736631737830945,0
2018-07-24,0.03410744840499176,1,0.13878194916902825,0
2018-07-25,0.12190433006639201,1,0.49112424766521556,0
2018-07-26,-0.1282942438957829,1,-0.5129608515104476,0
2018-07-27,-0.04170834371632043,1,-0.16547840669821937,0
2018-07-30,-0.5462602551253658,0,-2.1903223056207275,0
2018-07-31,-0.10493912266043787,1,-0.4192331821217471,0
2018-08-01,0.13426323343832397,1,0.5407224149184982,0
2018-08-02,-0.038997877149366644,1,-0.15460089029757212,0
2018-08-03,-0.35792227870308024,0,-1.4344932345761274,0
2018-08-06,0.10522769882091262,1,0.42419837885285133,0
2018-08-07,0.2179280076846532,1,0.8764819351119869,0
2018-08-08,0.16062385124429282,1,0.6465116011831628,0
2018-08-09,-0.09339395114275326,1,-0.37290064511021753,0
2018-08-10,0.08765512244582924,1,0.35367694536532474,0
2018-08-13,-0.07922029226768632,1,-0.3160195867896967,0
2018-08-14,-0.0741916480309201,1,-0.2958388692610833,0
2018-08-15,-0.23555575827820624,1,-0.9434176946525249,0
2018-08-16,-0.16421060390841752,1,-0.6570986910441257,0
2018-08-17,-0.24389113454572803,1,-0.9768688329771836,0
2018-08-20,-0.0481678512112545,1,-0.191401397069289,0
2018-08-21,0.15966632369564315,1,0.6426688968526629,0
2018-08-22,0.1498600574134886,1,0.6033148521971219,0
2018-08-23,0.06518556683817127,1,0.26350318612495766,0
2018-08-24,0.15617737443195362,1,0.6286672104642338,0
2018-08-27,0.18403692583209058,1,0.7404718462285649,0
2018-08-28,-0.014476410293222658,1,-0.05619249775450998,0
2018-08-29,0.04108974462570614,1,0.16680297056105964,0
2018-08-30,0.06271011675577184,1,0.25356882677938364,0
2018-08-31,0.013641415181958438,1,0.0566486313285016,0
2018-09-04,0.30562995079818056,1,1.2284432307121667,-1
2018-09-05,-0.38809636638041567,0,-1.5555864580035834,0
2018-09-06,-0.03453160728492427,1,-0.13667706703684537,0
2018-09-07,0.1217028216505638,1,0.49031556360883805,0
2018-09-10,0.004757139565173624,1,0.020994676062026256,0
2018-09-11,0.1022031140002527,1,0.4120602579134544,0
2018-09-12,-0.35609318762568737,0,-1.4271528126594022,0
2018-09-13,0.04488621460967496,1,0.18203878457871692,0
2018-09-14,0.22354085020085085,1,0.8990071295816633,0
2018-09-17,-0.3651244247693277,0,-1.4633965469838912,0
2018-09-18,0.18258532172937553,1,0.7346463372084423,0
2018-09-19,0.12844246222635364,1,0.5173627708282259,0
2018-09-20,-0.0852916136935698,1,-0.34038472716398666,0
2018-09-21,-0.1365131705753331,1,-0.5459446598490246,0
2018-09-24,0.26030496871959385,1,1.0465471535091322,-1
2018-09-25,0.06801468622421641,1,0.2748568744147494,0
2018-09-26,-0.08481776763977508,1,-0.33848311056248515,0
2018-09-27,0.0234073040832304,1,0.09584063538626496,0
2018-09-28,-0.28697071931207374,0,-1.149753787745559,0
2018-10-01,0.11082217711535661,1,0.4466498748951993,0
2018-10-02,-0.14504777578670616,1,-0.5801953343607913,0
2018-10-03,0.23955593123567964,1,0.9632780963362276,0
2018-10-04,-0.07061071050175954,1,-0.2814680199106286,0
2018-10-05,-0.24414014268659695,1,-0.9778681406864983,0
2018-10-08,-0.553731821025369,0,-2.2203068409795756,0
2018-10-09,-0.07658845315161689,1,-0.305457614361059,0
2018-10-10,-0.618046935266664,0,-2.478413219600373,0
2018-10-11,0.22768520804188852,1,0.9156390707152161,0
2018-10-12,0.23746539341546713,1,0.9548884487003626,0
2018-10-15,-0.3539534186523662,0,-1.4185655928852599,0
2018-10-16,0.04976196554777701,1,0.20160591794287494,0
2018-10-17,0.060031764646072225,1,0.2428201906016984,0
2018-10-18,-0.32948590105110687,0,-1.3203737069436683,0
2018-10-19,-0.24266296797060752,1,-0.9719400128889822,0
2018-10-22,0.34187213432342445,0,1.3738886497767395,0
2018-10-23,-0.299221117550351,0,-1.198916507321577,0
2018-10-24,-0.5516548054061788,0,-2.2119714600021476,0
2018-10-25,0.2457056036909877,1,0.9879576713609812,0
2018-10-26,0.2913967951638239,1,1.171323402807527,-1
2018-10-29,-0.5709222242753078,0,-2.2892945553327912,0
2018-10-30,-0.07808458126395912,1,-0.3114618050335756,0
2018-10-31,0.6501929318126302,0,2.6112271110729703,0
2018-11-01,-0.22138566965066175,1,-0.8865509642807246,0
2018-11-02,0.3519250904609677,0,1.4142326985078078,0
2018-11-05,-0.2968327655402606,0,-1.1893316858458138,0
2018-11-06,-0.06066707817531275,1,-0.24156270433446514,0
2018-11-07,0.09992674594763151,1,0.4029248451663697,0
2018-11-08,0.041427620872162896,1,0.16815891955413395,0
2018-11-09,-0.2862103399511506,0,-1.1467022692099695,0
2018-11-12,-0.46762732123955064,0,-1.8747563294887117,0
2018-11-13,0.11281858217421573,1,0.4546617533794564,0
2018-11-14,-0.07350125394267798,1,-0.2930682123161414,0
2018-11-15,0.646809619660487,0,2.5976493625509485,0
2018-11-16,-0.20501428257649212,1,-0.8208500869587941,0
2018-11-19,-0.4444787237657559,0,-1.7818574715049464,0
2018-11-20,0.07790396199370675,1,0.3145440488240062,0
2018-11-21,0.20267380032604637,1,0.8152644706558209,0
2018-11-23,-0.07052266474632303,1,-0.2811146788436534,0
2018-11-26,0.24628947632428683,1,0.9903008414343675,0
2018-11-27,-0.3313148609461114,0,-1.3277136024054288,0
2018-11-28,0.4154361625188252,0,1.6691123330160658,0
2018-11-29,-0.17026315587879806,1,-0.6813885067261454,0
2018-11-30,0.15611022282842568,1,0.6283977208207863,0
2018-12-03,0.008006057340043726,1,0.0340330794171437,0
2018-12-04,-0.3272770164133325,0,-1.3115091154495435,0
2018-12-06,-0.3285851898805041,0,-1.3167590154178883,0
2018-12-07,-0.060379764899533006,1,-0.24040967226702656,0
2018-12-10,0.23934375243828582,1,0.9624265904085545,0
2018-12-11,-0.17468317087111024,1,-0.6991267021188362,0
2018-12-12,0.2507854053644605,1,1.008343691498221,-1
2018-12-13,-0.19029025733868157,1,-0.7617603243472493,0
2018-12-14,-0.002868339916534235,1,-0.009607538012983427,0
2018-12-17,0.33202111789022615,1,1.3343550159287532,-1
2018-12-18,0.21637438351281046,1,0.8702470039692448,0
2018-12-19,-0.04090952068247655,1,-0.1622726078303082,0
2018-12-20,0.197922422917294,1,0.7961964672650047,0
2018-12-21,-0.027842378085317754,1,-0.1098321683712316,0
2018-12-24,0.3630741399982267,0,1.458975537497871,0
2018-12-26,0.005077478343654462,1,0.02228024451698224,0
2018-12-27,0.2901893181165826,1,1.1664776129553638,-1
2018-12-28,-0.02734196767985947,1,-0.10782394496837129,0
2018-12-31,0.048080936366749094,1,0.19485969103510375,0
2019-01-02,0.014705468459494053,1,0.06091883968254305,0
2019-01-03,-0.6614805886182374,0,-2.652719105690952,0
2019-01-04,0.24910092633730807,1,1.0015836198309327,-1
2019-01-07,-0.16870561570802026,1,-0.6751378600814448,0
2019-01-08,-0.2223830616335678,1,-0.8905536506758303,0
2019-01-09,0.06005032048865333,1,0.24289465803268045,0
2019-01-10,-0.016509444553025332,1,-0.06435137481785447,0
2019-01-11,-0.14385200421081623,1,-0.5753965203533606,0
2019-01-14,0.1699005379291702,1,0.68374036201301,0
2019-01-15,-0.04200409711808173,1,-0.16666531028058723,0
2019-01-16,0.15810620836928357,1,0.6364079157152163,0
2019-01-17,0.014179939104517258,1,0.05880981009794049,0
2019-01-18,0.13545507811570734,1,0.545505469682325,0
2019-01-22,-0.042796461098801974,1,-0.1698451879815888,0
2019-01-23,-0.08634777651596717,1,-0.3446232699161641,0
2019-01-24,0.2046965297231536,1,0.8233819927309347,0
2019-01-25,0.06434546249789583,1,0.2601317190679516,0
2019-01-28,-0.2822140699694628,0,-1.1306646272787957,0
2019-01-29,-0.27679967711066367,0,-1.1089358416006436,0
2019-01-30,0.0683107220366892,1,0.2760449113544452,0
2019-01-31,-0.18364100626085733,1,-0.7350758639916504,0
2019-02-01,0.30968759532910706,1,1.2447271780853872,-1
2019-02-04,0.03929624591342018,1,0.159605386242816,0
2019-02-05,0.10560749526803176,1,0.4257225600151701,0
2019-02-06,-0.015376699831575616,1,-0.05980549720566035,0
2019-02-07,-0.11440906219433365,1,-0.4572374961571932,0
2019-02-08,0.07092473121392512,1,0.2865353295147335,0
2019-02-11,0.012037586441461322,1,0.050212221582192317,0
2019-02-12,0.19386167010515343,1,0.7799000458844318,0
2019-02-13,-0.05728597555605215,1,-0.2279938230054428,0
2019-02-14,-0.05920246205778086,1,-0.23568497611108763,0
2019-02-15,-0.027647443688425755,1,-0.10904986685713247,0
2019-02-19,-0.09367031794962617,1,-0.37400974732568343,0
2019-02-20,0.09264459536810414,1,0.37370046242483473,0
2019-02-21,-0.009620689899837904,1,-0.03670575002629108,0
2019-02-22,0.2805118264686479,1,1.1276403605793484,-1
2019-02-25,0.24549484695155357,1,0.9871118723691426,0
2019-02-26,0.03555427661570511,1,0.14458829180495344,0
2019-02-27,0.22332904115238822,1,0.8981571075129362,0
2019-02-28,0.018274298442733858,1,0.07524109960159503,0
2019-03-01,0.0903226715723772,1,0.3643822275212925,0
2019-03-04,-0.07280537158955958,1,-0.2902755301258299,0
2019-03-05,-0.09461409221345182,1,-0.3777972576231485,0
2019-03-06,0.06408840466086607,1,0.25910010669822275,0
2019-03-07,-0.03695166994949692,1,-0.1463891482133596,0
2019-03-08,-0.012884312330718198,1,-0.04980316541235068,0
2019-03-11,-0.023456931080248378,1,-0.09223269959216333,0
2019-03-12,-0.025586276290369137,1,-0.10077808721218452,0
2019-03-13,-0.011771156195256538,1,-0.0453358997881989,0
2019-03-14,0.04561095950776191,1,0.18494729657120615,0
2019-03-15,0.07440186371079693,1,0.30048959341272147,0
2019-03-18,0.11623008665173049,1,0.46835264201002663,0
2019-03-19,-0.03373929401324213,1,-0.13349739283896034,0
2019-03-20,-0.13090935760058317,1,-0.523455702308586,0
2019-03-21,-0.15294783493133257,1,-0.611899478569563,0
2019-03-22,-0.3719852264907654,0,-1.4909299923900818,0
2019-03-25,-0.041477368278785315,1,-0.16455146698216946,0
2019-03-26,0.04495911904996269,1,0.18233136123492008,0
2019-03-27,-0.03286230754687686,1,-0.12997791217561644,0
2019-03-28,0.1090634481614029,1,0.43959182692878407,0
2019-03-29,0.11048488414002289,1,0.44529626665824584,0
2019-04-01,0.37276233460880565,0,1.497855742498028,0
2019-04-02,0.07219764020321068,1,0.29164370774610426,0
2019-04-03,0.177603770004493,1,0.7146546091241586,0
2019-04-04,-0.2158817321266147,1,-0.8644628221815417,0
2019-04-05,-0.20864764286537665,1,-0.8354313168524429,0
2019-04-08,0.08589838084797546,1,0.34662687296253925,0
2019-04-09,-0.04274953744042462,1,-0.16965687617217523,0
2019-04-10,-0.09963714427418441,1,-0.3979555328950439,0
2019-04-11,0.20901266390673034,1,0.8407032985687022,0
2019-04-12,0.21338563482950224,1,0.8582526989235879,0
2019-04-15,-0.07874005512344383,1,-0.31409232176588625,0
2019-04-16,0.518740432250255,0,2.0836881488407935,0
2019-04-17,0.14205678882789063,1,0.5719991432880496,0
2019-04-18,0.011477131661049023,1,0.04796303092989534,0
2019-04-22,0.19791014686146546,1,0.7961472015775993,0
2019-04-23,-0.020847562875693004,1,-0.0817609063642255,0
2019-04-24,-0.1391618119529828,1,-0.5565740623202002,0
2019-04-25,0.12315205606337656,1,0.4961315627013744,0
2019-04-26,-0.09744881257090082,1,-0.38917342346682254,0
2019-04-29,0.19646631380103027,1,0.7903528789372979,0
2019-04-30,-0.0797069429003846,1,-0.31797259012244405,0
2019-05-01,-0.07265546306112192,1,-0.2896739243002653,0
2019-05-02,0.0012794336235413678,1,0.007038110842611673,0
2019-05-03,0.02242178041148435,1,0.09188557833692024,0
2019-05-06,-0.04618221816202693,1,-0.18343274830528145,0
2019-05-07,-0.04207974170824014,1,-0.1669688835768235,0
2019-05-08,0.01511826713462272,1,0.06257546382748647,0
2019-05-09,-0.1023938332318968,1,-0.4090185468110207,0
2019-05-10,0.002986394842155793,1,0.013888406978754275,0
2019-05-13,-0.33343232214280816,0,-1.336211297664105,0
2019-05-14,0.16657842473875198,1,0.6704082142735184,0
2019-05-15,-0.06497226824588959,1,-0.2588400897748743,0
2019-05-16,0.18689202519443204,1,0.7519297961320939,0
2019-05-17,-0.20315389578103266,1,-0.8133840705445423,0
2019-05-20,-0.07530628163671976,1,-0.3003120641994089,0
2019-05-21,0.008769463330664029,1,0.037096744280074395,0
2019-05-22,-0.0008375458615044323,1,-0.0014576512336198623,0
2019-05-23,-0.1983477831257952,1,-0.7940964062478902,0
2019-05-24,0.04093916085766035,1,0.16619865489579386,0
2019-05-28,0.348676080503209,0,1.4011939252086758,0
2019-05-29,0.33152140848148526,1,1.3323496057328081,-1
2019-05-30,0.12438898851841237,1,0.5010955616048053,0
2019-05-31,-0.1498907674832739,1,-0.5996309998841699,0
2019-06-03,-0.4972770192516279,0,-1.993745097080512,0
2019-06-04,0.2697286457162311,1,1.0843658089152115,-1
2019-06-05,0.1278545840243066,1,0.515003525795539,0
2019-06-06,-0.05285289371584312,1,-0.21020318835597013,0
2019-06-07,0.08962249891744095,1,0.3615723276943733,0
2019-06-10,0.26790582442328237,1,1.0770505486012711,-1
2019-06-11,-0.2994799321494822,0,-1.1999551698459927,0
2019-06-12,-0.056298215164859736,1,-0.22402978965926484,0
2019-06-13,-0.25119342743512746,1,-1.0061740498852978,1
2019-06-14,-0.07515961868753693,1,-0.2997234833792085,0
2019-06-17,-0.29129179871510985,0,-1.167094939504479,0
2019-06-18,0.20200737863628487,1,0.8125900186081519,0
2019-06-19,0.004175523245164847,1,0.01866056091856231,0
2019-06-20,0.08445783294052406,1,0.3408457341430218,0
2019-06-21,-0.04868365146798384,1,-0.19347138229634794,0
2019-06-24,0.04768818085012251,1,0.19328350314714476,0
2019-06-25,0.011871381338012188,1,0.04954521511154211,0
2019-06-26,0.22425120911184976,1,0.9018579084102768,0
2019-06-27,0.08999279016917494,1,0.36305836305553973,0
2019-06-28,0.0469613597209132,1,0.19036665892198373,0
2019-07-01,0.262181443734371,1,1.0540777344052408,-1
2019-07-02,-0.14874228787032284,1,-0.5950219757486226,0
2019-07-03,-0.16198703528841457,1,-0.6481751704861024,0
2019-07-05,0.02017859804051983,1,0.08288334479997163,0
2019-07-08,-0.2016480809566401,1,-0.8073410056167664,0
2019-07-09,0.170412734503387,1,0.6857958851116256,0
2019-07-10,-0.17080105902766762,1,-0.683547194235936,0
2019-07-11,0.19290675271956223,1,0.7760678165370302,0
2019-07-12,0.06065777549866409,1,0.2453324677863988,0
2019-07-15,-0.07292109204532954,1,-0.29073993399299985,0
2019-07-16,-0.05448841904483648,1,-0.2167668013540797,0
2019-07-17,0.025588735008926417,1,0.10459505093982235,0
2019-07-18,0.04149580998534816,1,0.16843257288233268,0
2019-07-19,0.1544393525942031,1,0.6216922633184878,0
2019-07-22,0.22351039401499073,1,0.8988849042551333,0
2019-07-23,-0.09958989424528178,1,-0.39776591131085404,0
2019-07-24,0.10270335010215331,1,0.4140677818095101,0
2019-07-25,-0.002112263019696581,1,-0.006573285923039724,0
2019-07-26,-0.061263162896097456,1,-0.24395488338052435,0
2019-07-29,-0.2878753471338682,0,-1.153384197390903,0
2019-07-30,-0.1247916501136882,1,-0.4989044075852384,0
2019-07-31,0.06812243566016946,1,0.2752892893616922,0
2019-08-01,-0.09178634567219605,1,-0.3664490787692207,0
2019-08-02,-0.2087107626070934,1,-0.8356846260185102,0
2019-08-05,-0.21460418129345404,1,-0.8593358155215837,0
2019-08-06,0.4339545330633351,0,1.7434293829908067,0
2019-08-07,-0.2279720784907423,1,-0.9129832291360932,0
2019-08-08,0.17474537585137095,1,0.7031834367218947,0
2019-08-09,-0.0361001019925645,1,-0.14297167591145682,0
2019-08-12,-0.22783817869927397,1,-0.9124458688175792,0
2019-08-13,0.17186719988457305,1,0.6916328768793586,0
2019-08-14,-0.009540717406525179,1,-0.03638480819353958,0
2019-08-15,0.08923873110439079,1,0.36003220883388315,0
2019-08-16,0.005618160914764636,1,0.024450086272826084,0
2019-08-19,-0.09593984226732288,1,-0.3831176951190253,0
2019-08-20,0.05904305076282507,1,0.23885233074624349,0
2019-08-21,0.01093346093269082,1,0.04578119724252596,0
2019-08-22,-0.039290921662953324,1,-0.15577692269786889,0
2019-08-23,0.019663083572289075,1,0.08081450648581633,0
2019-08-26,-0.09026860450903595,1,-0.3603581516220301,0
2019-08-27,0.39331270673543905,0,1.580327525242829,0
2019-08-28,-0.27335949007656296,0,-1.0951298454887712,0
2019-08-29,0.11187178161736194,1,0.4508620981057544,0
2019-08-30,0.05360572123152712,1,0.2170314966974074,0
2019-09-03,-0.38914352725107726,0,-1.5597888745482518,0
2019-09-04,0.0320574963530284,1,0.13055517842127745,0
2019-09-05,0.35676871830296814,0,1.433670916979989,0
2019-09-06,-0.15566345646322313,1,-0.6227976826320055,0
2019-09-09,-0.47573789299168323,0,-1.9073052929505998,0
2019-09-10,-0.5753696065814765,0,-2.307142579936787,0
2019-09-11,-0.06417016872638426,1,-0.2556211418694677,0
2019-09-12,0.2531508620422936,1,1.0178366305080047,-1
2019-09-13,0.06021992374530888,1,0.24357530181127068,0
2019-09-16,-0.06763996675978161,1,-0.2695459714450752,0
2019-09-17,0.22665875285117407,1,0.9115197492273018,0
2019-09-18,0.069904053528308,1,0.2824391940373818,0
2019-09-19,-0.006435314346589414,1,-0.02392235131363984,0
2019-09-20,-0.1632295812286671,1,-0.6531616971632584,0
2019-09-23,0.016831403147776272,1,0.06945054035741399,0
2019-09-24,-0.10177909978777724,1,-0.40655152758932567,0
2019-09-25,0.15772933562774272,1,0.6348954678300263,0
2019-09-26,0.03498446075282964,1,0.14230153369867551,0
2019-09-27,-0.36723009561865916,0,-1.4718469257774245,0
2019-09-30,-0.054160055336292146,1,-0.21544902762884147,0
2019-10-01,-0.2373999662182899,1,-0.9508187828485727,0
2019-10-02,-0.050625367542052935,1,-0.2012637855300186,0
2019-10-03,0.06366137227405572,1,0.25738636049387176,0
2019-10-04,0.11484148442342401,1,0.46277996913645764,0
2019-10-07,-0.048546062359572484,1,-0.1929192161853389,0
2019-10-08,-0.144791649378184,1,-0.5791674599559542,0
2019-10-09,0.14599544583726426,1,0.5878055755600166,0
2019-10-10,0.06401627144482697,1,0.2588106250827462,0
2019-10-11,0.11797282622835648,1,0.4753465221625906,0
2019-10-14,0.052690921001987634,1,0.2133602636257835,0
2019-10-15,0.03816894308639801,1,0.15508134778429672,0
2019-10-16,-0.24732211161098652,1,-0.9906378680771212,0
2019-10-17,-0.1470479888977657,1,-0.5882224951402701,0
2019-10-18,-0.13893776255430318,1,-0.5556749178561415,0
2019-10-21,0.031842529187639745,1,0.12969248234687292,0
2019-10-22,-0.4712536737885854,0,-1.889309436251798,0
2019-10-23,-0.006780906303150494,1,-0.025309264630061876,0
2019-10-24,0.3924098624246216,0,1.576704273099496,0
2019-10-25,0.08780345402747465,1,0.354272222662508,0
2019-10-28,0.19764910744535802,1,0.7950996105227813,0
2019-10-29,-0.0647034593538833,1,-0.2577613186263616,0
2019-10-30,0.1213079596844582,1,0.48873092221732567,0
2019-10-31,-0.07641752915672825,1,-0.30477167025817536,0
2019-11-01,-0.00787233170407381,1,-0.029689321496791262,0
2019-11-04,-0.04680950649679341,1,-0.1859501522211046,0
2019-11-05,-0.047511171291469506,1,-0.1887660402327482,0
2019-11-06,0.08028829941451757,1,0.3241127591396974,0
2019-11-07,0.17693081063495886,1,0.711953920368826,0
2019-11-08,-0.02712069849604115,1,-0.10693595793127363,0
2019-11-11,0.12756977529630759,1,0.5138605448609546,0
2019-11-12,0.0882652242514107,1,0.356125377114009,0
2019-11-13,-0.09927000082872756,1,-0.39648213016134576,0
2019-11-14,0.02181074723569,1,0.08943340885728986,0
2019-11-15,-0.20511271345757226,1,-0.8212451051214725,0
2019-11-18,-0.06319430306047868,1,-0.2517048438729769,0
2019-11-19,0.27436667858572705,1,1.102978943354786,-1
2019-11-20,-0.011892154616998926,1,-0.04582148493911056,0
2019-11-21,-0.04419781062197986,1,-0.17546901769683151,0
2019-11-22,-0.1383976784331523,1,-0.5535074777714072,0
2019-11-25,0.007141488277726427,1,0.030563431693202973,0
2019-11-26,0.09290689221624335,1,0.37475309974648924,0
2019-11-27,-0.06704219305497872,1,-0.2671470142481315,0
2019-11-29,0.04362509860866995,1,0.17697773341088505,0
2019-12-02,-0.1841806513214323,1,-0.73724154205922,0
2019-12-03,-0.08880179838497812,1,-0.35447163456790515,0
2019-12-04,-0.15355699039654513,1,-0.614344112509778,0
2019-12-05,0.059652047647047055,1,0.24129632827671763,0
2019-12-06,0.007173998911417123,1,0.030693901832727116,0
2019-12-09,-0.0773597980804005,1,-0.3085531393956399,0
2019-12-10,0.031921491194926446,1,0.13000936894483398,0
2019-12-11,0.169902967356556,1,0.6837501116762434,0
2019-12-12,0.1662856297315694,1,0.6692331831805374,0
2019-12-13,0.08364872749984034,1,0.3375986704056589,0
2019-12-16,-0.11213543194143177,1,-0.4481130706186252,0
2019-12-17,0.13635404718664668,1,0.5491131698960219,0
2019-12-18,-0.23464373379885012,1,-0.9397576010904274,0
2019-12-19,-0.08355123043317264,1,-0.33340030326841424,0
2019-12-20,-0.12186755843243269,1,-0.48716958096621843,0
2019-12-23,-0.05276130353528037,1,-0.2098356229694953,0
2019-12-24,-0.056077822070244684,1,-0.22314531850197664,0
2019-12-26,0.059181990575311635,1,0.23940991743904821,0
2019-12-27,-0.04398300790711223,1,-0.17460698158749033,0
2019-12-30,-0.04715580785608356,1,-0.18733991247905105,0
2019-12-31,-0.15871501735106391,1,-0.6350440626500283,0
2020-01-02,0.6204799826845422,0,2.4919845070899918,0
2020-01-03,-0.05201130367599838,1,-0.20682575895962788,0
2020-01-06,-0.10489262460311495,1,-0.4190465783143824,0
2020-01-07,0.09894435259090711,1,0.398982350549413,0
2020-01-08,0.10328507368477247,1,0.41640232741421557,0
2020-01-09,0.22108723969084879,1,0.8891604157764667,0
2020-01-10,-0.1794630640678245,1,-0.7183091437229898,0
2020-01-13,0.06295833240392787,1,0.25456495409437535,0
2020-01-14,-0.2647345179926417,0,-1.060516514912472,0
2020-01-15,-0.04391739941225803,1,-0.1743436846748852,0
2020-01-16,0.054952796710423635,1,0.22243751638171383,0
2020-01-17,0.05057280891707003,1,0.20485995625324352,0
2020-01-21,0.052230721585182584,1,0.21151341306326538,0
2020-01-22,0.1518396423955642,1,0.6112592291437089,0
2020-01-23,-0.028291813857469025,1,-0.1116358227834339,0
2020-01-24,0.18929714704238942,1,0.7615819175290804,0
2020-01-27,-0.013996695294498429,1,-0.05426732818043044,0
2020-01-28,0.20696329064055125,1,0.8324788505767224,0
2020-01-29,0.27892520461285186,1,1.1212730046899735,-1
2020-01-30,0.14991325311482964,1,0.6035283346731044,0
2020-01-31,-0.05526094011507687,1,-0.21986704642400115,0
2020-02-03,0.3142711680398542,1,1.263121755588236,-1
2020-02-04,0.09097356339884599,1,0.3669943558551309,0
2020-02-05,-0.33997586036691924,0,-1.3624715161884104,0
2020-02-06,0.02956802512880797,1,0.12056455009162029,0
2020-02-07,-0.007407787079407313,1,-0.027825032951324585,0
2020-02-10,0.06397091973166436,1,0.2586286217296194,0
2020-02-11,-0.020722702123273595,1,-0.0812598210902737,0
2020-02-12,-0.04626205569989461,1,-0.18375314854121538,0
2020-02-13,0.08811759241924944,1,0.3555329080184036,0
2020-02-14,0.12970452077902017,1,0.5224276045998654,0
2020-02-18,-0.0787548210571555,1,-0.31415157971360563,0
2020-02-19,0.18920747821638698,1,0.761222062831974,0
2020-02-20,-0.3070548087231837,0,-1.230354306720763,0
2020-02-21,-0.2501734912756286,1,-1.0020808902655387,1
2020-02-24,0.10063914713885858,1,0.40578381997753005,0
2020-02-25,0.27480699212722226,1,1.1047459888617979,-1
2020-02-26,0.5184804176521847,0,2.082644670537316,0
2020-02-27,0.26768749956230464,1,1.0761743775815256,-1
2020-02-28,0.0955724417381063,1,0.3854503571833843,0
2020-03-02,-0.0811009842623287,1,-0.3235670910702162,0
2020-03-03,-0.05096672767408572,1,-0.2026337158881292,0
2020-03-04,-0.15366873152186722,1,-0.6147925467159538,0
2020-03-05,0.0755115755951965,1,0.3049430367311962,0
2020-03-06,-0.06418849638424284,1,-0.25569469356029945,0
2020-03-09,0.5664289106297717,0,2.2750692977616205,0
2020-03-10,0.08851021278212223,1,0.35710855351370174,0
2020-03-11,0.890232026043627,0,3.5745406660631125,0
2020-03-12,1.4018110394462546,0,5.627585398788975,0
2020-03-13,-0.02643950241175208,1,-0.10420221398133861,0
2020-03-16,1.3528817932304378,0,5.4312248589937875,0
2020-03-17,0.6506303134501796,0,2.612982390401552,0
2020-03-18,1.6999282683306016,0,6.823975380514319,0
2020-03-19,-0.9624468536511788,0,-3.8605427047168033,0
2020-03-20,0.0936197076559484,1,0.37761373700007483,0
2020-03-23,-0.17781614668569534,1,-0.7116998126753266,0
2020-03-24,-0.1026136156095463,1,-0.4099005670678293,0
2020-03-25,-1.1426154279917062,0,-4.583586717199447,0
2020-03-26,0.07422812378786725,1,0.2997923485604307,0
2020-03-27,0.3375457362417664,1,1.356526153347996,-1
2020-03-30,0.6245617625841668,0,2.5083653133848647,0
2020-03-31,-0.25216135575933696,1,-1.0100584941170054,1
2020-04-01,0.8475686234511244,0,3.403325913936906,0
2020-04-02,0.6279912669456597,0,2.522128438299611,0
2020-04-03,-0.13384503880660992,1,-0.5352370394609997,0
2020-04-06,-0.6121721709028809,0,-2.454836892743552,0
2020-04-07,-0.7392412776982988,0,-2.9647846301680225,0
2020-04-08,-0.8747842108697006,0,-3.508739127352896,0
2020-04-09,-0.5078848231389923,0,-2.0363158345935504,0
2020-04-13,0.28142921437079016,1,1.1313219783764359,-1
2020-04-14,-0.2240421791164544,1,-0.8972119425915952,0
2020-04-15,0.45169567483519435,0,1.8146272951666766,0
2020-04-16,0.52511818071201,0,2.1092830277217054,0
2020-04-17,-0.537177708628106,0,-2.153872659021833,0
2020-04-20,0.4326909422284506,0,1.738358399936546,0
2020-04-21,-0.11815061609768085,1,-0.47225292355399934,0
2020-04-22,0.2803663701673065,1,1.1270566222212703,-1
2020-04-23,-0.3391752129922926,0,-1.3592583959622404,0
2020-04-24,-0.008119603981159962,1,-0.030681662919564427,0
2020-04-27,-0.2893839910016235,0,-1.1594386157018755,0
2020-04-28,-0.6764408969106526,0,-2.71275710829667,0
2020-04-29,-0.3810856736975098,0,-1.5274514772707601,0
2020-04-30,0.39662616449736954,0,1.5936249374255431,0
2020-05-01,0.6135772436055749,0,2.464282760661427,0
2020-05-04,0.12600996242454326,1,0.5076007775200034,0
2020-05-05,0.46453341333118087,0,1.8661471009225743,0
2020-05-06,0.6080446203326282,0,2.4420794982696994,0
2020-05-07,0.15539084665369118,1,0.6255107543352695,0
2020-05-08,-0.8253586291262308,0,-3.3103867172619843,0
2020-05-11,0.5469886053450086,0,2.1970523828338497,0
2020-05-12,0.17979441095765858,1,0.7234459859249315,0
2020-05-13,0.39572185487323686,0,1.5899958047560259,0
2020-05-14,0.05727954001890567,1,0.23177509272620048,0
2020-05-15,-0.11665373822081408,1,-0.46624572396190717,0
2020-05-18,-1.0982231923484145,0,-4.405433893933305,0
2020-05-19,0.16455287155200093,1,0.6622793598991845,0
2020-05-20,0.04841253692646075,1,0.19619045473855765,0
2020-05-21,-0.04524418171929662,1,-0.1796682647604166,0
2020-05-22,0.11868912250927356,1,0.4782211285637147,0
2020-05-26,-0.6080289634740259,0,-2.4382095683898326,0
2020-05-27,-0.39120256989473834,0,-1.56805212722922,0
2020-05-28,0.3840579007021649,0,1.5431865748104876,0
2020-05-29,0.37434738077228824,0,1.5042167748934365,0
2020-06-01,-0.4886105103393522,0,-1.9589650728666061,0
2020-06-02,-0.20029374231119423,1,-0.8019058377355316,0
2020-06-03,-0.30983607156764903,0,-1.2415159393983368,0
2020-06-04,-0.28426053438041354,0,-1.1388774015903693,0
2020-06-05,-0.5296961940416078,0,-2.123848198064258,0
2020-06-08,-0.9889819452356152,0,-3.9670320809081407,0
2020-06-09,0.8102690491029539,0,3.253637023966435,0
2020-06-10,0.8221116770455312,0,3.3011632990523228,0
2020-06-11,0.601959399704759,0,2.4176585782745135,0
2020-06-12,-0.48697119628356056,0,-1.952386255129066,0
2020-06-15,0.04573864738604644,1,0.18545972753314374,0
2020-06-16,-0.31142266649415506,0,-1.247883187216357,0
2020-06-17,0.6424799495265018,0,2.580273734876357,0
2020-06-18,0.04121382692980502,1,0.16730093180298067,0
2020-06-19,0.44220424058651253,0,1.77653671955713,0
2020-06-22,0.18944170475709532,1,0.7621620497217165,0
2020-06-23,-0.002163156925528504,1,-0.006777530942007774,0
2020-06-24,0.28263575195735746,1,1.1361639980293965,-1
2020-06-25,0.39809601100869163,0,1.5995236560182278,0
2020-06-26,0.13619676506391865,1,0.5484819727101345,0
2020-06-29,-0.7111944606816529,0,-2.8522284688767994,0
2020-06-30,0.24584572504526814,1,0.9885199997615042,0
2020-07-01,-0.12529543985553043,1,-0.5009261927812556,0
2020-07-02,0.04930735182252763,1,0.1997814836138741,0
2020-07-06,0.21611551551574393,1,0.8692081271507572,0
2020-07-07,0.40474099114808537,0,1.6261909764454503,0
2020-07-08,0.31306949353275115,1,1.258299252216079,-1
2020-07-09,0.6313442055261531,0,2.53558429303855,0
2020-07-10,-0.5699001814351885,0,-2.2851929412818732,0
2020-07-13,-0.286332175683354,0,-1.147191214615674,0
2020-07-14,-0.07616246157029105,1,-0.30374804506811726,0
2020-07-15,-0.4888767071398964,0,-1.9600333612930425,0
2020-07-16,0.12228981404147334,1,0.49267125374610826,0
2020-07-17,0.08495437446108328,1,0.3428384311197476,0
2020-07-20,0.9061434623274285,0,3.638395690598398,0
2020-07-21,-0.3567552997230858,0,-1.4298099696545583,0
2020-07-22,-0.22554411684824277,1,-0.9032394481544621,0
2020-07-23,-0.14504199645948257,1,-0.5801721410377576,0
2020-07-24,0.02289692353229794,1,0.09379240026651635,0
2020-07-27,0.23713507625825694,1,0.9535628354872075,0
2020-07-28,-0.5421675381428545,0,-2.1738976071414142,0
2020-07-29,0.07140851369722068,1,0.2884768225257716,0
2020-07-30,0.10458887624165658,1,0.4216346862518498,0
2020-07-31,0.3340107003006793,1,1.3423395140826875,-1
2020-08-03,0.1908560689009818,1,0.7678381090980559,0
2020-08-04,-0.523752953187659,0,-2.099997064591514,0
2020-08-05,0.2415375531077429,1,0.9712306476335029,0
2020-08-06,-0.10389879249876885,1,-0.4150581782557667,0
2020-08-07,-0.3013886294791895,0,-1.207615063814394,0
2020-08-10,-0.7379744322680091,0,-2.9597005859252086,0
2020-08-11,0.10398618720785807,1,0.41921600308875095,0
2020-08-12,0.0006561670388167684,1,0.004536846824093779,0
2020-08-13,0.3621134882846719,0,1.4551202954163405,0
2020-08-14,-0.24339459034905508,1,-0.9748761252608047,0
2020-08-17,-0.0014552803076007094,1,-0.003936713934698945,0
2020-08-18,0.21672235863140443,1,0.8716434812789713,0
2020-08-19,0.16672049261566768,1,0.6709783543667395,0
2020-08-20,0.13415228448055874,1,0.5402771598017445,0
2020-08-21,-0.06626440333449254,1,-0.2640256252799024,0
2020-08-24,-0.4360786151682769,0,-1.7481465524512623,0
2020-08-25,0.17500679924227497,1,0.7042325687262296,0
2020-08-26,0.5888307955312104,0,2.3649714841201384,0
2020-08-27,-0.3275015079285379,0,-1.3124100341947604,0
2020-08-28,-0.20136034515778728,1,-0.8061862778996882,0
2020-08-31,0.2503739488459802,1,1.0066924536329436,-1
2020-09-01,0.5092423982207068,0,2.0455710873024073,0
2020-09-02,-0.21567931551071862,1,-0.8636504933795496,0
2020-09-03,-0.6395887781517217,0,-2.564863925961872,0
2020-09-04,-0.42139089585599143,0,-1.6892024910651648,0
2020-09-08,-0.21711480144018624,1,-0.8694113177081194,0
2020-09-09,0.4107541534492529,0,1.6503227153675113,0
2020-09-10,0.031971797967904614,1,0.1302112577099659,0
2020-09-11,0.09446805292705229,1,0.3810182761714305,0
2020-09-14,-0.24904141847458516,1,-0.9975377091725818,0
2020-09-15,0.18789140082458958,1,0.7559404432066539,0
2020-09-16,-0.46138303958104704,0,-1.8496970732784535,0
2020-09-17,0.11888510428867777,1,0.47900763338383984,0
2020-09-18,0.3631975337133155,0,1.4594707353269014,0
2020-09-21,0.7561687215213269,0,3.0365241446842126,0
2020-09-22,0.052215575726912905,1,0.21145263042025514,0
2020-09-23,0.24558558098665195,1,0.9874760019130789,0
2020-09-24,-0.123480085755184,1,-0.49364089945196243,0
2020-09-25,-0.06359305386168468,1,-0.2533050917538295,0
2020-09-28,-0.06847704389188236,1,-0.2729052898532214,0
2020-09-29,0.3352746102245383,1,1.3474117776897492,-1
2020-09-30,-0.25167602856684934,1,-1.0081108019520004,1
2020-10-01,-0.1502161035272938,1,-0.6009366231291471,0
2020-10-02,-0.4737753401603062,0,-1.8994292686267018,0
2020-10-05,0.056261077369922696,1,0.2276878465292442,0
2020-10-06,0.043972615806306015,1,0.17837237301385261,0
2020-10-07,0.00042059900299107333,1,0.0035914763095103584,0
2020-10-08,-0.39230383911975486,0,-1.5724716888658383,0
2020-10-09,0.39469223237328077,0,1.5858637723722673,0
2020-10-12,0.23343630975745533,1,0.9387191204732824,0
2020-10-13,0.21051059560638258,1,0.8467147273126209,0
2020-10-14,-0.014170382916708774,1,-0.05496436314194474,0
2020-10-15,-0.0796738555264411,1,-0.31783980543617907,0
2020-10-16,0.2316947381725379,1,0.9317299276498745,0
2020-10-19,0.032973819404409244,1,0.1342325228095863,0
2020-10-20,-0.062381551202519814,1,-0.24844314650603985,0
2020-10-21,0.048149374605554456,1,0.1951343441424739,0
2020-10-22,-0.555036584095074,0,-2.2255430545018937,0
2020-10-23,-0.10486205392346801,1,-0.41892389350679515,0
2020-10-26,0.22801378461020938,1,0.9169576986792553,0
2020-10-27,0.28162373680602815,1,1.1321026266254837,-1
2020-10-28,0.3786121004350651,0,1.5213317464048373,0
2020-10-29,-0.12365403214039239,1,-0.49433897286891815,0
2020-10-30,-0.26061575365669026,1,-1.0439872844246507,1
2020-11-02,-0.30396959216619013,0,-1.217972861360984,0
2020-11-03,-0.006194575256557977,1,-0.02295622856856689,0
2020-11-04,0.557434489731499,0,2.2389733126540667,0
2020-11-05,0.12278400201103834,1,0.49465450556315144,0
2020-11-06,0.4360473241393456,0,1.7518280732864104,0
2020-11-09,-2.0646024293610408,0,-8.283661402071775,0
2020-11-10,-0.8458779939082435,0,-3.39273406279595,0
2020-11-11,0.5544671560787047,0,2.227064949397353,0
2020-11-12,0.22751038119653988,1,0.9149374638772131,0
2020-11-13,-0.6059512098808386,0,-2.4298712258100164,0
2020-11-16,-0.49854316355270173,0,-1.9988263275846738,0
2020-11-17,0.1146533840788993,1,0.46202509371852013,0
2020-11-18,0.26821156947113656,1,1.0782775501857949,-1
2020-11-19,0.0599468980358621,1,0.2424796079301824,0
2020-11-20,-0.05441833589541678,1,-0.2164855469691276,0
2020-11-23,-0.47386131385659885,0,-1.8997742942037923,0
2020-11-24,-0.48385788601517965,0,-1.9398920654137224,0
2020-11-25,0.2084164139998698,1,0.8383104566056858,0
2020-11-27,0.23161987532002298,1,0.9314294915862246,0
2020-11-30,0.3791219248611997,0,1.5233777497108152,0
2020-12-01,0.004213385878395592,1,0.018812509449844875,0
2020-12-02,-0.37864189826535855,0,-1.5176442331354454,0
2020-12-03,-0.3824666781782451,0,-1.5329936592226476,0
2020-12-04,-0.17882335300939106,1,-0.7157418855193199,0
2020-12-07,0.1967473098142786,1,0.7914805588651342,0
2020-12-08,0.0585031310539582,1,0.23668555047312154,0
2020-12-09,-0.31542707471479026,0,-1.263953489143674,0
2020-12-10,0.05364532129614921,1,0.2171904178062841,0
2020-12-11,0.2849364666374765,1,1.14539711751197,-1
2020-12-14,0.30335654232705334,1,1.219319695217741,-1
2020-12-15,-0.12470027582434295,1,-0.49853770860320024,0
2020-12-16,0.18750000150920668,1,0.7543696979614674,0
2020-12-17,0.0810226763028924,1,0.3270599257806536,0
2020-12-18,0.4229280320270894,0,1.6991783498565687,0
2020-12-21,0.2589510430758973,1,1.04111364306701,-1
2020-12-22,0.19906739475472163,1,0.8007914141615072,0
2020-12-23,-0.3770226869286211,0,-1.5111460906804843,0
2020-12-24,0.04965638276522574,1,0.20118219810702465,0
2020-12-28,-0.07819403644225156,1,-0.31190106538510615,0
2020-12-29,-0.039295501208482964,1,-0.15579530111367873,0
2020-12-30,-0.03351195161237627,1,-0.13258503305406907,0
2020-12-31,0.035717606788338574,1,0.14524376073904835,0
2021-01-04,0.03305177226485012,1,0.1345453595470916,0
2021-01-05,-0.15673510157749757,1,-0.6270983581866553,0
2021-01-06,-0.36558540586876764,0,-1.4652465345582377,0
2021-01-07,0.47405412821474446,0,1.9043551841929907,0
2021-01-08,0.14803715714490356,1,0.5959992749418884,0
2021-01-11,0.013009363364746063,1,0.05411211082992437,0
2021-01-12,-0.22280752495266323,1,-0.8922570868189746,0
2021-01-13,-0.33205249833182293,0,-1.330673853920291,0
2021-01-14,-0.5857932280052659,0,-2.3489741650866582,0
2021-01-15,-0.10855534159319215,1,-0.43374562113462667,0
2021-01-19,0.3376753387786112,1,1.357046268127231,-1
2021-01-20,-0.04253624977037207,1,-0.16880092016912449,0
2021-01-21,-0.0030498673754819072,1,-0.010336035436986073,0
2021-01-22,-0.19477416204621187,1,-0.7797549189272944,0
2021-01-25,-0.23124212918550519,1,-0.9261064421271346,0
2021-01-26,-0.33090666595944435,0,-1.3260754535655694,0
2021-01-27,-0.40963470679195035,0,-1.6420231084037749,0
2021-01-28,0.33006721539955874,1,1.3265137067436017,-1
2021-01-29,0.17543420061597648,1,0.7059477957313435,0
2021-02-01,0.29506670617030595,1,1.186051316314606,-1
2021-02-02,0.37934386041981344,0,1.5242684110117664,0
2021-02-03,-0.5788491081993916,0,-2.321106351479443,0
2021-02-04,-0.039933664043424355,1,-0.15835634605995896,0
2021-02-05,-0.04131399557157664,1,-0.1638958273503264,0
2021-02-08,-0.09372853093288472,1,-0.37424336492047156,0
2021-02-09,0.0824233593376086,1,0.33268108077588276,0
2021-02-10,-0.3072918534564,0,-1.2313056034475642,0
2021-02-11,0.28577267310331156,1,1.1487529418033837,-1
2021-02-12,0.07516194775799348,1,0.3035399268092122,0
2021-02-16,-0.004301384954083776,1,-0.015358566669400374,0
2021-02-17,-0.2648809338990064,0,-1.0611041043121034,0
2021-02-18,0.04161874613190465,1,0.16892593441894202,0
2021-02-19,-0.07235741044850942,1,-0.28847779363351006,0
2021-02-22,-0.6611307255572456,0,-2.651315051779969,0
2021-02-23,-0.33496542785504607,0,-1.3423638850939275,0
2021-02-24,-0.075783660980062,1,-0.3022278604316316,0
2021-02-25,0.14000477630068953,1,0.5637641035383989,0
2021-02-26,0.259512503770884,1,1.0433668706081638,-1
2021-03-01,0.2207468501749107,1,0.8877943806490213,0
2021-03-02,-0.26207424377857574,1,-1.0498404280916547,1
2021-03-03,-0.5751398988690168,0,-2.30622072779513,0
2021-03-04,-0.44823836197271677,0,-1.796945473974823,0
2021-03-05,-0.05925466503063581,1,-0.2358944746160002,0
2021-03-08,-0.861830074421897,0,-3.456752198834693,0
2021-03-09,0.6041224814464328,0,2.426339355749456,0
2021-03-10,-0.40016435944297085,0,-1.6040171577440976,0
2021-03-11,0.25025498659774686,1,1.0062150399573822,-1
2021-03-12,-0.4945832725177195,0,-1.9829346799240997,0
2021-03-15,-0.16773294081543155,1,-0.6712343671457167,0
2021-03-16,0.17304361613086947,1,0.696354014992292,0
2021-03-17,-0.18148315862263853,1,-0.7264160917734663,0
2021-03-18,-0.03179499507691663,1,-0.12569462418448085,0
2021-03-19,-0.1459888548989562,1,-0.5839720286032556,0
2021-03-22,0.1683468262208071,1,0.6775050795728391,0
2021-03-23,0.3875019401677976,0,1.5570080313186192,0
2021-03-24,0.17770821250263946,1,0.7150737528244956,0
2021-03-25,-0.4664869053896532,0,-1.8701796664661683,0
2021-03-26,0.2740590543939383,1,1.1017444004785835,-1
2021-03-29,0.06298577239279121,1,0.2546750749615846,0
2021-03-30,-0.2634773531432872,1,-1.0554713203198156,1
2021-03-31,0.4091513890169062,0,1.6438905768523997,0
2021-04-01,0.23756272794436303,1,0.9552790670342403,0
2021-04-05,0.21758591887022627,1,0.8751090804401107,0
2021-04-06,-0.210513841376498,1,-0.8429206565694791,0
2021-04-07,-0.028283755391783877,1,-0.11160348292957886,0
2021-04-08,0.28600420002986826,1,1.149682094729126,-1
2021-04-09,0.19070349573517198,1,0.7672258096756505,0
2021-04-12,0.05403728926879587,1,0.21876344515994162,0
2021-04-13,0.05666147755479431,1,0.2292947136387168,0
2021-04-14,-0.17565389372339152,1,-0.7030223612186051,0
2021-04-15,0.07200347593241357,1,0.2908644968656731,0
2021-04-16,-0.1291507273301482,1,-0.5163980503742069,0
2021-04-19,-0.0876452320178773,1,-0.34983015705257275,0
2021-04-20,-0.027851382477685895,1,-0.10986830437337104,0
2021-04-21,-0.16543597082605938,1,-0.6620162756791724,0
2021-04-22,0.11330486067410453,1,0.45661326328638996,0
2021-04-23,0.2933878040341116,1,1.1793136255626921,-1
2021-04-26,-0.047779642118107896,1,-0.18984345467329466,0
2021-04-27,0.06136963934259725,1,0.2481892861407802,0
2021-04-28,-0.10454980867322049,1,-0.4176708056170564,0
2021-04-29,-0.13042790423108935,1,-0.5215235563870438,0
2021-04-30,-0.19191647434792863,1,-0.768286581636221,0
2021-05-03,-0.2763732881220752,0,-1.1072246774516465,0
2021-05-04,0.029935078734373496,1,0.12203759228411003,0
2021-05-05,0.11282884093459188,1,0.4547029233520369,0
2021-05-06,-0.16376883232933706,1,-0.6553257942095455,0
2021-05-07,-0.2950700213467205,0,-1.1822575241095457,0
2021-05-10,-0.4585300299199314,0,-1.8382475096651794,0
2021-05-11,0.25307548912137057,1,1.017534147461912,-1
2021-05-12,0.06351256902829205,1,0.25678919033652764,0
2021-05-13,-0.04662438685551629,1,-0.18520723882065007,0
2021-05-14,-0.006216388757448288,1,-0.02304376948000361,0
2021-05-17,-0.20305295398687945,1,-0.8129789757041191,0
2021-05-18,-0.1158864221640232,1,-0.4631663674061083,0
2021-05-19,0.23293713905316574,1,0.9367158721805964,0
2021-05-20,0.1187498641319672,1,0.4784648939748463,0
2021-05-21,-0.04022011983991183,1,-0.1595059369320039,0
2021-05-24,0.009571055494790315,1,0.04031365609083818,0
2021-05-25,0.11059432478892581,1,0.4457354687011166,0
2021-05-26,-0.17538810324333187,1,-0.7019557034183452,0
2021-05-27,0.14114084190452192,1,0.5683233083589131,0
2021-05-28,0.017868391793512586,1,0.07361213420948605,0
2021-06-01,-0.4243607678086979,0,-1.7011210409071922,0
2021-06-02,-0.1269822828141417,1,-0.5076957512666169,0
2021-06-03,-0.05418614321748857,1,-0.2155537222814271,0
2021-06-04,0.21191308272770748,1,0.852343122383014,0
2021-06-07,-0.37057392832076047,0,-1.485266237235306,0
2021-06-08,0.016139446676465954,1,0.06667361333054013,0
2021-06-09,0.012390329325671936,1,0.051627832663691406,0
2021-06-10,0.08097030367169486,1,0.32684974641089426,0
2021-06-11,0.062256355199879584,1,0.25174781233619553,0
2021-06-14,0.26383123978652845,1,1.060698617995491,-1
2021-06-15,0.11776690156623466,1,0.47452011503518404,0
2021-06-16,0.06361431287073799,1,0.25719750391927526,0
2021-06-17,0.1848267928794889,1,0.7436417033546987,0
2021-06-18,0.21535889176261358,1,0.8661716804429699,0
2021-06-21,-0.23239528287308975,1,-0.9307342240382264,0
2021-06-22,0.1806109866996259,1,0.7267230291225544,0
2021-06-23,0.06552065221541264,1,0.2648479349335204,0
2021-06-24,0.13340232760804613,1,0.5372674683043496,0
2021-06-25,-0.08087687092385143,1,-0.32266769000598167,0
2021-06-28,0.3288036457525453,1,1.321442808719504,-1
2021-06-29,0.22942054288306074,1,0.9226032345332114,0
2021-06-30,-0.23300933161448933,1,-0.9331984954433068,0
2021-07-01,-0.1660597608761165,1,-0.6645196404440376,0
2021-07-02,0.09608742986877059,1,0.38751708322447875,0
2021-07-06,0.2685622198163569,1,1.079684763588657,-1
2021-07-07,0.19904952678663107,1,0.8007197072759397,0
2021-07-08,-0.19262726478520048,1,-0.7711390922456904,0
2021-07-09,-0.16909047223044982,1,-0.6766823480989925,0
2021-07-12,-0.037066438427506565,1,-0.14684973164834744,0
2021-07-13,0.3173949332655248,1,1.2756579026443464,-1
2021-07-14,-0.033664262545374024,1,-0.13319628009613937,0
2021-07-15,0.04673110498038605,1,0.18944261147312488,0
2021-07-16,0.17056117150227718,1,0.6863915854643162,0
2021-07-19,0.20406318127538092,1,0.8208402686558377,0
2021-07-20,-0.16998251054634483,1,-0.6802622341339118,0
2021-07-21,-0.05774396654041497,1,-0.2298318107911966,0
2021-07-22,0.2771382201200211,1,1.1141015629295556,-1
2021-07-23,0.007474648986245891,1,0.03190045651216047,0
2021-07-26,-0.3173838195359989,0,-1.2718062050354992,0
2021-07-27,-0.15180188132466932,1,-0.6073005916831368,0
2021-07-28,0.07432268382660628,1,0.3001718324414607,0
2021-07-29,0.041348411746621794,1,0.1678410412328667,0
2021-07-30,0.33246973784379663,1,1.3361553963363613,-1
2021-08-02,-0.03557065793899659,1,-0.1408469360433748,0
2021-08-03,0.06486928032979167,1,0.2622338800489675,0
2021-08-04,0.48023436284161025,0,1.9291574098810695,0
2021-08-05,-0.22431472930288382,1,-0.8983057281261709,0
2021-08-06,-0.01666309032790772,1,-0.06496797878432643,0
2021-08-09,0.07017946614609552,1,0.28354446694628027,0
2021-08-10,-0.2899443795348431,0,-1.1616875404940679,0
2021-08-11,-0.10438892099191213,1,-0.41702513877377906,0
2021-08-12,0.1111747034798165,1,0.4480646170498619,0
2021-08-13,0.0005889637708648143,1,0.004267149843420069,0
2021-08-16,0.12959093495782348,1,0.5219717673473379,0
2021-08-17,0.006558807398059113,1,0.02822504430920067,0
2021-08-18,0.03423259555996827,1,0.1392841838201943,0
2021-08-19,0.33148977956338815,1,1.3322226740526575,-1
2021-08-20,0.0007258841406362349,1,0.004816632204106463,0
2021-08-23,-0.003515171358717331,1,-0.01220337140439412,0
2021-08-24,-0.08363650539587783,1,-0.3337425247208754,0
2021-08-25,-0.007347017245150342,1,-0.027581154322879546,0
2021-08-26,0.24907730874017986,1,1.0014888388056886,-1
2021-08-27,-0.11954256663410312,1,-0.47783903369954506,0
2021-08-30,0.1344985987737467,1,0.5416669719653988,0
2021-08-31,-0.2556303932053695,1,-1.023980271339326,1
2021-09-01,-0.04586154074642119,1,-0.18214582084781095,0
2021-09-02,-0.15058494336015826,1,-0.6024168337246624,0
2021-09-03,0.20543692674594338,1,0.8263533190909708,0
2021-09-07,-0.003989573538950075,1,-0.014107219826248671,0
2021-09-08,0.09995931737471253,1,0.4030555592790564,0
2021-09-09,0.13716980057026681,1,0.552386912843969,0
2021-09-10,0.26330815600317736,1,1.0585994028634227,-1
2021-09-13,-0.5278054544591452,0,-2.116260371278885,0
2021-09-14,0.20741813704717246,1,0.8343042186916143,0
2021-09-15,-0.0752699688970366,1,-0.30016633562770406,0
2021-09-16,-0.06496699827244432,1,-0.25881894056636506,0
2021-09-17,-0.1432242007786575,1,-0.572877049273013,0
2021-09-20,-0.01656103006996934,1,-0.06455839537787007,0
2021-09-21,0.08712542185329253,1,0.35155117596717045,0
2021-09-22,-0.037181827945405366,1,-0.1473128074112843,0
2021-09-23,0.0241818416502525,1,0.0989489729658238,0
2021-09-24,0.07060617974683502,1,0.28525693381342915,0
2021-09-27,-0.4472679244960423,0,-1.7930509601309599,0
2021-09-28,-0.47832632736514535,0,-1.9176930755163804,0
2021-09-29,-0.22738552797074446,1,-0.9106293122942946,0
2021-09-30,0.3850438983179253,0,1.5471435338695645,0
2021-10-01,-0.14116863956657577,1,-0.5646277681088175,0
2021-10-04,-0.5366001507761683,0,-2.1515548311307344,0
2021-10-05,0.4727357356925874,0,1.8990642735958636,0
2021-10-06,0.0758236236938547,1,0.30619533342148897,0
2021-10-07,0.1584452602086637,1,0.6377685825422829,0
2021-10-08,0.08771417959409247,1,0.3539139507232365,0
2021-10-11,-0.053416460172767855,1,-0.21246486664147027,0
2021-10-12,-0.12112216945604236,1,-0.48417822113378195,0
2021-10-13,0.1471726377471194,1,0.5925298265293062,0
2021-10-14,0.13693571023144646,1,0.5514474725532101,0
2021-10-15,0.2031146631323444,1,0.8170337204463953,0
2021-10-18,0.22815153379719236,1,0.9175105072100268,0
2021-10-19,0.3122220078386916,1,1.2548981626587163,-1
2021-10-20,-0.32239038970116585,0,-1.2918983359426144,0
2021-10-21,0.2845568655177909,1,1.1438737202284814,-1
2021-10-22,0.1561665996481565,1,0.628623969610834,0
2021-10-25,0.05150960138500496,1,0.20861944753721728,0
2021-10-26,-0.12866759250834997,1,-0.5144591565276982,0
2021-10-27,-0.03739295980836366,1,-0.1481601118311315,0
2021-10-28,0.07979975313555951,1,0.3221521482889191,0
2021-10-29,0.4370159858656075,0,1.7557154607725933,0
2021-11-01,-0.5669966569744004,0,-2.273540654060563,0
2021-11-02,0.15493294576190852,1,0.6236731281048029,0
2021-11-03,-0.5356554561815924,0,-2.1477636274053733,0
2021-11-04,0.40497942077043514,0,1.6271478309439082,0
2021-11-05,-0.6044673088758503,0,-2.423916104387199,0
2021-11-08,0.35467436623454685,0,1.4252659621833743,0
2021-11-09,-0.07105694622955874,1,-0.2832588320559877,0
2021-11-10,-0.18964913217970883,1,-0.7591873911420884,0
2021-11-11,-0.02013794950687331,1,-0.07891311951027079,0
2021-11-12,0.3113301902896952,1,1.251319162595087,-1
2021-11-15,-0.23845986132925434,1,-0.955072303844937,0
2021-11-16,0.49609849158936203,0,1.9928225820471988,0
2021-11-17,-0.1385349682230836,1,-0.55405844267163,0
2021-11-18,0.08235378666266527,1,0.33240187500298757,0
2021-11-19,0.4387505535810653,0,1.7626765459979057,0
2021-11-22,-0.4489317138357464,0,-1.799728000921835,0
2021-11-23,-0.2680964127470596,0,-1.0740083121455695,0
2021-11-24,0.04657281485385087,1,0.1888073690139707,0
2021-11-26,0.37515596126017314,0,1.5074617319150228,0
2021-11-29,0.32845793352117936,1,1.3200554127219162,-1
2021-11-30,0.2590379221031571,1,1.0414623018755758,-1
2021-12-01,0.07199299742280513,1,0.29082244500585314,0
2021-12-02,-0.3271721081171468,0,-1.3110881024305168,0
2021-12-03,-0.3965766261668644,0,-1.589619036022989,0
2021-12-06,-0.4859222613265507,0,-1.9481767189048615,0
2021-12-07,0.3084077687403931,1,1.2395910384707356,-1
2021-12-08,-0.05914518763621465,1,-0.23545512510775127,0
2021-12-09,-0.16158900782722552,1,-0.6465778254792397,0
2021-12-10,-0.018415916086405804,1,-0.07200233632556997,0
2021-12-13,-0.00939880259558265,1,-0.03581528237745213,0
2021-12-14,-0.2813901178664888,0,-1.127357981617595,0
2021-12-15,0.21501806003388868,1,0.864803870648056,0
2021-12-16,-0.31332690386189066,0,-1.2555251826760347,0
2021-12-17,-0.22115277378338494,1,-0.8856163175867446,0
2021-12-20,-0.11204715124846693,1,-0.4477587867114583,0
2021-12-21,-0.03611912510925508,1,-0.14304801858482386,0
2021-12-22,-0.018635041246088502,1,-0.07288171906627715,0
2021-12-23,0.030064979315846563,1,0.1225589031619693,0
2021-12-27,0.13361362435839635,1,0.5381154344424898,0
2021-12-28,-0.2195335806859663,1,-0.879118248328956,0
2021-12-29,-0.08503938430171543,1,-0.3393724920823694,0
2021-12-30,-0.16763227834087133,1,-0.6708303932574908,0
2021-12-31,-0.03125740105520793,1,-0.12353717724921082,0
2022-01-03,-0.6444964807557806,0,-2.584559286242647,0
2022-01-04,-0.39972534135579985,0,-1.6022553110931903,0
2022-01-05,-0.41616859893376257,0,-1.6682446157262205,0
2022-01-06,0.12548281186837268,1,0.5054852418073456,0
2022-01-07,-0.5023512425901479,0,-2.0141087305074055,0
2022-01-10,-0.049863503511506785,1,-0.19820630878842477,0
2022-01-11,0.15428880405817003,1,0.6210880890446713,0
2022-01-12,0.09983128955027096,1,0.40254176406125836,0
2022-01-13,-0.8358761620233914,0,-3.352595183500986,0
2022-01-14,-0.2894899686408788,0,-1.1598639201579999,0
2022-01-18,-0.07897939218471917,1,-0.3150528179553785,0
2022-01-19,0.15066318097333364,1,0.6065379097328505,0
2022-01-20,0.20002274521608535,1,0.8046253815081434,0
2022-01-21,-0.22579567908505827,1,-0.9042490058409897,0
2022-01-24,0.12804623595429282,1,0.5157726542684955,0
2022-01-25,-0.6437082535530545,0,-2.5813960100636955,0
2022-01-26,0.16427661119965162,1,0.6611706849019845,0
2022-01-27,-0.1874850394594525,1,-0.7505025564556509,0
2022-01-28,0.16245778433268332,1,0.6538714548297168,0
2022-01-31,0.37474402087913045,0,1.5058085522353646,0
2022-02-01,-0.003935071280435722,1,-0.013888493936731987,0
2022-02-02,0.047136802605125816,1,0.1910707380180577,0
2022-02-03,-0.49208840948156707,0,-1.9729224134294732,0
2022-02-04,0.4924035932687989,0,1.9779943906314974,0
2022-02-07,-0.3787803872033171,0,-1.5182000103998907,0
2022-02-08,-0.09569507808746741,1,-0.38213541907359116,0
2022-02-09,0.09669176534470003,1,0.38994237381136965,0
2022-02-10,-0.07603406677730062,1,-0.3032327771494723,0
2022-02-11,-0.5670372607576024,0,-2.273703603245435,0
2022-02-14,0.13611049538584485,1,0.5481357593129405,0
2022-02-15,-0.042236809690754606,1,-0.16759922138532035,0
2022-02-16,-0.13066505547012658,1,-0.522475280537975,0
2022-02-17,-0.505326659050314,0,-2.0260495313048814,0
2022-02-18,-0.10271390254902228,1,-0.4103030338763931,0
2022-02-22,0.10710341427196926,1,0.43172591150371387,0
2022-02-23,-0.23671253703022777,1,-0.9480600245009893,0
2022-02-24,0.7658401935745686,0,3.075337239507135,0
2022-02-25,-0.5292832930665636,0,-2.1221911633741257,0
2022-02-28,0.12267947849043603,1,0.49423503670732166,0
2022-03-01,-0.05712273739728646,1,-0.22733872333705588,0
2022-03-02,-0.18827376326103973,1,-0.7536678255616956,0
2022-03-03,-0.29200517576447854,0,-1.1699578305834397,0
2022-03-04,-0.20594310952815859,1,-0.8245776114091216,0
2022-03-07,-0.08346718042908763,1,-0.3330629977620281,0
2022-03-08,-0.16175943587695796,1,-0.647261779278448,0
2022-03-09,0.5091601455493732,0,2.0452409947669237,0
2022-03-10,-0.4181779244136232,0,-1.6763083458337593,0
2022-03-11,0.003766503755251671,1,0.017019103221220123,0
2022-03-14,0.23418992947774647,1,0.9417435115383717,0
2022-03-15,0.13203689757825854,1,0.5317877890033638,0
2022-03-16,0.33973001118383805,0,1.3652919823737382,0
2022-03-17,0.03408824977864555,1,0.13870490214860126,0
2022-03-18,0.455948538493626,0,1.831694686721444,0
2022-03-21,-0.1726758387920844,1,-0.6910709718333716,0
2022-03-22,0.18355141183987245,1,0.7385234044077046,0
2022-03-23,-0.30702483809174486,0,-1.230234029998302,0
2022-03-24,-0.015044837296521174,1,-0.05847368215513491,0
2022-03-25,-0.32823294476446185,0,-1.315345401956091,0
2022-03-28,0.24123310744529855,1,0.970008860681131,0
2022-03-29,-0.1468659091250395,1,-0.5874917811966993,0
2022-03-30,-0.07267303066377508,1,-0.28974442577344695,0
2022-03-31,-0.12973691205768023,1,-0.5187504992349595,0
2022-04-01,-0.28016776461792664,0,-1.1224524912969513,0
2022-04-04,0.1801942039801186,1,0.7250504163988924,0
2022-04-05,-0.05121773230507226,1,-0.20364103581728185,0
2022-04-06,-0.4320488972266535,0,-1.7319746787471517,0
2022-04-07,0.1562573251151808,1,0.6289880647697803,0
2022-04-08,-0.4937097651644964,0,-1.979429161473286,0
2022-04-11,-0.2845457343520341,0,-1.1400219526453759,0
2022-04-12,-0.4245506030789842,0,-1.7018828788472486,0
2022-04-13,-0.18395276885735085,1,-0.7363270149181411,0
2022-04-14,-0.4620213179528654,0,-1.852258581891871,0
2022-04-18,0.012621638892709786,1,0.052556113292479445,0
2022-04-19,-0.057367456226316005,1,-0.22832081738269752,0
2022-04-20,-0.21868548793342196,1,-0.8757147225531562,0
2022-04-21,-0.29502084714384175,0,-1.1820601805212412,0
2022-04-22,0.1070250840849607,1,0.43141156049704976,0
2022-04-25,0.20382747242997282,1,0.8198943330508892,0
2022-04-26,-0.18626566927847732,1,-0.7456090376409458,0
2022-04-27,0.19145359384066768,1,0.7702360679625821,0
2022-04-28,0.2872079232651069,1,1.1545128199602672,-1
2022-04-29,-0.08630283809162287,1,-0.34444292515420166,0
2022-05-02,0.21624587704161843,1,0.8697312878689162,0
2022-05-03,-0.1807937593689804,1,-0.7236494272516869,0
2022-05-04,-0.051751746666516496,1,-0.20578411702905977,0
2022-05-05,-0.27348148948546247,0,-1.0956194477540613,0
2022-05-06,-0.26787527316947884,0,-1.0731208452381027,0
2022-05-09,-0.20642949944845856,1,-0.8265295684631865,0
2022-05-10,0.29739728843055896,1,1.1954042989590112,-1
2022-05-11,-0.2561360140956743,1,-1.0260094052138609,1
2022-05-12,-0.07876623131659499,1,-0.31419737082783733,0
2022-05-13,0.05272144815394386,1,0.21348277375009841,0
2022-05-16,-0.33332408779070355,0,-1.335776936674567,0
2022-05-17,0.11271695564916884,1,0.4542539106093533,0
2022-05-18,0.5166710683249569,0,2.0753834752798737,0
2022-05-19,0.34332167484642306,0,1.379705877336215,0
2022-05-20,0.23931777867591258,1,0.9623223537322398,0
2022-05-23,0.007434822675519315,1,0.03174062744310374,0
2022-05-24,-0.25173994924731286,1,-1.0083673254076149,1
2022-05-25,-0.3268119651970751,0,-1.3096427938746324,0
2022-05-26,0.08660463970403753,1,0.3494611976443417,0
2022-05-27,0.2119259320475716,1,0.8523946886665695,0
2022-05-31,0.028592959616798475,1,0.11665146323495085,0
2022-06-01,0.06210284931386123,1,0.25113176976510526,0
2022-06-02,0.6229860673287251,0,2.502041807611926,0
2022-06-03,-0.0927465623253525,1,-0.3703025748869103,0
2022-06-06,0.08327537455828399,1,0.33610034801551286,0
2022-06-07,-0.08533546519989738,1,-0.34056070995790366,0
2022-06-08,0.08493597014038834,1,0.34276457176924213,0
2022-06-09,0.19826857378030582,1,0.7975856235583956,0
2022-06-10,-0.3006513021333811,0,-1.204656056537027,0
2022-06-13,0.5802510060675565,0,2.3305394783013456,0
2022-06-14,0.21069396457329614,1,0.8474506149894107,0
2022-06-15,0.12772568282863667,1,0.51448622560558,0
2022-06-16,0.08043576720879075,1,0.3247045699261985,0
2022-06-17,0.02574562181767341,1,0.10522466167031315,0
2022-06-21,0.08844151571741243,1,0.35683286169843725,0
2022-06-22,0.028023850465094258,1,0.11436754126856469,0
2022-06-23,0.14764865704848174,1,0.5944401647052951,0
2022-06-24,0.07843101372082417,1,0.316659187920576,0
2022-06-27,-0.2765111087501164,0,-1.1077777726862987,0
2022-06-28,-0.3161833493662266,0,-1.2669885348530325,0
2022-06-29,0.12660322605754926,1,0.5099816351098401,0
2022-06-30,0.16758889743972386,1,0.6744633955885126,0
2022-07-01,-0.3519243424417713,0,-1.410422600078042,0
2022-07-05,0.3207236487398176,1,1.289016546357632,-1
2022-07-06,0.39685796275290425,0,1.594555179235924,0
2022-07-07,-0.04496349457393348,1,-0.17854182436658814,0
2022-07-08,0.02910912281118966,1,0.11872290498629133,0
2022-07-11,-0.005908088061936767,1,-0.02180651169101473,0
2022-07-12,-0.6581019494903882,0,-2.6391601107293012,0
2022-07-13,-0.09941393736724402,1,-0.39705976947903887,0
2022-07-14,0.13663837985593597,1,0.5502542403342785,0
2022-07-15,0.045486643768934854,1,0.18444839852006006,0
2022-07-18,-0.2916954894503126,0,-1.168715012095115,0
2022-07-19,0.18815831974875774,1,0.7570116296255092,0
2022-07-20,0.32994493652492396,1,1.326022982939623,-1
2022-07-21,0.554122231597843,0,2.2256807147628805,0
2022-07-22,-0.2695362144543769,0,-1.0797864563499548,0
2022-07-25,-0.2701924603848372,0,-1.0824200715210366,0
2022-07-26,-0.10602351313109865,1,-0.423585006738634,0
2022-07-27,0.2786857009300997,1,1.1203118398230407,-1
2022-07-28,0.18560550841547674,1,0.7467668077619692,0
2022-07-29,0.2718599010505312,1,1.0929188621553665,-1
2022-08-01,-0.23033466584177992,1,-0.9224646530991106,0
2022-08-02,0.24941947637624914,1,1.002862009800857,-1
2022-08-03,0.2682419177535196,1,1.0783993424791873,-1
2022-08-04,0.29435937865660644,1,1.1832127029464496,-1
2022-08-05,-0.007942550881886244,1,-0.02997112178446393,0
2022-08-08,-0.32610275461984056,0,-1.3067966234848418,0
2022-08-09,-0.21035830977972325,1,-0.8422964845116634,0
2022-08-10,0.1780320945529088,1,0.7163735409704307,0
2022-08-11,-0.29501988650489414,0,-1.1820563253303913,0
2022-08-12,0.08408515844320863,1,0.33935013445325785,0
2022-08-15,0.06381558506164012,1,0.25800523996893726,0
2022-08-16,-0.24764794707486498,1,-0.9919454955702851,0
2022-08-17,0.16564708548483603,1,0.6666706075704691,0
2022-08-18,0.03016285438463593,1,0.12295169076501557,0
2022-08-19,-0.3148288465779702,0,-1.2615527082416236,0
2022-08-22,-0.0004549106296427574,1,7.792240554091058e-05,0
2022-08-23,-0.09185535369916037,1,-0.36672601852351705,0
2022-08-24,-0.18541410824763394,1,-0.7421915931344963,0
2022-08-25,0.0465523142832831,1,0.1887250970924896,0
2022-08-26,-0.06281197939641725,1,-0.25017052060299555,0
2022-08-29,-0.23359138060154844,1,-0.9355343469457406,0
2022-08-30,0.19145898357046798,1,0.7702576977716389,0
2022-08-31,0.0998049308767524,1,0.40243598267771613,0
2022-09-01,-0.04241686540683004,1,-0.16832181248034425,0
2022-09-02,-0.11481436262675665,1,-0.4588640287086813,0
2022-09-06,0.3029810055295294,1,1.2178126086799779,-1
2022-09-07,-0.08290529014617953,1,-0.3308080462189193,0
2022-09-08,0.19882103131600387,1,0.7998027200459462,0
2022-09-09,-0.2084253376000179,1,-0.8345391718618453,0
2022-09-12,-0.19829360179661737,1,-0.793878968296828,0
2022-09-13,0.18197069117923292,1,0.7321797309159955,0
2022-09-14,0.04400144051333937,1,0.17848805096661613,0
2022-09-15,-0.2427972546480529,1,-0.9724789258400254,0
2022-09-16,-0.13328878044071385,1,-0.5330046896612263,0
2022-09-19,0.03852980652986179,1,0.15652954791062512,0
2022-09-20,0.1524128003330566,1,0.6135593995059804,0
2022-09-21,0.09509643136073775,1,0.3835400548207457,0
2022-09-22,-0.20570896418150075,1,-0.8236379503635074,0
2022-09-23,0.3714855076731104,0,1.4927316409491858,0
2022-09-26,0.334988682774101,1,1.346264307151117,-1
2022-09-27,0.15377849780589742,1,0.619040152096795,0
2022-09-28,-0.3912812454413819,0,-1.5683678642168586,0
2022-09-29,0.39053899036528716,0,1.5691961777195207,0
2022-09-30,0.11448498335728718,1,0.4613492758967658,0
2022-10-03,-0.02087566268266361,1,-0.08187367518229705,0
2022-10-04,-0.08343139973147773,1,-0.3329194043564412,0
2022-10-05,0.22679362594061814,1,0.9120610155392794,0
2022-10-06,0.23936086160535874,1,0.9624952521097192,0
2022-10-07,-0.2259575640619642,1,-0.9048986749838531,0
2022-10-10,-0.0645242749026467,1,-0.25704222405023563,0
2022-10-11,-0.6359325884822973,0,-2.550191078276561,0
2022-10-12,-0.09295060043524855,1,-0.3711214109920336,0
2022-10-13,-0.08595092532243198,1,-0.3430306454510902,0
2022-10-14,-0.2276838043109276,1,-0.9118263408139687,0
2022-10-17,0.20297361222528298,1,0.8164676616085581,0
2022-10-18,-0.017957923437578627,1,-0.07016434186006641,0
2022-10-19,0.03497946464864632,1,0.14228148356935238,0
2022-10-20,-0.23648046227763603,1,-0.947128673065679,0
2022-10-21,0.00855436298089196,1,0.03623351371639317,0
2022-10-24,0.013147743005927914,1,0.05466744946970806,0
2022-10-25,-0.3459348081178981,0,-1.3863856838384179,0
2022-10-26,-0.1839416374615363,1,-0.7362823429262372,0
2022-10-27,0.13714988509613224,1,0.5523069890038572,0
2022-10-28,0.17080367014937514,1,0.6873647695806979,0
2022-10-31,-0.11632065366178726,1,-0.4649090047424967,0
2022-11-01,-0.09810532064814514,1,-0.39180809067299593,0
2022-11-02,-0.04407530145086325,1,-0.17497736967788977,0
2022-11-03,-0.15299920366108422,1,-0.6121056291294579,0
2022-11-04,-0.17437219444987467,1,-0.6978787062337566,0
2022-11-07,0.16895271163668082,1,0.6799365903055047,0
2022-11-08,0.12385667536568379,1,0.4989593076034904,0
2022-11-09,0.1407828132140312,1,0.5668864845293198,0
2022-11-10,0.29196739984119335,1,1.1736133265468736,-1
2022-11-11,-0.05496331172964339,1,-0.21867261824572284,0
2022-11-14,0.02210354628360961,1,0.09060845616636584,0
2022-11-15,0.009195306579757534,1,0.038805718293107666,0
2022-11-16,0.08171898627776304,1,0.32985432408238297,0
2022-11-17,-0.2016001374644607,1,-0.807148601058509,0
2022-11-18,-0.23465941305841054,1,-0.9398205243543031,0
2022-11-21,-0.00807144985448019,1,-0.03048841305287939,0
2022-11-22,-0.15504823599272927,1,-0.6203287088990692,0
2022-11-23,0.08159302280350589,1,0.32934881341723776,0
2022-11-25,-0.16732541057333455,1,-0.6695988860273675,0
2022-11-28,0.00022503276549334927,1,0.0028066391225366224,0
2022-11-29,-0.43055573118202195,0,-1.7259823753048615,0
2022-11-30,0.30795905292208237,1,1.23779027334328,-1
2022-12-01,0.2138705617044667,1,0.8601987845532176,0
2022-12-02,-0.12595878903537067,1,-0.5035883143772351,0
2022-12-05,-0.07992692407201862,1,-0.3188554081698815,0
2022-12-06,-0.016783802587941266,1,-0.0654524155245847,0
2022-12-07,-0.2008199466305513,1,-0.8040175760553039,0
2022-12-08,0.04018472662564648,1,0.16317099507073157,0
2022-12-09,0.04186019626668014,1,0.1698949106951964,0
2022-12-12,-0.10188928316241364,1,-0.40699371030402814,0
2022-12-13,0.20853126074908324,1,0.8387713541549716,0
2022-12-14,-0.2377005717210742,1,-0.9520251586535825,0
2022-12-15,-0.27699787494728545,0,-1.1097312397969215,0
2022-12-16,0.18037013777710403,1,0.7257564656029186,0
2022-12-19,0.020115286928531206,1,0.08262926763576833,0
2022-12-20,0.07463340499910948,1,0.30141880397438403,0
2022-12-21,0.10301737699590796,1,0.4153280197068177,0
2022-12-22,-0.30016341863921914,0,-1.2026981055428865,0
2022-12-23,-0.18434931348163255,1,-0.7379184090739674,0
2022-12-27,-0.1373687201768111,1,-0.5493781110987491,0
2022-12-28,0.24441390860659262,1,0.9827739016600571,0
2022-12-29,0.11029744307353828,1,0.4445440370237986,0
2022-12-30,-0.14362251505006693,1,-0.5744755452931049,0
2023-01-03,0.08339373283441098,1,0.33657533785874516,0
2023-01-04,-0.2799988255607362,0,-1.1217745130522818,0
2023-01-05,-0.41710436990200034,0,-1.672000007575859,0
2023-01-06,-0.12189194919244672,1,-0.48726746481223654,0
2023-01-09,0.3688869599141463,0,1.4823032718224032,0
2023-01-10,0.04596317830878954,1,0.18636080442682978,0
2023-01-11,-0.010685572833485646,1,-0.040979287917053846,0
2023-01-12,-0.12585122145322708,1,-0.5031566292374107,0
2023-01-13,0.08324744599740119,1,0.3359882664341523,0
2023-01-17,-0.11926434578759804,1,-0.4767224909398008,0
2023-01-18,0.379070086068503,0,1.523169712716512,0
2023-01-19,-0.26810156008834,0,-1.0740289692124674,0
2023-01-20,0.1944135847207883,1,0.7821149635508292,0
2023-01-23,0.17632762809082503,1,0.7095332566733599,0
2023-01-24,-0.07833048615299958,1,-0.31244865891923085,0
2023-01-25,-0.3564845648670394,0,-1.4287234693181305,0
2023-01-26,0.08519018701694545,1,0.3437847829305917,0
2023-01-27,-0.09957412370994045,1,-0.39770262174332577,0
2023-01-30,-0.05231003435657322,1,-0.20802461081670182,0
2023-01-31,-0.10153445303710606,1,-0.40556972280514725,0
2023-02-01,0.15883148158436042,1,0.6393185479244949,0
2023-02-02,0.080866142622398,1,0.32643173220778654,0
2023-02-03,0.06938825960487993,1,0.2803692342268284,0
2023-02-06,-0.038741238480113876,1,-0.15357096011216695,0
2023-02-07,0.3789543815583768,0,1.5227053728416464,0
2023-02-08,-0.036186546474645975,1,-0.14331859082383794,0
2023-02-09,0.01649955006524717,1,0.06811876324131677,0
2023-02-10,-0.2818682740284283,0,-1.1292768953415198,0
2023-02-13,-0.09023937126583959,1,-0.3602408341512339,0
2023-02-14,0.03307741632498193,1,0.1346482730779441,0
2023-02-15,0.13148306920978753,1,0.5295651911544784,0
2023-02-16,-0.0450619745804296,1,-0.1789370396770656,0
2023-02-17,-0.10716254208455012,1,-0.4281561039338689,0
2023-02-21,-0.12135731250874282,1,-0.4851218861261608,0
2023-02-22,-0.009614242575608514,1,-0.03667987592922583,0
2023-02-23,0.029446213853021534,1,0.1200757028332533,0
2023-02-24,-0.01256239613711424,1,-0.04851126654953002,0
2023-02-27,0.09116940592824953,1,0.3677803018437307,0
2023-02-28,0.32526782152811107,1,1.3072530059527006,-1
2023-03-01,0.07063853624555097,1,0.285386785385753,0
2023-03-02,0.0038842384907993854,1,0.017491590700851878,0
2023-03-03,0.03517821558809142,1,0.1430791014517555,0
2023-03-06,0.029939740840773596,1,0.12205630202930554,0
2023-03-07,0.14900643594729213,1,0.5998891388488359,0
2023-03-08,-0.03734960659959312,1,-0.14798612878143383,0
2023-03-09,0.04479525504357018,1,0.18167374994439842,0
2023-03-10,-0.0645185172783439,1,-0.2570191178243386,0
2023-03-13,-0.2955149278653635,0,-1.1840430019355028,0
2023-03-14,0.3449378220381747,0,1.3861917229092506,0
2023-03-15,-0.3167067114279292,0,-1.2690888667586366,0
2023-03-16,0.5042629038496342,0,2.0255876156932566,0
2023-03-17,0.04949462743926514,1,0.20053304927321114,0
2023-03-20,-0.12025454680296732,1,-0.4806963188836452,0
2023-03-21,0.21698830064725816,1,0.8727107472155223,0
2023-03-22,0.2331905069893062,1,0.9377326764143648,0
2023-03-23,0.30520167963813616,1,1.226724513121585,-1
2023-03-24,-0.4045954171936137,0,-1.6217996694129289,0
2023-03-27,-0.10508409526512019,1,-0.4198149793312397,0
2023-03-28,-0.1976697468406576,1,-0.7913753430546603,0
2023-03-29,-0.027995473973236318,1,-0.11044656555731364,0
2023-03-30,-0.13872031354678946,1,-0.5548022617701477,0
2023-03-31,-0.11695714885724151,1,-0.4674633571967562,0
2023-04-03,-0.19871567452997657,1,-0.7955728106542125,0
2023-04-04,-0.1782328950876148,1,-0.7133722876772659,0
2023-04-05,-0.40514162348106336,0,-1.6239916786862798,0
2023-04-06,0.019097429522752438,1,0.0785444503722512,0
2023-04-10,-0.07874774958489328,1,-0.31412320081513595,0
2023-04-11,-0.1455823446192459,1,-0.5823406407497799,0
2023-04-12,0.3288116286316837,1,1.3214748452329999,-1
2023-04-13,0.1040980011362515,1,0.41966472946477384,0
2023-04-14,0.13530048584088777,1,0.544885067267012,0
2023-04-17,-0.1365835340383884,1,-0.5462270391754188,0
2023-04-18,0.039522628832796086,1,0.16051389548191183,0
2023-04-19,-0.05799556747173535,1,-0.23084152376468345,0
2023-04-20,0.17721382657951806,1,0.7130897065895899,0
2023-04-21,-0.1959061242072576,1,-0.7842976560050385,0
2023-04-24,-0.146962715675909,1,-0.5878802806740998,0
2023-04-25,-0.39008918946186755,0,-1.5635839614653004,0
2023-04-26,0.09975726077033109,1,0.4022446752582701,0
2023-04-27,-0.051000416887281186,1,-0.202768915847253,0
2023-04-28,-0.04616996096692505,1,-0.18338355830885347,0
2023-05-01,-0.034463867495776346,1,-0.13640521691464996,0
2023-05-02,-0.05784984072087296,1,-0.2302567000513623,0
2023-05-03,0.045986904894061376,1,0.18645602283814403,0
2023-05-04,0.04171137220398499,1,0.16929765699632612,0
2023-05-05,-0.07705797369223355,1,-0.3073418720173851,0
2023-05-08,0.15522603923528355,1,0.6248493569882098,0
2023-05-09,-0.004770064282251324,1,-0.017239448411659385,0
2023-05-10,0.23866682671947864,1,0.9597099840876655,0
2023-05-11,0.0896111380479786,1,0.36152673478966496,0
2023-05-12,-0.029482862079311764,1,-0.11641568124950478,0
2023-05-15,0.04784715074886711,1,0.19392147363602155,0
2023-05-16,0.31735524143831145,1,1.2754986132781727,-1
2023-05-17,-0.06835033239790148,1,-0.27239677727065276,0
2023-05-18,0.40957526195969846,0,1.64559164372525,0
2023-05-19,0.08657200559275062,1,0.3493302319703607,0
2023-05-22,0.16232766561024475,1,0.6533492685188383,0
2023-05-23,-0.2224779200097443,1,-0.8909343318305727,0
2023-05-24,0.0105502418987517,1,0.04424328071644323,0
2023-05-25,0.6571425156153802,0,2.6391168525343613,0
2023-05-26,0.2784872784055262,1,1.1195155399196879,-1
2023-05-30,0.16908835438667025,1,0.680480945382829,0
2023-05-31,-0.31490545674791576,0,-1.2618601565570535,0
2023-06-01,0.20248486995954237,1,0.8145062642328813,0
2023-06-02,-0.29967869669179026,0,-1.200752842318763,0
2023-06-05,-0.05105573519196427,1,-0.202990916654709,0
2023-06-06,-0.1568377321896976,1,-0.6275102305118945,0
2023-06-07,-0.5278184270347045,0,-2.1163124322063744,0
2023-06-08,0.0807694886529736,1,0.3260438450630346,0
2023-06-09,0.008726757811001882,1,0.03692536050571364,0
2023-06-12,-0.00864946683675813,1,-0.03280808350417263,0
2023-06-13,-0.022351728936325643,1,-0.0877973545511577,0
2023-06-14,0.11725324946735603,1,0.47245875069374577,0
2023-06-15,0.12932260771232162,1,0.5208949291198266,0
2023-06-16,-0.13611224981909995,1,-0.5443357036071524,0
2023-06-20,0.12628268884511556,1,0.5086952703091173,0
2023-06-21,-0.14712976457085927,1,-0.5885506734089468,0
2023-06-22,0.04046056588731763,1,0.16427798016671172,0
2023-06-23,0.13815193602216297,1,0.5563283724494509,0
2023-06-26,-0.41074966222896064,0,-1.6464975948999137,0
2023-06-27,-0.018861221212332746,1,-0.07378941382345124,0
2023-06-28,0.11714226889677778,1,0.47201336870994404,0
2023-06-29,0.07003867426361227,1,0.2829794476136453,0
2023-06-30,-0.021930366678368785,1,-0.08610636344009942,0
2023-07-03,-0.3539146297440321,0,-1.4184099270704842,0
2023-07-05,-0.084787814030537,1,-0.3383629021527161,0
2023-07-06,0.032025229885388806,1,0.13042568815741667,0
2023-07-07,0.04671985062944131,1,0.18939744604350012,0
2023-07-10,0.1441692404356517,1,0.5804767343010313,0
2023-07-11,-0.2282283523907315,1,-0.9140116954467192,0
2023-07-12,0.07477234315677812,1,0.3019763840261516,0
2023-07-13,0.06352522856982362,1,0.25683999501064286,0
2023-07-14,0.10300803149989594,1,0.4152905148036463,0
2023-07-17,0.4518391879320528,0,1.8152032351483087,0
2023-07-18,0.014420606099992371,1,0.05977564351654531,0
2023-07-19,-0.30782509044020273,0,-1.2334455649241098,0
2023-07-20,-0.2500191160621904,1,-1.0014613589507089,1
2023-07-21,0.0037117801901687952,1,0.01679948919463581,0
2023-07-24,-0.03723513304406688,1,-0.14752672891542606,0
2023-07-25,0.13259212743343968,1,0.5340160112325165,0
2023-07-26,-0.005232369726811008,1,-0.019094750785286566,0
2023-07-27,-0.05922457242065271,1,-0.23577370837500672,0
2023-07-28,-0.016279952058262243,1,-0.06343038637769213,0
2023-07-31,-0.08289485982185649,1,-0.33076618773401073,0
2023-08-01,0.2799941903508882,1,1.125563007761517,-1
2023-08-02,-0.15535366514204724,1,-0.6215544427345083,0
2023-08-03,0.14375645962898176,1,0.5788201818649424,0
2023-08-04,-0.11094767386169113,1,-0.4433464159954323,0
2023-08-07,-0.030793288199850666,1,-0.1216746214599418,0
2023-08-08,-0.09145764862516095,1,-0.36512996730569625,0
2023-08-09,-0.06648534463261406,1,-0.264912296461609,0
2023-08-10,0.14642377164254772,1,0.5895245124502906,0
2023-08-11,-0.09503663934041257,1,-0.3794930037945272,0
2023-08-14,0.2997287484721566,1,1.2047608042740479,-1
2023-08-15,0.0663865299904125,1,0.2683228347213832,0
2023-08-16,0.08009977317870415,1,0.3233561745549565,0
2023-08-17,0.066339777774307,1,0.2681352109359971,0
2023-08-18,-0.20588931275986405,1,-0.824361716759632,0
2023-08-21,0.3331676707009304,1,1.338956307512534,-1
2023-08-22,0.004426577781971225,1,0.01966808112739388,0
2023-08-23,0.16528416028827644,1,0.6652141333140013,0
2023-08-24,-0.03241552114088564,1,-0.12818489007454784,0
2023-08-25,0.14938745906335232,1,0.6014182428210086,0
2023-08-28,-0.10066464864926786,1,-0.40207906492011075,0
2023-08-29,-0.017783518284049338,1,-0.06946442733575471,0
2023-08-30,0.10841826023534652,1,0.4370025892186635,0
2023-08-31,0.22078728484752486,1,0.88795665116727,0
2023-09-01,0.26651446267918444,1,1.0714668013692705,-1
2023-09-05,0.09708355585109285,1,0.3915146889658397,0
2023-09-06,-0.02789092550183149,1,-0.1100269965701017,0
2023-09-07,-0.08874941882863335,1,-0.354261427406472,0
2023-09-08,-0.26848841631404496,0,-1.075581482344746,0
2023-09-11,0.0542925616726338,1,0.21978789231351797,0
2023-09-12,-0.1178941777428057,1,-0.4712237972607928,0
2023-09-13,0.17235643144689222,1,0.6935962378769531,0
2023-09-14,-0.256862385193091,1,-1.0289244433926885,1
2023-09-15,-0.12323675562248532,1,-0.4926643784568423,0
2023-09-18,0.25112928216530267,1,1.0097237216327255,-1
2023-09-19,0.0438002162610099,1,0.17768050730176962,0
2023-09-20,-0.18357840132138398,1,-0.73482462080563,0
2023-09-21,-0.04567326156317164,1,-0.18139022772275015,0
2023-09-22,0.29498113761409206,1,1.1857079166265432,-1
2023-09-25,0.09178815900437604,1,0.37026345246273323,0
2023-09-26,0.032132579373509995,1,0.13085649805261182,0
2023-09-27,0.2262767139424151,1,0.9099865687238502,0
2023-09-28,0.008710912768676804,1,0.03686177193027747,0
2023-09-29,-0.06329559967592557,1,-0.25211136266545625,0
2023-10-02,0.38806595050995507,0,1.559271490983369,0
2023-10-03,0.06361881855006196,1,0.2572155858987175,0
2023-10-04,0.2055727694705191,1,0.8268984766968591,0
2023-10-05,0.12833125642400073,1,0.5169164849549047,0
2023-10-06,0.2553024364830789,1,1.026471227426556,-1
2023-10-09,-0.16598456773843412,1,-0.6642178788955542,0
2023-10-10,-0.2127389445972086,1,-0.8518503357145771,0
2023-10-11,0.14254280676348619,1,0.573949607510669,0
2023-10-12,0.2885490011804607,1,1.1598947705058522,-1
2023-10-13,-0.260693752036306,1,-1.0443003038375587,1
2023-10-16,-0.08428360991394929,1,-0.33633945400754284,0
2023-10-17,-0.12591741669661272,1,-0.5034222808615076,0
2023-10-18,-0.23443414364681442,1,-0.9389164837920337,0
2023-10-19,0.03987781352487124,1,0.16193930591139682,0
2023-10-20,-0.16945868866371994,1,-0.6781600568967014,0
2023-10-23,0.11671535122853363,1,0.4703000828887244,0
2023-10-24,-0.1948878746181565,1,-0.7802112648499366,0
2023-10-25,-0.19964871392199535,1,-0.7993172402711919,0
2023-10-26,0.03149337987259204,1,0.12829129280740023,0
2023-10-27,0.2418923119249622,1,0.972654348962132,0
2023-10-30,0.0435798555477962,1,0.1767961660959918,0
2023-10-31,0.028828432199387355,1,0.11759645068111292,0
2023-11-01,0.12342463327160827,1,0.4972254566785708,0
2023-11-02,-0.17877760316032842,1,-0.7155582843860046,0
2023-11-03,-0.2127005339297232,1,-0.8516961878381096,0
2023-11-06,0.27537155843658445,1,1.107011679707873,-1
2023-11-07,0.22637273178104628,1,0.9103719029785498,0
2023-11-08,0.2790258309325202,1,1.121676833483095,-1
2023-11-09,0.2872198750267972,1,1.1545607842057546,-1
2023-11-10,0.12572852782568095,1,0.5064713374810972,0
2023-11-13,0.07671667866476649,1,0.30977929944830107,0
2023-11-14,-0.4843480358914538,0,-1.9418591117455055,0
2023-11-15,-0.21829754749189295,1,-0.8741578582971441,0
2023-11-16,0.2842772119350009,1,1.1427514276791522,-1
2023-11-17,-0.16060279343549821,1,-0.6426199964650916,0
2023-11-20,0.05963683810887699,1,0.24123529007653902,0
2023-11-21,0.1283823554174403,1,0.5171215530217727,0
2023-11-22,-0.128017031175695,1,-0.5118483545160231,0
2023-11-24,-0.04390540429565459,1,-0.1742955464395082,0
2023-11-27,0.03454916417411194,1,0.14055462202971186,0
2023-11-28,-0.17047747339233438,1,-0.6822485956484217,0
2023-11-29,0.21722821112661173,1,0.8736735446193613,0
2023-11-30,-0.07139181882509432,1,-0.28460272693905914,0
2023-12-01,-0.46766765239326663,0,-1.8749181845698077,0
2023-12-04,-0.22841198164813656,1,-0.914748627709015,0
2023-12-05,0.09410926274537484,1,0.37957839636137486,0
2023-12-06,-0.24049359967017614,1,-0.9632340064933723,0
2023-12-07,-0.1385612961633987,1,-0.5541641007181319,0
2023-12-08,0.0037040806148712535,1,0.01676858962273253,0
2023-12-11,0.13296460502138546,1,0.535510820694899,0
2023-12-12,0.26298669557412135,1,1.0573093330533583,-1
2023-12-13,-0.5387041624939042,0,-2.1599985515757156,0
2023-12-14,-0.5107866570629168,0,-2.0479613374321697,0
2023-12-15,0.3230908809291002,1,1.2985166107661006,-1
2023-12-18,0.13350371031582559,1,0.5376743325985115,0
2023-12-19,-0.15693691377943916,1,-0.6279082613831141,0
2023-12-20,0.15497991587094562,1,0.6238616263278101,0
2023-12-21,-0.044674424258362655,1,-0.1773817410300518,0
2023-12-22,-0.022212030705767244,1,-0.08723672421077014,0
2023-12-26,-0.08466407757324138,1,-0.3378663288468502,0
2023-12-27,0.014887904952526614,1,0.06165098519919796,0
2023-12-28,-0.09852182484417925,1,-0.39347958563941093,0
2023-12-29,0.03115069686500418,1,0.12691605354759658,0
2024-01-02,-0.7586181399595469,0,-3.042546938550483,0
2024-01-03,-0.016373720535940328,1,-0.06380669360326083,0
2024-01-04,0.08965949540407928,1,0.36172080024706266,0
2024-01-05,-0.14266985258430986,1,-0.570652365283473,0
2024-01-08,0.14323442749096893,1,0.5767251871462725,0
2024-01-09,0.023986829328688036,1,0.09816635872810983,0
2024-01-10,0.16198004589904066,1,0.6519542175132617,0
2024-01-11,0.2537531622378327,1,1.0202537532037672,-1
2024-01-12,0.1032787208980085,1,0.4163768327104412,0
2024-01-16,0.09002245421703525,1,0.3631774094112647,0
2024-01-17,0.22009251728944482,1,0.8851684428197504,0
2024-01-18,0.3347941125303528,1,1.3454834670392142,-1
2024-01-19,0.295333134269993,1,1.1871205329798373,-1
2024-01-22,0.21009459497710875,1,0.8450452532365428,0
2024-01-23,-0.07682491530526674,1,-0.3064065731070617,0
2024-01-24,0.24660051576363207,1,0.9915490902207483,0
2024-01-25,-0.3708166610899494,0,-1.4862403609194046,0
2024-01-26,-0.11607157843442231,1,-0.46390942780482497,0
2024-01-29,0.035329316743907685,1,0.14368549347318355,0
2024-01-30,0.0787392387767833,1,0.317896142156486,0
2024-01-31,-0.2753566824534187,0,-1.1031448836004243,0
2024-02-01,-0.23268698380384722,1,-0.9319048644353756,0
2024-02-02,0.4281175742351342,0,1.720004775523682,0
2024-02-05,0.34379856905437983,0,1.3816197266460235,0
2024-02-06,-0.1683171316536123,1,-0.673578814223904,0
2024-02-07,0.42065798002356125,0,1.6900682843793728,0
2024-02-08,-0.04241823398659185,1,-0.16832730480000102,0
2024-02-09,0.40445251226523904,0,1.6250332666187883,0
2024-02-12,-0.42811803422549183,0,-1.7161995250207995,0
2024-02-13,0.15343973546684753,1,0.6176806470787796,0
2024-02-14,0.23686842552066542,1,0.9524927253420541,0
2024-02-15,-0.38387713071306095,0,-1.5386540207142252,0
2024-02-16,-0.10569587891272884,1,-0.4222701605689075,0
2024-02-20,-0.24750353076671378,1,-0.9913659308637552,0
2024-02-21,-0.2597485021586913,1,-1.040506871676534,1
2024-02-22,0.4141924883079618,0,1.6641212784165869,0
2024-02-23,0.07682599934641979,1,0.3102180200442722,0
2024-02-26,0.288574332712522,1,1.159996429813814,-1
2024-02-27,-0.16697314052633674,1,-0.6681851725138368,0
2024-02-28,0.14049014164542434,1,0.5657119488142004,0
2024-02-29,-0.18958055319947803,1,-0.7589121732178775,0
2024-03-01,0.02855163912068172,1,0.11648563777166243,0
2024-03-04,0.01107440013159161,1,0.046346807778449454,0
2024-03-05,-0.3163801620977141,0,-1.267778374410809,0
2024-03-06,-0.03247709451073305,1,-0.12843199341407033,0
2024-03-07,0.029782253894386324,1,0.1214242828547836,0
2024-03-08,-0.3046246438865285,0,-1.2206016839844118,0
2024-03-11,-0.22464708157937288,1,-0.8996395085838894,0
2024-03-12,0.33648602223766605,1,1.3522733591611442,-1
2024-03-13,-0.1766386803000472,1,-0.706974460192749,0
2024-03-14,0.24778226699046801,1,0.9962916384255911,0
2024-03-15,-0.1477052009387314,1,-0.5908599874603991,0
2024-03-18,-0.0345091474617841,1,-0.13658693233548383,0
2024-03-19,-0.15260375620572553,1,-0.61051863808013,0
2024-03-20,-0.036527274616983296,1,-0.14468598491075402,0
2024-03-21,0.012341145398838183,1,0.051430450051669865,0
2024-03-22,0.010153686905414239,1,0.04265184494801216,0
2024-03-25,-0.08755157878864725,1,-0.3494543123366321,0
2024-03-26,0.10546130236042267,1,0.42513586554361155,0
2024-03-27,-0.46895755966283326,0,-1.8800947794967078,0
2024-03-28,-0.13899621672435916,1,-0.5559095033703929,0
2024-04-01,-0.00043111894341940626,1,0.00017340207691881907,0
2024-04-02,0.15038802483334035,1,0.6054336661085215,0
2024-04-03,0.03202793115338079,1,0.13043652875853073,0
2024-04-04,-0.1012732568041515,1,-0.40452150242036544,0
2024-04-05,0.24438427017201436,1,0.9826549580943458,0
2024-04-08,-0.039849067360308736,1,-0.15801684664710894,0
2024-04-09,-0.23687149867252674,1,-0.9486979618554885,0
2024-04-10,0.29310722107367637,1,1.1781876032788954,-1
2024-04-11,-0.1793896036638037,1,-0.7180143358993933,0
2024-04-12,0.1889578565865092,1,0.7602202930975466,0
2024-04-15,-0.1300717645501368,1,-0.520094313441304,0
2024-04-16,0.2085543108767233,1,0.8388638578384697,0
2024-04-17,-0.3410128502546329,0,-1.3666331150247273,0
2024-04-18,-0.16550058362240336,1,-0.662275576701547,0
2024-04-19,-0.4000139704538369,0,-1.6034136237563608,0
2024-04-22,-0.08854867192544014,1,-0.3534557994166321,0
2024-04-23,-0.06988981654530763,1,-0.2785749623352141,0
2024-04-24,-0.23870259122062987,1,-0.9560464159799308,0
2024-04-25,0.13547590287591124,1,0.5455890426263411,0
2024-04-26,0.11860652326432086,1,0.4778896451753533,0
2024-04-29,-0.2727162375722706,0,-1.0925483749218565,0
2024-04-30,0.11379650774852423,1,0.4585863181030524,0
2024-05-01,0.2767335200106925,1,1.1124774395663544,-1
2024-05-02,-0.2105509834340106,1,-0.8430697133203252,0
2024-05-03,0.13570434392215408,1,0.546505811442966,0
2024-05-06,0.21624104839228253,1,0.8697119097614772,0
2024-05-07,-0.008748853754730002,1,-0.03320693838894762,0
2024-05-08,0.05735439221657377,1,0.23207548603032238,0
2024-05-09,-0.25857697396194673,1,-1.0358053500531808,1
2024-05-10,0.07023753824881207,1,0.28377751916593164,0
2024-05-13,-0.18472106176508588,1,-0.7394102917260086,0
2024-05-14,0.019676606203057,1,0.08086877486888785,0
2024-05-15,0.1201388535043969,1,0.4840391205169243,0
2024-05-16,-0.033673975934949196,1,-0.13323526141238137,0
2024-05-17,0.0731741100188086,1,0.29556243028760404,0
2024-05-20,0.07226153598553385,1,0.2919001312816779,0
2024-05-21,-0.012698058196848676,1,-0.04905569911981086,0
2024-05-22,0.3028399336885513,1,1.2172464658311348,-1
2024-05-23,0.19061452329781392,1,0.7668687496925586,0
2024-05-24,-0.052278456813499186,1,-0.20789788531236697,0
2024-05-28,-0.12212153648048346,1,-0.4881888336722872,0
2024-05-29,-0.021150500329780664,1,-0.08297664064605885,0
2024-05-30,-0.48753994982043847,0,-1.9546687499588282,0
2024-05-31,-0.5414894840068952,0,-2.17117647231011,0
2024-06-03,-0.1145158411027061,1,-0.4576660162286914,0
2024-06-04,0.013097705206678203,1,0.05446664013723851,0
2024-06-05,0.2528677187014375,1,1.0167003330264395,-1
2024-06-06,-0.1307232280223702,1,-0.5227087358769238,0
2024-06-07,0.14721749555622096,1,0.5927098477699843,0
2024-06-10,0.03370985988839456,1,0.13718636571386852,0
2024-06-11,0.09868304463224759,1,0.39793368179230926,0
2024-06-12,0.24713698409174018,1,0.9937020195756313,0
2024-06-13,-0.13600094113697256,1,-0.5438890048615798,0
2024-06-14,0.08048890457308952,1,0.3249178182867184,0
2024-06-17,0.11668693960105278,1,0.4701860626873096,0
2024-06-18,0.07532822809714759,1,0.30420723521223997,0
2024-06-20,-0.041617712812738655,1,-0.1651146910368142,0
2024-06-21,-0.02866945637595364,1,-0.11315135990109508,0
2024-06-24,-0.420513788565975,0,-1.6856825255180512,0
2024-06-25,0.202939296534028,1,0.8163299474972768,0
2024-06-26,-0.026881526533497097,1,-0.10597612430821152,0
2024-06-27,0.061541012093299034,1,0.24887703116929671,0
2024-06-28,-0.10094222330585079,1,-0.40319301442098143,0
2024-07-01,0.1638848896073204,1,0.6595986463101714,0
2024-07-02,0.15256127497209843,1,0.6141552509143497,0
2024-07-03,0.06606235287822076,1,0.267021862446878,0
2024-07-05,0.08766086578929169,1,0.35369999428002785,0
2024-07-08,-0.11751443593634268,1,-0.4696998353797742,0
2024-07-09,-0.156997411712595,1,-0.6281510488309029,0
2024-07-10,-0.011816942023678223,1,-0.045519645312178496,0
2024-07-11,-0.2612900261138305,1,-1.046693242801142,1
2024-07-12,0.004838915606508676,1,0.02132285580851239,0
2024-07-15,0.24696442395156729,1,0.9930095093717745,0
2024-07-16,-0.349974564671812,0,-1.40259784402721,0
2024-07-17,-0.6158955941593405,0,-2.4697795590846496,0
2024-07-18,-0.039607978236544494,1,-0.15704931916319292,0
2024-07-19,-0.18325353880334047,1,-0.733520897892735,0
2024-07-22,0.3159405062707465,1,1.2698210649271315,-1
2024-07-23,0.17423768187794436,1,0.7011459832480951,0
2024-07-24,-0.3998410867535151,0,-1.602719815056197,0
2024-07-25,0.11145216149247442,1,0.4491780984408422,0
2024-07-26,-0.1261180660234088,1,-0.5042275172623596,0
2024-07-29,-0.12098750568390626,1,-0.48363779484413777,0
2024-07-30,-0.11758383552866206,1,-0.4699783465456583,0
2024-07-31,0.320134387834622,1,1.2866517523259797,-1
2024-08-01,-0.39372303518008095,0,-1.578167139461003,0
2024-08-02,-0.24205113784466892,1,-0.969484645126676,0
2024-08-05,0.11573492596147994,1,0.4663654865162736,0
2024-08-06,-0.0859322270475616,1,-0.34295560641757245,0
2024-08-07,0.053750333544981266,1,0.21761184800316097,0
2024-08-08,0.12808855419051246,1,0.5159424838152377,0
2024-08-09,0.040848430957499446,1,0.1658345419459933,0
2024-08-12,0.10313295874657344,1,0.41579186692921394,0
2024-08-13,0.003521664887592424,1,0.016036527442219645,0
2024-08-14,0.12276475954176008,1,0.4945772825943404,0
2024-08-15,0.018442329554995085,1,0.07591543412456045,0
2024-08-16,-0.06206739502843572,1,-0.2471823897870205,0
2024-08-19,-0.1368027299303835,1,-0.5471067057757011,0
2024-08-20,0.061565090241283794,1,0.2489736604554848,0
2024-08-21,-0.08792727211559173,1,-0.35096202705087226,0
2024-08-22,-0.09649210999472699,1,-0.3853340298768961,0
2024-08-23,-0.32659323444236,0,-1.308764993941312,0
2024-08-26,-0.11180629451108408,1,-0.4467921918295916,0
2024-08-27,0.14262128280465183,1,0.574264543852347,0
2024-08-28,-0.012990489424820062,1,-0.05022927031124419,0
2024-08-29,0.24654983869745556,1,0.9913457154124432,0
2024-08-30,-0.0027963194302573213,1,-0.009318508799263901,0
2024-09-03,-0.5161913671742269,0,-2.069651264765452,0
2024-09-04,0.14040266666243592,1,0.5653608983442541,0
2024-09-05,-0.12394790730190286,1,-0.4955183387862279,0
2024-09-06,-0.1427042951403375,1,-0.5707905885224674,0
2024-09-09,0.1317466826558119,1,0.5306231121845776,0
2024-09-10,0.1117653362007478,1,0.4504349163876285,0
2024-09-11,0.1652811323367289,1,0.6652019816818725,0
2024-09-12,-0.213476922158074,1,-0.8548119524042989,0
2024-09-13,-0.33076475269395456,0,-1.32550593395162,0
2024-09-16,-0.06535524345460597,1,-0.26037702779309,0
2024-09-17,0.09809166380912768,1,0.39556038020617507,0
2024-09-18,-0.14003714177933746,1,-0.560086894634103,0
2024-09-19,0.4089798994027908,0,1.6432023628331516,0
2024-09-20,-0.09344896631522329,1,-0.3731214294017942,0
2024-09-23,-0.09311409751339367,1,-0.3717775497434443,0
2024-09-24,0.008674948009087163,1,0.036717439855847446,0
2024-09-25,0.060192190226786624,1,0.24346400296469886,0
2024-09-26,0.09609924411948345,1,0.38756449561740675,0
2024-09-27,-0.2863905481057656,0,-1.1474254720641401,0
2024-09-30,0.08796233925663652,1,0.35490985335941466,0
2024-10-01,-0.12329958639767309,1,-0.4929165279560846,0
2024-10-02,0.30767647684707417,1,1.2366562523862212,-1
2024-10-03,0.10265902612072908,1,0.413889902900852,0
2024-10-04,0.014150678900644892,1,0.058692384429832864,0
2024-10-07,-0.0944151221054822,1,-0.37699876018397493,0
2024-10-08,0.30399847983350503,1,1.221895888497434,-1
2024-10-09,0.05449306171780066,1,0.22059252962438664,0
2024-10-10,0.009636010861600292,1,0.040574331900825995,0
2024-10-11,0.05827652160432073,1,0.23577613213347992,0
2024-10-14,0.021607880781098043,1,0.08861927478389112,0
2024-10-15,-0.3329330561205348,0,-1.3342076668457887,0
2024-10-16,-0.3400693458817451,0,-1.3628466878408259,0
2024-10-17,0.13230866282413273,1,0.5328784244515791,0
2024-10-18,-0.03830000804910061,1,-0.15180023498744957,0
2024-10-21,0.30845932300213086,1,1.2397979335988336,-1
2024-10-22,-0.17289390705773033,1,-0.6919461130968517,0
2024-10-23,-0.18617413383385295,1,-0.7452416919181534,0
2024-10-24,0.041869529040842984,1,0.1699323645436436,0
2024-10-25,0.17930036611935102,1,0.72146330851549,0
2024-10-28,-0.06599340723439245,1,-0.2629380765311779,0
2024-10-29,0.41809454350555847,0,1.6797808220263761,0
2024-10-30,-0.06835603174770517,1,-0.27241964963208254,0
2024-10-31,-0.3231640893004531,0,-1.2950033106296401,0
2024-11-01,0.15329565327404526,1,0.6171024232281864,0
2024-11-04,-0.09948807068532763,1,-0.3973572778095678,0
2024-11-05,-0.06403300930859235,1,-0.2550707001725567,0
2024-11-06,0.7981037523367255,0,3.2048158295983704,0
2024-11-07,-0.09682524216592045,1,-0.3866709401712048,0
2024-11-08,-0.11232852627168854,1,-0.4488879876642173,0
2024-11-11,0.06434138913825252,1,0.26011537205343166,0
2024-11-12,0.25515603767112416,1,1.025883706629403,-1
2024-11-13,-0.08558468823881278,1,-0.34156088008590796,0
2024-11-14,-0.17554819335976168,1,-0.7025981695119241,0
2024-11-15,-0.22318201302324797,1,-0.8937599646553208,0
2024-11-18,-0.1748095735182932,1,-0.6996339752520235,0
2024-11-19,-0.028771021164960858,1,-0.11355895491503983,0
2024-11-20,-0.0565907190198178,1,-0.22520365231389067,0
2024-11-21,0.03901344848114818,1,0.1584704769452419,0
2024-11-22,0.037428345239915034,1,0.15210921548810083,0
2024-11-25,-0.15005724063575557,1,-0.6002990820765365,0
2024-11-26,0.006536970605423659,1,0.0281374099244325,0
2024-11-27,-0.1740559263986421,1,-0.696609474229117,0
2024-11-29,-0.02427328549060434,1,-0.0955088545522179,0
2024-12-02,0.10244288244204314,1,0.41302248529885405,0
2024-12-03,0.09500513241917347,1,0.3831736582208631,0
2024-12-04,0.284285708590843,1,1.1427855260570476,-1
2024-12-05,-0.21623341957652512,1,-0.8658741976439595,0
2024-12-06,0.11912563949869798,1,0.4799729379272818,0
2024-12-09,-0.14876126796635805,1,-0.5950981457735275,0
2024-12-10,-0.004775994732027722,1,-0.017263248212583873,0
2024-12-11,0.31241538260186036,1,1.255674205124425,-1
2024-12-12,-0.08548504614441059,1,-0.3411610011391358,0
2024-12-13,-0.006170271226075497,1,-0.02285869278140825,0
2024-12-16,0.39298700953091403,0,1.5790204526055718,0
2024-12-17,-0.10376669584947501,1,-0.4145280542222579,0
2024-12-18,-0.005430243372800847,1,-0.019888847955033005,0
2024-12-19,0.12595075333288813,1,0.5073631623900482,0
2024-12-20,-0.215687937102106,1,-0.8636850931428741,0
2024-12-23,-0.00021747721009597598,1,0.0010307789899644843,0
2024-12-24,0.02276550817850248,1,0.09326501037592141,0
2024-12-26,-0.0507457803712391,1,-0.20174702060854346,0
2024-12-27,-0.05592254431051796,1,-0.2225221651310124,0
2024-12-30,-0.00975893244563375,1,-0.037260538481347194,0
2024-12-31,-0.24806793082526774,1,-0.9936309545199395,0
2025-01-02,-0.04746358225247027,1,-0.1885750581492514,0
2025-01-03,0.07342879985093942,1,0.2965845394919226,0
2025-01-06,0.2503869015312673,1,1.0067444347377323,-1
2025-01-07,0.008654014991028275,1,0.03663343245652117,0
2025-01-08,0.12213620162255967,1,0.49205478364223443,0
2025-01-10,-0.24798147904141188,1,-0.9932840103044224,0
2025-01-13,-0.20431327839739516,1,-0.8180368500983892,0
2025-01-14,0.03995769756331638,1,0.1622598927612518,0
2025-01-15,0.28362181629743277,1,1.1401212248633426,-1
2025-01-16,-0.03059511045712071,1,-0.1208793039035216,0
2025-01-17,-0.05437836827353301,1,-0.2163251507968095,0
2025-01-21,-0.07175905065298105,1,-0.2860764843649502,0
2025-01-22,0.5242309145897752,0,2.105722293228974,0
2025-01-23,-0.22958425472972563,1,-0.9194531386690425,0
2025-01-24,-0.091489937987805,1,-0.36525954945070743,0
2025-01-27,-0.615889499881544,0,-2.469755101816853,0
2025-01-28,0.37190436564126694,0,1.4944125819627048,0
2025-01-29,-0.14533448049035413,1,-0.5813459241352958,0
2025-01-30,0.0013542174494849402,1,0.0073382297605581815,0
2025-01-31,0.1837825656786427,1,0.7394510600751647,0
2025-02-03,-0.0658220954549629,1,-0.2622505761896912,0
2025-02-04,-0.00335871950868058,1,-0.01157550622965449,0
2025-02-05,-0.12790146650422002,1,-0.5113845758350274,0
2025-02-06,0.10627707666534825,1,0.42840969245195354,0
2025-02-07,-0.03293963887728671,1,-0.13028825461815852,0
2025-02-10,0.014495193919840513,1,0.06007497583208776,0
2025-02-11,-0.20899800017009362,1,-0.8368373542389982,0
2025-02-12,-0.1175377756005132,1,-0.4697935010176004,0
2025-02-13,-0.30715315445582336,0,-1.230748983169742,0
2025-02-14,0.01605838807900739,1,0.06634831279593145,0
2025-02-18,0.07745085001573046,1,0.3127256412362284,0
2025-02-19,-0.1820492232322328,1,-0.7286877955272624,0
2025-02-20,-0.34161591110441636,0,-1.3690532903421746,0
2025-02-21,-0.29609225247631754,0,-1.1863598937949025,0
2025-02-24,-0.2491677493953641,1,-0.9980446944567523,0
2025-02-25,-0.16004144917943872,1,-0.6403672362111407,0
2025-02-26,0.3623779826753267,0,1.45618175181182,0
2025-02-27,-0.1447230696433335,1,-0.5788922390033391,0
2025-02-28,0.03328837974401633,1,0.1354949015065922,0
2025-03-03,-0.16044379080139495,1,-0.6419818946042197,0
2025-03-04,0.16084093466557192,1,0.6473827901157478,0
2025-03-05,0.13483729432169939,1,0.5430262089405378,0
2025-03-06,-0.08680636721856927,1,-0.3464636644628288,0
2025-03-07,-0.25742173611634905,1,-1.0311692040975935,1
2025-03-10,-0.4817714753882728,0,-1.9315189808350883,0
2025-03-11,0.20239203279715967,1,0.8141336945178663,0
2025-03-12,0.3792968617633913,0,1.5240797982237417,0
2025-03-13,-0.08051304035514001,1,-0.32120758235275826,0
2025-03-14,0.06259035347867858,1,0.2530881984526372,0
2025-03-17,-0.15240556737890099,1,-0.6097232760415449,0
2025-03-18,-0.02728328050050055,1,-0.10758842435219125,0
2025-03-19,0.009581006210252208,1,0.04035358983211895,0
2025-03-20,-0.12431468878796306,1,-0.49699028892157215,0
2025-03-21,0.056174864411850434,1,0.22734186075808108,0
2025-03-24,0.04023666432129486,1,0.16337942897768876,0
2025-03-25,0.34885571873646803,0,1.4019148408813802,0
2025-03-26,-0.42179774298889816,0,-1.6908352307619776,0
2025-03-27,-0.10444165725520957,1,-0.417236777454706,0
2025-03-28,-0.31266369898462565,0,-1.2528636401883342,0
2025-03-31,-0.21190761703138633,1,-0.8485140911942454,0
2025-04-01,0.12050768553644477,1,0.485519299806571,0
2025-04-02,0.028815309922423787,1,0.11754378897901878,0
2025-04-03,-0.15533619384697328,1,-0.6214843277583546,0
2025-04-04,-0.16158871461452495,1,-0.6465766487718794,0
2025-04-07,0.3453198211416888,0,1.3877247436681739,0
2025-04-08,0.3402995527455046,0,1.3675776396673607,0
2025-04-09,0.252399736456673,1,1.0148222487863678,-1
2025-04-10,0.06289101393042817,1,0.25429479477623906,0
2025-04-11,0.06184019808649943,1,0.25007771026549336,0
2025-04-14,-0.1574815354842528,1,-0.6300939114842761,0
2025-04-15,0.06297504824120034,1,0.2546320373029634,0
2025-04-16,-0.13577930126521665,1,-0.54299953019716,0
2025-04-17,-0.5362562676870042,0,-2.1501747757602336,0
2025-04-21,-0.10368458181039153,1,-0.41419851803917274,0
2025-04-22,0.026272195924075925,1,0.10733788400198974,0
2025-04-23,0.10148636525909033,1,0.40918383572024536,0
2025-04-24,0.3154890441525705,1,1.268009278478775,-1
2025-04-25,0.08127479450553882,1,0.32807171464299345,0
2025-04-28,-0.13858395803553414,1,-0.5542550462729776,0
2025-04-29,0.14696507752156346,1,0.5916968556359798,0
2025-04-30,0.057198203706152306,1,0.23144867767768826,0
2025-05-01,0.11116860399024381,1,0.4480401388664113,0
2025-05-02,0.11687968974967589,1,0.47095959847942653,0
2025-05-05,0.1718024616440561,1,0.6913730724303543,0
2025-05-06,-0.05182009989177627,1,-0.20605842896408427,0
2025-05-07,0.0900934743549382,1,0.36346242407414014,0
2025-05-08,0.21886422999180072,1,0.8802391382536195,0
2025-05-09,0.02550135656586583,1,0.10424438789935447,0
2025-05-12,0.14598062731330252,1,0.5877461065595897,0
2025-05-13,0.3472475878508815,0,1.3954611659696052,0
2025-05-14,0.1394731847271909,1,0.5616307453447666,0
2025-05-15,-0.2772503274836642,0,-1.1107443703916038,0
2025-05-16,-0.16587948066025948,1,-0.6637961483970941,0
2025-05-19,0.004427301339904016,1,0.01967098487591331,0
2025-05-20,-0.10870435798522907,1,-0.4343436466805269,0
2025-05-21,0.28136210903102743,1,1.1310526743965457,-1
2025-05-22,0.19711514361141047,1,0.7929567320855665,0
2025-05-23,-0.12571188480938528,1,-0.502597449999755,0
2025-05-27,-0.11014083054109614,1,-0.44010843049156073,0
2025-05-28,-0.053424316497915236,1,-0.212496395274467,0
2025-05-29,-0.14489622899261995,1,-0.5795871539249076,0
2025-05-30,0.04526703112123273,1,0.18356705941545928,0
2025-06-02,-0.02953614820788842,1,-0.11662952662379804,0
2025-06-03,0.05735155790070608,1,0.23206411148775788,0
2025-06-04,0.14544743997471815,1,0.5856063443168895,0
2025-06-05,-0.04945468865693818,1,-0.1965656723239817,0
2025-06-06,0.022763933774020695,1,0.09325869205022035,0
2025-06-09,-0.19304508536923237,1,-0.77281587007824,0
2025-06-10,-0.19513033171632582,1,-0.7811842822241204,0
2025-06-11,-0.0411407104163391,1,-0.16320040755025728,0
2025-06-12,-0.007503332913454508,1,-0.028208472979522357,0
2025-06-13,-0.06560944006719505,1,-0.26139715763204024,0
2025-06-16,-0.0019329126267119134,1,-0.005853525397328539,0
2025-06-17,0.039947012344322796,1,0.1622170113450911,0
2025-06-18,-0.1582344424400713,1,-0.6331154421166503,0
2025-06-20,-0.1860569359852791,1,-0.7447713590479659,0
2025-06-23,0.10792502048170016,1,0.4350231427369571,0
2025-06-24,0.16308997756778076,1,0.6564085428598706,0
2025-06-25,0.3086447666325396,1,1.2405421472171678,-1
2025-06-26,-0.11745033150164938,1,-0.4694425744903642,0
2025-06-27,-0.051003571140894904,1,-0.20278157434886793,0
2025-06-30,0.0019295780673792562,1,0.009647239815777456,0
2025-07-01,-0.3723173367381417,0,-1.492262801547997,0
2025-07-02,-0.03346512203599833,1,-0.1323970988100917,0
2025-07-03,0.19743821560081803,1,0.7942532693335135,0
2025-07-07,-0.005300762980961438,1,-0.019369223362364334,0
2025-07-08,-0.12625494950919236,1,-0.5047768516019681,0
2025-07-09,0.058966619411513425,1,0.23854560005730888,0
2025-07-10,-0.2683646517359568,0,-1.0750847961858436,0
2025-07-11,-0.11342336351695437,1,-0.4532817367835074,0
2025-07-14,0.013788587555695342,1,0.05723925654726034,0
2025-07-15,0.19618520797975503,1,0.7892247583330746,0
2025-07-16,-0.04568495083576404,1,-0.18143713855938828,0
2025-07-17,0.15299510962256463,1,0.6158962956419071,0
2025-07-18,0.04472310106221166,1,0.18138418499452288,0
2025-07-21,-0.11024167283665674,1,-0.4405131260289317,0
2025-07-22,-0.41347026043694307,0,-1.6574157711237805,0
2025-07-23,-0.12721610395830435,1,-0.5086341112380907,0
2025-07-24,0.5275524324428332,0,2.1190520517886915,0
2025-07-25,0.13643623727435095,1,0.5494430112738399,0
2025-07-28,0.14349629984398143,1,0.5777761209041351,0
2025-07-29,-0.30306856768218887,0,-1.2143569124606723,0
2025-07-30,0.010343018823352146,1,0.04341166285819954,0
2025-07-31,0.3384235568313596,1,1.3600489814752792,-1
2025-08-01,-0.27047820398809197,0,-1.08356680425284,0
2025-08-04,0.10049732006150813,1,0.40521464624975034,0
2025-08-05,-0.2639406805255549,0,-1.0573307238855827,0
2025-08-06,0.26983624564667574,1,1.0847976238737096,-1
2025-08-07,-0.3256161392266982,0,-1.3048437615738158,0
2025-08-08,0.042561805500260286,1,0.17271057573167414,0
2025-08-11,-0.012587717251231506,1,-0.04861288404869098,0
2025-08-12,-0.23512592954476377,1,-0.9416927262819522,0
2025-08-13,-0.29629222303857133,0,-1.187162406209954,0
2025-08-14,0.13268490263146454,1,0.5343883322750973,0
2025-08-15,-0.2727638982276744,0,-1.0927396444129254,0
2025-08-18,0.11209523377125563,1,0.4517588457352484,0
2025-08-19,-0.2700131028280266,0,-1.0817002822457977,0
2025-08-20,-0.07563867274492839,1,-0.3016460004947502,0
2025-08-21,-0.11053528284824907,1,-0.4416914278591141,0
2025-08-22,-0.17215359061881924,1,-0.6889751101322313,0
2025-08-25,0.03592784396168036,1,0.14608747463278626,0
2025-08-26,-0.06074548845222822,1,-0.2418773767541607,0
2025-08-27,-0.17921065470825207,1,-0.7172961864034271,0
2025-08-28,0.1900859826043535,1,0.7647476351465907,0
2025-08-29,-0.25042583774036686,1,-1.0030935951785238,1
2025-09-02,-0.20854825033401847,1,-0.835032439440291,0
2025-09-03,-0.021361282643607912,1,-0.08382254227184392,0
2025-09-04,0.0297985603315149,1,0.12148972307805173,0
2025-09-05,-0.3526582696853054,0,-1.413367962225562,0
2025-09-08,0.25893569797637916,1,1.0410520608384326,-1
2025-09-09,-0.1142257759414915,1,-0.4565019404246079,0
2025-09-10,-0.2661662098195421,0,-1.0662621129278291,0
2025-09-11,-0.007685348242412626,1,-0.02893892830040693,0
2025-09-12,-0.10666726084091532,1,-0.42616846464096836,0
2025-09-15,0.11080383523800857,1,0.4465762661393842,0
2025-09-16,-0.006822425192564235,1,-0.025475886275958873,0
2025-09-17,0.08592896426598716,1,0.34674960889113027,0
2025-09-18,0.03260223733678562,1,0.13274130720706184,0
2025-09-19,0.07616329171127126,1,0.3075584730651468,0
2025-09-22,0.24657496519782068,1,0.9914465518968865,0
2025-09-23,-0.5356104237459524,0,-2.1475829053617193,0
2025-09-24,-0.1781279522872055,1,-0.7129511361875188,0
2025-09-25,0.23867336973816028,1,0.9597362422211865,0
2025-09-26,-0.11719189495270638,1,-0.468405429139107,0
2025-09-29,0.0826096273078064,1,0.3334286025957217,0
2025-09-30,-0.11471458657667943,1,-0.4584636121773214,0
2025-10-01,-0.17637085127395571,1,-0.7058996213958426,0
2025-10-02,0.2059239290497184,1,0.8283077337334724,0
2025-10-03,-0.011876552736713397,1,-0.04575887221008601,0
2025-10-06,0.26812166062908316,1,1.0779167322676095,-1
2025-10-07,-0.05208974914818694,1,-0.20714057262333102,0
2025-10-08,0.343733027558509,0,1.3813566986105736,0
2025-10-09,0.07170586619119629,1,0.2896701435094826,0
2025-10-10,-0.23263800956927955,1,-0.9317083233504517,0
2025-10-13,0.03254161545599747,1,0.13249802233848948,0
2025-10-14,-0.2830350696443405,0,-1.1339594243950148,0
2025-10-15,-0.2957246079714688,0,-1.1848844802333198,0
2025-10-16,-0.26129339063799334,1,-1.0467067451505927,1
2025-10-17,-0.1590128587662505,1,-0.6362393457492496,0
2025-10-20,0.06186150083175335,1,0.25016320143653503,0
2025-10-21,0.13998750227261034,1,0.5636947802248309,0
2025-10-22,-0.34830555384304535,0,-1.3958998486030603,0
2025-10-23,0.3458043145129628,0,1.389669089581269,0
2025-10-24,0.03902303696341586,1,0.15850895698937734,0
2025-10-27,-0.140404062031353,1,-0.5615594016584248,0
2025-10-28,0.15942468501113605,1,0.6416991638975316,0
2025-10-29,0.0357710784311186,1,0.14545835061018,0
2025-10-30,0.16907803419236714,1,0.6804395288665145,0
2025-10-31,0.06424328978294114,1,0.25972168435430915,0
2025-11-03,0.06694998535150645,1,0.2705840671623427,0
2025-11-04,-0.0349332132172506,1,-0.1382887729950511,0
2025-11-05,-0.18454596108856652,1,-0.7387075859616854,0
2025-11-06,-0.11889663117031124,1,-0.47524679600629344,0
2025-11-07,-0.44830276027377947,0,-1.7972039141948661,0
2025-11-10,0.18767592775250702,1,0.7550757168514013,0
2025-11-11,-0.3059966992448161,0,-1.226107951740794,0
2025-11-12,0.1083867919911157,1,0.43687630234728364,0
2025-11-13,-0.14138798494555416,1,-0.5655080346232003,0
2025-11-14,-0.07003397051120369,1,-0.27915347422219716,0
2025-11-17,-0.0013636866881436838,1,-0.003569134747416009,0
2025-11-18,-0.2591816687343198,1,-1.0382320825515883,1
2025-11-19,0.34102037269131236,0,1.3704704002267538,0
2025-11-20,-0.09745531581051473,1,-0.3891995219608678,0
2025-11-21,-0.34884550368940836,0,-1.3980667498225583,0
2025-11-24,0.054683226496917224,1,0.22135568993371693,0
2025-11-25,-0.11223576869266005,1,-0.4485157373293605,0
2025-11-26,-0.23606662704053463,1,-0.9454678890391875,0
2025-11-28,0.012419813232644267,1,0.05174615608651345,0
2025-12-01,0.06949148455674092,1,0.280783491727922,0
2025-12-02,0.28992669936800075,1,1.1654236837980576,-1
2025-12-03,0.31289088143143634,1,1.2575824545676249,-1
2025-12-04,0.18388922214943812,1,0.739879088785962,0
2025-12-05,-0.03501820725826894,1,-0.13862986706586758,0
2025-12-08,0.031140149812551088,1,0.12687372661487,0
2025-12-09,0.03250213056357004,1,0.13233956343322437,0
2025-12-10,-0.09115605293223517,1,-0.3639196177163811,0
2025-12-11,0.039871055930283894,1,0.1619121866519863,0
2025-12-12,-0.22708424570478097,1,-0.9094202205352602,0
2025-12-15,-0.2887933007492783,0,-1.157068085481756,0
2025-12-16,0.2332198241115888,1,0.9378503305047479,0
2025-12-17,-0.3663779069154318,0,-1.4684269623258113,0
2025-12-18,0.09964037365276518,1,0.4017755893990867,0
2025-12-19,0.22737296686802044,1,0.9143859991846107,0
2025-12-22,0.1456121578738023,1,0.5862673824092286,0
2025-12-23,0.11136366350000682,1,0.44882294247757476,0
2025-12-24,-0.13561829669569148,1,-0.542353394263612,0
2025-12-26,-0.02638829719109452,1,-0.10399671960841692,0
2025-12-29,-0.030731340423276698,1,-0.12142601556902897,0
2025-12-30,-0.16319657194936688,1,-0.6530292258827272,0
2025-12-31,-0.06128832985457505,1,-0.24405588222955354,0
