,spread,regime,z_score,signal
0,0.08585797681037333,0,0.23023961193490702,0
1,-0.32789351532172106,0,-0.8799684975228252,0
2,-0.11734586022301419,0,-0.31501170929868416,0
3,-0.21015380708841563,0,-0.5640407453056302,0
4,-0.2571744888557801,0,-0.6902100599861755,0
5,0.1363936203433043,0,0.36584052778372056,0
6,0.04944337433722362,0,0.13252930094595378,0
7,0.08782423982128437,0,0.23551563191683206,0
8,-0.23655375005405543,0,-0.6348789932081117,0
9,0.0042005926909428615,0,0.011130577235513936,0
10,-0.4157585701017265,0,-1.1157344058269494,1
11,0.04485120962620692,0,0.12020727045401615,0
12,-0.022075069811449077,0,-0.05937419228497083,0
13,-0.2716788313155565,0,-0.7291291670526338,0
14,-0.13612223932890782,0,-0.36539385593988744,0
15,-0.1694085960783538,0,-0.45471023038268904,0
16,-0.0027462094313327537,0,-0.007509587688619585,0
17,-0.016083674571359466,0,-0.04329764462531835,0
18,-0.28039542046936566,0,-0.7525181533146597,0
19,0.40785735821891594,0,1.0942517817472306,-1
20,0.044566196435403604,0,0.11944250232205918,0
21,-0.28538399637777656,0,-0.7659038631754838,0
22,-0.06686626621269842,0,-0.17956118960727896,0
23,0.07225064893609444,0,0.19372743967366088,0
24,-0.12884722658366593,0,-0.3458730123906457,0
25,0.16490184484829307,0,0.4423358701173153,0
26,0.03998016087800221,0,0.10713691802107729,0
27,-0.06630958141757179,0,-0.17806745245898103,0
28,-0.14450922612925143,0,-0.38789842918426304,0
29,-0.0030121306727232955,0,-0.008223126912726099,0
30,0.18332355334518496,0,0.49176633877357406,0
31,0.0958768476861063,0,0.2571229752710264,0
32,-0.10506470237067722,0,-0.2820580129363227,0
33,0.028466114080277202,0,0.07624158985769498,0
34,-0.20450152120787568,0,-0.5488741205541103,0
35,0.19662428950789446,0,0.5274558418458274,0
36,-0.17007412744038441,0,-0.4564960325592984,0
37,-0.24258200959955484,0,-0.6510544578543944,0
38,0.17185242371363035,0,0.46098616907323875,0
39,-0.07921902458636276,0,-0.21270700969832937,0
40,0.012255654134263883,0,0.03274450421006664,0
41,-0.282616736548722,0,-0.7584785502482444,0
42,0.1927810953641151,0,0.5171435036771904,0
43,-0.07786087309329698,0,-0.2090627187890597,0
44,-0.2384634150002937,0,-0.6400031451446659,0
45,0.10964821570561922,0,0.2940753119860054,0
46,-0.07154261879855905,0,-0.19210911913075387,0
47,0.019805936705312277,0,0.05300397178535006,0
48,-0.12625024935214835,0,-0.33890461411937756,0
49,-0.3065630700214382,0,-0.8227330946275091,0
50,-0.13722303044071127,0,-0.3683475787478598,0
51,-0.15492779719700733,0,-0.41585429715897354,0
52,0.09221273311858277,0,0.2472911564517529,0
53,-0.08486423840501174,0,-0.22785465817879944,0
54,0.09452189597032146,0,0.25348727023698214,0
55,-0.029444107751748716,0,-0.07914733107913968,0
56,-0.1508662421041579,0,-0.4049560370032103,0
57,0.04503682743403675,0,0.12070533366207982,0
58,-0.24141828269289275,0,-0.6479318611422649,0
59,0.25834355703059114,0,0.6930654713371768,0
60,-0.09946751030760048,0,-0.2670392199246075,0
61,0.11219132891946598,0,0.3008991784057557,0
62,-0.0797302525051837,0,-0.21407877364854855,0
63,-0.23148264521337297,0,-0.6212718357111701,0
64,0.10379539398870619,0,0.2783705948867552,0
65,0.125237384277795,0,0.335905303412375,0
66,-0.06495199963522846,0,-0.17442469023897567,0
67,-0.12101973374696612,0,-0.3248697140599366,0
68,0.1991682410969835,0,0.5342819578550305,0
69,0.24096712883068783,0,0.6464397748314499,0
70,0.02205972186910815,0,0.05905149212884857,0
71,0.03264448291198333,0,0.08745329313726788,0
72,0.058710934554005584,0,0.15739669285441452,0
73,-0.2724378260431768,0,-0.7311657569324612,0
74,-0.0703450844458468,0,-0.18889580781945378,0
75,-0.20846947836842697,0,-0.5595212319274719,0
76,-0.10517083528407149,0,-0.2823427964920835,0
77,-0.26867289397388294,0,-0.7210634172566612,0
78,0.1797203928291332,0,0.4820980763004047,0
79,0.4955826295456094,1,1.329642612918375,0
80,0.042050766749343604,0,0.11269291835840076,0
81,-0.11520326499154576,0,-0.3092625418721114,0
82,0.06484503508020098,0,0.17385615772140006,0
83,0.0394621754320012,0,0.10574702178223108,0
84,0.32618295954457655,0,0.8750970923560769,0
85,0.07500717851611574,0,0.20112396041592984,0
86,-0.22620592835620618,0,-0.6071129650906658,0
87,0.012988276281145295,0,0.03471032926230935,0
88,0.08242393589727935,0,0.221025143486031,0
89,1.098474646305366,1,2.947366340474907,0
90,0.6944528125227127,1,1.8632655582587985,0
91,-0.28554113601096487,0,-0.766325511673194,0
92,0.38878360304406245,0,1.0430716939998415,-1
93,-0.0768246235000706,0,-0.20628217847996297,0
94,-0.3874843273233743,0,-1.0398669002874608,1
95,-0.35066161482017066,0,-0.9410615187705872,0
96,0.027935224974908066,0,0.07481706958112423,0
97,0.08615175541633957,0,0.2310279000666264,0
98,0.13641906622828057,0,0.36590880603380593,0
99,0.06945631677981912,0,0.1862294843081611,0
100,0.0934467110688238,0,0.25060225587568496,0
101,0.00661321343182697,0,0.017604296756796815,0
102,0.014727800342732456,0,0.0393779467972193,0
103,0.42311195491297743,1,1.1351840255658154,0
104,1.1116354821269336,1,2.98268045277225,0
105,-0.06893409779111896,0,-0.18510974575997152,0
106,-0.263479366216377,0,-0.7071277656814493,0
107,-0.12281540574615418,0,-0.3296879918265055,0
108,-0.03562202811847093,0,-0.09572437653068659,0
109,-0.23182562460447598,0,-0.6221921429695615,0
110,0.16487158421875986,0,0.44225467259429985,0
111,0.1328315442094435,0,0.35628250591426575,0
112,-0.15822215032058784,0,-0.42469394516693487,0
113,-0.22870324253269708,0,-0.613813940200911,0
114,0.06769860087697613,0,0.18151305310110194,0
115,0.17491926699516552,0,0.4692153461187424,0
116,-0.023141225069356442,0,-0.06223497764956321,0
117,-0.02026115028618175,0,-0.054506951428682705,0
118,0.06304099016461576,0,0.16901541313631646,0
119,0.14536304561372193,0,0.3899079423109257,0
120,-0.10071587953545695,0,-0.2703889350717888,0
121,-0.052255456060234795,0,-0.14035640068090147,0
122,-0.018307707694786512,0,-0.04926533212925373,0
123,0.05330628268087774,0,0.14289453769015759,0
124,0.04531978895325234,0,0.12146459659954695,0
125,0.023328986252458772,0,0.06245727467764441,0
126,-0.18532037151543435,0,-0.4974058640227904,0
127,-0.0919494981359748,0,-0.24686634263314375,0
128,-0.23763253967647585,0,-0.6377736800188788,0
129,-0.5066056214879037,0,-1.3595018244035495,1
130,-0.15698190591608213,0,-0.42136603113695426,0
131,0.08141734056227687,0,0.21832417364033121,0
132,0.031812647830759516,0,0.08522125272057429,0
133,-0.11787950455840049,0,-0.31644362260891556,0
134,0.18798013143068432,0,0.5042612079188291,0
135,0.04567111154373896,0,0.12240729093760004,0
136,-0.026653916839840627,0,-0.07166048780185512,0
137,0.014869478907089423,0,0.0397581090300487,0
138,-0.14307168365241418,0,-0.3840411106106176,0
139,0.026168802685741288,0,0.07007727676477893,0
140,-0.061406765971328325,0,-0.1649118613104267,0
141,0.09579658443821451,0,0.2569076070840945,0
142,-0.23334103680177443,0,-0.626258407243177,0
143,-0.006127766719781713,0,-0.016583228256986063,0
144,0.003984116269902693,0,0.010549711951121313,0
145,-0.25744509081106903,0,-0.6909361588423966,0
146,-0.06660882924189498,0,-0.1788704159953521,0
147,0.11183328493659522,0,0.2999384487385893,0
148,-0.1276074947956062,0,-0.3425464738504125,0
149,-0.07034190022746108,0,-0.18888726369298814,0
150,-0.13508812421652544,0,-0.3626190430251024,0
151,0.062394659719165135,0,0.16728113225618946,0
152,0.08950389584529567,0,0.24002260717714488,0
153,0.06873168203358779,0,0.1842850916305293,0
154,0.03760113855036362,0,0.10075335220693361,0
155,-0.0028488645922615796,0,-0.007785039485913613,0
156,0.07825948264885307,0,0.20985077951205316,0
157,-0.12489747692190414,0,-0.3352747567028671,0
158,-0.02627918720022218,0,-0.07065498596640615,0
159,-0.07947432811364669,0,-0.21339205869936906,0
160,-0.03967044927562574,0,-0.10658739475453045,0
161,0.008275849625944062,0,0.02206560317112492,0
162,-0.0015482704163407024,0,-0.004295190558045905,0
163,0.18875003268058937,0,0.5063270629728415,0
164,0.2975621275967695,0,0.7982995935382653,0
165,-0.057271270829366006,0,-0.15381519983478947,0
166,-0.00474292937960932,0,-0.01286733194101962,0
167,0.03538219461850198,0,0.09479932039211098,0
168,-0.14700796547080403,0,-0.3946032284011009,0
169,-0.20706983018147568,0,-0.5557655940697478,0
170,0.021849567367344364,0,0.05848759027825967,0
171,0.03810500318442456,0,0.10210535845571062,0
172,-0.06872913138137773,0,-0.1845597649753983,0
173,-0.06423017306180523,0,-0.17248783265495343,0
174,0.10270872652966279,0,0.27545476969154686,0
175,-0.14100930849096877,0,-0.3785071955129775,0
176,-0.0400776482994978,0,-0.1076800208043761,0
177,-0.12045660937200361,0,-0.3233586977624604,0
178,0.09104112953126786,0,0.24414742445696527,0
179,-0.21416140345243492,0,-0.5747942194740014,0
180,-0.04097221205104279,0,-0.110080379353597,0
181,-0.2969550024854121,0,-0.796952028703744,0
182,-0.18616116006481828,0,-0.49966192903673173,0
183,0.12067338995595134,0,0.3236588617584264,0
184,-0.07560819499668579,0,-0.20301816900878458,0
185,0.057363311608383774,0,0.1537806529097344,0
186,-0.05560976583016643,0,-0.1493569287249731,0
187,-0.06256792404136768,0,-0.16802756513321418,0
188,0.23990232547112972,0,0.6435826169788763,0
189,-0.007970232175297631,0,-0.0215270656304026,0
190,-0.00470847239197153,0,-0.012774874444598688,0
191,-0.021392625749309634,0,-0.05754300872081199,0
192,0.1192389008555184,0,0.3198097362265216,0
193,0.06635141569274579,0,0.17789818778964023,0
194,-0.15223434125148816,0,-0.40862702018222286,0
195,-0.18116816954805298,0,-0.4862643735775513,0
196,0.006829870766182411,0,0.01818564748096076,0
197,-0.22049853077439724,0,-0.5917984606122124,0
198,-0.3026650978869123,0,-0.8122737721682942,0
199,-0.057038903317183864,0,-0.15319169441836245,0
200,0.08015102917139534,0,0.2149263147757968,0
201,0.11078217406352342,0,0.2971180315620612,0
202,-0.047121395220588724,0,-0.126580315066678,0
203,-0.05945998363062879,0,-0.15968811328028376,0
204,-0.30003430810263676,0,-0.8052146455951656,0
205,-0.08265599498895093,0,-0.22192933876657445,0
206,-0.37652053992203505,0,-1.0104480681749441,1
207,-0.05508744319923771,0,-0.14795539463594262,0
208,0.1721551075308096,0,0.461798352315654,0
209,-0.05705409470639273,0,-0.1532324570592576,0
210,0.0022132172121705485,0,0.0057979067436186495,0
211,0.014458322763808346,0,0.03865486494947319,0
212,-0.36528563279116016,0,-0.9803017478766728,0
213,-0.07819671449431198,0,-0.2099638728730659,0
214,-0.010213708966695906,0,-0.027546925799016533,0
215,-0.20798877043533534,0,-0.558231361423685,0
216,-0.07778951441960685,0,-0.20887124400354848,0
217,-0.24725340720614125,0,-0.663589091816942,0
218,0.4253183439263126,1,1.1411043691097151,0
219,-0.15084622478753293,0,-0.40490232508272367,0
220,0.07511405506623697,0,0.20141073935186554,0
221,-0.22178746190110982,0,-0.5952570143978069,0
222,0.09486868318624576,0,0.2544177949280025,0
223,-0.2472768079017281,0,-0.6636518822660437,0
224,-0.12230633132274488,0,-0.3283220062918694,0
225,-0.047241506803369394,0,-0.12690260720526522,0
226,-0.1266998202019191,0,-0.34011093533557263,0
227,0.047463238404501014,0,0.12721605613078962,0
228,0.08970606761202193,0,0.24056508917223396,0
229,-0.3261098947049769,0,-0.8751825569025237,0
230,-0.09196247690738044,0,-0.2469011682169527,0
231,-0.1969733317114635,0,-0.5286739347242476,0
232,-0.16838887580802922,0,-0.45197404275552433,0
233,-0.0773912075500709,0,-0.20780247802923663,0
234,1.2428951213294432,1,3.3348858675157405,0
235,0.2808871641964998,0,0.7535561184235461,0
236,-0.11341123378970053,0,-0.30445403335788784,0
237,0.06771276036804819,0,0.18155104687783247,0
238,0.03931338897144254,0,0.10534778712512198,0
239,-0.04826386762626601,0,-0.12964588015522557,0
240,-0.359120784343127,0,-0.9637597779485034,0
241,-0.05898592589978535,0,-0.1584160870830574,0
242,-0.6280972342094506,1,-1.68549695974314,0
243,-0.17301625386305244,0,-0.4643905602543262,0
244,-0.16806128402777382,0,-0.4510950246542068,0
245,0.3090449481173668,0,0.8291111330827433,0
246,0.35679667697995193,0,0.9572420465223097,0
247,-0.1330097671474807,0,-0.35704224411010144,0
248,0.2790021398513601,0,0.7484980839407817,0
249,0.2711939711627542,0,0.7275466375703197,0
250,0.5647987228965616,1,1.5153682709630771,0
251,-0.536273341689196,0,-1.4391084099577647,1
252,0.0668926310788327,0,0.1793504162940033,0
253,-0.26545796250992854,0,-0.712436879224761,0
254,-0.18152396897601197,0,-0.4872190804916581,0
255,-0.22979588014295976,0,-0.6167457849402765,0
256,-0.309359610183764,0,-0.8302369746755046,0
257,0.10629764939542323,0,0.2850848286654815,0
258,-0.14644145868341682,0,-0.39308313616849255,0
259,0.06344468357730673,0,0.17009863267516248,0
260,-0.2833291938827798,0,-0.760390267607468,0
261,-0.10441673995537337,0,-0.28031935303593863,0
262,-0.014618960441672435,0,-0.039367417095657366,0
263,0.11389774179367157,0,0.30547794959341656,0
264,-0.1606379031666309,0,-0.4311760689806814,0
265,0.3670301636599963,0,0.9847012826006312,0
266,-0.28346197490269043,0,-0.7607465553016277,0
267,0.5307005562269199,1,1.4238735890727419,0
268,0.08250953722832773,0,0.22125483520610326,0
269,0.23393703814187422,0,0.6275761239652619,0
270,-0.06721163611421833,0,-0.18048791125716152,0
271,0.34642497159115837,0,0.9294119319474748,0
272,-0.03821101501609013,0,-0.10267133455663856,0
273,0.03072240042445873,0,0.08229582155039748,0
274,-0.25395340777912273,0,-0.6815670208660068,0
275,-0.02279772208397496,0,-0.06131326544490557,0
276,0.20633040350625986,0,0.5534999931714889,0
277,0.2786266169937167,0,0.7474904536850113,0
278,-0.233522156268419,0,-0.62674440017486,0
279,-0.22323096197484832,0,-0.59913031882895,0
280,-0.1242994371713034,0,-0.33367005292893354,0
281,-0.11548675140463997,0,-0.31002321324302645,0
282,0.15132051242324684,0,0.40589345073695515,0
283,-0.12380119162567133,0,-0.3323331242270901,0
284,-0.0722874471892804,0,-0.19410769686462992,0
285,-0.07101018129839687,0,-0.19068044408860868,0
286,-0.04104018604548548,0,-0.11026277212147231,0
287,-0.34259237030109646,0,-0.9194095347351715,0
288,0.21302322273411917,0,0.5714586527127862,0
289,-0.1151247570472724,0,-0.30905188364356945,0
290,0.020211183275532472,0,0.05409135886949079,0
291,-0.2549268442968827,0,-0.684179016560549,0
292,-0.24081128694783044,0,-0.6463031259923276,0
293,0.030086313588486763,0,0.0805890270685786,0
294,0.00875013773377431,0,0.02333824753264518,0
295,0.16090629422400754,0,0.4316147179542809,0
296,-0.1279349277705568,0,-0.34342506583378096,0
297,0.44560728023756646,1,1.1955451193024278,0
298,-0.09060569187641881,0,-0.2432605438982287,0
299,0.13393942057839942,0,0.35925524039977375,0
300,0.06116732996338237,0,0.16398787175136986,0
301,0.019618566661798398,0,0.052501206851001146,0
302,0.10516164530403738,0,0.2820366198284942,0
303,0.09238154770327894,0,0.24774413202885268,0
304,0.027310294084226455,0,0.07314020954344765,0
305,0.20332392346116834,0,0.5454327871542165,0
306,-0.0051315276189494025,0,-0.013910047012361575,0
307,-0.060130682959842474,0,-0.16148778252247506,0
308,0.6947220935214626,1,1.8639881126283173,0
309,0.08249063457406322,0,0.22120411422876832,0
310,-0.2758888400357318,0,-0.7404257687831579,0
311,0.04496641773729486,0,0.12051640524056648,0
312,-0.1642697065615846,0,-0.4409211881106601,0
313,0.1366002923623124,0,0.36639508518318376,0
314,-0.0607102963943591,0,-0.1630430434643391,0
315,-0.14415909005788752,0,-0.3869589186006546,0
316,-0.10249281684825506,0,-0.27515694256464557,0
317,-0.25637010314323583,0,-0.6880516737128193,0
318,-0.0992449039262181,0,-0.2664419062845908,0
319,0.08816453780853575,0,0.23642874423730195,0
320,-0.07087640066264717,0,-0.19032147415249467,0
321,0.167997354217384,0,0.45064196609477686,0
322,-0.11127630788235678,0,-0.29872544481984886,0
323,0.08272237588800244,0,0.22182593938450593,0
324,0.01021940898688277,0,0.02728070306746017,0
325,-0.02994190752736689,0,-0.08048306365844624,0
326,0.1337353661221646,0,0.35870770663520535,0
327,0.012327879473405912,0,0.03293830449537948,0
328,0.0212815218708452,0,0.056963369269401105,0
329,-0.05990031509713839,0,-0.1608696427110279,0
330,0.0319245591088127,0,0.08552154120483856,0
331,-0.0797304738638554,0,-0.21407936761424315,0
332,-0.42422492156633257,0,-1.1384519361132792,1
333,-0.16075548965932968,0,-0.43149158561382794,0
334,-0.0733148851715201,0,-0.1968645932179686,0
335,0.14142092641342352,0,0.3793301612325603,0
336,0.15534673890615808,0,0.4166969145959192,0
337,-0.3604712959624686,0,-0.9673835689926967,0
338,-0.22200819667508032,0,-0.5958493060046324,0
339,0.206373649224319,0,0.5536160332288701,0
340,-0.028644087812837924,0,-0.07700065936726322,0
341,0.06181425696389925,0,0.16572375335145775,0
342,-0.05016105004118806,0,-0.13473653805548666,0
343,-0.04890870303020042,0,-0.13137614943117268,0
344,0.040394639646010116,0,0.1082490776100837,0
345,-0.1453379180782312,0,-0.39012203571981596,0
346,-0.14955091499326845,0,-0.4014266555922235,0
347,-0.06889612004571388,0,-0.18500784111012877,0
348,0.021360385728448478,0,0.0571749825104872,0
349,-0.1847166274050006,0,-0.495785853895487,0
350,0.1220301835692604,0,0.3272995091059296,0
351,-0.22692997901299605,0,-0.6090557904970082,0
352,0.311867892642367,0,0.8366858632379252,0
353,0.5375369841129507,1,1.442217589815031,0
354,1.220505531470942,1,3.2748084908753565,0
355,0.19957826802017753,0,0.5353821719301031,0
356,0.11166283708624158,0,0.2994810906642362,0
357,1.045623892244102,1,2.8055533516022555,0
358,-0.2979500160073605,0,-0.7996219213859304,0
359,-0.1627042897401987,0,-0.43672074779121034,0
360,-0.2577689933280226,0,-0.691805277643981,0
361,0.11044494273115563,0,0.29621314791311365,0
362,-0.15124037655007247,0,-0.40595994177160505,0
363,0.03314339541238682,0,0.08879201146068348,0
364,-0.019433606007582052,0,-0.0522864244058015,0
365,-0.2957631965717099,0,-0.7937540883568136,0
366,0.003933715146489936,0,0.010414471989447028,0
367,-0.15097460671455742,0,-0.40524680881076036,0
368,0.09496333475868045,0,0.2546717709142845,0
369,0.23057320768796122,0,0.6185500493291787,0
370,0.2835143032708399,0,0.7606054491461395,0
371,0.10247645170650693,0,0.2748315129850595,0
372,0.17211284331259266,0,0.4616849458900662,0
373,-0.044114399309459006,0,-0.11851172484011602,0
374,0.04352420845791248,0,0.11664656436276168,0
375,0.08876973943022021,0,0.23805266526484606,0
376,-0.5028474127261715,0,-1.3494175251958065,1
377,-0.2752820966584607,0,-0.7387977108048412,0
378,0.3042871293993412,0,0.8163446077057293,0
379,-0.1950588194765924,0,-0.5235367761901308,0
380,-0.13062164057703396,0,-0.3506342491292036,0
381,0.09777650232931717,0,0.26222026683411864,0
382,-0.14707594769225885,0,-0.39478564324429377,0
383,0.030571585666527623,0,0.08189114441819377,0
384,0.05419003570484465,0,0.14526588810852084,0
385,-0.06754424506589979,0,-0.1813803917979135,0
386,-0.1404332158826503,0,-0.3769613819081539,0
387,-0.16154306173624247,0,-0.4336048563166485,0
388,0.04763012473136524,0,0.12766385766616903,0
389,0.026292395714686834,0,0.07040891057303594,0
390,-0.2942835626181846,0,-0.7897838268702198,0
391,0.3803680052924965,0,1.0204903497693294,-1
392,0.2966933940854795,0,0.7959685445691804,0
393,-0.017165208396966447,0,-0.04619969488175192,0
394,-0.15520279967215178,0,-0.4165922038102657,0
395,-0.08452716224967771,0,-0.22695019091216007,0
396,-0.3115658718009426,0,-0.8361569763807672,0
397,0.15910837198647965,0,0.4267904021844647,0
398,-0.143367994615208,0,-0.38483619374643835,0
399,-0.3375330463970281,0,-0.9058339887045681,0
400,-0.3399138093828601,0,-0.9122222251794317,0
401,0.2688920480337493,0,0.7213699499359131,0
402,0.1508858062298457,0,0.40472701544832695,0
403,-0.0851012775263974,0,-0.22849069879696132,0
404,-0.03295963458849549,0,-0.08858044848751508,0
405,-0.028663360652797093,0,-0.07705237365378988,0
406,-0.11867198640812071,0,-0.31857006757138245,0
407,-0.04839810093968788,0,-0.1300060647490077,0
408,0.07415710471945927,0,0.19884298055088506,0
409,-0.5941877755825355,1,-1.594508633003998,0
410,-0.08095116430724345,0,-0.21735481303294946,0
411,0.08401562822859693,0,0.22529608816561245,0
412,-0.11724661153515747,0,-0.31474539799780216,0
413,-0.0014606351202472445,0,-0.0040600411549674385,0
414,-0.14757711713124821,0,-0.3961304175495445,0
415,-0.42934966440527866,0,-1.1522030189900194,1
416,0.02508541793585084,0,0.0671702599736293,0
417,-0.2892357440974901,0,-0.7762391529214505,0
418,0.15967238017888347,0,0.4283037900052086,0
419,-0.2004775558222417,0,-0.5380767238358847,0
420,-0.44038728968236573,0,-1.1818199782634025,1
421,-0.1097257998561279,0,-0.2945650088643719,0
422,0.09771004329878241,0,0.2620419391276343,0
423,-0.356094173533735,0,-0.9556385555996867,0
424,0.18395033126874333,0,0.4934481549042611,0
425,-0.31012533867949343,0,-0.8322916330918911,0
426,-0.09531878847332047,0,-0.2559070676257306,0
427,0.1973281138524161,0,0.5293443945393661,0
428,0.10792074085273307,0,0.28944002576461764,0
429,-0.16958090318561217,0,-0.45517257735045386,0
430,0.03407763507733361,0,0.09129883130767963,0
431,-0.15945467513124267,0,-0.4280011454209946,0
432,0.22526930390289246,0,0.6043182287655274,0
433,-0.0798130061872353,0,-0.21430082434962938,0
434,0.466368000907623,1,1.25125179561509,0
435,0.3772462077032127,0,1.0121137153266386,-1
436,-0.06668294025555777,0,-0.17906927605974624,0
437,0.03008295167231645,0,0.08058000613048756,0
438,0.19508811063793108,0,0.5233338549250733,0
439,0.009970030348460224,0,0.026611552159325567,0
440,0.15012462075091365,0,0.4026845471851743,0
441,-0.016987798476599147,0,-0.045723655674557606,0
442,-0.1319022911312615,0,-0.35407058388018753,0
443,-0.1470214204308803,0,-0.3946393317289998,0
444,-0.1398512746628045,0,-0.3753998748833183,0
445,-0.18201022742410555,0,-0.48852384454116987,0
446,0.11932446325826196,0,0.3200393234913338,0
447,0.2377861975543556,0,0.6379044685769305,0
448,-0.45623974225032293,0,-1.2243564324645666,1
449,0.04598370364126114,0,0.123246060798787,0
450,0.27110311743446935,0,0.7273028522358028,0
451,-0.04162517038084629,0,-0.1118324446552839,0
452,0.23190693484218577,0,0.6221288030752832,0
453,-0.13914003756984594,0,-0.3734914317638004,0
454,0.34145022486794635,0,0.9160633295626284,0
455,-0.4640891433758438,0,-1.2454185167099516,1
456,0.09564535238805602,0,0.2565018102430229,0
457,-0.22281436067341176,0,-0.598012463903806,0
458,-0.5801976525436536,1,-1.556969316903793,0
459,-0.3548788278840472,0,-0.9523774517203396,0
460,-0.24688401982795283,0,-0.6625979247260806,0
461,-0.06424719851215921,0,-0.17253351658216481,0
462,-0.1854844062852545,0,-0.49784601405282153,0
463,0.03131744197368114,0,0.08389248033223483,0
464,-0.1906732252521534,0,-0.5117690306584514,0
465,-0.0616441922146215,0,-0.16554894068225895,0
466,0.20584804186237832,0,0.5522056853105817,0
467,-0.04345121604156532,0,-0.11673222324054913,0
468,0.2202730037446867,0,0.5909117926356148,0
469,-0.031489807696573974,0,-0.08463650202220699,0
470,0.19612456471399328,0,0.526114943917394,0
471,-0.09314444988618886,0,-0.250072724117503,0
472,0.032584685841287764,0,0.08729284128616774,0
473,-0.18761193928545777,0,-0.5035547654044916,0
474,-0.1675947104525558,0,-0.44984308048792365,0
475,-0.04427847857805948,0,-0.11895199427251237,0
476,-0.18189555512175912,0,-0.48821614747562175,0
477,-0.3057854948178972,0,-0.8206466482627215,0
478,0.3230988405313786,0,0.866821559810343,0
479,-0.5226522973887224,0,-1.4025594327837057,1
480,-0.2935560848108163,0,-0.7878318054840758,0
481,-0.18416500427045476,0,-0.4943056985631607,0
482,-0.07259617658366668,0,-0.19493610203970105,0
483,-0.10993840751334705,0,-0.2951354932001774,0
484,0.5964099965592946,1,1.600189940583665,0
485,0.08354382488365358,0,0.22403011110066895,0
486,-0.03086347661622803,0,-0.08295588489374117,0
487,-0.2425073741414424,0,-0.6508541905624929,0
488,-0.062164614087033165,0,-0.16694537451773173,0
489,-0.3529630303709065,0,-0.9472368444340492,0
490,0.08941119486017371,0,0.2397738651486708,0
491,-0.20867050888954147,0,-0.5600606516492951,0
492,0.12192971260121166,0,0.32702991809389964,0
493,-0.1818411545654912,0,-0.48807017594470004,0
494,-0.08239206086986783,0,-0.2212211315336321,0
495,0.38574387079372885,0,1.0349152632459357,-1
496,0.7917754901556189,1,2.1244088483661305,0
497,-0.24691712247353564,0,-0.6626867481533538,0
498,0.38898565527832735,0,1.0436138552567327,-1
499,-0.2237247822305516,0,-0.6004553732708594,0
500,-0.08248820224208639,0,-0.2214791050590964,0
501,-0.2802067133096018,0,-0.7520118005326962,0
502,0.2987667062517171,0,0.8015318066338873,0
503,-0.08619647780939904,0,-0.23142941988628765,0
504,-0.22307955480168645,0,-0.5987240520850933,0
505,0.1386090363705379,0,0.3717850932681446,0
506,0.0750294314813577,0,0.20118367119145789,0
507,-0.02495674994553665,0,-0.06710652610023081,0
508,-0.3221188127118182,0,-0.8644733952956795,0
509,0.2531449029658047,0,0.6791160644812647,0
510,-0.05848983100767122,0,-0.15708492917122122,0
511,-0.07104803943794225,0,-0.1907820278033058,0
512,-0.0021456071534888266,0,-0.005898007955130109,0
513,0.12631297612601516,0,0.33879140972272864,0
514,0.12767475039249052,0,0.3424454215212145,0
515,-0.2579334484496004,0,-0.6922465555924344,0
516,0.3469754677760495,0,0.9308890633664875,0
517,-0.15387678810162642,0,-0.4130341530797512,0
518,0.42207194187672337,1,1.1323933869125475,0
519,0.485297082731266,1,1.3020436852996546,0
520,0.615850878410483,1,1.652355129342207,0
521,0.17556801841835779,0,0.4709561231425032,0
522,-0.3846983799441414,0,-1.0323914435658221,1
523,-0.21345047683724097,0,-0.5728866094510129,0
524,0.188323967529614,0,0.5051838139579976,0
525,-0.11702024235688269,0,-0.31413798774737167,0
526,-0.09389021644978374,0,-0.2520738192250975,0
527,-0.07006316718941079,0,-0.1881393469238604,0
528,-0.07606515999839991,0,-0.20424433075149415,0
529,0.10213852446538058,0,0.2739247620230946,0
530,-0.06644964692735644,0,-0.17844328642641144,0
531,0.07934305647647427,0,0.21275830365032777,0
532,0.2524049765098296,0,0.6771306399753789,0
533,0.32793665266890526,0,0.8798027293511175,0
534,0.2475936391413172,0,0.6642205094612051,0
535,0.04921631444931446,0,0.13192003733317426,0
536,-0.19939934663484749,0,-0.535183594490614,0
537,-0.3599612271271393,0,-0.9660149151796407,0
538,-0.19938204850634145,0,-0.5351371788935442,0
539,-0.24165869805952772,0,-0.6485769611473451,0
540,-0.055176374379710846,0,-0.14819402125028097,0
541,-0.2976080274490152,0,-0.7987042728020904,0
542,-0.07510197500124455,0,-0.20165984268296894,0
543,-0.06691247651511728,0,-0.179685184453126,0
544,-0.05947188957021492,0,-0.15972006016369225,0
545,0.1086505143716228,0,0.2913982071709586,0
546,0.8283556170890299,1,2.222563306630901,0
547,0.2631462927666175,0,0.705952521325184,0
548,-0.03449540360066694,0,-0.09270133564801936,0
549,-0.15183272242025814,0,-0.4075493673113055,0
550,-9.120280430482963e-05,0,-0.0003854807209295031,0
551,0.1306350787777922,0,0.350388790046809,0
552,-0.18129052522705255,0,-0.4865926872384001,0
553,0.01118826135952003,0,0.02988039825025324,0
554,0.5405386411866424,1,1.4502718544845097,0
555,-0.15457252595891413,0,-0.4149010075223473,0
556,0.12711565558267837,0,0.34094521764615265,0
557,-0.17040160940629862,0,-0.45737475599878513,0
558,0.16740585641616607,0,0.44905481615543863,0
559,-0.41604976281097017,0,-1.1165157552924254,1
560,-0.16565190743033908,0,-0.44463001005468067,0
561,-0.07920878506130408,0,-0.2126795342596341,0
562,-0.2357670957095234,0,-0.632768185031592,0
563,-0.018871147945713124,0,-0.05077719600810088,0
564,0.21942078729685938,0,0.5886250634530428,0
565,0.42487557720076397,1,1.139916305214721,0
566,-0.07374454483478857,0,-0.1980174872897445,0
567,0.8630651749116088,1,2.3156985177494063,0
568,0.4272261696355164,1,1.1462235858716303,0
569,0.6668704882137116,1,1.7892546587022846,0
570,-0.2174525400748994,0,-0.5836252367321262,0
571,0.40840732727618123,0,1.0957274987390422,-1
572,-0.7518680216489104,1,-2.017607742525254,0
573,-0.6861225393683301,1,-1.8411946806363877,0
574,0.3784605811821066,0,1.0153722106065735,-1
575,-0.5583391139344351,0,-1.4983168956163269,1
576,-0.17193592299089466,0,-0.46149173785011793,0
577,0.32224666234424126,0,0.8645349332916383,0
578,0.4802114398139114,1,1.2883975181775533,0
579,-0.3323858826004298,0,-0.892022744282841,0
580,-0.4282606129136819,0,-1.1492807967851948,1
581,0.6304020850847307,1,1.691399985878912,0
582,-0.7207161468309711,1,-1.93401876531222,0
583,0.44663496645452827,1,1.198302681737235,0
584,0.4651038715919482,1,1.2478597918535244,0
585,0.22788809457207915,0,0.6113451584399588,0
586,-0.7000313905471893,1,-1.8785159221682015,0
587,-0.399040500017145,0,-1.0708752637203163,1
588,0.1025597278248093,0,0.27505496552510234,0
589,0.6068136702287706,1,1.6281058347753328,0
590,0.19388446669999088,0,0.5201041499301383,0
591,-0.2575087812725848,0,-0.69110705772304,0
592,0.03992994055142077,0,0.10700216318661608,0
593,0.5602233660248848,1,1.5030913404886437,0
594,0.6791856952624566,1,1.8222997183459673,0
595,-0.15303305752055918,0,-0.41077019379232643,0
596,-0.12723675272962104,0,-0.3415516717626838,0
597,-0.21963808583491296,0,-0.5894896521420974,0
598,0.18895822235629325,0,0.5068856926591799,0
599,1.3061661469026928,1,3.5046592871187885,0
600,-0.5284740332815799,0,-1.4181807381379545,1
601,-0.377535227666848,0,-1.0131707521634747,1
602,-0.1319723638351178,0,-0.35425860805786963,0
603,-0.37084555871835734,0,-0.9952205456810029,0
604,-0.026675464422483974,0,-0.0717183058434689,0
605,-0.5126099866766558,0,-1.3756131739731847,1
606,0.08386047728292015,0,0.22487977585893584,0
607,-0.042485020157321834,0,-0.1141396561407081,0
608,-0.4689165540026168,0,-1.2583717761602276,1
609,0.2409183292515924,0,0.6463088322500209,0
610,-0.6230828289914906,1,-1.6720419427995177,0
611,0.6696265514055,1,1.796649927997711,0
612,-0.39271044065794175,0,-1.0538899878540662,1
613,-0.08309966258649121,0,-0.22311981994684676,0
614,-0.13614492217945506,0,-0.36545472021494635,0
615,0.1893175462859285,0,0.5078498567726375,0
616,0.033386637959754606,0,0.08944469756282003,0
617,0.13732812220524082,0,0.3683480511767578,0
618,-0.6045762379894822,1,-1.622383711229231,0
619,0.37782838562252974,0,1.0136758574807185,-1
620,0.10222720865031365,0,0.2741627258810278,0
621,0.3432683939568917,0,0.920941973157388,0
622,-0.46389267071960705,0,-1.244891326982812,1
623,-0.3425749868958481,0,-0.9193628903173416,0
624,0.17890982284118445,0,0.4799230959292971,0
625,-0.16608688107517872,0,-0.44579716298846916,0
626,0.0331015153730192,0,0.0886796358917381,0
627,0.005972141833094796,0,0.015884126796833823,0
628,0.7757438751288356,1,2.0813916524190597,0
629,-0.31064321726566724,0,-0.8336812425966735,0
630,-0.3467267177165183,0,-0.9305031165474433,0
631,-0.10107638144863568,0,-0.27135626003640373,0
632,-0.31337385521641015,0,-0.841008289035312,0
633,0.18525186980507893,0,0.496940537808708,0
634,-0.05174950755137876,0,-0.13899880282764543,0
635,0.30389553437873673,0,0.815293851452844,0
636,-0.3257722199932898,0,-0.874276483545925,0
637,0.008390746965494383,0,0.02237390407287287,0
638,0.16531841984319273,0,0.44345365445484525,0
639,0.20023103522727626,0,0.5371337243974419,0
640,0.073423159470563,0,0.19687360525504327,0
641,0.09542330833886489,0,0.25590600549365866,0
642,-0.7605458693520566,1,-2.0408927749079195,0
643,-0.3887923064512585,0,-1.0433765650557871,1
644,0.07753681670233609,0,0.20791166966107053,0
645,0.5706373673375547,1,1.5310349465639987,0
646,-0.5779081585756227,1,-1.550825980098494,0
647,-0.10078202927521313,0,-0.27056643286675114,0
648,-0.04305248171078924,0,-0.11566231027113444,0
649,-0.04559626368411274,0,-0.12248797115497365,0
650,-0.23797380683904035,0,-0.638689392901069,0
651,-0.11300494156374769,0,-0.30336384049420034,0
652,0.17755007253661392,0,0.4762745149726637,0
653,-0.12268157955948973,0,-0.3293288996648626,0
654,0.0317466383883552,0,0.08504413138167492,0
655,0.18289565734485558,0,0.4906181770905256,0
656,0.007548038602487928,0,0.020112687675328318,0
657,-0.29774306687889296,0,-0.7990666204262024,0
658,0.31634261772650124,0,0.8486927711777611,0
659,0.04383481107493672,0,0.11747999590511611,0
660,0.23982920774165706,0,0.6433864221668953,0
661,-0.012044011555607553,0,-0.03245812688375474,0
662,-0.3685739723109666,0,-0.9891252597454202,0
663,-0.15379702875046486,0,-0.4128201369851908,0
664,-0.026643492973890764,0,-0.07163251772626747,0
665,0.1842879024758944,0,0.49435395052995734,0
666,0.03483220567844264,0,0.09332355004933963,0
667,-0.1356756426697006,0,-0.3641955152882233,0
668,0.10460196176660849,0,0.2805348362366536,0
669,-0.07016555225181817,0,-0.18841407397314852,0
670,0.06131452537041876,0,0.1643828371778983,0
671,-0.07005576164790461,0,-0.18811947583604216,0
672,-0.13657299325053227,0,-0.366603351660564,0
673,-0.10347900089241135,0,-0.27780314334956163,0
674,-0.02917605908698931,0,-0.07842808339785227,0
675,0.10698879442703235,0,0.28693935930402936,0
676,-0.06822044568916605,0,-0.18319482251259692,0
677,-0.19146804151469893,0,-0.5139017394872698,0
678,0.3679441761487416,0,0.9871538274166549,0
679,-0.3553242553895366,0,-0.9535726552136772,0
680,-0.1940543512262442,0,-0.5208415138927482,0
681,-0.24443405577468325,0,-0.6560240029117964,0
682,0.2732634840618633,0,0.7330997051650217,0
683,0.1758638606247327,0,0.4717499484769927,0
684,0.1421201260179416,0,0.38120630448721177,0
685,0.30432297034784406,0,0.8164407787466443,0
686,0.010640058515993922,0,0.02840942049166146,0
687,-0.0876984481858466,0,-0.23545961608812999,0
688,-0.12313631931308067,0,-0.3305490904598925,0
689,-0.3369657399710785,0,-0.9043117508235851,0
690,-0.39090863607676557,0,-1.0490552546972822,1
691,0.3759986681741164,0,1.0087662264875419,-1
692,0.09859217274053089,0,0.2644089330320525,0
693,0.019634972699280398,0,0.052545228724524135,0
694,-0.17472474403855365,0,-0.468974905407974,0
695,-0.21760526618103365,0,-0.584035042532904,0
696,0.255116368533293,0,0.6844060443415511,0
697,0.072774269087377,0,0.19513245536371615,0
698,0.06139607610660275,0,0.1646016600470973,0
699,0.141057007469776,0,0.3783536674431584,0
700,0.19303867287803259,0,0.5178346544046272,0
701,-0.04760430285732059,0,-0.12787608797532923,0
702,-0.003026440174347042,0,-0.008261523208684132,0
703,-0.15450911317387428,0,-0.41473085372342866,0
704,-0.22438079028564906,0,-0.602215621817362,0
705,-0.2955013302120365,0,-0.7930514294863756,0
706,0.0724589756618935,0,0.19428643710278687,0
707,0.1063096695027888,0,0.285117081892183,0
708,0.2388603339098202,0,0.6407866694032165,0
709,-0.31665561652243884,0,-0.8498141497622008,0
710,0.019201493492921065,0,0.051382085776805676,0
711,0.03292835813640799,0,0.08821500779503585,0
712,0.030658156171815165,0,0.08212343669710452,0
713,0.3261352482743579,0,0.8749690700042148,0
714,0.023390047803816122,0,0.06262111947526355,0
715,0.10444664809116866,0,0.28011808728163606,0
716,0.2102050920701779,0,0.5638968394598681,0
717,0.5119668180185464,1,1.3736058595904408,0
718,-0.36056651443668436,0,-0.9676390661310872,0
719,-0.18876490179701652,0,-0.5066484783084311,0
720,0.10545221925272208,0,0.2828163089906155,0
721,0.27574178520806075,0,0.7397496631289397,0
722,0.6223703628101204,1,1.66984868426007,0
723,-0.06176332795950967,0,-0.1658686143816082,0
724,-0.046896315390004384,0,-0.1259763644877872,0
725,0.0543141932973078,0,0.14559903679468758,0
726,-0.035274365514859296,0,-0.09479150293572781,0
727,-0.38258724800516475,0,-1.0267267007350245,1
728,0.09559548971154497,0,0.2563680150812542,0
729,-0.12527707946680156,0,-0.33629333387232746,0
730,0.1291358572792345,0,0.3463659698341371,0
731,1.1369632844244781,1,3.050641854822007,0
732,-0.36245429332144274,0,-0.9727044917949849,0
733,0.07197479377650595,0,0.19298724503742468,0
734,-0.06460377208480478,0,-0.17349030073762362,0
735,-0.19397347526484454,0,-0.5206245016283492,0
736,-0.4145431376850588,0,-1.1124730691281286,1
737,-0.11408921069400554,0,-0.30627323031910186,0
738,0.1760009477565266,0,0.4721177906438828,0
739,0.07714439370358772,0,0.2068586917169836,0
740,0.2590128819135211,0,0.6948614525650909,0
741,-0.30370898100577304,0,-0.8150747953088107,0
742,-0.26061029969627303,0,-0.6994292776330335,0
743,-0.20388114538312135,0,-0.5472094830007698,0
744,0.15769303420225755,0,0.4229926648577226,0
745,0.05415045743645275,0,0.1451596888189411,0
746,0.051091865572999884,0,0.1369526525788332,0
747,0.441977671664606,1,1.185805889478523,0
748,-0.5074944304887073,0,-1.361886741386849,1
749,-0.23055398232675062,0,-0.6187799798815568,0
750,0.10278200619353234,0,0.2756513990176843,0
751,-0.21839710826762604,0,-0.5861597708363951,0
752,-0.01753613907351098,0,-0.0471950030630573,0
753,0.1819575851962571,0,0.4881010736445325,0
754,-0.012260269886726585,0,-0.03303840697340211,0
755,0.06968673003696912,0,0.1868477459252886,0
756,-0.3009320377951061,0,-0.8076234992274378,0
757,-0.22944740672841007,0,-0.6158107357184118,0
758,0.03335970836838023,0,0.08937243812376847,0
759,0.12317064412796908,0,0.33035967586030307,0
760,-0.14324138119644353,0,-0.3844964554084468,0
761,0.2566259974417308,0,0.6884567904736868,0
762,-0.43556190941625866,0,-1.1688721668246005,1
763,-0.07934385042435005,0,-0.21304195146950997,0
764,0.2132805700192536,0,0.5721491856736002,0
765,-0.30668393170975045,0,-0.8230573995038386,0
766,0.011670961963591076,0,0.031175615633804648,0
767,-0.32733158265904727,0,-0.8784606789144745,0
768,0.35638212819454473,0,0.9561296990575229,0
769,-0.1947544074217261,0,-0.5227199556146019,0
770,-0.059186709366603585,0,-0.1589548438908165,0
771,0.2536311002868666,0,0.6804206645102773,0
772,0.05457579015490782,0,0.14630097251755256,0
773,-0.25602137633520516,0,-0.6871159445671287,0
774,0.38647494705080515,0,1.03687694025417,-1
775,0.2918104579540457,0,0.7828662950446005,0
776,-0.11788656860602964,0,-0.31646257737551486,0
777,-0.079809815057816,0,-0.21429226167897558,0
778,-0.16932269133981315,0,-0.4544797245375567,0
779,0.09398656664017019,0,0.2520508356261922,0
780,-0.019686607784022758,0,-0.052965297181496555,0
781,-0.18409488643577343,0,-0.494117553287165,0
782,-0.015889497531760055,0,-0.042776614663775796,0
783,0.2220699069448927,0,0.5957333740503408,0
784,0.02203469721228324,0,0.058984344148788725,0
785,-0.009447167313269889,0,-0.025490085458730813,0
786,-0.27683538618364945,0,-0.7429656102807173,0
787,-0.07128570007705987,0,-0.19141973612306953,0
788,0.009621751838529008,0,0.025677025919714942,0
789,-0.04350598290054286,0,-0.11687917766155453,0
790,-0.015200929852652034,0,-0.04092899976499458,0
791,-0.13225707533419803,0,-0.35502256666864324,0
792,0.254540069338419,0,0.6828596764086499,0
793,0.004842573069408829,0,0.012853185699384113,0
794,0.18073694568846,0,0.48482576489991003,0
795,0.20324609663137727,0,0.5452239565416133,0
796,0.005063651874411823,0,0.013446400435308712,0
797,-0.34434553806240975,0,-0.924113762037942,0
798,0.1076747324834225,0,0.28877991820779497,0
799,0.3969699783265267,0,1.0650379718223624,-1
800,0.3692373979469379,0,0.9906238942441763,0
801,-0.036382960906975514,0,-0.09776616675649771,0
802,-0.14962469083456525,0,-0.4016246162977371,0
803,0.1784583433606247,0,0.47871165333609145,0
804,0.07610568177934919,0,0.20407154430214866,0
805,-0.14826666140445893,0,-0.3979806529166819,0
806,0.021792226034217085,0,0.05833372784088942,0
807,-0.05272696435019297,0,-0.14162158603283972,0
808,0.13709898452579405,0,0.36773321228253836,0
809,-0.018350866095041864,0,-0.04938113788915034,0
810,0.22550775947430118,0,0.6049580701054562,0
811,-0.20278044923430982,0,-0.5442560150044071,0
812,0.036540968514582134,0,0.09790862682585165,0
813,0.5144283306786529,1,1.3802107694669004,0
814,-0.1264845240884747,0,-0.33953323713840355,0
815,-0.30810241821649864,0,-0.826863585711973,0
816,-0.22977364519541554,0,-0.6166861225111461,0
817,-0.21429582171118394,0,-0.5751549003265426,0
818,0.13631088558345938,0,0.36561852785608157,0
819,-0.11669290468811594,0,-0.3132596514964904,0
820,0.14545641231645756,0,0.39015847064134035,0
821,-0.1483187099683182,0,-0.39812031341043486,0
822,0.17743715622501166,0,0.4759715297092514,0
823,-0.004952436374765723,0,-0.013429496354765112,0
824,-0.1497299987363363,0,-0.40190718612228016,0
825,-0.20603380612447791,0,-0.5529856589358704,0
826,0.22810860712820366,0,0.6119368537756908,0
827,0.08668146359660128,0,0.23244925159902136,0
828,0.28947130909821817,0,0.7765897206313307,0
829,-0.055600502471400304,0,-0.14933207260670275,0
830,0.5357884602792065,1,1.4375258234366193,0
831,0.11023145590960756,0,0.29564030453961027,0
832,-0.5304831101544145,0,-1.4235716393894546,1
833,-0.18500030944707882,0,-0.4965470501923265,0
834,-0.3587113187971284,0,-0.9626610702015691,0
835,0.30886765254714965,0,0.8286354007081923,0
836,-0.24892231021118477,0,-0.6680672137943394,0
837,0.03753150967715446,0,0.10056651894793829,0
838,0.1403463164584139,0,0.3764466896095146,0
839,-0.005917345179539624,0,-0.016018609869321684,0
840,0.12858628246828577,0,0.3448913107127286,0
841,0.13325421258760134,0,0.35741664046112653,0
842,-0.014776271158187498,0,-0.03978952465659849,0
843,-0.01754603913618022,0,-0.04722156763156892,0
844,-0.1783387188613389,0,-0.47867218561585123,0
845,0.027847167886047526,0,0.07458078839300225,0
846,-0.07656069206418561,0,-0.20557397844677303,0
847,-0.0547854482186087,0,-0.14714505972988065,0
848,-0.19376678982806475,0,-0.5200699082253447,0
849,-0.11095625916513067,0,-0.2978666668141069,0
850,-0.20645530260041506,0,-0.5541166489494215,0
851,0.18051752451598893,0,0.4842369980442093,0
852,0.14295457145283913,0,0.3834453491948196,0
853,0.09728122799510461,0,0.26089131070295013,0
854,-0.3915342206148351,0,-1.0507338686491914,1
855,0.019481265703238687,0,0.05213279092857435,0
856,-0.15748012938766667,0,-0.4227029006081071,0
857,-0.007185011073474301,0,-0.0194201032350059,0
858,0.19321843409961265,0,0.5183170027943231,0
859,-0.1315518344470069,0,-0.35313021300474207,0
860,0.056623438543607324,0,0.15179537166699772,0
861,0.039129194847316945,0,0.10485354404876489,0
862,0.047635194426598915,0,0.1276774610413059,0
863,0.23022426544983382,0,0.6176137421257772,0
864,-0.06399843429761264,0,-0.1718660143408815,0
865,-0.10406344477151083,0,-0.27937136569180765,0
866,-0.011407077164219015,0,-0.0307490581795715,0
867,-0.1757097701686016,0,-0.4716179991935013,0
868,-0.11655176596174208,0,-0.31288093779621745,0
869,0.12548573350058068,0,0.3365716921175695,0
870,-0.1570603928381385,0,-0.4215766329571539,0
871,-0.09399878651022345,0,-0.25236514231114454,0
872,0.08276269120350918,0,0.2219341163725339,0
873,-0.03675953492791633,0,-0.09877661757011345,0
874,-0.043576339972503514,0,-0.11706796487642572,0
875,-0.14589142037820305,0,-0.39160723336554687,0
876,0.05140550749693042,0,0.1377942394106275,0
877,0.1371047563518566,0,0.3677486996662043,0
878,0.021782609206664902,0,0.058307923269452895,0
879,-0.4248167160296467,0,-1.14003988207794,1
880,0.2200498413587088,0,0.5903129870836109,0
881,-0.01231495773868368,0,-0.03318514939702147,0
882,-0.3051489568866396,0,-0.8189386433692093,0
883,-0.2624568732740079,0,-0.704384138218907,0
884,0.042618034540449545,0,0.1142150525715601,0
885,-0.07469954876042592,0,-0.20058002331189392,0
886,-0.15783518832383148,0,-0.42365562058075135,0
887,0.05481193773147647,0,0.14693462087779,0
888,0.14066715327011936,0,0.37730758228770767,0
889,-0.09376305870782903,0,-0.2517326203195153,0
890,0.0007641696557956421,0,0.0019097169034144627,0
891,-0.14126698876851246,0,-0.3791986219832535,0
892,-0.15914175654341592,0,-0.42716149949726606,0
893,-0.06385488922936297,0,-0.17148084376899492,0
894,0.06434794962101309,0,0.172522341847915,0
895,0.3102125780916414,0,0.8322442027898893,0
896,-0.1857176530747282,0,-0.4984718788100561,0
897,0.015838105299482014,0,0.042357197846206285,0
898,0.2436307849373506,0,0.6535870907122576,0
899,-0.0457774889993241,0,-0.12297424810723284,0
900,-0.1726913796385317,0,-0.46351883409629324,0
901,-0.5030224128703551,0,-1.3498870983162023,1
902,0.7485698449057392,1,2.0084763172625175,0
903,-0.31749478536127484,0,-0.852065868650945,0
904,0.26296260271930394,0,0.7054596308244072,0
905,-0.1986528017932699,0,-0.5331804110509065,0
906,-0.07910630431077936,0,-0.212404550453027,0
907,-0.22618691464257967,0,-0.6070619461107698,0
908,-0.06820280284392861,0,-0.18314748194651082,0
909,-0.16905852832427049,0,-0.4537709031129789,0
910,0.038916510072747545,0,0.10428285278607392,0
911,-0.3361647999737685,0,-0.9021626103440659,0
912,0.24395017355673557,0,0.6544440974954416,0
913,0.5648110056879925,1,1.5154012290427763,0
914,0.4469611705294325,1,1.1991779762465808,0
915,0.012719284492786587,0,0.03398855092315588,0
916,-0.07816280217223787,0,-0.20987287686291686,0
917,-0.2492190057968091,0,-0.6688633289781254,0
918,-0.9839348901179654,1,-2.6403064498656272,0
919,0.8451246018195717,1,2.267559066620273,0
920,0.18132886656820402,0,0.4864140500743339,0
921,0.5166983538821481,1,1.3863018609000475,0
922,0.19681842117189974,0,0.5279767500522742,0
923,0.04725228372254908,0,0.12665000717849642,0
924,-0.6048640314222187,1,-1.6231559395086415,0
925,-0.25382477612645094,0,-0.6812218670559426,0
926,0.28329178580668923,0,0.7600083740953089,0
927,-0.5305168452112214,0,-1.4236621597485404,1
928,0.413020197264069,1,1.1081050871364568,0
929,1.1876507126773381,1,3.1866500504756345,0
930,1.749727330445727,1,4.6948549296107025,0
931,0.730542771768036,1,1.9601047629168566,0
932,-1.703964993992508,1,-4.57234361607843,0
933,-1.3121272292989388,1,-3.5209360145906605,0
934,-2.618418173233249,1,-7.026070924905518,0
935,0.227654097815428,0,0.610717281316224,0
936,-0.3040902130010341,0,-0.8160977447380504,0
937,0.7336783629674746,1,1.9685184093779786,0
938,0.8489944778326253,1,2.2779429995219975,0
939,0.8198753879098984,1,2.1998085386511734,0
940,-0.05396604512481984,0,-0.14494637772646032,0
941,0.9634290283684837,1,2.58500211211246,0
942,1.2747026395064873,1,3.4202341146964526,0
943,0.16965914591760045,0,0.455101006501623,0
944,-0.9483663726231706,1,-2.5448664156542136,0
945,-0.1655304889321002,0,-0.444304211105441,0
946,-0.2851907920012282,0,-0.7653854431342136,0
947,0.27475425374326057,0,0.7370998468469097,0
948,-0.3520958785201358,0,-0.944910039491556,0
949,-0.31190262987069406,0,-0.8370605901370267,0
950,-0.4192903155772587,0,-1.1252110422670294,1
951,-0.017357939042307924,0,-0.04671684377297771,0
952,0.4240750587959514,1,1.137768295982867,0
953,-0.039748106301421116,0,-0.10679576973669697,0
954,0.35806963966881344,0,0.9606577526335519,0
955,-0.4142775028472885,0,-1.1117602984030555,1
956,-0.25051246898999247,0,-0.6723340435342405,0
957,-0.02401635673245972,0,-0.06458319460514172,0
958,0.07967365716689012,0,0.21364539547832492,0
959,0.43675593602041846,1,1.1717945484492787,0
960,-1.2760477474136278,1,-3.4241249235473505,0
961,-0.23917301795765034,0,-0.6419072034326323,0
962,0.4502414576717324,1,1.2079798813900882,0
963,-0.07920801122593174,0,-0.21267745784825653,0
964,-0.05730394023403651,0,-0.15390286075852283,0
965,-0.8787372910573078,1,-2.358032597581033,0
966,-0.20935345780736025,0,-0.5618931898789475,0
967,0.11541911992363207,0,0.30956022209164974,0
968,-0.004761349133800108,0,-0.012916757165739543,0
969,0.23002941713813385,0,0.6170909109580907,0
970,-0.008286923476528374,0,-0.022376834773250406,0
971,-0.1963906681017955,0,-0.5271104893304778,0
972,0.13783511440245158,0,0.36970844953054904,0
973,-0.053502448419739945,0,-0.14370242131473754,0
974,-0.650036975742053,1,-1.744367270623192,0
975,-0.31683663367106984,0,-0.8502998681467447,0
976,0.31836129529984536,0,0.8541094337274434,0
977,-0.022680528298326744,0,-0.060998802551891614,0
978,0.26037565165655807,0,0.6985181354987207,0
979,0.7262961370021519,1,1.9487098835154686,0
980,0.3005116998113675,0,0.8062141003239772,0
981,-0.2512237324796937,0,-0.6742425574834191,0
982,-0.39963103175525505,0,-1.07245982144883,1
983,0.19007060630557415,0,0.5098705222122006,0
984,-0.05733601349931794,0,-0.15398892207767056,0
985,0.23305021115481755,0,0.6251965252654657,0
986,-0.044444041292933445,0,-0.11939624419588964,0
987,0.17854590325722425,0,0.4789466004217616,0
988,-0.14944758394946855,0,-0.4011493902168306,0
989,-0.6014977516564414,1,-1.6141232927007447,0
990,-0.030238724131027794,0,-0.08127950356663352,0
991,-0.5158232286010118,0,-1.3842351785094988,1
992,-0.00953706477721561,0,-0.02573130487519242,0
993,0.1514022068195634,0,0.40611265908547495,0
994,-0.07599946578635763,0,-0.2040680552616393,0
995,-0.03149449220249442,0,-0.0846490718293511,0
996,0.03976249425985068,0,0.10655285911319322,0
997,-0.2065942138407278,0,-0.5544893856970168,0
998,-0.3175521398085881,0,-0.8522197662772534,0
999,0.10746340972532309,0,0.28821288160680053,0
1000,0.11063317511022053,0,0.29671822672895914,0
1001,0.004847964534847593,0,0.012867652471748203,0
1002,0.14590839951446521,0,0.3913712755789452,0
1003,-0.05250020604755179,0,-0.14101313165559548,0
1004,-0.55042956293618,0,-1.4770934128557405,1
1005,0.19726013503495674,0,0.5291619888300215,0
1006,-0.24862140316316772,0,-0.667259798108223,0
1007,0.1868312638211589,0,0.5011784827539825,0
1008,-0.5624914530466275,1,-1.509458754058502,0
1009,-0.7466336020969754,1,-2.0035623671118232,0
1010,0.6055557697397782,1,1.624730544654749,0
1011,0.8164507373242496,1,2.1906192670121656,0
1012,0.5570820975685314,1,1.4946624603986747,0
1013,-0.3714276827247296,0,-0.9967825431719465,0
1014,0.7507740492101487,1,2.014390798636462,0
1015,-0.09201826058113037,0,-0.24705085102934182,0
1016,-0.7374202897272806,1,-1.9788405369738988,0
1017,0.845301619645833,1,2.2680340537320323,0
1018,0.10885435361887014,0,0.29194516347111255,0
1019,0.645134700981482,1,1.7309316128413041,0
1020,0.22328381244598502,0,0.598990613618187,0
1021,-0.46023420300831824,0,-1.2350746602190692,1
1022,0.15142512693084365,0,0.4061741599957965,0
1023,-0.0170560125671535,0,-0.04590669268578981,0
1024,-0.5155382890313667,0,-1.3834706079231902,1
1025,-0.060147237399343745,0,-0.16153220259909432,0
1026,0.0021922687688854525,0,0.005741696356326067,0
1027,-0.08686774796118898,0,-0.2332306208011503,0
1028,0.05947256144495139,0,0.15944034554640082,0
1029,-0.3206905446447902,0,-0.8606409624932673,0
1030,0.7922671519533452,1,2.1257281110765405,0
1031,0.31107170069265644,0,0.8345494630652066,0
1032,0.11691393469225655,0,0.31357121784591824,0
1033,-0.14710944152111227,0,-0.3948755163229823,0
1034,-0.2664685487426418,0,-0.7151485577375877,0
1035,0.2826945906545323,0,0.7584059366093752,0
1036,-0.30848590667120207,0,-0.827892589837375,0
1037,-0.10256996034645738,0,-0.2753639396122086,0
1038,0.02162258315000165,0,0.05787852971025006,0
1039,-0.4845988849708464,0,-1.3004517477064574,1
1040,-0.054498252805664685,0,-0.1463744361006909,0
1041,0.1097459884022765,0,0.29433766279990364,0
1042,-0.3506199611614862,0,-0.940949750642763,0
1043,-0.4451140647959853,0,-1.1945032051822508,1
1044,0.07893014208908393,0,0.21165034172122332,0
1045,-0.4866845032779047,0,-1.306048030503645,1
1046,-0.04225677867062816,0,-0.1135272219760934,0
1047,-0.2964030655507464,0,-0.7954710313601031,0
1048,0.021366334266441522,0,0.05719094406046316,0
1049,0.5829031479357063,1,1.5639473815590361,0
1050,0.2703046462748019,0,0.7251603363210857,0
1051,0.04240395033609845,0,0.11364060625705229,0
1052,0.14762833731891944,0,0.3959863378435627,0
1053,-0.3001248599306454,0,-0.8054576208488944,0
1054,0.6438091083075995,1,1.727374686124742,0
1055,-0.3724758117249978,0,-0.9995949591703982,0
1056,-0.5064167000967844,0,-1.3589948967804253,1
1057,0.4452617188485647,1,1.1946178838394008,0
1058,0.40866616978496684,0,1.0964220437927539,-1
1059,0.2011361079357104,0,0.5395622813444502,0
1060,-0.4467891310174472,0,-1.1989978647503958,1
1061,-0.3662913554537638,0,-0.9830003761042938,0
1062,-0.0022480626970138307,0,-0.006172924124481455,0
1063,0.19944100930220718,0,0.5350138693506992,0
1064,-0.442140100565069,0,-1.1865232479635193,1
1065,-0.05971316187478304,0,-0.16036745956698809,0
1066,-0.21828500577858329,0,-0.5858589692808907,0
1067,0.08992146818819591,0,0.24114306767139998,0
1068,-0.8228011022691094,1,-2.2079405457438153,0
1069,0.7914427951497299,1,2.1235161369184676,0
1070,0.1265219749131845,0,0.3393522104758246,0
1071,0.015517344567566038,0,0.04149650931084019,0
1072,-0.04519763683446654,0,-0.12141834658674729,0
1073,0.20123829282281946,0,0.5398364712688125,0
1074,-0.3262174576669624,0,-0.875471177668719,0
1075,-0.006833080446742801,0,-0.01847577736985805,0
1076,-0.12046877262308248,0,-0.32339133508278894,0
1077,0.17694987490611497,0,0.47466402101837357,0
1078,0.26091451708080493,0,0.6999640584144844,0
1079,0.01783995811380032,0,0.04772871497825187,0
1080,-0.15478270174703368,0,-0.4154649664900349,0
1081,-0.046851708743541054,0,-0.12585667268828674,0
1082,0.007971354405723163,0,0.021248559440265255,0
1083,-0.038284645758232594,0,-0.10286890592154341,0
1084,0.024273329184364367,0,0.06499120434568767,0
1085,0.173654496139084,0,0.4658216209292772,0
1086,-0.3107355193990784,0,-0.8339289143972155,0
1087,0.14795395455342875,0,0.39686005770006055,0
1088,-0.30166073953600003,0,-0.8095788047610748,0
1089,0.4601528142418501,1,1.2345747545183252,0
1090,0.8192782819571387,1,2.1982063405115526,0
1091,-0.06230592489524889,0,-0.16732454996052393,0
1092,-1.323857975677165,1,-3.5524128068361387,0
1093,-0.5005398402223303,0,-1.3432256787477743,1
1094,-0.1508915696952578,0,-0.4050239978385592,0
1095,-0.16050110946841223,0,-0.4308090141761114,0
1096,1.582172122345011,1,4.245258603427778,0
1097,-0.44966113690531107,0,-1.2067042399242618,1
1098,-0.05207616942992355,0,-0.13987532574903067,0
1099,0.016732485089716365,0,0.04475706277705293,0
1100,0.2660609377425225,0,0.7137733088026269,0
1101,-0.33901737734935405,0,-0.9098168535201113,0
1102,0.01312588078362903,0,0.03507955967587984,0
1103,-0.30870900625831066,0,-0.8284912268828833,0
1104,-0.015595125009247757,0,-0.04198673289196494,0
1105,0.2185898864141359,0,0.5863955297457404,0
1106,0.3341055898678287,0,0.8963556705131851,0
1107,-0.3381590627094166,0,-0.9075137612247471,0
1108,-0.32699461213036873,0,-0.877556495072963,0
1109,-0.38164779096070206,0,-1.0242058812356796,1
1110,-0.10303251671464816,0,-0.27660510451629255,0
1111,-0.2639764621862003,0,-0.708461609757836,0
1112,-0.29382793542794916,0,-0.7885612548406128,0
1113,0.060237989596141905,0,0.1614941980564666,0
1114,-0.3340822708891193,0,-0.8965746167732269,0
1115,0.07925534543841613,0,0.21252295101089846,0
1116,0.7512326020970646,1,2.015621221108284,0
1117,-0.29902771828211616,0,-0.8025136905463249,0
1118,0.243800214776795,0,0.6540417171856656,0
1119,-0.4809915596679091,0,-1.2907723099740744,1
1120,0.017074410174092614,0,0.04567454104292063,0
1121,-0.21918175127269962,0,-0.5882651820405289,0
1122,-0.13471133989581752,0,-0.36160802791984953,0
1123,-0.07920430990809389,0,-0.2126675262029153,0
1124,0.003707404044865331,0,0.009807217574510117,0
1125,-0.4295964795693427,0,-1.1528652913972295,1
1126,0.3112435658839975,0,0.8350106242520269,0
1127,-0.03640311709530633,0,-0.09782025130765018,0
1128,-0.18531471526395402,0,-0.49739068675725295,0
1129,-0.03203337580233784,0,-0.08609504351519803,0
1130,-0.014711606655081366,0,-0.03961601215668571,0
1131,0.1056660232397151,0,0.28339000340551873,0
1132,0.1346101939692892,0,0.3610551083696433,0
1133,-0.05862454579413057,0,-0.15744640568849086,0
1134,1.2077503043799447,1,3.240582737437157,0
1135,-0.5204937151200917,0,-1.3967673677757553,1
1136,-0.4146913050052041,0,-1.11287064246263,1
1137,0.29439674030453833,0,0.7898059960329117,0
1138,0.46809528196350547,1,1.2558865618262562,0
1139,-0.3677136803439248,0,-0.9868168617420935,0
1140,-0.025868004683975692,0,-0.06955167111997088,0
1141,0.03766346124578168,0,0.10092058099806098,0
1142,-0.32155428803949226,0,-0.862958621618428,0
1143,-0.5076218619051694,0,-1.3622286746357826,1
1144,-0.2988396655274901,0,-0.8020090937118437,0
1145,0.19311113083190626,0,0.5180290788587137,0
1146,0.2780252964930963,0,0.7458769467639081,0
1147,-0.05985847983926118,0,-0.16075738730303604,0
1148,0.553518436343428,1,1.4851001852970618,0
1149,-0.6776729982158285,1,-1.818522257002664,0
1150,-0.20584934508233133,0,-0.5524906996456576,0
1151,-0.5570043109548265,0,-1.4947352551372717,1
1152,-0.2900541926559125,0,-0.7784352736461208,0
1153,0.27152194585891654,0,0.7284266831394608,0
1154,-0.2594892185098382,0,-0.696421111020445,0
1155,0.02906900708091381,0,0.07785931622526147,0
1156,-0.020818288710805044,0,-0.056001905788653474,0
1157,0.07486563896092321,0,0.20074417118260515,0
1158,-0.08598780292786386,0,-0.23086948826035764,0
1159,-0.7590548015436563,1,-2.0368918332699644,0
1160,-0.06483361640789254,0,-0.17410703574947797,0
1161,-0.12184623689625729,0,-0.3270874474489015,0
1162,0.4385895294145096,1,1.1767145796619232,0
1163,0.17973426269201115,0,0.4821352929256906,0
1164,-0.17230999412881048,0,-0.46249547274588393,0
1165,0.6803412257766652,1,1.825400321901472,0
1166,0.13785229696794346,0,0.36975455504053056,0
1167,-0.24457422099467785,0,-0.6564001044289174,0
1168,0.7652669406367804,1,2.0532791794575758,0
1169,-0.9147539491712888,1,-2.454675115309869,0
1170,0.09250865341652825,0,0.24808519132722673,0
1171,0.39322939844811644,0,1.0550009757170777,-1
1172,0.8308050505144964,1,2.2291358046260537,0
1173,0.7294752586589672,1,1.957240334067227,0
1174,0.6500141753553492,1,1.744024573526094,0
1175,1.2089114535800967,1,3.2436984174596173,0
1176,-1.3047893453877484,1,-3.501246470554256,0
1177,0.7882177869121608,1,2.1148625601543887,0
1178,-1.0128817362282536,1,-2.7179787336059524,0
1179,0.47879562372160583,1,1.2845984974197586,0
1180,-0.33589707437307403,0,-0.9014442295317845,0
1181,-0.19134153972714196,0,-0.5135623006862569,0
1182,-0.019422974244502345,0,-0.05225789648550785,0
1183,0.9510213244622109,1,2.551708858170317,0
1184,-0.24019052779981115,0,-0.6446374598781107,0
1185,-0.2257282598835859,0,-0.6058312502883758,0
1186,0.2311404585095771,0,0.6200721380085675,0
1187,0.703096749214656,1,1.8864595981487402,0
1188,0.37618861829519934,0,1.0092759144737582,-1
1189,-0.10631847853272602,0,-0.28542223636275327,0
1190,0.5483419932636624,1,1.4712103765722937,0
1191,-0.22478431906552826,0,-0.6032983996014682,0
1192,-0.6803630451343664,1,-1.8257403866301678,0
1193,-0.48087483936731973,0,-1.2904591175706226,1
1194,-0.24519773163526792,0,-0.6580731535482068,0
1195,-0.05400696415990368,0,-0.14505617465878598,0
1196,-0.07967536586682822,0,-0.21393149782680076,0
1197,-0.47200106721085433,0,-1.2666483664387744,1
1198,0.023267890177759987,0,0.062293337244483514,0
1199,0.36698832521657354,0,0.9845890186449517,0
1200,-0.39247496544861793,0,-1.0532581436385433,1
1201,0.4763987742517534,1,1.2781670965204717,0
1202,-0.20762228820140244,0,-0.5572479896272768,0
1203,0.2370300550449146,0,0.6358755319764575,0
1204,0.32027579701092335,0,0.8592465640233528,0
1205,0.27307817223818653,0,0.7326024629959018,0
1206,-0.2089021213597696,0,-0.5606821310822121,0
1207,-0.07204706774440703,0,-0.1934626932474341,0
1208,-0.31075247596923494,0,-0.8339744135000693,0
1209,-0.5124353004420965,0,-1.3751444431579338,1
1210,0.24091708714566307,0,0.6463054993410121,0
1211,0.2238331916410029,0,0.6004647478486962,0
1212,0.5873029315979598,1,1.5757532012227244,0
1213,0.22858506849522064,0,0.6132153295843936,0
1214,0.8636951749387423,1,2.3173889796628555,0
1215,0.9483707536112662,1,2.5445966535997737,0
1216,0.4047030364724743,0,1.0857878761195008,-1
1217,0.32154273278897405,0,0.8626460982889718,0
1218,-0.20011463605700797,0,-0.5371029111147058,0
1219,1.1537708628851298,1,3.095741172316203,0
1220,-0.5707837663093784,1,-1.5317092923780853,0
1221,0.4934084730470749,1,1.3238087580035205,0
1222,0.34469408519436784,0,0.924767491623249,0
1223,-0.5941374529685576,1,-1.5943736037045517,0
1224,0.24707535493975968,0,0.6628298115797113,0
1225,-0.42053447994121795,0,-1.1285494746174436,1
1226,-0.46284943129214845,0,-1.2420920310419026,1
1227,-0.4719865289553443,0,-1.2666093563337442,1
1228,0.2409112252380436,0,0.646289770243958,0
1229,-0.5912132630938107,1,-1.5865272046600216,0
1230,-0.46159669146397064,0,-1.2387305883819215,1
1231,-0.13512963534906428,0,-0.362730428716402,0
1232,0.10620854683584141,0,0.2848457421942487,0
1233,0.007343753120950082,0,0.019564534006856746,0
1234,0.21138336886700249,0,0.5670584774959744,0
1235,0.10862769157965468,0,0.2913369673948966,0
1236,0.5383911162591304,1,1.4445094593388137,0
1237,-0.29034808400839857,0,-0.7792238643075059,0
1238,-0.3121403909931417,0,-0.8376985680809731,0
1239,-0.1578821273850288,0,-0.4237815708851794,0
1240,-0.2535849515133947,0,-0.6805783522038497,0
1241,-0.43854823062171416,0,-1.1768852811765453,1
1242,-0.04138424715384276,0,-0.11118598192230926,0
1243,-0.4434728417651066,0,-1.1900993561256084,1
1244,0.42840000737931805,1,1.1493733127176669,0
1245,-0.28701653669347704,0,-0.7702844141389802,0
1246,-0.9116081195709269,1,-2.446233996426414,0
1247,-0.3871744845077458,0,-1.0390355074994968,1
1248,0.41422169300110234,1,1.111329027922409,0
1249,-0.06693648705074778,0,-0.17974961126940658,0
1250,-0.24402332720687298,0,-0.6549219061328359,0
1251,0.05160814030839045,0,0.13833795851449318,0
1252,0.20359906638540853,0,0.5461710706687418,0
1253,-0.24839070728905044,0,-0.6666407781526849,0
1254,-0.22979416333486982,0,-0.6167411782758897,0
1255,0.35776882549732514,0,0.9598505861604955,0
1256,0.19527327900320446,0,0.5238307121561668,0
1257,-0.24501940992507945,0,-0.6575946677602198,0
1258,-0.47257485970893476,0,-1.2681880082204446,1
1259,0.47210446116207005,1,1.266644283171451,0
1260,-0.19065832581532227,0,-0.5117290514054195,0
1261,0.12388611504441671,0,0.3322794794830722,0
1262,-0.03560119718315989,0,-0.09566848144934023,0
1263,-0.061499287087313725,0,-0.16516012070094577,0
1264,-0.03808138755351301,0,-0.10232350871697825,0
1265,0.4797169699472172,1,1.2870707206521654,0
1266,0.18156201749302103,0,0.48703965760054624,0
1267,-0.15618888608155368,0,-0.4192381426145046,0
1268,-0.2309535908471676,0,-0.6198522385402245,0
1269,-0.3535503934815375,0,-0.9488128998707525,0
1270,-0.26495312532678944,0,-0.7110822633615319,0
1271,9.80953578832433e-05,0,0.00012245788174156057,0
1272,-0.0029518767935547974,0,-0.008061449319892678,0
1273,0.3738178663094366,0,1.00291454024271,-1
1274,-0.44563571501102545,0,-1.1959029349960422,1
1275,0.11106031452257886,0,0.29786435828011215,0
1276,-0.12423377111401115,0,-0.3334938529859525,0
1277,-0.10107957406882151,0,-0.2713648267071907,0
1278,0.3935790057147985,0,1.0559390673734865,-1
1279,-0.5165890690135401,0,-1.3862901372291832,1
1280,-0.3050140185944159,0,-0.8185765671250097,0
1281,0.3163510725241318,0,0.8487154577059592,0
1282,0.18697152843500875,0,0.5015548509719281,0
1283,0.6290810981740086,1,1.6878554176811904,0
1284,0.46111834962539106,1,1.2371655493146212,0
1285,-0.023292034005789077,0,-0.06263963916109863,0
1286,-0.03711063701510209,0,-0.0997187202376652,0
1287,0.24601718948366433,0,0.6599904650327023,0
1288,0.18786077509873,0,0.5039409423242134,0
1289,-0.2738603359728416,0,-0.7349827390817215,0
1290,-0.13017473796717727,0,-0.34943508752849495,0
1291,-0.011722158559518414,0,-0.031594507505682864,0
1292,-0.38061176461296975,0,-1.0214259399551364,1
1293,-0.3283101840676207,0,-0.8810865334198599,0
1294,0.013724676410337588,0,0.03668629167158568,0
1295,-0.10859925958315925,0,-0.2915421940335768,0
1296,-0.10736456037947129,0,-0.2882291592899154,0
1297,-0.16789339221754496,0,-0.4506445251327015,0
1298,-0.008630203810446019,0,-0.02329794954329951,0
1299,-0.15772229991870712,0,-0.4233527101980311,0
1300,0.36684485657695987,0,0.9842040531519424,0
1301,-0.18252351668325806,0,-0.4899011396297559,0
1302,-0.5399266423399695,0,-1.4489112120887622,1
1303,0.34933902993961624,0,0.9372311453434669,0
1304,-0.192971344307933,0,-0.5179355109267842,0
1305,0.026318681349124656,0,0.07047944209997917,0
1306,0.1338920062976021,0,0.35912801495153657,0
1307,-0.29351491752468817,0,-0.7877213424264846,0
1308,0.26846827711355337,0,0.7202328569680316,0
1309,-0.3835513334391858,0,-1.0293136049212661,1
1310,-0.005998410598817561,0,-0.016236130500885286,0
1311,0.04125552862783033,0,0.11055907756690433,0
1312,-0.0667262363148051,0,-0.1791854511962666,0
1313,-0.1126270826052751,0,-0.30234994184270353,0
1314,-0.11788913663560796,0,-0.31646946809933674,0
1315,0.06693658633597749,0,0.1794683602382873,0
1316,0.5727648031584602,1,1.5367434371571063,0
1317,0.5459559855499811,1,1.4648080670620434,0
1318,0.48601044952560324,1,1.3039578429888752,0
1319,-0.5363477019807886,0,-1.4393079389028383,1
1320,-0.2343479011864562,0,-0.6289600990225532,0
1321,0.7329618967860068,1,1.966595935187689,0
1322,0.09174852910520703,0,0.2460455704662212,0
1323,0.1535558450984335,0,0.41189145802036037,0
1324,-0.045155455531693645,0,-0.12130516264591208,0
1325,0.3787612486045322,0,1.0161789833118668,-1
1326,0.10869050002665151,0,0.2915054995900048,0
1327,-0.04787924073314349,0,-0.12861382128902132,0
1328,-0.08869332702416995,0,-0.23812914737741372,0
1329,0.05728229982117039,0,0.15356327618762883,0
1330,-0.030606691176053247,0,-0.08226685951620441,0
1331,-0.25328856126314936,0,-0.6797830563181697,0
1332,0.15686101490057353,0,0.4207601301272857,0
1333,0.4182121325502593,1,1.1220364656767616,0
1334,-0.33291137440369484,0,-0.8934327821256826,0
1335,0.37049165174854526,0,0.9939893993078248,0
1336,-0.11957302402933939,0,-0.3209877972787695,0
1337,-0.16250333173683257,0,-0.4361815226542861,0
1338,-0.3032130844533759,0,-0.813744169596535,0
1339,-0.0486244476436557,0,-0.13061341469474244,0
1340,-0.09194482074348616,0,-0.24685379191327747,0
1341,-0.20836013276146326,0,-0.5592278278385606,0
1342,0.1090726369305195,0,0.2925308771358624,0
1343,-0.13340577817855687,0,-0.35810484972360607,0
1344,-0.35208490041914936,0,-0.9448805822521905,0
1345,-0.3340182625505691,0,-0.8964028649417951,0
1346,0.05254203463006041,0,0.14084385171128072,0
1347,0.11772298450415558,0,0.3157421191700367,0
1348,0.4801167685185401,1,1.2881434892692527,0
1349,-0.06880332099518256,0,-0.18475883594541276,0
1350,-0.00902768530331971,0,-0.024364500806894358,0
1351,0.08515252767676171,0,0.22834669948905775,0
1352,-0.18952226822336043,0,-0.5086806990117938,0
1353,-0.08215595880625348,0,-0.22058760529706525,0
1354,-0.12675256298662388,0,-0.34025245861321174,0
1355,-0.1730710219489984,0,-0.46453751796762255,0
1356,0.9755868981865314,1,2.617624993050419,0
1357,0.5575568746544629,1,1.4959364168218154,0
1358,-0.3078337591886726,0,-0.8261427002600935,0
1359,0.32903942655673313,0,0.8827617724879911,0
1360,-0.5748139336984097,1,-1.5425233307631026,0
1361,-0.47533720467516605,0,-1.2756001332301368,1
1362,0.47115398823582627,1,1.2640939050565632,0
1363,0.094202742718557,0,0.2526308950093235,0
1364,0.6643488311943712,1,1.782488365104849,0
1365,0.10215801440322858,0,0.2739770588424733,0
1366,-0.6309402294440322,1,-1.693125491421219,0
1367,-0.3456927822690677,0,-0.9277287857226761,0
1368,0.4470526577100507,1,1.1994234613064905,0
1369,0.2262674511104609,0,0.6069965299809857,0
1370,0.4742450960533007,1,1.2723881904704575,0
1371,0.4512491866922587,1,1.2106838932232757,0
1372,-0.21149410342612168,0,-0.5676371259628453,0
1373,1.093115289951949,1,2.9329857255449725,0
1374,-0.9882292105762053,1,-2.651829282986495,0
1375,-0.031207459412650684,0,-0.08387888456229693,0
1376,-0.832849761641172,1,-2.234903839740784,0
1377,-0.2923814796017927,0,-0.7846800193195127,0
1378,-0.06864740943112196,0,-0.18434048269214387,0
1379,0.06209991451686658,0,0.16649025048285887,0
1380,0.4455434158043893,1,1.1953737536083637,0
1381,0.06373641500509616,0,0.17088142766943917,0
1382,-0.08090842140844234,0,-0.21724012217678798,0
1383,0.32186918697698935,0,0.8635220639200161,0
1384,-0.3322594356298011,0,-0.8916834525705986,0
1385,0.87802107838895,1,2.355829286195095,0
1386,1.034619657010846,1,2.7760259869240373,0
1387,0.17620967028109047,0,0.47267785010905405,0
1388,0.6855623880410417,1,1.8394101243962868,0
1389,-0.06744013374651242,0,-0.18110103273028916,0
1390,-0.37604803774254736,0,-1.009180215946302,1
1391,-0.0008197836609720871,0,-0.002340461889213505,0
1392,0.6844453798352641,1,1.8364128867017595,0
1393,-0.06465195768106052,0,-0.17361959583562198,0
1394,0.5560478468990525,1,1.4918872837472246,0
1395,0.15423867934131075,0,0.41372368854586555,0
1396,0.0033073884128065334,0,0.008733866524262413,0
1397,0.47195922409373947,1,1.2662545725018324,0
1398,0.007716144475017339,0,0.02056376158437427,0
1399,0.6607960934371748,1,1.772955400647148,0
1400,-0.23409621687993853,0,-0.6282847613780186,0
1401,0.6210935772201728,1,1.666422720262468,0
1402,-0.5558115391473841,0,-1.4915347230339764,1
1403,-1.0456212202932824,1,-2.80582769946987,0
1404,-0.10190842066282824,0,-0.2735888481975323,0
1405,0.10239538993963249,0,0.27461400215389065,0
1406,0.9383925419662059,1,2.5178223900698797,0
1407,-0.5804302984541777,1,-1.5575935693389082,0
1408,0.056257375953995825,0,0.15081312589076729,0
1409,-0.13713574855758998,0,-0.36811337764818364,0
1410,-0.7646311070532587,1,-2.0518545819616305,0
1411,0.06730568255113578,0,0.18045874605932033,0
1412,1.0935328332847032,1,2.934106108197093,0
1413,-0.2477292350117263,0,-0.6648658676075109,0
1414,-0.8495146843559562,1,-2.2796203729576194,0
1415,0.09023983988826012,0,0.2419973457826685,0
1416,0.8994184567801836,1,2.4132442888302976,0
1417,0.42112698153655537,1,1.1298578005697302,0
1418,0.04092858999217286,0,0.10968181203069671,0
1419,0.362008346224608,0,0.9712263766558705,0
1420,-1.1915376498363397,1,-3.1973612805260574,0
1421,0.6169941111706448,1,1.655422734669233,0
1422,0.5807316180859817,1,1.558120574659391,0
1423,0.40255549936807933,0,1.0800254482999063,-1
1424,0.012464836065674723,0,0.03330579638911744,0
1425,1.0209729067288182,1,2.7394080335898296,0
1426,1.079991223690644,1,2.8977702760071864,0
1427,1.4669299438107828,1,3.9360324046267134,0
1428,-0.9053770743229661,1,-2.4295144024280058,0
1429,-0.9985470199687635,1,-2.6795147799026005,0
1430,0.32456329318659494,0,0.8707510857326786,0
1431,0.4627649636750185,1,1.2415838639450367,0
1432,0.916088580490288,1,2.457974777736215,0
1433,-0.6407879581793597,1,-1.7195496337133997,0
1434,-1.4422393825940798,1,-3.870062411653068,0
1435,0.18743928613288197,0,0.5028099724622799,0
1436,-0.7197930806825446,1,-1.931541927057769,0
1437,0.8058870163010082,1,2.1622739221153613,0
1438,-0.45026246165182643,0,-1.2083177582382594,1
1439,0.672057060497744,1,1.8031716468449719,0
1440,-0.45290434230440557,0,-1.2154066446362242,1
1441,0.6243220249254232,1,1.6750855260564952,0
1442,-0.5472425987096872,0,-1.4685419185503752,1
1443,-0.7835164103276222,1,-2.102529001857313,0
1444,0.6800715354034427,1,1.824676669068581,0
1445,-0.048453612527450396,0,-0.13015501748047756,0
1446,0.22312918734050552,0,0.5985757122841894,0
1447,-0.5317641878979149,0,-1.4270091204057789,1
1448,0.7637916112928016,1,2.049320468412533,0
1449,1.0651148073764058,1,2.8578527933012543,0
1450,0.31434869026716034,0,0.8433425199348629,0
1451,0.6724412431791011,1,1.804202513769845,0
1452,0.37746178924926155,0,1.0126921794173407,-1
1453,0.11740798969806743,0,0.31489690218639743,0
1454,-0.5404212645567397,0,-1.4502384184109594,1
1455,0.4685692863282144,1,1.2571584448275872,0
1456,-0.00378031495411571,0,-0.010284374871893674,0
1457,-0.5803874169691681,1,-1.557478506618148,0
1458,0.6781984065821843,1,1.819650553521048,0
1459,0.4850384139686086,1,1.3013496064541965,0
1460,0.0906158781709756,0,0.24300635906449614,0
1461,-0.5693347905560902,1,-1.5278212952051478,0
1462,0.8450821337577317,1,2.2674451132266435,0
1463,0.370442840168615,0,0.9938584245248826,0
1464,-0.7722091961172789,1,-2.0721886619421377,0
1465,0.12178101213823012,0,0.3266309141917469,0
1466,-0.5452104965269586,0,-1.4630892341119788,1
1467,0.3767613402514333,0,1.01081268369965,-1
1468,0.2590914275488567,0,0.6950722119290336,0
1469,0.6475774182033811,1,1.7374860894303545,0
1470,0.9887452596776874,1,2.6529324660443625,0
1471,1.2457424818130627,1,3.342526112347666,0
1472,-0.7233766884566597,1,-1.9411577241910591,0
1473,0.8153739056786471,1,2.1877298339872646,0
1474,-0.04328966984006921,0,-0.11629875071812058,0
1475,-1.0979982905878327,1,-2.9463696655930582,0
1476,0.7760625566536334,1,2.0822467618745972,0
1477,-0.6221028840276527,1,-1.6694124831688855,0
1478,-0.24391579409136854,0,-0.6546333654528903,0
1479,-0.48883652810874734,0,-1.311822500117384,1
1480,-0.13551117965760434,0,-0.3637542161673567,0
1481,0.4572986398524429,1,1.2269162261185902,0
1482,1.362834722338136,1,3.6567165320984882,0
1483,-0.45761271347711946,0,-1.2280404887617098,1
1484,-0.5227321414453805,0,-1.4027736761662177,1
1485,-0.4901963930125275,0,-1.3154713885749552,1
1486,-0.04838221019675415,0,-0.12996342555131093,0
1487,0.24723920439757374,0,0.6632694643670839,0
1488,-0.8467677059336735,1,-2.2722494805767646,0
1489,0.6500072431134163,1,1.7440059724301293,0
1490,0.11240152290435378,0,0.30146318620033585,0
1491,0.09389940503150024,0,0.2518169572556754,0
1492,-0.1284493103556944,0,-0.3448052946142038,0
1493,0.3442253140885301,0,0.9235096508829082,0
1494,0.6290583874063547,1,1.6877944784969197,0
1495,0.8976641971174333,1,2.408537131658141,0
1496,-0.2118540434696455,0,-0.5686029432779189,0
1497,-0.8058579799206527,1,-2.162477527027291,0
1498,0.6437140809455193,1,1.7271197017923396,0
1499,-0.962003529170562,1,-2.581458626381577,0
1500,0.6027770736765252,1,1.6172745451917747,0
1501,-0.1293446101136776,0,-0.34720762806945366,0
1502,-0.4634221708425481,0,-1.2436288474777402,1
1503,-0.30764173182517984,0,-0.8256274384658969,0
1504,0.4521453760249653,1,1.2130886136501515,0
1505,0.5979613397372712,1,1.6043526174790794,0
1506,0.2417794556164914,0,0.6486194691703911,0
1507,0.4471321981711858,1,1.199636890059405,0
1508,0.3571777473322324,0,0.9582645622193423,0
1509,-1.1651716833283743,1,-3.1266142007270346,0
1510,0.37447685099274286,0,1.0046827758946106,-1
1511,-0.4381306202281976,0,-1.1757647185821078,1
1512,-0.06845575156411152,0,-0.1838262123577944,0
1513,0.669609822748846,1,1.796605040448951,0
1514,-0.13359520794121227,0,-0.3586131414462267,0
1515,-0.12864206111523807,0,-0.34532249747732047,0
1516,-0.3655784235435953,0,-0.9810873853279185,0
1517,-0.3439517330744605,0,-0.9230570758398737,0
1518,-0.21677609277302928,0,-0.5818101441114639,0
1519,-0.45386625870259434,0,-1.2179877287076952,1
1520,-0.7618101858810471,1,-2.044285281013876,0
1521,-0.3503126800720534,0,-0.940125231664926,0
1522,0.6235110731542586,1,1.672909521256883,0
1523,0.6008204916108886,1,1.6120245018266237,0
1524,0.5295360982359523,1,1.4207490306620076,0
1525,-1.0157159323615033,1,-2.7255836548950896,0
1526,-0.09857211696023138,0,-0.2646366353435075,0
1527,0.3120782557533759,0,0.8372503248440196,0
1528,-0.15695844403872236,0,-0.4213030765204677,0
1529,-0.2050202482569053,0,-0.5502660067161641,0
1530,-0.6089957468178032,1,-1.6342424588937723,0
1531,-0.2997265519776281,0,-0.8043888519673065,0
1532,0.3753524592967811,0,1.0070322718078277,-1
1533,0.08394522739888678,0,0.22510718353676387,0
1534,0.9190245777398494,1,2.4658528591879865,0
1535,-0.6544679183610915,1,-1.7562566982669428,0
1536,0.32046140105180937,0,0.8597445902909511,0
1537,-0.12230574936866068,0,-0.328320444750326,0
1538,-0.015249374526206116,0,-0.04105899003805105,0
1539,0.333940879710025,0,0.8959137082329734,0
1540,0.5604708403149324,1,1.503755381510653,0
1541,0.0935473514313282,0,0.25087230141924394,0
1542,0.5695083330422467,1,1.5280054395909903,0
1543,0.43227836382196005,1,1.1597800009251238,0
1544,0.08448769536962347,0,0.22656277306740097,0
1545,-0.06641266763193024,0,-0.17834406089020213,0
1546,-0.41406833091288875,0,-1.1111990330487123,1
1547,0.5298062790136411,1,1.4214739993838459,0
1548,0.40401460106236464,0,1.0839406161345202,-1
1549,-0.259967593316671,0,-0.6977047211100892,0
1550,-0.07550666818332535,0,-0.20274574487578792,0
1551,0.2893954282943049,0,0.7763861117369614,0
1552,0.08232553479927812,0,0.22076110649992237,0
1553,-0.03039305991252815,0,-0.08169362856547821,0
1554,-0.11008871578652568,0,-0.29553881129563997,0
1555,-0.37310022913851765,0,-1.0012704414087923,1
1556,-0.33594010199522106,0,-0.9015596843783451,0
1557,-0.1366293061083355,0,-0.36675445441810994,0
1558,0.45800748845662254,1,1.228818260271223,0
1559,-0.10748660962981971,0,-0.28855665071911074,0
1560,0.03315447455844833,0,0.08882173983154681,0
1561,0.09960126773749323,0,0.2671166101526056,0
1562,0.44709493269685807,1,1.1995368966271438,0
1563,0.10177039686128164,0,0.27293697524973504,0
1564,0.3204411168891639,0,0.8596901623498058,0
1565,0.6192932679086478,1,1.6615919993220123,0
1566,-0.2826331369789149,0,-0.7585225570758813,0
1567,-0.15075169748730566,0,-0.404648682552671,0
1568,-0.2765980596472467,0,-0.7423287984496684,0
1569,-0.04621067873942852,0,-0.1241366143380337,0
1570,0.22577366918371622,0,0.605671578386127,0
1571,0.11143030108475477,0,0.29885713314504714,0
1572,0.35125915554025267,0,0.94238336606905,0
1573,-0.3354902317355861,0,-0.9003525597638166,0
1574,-0.18820665014691595,0,-0.5051505368608582,0
1575,-0.20856552555590963,0,-0.5597789527295997,0
1576,0.5553191651328999,1,1.489932031811267,0
1577,1.0262868623732082,1,2.753666826033814,0
1578,0.6830898221030515,1,1.8327755555603407,0
1579,-0.35590958097484326,0,-0.9551432434141738,0
1580,0.43329478138532584,1,1.162507326488662,0
1581,-0.0922763339591044,0,-0.24774333229529563,0
1582,-0.35732916401914516,0,-0.9589523719316596,0
1583,0.33569280476166097,0,0.9006146010067146,0
1584,0.16471677126922712,0,0.44183926722347056,0
1585,-0.6414830381967411,1,-1.7214147229920929,0
1586,0.14451272318759445,0,0.3876262953051933,0
1587,0.41484304583519693,1,1.1129962870583014,0
1588,-0.6416676537370004,1,-1.7219100968428833,0
1589,0.5071979054098992,1,1.360809566278887,0
1590,0.737567685769958,1,1.9789545233201065,0
1591,0.16379231890950463,0,0.4393587093860052,0
1592,0.23046585455268814,0,0.6182619915852857,0
1593,-0.0156647178790858,0,-0.04217346954409516,0
1594,0.5810883515896881,1,1.5590777879535092,0
1595,0.8395185982410736,1,2.2525166299092274,0
1596,-0.32360135077436636,0,-0.8684514492989149,0
1597,0.03737921595642468,0,0.10015787335513954,0
1598,0.014369860871158324,0,0.03841749756236857,0
1599,0.045206495739407604,0,0.12116060000461311,0
1600,-1.6263210425935046,1,-4.364003716083593,0
1601,-1.3145838965781689,1,-3.5275279229885883,0
1602,0.3211542249557586,0,0.8616036258019217,0
1603,-0.3316542882505539,0,-0.890059677090309,0
1604,0.8487993326334049,1,2.277419371724114,0
1605,0.3679940300261163,0,0.9872875989679407,0
1606,0.31105391401007526,0,0.8345017365442937,0
1607,0.582989911141496,1,1.5641801909059556,0
1608,-0.09432558689439696,0,-0.25324203688091085,0
1609,-0.3030887272734955,0,-0.8134104853628876,0
1610,0.2206563100365058,0,0.5919403079683109,0
1611,0.11422428067503954,0,0.3063541424798273,0
1612,0.02760762005662859,0,0.07393801622690456,0
1613,-0.7723196340865615,1,-2.0724849971371064,0
1614,-0.20934937697072925,0,-0.5618822398811656,0
1615,0.38506146899583094,0,1.033084193088265,-1
1616,0.011905110686223574,0,0.03180390052371817,0
1617,0.4395796911342449,1,1.17937145363538,0
1618,0.21955435774111937,0,0.5889834693880575,0
1619,-0.43144677670944676,0,-1.1578301433165892,1
1620,-0.20230000436810236,0,-0.5429668503808254,0
1621,0.04824915527870832,0,0.12932488547327345,0
1622,-0.5372772839768136,0,-1.4418022609536778,1
1623,0.17086946308666134,0,0.45834861759586487,0
1624,0.5474022175728446,1,1.468688702057863,0
1625,0.09962413225196487,0,0.26717796188152493,0
1626,0.46110656235696257,1,1.2371339208582979,0
1627,0.04906787579689161,0,0.1315217359401627,0
1628,0.13687355649061583,0,0.3671283273757449,0
1629,0.32702403674291003,0,0.8773539318938827,0
1630,0.2551357314801253,0,0.6844580004093961,0
1631,0.4542035606544523,1,1.2186112844075254,0
1632,-0.021582179386219202,0,-0.05805163283184486,0
1633,-0.6984174601018099,1,-1.874185306562859,0
1634,-0.14894451783362933,0,-0.3997995266102486,0
1635,-0.1376986932113901,0,-0.3696239117047599,0
1636,-0.5647690271963817,1,-1.51557010674008,0
1637,0.25092155083464607,0,0.6731502042653349,0
1638,0.0729533805286704,0,0.19561306021566702,0
1639,-0.6612693251305786,1,-1.7745067278010829,0
1640,-0.2758140202034344,0,-0.7402250067650277,0
1641,-0.3845103365404876,0,-1.0318868718225502,1
1642,-0.35910335375883884,0,-0.9637130069364411,0
1643,-0.06862128868280007,0,-0.18427039359962452,0
1644,-0.4111398500929611,0,-1.1033411202278514,1
1645,-0.4840525203894632,0,-1.2989857025066047,1
1646,-0.17721389072156268,0,-0.47565396490541784,0
1647,-0.4978423158995604,0,-1.3359874852051576,1
1648,-0.6745319942517888,1,-1.810094086617716,0
1649,0.40828142306207543,0,1.0953896633905946,-1
1650,0.027021180125903918,0,0.07236443793369927,0
1651,-0.3768414730817438,0,-1.0113092193811102,1
1652,-0.3324629495921078,0,-0.8922295360425312,0
1653,0.5341380049731626,1,1.433097201667486,0
1654,0.06532792085567851,0,0.17515187197034296,0
1655,-0.7978826777749114,1,-2.1410776160035243,0
1656,-1.0952019579130052,1,-2.938866342290616,0
1657,0.5362591122508917,1,1.4387887110530595,0
1658,0.5605468179948201,1,1.5039592503496857,0
1659,-0.5011671861176198,0,-1.3449090189015376,1
1660,0.19310064899670643,0,0.5180009532358165,0
1661,-0.014942452966088982,0,-0.04023543577543422,0
1662,0.8503967161112446,1,2.281705587302148,0
1663,-0.1625156357367099,0,-0.43621453764203205,0
1664,-0.5518622338323771,0,-1.480937659649742,1
1665,-0.18056520252385694,0,-0.484646448584584,0
1666,0.36930140132847133,0,0.9907956327745802,0
1667,0.5857788613970291,1,1.571663705163781,0
1668,0.29261317436105627,0,0.7850202021158852,0
1669,0.012655569995579402,0,0.03381758754819636,0
1670,-0.2280666008643594,0,-0.6121056569525172,0
1671,0.6634830490270103,1,1.7801652353965431,0
1672,-0.2043114908722403,0,-0.5483642173303704,0
1673,-0.25897864993207426,0,-0.6950511162621256,0
1674,-0.004539743082980566,0,-0.012322127685476034,0
1675,-0.029198471664059478,0,-0.07848822245545163,0
1676,-0.26591126870599946,0,-0.7136532233939433,0
1677,0.06388231384735593,0,0.17127291405901712,0
1678,-0.06966215240057305,0,-0.18706331486344188,0
1679,-0.31487125304516406,0,-0.8450262158444708,0
1680,0.12513597016817313,0,0.3356331816942504,0
1681,0.3150073088969776,0,0.8451097733654067,0
1682,-0.28069496915281467,0,-0.7533219241381285,0
1683,-0.2104240052820605,0,-0.5647657607592291,0
1684,-0.3526281587185305,0,-0.946338292450153,0
1685,-0.2333618035189804,0,-0.6263141300098313,0
1686,-0.39147659779717525,0,-1.0505792509120415,1
1687,0.47481713177024537,1,1.2739231183291557,0
1688,-0.20119479174119514,0,-0.5400012634418041,0
1689,0.0222384041974224,0,0.05953094555363026,0
1690,-0.6130192884195144,1,-1.6450387184841406,0
1691,0.5369958940186003,1,1.4407656975025718,0
1692,0.38888682158605686,0,1.043348657502204,-1
1693,0.35740265456816694,0,0.9588680496797103,0
1694,-0.3150827850756124,0,-0.845593813980259,0
1695,-0.3114069413855366,0,-0.835730522725908,0
1696,-0.19556662518824308,0,-0.524899357425061,0
1697,0.5688742400597291,1,1.526303995161839,0
1698,-0.3459562454666626,0,-0.9284357293448158,0
1699,0.5358788677090763,1,1.4377684112307552,0
1700,-0.011758369982592998,0,-0.031691672630925656,0
1701,-0.03875422211382945,0,-0.10412890736663015,0
1702,0.17275389167517202,0,0.46340505350109323,0
1703,0.39560644334757467,0,1.0613792355520444,-1
1704,-0.45032357158359915,0,-1.2084817328537294,1
1705,-0.04834214994688935,0,-0.12985593297397277,0
1706,0.08560752553746206,0,0.2295675828558643,0
1707,0.04011782726634405,0,0.10750631449128523,0
1708,0.005194789701408964,0,0.013798278994679345,0
1709,0.3184298963980438,0,0.8542935091857461,0
1710,-0.1931522540865458,0,-0.5184209412082827,0
1711,0.18183331520028895,0,0.48776762334910234,0
1712,0.5804606766010256,1,1.5573935647524617,0
1713,-0.5794425492614077,1,-1.554943168833347,0
1714,0.15148317342156448,0,0.40632991456333106,0
1715,-0.2373570215689776,0,-0.637034389785336,0
1716,0.1449400629316731,0,0.388772964400995,0
1717,-0.10696712423605892,0,-0.2871627297112949,0
1718,-0.03340175850625765,0,-0.08976678755388408,0
1719,-0.011968717022116215,0,-0.03225609111284027,0
1720,0.08263135309478453,0,0.22158170040265893,0
1721,-0.15769825876552376,0,-0.4232882012265049,0
1722,0.2669096488800291,0,0.7160506322814897,0
1723,-0.20056633435217627,0,-0.5383149408471907,0
1724,-0.04174641174273602,0,-0.11215776829938258,0
1725,0.09384952384574508,0,0.2516831124285561,0
1726,-0.5131587125894783,0,-1.3770855552693726,1
1727,-0.284040235551831,0,-0.7622981863513381,0
1728,-0.22376026965577167,0,-0.6005505957123788,0
1729,-0.5536303172013068,0,-1.4856819095961724,1
1730,0.181833694504066,0,0.48776864112459617,0
1731,-0.3558461855992905,0,-0.9549731363296576,0
1732,0.32655408890245574,0,0.8760929336535962,0
1733,0.09184920947255215,0,0.24631572335367966,0
1734,-0.7928853961359925,1,-2.1276685462931466,0
1735,-0.793214928178487,1,-2.1285527706472833,0
1736,-0.24917969154386013,0,-0.6687578381139926,0
1737,-0.2801056611548285,0,-0.7517406500381582,0
1738,-0.07188346628629783,0,-0.19302370591091483,0
1739,0.5764311967824525,1,1.5465813713065273,0
1740,0.07146191427328147,0,0.1916110494357598,0
1741,-0.11068376859828649,0,-0.29713550029793984,0
1742,0.6378579969618017,1,1.7114062311414273,0
1743,-0.04163904841483902,0,-0.11186968320589954,0
1744,-0.1390181552245517,0,-0.37316438818639086,0
1745,-0.6837336475559797,1,-1.8347846323027326,0
1746,-0.00730776520317955,0,-0.01974948604778059,0
1747,-0.4466357317829647,0,-1.1985862527626552,1
1748,0.2575970046680133,0,0.6910622677165741,0
1749,0.21701446940686941,0,0.582168256199893,0
1750,-0.19966322260515335,0,-0.5358916456945262,0
1751,0.669754212888283,1,1.7969924785773372,0
1752,-0.23869576222482547,0,-0.6406265961237934,0
1753,0.11219317894180436,0,0.30090414252030706,0
1754,0.2639778734207436,0,0.7081838790445761,0
1755,-0.39634059457024606,0,-1.063630680972179,1
1756,-0.3513492628576039,0,-0.9429066660199108,0
1757,0.22484611473467708,0,0.6031826967968902,0
1758,-0.08070519726250325,0,-0.21669481636122087,0
1759,0.028368319554372787,0,0.07597918046997248,0
1760,-0.03341152253133017,0,-0.0897929870964177,0
1761,0.06541592047756062,0,0.17538799895888696,0
1762,0.030514458303937453,0,0.08173785612213781,0
1763,-0.3979394167232645,0,-1.0679207569081348,1
1764,0.22228834882177384,0,0.5963195131888582,0
1765,-0.23987237870072375,0,-0.6437837790659803,0
1766,-0.5163031793828512,0,-1.385523017369953,1
1767,-0.026425455869764858,0,-0.07104746470345932,0
1768,-0.20406917251343576,0,-0.5477140110782335,0
1769,0.041761455412413884,0,0.11191661712801175,0
1770,0.2710640876020025,0,0.7271981245494029,0
1771,1.045847707837082,1,2.806153909886817,0
1772,-0.020832666362784108,0,-0.056040484950603715,0
1773,0.26816744161045214,0,0.7194256332564393,0
1774,-0.09733801403928152,0,-0.26132520058907627,0
1775,0.041976302478512584,0,0.11249311040866879,0
1776,-0.15564266960267664,0,-0.41777249481407286,0
1777,-0.19254319209280096,0,-0.5167866617495344,0
1778,-0.16495891954657577,0,-0.44277053454114135,0
1779,0.07003464456645586,0,0.18778129550608633,0
1780,0.7866324507483033,1,2.1106086708058296,0
1781,0.18035270426128108,0,0.48379474034397335,0
1782,-0.12567552267549548,0,-0.3373624656817884,0
1783,-0.09093867873791106,0,-0.24415403847408282,0
1784,0.09367593100315463,0,0.25121731548219445,0
1785,0.39698637248627994,0,1.0650819618246992,-1
1786,-0.1762181137732584,0,-0.4729820237420842,0
1787,0.5371267201897958,1,1.4411167398044185,0
1788,-0.4377634470904471,0,-1.174779492902304,1
1789,-0.08525968407454099,0,-0.228915746773064,0
1790,0.538474718644776,1,1.4447337873431323,0
1791,0.11842411206379089,0,0.31762343565414236,0
1792,0.1704767910266193,0,0.45729497135239233,0
1793,-0.42936087257135097,0,-1.1522330935567637,1
1794,-0.23224166952364975,0,-0.6233085049693339,0
1795,-0.3011357579306032,0,-0.8081701359182767,0
1796,0.5376935376041648,1,1.4426376655339466,0
1797,-0.04414842983109277,0,-0.11860303801192403,0
1798,-0.14159795574158374,0,-0.3800866966475235,0
1799,-0.3848368222541361,0,-1.0327629220454675,1
1800,-0.10017453684554184,0,-0.2689363649765309,0
1801,-0.2440553364223103,0,-0.6550077955887814,0
1802,0.04634433636916868,0,0.12421373677500074,0
1803,-0.3796636045692289,0,-1.0188817679348725,1
1804,-0.0480428198190561,0,-0.12905274859483487,0
1805,0.5633862966049712,1,1.511578345965213,0
1806,0.163106702833929,0,0.4375190144445894,0
1807,-0.08912410823353852,0,-0.2392850508632924,0
1808,0.35645631653991783,0,0.956328766623989,0
1809,-0.006704087595038488,0,-0.018129654364267812,0
1810,0.17043138630328636,0,0.45717313809496485,0
1811,0.1636340125294371,0,0.43893393018817267,0
1812,0.2366259160660252,0,0.6347911168619672,0
1813,0.014722230564926525,0,0.0393630015641371,0
1814,0.3420333837559066,0,0.9176281039231499,0
1815,0.34811717164387423,0,0.933952566258348,0
1816,-0.07270685901011403,0,-0.19523309317992169,0
1817,0.06117217899706601,0,0.16400088303137966,0
1818,0.05484132888538873,0,0.14701348536055373,0
1819,-0.01882176574135558,0,-0.05064469008417507,0
1820,-0.3525023650542945,0,-0.94600075373716,0
1821,-0.2676350343970668,0,-0.7182785569224494,0
1822,-0.5393303751501021,0,-1.4473112645787651,1
1823,0.5961583381257256,1,1.599514672363309,0
1824,-0.2327845138006288,0,-0.6247651042322616,0
1825,-0.15860024170257458,0,-0.42570846747411667,0
1826,-0.22633500385637478,0,-0.6074593098646293,0
1827,0.6787511369955594,1,1.821133679984498,0
1828,-0.2514325734157926,0,-0.6748029346790371,0
1829,-0.03374518192499612,0,-0.09068828625953569,0
1830,0.004417796554509579,0,0.011713394446624642,0
1831,0.7557200904778604,1,2.0276623764544173,0
1832,-0.04589733421206954,0,-0.12329582550235967,0
1833,0.09400711100787854,0,0.25210596176849553,0
1834,0.23223344793201295,0,0.623004926755955,0
1835,-0.03196266316747631,0,-0.08590530222807943,0
1836,0.01301724196781806,0,0.03478805210041781,0
1837,-0.28220308164706254,0,-0.757368601317371,0
1838,-0.07189403086572806,0,-0.19305205355915173,0
1839,1.1757379715090164,1,3.1546849165668984,0
1840,0.5236939244622507,1,1.405072884898758,0
1841,-0.42635219379140077,0,-1.1441599877341322,1
1842,0.35436556309666556,0,0.950718704855718,0
1843,-0.07868042105439516,0,-0.21126178951098534,0
1844,-0.15471993248967902,0,-0.4152965394514261,0
1845,-0.28587487810084455,0,-0.76722103273281,0
1846,-0.7210664931616069,1,-1.9349588400788058,0
1847,0.04069543272733861,0,0.10905618749248881,0
1848,-0.3605350298788526,0,-0.9675545844746045,0
1849,-0.21113788557548624,0,-0.5666812963065675,0
1850,0.3453201695899179,0,0.9264474468291211,0
1851,-0.32262454667785,0,-0.8658304174720188,0
1852,0.08423406573082957,0,0.22588221556575475,0
1853,-0.5994001044569746,1,-1.608494733104189,0
1854,-0.24166723571442217,0,-0.6485998700041826,0
1855,0.04038808047596695,0,0.10823147756775948,0
1856,-0.017345312788358824,0,-0.046682964089658316,0
1857,-0.402516693990402,0,-1.0802028403274018,1
1858,0.2512536789661854,0,0.6740413946344956,0
1859,-0.006534789922178735,0,-0.017675382529856606,0
1860,0.10808846747393941,0,0.2898900820389181,0
1861,-0.1007391440489263,0,-0.2704513601071238,0
1862,-0.12715284150953426,0,-0.34132651507132117,0
1863,-0.3371804145245636,0,-0.9048877812058449,0
1864,0.45817618112599673,1,1.2292709087162599,0
1865,-0.14888724957233201,0,-0.3996458602445294,0
1866,0.1597830342124336,0,0.42860070495954145,0
1867,-0.09151689197832358,0,-0.24570554231324448,0
1868,0.041423195884563016,0,0.11100897455012955,0
1869,-0.4546195621611961,0,-1.2200090473603789,1
1870,-0.24412909138683064,0,-0.6552057002762094,0
1871,-0.07988124118334056,0,-0.21448391745615694,0
1872,-0.11395699421071141,0,-0.305918457430669,0
1873,-0.14054628725530205,0,-0.377264783242657,0
1874,-0.7318835159920173,1,-1.9639838628155868,0
1875,-0.2665368934489211,0,-0.7153319452264371,0
1876,0.164642807871867,0,0.44164080325388066,0
1877,-0.0913117212507995,0,-0.24515501328832956,0
1878,0.05228053724847215,0,0.1401421829096887,0
1879,-0.321229170522581,0,-0.8620862426405501,0
1880,0.16981652341262052,0,0.45552329324750773,0
1881,-0.04424216627287031,0,-0.11885455845303923,0
1882,-0.004129205936444572,0,-0.011220544542006947,0
1883,-0.03033119161672461,0,-0.08152761905245996,0
1884,0.3200263693570562,0,0.8585772815934107,0
1885,0.9247211270300475,1,2.4811382547410363,0
1886,0.5779035639974023,1,1.5505321341514264,0
1887,-0.015672375624942142,0,-0.04219401736497689,0
1888,-0.03596237204176078,0,-0.09663761211007738,0
1889,-0.6236070942163175,1,-1.6734486893978446,0
1890,-0.09440036124767431,0,-0.2534426768664253,0
1891,-0.2837531304350805,0,-0.761527805011465,0
1892,-0.12385239852998442,0,-0.33247052631870716,0
1893,0.35083451171115165,0,0.941243930848479,0
1894,-0.1859394159402229,0,-0.4990669290668662,0
1895,0.20821590372234505,0,0.5585593045457999,0
1896,-0.3422077226923214,0,-0.9183774202832211,0
1897,-0.4398154340960557,0,-1.1802855337443303,1
1898,-0.09745892491019431,0,-0.2616496374357381,0
1899,0.09811732617045768,0,0.26313479016400654,0
1900,-0.22636428984763907,0,-0.6075378921673239,0
1901,0.25440900445189246,0,0.6825079935684573,0
1902,0.2515228596805104,0,0.6747636799135487,0
1903,-0.3920124209004163,0,-1.0520170104507145,1
1904,0.5355964640378594,1,1.437010645151629,0
1905,0.06852280702971536,0,0.18372462302178252,0
1906,-0.042800295253276,0,-0.11498562521851055,0
1907,-0.15408447475268067,0,-0.4135914330137483,0
1908,-0.3137059117032024,0,-0.8418992871620743,0
1909,0.037593662156422125,0,0.10073329100270549,0
1910,-0.018278640172976313,0,-0.04918733603969468,0
1911,-0.3117714137324778,0,-0.8367085014472948,0
1912,-0.17882019245570685,0,-0.4799641105976865,0
1913,0.32910278425453915,0,0.8829317784728358,0
1914,0.38466509457636244,0,1.032020612404585,-1
1915,-0.3196290959140815,0,-0.8577928060249151,0
1916,0.17503139022243663,0,0.4695162033205702,0
1917,0.3745122216683371,0,1.0047776850650387,-1
1918,0.28824615414458954,0,0.7733022957138961,0
1919,0.3726539397373971,0,0.9997914077739114,0
1920,-0.48663515815870517,0,-1.3059156240893137,1
1921,0.29359821457016483,0,0.7876633336793724,0
1922,-0.03896424743215822,0,-0.10469246258282644,0
1923,0.05812845810550468,0,0.1558337496651066,0
1924,0.13048378048806702,0,0.34998281546691223,0
1925,-0.23296751173087604,0,-0.6252561375941658,0
1926,-0.5085533316387487,0,-1.364728062001385,1
1927,0.2103384318730411,0,0.5642546265211048,0
1928,0.5546610505655643,1,1.4881661309178509,0
1929,0.04039223564788061,0,0.10824262702738068,0
1930,-0.2694564589622552,0,-0.7231659358479423,0
1931,0.27609271101843424,0,0.7406912927977224,0
1932,0.22971603669077853,0,0.6162500257392688,0
1933,-0.12009283099904161,0,-0.3223825811625502,0
1934,0.33684019516188435,0,0.9036933624160759,0
1935,0.1764671480169694,0,0.4733687331047976,0
1936,0.5219845372318721,1,1.400486132702191,0
1937,-0.06227461339845029,0,-0.16724053267399783,0
1938,0.23724559234371725,0,0.6364538773397292,0
1939,-0.2784499431748757,0,-0.7472979070794652,0
1940,-0.12395786912785672,0,-0.3327535327012674,0
1941,0.12032128595332953,0,0.32271407067847435,0
1942,0.06816691463570063,0,0.18276966665439054,0
1943,-0.01622308404199123,0,-0.04367171826075839,0
1944,0.19782202708503532,0,0.5306696984637016,0
1945,0.11772061563154822,0,0.3157357628386905,0
1946,-0.06489524210103675,0,-0.17427239429338826,0
1947,0.38135897547741576,0,1.0231493930753943,-1
1948,-0.2166481330458924,0,-0.5814667932608861,0
1949,0.3640852784177293,0,0.9767993522401156,0
1950,-0.1665186090737637,0,-0.4469556069680645,0
1951,-0.29310635306176425,0,-0.7866250525312217,0
1952,-0.39076661312824446,0,-1.0486741683878051,1
1953,0.37071536479511624,0,0.9945896824323998,0
1954,-0.8054743968753353,1,-2.1614482690894707,0
1955,0.48345593830044176,1,1.2971033925958124,0
1956,0.3899763669981369,0,1.0462722050304085,-1
1957,-0.050556898706939524,0,-0.13579870799853785,0
1958,0.30562561121943066,0,0.8199361195172459,0
1959,0.4529512843596364,1,1.2152510855339889,0
1960,0.898985817224226,1,2.4120833988936323,0
1961,-0.14031474521764298,0,-0.3766434927995342,0
1962,-0.4956859687293066,0,-1.3302014175758046,1
1963,-0.23252115452996647,0,-0.6240584394744295,0
1964,-0.003275833691156055,0,-0.008930714039587898,0
1965,-0.5685782299106389,1,-1.5257912366317072,0
1966,0.08049721604069729,0,0.2158552285730771,0
1967,0.21399303161007022,0,0.5740609144548688,0
1968,0.3846605829249197,0,1.032008506413153,-1
1969,-0.5211238326174917,0,-1.3984581448939715,1
1970,-0.2869943577602364,0,-0.770224902011505,0
1971,-0.17190639977329397,0,-0.46141251900445607,0
1972,0.32378256764149616,0,0.868656186142195,0
1973,0.09731393875289104,0,0.26097908258837316,0
1974,0.20258578529932475,0,0.5434521611292659,0
1975,0.07890991000250829,0,0.21159605351437774,0
1976,-0.15959649967458447,0,-0.428381699355258,0
1977,-0.33762535612451383,0,-0.9060816808820837,0
1978,-0.5360467839741386,0,-1.4385004938117207,1
1979,0.16687313496786083,0,0.4476253792029751,0
1980,0.1439782117678363,0,0.38619205537108375,0
1981,-0.430289817068521,0,-1.1547257050242892,1
1982,0.06388489779349096,0,0.17127984749130212,0
1983,-0.07685634781068346,0,-0.206367303458553,0
1984,-0.011293226866819994,0,-0.030443566777509767,0
1985,-0.09924845867349213,0,-0.2664514446411303,0
1986,-0.3637555188829601,0,-0.9761960349026264,0
1987,-0.1395925849553229,0,-0.37470573983718375,0
1988,0.5791738681715378,1,1.5539407067425144,0
1989,0.5520487621638388,1,1.4811566486005954,0
1990,-0.515884550208656,0,-1.384399721109069,1
1991,-0.02608882015470776,0,-0.07014417925821875,0
1992,-0.6068169420300942,1,-1.6283961313511814,0
1993,-0.023801280345116194,0,-0.06400608599303448,0
1994,0.06206054864253421,0,0.16638462110447408,0
1995,-0.19388797064960142,0,-0.5203950694231629,0
1996,-0.05443469359018513,0,-0.14620388938896173,0
1997,-0.5166320393416066,0,-1.386405438340098,1
1998,0.04223972964282646,0,0.11319995734368686,0
1999,-0.11532010774691503,0,-0.3095760628551389,0
2000,0.16699641867041864,0,0.44795618300416107,0
2001,0.11007730254688268,0,0.29522666902009725,0
2002,0.3213633177244816,0,0.8621646787331607,0
2003,-0.21522751409961963,0,-0.5776548851358568,0
2004,0.70421713691894,1,1.8894659039595616,0
2005,-0.6329938590895926,1,-1.6986359399142872,0
2006,-0.16382582941209947,0,-0.4397301446453618,0
2007,-0.13596314752695637,0,-0.3649669692409064,0
2008,-0.012856929157047753,0,-0.03463940654220175,0
2009,-0.09279988930769245,0,-0.24914817410204582,0
2010,-0.13333893857601356,0,-0.35792550083861685,0
2011,-0.12709601607056029,0,-0.341174036918681,0
2012,-0.28129391190944736,0,-0.7549290509235523,0
2013,-0.0012853453312125784,0,-0.0035896908384318053,0
2014,-0.05104372085756931,0,-0.13710498461571147,0
2015,0.1693297093054545,0,0.45421703821314136,0
2016,0.5911556485810324,1,1.5860910917666629,0
2017,-0.03798979755826887,0,-0.1020777477773832,0
2018,0.14508823308780713,0,0.3891705453452278,0
2019,0.19028132800969955,0,0.5104359460214375,0
2020,1.1693254792566823,1,3.1374784507637408,0
2021,0.18899214497109829,0,0.5069767162875335,0
2022,-0.24145705405729834,0,-0.6480358952883558,0
2023,-0.4482482201187671,0,-1.2029129987946485,1
2024,-0.06296203523295008,0,-0.16908507295915123,0
2025,0.8514975998817883,1,2.2846595587387943,0
2026,0.8426064896115084,1,2.2608022847183875,0
2027,0.2496190817236158,0,0.6696553243751558,0
2028,-0.21575300923983065,0,-0.5790649319326346,0
2029,0.4242278708095425,1,1.1381783322967838,0
2030,-0.5754939510268026,1,-1.5443480027386962,0
2031,0.7164769755317446,1,1.9223623949871596,0
2032,0.8913171313654346,1,2.3915062230013073,0
2033,0.10440770052672965,0,0.2800135803427946,0
2034,-0.3891596294197328,0,-1.0443621927722913,1
2035,0.3937821456372358,0,1.0564841471944253,-1
2036,-0.6436865166762157,1,-1.727327256779759,0
2037,-0.09764252482376307,0,-0.2621422860830926,0
2038,-0.03209601541116197,0,-0.08626312267143613,0
2039,-0.5884279257093494,1,-1.579053384720739,0
2040,0.3968835000554234,0,1.064805927032926,-1
2041,-0.7375610920647884,1,-1.9792183480510896,0
2042,0.09249023162977597,0,0.24803576064858993,0
2043,-0.10022403915276623,0,-0.269069193169208,0
2044,0.02639047060082428,0,0.07067207224373555,0
2045,-0.0690722317889309,0,-0.18548039695393428,0
2046,0.4685227986593935,1,1.2570337057320282,0
2047,-0.255079509866845,0,-0.6845886599262653,0
2048,0.3856416477884055,0,1.0346409710400073,-1
2049,-0.2780262509027387,0,-0.7461610251457781,0
2050,0.4590346304487374,1,1.2315743624023214,0
2051,-0.1128754582045208,0,-0.30301640132313473,0
2052,-0.01366696537243517,0,-0.036812954655933865,0
2053,0.839757110797163,1,2.253156624154598,0
2054,-0.030082278722964817,0,-0.0808597178642934,0
2055,-0.23877754876307933,0,-0.6408460517142639,0
2056,0.33880318679149596,0,0.908960604389663,0
2057,-0.041974925819124764,0,-0.11277093389650152,0
2058,-0.2176200421911239,0,-0.5840746905983238,0
2059,-0.8699350401128882,1,-2.334413757369439,0
2060,0.09756108893161447,0,0.2616422539312938,0
2061,-0.0017986852180855717,0,-0.00496712177500124,0
2062,0.31207596020332506,0,0.8372441652570923,0
2063,-0.12289414599924894,0,-0.3298992734029805,0
2064,0.02183437233697444,0,0.05844681786713623,0
2065,-0.42255971191081443,0,-1.1339837244000672,1
2066,0.10932237015222168,0,0.29320097948765345,0
2067,0.0951104525536122,0,0.2550665280863665,0
2068,-0.20369320374790675,0,-0.5467051843299788,0
2069,0.03524576627596493,0,0.09443324593649029,0
2070,-0.5513382379008666,0,-1.4795316356388362,1
2071,0.3044519981315801,0,0.8167869954844038,0
2072,0.19210175955971004,0,0.5153206604163504,0
2073,0.6804913246852788,1,1.8258030782147,0
2074,-0.2600150220631678,0,-0.6978319853737436,0
2075,0.020629256178933547,0,0.05521316250410398,0
2076,-0.198020641742716,0,-0.5314841532054458,0
2077,-0.10879556789346509,0,-0.2920689427757563,0
2078,-0.28164108958150674,0,-0.7558606233148851,0
2079,-0.03008661437280491,0,-0.0808713515954189,0
2080,0.035020047893481926,0,0.0938275819486821,0
2081,0.20776194054082425,0,0.5573411975054543,0
2082,-0.05130936716761264,0,-0.13781778612402235,0
2083,0.23018846758202255,0,0.6175176866821084,0
2084,0.18999886006673294,0,0.5096780074836756,0
2085,0.10391598622505342,0,0.278694176749966,0
2086,-0.25056050333278235,0,-0.6724629327779337,0
2087,-0.061142604806428524,0,-0.16420304485162845,0
2088,-0.32525547400874627,0,-0.8728899131202483,0
2089,0.28560144420986144,0,0.7662058175802023,0
2090,-0.25587775208984664,0,-0.6867305615414625,0
2091,-0.3624448010427314,0,-0.9726790214220606,0
2092,0.07266071947634414,0,0.19482777078519095,0
2093,-0.7051056861636775,1,-1.8921316413869553,0
2094,0.2288909400545525,0,0.6140360664085023,0
2095,0.6209470145381595,1,1.6660294526097605,0
2096,-0.36731373547748725,0,-0.9857437005753098,0
2097,0.013281821768537677,0,0.03549799187330895,0
2098,0.12549923000937446,0,0.3366079069320105,0
2099,0.37004746654770004,0,0.9927975292567024,0
2100,-0.7468867448972072,1,-2.004241618292816,0
2101,0.2305786905513573,0,0.6185647613471922,0
2102,0.10297198426380302,0,0.27616116199919477,0
2103,-0.013715208556280112,0,-0.0369424042771418,0
2104,0.15841925142795968,0,0.4249413037594162,0
2105,-0.14336999386603289,0,-0.38484155828172306,0
2106,0.5567803995047903,1,1.4938529222016108,0
2107,-0.022963384618031962,0,-0.061757783210377906,0
2108,-0.31481388284954026,0,-0.8448722759611498,0
2109,0.12348532537469029,0,0.33120405147863347,0
2110,0.11059040897935168,0,0.2966034735348231,0
2111,0.13556663127171398,0,0.36362149053268544,0
2112,-0.23991720539646139,0,-0.6439040613177051,0
2113,0.19276439566691528,0,0.5170986938345451,0
2114,0.2540263439283532,0,0.6814812110081977,0
2115,-0.10853647194813422,0,-0.2913737176826656,0
2116,-0.5617515703276792,1,-1.507473446910989,0
2117,-0.11165802874497656,0,-0.2997497060135569,0
2118,-0.7084094085632956,1,-1.9009964297181166,0
2119,0.27200783737085316,0,0.7297304625991768,0
2120,-0.6386308224201466,1,-1.713761450084771,0
2121,-0.09575119146434091,0,-0.2570673227941432,0
2122,0.03688613238040017,0,0.09883479562574718,0
2123,-0.683765068350203,1,-1.8348689428640617,0
2124,0.07187598204074763,0,0.192722106198207,0
2125,0.07631723993347111,0,0.20463921253487877,0
2126,-0.5038566635706976,0,-1.3521256204978827,1
2127,-0.12114232522642782,0,-0.32519866043774287,0
2128,0.3581673825039329,0,0.960920023320799,0
2129,-0.06534913096099804,0,-0.17549030190871756,0
2130,-0.12573841768521166,0,-0.33753123014828373,0
2131,-0.1970469397575127,0,-0.5288714451893435,0
2132,-0.06360644020201395,0,-0.170814187260934,0
2133,0.04327631224680858,0,0.1159813912114742,0
2134,0.17004256116145594,0,0.45612981418235077,0
2135,0.09089459804815714,0,0.24375424051942324,0
2136,0.23668763919657698,0,0.6349567368570193,0
2137,0.005333795729058066,0,0.014171270082552615,0
2138,-0.2747369540266404,0,-0.7373349444289684,0
2139,-0.5530724530575751,0,-1.4841850079338843,1
2140,0.4218417775684245,1,1.1317757932930916,0
2141,0.11432272084375648,0,0.3066182843033233,0
2142,0.08356712999882876,0,0.22409264508145532,0
2143,0.5272684431218954,1,1.4146642934587506,0
2144,0.21982865307190702,0,0.5897194785781575,0
2145,-0.23116710094267762,0,-0.6204251443641161,0
2146,0.3888214214638243,0,1.0431731711355254,-1
2147,-0.21896036063259428,0,-0.5876711305659676,0
2148,-0.08882721039536445,0,-0.23848839298074856,0
2149,-0.520352713353999,0,-1.3963890215772745,1
2150,-0.04776432376133305,0,-0.12830546770856455,0
2151,0.1914939878208453,0,0.513689843063379,0
2152,1.0945097564058393,1,2.936727459399509,0
2153,-0.7523215018845408,1,-2.0188245536900458,0
2154,-0.04216686091833255,0,-0.11328594812045513,0
2155,-0.034413407770804594,0,-0.09248131847107627,0
2156,-0.17085437466838904,0,-0.4585896486945511,0
2157,0.2807618535491827,0,0.7532198757766956,0
2158,-0.17058735587794888,0,-0.45787316444697373,0
2159,-0.22428172973725932,0,-0.6019498153459873,0
2160,-0.15228531041650245,0,-0.40876378435445476,0
2161,0.16958461169184524,0,0.4549010108437483,0
2162,0.133661254064654,0,0.3585088437698828,0
2163,0.5360109241271548,1,1.4381227546205546,0
2164,-0.37380562966137193,0,-1.0031632234187204,1
2165,0.049328213491439926,0,0.13222029298510696,0
2166,-0.20199933682843316,0,-0.5421600773609352,0
2167,-0.04559068827542048,0,-0.12247301081268754,0
2168,0.18369155039802093,0,0.4927537752422856,0
2169,0.2652224370385638,0,0.7115233827020009,0
2170,0.7476267946711633,1,2.0059458562540096,0
2171,0.2099894497651692,0,0.5633182123363039,0
2172,0.7254389679020952,1,1.9464098650160653,0
2173,-0.7267309804431252,1,-1.9501582045172408,0
2174,1.0420747122396,1,2.7960299335654564,0
2175,0.20653155069837348,0,0.5540397259534262,0
2176,0.48917926157592784,1,1.3124606300543404,0
2177,-0.34528187919039066,0,-0.92662622068346,0
2178,-0.2816371856500761,0,-0.755850148002009,0
2179,1.1294502123124408,1,3.030482233057884,0
2180,0.49384468320749786,1,1.3249792288458946,0
2181,1.1910710547653989,1,3.1958277612404147,0
2182,-0.3642631373570213,0,-0.9775581137280326,0
2183,-0.6790589214756952,1,-1.822241067137369,0
2184,0.69301657604121,1,1.8594117440268627,0
2185,-0.39673958424255495,0,-1.0647012790925738,1
2186,-0.005719011624487513,0,-0.01548642684307622,0
2187,0.275032699168952,0,0.7378469918736287,0
2188,-0.3611326654222514,0,-0.9691582036503626,0
2189,0.05575545632133028,0,0.14946633861125838,0
2190,-0.19551755473836596,0,-0.5247676880234412,0
2191,-0.3873615432812758,0,-1.039537437211576,1
2192,-0.04326202908593385,0,-0.11622458303540245,0
2193,0.7732372412173047,1,2.074665669917624,0
2194,0.5137371649835597,1,1.3783561833825886,0
2195,0.5817770440680342,1,1.5609257377226868,0
2196,0.4129552557730809,1,1.1079308314025047,0
2197,-0.024197312319577086,0,-0.0650687478033529,0
2198,-0.3051662026469539,0,-0.8189849184481365,0
2199,1.7578234487872253,1,4.716579023441864,0
2200,-0.21173717372808465,0,-0.5682893498835786,0
2201,-0.8808768596544094,1,-2.363773643722046,0
2202,0.48674734779417195,1,1.3059351420419723,0
2203,-1.8795024682054082,1,-5.0433585395066,0
2204,1.4318887702885545,1,3.842007378133581,0
2205,0.32132594657436364,0,0.86206440174393,0
2206,0.13378705856698914,0,0.358846411564452,0
2207,-0.352897316039012,0,-0.9470605149571429,0
2208,0.25039005108036116,0,0.6717240454511607,0
2209,0.28058604834264383,0,0.7527481424544095,0
2210,-0.026569956306425002,0,-0.0714351987893803,0
2211,-0.08211705705731043,0,-0.2204832212936962,0
2212,-0.9231294396798485,1,-2.4771488408676263,0
2213,-0.8612224860256829,1,-2.3110355982917277,0
2214,-0.47044796832843455,0,-1.262480978509448,1
2215,0.07193737202529685,0,0.19288683227166434,0
2216,0.14359781454477638,0,0.38517134586335466,0
2217,0.15590847789759013,0,0.41820421353150194,0
2218,-0.42353993426346864,0,-1.1366139283405547,1
2219,-0.1876851305129622,0,-0.5037511574317394,0
2220,-0.03748877430766484,0,-0.10073336573544514,0
2221,0.035789137476943234,0,0.09589125908023335,0
2222,-0.2341395794193361,0,-0.6284011148989154,0
2223,-0.27558031482459244,0,-0.739597911487432,0
2224,-0.056139455593741956,0,-0.15077823084037564,0
2225,-1.0742612219885859,1,-2.882676635949011,0
2226,-0.6233278176935625,1,-1.6726993143110116,0
2227,-0.2628418327975195,0,-0.7054170896231743,0
2228,0.7020534720764429,1,1.8836602010195902,0
2229,0.26618765496982855,0,0.7141133256872506,0
2230,0.13452506859982316,0,0.36082669378432114,0
2231,0.1272925424424443,0,0.341419853339082,0
2232,0.15475436831774192,0,0.4151074227304641,0
2233,-0.12412583951655685,0,-0.3332042430702444,0
2234,0.4120819577155573,1,1.105587534510836,0
2235,-0.3456875679947189,0,-0.9277147944023376,0
2236,-0.22530559415699497,0,-0.6046971228563923,0
2237,0.22171031073346223,0,0.5947684793305583,0
2238,0.31234947256446355,0,0.8379780735260586,0
2239,-0.06259883647011659,0,-0.168110511611312,0
2240,-0.20439573948833856,0,-0.548590279347261,0
2241,-0.515192016115026,0,-1.3825414632382345,1
2242,-0.07312932410162772,0,-0.1963666822532671,0
2243,-0.06737905599372962,0,-0.18093714445982637,0
2244,-0.29295333791935674,0,-0.7862144711672845,0
2245,-0.32974882273795125,0,-0.8849467933796489,0
2246,0.08251597363490826,0,0.2212721058405719,0
2247,0.3877378106090074,0,1.040265547643185,-1
2248,0.5763533878802324,1,1.5463725887984872,0
2249,-0.7854019147968787,1,-2.107588324644043,0
2250,0.22523455439031204,0,0.6042249863448955,0
2251,-0.011530569372988492,0,-0.03108042145979612,0
2252,0.17283699525484092,0,0.4636280430729204,0
2253,0.026369761560648408,0,0.07061650424028532,0
2254,-0.6798249732697568,1,-1.8242965930513644,0
2255,-0.422631749898579,0,-1.1341770219705318,1
2256,-0.016741284754976937,0,-0.04506219211964139,0
2257,-0.09561412905695593,0,-0.25669954696958613,0
2258,0.0905456962882611,0,0.24281804193015752,0
2259,0.40713294835378766,0,1.0923079924869374,-1
2260,-0.31184726475296887,0,-0.8369120304246186,0
2261,-0.16783420570307048,0,-0.4504857115704796,0
2262,0.1353228261256505,0,0.3629672948247923,0
2263,-0.07055175500779204,0,-0.18945036130921988,0
2264,-0.035278949960331096,0,-0.09480380425339542,0
2265,0.05557158079099106,0,0.14897295040893072,0
2266,0.15467622124832814,0,0.41489773282760367,0
2267,-0.033755370518210745,0,-0.09071562503420103,0
2268,-0.3365898382378629,0,-0.9033031039413114,0
2269,0.09804147029603952,0,0.2629312481622724,0
2270,0.0870549365285207,0,0.23345138134493057,0
2271,-0.05767373197943358,0,-0.1548951128769014,0
2272,-0.2548599318051185,0,-0.6839994720938987,0
2273,0.44039209367314247,1,1.1815513512405351,0
2274,0.10401302440336524,0,0.27895455665079394,0
2275,0.14829837614344887,0,0.39778423477152497,0
2276,-0.00364377867352228,0,-0.009918010789026203,0
2277,-0.43724374152902773,0,-1.1733849811246067,1
2278,0.10781958818946855,0,0.2891686055783826,0
2279,-0.3315143764837175,0,-0.8896842556571442,0
2280,0.7116268030141771,1,1.9093480591752823,0
2281,0.3012767053508495,0,0.8082668188515563,0
2282,-0.20841807967441256,0,-0.5593833152117731,0
2283,0.5076831177572126,1,1.3621115233546683,0
2284,0.10233267649368322,0,0.2744457248725058,0
2285,0.011139595620041881,0,0.029749814797023908,0
2286,0.07825386455156988,0,0.2098357046246337,0
2287,0.12763928066154492,0,0.3423502465582599,0
2288,-0.5791833310998382,1,-1.554247615800752,0
2289,0.008678656376089222,0,0.02314644355251187,0
2290,-0.042291584163511364,0,-0.11362061460714709,0
2291,-0.0742180635054539,0,-0.19928806704147736,0
2292,-0.17060361588554065,0,-0.45791679448246975,0
2293,0.47710210484847426,1,1.2800543243539848,0
2294,0.2844225787621578,0,0.7630426000332255,0
2295,0.13489721184272646,0,0.36182525561191026,0
2296,-0.42473841692488135,0,-1.1398297842227616,1
2297,-0.24158487869826228,0,-0.648378883665885,0
2298,-0.0965679646938806,0,-0.25925894815445355,0
2299,-0.049317200137881864,0,-0.13247225859394804,0
2300,-0.36828454778309644,0,-0.9883486547928636,0
2301,0.18985929351776826,0,0.5093035123642232,0
2302,0.17664776155969059,0,0.4738533685045968,0
2303,-0.19369472891468736,0,-0.5198765491392076,0
2304,0.022075181517942966,0,0.059092974583491414,0
2305,-0.27188264035692444,0,-0.7296760423021743,0
2306,-0.2309524161541019,0,-0.6198490865183165,0
2307,-0.12935123239390944,0,-0.34722539745362824,0
2308,0.4662020169223325,1,1.250806415308278,0
2309,0.06872555229535204,0,0.1842686438708775,0
2310,-0.006936060416878886,0,-0.018752100718851066,0
2311,-0.5191518786860577,0,-1.3931668546200113,1
2312,0.007985645985255616,0,0.021286907646363866,0
2313,-0.04688953178319419,0,-0.12595816222039902,0
2314,-0.38347737444488234,0,-1.0291151527662783,1
2315,-0.10745752093424554,0,-0.28847859781456753,0
2316,-0.33323247581430215,0,-0.8942943847949021,0
2317,0.4227371455534047,1,1.1341783098199845,0
2318,0.42621565305984715,1,1.1435120942676524,0
2319,-0.0040072585253264625,0,-0.010893326375244476,0
2320,0.17440972420356093,0,0.4678481038244849,0
2321,-0.08681632473664908,0,-0.23309263826336057,0
2322,0.339007199168027,0,0.9095080252429084,0
2323,-0.3237638436493225,0,-0.8688874620044541,0
2324,-0.23806196454996995,0,-0.6389259440856482,0
2325,0.24962559280832144,0,0.6696727953914037,0
2326,-0.2395357142141383,0,-0.6428804164188814,0
2327,0.5134959433982262,1,1.3777089200728336,0
2328,-0.3166254171131774,0,-0.849733116509873,0
2329,-0.2572451500089544,0,-0.690399663133885,0
2330,0.837058149010435,1,2.245914573504095,0
2331,-0.729002389309809,1,-1.9562530140626802,0
2332,0.3874942235576953,0,1.039611937142998,-1
2333,-0.37780869089852126,0,-1.013904528604685,1
2334,-0.29203921273356376,0,-0.7837616239543422,0
2335,0.014895887938433078,0,0.03982897166454837,0
2336,-0.23608805623745077,0,-0.6336294096741537,0
2337,-0.1879085324446727,0,-0.504350605750283,0
2338,0.15690337577195057,0,0.4208737958996655,0
2339,-0.2481944209556869,0,-0.666114088380636,0
2340,-0.2683374622643,0,-0.7201633624865158,0
2341,-0.24955233638109356,0,-0.6697577458559858,0
2342,-0.04409036687439438,0,-0.11844723926168034,0
2343,-0.06602513117366715,0,-0.17730419486710428,0
2344,0.46305850806441806,1,1.242371523609822,0
2345,-0.19380995554932265,0,-0.5201857336294881,0
2346,-0.4276648128438689,0,-1.1476821026857167,1
2347,0.9399594588644626,1,2.5220268555047394,0
2348,-0.33293985009950433,0,-0.8935091901846536,0
2349,0.38029779648537015,0,1.0203019603894499,-1
2350,0.3091238924377618,0,0.8293229622274467,0
2351,-0.3238185467848901,0,-0.8690342454381692,0
2352,0.3527364920716926,0,0.9463474629455373,0
2353,-0.09175989124538171,0,-0.24635757562795235,0
2354,0.5524823890773014,1,1.4823201878867611,0
2355,0.21928896339157417,0,0.5882713439584886,0
2356,0.18920253316930813,0,0.5075412452094309,0
2357,0.2629201600433209,0,0.7053457455479563,0
2358,-0.38443446152772054,0,-1.0316832784674057,1
2359,0.6275268145441684,1,1.6836848507513795,0
2360,-0.27129788639589814,0,-0.7281069879255397,0
2361,-0.6595744116904766,1,-1.7699588127317412,0
2362,-0.1487671384338728,0,-0.39932356929817786,0
2363,0.04591717294523234,0,0.12306754079423446,0
2364,-0.14401350746313618,0,-0.38656828078940236,0
2365,-0.22352786207091355,0,-0.5999269827700316,0
2366,-0.48610512887795604,0,-1.3044934109567268,1
2367,-0.010467287433034489,0,-0.028227345991007215,0
2368,0.04356910888023954,0,0.11676704444303572,0
2369,-0.3839196787999513,0,-1.0303019759951582,1
2370,-0.1765143379571139,0,-0.4737768740263434,0
2371,-0.1890465602497925,0,-0.5074042447632126,0
2372,-0.023357679733089443,0,-0.06281578455316612,0
2373,0.3008184640093475,0,0.8070372323410575,0
2374,0.5431774793954607,1,1.4573525771759983,0
2375,0.21084836049347733,0,0.5656229040993573,0
2376,-0.36873366649528927,0,-0.9895537628006107,0
2377,0.4573229400938175,1,1.226981430294403,0
2378,-0.47893438930315724,0,-1.285252360765639,1
2379,-0.3894192013949903,0,-1.0450586951835183,1
2380,-0.011009092483671878,0,-0.02968115672619786,0
2381,0.06789088282286908,0,0.18202899800931877,0
2382,0.015081591244241604,0,0.04032726428700957,0
2383,-0.04572946818397389,0,-0.12284539516135015,0
2384,0.1458283499879206,0,0.39115648086468296,0
2385,0.03447979027092768,0,0.09237792338511953,0
2386,0.011711190762021872,0,0.03128356047291921,0
