,spread,regime,z_score,signal
0,-0.09526034149803336,1,-0.3037171087795554,0
1,0.1778111824902998,1,0.5657466586768087,0
2,-0.1026364398078301,1,-0.327202714791841,0
3,0.1651749603419176,1,0.5255127406355509,0
4,0.05476415063818141,1,0.17396309103891405,0
5,0.011963930520631293,1,0.03768655774151794,0
6,-0.13984891334641425,1,-0.44568778041373264,0
7,0.07374079085364327,1,0.23438499389578002,0
8,0.31103240280975264,1,0.9899249927349384,0
9,-0.16838758914585594,1,-0.5365553458646746,0
10,0.20827693998764235,1,0.6627500807296447,0
11,0.08240865616976417,1,0.2619836051441679,0
12,-0.10544099905705706,1,-0.3361324728833205,0
13,0.37237891452704425,0,1.1852531925376437,0
14,0.059547476309045,1,0.1891932706563885,0
15,0.023396926331122753,1,0.07408938534329833,0
16,-0.05103287172237831,1,-0.1628961914808097,0
17,0.0504261092853613,1,0.1601507032698927,0
18,0.22014978374991895,1,0.7005533907093805,0
19,-0.2777056958195861,1,-0.8846258128673014,0
20,-0.1498009406085058,1,-0.4773751822736799,0
21,0.20778929729823822,1,0.6611974192008653,0
22,-0.14645743170889525,1,-0.46672940053151823,0
23,-0.0218356490628987,1,-0.06993180309640215,0
24,0.06696184907661752,1,0.21280074310779978,0
25,-0.14356891949408013,1,-0.4575323349570639,0
26,-0.05695936715263694,1,-0.1817662405043972,0
27,0.1871091562167113,1,0.595351544414442,0
28,-0.005037912043610426,1,-0.01644756021300429,0
29,0.052259735263439466,1,0.1659889954789105,0
30,-0.013643838360774277,1,-0.04384895677346308,0
31,0.06365642857297332,1,0.20227623538121317,0
32,0.10934598168453963,1,0.3477524476261682,0
33,-0.025084666725256402,1,-0.08027672334288853,0
34,-0.0153878067688214,1,-0.04940177795466509,0
35,-0.13693608345725666,1,-0.43641328700483856,0
36,-0.037875448003079015,1,-0.12100275993614795,0
37,0.10513199797370859,1,0.3343350612223942,0
38,-0.18919299193652905,1,-0.6028000557839654,0
39,-0.1279404611349913,1,-0.40777109260574196,0
40,0.07782949242446097,1,0.24740348011450342,0
41,0.13858331486503356,1,0.44084454850218374,0
42,-0.24254771448447565,1,-0.7726822807797458,0
43,0.1583003127082797,1,0.5036237609859074,0
44,0.05366536990352612,1,0.17046455694349266,0
45,0.005508115474042619,1,0.01713114723797423,0
46,0.1742883685528398,1,0.5545299670446097,0
47,0.01399322208565601,1,0.04414785207065199,0
48,0.33130262389725795,0,1.0544656762031597,0
49,0.30171200272126597,1,0.9602487011290716,0
50,0.05882950931360542,1,0.18690725313377457,0
51,0.33875162940023595,0,1.0781834197958573,0
52,-0.21580190119628648,1,-0.687523216057102,0
53,0.09350323927300719,1,0.2973089216854691,0
54,-0.1225975250478668,1,-0.39075910515373546,0
55,-0.08731799450166261,1,-0.27842855858196947,0
56,0.2563991662441195,1,0.8159719602147125,0
57,-0.04582331141276175,1,-0.14630887447523322,0
58,0.16612845585191388,1,0.5285486844288317,0
59,-0.30453219300421763,1,-0.9700417763084539,0
60,0.2994449430943129,1,0.9530303497773465,0
61,-0.10084902087130942,1,-0.32151154648592667,0
62,0.12723167801416452,1,0.4047007690300526,0
63,0.11060555052487175,1,0.3517629334259713,0
64,-0.030209991795180025,1,-0.0965958341005695,0
65,-0.10085393034594786,1,-0.321527178325721,0
66,0.1494881700842287,1,0.4755657686571374,0
67,0.07821782138220913,1,0.2486399252541678,0
68,0.030754431623508105,1,0.0975157909134039,0
69,-0.2781686500705905,1,-0.8860998660434041,0
70,0.17069321108912444,1,0.54308293255582,0
71,-0.09950025497142329,1,-0.3172170559304714,0
72,0.10499849902944,1,0.3339099986111782,0
73,0.19454042134357133,1,0.6190128023874371,0
74,-0.06550706247302265,1,-0.20898222871065636,0
75,0.27454865712119225,1,0.873760207355666,0
76,-0.07081883344404265,1,-0.2258949859724707,0
77,0.1783615400638976,1,0.5674990053235756,0
78,0.22735414403815396,1,0.7234921803233039,0
79,-0.23404613303333832,1,-0.7456131198145812,0
80,0.19559872465588757,1,0.6223824557720109,0
81,-0.19197692193124405,1,-0.6116641300242479,0
82,-0.043589655297956116,1,-0.13919688039977693,0
83,0.13415850715749172,1,0.42675589537761394,0
84,-0.11382671341416581,1,-0.36283271130897266,0
85,-0.29559423720559536,1,-0.9415831929727538,0
86,0.08313583421955302,1,0.26429895079993826,0
87,-0.055868154336182085,1,-0.17829180277235432,0
88,-0.07015097691401492,1,-0.22376852091219201,0
89,-1.2660356322852668,0,-4.031482934762126,0
90,-1.1812136323885023,0,-3.7614084337073215,0
91,0.27530366752015895,1,0.8761641716224869,0
92,-0.22407938740781663,1,-0.7138788544679845,0
93,0.25639089252956415,1,0.8159456165853106,0
94,0.33227387132029124,0,1.0575581423498637,0
95,0.03266728140107833,1,0.10360633287066537,0
96,-0.06217761339407281,1,-0.19838121364523512,0
97,-0.04961989063883332,1,-0.15839723883170045,0
98,0.0842850378797235,1,0.26795803223528103,0
99,-0.12188692737801399,1,-0.38849655167268354,0
100,0.006658398649006303,1,0.020793665864370158,0
101,0.38425853199541204,0,1.2230780700976662,0
102,-0.08074462107205968,1,-0.2574988404497913,0
103,-0.531604570016678,0,-1.6930435800811565,0
104,-0.9879299736313429,0,-3.1459904081429637,0
105,0.23733385706813293,1,0.7552677340773072,0
106,0.022756372897109856,1,0.07204985374417867,0
107,0.005255121466727075,1,0.01632561058028211,0
108,-0.04748269351134082,1,-0.1515923715971882,0
109,0.040783344299961194,1,0.12944799706878587,0
110,0.09477982860901743,1,0.301373600995017,0
111,0.020027420573444754,1,0.06336082922090384,0
112,0.18067748372884979,1,0.5748730041746314,0
113,0.20075589101224206,1,0.6388029496561947,0
114,0.111642844012062,1,0.3550656912168895,0
115,0.000495411042306243,1,0.0011706222564352162,0
116,-0.01666307188192823,1,-0.05346224091892095,0
117,-0.06075568248760846,1,-0.19385376462770243,0
118,0.0845037970666486,1,0.26865456471897464,0
119,0.06192310344786883,1,0.19675730257017238,0
120,0.08413222799504622,1,0.2674714833044531,0
121,0.02733525598250805,1,0.08662908514855838,0
122,0.05527834557009714,1,0.1756002953002032,0
123,0.05783368592986341,1,0.183736536765024,0
124,-0.16872274756549982,1,-0.5376224952253335,0
125,-0.01726737329712469,1,-0.055386345554446305,0
126,-0.16715087682742003,1,-0.5326176355683314,0
127,0.021567096554734544,1,0.06826318029655642,0
128,-0.0169074972113544,1,-0.0542404947795971,0
129,0.4798259899224583,0,1.5273662683025706,0
130,0.11820017540496949,1,0.3759443312671821,0
131,-0.16690908619368172,1,-0.5318477706176573,0
132,0.05364782308014185,1,0.1704086875985542,0
133,0.001224156208929128,1,0.0034909576353618754,0
134,0.12093330556560228,1,0.3846466580850964,0
135,-0.08980687108006982,1,-0.28635317838483215,0
136,-0.06888841909732929,1,-0.2197485181675123,0
137,0.0783398366873482,1,0.2490284237887059,0
138,0.06214807103322956,1,0.19747360268622421,0
139,-0.07522813207353041,1,-0.23993425796334442,0
140,-0.037640114511287015,1,-0.12025345462084573,0
141,-0.18305429149532437,1,-0.5832543428698502,0
142,0.27151721537459006,1,0.8641080520399844,0
143,0.1421661046585675,1,0.45225220414636336,0
144,0.07799590765365147,1,0.24793334866330263,0
145,0.30247094943195113,1,0.9626651986705697,0
146,-0.11860507093142163,1,-0.3780470722519474,0
147,-0.23593639985864373,1,-0.7516317573181315,0
148,0.13536917224255213,1,0.4306106708979991,0
149,0.1668723442680389,1,0.5309172361379394,0
150,0.24774928890886114,1,0.7884306229631928,0
151,-0.2949439523589816,1,-0.9395126764121156,0
152,-0.18824723354534592,1,-0.5997887470913142,0
153,-0.11057745502241859,1,-0.3524870245765529,0
154,-0.06558944750686539,1,-0.20924454387578498,0
155,0.03080412689597259,1,0.09767402139525959,0
156,-0.03650816925458153,1,-0.1166493241971566,0
157,0.07896402086203409,1,0.2510158354242458,0
158,0.14662542509409118,1,0.46645074630680927,0
159,0.10155122080404513,1,0.322933813802358,0
160,-0.06589655461121396,1,-0.2102223774340396,0
161,-0.02896070165985841,1,-0.09261807584940447,0
162,-0.12270777061413837,1,-0.3911101286658023,0
163,0.09406622792338115,1,0.2991014858673361,0
164,-0.5275826075119632,0,-1.6802375920350832,0
165,0.3314540640912137,0,1.0549478640184908,0
166,-0.02764674548104706,1,-0.08843441996022178,0
167,0.011149685631390266,1,0.03509398998237715,0
168,0.08710746557955334,1,0.2769446837375157,0
169,0.11920994903480792,1,0.37915946542564133,0
170,0.018852383739461798,1,0.05961949457841483,0
171,0.01620986979843364,1,0.05120569114272423,0
172,-0.03489552023380314,1,-0.11151462588547655,0
173,0.10709494747914355,1,0.34058512145348224,0
174,-0.07362521205918016,1,-0.23483053695189351,0
175,0.10095693111939612,1,0.3210415866648354,0
176,0.003170547812172325,1,0.009688297261201316,0
177,0.19880107178468995,1,0.6325787763500238,0
178,0.24461339535338866,1,0.7784458915446223,0
179,0.19382673288516797,1,0.6167404077899687,0
180,-0.010242427901864078,1,-0.03301881561090124,0
181,0.30656225479367505,1,0.9756919753980137,0
182,0.2701762567680148,1,0.8598384200217966,0
183,-0.16030302372426375,1,-0.5108139700996742,0
184,0.06506760007636389,1,0.2067694263003712,0
185,-0.14520363649224527,1,-0.46273729803483377,0
186,-0.05340957717823221,1,-0.17046365677195122,0
187,0.14861611700414945,1,0.4727891387641573,0
188,-0.11367431614786767,1,-0.36234747616116103,0
189,-0.003713210627826702,1,-0.012229691330523138,0
190,-0.08365968999738432,1,-0.26678046298292674,0
191,0.014669084563526807,1,0.04629980818716396,0
192,-0.13278614049229553,1,-0.4231998072822209,0
193,-0.16945629550948602,1,-0.5399581227183538,0
194,0.2984070501859303,1,0.9497256834204942,0
195,0.16197401505302272,1,0.5153208835365181,0
196,-0.2266680068392971,1,-0.7221210569888958,0
197,0.24443920311497752,1,0.7778912608835465,0
198,0.11186290090779447,1,0.35576635562460157,0
199,-0.12509131164833254,1,-0.398699358539386,0
200,-0.07940438314425702,1,-0.2532315030834646,0
201,-0.11880508953066538,1,-0.3786839344275408,0
202,-0.01786857214757026,1,-0.05730057157795938,0
203,-0.20140611574780656,1,-0.6416868224679132,0
204,0.19387779145650286,1,0.6169029790355728,0
205,0.12141802106858196,1,0.38618999940904647,0
206,0.12324439140273277,1,0.3920051895405856,0
207,-0.0970231200263405,1,-0.3093298216616155,0
208,-0.022637162324670404,1,-0.07248383316555004,0
209,0.06333937239986148,1,0.20126672384100255,0
210,-0.06152952798150152,1,-0.19631770011508828,0
211,0.08308773946271916,1,0.2641458163835007,0
212,0.3215413581190499,1,1.0233856617267096,-1
213,0.09649191610289773,1,0.30682491287441926,0
214,0.1347827348127314,1,0.4287434454558796,0
215,0.22299823583036005,1,0.7096229042240341,0
216,-0.0472660816818124,1,-0.15090267633117632,0
217,0.1793762363871919,1,0.5707298134107391,0
218,-0.1752510336925397,1,-0.5584086547199123,0
219,0.0777761239423744,1,0.24723355407893335,0
220,-0.15521775843183622,1,-0.4946224102654894,0
221,0.1560373717127033,1,0.496418523417345,0
222,-0.054798992451974504,1,-0.17488757553442533,0
223,0.14629024314095165,1,0.46538352201515254,0
224,0.04627740203095497,1,0.14694115806794117,0
225,0.12647006918733053,1,0.40227579527139956,0
226,0.19116357761170438,1,0.6082608820467944,0
227,-0.02102458121680798,1,-0.06734935108959794,0
228,-0.1476649532793718,1,-0.47057416705501787,0
229,0.17898501381863563,1,0.569484154971504,0
230,0.06618918710756369,1,0.21034057598099057,0
231,0.37814687092738997,0,1.2036184509473153,0
232,0.05824131093379374,1,0.18503442080086296,0
233,-0.07048528222845932,1,-0.2248329539732897,0
234,-1.0779585394455367,0,-3.4326426920143738,0
235,-0.22934960004457255,1,-0.7306592893794097,0
236,-0.08457288911925054,1,-0.2696881024809564,0
237,-0.09666162356342467,1,-0.3081788115819912,0
238,-0.1551401179940835,1,-0.4943752019644206,0
239,-0.21680540925247588,1,-0.6907184005364787,0
240,0.22402269752902887,1,0.7128848054106894,0
241,0.13501208725551095,1,0.4294737070227464,0
242,0.6546080813237836,0,2.0838750300150934,0
243,0.2034183217069464,1,0.6472801683298928,0
244,0.11472655637017753,1,0.36488427693201314,0
245,-0.20404402272751626,1,-0.6500859572706905,0
246,-0.46297341990617313,0,-1.4745209839920368,0
247,-0.09190860437915516,1,-0.2930451282656601,0
248,-0.28726500281113515,1,-0.9150627875827583,0
249,-0.320518442324899,0,-1.020942230368432,0
250,-0.564634568078254,0,-1.7982115819813516,0
251,0.3771892913222762,0,1.2005695033348314,0
252,0.08975873699523118,1,0.28538637110189685,0
253,0.05438102271702111,1,0.17274320607659924,0
254,0.13200220789814482,1,0.419890206673012,0
255,0.2652951035571786,1,0.8442967560714877,0
256,0.18619013549464927,1,0.5924253688553653,0
257,-0.06076224918110083,1,-0.19387467307681575,0
258,0.23886419460841588,1,0.7601403514188033,0
259,-0.0327879006038219,1,-0.10480393384009588,0
260,0.2134599605783722,1,0.6792528948781181,0
261,0.03183559810336112,1,0.10095824096125545,0
262,0.1804250210104418,1,0.5740691591486716,0
263,-0.17294201768798123,1,-0.5510567136419176,0
264,-0.03559613295771939,1,-0.1137453871511225,0
265,-0.31151311522123015,1,-0.9922691358019426,0
266,0.26637405498583366,1,0.8477321533635939,0
267,-0.16693326109708995,1,-0.5319247438673328,0
268,-0.3144419065792776,1,-1.001594450763639,1
269,-0.20017057906056696,1,-0.637752855398671,0
270,-0.016217635200645876,1,-0.05204396394366387,0
271,-0.26172516135577184,1,-0.8337435549960345,0
272,0.0063401456981675985,1,0.01978034376619288,0
273,-0.159434550810046,1,-0.5080487395077,0
274,0.44172341669736553,0,1.4060471121261597,0
275,0.14928286834006957,1,0.47491208487006625,0
276,-0.30947527991566687,1,-0.9857806380766861,0
277,-0.004052715567302689,1,-0.013310680074554349,0
278,0.23652583306186242,1,0.7526949737014682,0
279,-0.017394840114477728,1,-0.05579220178442868,0
280,0.15531720618039274,1,0.4941255057208469,0
281,0.07369066486415884,1,0.23422539200456832,0
282,0.0015618300880533287,1,0.004566116256176091,0
283,0.17657295810752166,1,0.5618041339452566,0
284,-0.0040996734968486714,1,-0.013460194816108816,0
285,-0.09931632588144323,1,-0.31663142299012237,0
286,0.15428729338880198,1,0.49084624817377925,0
287,0.08308907451420569,1,0.2641500672071614,0
288,-0.23300282330625832,1,-0.7422912062269542,0
289,0.11001873774492689,1,0.3498945128635102,0
290,0.04546089283876524,1,0.14434138073475294,0
291,0.11851041374948812,1,0.3769321347404074,0
292,-0.008911215289170105,1,-0.02878021498124429,0
293,0.07571188087156747,1,0.24066097363892316,0
294,0.13167654846501392,1,0.4188533022257735,0
295,-0.15200926023330735,1,-0.48440650459057527,0
296,0.14456493743064586,1,0.45989012313933075,0
297,-0.6658647595477851,0,-2.1205300074616593,0
298,0.1636117150516304,1,0.5205353445317756,0
299,-0.21855335942270443,1,-0.6962838997073034,0
300,0.15935148876910643,1,0.5069707210964218,0
301,0.0063867799824522675,1,0.01992882801645294,0
302,0.03172312203110658,1,0.10060011548517944,0
303,-0.25501273236131694,1,-0.8123710818905947,0
304,-0.06164447741238865,1,-0.19668370080159836,0
305,-0.5360904141981353,0,-1.7073265742405865,0
306,-0.07570814420013312,1,-0.2414626236674102,0
307,-0.07867979345207068,1,-0.2509243987965478,0
308,-0.4158364364524105,0,-1.3244361321493827,0
309,-0.02098906730630668,1,-0.06723627427378581,0
310,0.13352571006937397,1,0.4247410600984371,0
311,0.0012019540444878976,1,0.003420265615707777,0
312,0.05478842949557741,1,0.17404039527962267,0
313,-0.1540246213480948,1,-0.49082344416030876,0
314,-0.05887044992059108,1,-0.18785115627693058,0
315,0.21554027651316027,1,0.6858766515545471,0
316,-0.07086450281480437,1,-0.22604039792381553,0
317,0.10634295862984536,1,0.33819077784545404,0
318,-0.019819340621690718,1,-0.06351184722534743,0
319,0.13288252738943024,1,0.42269315694142223,0
320,0.04963714419884457,1,0.1576386267761764,0
321,-0.22365794112183723,1,-0.7125369632658692,0
322,0.07036282644931734,1,0.22362950531746822,0
323,-0.020886135381630193,1,-0.06690853750462866,0
324,0.09871272872987155,1,0.31389601309483556,0
325,-0.012562646357042226,1,-0.04040642545720351,0
326,-0.24399628287099706,1,-0.7772945439273925,0
327,-0.15944900771720283,1,-0.5080947705137118,0
328,0.07819056245114088,1,0.2485531324148513,0
329,0.10530101292090846,1,0.3348732073117503,0
330,-0.011550911944435138,1,-0.0371850481374351,0
331,-0.19619793538058652,1,-0.6251038992193182,0
332,0.206560031385089,1,0.6572834183689876,0
333,0.1101203302945557,1,0.35021798504272406,0
334,0.1263755392230403,1,0.4019748104682649,0
335,-0.06566979654204855,1,-0.2095003763910963,0
336,-0.4191684432788804,0,-1.3350452911207027,0
337,0.22661561081482245,1,0.7211406796271825,0
338,-0.07446627560909536,1,-0.23750849572291036,0
339,0.046498341506389845,1,0.14764463262246721,0
340,0.13178463119331982,1,0.41919743922979824,0
341,0.02866590696786131,1,0.09086589754846354,0
342,0.2172295629041955,1,0.6912553643855672,0
343,0.1085999637823366,1,0.3453771156019215,0
344,-0.059394316397169966,1,-0.18951915487934007,0
345,0.05970630425590978,1,0.18969898118614814,0
346,0.3153546004003644,1,1.0036869337309708,-1
347,-0.016840810960420706,1,-0.05402816477122601,0
348,-0.13923409887326746,1,-0.44373020204634583,0
349,0.037846378513689466,1,0.12009665460683308,0
350,0.029354063002015256,1,0.09305699652983841,0
351,0.10824426524110639,1,0.34424456619061794,0
352,-0.23584411994956347,1,-0.7513379367240337,0
353,-0.5349922210356559,0,-1.7038299109836554,0
354,-0.8978290734955033,0,-2.859107810722576,0
355,-0.297082880119034,1,-0.9463230540062715,0
356,0.0053801431919434095,1,0.016723681600770986,0
357,-0.5967716826692646,0,-1.9005366297174562,0
358,0.2257662321262645,1,0.7184362453318573,0
359,0.15487571064590566,1,0.4927197774152229,0
360,0.05261855219295536,1,0.16713147388459493,0
361,-0.1271574136197549,1,-0.40527785774642405,0
362,0.2765815325857515,1,0.880232912873876,0
363,-0.14803290982396974,1,-0.4717457461301763,0
364,0.17068121178025786,1,0.5430447265790794,0
365,0.2545431376393921,1,0.8100623377114082,0
366,-0.007805480075048277,1,-0.025259537720437666,0
367,0.0998594975012641,1,0.31754734180833,0
368,0.0625341252738128,1,0.19870280509282284,0
369,-0.0833038737515685,1,-0.26564753879848335,0
370,-0.2957856245771511,1,-0.9421925731918481,0
371,-0.03189954918671381,1,-0.10197540980118146,0
372,-0.23553649656783218,1,-0.7503584593309637,0
373,-0.02774347537261674,1,-0.08874240936432168,0
374,-0.13723686776489,1,-0.4373709886849222,0
375,-0.0599598717012052,1,-0.19131989132439106,0
376,0.62781475487384,0,1.9985646826833392,0
377,-0.06767507010805629,1,-0.21588519705645517,0
378,-0.30794463744126077,1,-0.9809070498204361,0
379,0.033845694089467415,1,0.10735841628346725,0
380,0.07376346246128235,1,0.23445718062951287,0
381,-0.2579778692547354,1,-0.8218121215739769,0
382,0.07593243669873204,1,0.24136322665168752,0
383,-0.10552865946089862,1,-0.3364115849044776,0
384,-0.08598343452685542,1,-0.2741792999018813,0
385,0.2611589707342051,1,0.8311272480450259,0
386,0.22571469672379585,1,0.7182721558488775,0
387,0.045422789011552396,1,0.144220057585861,0
388,-0.24713374310778552,1,-0.7872842636824233,0
389,-0.03253569352532415,1,-0.10400090277538777,0
390,0.13445672319365645,1,0.42770541964339115,0
391,-0.5263596941429859,0,-1.6763438177977181,0
392,-0.27398431846002985,1,-0.8727768923650492,0
393,-0.09445514441989056,1,-0.3011533493846475,0
394,0.29246620009821117,1,0.930809928955439,0
395,0.028220817874726856,1,0.08944872729900555,0
396,0.08050366453884328,1,0.25591808364195484,0
397,-0.3028982769749087,1,-0.9648393635273577,0
398,0.018897807185636273,1,0.059764123502239926,0
399,0.6287040311139842,0,2.0013961513724667,0
400,0.43789288514403857,0,1.3938506430580102,0
401,-0.3669803697474191,0,-1.1688776938325551,0
402,0.5901408729000295,0,1.878610485785624,0
403,-0.1508847776717528,1,-0.48082613549852016,0
404,-0.09767105306894575,1,-0.31139285004353895,0
405,-0.16752012556005585,1,-0.5337933289892967,0
406,-0.2801564952465295,1,-0.8924291944572512,0
407,-0.06630195934542221,1,-0.21151319209827538,0
408,-0.046219031454969056,1,-0.14756885293703087,0
409,0.4016415521162411,0,1.2784258630248833,0
410,-0.13099014068365256,1,-0.4174813173526728,0
411,-0.0019150186869036773,1,-0.006504221619403048,0
412,0.012959433306739543,1,0.040856253322665265,0
413,0.035725512556125605,1,0.11334378605869326,0
414,0.14264208539946766,1,0.45376773385878183,0
415,0.3987830355473445,0,1.2693243040302682,0
416,0.15528058510593457,1,0.4940089036786359,0
417,0.21848422459903905,1,0.6952502257616237,0
418,-0.259866103587858,1,-0.8278242875923837,0
419,-0.0188969612637922,1,-0.0605749777201379,0
420,0.00921775182626769,1,0.028942684199391333,0
421,0.08185364074387054,1,0.26021642782686366,0
422,-0.3999729374037988,0,-1.2739265167695102,0
423,0.48473142183448953,0,1.5429852359962417,0
424,-0.07937719318441194,1,-0.2531449298495418,0
425,0.3069245462876739,1,0.9768455168683542,0
426,-0.04716914956164239,1,-0.1505940430282247,0
427,-0.15527713963719744,1,-0.4948114809008138,0
428,-0.11771503049176957,1,-0.3752131703402949,0
429,-0.23430184964417006,1,-0.7464273252820998,0
430,-0.1388020272904692,1,-0.44235447974215325,0
431,0.526858785806958,0,1.67711938538515,0
432,-0.07876846498853385,1,-0.2512067302789132,0
433,-0.22541790559723562,1,-0.7181407161618857,0
434,0.0747900538861841,1,0.23772586289596406,0
435,-0.2512141523328937,1,-0.8002763469498746,0
436,-0.048765512080855666,1,-0.15567688487826178,0
437,0.02991942281237603,1,0.09485711052014116,0
438,-0.20480779255545256,1,-0.6525178116887856,0
439,0.011412406001673592,1,0.03593049552348158,0
440,-0.2706311210099184,1,-0.8621002621349284,0
441,0.3437056110180474,0,1.093956970470134,0
442,0.046194698822563905,1,0.14667782983034913,0
443,-0.04825664874940794,1,-0.15405665651164588,0
444,0.27240283356930306,1,0.866927873458405,0
445,-0.016060154627567547,1,-0.05154254347194994,0
446,0.07107559130718338,1,0.22589895915717795,0
447,-0.3017744533153913,1,-0.9612610923891254,0
448,0.23851967344810698,1,0.7590433909535172,0
449,-0.25670277502203265,1,-0.8177522026954526,0
450,-0.5972187310685546,0,-1.9019600384266653,0
451,-0.11859202818064246,1,-0.3780055439407386,0
452,-0.16234041248252257,1,-0.5173010460117149,0
453,0.4554566194657088,0,1.4497738326710528,0
454,-0.2117541396180317,1,-0.6746350833796542,0
455,0.22607497869140158,1,0.7194192989574884,0
456,-0.02054618435560275,1,-0.06582612841442596,0
457,0.11296786371401313,1,0.3592845735272309,0
458,0.27314459241182737,1,0.8692896445737002,0
459,0.2465909805868688,1,0.7847425521500729,0
460,-0.08714510172111781,1,-0.2778780654139417,0
461,0.07368025705510839,1,0.23419225338675928,0
462,-0.07919230725748255,1,-0.25255625032620727,0
463,-0.3229895924042655,0,-1.0288104087364112,0
464,-0.09922584789172456,1,-0.31634333973389817,0
465,0.05686228142380623,1,0.18064357046365068,0
466,-0.152830287778186,1,-0.4870206684254911,0
467,0.3150957923076463,1,1.0028628849394445,-1
468,-0.054880406883865696,1,-0.175146800288598,0
469,0.20124660468351968,1,0.6403653892366381,0
470,-0.2103933700002778,1,-0.6703023728091334,0
471,-0.2904379336731174,1,-0.9251654463325425,0
472,-0.16336672590184653,1,-0.5205688431042985,0
473,0.44082791372184366,0,1.4031958174195798,0
474,0.04239848033144317,1,0.1345906140592958,0
475,0.03598443531256609,1,0.11416819994120615,0
476,0.31564844072589954,1,1.0046225256694452,-1
477,0.4545907340803699,0,1.4470168408092636,0
478,-0.5187183842515128,0,-1.6520137741904413,0
479,0.24762506637834947,1,0.7880350965904529,0
480,0.007282293761145198,1,0.022780157120489086,0
481,-0.06158674812925266,1,-0.196499889911049,0
482,-0.03746817078357004,1,-0.11970598325104563,0
483,-0.2152786146356026,1,-0.6858570639154714,0
484,-0.3933127762382082,0,-1.2527204652035169,0
485,-0.20198542654041488,1,-0.6435313565918407,0
486,0.1880852200600988,1,0.5984593461147245,0
487,0.18095939888249313,1,0.5757706261895884,0
488,0.1868514863393299,1,0.5945311197173667,0
489,0.3918443595607102,0,1.2472314571585605,0
490,0.10455116013588502,1,0.3324856649639368,0
491,-0.1311704390642133,1,-0.4180553900605811,0
492,0.1002878152292076,1,0.31891111178319564,0
493,0.1459650101738011,1,0.46434797544189715,0
494,0.2021725627420709,1,0.643313653377607,0
495,-0.19051495964295057,1,-0.6070092204954423,0
496,-0.17082607561324825,1,-0.5443195228094697,0
497,0.16722893392033664,1,0.5320526228600496,0
498,-0.10168519831303036,1,-0.32417394781625275,0
499,-0.05422704367630492,1,-0.1730664821812166,0
500,-0.044088977955955705,1,-0.14078673112115495,0
501,0.04761719627919096,1,0.1512070827519716,0
502,-0.24376946825250184,1,-0.7765723628305474,0
503,0.25184897754896934,1,0.801484092172889,0
504,0.16771584095231332,1,0.5336029420447095,0
505,-0.5654230056763546,0,-1.8007219789441566,0
506,0.12380623715473317,1,0.393794114717143,0
507,-0.11507276632157881,1,-0.36680016217864136,0
508,0.04750835083306809,1,0.15086051724314722,0
509,-0.10439594394494922,1,-0.332805001963974,0
510,-0.003137203132079991,1,-0.010395674952614623,0
511,0.009861753020858732,1,0.03099319351913809,0
512,-0.2646847327908002,1,-0.8431668741776637,0
513,-0.02532375507608052,1,-0.08103798418483317,0
514,-0.22685563313634294,1,-0.7227184618911746,0
515,0.09708305804577863,1,0.3087071175556392,0
516,-0.15698270080363264,1,-0.5002420128571937,0
517,-0.03695527037659968,1,-0.11807290077631127,0
518,-0.10889832119728488,1,-0.347140637665384,0
519,-0.05793634095983757,1,-0.18487693954290674,0
520,-0.049315304739330684,1,-0.15742743282693022,0
521,-0.16625397447648088,1,-0.5297618852297449,0
522,0.050703395614264624,1,0.161033587038479,0
523,0.2109187091005341,1,0.6711615126215429,0
524,0.1176938008128509,1,0.3743320270833653,0
525,-0.05860233724036007,1,-0.18699748154127255,0
526,-0.1292776001617382,1,-0.4120285630253159,0
527,-0.020739603895580327,1,-0.066441979087804,0
528,-0.011148070238565427,1,-0.03590239419330217,0
529,-0.20521244869094662,1,-0.6538062428036536,0
530,0.26168299621488583,1,0.8327957529188453,0
531,-0.17662757993583644,1,-0.5627915982992868,0
532,-0.07764885476294825,1,-0.24764187477658,0
533,-0.24004631685627664,1,-0.7647177937693271,0
534,-0.18864885042113097,1,-0.6010675011583588,0
535,-0.06023474975073717,1,-0.19219510709587273,0
536,0.03343688540692924,1,0.1060567633974501,0
537,0.14622948095356836,1,0.46519005431266364,0
538,0.1137993817260548,1,0.36193213916460754,0
539,0.07221392723944081,1,0.22952343758625715,0
540,0.006109285741661752,1,0.019045282253345563,0
541,0.12908688483222214,1,0.4106077749524571,0
542,-0.05359766092559172,1,-0.17106251820278826,0
543,0.07429326073004344,1,0.23614406614588243,0
544,-0.06543334497923575,1,-0.20874751112114256,0
545,-0.3263190146701818,0,-1.0394113384287373,0
546,-0.2764212407583414,1,-0.880536088972378,0
547,-0.44741957487023465,0,-1.4249973115641592,0
548,0.038998317715858294,1,0.1237644460483207,0
549,0.07138458940504969,1,0.22688281366673554,0
550,-0.3062232321499205,1,-0.9754260699362355,0
551,0.06564953673198422,1,0.20862232121093033,0
552,0.1257781317366202,1,0.40007265620383253,0
553,-0.08853509694467927,1,-0.2823038307452098,0
554,-0.14316631583442352,1,-0.45625043895559103,0
555,-0.0702408318163662,1,-0.22405462024903136,0
556,-0.009633622837741787,1,-0.031080371290647266,0
557,0.27485677527314456,1,0.8747412601044307,0
558,-0.020105408842816752,1,-0.06442269266853765,0
559,0.22877676461741225,1,0.7280218252692036,0
560,-0.17422029365363204,1,-0.5551267632051637,0
561,0.17376549379160292,1,0.5528651260785034,0
562,0.17994420441008374,1,0.5725382319882815,0
563,0.1319429190606276,1,0.41970143013826783,0
564,-0.17355252735767163,1,-0.5530005854514888,0
565,0.004419946046110623,1,0.013666399699959201,0
566,-0.049790253595170225,1,-0.15893967700206793,0
567,-0.5233021590395603,0,-1.666608580848339,0
568,-0.23138088332846934,1,-0.7371269253708634,0
569,-0.15039203284750438,1,-0.47925722869700416,0
570,0.1104041721557304,1,0.3511217417229311,0
571,0.4177685625812244,0,1.3297745026482943,0
572,0.8131434226635308,0,2.5886538994593,0
573,0.3336974986129135,0,1.06209099268599,0
574,-0.06029815107606996,1,-0.19239697785259038,0
575,0.09525039747672548,1,0.30287189922322255,0
576,0.19297424412238767,1,0.6140260709723633,0
577,-0.02433670502589169,1,-0.07789520223975625,0
578,-0.09832798286074862,1,-0.3134845242078493,0
579,0.17767852828516123,1,0.5653242857274651,0
580,0.517014628316304,0,1.6457754424714117,0
581,-0.1089158245602675,1,-0.3471963686317614,0
582,0.15457632120109577,1,0.4917665169989804,0
583,-0.40365611483558117,0,-1.285653808137264,0
584,-0.09918843533072191,1,-0.31622421758683406,0
585,-0.26534606104287395,1,-0.8452725531044709,0
586,-0.08546167604355104,1,-0.27251801318120683,0
587,0.7511045125368433,0,2.3911210928897617,0
588,-0.3181771674322798,0,-1.0134875765141742,0
589,-0.4358788481644386,0,-1.3882514671998292,0
590,-0.08490071146848077,1,-0.2707318936850158,0
591,-0.16286178450195654,1,-0.5189611022257153,0
592,-0.03740293494038771,1,-0.11949827136238704,0
593,-0.3772276568346549,0,-1.2015052073387076,0
594,-0.3086561219273162,1,-0.983172426937381,0
595,0.19449539077920025,1,0.6188694244050794,0
596,0.24112290904213698,1,0.767332131551964,0
597,-0.067661657373557,1,-0.2158424907116144,0
598,-0.23767558314893683,1,-0.7571693426136967,0
599,-0.6744918058309906,0,-2.1479986503060764,0
600,0.7099182257088223,0,2.259983347034725,0
601,-0.04703550875186946,1,-0.15016852871514658,0
602,0.23948228179937625,1,0.7621083501680683,0
603,0.02174287159633992,1,0.0688228506263911,0
604,0.24890189901493265,1,0.7921005505726202,0
605,-0.24275463681297182,1,-0.7733411245312928,0
606,-0.006806983201554123,1,-0.022080308920811097,0
607,0.028675310472263654,1,0.09089583844543274,0
608,0.3241611329670589,1,1.0317270635542202,-1
609,0.29615899535069357,1,0.9425678436064208,0
610,0.44701446765060976,0,1.4228938965452038,0
611,-0.3225457885663572,0,-1.0273973307585849,0
612,0.3358338938787162,0,1.0688933067810333,0
613,0.30031542598518207,1,0.9558019801646794,0
614,-0.025667254593973565,1,-0.08213169172557071,0
615,-0.041694908033886924,1,-0.13316397711299693,0
616,0.08885621663864407,1,0.282512732950312,0
617,0.09258501941536657,1,0.2943852960905441,0
618,0.28654339943398555,1,0.9119516441214969,0
619,-0.31437521048491723,1,-1.0013820894136518,1
620,0.11303837029024744,1,0.3595090675078107,0
621,-0.02935674434058866,1,-0.09387908159702667,0
622,0.4277799021765436,0,1.361650755853675,0
623,-0.2943675482736259,1,-0.9376773972870317,0
624,-0.34033854425904275,0,-1.0840497278011048,0
625,0.17309814513620242,1,0.5507402780985424,0
626,-0.18960538871140703,1,-0.6041131332090124,0
627,0.30656461007548347,1,0.9756994746500948,0
628,-0.39156143707343927,0,-1.2471441754239976,0
629,-0.12963540482657043,1,-0.41316781836528965,0
630,0.25107552984711334,1,0.7990214232612272,0
631,-0.10183588233302665,1,-0.32465372796252334,0
632,0.12462300994416564,1,0.3963947313478472,0
633,-0.11624163699870069,1,-0.37052186368656964,0
634,0.15596362435125974,1,0.4961837107287711,0
635,-0.4345046628433733,0,-1.383876040831726,0
636,0.0527899403020274,1,0.1676771761564194,0
637,-0.24687063193607295,1,-0.7864465138237934,0
638,-0.18840877543040457,1,-0.6003030988403861,0
639,-0.24751175735086806,1,-0.7884878666181756,0
640,-0.1120896189388092,1,-0.3573017768310308,0
641,-0.007673961931181028,1,-0.024840782006969094,0
642,0.7617184572057145,0,2.4249160495538056,0
643,0.13272419781165867,1,0.42218903322621965,0
644,-0.041358510950504135,1,-0.1320928838286901,0
645,-0.3615511765551061,0,-1.1515910624830388,0
646,0.35060567412607924,0,1.1159268733658028,0
647,0.1379871385973192,1,0.4389463144563037,0
648,-0.20996424915265527,1,-0.6689360456893423,0
649,-0.11942127475960079,1,-0.38064587730161376,0
650,0.013949883057141038,1,0.04400985996345543,0
651,0.4082026475259723,0,1.299316487760362,0
652,-0.29740378511658455,1,-0.9473448202603676,0
653,-0.03290403932470347,1,-0.10517372124352198,0
654,-0.059184115905435986,1,-0.1888498734076037,0
655,-0.2617052101706383,1,-0.8336800301277579,0
656,-0.048919016040899294,1,-0.15616564375531228,0
657,0.19864809611451267,1,0.6320916995557141,0
658,-0.3372651047042263,0,-1.074263850843483,0
659,0.040601911377261095,1,0.12887031196194115,0
660,-0.09616847962349762,1,-0.30660863399025673,0
661,0.026792131555908094,1,0.08489976894871416,0
662,-0.061648131381339066,1,-0.19669533509272985,0
663,0.10933018019232929,1,0.3477021354414776,0
664,0.035346330123484315,1,0.11213646359012401,0
665,-0.4343131550426026,0,-1.3832662771642317,0
666,0.11417648288566618,1,0.36313283482909536,0
667,-0.02316676268237866,1,-0.0741700885302029,0
668,0.06804734371742446,1,0.2162569740840843,0
669,0.07871497278522802,1,0.25022286266760346,0
670,-0.024668711067240945,1,-0.07895231438134348,0
671,0.04788281897024732,1,0.15205282932530387,0
672,0.23215704790240546,1,0.7387846971978252,0
673,0.007067904240620537,1,0.022097537719183446,0
674,-0.09220879031531284,1,-0.29400092472212336,0
675,-0.17462480491053678,1,-0.5564147330244625,0
676,-0.06413118381835406,1,-0.2046014107433385,0
677,0.2770738348560041,1,0.8818004105769298,0
678,-0.42781452216691884,0,-1.362574534060146,0
679,0.3218997519893849,1,1.024526793105711,-1
680,0.17650900533674507,1,0.5616005073780974,0
681,0.28523912658777417,1,0.9077988201063996,0
682,0.1994599998640243,1,0.6346768130913623,0
683,-0.26350567156393573,1,-0.839412725808773,0
684,-0.18698626038927674,1,-0.5957737899294533,0
685,-0.3080296438224776,1,-0.9811777113943385,0
686,-0.28532018804198084,1,-0.9088704686199581,0
687,0.06860101369577104,1,0.2180198674765175,0
688,-0.06925918717469182,1,-0.22092904920453815,0
689,0.15021499994055548,1,0.4778800056597794,0
690,0.3125053383563551,1,0.9946148412803476,0
691,-0.08719101416706088,1,-0.2780242513202558,0
692,-0.0254407977478171,1,-0.08141064978113897,0
693,-0.03347622571972787,1,-0.10699557118026767,0
694,0.20569102359530422,1,0.6545164847253043,0
695,0.14426325119624567,1,0.45892954971109395,0
696,-0.3133106395210062,1,-0.9979924797337852,0
697,-0.19976932837355477,1,-0.6364752672820903,0
698,0.004164530337977368,1,0.012853152311078904,0
699,0.030053143378921787,1,0.09528287877996251,0
700,0.11045823088929735,1,0.35129386552941433,0
701,-0.1074948773499082,1,-0.3426720517171629,0
702,-0.07470625103361256,1,-0.23827258102060175,0
703,-0.14657252478861804,1,-0.46709585859804376,0
704,0.24224057667328752,1,0.770890801804911,0
705,0.07320626025260213,1,0.2326830405635029,0
706,-0.19086000734564046,1,-0.60810785747945,0
707,-0.11469889568190055,1,-0.3656097525373568,0
708,-0.16510979589552865,1,-0.5261188037208868,0
709,0.39381449219665876,0,1.2535043885833463,0
710,-0.0474266140759747,1,-0.15141381384631725,0
711,-0.16119460237865058,1,-0.5136527697097718,0
712,-0.2219483175782016,1,-0.7070934966404548,0
713,-0.026662502817037304,1,-0.08530057677422273,0
714,-0.1731179095207337,1,-0.5516167558364904,0
715,-0.16994490713765176,1,-0.5415138693624678,0
716,-0.29860825035931116,1,-0.9511798553911492,0
717,-0.25069459059922017,1,-0.7986220547124854,0
718,0.07874140914242234,1,0.2503070364195505,0
719,0.1606006173882778,1,0.5109479650777778,0
720,-0.4911507827127026,0,-1.564238123534557,0
721,-0.19527008692887837,1,-0.622149616038604,0
722,-0.564521451191736,0,-1.7978514161431918,0
723,-0.09286811518392657,1,-0.29610022484639065,0
724,-0.017148968384500085,1,-0.05500934256302371,0
725,0.17928135435155534,1,0.5704277076072354,0
726,-0.22453297151852636,1,-0.7153230729789298,0
727,0.03410677067451373,1,0.10818968798808742,0
728,-0.12531030197336898,1,-0.3993966269702416,0
729,-0.07370464577747424,1,-0.2350834550847047,0
730,-0.1970074587560835,1,-0.6276814336089298,0
731,-0.42560932596547973,0,-1.3555531567693904,0
732,0.18554076888851045,1,0.5903577759859677,0
733,-0.44672657862308374,0,-1.4227908012730799,0
734,0.08620774664174852,1,0.27407996534472917,0
735,-0.003777624642365196,1,-0.012434786504635914,0
736,0.30577985837388844,1,0.9732008136362289,0
737,0.42743958426123113,0,1.3605671785825675,0
738,-0.3331252659175564,0,-1.0610825429738504,0
739,0.0506987888498166,1,0.16101891903240403,0
740,-0.34619743464826314,0,-1.1027045213750517,0
741,0.28661385938449335,1,0.9121759896450745,0
742,0.27945107467576424,1,0.8893695772906449,0
743,0.02951320128537603,1,0.09356369517558702,0
744,-0.19788908686403117,1,-0.6304885505321296,0
745,0.14262137232628344,1,0.4537017831276938,0
746,0.0537034364412545,1,0.17058576136211506,0
747,-0.1786181724464237,1,-0.5691296742672504,0
748,0.6280442622133725,0,1.9992954374437564,0
749,-0.028455137991551638,1,-0.09100835365898725,0
750,-0.22263824552280453,1,-0.7092902374108822,0
751,0.11873845269601796,1,0.377658214115806,0
752,-0.13538916785523705,1,-0.431487884869805,0
753,-0.27019644640581353,1,-0.8607162517724317,0
754,-0.04184956073066606,1,-0.13365639358478776,0
755,0.037346523416834254,1,0.1185051085922711,0
756,0.08538530971672068,1,0.27146131402259244,0
757,0.22142345965900312,1,0.7046087936245451,0
758,-0.21855716469010097,1,-0.6962960157349231,0
759,-0.07359128415488447,1,-0.2347225100032759,0
760,0.23701938097019729,1,0.7542664375345824,0
761,-0.15872520465011047,1,-0.5057901708527178,0
762,0.39046885372318885,0,1.2428518262465484,0
763,0.1394772883901869,1,0.44369097341619007,0
764,-0.02843289016058853,1,-0.0909375162364527,0
765,0.19658310904734427,1,0.6255167502202952,0
766,0.04128362838866417,1,0.1310409089997302,0
767,0.3564250217778512,0,1.1344557622794054,0
768,-0.3074266381035865,1,-0.9792577322749954,0
769,0.10962269202719066,1,0.34863349744601607,0
770,0.3057588164443411,1,0.9731338158216213,0
771,-0.22044309617255475,1,-0.7023008494427719,0
772,-0.23719705522523882,1,-0.7556457026336111,0
773,0.07288768548127122,1,0.23166869378412303,0
774,-0.3745948641817676,0,-1.1931223566281053,0
775,0.13484541566797348,1,0.4289430222251823,0
776,-0.47934211152292866,0,-1.5266391399739243,0
777,0.11036297150513588,1,0.3509905582426313,0
778,-0.16796192403961652,1,-0.5352000218765115,0
779,-0.17855321972665095,1,-0.5689228638477114,0
780,0.2970292024468423,1,0.9453385958592886,0
781,0.07505664333533457,1,0.23857468764135348,0
782,0.2830784629570844,1,0.9009192351789512,0
783,-0.40537178407767993,0,-1.29111652435592,0
784,-0.03651066549814741,1,-0.11665727227355642,0
785,0.023041829370731404,1,0.07295875137427504,0
786,0.15446088753122378,1,0.4913989744883871,0
787,-0.06183532908945549,1,-0.19729137536152427,0
788,0.07762280433526741,1,0.24674538218435726,0
789,0.11977836384573792,1,0.3809693065828991,0
790,-0.022868158830162022,1,-0.07321932945238578,0
791,-0.20437853308072912,1,-0.6511510431782567,0
792,-0.07481387086099744,1,-0.23861524414125385,0
793,-0.09255300591116711,1,-0.29509691226567064,0
794,-0.0435871451147357,1,-0.13918888793931106,0
795,0.08255557056188467,1,0.2624513827395795,0
796,0.015523860058329841,1,0.04902142599332004,0
797,0.09527747886984195,1,0.3029581267790772,0
798,-0.08032697876731451,1,-0.25616906118013594,0
799,0.3548243843022907,0,1.1293593089051892,0
800,0.48570566544572713,0,1.5460872420504619,0
801,0.25232308461203634,1,0.8029936560674,0
802,-0.14953647881941354,1,-0.4765331320293556,0
803,-0.06815073295031246,1,-0.21739971457489374,0
804,-0.26447317090178063,1,-0.8424932579968532,0
805,-0.26127013868717175,1,-0.8322947560955091,0
806,-0.010919305660075707,1,-0.03517400439502083,0
807,-0.020200101944759963,1,-0.06472419690436998,0
808,-0.002374875386384201,1,-0.007968412145682412,0
809,0.018239984597965463,1,0.057669606662693544,0
810,-0.054937660169633196,1,-0.17532909559649248,0
811,0.16806374057541862,1,0.5347106595854616,0
812,-0.04228377977957301,1,-0.1350389534528027,0
813,-0.07502408197926683,1,-0.23928455944803598,0
814,0.0513248172582432,1,0.16301220273542597,0
815,0.5046104303594122,0,1.6062802928843958,0
816,0.25581006338164214,1,0.8140962479956282,0
817,-0.03865460760110251,1,-0.12348361560960966,0
818,-0.11975341895984049,1,-0.38170342934314966,0
819,0.10224307451463177,1,0.3251366862401338,0
820,-0.01912583839034787,1,-0.06130372587312431,0
821,-0.03868503275875301,1,-0.12358048976115024,0
822,-0.1988251967840844,1,-0.6334691383501312,0
823,0.02091834567213091,1,0.06619754789999319,0
824,0.06896787619416761,1,0.21918796309240443,0
825,0.13251698396890066,1,0.42152926128895535,0
826,-0.09890303541659473,1,-0.3153155000430035,0
827,-0.033511056607101186,1,-0.10710647324034751,0
828,-0.24756126364146366,1,-0.7886454953789682,0
829,0.1512208013353037,1,0.4810824921630151,0
830,0.03751874144535344,1,0.11905345333987868,0
831,-0.18337771498329972,1,-0.5842841280346738,0
832,0.19957275588557177,1,0.6350358299301238,0
833,0.2927301151887909,1,0.9316502385036212,0
834,0.29024469592298324,1,0.9237366268351629,0
835,-0.3540493991345621,0,-1.12770529232502,0
836,-0.0028641932971898154,1,-0.00952640760415835,0
837,0.046574405623265924,1,0.14788682189457214,0
838,-0.12810635550467153,1,-0.4082993027301639,0
839,0.4386100765634792,0,1.3961341911351832,0
840,0.16715459202788494,1,0.5318159171759606,0
841,-0.3259213725777758,0,-1.0381452401307056,0
842,-0.05427354614378757,1,-0.17321454672483122,0
843,0.059439537157915806,1,0.18884959080421598,0
844,-0.12247792730524364,1,-0.3903783041739714,0
845,-0.06125182391971838,1,-0.19543348627883994,0
846,-0.0424960143142184,1,-0.13571471134722532,0
847,-0.25554355605915535,1,-0.8140612323882989,0
848,0.2253580482216609,1,0.717136581748016,0
849,0.009972603396732754,1,0.03134614275391622,0
850,-0.11841401393952486,1,-0.3774387439665692,0
851,-0.21288592150624627,1,-0.6782386936356543,0
852,0.011334260813632521,1,0.0356816800900361,0
853,0.02932983916614379,1,0.09297986747847695,0
854,0.3437400932886248,0,1.0940667625291842,0
855,-0.3349173309424028,0,-1.0667885044936471,0
856,0.2050076010736161,1,0.652340457317566,0
857,-0.007974260441624748,1,-0.025796936901622575,0
858,0.17982288194449836,1,0.5721519394651201,0
859,0.022821083690397703,1,0.07225589386621478,0
860,0.09391136397209682,1,0.2986083967580791,0
861,-0.1629568690939641,1,-0.5192638529716974,0
862,-0.035336802355898755,1,-0.11291967468289264,0
863,-0.11006199616313762,1,-0.3508457959518563,0
864,0.14259370754213416,1,0.4536136980461702,0
865,0.21306584669349715,1,0.6779980304450001,0
866,0.29274442295867253,1,0.9316957946543449,0
867,0.01757138774395789,1,0.05554078439992354,0
868,0.09814544724497881,1,0.31208978046442715,0
869,-0.023432913054975968,1,-0.07501751524935893,0
870,0.21463445326482264,1,0.682992496946823,0
871,0.11822325764636965,1,0.376017825464878,0
872,-0.024152305043102507,1,-0.07730806996974475,0
873,0.11152981371471642,1,0.35470580107993405,0
874,0.013200601888269277,1,0.0416241376499154,0
875,0.030851370918858555,1,0.09782444706223606,0
876,-0.05882423617815735,1,-0.1877040110381381,0
877,-0.05110410463356482,1,-0.16312299812261008,0
878,-0.003045886647613835,1,-0.010104921916724267,0
879,0.04903284660002166,1,0.15571453429204085,0
880,-0.3970812507573096,0,-1.264719343757698,0
881,-0.10903292530011315,1,-0.34756921911778454,0
882,0.3803701707176288,0,1.2106974703323194,0
883,0.07129608868291931,1,0.22660102605972982,0
884,-0.24856415157399037,1,-0.7918387053754395,0
885,0.043963216808016764,1,0.13957275812224174,0
886,0.08178513879776522,1,0.2599983166182363,0
887,0.25941112535371424,1,0.8255620825262745,0
888,-0.3046263109345021,1,-0.9703414491892256,0
889,-0.012349971918305336,1,-0.039729266901653265,0
890,-0.09137727245885874,1,-0.29135335958013986,0
891,-0.007543436016731575,1,-0.024425185566628586,0
892,0.1075649094890262,1,0.3420814874374044,0
893,0.05858175732665169,1,0.18611840714637387,0
894,-0.14548745747599756,1,-0.4636409882410194,0
895,-0.41756041358561846,0,-1.3299253008160932,0
896,-0.08285061467319516,1,-0.26420435519529983,0
897,-0.23539693920633972,1,-0.7499141066297839,0
898,-0.32101595656733917,0,-1.0225263230679464,0
899,0.12664395766602543,1,0.40282945875705023,0
900,-0.037265313058743865,1,-0.11906008125764508,0
901,0.3548753478684632,0,1.1295215776529526,0
902,-0.2841777417548499,1,-0.9052329027602245,0
903,0.1908502730248863,1,0.6072633156127789,0
904,-0.314553449578091,1,-1.0019496053200907,1
905,0.027624742173983113,1,0.087550813459846,0
906,0.09568626025813404,1,0.30425969275981146,0
907,0.17716592277943843,1,0.5636921422226606,0
908,-0.15878201717724166,1,-0.5059710627786014,0
909,-0.2798391283908128,1,-0.8914186936990359,0
910,-0.05986022110976835,1,-0.19100260236875596,0
911,0.3078023191925917,1,0.97964035876814,0
912,-0.10913138121681329,1,-0.34788270421140466,0
913,-0.3854343115351602,0,-1.2276353171718357,0
914,-0.3111334555966967,1,-0.9910602939473375,0
915,0.21670602271081685,1,0.6895884046736886,0
916,-0.06730265753934273,1,-0.21469942993466756,0
917,0.5484309425922314,0,1.74580545135329,0
918,1.0992163673135669,0,3.4995143824197386,0
919,-1.0271074091500114,0,-3.270731941744965,0
920,-0.07317555343325699,1,-0.23339881724251396,0
921,-0.7133780087036359,0,-2.271812894859702,0
922,0.2692623189025227,1,0.8569284283531459,0
923,0.556432414643917,0,1.7712822566006678,0
924,1.92948380280263,0,6.14309816557355,0
925,-0.4942861272872463,0,-1.5742211069897383,0
926,-0.002991203120992658,1,-0.009930808759924071,0
927,0.7370667378031426,0,2.3464246107066224,0
928,-0.6969850023242872,0,-2.2196173203144274,0
929,1.3480092883284032,0,4.291674719252499,0
930,-0.6267507102232046,0,-1.995990296438269,0
931,0.6213923335560825,0,1.978115598305841,0
932,0.29061084095184464,1,0.9249024380174481,0
933,1.12352815251851,0,3.5769234657585884,0
934,3.2295905953212323,0,10.282657404152848,0
935,-1.8334191414172096,0,-5.83804041185574,0
936,-0.38109202506770323,0,-1.213809412895082,0
937,-1.3913901280697094,0,-4.430613501657088,0
938,-0.5816456225993472,0,-1.8523750309426106,0
939,-0.7015779864983469,0,-2.234241449793472,0
940,0.5153342263480116,0,1.640425017773687,0
941,-0.004918302615180448,1,-0.016066722025458693,0
942,-1.1781463192094794,0,-3.7516420632207534,0
943,0.17433575783592647,1,0.5546808552222117,0
944,-0.2360023761490262,1,-0.7518418268016167,0
945,0.12233503118259648,1,0.38910977316239,0
946,-0.23493695032174777,1,-0.7484494952241564,0
947,-0.8138847229742434,0,-2.59182775824808,0
948,0.8984047050689166,0,2.860127082512671,0
949,0.16029851013829832,1,0.5099860511297154,0
950,0.6466964851848305,0,2.0586843910019197,0
951,0.12477983281334196,1,0.3968940576806184,0
952,-1.0405523092930682,0,-3.3135407024708043,0
953,0.16688301547317974,1,0.5309512134127923,0
954,0.11333898105718943,1,0.36046621663176875,0
955,0.018578727310054055,1,0.058748168463460135,0
956,0.2668718905382153,1,0.84931726911871,0
957,-0.051818468681816054,1,-0.1653975438081369,0
958,-0.5633044417047477,0,-1.7939764399533191,0
959,-0.1387359691947614,1,-0.4421441497893034,0
960,0.6403316347438455,0,2.0384186131467685,0
961,-0.0015355770246150424,1,-0.005296073759806099,0
962,-0.4122894106375772,0,-1.313142349541857,0
963,-0.15026392149173193,1,-0.47884932024717025,0
964,-0.36056436158702926,0,-1.1484490290428802,0
965,0.6610129078943131,0,2.1042680924574273,0
966,-0.4508395560209717,0,-1.43588658208391,0
967,0.28016218628387857,1,0.8916337671587157,0
968,-0.1872354564977915,1,-0.5965672340212436,0
969,0.27862673908261537,1,0.8867448805811549,0
970,0.24322938214154544,1,0.774039173027059,0
971,-0.01880729731616737,1,-0.06028948638596926,0
972,-0.4552606016416203,0,-1.4499632566682208,0
973,-0.1571068189830105,1,-0.5006372069743815,0
974,0.5571680592213424,0,1.7736245598055396,0
975,0.18261351037052564,1,0.5810373416096812,0
976,-0.4707352581303562,0,-1.4992347915916655,0
977,-0.17400614513826704,1,-0.5544449111678477,0
978,-0.3300485225434202,0,-1.051286146606695,0
979,-0.44567107129492456,0,-1.4194300503433774,0
980,-0.40633166320096903,0,-1.2941727936682534,0
981,0.18779450341196355,1,0.5975337000112488,0
982,0.23009376688131758,1,0.7322151799383364,0
983,-0.1779121617061622,1,-0.5668817256377966,0
984,-0.16905593947593078,1,-0.5386833831916,0
985,0.26649266878965294,1,0.8481098214676671,0
986,-0.27251387073478694,1,-0.8680949650796104,0
987,0.14340050815695782,1,0.45618256312556477,0
988,0.05712175843474543,1,0.18146974910067748,0
989,0.36456730819109917,0,1.1603809225347597,0
990,0.7318871171876076,0,2.3299326221294097,0
991,0.12273649180417867,1,0.3903880297137437,0
992,-0.20920161308981822,1,-0.6665078011960764,0
993,-0.17581463184787216,1,-0.5602031595745736,0
994,-0.006447142564487751,1,-0.020934571015158977,0
995,0.09976967119771613,1,0.31726133353050295,0
996,0.10555443864842706,1,0.3356801185729483,0
997,-0.09838751062130476,1,-0.3136740614770799,0
998,0.2565823592175335,1,0.8165552493490378,0
999,0.40883549490803883,0,1.3013314831762148,0
1000,-0.5884157302960744,0,-1.8739311538883825,0
1001,0.19496073115123513,1,0.620351075025802,0
1002,0.15317220823823163,1,0.48729580057716,0
1003,-0.3755149109985524,0,-1.1960517992879416,0
1004,0.22319877133104282,1,0.7102614122214473,0
1005,-0.024178299237427314,1,-0.07739083586858159,0
1006,0.1401379993435844,1,0.4457946868548906,0
1007,-0.02477267347639167,1,-0.0792833322282937,0
1008,0.0973542931433558,1,0.3095707341142662,0
1009,0.5337825506831304,0,1.699164755060811,0
1010,-0.20289985836797086,1,-0.6464429210430018,0
1011,-0.23372251457055088,1,-0.744582713847075,0
1012,-0.6049561703148012,0,-1.9265961593200094,0
1013,0.033725748631271424,1,0.10697650817218128,0
1014,-0.4525112883997446,0,-1.4412094026804976,0
1015,-0.05912925437258627,1,-0.18867519347634149,0
1016,0.18870452528507953,1,0.6004312231023087,0
1017,-0.5611542079123408,0,-1.7871300637850815,0
1018,-0.30425336630312555,1,-0.969153987972057,0
1019,-0.24844807492111304,1,-0.791469115597456,0
1020,-0.3083767069029714,1,-0.9822827653710543,0
1021,0.32507393650059063,0,1.0346334434931475,0
1022,0.2543509808763066,1,0.8094505077383141,0
1023,-0.4799030308594098,0,-1.528425115429779,0
1024,0.5481465024195324,0,1.7448997896403489,0
1025,-0.15350192662632178,1,-0.4891591764425157,0
1026,0.053151876974598666,1,0.16882958787009145,0
1027,0.3049895845047738,1,0.9706845699593815,0
1028,-0.4692457065479689,0,-1.4944920373427881,0
1029,0.19768752653489352,1,0.6290332318202232,0
1030,-0.6615643110286229,0,-2.1068373158305,0
1031,0.20182689397203912,1,0.6422130389060056,0
1032,-0.1216207393932952,1,-0.38764900519597695,0
1033,0.13613952727664957,1,0.4330634927098185,0
1034,-0.018377210313746895,1,-0.05892008301502496,0
1035,-0.09480759957198318,1,-0.3022755717970106,0
1036,0.06604469911240093,1,0.20988052406934635,0
1037,0.007705386413427329,1,0.024127290377239957,0
1038,0.1712819129021347,1,0.544957367827475,0
1039,0.10107232013252893,1,0.32140898698771125,0
1040,0.08036262449053308,1,0.2554690100440382,0
1041,0.13061415825355327,1,0.41547063609393325,0
1042,0.1394255677701776,1,0.44352629419782386,0
1043,0.10284702446549794,1,0.3270596718080381,0
1044,-0.2340870543145655,1,-0.7457434137786872,0
1045,0.42533816066726216,0,1.3538762148074064,0
1046,0.09180289263181607,1,0.2918949928545194,0
1047,-0.21056803309797584,1,-0.6708585026931364,0
1048,0.14064859878396796,1,0.44742044301801204,0
1049,-0.08518184354847391,1,-0.2716270223818994,0
1050,0.21267066867527262,1,0.6767397777955729,0
1051,0.006523515584159201,1,0.020364196192779526,0
1052,-0.5343552578402203,0,-1.7018018107572177,0
1053,0.33277205803414267,0,1.0591443762082886,0
1054,-0.48361900524791196,0,-1.5402568327923571,0
1055,0.07801499495196995,1,0.24799412290319467,0
1056,0.230086237232443,1,0.7321912054250569,0
1057,-0.322701465824613,0,-1.027893009449257,0
1058,-0.15235939801154208,1,-0.48552134845033185,0
1059,-0.19443106678106642,1,-0.6194781634900786,0
1060,0.413404819431636,0,1.3158802799785767,0
1061,0.13240729499619824,1,0.4211800099790372,0
1062,0.30171725397244975,1,0.9602654211904366,0
1063,0.081084228298238,1,0.2577666072306449,0
1064,0.10201531237958233,1,0.32441148823657906,0
1065,-0.19266464545698514,1,-0.6138538518924452,0
1066,0.15535736109361203,1,0.4942533595578915,0
1067,-0.03320947384319256,1,-0.10614622926368483,0
1068,0.5515127391185803,0,1.7556179370317593,0
1069,-0.66825161031352,0,-2.1281297755693753,0
1070,-0.12268929073892987,1,-0.3910512884700681,0
1071,0.17040358614561102,1,0.5421607624559919,0
1072,0.0007564056171629474,1,0.002001632839399837,0
1073,-0.14255997115712182,1,-0.45431982854333003,0
1074,0.11895799365086022,1,0.3783572357600998,0
1075,-0.0824327747730913,1,-0.2628739467791026,0
1076,0.2037535656819469,1,0.6483475901000714,0
1077,-0.048211445277510694,1,-0.15391272798916997,0
1078,-0.2362206101965932,1,-0.7525366872338343,0
1079,-0.0057347013706829375,1,-0.01866614772660287,0
1080,0.49866464205888805,0,1.5873488150767991,0
1081,-0.16038325543314794,1,-0.5110694290463159,0
1082,0.1038647393462997,1,0.33030009102690944,0
1083,0.289797438206865,1,0.9223125516580796,0
1084,-0.13984712116079145,1,-0.4456820740682272,0
1085,0.14412318090313825,1,0.4584835638280727,0
1086,0.31153141045443367,1,0.9915138404492553,0
1087,-0.07560384268004738,1,-0.24113052608623198,0
1088,0.2850518580159026,1,0.9072025542063616,0
1089,-0.16338712253439983,1,-0.5206337862837417,0
1090,-0.7981522134472511,0,-2.5417352154406276,0
1091,-0.23979075427910546,1,-0.7639040787472599,0
1092,0.4563843358758778,0,1.4527276954295552,0
1093,0.49509678381433375,0,1.5759887017052088,0
1094,0.12252512714337618,1,0.3897150415104907,0
1095,0.5260888123752654,0,1.6746677786010264,0
1096,-1.0256675572936436,0,-3.2661474321581285,0
1097,0.14386009459732185,1,0.4576458931428237,0
1098,0.1528588216780734,1,0.48629797313881823,0
1099,0.05401563973606338,1,0.17157982126609986,0
1100,-0.11928213940181598,1,-0.38020286826647487,0
1101,0.009204157046248662,1,0.028899398218925683,0
1102,0.02704668503303531,1,0.08571027098133036,0
1103,0.0923919102311066,1,0.29377043359435695,0
1104,0.12407242233478366,1,0.39464165226374426,0
1105,0.009460052146115672,1,0.029714171998170048,0
1106,0.0046861501105170955,1,0.014513997374628995,0
1107,0.09804618618604899,1,0.31177373178605045,0
1108,0.2322727049280809,1,0.7391529508765972,0
1109,0.2899407795466974,1,0.9227689526022083,0
1110,0.08474917706243223,1,0.26943585825143973,0
1111,0.582240026255502,0,1.8534540733215426,0
1112,0.24359030185314803,1,0.7751883467219796,0
1113,-0.07317766262376457,1,-0.23340553293625685,0
1114,0.2697597755436928,1,0.8585123376493653,0
1115,-0.00118900011166867,1,-0.004192567747745231,0
1116,-0.424459264447741,0,-1.3518913439028741,0
1117,0.10450147183374646,1,0.3323274566757018,0
1118,-0.3014449272986085,1,-0.9602118766824042,0
1119,0.3306364789749717,0,1.0523446609272218,0
1120,-0.16617158990531888,1,-0.5294995715377986,0
1121,0.02257790230806314,1,0.07148160075145966,0
1122,-0.22075284157595212,1,-0.7032870833841831,0
1123,-0.020811654176228198,1,-0.06667138824604732,0
1124,-0.06739044524845553,1,-0.21497894729768943,0
1125,0.09275850471094302,1,0.294937675835188,0
1126,0.09596159766298273,1,0.3051363711254093,0
1127,-0.06969350315586502,1,-0.2223119177063212,0
1128,0.18999686837575558,1,0.6045460625995,0
1129,0.12948142311349436,1,0.41186399066997503,0
1130,0.0003010038460399822,1,0.0005516268708397794,0
1131,-0.18119911273258155,1,-0.5773474262759826,0
1132,0.3301738745995666,0,1.050871721760197,0
1133,0.1939070930313086,1,0.6169962756827329,0
1134,-0.9462758079837954,0,-3.0133629292128816,0
1135,0.066606249507011,1,0.21166850882360852,0
1136,0.14494068241316943,1,0.46108650071593127,0
1137,-0.08453287225218628,1,-0.2695606881849093,0
1138,-0.3954703640343724,0,-1.2595902566283852,0
1139,0.469227144141586,0,1.493619386721026,0
1140,0.5157397897230841,0,1.6417163375527786,0
1141,-0.06140114347269232,1,-0.19590892194194912,0
1142,0.19519459418727741,1,0.6210956983882687,0
1143,-0.029254174088619966,1,-0.09355249639911545,0
1144,0.4522993637772259,0,1.4397210839053167,0
1145,-0.1022011976107027,1,-0.3258168972047734,0
1146,0.1173041222531189,1,0.3730912847910418,0
1147,0.3395390851220964,0,1.0806906904502047,0
1148,0.10091388965018022,1,0.320904541990844,0
1149,-0.08786440236272508,1,-0.28016832928566043,0
1150,0.24825340044697586,1,0.7900357215496209,0
1151,0.03624117994864118,1,0.11498567865629032,0
1152,-0.2888468211070264,1,-0.9200993204108234,0
1153,0.00454859810921357,1,0.014076029769923218,0
1154,0.018607855093815684,1,0.05884091175736771,0
1155,-0.08946073560922352,1,-0.2852510779309409,0
1156,-0.005449163818062375,1,-0.017756991939775563,0
1157,-0.1228927992336569,1,-0.3916992625244492,0
1158,0.11014202450917186,1,0.35028705974262936,0
1159,0.4792810653607745,0,1.5256312204460196,0
1160,0.047087793362748154,1,0.14952145604322542,0
1161,0.20781818308406425,1,0.6612893919697699,0
1162,-0.2941044223638226,1,-0.9368396005021034,0
1163,-0.1401565843285933,1,-0.4466674093673317,0
1164,0.14947225835397016,1,0.47551510547287235,0
1165,-0.34994029803342763,0,-1.1146218537003316,0
1166,-0.043622551699647114,1,-0.1393016230288591,0
1167,0.19831647056230994,1,0.6310357988971917,0
1168,-0.6086974450292684,0,-1.9385084332943137,0
1169,0.7469164531031364,0,2.377786249767424,0
1170,-0.28510869067501643,1,-0.9081970578783246,0
1171,-0.286282823870024,1,-0.9119355153209634,0
1172,-0.19487297881427854,1,-0.6208852179337975,0
1173,-0.3053460474887266,1,-0.972633101013159,0
1174,-0.703776954303672,0,-2.241242995778966,0
1175,-0.8655179062439742,0,-2.7562285767434687,0
1176,0.9429730756881738,0,3.0020334331348124,0
1177,-0.6317149815272274,0,-2.011796609625489,0
1178,0.614548107561497,0,1.9563234816044697,0
1179,-0.24551849975555406,1,-0.7821413049810612,0
1180,0.23018683348651858,1,0.7325115053845074,0
1181,0.44200845878240974,0,1.4069546903369026,0
1182,0.14982058498654865,1,0.47662418261809686,0
1183,-0.6848369474671413,0,-2.180937734141935,0
1184,0.5006569166846563,0,1.5936922469243548,0
1185,0.11628877393828219,1,0.369858400753173,0
1186,-0.5007526654961175,0,-1.5948106602004417,0
1187,-0.7223350215968016,0,-2.300332156266028,0
1188,-0.08189006058655535,1,-0.2611459367896841,0
1189,-0.14579942076035057,1,-0.46463428394816614,0
1190,-0.25325756072906813,1,-0.8067825894779886,0
1191,0.2516562533575995,1,0.8008704554997529,0
1192,0.48288882274943257,0,1.5371183732820113,0
1193,0.040518021598945075,1,0.12860320566817454,0
1194,0.17165306373858513,1,0.5461391175750925,0
1195,0.028226198416721388,1,0.08946585902422244,0
1196,0.038875417663687406,1,0.1233731304661597,0
1197,0.16856016116843048,1,0.536291270089036,0
1198,-0.3824780834893954,0,-1.2182226433910255,0
1199,-0.4055647431408,0,-1.2917309088641793,0
1200,0.1341938360608147,1,0.4268683831278365,0
1201,-0.2251591430027205,1,-0.7173168122373098,0
1202,-0.03538178316871071,1,-0.11306289425555086,0
1203,-0.23744108580083814,1,-0.7564226995922695,0
1204,-0.2967707149675152,1,-0.9453291155510861,0
1205,-0.18325387466668208,1,-0.5838898186366204,0
1206,0.21812053371761508,1,0.6940922286210433,0
1207,-0.33982686772848625,0,-1.0824205421669568,0
1208,-0.09294364909765473,1,-0.296340725943838,0
1209,0.4500037476800722,0,1.4324118083305042,0
1210,-0.41649836345639285,0,-1.3265437175111146,0
1211,-0.1777877665816151,1,-0.5664856497230977,0
1212,-0.4039197180843712,0,-1.2864931247765796,0
1213,-0.22570750726838718,1,-0.7190628121621696,0
1214,-0.5794329679143925,0,-1.84532990573013,0
1215,-0.7881860285595301,0,-2.5100027354914745,0
1216,-0.1623908147127059,1,-0.5174615274573938,0
1217,-0.1721369872472092,1,-0.5484934848228605,0
1218,0.1306673853200354,1,0.41564011186012917,0
1219,-0.8090122674840238,0,-2.5763137879687377,0
1220,0.5741734252022591,0,1.8277698963708193,0
1221,-0.1514448988490209,1,-0.48260956960364654,0
1222,-0.2989493338707929,1,-0.9522658703317728,0
1223,0.3434837270688843,0,1.0932504886973011,0
1224,-0.006692851522864771,1,-0.021716911969382347,0
1225,0.4691291367268591,0,1.4933073296643158,0
1226,0.532156059290929,0,1.6939859824339765,0
1227,0.2091871627703653,1,0.665648243519862,0
1228,-0.17056193381686516,1,-0.5434784914266597,0
1229,0.37021326744621,0,1.1783577402312968,0
1230,0.2107430294653938,1,0.6706021460673028,0
1231,0.15516246139791173,1,0.49363279604682064,0
1232,-0.2343843724532343,1,-0.7466900791255695,0
1233,-0.009274411431231002,1,-0.02993663686438204,0
1234,-0.0712749279895562,1,-0.22734719774492726,0
1235,0.0024670282692902945,1,0.007448280641015305,0
1236,-0.288865512508367,1,-0.9201588341088879,0
1237,0.17457246276484717,1,0.5554345272135969,0
1238,0.38937286539299476,0,1.2393621832081938,0
1239,-0.17159382466778889,1,-0.5467640471438726,0
1240,0.1712343526695398,1,0.5448059353441126,0
1241,0.2774644675254341,1,0.8830441907686302,0
1242,-0.13935234435482446,1,-0.44410669740689335,0
1243,0.22686610051957495,1,0.7219382425485087,0
1244,-0.45248655058619086,0,-1.441130637116601,0
1245,0.17110321795217104,1,0.544388400466281,0
1246,0.5688979612248591,0,1.8109727411131862,0
1247,0.07689295824833864,1,0.24442154145890874,0
1248,-0.5983995188660602,0,-1.9057196842219903,0
1249,-0.13510519707872476,1,-0.4305837177212581,0
1250,0.13059627472497276,1,0.4154136946746746,0
1251,-0.03888177205531129,1,-0.12420691058853606,0
1252,-0.23487980632721367,1,-0.748267547901164,0
1253,0.2961170890967147,1,0.9424344134745187,0
1254,0.00993785134744126,1,0.031235491715453853,0
1255,-0.014271011112461707,1,-0.04584588408233702,0
1256,-0.3860340223365608,0,-1.2295448052252012,0
1257,0.036358669778407474,1,0.11535976801037022,0
1258,0.10622217549861557,1,0.3378062025708505,0
1259,-0.6496358310514366,0,-2.068856859320376,0
1260,0.37430956491050316,0,1.1914004118870876,0
1261,-0.1990323998531599,1,-0.6341288759838312,0
1262,0.07714744796464443,1,0.24523184047612734,0
1263,0.04340022165105273,1,0.1377801732232958,0
1264,0.10169061663631213,1,0.3233776521920971,0
1265,-0.48883713987611094,0,-1.5568714505549996,0
1266,-0.33161760541485374,0,-1.0562821296551002,0
1267,0.45940435296168136,0,1.4623434744564356,0
1268,-0.22327275543806113,1,-0.7113105263569789,0
1269,0.23086383822418233,1,0.7346670984730789,0
1270,-0.04038605029602471,1,-0.12899655473513408,0
1271,-0.1513604683026628,1,-0.48234074149644324,0
1272,0.22235060717202088,1,0.7075608450061115,0
1273,-0.37278441717244415,0,-1.1873578665981097,0
1274,0.4357113072657637,0,1.3869044668572088,0
1275,-0.2070538519474336,1,-0.659669297982047,0
1276,-0.06596921868121275,1,-0.21045374090664598,0
1277,0.17961229862476236,1,0.5714814390633683,0
1278,-0.382070233777844,0,-1.2169240438828006,0
1279,0.2375682400907414,1,0.7560140130846843,0
1280,0.18016765594119413,1,0.573249704965198,0
1281,-0.18335838450524466,1,-0.584222579506907,0
1282,-0.05601616423315334,1,-0.1787630684713986,0
1283,-0.29459714731498465,1,-0.9384084440274186,0
1284,-0.39796875202932663,0,-1.2675451609220802,0
1285,-0.24704814695256688,1,-0.7870117242593843,0
1286,0.10532934827868129,1,0.3349634275096002,0
1287,-0.26054065764190193,1,-0.8299720776680968,0
1288,-0.07838117897147001,1,-0.24997360587779888,0
1289,0.28778855612594695,1,0.9159162414279246,0
1290,-0.08212120574265819,1,-0.26188190638226255,0
1291,-0.15567126413388108,1,-0.4960663791220873,0
1292,0.359119897957621,0,1.143036287856987,0
1293,0.15323626946074365,1,0.48749977245624737,0
1294,-0.12022605311493234,1,-0.38320830347690327,0
1295,0.021578570547515386,1,0.06829971365911759,0
1296,0.07206720180714654,1,0.22905626164172443,0
1297,-0.05874450962546808,1,-0.18745016051628552,0
1298,0.05359996678443801,1,0.1702563124458783,0
1299,-0.02048676727400689,1,-0.06563694354864037,0
1300,-0.22978985528448487,1,-0.7320610685687804,0
1301,0.06581903668352912,1,0.20916201156128775,0
1302,0.5716941126268572,0,1.8198757284948492,0
1303,-0.3639600189137581,0,-1.1592608521475647,0
1304,0.21813422329544177,1,0.6941358164391294,0
1305,-0.015086190885475859,1,-0.04844142852522587,0
1306,0.2505664284814667,1,0.7974004369902046,0
1307,0.08091900179002842,1,0.2572405235870142,0
1308,-0.31929314762406946,0,-1.0170408739352614,0
1309,0.256061596430163,1,0.8148971329389301,0
1310,0.17059854591032098,1,0.5427815172276772,0
1311,0.019212198661469837,1,0.060765150606941244,0
1312,-0.09608220060166492,1,-0.30633392030982803,0
1313,-0.0694797899770575,1,-0.221631451787037,0
1314,-0.06526348547864247,1,-0.20820667596130216,0
1315,-0.02229601205966216,1,-0.07139760568071175,0
1316,0.008260780064484496,1,0.025895671969053766,0
1317,-0.029863297394888577,1,-0.09549195400706584,0
1318,-0.4004563099767202,0,-1.2754655821843106,0
1319,0.44428561732302685,0,1.414205196778962,0
1320,-0.02692457844540952,1,-0.08613502944755506,0
1321,-0.16560846106974736,1,-0.5277065610041911,0
1322,-0.3254342767151283,0,-1.0365943197063996,0
1323,-0.29286783116513454,1,-0.9329022758528269,0
1324,-0.20567767393138425,1,-0.6552875268436693,0
1325,-0.2754024942350302,1,-0.8772923849885124,0
1326,-0.017034330002478643,1,-0.05464433226069822,0
1327,-0.1869951983229204,1,-0.5958022484422473,0
1328,-0.08104622230063999,1,-0.2584591432182415,0
1329,-0.2849617680445019,1,-0.9077292540517448,0
1330,-0.1935638198836787,1,-0.6167168365538075,0
1331,-0.16215467892610275,1,-0.5167096676235577,0
1332,-0.2771166614582275,1,-0.8827503187567913,0
1333,-0.23140708360787443,1,-0.7372103474476411,0
1334,-0.028923522731223377,1,-0.09249969759125116,0
1335,-0.5632986967348772,0,-1.7939581478843603,0
1336,-0.018052870116482128,1,-0.0578873790342781,0
1337,0.1937785928150844,1,0.6165871290954745,0
1338,0.4609150810903997,0,1.467153655141749,0
1339,-0.029191526235252008,1,-0.09335302470826756,0
1340,-0.1999448601910846,1,-0.6370341631828743,0
1341,0.7280304799865062,0,2.3176530322929927,0
1342,0.018857936411741716,1,0.05963717436900389,0
1343,0.5088653076356543,0,1.6198278850047076,0
1344,0.20364914512358373,1,0.6480151134992589,0
1345,0.6524117617783097,0,2.0768819161280985,0
1346,-0.35086137959100483,0,-1.117554590990141,0
1347,-0.07192906605749966,1,-0.22942998301921697,0
1348,-0.13440249820841443,1,-0.42834631413466717,0
1349,0.14090020580055307,1,0.44822156347672343,0
1350,-0.2779363252391355,1,-0.8853601403470727,0
1351,0.0656702848305003,1,0.20868838346319257,0
1352,-0.23794956283281915,1,-0.7580416979756751,0
1353,0.1699880982832045,1,0.5408378429625782,0
1354,0.05458375916457575,1,0.17338872192137517,0
1355,0.06369161857268446,1,0.20238828086028313,0
1356,-0.3071442609186654,1,-0.9783586391456228,0
1357,-0.3328755732451808,0,-1.0602875178153897,0
1358,-0.08762799953760801,1,-0.27941561919725005,0
1359,-0.052973925262729926,1,-0.16907653463552375,0
1360,0.21818735980796441,1,0.6943050038801801,0
1361,0.5132353245166985,0,1.6337420833280853,0
1362,-0.02954000230694498,1,-0.09446257766984077,0
1363,-0.6074843138188327,0,-1.9346458055942928,0
1364,0.107336518002727,1,0.3413542855701708,0
1365,-0.042770629301801644,1,-0.13658908952557505,0
1366,0.09367260502813435,1,0.29784818475244945,0
1367,0.1093005661977246,1,0.3476078440450612,0
1368,0.007984251318906677,1,0.025015200356970385,0
1369,-0.13580840313738263,1,-0.4328227362030421,0
1370,-0.3325053683992281,0,-1.0591087801154953,0
1371,0.08767877822247372,1,0.278763751634651,0
1372,0.027725320550858523,1,0.087871056498027,0
1373,-0.6610561008337882,0,-2.105219167060511,0
1374,0.9605378947542056,0,3.057960076589931,0
1375,0.34864372237217023,0,1.109679989990317,0
1376,0.3353542742172557,0,1.0673661906917797,0
1377,-0.03690882445858429,1,-0.11792501628703601,0
1378,0.07590415621317992,1,0.24127318116779925,0
1379,-0.297699681585763,1,-0.9482869589905851,0
1380,-0.2317753073061883,1,-0.7383827771441787,0
1381,-0.0363608163605145,1,-0.11618015040506761,0
1382,0.08087246889675742,1,0.25709236216723985,0
1383,-0.24096442466676682,1,-0.7676410626044694,0
1384,1.002417362433071,0,3.1913049205169344,0
1385,-0.4583349313660582,0,-1.4597519679390711,0
1386,0.012348563103780297,1,0.03891123356983863,0
1387,-0.2558306014530256,1,-0.814975189163946,0
1388,0.04139598360205948,1,0.13139864965941256,0
1389,0.19971359531995386,1,0.6354842647703288,0
1390,-0.010045292866911804,1,-0.03239113474662126,0
1391,-0.0972285363463003,1,-0.3099838702597289,0
1392,0.21709964981055468,1,0.6908417191757369,0
1393,0.715311151304999,0,2.2771545018222303,0
1394,-0.36030491307076074,0,-1.1476229411333059,0
1395,-0.16917149367549633,1,-0.5390513094705186,0
1396,-0.032965195309351936,1,-0.1053684428023222,0
1397,-0.03106898577282069,1,-0.09933088361841556,0
1398,-0.3412181685810484,0,-1.0868504646402561,0
1399,-0.06521441022567398,1,-0.20805041963068352,0
1400,0.5152778068708195,0,1.6402453773246173,0
1401,-0.34653177100721955,0,-1.1037690532823343,0
1402,-0.329824675418066,0,-1.0505734140518606,0
1403,0.3832017387349047,0,1.2197132247403655,0
1404,-0.04347346717592704,1,-0.13882693570236718,0
1405,-0.12568549988027172,1,-0.4005912626499814,0
1406,-0.34673691406657003,0,-1.10442223181463,0
1407,0.11169659854837033,1,0.3552368464548063,0
1408,0.30348418338137995,1,0.9658913505377364,0
1409,0.31247652945603127,1,0.9945231133160181,0
1410,0.15347654740648298,1,0.4882648209859803,0
1411,0.2344967325770405,1,0.7462342877745235,0
1412,-0.41368970930746773,0,-1.3176009211984872,0
1413,0.3403737020137758,0,1.0833481229661388,0
1414,0.7452986397472408,0,2.3726351081364196,0
1415,0.028323288796642754,1,0.08977499622856092,0
1416,-0.0317907660822897,1,-0.10162904278924716,0
1417,-0.22269759849287765,1,-0.709479218144632,0
1418,0.057562282163904466,1,0.18287238316377705,0
1419,0.10410530127620743,1,0.3310660437664309,0
1420,-0.11323795820244342,1,-0.3609581060150293,0
1421,-0.4693242866093057,0,-1.4947422374192332,0
1422,-0.551420556788733,0,-1.7561379747769303,0
1423,-0.4777617912457738,0,-1.5216073768596514,0
1424,-0.10423332028107568,1,-0.3322872058151705,0
1425,-0.5594933845247514,0,-1.7818419775776202,0
1426,-0.9180044189239376,0,-2.9233464086903727,0
1427,-0.6606762665827506,0,-2.1040097691925363,0
1428,0.9908782573519633,0,3.1545642394295745,0
1429,0.10827467326504459,1,0.3443413857881653,0
1430,-0.15390602119540026,1,-0.4904458195216185,0
1431,-0.18468959743079538,1,-0.5884611811327045,0
1432,-0.7849973400536476,0,-2.499849904170667,0
1433,0.38108865376605416,0,1.2129851309752657,0
1434,0.7162371287978085,0,2.280102827842165,0
1435,-0.4098398443071384,0,-1.305342894149399,0
1436,0.04688060294941421,1,0.1488617587055936,0
1437,-0.3215334814648035,0,-1.0241741299887481,0
1438,0.1907608249990398,1,0.606978511776743,0
1439,-0.07843672795166556,1,-0.25015047465156837,0
1440,0.5589755871109395,0,1.779379755315192,0
1441,-0.3348866892721857,0,-1.0666909409628953,0
1442,0.1353904947970374,1,0.43067856222655576,0
1443,0.2881411164405825,1,0.9170387986793783,0
1444,-0.4251691613286978,0,-1.3541516660617257,0
1445,0.4301768950631687,0,1.369282816624172,0
1446,-0.314165404955365,1,-1.0007140655073383,1
1447,0.318233412007693,1,1.012853112427846,-1
1448,-0.6905994828757234,0,-2.199285732033727,0
1449,-0.5679132280576517,0,-1.8086508838033069,0
1450,-0.4400700527114674,0,-1.4015963244094574,0
1451,-0.37526716993343034,0,-1.1952629880758145,0
1452,0.10392478509187092,1,0.33049127756808216,0
1453,0.2847371024565626,1,0.9062003678543958,0
1454,0.38897408429379704,0,1.2380924582957067,0
1455,-0.037625343221733,1,-0.12020642261663583,0
1456,0.23143823801262384,1,0.7364959958871711,0
1457,0.19007338761275427,1,0.6047897009808004,0
1458,-0.5196386938376523,0,-1.6549440535117854,0
1459,0.09103111901720473,1,0.28943765426138196,0
1460,0.4618814102275002,0,1.4702304613933674,0
1461,0.39965828493119604,0,1.2721111110016896,0
1462,-0.3017425815577337,1,-0.9611596122417864,0
1463,-0.34953962543910816,0,-1.1133461062394268,0
1464,0.2939543560467076,1,0.935548239485385,0
1465,0.5533220562408661,0,1.761378829484731,0
1466,0.6180350715261336,0,1.9674260263934569,0
1467,-0.26860112217731485,1,-0.8556367158553724,0
1468,-0.2913777106448421,1,-0.9281577100972527,0
1469,0.23550539304514317,1,0.7494458776095673,0
1470,-0.16905211393899716,1,-0.5386712026254747,0
1471,0.04685427205621817,1,0.14877792075257548,0
1472,0.5883333471540929,0,1.8728552971014187,0
1473,-0.25962319436382797,1,-0.8270508610336917,0
1474,-0.16863898722808857,1,-0.5373558010733203,0
1475,0.4832142314912282,0,1.5381544795243338,0
1476,-0.25889223723234317,1,-0.8247234827259593,0
1477,0.36375661199411824,0,1.1577996538642128,0
1478,0.267335919090685,1,0.8507947428865528,0
1479,-0.14661709510355897,1,-0.46723777113941484,0
1480,-0.22750358081612793,1,-0.7247815368780947,0
1481,-0.45825640091995934,0,-1.4595019258382769,0
1482,-0.7830256882943554,0,-2.493572135834707,0
1483,0.31984480221068934,1,1.017983802645107,-1
1484,0.10959439939362214,1,0.3485434132826641,0
1485,-0.14204392478504846,1,-0.4526767292692209,0
1486,0.3023453096367437,1,0.9622651597060962,0
1487,-0.07721019968573928,1,-0.24624519052890184,0
1488,-0.08554049313511569,1,-0.2727689679653999,0
1489,-0.3400488579888334,0,-1.0831273624361706,0
1490,-0.0012639571132433414,1,-0.004431231948371037,0
1491,-0.23025853496473014,1,-0.7335533515961886,0
1492,0.3315382420615951,0,1.0552158879200522,0
1493,-0.13750854172415916,1,-0.4382360025856614,0
1494,0.15157252113155728,1,0.48220237319152065,0
1495,-0.455045852209786,0,-1.449279491303987,0
1496,0.25523304036325595,1,0.8122589981786296,0
1497,0.28668622666362015,1,0.9124064081311589,0
1498,-0.13304451137266948,1,-0.42402246398318305,0
1499,0.6071503063994776,0,1.932768773390012,0
1500,-0.5142238175530861,0,-1.6377030074080907,0
1501,-0.15389721710875254,1,-0.49041778717963735,0
1502,-0.21221747466890323,1,-0.6761103490281608,0
1503,-0.03698783140637518,1,-0.11817657557625884,0
1504,-0.17184569674274358,1,-0.5475660115523494,0
1505,0.00010771790392571923,1,-6.37984249673362e-05,0
1506,-0.298168699697309,1,-0.9497803195882559,0
1507,-0.3574018047096609,0,-1.138379401213399,0
1508,-0.7425394317900939,0,-2.3646632968746113,0
1509,0.5323082099730675,0,1.6944704324541802,0
1510,-0.41574137256694466,0,-1.3241334473333355,0
1511,0.40486135170187,0,1.2886777524833202,0
1512,0.16511915028153612,1,0.5253350405786116,0
1513,-0.46886489105701995,0,-1.4932795151924363,0
1514,0.7711856017859906,0,2.4550595777899193,0
1515,0.3243602737862691,1,1.032361130865216,-1
1516,0.5153776833822428,0,1.6405633856128274,0
1517,-0.13104131755406667,1,-0.41764426526429316,0
1518,0.34162740699241706,0,1.0873399381436701,0
1519,-0.1986643203032019,1,-0.6329569052577888,0
1520,0.3020446905883464,1,0.9613079842138619,0
1521,-0.221386025235489,1,-0.7053031495124708,0
1522,-0.409168093106124,0,-1.3032040283991486,0
1523,-0.2208102367459019,1,-0.7034698304534105,0
1524,-0.13579960207472208,1,-0.4327947134894809,0
1525,0.4431877422962429,0,1.4107095464707862,0
1526,-0.46874911513335804,0,-1.4929108829407185,0
1527,-0.49324008943426934,0,-1.5708905070089427,0
1528,0.44882850144675945,0,1.4286698069574548,0
1529,0.17812646272923438,1,0.5667505156163566,0
1530,0.40069161676347365,0,1.2754012548248261,0
1531,0.04601082204844961,1,0.14609236346448973,0
1532,-0.47609390673556323,0,-1.516296807933425,0
1533,-0.11574490363653273,1,-0.3689402573213806,0
1534,-0.6909632045385906,0,-2.2004438271828777,0
1535,0.07493623330903709,1,0.2381913003383676,0
1536,-0.07460184496992045,1,-0.23794015057103607,0
1537,-0.08687275872398104,1,-0.2770109212867459,0
1538,0.04353388826330978,1,0.13820576969186465,0
1539,-0.11973896647917126,1,-0.3816574124311399,0
1540,-0.5239580092319771,0,-1.6686968175522512,0
1541,0.11059339152109354,1,0.3517242189782724,0
1542,-0.0080431603979918,1,-0.02601631538080459,0
1543,-0.139823734815818,1,-0.4456076116002603,0
1544,0.24046700215138309,1,0.7652437143197086,0
1545,-0.022770330955812546,1,-0.07290784405489052,0
1546,0.13853496624912698,1,0.4406906057947075,0
1547,0.018059330220348002,1,0.057094400454896235,0
1548,-0.07678838517904918,1,-0.24490212690660268,0
1549,0.19193998033486004,1,0.6107329597899396,0
1550,0.11334904247811683,1,0.3604982523446756,0
1551,-0.34471845741134716,0,-1.0979954359984083,0
1552,0.05320596550120704,1,0.1690018065380588,0
1553,-0.4020615263185735,0,-1.2805766147364632,0
1554,-0.17468633043323434,1,-0.5566106311978716,0
1555,0.02015652927750572,1,0.0637719132424258,0
1556,0.2636938032775915,1,0.8391981923194568,0
1557,0.04780228350196791,1,0.15179640320425924,0
1558,0.05833268153125459,1,0.18532534613332804,0
1559,0.2312726043421267,1,0.7359686158328004,0
1560,0.1882545978583074,1,0.5989986475270541,0
1561,0.15714822378630644,1,0.4999554928343501,0
1562,-0.2963928641066894,1,-0.9441260328268535,0
1563,0.21145022547180015,1,0.6728538686016761,0
1564,0.0604941809611369,1,0.1922075922577557,0
1565,-0.03984143370950188,1,-0.12726248747604632,0
1566,0.12076711557078412,1,0.3841175066858669,0
1567,0.2767610567269031,1,0.8808045203920648,0
1568,0.22095208376667894,1,0.7031079258180366,0
1569,-0.25516918574419667,1,-0.8128692317735379,0
1570,-0.36958331707239167,0,-1.1771655165780635,0
1571,-0.3582604069411028,0,-1.1411132034055596,0
1572,-0.5261860984124878,0,-1.6757910864266519,0
1573,-0.004515753203105044,1,-0.014784998749085948,0
1574,0.10693928557216947,1,0.340089491641518,0
1575,0.22882202177696936,1,0.7281659247339818,0
1576,-0.07691204882828728,1,-0.24529587379310908,0
1577,-0.7278205944264813,0,-2.317798301214021,0
1578,-0.2982142776623384,1,-0.9499254405023981,0
1579,0.3683337457255167,0,1.1723733152996079,0
1580,-0.3616030621856572,0,-1.1517562670974084,0
1581,0.5680629487172095,0,1.808314048950157,0
1582,-0.45932112484757026,0,-1.462892022556824,0
1583,-0.4533791963217111,0,-1.4439728343287952,0
1584,0.4229172200488557,0,1.3461679041050507,0
1585,0.8998399439833282,0,2.8646969044241555,0
1586,-0.06826807689020153,1,-0.2177733394134488,0
1587,-0.4683369219496621,0,-1.4915984537530034,0
1588,0.09594694771337509,1,0.3050897254693816,0
1589,-0.3211984825464232,0,-1.0231074884824694,0
1590,-0.7114830048287919,0,-2.265779174520423,0
1591,-0.31173198477050534,1,-0.9929660196809897,0
1592,-0.15599903502261242,1,-0.4971100064751578,0
1593,0.15635857858353785,1,0.49744125084043805,0
1594,0.13506074026064518,1,0.42962861891002135,0
1595,-0.3577905039402703,0,-1.139617025307325,0
1596,0.42147120233740265,0,1.3415637623445122,0
1597,-0.22315521250739523,1,-0.71093626792885,0
1598,-0.18524743605123922,1,-0.5902373475431739,0
1599,0.07724586008802947,1,0.2455451861311851,0
1600,-0.1163835052484381,1,-0.37097357429006855,0
1601,1.0141451666759838,0,3.22864642252382,0
1602,0.1278279785611287,1,0.4065993987829005,0
1603,0.07884822282077203,1,0.25064713274976236,0
1604,-0.6779538542541832,0,-2.1590218636429386,0
1605,0.25554951465095554,1,0.8132666569870892,0
1606,-0.12960981734972316,1,-0.4130863474609112,0
1607,-0.5208756475450126,0,-1.6588825323940308,0
1608,0.1335068320316466,1,0.4246809521473593,0
1609,0.16751561249226737,1,0.5329654116692208,0
1610,-0.25315865070164295,1,-0.8064676584891097,0
1611,0.24746860735041665,1,0.7875369287335773,0
1612,-0.006040473303605104,1,-0.01963973007930648,0
1613,0.22172610890253563,1,0.7055724332880892,0
1614,-0.12952197605164867,1,-0.41280665946984346,0
1615,-0.15488761404633145,1,-0.49357122566362,0
1616,0.47499178471555126,0,1.5119740874905057,0
1617,-0.08754495673485474,1,-0.27915120968619067,0
1618,-0.07229647486526108,1,-0.2305998180921942,0
1619,0.3485246916974376,0,1.1093009945630956,0
1620,0.16124140051485636,1,0.5129882280214206,0
1621,-0.03387425770811081,1,-0.1082629109128513,0
1622,-0.06415882927424832,1,-0.20468943428341257,0
1623,0.15177191851128652,1,0.4828372573950003,0
1624,-0.21400211176576778,1,-0.6817926599155038,0
1625,0.23270206262661575,1,0.740520032133193,0
1626,-0.1852880206702644,1,-0.5903665695698541,0
1627,-0.0855320002128083,1,-0.27274192637527633,0
1628,-0.36335104669452756,0,-1.157321875602976,0
1629,-0.1559235386602238,1,-0.4968696249417304,0
1630,-0.22187945554592292,1,-0.7068742389121305,0
1631,-0.2830666111054891,1,-0.9016950463538906,0
1632,0.06365216054914868,1,0.2022626459302885,0
1633,0.16975139834151887,1,0.5400841868506231,0
1634,0.341094279482703,0,1.0856424522749113,0
1635,0.03236932615933383,1,0.10265763897817581,0
1636,0.3435377800323017,0,1.0934225941315427,0
1637,0.356177324908566,0,1.1336670917874758,0
1638,-0.1223471839428798,1,-0.38996201537625835,0
1639,0.36385778426238796,0,1.158121787861369,0
1640,0.11986657376257415,1,0.38125016826155117,0
1641,-0.23303300091160417,1,-0.7423872921682988,0
1642,0.2044579714120836,1,0.6505904283535712,0
1643,0.03499641185355007,1,0.11102231864803974,0
1644,0.3512401360046714,0,1.1179470093624502,0
1645,0.24165004970935533,1,0.7690105552257511,0
1646,0.28705532014104107,1,0.9135816072172257,0
1647,-0.006130626637353642,1,-0.01992677962612449,0
1648,0.5062245385169087,0,1.6114196371089475,0
1649,-0.19620891258532733,1,-0.6251388508014191,0
1650,0.17602906876755597,1,0.560072382249953,0
1651,0.12662081777905776,1,0.4027557810150156,0
1652,0.08456381888668366,1,0.26884567508088664,0
1653,-0.2032975273586775,1,-0.6477091049856203,0
1654,-0.3728815754829118,0,-1.1876672200943112,0
1655,0.5037653132278523,0,1.603589427449524,0
1656,0.40149927645931616,0,1.2779728552308791,0
1657,-0.1283372936738455,1,-0.40903461327330226,0
1658,-0.19097352893965974,1,-0.6084693119122742,0
1659,0.10398348176148414,1,0.33067816863146976,0
1660,-0.21333158476656378,1,-0.6796576920419073,0
1661,0.24629402351610846,1,0.7837970364487465,0
1662,-0.5728263371004354,0,-1.8242942955947363,0
1663,0.05059634626170184,1,0.1606927403180902,0
1664,0.5775169768627111,0,1.838415814264132,0
1665,-0.01803721853525858,1,-0.05783754416838466,0
1666,-0.1678906680186915,1,-0.5349731416529623,0
1667,-0.18712608454481966,1,-0.596218992106832,0
1668,0.18860436295483574,1,0.6001123047627506,0
1669,-0.02850625693831546,1,-0.09117111714084915,0
1670,0.11035893999366436,1,0.35097772185053383,0
1671,-0.29086897430930286,1,-0.9265378860874861,0
1672,0.12845267485742945,1,0.4085884410212296,0
1673,-0.002398109289099712,1,-0.008042389235247437,0
1674,0.12443781820853954,1,0.39580507812510346,0
1675,-0.10498704355567112,1,-0.3346870718589741,0
1676,-0.06379574470331584,1,-0.20353336764439636,0
1677,-0.03162059980696258,1,-0.10108723085412111,0
1678,0.3345332055692304,0,1.0647518959838376,0
1679,0.3066889888193849,1,0.9760954984085759,0
1680,0.1712442124923419,1,0.5448373291656095,0
1681,0.38638891253893615,0,1.2298612332280972,0
1682,0.4647781573495534,0,1.479453747034152,0
1683,-0.1538205634455213,1,-0.49017372078322613,0
1684,0.7021466106751866,0,2.2352384099293308,0
1685,-0.13442965823809272,1,-0.4284327920704966,0
1686,0.6534777481273223,0,2.0802760324150427,0
1687,-0.38637448094714266,0,-1.2306288304721256,0
1688,-0.3567971670915905,0,-1.136454226102955,0
1689,0.3957814131402838,0,1.259767093932316,0
1690,0.610094301433803,0,1.9421424970816363,0
1691,-0.4318159768745208,0,-1.3753152249771756,0
1692,-0.36774506156242776,0,-1.1713124838711124,0
1693,-0.17969428275561125,1,-0.5725560253929899,0
1694,0.1359811988863121,1,0.43255937277542356,0
1695,0.23932921120046102,1,0.7616209711192542,0
1696,-0.17026584289777258,1,-0.5425357335650423,0
1697,-0.36353285161365756,0,-1.1579007451519503,0
1698,0.33135489280248176,0,1.0546321011697508,0
1699,-0.07620538253387305,1,-0.24304583786954614,0
1700,-0.11836339624463377,1,-0.37727757647807686,0
1701,0.1534932847350703,1,0.48831811288752364,0
1702,-0.3169239474303275,0,-1.0094973055095868,0
1703,-0.5118716542079292,0,-1.6302136845600583,0
1704,0.17213778496046894,1,0.5476824771081178,0
1705,0.053634398901295455,1,0.17036594481474313,0
1706,-0.30327725141253914,1,-0.9660460237367391,0
1707,-0.11972152080720276,1,-0.38160186515380384,0
1708,-0.19471370468252686,1,-0.6203780867447649,0
1709,-0.22207686061600754,1,-0.7075027795722622,0
1710,0.1570210734320106,1,0.49955064422741813,0
1711,-0.06666819088709874,1,-0.21267927873864229,0
1712,0.01904031026387798,1,0.06021785540907711,0
1713,0.5102166546901097,0,1.6241305939944524,0
1714,-0.49080094115797357,0,-1.56312422285482,0
1715,-0.030553123588938913,1,-0.09768837080223015,0
1716,0.0832168258162188,1,0.26455682924050516,0
1717,0.3785288102511522,0,1.2048345513979513,0
1718,-0.010711100596654033,1,-0.03451107639651655,0
1719,0.038384782601252665,1,0.12181094117743356,0
1720,-0.2855056828106354,1,-0.9094610867043422,0
1721,0.12564633736422243,1,0.39965302097464106,0
1722,-0.29173051735496125,1,-0.9292810518755672,0
1723,0.021198265344483935,1,0.0670888162730353,0
1724,0.0009274284947424771,1,0.002546172208755243,0
1725,-0.003921372990567273,1,-0.012892483369427818,0
1726,0.4843513218191725,0,1.5417749919308743,0
1727,0.29592121953369466,1,0.9418107618915704,0
1728,0.10300213564176974,1,0.3275535480853083,0
1729,0.23698163057040467,1,0.754146239703819,0
1730,-0.11174668471802021,1,-0.35620986920462583,0
1731,0.045538505028628856,1,0.1445884990941255,0
1732,0.1587229858691599,1,0.5049695585758358,0
1733,0.0268898702505872,1,0.08521097039682118,0
1734,0.6095401205488414,0,1.9403779769549914,0
1735,0.6727777541944091,0,2.1417275369217412,0
1736,0.060378075804151915,1,0.19183791172227227,0
1737,0.3686609649811874,0,1.1734151862448619,0
1738,-0.19157616633180613,1,-0.6103881182738194,0
1739,-0.7153082107911384,0,-2.2779586868281965,0
1740,-0.03950419827345791,1,-0.12618872486447827,0
1741,-0.04785077226269596,1,-0.15276433978046733,0
1742,-0.2774545760571836,1,-0.8838262438331074,0
1743,0.0885943662361112,1,0.2816789973993802,0
1744,0.11084571544973004,1,0.3525276220955489,0
1745,0.6356395914024286,0,2.023479077815098,0
1746,-0.01091103956043793,1,-0.035147685011629036,0
1747,0.3919989786022845,0,1.2477237664716818,0
1748,-0.5347649273896085,0,-1.7031062046560057,0
1749,-0.024535386960960408,1,-0.07852780845686495,0
1750,0.10410977817385692,1,0.3310802982747003,0
1751,-0.5667334077407256,0,-1.8048943184804431,0
1752,0.4084713187711111,0,1.3001719409749402,0
1753,-0.19755284987409114,1,-0.6294179669877102,0
1754,-0.15656173341203278,1,-0.4989016464618594,0
1755,0.24078662152225583,1,0.7662613871194653,0
1756,-0.0371463463223724,1,-0.11868128941111063,0
1757,-0.43002814301119413,0,-1.3696227355381798,0
1758,0.012630643436651712,1,0.03980938151789858,0
1759,0.28702255774141117,1,0.9134772912526862,0
1760,-0.06929605255869009,1,-0.2210464291319349,0
1761,0.018507291797971392,1,0.058520716737412645,0
1762,-0.08406199785478108,1,-0.2680614171456333,0
1763,0.06862491852795793,1,0.2180959808154335,0
1764,-0.33013347592970804,0,-1.0515566394439604,0
1765,0.10360316012998116,1,0.32946721893689135,0
1766,0.3561535765908504,0,1.1335914767929491,0
1767,-0.13863313838240132,1,-0.4418167349632558,0
1768,0.04800560878857815,1,0.15244379392128923,0
1769,-0.07257428998334858,1,-0.23148438553335665,0
1770,-0.11800447899676705,1,-0.37613477865728107,0
1771,-0.6993087791855688,0,-2.2270162601783445,0
1772,0.02607910753042676,1,0.08262948991548771,0
1773,-0.2503790594475213,1,-0.7976173988629884,0
1774,0.08980879615968784,1,0.28554576022123274,0
1775,-0.1664169325343331,1,-0.5302807460939176,0
1776,0.7394743551287704,0,2.354090499847897,0
1777,0.28316765982665415,1,0.9012032393296907,0
1778,0.09854550357664224,1,0.31336356573592883,0
1779,-0.22773896314485476,1,-0.725530997690919,0
1780,-0.4492148216239398,0,-1.4307134037556575,0
1781,-0.18462601292134065,1,-0.5882587271150357,0
1782,0.1818504407723744,1,0.5786077167335687,0
1783,-0.08745923348755713,1,-0.27887826560009416,0
1784,0.015530657722160113,1,0.049043069855402195,0
1785,-0.3949629989413398,0,-1.257974798675022,0
1786,0.033877048758331335,1,0.10745825001244638,0
1787,-0.4992635932631425,0,-1.5900694322071764,0
1788,0.33414918449551984,0,1.0635291672106049,0
1789,0.04709498631896625,1,0.1495443585221115,0
1790,-0.47439230454591197,0,-1.5108788814176253,0
1791,0.10911930671656517,1,0.3470307111786448,0
1792,-0.019997621629476506,1,-0.06407949658853028,0
1793,0.34003669294292055,0,1.0822750811046764,0
1794,0.15080452949729622,1,0.4797570764797034,0
1795,-0.001404876916697162,1,-0.004879922684888126,0
1796,-0.47655737262420883,0,-1.5177724901713374,0
1797,-0.032162079072722255,1,-0.10281130883753994,0
1798,0.09644390966359884,1,0.3066720596623181,0
1799,0.18596062546749437,1,0.5916946055375187,0
1800,-0.06707137709204344,1,-0.21396302957292052,0
1801,0.23731284135462385,1,0.7552008197349528,0
1802,-0.28886918848804544,1,-0.9201705384825026,0
1803,0.4499509128876845,0,1.4322435815708214,0
1804,-0.009301660617948654,1,-0.030023398677542258,0
1805,-0.5782620648296467,0,-1.8416017330062953,0
1806,0.20602846521903664,1,0.6555909038415192,0
1807,0.032954511060784515,1,0.10452087635145695,0
1808,-0.3150827212753796,1,-1.0036348142251108,1
1809,0.09528531335078472,1,0.30298307188216617,0
1810,-0.09604340781211629,1,-0.30621040349467843,0
1811,-0.018613389124858437,1,-0.059672079839531565,0
1812,-0.21115129412996592,1,-0.6727156144376266,0
1813,-0.08429164831538499,1,-0.2687926276056566,0
1814,-0.12674745948490404,1,-0.40397255772331736,0
1815,0.26747242714480757,1,0.8512293865480084,0
1816,0.00464937459890391,1,0.014396903602234399,0
1817,-0.14098446847864418,1,-0.4493034047344334,0
1818,0.10102593367362,1,0.3212612918171096,0
1819,-0.13492817157391457,1,-0.43002006589810166,0
1820,0.19552094324214325,1,0.6221347986013016,0
1821,0.40685531486423354,0,1.2950265606563462,0
1822,0.34297777781281474,0,1.0916395387897495,0
1823,-0.171654287258297,1,-0.546956560925484,0
1824,-0.05245327793754384,1,-0.16741878585871714,0
1825,-0.21716370864897439,1,-0.6918592311093884,0
1826,-0.024289808607352192,1,-0.07774588335015535,0
1827,-0.6927685290284904,0,-2.206192007035335,0
1828,0.2824938018434662,1,0.8990576655538685,0
1829,-0.11208245124642484,1,-0.35727895479256466,0
1830,0.058013587462035,1,0.18430934590179712,0
1831,-0.5379072983677134,0,-1.7131115602839526,0
1832,-0.03605154582678238,1,-0.1151954284556876,0
1833,-0.12280364491916021,1,-0.3914153938696912,0
1834,0.2927306912212161,1,0.9316520725993748,0
1835,0.20122015218073175,1,0.6402811640768825,0
1836,0.20516576256508856,1,0.6528440458435085,0
1837,0.17775227873303667,1,0.5655591082432837,0
1838,0.28758314161771803,1,0.9152621985983891,0
1839,-0.5678512186091755,0,-1.808453444803068,0
1840,-0.5749895417532918,0,-1.8311819711743107,0
1841,0.508528185955585,0,1.618754484593844,0
1842,-0.42526317525886426,0,-1.354451007804585,0
1843,-0.1928494989762293,1,-0.6144424282292311,0
1844,-0.032403060482612434,1,-0.10357859720752396,0
1845,-0.15768061648765996,1,-0.5024641867079802,0
1846,0.23815107582308825,1,0.757869770668826,0
1847,0.0027556452341114257,1,0.008367241321792562,0
1848,0.15858593701851692,1,0.5045331930102681,0
1849,-0.11983448757085428,1,-0.3819615529985387,0
1850,-0.2704370741497584,1,-0.8614824140648201,0
1851,0.09958232087141117,1,0.31666480732314106,0
1852,-0.1306750716750944,1,-0.41647813297376474,0
1853,0.20799297853378373,1,0.6618459432645649,0
1854,0.3742835038412499,0,1.1913174330574905,0
1855,-0.2346910142858085,1,-0.7476664312516194,0
1856,0.09434558497296319,1,0.2999909628411617,0
1857,0.18076960683966556,1,0.5751663255207381,0
1858,-0.36736661433996504,0,-1.1701075023226157,0
1859,0.05144454710261842,1,0.16339342432912055,0
1860,-0.11291487265350604,1,-0.35992939685309633,0
1861,0.011969548387284312,1,0.0377044451119543,0
1862,0.18393937965211654,1,0.5852589289941496,0
1863,-0.001274682813309308,1,-0.004465382735870801,0
1864,-0.4675314639619782,0,-1.4890338636182614,0
1865,-0.034192006294921584,1,-0.10927462710851084,0
1866,-0.11924794168819841,1,-0.3800939822409895,0
1867,0.07167422468277684,1,0.22780501667085284,0
1868,0.14330870301345036,1,0.4558902541920662,0
1869,0.5140621890773672,0,1.636374832307528,0
1870,0.11246098812059394,1,0.3576706741478699,0
1871,0.09997282667907093,1,0.3179081835850905,0
1872,-0.14259609190010217,1,-0.4544348375227224,0
1873,-0.04205103136892607,1,-0.13429787907406515,0
1874,0.5394314100641313,0,1.7171508068010362,0
1875,0.2011733880417763,1,0.6401322663674318,0
1876,-0.2421334370768776,1,-0.7713632153923287,0
1877,0.11784394753658595,1,0.37481009647040064,0
1878,-0.09706044387621915,1,-0.3094486613511499,0
1879,0.2169275606392947,1,0.6902937847115466,0
1880,-0.14022066716997333,1,-0.4468714500812143,0
1881,0.047615250366641104,1,0.1512008869376588,0
1882,-0.10502195070350501,1,-0.3347982167334873,0
1883,0.04913794625888622,1,0.1560491731588846,0
1884,-0.17299699565016446,1,-0.5512317642858982,0
1885,-0.22769776759582533,1,-0.7253998304540779,0
1886,-0.0748798216852119,1,-0.23882523254008375,0
1887,-0.11341298567005988,1,-0.3615153960582366,0
1888,0.14799745041001747,1,0.47081929518663224,0
1889,0.24659430025724416,1,0.7847531220296017,0
1890,0.17943989697976268,1,0.5709325096781737,0
1891,-0.10849114881641776,1,-0.34584419478806655,0
1892,-0.032914234412188166,1,-0.10520618255272232,0
1893,-0.39112712652482984,0,-1.2457613242195777,0
1894,0.24827403403596715,1,0.790101419201864,0
1895,-0.2059760333597752,1,-0.6562375076724137,0
1896,0.15501245181200024,1,0.49315516330864195,0
1897,0.15466120827173663,1,0.49203679868624595,0
1898,-0.245341116177004,1,-0.7815765130458259,0
1899,0.2910085505226438,1,0.9261687511676807,0
1900,0.20811496265884466,1,0.6622343425212734,0
1901,-0.019298224605056036,1,-0.061852606128042824,0
1902,-0.3077452971529212,1,-0.9802723473967847,0
1903,0.23319201645624021,1,0.7420800523665849,0
1904,-0.49548545125495924,0,-1.5780397722249055,0
1905,0.2208405008681772,1,0.7027526442203876,0
1906,0.00702596429813529,1,0.021964000322579308,0
1907,-0.018522834985887582,1,-0.059383754122963144,0
1908,0.3289676972057658,0,1.0470312351150954,0
1909,-0.1065738404499551,1,-0.3397394566178886,0
1910,-0.3493160364163403,0,-1.1126341954870411,0
1911,0.21858591855236748,1,0.6955740208117155,0
1912,0.02997360769233269,1,0.09502963597859322,0
1913,0.06311893960790499,1,0.20056486257415876,0
1914,-0.18831091574615777,1,-0.5999915121597077,0
1915,-0.06918756062923243,1,-0.22070098922539633,0
1916,-0.16584123750698265,1,-0.5284477246200001,0
1917,-0.0937410659817331,1,-0.2988797130858796,0
1918,-0.019041328584324224,1,-0.06103464540197469,0
1919,-0.16968130059836983,1,-0.5406745422461773,0
1920,0.1399199966647684,1,0.445100563104195,0
1921,-0.39167355554039285,0,-1.2475011622795111,0
1922,0.0554279979859393,1,0.17607679080360336,0
1923,-0.030585613598018674,1,-0.09779181947123304,0
1924,-0.37911741207589467,0,-1.2075222159510335,0
1925,0.34478681222680585,0,1.0973995310953335,0
1926,0.4528363305449139,0,1.4414307940281956,0
1927,-0.16476880300474256,1,-0.5250330773178973,0
1928,-0.1977695109178032,1,-0.63010781895241,0
1929,-0.03121681823938105,1,-0.09980158437640975,0
1930,0.14390578124408437,1,0.45779136010121035,0
1931,-0.27948342337675214,1,-0.8902861236781445,0
1932,0.030792281805541548,1,0.0976363064522966,0
1933,-0.07582136862501238,1,-0.24182313190930144,0
1934,-0.28527330250662325,1,-0.9087211843825693,0
1935,-0.14059894448637966,1,-0.4480758906463169,0
1936,-0.332113322109579,0,-1.0578604989361287,0
1937,0.09794420879100899,1,0.31144903425336057,0
1938,-0.25126871450383814,1,-0.8004500737084068,0
1939,0.17364634185442462,1,0.5524857445498633,0
1940,0.09230019102209297,1,0.2934783982775565,0
1941,0.17401642878975113,1,0.5536641068205814,0
1942,0.08120507744603789,1,0.2581513927029831,0
1943,-0.06262868254713086,1,-0.19981742449385498,0
1944,-0.07824206501456132,1,-0.24953066498336582,0
1945,-0.1250564837860649,1,-0.39858846611128734,0
1946,0.4228393916216995,0,1.3459200972429433,0
1947,-0.17576923572239267,1,-0.560058617640245,0
1948,0.11153676646378553,1,0.35472793873570835,0
1949,-0.13632504269832846,1,-0.4344677241992865,0
1950,-0.1830112052386586,1,-0.5831171555919566,0
1951,0.09614078724022916,1,0.3057069133871804,0
1952,0.3241177452694547,1,1.0315889164839243,-1
1953,0.031818210183837015,1,0.10090287756855582,0
1954,0.8218928279504488,0,2.616512135179592,0
1955,-0.5216203547118383,0,-1.661253691017468,0
1956,0.07610235567411977,1,0.2419042511801523,0
1957,0.18735382675670847,1,0.5961305790291997,0
1958,-0.07848310600406316,1,-0.25029814305571374,0
1959,-0.3173336846681276,0,-1.0108019149292788,0
1960,-0.6987043365438137,0,-2.2250917058753696,0
1961,0.09621108181996146,1,0.30593073236776525,0
1962,0.2849350275979177,1,0.9068305644291377,0
1963,0.445489794125399,0,1.4180393135113927,0
1964,0.060923296198885604,1,0.19357390151562565,0
1965,0.5339163984622587,0,1.699590928367375,0
1966,0.07120709353176635,1,0.22631766418341015,0
1967,0.020599581450387205,1,0.06518259790769952,0
1968,-0.70588927178266,0,-2.2479686458450026,0
1969,0.5158143695684831,0,1.641953800882568,0
1970,-0.004249709503724164,1,-0.013937911679027295,0
1971,-0.07492483810288042,1,-0.23896856547913137,0
1972,-0.329104638422259,0,-1.048280805617489,0
1973,0.10357091587187237,1,0.3293645527426114,0
1974,-0.3365851779048291,0,-1.072098953867174,0
1975,-0.06955922675242934,1,-0.22188437965362898,0
1976,0.3649773383496816,0,1.161686464618551,0
1977,0.1602402303787031,1,0.5098004875139857,0
1978,0.1305273607479986,1,0.41519427155367233,0
1979,0.024192603214352792,1,0.07662283229692753,0
1980,-0.25662819270536597,1,-0.8175147314971104,0
1981,0.5111548702642288,0,1.6271178862461142,0
1982,-0.02331858932960096,1,-0.07465350681844524,0
1983,0.16801070640397628,1,0.5345417979999227,0
1984,0.15550040776955804,1,0.49470882228785173,0
1985,0.11553525316256796,1,0.36745917946879947,0
1986,0.6052303624387241,0,1.9266556434486668,0
1987,0.21187711195322834,1,0.674213081466488,0
1988,-0.44188151885722965,0,-1.4073640593849337,0
1989,-0.3331723690898478,0,-1.0612325201704524,0
1990,0.5910540359404193,0,1.8815180103996998,0
1991,-0.11107990448384614,1,-0.35408683108624917,0
1992,0.3595694243431305,0,1.1444675865109353,0
1993,0.060531204945888206,1,0.19232547717229365,0
1994,-0.03328770248466839,1,-0.10639531041409975,0
1995,0.15066492451930535,1,0.47931257216688905,0
1996,0.0961836851589673,1,0.30584350099432944,0
1997,0.11249476594690772,1,0.3577782232459755,0
1998,0.15709724333657693,1,0.499793170329092,0
1999,0.0292964267770508,1,0.09287348193788228,0
2000,-0.09597463403275841,1,-0.3059914267649581,0
2001,-0.08668910065825573,1,-0.27642615129162884,0
2002,-0.44131068974588894,0,-1.405546531059493,0
2003,0.061396841417247175,1,0.19508167648829247,0
2004,-0.4984062746778656,0,-1.5873397171633732,0
2005,0.6756786056924053,0,2.1509638909561772,0
2006,0.1810223631968145,1,0.5759711054967881,0
2007,-0.09844607672856123,1,-0.3138605368279943,0
2008,0.010856897309181341,1,0.034161747638038545,0
2009,0.23300722827622222,1,0.7414916840708606,0
2010,-0.009986549031662934,1,-0.0322040935071528,0
2011,0.10247084953078281,1,0.3258619252573064,0
2012,0.17343298468107246,1,0.5518064121572095,0
2013,0.23068034756450434,1,0.7340828615012901,0
2014,0.17194261517970047,1,0.5470610536421989,0
2015,-0.061537483045567276,1,-0.1963430291566227,0
2016,-1.0371944100189634,0,-3.3028491015636114,0
2017,-0.08095653009713671,1,-0.25817356191693835,0
2018,-0.41292654802473205,0,-1.315171004397303,0
2019,-0.29684497151670874,1,-0.9455655495009799,0
2020,-0.9010950537166511,0,-2.8695067400068996,0
2021,0.02638169801751078,1,0.08359294249763162,0
2022,0.10578261151829937,1,0.3364066243622484,0
2023,0.1280783352703998,1,0.4073965382446487,0
2024,-0.22156476102534928,1,-0.7058722469084989,0
2025,-0.21485447825617876,1,-0.6845066074160786,0
2026,-0.9249385450925038,0,-2.9454247688741204,0
2027,-0.29998173574609566,1,-0.9555530531581596,0
2028,0.09999667369587921,1,0.31798411283898664,0
2029,-0.7525831735461845,0,-2.396642719038683,0
2030,0.7741228343981066,0,2.464411769829303,0
2031,-0.7370737535194586,0,-2.3472604964965904,0
2032,-0.8049761375770218,0,-2.5634626907044358,0
2033,0.18329841377280043,1,0.5832180841630898,0
2034,-0.003173514600213423,1,-0.010511291203712685,0
2035,-0.3063410720744723,1,-0.9758012739972857,0
2036,0.45322506499383164,0,1.4426685302577358,0
2037,-0.01586174497860983,1,-0.05091080421784213,0
2038,0.10391726181122452,1,0.3304673233313352,0
2039,0.5108659829923319,0,1.6261980649036134,0
2040,-0.42989932669608344,0,-1.3692125824873962,0
2041,0.7640448540248682,0,2.4323233314023014,0
2042,-0.05698211979454378,1,-0.181838685252436,0
2043,0.15450941705512888,1,0.4915534932096039,0
2044,-0.032197429278962963,1,-0.10292386441656737,0
2045,0.09482260317598612,1,0.30150979584830934,0
2046,-0.5526352948781209,0,-1.7600057188032796,0
2047,0.15899740316013145,1,0.5058433072852526,0
2048,-0.33867211721421725,0,-1.0787437994662006,0
2049,0.08128782592268217,1,0.2584148650753623,0
2050,-0.4401104253647839,0,-1.401724871534189,0
2051,-0.19697592381211673,1,-0.6275810258813594,0
2052,0.07091671900324964,1,0.2253931073938553,0
2053,-0.6374385567288475,0,-2.0300205576426142,0
2054,0.0423788241315278,1,0.13452802842831282,0
2055,0.3339024250214415,0,1.0627434813988657,0
2056,-0.34344958425169614,0,-1.0939553251084073,0
2057,-0.11406945145150682,1,-0.36360559280671717,0
2058,-0.01468421138555101,1,-0.04716151985756188,0
2059,0.844744124171922,0,2.6892710000139655,0
2060,-0.12712437012492517,1,-0.4051726467706146,0
2061,0.19134999120313678,1,0.6088544256764802,0
2062,-0.3799649288477206,0,-1.2102207218759709,0
2063,0.1431543736939448,1,0.4553988673582928,0
2064,0.0027390144088230914,1,0.008314288528326915,0
2065,0.1763868439425017,1,0.5612115436936925,0
2066,0.06223610751701347,1,0.19775391215147498,0
2067,-0.17010551519773942,1,-0.5420252477990333,0
2068,0.24189580224094004,1,0.7697930349177116,0
2069,0.15766736005213716,1,0.5016084303758408,0
2070,0.8290278443526611,0,2.63923013283575,0
2071,-0.1450838781369494,1,-0.4623559856619465,0
2072,-0.42480208453598434,0,-1.3529828881295671,0
2073,-0.5435053837718254,0,-1.730935946931495,0
2074,0.11676773916076323,1,0.37138343309904565,0
2075,-0.05843924861892705,1,-0.1864782049607292,0
2076,0.2744617550190436,1,0.8734835097783041,0
2077,0.25052251412817234,1,0.7972606130404091,0
2078,-0.08897302992253409,1,-0.28369821581787413,0
2079,-0.0374500923487851,1,-0.11964842124755201,0
2080,0.06208275647301184,1,0.19726564016136178,0
2081,-0.3304858345937246,0,-1.0526785546368636,0
2082,-0.07328821201554792,1,-0.23375752383324272,0
2083,-0.3981641333297562,0,-1.2681672578697256,0
2084,-0.06316860205931313,1,-0.20153653619883546,0
2085,-0.05862772925994237,1,-0.18707833010683111,0
2086,0.033180008508639294,1,0.10523886355751944,0
2087,0.11736722087531931,1,0.37329219173651307,0
2088,0.4485597822310628,0,1.4278142010039117,0
2089,-0.17529777700277308,1,-0.5585574861104041,0
2090,0.126556475642906,1,0.4025509147027483,0
2091,0.40154652947376523,0,1.2781233095271254,0
2092,-0.06655223211747524,1,-0.21231006430268096,0
2093,0.5628765999118941,0,1.7918006377172633,0
2094,-0.48518051205748847,0,-1.5452286935478607,0
2095,-0.23897257057674337,1,-0.7612989697489392,0
2096,0.2939986401135223,1,0.9356892406084923,0
2097,-0.25883307846420384,1,-0.8245351203340363,0
2098,-0.3099050621862859,1,-0.9871490711770716,0
2099,-0.677346408156053,0,-2.1570877462904843,0
2100,0.644603536365587,0,2.052020411034713,0
2101,-0.4935406205331472,0,-1.5718474024686073,0
2102,-0.4120788541341089,0,-1.312471934523498,0
2103,-0.10833034372178246,1,-0.34533218899059,0
2104,-0.303810397952627,1,-0.9677435701984891,0
2105,0.3880301493612657,0,1.2350869555223474,0
2106,-0.4100760753856806,0,-1.3060950573941772,0
2107,0.19505574274562304,1,0.6206535933462846,0
2108,0.38513574445952914,0,1.225871127545661,0
2109,-0.10133666809038612,1,-0.3230642224372505,0
2110,-0.15384756910090347,1,-0.49025970718901557,0
2111,-0.2892361741040338,1,-0.921339026106621,0
2112,0.12023329791861403,1,0.3824178233933302,0
2113,-0.28127346264294295,1,-0.8959856351524481,0
2114,-0.1585607759273157,1,-0.5052666273696366,0
2115,0.24889016312983203,1,0.792063183341043,0
2116,0.734587911012702,0,2.3385319895771475,0
2117,-0.028651463407231903,1,-0.09163345668354171,0
2118,0.4029497083021465,0,1.2825910516509489,0
2119,-0.03999957891658845,1,-0.12776602415226354,0
2120,0.4531406331697161,0,1.4423996980821339,0
2121,0.26885477144142117,1,0.8556307912148196,0
2122,0.020690394291210168,1,0.06547174733478779,0
2123,0.40659694858493967,0,1.2942039186052912,0
2124,0.06316310546698439,1,0.20070548732209026,0
2125,0.17117015011636866,1,0.5446015134661182,0
2126,0.2994608251033679,1,0.9530809183288601,0
2127,0.29089170576487927,1,0.9257967157323864,0
2128,0.22869982906444175,1,0.7277768613316972,0
2129,0.05031383737139172,1,0.15979322783681277,0
2130,-0.06577556236835125,1,-0.20983713634490683,0
2131,0.2585463100774671,1,0.8228084979076462,0
2132,-0.08111940019570651,1,-0.25869214271745616,0
2133,-0.005423451368048733,1,-0.01767512311898871,0
2134,0.015098781225206859,1,0.04766796870742283,0
2135,-0.07500667924090854,1,-0.2392291488719493,0
2136,-0.10837257498050933,1,-0.3454666539424121,0
2137,0.19796934834954344,1,0.6299305566424459,0
2138,0.04817519838680845,1,0.15298376970801766,0
2139,0.641688921205151,0,2.0427402332956883,0
2140,-0.22931446514206436,1,-0.7305474193306482,0
2141,-0.4395252115638991,0,-1.3998615421446827,0
2142,0.13378530188703097,1,0.42556760428174983,0
2143,-0.5953989200063221,0,-1.896165733113838,0
2144,-0.2980172638379887,1,-0.949298145574468,0
2145,-0.06684460398098457,1,-0.2132409806363662,0
2146,-0.46619544032133803,0,-1.4847799446045329,0
2147,0.3916679607590422,0,1.2466698007674692,0
2148,-0.023032377677987714,1,-0.07374220469046433,0
2149,0.3706771481808415,0,1.1798347433449585,0
2150,0.08466174887244088,1,0.269157485602613,0
2151,-0.21983876774546984,1,-0.7003766588009946,0
2152,-1.3850392303774934,0,-4.410392149560192,0
2153,0.41109149835174086,0,1.3085146314770955,0
2154,0.4597768652774179,0,1.4635295591742183,0
2155,-0.08435073663561243,1,-0.26898076569038715,0
2156,0.13157268894422147,1,0.4185226119768764,0
2157,-0.27423431101437995,1,-0.873572872352148,0
2158,0.11836136321712071,1,0.3764575556428846,0
2159,0.12395439102620427,1,0.3942658388331223,0
2160,0.023580417360832384,1,0.07467362349327328,0
2161,0.018818773321557403,1,0.05951247851115845,0
2162,-0.07420585770231383,1,-0.23667932125961832,0
2163,-0.214660031967021,1,-0.683887487558139,0
2164,0.5822140463452207,0,1.8533713529033113,0
2165,0.16426694780318973,1,0.5226216152948739,0
2166,0.2954344889480713,1,0.9402610045147066,0
2167,0.23215804743544802,1,0.7387878797258025,0
2168,0.12217611841239095,1,0.38860379255386,0
2169,0.09154610025257905,1,0.29107736212450214,0
2170,-0.15189558118289737,1,-0.48404454881427633,0
2171,-0.24796048791821557,1,-0.7899166313753366,0
2172,-0.75644343169441,0,-2.4089338380242484,0
2173,0.43376840515196036,0,1.3807182378173086,0
2174,-1.1061934638625814,0,-3.5225431085753414,0
2175,-0.27252986199302925,1,-0.8681458814821509,0
2176,-0.41540474328172927,0,-1.3230616147149625,0
2177,0.39354805452863295,0,1.2526560471113006,0
2178,0.08519886700481594,1,0.2708676776728924,0
2179,-0.7219372443272571,0,-2.29906562756199,0
2180,0.10855252012186456,1,0.34522605428592096,0
2181,-0.5707420679300719,0,-1.8176579517578195,0
2182,0.29040528311074043,1,0.9242479388139196,0
2183,0.36337400394367725,0,1.1565814241779502,0
2184,-0.11019647760881768,1,-0.35127398686208444,0
2185,0.040543768469007424,1,0.1286851840829051,0
2186,-0.05518810143398123,1,-0.1761265042828551,0
2187,-0.2671603769589268,1,-0.8510493617906625,0
2188,0.18556592953788237,1,0.5904378878653576,0
2189,-0.018005016411637098,1,-0.05773501213093492,0
2190,0.19486975764713188,1,0.6200614140444553,0
2191,0.06353649455540711,1,0.20189436369706146,0
2192,-0.26189162926637505,1,-0.8342735912832302,0
2193,-0.46198303788903283,0,-1.4713675930149512,0
2194,-0.39513130797230706,0,-1.2585106971166624,0
2195,-0.1878919652542157,1,-0.5986575676026867,0
2196,-0.4193636394395174,0,-1.3356667985805128,0
2197,-0.07067993467711357,1,-0.2254527302461125,0
2198,0.06254749119517522,1,0.19874536238394408,0
2199,-1.0569347269466434,0,-3.36570256235675,0
2200,0.7599633905389509,0,2.419327891352855,0
2201,1.0156134034553448,0,3.2333213101249005,0
2202,-0.37525906176260304,0,-1.195237171540089,0
2203,1.0286068377250208,0,3.27469259683875,0
2204,-0.9952055200686405,0,-3.169155855507394,0
2205,-0.4333903717008053,0,-1.380328121368319,0
2206,-0.2691008850247994,1,-0.857227968146575,0
2207,0.2246462533193489,1,0.714870216261123,0
2208,-0.19598239097939052,1,-0.6244176026608897,0
2209,0.06953739992740482,1,0.22100133507467454,0
2210,0.5283680631997043,0,1.6819249469056914,0
2211,-0.39985024005928804,0,-1.2735358466115343,0
2212,0.7470665849082204,0,2.3782642716532543,0
2213,0.6620644880781372,0,2.107616339301537,0
2214,0.41673687492899225,0,1.326489593918718,0
2215,-0.08406750029699452,1,-0.26807893700294844,0
2216,-0.36281009210338755,0,-1.155599468191299,0
2217,-0.15989137529208308,1,-0.5095032754088334,0
2218,0.2114514285715049,1,0.6728576992889137,0
2219,-0.024621315838755153,1,-0.07880140727350286,0
2220,-0.02517611277670523,1,-0.08056788892196627,0
2221,0.13622918458813427,1,0.4333489629144189,0
2222,0.07450639458918962,1,0.23682268750280452,0
2223,0.03224057120745416,1,0.10224768130882637,0
2224,0.03560618237762359,1,0.11296383700704468,0
2225,0.8118554182130626,0,2.5845528742566413,0
2226,0.5851108774610081,0,1.8625949059813867,0
2227,0.313700885890698,1,0.9984214822958618,0
2228,-0.561755697547608,0,-1.7890452156717636,0
2229,-0.3102296061728519,1,-0.988182424025965,0
2230,-0.13048668368304486,1,-0.41587830282333893,0
2231,0.18503423201599753,1,0.5887449550989774,0
2232,0.1813598882146148,1,0.5770457901409474,0
2233,-0.04906020309277012,1,-0.15661518541473815,0
2234,-0.14274100116909494,1,-0.4548962307764664,0
2235,0.2851967053049562,1,0.9076637501150635,0
2236,0.1826251145967004,1,0.581074289637293,0
2237,-0.08567337744597026,1,-0.2731920735747434,0
2238,-0.3927908858517535,0,-1.2510587585012627,0
2239,0.13593233553052644,1,0.43240379112856614,0
2240,0.31545364003418264,1,1.0040022773885204,-1
2241,0.3049417344654304,1,0.9705322147270495,0
2242,0.0024380726439985345,1,0.007356085502219712,0
2243,0.06353827955036145,1,0.2019000471473723,0
2244,0.6211474957505617,0,1.9773360311151846,0
2245,0.30081427400022354,1,0.9573903196158652,0
2246,0.021108840833991643,1,0.06680408731023472,0
2247,-0.26552096979521617,1,-0.8458294651564909,0
2248,-0.3079545056808183,1,-0.9809384704410065,0
2249,0.7065736062765114,0,2.2493340293400355,0
2250,-0.10305550617428028,1,-0.32853702829500797,0
2251,0.20329374675576586,1,0.6468835198445357,0
2252,-0.14526372507130794,1,-0.46292862095847614,0
2253,-0.2202010542877264,1,-0.7015301845049146,0
2254,0.47337419794949365,0,1.5068236673248931,0
2255,0.4501068363275846,0,1.4327400441074867,0
2256,0.11806608126061535,1,0.3755173735300986,0
2257,-0.039256553343220146,1,-0.12540021974724314,0
2258,-0.1058829640667883,1,-0.3375396960050592,0
2259,-0.2589052492855545,1,-0.8247649132956585,0
2260,0.593366766978409,0,1.888881780199035,0
2261,-0.038336220970692655,1,-0.12246986787370251,0
2262,-0.055066261958568896,1,-0.1757385655927651,0
2263,0.22564143875042272,1,0.7180389013791513,0
2264,-0.08945349751220305,1,-0.28522803172307304,0
2265,0.24195903195608248,1,0.7699943592650473,0
2266,0.13510384027613254,1,0.4297658499962062,0
2267,-0.10459109851197237,1,-0.333426376989103,0
2268,0.65380278414649,0,2.0813109519030104,0
2269,-0.16739584484844516,1,-0.5333976173670778,0
2270,-0.15603899196832283,1,-0.49723722998072883,0
2271,0.06725401041176778,1,0.21373098911607882,0
2272,0.39372749199859625,0,1.2532273786671453,0
2273,-0.5315462965696631,0,-1.6928580365647756,0
2274,-0.1569444288301035,1,-0.5001201543279461,0
2275,-0.4978624713574215,0,-1.5856082393554976,0
2276,-0.11874512277746557,1,-0.37849299939924597,0
2277,0.5117811296328534,0,1.6291119053298193,0
2278,0.1342057151065487,1,0.4269062061849858,0
2279,0.6022417260265807,0,1.9171397809504207,0
2280,-0.5670854826542187,0,-1.8060153302074866,0
2281,0.012497813426876614,1,0.03938644880399446,0
2282,-0.009530739634495244,1,-0.030752789651243007,0
2283,-0.22554998316910602,1,-0.7185612531023827,0
2284,-0.08776134968165028,1,-0.2798402080263467,0
2285,0.33859083758397623,0,1.0776714562769247,0
2286,0.06007601736706819,1,0.19087615319519122,0
2287,0.002674250102876141,1,0.008108078021193487,0
2288,0.5982941283724478,0,1.9045705716874624,0
2289,-0.24291772775682785,1,-0.7738604085064653,0
2290,0.047955154099898756,1,0.15228314544698365,0
2291,-0.05911195866292973,1,-0.18862012368122275,0
2292,0.20677610016277073,1,0.6579713845498952,0
2293,-0.5804083049997039,0,-1.848435393421959,0
2294,-0.1817450908361536,1,-0.5790858286254738,0
2295,0.06535991965004351,1,0.20770017614246597,0
2296,0.14001283019721145,1,0.44539614644326064,0
2297,0.3168304043948554,1,1.0083859154568433,-1
2298,0.13907660033942554,1,0.4424151767417459,0
2299,0.10534833868882916,1,0.3350238932561253,0
2300,0.19438448733715696,1,0.6185163062068342,0
2301,-0.27140486847706513,1,-0.8645638855037056,0
2302,0.12128399183159383,1,0.3857632483379755,0
2303,0.23064065584677698,1,0.7339564824855362,0
2304,-0.1264150813000815,1,-0.40291426067141217,0
2305,0.4968220522311215,0,1.5814819818379182,0
2306,-0.02932667297634302,1,-0.09378333392891505,0
2307,0.4184946831183953,0,1.3320864811682627,0
2308,0.16664673521554768,1,0.5301988935810653,0
2309,-0.43730474274577447,0,-1.3927915366167225,0
2310,0.26286056070748426,1,0.8365451356637162,0
2311,0.571555455055914,0,1.819434240740074,0
2312,0.1268487478629887,1,0.40348151377029073,0
2313,-0.021925765040767015,1,-0.07021873370154555,0
2314,0.6621704672364692,0,2.107953778507681,0
2315,0.2552590684819288,1,0.8123418720930918,0
2316,0.23778939559899484,1,0.7567181754908969,0
2317,0.0034176843340556623,1,0.010475183598723382,0
2318,-0.1105520388587483,1,-0.3524060991358614,0
2319,-0.11728813229640606,1,-0.3738539201781398,0
2320,-0.17819464681712133,1,-0.5677811624052691,0
2321,0.03224905960452891,1,0.1022747084905423,0
2322,-0.09501981416913677,1,-0.3029512662101647,0
2323,0.7254954276787924,0,2.309581388285696,0
2324,0.15044642043513556,1,0.4786168519341379,0
2325,-0.39766445682862334,0,-1.2665762805065828,0
2326,0.315754246287075,1,1.0049594121396779,-1
2327,-0.4122479726957232,0,-1.313010410522681,0
2328,0.27727424460862593,1,0.8824385181906589,0
2329,0.34543028694948386,0,1.0994483641207298,0
2330,-0.6001088795464917,0,-1.9111623138870786,0
2331,0.6543391895400064,0,2.083018874602232,0
2332,-0.4701527902515074,0,-1.4973802052584972,0
2333,0.8196219945119692,0,2.609281767956202,0
2334,0.7750998277799624,0,2.467522531193804,0
2335,-0.11870953839537471,1,-0.3783796982008513,0
2336,0.010219031019139013,1,0.03213077194502813,0
2337,-0.20338503158525895,1,-0.6479877197360734,0
2338,-0.04416885754530753,1,-0.14104106891400248,0
2339,0.18804319911005896,1,0.5983255507888695,0
2340,0.3783209074479692,0,1.2041725858005135,0
2341,0.45216430086401865,0,1.4392910415938898,0
2342,0.24696463305707228,1,0.785932267136526,0
2343,1.0770720747255136,0,3.429006627601307,0
2344,-0.4462339600591339,0,-1.4212222964862202,0
2345,0.1456179634712772,1,0.4632429736128796,0
2346,0.40132799483529963,0,1.277427492009045,0
2347,-1.0576494071382956,0,-3.367978114647537,0
2348,0.8162360759965096,0,2.5985009533705057,0
2349,-0.11691302927450503,1,-0.3726595866136475,0
2350,-0.323591054190831,0,-1.0307254719524153,0
2351,0.39121710327007114,0,1.2452342638604301,0
2352,-0.4292687849677839,0,-1.3672049283072072,0
2353,0.1699266525865366,1,0.5406421989564272,0
2354,-0.47740102742266605,0,-1.520458699516002,0
2355,-0.11328990377829887,1,-0.3611235014961337,0
2356,0.18414481173375385,1,0.5859130277776771,0
2357,-0.15672020478074372,1,-0.4994062216415082,0
2358,0.24698502497318897,1,0.7859971952987654,0
2359,-0.7945124774253202,0,-2.5301462421637586,0
2360,0.011878729274351407,1,0.03741527571437529,0
2361,0.9351960610427599,0,2.977271303585728,0
2362,-0.18419683728229586,1,-0.5868922255385465,0
2363,0.32352098369090276,1,1.0296888187996884,-1
2364,0.19674627549628787,1,0.6260362746047823,0
2365,0.17787919574045863,1,0.5659632138703212,0
2366,0.3711486223260251,0,1.181335923990023,0
2367,-0.22543460845923868,1,-0.7181938983213154,0
2368,-0.12461362421200978,1,-0.3971783946835228,0
2369,0.46416185115809344,0,1.4774914190136135,0
2370,0.4515657961441419,0,1.4373853937219179,0
2371,0.25603899186374485,1,0.8148251596654352,0
2372,0.028453748201410112,1,0.09019038090109084,0
2373,-0.5078016532556695,0,-1.6172547413871559,0
2374,-0.6897925257899282,0,-2.1967163687484472,0
2375,0.06415831449172466,1,0.20387424756270112,0
2376,0.26775231888417295,1,0.852120565982005,0
2377,-0.5649791278999851,0,-1.799308665545177,0
2378,0.6478909561401326,0,2.06248760417386,0
2379,0.4439144033039331,0,1.4130232458568743,0
2380,-0.221995088530555,1,-0.7072424160438652,0
2381,-0.08624323183163592,1,-0.27500649835923163,0
2382,0.011011556147716983,1,0.03465418366527282,0
2383,0.024713787776437138,1,0.07828229164395674,0
2384,-0.14089448434084595,1,-0.4490168939100213,0
2385,0.02589969378971807,1,0.08205823391394038,0
2386,0.12159830622841905,1,0.3867640300219753,0
