Date,spread,regime,z_score,signal,minhash_signal,final_signal,lr_signal
2016-07-06,0.0439766862432648,0,0.135465441323737,0,0.0,0,0.0
2016-07-07,0.4315563868991731,1,1.3291826573752512,0,0.0,0,0.0
2016-07-08,-0.0300580140192743,0,-0.0925560369400764,0,0.0,0,0.0
2016-07-11,0.0935196882099157,0,0.2880542747491743,0,0.0,0,0.0
2016-07-12,0.3094062434692695,0,0.9529691226914788,0,0.0,0,0.0
2016-07-13,-0.1530151589814723,0,-0.4712550774974783,0,0.0,0,0.0
2016-07-14,0.2946235247687859,0,0.9074394270367512,0,0.0,0,0.0
2016-07-15,0.0735144760506025,0,0.2264396800608514,0,0.0,0,0.0
2016-07-18,0.0272588050636265,0,0.0839755863435478,0,0.0,0,0.0
2016-07-19,-0.1900146051860112,0,-0.585210673840593,0,0.0,0,0.0
2016-07-20,0.2756594867387154,0,0.8490315727450002,0,0.0,0,0.0
2016-07-21,-0.184701615750707,0,-0.5688470537983428,0,0.0,0,0.0
2016-07-22,-0.2001380521617526,0,-0.6163901523330846,0,0.0,0,0.0
2016-07-25,0.1272781343969709,0,0.3920278273692915,0,0.0,0,0.0
2016-07-26,0.4131904416813009,1,1.2726168853326725,0,0.0,0,0.0
2016-07-27,0.2773094879709452,0,0.8541134562236387,0,0.0,0,0.0
2016-07-28,-0.1613088181007354,0,-0.4967989428185272,0,0.0,0,0.0
2016-07-29,-0.4359598605844189,1,-1.3427041263573776,0,0.0,0,1.0
2016-08-01,-0.0083142995439622,0,-0.025586981888527,0,0.0,0,0.0
2016-08-02,0.1630873567376538,0,0.5023176210018004,0,0.0,0,0.0
2016-08-03,0.2183368288307301,0,0.6724819663058778,0,0.0,0,0.0
2016-08-04,0.1731750073228078,0,0.5333868492215238,0,0.0,0,0.0
2016-08-05,0.3672618236822345,0,1.131160090969716,-1,0.0,0,-1.0
2016-08-08,-0.0497518172811465,0,-0.153211514931942,0,0.0,0,0.0
2016-08-09,-0.0260230119782431,0,-0.0801285248824775,0,0.0,0,0.0
2016-08-10,-0.0847399314365874,0,-0.2609723552283877,0,0.0,0,0.0
2016-08-11,0.1932060799136245,0,0.5950810921531575,0,0.0,0,0.0
2016-08-12,-0.0803739751196269,0,-0.2475255281338191,0,0.0,0,0.0
2016-08-15,0.3781140322280263,0,1.1645841019573142,-1,0.0,0,-1.0
2016-08-16,0.2675771371224189,0,0.8241385252845864,0,0.0,0,0.0
2016-08-17,-0.1390166212650207,0,-0.428140602091786,0,0.0,0,0.0
2016-08-18,0.0307481383702568,0,0.0947224784888734,0,0.0,0,0.0
2016-08-19,0.3657401042873984,0,1.126473306196052,-1,0.0,0,-1.0
2016-08-22,-0.132629951854293,0,-0.4084701260170247,0,0.0,0,0.0
2016-08-23,0.040535772829563,0,0.1248676789178956,0,0.0,0,0.0
2016-08-24,-0.02188654497343,0,-0.0673885081351653,0,0.0,0,0.0
2016-08-25,-0.0382464837303069,0,-0.117775926554094,0,0.0,0,0.0
2016-08-26,0.4131473274528385,1,1.2724840966528597,0,0.0,0,0.0
2016-08-29,-0.2103687941460992,0,-0.6479000916282228,0,0.0,0,0.0
2016-08-30,0.0874507940069787,0,0.2693625231425213,0,0.0,0,0.0
2016-08-31,-0.1084595936230032,0,-0.3340271851457784,0,0.0,0,0.0
2016-09-01,0.132154419162611,0,0.4070464288730944,0,0.0,0,0.0
2016-09-02,-0.2220001128306588,0,-0.6837237050312042,0,0.0,0,0.0
2016-09-06,-0.2636138741164516,0,-0.8118910553528096,0,0.0,0,0.0
2016-09-07,-0.152604149735972,0,-0.4699891989917677,0,0.0,0,0.0
2016-09-08,0.1746111060282339,0,0.5378099285151898,0,0.0,0,0.0
2016-09-09,0.7040836301281832,1,2.1685466940752693,0,0.0,0,0.0
2016-09-12,-0.0864211298137186,0,-0.2661503236384542,0,0.0,0,0.0
2016-09-13,0.4530058773675798,1,1.395245523940086,0,0.0,0,0.0
2016-09-14,-0.088782686558023,0,-0.2734237462082843,0,0.0,0,0.0
2016-09-15,0.1684539427594226,0,0.518846314622146,0,0.0,0,0.0
2016-09-16,-0.0814362688964009,0,-0.2507973155047613,0,0.0,0,0.0
2016-09-19,-0.3412211849808849,0,-1.0509159137588546,1,0.0,0,1.0
2016-09-20,0.0407797039041614,0,0.1256189688404209,0,0.0,0,0.0
2016-09-21,-0.1992836343173003,0,-0.6137586076755642,0,0.0,0,0.0
2016-09-22,-0.285963593572609,0,-0.8807265615560159,0,0.0,0,0.0
2016-09-23,-0.2297505508461581,0,-0.7075944889638625,0,0.0,0,0.0
2016-09-26,-0.2023309418889426,0,-0.6231440927892518,0,0.0,0,0.0
2016-09-27,0.4893268227080097,1,1.5071113870974275,0,0.0,0,0.0
2016-09-28,-0.123518014891251,0,-0.3804060246052327,0,0.0,0,0.0
2016-09-29,0.3319684683308641,0,1.0224591300477257,-1,0.0,0,-1.0
2016-09-30,0.3861393550073484,0,1.1893015109181932,-1,0.0,0,0.0
2016-10-03,0.4394512216767948,1,1.3534981728059627,0,0.0,0,0.0
2016-10-04,0.4644411222482718,1,1.4304652443246837,0,0.0,0,0.0
2016-10-05,0.5481232608264748,1,1.6882001291180797,0,0.0,0,0.0
2016-10-06,0.0062144162646377,0,0.0191604033808652,0,0.0,0,0.0
2016-10-07,0.0787227998002525,0,0.2424809374234162,0,0.0,0,0.0
2016-10-10,-0.1805653871690888,0,-0.5561077713770853,0,0.0,0,0.0
2016-10-11,-0.0401190931132201,0,-0.1235434269044482,0,0.0,0,0.0
2016-10-12,-0.3805326459995271,0,-1.1719923471393336,1,0.0,0,1.0
2016-10-13,-0.2910871464349676,0,-0.8965067307671409,0,0.0,0,0.0
2016-10-14,0.2351921955898382,0,0.724395266845507,0,0.0,0,0.0
2016-10-17,-0.1157490368652859,0,-0.3564781387922606,0,0.0,0,0.0
2016-10-18,-0.0164374165839034,0,-0.0506055900410421,0,0.0,0,0.0
2016-10-19,-0.0569362870296112,0,-0.175339157872039,0,0.0,0,0.0
2016-10-20,0.009435716206022,0,0.0290817723059885,0,0.0,0,0.0
2016-10-21,0.0408300715417977,0,0.125774097491577,0,0.0,0,0.0
2016-10-24,0.084652312498148,0,0.2607434041581173,0,0.0,0,0.0
2016-10-25,0.1134311437445512,0,0.3493801058701399,0,0.0,0,0.0
2016-10-26,0.0840472820059615,0,0.2588799543604706,0,0.0,0,0.0
2016-10-27,0.5739965883137089,1,1.7678880911186234,0,0.0,0,0.0
2016-10-28,-0.2646522656166586,0,-0.8150892254548584,0,0.0,0,0.0
2016-10-31,-0.5066573345581915,1,-1.560447190999377,0,0.0,0,0.0
2016-11-01,0.3642023454775436,0,1.1217371211937104,-1,0.0,0,-1.0
2016-11-02,0.2847651495799158,0,0.8770763503190232,0,0.0,0,0.0
2016-11-03,-0.0582964342520189,0,-0.1795283121363233,0,0.0,0,0.0
2016-11-04,-0.2425023278514396,0,-0.7468690322918383,0,0.0,0,0.0
2016-11-07,0.0407823442097703,0,0.1256271007891674,0,0.0,0,0.0
2016-11-08,-0.0819650827736035,0,-0.2524260236859054,0,0.0,0,0.0
2016-11-09,0.8584628120212523,1,2.644023317112636,0,0.0,0,0.0
2016-11-10,0.4546349341877936,1,1.4002629001569635,0,0.0,0,0.0
2016-11-11,0.200279399568538,0,0.6168664009100833,0,0.0,0,0.0
2016-11-14,-0.4398919446501409,1,-1.354814658555712,0,0.0,0,1.0
2016-11-15,0.2534878679183837,0,0.7807446035131962,0,0.0,0,0.0
2016-11-16,0.1433916593144795,0,0.4416563091312447,0,0.0,0,0.0
2016-11-17,0.2911557438212611,0,0.8967589145858916,0,0.0,0,0.0
2016-11-18,-0.0155077448111111,0,-0.0477422687716844,0,0.0,0,0.0
2016-11-21,0.1014875984757119,0,0.3125948573548632,0,0.0,0,0.0
2016-11-22,-0.300774792946852,0,-0.9263439756091372,0,0.0,0,0.0
2016-11-23,0.3204451550403742,0,0.9869681653828212,0,0.0,0,0.0
2016-11-25,-0.1953634986745119,0,-0.601684875748597,0,0.0,0,0.0
2016-11-28,-0.2716229409540004,0,-0.8365583971983959,0,0.0,0,0.0
2016-11-29,-0.1877174397769034,0,-0.5781355718878092,0,0.0,0,0.0
2016-11-30,0.4010417131299781,1,1.2351996872691302,0,0.0,0,0.0
2016-12-01,-0.1104207467377713,0,-0.340067393733715,0,0.0,0,0.0
2016-12-02,-0.1915668006781826,0,-0.5899913227717598,0,0.0,0,0.0
2016-12-05,-0.0342245444455487,0,-0.1053886468332913,0,0.0,0,0.0
2016-12-06,0.0380511546707659,0,0.1172152361649573,0,0.0,0,0.0
2016-12-07,-0.2694796183790015,0,-0.8299571199565839,0,0.0,0,0.0
2016-12-08,-0.3115854949416916,0,-0.9596401494464232,0,0.0,0,0.0
2016-12-09,0.0338450573451632,0,0.1042607631069949,0,0.0,0,0.0
2016-12-12,-0.3114468888098342,0,-0.9592132526673388,0,0.0,0,0.0
2016-12-13,0.0041959345638981,0,0.0129436269284859,0,0.0,0,0.0
2016-12-14,0.4853436755349009,1,1.4948435842518184,0,0.0,0,0.0
2016-12-15,0.1712598203525656,0,0.5274882130069162,0,0.0,0,0.0
2016-12-16,-0.4884844480684643,1,-1.5044760257618135,0,0.0,0,0.0
2016-12-19,-0.1800810580460479,0,-0.5546160729949703,0,0.0,0,0.0
2016-12-20,7.873625694151953e-05,0,0.0002629563655154,0,0.0,0,0.0
2016-12-21,0.2286815892785799,0,0.7043430741544804,0,0.0,0,0.0
2016-12-22,0.0056280396063489,0,0.0173544060314023,0,0.0,0,0.0
2016-12-23,0.0066804733790242,0,0.0205958253087032,0,0.0,0,0.0
2016-12-27,-0.0105998641093601,0,-0.0326263540886077,0,0.0,0,0.0
2016-12-28,0.0270806662702328,0,0.0834269318496185,0,0.0,0,0.0
2016-12-29,-0.3166156915174524,0,-0.9751327881022848,0,0.0,0,0.0
2016-12-30,-0.3446294301633881,0,-1.0614130603947427,1,-0.1193616541259153,0,1.0
2017-01-03,0.1162126083866451,0,0.3579468141458495,0,0.0,0,0.0
2017-01-04,-0.3017932372356557,0,-0.9294807097545964,0,0.0,0,0.0
2017-01-05,-0.1511751877554608,0,-0.4655881002904359,0,0.0,0,0.0
2017-01-06,0.1746394676168581,0,0.5378972801400504,0,0.0,0,0.0
2017-01-09,0.3677667602852582,0,1.132715258887499,-1,0.0,0,-1.0
2017-01-10,0.3161526500053274,0,0.9737475628805444,0,0.0,0,0.0
2017-01-11,0.0651444498213801,0,0.2006606096097499,0,0.0,0,0.0
2017-01-12,-0.1948906027898502,0,-0.6002283909069881,0,0.0,0,0.0
2017-01-13,0.1939581725559191,0,0.597397482649495,0,0.0,0,0.0
2017-01-17,-0.5001493151339075,1,-1.5404029657315976,0,0.0,0,0.0
2017-01-18,0.1519735914363174,0,0.4680880342796119,0,0.0,0,0.0
2017-01-19,0.2607702945232544,0,0.8031739464280965,0,0.0,0,0.0
2017-01-20,-0.0371037291349992,0,-0.1142563257291998,0,0.0,0,0.0
2017-01-23,-0.1502228783597046,0,-0.4626550567930649,0,0.0,0,0.0
2017-01-24,0.192067332133462,0,0.5915738320267372,0,0.0,0,0.0
2017-01-25,0.4018823831780042,1,1.2377888897161349,0,0.0,0,0.0
2017-01-26,-0.1711703182431504,0,-0.5271716441653046,0,0.0,0,0.0
2017-01-27,0.3412191631301275,0,1.0509505954769809,-1,0.0,0,-1.0
2017-01-30,-0.0138507540919501,0,-0.0426388581829652,0,0.0,0,0.0
2017-01-31,-0.3889765569705036,0,-1.197998977207428,1,0.0,0,1.0
2017-02-01,0.4468757154957513,1,1.3763650723808316,0,0.0,0,0.0
2017-02-02,-0.2613767650333751,0,-0.8050009225049481,0,0.0,0,0.0
2017-02-03,0.0001397195879435,0,0.000450780578151,0,0.0,0,0.0
2017-02-06,0.0751283633595435,0,0.231410335289156,0,0.0,0,0.0
2017-02-07,0.1293348059026576,0,0.3983622256361411,0,0.0,0,0.0
2017-02-08,-0.1967711832422897,0,-0.60602044157024,0,0.0,0,0.0
2017-02-09,0.0224264691974168,0,0.0690923442452757,0,0.0,0,0.0
2017-02-10,-0.1590443247154361,0,-0.4898244683166584,0,0.0,0,0.0
2017-02-13,0.0699447228012461,0,0.2154451003560809,0,0.0,0,0.0
2017-02-14,0.1467809959318901,0,0.4520952187654437,0,0.0,0,0.0
2017-02-15,0.2291572039454251,0,0.7058079326469631,0,0.0,0,0.0
2017-02-16,-0.1596390150758049,0,-0.4916560712622999,0,0.0,0,0.0
2017-02-17,-0.0395240661080771,0,-0.1217107871174502,0,0.0,0,0.0
2017-02-21,-0.2374706458296866,0,-0.731371818570638,0,0.0,0,0.0
2017-02-22,0.0373831966464044,0,0.115157974156832,0,0.0,0,0.0
2017-02-23,-0.4652234956239801,1,-1.4328339884008634,0,0.0,0,1.0
2017-02-24,-0.2028725733460059,0,-0.6248122781817205,0,0.0,0,0.0
2017-02-27,-0.0020001127352232,0,-0.0061397469425236,0,0.0,0,0.0
2017-02-28,-0.0379826967518432,0,-0.116963481895539,0,0.0,0,0.0
2017-03-01,0.3610566129285618,0,1.1120484943268794,-1,0.0,0,-1.0
2017-03-02,-0.1134450153349745,0,-0.3493819204861119,0,0.0,0,0.0
2017-03-03,0.1484786975631256,0,0.457324015994749,0,0.0,0,0.0
2017-03-06,0.056062065470064,0,0.1726875280871234,0,0.0,0,0.0
2017-03-07,0.0434159839712912,0,0.1337385192119718,0,0.0,0,0.0
2017-03-08,0.3829072185854354,0,1.179346766423228,-1,-0.5034395642168027,-1,0.0
2017-03-09,0.2358359365138711,0,0.7263779419505099,0,0.0,0,0.0
2017-03-10,0.1222498481578341,0,0.3765410724109319,0,0.0,0,0.0
2017-03-13,0.0351123417049972,0,0.1081639065260298,0,0.0,0,0.0
2017-03-14,-0.0778450098197198,0,-0.2397364994200161,0,0.0,0,0.0
2017-03-15,-0.3810935966714022,0,-1.1737200343046827,1,0.0,0,1.0
2017-03-16,0.1102983470746775,0,0.339731320567689,0,0.0,0,0.0
2017-03-17,-0.0708481671116547,0,-0.2181867340827523,0,0.0,0,0.0
2017-03-20,0.097583732039229,0,0.3005712333969808,0,0.0,0,0.0
2017-03-21,-0.3619875068494258,0,-1.1148746708521524,1,0.0,0,1.0
2017-03-22,0.0531050006905826,0,0.1635799841928667,0,0.0,0,0.0
2017-03-23,-0.1749733886974647,0,-0.5388848238480616,0,0.0,0,0.0
2017-03-24,0.0208394952023894,0,0.0642045800613305,0,0.0,0,0.0
2017-03-27,0.232025057908142,0,0.714640713730759,0,0.0,0,0.0
2017-03-28,0.0269434217151781,0,0.0830042286278013,0,0.0,0,0.0
2017-03-29,-0.0373642135375453,0,-0.1150585986947499,0,0.0,0,0.0
2017-03-30,0.0638486132184558,0,0.196669527364001,0,0.0,0,0.0
2017-03-31,-0.2063608284039721,0,-0.6355558493997855,0,0.0,0,0.0
2017-04-03,-0.0905642565881618,0,-0.2789108519906026,0,0.0,0,0.0
2017-04-04,-0.0029060903662111,0,-0.0089300919828794,0,0.0,0,0.0
2017-04-05,-0.1856259343492983,0,-0.5716938876815097,0,0.0,0,0.0
2017-04-06,-0.065322809677669,0,-0.2011690360902495,0,0.0,0,0.0
2017-04-07,0.0850448197058364,0,0.2619522977365193,0,0.0,0,0.0
2017-04-10,-0.2396774642548026,0,-0.7381686584007494,0,0.0,0,0.0
2017-04-11,-0.2182558091847924,0,-0.672191522833243,0,0.0,0,0.0
2017-04-12,-0.2234411988620577,0,-0.688162144925195,0,0.0,0,0.0
2017-04-13,-0.0190871779478031,0,-0.0587666618236,0,0.0,0,0.0
2017-04-17,-0.1545066217795419,0,-0.4758486741593857,0,0.0,0,0.0
2017-04-18,-0.1254740549653062,0,-0.386430485400612,0,0.0,0,0.0
2017-04-19,0.1346467361857218,0,0.4147225835667247,0,0.0,0,0.0
2017-04-20,0.2891289756664201,0,0.8905166164591214,0,0.0,0,0.0
2017-04-21,-0.0311210626747308,0,-0.0958301492823156,0,0.0,0,0.0
2017-04-24,0.4656601556860006,1,1.434219778422049,0,0.0,0,0.0
2017-04-25,0.0209832386722525,0,0.0646472994668621,0,0.0,0,0.0
2017-04-26,0.0250216908215586,0,0.0770854376063689,0,0.0,0,0.0
2017-04-27,0.2300228844809612,0,0.708474165571756,0,0.0,0,0.0
2017-04-28,-0.0283248432355064,0,-0.0872179973073508,0,0.0,0,0.0
2017-05-01,0.0770270505559859,0,0.2372581534036089,0,0.0,0,0.0
2017-05-02,-0.0899694809615835,0,-0.2770789864312534,0,0.0,0,0.0
2017-05-03,0.2628051008030401,0,0.8094410013935639,0,0.0,0,0.0
2017-05-04,0.0467159973410096,0,0.1439023197566507,0,0.0,0,0.0
2017-05-05,-0.171881538435263,0,-0.5293621504954644,0,0.0,0,0.0
2017-05-08,0.0267899808457051,0,0.082531641938597,0,0.0,0,0.0
2017-05-09,0.2644181716225571,0,0.81440914189398,0,0.0,0,0.0
2017-05-10,0.0054037794245668,0,0.0166637010243674,0,0.0,0,0.0
2017-05-11,0.0974421907365445,0,0.3001352965057789,0,0.0,0,0.0
2017-05-12,0.0103769185708898,0,0.031980606958138,0,0.0,0,0.0
2017-05-15,0.0478865813803004,0,0.1475076332397144,0,0.0,0,0.0
2017-05-16,0.3462824165543499,0,1.066545046815628,-1,0.0,0,-1.0
2017-05-17,-0.7017197984099124,1,-2.161225355880484,0,0.0,0,0.0
2017-05-18,-0.0081588824763558,0,-0.0251083086531743,0,0.0,0,0.0
2017-05-19,0.0531240788718202,0,0.1636387435999146,0,0.0,0,0.0
2017-05-22,0.034198060604855,0,0.1053479874061605,0,0.0,0,0.0
2017-05-23,0.029193237815001,0,0.0899334981606577,0,0.0,0,0.0
2017-05-24,0.0078040120766334,0,0.0240562425698924,0,0.0,0,0.0
2017-05-25,0.0688878161757205,0,0.2121899050181574,0,0.0,0,0.0
2017-05-26,0.1127794319908515,0,0.3473728811909889,0,0.0,0,0.0
2017-05-30,0.1100418379146863,0,0.3389412910593369,0,0.0,0,0.0
2017-05-31,0.0135269464302358,0,0.0416824630676806,0,0.0,0,0.0
2017-06-01,-0.0441309622071893,0,-0.1358996911719304,0,0.0,0,0.0
2017-06-02,-0.1030799097503926,0,-0.3174581510999238,0,0.0,0,0.0
2017-06-05,0.0454912734942143,0,0.1401302596143,0,0.0,0,0.0
2017-06-06,0.1396102677176251,0,0.4300098987486613,0,0.0,0,0.0
2017-06-07,-0.1093156753297304,0,-0.336663854377778,0,0.0,0,0.0
2017-06-08,0.2587119917022527,0,0.796834523829031,0,0.0,0,0.0
2017-06-09,-0.5886677859620968,1,-1.813033401193885,0,0.0,0,0.0
2017-06-12,-0.2204043018648839,0,-0.6788087236217405,0,0.0,0,0.0
2017-06-13,-0.0109339975150313,0,-0.0336554606133627,0,0.0,0,0.0
2017-06-14,-0.2520415383512382,0,-0.7762491050404324,0,0.0,0,0.0
2017-06-15,-0.1549678976317416,0,-0.477269370148334,0,0.0,0,0.0
2017-06-16,0.0051574277669606,0,0.0159049558826851,0,0.0,0,0.0
2017-06-19,0.2675626070515927,0,0.8240937737259614,0,0.0,0,0.0
2017-06-20,-0.1454427914651961,0,-0.4479327377176837,0,0.0,0,0.0
2017-06-21,0.2720678908547227,0,0.8379697193182953,0,0.0,0,0.0
2017-06-22,0.0533139766395172,0,0.1642236148772442,0,0.0,0,0.0
2017-06-23,0.0244875783666097,0,0.0754404101921338,0,0.0,0,0.0
2017-06-26,-0.3644654861892482,0,-1.1225066665267454,1,-0.1524754033832149,0,1.0
2017-06-27,-0.1832302260001831,0,-0.5643152806591671,0,0.0,0,0.0
2017-06-28,0.2684439345024858,0,0.8268081980090948,0,0.0,0,0.0
2017-06-29,-0.1621831147033802,0,-0.4994917126017388,0,0.0,0,0.0
2017-06-30,-0.0620549688602418,0,-0.1911043246606332,0,0.0,0,0.0
2017-07-03,-0.315096647171916,0,-0.9704542422854016,0,0.0,0,0.0
2017-07-05,0.4355042611570241,1,1.3413418222139362,0,0.0,0,0.0
2017-07-06,0.2893058503138431,0,0.8910613774756413,0,0.0,0,0.0
2017-07-07,0.0989313066704339,0,0.3047216649971426,0,0.0,0,0.0
2017-07-10,0.3887626432621537,0,1.197381047455136,-1,0.0524229171624266,0,0.0
2017-07-11,0.1416364730620505,0,0.4362504634603915,0,0.0,0,0.0
2017-07-12,-0.149070218734886,0,-0.4591049491995433,0,0.0,0,0.0
2017-07-13,-0.0192056888719397,0,-0.0591316668282292,0,0.0,0,0.0
2017-07-14,-0.0780148193954318,0,-0.2402595005308452,0,0.0,0,0.0
2017-07-17,-0.1714673421362989,0,-0.5280864560974825,0,0.0,0,0.0
2017-07-18,0.1125559827445335,0,0.3466846738060508,0,0.0,0,0.0
2017-07-19,-0.0561670798498144,0,-0.1729700558481716,0,0.0,0,0.0
2017-07-20,0.0928161185542634,0,0.2858873315134417,0,0.0,0,0.0
2017-07-21,-0.1982087133306629,0,-0.6104479294190079,0,0.0,0,0.0
2017-07-24,0.1457872310105415,0,0.4490344952721485,0,0.0,0,0.0
2017-07-25,0.0290495602237113,0,0.089490981656328,0,0.0,0,0.0
2017-07-26,-0.2557322574282872,0,-0.7876162506737755,0,0.0,0,0.0
2017-07-27,-0.2973396620906214,0,-0.915764023058648,0,0.0,0,0.0
2017-07-28,-0.1119982679278339,0,-0.3449260439676591,0,0.0,0,0.0
2017-07-31,-0.1740699288397066,0,-0.5361022333656599,0,0.0,0,0.0
2017-08-01,-0.0189912088747987,0,-0.0584710840767263,0,0.0,0,0.0
2017-08-02,-0.1033440923819359,0,-0.3182718143411135,0,0.0,0,0.0
2017-08-03,0.0555954507248016,0,0.1712503886968494,0,0.0,0,0.0
2017-08-04,-0.0260810125101044,0,-0.0803071622912628,0,0.0,0,0.0
2017-08-07,0.1505137469674967,0,0.4635918197662106,0,0.0,0,0.0
2017-08-08,-0.0757913732670408,0,-0.2334114485871244,0,0.0,0,0.0
2017-08-09,-0.0641449059782685,0,-0.1975411785877908,0,0.0,0,0.0
2017-08-10,-0.2573104819174939,0,-0.7924770670177994,0,0.0,0,0.0
2017-08-11,0.3055921708969664,0,0.941222057287581,0,0.0,0,0.0
2017-08-14,-0.1029938690319656,0,-0.3171931519611814,0,0.0,0,0.0
2017-08-15,0.079022037629891,0,0.2434025681185452,0,0.0,0,0.0
2017-08-16,-0.0133191042051712,0,-0.0410014152991251,0,0.0,0,0.0
2017-08-17,-0.2775074987686718,0,-0.8546824061708371,0,0.0,0,0.0
2017-08-18,0.1244959884329829,0,0.3834590206718295,0,0.0,0,0.0
2017-08-21,-0.311638268378845,0,-0.9598026877846632,0,0.0,0,0.0
2017-08-22,0.2518267589226041,0,0.7756285089327927,0,0.0,0,0.0
2017-08-23,-0.2760182727730546,0,-0.8500956986973772,0,0.0,0,0.0
2017-08-24,-0.0009662278850142,0,-0.0029554569938482,0,0.0,0,0.0
2017-08-25,-0.1029637624973584,0,-0.3171004260299332,0,0.0,0,0.0
2017-08-28,0.1179029524795508,0,0.3631529506936041,0,0.0,0,0.0
2017-08-29,0.1624621942911993,0,0.5003921662530127,0,0.0,0,0.0
2017-08-30,0.1663492778545212,0,0.5123641001853515,0,0.0,0,0.0
2017-08-31,0.053416556579535,0,0.1645395536124606,0,0.0,0,0.0
2017-09-01,-0.0475557198209335,0,-0.1464476948919688,0,0.0,0,0.0
2017-09-05,-0.2899520250701665,0,-0.8930106397355988,0,0.0,0,0.0
2017-09-06,0.0726973769701933,0,0.2239230744753327,0,0.0,0,0.0
2017-09-07,-0.1313856153721502,0,-0.4046376603879396,0,0.0,0,0.0
2017-09-08,-0.0297689346861989,0,-0.0916656936736134,0,0.0,0,0.0
2017-09-11,0.1520283732620598,0,0.4682567583082565,0,0.0,0,0.0
2017-09-12,0.311276278548498,0,0.9587286943741998,0,0.0,0,0.0
2017-09-13,0.2225566438411328,0,0.6854786888327428,0,0.0,0,0.0
2017-09-14,-0.2858213695846365,0,-0.880288522043908,0,0.0,0,0.0
2017-09-15,0.0197572644306532,0,0.0608713881996928,0,0.0,0,0.0
2017-09-18,0.2529231053954069,0,0.779005176124411,0,0.0,0,0.0
2017-09-19,0.2457811101008121,0,0.757008351405034,0,0.0,0,0.0
2017-09-20,0.0308934946518223,0,0.0951701652368438,0,0.0,0,0.0
2017-09-21,0.0230248935960575,0,0.0709354477565117,0,0.0,0,0.0
2017-09-22,0.2529285611970604,0,0.7790219795956717,0,0.0,0,0.0
2017-09-25,-0.4676709578791804,1,-1.4403719936800994,0,0.0,0,1.0
2017-09-26,0.0051687740557233,0,0.015939901624713,0,0.0,0,0.0
2017-09-27,0.5839729085270828,1,1.7986144299113762,0,0.0,0,0.0
2017-09-28,-0.1242332153127881,0,-0.3826087897517853,0,0.0,0,0.0
2017-09-29,0.0197055693722866,0,0.0607121711894815,0,0.0,0,0.0
2017-10-02,0.1690848963880188,0,0.5207896057896425,0,0.0,0,0.0
2017-10-03,0.0479406452020221,0,0.1476741458683314,0,0.0,0,0.0
2017-10-04,-0.2533908371434935,0,-0.7804048469309053,0,0.0,0,0.0
2017-10-05,0.0213395440628235,0,0.065744694088347,0,0.0,0,0.0
2017-10-06,0.1274189405347159,0,0.3924615000060872,0,0.0,0,0.0
2017-10-09,-0.0241436533612076,0,-0.0743402373831747,0,0.0,0,0.0
2017-10-10,-0.0957194890644022,0,-0.2947885921024341,0,0.0,0,0.0
2017-10-11,-0.0799792572303002,0,-0.2463098258171719,0,0.0,0,0.0
2017-10-12,-0.1588939313420073,0,-0.4893612676930495,0,0.0,0,0.0
2017-10-13,0.0200634030469532,0,0.0618142728145398,0,0.0,0,0.0
2017-10-16,0.0868476835069942,0,0.267504986780853,0,0.0,0,0.0
2017-10-17,0.0114066147444932,0,0.0351519960883031,0,0.0,0,0.0
2017-10-18,0.1084212668100324,0,0.3339500502276132,0,0.0,0,0.0
2017-10-19,-0.1687696364011984,0,-0.5197777191476872,0,0.0,0,0.0
2017-10-20,0.1016052407444403,0,0.3129571869641768,0,0.0,0,0.0
2017-10-23,0.0573772133029804,0,0.1767380875130901,0,0.0,0,0.0
2017-10-24,0.2089443788976447,0,0.6435539054011096,0,0.0,0,0.0
2017-10-25,0.0055717300816626,0,0.0171809768014093,0,0.0,0,0.0
2017-10-26,0.2315518236739496,0,0.7131831867972678,0,0.0,0,0.0
2017-10-27,-0.0365131860176627,0,-0.1124374959896848,0,0.0,0,0.0
2017-10-30,-0.1031792718205714,0,-0.3177641790306801,0,0.0,0,0.0
2017-10-31,-0.0224362867289628,0,-0.0690816726555244,0,0.0,0,0.0
2017-11-01,-0.0436735271506539,0,-0.1344908245535607,0,0.0,0,0.0
2017-11-02,-0.1292283861863742,0,-0.397993551798992,0,0.0,0,0.0
2017-11-03,0.0043990090835892,0,0.0135690816411203,0,0.0,0,0.0
2017-11-06,-0.1995822021948989,0,-0.6146781749672626,0,0.0,0,0.0
2017-11-07,-0.1430899041242137,0,-0.4406860162779202,0,0.0,0,0.0
2017-11-08,-0.0464869883507673,0,-0.1431560798948098,0,0.0,0,0.0
2017-11-09,-0.233514090351972,0,-0.7191859162077999,0,0.0,0,0.0
2017-11-10,0.1756417804048687,0,0.5409843304393617,0,0.0,0,0.0
2017-11-13,-0.2239842411461358,0,-0.6898346755619926,0,0.0,0,0.0
2017-11-14,-0.1084824967638391,0,-0.3340977251494761,0,0.0,0,0.0
2017-11-15,0.1939774878841446,0,0.597456972451973,0,0.0,0,0.0
2017-11-16,0.1525648364810873,0,0.469909025904438,0,0.0,0,0.0
2017-11-17,-0.0241650438405262,0,-0.0744061184997013,0,0.0,0,0.0
2017-11-20,0.1154327303834887,0,0.3555448467641415,0,0.0,0,0.0
2017-11-21,0.0524981094117041,0,0.1617108033078959,0,0.0,0,0.0
2017-11-22,0.019966537885801,0,0.0615159351815129,0,0.0,0,0.0
2017-11-24,0.0287112886680299,0,0.0884491299312918,0,0.0,0,0.0
2017-11-27,-0.0620080378672169,0,-0.1909597806242832,0,0.0,0,0.0
2017-11-28,0.1018841667617894,0,0.3138162587585735,0,0.0,0,0.0
2017-11-29,-0.7219178129836566,1,-2.223433767946273,0,0.0,0,0.0
2017-11-30,0.0786293748837244,0,0.2421931954929717,0,0.0,0,0.0
2017-12-01,-0.1910109369508495,0,-0.5882793030246648,0,0.0,0,0.0
2017-12-04,-0.3053409507211504,0,-0.940407408593793,0,0.0,0,0.0
2017-12-05,0.3110382823176127,0,0.957995683337548,0,0.0,0,0.0
2017-12-06,0.0836241257533557,0,0.2575766639586241,0,0.0,0,0.0
2017-12-07,0.0555432382710542,0,0.1710895781465935,0,0.0,0,0.0
2017-12-08,-0.0827391601060169,0,-0.2548101254247046,0,0.0,0,0.0
2017-12-11,-0.0147046841806496,0,-0.0452689005883335,0,0.0,0,0.0
2017-12-12,0.0504077525975348,0,0.1552726567472228,0,0.0,0,0.0
2017-12-13,0.0394476058360255,0,0.1215162039259742,0,0.0,0,0.0
2017-12-14,-0.0386124415373995,0,-0.11890304991462,0,0.0,0,0.0
2017-12-15,0.0869495824438237,0,0.2678188280759074,0,0.0,0,0.0
2017-12-18,0.0986928320174427,0,0.3039871804552904,0,0.0,0,0.0
2017-12-19,0.615600632433861,1,1.8960255132786228,0,0.0,0,0.0
2017-12-20,0.25921605298996,0,0.7983869958394665,0,0.0,0,0.0
2017-12-21,-0.0570612632414897,0,-0.17572407549147,0,0.0,0,0.0
2017-12-22,-0.2907176274661965,0,-0.8953686392883222,0,0.0,0,0.0
2017-12-26,-0.1534990319963523,0,-0.4727453710997166,0,0.0,0,0.0
2017-12-27,-0.0161275793517468,0,-0.0496513139590564,0,0.0,0,0.0
2017-12-28,-0.1534128718749101,0,-0.4724800042083945,0,0.0,0,0.0
2017-12-29,-0.1590566051790279,0,-0.4898622912490409,0,0.0,0,0.0
2018-01-02,0.38533620299688,0,1.1868278612910843,-1,0.0630485605854773,0,0.0
2018-01-03,0.2626456683731476,0,0.8089499611351666,0,0.0,0,0.0
2018-01-04,0.5798126744099161,1,1.785801212191092,0,0.0,0,0.0
2018-01-05,0.1503691461588786,0,0.4631464598198299,0,0.0,0,0.0
2018-01-08,-0.112124209824259,0,-0.3453139358250768,0,0.0,0,0.0
2018-01-09,0.2706775583925519,0,0.8336875967166215,0,0.0,0,0.0
2018-01-10,0.3299610487081074,0,1.0162764239888966,-1,0.0341600072652971,0,-1.0
2018-01-11,0.227273337490402,0,0.7000057613353664,0,0.0,0,0.0
2018-01-12,0.3983769437232444,1,1.2269923918090164,0,0.0,0,0.0
2018-01-16,-0.0890050299048996,0,-0.2741085475035844,0,0.0,0,0.0
2018-01-17,0.2151007891877623,0,0.6625152001746829,0,0.0,0,0.0
2018-01-18,0.2629729066663627,0,0.8099578312163423,0,0.0,0,0.0
2018-01-19,-0.1104449896626144,0,-0.3401420601744593,0,0.0,0,0.0
2018-01-22,-0.145799370315913,0,-0.4490309745764778,0,0.0,0,0.0
2018-01-23,-0.2533571716410452,0,-0.7803011596382231,0,0.0,0,0.0
2018-01-24,-0.0255320453163783,0,-0.0786163833647882,0,0.0,0,0.0
2018-01-25,-0.1848609324480837,0,-0.5693377376090305,0,0.0,0,0.0
2018-01-26,0.4279956128926815,1,1.3182157330837456,0,0.0,0,0.0
2018-01-29,0.2907284142293813,0,0.8954427706033975,0,0.0,0,0.0
2018-01-30,-0.1792208931875005,0,-0.5519668279531043,0,0.0,0,0.0
2018-01-31,-0.425474793263734,0,-1.3104108835714958,1,0.1696724192711862,1,1.0
2018-02-01,0.6383395180043946,1,1.966059622736459,0,0.0,0,0.0
2018-02-02,-0.16225536993383,0,-0.4997142534427369,0,0.0,0,0.0
2018-02-05,0.009871136466548,0,0.0304228349579485,0,0.0,0,0.0
2018-02-06,0.494049894282882,1,1.521658103145836,0,0.0,0,0.0
2018-02-07,-0.0585904276014392,0,-0.180433790214803,0,0.0,0,0.0
2018-02-08,0.0388932358300415,0,0.1198087847317136,0,0.0,0,0.0
2018-02-09,-0.3969850206244276,0,-1.2226644612914337,1,0.0393858907279028,1,1.0
2018-02-12,0.1963323861479974,0,0.6047098873875427,0,0.0,0,0.0
2018-02-13,-0.1830295462589326,0,-0.5636972016895048,0,0.0,0,0.0
2018-02-14,0.5266779216409327,1,1.62215004820176,0,0.0,0,0.0
2018-02-15,-0.2185968340737851,0,-0.6732418546241073,0,0.0,0,0.0
2018-02-16,-0.2118935685907211,0,-0.6525962857324556,0,0.0,0,0.0
2018-02-20,0.5362739834121932,1,1.6517052187209122,0,0.0,0,0.0
2018-02-21,0.3734047271489834,0,1.1500797857122196,-1,0.0365994176873331,0,-1.0
2018-02-22,-0.306606822929553,0,-0.944306202689392,0,0.0,0,0.0
2018-02-23,-0.2748393995059927,0,-0.8464648549972217,0,0.0,0,0.0
2018-02-26,0.3119691816774173,0,0.9608627854853886,0,0.0,0,0.0
2018-02-27,0.4899626466388904,1,1.509069678440822,0,0.0,0,0.0
2018-02-28,0.0052941366797356,0,0.0163260093653393,0,0.0,0,0.0
2018-03-01,-0.3940096332506258,0,-1.2135004851427376,1,0.0685328895661209,1,1.0
2018-03-02,0.322200479032474,0,0.9923744352818172,0,0.0,0,0.0
2018-03-05,-0.2435160373024266,0,-0.7499911834820825,0,0.0,0,0.0
2018-03-06,0.1894062941025269,0,0.5833780289319945,0,0.0,0,0.0
2018-03-07,0.0642381966768119,0,0.197869416007657,0,0.0,0,0.0
2018-03-08,-0.048162892782195,0,-0.1483177433381394,0,0.0,0,0.0
2018-03-09,0.1879278680437818,0,0.5788245844765791,0,0.0,0,0.0
2018-03-12,-0.1457295720819722,0,-0.4488160011055655,0,0.0,0,0.0
2018-03-13,-0.2040663024939224,0,-0.6284888769116306,0,0.0,0,0.0
2018-03-14,-0.1178837231023522,0,-0.363052816742994,0,0.0,0,0.0
2018-03-15,0.057379528272464,0,0.1767452174502941,0,0.0,0,0.0
2018-03-16,-0.2181782409914938,0,-0.6719526184540874,0,0.0,0,0.0
2018-03-19,-0.0511394395508942,0,-0.1574852903385776,0,0.0,0,0.0
2018-03-20,0.1958391476344572,0,0.6031907487323547,0,0.0,0,0.0
2018-03-21,0.1072154994234659,0,0.3302363746004789,0,0.0,0,0.0
2018-03-22,-0.4257260411175482,0,-1.3111847086404722,1,-0.1743895344990217,0,1.0
2018-03-23,-0.088499182892062,0,-0.272550575589961,0,0.0,0,0.0
2018-03-26,0.2098296564459176,0,0.6462804956961349,0,0.0,0,0.0
2018-03-27,-0.7722063289712298,1,-2.378318730193928,0,0.0,0,0.0
2018-03-28,-0.6753189022675832,1,-2.0799125208920866,0,0.0,0,0.0
2018-03-29,0.2466081436898132,0,0.7595555545525999,0,0.0,0,0.0
2018-04-02,-0.1538110584008414,0,-0.4737063896728539,0,0.0,0,0.0
2018-04-03,0.0048860233072105,0,0.0150690499372278,0,0.0,0,0.0
2018-04-04,-0.1228812857458478,0,-0.3784449452671166,0,0.0,0,0.0
2018-04-05,-0.0672745339133042,0,-0.2071802044180024,0,0.0,0,0.0
2018-04-06,-0.2584691270476065,0,-0.7960456095311688,0,0.0,0,0.0
2018-04-09,0.0891327724319711,0,0.2745428940431201,0,0.0,0,0.0
2018-04-10,0.5088270881159904,1,1.5671707826119163,0,0.0,0,0.0
2018-04-11,-0.0115235698919766,0,-0.0354713005432585,0,0.0,0,0.0
2018-04-12,0.7089255678217782,1,2.183459509101731,0,0.0,0,0.0
2018-04-13,-0.2473072968222754,0,-0.7616679863479288,0,0.0,0,0.0
2018-04-16,-0.0986351167464194,0,-0.3037685127580573,0,0.0,0,0.0
2018-04-17,0.0653939575456533,0,0.2014290752066289,0,0.0,0,0.0
2018-04-18,0.0259241501581487,0,0.0798649465565306,0,0.0,0,0.0
2018-04-19,-0.0211289246021179,0,-0.0650550926365308,0,0.0,0,0.0
2018-04-20,0.1206272361217883,0,0.3715435456593441,0,0.0,0,0.0
2018-04-23,-0.2345179124993568,0,-0.7222776152239229,0,0.0,0,0.0
2018-04-24,-0.4840216773142383,1,-1.49073101726009,0,0.0,0,1.0
2018-04-25,-0.1074450896821961,0,-0.3309025869848219,0,0.0,0,0.0
2018-04-26,-0.0974154078537304,0,-0.3000118983086682,0,0.0,0,0.0
2018-04-27,-0.5247342547156895,1,-1.6161227869314547,0,0.0,0,0.0
2018-04-30,-0.0216058734436233,0,-0.0665240602896801,0,0.0,0,0.0
2018-05-01,-0.0460215995911613,0,-0.1417227164509598,0,0.0,0,0.0
2018-05-02,0.0216340445614807,0,0.0666517341494955,0,0.0,0,0.0
2018-05-03,-0.0384153302895199,0,-0.1182959616443285,0,0.0,0,0.0
2018-05-04,0.0275574837228881,0,0.0848954948346902,0,0.0,0,0.0
2018-05-07,0.1544521888048015,0,0.4757219334374171,0,0.0,0,0.0
2018-05-08,0.4273841577537843,1,1.3163324958427098,0,0.0,0,0.0
2018-05-09,0.1055417516317037,0,0.3250813534500585,0,0.0,0,0.0
2018-05-10,-0.0851783826974963,0,-0.2623227531405092,0,0.0,0,0.0
2018-05-11,-0.0076524504106073,0,-0.023548534819247,0,0.0,0,0.0
2018-05-14,0.2340561085749092,0,0.7208962016819852,0,0.0,0,0.0
2018-05-15,0.4315988679636079,1,1.3293134959560289,0,0.0,0,0.0
2018-05-16,0.2864404530525756,0,0.8822361628531692,0,0.0,0,0.0
2018-05-17,0.1376902213266784,0,0.4240962958726286,0,0.0,0,0.0
2018-05-18,-0.0621363691070784,0,-0.1913550314852562,0,0.0,0,0.0
2018-05-21,-0.0459475198323044,0,-0.141494556195511,0,0.0,0,0.0
2018-05-22,-0.0679210529567744,0,-0.2091714359282942,0,0.0,0,0.0
2018-05-23,-0.2727827219529599,0,-0.8401304381049872,0,0.0,0,0.0
2018-05-24,0.0415602765718643,0,0.1280230757382779,0,0.0,0,0.0
2018-05-25,-0.1199878654637799,0,-0.3695334217839928,0,0.0,0,0.0
2018-05-29,-0.2710367249972008,0,-0.8347528947978016,0,0.0,0,0.0
2018-05-30,-0.26870751178965,0,-0.8275790879627105,0,0.0,0,0.0
2018-05-31,-0.0508223725098812,0,-0.1565087469725052,0,0.0,0,0.0
2018-06-01,0.39253273309178,0,1.208992649218772,-1,-0.0394816411164898,-1,0.0
2018-06-04,-0.1375537164856321,0,-0.4236349620449907,0,0.0,0,0.0
2018-06-05,0.2133729805695349,0,0.6571936756208175,0,0.0,0,0.0
2018-06-06,0.2287645296278479,0,0.7045985243822889,0,0.0,0,0.0
2018-06-07,-0.2353695976279,0,-0.7249007433157104,0,0.0,0,0.0
2018-06-08,-0.1576125434064605,0,-0.4854146862892394,0,0.0,0,0.0
2018-06-11,0.0798571658156412,0,0.2459747020338478,0,0.0,0,0.0
2018-06-12,-0.2450591944620882,0,-0.7547439950081861,0,0.0,0,0.0
2018-06-13,0.4887484907578869,1,1.5053301668625032,0,0.0,0,0.0
2018-06-14,-0.2729059206294951,0,-0.8405098810451774,0,0.0,0,0.0
2018-06-15,-0.0957763843979775,0,-0.2949638255810886,0,0.0,0,0.0
2018-06-18,-0.0838529018669881,0,-0.2582403688354329,0,0.0,0,0.0
2018-06-19,-0.3617180056960661,0,-1.11404462695159,1,0.0918347854748156,1,1.0
2018-06-20,-0.2442781578202163,0,-0.7523384591037212,0,0.0,0,0.0
2018-06-21,-0.3969887609810734,0,-1.222675981317159,1,0.0400644846613515,1,1.0
2018-06-22,-0.2310308284732269,0,-0.711537650698523,0,0.0,0,0.0
2018-06-25,-0.5980912785871428,1,-1.8420570713262865,0,0.0,0,0.0
2018-06-26,-0.003462493427821,0,-0.0106437728402194,0,0.0,0,0.0
2018-06-27,-0.3338974123052519,0,-1.0283592279609253,1,-0.007803636723771,0,1.0
2018-06-28,-0.131427295428719,0,-0.4047660319228987,0,0.0,0,0.0
2018-06-29,0.0191545957227314,0,0.0590152125253621,0,0.0,0,0.0
2018-07-02,0.1604322889846598,0,0.4941402059277691,0,0.0,0,0.0
2018-07-03,-0.3729203698198919,0,-1.148547091586498,1,0.0524563257190819,1,1.0
2018-07-05,-0.0128388992413972,0,-0.0395224190268221,0,0.0,0,0.0
2018-07-06,0.0349501971541152,0,0.1076645131327505,0,0.0,0,0.0
2018-07-09,0.6081602652937207,1,1.8731097250319764,0,0.0,0,0.0
2018-07-10,-0.0534375627490729,0,-0.1645633422118585,0,0.0,0,0.0
2018-07-11,-0.3342020128329064,0,-1.0292973753749006,1,-0.1074150700799501,0,1.0
2018-07-12,0.2535776278304599,0,0.7810210574971777,0,0.0,0,0.0
2018-07-13,0.0799457702350086,0,0.2462475971845435,0,0.0,0,0.0
2018-07-16,0.0231011998396446,0,0.0711704654225763,0,0.0,0,0.0
2018-07-17,0.3228792719646409,0,0.9944650680159114,0,0.0,0,0.0
2018-07-18,0.2262313398467914,0,0.6967964845745914,0,0.0,0,0.0
2018-07-19,-0.5051611713549102,1,-1.555839117432167,0,0.0,0,0.0
2018-07-20,0.179526215364426,0,0.5529481068652395,0,0.0,0,0.0
2018-07-23,0.010537803988519,0,0.0324761223128136,0,0.0,0,0.0
2018-07-24,0.048956366123226,0,0.1508024922401686,0,0.0,0,0.0
2018-07-25,0.1347173527821958,0,0.4149400775345648,0,0.0,0,0.0
2018-07-26,-0.0391371276468529,0,-0.1205190448720898,0,0.0,0,0.0
2018-07-27,0.0765964984423389,0,0.2359320842890551,0,0.0,0,0.0
2018-07-30,-0.3348576136449379,0,-1.0313165780701266,1,0.0,0,1.0
2018-07-31,-0.3196864132777054,0,-0.9845903872095516,0,0.0,0,0.0
2018-08-01,-0.1059416909534279,0,-0.3262722285267204,0,0.0,0,0.0
2018-08-02,0.1352688533006453,0,0.4166386589164598,0,0.0,0,0.0
2018-08-03,-0.3820574477384229,0,-1.1766886253079398,1,0.0,0,1.0
2018-08-06,0.0949238077594902,0,0.2923788605747092,0,0.0,0,0.0
2018-08-07,0.0832790136445586,0,0.2565137438287987,0,0.0,0,0.0
2018-08-08,0.1040900436791328,0,0.3206101988133991,0,0.0,0,0.0
2018-08-09,-0.1777467796375381,0,-0.5474266657102753,0,0.0,0,0.0
2018-08-10,0.0115364756868731,0,0.035551958321488,0,0.0,0,0.0
2018-08-13,0.0657769923441833,0,0.2026087944555431,0,0.0,0,0.0
2018-08-14,-0.1411942866910929,0,-0.4348476528106531,0,0.0,0,0.0
2018-08-15,-0.3827213710670001,0,-1.1787334607472564,1,0.0128110595460221,1,1.0
2018-08-16,-0.1603908142906498,0,-0.4939715580234888,0,0.0,0,0.0
2018-08-17,-0.2741834296005799,0,-0.8444445155212953,0,0.0,0,0.0
2018-08-20,0.0643435578111532,0,0.1981939206185874,0,0.0,0,0.0
2018-08-21,0.3046824908557275,0,0.9384203090936284,0,0.0,0,0.0
2018-08-22,0.1698317768548725,0,0.5230899431656894,0,0.0,0,0.0
2018-08-23,0.0051360987970406,0,0.0158392642106212,0,0.0,0,0.0
2018-08-24,0.1317559129255563,0,0.405819058721688,0,0.0,0,0.0
2018-08-27,0.3405817755691033,0,1.048987488266763,-1,0.1904760246088666,0,-1.0
2018-08-28,-0.1270246839686304,0,-0.3912063096603563,0,0.0,0,0.0
2018-08-29,0.0156010872365873,0,0.0480706655067316,0,0.0,0,0.0
2018-08-30,-0.0248143049436682,0,-0.0764057953538336,0,0.0,0,0.0
2018-08-31,-0.0359858782660169,0,-0.1108134265654301,0,0.0,0,0.0
2018-09-04,0.035307874302517,0,0.1087661326683269,0,0.0,0,0.0
2018-09-05,-0.4216769577924175,0,-1.2987138272546417,1,0.0,0,1.0
2018-09-06,-0.3397955690484621,0,-1.0465251206416442,1,0.1576900972734009,1,1.0
2018-09-07,0.3425968024233138,0,1.055193624043757,-1,-0.0829357911662588,-1,-1.0
2018-09-10,-0.1856998895154029,0,-0.5719216642003666,0,0.0,0,0.0
2018-09-11,-0.1003694071932053,0,-0.3091100008712339,0,0.0,0,0.0
2018-09-12,-0.0884275056249982,0,-0.2723298148340474,0,0.0,0,0.0
2018-09-13,0.1584585853317617,0,0.4880613425975662,0,0.0,0,0.0
2018-09-14,0.324519352921116,0,0.9995163977686032,0,0.0,0,0.0
2018-09-17,-0.3404092380966405,0,-1.04841517656183,1,0.0083326290805108,1,1.0
2018-09-18,0.2282339723665385,0,0.702964446705222,0,0.0,0,0.0
2018-09-19,0.3984037829791351,1,1.227075054760065,0,0.0,0,0.0
2018-09-20,0.0634896341718487,0,0.1955638980768857,0,0.0,0,0.0
2018-09-21,-0.0885042782663855,0,-0.2725662689713272,0,0.0,0,0.0
2018-09-24,0.4421724421321251,1,1.361879333379393,0,0.0,0,0.0
2018-09-25,-0.0181388133866263,0,-0.0558457681290799,0,0.0,0,0.0
2018-09-26,0.2477586057245708,0,0.7630988937289803,0,0.0,0,0.0
2018-09-27,0.0002554160873589,0,0.0008071173598643,0,0.0,0,0.0
2018-09-28,-0.4064604353163701,0,-1.2518480476037648,1,-0.0459307801533718,0,1.0
2018-10-01,0.205185263057262,0,0.6319761027241303,0,0.0,0,0.0
2018-10-02,-0.0888984324978202,0,-0.2737802352627682,0,0.0,0,0.0
2018-10-03,0.3183937350414945,0,0.980649941374002,0,0.0,0,0.0
2018-10-04,-0.3068249581118622,0,-0.94497804314468,0,0.0,0,0.0
2018-10-05,-0.4353209150204735,1,-1.3407362206117706,0,0.0,0,1.0
2018-10-08,-0.5350512543102454,1,-1.647898393376209,0,0.0,0,0.0
2018-10-09,-0.1490040585189972,0,-0.45890118055895,0,0.0,0,0.0
2018-10-10,-0.478761605837126,1,-1.47453038067034,0,0.0,0,1.0
2018-10-11,0.5298624591790684,1,1.6319581916055592,0,0.0,0,0.0
2018-10-12,0.4301840543698775,1,1.324955973254294,0,0.0,0,0.0
2018-10-15,-0.4042783666130022,0,-1.24512743511191,1,-0.2781690328738859,0,1.0
2018-10-16,0.0784594554296683,0,0.2416698559648553,0,0.0,0,0.0
2018-10-17,0.0633398564389638,0,0.1951025935812597,0,0.0,0,0.0
2018-10-18,-0.4198779468876779,0,-1.2931730048503265,1,-0.1571534550342128,0,1.0
2018-10-19,-0.4583572259781348,1,-1.4116863785739644,0,0.0,0,1.0
2018-10-22,0.4189686534711327,1,1.2904133563032656,0,0.0,0,0.0
2018-10-23,-0.2465738229032497,0,-0.7594089401615984,0,0.0,0,0.0
2018-10-24,-1.4260860573236376,1,-4.392220613188372,0,0.0,0,0.0
2018-10-25,0.3765462412498677,0,1.159755420066516,-1,-0.0660852403694119,-1,-1.0
2018-10-26,0.2800165379483287,0,0.8624509727582917,0,0.0,0,0.0
2018-10-29,-0.829750149498515,1,-2.555549501373512,0,0.0,0,0.0
2018-10-30,0.0363454103992471,0,0.1119616681900417,0,0.0,0,0.0
2018-10-31,0.6841197098856493,1,2.1070592754796564,0,0.0,0,0.0
2018-11-01,0.5082719439805184,1,1.5654609791552816,0,0.0,0,0.0
2018-11-02,0.1690215536162222,0,0.5205945146714077,0,0.0,0,0.0
2018-11-05,-0.5202509675198786,1,-1.602314589285691,0,0.0,0,0.0
2018-11-06,-0.0892180907067772,0,-0.2747647592371622,0,0.0,0,0.0
2018-11-07,0.1492506560568094,0,0.4597015918647649,0,0.0,0,0.0
2018-11-08,-0.0873289238789487,0,-0.2689462631638231,0,0.0,0,0.0
2018-11-09,-0.4882679945349933,1,-1.5038093646623227,0,0.0,0,0.0
2018-11-12,-0.7990616318694355,1,-2.461031104855487,0,0.0,0,0.0
2018-11-13,0.0154539010020576,0,0.04761734263707,0,0.0,0,0.0
2018-11-14,-0.0094198578769879,0,-0.0289920209379113,0,0.0,0,0.0
2018-11-15,0.6746822718291892,1,2.0779926544353886,0,0.0,0,0.0
2018-11-16,-0.3550492039687581,0,-1.0935052039146,1,-0.1703668352029305,0,1.0
2018-11-19,-0.7991801081825136,1,-2.46139600326058,0,0.0,0,0.0
2018-11-20,0.1121365698483376,0,0.3453929126689845,0,0.0,0,0.0
2018-11-21,0.2331973025854337,0,0.7182511418577732,0,0.0,0,0.0
2018-11-23,-0.0507090785531718,0,-0.1561598098471356,0,0.0,0,0.0
2018-11-26,0.2554576129617463,0,0.7868112746146881,0,0.0,0,0.0
2018-11-27,-0.2270657404711318,0,-0.6993254687827776,0,0.0,0,0.0
2018-11-28,0.3609084196017096,0,1.1115920696863009,-1,0.2837557308117241,0,-1.0
2018-11-29,-0.0278817503359341,0,-0.0858533034866101,0,0.0,0,0.0
2018-11-30,-0.1301779848715173,0,-0.4009182465053372,0,0.0,0,0.0
2018-12-03,0.1602756426701065,0,0.4936577467014555,0,0.0,0,0.0
2018-12-04,-0.437297161046779,1,-1.346822914266681,0,0.0,0,1.0
2018-12-06,-0.5007584202589155,1,-1.542278965101216,0,0.0,0,0.0
2018-12-07,-0.4912346237446505,1,-1.512946366304091,0,0.0,0,0.0
2018-12-10,0.4068890140723398,1,1.2532089477915953,0,0.0,0,0.0
2018-12-11,-0.0403347249915152,0,-0.1242075573659115,0,0.0,0,0.0
2018-12-12,0.6199767049679159,1,1.9095034975841765,0,0.0,0,0.0
2018-12-13,-0.2798751341493382,0,-0.8619745504974132,0,0.0,0,0.0
2018-12-14,-0.3814702146727529,0,-1.1748799902861915,1,-0.2241438884367386,0,1.0
2018-12-17,0.7141786693306761,1,2.199638678697625,0,0.0,0,0.0
2018-12-18,0.0078514921510237,0,0.0242024777368095,0,0.0,0,0.0
2018-12-19,-0.2403102605082679,0,-0.7401176247184799,0,0.0,0,0.0
2018-12-20,-0.1299141858693326,0,-0.4001057648145983,0,0.0,0,0.0
2018-12-21,-0.1241966772168683,0,-0.3824962550806778,0,0.0,0,0.0
2018-12-24,0.7893272698271956,1,2.431090888457479,0,0.0,0,0.0
2018-12-26,0.081714473172576,0,0.2516950732599986,0,0.0,0,0.0
2018-12-27,0.1567311642018367,0,0.4827410114794168,0,0.0,0,0.0
2018-12-28,-0.0010242017422608,0,-0.0031340122467652,0,0.0,0,0.0
2018-12-31,0.0966082304829731,0,0.2975667597364226,0,0.0,0,0.0
2019-01-02,0.6416445636752555,1,1.976238922401706,0,0.0,0,0.0
2019-01-03,-1.082578966017434,1,-3.334243820198288,0,0.0,0,0.0
2019-01-04,0.4809493473465427,1,1.4813093738621967,0,0.0,0,0.0
2019-01-07,0.002486076974367,0,0.0076773902340321,0,0.0,0,0.0
2019-01-08,-0.4798613707281621,1,-1.4779175763408492,0,0.0,0,1.0
2019-01-09,0.3311965217613318,0,1.0200815909032266,-1,0.349030248002637,0,-1.0
2019-01-10,-0.2033168191104076,0,-0.6261805227420697,0,0.0,0,0.0
2019-01-11,-0.0202305218615914,0,-0.0622880777064421,0,0.0,0,0.0
2019-01-14,-0.1166115178264159,0,-0.3591345172611929,0,0.0,0,0.0
2019-01-15,-0.1927346778133607,0,-0.5935882991875413,0,0.0,0,0.0
2019-01-16,-0.2102363686363036,0,-0.6474922307144033,0,0.0,0,0.0
2019-01-17,-0.0294977685173916,0,-0.0908305216468837,0,0.0,0,0.0
2019-01-18,0.3062630487476392,0,0.9432883121478342,0,0.0,0,0.0
2019-01-22,-0.4533581156487871,1,-1.3962894832902737,0,0.0,0,1.0
2019-01-23,-0.0979265177737779,0,-0.3015860795927316,0,0.0,0,0.0
2019-01-24,0.3989338039564243,1,1.2287074807214553,0,0.0,0,0.0
2019-01-25,0.1575647916607009,0,0.4853085232653422,0,0.0,0,0.0
2019-01-28,-0.4593932350245472,1,-1.414877210892052,0,0.0,0,1.0
2019-01-29,-0.2557951928696864,0,-0.7878100872440881,0,0.0,0,0.0
2019-01-30,0.3426814898283487,0,1.0554544550759335,-1,-0.0135345823611318,-1,-1.0
2019-01-31,-0.2376400291852403,0,-0.7318935069544591,0,0.0,0,0.0
2019-02-01,0.3953559338505643,1,1.2176879016905275,0,0.0,0,0.0
2019-02-04,-0.0417939332249446,0,-0.1287018123207012,0,0.0,0,0.0
2019-02-05,-0.0173025036157593,0,-0.0532699950177777,0,0.0,0,0.0
2019-02-06,0.3491361515778,0,1.075334342596023,-1,-0.0393654787656901,-1,-1.0
2019-02-07,-0.6419467684011119,1,-1.9771287820498151,0,0.0,0,0.0
2019-02-08,0.0008855830842733,0,0.0027479857591412,0,0.0,0,0.0
2019-02-11,0.0029971767347227,0,0.0092515402269855,0,0.0,0,0.0
2019-02-12,0.368850568816937,0,1.136053310134711,-1,0.0191530432477683,0,-1.0
2019-02-13,0.0182425954328909,0,0.0562063181349073,0,0.0,0,0.0
2019-02-14,-0.0265172548851097,0,-0.0816507569958714,0,0.0,0,0.0
2019-02-15,0.0515638175742112,0,0.1588332525761515,0,0.0,0,0.0
2019-02-19,-0.1156281761019941,0,-0.3561058964543818,0,0.0,0,0.0
2019-02-20,0.2369909521395061,0,0.7299353058547488,0,0.0,0,0.0
2019-02-21,-0.1705561067407296,0,-0.5252799175256077,0,0.0,0,0.0
2019-02-22,0.0255493464464778,0,0.078710578454939,0,0.0,0,0.0
2019-02-25,0.2760277607159703,0,0.8501658297407328,0,0.0,0,0.0
2019-02-26,0.0028907575511136,0,0.008923776901462,0,0.0,0,0.0
2019-02-27,-0.2118600736100513,0,-0.6524931236344169,0,0.0,0,0.0
2019-02-28,-0.03352648654167,0,-0.1032386793911094,0,0.0,0,0.0
2019-03-01,0.097289917934591,0,0.2996663073793603,0,0.0,0,0.0
2019-03-04,-0.2582605566985322,0,-0.7954032280647854,0,0.0,0,0.0
2019-03-05,-0.1293953835160385,0,-0.3985078913970606,0,0.0,0,0.0
2019-03-06,-0.0998818441564289,0,-0.3076083422706277,0,0.0,0,0.0
2019-03-07,-0.2267533782294187,0,-0.6983634158554793,0,0.0,0,0.0
2019-03-08,-0.0562269349771752,0,-0.1731544052758598,0,0.0,0,0.0
2019-03-11,0.0229174194594863,0,0.0706044352527913,0,0.0,0,0.0
2019-03-12,-0.2086924574445055,0,-0.6427370968243026,0,0.0,0,0.0
2019-03-13,-0.0128951273935193,0,-0.039695597635251,0,0.0,0,0.0
2019-03-14,-0.1081915440786546,0,-0.3332016120951201,0,0.0,0,0.0
2019-03-15,0.2794639566894928,0,0.8607490627748136,0,0.0,0,0.0
2019-03-18,0.0857984136889424,0,0.2642733122530796,0,0.0,0,0.0
2019-03-19,0.2520021224729014,0,0.7761686158803536,0,0.0,0,0.0
2019-03-20,-0.2046642964753375,0,-0.6303306547691973,0,0.0,0,0.0
2019-03-21,0.0443331068714865,0,0.1365631908687831,0,0.0,0,0.0
2019-03-22,-0.4175950265146946,0,-1.2861417765700704,1,-0.1238400756239229,0,1.0
2019-03-25,-0.2098726548986825,0,-0.6463720189242143,0,0.0,0,0.0
2019-03-26,-0.1712037446840923,0,-0.5272745951659793,0,0.0,0,0.0
2019-03-27,-0.1612431751160264,0,-0.496596767212252,0,0.0,0,0.0
2019-03-28,-0.0278922920713278,0,-0.0858857712629287,0,0.0,0,0.0
2019-03-29,0.2533450263762317,0,0.7803046619792471,0,0.0,0,0.0
2019-04-01,0.4909134947919464,1,1.511998221417229,0,0.0,0,0.0
2019-04-02,-0.1445432744420171,0,-0.4451622908782774,0,0.0,0,0.0
2019-04-03,0.2146572998517977,0,0.6611492853587618,0,0.0,0,0.0
2019-04-04,0.0005242398284483,0,0.0016350748800304,0,0.0,0,0.0
2019-04-05,-0.1293139936623714,0,-0.398257216582642,0,0.0,0,0.0
2019-04-08,0.1829202342781021,0,0.5634014376305071,0,0.0,0,0.0
2019-04-09,-0.0757910987974195,0,-0.2334106032407049,0,0.0,0,0.0
2019-04-10,-0.0566680491439395,0,-0.1745130047438395,0,0.0,0,0.0
2019-04-11,-0.0181720792899627,0,-0.0559482246856358,0,0.0,0,0.0
2019-04-12,-0.0395617568541471,0,-0.12182687186697,0,0.0,0,0.0
2019-04-15,0.0839934800291163,0,0.2587142481949802,0,0.0,0,0.0
2019-04-16,0.8054526665248272,1,2.480755934436531,0,0.0,0,0.0
2019-04-17,0.1947880455382894,0,0.5999534309215924,0,0.0,0,0.0
2019-04-18,-0.1523128550372589,0,-0.469092032560683,0,0.0,0,0.0
2019-04-22,0.1970803609010251,0,0.6070135950852112,0,0.0,0,0.0
2019-04-23,-0.0394637214276203,0,-0.1215249299019239,0,0.0,0,0.0
2019-04-24,-0.2143248674835715,0,-0.6600845090342716,0,0.0,0,0.0
2019-04-25,-0.0787707013900981,0,-0.2425875619561714,0,0.0,0,0.0
2019-04-26,-0.082344332073696,0,-0.2535940838756671,0,0.0,0,0.0
2019-04-29,0.2396713044787024,0,0.7381905956105536,0,0.0,0,0.0
2019-04-30,-0.3153473985165259,0,-0.9712265381422344,0,0.0,0,0.0
2019-05-01,-0.001021340486128,0,-0.0031251997865163,0,0.0,0,0.0
2019-05-02,-0.0999977271669493,0,-0.307965253492944,0,0.0,0,0.0
2019-05-03,-0.078360532244937,0,-0.2413242708982462,0,0.0,0,0.0
2019-05-06,-0.0890764646576962,0,-0.2743285613332388,0,0.0,0,0.0
2019-05-07,-0.0100896999702412,0,-0.0310550857408388,0,0.0,0,0.0
2019-05-08,0.060426315909332,0,0.1861291012027903,0,0.0,0,0.0
2019-05-09,-0.2085323003069581,0,-0.6422438245191733,0,0.0,0,0.0
2019-05-10,-0.3552221102000026,0,-1.094037742498664,1,-0.0625286004508001,0,1.0
2019-05-13,-0.8687369300484802,1,-2.6756259425858784,0,0.0,0,0.0
2019-05-14,0.2592785584520581,0,0.7985795081048858,0,0.0,0,0.0
2019-05-15,0.1171104452984029,0,0.3607120863645905,0,0.0,0,0.0
2019-05-16,-0.1413153896434307,0,-0.4352206410731336,0,0.0,0,0.0
2019-05-17,-0.3818548496654316,0,-1.1760646380163988,1,0.2212189765984381,1,1.0
2019-05-20,-0.228639205368743,0,-0.7041716259317525,0,0.0,0,0.0
2019-05-21,0.1072062789730854,0,0.330207976285654,0,0.0,0,0.0
2019-05-22,-0.23016933472568,0,-0.7088843127754402,0,0.0,0,0.0
2019-05-23,-0.5001097391632222,1,-1.5402810746277318,0,0.0,0,0.0
2019-05-24,-0.1568018963260971,0,-0.4829179523933877,0,0.0,0,0.0
2019-05-28,0.19732983185111,0,0.607781947420272,0,0.0,0,0.0
2019-05-29,0.3667787675634923,0,1.1296723133480149,-1,0.1177923986785614,0,-1.0
2019-05-30,-0.0207290855811175,0,-0.0638236176077573,0,0.0,0,0.0
2019-05-31,-0.5407698051331049,1,-1.6655111129189526,0,0.0,0,0.0
2019-06-03,-0.3249203640662838,0,-1.0007105739833144,1,-0.1196382476749892,0,1.0
2019-06-04,0.6856422729862869,1,2.111748658805667,0,0.0,0,0.0
2019-06-05,-0.5736968348217169,1,-1.7669239633500198,0,0.0,0,0.0
2019-06-06,0.0144536395535581,0,0.0445366103138709,0,0.0,0,0.0
2019-06-07,0.3131581997733613,0,0.964524874518749,0,0.0,0,0.0
2019-06-10,0.3787651728011099,0,1.1665895674418174,-1,-0.0572167745834201,-1,-1.0
2019-06-11,-0.0517254896827273,0,-0.1592902820103665,0,0.0,0,0.0
2019-06-12,-0.3668805197395822,0,-1.1299447937596654,1,0.0228284517005009,1,1.0
2019-06-13,-0.0774809661736359,0,-0.2386152715358182,0,0.0,0,0.0
2019-06-14,-0.3871366121744117,0,-1.192332081402611,1,-0.0442181797710623,0,1.0
2019-06-17,-0.1322596450489331,0,-0.4073296080589605,0,0.0,0,0.0
2019-06-18,0.5846083752826893,1,1.8005716211809708,0,0.0,0,0.0
2019-06-19,-0.082964527221924,0,-0.2555042397081281,0,0.0,0,0.0
2019-06-20,0.1041037310467191,0,0.3206523549074941,0,0.0,0,0.0
2019-06-21,0.1437513643800526,0,0.4427641745038351,0,0.0,0,0.0
2019-06-24,0.0935096232055094,0,0.288023275269534,0,0.0,0,0.0
2019-06-25,0.0646469247618355,0,0.1991282687054397,0,0.0,0,0.0
2019-06-26,0.7630930630505902,1,2.350291444560669,0,0.0,0,0.0
2019-06-27,-0.0619814845520884,0,-0.1908779983499314,0,0.0,0,0.0
2019-06-28,-0.0919007838667986,0,-0.2830272585504176,0,0.0,0,0.0
2019-07-01,0.385848003953169,0,1.1884041709163815,-1,-0.0398783719500738,-1,0.0
2019-07-02,-0.5131210278111238,1,-1.5803548948916182,0,0.0,0,0.0
2019-07-03,-0.3099994100534279,0,-0.954755123646477,0,0.0,0,0.0
2019-07-05,-0.0160872164673655,0,-0.0495269992183877,0,0.0,0,0.0
2019-07-08,-0.2509671717112605,0,-0.7729401341311656,0,0.0,0,0.0
2019-07-09,-0.0466715662015551,0,-0.1437245662159826,0,0.0,0,0.0
2019-07-10,-0.0158759186412618,0,-0.0488762173216387,0,0.0,0,0.0
2019-07-11,0.3038917985449784,0,0.9359850344331048,0,0.0,0,0.0
2019-07-12,0.310090824309869,0,0.9550775817614964,0,0.0,0,0.0
2019-07-15,0.0195588026270519,0,0.0602601403162596,0,0.0,0,0.0
2019-07-16,-0.0270831146233033,0,-0.0833935637275165,0,0.0,0,0.0
2019-07-17,-0.1172136899659022,0,-0.3609891635409511,0,0.0,0,0.0
2019-07-18,0.0099369144506598,0,0.0306254263525405,0,0.0,0,0.0
2019-07-19,0.3536159144937598,0,1.0891316857168325,-1,-0.0573719849492528,-1,-1.0
2019-07-22,0.2739732018815408,0,0.8438379383473013,0,0.0,0,0.0
2019-07-23,0.0027391822609323,0,0.0084569360604398,0,0.0,0,0.0
2019-07-24,0.2855294128079854,0,0.8794302253320796,0,0.0,0,0.0
2019-07-25,-0.1939344338816364,0,-0.5972834603926801,0,0.0,0,0.0
2019-07-26,0.1123163247303673,0,0.3459465445980692,0,0.0,0,0.0
2019-07-29,-0.1415794075361272,0,-0.4360337969306876,0,0.0,0,0.0
2019-07-30,-0.2265008172723668,0,-0.697585546524281,0,0.0,0,0.0
2019-07-31,-0.1954820876048335,0,-0.6020501210065876,0,0.0,0,0.0
2019-08-01,-0.3028371552185699,0,-0.9326959010203968,0,0.0,0,0.0
2019-08-02,-0.5291328972232279,1,-1.629670285109555,0,0.0,0,0.0
2019-08-05,-0.2130547666085842,0,-0.6561726909539424,0,0.0,0,0.0
2019-08-06,-0.0772077352696641,0,-0.2377737402753407,0,0.0,0,0.0
2019-08-07,-0.1339044654169499,0,-0.4123955348536069,0,0.0,0,0.0
2019-08-08,0.0898118102233557,0,0.27663428092575,0,0.0,0,0.0
2019-08-09,-0.2377945180334346,0,-0.7323693213417075,0,0.0,0,0.0
2019-08-12,-0.2006511189935776,0,-0.6179703607627264,0,0.0,0,0.0
2019-08-13,0.4016541388978259,1,1.2370859139765564,0,0.0,0,0.0
2019-08-14,-0.2261817590627561,0,-0.6966028705041222,0,0.0,0,0.0
2019-08-15,-0.3832523399683579,0,-1.180368806245656,1,-0.040889997621601,0,1.0
2019-08-16,0.1208688663103979,0,0.3722877490208021,0,0.0,0,0.0
2019-08-19,-0.0240395898381521,0,-0.0740197293203838,0,0.0,0,0.0
2019-08-20,0.0065684502436642,0,0.0202508022204221,0,0.0,0,0.0
2019-08-21,-0.0876209839992407,0,-0.2698457870375572,0,0.0,0,0.0
2019-08-22,-0.1097827905027389,0,-0.3381025350490192,0,0.0,0,0.0
2019-08-23,-0.199261478837504,0,-0.6136903704133495,0,0.0,0,0.0
2019-08-26,-0.1095169923457727,0,-0.3372838961073296,0,0.0,0,0.0
2019-08-27,-0.0885362292492537,0,-0.2726646756687236,0,0.0,0,0.0
2019-08-28,-0.0680390466595629,0,-0.2095348479288863,0,0.0,0,0.0
2019-08-29,0.1192474522588542,0,0.3672939119741248,0,0.0,0,0.0
2019-08-30,0.0733471437419154,0,0.2259243087518191,0,0.0,0,0.0
2019-09-03,-0.549799559227335,1,-1.693322097087506,0,0.0,0,0.0
2019-09-04,0.1000615762813382,0,0.3082028129804685,0,0.0,0,0.0
2019-09-05,0.6152397177395995,1,1.8949139223378773,0,0.0,0,0.0
2019-09-06,-0.0236137632657605,0,-0.0727082145283143,0,0.0,0,0.0
2019-09-09,0.1635607854398,0,0.5037757468824089,0,0.0,0,0.0
2019-09-10,0.1592441782595482,0,0.4904809115304077,0,0.0,0,0.0
2019-09-11,0.1198863070620808,0,0.3692615381833361,0,0.0,0,0.0
2019-09-12,-0.1085198474201468,0,-0.3342127624473271,0,0.0,0,0.0
2019-09-13,0.2086745628560651,0,0.6427228916677913,0,0.0,0,0.0
2019-09-16,-0.2202023247336636,0,-0.6781866487855753,0,0.0,0,0.0
2019-09-17,-0.2567108237511509,0,-0.7906301635920057,0,0.0,0,0.0
2019-09-18,0.0264854240130834,0,0.0815936291021369,0,0.0,0,0.0
2019-09-19,-0.0767698727563329,0,-0.2364251556628276,0,0.0,0,0.0
2019-09-20,-0.1665240770175144,0,-0.5128615599901428,0,0.0,0,0.0
2019-09-23,-0.0568361609775106,0,-0.1750307769326722,0,0.0,0,0.0
2019-09-24,-0.3315173881236403,0,-1.0210289270308182,1,-0.0826952831371945,0,1.0
2019-09-25,0.2363115789876135,0,0.7278428860862084,0,0.0,0,0.0
2019-09-26,-0.2449590858985642,0,-0.75443566793236,0,0.0,0,0.0
2019-09-27,-0.1861735137358498,0,-0.5733803922630842,0,0.0,0,0.0
2019-09-30,0.0869992009310552,0,0.2679716493984444,0,0.0,0,0.0
2019-10-01,-0.1010604105536432,0,-0.3112382408340292,0,0.0,0,0.0
2019-10-02,-0.1985625094369072,0,-0.6115375956277415,0,0.0,0,0.0
2019-10-03,-0.0361802441936136,0,-0.1114120594494367,0,0.0,0,0.0
2019-10-04,0.1497673330821769,0,0.4612929194272655,0,0.0,0,0.0
2019-10-07,-0.0479426295971899,0,-0.1476393487897203,0,0.0,0,0.0
2019-10-08,-0.2712503404794244,0,-0.8354108149063986,0,0.0,0,0.0
2019-10-09,0.1401901591761543,0,0.4317959221557592,0,0.0,0,0.0
2019-10-10,0.0824113488885721,0,0.2538413996497062,0,0.0,0,0.0
2019-10-11,0.4443297189785834,1,1.3685235887597669,0,0.0,0,0.0
2019-10-14,0.0166040190517088,0,0.0511596223644058,0,0.0,0,0.0
2019-10-15,0.2767152362100022,0,0.8522832041322467,0,0.0,0,0.0
2019-10-16,-0.2785447267994552,0,-0.8578769928718999,0,0.0,0,0.0
2019-10-17,-0.0717231643524415,0,-0.2208816617803514,0,0.0,0,0.0
2019-10-18,-0.3934128956186101,0,-1.211662576749709,1,0.1182721247778013,1,1.0
2019-10-21,0.0966984411033596,0,0.2978446018691345,0,0.0,0,0.0
2019-10-22,-0.1981418094338101,0,-0.6102418702952741,0,0.0,0,0.0
2019-10-23,-0.1375798881538727,0,-0.4237155688747567,0,0.0,0,0.0
2019-10-24,0.3424465700154929,0,1.0547309191824823,-1,-0.1589758129497814,-1,-1.0
2019-10-25,0.4612272843632459,1,1.4205668579890172,0,0.0,0,0.0
2019-10-28,0.4941949973651286,1,1.522105010058367,0,0.0,0,0.0
2019-10-29,-0.0488435305523226,0,-0.1504140580386288,0,0.0,0,0.0
2019-10-30,-0.0958269434642256,0,-0.2951195438184104,0,0.0,0,0.0
2019-10-31,-0.1971694940708375,0,-0.6072472098776942,0,0.0,0,0.0
2019-11-01,0.2708668178937007,0,0.8342705021795245,0,0.0,0,0.0
2019-11-04,0.544111473550335,1,1.6758441168435456,0,0.0,0,0.0
2019-11-05,0.4410267026903614,1,1.358350539445067,0,0.0,0,0.0
2019-11-06,-0.2069210841896626,0,-0.6372813963663562,0,0.0,0,0.0
2019-11-07,0.4821263525595788,1,1.4849344640921698,0,0.0,0,0.0
2019-11-08,0.2872063525052075,0,0.8845950773185655,0,0.0,0,0.0
2019-11-11,-0.1021240512877464,0,-0.3145141767353263,0,0.0,0,0.0
2019-11-12,0.2109497745438499,0,0.6497303777597462,0,0.0,0,0.0
2019-11-13,-0.3923397744327513,0,-1.2083574417483107,1,-0.0552700740152446,0,1.0
2019-11-14,-0.3108301114486775,0,-0.9573136233698356,0,0.0,0,0.0
2019-11-15,0.056738857165294,0,0.1747719971573807,0,0.0,0,0.0
2019-11-18,-0.1362295632194523,0,-0.4195566665412408,0,0.0,0,0.0
2019-11-19,-0.0105697967899825,0,-0.032533748937407,0,0.0,0,0.0
2019-11-20,-0.2314033374713388,0,-0.7126849512496813,0,0.0,0,0.0
2019-11-21,0.1970861270265156,0,0.6070313543312614,0,0.0,0,0.0
2019-11-22,0.0671718884813274,0,0.2069049728433553,0,0.0,0,0.0
2019-11-25,0.3336519240025481,0,1.0276440507604148,-1,0.0815607904712672,0,-1.0
2019-11-26,-0.3816767249250087,0,-1.1755160268045943,1,-0.4515964994803439,0,1.0
2019-11-27,0.0832147710698689,0,0.2563158813832659,0,0.0,0,0.0
2019-11-29,-0.0206052455074342,0,-0.0634421992111212,0,0.0,0,0.0
2019-12-02,0.152911235919075,0,0.4709759109142997,0,0.0,0,0.0
2019-12-03,-0.3795170630444164,0,-1.168864425693003,1,0.010002450592657,1,1.0
2019-12-04,-0.0013055361559463,0,-0.0040005017262602,0,0.0,0,0.0
2019-12-05,-0.0846903313093079,0,-0.260819590453164,0,0.0,0,0.0
2019-12-06,0.2228925978346404,0,0.6865134026352784,0,0.0,0,0.0
2019-12-09,-0.0954538449273281,0,-0.2939704275307813,0,0.0,0,0.0
2019-12-10,0.14276988769979,0,0.4397412978970368,0,0.0,0,0.0
2019-12-11,0.4637019328759509,1,1.42818859495897,0,0.0,0,0.0
2019-12-12,0.7292089519737057,1,2.2459308532432507,0,0.0,0,0.0
2019-12-13,-0.0960959595066914,0,-0.2959480936127936,0,0.0,0,0.0
2019-12-16,-0.0885288868101091,0,-0.2726420614915625,0,0.0,0,0.0
2019-12-17,0.2229455938451587,0,0.6866766264832526,0,0.0,0,0.0
2019-12-18,-0.284377338026517,0,-0.8758410101424027,0,0.0,0,0.0
2019-12-19,-0.0269346322824294,0,-0.0829362489448256,0,0.0,0,0.0
2019-12-20,-0.0648360942601537,0,-0.1996699880951597,0,0.0,0,0.0
2019-12-23,0.2017513409502242,0,0.621399873033014,0,0.0,0,0.0
2019-12-24,-0.0989574497421362,0,-0.3047612748806284,0,0.0,0,0.0
2019-12-26,-0.0363878237539727,0,-0.1120513893588249,0,0.0,0,0.0
2019-12-27,-0.1004176768331147,0,-0.3092586678423753,0,0.0,0,0.0
2019-12-30,-0.1366571126216632,0,-0.4208734875235266,0,0.0,0,0.0
2019-12-31,-0.2259427442798383,0,-0.6958667224014816,0,0.0,0,0.0
2020-01-02,0.8280122163818402,1,2.550237702973725,0,0.0,0,0.0
2020-01-03,-0.4413211718244425,1,-1.3592165740345807,0,0.0,0,1.0
2020-01-06,-0.1111555857874268,0,-0.3423306444228411,0,0.0,0,0.0
2020-01-07,0.365843889219077,0,1.126792956217717,-1,-0.0402234262021051,-1,-1.0
2020-01-08,0.0669062672624657,0,0.2060868788581252,0,0.0,0,0.0
2020-01-09,0.0502687693551901,0,0.1548445984953362,0,0.0,0,0.0
2020-01-10,-0.3653814389725687,0,-1.1253277343089063,1,-0.1495726959871979,0,1.0
2020-01-13,-0.1196185375272012,0,-0.3683959186703968,0,0.0,0,0.0
2020-01-14,0.0472493874026289,0,0.145545122252107,0,0.0,0,0.0
2020-01-15,-0.2745187517015746,0,-0.8454772831409679,0,0.0,0,0.0
2020-01-16,-0.0098051759455251,0,-0.0301787724919532,0,0.0,0,0.0
2020-01-17,-0.0510656959040157,0,-0.157258165283513,0,0.0,0,0.0
2020-01-21,-0.3870911002982772,0,-1.1921919081428023,1,-0.0978306185278166,0,1.0
2020-01-22,0.1227584323049356,0,0.3781074744984987,0,0.0,0,0.0
2020-01-23,-0.1623917332190879,0,-0.5001342424178412,0,0.0,0,0.0
2020-01-24,-0.1864021119719245,0,-0.5740844581610135,0,0.0,0,0.0
2020-01-27,-0.5768361623847637,1,-1.776592863327217,0,0.0,0,0.0
2020-01-28,0.2137377288934096,0,0.6583170738612267,0,0.0,0,0.0
2020-01-29,0.0204518153285092,0,0.0630105543190526,0,0.0,0,0.0
2020-01-30,-0.050720460957281,0,-0.156194866821797,0,0.0,0,0.0
2020-01-31,-0.337443960648459,0,-1.0392823382468377,1,-0.3114117313017127,0,1.0
2020-02-03,0.1390619313719188,0,0.4283210627880867,0,0.0,0,0.0
2020-02-04,0.4017407630325249,1,1.2373527099948742,0,0.0,0,0.0
2020-02-05,0.2425961639585035,0,0.7471989495301768,0,0.0,0,0.0
2020-02-06,0.0104670877243587,0,0.0322583213757672,0,0.0,0,0.0
2020-02-07,-0.2580412515575992,0,-0.7947277842222483,0,0.0,0,0.0
2020-02-10,-0.0668570535636634,0,-0.2058943953834059,0,0.0,0,0.0
2020-02-11,0.0943486449318029,0,0.2906074010057964,0,0.0,0,0.0
2020-02-12,0.1821725008589167,0,0.5610984732234753,0,0.0,0,0.0
2020-02-13,-0.3441990272889834,0,-1.0600874509261728,1,0.1328381971773679,1,1.0
2020-02-14,-0.4104230054147704,0,-1.264052474559734,1,0.1024881218872419,1,1.0
2020-02-18,-0.2436004557609503,0,-0.7502511861786163,0,0.0,0,0.0
2020-02-19,0.5737438280883821,1,1.7671096080556687,0,0.0,0,0.0
2020-02-20,-0.4535833809166321,1,-1.396983283889092,0,0.0,0,1.0
2020-02-21,-0.3984958695320096,0,-1.2273177657570211,1,0.0145017181676254,1,1.0
2020-02-24,-0.575145477958116,1,-1.771385678576354,0,0.0,0,0.0
2020-02-25,0.0231796511902491,0,0.071412089861835,0,0.0,0,0.0
2020-02-26,0.2085916538816967,0,0.6424675380723857,0,0.0,0,0.0
2020-02-27,0.6931320724902812,1,2.1348166951284195,0,0.0,0,0.0
2020-02-28,0.9939253173968536,1,3.061237955863509,0,0.0,0,0.0
2020-03-02,-0.8174268039004047,1,-2.517594495538785,0,0.0,0,0.0
2020-03-03,-0.6531332011683851,1,-2.011582179268242,0,0.0,0,0.0
2020-03-04,-0.3935262839442031,0,-1.2120118045243589,1,0.0858839884439202,1,1.0
2020-03-05,-0.3210789394315192,0,-0.9888792662215236,0,0.0,0,0.0
2020-03-06,0.1975115112579555,0,0.6083415067454545,0,0.0,0,0.0
2020-03-09,0.7088215412276364,1,2.1831391147773016,0,0.0,0,0.0
2020-03-10,0.0225746671672433,0,0.0695487831858766,0,0.0,0,0.0
2020-03-11,0.5227197688657661,1,1.609959226279243,0,0.0,0,0.0
2020-03-12,0.6293008165954834,1,1.9382210814911185,0,0.0,0,0.0
2020-03-13,-0.0617778472644121,0,-0.1902508103529393,0,0.0,0,0.0
2020-03-16,2.4067569690619264,1,7.412656420558543,0,0.0,0,0.0
2020-03-17,-0.9405417060720682,1,-2.896779416797824,0,0.0,0,0.0
2020-03-18,0.3928016468796373,0,1.2098208840764173,-1,0.030319624611725,0,0.0
2020-03-19,0.6716817246463198,1,2.0687511879093954,0,0.0,0,0.0
2020-03-20,1.5565527121766911,1,4.794089305493824,0,0.0,0,0.0
2020-03-23,1.799101254844581,1,5.541121130485898,0,0.0,0,0.0
2020-03-24,-0.5033438639958847,1,-1.5502419432828125,0,0.0,0,0.0
2020-03-25,-1.0965022013915662,1,-3.3771263698806164,0,0.0,0,0.0
2020-03-26,-1.1307791727008594,1,-3.4826969420668337,0,0.0,0,0.0
2020-03-27,-1.3664908162341172,1,-4.2086716162648745,0,0.0,0,0.0
2020-03-30,0.3387711083235645,0,1.0434107651827562,-1,0.0279777784197626,0,-1.0
2020-03-31,0.8989970803678758,1,2.7688659078972697,0,0.0,0,0.0
2020-04-01,1.0255329400729845,1,3.1585871289061256,0,0.0,0,0.0
2020-04-02,0.2202235736748555,0,0.67829300284602,0,0.0,0,0.0
2020-04-03,0.1317188859175986,0,0.4057050182371549,0,0.0,0,0.0
2020-04-06,-0.8294106496122904,1,-2.554503866479972,0,0.0,0,0.0
2020-04-07,-0.2409185284717835,0,-0.7419910456917462,0,0.0,0,0.0
2020-04-08,-1.1959228187890556,1,-3.683334621801471,0,0.0,0,0.0
2020-04-09,-1.7028440630007298,1,-5.24461508972503,0,0.0,0,0.0
2020-04-13,1.1841892168078618,1,3.647236892174292,0,0.0,0,0.0
2020-04-14,-0.0684795214540106,0,-0.210891478176753,0,0.0,0,0.0
2020-04-15,0.8298362303275202,1,2.555855532920938,0,0.0,0,0.0
2020-04-16,0.5498168315842535,1,1.6934162035583575,0,0.0,0,0.0
2020-04-17,-0.7827410817994453,1,-2.410765000719981,0,0.0,0,0.0
2020-04-20,0.7313490581565061,1,2.2525222242316274,0,0.0,0,0.0
2020-04-21,-0.3367862219706625,0,-1.0372565510809466,1,0.0292917867115781,1,1.0
2020-04-22,0.1309060742217107,0,0.4032016174833296,0,0.0,0,0.0
2020-04-23,0.3137666251111564,0,0.9663987801933208,0,0.0,0,0.0
2020-04-24,0.0063904288257661,0,0.0197025092344603,0,0.0,0,0.0
2020-04-27,-0.6392256691318554,1,-1.9687479947206552,0,0.0,0,0.0
2020-04-28,-0.4961184734151027,1,-1.527988267163089,0,0.0,0,0.0
2020-04-29,0.5837354141511129,1,1.7978829645512684,0,0.0,0,0.0
2020-04-30,0.12048722162536,0,0.3711123112200781,0,0.0,0,0.0
2020-05-01,-0.1219197616066649,0,-0.3754835210319222,0,0.0,0,0.0
2020-05-04,-0.0137285763966157,0,-0.0422625597904246,0,0.0,0,0.0
2020-05-05,0.0476435070171168,0,0.1467589819258762,0,0.0,0,0.0
2020-05-06,0.7996170283463548,1,2.4627825943764066,0,0.0,0,0.0
2020-05-07,-0.1573348258674617,0,-0.4845593365200401,0,0.0,0,0.0
2020-05-08,-0.1623243812885608,0,-0.4999268033830609,0,0.0,0,0.0
2020-05-11,0.3587783255942259,0,1.1050315354678206,-1,0.1167365722982029,0,-1.0
2020-05-12,0.6166766534926442,1,1.899339579677172,0,0.0,0,0.0
2020-05-13,0.0566135870218951,0,0.1743861742502998,0,0.0,0,0.0
2020-05-14,0.1333101356542345,0,0.4106059513934714,0,0.0,0,0.0
2020-05-15,-0.0323733658378142,0,-0.0996871517077744,0,0.0,0,0.0
2020-05-18,-0.8260400849563547,1,-2.5441227731182807,0,0.0,0,0.0
2020-05-19,0.4230117759386712,1,1.3028658786823728,0,0.0,0,0.0
2020-05-20,0.2934890631278707,0,0.903945367906671,0,0.0,0,0.0
2020-05-21,-0.1782098550034074,0,-0.5488529040701071,0,0.0,0,0.0
2020-05-22,-0.2822791624125934,0,-0.8693787822486265,0,0.0,0,0.0
2020-05-26,-0.667436380475835,1,-2.0556349285600133,0,0.0,0,0.0
2020-05-27,-0.1640761798693848,0,-0.505322215272397,0,0.0,0,0.0
2020-05-28,-0.3781960773396884,0,-1.164795886047549,1,0.1453670707189776,1,1.0
2020-05-29,0.3239821381784904,0,0.9978618155345396,0,0.0,0,0.0
2020-06-01,-0.5237557982082715,1,-1.6131092122367896,0,0.0,0,0.0
2020-06-02,-0.073490867372186,0,-0.226326058181825,0,0.0,0,0.0
2020-06-03,-0.354797627778544,0,-1.092730367593454,1,0.1783971281696535,1,1.0
2020-06-04,0.4239478824457207,1,1.3057490184640272,0,0.0,0,0.0
2020-06-05,-0.397004844191011,0,-1.2227255164309934,1,-0.2565466107501831,0,1.0
2020-06-08,-0.6517190568419192,1,-2.00722671786088,0,0.0,0,0.0
2020-06-09,0.3698763656429229,0,1.139212689558551,-1,0.1849168517933936,0,-1.0
2020-06-10,0.4969909951185052,1,1.5307164792570858,0,0.0,0,0.0
2020-06-11,0.3477497393656947,0,1.0710642940786896,-1,-0.0699233995678351,-1,-1.0
2020-06-12,-0.4415507576086949,1,-1.3599236815088858,0,0.0,0,1.0
2020-06-15,-0.1618621201033764,0,-0.4985030726403692,0,0.0,0,0.0
2020-06-16,-0.0751359657790875,0,-0.2313928413159621,0,0.0,0,0.0
2020-06-17,0.3880328685074315,0,1.195133394425121,-1,0.0101185827490396,0,0.0
2020-06-18,0.2501219311945181,0,0.7703777638448167,0,0.0,0,0.0
2020-06-19,0.6450345600585328,1,1.9866798640666647,0,0.0,0,0.0
2020-06-22,-0.0719591573690171,0,-0.2216085030630025,0,0.0,0,0.0
2020-06-23,0.2629938636121363,0,0.810022377081163,0,0.0,0,0.0
2020-06-24,0.0126503319858357,0,0.0389825545008776,0,0.0,0,0.0
2020-06-25,0.0931703239677538,0,0.2869782583586468,0,0.0,0,0.0
2020-06-26,0.0503534031977848,0,0.155105264559103,0,0.0,0,0.0
2020-06-29,-0.224829699028408,0,-0.6924386241893506,0,0.0,0,0.0
2020-06-30,-0.1462073638627211,0,-0.4502875649501184,0,0.0,0,0.0
2020-07-01,-0.7352327829967225,1,-2.264442904670689,0,0.0,0,0.0
2020-07-02,0.1783747952182853,0,0.549401816775664,0,0.0,0,0.0
2020-07-06,0.4612584635774376,1,1.420662887695167,0,0.0,0,0.0
2020-07-07,0.2108362532839847,0,0.6493807405572309,0,0.0,0,0.0
2020-07-08,0.0595015566978427,0,0.1832809102640261,0,0.0,0,0.0
2020-07-09,0.2800309273041471,0,0.8624952909249534,0,0.0,0,0.0
2020-07-10,-0.212426045542286,0,-0.6542362759155275,0,0.0,0,0.0
2020-07-13,-0.0389980767467564,0,-0.120090778239261,0,0.0,0,0.0
2020-07-14,0.0190800014801058,0,0.0587854676974214,0,0.0,0,0.0
2020-07-15,0.0908210147245933,0,0.279742557199263,0,0.0,0,0.0
2020-07-16,0.0376836188238138,0,0.1160832525567335,0,0.0,0,0.0
2020-07-17,-0.2174902445776432,0,-0.669833639667517,0,0.0,0,0.0
2020-07-20,0.6569844439152732,1,2.0234846349704725,0,0.0,0,0.0
2020-07-21,-0.0907327243573238,0,-0.2794297204351007,0,0.0,0,0.0
2020-07-22,-0.4919065708571557,1,-1.5150159144128184,0,0.0,0,0.0
2020-07-23,-0.1054412835439344,0,-0.3247310101947456,0,0.0,0,0.0
2020-07-24,-0.1946930673298329,0,-0.5996199960942458,0,0.0,0,0.0
2020-07-27,0.290824409720502,0,0.8957384297161431,0,0.0,0,0.0
2020-07-28,-0.7624808768879885,1,-2.348365046948902,0,0.0,0,0.0
2020-07-29,-0.1342802838394572,0,-0.4135530281905828,0,0.0,0,0.0
2020-07-30,0.0396813676702865,0,0.1222361733297919,0,0.0,0,0.0
2020-07-31,-0.175785373290999,0,-0.5413856771869494,0,0.0,0,0.0
2020-08-03,0.5703516527024476,1,1.7566619552214169,0,0.0,0,0.0
2020-08-04,-0.2572333731449721,0,-0.7922395776211354,0,0.0,0,0.0
2020-08-05,0.2772103548591853,0,0.8538081334681169,0,0.0,0,0.0
2020-08-06,-0.1025538448478182,0,-0.3158379095601814,0,0.0,0,0.0
2020-08-07,-0.6035916557151983,1,-1.8589978317980664,0,0.0,0,0.0
2020-08-10,0.0760693265009038,0,0.2343084331503462,0,0.0,0,0.0
2020-08-11,0.4706633759362102,1,1.4496293319623028,0,0.0,0,0.0
2020-08-12,-0.0886108635994129,0,-0.2728945440249434,0,0.0,0,0.0
2020-08-13,0.2183463552570781,0,0.672511307004371,0,0.0,0,0.0
2020-08-14,-0.0435742399658043,0,-0.1341850272641576,0,0.0,0,0.0
2020-08-17,-0.2161480097157767,0,-0.6656996541675461,0,0.0,0,0.0
2020-08-18,0.1099052176884008,0,0.3385205107246034,0,0.0,0,0.0
2020-08-19,0.3780563958722093,0,1.1644065861841897,-1,0.0,0,-1.0
2020-08-20,-0.1388454955537686,0,-0.4276135473794649,0,0.0,0,0.0
2020-08-21,-0.1067263078690581,0,-0.3286887914132902,0,0.0,0,0.0
2020-08-24,-0.0951692174651664,0,-0.293093795702106,0,0.0,0,0.0
2020-08-25,0.1683397008100122,0,0.5184944577483839,0,0.0,0,0.0
2020-08-26,0.5163439073695735,1,1.5903220377931462,0,0.0,0,0.0
2020-08-27,-0.4070611173275593,0,-1.253698104397027,1,0.201919963654921,1,1.0
2020-08-28,0.1569589129694265,0,0.4834424610763549,0,0.0,0,0.0
2020-08-31,0.0283472849379854,0,0.0873280249855844,0,0.0,0,0.0
2020-09-01,0.274092415635652,0,0.8442051080170024,0,0.0,0,0.0
2020-09-02,-0.1841326824132971,0,-0.5670947806052355,0,0.0,0,0.0
2020-09-03,-0.5943266322840719,1,-1.830462235227504,0,0.0,0,0.0
2020-09-04,-0.079850632626375,0,-0.2459136714162746,0,0.0,0,0.0
2020-09-08,-0.465505600318347,1,-1.4337028502886888,0,0.0,0,1.0
2020-09-09,-0.011259880045394,0,-0.0346591550438142,0,0.0,0,0.0
2020-09-10,0.0598203099884098,0,0.184262647155765,0,0.0,0,0.0
2020-09-11,0.0432335445733828,0,0.1331766191697334,0,0.0,0,0.0
2020-09-14,-0.3834249599828402,0,-1.1809004633029627,1,0.0,0,1.0
2020-09-15,0.0145040360107013,0,0.044691827727007,0,0.0,0,0.0
2020-09-16,-0.3396725049448614,0,-1.0461460921762795,1,0.0,0,1.0
2020-09-17,0.3684073887871279,0,1.1346883479591945,-1,0.0154994816215474,0,-1.0
2020-09-18,0.352867488234571,0,1.0868265874131111,-1,-0.1690705029593787,-1,-1.0
2020-09-21,0.4350449186547422,1,1.3399270808017567,0,0.0,0,0.0
2020-09-22,-0.0701238581735133,0,-0.2159559153692433,0,0.0,0,0.0
2020-09-23,0.3509684652678411,0,1.0809777351506569,-1,-0.0765559863561178,-1,-1.0
2020-09-24,-0.0434080020566054,0,-0.133673026625746,0,0.0,0,0.0
2020-09-25,-0.2660843818056218,0,-0.81950003888822,0,0.0,0,0.0
2020-09-28,-0.0640437282254087,0,-0.1972295584867748,0,0.0,0,0.0
2020-09-29,0.123734694639975,0,0.3811142913022345,0,0.0,0,0.0
2020-09-30,-0.2177555120857734,0,-0.670650644249486,0,0.0,0,0.0
2020-10-01,-0.3700091696963605,0,-1.1395808074881577,1,-0.2343330256528979,0,1.0
2020-10-02,-0.8939521599698028,1,-2.753287012071308,0,0.0,0,0.0
2020-10-05,0.1437228953082614,0,0.4426764918386576,0,0.0,0,0.0
2020-10-06,-0.1254483304812492,0,-0.3863512558655231,0,0.0,0,0.0
2020-10-07,0.3260602001127329,0,1.00426209476157,-1,0.0925862529351934,0,-1.0
2020-10-08,-0.3670087495454983,0,-1.1303397322114832,1,-0.0551609343821538,0,1.0
2020-10-09,0.3016233132241107,0,0.9289982650607737,0,0.0,0,0.0
2020-10-12,0.1172710712352128,0,0.361206802537264,0,0.0,0,0.0
2020-10-13,0.2268632278605093,0,0.6987426535801279,0,0.0,0,0.0
2020-10-14,0.1856332402431749,0,0.5717572981729381,0,0.0,0,0.0
2020-10-15,-0.1781432552126228,0,-0.5486477815708882,0,0.0,0,0.0
2020-10-16,0.196167892382064,0,0.6042032585832079,0,0.0,0,0.0
2020-10-19,0.2260507509432506,0,0.6962402839200689,0,0.0,0,0.0
2020-10-20,-0.2202329351381118,0,-0.6782809265991923,0,0.0,0,0.0
2020-10-21,0.0672368113466561,0,0.2071049305344498,0,0.0,0,0.0
2020-10-22,-0.1030920329002382,0,-0.3174954895174388,0,0.0,0,0.0
2020-10-23,-0.0990678435327901,0,-0.3051012797060251,0,0.0,0,0.0
2020-10-26,-0.2056046740199588,0,-0.6332269490351328,0,0.0,0,0.0
2020-10-27,0.1173390112829259,0,0.3614160529300921,0,0.0,0,0.0
2020-10-28,0.1197656431454599,0,0.3688899021188495,0,0.0,0,0.0
2020-10-29,0.0680352148089726,0,0.209563954979511,0,0.0,0,0.0
2020-10-30,-0.104742558216218,0,-0.3225789871358115,0,0.0,0,0.0
2020-11-02,-0.5832763384785786,1,-1.7964281360842271,0,0.0,0,0.0
2020-11-03,-0.1753801758454456,0,-0.540137698601284,0,0.0,0,0.0
2020-11-04,0.8446924151726507,1,2.6016114989440915,0,0.0,0,0.0
2020-11-05,0.347661846128422,0,1.0707935893169866,-1,-0.0175054632657229,-1,-1.0
2020-11-06,0.460354034462021,1,1.4178773119698544,0,0.0,0,0.0
2020-11-09,-0.5138163992022045,1,-1.5824965880702804,0,0.0,0,0.0
2020-11-10,-0.9265651138345452,1,-2.853732531866988,0,0.0,0,0.0
2020-11-11,0.2057436470563705,0,0.6336958847245173,0,0.0,0,0.0
2020-11-12,0.2708473220935093,0,0.8342104565365516,0,0.0,0,0.0
2020-11-13,-0.2024054808432536,0,-0.6233736673332151,0,0.0,0,0.0
2020-11-16,-0.1661366863463866,0,-0.5116684249712543,0,0.0,0,0.0
2020-11-17,-0.0009034901520884,0,-0.0027622293512165,0,0.0,0,0.0
2020-11-18,0.5010157265744327,1,1.5431123586614877,0,0.0,0,0.0
2020-11-19,0.0966144365582695,0,0.297585873995794,0,0.0,0,0.0
2020-11-20,-0.1831014200784667,0,-0.5639185678126944,0,0.0,0,0.0
2020-11-23,0.1455383614521532,0,0.4482679951796604,0,0.0,0,0.0
2020-11-24,0.1489453728245284,0,0.4587613417703226,0,0.0,0,0.0
2020-11-25,-0.1187150870731663,0,-0.3656133571507765,0,0.0,0,0.0
2020-11-27,0.3707175563871658,0,1.1418034957119347,-1,0.0869272191594481,0,-1.0
2020-11-30,0.2305593682649593,0,0.7101264965065476,0,0.0,0,0.0
2020-12-01,0.0344736352224273,0,0.1061967371336257,0,0.0,0,0.0
2020-12-02,0.1444580163064008,0,0.4449406109085546,0,0.0,0,0.0
2020-12-03,-0.0920468115643337,0,-0.2834770132106154,0,0.0,0,0.0
2020-12-04,0.2769770617419964,0,0.8530896076787027,0,0.0,0,0.0
2020-12-07,-0.0800711562888304,0,-0.246592868216247,0,0.0,0,0.0
2020-12-08,0.3092261226873619,0,0.9524143638174516,0,0.0,0,0.0
2020-12-09,-0.1010265014078747,0,-0.3111338031376872,0,0.0,0,0.0
2020-12-10,0.1796457844684287,0,0.5533163709866947,0,0.0,0,0.0
2020-12-11,-0.0811319082641455,0,-0.2498599069511224,0,0.0,0,0.0
2020-12-14,0.2155928872841443,0,0.6640308264281821,0,0.0,0,0.0
2020-12-15,-0.2548216346067489,0,-0.7848115987852473,0,0.0,0,0.0
2020-12-16,0.1670265872948652,0,0.5144501638728063,0,0.0,0,0.0
2020-12-17,-0.2731440534701929,0,-0.8412433128300905,0,0.0,0,0.0
2020-12-18,0.5149396475963902,1,1.5859970200891214,0,0.0,0,0.0
2020-12-21,0.0246556971351045,0,0.0759582037400259,0,0.0,0,0.0
2020-12-22,-0.1629407137976163,0,-0.5018250625685309,0,0.0,0,0.0
2020-12-23,0.2164630767491163,0,0.6667109465268503,0,0.0,0,0.0
2020-12-24,-0.1730824888501258,0,-0.5330609902010008,0,0.0,0,0.0
2020-12-28,-0.0080223024126805,0,-0.0246876520163518,0,0.0,0,0.0
2020-12-29,0.0901284109164638,0,0.2776093879742807,0,0.0,0,0.0
2020-12-30,-0.0083683551245252,0,-0.0257534691349759,0,0.0,0,0.0
2020-12-31,-0.1814545786732527,0,-0.5588464163708527,0,0.0,0,0.0
2021-01-04,0.4698121893309316,1,1.4470077392858185,0,0.0,0,0.0
2021-01-05,0.2697825812320417,0,0.8309311323231923,0,0.0,0,0.0
2021-01-06,-0.3883050039250506,0,-1.1959306427964864,1,-0.0535219830007543,0,1.0
2021-01-07,0.547082695430378,1,1.684995263575209,0,0.0,0,0.0
2021-01-08,-0.060483341044845,0,-0.1862638255909202,0,0.0,0,0.0
2021-01-11,0.1593745638635599,0,0.4908824896831608,0,0.0,0,0.0
2021-01-12,-0.1113762261659389,0,-0.3430102006997571,0,0.0,0,0.0
2021-01-13,-0.5345843484852004,1,-1.64646035748143,0,0.0,0,0.0
2021-01-14,-0.1267915589710236,0,-0.3904883016669959,0,0.0,0,0.0
2021-01-15,-0.6055012163271437,1,-1.8648791392393889,0,0.0,0,0.0
2021-01-19,0.5595351677179683,1,1.7233479701977308,0,0.0,0,0.0
2021-01-20,-0.3702190018417982,0,-1.140227075195331,1,0.1239806529832932,1,1.0
2021-01-21,0.1563471235341695,0,0.4815581942269074,0,0.0,0,0.0
2021-01-22,-0.3954856061195556,0,-1.218046373952406,1,-0.0355429201588279,0,1.0
2021-01-25,-0.3505479352234915,0,-1.0796416244077112,1,-0.0355429201588279,0,1.0
2021-01-26,-0.2355667170125909,0,-0.7255078566467872,0,0.0,0,0.0
2021-01-27,-0.3830088501148102,0,-1.1796188752517938,1,0.0,0,1.0
2021-01-28,0.2235217838610872,0,0.6884512497170464,0,0.0,0,0.0
2021-01-29,-0.1767885628062102,0,-0.5444754277421086,0,0.0,0,0.0
2021-02-01,0.0577085400167642,0,0.1777585496314937,0,0.0,0,0.0
2021-02-02,0.304271097740914,0,0.9371532482984246,0,0.0,0,0.0
2021-02-03,-0.1319293044445456,0,-0.4063121830855916,0,0.0,0,0.0
2021-02-04,0.0074285437669323,0,0.0228998275548297,0,0.0,0,0.0
2021-02-05,-0.0997164637735831,0,-0.3070989827508538,0,0.0,0,0.0
2021-02-08,0.1593920937946645,0,0.4909364805926962,0,0.0,0,0.0
2021-02-09,-0.1263341819263712,0,-0.3890796137209955,0,0.0,0,0.0
2021-02-10,-0.3540312191846204,0,-1.0903698850100052,1,-0.0217778258350459,0,1.0
2021-02-11,0.2785193477838919,0,0.8578397362256078,0,0.0,0,0.0
2021-02-12,0.1366573142489835,0,0.420915017391998,0,0.0,0,0.0
2021-02-16,0.3272117755017777,0,1.0078088629879698,-1,-0.1334728099929854,-1,-1.0
2021-02-17,-0.2345010640051348,0,-0.7222257230902965,0,0.0,0,0.0
2021-02-18,-0.0768791211831209,0,-0.2367616328510359,0,0.0,0,0.0
2021-02-19,0.2748493146069406,0,0.8465363016561684,0,0.0,0,0.0
2021-02-22,-0.0798464122701751,0,-0.2459006730269236,0,0.0,0,0.0
2021-02-23,-0.3365178252447566,0,-1.036429908736408,1,0.0132690579796706,1,1.0
2021-02-24,0.3890650524064887,0,1.1983124455682808,-1,0.0773787934614549,0,0.0
2021-02-25,-0.3055360004641554,0,-0.941008147579394,0,0.0,0,0.0
2021-02-26,0.5936760830445394,1,1.8284994998782464,0,0.0,0,0.0
2021-03-01,0.23338498997687,0,0.7188292053373986,0,0.0,0,0.0
2021-03-02,-0.3415956552160689,0,-1.0520692547771833,1,0.1005937690072902,1,1.0
2021-03-03,-0.1253859359604383,0,-0.3861590852911786,0,0.0,0,0.0
2021-03-04,-0.3767032750623375,0,-1.1601981638871286,1,0.0322455770924617,1,1.0
2021-03-05,-0.0834951607803451,0,-0.2571385523747356,0,0.0,0,0.0
2021-03-08,-0.911621590073959,1,-2.8077075683529062,0,0.0,0,0.0
2021-03-09,0.4010038529194757,1,1.2350830805815156,0,0.0,0,0.0
2021-03-10,-0.3666552308993701,0,-1.129250920559675,1,0.2232582813781397,1,1.0
2021-03-11,0.1811656341298506,0,0.557997397117782,0,0.0,0,0.0
2021-03-12,-0.5661093832384448,1,-1.7435551657437949,0,0.0,0,0.0
2021-03-15,-0.1657066416530148,0,-0.5103439186741474,0,0.0,0,0.0
2021-03-16,0.1648334794829956,0,0.5076955517317283,0,0.0,0,0.0
2021-03-17,0.2626602003499618,0,0.8089947185640953,0,0.0,0,0.0
2021-03-18,-0.4289830180592507,0,-1.3212159601250408,1,-0.3180144296004052,0,1.0
2021-03-19,0.2187366086842397,0,0.6737132591030943,0,0.0,0,0.0
2021-03-22,0.0779138840681228,0,0.2399895359538758,0,0.0,0,0.0
2021-03-23,-0.5237579360904492,1,-1.6131157967580043,0,0.0,0,0.0
2021-03-24,0.0640222661112415,0,0.1972043656111658,0,0.0,0,0.0
2021-03-25,-0.1827106373085451,0,-0.5627149853768694,0,0.0,0,0.0
2021-03-26,0.1907538936549713,0,0.5875285372877568,0,0.0,0,0.0
2021-03-29,0.030288579937631,0,0.0933070720269799,0,0.0,0,0.0
2021-03-30,-0.073982465967131,0,-0.2278401460073213,0,0.0,0,0.0
2021-03-31,0.3717463836640164,0,1.1449722087034604,-1,-0.2862692666981323,-1,-1.0
2021-04-01,0.0280688171032076,0,0.0864703643600968,0,0.0,0,0.0
2021-04-05,0.2563457879788476,0,0.7895467889024241,0,0.0,0,0.0
2021-04-06,-0.2996290565141353,0,-0.922815190942456,0,0.0,0,0.0
2021-04-07,-0.0526371914138042,0,-0.1620982568616004,0,0.0,0,0.0
2021-04-08,0.2554921682393077,0,0.7869177023498373,0,0.0,0,0.0
2021-04-09,-0.0131713547593217,0,-0.0405463577796674,0,0.0,0,0.0
2021-04-12,-0.2352719674875894,0,-0.724600049602657,0,0.0,0,0.0
2021-04-13,-0.2773176172859302,0,-0.8540975850499826,0,0.0,0,0.0
2021-04-14,0.0758686269869081,0,0.2336902932820705,0,0.0,0,0.0
2021-04-15,-0.2291723887681703,0,-0.7058137919227271,0,0.0,0,0.0
2021-04-16,-0.2093700106796721,0,-0.6448239113820337,0,0.0,0,0.0
2021-04-19,-0.3042982544535436,0,-0.9371959801220532,0,0.0,0,0.0
2021-04-20,-0.5466744748869479,1,-1.6836970651974974,0,0.0,0,0.0
2021-04-21,0.198986715200533,0,0.6128850273180275,0,0.0,0,0.0
2021-04-22,-0.2772052210682818,0,-0.8537514128954581,0,0.0,0,0.0
2021-04-23,0.1331000622366439,0,0.4099589405856599,0,0.0,0,0.0
2021-04-26,0.0718173818765084,0,0.2212127537552466,0,0.0,0,0.0
2021-04-27,-0.0410564506797274,0,-0.1264304198580068,0,0.0,0,0.0
2021-04-28,0.0082761420682138,0,0.025510368516659,0,0.0,0,0.0
2021-04-29,-0.2188049877526239,0,-0.673882952776549,0,0.0,0,0.0
2021-04-30,-0.5214508944456155,1,-1.6060102767193514,0,0.0,0,0.0
2021-05-03,-0.0073926798713524,0,-0.0227484605005796,0,0.0,0,0.0
2021-05-04,-0.1842917321449371,0,-0.567584642180921,0,0.0,0,0.0
2021-05-05,0.444437176555498,1,1.3688545502609524,0,0.0,0,0.0
2021-05-06,-0.2245277142397172,0,-0.6915085330606467,0,0.0,0,0.0
2021-05-07,-0.0412249259642666,0,-0.1269493114493187,0,0.0,0,0.0
2021-05-10,-0.6752029537129752,1,-2.07955540779876,0,0.0,0,0.0
2021-05-11,0.3745825145854277,0,1.1537072851332506,-1,-0.0593257496697647,-1,-1.0
2021-05-12,0.1929415555587796,0,0.5942663764291171,0,0.0,0,0.0
2021-05-13,-0.2180183918884845,0,-0.6714602948728735,0,0.0,0,0.0
2021-05-14,0.1949404403051781,0,0.600422795691118,0,0.0,0,0.0
2021-05-17,-0.0239994884658122,0,-0.0738962200177336,0,0.0,0,0.0
2021-05-18,-0.1104246210446951,0,-0.3400793263165295,0,0.0,0,0.0
2021-05-19,0.3151463742137176,0,0.9706483068191264,0,0.0,0,0.0
2021-05-20,0.0122233591239494,0,0.0376675092207509,0,0.0,0,0.0
2021-05-21,-0.1446866279413081,0,-0.4456038092028836,0,0.0,0,0.0
2021-05-24,0.0871626958353108,0,0.2684752017816481,0,0.0,0,0.0
2021-05-25,0.0332888406221999,0,0.1025476561590989,0,0.0,0,0.0
2021-05-26,-0.0660511368838207,0,-0.2034122307762213,0,0.0,0,0.0
2021-05-27,0.1719579372710701,0,0.5296383622098424,0,0.0,0,0.0
2021-05-28,-0.1297014849793968,0,-0.3994506615835565,0,0.0,0,0.0
2021-06-01,-0.2996857493066086,0,-0.9229898006092856,0,0.0,0,0.0
2021-06-02,-0.2978036609417803,0,-0.917193105685832,0,0.0,0,0.0
2021-06-03,-0.1876440505184404,0,-0.577909538323223,0,0.0,0,0.0
2021-06-04,0.2610008967802809,0,0.8038841845644258,0,0.0,0,0.0
2021-06-07,-0.3708291475545713,0,-1.142106279499387,1,0.0351658559007142,1,1.0
2021-06-08,-0.1105488159744865,0,-0.3404618376441024,0,0.0,0,0.0
2021-06-09,-0.1422293176183491,0,-0.4380354725930632,0,0.0,0,0.0
2021-06-10,-0.0511138536256236,0,-0.1574064875544472,0,0.0,0,0.0
2021-06-11,-0.0814647821291071,0,-0.2508851341823366,0,0.0,0,0.0
2021-06-14,0.0485873800409892,0,0.1496660420130179,0,0.0,0,0.0
2021-06-15,0.0868375156542356,0,0.2674736705357872,0,0.0,0,0.0
2021-06-16,0.0881433453634715,0,0.2714955308202875,0,0.0,0,0.0
2021-06-17,-0.0432926053884232,0,-0.1333176133023679,0,0.0,0,0.0
2021-06-18,0.1264103781695148,0,0.3893552014647427,0,0.0,0,0.0
2021-06-21,-0.3347576443284589,0,-1.0310086798650453,1,0.021568437443496,1,1.0
2021-06-22,0.1955402495302965,0,0.6022701643669252,0,0.0,0,0.0
2021-06-23,0.03991389968781,0,0.1229523549877357,0,0.0,0,0.0
2021-06-24,0.2703046162069719,0,0.832538961979649,0,0.0,0,0.0
2021-06-25,-0.2624954435118417,0,-0.8084463706455807,0,0.0,0,0.0
2021-06-28,0.0594139669602444,0,0.1830111402591897,0,0.0,0,0.0
2021-06-29,0.2401671398718058,0,0.739717732465434,0,0.0,0,0.0
2021-06-30,0.1592071029324397,0,0.4903667222264136,0,0.0,0,0.0
2021-07-01,-0.2935274514106273,0,-0.9040226921472944,0,0.0,0,0.0
2021-07-02,0.00480814898279,0,0.0148292026965395,0,0.0,0,0.0
2021-07-06,-0.2967689407265588,0,-0.9140062428738316,0,0.0,0,0.0
2021-07-07,-0.232722866983612,0,-0.7167490059285591,0,0.0,0,0.0
2021-07-08,-0.1436965398834575,0,-0.4425544101810484,0,0.0,0,0.0
2021-07-09,-0.1250490447199345,0,-0.3851214848362378,0,0.0,0,0.0
2021-07-12,-0.1530442566078806,0,-0.4713446960650427,0,0.0,0,0.0
2021-07-13,0.3356406934933814,0,1.033769315772871,-1,0.1585529425422097,0,-1.0
2021-07-14,-0.1644280011958052,0,-0.506405799303272,0,0.0,0,0.0
2021-07-15,-0.383867148554381,0,-1.1822623718593093,1,0.0886504232930989,1,1.0
2021-07-16,-0.3369930610510473,0,-1.0378936003660089,1,0.1864912653012791,1,1.0
2021-07-19,0.2025110030543431,0,0.6237395769198121,0,0.0,0,0.0
2021-07-20,-0.1615104344078468,0,-0.4974199063427478,0,0.0,0,0.0
2021-07-21,0.4874484306636708,1,1.5013260765715488,0,0.0,0,0.0
2021-07-22,0.0835812188338757,0,0.2574445137753603,0,0.0,0,0.0
2021-07-23,-0.2007671644239146,0,-0.6183277722262343,0,0.0,0,0.0
2021-07-26,-0.0435933400178209,0,-0.1342438540316098,0,0.0,0,0.0
2021-07-27,-0.5041117557982325,1,-1.552606994040053,0,0.0,0,0.0
2021-07-28,0.2495992130641935,0,0.7687678301195603,0,0.0,0,0.0
2021-07-29,0.0386488614515518,0,0.1190561294655287,0,0.0,0,0.0
2021-07-30,0.0978969118631038,0,0.3015358044177197,0,0.0,0,0.0
2021-08-02,-0.0861336442159635,0,-0.2652648889605639,0,0.0,0,0.0
2021-08-03,-0.0572317196158933,0,-0.1762490686951053,0,0.0,0,0.0
2021-08-04,0.0556582217968272,0,0.1714437190214772,0,0.0,0,0.0
2021-08-05,-0.3970192585432549,0,-1.222769911584823,1,-0.1361416269517719,0,1.0
2021-08-06,0.0819662116417461,0,0.252470409388496,0,0.0,0,0.0
2021-08-09,-0.0481426630266497,0,-0.1482554371661959,0,0.0,0,0.0
2021-08-10,0.0542538671264442,0,0.1671184090409971,0,0.0,0,0.0
2021-08-11,-0.174220806176814,0,-0.5365669245621085,0,0.0,0,0.0
2021-08-12,-0.1814199196737292,0,-0.5587396691796239,0,0.0,0,0.0
2021-08-13,-0.0910996211185738,0,-0.2805597357059639,0,0.0,0,0.0
2021-08-16,-0.0692399959861021,0,-0.2132336842824652,0,0.0,0,0.0
2021-08-17,-0.0551593088381666,0,-0.1698661946180665,0,0.0,0,0.0
2021-08-18,0.0401422894819244,0,0.1236557788996262,0,0.0,0,0.0
2021-08-19,-0.0394867306354233,0,-0.1215957965841461,0,0.0,0,0.0
2021-08-20,-0.1637909124265635,0,-0.5044436123499567,0,0.0,0,0.0
2021-08-23,0.5091721848830557,1,1.568233655490327,0,0.0,0,0.0
2021-08-24,0.2108880746810584,0,0.6495403466814478,0,0.0,0,0.0
2021-08-25,-0.0662880493304943,0,-0.2041419038365304,0,0.0,0,0.0
2021-08-26,-0.048236321249982,0,-0.1485438976645844,0,0.0,0,0.0
2021-08-27,0.063399575800717,0,0.1952865248607768,0,0.0,0,0.0
2021-08-30,-0.2455967947799885,0,-0.7563997647859798,0,0.0,0,0.0
2021-08-31,-0.2000148445344556,0,-0.6160106818252008,0,0.0,0,0.0
2021-09-01,-0.546806878563614,1,-1.68410485886687,0,0.0,0,0.0
2021-09-02,-0.1324805169963465,0,-0.4080098775512069,0,0.0,0,0.0
2021-09-03,0.0909654370991737,0,0.2801873675818189,0,0.0,0,0.0
2021-09-07,0.3609927168777467,0,1.1118516991496126,-1,-0.02769494849272,-1,-1.0
2021-09-08,-0.4002925436725522,0,-1.2328513910980046,1,-0.02769494849272,0,1.0
2021-09-09,0.4369937899117102,1,1.3459294621632512,0,0.0,0,0.0
2021-09-10,0.3155182905919826,0,0.9717937821443694,0,0.0,0,0.0
2021-09-13,0.043589549627876,0,0.134273088777999,0,0.0,0,0.0
2021-09-14,-0.0197143764318245,0,-0.0606983874196276,0,0.0,0,0.0
2021-09-15,0.0567004591791072,0,0.1746537341598724,0,0.0,0,0.0
2021-09-16,0.0082157329783733,0,0.0253243129249275,0,0.0,0,0.0
2021-09-17,0.1395230166870426,0,0.4297411719367349,0,0.0,0,0.0
2021-09-20,-0.1642301638814984,0,-0.505796474801329,0,0.0,0,0.0
2021-09-21,-0.0776012078498628,0,-0.2389856071306805,0,0.0,0,0.0
2021-09-22,0.0959188525174391,0,0.2954435258714089,0,0.0,0,0.0
2021-09-23,0.3377764845233737,0,1.0403473964052556,-1,0.0943801311345952,0,-1.0
2021-09-24,0.2844512536661384,0,0.8761095737936012,0,0.0,0,0.0
2021-09-27,0.3146100566936918,0,0.9689964879652456,0,0.0,0,0.0
2021-09-28,-0.2768464688911523,0,-0.8526464823497903,0,0.0,0,0.0
2021-09-29,-0.4579937540361828,1,-1.4105669114968045,0,0.0,0,1.0
2021-09-30,0.2974726638520762,0,0.9162145676565856,0,0.0,0,0.0
2021-10-01,0.0514213690956649,0,0.158394521649446,0,0.0,0,0.0
2021-10-04,-0.5905254553303488,1,-1.818754887388496,0,0.0,0,0.0
2021-10-05,0.4014091341120111,1,1.236331317101779,0,0.0,0,0.0
2021-10-06,-0.3000599034302751,0,-0.924142168027191,0,0.0,0,0.0
2021-10-07,0.2103218869451852,0,0.6477965297408669,0,0.0,0,0.0
2021-10-08,0.2940766239510094,0,0.9057550123975232,0,0.0,0,0.0
2021-10-11,0.0069308725559961,0,0.0213670365148904,0,0.0,0,0.0
2021-10-12,-0.4511551685508163,1,-1.3895045668654755,0,0.0,0,1.0
2021-10-13,-0.2234476952276978,0,-0.6881821532576572,0,0.0,0,0.0
2021-10-14,-0.0385660360835743,0,-0.1187601245006829,0,0.0,0,0.0
2021-10-15,0.1630434683783438,0,0.502182448055426,0,0.0,0,0.0
2021-10-18,-0.0879014797503127,0,-0.2707096934973573,0,0.0,0,0.0
2021-10-19,0.0888672641956549,0,0.2737251480358919,0,0.0,0,0.0
2021-10-20,-0.4415637787857036,1,-1.35996378578458,0,0.0,0,1.0
2021-10-21,0.0466179818602799,0,0.1436004392232054,0,0.0,0,0.0
2021-10-22,-0.282329407718299,0,-0.8695335341263567,0,0.0,0,0.0
2021-10-25,0.0193326048920229,0,0.0595634677865092,0,0.0,0,0.0
2021-10-26,-0.2304720842499269,0,-0.7098167592338932,0,0.0,0,0.0
2021-10-27,0.0563911833087464,0,0.1737011870312839,0,0.0,0,0.0
2021-10-28,-0.1696210225441057,0,-0.5223999263855178,0,0.0,0,0.0
2021-10-29,0.2825644534143784,0,0.8702983666019845,0,0.0,0,0.0
2021-11-01,0.110493529146103,0,0.3403324671151754,0,0.0,0,0.0
2021-11-02,0.0464947540624109,0,0.1432209065914307,0,0.0,0,0.0
2021-11-03,0.0889455232559501,0,0.2739661802350195,0,0.0,0,0.0
2021-11-04,0.5955390324107908,1,1.834237248081681,0,0.0,0,0.0
2021-11-05,0.1542324985919069,0,0.4750453036013174,0,0.0,0,0.0
2021-11-08,0.1395653380531228,0,0.4298715186582255,0,0.0,0,0.0
2021-11-09,-0.2020240444297698,0,-0.6221988709936906,0,0.0,0,0.0
2021-11-10,-0.3033880444298952,0,-0.934392599620925,0,0.0,0,0.0
2021-11-11,-0.068865119576727,0,-0.2120790922772457,0,0.0,0,0.0
2021-11-12,0.0925035307281376,0,0.2849245838026017,0,0.0,0,0.0
2021-11-15,-0.372585191831684,0,-1.1475147678237,1,-0.0181777746836081,0,1.0
2021-11-16,0.2425093010492506,0,0.746931418103644,0,0.0,0,0.0
2021-11-17,-0.1982010386148321,0,-0.6104242918538826,0,0.0,0,0.0
2021-11-18,-0.0170520187904122,0,-0.0524985200208404,0,0.0,0,0.0
2021-11-19,-0.0208586542512212,0,-0.0642226796636439,0,0.0,0,0.0
2021-11-22,-0.119040981173772,0,-0.366617087216733,0,0.0,0,0.0
2021-11-23,-0.1320086359096681,0,-0.4065565182133887,0,0.0,0,0.0
2021-11-24,-0.2764176269264676,0,-0.8513256803693381,0,0.0,0,0.0
2021-11-26,0.0699392206278393,0,0.2154281540632013,0,0.0,0,0.0
2021-11-29,0.014141795461917,0,0.0435761532510115,0,0.0,0,0.0
2021-11-30,0.3836756507038608,0,1.1817134813145882,-1,-0.0306101371197097,-1,0.0
2021-12-01,0.166838858019085,0,0.5138719713924559,0,0.0,0,0.0
2021-12-02,-0.5024460027954047,1,-1.547476596256578,0,0.0,0,0.0
2021-12-03,-0.0827575653089942,0,-0.2548668121077836,0,0.0,0,0.0
2021-12-06,-0.0775728605118711,0,-0.238898299396729,0,0.0,0,0.0
2021-12-07,0.1155732025306597,0,0.3559774907343234,0,0.0,0,0.0
2021-12-08,-0.09659069578731,0,-0.2974718452813671,0,0.0,0,0.0
2021-12-09,0.2057925554171326,0,0.6338465189093104,0,0.0,0,0.0
2021-12-10,0.1015619674375389,0,0.3128239083343715,0,0.0,0,0.0
2021-12-13,-0.5285974009441409,1,-1.6280209956178815,0,0.0,0,0.0
2021-12-14,0.1271866521944992,0,0.3917460688564798,0,0.0,0,0.0
2021-12-15,-0.0834125254422478,0,-0.2568840415590918,0,0.0,0,0.0
2021-12-16,-0.3851799849339435,0,-1.1863058121774952,1,0.0465255820798768,1,1.0
2021-12-17,0.1476358542236175,0,0.4547281199684541,0,0.0,0,0.0
2021-12-20,-0.0037000567608648,0,-0.0113754505830862,0,0.0,0,0.0
2021-12-21,0.3560039377457666,0,1.096486623200472,-1,0.0847658676396721,0,-1.0
2021-12-22,-0.120661091018646,0,-0.3716069074019691,0,0.0,0,0.0
2021-12-23,0.2453192651530772,0,0.7555859026433352,0,0.0,0,0.0
2021-12-27,-0.0977749891244281,0,-0.3011193824020692,0,0.0,0,0.0
2021-12-28,-0.2333752939961161,0,-0.7187584335526713,0,0.0,0,0.0
2021-12-29,-0.1127548334502039,0,-0.3472562106084706,0,0.0,0,0.0
2021-12-30,-0.2599691754930363,0,-0.8006656493608879,0,0.0,0,0.0
2021-12-31,-0.1133619715969823,0,-0.3491261518285717,0,0.0,0,0.0
2022-01-03,0.3384693903866539,0,1.0424814959380766,-1,-0.0057209080646821,-1,-1.0
2022-01-04,-0.0537014703560816,0,-0.1653761583975362,0,0.0,0,0.0
2022-01-05,0.2398691997376252,0,0.7388000985776886,0,0.0,0,0.0
2022-01-06,-0.0371861775448204,0,-0.1145102608193841,0,0.0,0,0.0
2022-01-07,-0.0660865661757816,0,-0.2035213504119885,0,0.0,0,0.0
2022-01-10,0.090192891310241,0,0.2778079828852613,0,0.0,0,0.0
2022-01-11,0.3295459506306211,0,1.0149979521788235,-1,0.0,0,-1.0
2022-01-12,-0.0638225477820175,0,-0.1965483388494121,0,0.0,0,0.0
2022-01-13,-0.2569881989235982,0,-0.7914844588971912,0,0.0,0,0.0
2022-01-14,0.526152219342497,1,1.620530923456324,0,0.0,0,0.0
2022-01-18,-0.1880968244386105,0,-0.5793040489814734,0,0.0,0,0.0
2022-01-19,0.0096800869698615,0,0.0298344164393143,0,0.0,0,0.0
2022-01-20,0.1629387052037395,0,0.5018597851168827,0,0.0,0,0.0
2022-01-21,-0.1867241616727857,0,-0.5750763477560867,0,0.0,0,0.0
2022-01-24,0.083415973600611,0,0.2569355705064414,0,0.0,0,0.0
2022-01-25,-0.2860866965027582,0,-0.8811057096043187,0,0.0,0,0.0
2022-01-26,0.5703695276878904,1,1.7567170088731523,0,0.0,0,0.0
2022-01-27,-0.238062346580291,0,-0.7331942137362047,0,0.0,0,0.0
2022-01-28,-0.4663367739098575,1,-1.4362628043420986,0,0.0,0,1.0
2022-01-31,0.1059642391418709,0,0.3263825841739583,0,0.0,0,0.0
2022-02-01,0.2430003375665574,0,0.748443774771001,0,0.0,0,0.0
2022-02-02,-0.1336294272473067,0,-0.4115484373466458,0,0.0,0,0.0
2022-02-03,-0.2563911167919068,0,-0.7896454894702822,0,0.0,0,0.0
2022-02-04,0.3781798941410681,0,1.1647869518468903,-1,0.1562803860618506,0,-1.0
2022-02-07,0.1056929642097948,0,0.325547077164292,0,0.0,0,0.0
2022-02-08,0.4660592690668429,1,1.4354490185320488,0,0.0,0,0.0
2022-02-09,-0.2057539981204044,0,-0.6336868563759239,0,0.0,0,0.0
2022-02-10,0.4403309537416915,1,1.356207683416561,0,0.0,0,0.0
2022-02-11,-0.3626771814860843,0,-1.1169988184425963,1,0.1210099776524482,1,1.0
2022-02-14,0.3266347146186033,0,1.0060315575465613,-1,0.0495709037352877,0,-1.0
2022-02-15,0.6395267620124733,1,1.96971624770856,0,0.0,0,0.0
2022-02-16,0.0643983570703662,0,0.19836269834105,0,0.0,0,0.0
2022-02-17,-0.2380124564289317,0,-0.7330405557079637,0,0.0,0,0.0
2022-02-18,-0.0937553616684107,0,-0.2887392229452115,0,0.0,0,0.0
2022-02-22,-0.0631371709066624,0,-0.1944374280503936,0,0.0,0,0.0
2022-02-23,0.0588694888363422,0,0.1813341873404336,0,0.0,0,0.0
2022-02-24,-0.0062306762014778,0,-0.0191695739296449,0,0.0,0,0.0
2022-02-25,-0.577615401915808,1,-1.7789928642613766,0,0.0,0,0.0
2022-02-28,0.1771204821623403,0,0.545538624026751,0,0.0,0,0.0
2022-03-01,-0.3784011886430196,0,-1.1654276139052744,1,0.0522557869246509,1,1.0
2022-03-02,-0.132633121497381,0,-0.4084798882866081,0,0.0,0,0.0
2022-03-03,-0.639460877509193,1,-1.9694724193716684,0,0.0,0,0.0
2022-03-04,-0.7572053813550049,1,-2.3321169053917767,0,0.0,0,0.0
2022-03-07,-0.5107047244259773,1,-1.5729128566600707,0,0.0,0,0.0
2022-03-08,0.3660414861904688,0,1.1274015404810072,-1,-0.031588885127745,-1,-1.0
2022-03-09,0.3745151977506417,0,1.1534999541907938,-1,0.1012469615589511,0,-1.0
2022-03-10,-0.2877264588565626,0,-0.886156058084017,0,0.0,0,0.0
2022-03-11,0.0492951487790115,0,0.1518459181162567,0,0.0,0,0.0
2022-03-14,-0.090586281957345,0,-0.2789786885216164,0,0.0,0,0.0
2022-03-15,0.319368690280941,0,0.9836527324186244,0,0.0,0,0.0
2022-03-16,0.279530498856037,0,0.8609540077955735,0,0.0,0,0.0
2022-03-17,-0.0690768681607117,0,-0.2127312624753996,0,0.0,0,0.0
2022-03-18,0.2895518474017881,0,0.891819030568622,0,0.0,0,0.0
2022-03-21,0.0091987107917319,0,0.0283518129121998,0,0.0,0,0.0
2022-03-22,0.0980042126698464,0,0.301866283078207,0,0.0,0,0.0
2022-03-23,-0.068289720228269,0,-0.2103069042416064,0,0.0,0,0.0
2022-03-24,0.401217509676018,1,1.2357411278120043,0,0.0,0,0.0
2022-03-25,-0.3458711318765825,0,-1.0652374111275915,1,0.2321866252488395,1,1.0
2022-03-28,-0.1312001687804556,0,-0.4040664984081216,0,0.0,0,0.0
2022-03-29,-0.4724422371218167,1,-1.4550671858299604,0,0.0,0,1.0
2022-03-30,-0.064233655508213,0,-0.1978145206684828,0,0.0,0,0.0
2022-03-31,0.2230927661482302,0,0.6871299064450388,0,0.0,0,0.0
2022-04-01,-0.6194026056186684,1,-1.9076944045802835,0,0.0,0,0.0
2022-04-04,0.2957962052886732,0,0.9110511975271784,0,0.0,0,0.0
2022-04-05,-0.4241968149971773,0,-1.306474803699545,1,0.0629248398022768,1,1.0
2022-04-06,-0.6436792692742996,1,-1.982464758406804,0,0.0,0,0.0
2022-04-07,0.2153995712937952,0,0.6634354272743376,0,0.0,0,0.0
2022-04-08,-0.3839280383033483,0,-1.182449907846102,1,0.0553643866932036,1,1.0
2022-04-11,0.0671530575491868,0,0.2068469749454972,0,0.0,0,0.0
2022-04-12,0.0317368683967226,0,0.0977676948730697,0,0.0,0,0.0
2022-04-13,0.2315431898996722,0,0.7131565954020606,0,0.0,0,0.0
2022-04-14,-0.137500500753373,0,-0.4234710614700768,0,0.0,0,0.0
2022-04-18,0.2530615172235658,0,0.7794314744622723,0,0.0,0,0.0
2022-04-19,-0.1968861427587658,0,-0.6063745084982402,0,0.0,0,0.0
2022-04-20,-0.3553359461959723,0,-1.0943883490654305,1,0.0692311012517114,1,1.0
2022-04-21,-0.0279582185240426,0,-0.0860888199299917,0,0.0,0,0.0
2022-04-22,0.158035154432989,0,0.4867572063055524,0,0.0,0,0.0
2022-04-25,0.4566093874697723,1,1.4063440722900724,0,0.0,0,0.0
2022-04-26,-0.1172852213733754,0,-0.3612094750599619,0,0.0,0,0.0
2022-04-27,0.3462791117410478,0,1.0665348682316418,-1,0.0117037074791233,0,-1.0
2022-04-28,0.2158760698659163,0,0.6649030081306165,0,0.0,0,0.0
2022-04-29,0.5411829519735096,1,1.666824483932125,0,0.0,0,0.0
2022-05-02,0.7208753240721022,1,2.220263886987081,0,0.0,0,0.0
2022-05-03,-0.3234826127340824,0,-0.9962824047196888,0,0.0,0,0.0
2022-05-04,0.064420505661386,0,0.1984309143863354,0,0.0,0,0.0
2022-05-05,-0.0093915540476119,0,-0.0289048472073233,0,0.0,0,0.0
2022-05-06,0.1525901054362555,0,0.4699868524437663,0,0.0,0,0.0
2022-05-09,0.0637387769492314,0,0.1963312396639536,0,0.0,0,0.0
2022-05-10,0.8722479538703911,1,2.6864805488076424,0,0.0,0,0.0
2022-05-11,-0.195457325340259,0,-0.6019738550373407,0,0.0,0,0.0
2022-05-12,-0.3441390306921866,0,-1.0599026657829376,1,-0.0299255017216397,0,1.0
2022-05-13,0.0483832687209266,0,0.149037394030842,0,0.0,0,0.0
2022-05-16,-0.0228836242571054,0,-0.070459439622747,0,0.0,0,0.0
2022-05-17,0.2569793484048674,0,0.7914981088158999,0,0.0,0,0.0
2022-05-18,0.1719536116903679,0,0.5296250397366972,0,0.0,0,0.0
2022-05-19,-0.0748454350802268,0,-0.2304980279487125,0,0.0,0,0.0
2022-05-20,-0.2908316608721739,0,-0.8957198538635174,0,0.0,0,0.0
2022-05-23,-0.0994721304428779,0,-0.3063464539088519,0,0.0,0,0.0
2022-05-24,-0.5530356584651934,1,-1.703289046766618,0,0.0,0,0.0
2022-05-25,0.0362695223799206,0,0.1117279386242034,0,0.0,0,0.0
2022-05-26,0.2473812690745376,0,0.7619367243619324,0,0.0,0,0.0
2022-05-27,-0.1962920585506582,0,-0.6045447724573633,0,0.0,0,0.0
2022-05-31,0.3197292168262828,0,0.9847631278890008,0,0.0,0,0.0
2022-06-01,0.0504574322175208,0,0.155425666354186,0,0.0,0,0.0
2022-06-02,0.1493607315217054,0,0.4600406162700393,0,0.0,0,0.0
2022-06-03,-0.0263398236079368,0,-0.0811042816003104,0,0.0,0,0.0
2022-06-06,0.2833825684661391,0,0.8728181013051821,0,0.0,0,0.0
2022-06-07,-0.1745647742034028,0,-0.5376263210021581,0,0.0,0,0.0
2022-06-08,0.5097202241708455,1,1.5699215765341796,0,0.0,0,0.0
2022-06-09,0.2702134254286821,0,0.8322581010320673,0,0.0,0,0.0
2022-06-10,-0.0695405100796544,0,-0.2141592457773847,0,0.0,0,0.0
2022-06-13,0.676281702396603,1,2.082918783953962,0,0.0,0,0.0
2022-06-14,0.5992334710370888,1,1.845615849655485,0,0.0,0,0.0
2022-06-15,-0.0998537708523197,0,-0.3075218785410519,0,0.0,0,0.0
2022-06-16,-0.1339710329714694,0,-0.4126005580674798,0,0.0,0,0.0
2022-06-17,0.0480764424757151,0,0.1480923915690888,0,0.0,0,0.0
2022-06-21,0.0772612477891515,0,0.237979463804304,0,0.0,0,0.0
2022-06-22,-0.5275256344089754,1,-1.624720032841839,0,0.0,0,0.0
2022-06-23,-0.8122671570675316,1,-2.501703159530415,0,0.0,0,0.0
2022-06-24,0.19243544133358,0,0.5927075815209035,0,0.0,0,0.0
2022-06-27,-0.2017282154152239,0,-0.6212877392004794,0,0.0,0,0.0
2022-06-28,-0.1145329097589767,0,-0.3527325559837405,0,0.0,0,0.0
2022-06-29,-0.0509459394231108,0,-0.1568893240548627,0,0.0,0,0.0
2022-06-30,-0.1212093744554992,0,-0.373295580407134,0,0.0,0,0.0
2022-07-01,-0.8628483956984252,1,-2.6574896861744213,0,0.0,0,0.0
2022-07-05,0.3390725509501941,0,1.044339186491846,-1,0.0329431734815364,0,-1.0
2022-07-06,0.0603678324268937,0,0.185948976341444,0,0.0,0,0.0
2022-07-07,0.3931215538952798,0,1.2108061743572596,-1,0.0506099539575179,0,0.0
2022-07-08,0.2615138166877712,0,0.8054639404778301,0,0.0,0,0.0
2022-07-11,-0.2490477078469367,0,-0.767028325394654,0,0.0,0,0.0
2022-07-12,0.0083092874051849,0,0.0256124537376012,0,0.0,0,0.0
2022-07-13,0.1562805232907487,0,0.4813530703336021,0,0.0,0,0.0
2022-07-14,0.2864344358520066,0,0.8822176303141858,0,0.0,0,0.0
2022-07-15,-0.055868035191873,0,-0.1720490201077837,0,0.0,0,0.0
2022-07-18,0.0106302753823205,0,0.0327609274627902,0,0.0,0,0.0
2022-07-19,0.0489012610333383,0,0.1506327725815291,0,0.0,0,0.0
2022-07-20,0.3190632386450614,0,0.982711963653378,0,0.0,0,0.0
2022-07-21,-0.0058801365726466,0,-0.0180899374338843,0,0.0,0,0.0
2022-07-22,-0.5126851878031715,1,-1.5790125394481926,0,0.0,0,0.0
2022-07-25,-0.0364086547956679,0,-0.1121155474482649,0,0.0,0,0.0
2022-07-26,-0.1594066110158545,0,-0.490940283704351,0,0.0,0,0.0
2022-07-27,0.3958027324760088,1,1.2190640088767364,0,0.0,0,0.0
2022-07-28,-0.7539245456833078,1,-2.322012170758583,0,0.0,0,0.0
2022-07-29,-0.013221877391421,0,-0.0407019638024676,0,0.0,0,0.0
2022-08-01,0.0544191398555674,0,0.1676274369951554,0,0.0,0,0.0
2022-08-02,0.4299007285020776,1,1.3240833502413418,0,0.0,0,0.0
2022-08-03,0.3190756135325528,0,0.9827500774044856,0,0.0,0,0.0
2022-08-04,0.0739881476685559,0,0.2278985541044328,0,0.0,0,0.0
2022-08-05,-0.0731121995703033,0,-0.2251597889641474,0,0.0,0,0.0
2022-08-08,-0.3957048831921669,0,-1.2187217313465588,1,-0.1224644500458366,0,1.0
2022-08-09,-0.4378863044915405,1,-1.348637433116728,0,0.0,0,1.0
2022-08-10,-0.0775236862311945,0,-0.23874684619799,0,0.0,0,0.0
2022-08-11,-0.0374765917538573,0,-0.1154047154064708,0,0.0,0,0.0
2022-08-12,-0.0697778759083048,0,-0.2148903152211218,0,0.0,0,0.0
2022-08-15,-0.0126184090744227,0,-0.0388433253904885,0,0.0,0,0.0
2022-08-16,-0.0998552693590625,0,-0.3075264938325497,0,0.0,0,0.0
2022-08-17,-0.1165499386744606,0,-0.3589448579634676,0,0.0,0,0.0
2022-08-18,0.3851687787624465,0,1.186312206857456,-1,0.0,0,0.0
2022-08-19,-0.0195349598905033,0,-0.0601457975552538,0,0.0,0,0.0
2022-08-22,0.0418809853411474,0,0.1290108353618702,0,0.0,0,0.0
2022-08-23,0.4022480335332588,1,1.2389150661474184,0,0.0,0,0.0
2022-08-24,-0.1944115100791278,0,-0.5987528202929795,0,0.0,0,0.0
2022-08-25,0.0204880156537248,0,0.0631220486810208,0,0.0,0,0.0
2022-08-26,0.0856071333776729,0,0.2636841828423604,0,0.0,0,0.0
2022-08-29,-0.0087835869909428,0,-0.0270323530052021,0,0.0,0,0.0
2022-08-30,0.1448078888884347,0,0.4460181929488201,0,0.0,0,0.0
2022-08-31,0.1686922726988005,0,0.5195803534566217,0,0.0,0,0.0
2022-09-01,-0.3028366134341491,0,-0.9326942323638872,0,0.0,0,0.0
2022-09-02,0.1555286898394903,0,0.479037478126756,0,0.0,0,0.0
2022-09-06,-0.2489414547122015,0,-0.7667010734875543,0,0.0,0,0.0
2022-09-07,-0.3695662215496904,0,-1.1382165594958005,1,0.1317635140977669,1,1.0
2022-09-08,0.0780639539971774,0,0.2404517403923976,0,0.0,0,0.0
2022-09-09,-0.014917291954499,0,-0.045923717028619,0,0.0,0,0.0
2022-09-12,-0.2019857056863932,0,-0.6220807904597181,0,0.0,0,0.0
2022-09-13,0.3275816448192272,0,1.0089480335151713,-1,0.1218373082232027,0,-1.0
2022-09-14,0.3284113227297111,0,1.0115033809800826,-1,-0.2588233887660768,-1,-1.0
2022-09-15,0.3364546040102658,0,1.03627610081524,-1,0.0791701059716014,0,-1.0
2022-09-16,-0.0603375069811076,0,-0.1858146673086999,0,0.0,0,0.0
2022-09-19,0.0831668271497136,0,0.2561682176052161,0,0.0,0,0.0
2022-09-20,0.6709507107963769,1,2.066499718556454,0,0.0,0,0.0
2022-09-21,0.1410433912840359,0,0.4344238148311048,0,0.0,0,0.0
2022-09-22,0.0194040243595502,0,0.0597834345386487,0,0.0,0,0.0
2022-09-23,-0.0287199020004611,0,-0.0884347494960757,0,0.0,0,0.0
2022-09-26,0.7104328397906416,1,2.188101796856893,0,0.0,0,0.0
2022-09-27,0.6149493435034412,1,1.8940195908643425,0,0.0,0,0.0
2022-09-28,-0.4127845975855628,0,-1.271326006240564,1,-0.0752124926227437,0,1.0
2022-09-29,0.6223554992523899,1,1.9168300105207827,0,0.0,0,0.0
2022-09-30,-0.3657459931704454,0,-1.1264505346553972,1,0.0453045473701576,1,1.0
2022-10-03,-0.1080280963719757,0,-0.3326982050770113,0,0.0,0,0.0
2022-10-04,0.1262011121629749,0,0.3887106774240917,0,0.0,0,0.0
2022-10-05,0.8212091674216064,1,2.529284808248513,0,0.0,0,0.0
2022-10-06,0.785011093906042,1,2.417797381352053,0,0.0,0,0.0
2022-10-07,0.2270117020327455,0,0.6991999432040104,0,0.0,0,0.0
2022-10-10,-0.1737854256144333,0,-0.5352259841775413,0,0.0,0,0.0
2022-10-11,-0.4974682096010007,1,-1.532145356194087,0,0.0,0,0.0
2022-10-12,0.4545844755599339,1,1.400107491262554,0,0.0,0,0.0
2022-10-13,-0.1827355576059427,0,-0.5627917380756882,0,0.0,0,0.0
2022-10-14,0.1512473350896441,0,0.4658512176898283,0,0.0,0,0.0
2022-10-17,-0.5638216749343317,1,-1.7365091909847907,0,0.0,0,0.0
2022-10-18,-0.2219750536608696,0,-0.6836465246155459,0,0.0,0,0.0
2022-10-19,1.050455206103609,1,3.2353458909708714,0,0.0,0,0.0
2022-10-20,0.4534707073646715,1,1.3966771664361368,0,0.0,0,0.0
2022-10-21,0.2812841598229618,0,0.8663551556982968,0,0.0,0,0.0
2022-10-24,0.0560563058766914,0,0.1726697889595204,0,0.0,0,0.0
2022-10-25,-1.008470019901861,1,-3.105993670121072,0,0.0,0,0.0
2022-10-26,0.0876414310900632,0,0.2699496714573344,0,0.0,0,0.0
2022-10-27,0.0245913769545187,0,0.0757601022739925,0,0.0,0,0.0
2022-10-28,0.0132690934560375,0,0.0408882947095605,0,0.0,0,0.0
2022-10-31,-0.046290347981985,0,-0.1425504418978017,0,0.0,0,0.0
2022-11-01,0.0285542687118973,0,0.0879655199161594,0,0.0,0,0.0
2022-11-02,0.371522350197385,0,1.1442822019625576,-1,0.2456371421206081,0,-1.0
2022-11-03,-0.0286467489171781,0,-0.0882094433338221,0,0.0,0,0.0
2022-11-04,0.0653205950130206,0,0.2012031239556514,0,0.0,0,0.0
2022-11-07,0.4270155903306424,1,1.3151973350550428,0,0.0,0,0.0
2022-11-08,-0.0811130053973959,0,-0.249801687499914,0,0.0,0,0.0
2022-11-09,0.0737581825743458,0,0.2271902783831169,0,0.0,0,0.0
2022-11-10,-1.3532102986845818,1,-4.167768590615889,0,0.0,0,0.0
2022-11-11,-0.0488908715421438,0,-0.1505598648352151,0,0.0,0,0.0
2022-11-14,0.6919657073504069,1,2.1312243755479203,0,0.0,0,0.0
2022-11-15,-0.1816331793257646,0,-0.5593964933571879,0,0.0,0,0.0
2022-11-16,0.010739288627083,0,0.0330966803075094,0,0.0,0,0.0
2022-11-17,0.4746008135689629,1,1.461756352756714,0,0.0,0,0.0
2022-11-18,-0.3287664879873102,0,-1.0125563552041243,1,-0.0814415562852231,0,1.0
2022-11-21,-0.2924192594275356,0,-0.9006095416477502,0,0.0,0,0.0
2022-11-22,0.1016009499998754,0,0.3129439717837941,0,0.0,0,0.0
2022-11-23,-0.0365632518182763,0,-0.1125916950048209,0,0.0,0,0.0
2022-11-25,-0.2553065177071008,0,-0.7863050033770848,0,0.0,0,0.0
2022-11-28,0.3649984961273467,0,1.1241892071405033,-1,0.1750260557283854,0,-1.0
2022-11-29,-0.401584207449971,0,-1.236829621345475,1,0.066883154117717,1,1.0
2022-11-30,0.051169197753847,0,0.1576178523047579,0,0.0,0,0.0
2022-12-01,0.0296687559967716,0,0.091398059486146,0,0.0,0,0.0
2022-12-02,0.1805113712263431,0,0.5559823150832507,0,0.0,0,0.0
2022-12-05,0.4095608137141752,1,1.2614378958631836,0,0.0,0,0.0
2022-12-06,-0.0025213253597839,0,-0.0077450438198076,0,0.0,0,0.0
2022-12-07,-0.0768092196591113,0,-0.2365463412542436,0,0.0,0,0.0
2022-12-08,0.0156805792160201,0,0.0483154950069,0,0.0,0,0.0
2022-12-09,-0.1822719175962338,0,-0.5613637606540037,0,0.0,0,0.0
2022-12-12,-0.0519474296939246,0,-0.159973841061185,0,0.0,0,0.0
2022-12-13,-0.388062372587153,0,-1.1951833559682243,1,-0.032758591939033,0,1.0
2022-12-14,0.1627416483644989,0,0.5012528644212318,0,0.0,0,0.0
2022-12-15,-0.2723656184831042,0,-0.8388457898326477,0,0.0,0,0.0
2022-12-16,0.7709684800038424,1,2.374547154508253,0,0.0,0,0.0
2022-12-19,0.1424442101872548,0,0.4387382349065444,0,0.0,0,0.0
2022-12-20,0.1952898322795506,0,0.6014988974948318,0,0.0,0,0.0
2022-12-21,-0.1546870772073941,0,-0.4764044637185204,0,0.0,0,0.0
2022-12-22,-0.403991095748168,0,-1.2442426617957578,1,0.0992001661866954,1,1.0
2022-12-23,-0.2289639164029783,0,-0.7051717122395561,0,0.0,0,0.0
2022-12-27,-0.1678968133454462,0,-0.5170894877814549,0,0.0,0,0.0
2022-12-28,0.2071048436106524,0,0.6378882708544578,0,0.0,0,0.0
2022-12-29,-0.2472266645870852,0,-0.7614196449431739,0,0.0,0,0.0
2022-12-30,0.2714983889023066,0,0.8362156948324319,0,0.0,0,0.0
2023-01-03,-0.2462567929709122,0,-0.758432511087541,0,0.0,0,0.0
2023-01-04,-0.46045786806957,1,-1.418156203038623,0,0.0,0,1.0
2023-01-05,0.6118972791767437,1,1.884619455291943,0,0.0,0,0.0
2023-01-06,-0.1992427097713451,0,-0.613632563058204,0,0.0,0,0.0
2023-01-09,0.0285447833266874,0,0.0879363056213788,0,0.0,0,0.0
2023-01-10,-0.0464415920217183,0,-0.143016262511599,0,0.0,0,0.0
2023-01-11,-0.7606370130522686,1,-2.342686080787804,0,0.0,0,0.0
2023-01-12,-0.0769575046959211,0,-0.2370030483548041,0,0.0,0,0.0
2023-01-13,0.267035624176937,0,0.8224707048991466,0,0.0,0,0.0
2023-01-17,-0.1209597715179808,0,-0.3725268215604027,0,0.0,0,0.0
2023-01-18,0.3452505610072555,0,1.0633670069725705,-1,-0.0167295224617767,-1,-1.0
2023-01-19,0.043173462133022,0,0.1329915696345805,0,0.0,0,0.0
2023-01-20,-0.0844440100888697,0,-0.2600609390557397,0,0.0,0,0.0
2023-01-23,0.2399172371069762,0,0.7389480501724471,0,0.0,0,0.0
2023-01-24,-0.017667938195004,0,-0.0543955068746854,0,0.0,0,0.0
2023-01-25,-0.0213282661927099,0,-0.0656690501997421,0,0.0,0,0.0
2023-01-26,0.0406067976540074,0,0.1250864301981171,0,0.0,0,0.0
2023-01-27,-0.5619147663185126,1,-1.7306360514981562,0,0.0,0,0.0
2023-01-30,0.1157688616507096,0,0.3565801065567874,0,0.0,0,0.0
2023-01-31,-0.4548299493765474,1,-1.4008226238469628,0,0.0,0,1.0
2023-02-01,0.02691256786564,0,0.0829092010210594,0,0.0,0,0.0
2023-02-02,-0.7610694461104165,1,-2.344017943074263,0,0.0,0,0.0
2023-02-03,0.6130458601223232,1,1.888157000850822,0,0.0,0,0.0
2023-02-06,0.1153912264317952,0,0.3554170176193568,0,0.0,0,0.0
2023-02-07,0.4614053613572748,1,1.4211153221454096,0,0.0,0,0.0
2023-02-08,0.0592525845053955,0,0.1825140940661206,0,0.0,0,0.0
2023-02-09,0.5052163511308633,1,1.5560499759894697,0,0.0,0,0.0
2023-02-10,-0.3235760137524964,0,-0.9965700730456843,0,0.0,0,0.0
2023-02-13,-0.1173022255392305,0,-0.3612618466508667,0,0.0,0,0.0
2023-02-14,0.3441296355605702,0,1.059914638333671,-1,-0.3529500765389656,-1,-1.0
2023-02-15,-0.0558064495526011,0,-0.1718593408295967,0,0.0,0,0.0
2023-02-16,-0.0678568523417731,0,-0.2089737027155422,0,0.0,0,0.0
2023-02-17,-0.0445221548824364,0,-0.1371045360862678,0,0.0,0,0.0
2023-02-21,0.4052991020495178,1,1.2483121346962809,0,0.0,0,0.0
2023-02-22,0.107681514495169,0,0.331671667039918,0,0.0,0,0.0
2023-02-23,-0.0509015217399898,0,-0.1567525208297479,0,0.0,0,0.0
2023-02-24,0.0902139730671909,0,0.277872913159404,0,0.0,0,0.0
2023-02-27,0.1868579755534207,0,0.5755293936218803,0,0.0,0,0.0
2023-02-28,0.14899347163284,0,0.4589094825925996,0,0.0,0,0.0
2023-03-01,0.6601888438141295,1,2.0333539529969458,0,0.0,0,0.0
2023-03-02,-0.2207684313164863,0,-0.6799302157806786,0,0.0,0,0.0
2023-03-03,-0.3129470221525781,0,-0.9638335539745944,0,0.0,0,0.0
2023-03-06,0.0748871395476509,0,0.2306673835383536,0,0.0,0,0.0
2023-03-07,0.5953855445845524,1,1.833764516769064,0,0.0,0,0.0
2023-03-08,-0.2186217955345798,0,-0.6733187341031874,0,0.0,0,0.0
2023-03-09,0.325773671923526,0,1.0033796088321945,-1,-0.0140416408943246,-1,-1.0
2023-03-10,0.8273559489941676,1,2.548216447274131,0,0.0,0,0.0
2023-03-13,-0.3516457793153421,0,-1.0830229041567918,1,-0.0695313369404447,0,1.0
2023-03-14,0.0789004120528397,0,0.2430279702100564,0,0.0,0,0.0
2023-03-15,-0.5188737059832302,1,-1.598072724181506,0,0.0,0,0.0
2023-03-16,0.5887570965191516,1,1.8133493800681948,0,0.0,0,0.0
2023-03-17,0.4641936300492409,1,1.4297029863985804,0,0.0,0,0.0
2023-03-20,0.0199693470564606,0,0.0615245872223023,0,0.0,0,0.0
2023-03-21,0.2787328823285355,0,0.8584974070523602,0,0.0,0,0.0
2023-03-22,0.7866619612081706,1,2.4228819322628268,0,0.0,0,0.0
2023-03-23,0.5317478960449876,1,1.6377651996682032,0,0.0,0,0.0
2023-03-24,-0.8938727194572865,1,-2.753042341085489,0,0.0,0,0.0
2023-03-27,-0.0509101931890411,0,-0.1567792282605116,0,0.0,0,0.0
2023-03-28,-0.0686944999732359,0,-0.2115535963399238,0,0.0,0,0.0
2023-03-29,-0.2542661490408029,0,-0.7831007437476495,0,0.0,0,0.0
2023-03-30,-0.1141137218004433,0,-0.3514414876382725,0,0.0,0,0.0
2023-03-31,-0.3927720229766293,0,-1.2096887357442738,1,0.0525701473867643,1,1.0
2023-04-03,0.3586081112678964,0,1.1045072877546036,-1,0.0660930676546642,0,-1.0
2023-04-04,-0.2415359287605382,0,-0.7438925935608282,0,0.0,0,0.0
2023-04-05,-0.2719406831070101,0,-0.8375370198601891,0,0.0,0,0.0
2023-04-06,-0.2970749327169517,0,-0.9149486758915768,0,0.0,0,0.0
2023-04-10,0.0768819061437681,0,0.23681111919778,0,0.0,0,0.0
2023-04-11,-0.2911777264421694,0,-0.8967857105843087,0,0.0,0,0.0
2023-04-12,0.1610442636561846,0,0.4960250432914141,0,0.0,0,0.0
2023-04-13,0.2390424520376455,0,0.7362537759474614,0,0.0,0,0.0
2023-04-14,0.3739396212919185,0,1.1517272206684523,-1,0.0488378776443657,0,-1.0
2023-04-17,-0.6330199988483594,1,-1.9496349827594712,0,0.0,0,0.0
2023-04-18,0.1297341349590764,0,0.3995921300111895,0,0.0,0,0.0
2023-04-19,-0.5109721531383912,1,-1.5737365175936406,0,0.0,0,0.0
2023-04-20,0.3618818288229525,0,1.11459009910759,-1,0.0437072261711411,0,-1.0
2023-04-21,-0.1450487645531871,0,-0.4467191635607898,0,0.0,0,0.0
2023-04-24,-0.0324879816899455,0,-0.1000401601746522,0,0.0,0,0.0
2023-04-25,0.0038584676703659,0,0.0119042535041937,0,0.0,0,0.0
2023-04-26,0.1963859768644299,0,0.6048749428863673,0,0.0,0,0.0
2023-04-27,-0.548979952910833,1,-1.6907977693976468,0,0.0,0,0.0
2023-04-28,-0.1097307775921992,0,-0.3379423390772925,0,0.0,0,0.0
2023-05-01,0.363592384272977,0,1.1198584851614766,-1,0.0348777279006276,0,-1.0
2023-05-02,0.436113004630586,1,1.3432167077234716,0,0.0,0,0.0
2023-05-03,-0.154329829129503,0,-0.4753041656888295,0,0.0,0,0.0
2023-05-04,-0.209641171940931,0,-0.6456590682938718,0,0.0,0,0.0
2023-05-05,-0.1805056757656482,0,-0.555923864608591,0,0.0,0,0.0
2023-05-08,0.3457522015465037,0,1.064912023254271,-1,0.0623435294033752,0,-1.0
2023-05-09,0.0236808588141189,0,0.0729557727957377,0,0.0,0,0.0
2023-05-10,-0.0394739886447347,0,-0.12155655218196,0,0.0,0,0.0
2023-05-11,0.1901951620897629,0,0.585807684809126,0,0.0,0,0.0
2023-05-12,0.0105797267194207,0,0.0326052412670225,0,0.0,0,0.0
2023-05-15,0.315167756517743,0,0.9707141627563456,0,0.0,0,0.0
2023-05-16,0.7063623359417767,1,2.175564941819926,0,0.0,0,0.0
2023-05-17,-0.0876227057664132,0,-0.2698510899548989,0,0.0,0,0.0
2023-05-18,0.5056894134959347,1,1.5575069735786005,0,0.0,0,0.0
2023-05-19,0.1642639916968364,0,0.5059415708769031,0,0.0,0,0.0
2023-05-22,-0.2445267179367727,0,-0.7531040061379314,0,0.0,0,0.0
2023-05-23,-0.2138133474717483,0,-0.6585090646974425,0,0.0,0,0.0
2023-05-24,0.3325051847634253,0,1.0241121775231268,-1,0.0269899245000853,0,-1.0
2023-05-25,0.741577407844531,1,2.284024795428539,0,0.0,0,0.0
2023-05-26,0.2915187009354213,0,0.8978767960309937,0,0.0,0,0.0
2023-05-30,-0.0742417709999814,0,-0.2286387866002071,0,0.0,0,0.0
2023-05-31,-0.2507230809204229,0,-0.7721883522942702,0,0.0,0,0.0
2023-06-01,0.2243308189596669,0,0.6909430188265488,0,0.0,0,0.0
2023-06-02,-0.5804635220526297,1,-1.7877648666003885,0,0.0,0,0.0
2023-06-05,-0.0078605068128968,0,-0.0241893333670099,0,0.0,0,0.0
2023-06-06,-0.3888791409436632,0,-1.1976989429482503,1,0.0599747898792659,1,1.0
2023-06-07,-0.7850245876075355,1,-2.417798032097677,0,0.0,0,0.0
2023-06-08,0.2874030498695729,0,0.8852008908578131,0,0.0,0,0.0
2023-06-09,0.2199886356767865,0,0.6775694109434383,0,0.0,0,0.0
2023-06-12,0.3742382261722232,0,1.1526469019257872,-1,-0.4532872753675354,-1,-1.0
2023-06-13,0.0371787245136917,0,0.1145282148980037,0,0.0,0,0.0
2023-06-14,0.0252854401352095,0,0.0778977662600473,0,0.0,0,0.0
2023-06-15,-0.1367922174174417,0,-0.4212896004428022,0,0.0,0,0.0
2023-06-16,-0.0170504389914916,0,-0.0524936543553623,0,0.0,0,0.0
2023-06-20,0.2587861570322415,0,0.7970629476373264,0,0.0,0,0.0
2023-06-21,-0.1521360450768744,0,-0.4685474707755245,0,0.0,0,0.0
2023-06-22,0.6438524030081405,1,1.983038906553302,0,0.0,0,0.0
2023-06-23,0.1656253440470774,0,0.5101344368470371,0,0.0,0,0.0
2023-06-26,-0.7763309421418085,1,-2.3910222379961694,0,0.0,0,0.0
2023-06-27,0.041182439209594,0,0.1268593642140513,0,0.0,0,0.0
2023-06-28,0.1252530872721967,0,0.3857908298896306,0,0.0,0,0.0
2023-06-29,-0.150605363483427,0,-0.4638330830836534,0,0.0,0,0.0
2023-06-30,0.0680537717262418,0,0.2096211089315462,0,0.0,0,0.0
2023-07-03,-0.3587147986761118,0,-1.1047949683213285,1,0.2315514114056779,1,1.0
2023-07-05,-0.3564064306336673,0,-1.0976853630747534,1,0.0732761289986116,1,1.0
2023-07-06,0.0714619120278969,0,0.22011793254207,0,0.0,0,0.0
2023-07-07,0.0572974161708845,0,0.176492318164971,0,0.0,0,0.0
2023-07-10,0.2334872411138188,0,0.7191441313831385,0,0.0,0,0.0
2023-07-11,-0.5046295818658775,1,-1.5542018605689811,0,0.0,0,0.0
2023-07-12,-0.3133422781897792,0,-0.9650509137474536,0,0.0,0,0.0
2023-07-13,-0.0862843869007636,0,-0.2657291654377251,0,0.0,0,0.0
2023-07-14,0.0503835134351279,0,0.1551980018945079,0,0.0,0,0.0
2023-07-17,0.7275946396785362,1,2.2409588890883523,0,0.0,0,0.0
2023-07-18,0.1499945287835141,0,0.4619926656204746,0,0.0,0,0.0
2023-07-19,-0.690269165181588,1,-2.125958240507284,0,0.0,0,0.0
2023-07-20,-0.1516810099854124,0,-0.4671459958745776,0,0.0,0,0.0
2023-07-21,-0.1156647924453669,0,-0.3562186721219385,0,0.0,0,0.0
2023-07-24,-0.1854762642647396,0,-0.571232914734879,0,0.0,0,0.0
2023-07-25,0.3194789870458095,0,0.9839924384116768,0,0.0,0,0.0
2023-07-26,-0.3785799265355082,0,-1.1659781135807303,1,-0.0657960065482374,0,1.0
2023-07-27,0.8232561875470585,1,2.53558948096801,0,0.0,0,0.0
2023-07-28,0.0846745796547195,0,0.2608119853766562,0,0.0,0,0.0
2023-07-31,-0.0445757921429516,0,-0.1372697349374729,0,0.0,0,0.0
2023-08-01,0.3011187510077037,0,0.92744425022647,0,0.0,0,0.0
2023-08-02,-0.1920968773077008,0,-0.5916239201379573,0,0.0,0,0.0
2023-08-03,0.3102955452903591,0,0.9557081074533332,0,0.0,0,0.0
2023-08-04,0.0304781589542933,0,0.0938909615743658,0,0.0,0,0.0
2023-08-07,0.0320522611733354,0,0.0987390816268751,0,0.0,0,0.0
2023-08-08,-0.0256251141816346,0,-0.0789030286832784,0,0.0,0,0.0
2023-08-09,-0.1474868847251975,0,-0.4542283959050169,0,0.0,0,0.0
2023-08-10,0.1155128338760514,0,0.3557915596801588,0,0.0,0,0.0
2023-08-11,-0.2240443087977645,0,-0.6900196795489291,0,0.0,0,0.0
2023-08-14,0.6301901102279639,1,1.9409600410326533,0,0.0,0,0.0
2023-08-15,0.1679635671351567,0,0.5173359934571635,0,0.0,0,0.0
2023-08-16,-0.0011011533597143,0,-0.0033710176172783,0,0.0,0,0.0
2023-08-17,-0.0203181403304731,0,-0.0625579362015365,0,0.0,0,0.0
2023-08-18,-0.0859540969714447,0,-0.2647118965398721,0,0.0,0,0.0
2023-08-21,0.5708587899263875,1,1.7582239008911542,0,0.0,0,0.0
2023-08-22,-0.019699962218815,0,-0.0606539926946301,0,0.0,0,0.0
2023-08-23,-0.1437947469497121,0,-0.4428568807839403,0,0.0,0,0.0
2023-08-24,-0.3049571230591346,0,-0.9392252473831576,0,0.0,0,0.0
2023-08-25,0.131423354051931,0,0.4047948016408207,0,0.0,0,0.0
2023-08-28,-0.0349350460199309,0,-0.1075769398732424,0,0.0,0,0.0
2023-08-29,-0.1486151409701817,0,-0.4577033428681216,0,0.0,0,0.0
2023-08-30,0.0837736162258743,0,0.2580370837132686,0,0.0,0,0.0
2023-08-31,0.2440209874314821,0,0.7515873019300846,0,0.0,0,0.0
2023-09-01,0.2647098018974411,0,0.815307341875201,0,0.0,0,0.0
2023-09-05,0.339962657693542,0,1.047080650355562,-1,-0.2283891296180168,-1,-1.0
2023-09-06,0.008074576621859,0,0.02488956163986,0,0.0,0,0.0
2023-09-07,-0.2676983795361579,0,-0.8244710342069855,0,0.0,0,0.0
2023-09-08,0.0523877033355933,0,0.1613707606441878,0,0.0,0,0.0
2023-09-11,0.0724325203237836,0,0.2231073353175031,0,0.0,0,0.0
2023-09-12,-0.2489297300665318,0,-0.7666649624338423,0,0.0,0,0.0
2023-09-13,0.1871595083278837,0,0.5764580925797235,0,0.0,0,0.0
2023-09-14,-0.4082320761930291,0,-1.25730457231739,1,-0.1307598983251576,0,1.0
2023-09-15,-0.1876540438839222,0,-0.5779403171601996,0,0.0,0,0.0
2023-09-18,0.439320115535865,1,1.3530943754520426,0,0.0,0,0.0
2023-09-19,0.0210265604103083,0,0.0647807272610911,0,0.0,0,0.0
2023-09-20,-0.1595791450917006,0,-0.4914716760769246,0,0.0,0,0.0
2023-09-21,0.6215047758801391,1,1.9142098445682456,0,0.0,0,0.0
2023-09-22,0.3524711544873707,0,1.0856059083720406,-1,-0.0669726711233625,-1,-1.0
2023-09-25,0.1205735126485807,0,0.3713780812793326,0,0.0,0,0.0
2023-09-26,0.4082614181352669,1,1.2574358522309217,0,0.0,0,0.0
2023-09-27,0.3648163779528554,0,1.1236282964429662,-1,0.2351192559444628,0,-1.0
2023-09-28,0.1384820669892022,0,0.4265351227725171,0,0.0,0,0.0
2023-09-29,-0.2618853419135015,0,-0.8065673022107616,0,0.0,0,0.0
2023-10-02,1.0226387918361513,1,3.1496733633754066,0,0.0,0,0.0
2023-10-03,0.0649039422722582,0,0.1999198638960522,0,0.0,0,0.0
2023-10-04,-0.0030317302044488,0,-0.0093170535231057,0,0.0,0,0.0
2023-10-05,-0.1264381164843975,0,-0.3893997245809005,0,0.0,0,0.0
2023-10-06,0.1274706915200006,0,0.392620889267128,0,0.0,0,0.0
2023-10-09,-0.3714626908716167,0,-1.144057546718469,1,0.0730455581426673,1,1.0
2023-10-10,-0.1694409357245059,0,-0.521845272112922,0,0.0,0,0.0
2023-10-11,-0.341284586601945,0,-1.0511111861285296,1,-0.228365446811472,0,1.0
2023-10-12,0.5920016608766164,1,1.8233424016984257,0,0.0,0,0.0
2023-10-13,-0.2962846671994235,0,-0.9125147157230518,0,0.0,0,0.0
2023-10-16,-0.1370498202346669,0,-0.4220829983356864,0,0.0,0,0.0
2023-10-17,-0.1016982356285718,0,-0.3132026955551695,0,0.0,0,0.0
2023-10-18,0.4202076051298015,1,1.2942292370687072,0,0.0,0,0.0
2023-10-19,0.3102781965097803,0,0.9556546744742082,0,0.0,0,0.0
2023-10-20,0.0580923299289265,0,0.1789405945753328,0,0.0,0,0.0
2023-10-23,0.1848400325891863,0,0.569314276438653,0,0.0,0,0.0
2023-10-24,-0.1805956998247801,0,-0.5562011321462426,0,0.0,0,0.0
2023-10-25,0.0884142086104764,0,0.2723297698699543,0,0.0,0,0.0
2023-10-26,-0.6646274680917515,1,-2.046983683240441,0,0.0,0,0.0
2023-10-27,0.7258616964461042,1,2.235621550297148,0,0.0,0,0.0
2023-10-30,0.0127848147716034,0,0.0393967516746763,0,0.0,0,0.0
2023-10-31,-0.244245105435966,0,-0.7522366601703809,0,0.0,0,0.0
2023-11-01,0.1116059626432159,0,0.3437586811686173,0,0.0,0,0.0
2023-11-02,-0.7647524952946665,1,-2.355361465997067,0,0.0,0,0.0
2023-11-03,-0.5968376823339434,1,-1.8381960862775613,0,0.0,0,0.0
2023-11-06,0.6272293669564466,1,1.9318411676511589,0,0.0,0,0.0
2023-11-07,0.2482430992229288,0,0.7645910983750858,0,0.0,0,0.0
2023-11-08,-0.0148868874741295,0,-0.0458300734461485,0,0.0,0,0.0
2023-11-09,0.5248967314626207,1,1.6166641123353698,0,0.0,0,0.0
2023-11-10,0.1962114229231737,0,0.6043373294756171,0,0.0,0,0.0
2023-11-13,0.3780147846224587,0,1.1642784265692134,-1,0.2736117838729404,0,-1.0
2023-11-14,-1.5568873661893092,1,-4.795079106578984,0,0.0,0,0.0
2023-11-15,-0.1811228631844811,0,-0.5578247568538359,0,0.0,0,0.0
2023-11-16,0.1499663630534701,0,0.4619059172257593,0,0.0,0,0.0
2023-11-17,0.0028779173559527,0,0.0088842300366622,0,0.0,0,0.0
2023-11-20,0.0226676866005794,0,0.0698352762576572,0,0.0,0,0.0
2023-11-21,0.0658786947662852,0,0.2029220304995662,0,0.0,0,0.0
2023-11-22,-0.091389909258114,0,-0.2814538020081935,0,0.0,0,0.0
2023-11-24,-0.0975912822114375,0,-0.3005535785058034,0,0.0,0,0.0
2023-11-27,-0.102234469912196,0,-0.3148542580470028,0,0.0,0,0.0
2023-11-28,-0.4012651659772933,0,-1.2358469968738497,1,-0.0815013923574873,0,1.0
2023-11-29,-0.20849085273386,0,-0.6421161690163515,0,0.0,0,0.0
2023-11-30,-0.0670384488687809,0,-0.2064530796959828,0,0.0,0,0.0
2023-12-01,-0.8672537716610108,1,-2.6710579229030698,0,0.0,0,0.0
2023-12-04,-0.3167410186238014,0,-0.975518786451098,0,0.0,0,0.0
2023-12-05,0.1258673872668345,0,0.3876828290789034,0,0.0,0,0.0
2023-12-06,-0.2768283263253755,0,-0.8525906045701377,0,0.0,0,0.0
2023-12-07,0.040059737418843,0,0.1234015245649588,0,0.0,0,0.0
2023-12-08,0.1148762553705344,0,0.3538309443019076,0,0.0,0,0.0
2023-12-11,0.4436283387341448,1,1.3663633887509226,0,0.0,0,0.0
2023-12-12,0.26873105133497,0,0.8276924969168408,0,0.0,0,0.0
2023-12-13,-1.3518526321205375,1,-4.1635870765984775,0,0.0,0,0.0
2023-12-14,-1.0149820668468814,1,-3.126050299859036,0,0.0,0,0.0
2023-12-15,0.5167373355249802,1,1.591533767823366,0,0.0,0,0.0
2023-12-18,0.2271907594425614,0,0.6997514269695353,0,0.0,0,0.0
2023-12-19,-0.1134915526802497,0,-0.3495252521160975,0,0.0,0,0.0
2023-12-20,0.1270817476187882,0,0.3914229704128388,0,0.0,0,0.0
2023-12-21,0.0665740656641306,0,0.2050637221590996,0,0.0,0,0.0
2023-12-22,-0.0542875863218328,0,-0.1671813528329926,0,0.0,0,0.0
2023-12-26,-0.1645225911546278,0,-0.5066971294790297,0,0.0,0,0.0
2023-12-27,-0.1179133695624632,0,-0.3631441256783425,0,0.0,0,0.0
2023-12-28,-0.2119902299434791,0,-0.65289399565049,0,0.0,0,0.0
2023-12-29,0.2679628667488065,0,0.8253265444067973,0,0.0,0,0.0
2024-01-02,-0.6485408560160002,1,-1.99743809106864,0,0.0,0,0.0
2024-01-03,0.5290691416398909,1,1.6295148314329055,0,0.0,0,0.0
2024-01-04,-0.0745864451548769,0,-0.229700357863951,0,0.0,0,0.0
2024-01-05,-0.1168883347391233,0,-0.3599870931670874,0,0.0,0,0.0
2024-01-08,-0.0582579693005893,0,-0.1794098428907504,0,0.0,0,0.0
2024-01-09,0.2352637333980957,0,0.7246155980784665,0,0.0,0,0.0
2024-01-10,-0.0362720604356483,0,-0.1116948467797444,0,0.0,0,0.0
2024-01-11,0.5797403372139757,1,1.7855784189023596,0,0.0,0,0.0
2024-01-12,-0.1540024156724461,0,-0.4742957561157938,0,0.0,0,0.0
2024-01-16,0.3352190872892038,0,1.0324707994071547,-1,0.0839574149812884,0,-1.0
2024-01-17,0.4824040304220239,1,1.4857896916604767,0,0.0,0,0.0
2024-01-18,0.6454083010098174,1,1.987830958943762,0,0.0,0,0.0
2024-01-19,0.0853093548389037,0,0.2627670466566991,0,0.0,0,0.0
2024-01-22,-0.0658399489417902,0,-0.2027617873144053,0,0.0,0,0.0
2024-01-23,0.3175538569086014,0,0.9780631779678612,0,0.0,0,0.0
2024-01-24,0.5589124200900664,1,1.7214299529139987,0,0.0,0,0.0
2024-01-25,-0.4677743377482183,1,-1.4406903961383677,0,0.0,0,1.0
2024-01-26,-0.2870433998949151,0,-0.8840522862901975,0,0.0,0,0.0
2024-01-29,-0.0180675820025211,0,-0.0556263806601652,0,0.0,0,0.0
2024-01-30,0.1979851373190563,0,0.6098002404772519,0,0.0,0,0.0
2024-01-31,0.0578990316469179,0,0.1783452499618858,0,0.0,0,0.0
2024-02-01,-0.32218091158224,0,-0.99227326009091,0,0.0,0,0.0
2024-02-02,0.6274909945144999,1,1.932646961452313,0,0.0,0,0.0
2024-02-05,0.7755745155595813,1,2.3887334081518943,0,0.0,0,0.0
2024-02-06,-0.2988684112432529,0,-0.920472458973718,0,0.0,0,0.0
2024-02-07,0.2850635783398551,0,0.8779954891384752,0,0.0,0,0.0
2024-02-08,-0.0724209536533538,0,-0.2230308019449832,0,0.0,0,0.0
2024-02-09,0.2621991773713976,0,0.8075748014075053,0,0.0,0,0.0
2024-02-12,-0.408781722877285,0,-1.2589974440251483,1,0.1311623361320196,1,1.0
2024-02-13,0.5397795316859378,1,1.6625020517825686,0,0.0,0,0.0
2024-02-14,-0.115004489188252,0,-0.3541849862387536,0,0.0,0,0.0
2024-02-15,-0.6876752398376828,1,-2.117969139594796,0,0.0,0,0.0
2024-02-16,0.0620418306125493,0,0.1911047686867972,0,0.0,0,0.0
2024-02-20,-0.0023026446698247,0,-0.0070715232407355,0,0.0,0,0.0
2024-02-21,-0.3310147164891898,0,-1.019480735051081,1,-0.0943663890772057,0,1.0
2024-02-22,0.6534754370451015,1,2.012677149684018,0,0.0,0,0.0
2024-02-23,-0.1367195203597368,0,-0.4210656988060763,0,0.0,0,0.0
2024-02-26,0.6199482043731638,1,1.9094157178305784,0,0.0,0,0.0
2024-02-27,-0.3421089553278992,0,-1.0536501816922308,1,0.2856224002943193,1,1.0
2024-02-28,-0.2025403492071257,0,-0.6237890520594596,0,0.0,0,0.0
2024-02-29,-0.2027906915608465,0,-0.6245600882541769,0,0.0,0,0.0
2024-03-01,0.1646444742554969,0,0.5071134294131261,0,0.0,0,0.0
2024-03-04,-0.4465840122869509,1,-1.3754257388974385,0,0.0,0,1.0
2024-03-05,-0.1821391234442229,0,-0.5609547643490421,0,0.0,0,0.0
2024-03-06,-0.0138286160065416,0,-0.0425706744941965,0,0.0,0,0.0
2024-03-07,-0.0495811661824411,0,-0.1526859219916565,0,0.0,0,0.0
2024-03-08,-0.5859810591255752,1,-1.8047584784511408,0,0.0,0,0.0
2024-03-11,0.0534719403402422,0,0.1647101315569041,0,0.0,0,0.0
2024-03-12,0.4716214704271393,1,1.4525801931309623,0,0.0,0,0.0
2024-03-13,-0.204384696923958,0,-0.6294695085391003,0,0.0,0,0.0
2024-03-14,0.5130068763759754,1,1.5800442256662102,0,0.0,0,0.0
2024-03-15,-0.2319843410681345,0,-0.7144743999615443,0,0.0,0,0.0
2024-03-18,0.0830581862696883,0,0.2558336116167349,0,0.0,0,0.0
2024-03-19,-0.0904557219104578,0,-0.2785765730975266,0,0.0,0,0.0
2024-03-20,-0.0468028290081128,0,-0.1441288460886127,0,0.0,0,0.0
2024-03-21,-0.0769210709665063,0,-0.236890835124922,0,0.0,0,0.0
2024-03-22,0.366425504862805,0,1.128584289989501,-1,0.0638474315875714,0,-1.0
2024-03-25,0.0018321442510116,0,0.0056633251302927,0,0.0,0,0.0
2024-03-26,0.2627131169049125,0,0.8091576976947153,0,0.0,0,0.0
2024-03-27,-0.805013025687491,1,-2.479360963844729,0,0.0,0,0.0
2024-03-28,-0.354025662342937,0,-1.0903527703428204,1,-0.0518462448476674,0,1.0
2024-04-01,0.5432325384241653,1,1.6731370607461145,0,0.0,0,0.0
2024-04-02,0.0707247994454,0,0.2178476795375763,0,0.0,0,0.0
2024-04-03,0.0167051776039449,0,0.0514711833289007,0,0.0,0,0.0
2024-04-04,-0.1928170991902333,0,-0.5938421510182152,0,0.0,0,0.0
2024-04-05,0.1580866727854895,0,0.4869158790745813,0,0.0,0,0.0
2024-04-08,-0.4950464215459841,1,-1.524686425579277,0,0.0,0,0.0
2024-04-09,-0.480747980932114,1,-1.4806482711181896,0,0.0,0,1.0
2024-04-10,0.9869998759201308,1,3.039908101112265,0,0.0,0,0.0
2024-04-11,0.0137471722707453,0,0.0423607425977765,0,0.0,0,0.0
2024-04-12,-0.0296830749791925,0,-0.0914012520368474,0,0.0,0,0.0
2024-04-15,0.2614079465419299,0,0.8051378681485964,0,0.0,0,0.0
2024-04-16,0.6815200528864341,1,2.099052521486761,0,0.0,0,0.0
2024-04-17,-0.4628906133628009,1,-1.425648881148141,0,0.0,0,1.0
2024-04-18,-0.2764000102247294,0,-0.8512714222125787,0,0.0,0,0.0
2024-04-19,-0.6268740289635969,1,-1.9307058436730864,0,0.0,0,0.0
2024-04-22,-0.1673891154425977,0,-0.5155258152615634,0,0.0,0,0.0
2024-04-23,-0.080455373366525,0,-0.2477762287987773,0,0.0,0,0.0
2024-04-24,-0.1381711669597025,0,-0.4255366644811856,0,0.0,0,0.0
2024-04-25,0.2342643912735258,0,0.7215376972059342,0,0.0,0,0.0
2024-04-26,0.2012845247078183,0,0.6199621130462313,0,0.0,0,0.0
2024-04-29,-0.3109636285899392,0,-0.9577248464289696,0,0.0,0,0.0
2024-04-30,0.1249086643714558,0,0.3847300324703619,0,0.0,0,0.0
2024-05-01,-0.4075174914459042,0,-1.2551037034031327,1,-0.1250189011333166,0,1.0
2024-05-02,-0.2444511070168823,0,-0.7528711300181503,0,0.0,0,0.0
2024-05-03,-0.0434718190414287,0,-0.1338695782855237,0,0.0,0,0.0
2024-05-06,0.1014526061240606,0,0.3124870834633886,0,0.0,0,0.0
2024-05-07,-0.1865479284613388,0,-0.5745335623156,0,0.0,0,0.0
2024-05-08,0.1928615745638616,0,0.5940200407969128,0,0.0,0,0.0
2024-05-09,-0.5514487896305555,1,-1.6984016064690042,0,0.0,0,0.0
2024-05-10,0.1182958831515515,0,0.3643631485112094,0,0.0,0,0.0
2024-05-13,-0.04924590715532,0,-0.151653348634915,0,0.0,0,0.0
2024-05-14,-0.1462489409871389,0,-0.4504156194615579,0,0.0,0,0.0
2024-05-15,-0.2001397710590312,0,-0.6163954464113619,0,0.0,0,0.0
2024-05-16,0.1662793885422231,0,0.5121488461997402,0,0.0,0,0.0
2024-05-17,0.0285054881860721,0,0.0878152794536505,0,0.0,0,0.0
2024-05-20,0.3770268581792227,0,1.1612356851627683,-1,-0.0065439092703851,-1,-1.0
2024-05-21,-0.0934139721264844,0,-0.2876877680499015,0,0.0,0,0.0
2024-05-22,0.5576992963778712,1,1.7176936203403448,0,0.0,0,0.0
2024-05-23,0.4596379287030857,1,1.4156717584501315,0,0.0,0,0.0
2024-05-24,0.0041981061902238,0,0.0129503153792159,0,0.0,0,0.0
2024-05-28,0.1824437540314964,0,0.5619339132154795,0,0.0,0,0.0
2024-05-29,0.1170569902017808,0,0.360547448564893,0,0.0,0,0.0
2024-05-30,-0.7844344024461194,1,-2.4159803048362947,0,0.0,0,0.0
2024-05-31,-0.5342526816418378,1,-1.6454388477887258,0,0.0,0,0.0
2024-06-03,0.1110032360373263,0,0.341902327172768,0,0.0,0,0.0
2024-06-04,-0.1418462025004582,0,-0.4368555059663745,0,0.0,0,0.0
2024-06-05,0.3914785466995696,0,1.2057458320011023,-1,0.108048866677979,0,0.0
2024-06-06,-0.0022844874140553,0,-0.0070156002169767,0,0.0,0,0.0
2024-06-07,0.3317681151921996,0,1.0218420569902125,-1,0.1423389640740728,0,-1.0
2024-06-10,-0.0055362831586283,0,-0.0170308939921944,0,0.0,0,0.0
2024-06-11,0.1554883408838373,0,0.4789132062855549,0,0.0,0,0.0
2024-06-12,-0.0856932486098541,0,-0.2639085026070045,0,0.0,0,0.0
2024-06-13,-0.0303612603873997,0,-0.093490013641446,0,0.0,0,0.0
2024-06-14,-0.0651076161860874,0,-0.2005062558278968,0,0.0,0,0.0
2024-06-17,0.4471473572539274,1,1.3772017091881374,0,0.0,0,0.0
2024-06-18,0.0003222853278112,0,0.0010130697444114,0,0.0,0,0.0
2024-06-20,-0.1411223227193289,0,-0.4346260090251691,0,0.0,0,0.0
2024-06-21,-0.0298120137709155,0,-0.0917983741132518,0,0.0,0,0.0
2024-06-24,-0.5568629272908986,1,-1.7150767556687352,0,0.0,0,0.0
2024-06-25,0.6742531000054645,1,2.076670836513146,0,0.0,0,0.0
2024-06-26,-0.083101639559865,0,-0.255926535710876,0,0.0,0,0.0
2024-06-27,-0.1705445275770296,0,-0.525244254545754,0,0.0,0,0.0
2024-06-28,-0.1627300306475882,0,-0.501176173829273,0,0.0,0,0.0
2024-07-01,0.2620415013040104,0,0.8070891706175517,0,0.0,0,0.0
2024-07-02,0.0350462481181804,0,0.1079603430981198,0,0.0,0,0.0
2024-07-03,0.0474195749395371,0,0.1460692874558597,0,0.0,0,0.0
2024-07-05,0.006763209370514,0,0.0208506461294565,0,0.0,0,0.0
2024-07-08,0.0593597541523216,0,0.1828441687639373,0,0.0,0,0.0
2024-07-09,-0.1298824663267127,0,-0.4000080709362897,0,0.0,0,0.0
2024-07-10,-0.0461625839461949,0,-0.1421569379840089,0,0.0,0,0.0
2024-07-11,-1.2600631285350414,1,-3.880882098764498,0,0.0,0,0.0
2024-07-12,-0.0860259626916037,0,-0.2649332377175772,0,0.0,0,0.0
2024-07-15,0.1547419425061772,0,0.4766143537090709,0,0.0,0,0.0
2024-07-16,-0.4467789025105755,1,-1.3760259865749798,0,0.0,0,1.0
2024-07-17,-0.8211941150315276,1,-2.5291975391136505,0,0.0,0,0.0
2024-07-18,0.0258913260715827,0,0.0797638507634108,0,0.0,0,0.0
2024-07-19,-0.2920905302766694,0,-0.8995970798337211,0,0.0,0,0.0
2024-07-22,0.0732999705863862,0,0.225779018872614,0,0.0,0,0.0
2024-07-23,-0.0755200909459793,0,-0.2325759188199219,0,0.0,0,0.0
2024-07-24,-0.3582121047026958,0,-1.1032467075392065,1,0.0113084257084476,1,1.0
2024-07-25,-0.0839343238969984,0,-0.2584911427506423,0,0.0,0,0.0
2024-07-26,-0.1786214128756842,0,-0.5501204723062838,0,0.0,0,0.0
2024-07-29,-0.1260701092457465,0,-0.3882662891206175,0,0.0,0,0.0
2024-07-30,-0.4355989564367143,1,-1.3415925678992584,0,0.0,0,1.0
2024-07-31,0.6340897311665095,1,1.952970589166468,0,0.0,0,0.0
2024-08-01,-1.168589518421605,1,-3.5991500497897904,0,0.0,0,0.0
2024-08-02,-0.6058740664036499,1,-1.86602749028713,0,0.0,0,0.0
2024-08-05,0.4077664686093463,1,1.2559114437823673,0,0.0,0,0.0
2024-08-06,-0.4076843115572375,0,-1.2556174971816645,1,-0.2116547197160792,0,1.0
2024-08-07,0.0129883506045802,0,0.0400236271985922,0,0.0,0,0.0
2024-08-08,0.4610267702937911,1,1.419949289276405,0,0.0,0,0.0
2024-08-09,-0.0899124557111233,0,-0.2769033528180669,0,0.0,0,0.0
2024-08-12,0.1370084481605527,0,0.4219964842352573,0,0.0,0,0.0
2024-08-13,0.1067000425357705,0,0.3286488049730371,0,0.0,0,0.0
2024-08-14,0.0002559881826072,0,0.0008088793715124,0,0.0,0,0.0
2024-08-15,0.5312271291838752,1,1.6361612757098354,0,0.0,0,0.0
2024-08-16,-0.1108136347720629,0,-0.3412774602302856,0,0.0,0,0.0
2024-08-19,0.0021401231041844,0,0.0066118775405196,0,0.0,0,0.0
2024-08-20,-0.018498589460628,0,-0.0569538522024522,0,0.0,0,0.0
2024-08-21,-0.001097458999811,0,-0.0033596392581655,0,0.0,0,0.0
2024-08-22,-0.4223963986899227,0,-1.3009296527579643,1,-0.53841983711072,0,1.0
2024-08-23,-0.3823737773317025,0,-1.177662897388767,1,-0.7617629071899505,0,1.0
2024-08-26,-0.2122662216452738,0,-0.653744029966947,0,0.0,0,0.0
2024-08-27,0.1880995558389208,0,0.5793533703662852,0,0.0,0,0.0
2024-08-28,-0.1429590066221493,0,-0.4402828615164917,0,0.0,0,0.0
2024-08-29,0.1474417705472399,0,0.4541303563976208,0,0.0,0,0.0
2024-08-30,0.0067444284309198,0,0.0207928022049958,0,0.0,0,0.0
2024-09-03,-0.819776952584918,1,-2.524832782116324,0,0.0,0,0.0
2024-09-04,0.06241279788196,0,0.1922473208259774,0,0.0,0,0.0
2024-09-05,-0.1575358708228054,0,-0.4851785403224787,0,0.0,0,0.0
2024-09-06,-0.2910574162951066,0,-0.8964151641042646,0,0.0,0,0.0
2024-09-09,-0.0612867740399677,0,-0.1887383406302754,0,0.0,0,0.0
2024-09-10,-0.2799074298609174,0,-0.8620740189341025,0,0.0,0,0.0
2024-09-11,0.3163358148612196,0,0.9743116972804732,0,0.0,0,0.0
2024-09-12,-0.1196498318736065,0,-0.3684923029753689,0,0.0,0,0.0
2024-09-13,-0.1819118134532916,0,-0.5602546661522173,0,0.0,0,0.0
2024-09-16,-0.258711278957389,0,-0.7967914197557959,0,0.0,0,0.0
2024-09-17,0.2210964194044367,0,0.6809813040459922,0,0.0,0,0.0
2024-09-18,-0.1317321292583236,0,-0.4057048978898677,0,0.0,0,0.0
2024-09-19,0.4917430992871684,1,1.5145533427684872,0,0.0,0,0.0
2024-09-20,-0.0238034689454567,0,-0.0732924941886084,0,0.0,0,0.0
2024-09-23,-0.2437419278688316,0,-0.7506869099548698,0,0.0,0,0.0
2024-09-24,0.1332487265248215,0,0.4104168157527786,0,0.0,0,0.0
2024-09-25,0.1642593449198201,0,0.5059272591425318,0,0.0,0,0.0
2024-09-26,0.6654834916058128,1,2.0496610821143,0,0.0,0,0.0
2024-09-27,-0.1994449582939825,0,-0.614255473760144,0,0.0,0,0.0
2024-09-30,-0.3075712830856311,0,-0.9472766696425318,0,0.0,0,0.0
2024-10-01,-0.1255656157277154,0,-0.3867124858723026,0,0.0,0,0.0
2024-10-02,0.2415517993195553,0,0.7439823825963614,0,0.0,0,0.0
2024-10-03,0.1820482180626903,0,0.5607156912736893,0,0.0,0,0.0
2024-10-04,0.4025364713221208,1,1.2398034335044854,0,0.0,0,0.0
2024-10-07,0.0776606073786822,0,0.2392094622191108,0,0.0,0,0.0
2024-10-08,0.1581125313850202,0,0.4869955216755497,0,0.0,0,0.0
2024-10-09,0.2568061224924901,0,0.7909645856372579,0,0.0,0,0.0
2024-10-10,0.1840938172417194,0,0.5670159875818177,0,0.0,0,0.0
2024-10-11,-0.1595787882648056,0,-0.4914705770761077,0,0.0,0,0.0
2024-10-14,-0.1261367629726082,0,-0.388471577739021,0,0.0,0,0.0
2024-10-15,-0.9178924604497708,1,-2.8270213918440894,0,0.0,0,0.0
2024-10-16,-0.3487977857921257,0,-1.074251291778452,1,-0.0432136759706981,0,1.0
2024-10-17,0.2615725427549544,0,0.8056448124825015,0,0.0,0,0.0
2024-10-18,-0.2609344204380851,0,-0.8036385334068312,0,0.0,0,0.0
2024-10-21,0.5224506470788017,1,1.6091303507995154,0,0.0,0,0.0
2024-10-22,-0.0742357237608494,0,-0.2286201615446398,0,0.0,0,0.0
2024-10-23,-0.5501528295840703,1,-1.694410144026089,0,0.0,0,0.0
2024-10-24,0.0064324296220004,0,0.0198318686242011,0,0.0,0,0.0
2024-10-25,0.486169703447367,1,1.4973876899889895,0,0.0,0,0.0
2024-10-28,-0.2118730644422087,0,-0.6525331344501818,0,0.0,0,0.0
2024-10-29,0.735186525577984,1,2.264341344065052,0,0.0,0,0.0
2024-10-30,-0.3443179080559418,0,-1.0604535950197245,1,-0.0487265488473772,0,1.0
2024-10-31,-0.24312679433852,0,-0.7487923435365025,0,0.0,0,0.0
2024-11-01,0.5716493892064913,1,1.7606588890240744,0,0.0,0,0.0
2024-11-04,-0.3446484619063097,0,-1.0614716767751633,1,-0.0190933717285488,0,1.0
2024-11-05,-0.3792806270505388,0,-1.1681362200725631,1,-0.0907665478397737,0,1.0
2024-11-06,1.2098966601229613,1,3.726413943020788,0,0.0,0,0.0
2024-11-07,0.0006116872179769,0,0.0019044064631923,0,0.0,0,0.0
2024-11-08,-0.4664876627616362,1,-1.4367275310028955,0,0.0,0,1.0
2024-11-11,-0.1533761814787014,0,-0.4723670004635029,0,0.0,0,0.0
2024-11-12,0.3033233609511229,0,0.934234288093996,0,0.0,0,0.0
2024-11-13,-0.3186770018829544,0,-0.981481473719104,0,0.0,0,0.0
2024-11-14,-0.0249110998816439,0,-0.0767039167045976,0,0.0,0,0.0
2024-11-15,-0.608330021515975,1,-1.873591652947019,0,0.0,0,0.0
2024-11-18,0.0046037712443272,0,0.0141997341651178,0,0.0,0,0.0
2024-11-19,-0.0695372426280327,0,-0.2141491822646496,0,0.0,0,0.0
2024-11-20,0.0910332527091845,0,0.2803962347155978,0,0.0,0,0.0
2024-11-21,-0.059869949013686,0,-0.1843746228629544,0,0.0,0,0.0
2024-11-22,-0.0734862462087435,0,-0.2263118253353932,0,0.0,0,0.0
2024-11-25,-0.3444177185529977,0,-1.0607610040725637,1,0.0284428639391735,1,1.0
2024-11-26,-0.1020214011783361,0,-0.3141980218834977,0,0.0,0,0.0
2024-11-27,-0.2571883501109551,0,-0.7921009099594029,0,0.0,0,0.0
2024-11-29,0.2994666647708928,0,0.9223559450857588,0,0.0,0,0.0
2024-12-02,0.6242540008461244,1,1.9226772569924293,0,0.0,0,0.0
2024-12-03,0.1259727666286163,0,0.3880073898290214,0,0.0,0,0.0
2024-12-04,0.3177646845854538,0,0.9787125118391992,0,0.0,0,0.0
2024-12-05,-0.2470139266503499,0,-0.7607644276106914,0,0.0,0,0.0
2024-12-06,0.1411691838065287,0,0.4348112466277031,0,0.0,0,0.0
2024-12-09,-0.210369451370339,0,-0.6479021158309571,0,0.0,0,0.0
2024-12-10,0.1038945311050136,0,0.3200080343417159,0,0.0,0,0.0
2024-12-11,0.3446400914870523,0,1.0614868053652418,-1,0.0806744284649758,0,-1.0
2024-12-12,-0.2056523521492913,0,-0.6333737941968298,0,0.0,0,0.0
2024-12-13,0.2319348175290487,0,0.7143627799434,0,0.0,0,0.0
2024-12-16,0.2852538670279486,0,0.8785815644221208,0,0.0,0,0.0
2024-12-17,-0.0019732487687398,0,-0.0060570078846516,0,0.0,0,0.0
2024-12-18,0.6767404560535799,1,2.08433171176554,0,0.0,0,0.0
2024-12-19,0.1602483430522955,0,0.4935736658692616,0,0.0,0,0.0
2024-12-20,-0.4053577093829471,0,-1.2484517321386208,1,0.1984244050767428,1,1.0
2024-12-23,0.161969027771093,0,0.4988732493323514,0,0.0,0,0.0
2024-12-24,-0.0220910745264075,0,-0.0680184442442222,0,0.0,0,0.0
2024-12-26,-0.0262566267951864,0,-0.080848041483677,0,0.0,0,0.0
2024-12-27,0.0545389729080403,0,0.1679965140586519,0,0.0,0,0.0
2024-12-30,-0.1348870344428874,0,-0.4154217758054309,0,0.0,0,0.0
2024-12-31,-0.2485476878223856,0,-0.7654883001800542,0,0.0,0,0.0
2025-01-02,0.1396634400899034,0,0.4301736657779962,0,0.0,0,0.0
2025-01-03,-0.0643171393263473,0,-0.1980716447407702,0,0.0,0,0.0
2025-01-06,0.7036390074241482,1,2.167177288568336,0,0.0,0,0.0
2025-01-07,0.1290209719096101,0,0.3973956398220516,0,0.0,0,0.0
2025-01-08,-0.1891857859144745,0,-0.5826579709210274,0,0.0,0,0.0
2025-01-10,0.3250744693606341,0,1.0012261159237197,-1,0.0,0,-1.0
2025-01-13,-0.349247242252493,0,-1.075635584902416,1,-0.0561972714886891,0,1.0
2025-01-14,-0.1189487927005286,0,-0.3663331534414451,0,0.0,0,0.0
2025-01-15,-0.0272308676328331,0,-0.0838486322228494,0,0.0,0,0.0
2025-01-16,-0.4887597871016388,1,-1.505324049906512,0,0.0,0,0.0
2025-01-17,0.2324757820377293,0,0.7160289111834832,0,0.0,0,0.0
2025-01-21,-0.1795425403451078,0,-0.5529574777443089,0,0.0,0,0.0
2025-01-22,0.8847707535666232,1,2.7250498587205687,0,0.0,0,0.0
2025-01-23,-0.0663257358088307,0,-0.2042579754417418,0,0.0,0,0.0
2025-01-24,-0.3738125948460754,0,-1.1512950796068842,1,0.0118563525544627,1,1.0
2025-01-27,-1.144589508065577,1,-3.525231767952734,0,0.0,0,0.0
2025-01-28,0.5151513131369376,1,1.5866489345195436,0,0.0,0,0.0
2025-01-29,0.4888451498793232,1,1.5056278699082295,0,0.0,0,0.0
2025-01-30,-0.0822605537706997,0,-0.2533360528114781,0,0.0,0,0.0
2025-01-31,-0.05357420256112,0,-0.1649841828693093,0,0.0,0,0.0
2025-02-03,0.0555990675318383,0,0.171261528198788,0,0.0,0,0.0
2025-02-04,0.1706274522125747,0,0.5255405652474694,0,0.0,0,0.0
2025-02-05,-0.2716761793374591,0,-0.8367223675373529,0,0.0,0,0.0
2025-02-06,-0.1901969608845437,0,-0.585772316094857,0,0.0,0,0.0
2025-02-07,0.0668300812978304,0,0.2058522316424617,0,0.0,0,0.0
2025-02-10,0.1544939216240799,0,0.4758504674776743,0,0.0,0,0.0
2025-02-11,-0.234235103291765,0,-0.7214065834867373,0,0.0,0,0.0
2025-02-12,0.2450236815630913,0,0.7546755267398721,0,0.0,0,0.0
2025-02-13,0.0456616855191743,0,0.1406551162248828,0,0.0,0,0.0
2025-02-14,0.0109759069025451,0,0.0338254473419372,0,0.0,0,0.0
2025-02-18,0.1457634875110915,0,0.4489613670251974,0,0.0,0,0.0
2025-02-19,0.1384860933497154,0,0.426547523669299,0,0.0,0,0.0
2025-02-20,-0.190632636379056,0,-0.5871141648488836,0,0.0,0,0.0
2025-02-21,-0.4018139350499918,0,-1.237537165602006,1,-0.1332051074455413,0,1.0
2025-02-24,-0.2593799952524604,0,-0.7988510171824157,0,0.0,0,0.0
2025-02-25,-0.3622382805665776,0,-1.1156470356147823,1,0.1283716100479621,1,1.0
2025-02-26,0.1960962153704268,0,0.6039824986139894,0,0.0,0,0.0
2025-02-27,-0.3546067907700457,0,-1.092142603522945,1,0.1453154262015235,1,1.0
2025-02-28,-0.0297867812356873,0,-0.091720659744683,0,0.0,0,0.0
2025-03-03,-0.443283482848134,1,-1.3652603488975676,0,0.0,0,1.0
2025-03-04,0.4277707841836531,1,1.3175232770542489,0,0.0,0,0.0
2025-03-05,0.1749340459827372,0,0.5388045600265642,0,0.0,0,0.0
2025-03-06,0.0682992879675512,0,0.210377281051952,0,0.0,0,0.0
2025-03-07,-0.1477812891695704,0,-0.4551351401259741,0,0.0,0,0.0
2025-03-10,-0.5137040106878518,1,-1.582150439641345,0,0.0,0,0.0
2025-03-11,0.3028753693927409,0,0.9328545067613272,0,0.0,0,0.0
2025-03-12,0.2570529849037298,0,0.7917249038628877,0,0.0,0,0.0
2025-03-13,0.2352947833127906,0,0.7247112295515944,0,0.0,0,0.0
2025-03-14,-0.1642442541712192,0,-0.5058398718662176,0,0.0,0,0.0
2025-03-17,-0.065651080507328,0,-0.2021800863083808,0,0.0,0,0.0
2025-03-18,-0.120957619668533,0,-0.3725201940210145,0,0.0,0,0.0
2025-03-19,0.1445850770758643,0,0.4453319488133434,0,0.0,0,0.0
2025-03-20,-0.1185370785608368,0,-0.3650651039130249,0,0.0,0,0.0
2025-03-21,0.0884237008778395,0,0.2723590053612648,0,0.0,0,0.0
2025-03-24,0.058456003339764,0,0.1800606821619693,0,0.0,0,0.0
2025-03-25,0.4186078824882097,1,1.2893022079829637,0,0.0,0,0.0
2025-03-26,-0.4536984756603668,1,-1.3973377673071885,0,0.0,0,1.0
2025-03-27,-0.1063000792772679,0,-0.3273760384307883,0,0.0,0,0.0
2025-03-28,-0.4566728038956084,1,-1.40649848138635,0,0.0,0,1.0
2025-03-31,-0.3411393579344465,0,-1.05066389242258,1,-0.0075876545918761,0,1.0
2025-04-01,0.0817766696280463,0,0.2518866338075365,0,0.0,0,0.0
2025-04-02,-0.1234923989673684,0,-0.3803271294275646,0,0.0,0,0.0
2025-04-03,-0.0855245209509316,0,-0.2633888337209949,0,0.0,0,0.0
2025-04-04,-0.0171800971050344,0,-0.0528929918905193,0,0.0,0,0.0
2025-04-07,0.8752558055988644,1,2.695744512801455,0,0.0,0,0.0
2025-04-08,0.4934048220223255,1,1.51967132762142,0,0.0,0,0.0
2025-04-09,0.531407589330386,1,1.636717079802095,0,0.0,0,0.0
2025-04-10,-0.1237642484214078,0,-0.3811644059229846,0,0.0,0,0.0
2025-04-11,-0.0462508976707378,0,-0.1424289378158423,0,0.0,0,0.0
2025-04-14,-0.6596547201459476,1,-2.031667982175743,0,0.0,0,0.0
2025-04-15,0.0264672212634942,0,0.0815375659607303,0,0.0,0,0.0
2025-04-16,-0.2172731107345121,0,-0.6691648832638808,0,0.0,0,0.0
2025-04-17,-0.6141385707611582,1,-1.8914815610679137,0,0.0,0,0.0
2025-04-21,0.1329993921888128,0,0.4096488841791109,0,0.0,0,0.0
2025-04-22,-0.3509185947246525,0,-1.0807832286431245,1,0.2989974316700728,1,1.0
2025-04-23,0.4057257767851861,1,1.2496262617693954,0,0.0,0,0.0
2025-04-24,0.5283671867412398,1,1.6273528615309898,0,0.0,0,0.0
2025-04-25,0.1992704280698036,0,0.6137588422672897,0,0.0,0,0.0
2025-04-28,-0.1681780511003934,0,-0.5179556795590844,0,0.0,0,0.0
2025-04-29,-0.0714753371177267,0,-0.2201183719687723,0,0.0,0,0.0
2025-04-30,0.0481111275060729,0,0.1481992189333891,0,0.0,0,0.0
2025-05-01,-0.0924031296715273,0,-0.2845744469983708,0,0.0,0,0.0
2025-05-02,-0.0085120925077248,0,-0.0261961697940282,0,0.0,0,0.0
2025-05-05,0.0941600299747298,0,0.2900264806916472,0,0.0,0,0.0
2025-05-06,0.0558432615183773,0,0.172013627870919,0,0.0,0,0.0
2025-05-07,0.0667632134154232,0,0.2056462834405944,0,0.0,0,0.0
2025-05-08,0.1592251442197484,0,0.4904222880757697,0,0.0,0,0.0
2025-05-09,-0.0930586316499933,0,-0.286593345293422,0,0.0,0,0.0
2025-05-12,0.6011745107633042,1,1.85159411047333,0,0.0,0,0.0
2025-05-13,0.4853173984018415,1,1.4947626525981008,0,0.0,0,0.0
2025-05-14,0.2420700238162144,0,0.7455784762575999,0,0.0,0,0.0
2025-05-15,-0.4807056588421391,1,-1.4805179221671565,0,0.0,0,1.0
2025-05-16,-0.3242084669698198,0,-0.9985179828371116,0,0.0,0,0.0
2025-05-19,0.0046874790500771,0,0.0144575481029284,0,0.0,0,0.0
2025-05-20,0.0757898005743366,0,0.2334475136793025,0,0.0,0,0.0
2025-05-21,0.6697678436296506,1,2.062856573936564,0,0.0,0,0.0
2025-05-22,0.083273247227791,0,0.2564959836856363,0,0.0,0,0.0
2025-05-23,-0.1738759618287927,0,-0.5355048291159478,0,0.0,0,0.0
2025-05-27,-0.0182473206096789,0,-0.0561799624638311,0,0.0,0,0.0
2025-05-28,0.0236628107304138,0,0.0729001860139765,0,0.0,0,0.0
2025-05-29,-0.2450494152448565,0,-0.7547138757322044,0,0.0,0,0.0
2025-05-30,-0.0794856119927792,0,-0.244789434481781,0,0.0,0,0.0
2025-06-02,0.161466964001046,0,0.4973269295306523,0,0.0,0,0.0
2025-06-03,0.2678199607660556,0,0.8248864044005023,0,0.0,0,0.0
2025-06-04,0.0913026996766191,0,0.2812261117274623,0,0.0,0,0.0
2025-06-05,0.0516063617489274,0,0.1589642855319939,0,0.0,0,0.0
2025-06-06,0.0898442617601427,0,0.2767342292927167,0,0.0,0,0.0
2025-06-09,0.0175644045432324,0,0.0541175396478386,0,0.0,0,0.0
2025-06-10,-0.2643904735003429,0,-0.8142829248262552,0,0.0,0,0.0
2025-06-11,0.0915208376152707,0,0.2818979606720837,0,0.0,0,0.0
2025-06-12,-0.0296384607574181,0,-0.091263843487012,0,0.0,0,0.0
2025-06-13,0.0804909468635366,0,0.2479267014466125,0,0.0,0,0.0
2025-06-16,0.2623402883240411,0,0.8080094128519614,0,0.0,0,0.0
2025-06-17,0.172469138314094,0,0.5312128241460286,0,0.0,0,0.0
2025-06-18,-0.1144960362992947,0,-0.3526189884166997,0,0.0,0,0.0
2025-06-20,-0.2231829285790942,0,-0.6873666912865076,0,0.0,0,0.0
2025-06-23,-0.3188409600637766,0,-0.9819864529603508,0,0.0,0,0.0
2025-06-24,0.2142044536960876,0,0.6597545522203154,0,0.0,0,0.0
2025-06-25,0.5738344812802793,1,1.7673888132763615,0,0.0,0,0.0
2025-06-26,0.0602201445875031,0,0.1854941085653876,0,0.0,0,0.0
2025-06-27,-0.0366479502725194,0,-0.1128525600677534,0,0.0,0,0.0
2025-06-30,-0.016981682230191,0,-0.0522818885442386,0,0.0,0,0.0
2025-07-01,-0.3582926429445535,0,-1.103494759451351,1,-0.0064956540734021,0,1.0
2025-07-02,-0.0688730862434963,0,-0.2121036290299729,0,0.0,0,0.0
2025-07-03,0.1277558347429254,0,0.3934991096013449,0,0.0,0,0.0
2025-07-07,0.0500503280353333,0,0.1541718151587251,0,0.0,0,0.0
2025-07-08,0.0866378567423925,0,0.2668587356462615,0,0.0,0,0.0
2025-07-09,-0.1204047810950929,0,-0.3708174915273182,0,0.0,0,0.0
2025-07-10,-0.2318746101487688,0,-0.7141364367313793,0,0.0,0,0.0
2025-07-11,0.0107146988006761,0,0.0330209454352445,0,0.0,0,0.0
2025-07-14,-0.0398928449406088,0,-0.1228465990306218,0,0.0,0,0.0
2025-07-15,0.4700538359159294,1,1.4477519931469565,0,0.0,0,0.0
2025-07-16,-0.2566113546010407,0,-0.7903238058628685,0,0.0,0,0.0
2025-07-17,-0.0634947865618035,0,-0.195538858191211,0,0.0,0,0.0
2025-07-18,-0.1730503998386137,0,-0.5329621583854457,0,0.0,0,0.0
2025-07-21,-0.0120040051233485,0,-0.0369510060229723,0,0.0,0,0.0
2025-07-22,-0.838064178111056,1,-2.581156103248532,0,0.0,0,0.0
2025-07-23,0.0017551335537613,0,0.0054261377983137,0,0.0,0,0.0
2025-07-24,-0.1628617254584404,0,-0.5015817842436288,0,0.0,0,0.0
2025-07-25,0.2101120578086596,0,0.6471502713009228,0,0.0,0,0.0
2025-07-28,0.5676600389568749,1,1.7483719811551446,0,0.0,0,0.0
2025-07-29,-0.4040403588549872,0,-1.2443943885725386,1,-0.1668914299325899,0,1.0
2025-07-30,0.5219220533300202,1,1.6075023205978565,0,0.0,0,0.0
2025-07-31,0.2168168372992582,0,0.6678005032253812,0,0.0,0,0.0
2025-08-01,-0.2843430503167227,0,-0.8757354064964656,0,0.0,0,0.0
2025-08-04,-0.0170716575087132,0,-0.0525590058411693,0,0.0,0,0.0
2025-08-05,-0.1839916023115324,0,-0.5666602641792364,0,0.0,0,0.0
2025-08-06,0.466633946026505,1,1.4372189816628729,0,0.0,0,0.0
2025-08-07,-0.3067494510475997,0,-0.94474548689266,0,0.0,0,0.0
2025-08-08,0.3724598533908714,0,1.1471696434365926,-1,0.0,0,-1.0
2025-08-11,0.2002567879156792,0,0.6167967586680999,0,0.0,0,0.0
2025-08-12,0.0811016852004906,0,0.249807730989932,0,0.0,0,0.0
2025-08-13,-0.3802195479972542,0,-1.1710280281231624,1,-0.0818591303848019,0,1.0
2025-08-14,0.2695428140894771,0,0.8301926670077013,0,0.0,0,0.0
2025-08-15,-0.25401420333123,0,-0.7823247693338231,0,0.0,0,0.0
2025-08-18,0.346505589193291,0,1.0672324022700157,-1,-0.0125033736822515,-1,-1.0
2025-08-19,-0.6045189358417294,1,-1.861853786971336,0,0.0,0,0.0
2025-08-20,0.0536234254907431,0,0.1651766947742838,0,0.0,0,0.0
2025-08-21,0.082784771479463,0,0.2549915140000055,0,0.0,0,0.0
2025-08-22,-0.4218332575999068,0,-1.2991952192644651,1,-0.0312339296649795,0,1.0
2025-08-25,0.2165545527699888,0,0.6669926860007872,0,0.0,0,0.0
2025-08-26,0.0830272167467063,0,0.2557382277442205,0,0.0,0,0.0
2025-08-27,-0.1177490254431222,0,-0.3626379577745998,0,0.0,0,0.0
2025-08-28,0.2698473983801482,0,0.8311307644129514,0,0.0,0,0.0
2025-08-29,-0.3976945885179494,0,-1.224849878662418,1,0.0362708545338655,1,1.0
2025-09-02,0.376392421277736,0,1.1592816657687666,-1,-0.1397603129941771,-1,-1.0
2025-09-03,0.0338766758024618,0,0.1043581456498845,0,0.0,0,0.0
2025-09-04,-0.0666698086411531,0,-0.2053176946758083,0,0.0,0,0.0
2025-09-05,-0.2871744464053622,0,-0.8844558999865791,0,0.0,0,0.0
2025-09-08,0.3012237746064198,0,0.927767715252288,0,0.0,0,0.0
2025-09-09,0.117337642401782,0,0.3614118368759866,0,0.0,0,0.0
2025-09-10,0.0746669249125575,0,0.2299891385201219,0,0.0,0,0.0
2025-09-11,-0.2866734627136926,0,-0.8829129067475241,0,0.0,0,0.0
2025-09-12,-0.0734039273423026,0,-0.2260582892293741,0,0.0,0,0.0
2025-09-15,0.1737625257135518,0,0.5351963630236944,0,0.0,0,0.0
2025-09-16,0.2593538712058698,0,0.7988114658948865,0,0.0,0,0.0
2025-09-17,0.0714213476652313,0,0.2199929972629772,0,0.0,0,0.0
2025-09-18,0.2414333606400053,0,0.7436176000997908,0,0.0,0,0.0
2025-09-19,0.1280366696681304,0,0.3943640606927422,0,0.0,0,0.0
2025-09-22,0.2459573102382682,0,0.7575510349800405,0,0.0,0,0.0
2025-09-23,-0.2809866929553571,0,-0.8653980705660675,0,0.0,0,0.0
2025-09-24,0.0945744713101194,0,0.2913029297839519,0,0.0,0,0.0
2025-09-25,0.0876252139450707,0,0.2698997238332974,0,0.0,0,0.0
2025-09-26,-0.1436349822896013,0,-0.4423648172806966,0,0.0,0,0.0
2025-09-29,-0.0340727692008476,0,-0.1049211901469282,0,0.0,0,0.0
2025-09-30,-0.0724509093598195,0,-0.2231230633365539,0,0.0,0,0.0
2025-10-01,0.2445877023673715,0,0.7533327426082724,0,0.0,0,0.0
2025-10-02,0.3022333524755551,0,0.9308771414717002,0,0.0,0,0.0
2025-10-03,-0.3174380553507694,0,-0.9776656087428583,0,0.0,0,0.0
2025-10-06,0.4595515562823856,1,1.415405737692576,0,0.0,0,0.0
2025-10-07,-0.1544421875999484,0,-0.475650221584721,0,0.0,0,0.0
2025-10-08,0.3737692011220501,0,1.1512023389721455,-1,-0.0167282970513895,-1,-1.0
2025-10-09,0.1029751548281621,0,0.3171764224491173,0,0.0,0,0.0
2025-10-10,-0.4129396035400745,0,-1.2718034132775629,1,0.228332849614961,1,1.0
2025-10-13,0.1302227745948319,0,0.4010971044581466,0,0.0,0,0.0
2025-10-14,-0.4988414653303756,1,-1.5363748837039697,0,0.0,0,0.0
2025-10-15,-0.1919788623296411,0,-0.5912604426110811,0,0.0,0,0.0
2025-10-16,0.0663600882410792,0,0.2044046872991457,0,0.0,0,0.0
2025-10-17,-0.0521131632721013,0,-0.1604842883968235,0,0.0,0,0.0
2025-10-20,-0.0868728496312972,0,-0.267541587737587,0,0.0,0,0.0
2025-10-21,0.0746668317520416,0,0.2299888515925263,0,0.0,0,0.0
2025-10-22,-0.2991935170459393,0,-0.9214737611395648,0,0.0,0,0.0
2025-10-23,0.356713087694634,0,1.098670753332397,-1,0.992760664077839,0,-1.0
2025-10-24,-0.0061708520256995,0,-0.0189853198305736,0,0.0,0,0.0
2025-10-27,0.2908869738203308,0,0.8959311225814971,0,0.0,0,0.0
2025-10-28,0.5679615220614023,1,1.7493005271332078,0,0.0,0,0.0
2025-10-29,0.9786087892577354,1,3.014064166062698,0,0.0,0,0.0
2025-10-30,-0.0142707776867875,0,-0.0439325002273156,0,0.0,0,0.0
2025-10-31,-0.0303254991134971,0,-0.0933798715255064,0,0.0,0,0.0
2025-11-03,0.1432717210856181,0,0.4412869081321411,0,0.0,0,0.0
2025-11-04,-0.3201219462446007,0,-0.9859317969889106,0,0.0,0,0.0
2025-11-05,0.2629083845358874,0,0.8097591077593752,0,0.0,0,0.0
2025-11-06,0.0373360324850302,0,0.1150127119789681,0,0.0,0,0.0
2025-11-07,-0.5447694533975774,1,-1.677829737922717,0,0.0,0,0.0
2025-11-10,0.3609743374139789,0,1.111795091741422,-1,0.2203215514878461,0,-1.0
2025-11-11,-0.4435179558397827,1,-1.3659825086142825,0,0.0,0,1.0
2025-11-12,0.3462668395476087,0,1.0664970707707266,-1,0.1362222073493732,0,-1.0
2025-11-13,-0.0119725395529892,0,-0.0368540943607071,0,0.0,0,0.0
2025-11-14,-0.1058091375988728,0,-0.325863973860364,0,0.0,0,0.0
2025-11-17,0.095722385891852,0,0.2948384229907729,0,0.0,0,0.0
2025-11-18,-0.2504146460378616,0,-0.77123839534678,0,0.0,0,0.0
2025-11-19,0.374056037393034,0,1.152085773770929,-1,-0.4326744791146702,-1,-1.0
2025-11-20,-0.521668498393234,1,-1.606680481010529,0,0.0,0,0.0
2025-11-21,-0.3839834100023449,0,-1.1826204486413563,1,0.6348739791277545,1,1.0
2025-11-24,0.3682005354959439,0,1.1340512549059063,-1,0.0108072720648638,0,-1.0
2025-11-25,-0.064629879053537,0,-0.1990348602958104,0,0.0,0,0.0
2025-11-26,-0.0585964646010287,0,-0.1804523837333261,0,0.0,0,0.0
2025-11-28,0.0912585229749459,0,0.2810900507076346,0,0.0,0,0.0
2025-12-01,0.2734081941613921,0,0.8420977557691062,0,0.0,0,0.0
2025-12-02,0.3557600552034834,0,1.095735482753939,-1,0.0,0,-1.0
2025-12-03,0.2405652047005791,0,0.7409437431115208,0,0.0,0,0.0
2025-12-04,0.076746862500799,0,0.2363951946246981,0,0.0,0,0.0
2025-12-05,0.215466518586083,0,0.6636416200528467,0,0.0,0,0.0
2025-12-08,0.3434661288006018,0,1.057871085895294,-1,0.0127243898088912,0,-1.0
2025-12-09,0.0395904050919203,0,0.1219560152213347,0,0.0,0,0.0
2025-12-10,-0.0360283475973842,0,-0.1109442290092155,0,0.0,0,0.0
2025-12-11,-0.0541537019626514,0,-0.1667689987694427,0,0.0,0,0.0
2025-12-12,-0.3752418393017263,0,-1.1556970483110482,1,0.0334815023585563,1,1.0
2025-12-15,-0.0816783303238113,0,-0.2515428470502802,0,0.0,0,0.0
2025-12-16,0.1516719949886976,0,0.4671591392130889,0,0.0,0,0.0
2025-12-17,-0.5545384145335884,1,-1.7079174258776324,0,0.0,0,0.0
2025-12-18,0.3592225902362187,0,1.106399838169774,-1,-0.0367053861239785,-1,-1.0
2025-12-19,0.6396646927520325,1,1.9701410643286144,0,0.0,0,0.0
2025-12-22,-0.0788879176412207,0,-0.2429485794623238,0,0.0,0,0.0
2025-12-23,0.0667817709994999,0,0.2057034394463479,0,0.0,0,0.0
2025-12-24,-0.1919592947550338,0,-0.5912001759081407,0,0.0,0,0.0
2025-12-26,-0.059060293787896,0,-0.1818809438068637,0,0.0,0,0.0
2025-12-29,-0.1063986957370666,0,-0.3276797699359432,0,0.0,0,0.0
2025-12-30,-0.1584504745813241,0,-0.4879954532066196,0,0.0,0,0.0
2025-12-31,0.0314512175624318,0,0.0968879111328599,0,0.0,0,0.0
